ISO-10303-21;
HEADER;
/* Generated by software containing ST-Developer
 * from STEP Tools, Inc. (www.steptools.com) 
 */
/* OPTION: using custom schema-name function */

FILE_DESCRIPTION(
/* description */ (''),
/* implementation_level */ '2;1');

FILE_NAME(
/* name */ '2203670007-cmpdm000_01.stp',
/* time_stamp */ '2022-03-16T15:06:53-05:00',
/* author */ (''),
/* organization */ (''),
/* preprocessor_version */ 'ST-DEVELOPER v16.7',
/* originating_system */ 'SIEMENS PLM Software NX 1919',
/* authorisation */ '');

FILE_SCHEMA (('AUTOMOTIVE_DESIGN { 1 0 10303 214 3 1 1 1 }'));
ENDSEC;

DATA;
#10=SHAPE_REPRESENTATION_RELATIONSHIP('None',
'relationship between 2203670007-cmpdm000_01-None and 2203670007-cmpdm
000_01-None',#22,#11);
#11=ADVANCED_BREP_SHAPE_REPRESENTATION('2203670007-cmpdm000_01-None',(#32),
#13350);
#12=SHAPE_DEFINITION_REPRESENTATION(#13,#22);
#13=PRODUCT_DEFINITION_SHAPE('','',#14);
#14=PRODUCT_DEFINITION(' ','',#16,#15);
#15=PRODUCT_DEFINITION_CONTEXT('part definition',#21,'design');
#16=PRODUCT_DEFINITION_FORMATION_WITH_SPECIFIED_SOURCE(' ',' ',#18,
 .NOT_KNOWN.);
#17=PRODUCT_RELATED_PRODUCT_CATEGORY('part','',(#18));
#18=PRODUCT('2203670007-cmpdm000_01','2203670007-cmpdm000_01',' ',(#19));
#19=PRODUCT_CONTEXT(' ',#21,'mechanical');
#20=APPLICATION_PROTOCOL_DEFINITION('international standard',
'automotive_design',2010,#21);
#21=APPLICATION_CONTEXT(
'core data for automotive mechanical design processes');
#22=SHAPE_REPRESENTATION('2203670007-cmpdm000_01-None',(#7513),#13350);
#23=PRESENTATION_LAYER_ASSIGNMENT('1','Layer 1',(#32));
#24=STYLED_ITEM('',(#25),#32);
#25=PRESENTATION_STYLE_ASSIGNMENT((#26));
#26=SURFACE_STYLE_USAGE(.BOTH.,#27);
#27=SURFACE_SIDE_STYLE('',(#28));
#28=SURFACE_STYLE_FILL_AREA(#29);
#29=FILL_AREA_STYLE('',(#30));
#30=FILL_AREA_STYLE_COLOUR('',#31);
#31=COLOUR_RGB('Pale Purple',0.709788662546731,0.709788662546731,1.);
#32=MANIFOLD_SOLID_BREP('',#33);
#33=CLOSED_SHELL('',(#1804,#1805,#1806,#1807,#1808,#1809,#1810,#1811,#1812,
#1813,#1814,#1815,#1816,#1817,#1818,#1819,#1820,#1821,#1822,#1823,#1824,
#1825,#1826,#1827,#1828,#1829,#1830,#1831,#1832,#1833,#1834,#1835,#1836,
#1837,#1838,#1839,#1840,#1841,#1842,#1843,#1844,#1845,#1846,#1847,#1848,
#1849,#1850,#1851,#1852,#1853,#1854,#1855,#1856,#1857,#1858,#1859,#1860,
#1861,#1862,#1863,#1864,#1865,#1866,#1867,#1868,#1869,#1870,#1871,#1872,
#1873,#1874,#1875,#1876,#1877,#1878,#1879,#1880,#1881,#1882,#1883,#1884,
#1885,#1886,#1887,#1888,#1889,#1890,#1891,#1892,#1893,#1894,#1895,#1896,
#1897,#1898,#1899,#1900,#1901,#1902,#1903,#1904,#1905,#1906,#1907,#1908,
#1909,#1910,#1911,#1912,#1913,#1914,#1915,#1916,#1917,#1918,#1919,#1920,
#1921,#1922,#1923,#1924,#1925,#1926,#1927,#1928,#1929,#1930,#1931,#1932,
#1933,#1934,#1935,#1936,#1937,#1938,#1939,#1940,#1941,#1942,#1943,#1944,
#1945,#1946,#1947,#1948,#1949,#1950,#1951,#1952,#1953,#1954,#1955,#1956,
#1957,#1958,#1959,#1960,#1961,#1962,#1963,#1964,#1965,#1966,#1967,#1968,
#1969,#1970,#1971,#1972,#1973,#1974,#1975,#1976,#1977,#1978,#1979,#1980,
#1981,#1982,#1983,#1984,#1985,#1986,#1987,#1988,#1989,#1990,#1991,#1992,
#1993,#1994,#1995,#1996,#1997,#1998,#1999,#2000,#2001,#2002,#2003,#2004,
#2005,#2006,#2007,#2008,#2009,#2010,#2011,#2012,#2013,#2014,#2015,#2016,
#2017,#2018,#2019,#2020,#2021,#2022,#2023,#2024,#2025,#2026,#2027,#2028,
#2029,#2030,#2031,#2032,#2033,#2034,#2035,#2036,#2037,#2038,#2039,#2040,
#2041,#2042,#2043,#2044,#2045,#2046,#2047,#2048,#2049,#2050,#2051,#2052,
#2053,#2054,#2055,#2056,#2057,#2058,#2059,#2060,#2061,#2062,#2063,#2064,
#2065,#2066,#2067,#2068,#2069,#2070,#2071,#2072,#2073,#2074,#2075,#2076,
#2077,#2078,#2079,#2080,#2081,#2082,#2083,#2084,#2085,#2086,#2087,#2088,
#2089,#2090,#2091,#2092,#2093,#2094,#2095,#2096,#2097,#2098,#2099,#2100,
#2101,#2102,#2103,#2104,#2105,#2106,#2107,#2108,#2109,#2110,#2111,#2112,
#2113,#2114,#2115,#2116,#2117,#2118,#2119,#2120,#2121,#2122,#2123,#2124,
#2125,#2126,#2127,#2128,#2129,#2130,#2131,#2132,#2133,#2134,#2135,#2136,
#2137,#2138,#2139,#2140,#2141,#2142,#2143,#2144,#2145,#2146,#2147,#2148,
#2149,#2150,#2151,#2152,#2153,#2154,#2155,#2156,#2157,#2158,#2159,#2160,
#2161,#2162,#2163,#2164,#2165,#2166,#2167,#2168,#2169,#2170,#2171,#2172,
#2173,#2174,#2175,#2176,#2177,#2178,#2179,#2180,#2181,#2182,#2183,#2184,
#2185,#2186,#2187,#2188,#2189,#2190,#2191,#2192,#2193,#2194,#2195,#2196,
#2197,#2198,#2199,#2200,#2201,#2202,#2203,#2204,#2205,#2206,#2207));
#34=SPHERICAL_SURFACE('',#8224,1.7);
#35=SPHERICAL_SURFACE('',#8227,1.7);
#36=SPHERICAL_SURFACE('',#8230,1.7);
#37=SPHERICAL_SURFACE('',#8233,1.7);
#38=SPHERICAL_SURFACE('',#8236,1.7);
#39=SPHERICAL_SURFACE('',#8239,1.7);
#40=SPHERICAL_SURFACE('',#8242,1.7);
#41=SPHERICAL_SURFACE('',#8245,1.7);
#42=TOROIDAL_SURFACE('',#7590,3.5,0.5);
#43=TOROIDAL_SURFACE('',#7593,3.5,0.5);
#44=TOROIDAL_SURFACE('',#8082,5.175,1.);
#45=TOROIDAL_SURFACE('',#8084,2.,1.);
#46=TOROIDAL_SURFACE('',#8085,5.175,1.);
#47=TOROIDAL_SURFACE('',#8086,5.175,1.);
#48=TOROIDAL_SURFACE('',#8088,5.175,1.);
#49=TOROIDAL_SURFACE('',#8090,2.,1.);
#50=TOROIDAL_SURFACE('',#8091,5.175,1.);
#51=TOROIDAL_SURFACE('',#8093,5.175,1.);
#52=TOROIDAL_SURFACE('',#8095,2.,1.);
#53=TOROIDAL_SURFACE('',#8096,5.175,1.);
#54=TOROIDAL_SURFACE('',#8098,5.175,1.);
#55=TOROIDAL_SURFACE('',#8100,2.,1.);
#56=TOROIDAL_SURFACE('',#8101,5.175,1.);
#57=TOROIDAL_SURFACE('',#8102,5.175,1.);
#58=TOROIDAL_SURFACE('',#8104,5.175,1.);
#59=TOROIDAL_SURFACE('',#8106,2.,1.);
#60=TOROIDAL_SURFACE('',#8107,5.175,1.);
#61=TOROIDAL_SURFACE('',#8109,5.175,1.);
#62=TOROIDAL_SURFACE('',#8111,2.,1.);
#63=TOROIDAL_SURFACE('',#8112,5.175,1.);
#64=TOROIDAL_SURFACE('',#8113,5.175,1.);
#65=TOROIDAL_SURFACE('',#8115,5.175,1.);
#66=TOROIDAL_SURFACE('',#8117,2.,1.);
#67=TOROIDAL_SURFACE('',#8118,5.175,1.);
#68=TOROIDAL_SURFACE('',#8120,5.175,1.);
#69=TOROIDAL_SURFACE('',#8122,2.,1.);
#70=TOROIDAL_SURFACE('',#8123,5.175,1.);
#71=TOROIDAL_SURFACE('',#8124,5.175,1.);
#72=TOROIDAL_SURFACE('',#8167,3.5,0.5);
#73=TOROIDAL_SURFACE('',#8177,3.5,0.5);
#74=CYLINDRICAL_SURFACE('',#7545,4.8);
#75=CYLINDRICAL_SURFACE('',#7549,4.8);
#76=CYLINDRICAL_SURFACE('',#7554,4.8);
#77=CYLINDRICAL_SURFACE('',#7556,4.8);
#78=CYLINDRICAL_SURFACE('',#7560,4.8);
#79=CYLINDRICAL_SURFACE('',#7562,4.8);
#80=CYLINDRICAL_SURFACE('',#7566,4.8);
#81=CYLINDRICAL_SURFACE('',#7568,4.8);
#82=CYLINDRICAL_SURFACE('',#7571,1.);
#83=CYLINDRICAL_SURFACE('',#7574,1.);
#84=CYLINDRICAL_SURFACE('',#7576,1.);
#85=CYLINDRICAL_SURFACE('',#7585,4.);
#86=CYLINDRICAL_SURFACE('',#7587,4.);
#87=CYLINDRICAL_SURFACE('',#7602,0.5);
#88=CYLINDRICAL_SURFACE('',#7605,0.5);
#89=CYLINDRICAL_SURFACE('',#7617,2.);
#90=CYLINDRICAL_SURFACE('',#7620,3.8);
#91=CYLINDRICAL_SURFACE('',#7625,3.8);
#92=CYLINDRICAL_SURFACE('',#7630,3.8);
#93=CYLINDRICAL_SURFACE('',#7634,6.175);
#94=CYLINDRICAL_SURFACE('',#7637,6.175);
#95=CYLINDRICAL_SURFACE('',#7736,6.175);
#96=CYLINDRICAL_SURFACE('',#7739,3.8);
#97=CYLINDRICAL_SURFACE('',#7742,3.8);
#98=CYLINDRICAL_SURFACE('',#7745,3.8);
#99=CYLINDRICAL_SURFACE('',#7747,2.);
#100=CYLINDRICAL_SURFACE('',#7749,6.175);
#101=CYLINDRICAL_SURFACE('',#7751,6.175);
#102=CYLINDRICAL_SURFACE('',#7753,6.175);
#103=CYLINDRICAL_SURFACE('',#7756,2.);
#104=CYLINDRICAL_SURFACE('',#7758,3.8);
#105=CYLINDRICAL_SURFACE('',#7761,6.175);
#106=CYLINDRICAL_SURFACE('',#7763,3.8);
#107=CYLINDRICAL_SURFACE('',#7766,6.175);
#108=CYLINDRICAL_SURFACE('',#7769,3.8);
#109=CYLINDRICAL_SURFACE('',#7771,6.175);
#110=CYLINDRICAL_SURFACE('',#7774,6.175);
#111=CYLINDRICAL_SURFACE('',#7776,3.8);
#112=CYLINDRICAL_SURFACE('',#7779,6.175);
#113=CYLINDRICAL_SURFACE('',#7781,3.8);
#114=CYLINDRICAL_SURFACE('',#7783,2.);
#115=CYLINDRICAL_SURFACE('',#7785,3.8);
#116=CYLINDRICAL_SURFACE('',#7789,6.175);
#117=CYLINDRICAL_SURFACE('',#7791,3.8);
#118=CYLINDRICAL_SURFACE('',#7794,6.175);
#119=CYLINDRICAL_SURFACE('',#7797,3.8);
#120=CYLINDRICAL_SURFACE('',#7800,2.);
#121=CYLINDRICAL_SURFACE('',#7803,3.8);
#122=CYLINDRICAL_SURFACE('',#7807,6.175);
#123=CYLINDRICAL_SURFACE('',#7809,2.);
#124=CYLINDRICAL_SURFACE('',#7811,3.8);
#125=CYLINDRICAL_SURFACE('',#7815,3.8);
#126=CYLINDRICAL_SURFACE('',#7819,3.8);
#127=CYLINDRICAL_SURFACE('',#7821,6.175);
#128=CYLINDRICAL_SURFACE('',#7824,6.175);
#129=CYLINDRICAL_SURFACE('',#7825,3.8);
#130=CYLINDRICAL_SURFACE('',#7828,6.175);
#131=CYLINDRICAL_SURFACE('',#7831,3.8);
#132=CYLINDRICAL_SURFACE('',#7833,2.);
#133=CYLINDRICAL_SURFACE('',#7835,3.8);
#134=CYLINDRICAL_SURFACE('',#7839,6.175);
#135=CYLINDRICAL_SURFACE('',#7841,6.175);
#136=CYLINDRICAL_SURFACE('',#7843,3.8);
#137=CYLINDRICAL_SURFACE('',#7846,6.175);
#138=CYLINDRICAL_SURFACE('',#7848,2.);
#139=CYLINDRICAL_SURFACE('',#7851,3.8);
#140=CYLINDRICAL_SURFACE('',#7853,3.8);
#141=CYLINDRICAL_SURFACE('',#7873,0.2);
#142=CYLINDRICAL_SURFACE('',#7887,1.);
#143=CYLINDRICAL_SURFACE('',#7897,0.1);
#144=CYLINDRICAL_SURFACE('',#7900,0.2);
#145=CYLINDRICAL_SURFACE('',#7903,0.5);
#146=CYLINDRICAL_SURFACE('',#7908,1.);
#147=CYLINDRICAL_SURFACE('',#7913,0.2);
#148=CYLINDRICAL_SURFACE('',#7918,6.);
#149=CYLINDRICAL_SURFACE('',#7921,0.4);
#150=CYLINDRICAL_SURFACE('',#7926,2.);
#151=CYLINDRICAL_SURFACE('',#7930,2.);
#152=CYLINDRICAL_SURFACE('',#7937,0.7);
#153=CYLINDRICAL_SURFACE('',#7962,0.2);
#154=CYLINDRICAL_SURFACE('',#7977,1.);
#155=CYLINDRICAL_SURFACE('',#7987,0.1);
#156=CYLINDRICAL_SURFACE('',#7990,0.2);
#157=CYLINDRICAL_SURFACE('',#7993,0.5);
#158=CYLINDRICAL_SURFACE('',#7998,1.);
#159=CYLINDRICAL_SURFACE('',#8003,0.2);
#160=CYLINDRICAL_SURFACE('',#8008,6.);
#161=CYLINDRICAL_SURFACE('',#8011,0.4);
#162=CYLINDRICAL_SURFACE('',#8016,2.);
#163=CYLINDRICAL_SURFACE('',#8020,2.);
#164=CYLINDRICAL_SURFACE('',#8027,0.7);
#165=CYLINDRICAL_SURFACE('',#8053,1.);
#166=CYLINDRICAL_SURFACE('',#8054,1.);
#167=CYLINDRICAL_SURFACE('',#8055,1.);
#168=CYLINDRICAL_SURFACE('',#8056,1.);
#169=CYLINDRICAL_SURFACE('',#8057,4.);
#170=CYLINDRICAL_SURFACE('',#8058,4.);
#171=CYLINDRICAL_SURFACE('',#8060,4.);
#172=CYLINDRICAL_SURFACE('',#8061,4.);
#173=CYLINDRICAL_SURFACE('',#8062,4.);
#174=CYLINDRICAL_SURFACE('',#8064,4.);
#175=CYLINDRICAL_SURFACE('',#8066,1.);
#176=CYLINDRICAL_SURFACE('',#8068,1.);
#177=CYLINDRICAL_SURFACE('',#8070,1.);
#178=CYLINDRICAL_SURFACE('',#8072,1.);
#179=CYLINDRICAL_SURFACE('',#8074,1.);
#180=CYLINDRICAL_SURFACE('',#8076,1.);
#181=CYLINDRICAL_SURFACE('',#8078,1.);
#182=CYLINDRICAL_SURFACE('',#8080,1.);
#183=CYLINDRICAL_SURFACE('',#8148,0.5);
#184=CYLINDRICAL_SURFACE('',#8149,0.5);
#185=CYLINDRICAL_SURFACE('',#8150,0.5);
#186=CYLINDRICAL_SURFACE('',#8151,0.5);
#187=CYLINDRICAL_SURFACE('',#8152,0.5);
#188=CYLINDRICAL_SURFACE('',#8153,0.5);
#189=CYLINDRICAL_SURFACE('',#8154,0.5);
#190=CYLINDRICAL_SURFACE('',#8155,0.5);
#191=CYLINDRICAL_SURFACE('',#8156,0.5);
#192=CYLINDRICAL_SURFACE('',#8157,0.5);
#193=CYLINDRICAL_SURFACE('',#8158,0.5);
#194=CYLINDRICAL_SURFACE('',#8159,0.5);
#195=CYLINDRICAL_SURFACE('',#8160,0.5);
#196=CYLINDRICAL_SURFACE('',#8161,0.5);
#197=CYLINDRICAL_SURFACE('',#8162,0.5);
#198=CYLINDRICAL_SURFACE('',#8163,0.5);
#199=CYLINDRICAL_SURFACE('',#8169,0.5);
#200=CYLINDRICAL_SURFACE('',#8171,0.5);
#201=CYLINDRICAL_SURFACE('',#8172,0.5);
#202=CYLINDRICAL_SURFACE('',#8174,0.5);
#203=CYLINDRICAL_SURFACE('',#8176,0.5);
#204=CYLINDRICAL_SURFACE('',#8179,0.5);
#205=CYLINDRICAL_SURFACE('',#8191,0.2);
#206=CYLINDRICAL_SURFACE('',#8192,0.2);
#207=CYLINDRICAL_SURFACE('',#8193,0.2);
#208=CYLINDRICAL_SURFACE('',#8194,0.2);
#209=CYLINDRICAL_SURFACE('',#8205,3.5);
#210=CYLINDRICAL_SURFACE('',#8206,3.5);
#211=CYLINDRICAL_SURFACE('',#8225,1.7);
#212=CYLINDRICAL_SURFACE('',#8228,1.7);
#213=CYLINDRICAL_SURFACE('',#8231,1.7);
#214=CYLINDRICAL_SURFACE('',#8234,1.7);
#215=CYLINDRICAL_SURFACE('',#8237,1.7);
#216=CYLINDRICAL_SURFACE('',#8240,1.7);
#217=CYLINDRICAL_SURFACE('',#8243,1.7);
#218=CYLINDRICAL_SURFACE('',#8246,1.7);
#219=B_SPLINE_CURVE_WITH_KNOTS('',3,(#10531,#10532,#10533,#10534,#10535,
#10536,#10537,#10538,#10539,#10540),.UNSPECIFIED.,.F.,.F.,(4,3,3,4),(0.,
0.406970369606815,0.993893894561123,1.),.UNSPECIFIED.);
#220=B_SPLINE_CURVE_WITH_KNOTS('',3,(#10545,#10546,#10547,#10548,#10549,
#10550,#10551,#10552,#10553,#10554),.UNSPECIFIED.,.F.,.F.,(4,3,3,4),(0.,
0.00610610543887737,0.593029630393183,1.),.UNSPECIFIED.);
#221=B_SPLINE_CURVE_WITH_KNOTS('',3,(#10560,#10561,#10562,#10563,#10564,
#10565,#10566,#10567,#10568,#10569),.UNSPECIFIED.,.F.,.F.,(4,3,3,4),(0.,
0.00610610543887737,0.593029630393059,1.),.UNSPECIFIED.);
#222=B_SPLINE_CURVE_WITH_KNOTS('',3,(#10573,#10574,#10575,#10576,#10577,
#10578,#10579,#10580,#10581,#10582),.UNSPECIFIED.,.F.,.F.,(4,3,3,4),(0.,
0.406970369606685,0.993893894561127,1.),.UNSPECIFIED.);
#223=B_SPLINE_CURVE_WITH_KNOTS('',3,(#10593,#10594,#10595,#10596,#10597,
#10598,#10599,#10600,#10601,#10602),.UNSPECIFIED.,.F.,.F.,(4,3,3,4),(0.,
0.00610610543889504,0.593029630390852,1.),.UNSPECIFIED.);
#224=B_SPLINE_CURVE_WITH_KNOTS('',3,(#10606,#10607,#10608,#10609,#10610,
#10611,#10612,#10613,#10614,#10615),.UNSPECIFIED.,.F.,.F.,(4,3,3,4),(0.,
0.406970369604482,0.993893894561147,1.),.UNSPECIFIED.);
#225=B_SPLINE_CURVE_WITH_KNOTS('',3,(#10625,#10626,#10627,#10628,#10629,
#10630,#10631,#10632,#10633,#10634),.UNSPECIFIED.,.F.,.F.,(4,3,3,4),(0.,
0.406970369604482,0.993893894561147,1.),.UNSPECIFIED.);
#226=B_SPLINE_CURVE_WITH_KNOTS('',3,(#10639,#10640,#10641,#10642,#10643,
#10644,#10645,#10646,#10647,#10648),.UNSPECIFIED.,.F.,.F.,(4,3,3,4),(0.,
0.00610610543889504,0.593029630390852,1.),.UNSPECIFIED.);
#227=B_SPLINE_CURVE_WITH_KNOTS('',3,(#10655,#10656,#10657,#10658,#10659,
#10660,#10661,#10662,#10663,#10664),.UNSPECIFIED.,.F.,.F.,(4,3,3,4),(0.,
0.00610610543888799,0.593029630391465,1.),.UNSPECIFIED.);
#228=B_SPLINE_CURVE_WITH_KNOTS('',3,(#10668,#10669,#10670,#10671,#10672,
#10673,#10674,#10675,#10676,#10677),.UNSPECIFIED.,.F.,.F.,(4,3,3,4),(0.,
0.406970369605111,0.993893894561147,1.),.UNSPECIFIED.);
#229=B_SPLINE_CURVE_WITH_KNOTS('',3,(#10686,#10687,#10688,#10689,#10690,
#10691,#10692,#10693,#10694,#10695),.UNSPECIFIED.,.F.,.F.,(4,3,3,4),(0.,
0.406970369605281,0.993893894561141,1.),.UNSPECIFIED.);
#230=B_SPLINE_CURVE_WITH_KNOTS('',3,(#10700,#10701,#10702,#10703,#10704,
#10705,#10706,#10707,#10708,#10709),.UNSPECIFIED.,.F.,.F.,(4,3,3,4),(0.,
0.00610610543889298,0.593029630391627,1.),.UNSPECIFIED.);
#231=B_SPLINE_CURVE_WITH_KNOTS('',3,(#10716,#10717,#10718,#10719,#10720,
#10721,#10722,#10723,#10724,#10725),.UNSPECIFIED.,.F.,.F.,(4,3,3,4),(0.,
0.00610610543888364,0.593029630392404,1.),.UNSPECIFIED.);
#232=B_SPLINE_CURVE_WITH_KNOTS('',3,(#10729,#10730,#10731,#10732,#10733,
#10734,#10735,#10736,#10737,#10738),.UNSPECIFIED.,.F.,.F.,(4,3,3,4),(0.,
0.406970369606033,0.99389389456113,1.),.UNSPECIFIED.);
#233=B_SPLINE_CURVE_WITH_KNOTS('',3,(#10747,#10748,#10749,#10750,#10751,
#10752,#10753,#10754,#10755,#10756),.UNSPECIFIED.,.F.,.F.,(4,3,3,4),(0.,
0.406970369606033,0.99389389456113,1.),.UNSPECIFIED.);
#234=B_SPLINE_CURVE_WITH_KNOTS('',3,(#10761,#10762,#10763,#10764,#10765,
#10766,#10767,#10768,#10769,#10770),.UNSPECIFIED.,.F.,.F.,(4,3,3,4),(0.,
0.00610610543888212,0.593029630392403,1.),.UNSPECIFIED.);
#235=B_SPLINE_CURVE_WITH_KNOTS('',3,(#10775,#10776,#10777,#10778,#10779,
#10780,#10781,#10782,#10783,#10784,#10785,#10786,#10787,#10788,#10789,#10790,
#10791,#10792,#10793,#10794,#10795,#10796),.UNSPECIFIED.,.F.,.F.,(4,3,3,
3,3,3,3,4),(0.,0.168559510268602,0.349719577306195,0.558100103780461,0.692370051067247,
0.797151244280026,0.903115036361408,1.),.UNSPECIFIED.);
#236=B_SPLINE_CURVE_WITH_KNOTS('',3,(#10797,#10798,#10799,#10800,#10801,
#10802,#10803,#10804,#10805,#10806,#10807,#10808,#10809,#10810,#10811,#10812,
#10813,#10814,#10815,#10816,#10817,#10818,#10819,#10820,#10821),
 .UNSPECIFIED.,.F.,.F.,(4,3,3,3,3,3,3,3,4),(0.,0.0853790128090987,0.17055508262146,
0.257398822644711,0.380118680160492,0.548764665680484,0.722289716306662,
0.928995736648062,1.),.UNSPECIFIED.);
#237=B_SPLINE_CURVE_WITH_KNOTS('',3,(#10832,#10833,#10834,#10835,#10836,
#10837,#10838,#10839,#10840,#10841,#10842,#10843,#10844,#10845,#10846,#10847,
#10848,#10849,#10850,#10851,#10852,#10853),.UNSPECIFIED.,.F.,.F.,(4,3,3,
3,3,3,3,4),(0.,0.168559510268602,0.349719577306258,0.558100103780531,0.692370051067302,
0.797151244280078,0.903115036361454,1.),.UNSPECIFIED.);
#238=B_SPLINE_CURVE_WITH_KNOTS('',3,(#10854,#10855,#10856,#10857,#10858,
#10859,#10860,#10861,#10862,#10863,#10864,#10865,#10866,#10867,#10868,#10869,
#10870,#10871,#10872,#10873,#10874,#10875,#10876,#10877,#10878),
 .UNSPECIFIED.,.F.,.F.,(4,3,3,3,3,3,3,3,4),(0.,0.0853790128090981,0.170555082621457,
0.25739882264471,0.380118680160498,0.54876466568048,0.722289716306667,0.928995736648065,
1.),.UNSPECIFIED.);
#239=B_SPLINE_CURVE_WITH_KNOTS('',3,(#10889,#10890,#10891,#10892,#10893,
#10894,#10895,#10896,#10897,#10898,#10899,#10900,#10901,#10902,#10903,#10904,
#10905,#10906,#10907,#10908,#10909,#10910),.UNSPECIFIED.,.F.,.F.,(4,3,3,
3,3,3,3,4),(0.,0.168559510268602,0.349719577306195,0.558100103780461,0.692370051067247,
0.797151244280026,0.903115036361408,1.),.UNSPECIFIED.);
#240=B_SPLINE_CURVE_WITH_KNOTS('',3,(#10911,#10912,#10913,#10914,#10915,
#10916,#10917,#10918,#10919,#10920,#10921,#10922,#10923,#10924,#10925,#10926,
#10927,#10928,#10929,#10930,#10931,#10932,#10933,#10934,#10935),
 .UNSPECIFIED.,.F.,.F.,(4,3,3,3,3,3,3,3,4),(0.,0.0853790128090979,0.170555082621457,
0.25739882264471,0.380118680160497,0.548764665680479,0.722289716306665,
0.928995736648063,1.),.UNSPECIFIED.);
#241=B_SPLINE_CURVE_WITH_KNOTS('',3,(#11004,#11005,#11006,#11007,#11008,
#11009,#11010,#11011,#11012,#11013,#11014,#11015,#11016),.UNSPECIFIED.,
 .F.,.F.,(4,3,3,3,4),(0.,0.0155477802562405,0.261218586942673,0.646276775074924,
1.),.UNSPECIFIED.);
#242=B_SPLINE_CURVE_WITH_KNOTS('',3,(#11018,#11019,#11020,#11021,#11022,
#11023,#11024,#11025,#11026,#11027,#11028,#11029,#11030),.UNSPECIFIED.,
 .F.,.F.,(4,3,3,3,4),(0.,0.398788513550334,0.609126086721243,0.872539761411115,
1.),.UNSPECIFIED.);
#243=B_SPLINE_CURVE_WITH_KNOTS('',3,(#11033,#11034,#11035,#11036,#11037,
#11038,#11039,#11040,#11041,#11042),.UNSPECIFIED.,.F.,.F.,(4,3,3,4),(0.,
0.223081341209257,0.739061952005081,1.),.UNSPECIFIED.);
#244=B_SPLINE_CURVE_WITH_KNOTS('',3,(#11044,#11045,#11046,#11047,#11048,
#11049,#11050,#11051,#11052,#11053,#11054,#11055,#11056,#11057,#11058,#11059),
 .UNSPECIFIED.,.F.,.F.,(4,3,3,3,3,4),(0.,0.183335386806418,0.459236035399015,
0.899645614495701,0.991740948200172,1.),.UNSPECIFIED.);
#245=B_SPLINE_CURVE_WITH_KNOTS('',3,(#11153,#11154,#11155,#11156,#11157,
#11158,#11159,#11160,#11161,#11162,#11163,#11164,#11165,#11166,#11167,#11168),
 .UNSPECIFIED.,.F.,.F.,(4,3,3,3,3,4),(0.,0.198782055182424,0.482209528489336,
0.885241394354357,0.991241770149717,1.),.UNSPECIFIED.);
#246=B_SPLINE_CURVE_WITH_KNOTS('',3,(#11177,#11178,#11179,#11180,#11181,
#11182,#11183,#11184,#11185,#11186,#11187,#11188,#11189,#11190,#11191,#11192),
 .UNSPECIFIED.,.F.,.F.,(4,3,3,3,3,4),(0.,0.00875822985028287,0.114758605645643,
0.517790471510664,0.801217944817576,1.),.UNSPECIFIED.);
#247=B_SPLINE_CURVE_WITH_KNOTS('',3,(#11322,#11323,#11324,#11325,#11326,
#11327,#11328,#11329,#11330,#11331,#11332,#11333,#11334,#11335,#11336,#11337),
 .UNSPECIFIED.,.F.,.F.,(4,3,3,3,3,4),(0.,0.213952944390215,0.427888361019688,
0.642103881962053,0.857010532094772,1.),.UNSPECIFIED.);
#248=B_SPLINE_CURVE_WITH_KNOTS('',3,(#11353,#11354,#11355,#11356,#11357,
#11358,#11359,#11360,#11361,#11362,#11363,#11364,#11365,#11366,#11367,#11368),
 .UNSPECIFIED.,.F.,.F.,(4,3,3,3,3,4),(0.,0.216057211019108,0.43215218114417,
0.647678123532644,0.8623746592954,1.),.UNSPECIFIED.);
#249=B_SPLINE_CURVE_WITH_KNOTS('',3,(#11377,#11378,#11379,#11380,#11381,
#11382,#11383,#11384,#11385,#11386,#11387,#11388,#11389,#11390,#11391,#11392),
 .UNSPECIFIED.,.F.,.F.,(4,3,3,3,3,4),(0.,0.213952944390215,0.427888361019688,
0.642103881962051,0.857010532094774,1.),.UNSPECIFIED.);
#250=B_SPLINE_CURVE_WITH_KNOTS('',3,(#11408,#11409,#11410,#11411,#11412,
#11413,#11414,#11415,#11416,#11417,#11418,#11419,#11420,#11421,#11422,#11423),
 .UNSPECIFIED.,.F.,.F.,(4,3,3,3,3,4),(0.,0.216057211019111,0.432152181144181,
0.647678123532642,0.862374659295409,1.),.UNSPECIFIED.);
#251=B_SPLINE_CURVE_WITH_KNOTS('',3,(#11787,#11788,#11789,#11790,#11791,
#11792,#11793,#11794,#11795,#11796,#11797,#11798,#11799,#11800,#11801,#11802),
 .UNSPECIFIED.,.F.,.F.,(4,3,3,3,3,4),(0.,0.216057211019103,0.432152181144154,
0.647678123532654,0.862374659295392,1.),.UNSPECIFIED.);
#252=B_SPLINE_CURVE_WITH_KNOTS('',3,(#11807,#11808,#11809,#11810,#11811,
#11812,#11813,#11814,#11815,#11816,#11817,#11818,#11819,#11820,#11821,#11822),
 .UNSPECIFIED.,.F.,.F.,(4,3,3,3,3,4),(0.,0.213952944390216,0.42788836101969,
0.642103881962056,0.857010532094777,1.),.UNSPECIFIED.);
#253=B_SPLINE_CURVE_WITH_KNOTS('',3,(#11828,#11829,#11830,#11831,#11832,
#11833,#11834,#11835,#11836,#11837,#11838,#11839,#11840,#11841,#11842,#11843),
 .UNSPECIFIED.,.F.,.F.,(4,3,3,3,3,4),(0.,0.213952944390214,0.427888361019688,
0.642103881962052,0.857010532094774,1.),.UNSPECIFIED.);
#254=B_SPLINE_CURVE_WITH_KNOTS('',3,(#11848,#11849,#11850,#11851,#11852,
#11853,#11854,#11855,#11856,#11857,#11858,#11859,#11860,#11861,#11862,#11863),
 .UNSPECIFIED.,.F.,.F.,(4,3,3,3,3,4),(0.,0.216057211019117,0.432152181144188,
0.647678123532662,0.862374659295412,1.),.UNSPECIFIED.);
#255=B_SPLINE_CURVE_WITH_KNOTS('',3,(#11898,#11899,#11900,#11901,#11902,
#11903,#11904,#11905,#11906,#11907,#11908,#11909,#11910,#11911,#11912,#11913),
 .UNSPECIFIED.,.F.,.F.,(4,3,3,3,3,4),(0.,0.213952944390213,0.427888361019687,
0.642103881962044,0.857010532094762,1.),.UNSPECIFIED.);
#256=B_SPLINE_CURVE_WITH_KNOTS('',3,(#11918,#11919,#11920,#11921,#11922,
#11923,#11924,#11925,#11926,#11927,#11928,#11929,#11930,#11931,#11932,#11933),
 .UNSPECIFIED.,.F.,.F.,(4,3,3,3,3,4),(0.,0.216057211019108,0.43215218114417,
0.647678123532643,0.8623746592954,1.),.UNSPECIFIED.);
#257=B_SPLINE_CURVE_WITH_KNOTS('',3,(#11941,#11942,#11943,#11944,#11945,
#11946,#11947,#11948,#11949,#11950,#11951,#11952,#11953,#11954,#11955,#11956),
 .UNSPECIFIED.,.F.,.F.,(4,3,3,3,3,4),(0.,0.213952944390216,0.427888361019689,
0.642103881962056,0.857010532094774,1.),.UNSPECIFIED.);
#258=B_SPLINE_CURVE_WITH_KNOTS('',3,(#11961,#11962,#11963,#11964,#11965,
#11966,#11967,#11968,#11969,#11970,#11971,#11972,#11973,#11974,#11975,#11976),
 .UNSPECIFIED.,.F.,.F.,(4,3,3,3,3,4),(0.,0.216057211019103,0.432152181144174,
0.647678123532642,0.8623746592954,1.),.UNSPECIFIED.);
#259=B_SPLINE_CURVE_WITH_KNOTS('',3,(#12007,#12008,#12009,#12010,#12011,
#12012,#12013,#12014,#12015,#12016,#12017,#12018,#12019,#12020,#12021,#12022),
 .UNSPECIFIED.,.F.,.F.,(4,3,3,3,3,4),(0.,0.213952944390216,0.427888361019689,
0.642103881962051,0.857010532094776,1.),.UNSPECIFIED.);
#260=B_SPLINE_CURVE_WITH_KNOTS('',3,(#12028,#12029,#12030,#12031,#12032,
#12033,#12034,#12035,#12036,#12037,#12038,#12039,#12040,#12041,#12042,#12043),
 .UNSPECIFIED.,.F.,.F.,(4,3,3,3,3,4),(0.,0.216057211019103,0.432152181144154,
0.647678123532654,0.862374659295391,1.),.UNSPECIFIED.);
#261=B_SPLINE_CURVE_WITH_KNOTS('',3,(#12050,#12051,#12052,#12053,#12054,
#12055,#12056,#12057,#12058,#12059,#12060,#12061,#12062,#12063,#12064,#12065),
 .UNSPECIFIED.,.F.,.F.,(4,3,3,3,3,4),(0.,0.213952944390215,0.427888361019689,
0.642103881962055,0.857010532094776,1.),.UNSPECIFIED.);
#262=B_SPLINE_CURVE_WITH_KNOTS('',3,(#12082,#12083,#12084,#12085,#12086,
#12087,#12088,#12089,#12090,#12091,#12092,#12093,#12094,#12095,#12096,#12097),
 .UNSPECIFIED.,.F.,.F.,(4,3,3,3,3,4),(0.,0.216057211019108,0.432152181144169,
0.647678123532653,0.862374659295391,1.),.UNSPECIFIED.);
#263=B_SPLINE_CURVE_WITH_KNOTS('',3,(#12112,#12113,#12114,#12115,#12116,
#12117,#12118,#12119,#12120,#12121,#12122,#12123,#12124,#12125,#12126,#12127),
 .UNSPECIFIED.,.F.,.F.,(4,3,3,3,3,4),(0.,0.216057211019121,0.432152181144198,
0.647678123532672,0.862374659295412,1.),.UNSPECIFIED.);
#264=B_SPLINE_CURVE_WITH_KNOTS('',3,(#12152,#12153,#12154,#12155,#12156,
#12157,#12158,#12159,#12160,#12161,#12162,#12163,#12164,#12165,#12166,#12167),
 .UNSPECIFIED.,.F.,.F.,(4,3,3,3,3,4),(0.,0.213952944390214,0.427888361019686,
0.642103881962048,0.857010532094769,1.),.UNSPECIFIED.);
#265=B_SPLINE_CURVE_WITH_KNOTS('',3,(#12190,#12191,#12192,#12193,#12194,
#12195,#12196,#12197,#12198,#12199,#12200,#12201,#12202,#12203,#12204,#12205),
 .UNSPECIFIED.,.F.,.F.,(4,3,3,3,3,4),(0.,0.213952944390213,0.427888361019683,
0.642103881962053,0.857010532094766,1.),.UNSPECIFIED.);
#266=B_SPLINE_CURVE_WITH_KNOTS('',3,(#12212,#12213,#12214,#12215,#12216,
#12217,#12218,#12219,#12220,#12221,#12222,#12223,#12224,#12225,#12226,#12227),
 .UNSPECIFIED.,.F.,.F.,(4,3,3,3,3,4),(0.,0.216057211019109,0.432152181144171,
0.647678123532654,0.862374659295391,1.),.UNSPECIFIED.);
#267=B_SPLINE_CURVE_WITH_KNOTS('',3,(#12264,#12265,#12266,#12267,#12268,
#12269,#12270,#12271,#12272,#12273,#12274,#12275,#12276,#12277,#12278,#12279),
 .UNSPECIFIED.,.F.,.F.,(4,3,3,3,3,4),(0.,0.216057211019121,0.432152181144197,
0.647678123532671,0.862374659295413,1.),.UNSPECIFIED.);
#268=B_SPLINE_CURVE_WITH_KNOTS('',3,(#12300,#12301,#12302,#12303,#12304,
#12305,#12306,#12307,#12308,#12309,#12310,#12311,#12312,#12313,#12314,#12315),
 .UNSPECIFIED.,.F.,.F.,(4,3,3,3,3,4),(0.,0.213952944390213,0.427888361019687,
0.64210388196205,0.857010532094765,1.),.UNSPECIFIED.);
#269=B_SPLINE_CURVE_WITH_KNOTS('',3,(#12329,#12330,#12331,#12332,#12333,
#12334,#12335,#12336,#12337,#12338,#12339,#12340,#12341,#12342,#12343,#12344),
 .UNSPECIFIED.,.F.,.F.,(4,3,3,3,3,4),(0.,0.213952944390213,0.427888361019684,
0.642103881962051,0.857010532094767,1.),.UNSPECIFIED.);
#270=B_SPLINE_CURVE_WITH_KNOTS('',3,(#12351,#12352,#12353,#12354,#12355,
#12356,#12357,#12358,#12359,#12360,#12361,#12362,#12363,#12364,#12365,#12366),
 .UNSPECIFIED.,.F.,.F.,(4,3,3,3,3,4),(0.,0.216057211019109,0.43215218114417,
0.647678123532654,0.862374659295391,1.),.UNSPECIFIED.);
#271=FACE_BOUND('',#2796,.T.);
#272=FACE_BOUND('',#2797,.T.);
#273=FACE_BOUND('',#2799,.T.);
#274=FACE_BOUND('',#2800,.T.);
#275=FACE_BOUND('',#2801,.T.);
#276=FACE_BOUND('',#2802,.T.);
#277=FACE_BOUND('',#2804,.T.);
#278=FACE_BOUND('',#2805,.T.);
#279=FACE_BOUND('',#2807,.T.);
#280=FACE_BOUND('',#2808,.T.);
#281=FACE_BOUND('',#2810,.T.);
#282=FACE_BOUND('',#2811,.T.);
#283=FACE_BOUND('',#2812,.T.);
#284=FACE_BOUND('',#2813,.T.);
#285=FACE_BOUND('',#2814,.T.);
#286=FACE_BOUND('',#2815,.T.);
#287=FACE_BOUND('',#2824,.T.);
#288=FACE_BOUND('',#2825,.T.);
#289=FACE_BOUND('',#2826,.T.);
#290=FACE_BOUND('',#2836,.T.);
#291=FACE_BOUND('',#2837,.T.);
#292=FACE_BOUND('',#2838,.T.);
#293=FACE_BOUND('',#2841,.T.);
#294=FACE_BOUND('',#2842,.T.);
#295=FACE_BOUND('',#2853,.T.);
#296=FACE_BOUND('',#2854,.T.);
#297=FACE_BOUND('',#2855,.T.);
#298=FACE_BOUND('',#2856,.T.);
#299=FACE_BOUND('',#2857,.T.);
#300=FACE_BOUND('',#2858,.T.);
#301=FACE_BOUND('',#2859,.T.);
#302=FACE_BOUND('',#2860,.T.);
#303=FACE_BOUND('',#2861,.T.);
#304=FACE_BOUND('',#2862,.T.);
#305=FACE_BOUND('',#2863,.T.);
#306=FACE_BOUND('',#2864,.T.);
#307=FACE_BOUND('',#2865,.T.);
#308=FACE_BOUND('',#2866,.T.);
#309=FACE_BOUND('',#2877,.T.);
#310=FACE_BOUND('',#2878,.T.);
#311=FACE_BOUND('',#2883,.T.);
#312=FACE_BOUND('',#2884,.T.);
#313=FACE_BOUND('',#2904,.T.);
#314=FACE_BOUND('',#2905,.T.);
#315=FACE_BOUND('',#2917,.T.);
#316=FACE_BOUND('',#2918,.T.);
#317=FACE_BOUND('',#2924,.T.);
#318=FACE_BOUND('',#2925,.T.);
#319=FACE_BOUND('',#2942,.T.);
#320=FACE_BOUND('',#2943,.T.);
#321=FACE_BOUND('',#2953,.T.);
#322=FACE_BOUND('',#2954,.T.);
#323=FACE_BOUND('',#3207,.T.);
#324=FACE_BOUND('',#3208,.T.);
#325=FACE_BOUND('',#3209,.T.);
#326=FACE_BOUND('',#3210,.T.);
#327=FACE_BOUND('',#3211,.T.);
#328=FACE_BOUND('',#3212,.T.);
#329=FACE_BOUND('',#3213,.T.);
#330=FACE_BOUND('',#3214,.T.);
#331=FACE_BOUND('',#3215,.T.);
#332=FACE_BOUND('',#3216,.T.);
#333=FACE_BOUND('',#3217,.T.);
#334=FACE_BOUND('',#3218,.T.);
#335=FACE_BOUND('',#3219,.T.);
#336=FACE_BOUND('',#3220,.T.);
#337=FACE_BOUND('',#3221,.T.);
#338=FACE_BOUND('',#3222,.T.);
#339=FACE_BOUND('',#3224,.T.);
#340=FACE_BOUND('',#3225,.T.);
#341=FACE_BOUND('',#3227,.T.);
#342=FACE_BOUND('',#3228,.T.);
#343=FACE_BOUND('',#3230,.T.);
#344=FACE_BOUND('',#3231,.T.);
#345=FACE_BOUND('',#3233,.T.);
#346=FACE_BOUND('',#3234,.T.);
#347=FACE_BOUND('',#3236,.T.);
#348=FACE_BOUND('',#3237,.T.);
#349=FACE_BOUND('',#3239,.T.);
#350=FACE_BOUND('',#3240,.T.);
#351=FACE_BOUND('',#3242,.T.);
#352=FACE_BOUND('',#3243,.T.);
#353=FACE_BOUND('',#3245,.T.);
#354=FACE_BOUND('',#3246,.T.);
#355=LINE('',#10430,#1059);
#356=LINE('',#10438,#1060);
#357=LINE('',#10446,#1061);
#358=LINE('',#10450,#1062);
#359=LINE('',#10452,#1063);
#360=LINE('',#10454,#1064);
#361=LINE('',#10458,#1065);
#362=LINE('',#10462,#1066);
#363=LINE('',#10464,#1067);
#364=LINE('',#10466,#1068);
#365=LINE('',#10470,#1069);
#366=LINE('',#10471,#1070);
#367=LINE('',#10476,#1071);
#368=LINE('',#10480,#1072);
#369=LINE('',#10484,#1073);
#370=LINE('',#10488,#1074);
#371=LINE('',#10492,#1075);
#372=LINE('',#10496,#1076);
#373=LINE('',#10500,#1077);
#374=LINE('',#10504,#1078);
#375=LINE('',#10508,#1079);
#376=LINE('',#10512,#1080);
#377=LINE('',#10516,#1081);
#378=LINE('',#10520,#1082);
#379=LINE('',#10524,#1083);
#380=LINE('',#10542,#1084);
#381=LINE('',#10543,#1085);
#382=LINE('',#10558,#1086);
#383=LINE('',#10584,#1087);
#384=LINE('',#10591,#1088);
#385=LINE('',#10617,#1089);
#386=LINE('',#10636,#1090);
#387=LINE('',#10637,#1091);
#388=LINE('',#10653,#1092);
#389=LINE('',#10679,#1093);
#390=LINE('',#10697,#1094);
#391=LINE('',#10698,#1095);
#392=LINE('',#10714,#1096);
#393=LINE('',#10740,#1097);
#394=LINE('',#10758,#1098);
#395=LINE('',#10759,#1099);
#396=LINE('',#10772,#1100);
#397=LINE('',#10823,#1101);
#398=LINE('',#10829,#1102);
#399=LINE('',#10880,#1103);
#400=LINE('',#10886,#1104);
#401=LINE('',#10937,#1105);
#402=LINE('',#10941,#1106);
#403=LINE('',#10944,#1107);
#404=LINE('',#10946,#1108);
#405=LINE('',#10948,#1109);
#406=LINE('',#10950,#1110);
#407=LINE('',#10953,#1111);
#408=LINE('',#10955,#1112);
#409=LINE('',#10957,#1113);
#410=LINE('',#10959,#1114);
#411=LINE('',#10962,#1115);
#412=LINE('',#10966,#1116);
#413=LINE('',#10968,#1117);
#414=LINE('',#10970,#1118);
#415=LINE('',#10974,#1119);
#416=LINE('',#10979,#1120);
#417=LINE('',#10981,#1121);
#418=LINE('',#10983,#1122);
#419=LINE('',#10985,#1123);
#420=LINE('',#10987,#1124);
#421=LINE('',#10992,#1125);
#422=LINE('',#10993,#1126);
#423=LINE('',#10995,#1127);
#424=LINE('',#10999,#1128);
#425=LINE('',#11065,#1129);
#426=LINE('',#11068,#1130);
#427=LINE('',#11070,#1131);
#428=LINE('',#11072,#1132);
#429=LINE('',#11073,#1133);
#430=LINE('',#11076,#1134);
#431=LINE('',#11078,#1135);
#432=LINE('',#11080,#1136);
#433=LINE('',#11081,#1137);
#434=LINE('',#11084,#1138);
#435=LINE('',#11086,#1139);
#436=LINE('',#11088,#1140);
#437=LINE('',#11090,#1141);
#438=LINE('',#11092,#1142);
#439=LINE('',#11094,#1143);
#440=LINE('',#11096,#1144);
#441=LINE('',#11098,#1145);
#442=LINE('',#11100,#1146);
#443=LINE('',#11102,#1147);
#444=LINE('',#11104,#1148);
#445=LINE('',#11106,#1149);
#446=LINE('',#11108,#1150);
#447=LINE('',#11110,#1151);
#448=LINE('',#11112,#1152);
#449=LINE('',#11114,#1153);
#450=LINE('',#11116,#1154);
#451=LINE('',#11118,#1155);
#452=LINE('',#11121,#1156);
#453=LINE('',#11123,#1157);
#454=LINE('',#11125,#1158);
#455=LINE('',#11127,#1159);
#456=LINE('',#11129,#1160);
#457=LINE('',#11131,#1161);
#458=LINE('',#11133,#1162);
#459=LINE('',#11135,#1163);
#460=LINE('',#11137,#1164);
#461=LINE('',#11139,#1165);
#462=LINE('',#11143,#1166);
#463=LINE('',#11145,#1167);
#464=LINE('',#11147,#1168);
#465=LINE('',#11170,#1169);
#466=LINE('',#11174,#1170);
#467=LINE('',#11197,#1171);
#468=LINE('',#11198,#1172);
#469=LINE('',#11199,#1173);
#470=LINE('',#11201,#1174);
#471=LINE('',#11202,#1175);
#472=LINE('',#11203,#1176);
#473=LINE('',#11205,#1177);
#474=LINE('',#11206,#1178);
#475=LINE('',#11207,#1179);
#476=LINE('',#11209,#1180);
#477=LINE('',#11212,#1181);
#478=LINE('',#11213,#1182);
#479=LINE('',#11215,#1183);
#480=LINE('',#11217,#1184);
#481=LINE('',#11218,#1185);
#482=LINE('',#11220,#1186);
#483=LINE('',#11222,#1187);
#484=LINE('',#11224,#1188);
#485=LINE('',#11226,#1189);
#486=LINE('',#11228,#1190);
#487=LINE('',#11231,#1191);
#488=LINE('',#11233,#1192);
#489=LINE('',#11235,#1193);
#490=LINE('',#11237,#1194);
#491=LINE('',#11239,#1195);
#492=LINE('',#11241,#1196);
#493=LINE('',#11242,#1197);
#494=LINE('',#11244,#1198);
#495=LINE('',#11246,#1199);
#496=LINE('',#11247,#1200);
#497=LINE('',#11249,#1201);
#498=LINE('',#11251,#1202);
#499=LINE('',#11253,#1203);
#500=LINE('',#11255,#1204);
#501=LINE('',#11256,#1205);
#502=LINE('',#11259,#1206);
#503=LINE('',#11261,#1207);
#504=LINE('',#11263,#1208);
#505=LINE('',#11264,#1209);
#506=LINE('',#11267,#1210);
#507=LINE('',#11269,#1211);
#508=LINE('',#11271,#1212);
#509=LINE('',#11273,#1213);
#510=LINE('',#11276,#1214);
#511=LINE('',#11278,#1215);
#512=LINE('',#11279,#1216);
#513=LINE('',#11281,#1217);
#514=LINE('',#11283,#1218);
#515=LINE('',#11285,#1219);
#516=LINE('',#11286,#1220);
#517=LINE('',#11288,#1221);
#518=LINE('',#11290,#1222);
#519=LINE('',#11292,#1223);
#520=LINE('',#11305,#1224);
#521=LINE('',#11309,#1225);
#522=LINE('',#11311,#1226);
#523=LINE('',#11313,#1227);
#524=LINE('',#11315,#1228);
#525=LINE('',#11317,#1229);
#526=LINE('',#11320,#1230);
#527=LINE('',#11339,#1231);
#528=LINE('',#11341,#1232);
#529=LINE('',#11347,#1233);
#530=LINE('',#11349,#1234);
#531=LINE('',#11351,#1235);
#532=LINE('',#11370,#1236);
#533=LINE('',#11372,#1237);
#534=LINE('',#11375,#1238);
#535=LINE('',#11394,#1239);
#536=LINE('',#11396,#1240);
#537=LINE('',#11402,#1241);
#538=LINE('',#11404,#1242);
#539=LINE('',#11406,#1243);
#540=LINE('',#11425,#1244);
#541=LINE('',#11430,#1245);
#542=LINE('',#11436,#1246);
#543=LINE('',#11438,#1247);
#544=LINE('',#11442,#1248);
#545=LINE('',#11444,#1249);
#546=LINE('',#11446,#1250);
#547=LINE('',#11448,#1251);
#548=LINE('',#11449,#1252);
#549=LINE('',#11451,#1253);
#550=LINE('',#11453,#1254);
#551=LINE('',#11456,#1255);
#552=LINE('',#11458,#1256);
#553=LINE('',#11460,#1257);
#554=LINE('',#11462,#1258);
#555=LINE('',#11464,#1259);
#556=LINE('',#11466,#1260);
#557=LINE('',#11468,#1261);
#558=LINE('',#11470,#1262);
#559=LINE('',#11471,#1263);
#560=LINE('',#11473,#1264);
#561=LINE('',#11481,#1265);
#562=LINE('',#11485,#1266);
#563=LINE('',#11489,#1267);
#564=LINE('',#11493,#1268);
#565=LINE('',#11501,#1269);
#566=LINE('',#11505,#1270);
#567=LINE('',#11513,#1271);
#568=LINE('',#11517,#1272);
#569=LINE('',#11528,#1273);
#570=LINE('',#11532,#1274);
#571=LINE('',#11536,#1275);
#572=LINE('',#11540,#1276);
#573=LINE('',#11548,#1277);
#574=LINE('',#11552,#1278);
#575=LINE('',#11560,#1279);
#576=LINE('',#11564,#1280);
#577=LINE('',#11572,#1281);
#578=LINE('',#11576,#1282);
#579=LINE('',#11580,#1283);
#580=LINE('',#11584,#1284);
#581=LINE('',#11586,#1285);
#582=LINE('',#11595,#1286);
#583=LINE('',#11599,#1287);
#584=LINE('',#11603,#1288);
#585=LINE('',#11607,#1289);
#586=LINE('',#11615,#1290);
#587=LINE('',#11619,#1291);
#588=LINE('',#11627,#1292);
#589=LINE('',#11631,#1293);
#590=LINE('',#11639,#1294);
#591=LINE('',#11643,#1295);
#592=LINE('',#11647,#1296);
#593=LINE('',#11651,#1297);
#594=LINE('',#11665,#1298);
#595=LINE('',#11669,#1299);
#596=LINE('',#11677,#1300);
#597=LINE('',#11681,#1301);
#598=LINE('',#11689,#1302);
#599=LINE('',#11693,#1303);
#600=LINE('',#11697,#1304);
#601=LINE('',#11700,#1305);
#602=LINE('',#11702,#1306);
#603=LINE('',#11706,#1307);
#604=LINE('',#11708,#1308);
#605=LINE('',#11712,#1309);
#606=LINE('',#11715,#1310);
#607=LINE('',#11716,#1311);
#608=LINE('',#11719,#1312);
#609=LINE('',#11723,#1313);
#610=LINE('',#11725,#1314);
#611=LINE('',#11729,#1315);
#612=LINE('',#11731,#1316);
#613=LINE('',#11735,#1317);
#614=LINE('',#11737,#1318);
#615=LINE('',#11746,#1319);
#616=LINE('',#11749,#1320);
#617=LINE('',#11752,#1321);
#618=LINE('',#11756,#1322);
#619=LINE('',#11758,#1323);
#620=LINE('',#11762,#1324);
#621=LINE('',#11764,#1325);
#622=LINE('',#11776,#1326);
#623=LINE('',#11778,#1327);
#624=LINE('',#11782,#1328);
#625=LINE('',#11784,#1329);
#626=LINE('',#11786,#1330);
#627=LINE('',#11804,#1331);
#628=LINE('',#11805,#1332);
#629=LINE('',#11825,#1333);
#630=LINE('',#11826,#1334);
#631=LINE('',#11845,#1335);
#632=LINE('',#11847,#1336);
#633=LINE('',#11866,#1337);
#634=LINE('',#11868,#1338);
#635=LINE('',#11870,#1339);
#636=LINE('',#11874,#1340);
#637=LINE('',#11879,#1341);
#638=LINE('',#11885,#1342);
#639=LINE('',#11889,#1343);
#640=LINE('',#11891,#1344);
#641=LINE('',#11896,#1345);
#642=LINE('',#11914,#1346);
#643=LINE('',#11916,#1347);
#644=LINE('',#11935,#1348);
#645=LINE('',#11939,#1349);
#646=LINE('',#11957,#1350);
#647=LINE('',#11959,#1351);
#648=LINE('',#11978,#1352);
#649=LINE('',#11982,#1353);
#650=LINE('',#11984,#1354);
#651=LINE('',#11986,#1355);
#652=LINE('',#11990,#1356);
#653=LINE('',#11992,#1357);
#654=LINE('',#11996,#1358);
#655=LINE('',#11998,#1359);
#656=LINE('',#12000,#1360);
#657=LINE('',#12004,#1361);
#658=LINE('',#12006,#1362);
#659=LINE('',#12024,#1363);
#660=LINE('',#12026,#1364);
#661=LINE('',#12047,#1365);
#662=LINE('',#12049,#1366);
#663=LINE('',#12067,#1367);
#664=LINE('',#12075,#1368);
#665=LINE('',#12076,#1369);
#666=LINE('',#12078,#1370);
#667=LINE('',#12080,#1371);
#668=LINE('',#12101,#1372);
#669=LINE('',#12103,#1373);
#670=LINE('',#12105,#1374);
#671=LINE('',#12107,#1375);
#672=LINE('',#12108,#1376);
#673=LINE('',#12110,#1377);
#674=LINE('',#12131,#1378);
#675=LINE('',#12133,#1379);
#676=LINE('',#12135,#1380);
#677=LINE('',#12137,#1381);
#678=LINE('',#12141,#1382);
#679=LINE('',#12143,#1383);
#680=LINE('',#12145,#1384);
#681=LINE('',#12150,#1385);
#682=LINE('',#12172,#1386);
#683=LINE('',#12173,#1387);
#684=LINE('',#12175,#1388);
#685=LINE('',#12177,#1389);
#686=LINE('',#12179,#1390);
#687=LINE('',#12181,#1391);
#688=LINE('',#12188,#1392);
#689=LINE('',#12206,#1393);
#690=LINE('',#12208,#1394);
#691=LINE('',#12210,#1395);
#692=LINE('',#12229,#1396);
#693=LINE('',#12231,#1397);
#694=LINE('',#12235,#1398);
#695=LINE('',#12237,#1399);
#696=LINE('',#12239,#1400);
#697=LINE('',#12241,#1401);
#698=LINE('',#12245,#1402);
#699=LINE('',#12249,#1403);
#700=LINE('',#12251,#1404);
#701=LINE('',#12253,#1405);
#702=LINE('',#12255,#1406);
#703=LINE('',#12259,#1407);
#704=LINE('',#12260,#1408);
#705=LINE('',#12262,#1409);
#706=LINE('',#12283,#1410);
#707=LINE('',#12285,#1411);
#708=LINE('',#12287,#1412);
#709=LINE('',#12296,#1413);
#710=LINE('',#12298,#1414);
#711=LINE('',#12317,#1415);
#712=LINE('',#12319,#1416);
#713=LINE('',#12323,#1417);
#714=LINE('',#12327,#1418);
#715=LINE('',#12345,#1419);
#716=LINE('',#12347,#1420);
#717=LINE('',#12349,#1421);
#718=LINE('',#12370,#1422);
#719=LINE('',#12375,#1423);
#720=LINE('',#12377,#1424);
#721=LINE('',#12381,#1425);
#722=LINE('',#12386,#1426);
#723=LINE('',#12387,#1427);
#724=LINE('',#12389,#1428);
#725=LINE('',#12391,#1429);
#726=LINE('',#12393,#1430);
#727=LINE('',#12395,#1431);
#728=LINE('',#12398,#1432);
#729=LINE('',#12400,#1433);
#730=LINE('',#12402,#1434);
#731=LINE('',#12404,#1435);
#732=LINE('',#12406,#1436);
#733=LINE('',#12408,#1437);
#734=LINE('',#12410,#1438);
#735=LINE('',#12413,#1439);
#736=LINE('',#12415,#1440);
#737=LINE('',#12417,#1441);
#738=LINE('',#12419,#1442);
#739=LINE('',#12421,#1443);
#740=LINE('',#12426,#1444);
#741=LINE('',#12428,#1445);
#742=LINE('',#12429,#1446);
#743=LINE('',#12431,#1447);
#744=LINE('',#12433,#1448);
#745=LINE('',#12434,#1449);
#746=LINE('',#12436,#1450);
#747=LINE('',#12437,#1451);
#748=LINE('',#12439,#1452);
#749=LINE('',#12441,#1453);
#750=LINE('',#12445,#1454);
#751=LINE('',#12447,#1455);
#752=LINE('',#12449,#1456);
#753=LINE('',#12451,#1457);
#754=LINE('',#12453,#1458);
#755=LINE('',#12456,#1459);
#756=LINE('',#12461,#1460);
#757=LINE('',#12465,#1461);
#758=LINE('',#12467,#1462);
#759=LINE('',#12469,#1463);
#760=LINE('',#12471,#1464);
#761=LINE('',#12474,#1465);
#762=LINE('',#12476,#1466);
#763=LINE('',#12478,#1467);
#764=LINE('',#12479,#1468);
#765=LINE('',#12481,#1469);
#766=LINE('',#12483,#1470);
#767=LINE('',#12487,#1471);
#768=LINE('',#12491,#1472);
#769=LINE('',#12496,#1473);
#770=LINE('',#12498,#1474);
#771=LINE('',#12502,#1475);
#772=LINE('',#12504,#1476);
#773=LINE('',#12508,#1477);
#774=LINE('',#12512,#1478);
#775=LINE('',#12516,#1479);
#776=LINE('',#12518,#1480);
#777=LINE('',#12521,#1481);
#778=LINE('',#12523,#1482);
#779=LINE('',#12525,#1483);
#780=LINE('',#12530,#1484);
#781=LINE('',#12533,#1485);
#782=LINE('',#12535,#1486);
#783=LINE('',#12537,#1487);
#784=LINE('',#12539,#1488);
#785=LINE('',#12541,#1489);
#786=LINE('',#12543,#1490);
#787=LINE('',#12545,#1491);
#788=LINE('',#12547,#1492);
#789=LINE('',#12549,#1493);
#790=LINE('',#12551,#1494);
#791=LINE('',#12553,#1495);
#792=LINE('',#12555,#1496);
#793=LINE('',#12558,#1497);
#794=LINE('',#12562,#1498);
#795=LINE('',#12564,#1499);
#796=LINE('',#12566,#1500);
#797=LINE('',#12568,#1501);
#798=LINE('',#12571,#1502);
#799=LINE('',#12573,#1503);
#800=LINE('',#12575,#1504);
#801=LINE('',#12577,#1505);
#802=LINE('',#12581,#1506);
#803=LINE('',#12583,#1507);
#804=LINE('',#12587,#1508);
#805=LINE('',#12589,#1509);
#806=LINE('',#12591,#1510);
#807=LINE('',#12593,#1511);
#808=LINE('',#12597,#1512);
#809=LINE('',#12601,#1513);
#810=LINE('',#12603,#1514);
#811=LINE('',#12605,#1515);
#812=LINE('',#12608,#1516);
#813=LINE('',#12610,#1517);
#814=LINE('',#12614,#1518);
#815=LINE('',#12616,#1519);
#816=LINE('',#12618,#1520);
#817=LINE('',#12620,#1521);
#818=LINE('',#12622,#1522);
#819=LINE('',#12624,#1523);
#820=LINE('',#12628,#1524);
#821=LINE('',#12630,#1525);
#822=LINE('',#12632,#1526);
#823=LINE('',#12634,#1527);
#824=LINE('',#12636,#1528);
#825=LINE('',#12640,#1529);
#826=LINE('',#12642,#1530);
#827=LINE('',#12644,#1531);
#828=LINE('',#12646,#1532);
#829=LINE('',#12648,#1533);
#830=LINE('',#12650,#1534);
#831=LINE('',#12654,#1535);
#832=LINE('',#12656,#1536);
#833=LINE('',#12658,#1537);
#834=LINE('',#12660,#1538);
#835=LINE('',#12666,#1539);
#836=LINE('',#12668,#1540);
#837=LINE('',#12670,#1541);
#838=LINE('',#12676,#1542);
#839=LINE('',#12679,#1543);
#840=LINE('',#12681,#1544);
#841=LINE('',#12683,#1545);
#842=LINE('',#12685,#1546);
#843=LINE('',#12687,#1547);
#844=LINE('',#12689,#1548);
#845=LINE('',#12691,#1549);
#846=LINE('',#12693,#1550);
#847=LINE('',#12695,#1551);
#848=LINE('',#12697,#1552);
#849=LINE('',#12699,#1553);
#850=LINE('',#12700,#1554);
#851=LINE('',#12701,#1555);
#852=LINE('',#12703,#1556);
#853=LINE('',#12705,#1557);
#854=LINE('',#12706,#1558);
#855=LINE('',#12707,#1559);
#856=LINE('',#12711,#1560);
#857=LINE('',#12716,#1561);
#858=LINE('',#12718,#1562);
#859=LINE('',#12720,#1563);
#860=LINE('',#12722,#1564);
#861=LINE('',#12725,#1565);
#862=LINE('',#12727,#1566);
#863=LINE('',#12729,#1567);
#864=LINE('',#12731,#1568);
#865=LINE('',#12733,#1569);
#866=LINE('',#12735,#1570);
#867=LINE('',#12737,#1571);
#868=LINE('',#12739,#1572);
#869=LINE('',#12741,#1573);
#870=LINE('',#12743,#1574);
#871=LINE('',#12745,#1575);
#872=LINE('',#12746,#1576);
#873=LINE('',#12747,#1577);
#874=LINE('',#12749,#1578);
#875=LINE('',#12751,#1579);
#876=LINE('',#12752,#1580);
#877=LINE('',#12753,#1581);
#878=LINE('',#12757,#1582);
#879=LINE('',#12762,#1583);
#880=LINE('',#12764,#1584);
#881=LINE('',#12766,#1585);
#882=LINE('',#12768,#1586);
#883=LINE('',#12773,#1587);
#884=LINE('',#12777,#1588);
#885=LINE('',#12779,#1589);
#886=LINE('',#12781,#1590);
#887=LINE('',#12783,#1591);
#888=LINE('',#12786,#1592);
#889=LINE('',#12788,#1593);
#890=LINE('',#12790,#1594);
#891=LINE('',#12791,#1595);
#892=LINE('',#12793,#1596);
#893=LINE('',#12795,#1597);
#894=LINE('',#12799,#1598);
#895=LINE('',#12803,#1599);
#896=LINE('',#12809,#1600);
#897=LINE('',#12811,#1601);
#898=LINE('',#12815,#1602);
#899=LINE('',#12817,#1603);
#900=LINE('',#12821,#1604);
#901=LINE('',#12825,#1605);
#902=LINE('',#12829,#1606);
#903=LINE('',#12831,#1607);
#904=LINE('',#12834,#1608);
#905=LINE('',#12836,#1609);
#906=LINE('',#12838,#1610);
#907=LINE('',#12843,#1611);
#908=LINE('',#12846,#1612);
#909=LINE('',#12848,#1613);
#910=LINE('',#12850,#1614);
#911=LINE('',#12852,#1615);
#912=LINE('',#12854,#1616);
#913=LINE('',#12856,#1617);
#914=LINE('',#12858,#1618);
#915=LINE('',#12860,#1619);
#916=LINE('',#12862,#1620);
#917=LINE('',#12864,#1621);
#918=LINE('',#12866,#1622);
#919=LINE('',#12868,#1623);
#920=LINE('',#12871,#1624);
#921=LINE('',#12875,#1625);
#922=LINE('',#12877,#1626);
#923=LINE('',#12879,#1627);
#924=LINE('',#12881,#1628);
#925=LINE('',#12884,#1629);
#926=LINE('',#12886,#1630);
#927=LINE('',#12888,#1631);
#928=LINE('',#12890,#1632);
#929=LINE('',#12894,#1633);
#930=LINE('',#12896,#1634);
#931=LINE('',#12900,#1635);
#932=LINE('',#12902,#1636);
#933=LINE('',#12904,#1637);
#934=LINE('',#12906,#1638);
#935=LINE('',#12910,#1639);
#936=LINE('',#12914,#1640);
#937=LINE('',#12916,#1641);
#938=LINE('',#12918,#1642);
#939=LINE('',#12921,#1643);
#940=LINE('',#12923,#1644);
#941=LINE('',#12927,#1645);
#942=LINE('',#12929,#1646);
#943=LINE('',#12931,#1647);
#944=LINE('',#12933,#1648);
#945=LINE('',#12935,#1649);
#946=LINE('',#12937,#1650);
#947=LINE('',#12941,#1651);
#948=LINE('',#12943,#1652);
#949=LINE('',#12945,#1653);
#950=LINE('',#12947,#1654);
#951=LINE('',#12949,#1655);
#952=LINE('',#12953,#1656);
#953=LINE('',#12955,#1657);
#954=LINE('',#12957,#1658);
#955=LINE('',#12959,#1659);
#956=LINE('',#12961,#1660);
#957=LINE('',#12963,#1661);
#958=LINE('',#12967,#1662);
#959=LINE('',#12969,#1663);
#960=LINE('',#12971,#1664);
#961=LINE('',#12973,#1665);
#962=LINE('',#12979,#1666);
#963=LINE('',#12981,#1667);
#964=LINE('',#12983,#1668);
#965=LINE('',#12989,#1669);
#966=LINE('',#12992,#1670);
#967=LINE('',#12994,#1671);
#968=LINE('',#12996,#1672);
#969=LINE('',#12998,#1673);
#970=LINE('',#13000,#1674);
#971=LINE('',#13002,#1675);
#972=LINE('',#13004,#1676);
#973=LINE('',#13007,#1677);
#974=LINE('',#13009,#1678);
#975=LINE('',#13011,#1679);
#976=LINE('',#13013,#1680);
#977=LINE('',#13015,#1681);
#978=LINE('',#13017,#1682);
#979=LINE('',#13018,#1683);
#980=LINE('',#13020,#1684);
#981=LINE('',#13024,#1685);
#982=LINE('',#13026,#1686);
#983=LINE('',#13027,#1687);
#984=LINE('',#13029,#1688);
#985=LINE('',#13030,#1689);
#986=LINE('',#13032,#1690);
#987=LINE('',#13033,#1691);
#988=LINE('',#13035,#1692);
#989=LINE('',#13037,#1693);
#990=LINE('',#13041,#1694);
#991=LINE('',#13043,#1695);
#992=LINE('',#13045,#1696);
#993=LINE('',#13047,#1697);
#994=LINE('',#13049,#1698);
#995=LINE('',#13052,#1699);
#996=LINE('',#13053,#1700);
#997=LINE('',#13056,#1701);
#998=LINE('',#13058,#1702);
#999=LINE('',#13059,#1703);
#1000=LINE('',#13061,#1704);
#1001=LINE('',#13063,#1705);
#1002=LINE('',#13065,#1706);
#1003=LINE('',#13066,#1707);
#1004=LINE('',#13069,#1708);
#1005=LINE('',#13071,#1709);
#1006=LINE('',#13073,#1710);
#1007=LINE('',#13075,#1711);
#1008=LINE('',#13077,#1712);
#1009=LINE('',#13078,#1713);
#1010=LINE('',#13080,#1714);
#1011=LINE('',#13082,#1715);
#1012=LINE('',#13083,#1716);
#1013=LINE('',#13158,#1717);
#1014=LINE('',#13160,#1718);
#1015=LINE('',#13162,#1719);
#1016=LINE('',#13164,#1720);
#1017=LINE('',#13166,#1721);
#1018=LINE('',#13168,#1722);
#1019=LINE('',#13170,#1723);
#1020=LINE('',#13172,#1724);
#1021=LINE('',#13175,#1725);
#1022=LINE('',#13178,#1726);
#1023=LINE('',#13179,#1727);
#1024=LINE('',#13180,#1728);
#1025=LINE('',#13181,#1729);
#1026=LINE('',#13182,#1730);
#1027=LINE('',#13183,#1731);
#1028=LINE('',#13184,#1732);
#1029=LINE('',#13186,#1733);
#1030=LINE('',#13188,#1734);
#1031=LINE('',#13190,#1735);
#1032=LINE('',#13191,#1736);
#1033=LINE('',#13193,#1737);
#1034=LINE('',#13195,#1738);
#1035=LINE('',#13197,#1739);
#1036=LINE('',#13198,#1740);
#1037=LINE('',#13200,#1741);
#1038=LINE('',#13202,#1742);
#1039=LINE('',#13204,#1743);
#1040=LINE('',#13205,#1744);
#1041=LINE('',#13207,#1745);
#1042=LINE('',#13209,#1746);
#1043=LINE('',#13211,#1747);
#1044=LINE('',#13212,#1748);
#1045=LINE('',#13214,#1749);
#1046=LINE('',#13232,#1750);
#1047=LINE('',#13234,#1751);
#1048=LINE('',#13236,#1752);
#1049=LINE('',#13252,#1753);
#1050=LINE('',#13254,#1754);
#1051=LINE('',#13256,#1755);
#1052=LINE('',#13258,#1756);
#1053=LINE('',#13260,#1757);
#1054=LINE('',#13262,#1758);
#1055=LINE('',#13264,#1759);
#1056=LINE('',#13266,#1760);
#1057=LINE('',#13288,#1761);
#1058=LINE('',#13289,#1762);
#1059=VECTOR('',#8259,1.);
#1060=VECTOR('',#8266,1.);
#1061=VECTOR('',#8273,1.);
#1062=VECTOR('',#8276,1.);
#1063=VECTOR('',#8277,1.);
#1064=VECTOR('',#8278,1.);
#1065=VECTOR('',#8281,1.);
#1066=VECTOR('',#8284,1.);
#1067=VECTOR('',#8285,1.);
#1068=VECTOR('',#8286,1.);
#1069=VECTOR('',#8289,1.);
#1070=VECTOR('',#8290,1.);
#1071=VECTOR('',#8293,1.);
#1072=VECTOR('',#8296,1.);
#1073=VECTOR('',#8299,1.);
#1074=VECTOR('',#8302,1.);
#1075=VECTOR('',#8305,1.);
#1076=VECTOR('',#8308,1.);
#1077=VECTOR('',#8311,1.);
#1078=VECTOR('',#8314,1.);
#1079=VECTOR('',#8317,1.);
#1080=VECTOR('',#8320,1.);
#1081=VECTOR('',#8323,1.);
#1082=VECTOR('',#8326,1.);
#1083=VECTOR('',#8329,1.);
#1084=VECTOR('',#8336,1.);
#1085=VECTOR('',#8337,1.);
#1086=VECTOR('',#8342,1.);
#1087=VECTOR('',#8345,1.);
#1088=VECTOR('',#8352,1.);
#1089=VECTOR('',#8355,1.);
#1090=VECTOR('',#8364,1.);
#1091=VECTOR('',#8365,1.);
#1092=VECTOR('',#8370,1.);
#1093=VECTOR('',#8373,1.);
#1094=VECTOR('',#8380,1.);
#1095=VECTOR('',#8381,1.);
#1096=VECTOR('',#8386,1.);
#1097=VECTOR('',#8389,1.);
#1098=VECTOR('',#8396,1.);
#1099=VECTOR('',#8397,1.);
#1100=VECTOR('',#8400,1.);
#1101=VECTOR('',#8401,1.);
#1102=VECTOR('',#8408,1.);
#1103=VECTOR('',#8409,1.);
#1104=VECTOR('',#8416,1.);
#1105=VECTOR('',#8417,1.);
#1106=VECTOR('',#8422,1.);
#1107=VECTOR('',#8423,1.);
#1108=VECTOR('',#8424,1.);
#1109=VECTOR('',#8425,1.);
#1110=VECTOR('',#8428,1.);
#1111=VECTOR('',#8429,1.);
#1112=VECTOR('',#8430,1.);
#1113=VECTOR('',#8431,1.);
#1114=VECTOR('',#8434,1.);
#1115=VECTOR('',#8435,1.);
#1116=VECTOR('',#8438,1.);
#1117=VECTOR('',#8439,1.);
#1118=VECTOR('',#8440,1.);
#1119=VECTOR('',#8445,1.);
#1120=VECTOR('',#8448,1.);
#1121=VECTOR('',#8449,1.);
#1122=VECTOR('',#8450,1.);
#1123=VECTOR('',#8451,1.);
#1124=VECTOR('',#8452,1.);
#1125=VECTOR('',#8457,1.);
#1126=VECTOR('',#8458,1.);
#1127=VECTOR('',#8461,1.);
#1128=VECTOR('',#8464,1.);
#1129=VECTOR('',#8479,1.);
#1130=VECTOR('',#8480,1.);
#1131=VECTOR('',#8481,1.);
#1132=VECTOR('',#8482,1.);
#1133=VECTOR('',#8483,1.);
#1134=VECTOR('',#8484,1.);
#1135=VECTOR('',#8485,1.);
#1136=VECTOR('',#8486,1.);
#1137=VECTOR('',#8487,1.);
#1138=VECTOR('',#8488,1.);
#1139=VECTOR('',#8489,1.);
#1140=VECTOR('',#8490,1.);
#1141=VECTOR('',#8491,1.);
#1142=VECTOR('',#8492,1.);
#1143=VECTOR('',#8493,1.);
#1144=VECTOR('',#8494,1.);
#1145=VECTOR('',#8495,1.);
#1146=VECTOR('',#8496,1.);
#1147=VECTOR('',#8497,1.);
#1148=VECTOR('',#8498,1.);
#1149=VECTOR('',#8499,1.);
#1150=VECTOR('',#8500,1.);
#1151=VECTOR('',#8501,1.);
#1152=VECTOR('',#8502,1.);
#1153=VECTOR('',#8503,1.);
#1154=VECTOR('',#8504,1.);
#1155=VECTOR('',#8507,1.);
#1156=VECTOR('',#8508,1.);
#1157=VECTOR('',#8509,1.);
#1158=VECTOR('',#8510,1.);
#1159=VECTOR('',#8513,1.);
#1160=VECTOR('',#8514,1.);
#1161=VECTOR('',#8515,1.);
#1162=VECTOR('',#8516,1.);
#1163=VECTOR('',#8517,1.);
#1164=VECTOR('',#8520,1.);
#1165=VECTOR('',#8521,1.);
#1166=VECTOR('',#8524,1.);
#1167=VECTOR('',#8525,1.);
#1168=VECTOR('',#8526,1.);
#1169=VECTOR('',#8533,1.);
#1170=VECTOR('',#8538,1.);
#1171=VECTOR('',#8545,1.);
#1172=VECTOR('',#8546,1.);
#1173=VECTOR('',#8547,1.);
#1174=VECTOR('',#8550,1.);
#1175=VECTOR('',#8551,1.);
#1176=VECTOR('',#8552,1.);
#1177=VECTOR('',#8555,1.);
#1178=VECTOR('',#8556,1.);
#1179=VECTOR('',#8557,1.);
#1180=VECTOR('',#8560,1.);
#1181=VECTOR('',#8561,1.);
#1182=VECTOR('',#8562,1.);
#1183=VECTOR('',#8563,1.);
#1184=VECTOR('',#8564,1.);
#1185=VECTOR('',#8565,1.);
#1186=VECTOR('',#8566,1.);
#1187=VECTOR('',#8567,1.);
#1188=VECTOR('',#8568,1.);
#1189=VECTOR('',#8569,1.);
#1190=VECTOR('',#8572,1.);
#1191=VECTOR('',#8573,1.);
#1192=VECTOR('',#8574,1.);
#1193=VECTOR('',#8575,1.);
#1194=VECTOR('',#8576,1.);
#1195=VECTOR('',#8577,1.);
#1196=VECTOR('',#8578,1.);
#1197=VECTOR('',#8579,1.);
#1198=VECTOR('',#8580,1.);
#1199=VECTOR('',#8581,1.);
#1200=VECTOR('',#8582,1.);
#1201=VECTOR('',#8583,1.);
#1202=VECTOR('',#8584,1.);
#1203=VECTOR('',#8585,1.);
#1204=VECTOR('',#8586,1.);
#1205=VECTOR('',#8587,1.);
#1206=VECTOR('',#8588,1.);
#1207=VECTOR('',#8589,1.);
#1208=VECTOR('',#8590,1.);
#1209=VECTOR('',#8591,1.);
#1210=VECTOR('',#8592,1.);
#1211=VECTOR('',#8593,1.);
#1212=VECTOR('',#8594,1.);
#1213=VECTOR('',#8597,1.);
#1214=VECTOR('',#8598,1.);
#1215=VECTOR('',#8599,1.);
#1216=VECTOR('',#8600,1.);
#1217=VECTOR('',#8601,1.);
#1218=VECTOR('',#8602,1.);
#1219=VECTOR('',#8603,1.);
#1220=VECTOR('',#8604,1.);
#1221=VECTOR('',#8605,1.);
#1222=VECTOR('',#8606,1.);
#1223=VECTOR('',#8607,1.);
#1224=VECTOR('',#8624,1.);
#1225=VECTOR('',#8627,1.);
#1226=VECTOR('',#8630,1.);
#1227=VECTOR('',#8631,1.);
#1228=VECTOR('',#8632,1.);
#1229=VECTOR('',#8635,1.);
#1230=VECTOR('',#8636,1.);
#1231=VECTOR('',#8637,1.);
#1232=VECTOR('',#8638,1.);
#1233=VECTOR('',#8645,1.);
#1234=VECTOR('',#8648,1.);
#1235=VECTOR('',#8649,1.);
#1236=VECTOR('',#8650,1.);
#1237=VECTOR('',#8653,1.);
#1238=VECTOR('',#8654,1.);
#1239=VECTOR('',#8655,1.);
#1240=VECTOR('',#8656,1.);
#1241=VECTOR('',#8663,1.);
#1242=VECTOR('',#8666,1.);
#1243=VECTOR('',#8667,1.);
#1244=VECTOR('',#8668,1.);
#1245=VECTOR('',#8677,1.);
#1246=VECTOR('',#8684,1.);
#1247=VECTOR('',#8685,1.);
#1248=VECTOR('',#8688,1.);
#1249=VECTOR('',#8689,1.);
#1250=VECTOR('',#8690,1.);
#1251=VECTOR('',#8691,1.);
#1252=VECTOR('',#8692,1.);
#1253=VECTOR('',#8693,1.);
#1254=VECTOR('',#8694,1.);
#1255=VECTOR('',#8697,1.);
#1256=VECTOR('',#8698,1.);
#1257=VECTOR('',#8699,1.);
#1258=VECTOR('',#8700,1.);
#1259=VECTOR('',#8701,1.);
#1260=VECTOR('',#8702,1.);
#1261=VECTOR('',#8703,1.);
#1262=VECTOR('',#8704,1.);
#1263=VECTOR('',#8705,1.);
#1264=VECTOR('',#8706,1.);
#1265=VECTOR('',#8713,1.);
#1266=VECTOR('',#8716,1.);
#1267=VECTOR('',#8719,1.);
#1268=VECTOR('',#8722,1.);
#1269=VECTOR('',#8729,1.);
#1270=VECTOR('',#8732,1.);
#1271=VECTOR('',#8739,1.);
#1272=VECTOR('',#8742,1.);
#1273=VECTOR('',#8753,1.);
#1274=VECTOR('',#8756,1.);
#1275=VECTOR('',#8759,1.);
#1276=VECTOR('',#8762,1.);
#1277=VECTOR('',#8769,1.);
#1278=VECTOR('',#8772,1.);
#1279=VECTOR('',#8779,1.);
#1280=VECTOR('',#8782,1.);
#1281=VECTOR('',#8789,1.);
#1282=VECTOR('',#8792,1.);
#1283=VECTOR('',#8795,1.);
#1284=VECTOR('',#8798,1.);
#1285=VECTOR('',#8801,1.);
#1286=VECTOR('',#8808,1.);
#1287=VECTOR('',#8811,1.);
#1288=VECTOR('',#8814,1.);
#1289=VECTOR('',#8817,1.);
#1290=VECTOR('',#8824,1.);
#1291=VECTOR('',#8827,1.);
#1292=VECTOR('',#8834,1.);
#1293=VECTOR('',#8837,1.);
#1294=VECTOR('',#8844,1.);
#1295=VECTOR('',#8847,1.);
#1296=VECTOR('',#8850,1.);
#1297=VECTOR('',#8853,1.);
#1298=VECTOR('',#8868,1.);
#1299=VECTOR('',#8871,1.);
#1300=VECTOR('',#8878,1.);
#1301=VECTOR('',#8881,1.);
#1302=VECTOR('',#8888,1.);
#1303=VECTOR('',#8891,1.);
#1304=VECTOR('',#8894,1.);
#1305=VECTOR('',#8897,1.);
#1306=VECTOR('',#8898,1.);
#1307=VECTOR('',#8901,1.);
#1308=VECTOR('',#8902,1.);
#1309=VECTOR('',#8905,1.);
#1310=VECTOR('',#8908,1.);
#1311=VECTOR('',#8909,1.);
#1312=VECTOR('',#8910,1.);
#1313=VECTOR('',#8913,1.);
#1314=VECTOR('',#8914,1.);
#1315=VECTOR('',#8917,1.);
#1316=VECTOR('',#8918,1.);
#1317=VECTOR('',#8921,1.);
#1318=VECTOR('',#8922,1.);
#1319=VECTOR('',#8931,1.);
#1320=VECTOR('',#8932,1.);
#1321=VECTOR('',#8935,1.);
#1322=VECTOR('',#8938,1.);
#1323=VECTOR('',#8939,1.);
#1324=VECTOR('',#8942,1.);
#1325=VECTOR('',#8943,1.);
#1326=VECTOR('',#8956,1.);
#1327=VECTOR('',#8957,1.);
#1328=VECTOR('',#8962,1.);
#1329=VECTOR('',#8965,1.);
#1330=VECTOR('',#8966,1.);
#1331=VECTOR('',#8969,1.);
#1332=VECTOR('',#8970,1.);
#1333=VECTOR('',#8975,1.);
#1334=VECTOR('',#8976,1.);
#1335=VECTOR('',#8979,1.);
#1336=VECTOR('',#8980,1.);
#1337=VECTOR('',#8985,1.);
#1338=VECTOR('',#8986,1.);
#1339=VECTOR('',#8987,1.);
#1340=VECTOR('',#8992,1.);
#1341=VECTOR('',#8999,1.);
#1342=VECTOR('',#9006,1.);
#1343=VECTOR('',#9013,1.);
#1344=VECTOR('',#9014,1.);
#1345=VECTOR('',#9021,1.);
#1346=VECTOR('',#9022,1.);
#1347=VECTOR('',#9025,1.);
#1348=VECTOR('',#9028,1.);
#1349=VECTOR('',#9033,1.);
#1350=VECTOR('',#9036,1.);
#1351=VECTOR('',#9039,1.);
#1352=VECTOR('',#9042,1.);
#1353=VECTOR('',#9047,1.);
#1354=VECTOR('',#9050,1.);
#1355=VECTOR('',#9051,1.);
#1356=VECTOR('',#9056,1.);
#1357=VECTOR('',#9059,1.);
#1358=VECTOR('',#9064,1.);
#1359=VECTOR('',#9065,1.);
#1360=VECTOR('',#9068,1.);
#1361=VECTOR('',#9071,1.);
#1362=VECTOR('',#9074,1.);
#1363=VECTOR('',#9077,1.);
#1364=VECTOR('',#9080,1.);
#1365=VECTOR('',#9085,1.);
#1366=VECTOR('',#9088,1.);
#1367=VECTOR('',#9091,1.);
#1368=VECTOR('',#9100,1.);
#1369=VECTOR('',#9101,1.);
#1370=VECTOR('',#9104,1.);
#1371=VECTOR('',#9107,1.);
#1372=VECTOR('',#9112,1.);
#1373=VECTOR('',#9115,1.);
#1374=VECTOR('',#9116,1.);
#1375=VECTOR('',#9119,1.);
#1376=VECTOR('',#9120,1.);
#1377=VECTOR('',#9123,1.);
#1378=VECTOR('',#9128,1.);
#1379=VECTOR('',#9131,1.);
#1380=VECTOR('',#9132,1.);
#1381=VECTOR('',#9133,1.);
#1382=VECTOR('',#9138,1.);
#1383=VECTOR('',#9141,1.);
#1384=VECTOR('',#9142,1.);
#1385=VECTOR('',#9149,1.);
#1386=VECTOR('',#9154,1.);
#1387=VECTOR('',#9155,1.);
#1388=VECTOR('',#9158,1.);
#1389=VECTOR('',#9159,1.);
#1390=VECTOR('',#9162,1.);
#1391=VECTOR('',#9165,1.);
#1392=VECTOR('',#9174,1.);
#1393=VECTOR('',#9175,1.);
#1394=VECTOR('',#9178,1.);
#1395=VECTOR('',#9181,1.);
#1396=VECTOR('',#9184,1.);
#1397=VECTOR('',#9185,1.);
#1398=VECTOR('',#9190,1.);
#1399=VECTOR('',#9193,1.);
#1400=VECTOR('',#9196,1.);
#1401=VECTOR('',#9197,1.);
#1402=VECTOR('',#9202,1.);
#1403=VECTOR('',#9207,1.);
#1404=VECTOR('',#9210,1.);
#1405=VECTOR('',#9211,1.);
#1406=VECTOR('',#9214,1.);
#1407=VECTOR('',#9219,1.);
#1408=VECTOR('',#9220,1.);
#1409=VECTOR('',#9223,1.);
#1410=VECTOR('',#9228,1.);
#1411=VECTOR('',#9231,1.);
#1412=VECTOR('',#9232,1.);
#1413=VECTOR('',#9245,1.);
#1414=VECTOR('',#9248,1.);
#1415=VECTOR('',#9251,1.);
#1416=VECTOR('',#9254,1.);
#1417=VECTOR('',#9259,1.);
#1418=VECTOR('',#9262,1.);
#1419=VECTOR('',#9265,1.);
#1420=VECTOR('',#9268,1.);
#1421=VECTOR('',#9271,1.);
#1422=VECTOR('',#9276,1.);
#1423=VECTOR('',#9283,1.);
#1424=VECTOR('',#9284,1.);
#1425=VECTOR('',#9289,1.);
#1426=VECTOR('',#9294,1.);
#1427=VECTOR('',#9295,1.);
#1428=VECTOR('',#9298,1.);
#1429=VECTOR('',#9301,1.);
#1430=VECTOR('',#9304,1.);
#1431=VECTOR('',#9307,1.);
#1432=VECTOR('',#9308,1.);
#1433=VECTOR('',#9309,1.);
#1434=VECTOR('',#9310,1.);
#1435=VECTOR('',#9313,1.);
#1436=VECTOR('',#9314,1.);
#1437=VECTOR('',#9315,1.);
#1438=VECTOR('',#9318,1.);
#1439=VECTOR('',#9319,1.);
#1440=VECTOR('',#9320,1.);
#1441=VECTOR('',#9321,1.);
#1442=VECTOR('',#9322,1.);
#1443=VECTOR('',#9325,1.);
#1444=VECTOR('',#9328,1.);
#1445=VECTOR('',#9329,1.);
#1446=VECTOR('',#9330,1.);
#1447=VECTOR('',#9333,1.);
#1448=VECTOR('',#9336,1.);
#1449=VECTOR('',#9337,1.);
#1450=VECTOR('',#9338,1.);
#1451=VECTOR('',#9339,1.);
#1452=VECTOR('',#9342,1.);
#1453=VECTOR('',#9345,1.);
#1454=VECTOR('',#9348,1.);
#1455=VECTOR('',#9349,1.);
#1456=VECTOR('',#9352,1.);
#1457=VECTOR('',#9355,1.);
#1458=VECTOR('',#9358,1.);
#1459=VECTOR('',#9363,1.);
#1460=VECTOR('',#9366,1.);
#1461=VECTOR('',#9371,1.);
#1462=VECTOR('',#9372,1.);
#1463=VECTOR('',#9373,1.);
#1464=VECTOR('',#9376,1.);
#1465=VECTOR('',#9377,1.);
#1466=VECTOR('',#9378,1.);
#1467=VECTOR('',#9379,1.);
#1468=VECTOR('',#9380,1.);
#1469=VECTOR('',#9381,1.);
#1470=VECTOR('',#9382,1.);
#1471=VECTOR('',#9385,1.);
#1472=VECTOR('',#9388,1.);
#1473=VECTOR('',#9393,1.);
#1474=VECTOR('',#9394,1.);
#1475=VECTOR('',#9397,1.);
#1476=VECTOR('',#9398,1.);
#1477=VECTOR('',#9401,1.);
#1478=VECTOR('',#9404,1.);
#1479=VECTOR('',#9407,1.);
#1480=VECTOR('',#9410,1.);
#1481=VECTOR('',#9411,1.);
#1482=VECTOR('',#9412,1.);
#1483=VECTOR('',#9413,1.);
#1484=VECTOR('',#9422,1.);
#1485=VECTOR('',#9423,1.);
#1486=VECTOR('',#9424,1.);
#1487=VECTOR('',#9425,1.);
#1488=VECTOR('',#9428,1.);
#1489=VECTOR('',#9429,1.);
#1490=VECTOR('',#9430,1.);
#1491=VECTOR('',#9433,1.);
#1492=VECTOR('',#9434,1.);
#1493=VECTOR('',#9437,1.);
#1494=VECTOR('',#9438,1.);
#1495=VECTOR('',#9441,1.);
#1496=VECTOR('',#9444,1.);
#1497=VECTOR('',#9445,1.);
#1498=VECTOR('',#9450,1.);
#1499=VECTOR('',#9451,1.);
#1500=VECTOR('',#9452,1.);
#1501=VECTOR('',#9455,1.);
#1502=VECTOR('',#9458,1.);
#1503=VECTOR('',#9461,1.);
#1504=VECTOR('',#9462,1.);
#1505=VECTOR('',#9465,1.);
#1506=VECTOR('',#9470,1.);
#1507=VECTOR('',#9471,1.);
#1508=VECTOR('',#9476,1.);
#1509=VECTOR('',#9479,1.);
#1510=VECTOR('',#9480,1.);
#1511=VECTOR('',#9483,1.);
#1512=VECTOR('',#9488,1.);
#1513=VECTOR('',#9493,1.);
#1514=VECTOR('',#9494,1.);
#1515=VECTOR('',#9497,1.);
#1516=VECTOR('',#9500,1.);
#1517=VECTOR('',#9503,1.);
#1518=VECTOR('',#9508,1.);
#1519=VECTOR('',#9509,1.);
#1520=VECTOR('',#9512,1.);
#1521=VECTOR('',#9513,1.);
#1522=VECTOR('',#9516,1.);
#1523=VECTOR('',#9517,1.);
#1524=VECTOR('',#9522,1.);
#1525=VECTOR('',#9525,1.);
#1526=VECTOR('',#9526,1.);
#1527=VECTOR('',#9527,1.);
#1528=VECTOR('',#9530,1.);
#1529=VECTOR('',#9535,1.);
#1530=VECTOR('',#9538,1.);
#1531=VECTOR('',#9539,1.);
#1532=VECTOR('',#9542,1.);
#1533=VECTOR('',#9543,1.);
#1534=VECTOR('',#9546,1.);
#1535=VECTOR('',#9551,1.);
#1536=VECTOR('',#9552,1.);
#1537=VECTOR('',#9555,1.);
#1538=VECTOR('',#9556,1.);
#1539=VECTOR('',#9565,1.);
#1540=VECTOR('',#9568,1.);
#1541=VECTOR('',#9569,1.);
#1542=VECTOR('',#9580,1.);
#1543=VECTOR('',#9581,1.);
#1544=VECTOR('',#9582,1.);
#1545=VECTOR('',#9583,1.);
#1546=VECTOR('',#9586,1.);
#1547=VECTOR('',#9587,1.);
#1548=VECTOR('',#9588,1.);
#1549=VECTOR('',#9591,1.);
#1550=VECTOR('',#9592,1.);
#1551=VECTOR('',#9593,1.);
#1552=VECTOR('',#9594,1.);
#1553=VECTOR('',#9597,1.);
#1554=VECTOR('',#9598,1.);
#1555=VECTOR('',#9599,1.);
#1556=VECTOR('',#9600,1.);
#1557=VECTOR('',#9603,1.);
#1558=VECTOR('',#9604,1.);
#1559=VECTOR('',#9605,1.);
#1560=VECTOR('',#9612,1.);
#1561=VECTOR('',#9615,1.);
#1562=VECTOR('',#9618,1.);
#1563=VECTOR('',#9621,1.);
#1564=VECTOR('',#9624,1.);
#1565=VECTOR('',#9625,1.);
#1566=VECTOR('',#9626,1.);
#1567=VECTOR('',#9627,1.);
#1568=VECTOR('',#9630,1.);
#1569=VECTOR('',#9631,1.);
#1570=VECTOR('',#9632,1.);
#1571=VECTOR('',#9635,1.);
#1572=VECTOR('',#9636,1.);
#1573=VECTOR('',#9637,1.);
#1574=VECTOR('',#9638,1.);
#1575=VECTOR('',#9641,1.);
#1576=VECTOR('',#9642,1.);
#1577=VECTOR('',#9643,1.);
#1578=VECTOR('',#9644,1.);
#1579=VECTOR('',#9647,1.);
#1580=VECTOR('',#9648,1.);
#1581=VECTOR('',#9649,1.);
#1582=VECTOR('',#9656,1.);
#1583=VECTOR('',#9659,1.);
#1584=VECTOR('',#9662,1.);
#1585=VECTOR('',#9665,1.);
#1586=VECTOR('',#9668,1.);
#1587=VECTOR('',#9671,1.);
#1588=VECTOR('',#9676,1.);
#1589=VECTOR('',#9677,1.);
#1590=VECTOR('',#9678,1.);
#1591=VECTOR('',#9681,1.);
#1592=VECTOR('',#9682,1.);
#1593=VECTOR('',#9683,1.);
#1594=VECTOR('',#9684,1.);
#1595=VECTOR('',#9685,1.);
#1596=VECTOR('',#9686,1.);
#1597=VECTOR('',#9687,1.);
#1598=VECTOR('',#9690,1.);
#1599=VECTOR('',#9693,1.);
#1600=VECTOR('',#9700,1.);
#1601=VECTOR('',#9701,1.);
#1602=VECTOR('',#9704,1.);
#1603=VECTOR('',#9705,1.);
#1604=VECTOR('',#9708,1.);
#1605=VECTOR('',#9711,1.);
#1606=VECTOR('',#9714,1.);
#1607=VECTOR('',#9717,1.);
#1608=VECTOR('',#9718,1.);
#1609=VECTOR('',#9719,1.);
#1610=VECTOR('',#9720,1.);
#1611=VECTOR('',#9729,1.);
#1612=VECTOR('',#9730,1.);
#1613=VECTOR('',#9731,1.);
#1614=VECTOR('',#9732,1.);
#1615=VECTOR('',#9735,1.);
#1616=VECTOR('',#9736,1.);
#1617=VECTOR('',#9737,1.);
#1618=VECTOR('',#9740,1.);
#1619=VECTOR('',#9741,1.);
#1620=VECTOR('',#9744,1.);
#1621=VECTOR('',#9745,1.);
#1622=VECTOR('',#9748,1.);
#1623=VECTOR('',#9751,1.);
#1624=VECTOR('',#9752,1.);
#1625=VECTOR('',#9757,1.);
#1626=VECTOR('',#9758,1.);
#1627=VECTOR('',#9759,1.);
#1628=VECTOR('',#9762,1.);
#1629=VECTOR('',#9765,1.);
#1630=VECTOR('',#9768,1.);
#1631=VECTOR('',#9769,1.);
#1632=VECTOR('',#9772,1.);
#1633=VECTOR('',#9777,1.);
#1634=VECTOR('',#9778,1.);
#1635=VECTOR('',#9783,1.);
#1636=VECTOR('',#9786,1.);
#1637=VECTOR('',#9787,1.);
#1638=VECTOR('',#9790,1.);
#1639=VECTOR('',#9795,1.);
#1640=VECTOR('',#9800,1.);
#1641=VECTOR('',#9801,1.);
#1642=VECTOR('',#9804,1.);
#1643=VECTOR('',#9807,1.);
#1644=VECTOR('',#9810,1.);
#1645=VECTOR('',#9815,1.);
#1646=VECTOR('',#9816,1.);
#1647=VECTOR('',#9819,1.);
#1648=VECTOR('',#9820,1.);
#1649=VECTOR('',#9823,1.);
#1650=VECTOR('',#9824,1.);
#1651=VECTOR('',#9829,1.);
#1652=VECTOR('',#9832,1.);
#1653=VECTOR('',#9833,1.);
#1654=VECTOR('',#9834,1.);
#1655=VECTOR('',#9837,1.);
#1656=VECTOR('',#9842,1.);
#1657=VECTOR('',#9845,1.);
#1658=VECTOR('',#9846,1.);
#1659=VECTOR('',#9849,1.);
#1660=VECTOR('',#9850,1.);
#1661=VECTOR('',#9853,1.);
#1662=VECTOR('',#9858,1.);
#1663=VECTOR('',#9859,1.);
#1664=VECTOR('',#9862,1.);
#1665=VECTOR('',#9863,1.);
#1666=VECTOR('',#9872,1.);
#1667=VECTOR('',#9875,1.);
#1668=VECTOR('',#9876,1.);
#1669=VECTOR('',#9887,1.);
#1670=VECTOR('',#9888,1.);
#1671=VECTOR('',#9889,1.);
#1672=VECTOR('',#9890,1.);
#1673=VECTOR('',#9893,1.);
#1674=VECTOR('',#9894,1.);
#1675=VECTOR('',#9895,1.);
#1676=VECTOR('',#9898,1.);
#1677=VECTOR('',#9899,1.);
#1678=VECTOR('',#9900,1.);
#1679=VECTOR('',#9901,1.);
#1680=VECTOR('',#9902,1.);
#1681=VECTOR('',#9905,1.);
#1682=VECTOR('',#9906,1.);
#1683=VECTOR('',#9907,1.);
#1684=VECTOR('',#9908,1.);
#1685=VECTOR('',#9911,1.);
#1686=VECTOR('',#9912,1.);
#1687=VECTOR('',#9913,1.);
#1688=VECTOR('',#9916,1.);
#1689=VECTOR('',#9917,1.);
#1690=VECTOR('',#9918,1.);
#1691=VECTOR('',#9919,1.);
#1692=VECTOR('',#9922,1.);
#1693=VECTOR('',#9925,1.);
#1694=VECTOR('',#9928,1.);
#1695=VECTOR('',#9929,1.);
#1696=VECTOR('',#9932,1.);
#1697=VECTOR('',#9935,1.);
#1698=VECTOR('',#9938,1.);
#1699=VECTOR('',#9943,1.);
#1700=VECTOR('',#9944,1.);
#1701=VECTOR('',#9949,1.);
#1702=VECTOR('',#9952,1.);
#1703=VECTOR('',#9953,1.);
#1704=VECTOR('',#9956,1.);
#1705=VECTOR('',#9957,1.);
#1706=VECTOR('',#9958,1.);
#1707=VECTOR('',#9959,1.);
#1708=VECTOR('',#9964,1.);
#1709=VECTOR('',#9967,1.);
#1710=VECTOR('',#9970,1.);
#1711=VECTOR('',#9971,1.);
#1712=VECTOR('',#9972,1.);
#1713=VECTOR('',#9973,1.);
#1714=VECTOR('',#9976,1.);
#1715=VECTOR('',#9979,1.);
#1716=VECTOR('',#9980,1.);
#1717=VECTOR('',#10129,1.);
#1718=VECTOR('',#10132,1.);
#1719=VECTOR('',#10135,1.);
#1720=VECTOR('',#10138,1.);
#1721=VECTOR('',#10141,1.);
#1722=VECTOR('',#10144,1.);
#1723=VECTOR('',#10147,1.);
#1724=VECTOR('',#10150,1.);
#1725=VECTOR('',#10153,1.);
#1726=VECTOR('',#10156,1.);
#1727=VECTOR('',#10157,1.);
#1728=VECTOR('',#10158,1.);
#1729=VECTOR('',#10159,1.);
#1730=VECTOR('',#10160,1.);
#1731=VECTOR('',#10161,1.);
#1732=VECTOR('',#10162,1.);
#1733=VECTOR('',#10165,1.);
#1734=VECTOR('',#10168,1.);
#1735=VECTOR('',#10171,1.);
#1736=VECTOR('',#10172,1.);
#1737=VECTOR('',#10175,1.);
#1738=VECTOR('',#10178,1.);
#1739=VECTOR('',#10181,1.);
#1740=VECTOR('',#10182,1.);
#1741=VECTOR('',#10185,1.);
#1742=VECTOR('',#10188,1.);
#1743=VECTOR('',#10191,1.);
#1744=VECTOR('',#10192,1.);
#1745=VECTOR('',#10195,1.);
#1746=VECTOR('',#10198,1.);
#1747=VECTOR('',#10201,1.);
#1748=VECTOR('',#10202,1.);
#1749=VECTOR('',#10205,1.);
#1750=VECTOR('',#10240,1.);
#1751=VECTOR('',#10241,1.);
#1752=VECTOR('',#10244,1.);
#1753=VECTOR('',#10275,1.);
#1754=VECTOR('',#10276,1.);
#1755=VECTOR('',#10279,1.);
#1756=VECTOR('',#10280,1.);
#1757=VECTOR('',#10283,1.);
#1758=VECTOR('',#10284,1.);
#1759=VECTOR('',#10287,1.);
#1760=VECTOR('',#10288,1.);
#1761=VECTOR('',#10331,1.);
#1762=VECTOR('',#10332,1.);
#1763=ELLIPSE('',#7516,0.781024967590755,0.5);
#1764=ELLIPSE('',#7517,1.30170827931767,1.);
#1765=ELLIPSE('',#7518,0.781024967590755,0.5);
#1766=ELLIPSE('',#7519,0.781024967590755,0.5);
#1767=ELLIPSE('',#7520,1.30170827931767,1.);
#1768=ELLIPSE('',#7521,0.781024967590755,0.5);
#1769=ELLIPSE('',#7522,0.781024967590755,0.5);
#1770=ELLIPSE('',#7523,1.30170827931767,1.);
#1771=ELLIPSE('',#7524,0.781024967590755,0.5);
#1772=ELLIPSE('',#7525,0.781024967590755,0.5);
#1773=ELLIPSE('',#7526,5.20683311727069,4.);
#1774=ELLIPSE('',#7527,5.20683311727069,4.);
#1775=ELLIPSE('',#7528,0.781024967590755,0.5);
#1776=ELLIPSE('',#7529,0.781024967590755,0.5);
#1777=ELLIPSE('',#7530,6.24819974072483,4.8);
#1778=ELLIPSE('',#7531,0.781024967590755,0.5);
#1779=ELLIPSE('',#7532,4.55597897761185,3.5);
#1780=ELLIPSE('',#7533,4.55597897761185,3.5);
#1781=ELLIPSE('',#7534,0.781024967590755,0.5);
#1782=ELLIPSE('',#7535,6.24819974072483,4.8);
#1783=ELLIPSE('',#7536,0.781024967590755,0.5);
#1784=ELLIPSE('',#7537,0.781024967590755,0.5);
#1785=ELLIPSE('',#7538,6.24819974072483,4.8);
#1786=ELLIPSE('',#7539,0.781024967590755,0.5);
#1787=ELLIPSE('',#7540,0.781024967590755,0.5);
#1788=ELLIPSE('',#7541,6.24819974072483,4.8);
#1789=ELLIPSE('',#7542,0.781024967590755,0.5);
#1790=ELLIPSE('',#7569,1.30170827931767,1.);
#1791=ELLIPSE('',#7572,1.30170827931767,1.);
#1792=ELLIPSE('',#7575,1.30170827931767,1.);
#1793=ELLIPSE('',#7886,1.02578988977236,1.);
#1794=ELLIPSE('',#7907,1.02578988977236,1.);
#1795=ELLIPSE('',#7976,1.02578988977236,1.);
#1796=ELLIPSE('',#7997,1.02578988977236,1.);
#1797=ELLIPSE('',#8168,0.707106781186548,0.5);
#1798=ELLIPSE('',#8170,0.577350269189624,0.5);
#1799=ELLIPSE('',#8178,0.577350269189624,0.5);
#1800=ELLIPSE('',#8184,0.23094010767585,0.2);
#1801=ELLIPSE('',#8185,0.23094010767585,0.2);
#1802=ELLIPSE('',#8187,0.23094010767585,0.2);
#1803=ELLIPSE('',#8188,0.23094010767585,0.2);
#1804=ADVANCED_FACE('',(#2427),#2208,.F.);
#1805=ADVANCED_FACE('',(#271,#272),#2209,.F.);
#1806=ADVANCED_FACE('',(#2428),#74,.F.);
#1807=ADVANCED_FACE('',(#273,#274),#75,.F.);
#1808=ADVANCED_FACE('',(#275,#276),#76,.F.);
#1809=ADVANCED_FACE('',(#2429),#77,.F.);
#1810=ADVANCED_FACE('',(#277,#278),#78,.F.);
#1811=ADVANCED_FACE('',(#2430),#79,.F.);
#1812=ADVANCED_FACE('',(#279,#280),#80,.F.);
#1813=ADVANCED_FACE('',(#2431),#81,.F.);
#1814=ADVANCED_FACE('',(#281,#282),#82,.F.);
#1815=ADVANCED_FACE('',(#283,#284),#83,.F.);
#1816=ADVANCED_FACE('',(#285,#286),#84,.F.);
#1817=ADVANCED_FACE('',(#2432),#2210,.F.);
#1818=ADVANCED_FACE('',(#2433),#2211,.T.);
#1819=ADVANCED_FACE('',(#2434),#2212,.T.);
#1820=ADVANCED_FACE('',(#2435),#2213,.T.);
#1821=ADVANCED_FACE('',(#2436),#85,.T.);
#1822=ADVANCED_FACE('',(#2437),#86,.T.);
#1823=ADVANCED_FACE('',(#2438),#42,.T.);
#1824=ADVANCED_FACE('',(#2439),#43,.T.);
#1825=ADVANCED_FACE('',(#287,#288,#289),#2214,.T.);
#1826=ADVANCED_FACE('',(#2440),#2215,.T.);
#1827=ADVANCED_FACE('',(#2441),#2216,.T.);
#1828=ADVANCED_FACE('',(#2442),#2217,.T.);
#1829=ADVANCED_FACE('',(#2443),#87,.T.);
#1830=ADVANCED_FACE('',(#2444),#88,.T.);
#1831=ADVANCED_FACE('',(#2445),#2218,.F.);
#1832=ADVANCED_FACE('',(#2446),#2219,.F.);
#1833=ADVANCED_FACE('',(#2447),#2220,.F.);
#1834=ADVANCED_FACE('',(#2448),#2221,.T.);
#1835=ADVANCED_FACE('',(#290,#291,#292),#2222,.T.);
#1836=ADVANCED_FACE('',(#2449),#2223,.T.);
#1837=ADVANCED_FACE('',(#2450),#2224,.F.);
#1838=ADVANCED_FACE('',(#293,#294),#89,.F.);
#1839=ADVANCED_FACE('',(#2451),#90,.T.);
#1840=ADVANCED_FACE('',(#2452),#2225,.T.);
#1841=ADVANCED_FACE('',(#2453),#2226,.T.);
#1842=ADVANCED_FACE('',(#2454),#91,.T.);
#1843=ADVANCED_FACE('',(#2455),#2227,.T.);
#1844=ADVANCED_FACE('',(#2456),#2228,.T.);
#1845=ADVANCED_FACE('',(#2457),#92,.T.);
#1846=ADVANCED_FACE('',(#2458),#2229,.T.);
#1847=ADVANCED_FACE('',(#2459),#93,.T.);
#1848=ADVANCED_FACE('',(#2460),#94,.T.);
#1849=ADVANCED_FACE('',(#295,#296),#2230,.T.);
#1850=ADVANCED_FACE('',(#297,#298,#299,#300,#301,#302,#303,#304,#305,#306,
#307,#308),#2231,.T.);
#1851=ADVANCED_FACE('',(#2461),#2232,.T.);
#1852=ADVANCED_FACE('',(#2462),#95,.T.);
#1853=ADVANCED_FACE('',(#2463),#2233,.F.);
#1854=ADVANCED_FACE('',(#2464),#2234,.F.);
#1855=ADVANCED_FACE('',(#2465),#96,.T.);
#1856=ADVANCED_FACE('',(#2466),#2235,.F.);
#1857=ADVANCED_FACE('',(#2467),#2236,.F.);
#1858=ADVANCED_FACE('',(#2468),#97,.T.);
#1859=ADVANCED_FACE('',(#2469),#2237,.F.);
#1860=ADVANCED_FACE('',(#2470),#98,.T.);
#1861=ADVANCED_FACE('',(#309,#310),#99,.F.);
#1862=ADVANCED_FACE('',(#2471),#100,.T.);
#1863=ADVANCED_FACE('',(#2472),#101,.T.);
#1864=ADVANCED_FACE('',(#2473),#102,.T.);
#1865=ADVANCED_FACE('',(#2474),#2238,.F.);
#1866=ADVANCED_FACE('',(#311,#312),#103,.F.);
#1867=ADVANCED_FACE('',(#2475),#2239,.T.);
#1868=ADVANCED_FACE('',(#2476),#104,.T.);
#1869=ADVANCED_FACE('',(#2477),#2240,.T.);
#1870=ADVANCED_FACE('',(#2478),#105,.T.);
#1871=ADVANCED_FACE('',(#2479),#2241,.T.);
#1872=ADVANCED_FACE('',(#2480),#106,.T.);
#1873=ADVANCED_FACE('',(#2481),#2242,.T.);
#1874=ADVANCED_FACE('',(#2482),#107,.T.);
#1875=ADVANCED_FACE('',(#2483),#2243,.T.);
#1876=ADVANCED_FACE('',(#2484),#108,.T.);
#1877=ADVANCED_FACE('',(#2485),#109,.T.);
#1878=ADVANCED_FACE('',(#2486),#2244,.T.);
#1879=ADVANCED_FACE('',(#2487),#110,.T.);
#1880=ADVANCED_FACE('',(#2488),#2245,.F.);
#1881=ADVANCED_FACE('',(#2489),#111,.T.);
#1882=ADVANCED_FACE('',(#2490),#2246,.F.);
#1883=ADVANCED_FACE('',(#2491),#112,.T.);
#1884=ADVANCED_FACE('',(#2492),#2247,.F.);
#1885=ADVANCED_FACE('',(#2493),#113,.T.);
#1886=ADVANCED_FACE('',(#313,#314),#114,.F.);
#1887=ADVANCED_FACE('',(#2494),#115,.T.);
#1888=ADVANCED_FACE('',(#2495),#2248,.F.);
#1889=ADVANCED_FACE('',(#2496),#2249,.F.);
#1890=ADVANCED_FACE('',(#2497),#116,.T.);
#1891=ADVANCED_FACE('',(#2498),#2250,.F.);
#1892=ADVANCED_FACE('',(#2499),#117,.T.);
#1893=ADVANCED_FACE('',(#2500),#2251,.F.);
#1894=ADVANCED_FACE('',(#2501),#118,.T.);
#1895=ADVANCED_FACE('',(#2502),#2252,.F.);
#1896=ADVANCED_FACE('',(#2503),#119,.T.);
#1897=ADVANCED_FACE('',(#2504),#2253,.F.);
#1898=ADVANCED_FACE('',(#315,#316),#120,.F.);
#1899=ADVANCED_FACE('',(#2505),#2254,.T.);
#1900=ADVANCED_FACE('',(#2506),#121,.T.);
#1901=ADVANCED_FACE('',(#2507),#2255,.T.);
#1902=ADVANCED_FACE('',(#2508),#2256,.T.);
#1903=ADVANCED_FACE('',(#2509),#122,.T.);
#1904=ADVANCED_FACE('',(#317,#318),#123,.F.);
#1905=ADVANCED_FACE('',(#2510),#2257,.T.);
#1906=ADVANCED_FACE('',(#2511),#124,.T.);
#1907=ADVANCED_FACE('',(#2512),#2258,.F.);
#1908=ADVANCED_FACE('',(#2513),#2259,.F.);
#1909=ADVANCED_FACE('',(#2514),#125,.T.);
#1910=ADVANCED_FACE('',(#2515),#2260,.F.);
#1911=ADVANCED_FACE('',(#2516),#2261,.T.);
#1912=ADVANCED_FACE('',(#2517),#126,.T.);
#1913=ADVANCED_FACE('',(#2518),#127,.T.);
#1914=ADVANCED_FACE('',(#2519),#2262,.T.);
#1915=ADVANCED_FACE('',(#2520),#128,.T.);
#1916=ADVANCED_FACE('',(#2521),#129,.T.);
#1917=ADVANCED_FACE('',(#2522),#2263,.F.);
#1918=ADVANCED_FACE('',(#2523),#130,.T.);
#1919=ADVANCED_FACE('',(#2524),#2264,.F.);
#1920=ADVANCED_FACE('',(#2525),#131,.T.);
#1921=ADVANCED_FACE('',(#319,#320),#132,.F.);
#1922=ADVANCED_FACE('',(#2526),#133,.T.);
#1923=ADVANCED_FACE('',(#2527),#2265,.T.);
#1924=ADVANCED_FACE('',(#2528),#2266,.T.);
#1925=ADVANCED_FACE('',(#2529),#134,.T.);
#1926=ADVANCED_FACE('',(#2530),#135,.T.);
#1927=ADVANCED_FACE('',(#2531),#2267,.T.);
#1928=ADVANCED_FACE('',(#2532),#136,.T.);
#1929=ADVANCED_FACE('',(#2533),#2268,.F.);
#1930=ADVANCED_FACE('',(#2534),#137,.T.);
#1931=ADVANCED_FACE('',(#321,#322),#138,.F.);
#1932=ADVANCED_FACE('',(#2535),#2269,.T.);
#1933=ADVANCED_FACE('',(#2536),#139,.T.);
#1934=ADVANCED_FACE('',(#2537),#140,.T.);
#1935=ADVANCED_FACE('',(#2538),#2270,.F.);
#1936=ADVANCED_FACE('',(#2539),#2271,.T.);
#1937=ADVANCED_FACE('',(#2540),#2272,.F.);
#1938=ADVANCED_FACE('',(#2541),#2273,.T.);
#1939=ADVANCED_FACE('',(#2542),#2274,.F.);
#1940=ADVANCED_FACE('',(#2543),#2275,.T.);
#1941=ADVANCED_FACE('',(#2544),#2276,.T.);
#1942=ADVANCED_FACE('',(#2545),#2277,.T.);
#1943=ADVANCED_FACE('',(#2546),#2278,.T.);
#1944=ADVANCED_FACE('',(#2547),#2279,.F.);
#1945=ADVANCED_FACE('',(#2548),#2280,.T.);
#1946=ADVANCED_FACE('',(#2549),#2281,.T.);
#1947=ADVANCED_FACE('',(#2550),#2282,.T.);
#1948=ADVANCED_FACE('',(#2551),#141,.F.);
#1949=ADVANCED_FACE('',(#2552),#2283,.F.);
#1950=ADVANCED_FACE('',(#2553),#2284,.F.);
#1951=ADVANCED_FACE('',(#2554),#2285,.T.);
#1952=ADVANCED_FACE('',(#2555),#142,.T.);
#1953=ADVANCED_FACE('',(#2556),#2286,.F.);
#1954=ADVANCED_FACE('',(#2557),#2287,.T.);
#1955=ADVANCED_FACE('',(#2558),#2288,.F.);
#1956=ADVANCED_FACE('',(#2559),#2289,.F.);
#1957=ADVANCED_FACE('',(#2560),#2290,.F.);
#1958=ADVANCED_FACE('',(#2561),#2291,.T.);
#1959=ADVANCED_FACE('',(#2562),#2292,.F.);
#1960=ADVANCED_FACE('',(#2563),#143,.F.);
#1961=ADVANCED_FACE('',(#2564),#2293,.F.);
#1962=ADVANCED_FACE('',(#2565),#144,.F.);
#1963=ADVANCED_FACE('',(#2566),#2294,.F.);
#1964=ADVANCED_FACE('',(#2567),#145,.T.);
#1965=ADVANCED_FACE('',(#2568),#2295,.T.);
#1966=ADVANCED_FACE('',(#2569),#2296,.T.);
#1967=ADVANCED_FACE('',(#2570),#146,.T.);
#1968=ADVANCED_FACE('',(#2571),#2297,.F.);
#1969=ADVANCED_FACE('',(#2572),#2298,.F.);
#1970=ADVANCED_FACE('',(#2573),#147,.F.);
#1971=ADVANCED_FACE('',(#2574),#2299,.F.);
#1972=ADVANCED_FACE('',(#2575),#2300,.F.);
#1973=ADVANCED_FACE('',(#2576),#2301,.F.);
#1974=ADVANCED_FACE('',(#2577),#148,.T.);
#1975=ADVANCED_FACE('',(#2578),#2302,.F.);
#1976=ADVANCED_FACE('',(#2579),#149,.F.);
#1977=ADVANCED_FACE('',(#2580),#2303,.F.);
#1978=ADVANCED_FACE('',(#2581),#2304,.F.);
#1979=ADVANCED_FACE('',(#2582),#2305,.T.);
#1980=ADVANCED_FACE('',(#2583),#150,.T.);
#1981=ADVANCED_FACE('',(#2584),#2306,.F.);
#1982=ADVANCED_FACE('',(#2585),#2307,.F.);
#1983=ADVANCED_FACE('',(#2586),#151,.T.);
#1984=ADVANCED_FACE('',(#2587),#2308,.T.);
#1985=ADVANCED_FACE('',(#2588),#2309,.T.);
#1986=ADVANCED_FACE('',(#2589),#2310,.T.);
#1987=ADVANCED_FACE('',(#2590),#152,.F.);
#1988=ADVANCED_FACE('',(#2591),#2311,.F.);
#1989=ADVANCED_FACE('',(#2592),#2312,.T.);
#1990=ADVANCED_FACE('',(#2593),#2313,.T.);
#1991=ADVANCED_FACE('',(#2594),#2314,.T.);
#1992=ADVANCED_FACE('',(#2595),#2315,.T.);
#1993=ADVANCED_FACE('',(#2596),#2316,.T.);
#1994=ADVANCED_FACE('',(#2597),#2317,.T.);
#1995=ADVANCED_FACE('',(#2598),#2318,.F.);
#1996=ADVANCED_FACE('',(#2599),#2319,.T.);
#1997=ADVANCED_FACE('',(#2600),#2320,.F.);
#1998=ADVANCED_FACE('',(#2601),#2321,.T.);
#1999=ADVANCED_FACE('',(#2602),#2322,.T.);
#2000=ADVANCED_FACE('',(#2603),#2323,.T.);
#2001=ADVANCED_FACE('',(#2604),#2324,.T.);
#2002=ADVANCED_FACE('',(#2605),#2325,.T.);
#2003=ADVANCED_FACE('',(#2606),#2326,.T.);
#2004=ADVANCED_FACE('',(#2607),#2327,.F.);
#2005=ADVANCED_FACE('',(#2608),#2328,.T.);
#2006=ADVANCED_FACE('',(#2609),#153,.F.);
#2007=ADVANCED_FACE('',(#2610),#2329,.F.);
#2008=ADVANCED_FACE('',(#2611),#2330,.F.);
#2009=ADVANCED_FACE('',(#2612),#2331,.T.);
#2010=ADVANCED_FACE('',(#2613),#154,.T.);
#2011=ADVANCED_FACE('',(#2614),#2332,.F.);
#2012=ADVANCED_FACE('',(#2615),#2333,.T.);
#2013=ADVANCED_FACE('',(#2616),#2334,.F.);
#2014=ADVANCED_FACE('',(#2617),#2335,.F.);
#2015=ADVANCED_FACE('',(#2618),#2336,.F.);
#2016=ADVANCED_FACE('',(#2619),#2337,.T.);
#2017=ADVANCED_FACE('',(#2620),#2338,.F.);
#2018=ADVANCED_FACE('',(#2621),#155,.F.);
#2019=ADVANCED_FACE('',(#2622),#2339,.F.);
#2020=ADVANCED_FACE('',(#2623),#156,.F.);
#2021=ADVANCED_FACE('',(#2624),#2340,.F.);
#2022=ADVANCED_FACE('',(#2625),#157,.T.);
#2023=ADVANCED_FACE('',(#2626),#2341,.T.);
#2024=ADVANCED_FACE('',(#2627),#2342,.T.);
#2025=ADVANCED_FACE('',(#2628),#158,.T.);
#2026=ADVANCED_FACE('',(#2629),#2343,.F.);
#2027=ADVANCED_FACE('',(#2630),#2344,.F.);
#2028=ADVANCED_FACE('',(#2631),#159,.F.);
#2029=ADVANCED_FACE('',(#2632),#2345,.F.);
#2030=ADVANCED_FACE('',(#2633),#2346,.F.);
#2031=ADVANCED_FACE('',(#2634),#2347,.F.);
#2032=ADVANCED_FACE('',(#2635),#160,.T.);
#2033=ADVANCED_FACE('',(#2636),#2348,.F.);
#2034=ADVANCED_FACE('',(#2637),#161,.F.);
#2035=ADVANCED_FACE('',(#2638),#2349,.F.);
#2036=ADVANCED_FACE('',(#2639),#2350,.F.);
#2037=ADVANCED_FACE('',(#2640),#2351,.T.);
#2038=ADVANCED_FACE('',(#2641),#162,.T.);
#2039=ADVANCED_FACE('',(#2642),#2352,.F.);
#2040=ADVANCED_FACE('',(#2643),#2353,.F.);
#2041=ADVANCED_FACE('',(#2644),#163,.T.);
#2042=ADVANCED_FACE('',(#2645),#2354,.T.);
#2043=ADVANCED_FACE('',(#2646),#2355,.T.);
#2044=ADVANCED_FACE('',(#2647),#2356,.T.);
#2045=ADVANCED_FACE('',(#2648),#164,.F.);
#2046=ADVANCED_FACE('',(#2649),#2357,.T.);
#2047=ADVANCED_FACE('',(#2650),#2358,.F.);
#2048=ADVANCED_FACE('',(#2651),#2359,.T.);
#2049=ADVANCED_FACE('',(#2652),#2360,.T.);
#2050=ADVANCED_FACE('',(#2653),#2361,.T.);
#2051=ADVANCED_FACE('',(#2654),#2362,.T.);
#2052=ADVANCED_FACE('',(#2655),#2363,.F.);
#2053=ADVANCED_FACE('',(#2656),#2364,.T.);
#2054=ADVANCED_FACE('',(#2657),#2365,.T.);
#2055=ADVANCED_FACE('',(#2658),#2366,.T.);
#2056=ADVANCED_FACE('',(#2659),#2367,.T.);
#2057=ADVANCED_FACE('',(#2660),#2368,.T.);
#2058=ADVANCED_FACE('',(#2661),#2369,.T.);
#2059=ADVANCED_FACE('',(#2662),#2370,.T.);
#2060=ADVANCED_FACE('',(#2663),#2371,.T.);
#2061=ADVANCED_FACE('',(#2664),#2372,.T.);
#2062=ADVANCED_FACE('',(#2665),#2373,.T.);
#2063=ADVANCED_FACE('',(#2666),#2374,.T.);
#2064=ADVANCED_FACE('',(#2667),#2375,.T.);
#2065=ADVANCED_FACE('',(#2668),#2376,.T.);
#2066=ADVANCED_FACE('',(#2669),#2377,.T.);
#2067=ADVANCED_FACE('',(#2670),#2378,.T.);
#2068=ADVANCED_FACE('',(#2671),#165,.T.);
#2069=ADVANCED_FACE('',(#2672),#166,.T.);
#2070=ADVANCED_FACE('',(#2673),#167,.T.);
#2071=ADVANCED_FACE('',(#2674),#168,.T.);
#2072=ADVANCED_FACE('',(#2675),#169,.T.);
#2073=ADVANCED_FACE('',(#2676),#170,.T.);
#2074=ADVANCED_FACE('',(#2677),#171,.T.);
#2075=ADVANCED_FACE('',(#2678),#172,.T.);
#2076=ADVANCED_FACE('',(#2679),#173,.T.);
#2077=ADVANCED_FACE('',(#2680),#174,.T.);
#2078=ADVANCED_FACE('',(#2681),#175,.F.);
#2079=ADVANCED_FACE('',(#2682),#176,.F.);
#2080=ADVANCED_FACE('',(#2683),#177,.F.);
#2081=ADVANCED_FACE('',(#2684),#178,.F.);
#2082=ADVANCED_FACE('',(#2685),#179,.F.);
#2083=ADVANCED_FACE('',(#2686),#180,.F.);
#2084=ADVANCED_FACE('',(#2687),#181,.F.);
#2085=ADVANCED_FACE('',(#2688),#182,.F.);
#2086=ADVANCED_FACE('',(#2689),#44,.T.);
#2087=ADVANCED_FACE('',(#2690),#45,.T.);
#2088=ADVANCED_FACE('',(#2691),#46,.T.);
#2089=ADVANCED_FACE('',(#2692),#47,.T.);
#2090=ADVANCED_FACE('',(#2693),#48,.T.);
#2091=ADVANCED_FACE('',(#2694),#49,.T.);
#2092=ADVANCED_FACE('',(#2695),#50,.T.);
#2093=ADVANCED_FACE('',(#2696),#51,.T.);
#2094=ADVANCED_FACE('',(#2697),#52,.T.);
#2095=ADVANCED_FACE('',(#2698),#53,.T.);
#2096=ADVANCED_FACE('',(#2699),#54,.T.);
#2097=ADVANCED_FACE('',(#2700),#55,.T.);
#2098=ADVANCED_FACE('',(#2701),#56,.T.);
#2099=ADVANCED_FACE('',(#2702),#57,.T.);
#2100=ADVANCED_FACE('',(#2703),#58,.T.);
#2101=ADVANCED_FACE('',(#2704),#59,.T.);
#2102=ADVANCED_FACE('',(#2705),#60,.T.);
#2103=ADVANCED_FACE('',(#2706),#61,.T.);
#2104=ADVANCED_FACE('',(#2707),#62,.T.);
#2105=ADVANCED_FACE('',(#2708),#63,.T.);
#2106=ADVANCED_FACE('',(#2709),#64,.T.);
#2107=ADVANCED_FACE('',(#2710),#65,.T.);
#2108=ADVANCED_FACE('',(#2711),#66,.T.);
#2109=ADVANCED_FACE('',(#2712),#67,.T.);
#2110=ADVANCED_FACE('',(#2713),#68,.T.);
#2111=ADVANCED_FACE('',(#2714),#69,.T.);
#2112=ADVANCED_FACE('',(#2715),#70,.T.);
#2113=ADVANCED_FACE('',(#2716),#71,.T.);
#2114=ADVANCED_FACE('',(#2717),#2379,.T.);
#2115=ADVANCED_FACE('',(#2718),#2380,.T.);
#2116=ADVANCED_FACE('',(#2719),#2381,.T.);
#2117=ADVANCED_FACE('',(#2720),#2382,.T.);
#2118=ADVANCED_FACE('',(#2721),#2383,.T.);
#2119=ADVANCED_FACE('',(#2722),#2384,.T.);
#2120=ADVANCED_FACE('',(#2723),#2385,.F.);
#2121=ADVANCED_FACE('',(#2724),#2386,.F.);
#2122=ADVANCED_FACE('',(#2725),#2387,.F.);
#2123=ADVANCED_FACE('',(#2726),#2388,.T.);
#2124=ADVANCED_FACE('',(#2727),#2389,.T.);
#2125=ADVANCED_FACE('',(#2728),#2390,.T.);
#2126=ADVANCED_FACE('',(#2729),#2391,.T.);
#2127=ADVANCED_FACE('',(#2730),#2392,.T.);
#2128=ADVANCED_FACE('',(#2731),#2393,.T.);
#2129=ADVANCED_FACE('',(#2732),#2394,.T.);
#2130=ADVANCED_FACE('',(#2733),#2395,.T.);
#2131=ADVANCED_FACE('',(#2734),#2396,.T.);
#2132=ADVANCED_FACE('',(#2735),#2397,.T.);
#2133=ADVANCED_FACE('',(#2736),#2398,.T.);
#2134=ADVANCED_FACE('',(#2737),#2399,.T.);
#2135=ADVANCED_FACE('',(#2738),#183,.F.);
#2136=ADVANCED_FACE('',(#2739),#184,.F.);
#2137=ADVANCED_FACE('',(#2740),#185,.F.);
#2138=ADVANCED_FACE('',(#2741),#186,.F.);
#2139=ADVANCED_FACE('',(#2742),#187,.F.);
#2140=ADVANCED_FACE('',(#2743),#188,.F.);
#2141=ADVANCED_FACE('',(#2744),#189,.F.);
#2142=ADVANCED_FACE('',(#2745),#190,.F.);
#2143=ADVANCED_FACE('',(#2746),#191,.F.);
#2144=ADVANCED_FACE('',(#2747),#192,.F.);
#2145=ADVANCED_FACE('',(#2748),#193,.F.);
#2146=ADVANCED_FACE('',(#2749),#194,.F.);
#2147=ADVANCED_FACE('',(#2750),#195,.F.);
#2148=ADVANCED_FACE('',(#2751),#196,.F.);
#2149=ADVANCED_FACE('',(#2752),#197,.F.);
#2150=ADVANCED_FACE('',(#2753),#198,.F.);
#2151=ADVANCED_FACE('',(#2754),#2400,.T.);
#2152=ADVANCED_FACE('',(#2755),#2401,.T.);
#2153=ADVANCED_FACE('',(#2756),#72,.T.);
#2154=ADVANCED_FACE('',(#2757),#199,.T.);
#2155=ADVANCED_FACE('',(#2758),#200,.T.);
#2156=ADVANCED_FACE('',(#2759),#201,.T.);
#2157=ADVANCED_FACE('',(#2760),#202,.T.);
#2158=ADVANCED_FACE('',(#2761),#203,.T.);
#2159=ADVANCED_FACE('',(#2762),#73,.T.);
#2160=ADVANCED_FACE('',(#2763),#204,.T.);
#2161=ADVANCED_FACE('',(#2764),#2402,.F.);
#2162=ADVANCED_FACE('',(#2765),#2403,.F.);
#2163=ADVANCED_FACE('',(#2766),#2404,.F.);
#2164=ADVANCED_FACE('',(#2767),#2405,.F.);
#2165=ADVANCED_FACE('',(#2768),#2406,.F.);
#2166=ADVANCED_FACE('',(#2769),#2407,.F.);
#2167=ADVANCED_FACE('',(#2770),#2408,.F.);
#2168=ADVANCED_FACE('',(#2771),#205,.T.);
#2169=ADVANCED_FACE('',(#2772),#206,.T.);
#2170=ADVANCED_FACE('',(#2773),#207,.T.);
#2171=ADVANCED_FACE('',(#2774),#208,.T.);
#2172=ADVANCED_FACE('',(#2775),#2409,.F.);
#2173=ADVANCED_FACE('',(#2776),#2410,.F.);
#2174=ADVANCED_FACE('',(#2777),#2411,.T.);
#2175=ADVANCED_FACE('',(#2778),#2412,.T.);
#2176=ADVANCED_FACE('',(#2779),#2413,.F.);
#2177=ADVANCED_FACE('',(#2780),#2414,.T.);
#2178=ADVANCED_FACE('',(#2781),#2415,.F.);
#2179=ADVANCED_FACE('',(#2782),#2416,.F.);
#2180=ADVANCED_FACE('',(#2783),#2417,.F.);
#2181=ADVANCED_FACE('',(#2784),#2418,.T.);
#2182=ADVANCED_FACE('',(#2785),#209,.T.);
#2183=ADVANCED_FACE('',(#2786),#210,.T.);
#2184=ADVANCED_FACE('',(#323,#324),#2419,.T.);
#2185=ADVANCED_FACE('',(#325,#326),#2420,.T.);
#2186=ADVANCED_FACE('',(#327,#328),#2421,.T.);
#2187=ADVANCED_FACE('',(#329,#330),#2422,.T.);
#2188=ADVANCED_FACE('',(#331,#332),#2423,.T.);
#2189=ADVANCED_FACE('',(#333,#334),#2424,.T.);
#2190=ADVANCED_FACE('',(#335,#336),#2425,.T.);
#2191=ADVANCED_FACE('',(#337,#338),#2426,.T.);
#2192=ADVANCED_FACE('',(#2787),#34,.T.);
#2193=ADVANCED_FACE('',(#339,#340),#211,.T.);
#2194=ADVANCED_FACE('',(#2788),#35,.T.);
#2195=ADVANCED_FACE('',(#341,#342),#212,.T.);
#2196=ADVANCED_FACE('',(#2789),#36,.T.);
#2197=ADVANCED_FACE('',(#343,#344),#213,.T.);
#2198=ADVANCED_FACE('',(#2790),#37,.T.);
#2199=ADVANCED_FACE('',(#345,#346),#214,.T.);
#2200=ADVANCED_FACE('',(#2791),#38,.T.);
#2201=ADVANCED_FACE('',(#347,#348),#215,.T.);
#2202=ADVANCED_FACE('',(#2792),#39,.T.);
#2203=ADVANCED_FACE('',(#349,#350),#216,.T.);
#2204=ADVANCED_FACE('',(#2793),#40,.T.);
#2205=ADVANCED_FACE('',(#351,#352),#217,.T.);
#2206=ADVANCED_FACE('',(#2794),#41,.T.);
#2207=ADVANCED_FACE('',(#353,#354),#218,.T.);
#2208=PLANE('',#7515);
#2209=PLANE('',#7543);
#2210=PLANE('',#7577);
#2211=PLANE('',#7578);
#2212=PLANE('',#7581);
#2213=PLANE('',#7583);
#2214=PLANE('',#7594);
#2215=PLANE('',#7595);
#2216=PLANE('',#7596);
#2217=PLANE('',#7599);
#2218=PLANE('',#7606);
#2219=PLANE('',#7607);
#2220=PLANE('',#7608);
#2221=PLANE('',#7609);
#2222=PLANE('',#7610);
#2223=PLANE('',#7611);
#2224=PLANE('',#7614);
#2225=PLANE('',#7621);
#2226=PLANE('',#7622);
#2227=PLANE('',#7626);
#2228=PLANE('',#7627);
#2229=PLANE('',#7631);
#2230=PLANE('',#7676);
#2231=PLANE('',#7733);
#2232=PLANE('',#7734);
#2233=PLANE('',#7737);
#2234=PLANE('',#7738);
#2235=PLANE('',#7740);
#2236=PLANE('',#7741);
#2237=PLANE('',#7743);
#2238=PLANE('',#7754);
#2239=PLANE('',#7757);
#2240=PLANE('',#7759);
#2241=PLANE('',#7762);
#2242=PLANE('',#7764);
#2243=PLANE('',#7767);
#2244=PLANE('',#7772);
#2245=PLANE('',#7775);
#2246=PLANE('',#7777);
#2247=PLANE('',#7780);
#2248=PLANE('',#7786);
#2249=PLANE('',#7787);
#2250=PLANE('',#7790);
#2251=PLANE('',#7792);
#2252=PLANE('',#7795);
#2253=PLANE('',#7798);
#2254=PLANE('',#7801);
#2255=PLANE('',#7804);
#2256=PLANE('',#7805);
#2257=PLANE('',#7810);
#2258=PLANE('',#7812);
#2259=PLANE('',#7813);
#2260=PLANE('',#7816);
#2261=PLANE('',#7817);
#2262=PLANE('',#7822);
#2263=PLANE('',#7826);
#2264=PLANE('',#7829);
#2265=PLANE('',#7836);
#2266=PLANE('',#7837);
#2267=PLANE('',#7842);
#2268=PLANE('',#7844);
#2269=PLANE('',#7849);
#2270=PLANE('',#7854);
#2271=PLANE('',#7855);
#2272=PLANE('',#7856);
#2273=PLANE('',#7857);
#2274=PLANE('',#7858);
#2275=PLANE('',#7859);
#2276=PLANE('',#7862);
#2277=PLANE('',#7863);
#2278=PLANE('',#7864);
#2279=PLANE('',#7867);
#2280=PLANE('',#7868);
#2281=PLANE('',#7869);
#2282=PLANE('',#7870);
#2283=PLANE('',#7874);
#2284=PLANE('',#7883);
#2285=PLANE('',#7884);
#2286=PLANE('',#7888);
#2287=PLANE('',#7889);
#2288=PLANE('',#7890);
#2289=PLANE('',#7891);
#2290=PLANE('',#7892);
#2291=PLANE('',#7894);
#2292=PLANE('',#7895);
#2293=PLANE('',#7898);
#2294=PLANE('',#7901);
#2295=PLANE('',#7904);
#2296=PLANE('',#7906);
#2297=PLANE('',#7909);
#2298=PLANE('',#7911);
#2299=PLANE('',#7914);
#2300=PLANE('',#7915);
#2301=PLANE('',#7916);
#2302=PLANE('',#7919);
#2303=PLANE('',#7922);
#2304=PLANE('',#7923);
#2305=PLANE('',#7924);
#2306=PLANE('',#7927);
#2307=PLANE('',#7928);
#2308=PLANE('',#7932);
#2309=PLANE('',#7933);
#2310=PLANE('',#7936);
#2311=PLANE('',#7938);
#2312=PLANE('',#7939);
#2313=PLANE('',#7940);
#2314=PLANE('',#7941);
#2315=PLANE('',#7942);
#2316=PLANE('',#7943);
#2317=PLANE('',#7944);
#2318=PLANE('',#7947);
#2319=PLANE('',#7948);
#2320=PLANE('',#7949);
#2321=PLANE('',#7950);
#2322=PLANE('',#7951);
#2323=PLANE('',#7952);
#2324=PLANE('',#7953);
#2325=PLANE('',#7954);
#2326=PLANE('',#7955);
#2327=PLANE('',#7958);
#2328=PLANE('',#7959);
#2329=PLANE('',#7963);
#2330=PLANE('',#7973);
#2331=PLANE('',#7974);
#2332=PLANE('',#7978);
#2333=PLANE('',#7979);
#2334=PLANE('',#7980);
#2335=PLANE('',#7981);
#2336=PLANE('',#7982);
#2337=PLANE('',#7984);
#2338=PLANE('',#7985);
#2339=PLANE('',#7988);
#2340=PLANE('',#7991);
#2341=PLANE('',#7994);
#2342=PLANE('',#7996);
#2343=PLANE('',#7999);
#2344=PLANE('',#8001);
#2345=PLANE('',#8004);
#2346=PLANE('',#8005);
#2347=PLANE('',#8006);
#2348=PLANE('',#8009);
#2349=PLANE('',#8012);
#2350=PLANE('',#8013);
#2351=PLANE('',#8014);
#2352=PLANE('',#8017);
#2353=PLANE('',#8018);
#2354=PLANE('',#8022);
#2355=PLANE('',#8023);
#2356=PLANE('',#8026);
#2357=PLANE('',#8028);
#2358=PLANE('',#8029);
#2359=PLANE('',#8030);
#2360=PLANE('',#8032);
#2361=PLANE('',#8033);
#2362=PLANE('',#8034);
#2363=PLANE('',#8037);
#2364=PLANE('',#8038);
#2365=PLANE('',#8039);
#2366=PLANE('',#8040);
#2367=PLANE('',#8041);
#2368=PLANE('',#8042);
#2369=PLANE('',#8043);
#2370=PLANE('',#8044);
#2371=PLANE('',#8045);
#2372=PLANE('',#8046);
#2373=PLANE('',#8047);
#2374=PLANE('',#8048);
#2375=PLANE('',#8049);
#2376=PLANE('',#8050);
#2377=PLANE('',#8051);
#2378=PLANE('',#8052);
#2379=PLANE('',#8125);
#2380=PLANE('',#8126);
#2381=PLANE('',#8127);
#2382=PLANE('',#8128);
#2383=PLANE('',#8129);
#2384=PLANE('',#8130);
#2385=PLANE('',#8131);
#2386=PLANE('',#8134);
#2387=PLANE('',#8135);
#2388=PLANE('',#8136);
#2389=PLANE('',#8137);
#2390=PLANE('',#8138);
#2391=PLANE('',#8139);
#2392=PLANE('',#8140);
#2393=PLANE('',#8141);
#2394=PLANE('',#8142);
#2395=PLANE('',#8143);
#2396=PLANE('',#8144);
#2397=PLANE('',#8145);
#2398=PLANE('',#8146);
#2399=PLANE('',#8147);
#2400=PLANE('',#8164);
#2401=PLANE('',#8165);
#2402=PLANE('',#8180);
#2403=PLANE('',#8181);
#2404=PLANE('',#8182);
#2405=PLANE('',#8183);
#2406=PLANE('',#8186);
#2407=PLANE('',#8189);
#2408=PLANE('',#8190);
#2409=PLANE('',#8195);
#2410=PLANE('',#8196);
#2411=PLANE('',#8197);
#2412=PLANE('',#8198);
#2413=PLANE('',#8199);
#2414=PLANE('',#8200);
#2415=PLANE('',#8201);
#2416=PLANE('',#8202);
#2417=PLANE('',#8203);
#2418=PLANE('',#8204);
#2419=PLANE('',#8208);
#2420=PLANE('',#8210);
#2421=PLANE('',#8212);
#2422=PLANE('',#8214);
#2423=PLANE('',#8216);
#2424=PLANE('',#8218);
#2425=PLANE('',#8220);
#2426=PLANE('',#8222);
#2427=FACE_OUTER_BOUND('',#2795,.T.);
#2428=FACE_OUTER_BOUND('',#2798,.T.);
#2429=FACE_OUTER_BOUND('',#2803,.T.);
#2430=FACE_OUTER_BOUND('',#2806,.T.);
#2431=FACE_OUTER_BOUND('',#2809,.T.);
#2432=FACE_OUTER_BOUND('',#2816,.T.);
#2433=FACE_OUTER_BOUND('',#2817,.T.);
#2434=FACE_OUTER_BOUND('',#2818,.T.);
#2435=FACE_OUTER_BOUND('',#2819,.T.);
#2436=FACE_OUTER_BOUND('',#2820,.T.);
#2437=FACE_OUTER_BOUND('',#2821,.T.);
#2438=FACE_OUTER_BOUND('',#2822,.T.);
#2439=FACE_OUTER_BOUND('',#2823,.T.);
#2440=FACE_OUTER_BOUND('',#2827,.T.);
#2441=FACE_OUTER_BOUND('',#2828,.T.);
#2442=FACE_OUTER_BOUND('',#2829,.T.);
#2443=FACE_OUTER_BOUND('',#2830,.T.);
#2444=FACE_OUTER_BOUND('',#2831,.T.);
#2445=FACE_OUTER_BOUND('',#2832,.T.);
#2446=FACE_OUTER_BOUND('',#2833,.T.);
#2447=FACE_OUTER_BOUND('',#2834,.T.);
#2448=FACE_OUTER_BOUND('',#2835,.T.);
#2449=FACE_OUTER_BOUND('',#2839,.T.);
#2450=FACE_OUTER_BOUND('',#2840,.T.);
#2451=FACE_OUTER_BOUND('',#2843,.T.);
#2452=FACE_OUTER_BOUND('',#2844,.T.);
#2453=FACE_OUTER_BOUND('',#2845,.T.);
#2454=FACE_OUTER_BOUND('',#2846,.T.);
#2455=FACE_OUTER_BOUND('',#2847,.T.);
#2456=FACE_OUTER_BOUND('',#2848,.T.);
#2457=FACE_OUTER_BOUND('',#2849,.T.);
#2458=FACE_OUTER_BOUND('',#2850,.T.);
#2459=FACE_OUTER_BOUND('',#2851,.T.);
#2460=FACE_OUTER_BOUND('',#2852,.T.);
#2461=FACE_OUTER_BOUND('',#2867,.T.);
#2462=FACE_OUTER_BOUND('',#2868,.T.);
#2463=FACE_OUTER_BOUND('',#2869,.T.);
#2464=FACE_OUTER_BOUND('',#2870,.T.);
#2465=FACE_OUTER_BOUND('',#2871,.T.);
#2466=FACE_OUTER_BOUND('',#2872,.T.);
#2467=FACE_OUTER_BOUND('',#2873,.T.);
#2468=FACE_OUTER_BOUND('',#2874,.T.);
#2469=FACE_OUTER_BOUND('',#2875,.T.);
#2470=FACE_OUTER_BOUND('',#2876,.T.);
#2471=FACE_OUTER_BOUND('',#2879,.T.);
#2472=FACE_OUTER_BOUND('',#2880,.T.);
#2473=FACE_OUTER_BOUND('',#2881,.T.);
#2474=FACE_OUTER_BOUND('',#2882,.T.);
#2475=FACE_OUTER_BOUND('',#2885,.T.);
#2476=FACE_OUTER_BOUND('',#2886,.T.);
#2477=FACE_OUTER_BOUND('',#2887,.T.);
#2478=FACE_OUTER_BOUND('',#2888,.T.);
#2479=FACE_OUTER_BOUND('',#2889,.T.);
#2480=FACE_OUTER_BOUND('',#2890,.T.);
#2481=FACE_OUTER_BOUND('',#2891,.T.);
#2482=FACE_OUTER_BOUND('',#2892,.T.);
#2483=FACE_OUTER_BOUND('',#2893,.T.);
#2484=FACE_OUTER_BOUND('',#2894,.T.);
#2485=FACE_OUTER_BOUND('',#2895,.T.);
#2486=FACE_OUTER_BOUND('',#2896,.T.);
#2487=FACE_OUTER_BOUND('',#2897,.T.);
#2488=FACE_OUTER_BOUND('',#2898,.T.);
#2489=FACE_OUTER_BOUND('',#2899,.T.);
#2490=FACE_OUTER_BOUND('',#2900,.T.);
#2491=FACE_OUTER_BOUND('',#2901,.T.);
#2492=FACE_OUTER_BOUND('',#2902,.T.);
#2493=FACE_OUTER_BOUND('',#2903,.T.);
#2494=FACE_OUTER_BOUND('',#2906,.T.);
#2495=FACE_OUTER_BOUND('',#2907,.T.);
#2496=FACE_OUTER_BOUND('',#2908,.T.);
#2497=FACE_OUTER_BOUND('',#2909,.T.);
#2498=FACE_OUTER_BOUND('',#2910,.T.);
#2499=FACE_OUTER_BOUND('',#2911,.T.);
#2500=FACE_OUTER_BOUND('',#2912,.T.);
#2501=FACE_OUTER_BOUND('',#2913,.T.);
#2502=FACE_OUTER_BOUND('',#2914,.T.);
#2503=FACE_OUTER_BOUND('',#2915,.T.);
#2504=FACE_OUTER_BOUND('',#2916,.T.);
#2505=FACE_OUTER_BOUND('',#2919,.T.);
#2506=FACE_OUTER_BOUND('',#2920,.T.);
#2507=FACE_OUTER_BOUND('',#2921,.T.);
#2508=FACE_OUTER_BOUND('',#2922,.T.);
#2509=FACE_OUTER_BOUND('',#2923,.T.);
#2510=FACE_OUTER_BOUND('',#2926,.T.);
#2511=FACE_OUTER_BOUND('',#2927,.T.);
#2512=FACE_OUTER_BOUND('',#2928,.T.);
#2513=FACE_OUTER_BOUND('',#2929,.T.);
#2514=FACE_OUTER_BOUND('',#2930,.T.);
#2515=FACE_OUTER_BOUND('',#2931,.T.);
#2516=FACE_OUTER_BOUND('',#2932,.T.);
#2517=FACE_OUTER_BOUND('',#2933,.T.);
#2518=FACE_OUTER_BOUND('',#2934,.T.);
#2519=FACE_OUTER_BOUND('',#2935,.T.);
#2520=FACE_OUTER_BOUND('',#2936,.T.);
#2521=FACE_OUTER_BOUND('',#2937,.T.);
#2522=FACE_OUTER_BOUND('',#2938,.T.);
#2523=FACE_OUTER_BOUND('',#2939,.T.);
#2524=FACE_OUTER_BOUND('',#2940,.T.);
#2525=FACE_OUTER_BOUND('',#2941,.T.);
#2526=FACE_OUTER_BOUND('',#2944,.T.);
#2527=FACE_OUTER_BOUND('',#2945,.T.);
#2528=FACE_OUTER_BOUND('',#2946,.T.);
#2529=FACE_OUTER_BOUND('',#2947,.T.);
#2530=FACE_OUTER_BOUND('',#2948,.T.);
#2531=FACE_OUTER_BOUND('',#2949,.T.);
#2532=FACE_OUTER_BOUND('',#2950,.T.);
#2533=FACE_OUTER_BOUND('',#2951,.T.);
#2534=FACE_OUTER_BOUND('',#2952,.T.);
#2535=FACE_OUTER_BOUND('',#2955,.T.);
#2536=FACE_OUTER_BOUND('',#2956,.T.);
#2537=FACE_OUTER_BOUND('',#2957,.T.);
#2538=FACE_OUTER_BOUND('',#2958,.T.);
#2539=FACE_OUTER_BOUND('',#2959,.T.);
#2540=FACE_OUTER_BOUND('',#2960,.T.);
#2541=FACE_OUTER_BOUND('',#2961,.T.);
#2542=FACE_OUTER_BOUND('',#2962,.T.);
#2543=FACE_OUTER_BOUND('',#2963,.T.);
#2544=FACE_OUTER_BOUND('',#2964,.T.);
#2545=FACE_OUTER_BOUND('',#2965,.T.);
#2546=FACE_OUTER_BOUND('',#2966,.T.);
#2547=FACE_OUTER_BOUND('',#2967,.T.);
#2548=FACE_OUTER_BOUND('',#2968,.T.);
#2549=FACE_OUTER_BOUND('',#2969,.T.);
#2550=FACE_OUTER_BOUND('',#2970,.T.);
#2551=FACE_OUTER_BOUND('',#2971,.T.);
#2552=FACE_OUTER_BOUND('',#2972,.T.);
#2553=FACE_OUTER_BOUND('',#2973,.T.);
#2554=FACE_OUTER_BOUND('',#2974,.T.);
#2555=FACE_OUTER_BOUND('',#2975,.T.);
#2556=FACE_OUTER_BOUND('',#2976,.T.);
#2557=FACE_OUTER_BOUND('',#2977,.T.);
#2558=FACE_OUTER_BOUND('',#2978,.T.);
#2559=FACE_OUTER_BOUND('',#2979,.T.);
#2560=FACE_OUTER_BOUND('',#2980,.T.);
#2561=FACE_OUTER_BOUND('',#2981,.T.);
#2562=FACE_OUTER_BOUND('',#2982,.T.);
#2563=FACE_OUTER_BOUND('',#2983,.T.);
#2564=FACE_OUTER_BOUND('',#2984,.T.);
#2565=FACE_OUTER_BOUND('',#2985,.T.);
#2566=FACE_OUTER_BOUND('',#2986,.T.);
#2567=FACE_OUTER_BOUND('',#2987,.T.);
#2568=FACE_OUTER_BOUND('',#2988,.T.);
#2569=FACE_OUTER_BOUND('',#2989,.T.);
#2570=FACE_OUTER_BOUND('',#2990,.T.);
#2571=FACE_OUTER_BOUND('',#2991,.T.);
#2572=FACE_OUTER_BOUND('',#2992,.T.);
#2573=FACE_OUTER_BOUND('',#2993,.T.);
#2574=FACE_OUTER_BOUND('',#2994,.T.);
#2575=FACE_OUTER_BOUND('',#2995,.T.);
#2576=FACE_OUTER_BOUND('',#2996,.T.);
#2577=FACE_OUTER_BOUND('',#2997,.T.);
#2578=FACE_OUTER_BOUND('',#2998,.T.);
#2579=FACE_OUTER_BOUND('',#2999,.T.);
#2580=FACE_OUTER_BOUND('',#3000,.T.);
#2581=FACE_OUTER_BOUND('',#3001,.T.);
#2582=FACE_OUTER_BOUND('',#3002,.T.);
#2583=FACE_OUTER_BOUND('',#3003,.T.);
#2584=FACE_OUTER_BOUND('',#3004,.T.);
#2585=FACE_OUTER_BOUND('',#3005,.T.);
#2586=FACE_OUTER_BOUND('',#3006,.T.);
#2587=FACE_OUTER_BOUND('',#3007,.T.);
#2588=FACE_OUTER_BOUND('',#3008,.T.);
#2589=FACE_OUTER_BOUND('',#3009,.T.);
#2590=FACE_OUTER_BOUND('',#3010,.T.);
#2591=FACE_OUTER_BOUND('',#3011,.T.);
#2592=FACE_OUTER_BOUND('',#3012,.T.);
#2593=FACE_OUTER_BOUND('',#3013,.T.);
#2594=FACE_OUTER_BOUND('',#3014,.T.);
#2595=FACE_OUTER_BOUND('',#3015,.T.);
#2596=FACE_OUTER_BOUND('',#3016,.T.);
#2597=FACE_OUTER_BOUND('',#3017,.T.);
#2598=FACE_OUTER_BOUND('',#3018,.T.);
#2599=FACE_OUTER_BOUND('',#3019,.T.);
#2600=FACE_OUTER_BOUND('',#3020,.T.);
#2601=FACE_OUTER_BOUND('',#3021,.T.);
#2602=FACE_OUTER_BOUND('',#3022,.T.);
#2603=FACE_OUTER_BOUND('',#3023,.T.);
#2604=FACE_OUTER_BOUND('',#3024,.T.);
#2605=FACE_OUTER_BOUND('',#3025,.T.);
#2606=FACE_OUTER_BOUND('',#3026,.T.);
#2607=FACE_OUTER_BOUND('',#3027,.T.);
#2608=FACE_OUTER_BOUND('',#3028,.T.);
#2609=FACE_OUTER_BOUND('',#3029,.T.);
#2610=FACE_OUTER_BOUND('',#3030,.T.);
#2611=FACE_OUTER_BOUND('',#3031,.T.);
#2612=FACE_OUTER_BOUND('',#3032,.T.);
#2613=FACE_OUTER_BOUND('',#3033,.T.);
#2614=FACE_OUTER_BOUND('',#3034,.T.);
#2615=FACE_OUTER_BOUND('',#3035,.T.);
#2616=FACE_OUTER_BOUND('',#3036,.T.);
#2617=FACE_OUTER_BOUND('',#3037,.T.);
#2618=FACE_OUTER_BOUND('',#3038,.T.);
#2619=FACE_OUTER_BOUND('',#3039,.T.);
#2620=FACE_OUTER_BOUND('',#3040,.T.);
#2621=FACE_OUTER_BOUND('',#3041,.T.);
#2622=FACE_OUTER_BOUND('',#3042,.T.);
#2623=FACE_OUTER_BOUND('',#3043,.T.);
#2624=FACE_OUTER_BOUND('',#3044,.T.);
#2625=FACE_OUTER_BOUND('',#3045,.T.);
#2626=FACE_OUTER_BOUND('',#3046,.T.);
#2627=FACE_OUTER_BOUND('',#3047,.T.);
#2628=FACE_OUTER_BOUND('',#3048,.T.);
#2629=FACE_OUTER_BOUND('',#3049,.T.);
#2630=FACE_OUTER_BOUND('',#3050,.T.);
#2631=FACE_OUTER_BOUND('',#3051,.T.);
#2632=FACE_OUTER_BOUND('',#3052,.T.);
#2633=FACE_OUTER_BOUND('',#3053,.T.);
#2634=FACE_OUTER_BOUND('',#3054,.T.);
#2635=FACE_OUTER_BOUND('',#3055,.T.);
#2636=FACE_OUTER_BOUND('',#3056,.T.);
#2637=FACE_OUTER_BOUND('',#3057,.T.);
#2638=FACE_OUTER_BOUND('',#3058,.T.);
#2639=FACE_OUTER_BOUND('',#3059,.T.);
#2640=FACE_OUTER_BOUND('',#3060,.T.);
#2641=FACE_OUTER_BOUND('',#3061,.T.);
#2642=FACE_OUTER_BOUND('',#3062,.T.);
#2643=FACE_OUTER_BOUND('',#3063,.T.);
#2644=FACE_OUTER_BOUND('',#3064,.T.);
#2645=FACE_OUTER_BOUND('',#3065,.T.);
#2646=FACE_OUTER_BOUND('',#3066,.T.);
#2647=FACE_OUTER_BOUND('',#3067,.T.);
#2648=FACE_OUTER_BOUND('',#3068,.T.);
#2649=FACE_OUTER_BOUND('',#3069,.T.);
#2650=FACE_OUTER_BOUND('',#3070,.T.);
#2651=FACE_OUTER_BOUND('',#3071,.T.);
#2652=FACE_OUTER_BOUND('',#3072,.T.);
#2653=FACE_OUTER_BOUND('',#3073,.T.);
#2654=FACE_OUTER_BOUND('',#3074,.T.);
#2655=FACE_OUTER_BOUND('',#3075,.T.);
#2656=FACE_OUTER_BOUND('',#3076,.T.);
#2657=FACE_OUTER_BOUND('',#3077,.T.);
#2658=FACE_OUTER_BOUND('',#3078,.T.);
#2659=FACE_OUTER_BOUND('',#3079,.T.);
#2660=FACE_OUTER_BOUND('',#3080,.T.);
#2661=FACE_OUTER_BOUND('',#3081,.T.);
#2662=FACE_OUTER_BOUND('',#3082,.T.);
#2663=FACE_OUTER_BOUND('',#3083,.T.);
#2664=FACE_OUTER_BOUND('',#3084,.T.);
#2665=FACE_OUTER_BOUND('',#3085,.T.);
#2666=FACE_OUTER_BOUND('',#3086,.T.);
#2667=FACE_OUTER_BOUND('',#3087,.T.);
#2668=FACE_OUTER_BOUND('',#3088,.T.);
#2669=FACE_OUTER_BOUND('',#3089,.T.);
#2670=FACE_OUTER_BOUND('',#3090,.T.);
#2671=FACE_OUTER_BOUND('',#3091,.T.);
#2672=FACE_OUTER_BOUND('',#3092,.T.);
#2673=FACE_OUTER_BOUND('',#3093,.T.);
#2674=FACE_OUTER_BOUND('',#3094,.T.);
#2675=FACE_OUTER_BOUND('',#3095,.T.);
#2676=FACE_OUTER_BOUND('',#3096,.T.);
#2677=FACE_OUTER_BOUND('',#3097,.T.);
#2678=FACE_OUTER_BOUND('',#3098,.T.);
#2679=FACE_OUTER_BOUND('',#3099,.T.);
#2680=FACE_OUTER_BOUND('',#3100,.T.);
#2681=FACE_OUTER_BOUND('',#3101,.T.);
#2682=FACE_OUTER_BOUND('',#3102,.T.);
#2683=FACE_OUTER_BOUND('',#3103,.T.);
#2684=FACE_OUTER_BOUND('',#3104,.T.);
#2685=FACE_OUTER_BOUND('',#3105,.T.);
#2686=FACE_OUTER_BOUND('',#3106,.T.);
#2687=FACE_OUTER_BOUND('',#3107,.T.);
#2688=FACE_OUTER_BOUND('',#3108,.T.);
#2689=FACE_OUTER_BOUND('',#3109,.T.);
#2690=FACE_OUTER_BOUND('',#3110,.T.);
#2691=FACE_OUTER_BOUND('',#3111,.T.);
#2692=FACE_OUTER_BOUND('',#3112,.T.);
#2693=FACE_OUTER_BOUND('',#3113,.T.);
#2694=FACE_OUTER_BOUND('',#3114,.T.);
#2695=FACE_OUTER_BOUND('',#3115,.T.);
#2696=FACE_OUTER_BOUND('',#3116,.T.);
#2697=FACE_OUTER_BOUND('',#3117,.T.);
#2698=FACE_OUTER_BOUND('',#3118,.T.);
#2699=FACE_OUTER_BOUND('',#3119,.T.);
#2700=FACE_OUTER_BOUND('',#3120,.T.);
#2701=FACE_OUTER_BOUND('',#3121,.T.);
#2702=FACE_OUTER_BOUND('',#3122,.T.);
#2703=FACE_OUTER_BOUND('',#3123,.T.);
#2704=FACE_OUTER_BOUND('',#3124,.T.);
#2705=FACE_OUTER_BOUND('',#3125,.T.);
#2706=FACE_OUTER_BOUND('',#3126,.T.);
#2707=FACE_OUTER_BOUND('',#3127,.T.);
#2708=FACE_OUTER_BOUND('',#3128,.T.);
#2709=FACE_OUTER_BOUND('',#3129,.T.);
#2710=FACE_OUTER_BOUND('',#3130,.T.);
#2711=FACE_OUTER_BOUND('',#3131,.T.);
#2712=FACE_OUTER_BOUND('',#3132,.T.);
#2713=FACE_OUTER_BOUND('',#3133,.T.);
#2714=FACE_OUTER_BOUND('',#3134,.T.);
#2715=FACE_OUTER_BOUND('',#3135,.T.);
#2716=FACE_OUTER_BOUND('',#3136,.T.);
#2717=FACE_OUTER_BOUND('',#3137,.T.);
#2718=FACE_OUTER_BOUND('',#3138,.T.);
#2719=FACE_OUTER_BOUND('',#3139,.T.);
#2720=FACE_OUTER_BOUND('',#3140,.T.);
#2721=FACE_OUTER_BOUND('',#3141,.T.);
#2722=FACE_OUTER_BOUND('',#3142,.T.);
#2723=FACE_OUTER_BOUND('',#3143,.T.);
#2724=FACE_OUTER_BOUND('',#3144,.T.);
#2725=FACE_OUTER_BOUND('',#3145,.T.);
#2726=FACE_OUTER_BOUND('',#3146,.T.);
#2727=FACE_OUTER_BOUND('',#3147,.T.);
#2728=FACE_OUTER_BOUND('',#3148,.T.);
#2729=FACE_OUTER_BOUND('',#3149,.T.);
#2730=FACE_OUTER_BOUND('',#3150,.T.);
#2731=FACE_OUTER_BOUND('',#3151,.T.);
#2732=FACE_OUTER_BOUND('',#3152,.T.);
#2733=FACE_OUTER_BOUND('',#3153,.T.);
#2734=FACE_OUTER_BOUND('',#3154,.T.);
#2735=FACE_OUTER_BOUND('',#3155,.T.);
#2736=FACE_OUTER_BOUND('',#3156,.T.);
#2737=FACE_OUTER_BOUND('',#3157,.T.);
#2738=FACE_OUTER_BOUND('',#3158,.T.);
#2739=FACE_OUTER_BOUND('',#3159,.T.);
#2740=FACE_OUTER_BOUND('',#3160,.T.);
#2741=FACE_OUTER_BOUND('',#3161,.T.);
#2742=FACE_OUTER_BOUND('',#3162,.T.);
#2743=FACE_OUTER_BOUND('',#3163,.T.);
#2744=FACE_OUTER_BOUND('',#3164,.T.);
#2745=FACE_OUTER_BOUND('',#3165,.T.);
#2746=FACE_OUTER_BOUND('',#3166,.T.);
#2747=FACE_OUTER_BOUND('',#3167,.T.);
#2748=FACE_OUTER_BOUND('',#3168,.T.);
#2749=FACE_OUTER_BOUND('',#3169,.T.);
#2750=FACE_OUTER_BOUND('',#3170,.T.);
#2751=FACE_OUTER_BOUND('',#3171,.T.);
#2752=FACE_OUTER_BOUND('',#3172,.T.);
#2753=FACE_OUTER_BOUND('',#3173,.T.);
#2754=FACE_OUTER_BOUND('',#3174,.T.);
#2755=FACE_OUTER_BOUND('',#3175,.T.);
#2756=FACE_OUTER_BOUND('',#3176,.T.);
#2757=FACE_OUTER_BOUND('',#3177,.T.);
#2758=FACE_OUTER_BOUND('',#3178,.T.);
#2759=FACE_OUTER_BOUND('',#3179,.T.);
#2760=FACE_OUTER_BOUND('',#3180,.T.);
#2761=FACE_OUTER_BOUND('',#3181,.T.);
#2762=FACE_OUTER_BOUND('',#3182,.T.);
#2763=FACE_OUTER_BOUND('',#3183,.T.);
#2764=FACE_OUTER_BOUND('',#3184,.T.);
#2765=FACE_OUTER_BOUND('',#3185,.T.);
#2766=FACE_OUTER_BOUND('',#3186,.T.);
#2767=FACE_OUTER_BOUND('',#3187,.T.);
#2768=FACE_OUTER_BOUND('',#3188,.T.);
#2769=FACE_OUTER_BOUND('',#3189,.T.);
#2770=FACE_OUTER_BOUND('',#3190,.T.);
#2771=FACE_OUTER_BOUND('',#3191,.T.);
#2772=FACE_OUTER_BOUND('',#3192,.T.);
#2773=FACE_OUTER_BOUND('',#3193,.T.);
#2774=FACE_OUTER_BOUND('',#3194,.T.);
#2775=FACE_OUTER_BOUND('',#3195,.T.);
#2776=FACE_OUTER_BOUND('',#3196,.T.);
#2777=FACE_OUTER_BOUND('',#3197,.T.);
#2778=FACE_OUTER_BOUND('',#3198,.T.);
#2779=FACE_OUTER_BOUND('',#3199,.T.);
#2780=FACE_OUTER_BOUND('',#3200,.T.);
#2781=FACE_OUTER_BOUND('',#3201,.T.);
#2782=FACE_OUTER_BOUND('',#3202,.T.);
#2783=FACE_OUTER_BOUND('',#3203,.T.);
#2784=FACE_OUTER_BOUND('',#3204,.T.);
#2785=FACE_OUTER_BOUND('',#3205,.T.);
#2786=FACE_OUTER_BOUND('',#3206,.T.);
#2787=FACE_OUTER_BOUND('',#3223,.T.);
#2788=FACE_OUTER_BOUND('',#3226,.T.);
#2789=FACE_OUTER_BOUND('',#3229,.T.);
#2790=FACE_OUTER_BOUND('',#3232,.T.);
#2791=FACE_OUTER_BOUND('',#3235,.T.);
#2792=FACE_OUTER_BOUND('',#3238,.T.);
#2793=FACE_OUTER_BOUND('',#3241,.T.);
#2794=FACE_OUTER_BOUND('',#3244,.T.);
#2795=EDGE_LOOP('',(#3247));
#2796=EDGE_LOOP('',(#3248,#3249,#3250,#3251,#3252,#3253,#3254,#3255,#3256,
#3257,#3258,#3259,#3260,#3261,#3262,#3263,#3264,#3265,#3266,#3267,#3268,
#3269,#3270,#3271));
#2797=EDGE_LOOP('',(#3272,#3273,#3274,#3275,#3276,#3277,#3278,#3279,#3280,
#3281,#3282,#3283,#3284,#3285,#3286,#3287,#3288,#3289,#3290,#3291,#3292,
#3293,#3294,#3295,#3296,#3297,#3298,#3299));
#2798=EDGE_LOOP('',(#3300,#3301,#3302,#3303,#3304,#3305));
#2799=EDGE_LOOP('',(#3306,#3307,#3308,#3309,#3310,#3311));
#2800=EDGE_LOOP('',(#3312));
#2801=EDGE_LOOP('',(#3313,#3314,#3315,#3316,#3317,#3318,#3319));
#2802=EDGE_LOOP('',(#3320));
#2803=EDGE_LOOP('',(#3321,#3322,#3323,#3324,#3325,#3326));
#2804=EDGE_LOOP('',(#3327,#3328,#3329,#3330,#3331,#3332));
#2805=EDGE_LOOP('',(#3333));
#2806=EDGE_LOOP('',(#3334,#3335,#3336,#3337,#3338,#3339));
#2807=EDGE_LOOP('',(#3340,#3341,#3342,#3343,#3344,#3345));
#2808=EDGE_LOOP('',(#3346));
#2809=EDGE_LOOP('',(#3347,#3348,#3349,#3350,#3351,#3352));
#2810=EDGE_LOOP('',(#3353,#3354,#3355,#3356,#3357,#3358));
#2811=EDGE_LOOP('',(#3359));
#2812=EDGE_LOOP('',(#3360,#3361,#3362,#3363,#3364,#3365));
#2813=EDGE_LOOP('',(#3366));
#2814=EDGE_LOOP('',(#3367,#3368,#3369,#3370,#3371,#3372));
#2815=EDGE_LOOP('',(#3373));
#2816=EDGE_LOOP('',(#3374,#3375,#3376,#3377));
#2817=EDGE_LOOP('',(#3378,#3379,#3380,#3381));
#2818=EDGE_LOOP('',(#3382,#3383,#3384,#3385,#3386,#3387,#3388));
#2819=EDGE_LOOP('',(#3389,#3390,#3391,#3392,#3393,#3394,#3395));
#2820=EDGE_LOOP('',(#3396,#3397,#3398,#3399));
#2821=EDGE_LOOP('',(#3400,#3401,#3402,#3403));
#2822=EDGE_LOOP('',(#3404,#3405,#3406,#3407,#3408));
#2823=EDGE_LOOP('',(#3409,#3410,#3411,#3412,#3413));
#2824=EDGE_LOOP('',(#3414,#3415,#3416,#3417));
#2825=EDGE_LOOP('',(#3418,#3419,#3420,#3421));
#2826=EDGE_LOOP('',(#3422,#3423,#3424,#3425,#3426,#3427,#3428,#3429,#3430,
#3431,#3432,#3433,#3434,#3435,#3436,#3437,#3438,#3439));
#2827=EDGE_LOOP('',(#3440,#3441,#3442,#3443));
#2828=EDGE_LOOP('',(#3444,#3445,#3446,#3447,#3448,#3449));
#2829=EDGE_LOOP('',(#3450,#3451,#3452,#3453,#3454,#3455,#3456,#3457));
#2830=EDGE_LOOP('',(#3458,#3459,#3460,#3461,#3462));
#2831=EDGE_LOOP('',(#3463,#3464,#3465,#3466,#3467));
#2832=EDGE_LOOP('',(#3468,#3469,#3470,#3471));
#2833=EDGE_LOOP('',(#3472,#3473,#3474,#3475));
#2834=EDGE_LOOP('',(#3476,#3477,#3478,#3479));
#2835=EDGE_LOOP('',(#3480,#3481,#3482,#3483,#3484,#3485,#3486,#3487,#3488,
#3489,#3490,#3491,#3492));
#2836=EDGE_LOOP('',(#3493,#3494,#3495,#3496,#3497,#3498,#3499,#3500,#3501,
#3502,#3503,#3504,#3505,#3506,#3507,#3508,#3509,#3510));
#2837=EDGE_LOOP('',(#3511,#3512,#3513,#3514));
#2838=EDGE_LOOP('',(#3515,#3516,#3517,#3518));
#2839=EDGE_LOOP('',(#3519,#3520,#3521,#3522,#3523,#3524,#3525,#3526,#3527,
#3528,#3529,#3530,#3531));
#2840=EDGE_LOOP('',(#3532,#3533,#3534,#3535,#3536,#3537,#3538,#3539,#3540,
#3541,#3542,#3543,#3544,#3545,#3546));
#2841=EDGE_LOOP('',(#3547));
#2842=EDGE_LOOP('',(#3548));
#2843=EDGE_LOOP('',(#3549,#3550,#3551,#3552));
#2844=EDGE_LOOP('',(#3553,#3554,#3555,#3556));
#2845=EDGE_LOOP('',(#3557,#3558,#3559,#3560,#3561));
#2846=EDGE_LOOP('',(#3562,#3563,#3564,#3565));
#2847=EDGE_LOOP('',(#3566,#3567,#3568,#3569,#3570));
#2848=EDGE_LOOP('',(#3571,#3572,#3573,#3574,#3575));
#2849=EDGE_LOOP('',(#3576,#3577,#3578,#3579));
#2850=EDGE_LOOP('',(#3580,#3581,#3582,#3583,#3584));
#2851=EDGE_LOOP('',(#3585,#3586,#3587,#3588));
#2852=EDGE_LOOP('',(#3589,#3590,#3591,#3592));
#2853=EDGE_LOOP('',(#3593,#3594,#3595,#3596,#3597,#3598,#3599,#3600,#3601,
#3602,#3603,#3604,#3605,#3606,#3607,#3608,#3609,#3610,#3611,#3612,#3613,
#3614,#3615,#3616,#3617));
#2854=EDGE_LOOP('',(#3618,#3619,#3620,#3621,#3622,#3623,#3624,#3625,#3626,
#3627,#3628,#3629,#3630,#3631,#3632,#3633,#3634,#3635,#3636,#3637,#3638,
#3639,#3640,#3641,#3642,#3643,#3644,#3645,#3646,#3647,#3648,#3649,#3650,
#3651,#3652,#3653,#3654,#3655,#3656,#3657,#3658,#3659,#3660,#3661,#3662,
#3663,#3664,#3665,#3666,#3667,#3668,#3669,#3670,#3671,#3672,#3673,#3674,
#3675,#3676,#3677,#3678,#3679,#3680,#3681));
#2855=EDGE_LOOP('',(#3682,#3683,#3684,#3685,#3686,#3687,#3688,#3689,#3690,
#3691,#3692,#3693,#3694,#3695,#3696,#3697,#3698,#3699,#3700,#3701,#3702,
#3703,#3704,#3705,#3706,#3707,#3708,#3709,#3710,#3711,#3712,#3713,#3714,
#3715,#3716,#3717,#3718,#3719,#3720,#3721,#3722,#3723,#3724,#3725,#3726,
#3727,#3728,#3729,#3730,#3731,#3732,#3733,#3734,#3735,#3736,#3737,#3738,
#3739,#3740,#3741,#3742,#3743,#3744,#3745));
#2856=EDGE_LOOP('',(#3746,#3747,#3748,#3749,#3750,#3751,#3752,#3753,#3754,
#3755,#3756,#3757));
#2857=EDGE_LOOP('',(#3758));
#2858=EDGE_LOOP('',(#3759,#3760,#3761,#3762,#3763,#3764,#3765,#3766,#3767,
#3768,#3769,#3770));
#2859=EDGE_LOOP('',(#3771));
#2860=EDGE_LOOP('',(#3772));
#2861=EDGE_LOOP('',(#3773));
#2862=EDGE_LOOP('',(#3774,#3775,#3776,#3777,#3778,#3779,#3780,#3781,#3782,
#3783,#3784,#3785));
#2863=EDGE_LOOP('',(#3786));
#2864=EDGE_LOOP('',(#3787));
#2865=EDGE_LOOP('',(#3788));
#2866=EDGE_LOOP('',(#3789));
#2867=EDGE_LOOP('',(#3790,#3791,#3792,#3793));
#2868=EDGE_LOOP('',(#3794,#3795,#3796,#3797));
#2869=EDGE_LOOP('',(#3798,#3799,#3800,#3801,#3802));
#2870=EDGE_LOOP('',(#3803,#3804,#3805,#3806,#3807));
#2871=EDGE_LOOP('',(#3808,#3809,#3810,#3811));
#2872=EDGE_LOOP('',(#3812,#3813,#3814,#3815,#3816));
#2873=EDGE_LOOP('',(#3817,#3818,#3819,#3820,#3821));
#2874=EDGE_LOOP('',(#3822,#3823,#3824,#3825));
#2875=EDGE_LOOP('',(#3826,#3827,#3828,#3829));
#2876=EDGE_LOOP('',(#3830,#3831,#3832,#3833));
#2877=EDGE_LOOP('',(#3834));
#2878=EDGE_LOOP('',(#3835));
#2879=EDGE_LOOP('',(#3836,#3837,#3838,#3839));
#2880=EDGE_LOOP('',(#3840,#3841,#3842,#3843));
#2881=EDGE_LOOP('',(#3844,#3845,#3846,#3847));
#2882=EDGE_LOOP('',(#3848,#3849,#3850,#3851));
#2883=EDGE_LOOP('',(#3852));
#2884=EDGE_LOOP('',(#3853));
#2885=EDGE_LOOP('',(#3854,#3855,#3856,#3857,#3858));
#2886=EDGE_LOOP('',(#3859,#3860,#3861,#3862));
#2887=EDGE_LOOP('',(#3863,#3864,#3865,#3866,#3867));
#2888=EDGE_LOOP('',(#3868,#3869,#3870,#3871));
#2889=EDGE_LOOP('',(#3872,#3873,#3874,#3875,#3876));
#2890=EDGE_LOOP('',(#3877,#3878,#3879,#3880));
#2891=EDGE_LOOP('',(#3881,#3882,#3883,#3884,#3885));
#2892=EDGE_LOOP('',(#3886,#3887,#3888,#3889));
#2893=EDGE_LOOP('',(#3890,#3891,#3892,#3893));
#2894=EDGE_LOOP('',(#3894,#3895,#3896,#3897));
#2895=EDGE_LOOP('',(#3898,#3899,#3900,#3901));
#2896=EDGE_LOOP('',(#3902,#3903,#3904,#3905));
#2897=EDGE_LOOP('',(#3906,#3907,#3908,#3909));
#2898=EDGE_LOOP('',(#3910,#3911,#3912,#3913,#3914));
#2899=EDGE_LOOP('',(#3915,#3916,#3917,#3918));
#2900=EDGE_LOOP('',(#3919,#3920,#3921,#3922,#3923));
#2901=EDGE_LOOP('',(#3924,#3925,#3926,#3927));
#2902=EDGE_LOOP('',(#3928,#3929,#3930,#3931,#3932));
#2903=EDGE_LOOP('',(#3933,#3934,#3935,#3936));
#2904=EDGE_LOOP('',(#3937));
#2905=EDGE_LOOP('',(#3938));
#2906=EDGE_LOOP('',(#3939,#3940,#3941,#3942));
#2907=EDGE_LOOP('',(#3943,#3944,#3945,#3946));
#2908=EDGE_LOOP('',(#3947,#3948,#3949,#3950,#3951));
#2909=EDGE_LOOP('',(#3952,#3953,#3954,#3955));
#2910=EDGE_LOOP('',(#3956,#3957,#3958,#3959));
#2911=EDGE_LOOP('',(#3960,#3961,#3962,#3963));
#2912=EDGE_LOOP('',(#3964,#3965,#3966,#3967,#3968));
#2913=EDGE_LOOP('',(#3969,#3970,#3971,#3972));
#2914=EDGE_LOOP('',(#3973,#3974,#3975,#3976));
#2915=EDGE_LOOP('',(#3977,#3978,#3979,#3980));
#2916=EDGE_LOOP('',(#3981,#3982,#3983,#3984));
#2917=EDGE_LOOP('',(#3985));
#2918=EDGE_LOOP('',(#3986));
#2919=EDGE_LOOP('',(#3987,#3988,#3989,#3990,#3991));
#2920=EDGE_LOOP('',(#3992,#3993,#3994,#3995));
#2921=EDGE_LOOP('',(#3996,#3997,#3998,#3999));
#2922=EDGE_LOOP('',(#4000,#4001,#4002,#4003));
#2923=EDGE_LOOP('',(#4004,#4005,#4006,#4007));
#2924=EDGE_LOOP('',(#4008));
#2925=EDGE_LOOP('',(#4009));
#2926=EDGE_LOOP('',(#4010,#4011,#4012,#4013,#4014));
#2927=EDGE_LOOP('',(#4015,#4016,#4017,#4018));
#2928=EDGE_LOOP('',(#4019,#4020,#4021,#4022,#4023));
#2929=EDGE_LOOP('',(#4024,#4025,#4026,#4027));
#2930=EDGE_LOOP('',(#4028,#4029,#4030,#4031));
#2931=EDGE_LOOP('',(#4032,#4033,#4034,#4035));
#2932=EDGE_LOOP('',(#4036,#4037,#4038,#4039));
#2933=EDGE_LOOP('',(#4040,#4041,#4042,#4043));
#2934=EDGE_LOOP('',(#4044,#4045,#4046,#4047));
#2935=EDGE_LOOP('',(#4048,#4049,#4050,#4051));
#2936=EDGE_LOOP('',(#4052,#4053,#4054,#4055));
#2937=EDGE_LOOP('',(#4056,#4057,#4058,#4059));
#2938=EDGE_LOOP('',(#4060,#4061,#4062,#4063,#4064));
#2939=EDGE_LOOP('',(#4065,#4066,#4067,#4068));
#2940=EDGE_LOOP('',(#4069,#4070,#4071,#4072));
#2941=EDGE_LOOP('',(#4073,#4074,#4075,#4076));
#2942=EDGE_LOOP('',(#4077));
#2943=EDGE_LOOP('',(#4078));
#2944=EDGE_LOOP('',(#4079,#4080,#4081,#4082));
#2945=EDGE_LOOP('',(#4083,#4084,#4085,#4086,#4087));
#2946=EDGE_LOOP('',(#4088,#4089,#4090,#4091));
#2947=EDGE_LOOP('',(#4092,#4093,#4094,#4095));
#2948=EDGE_LOOP('',(#4096,#4097,#4098,#4099));
#2949=EDGE_LOOP('',(#4100,#4101,#4102,#4103,#4104));
#2950=EDGE_LOOP('',(#4105,#4106,#4107,#4108));
#2951=EDGE_LOOP('',(#4109,#4110,#4111,#4112,#4113));
#2952=EDGE_LOOP('',(#4114,#4115,#4116,#4117));
#2953=EDGE_LOOP('',(#4118));
#2954=EDGE_LOOP('',(#4119));
#2955=EDGE_LOOP('',(#4120,#4121,#4122,#4123));
#2956=EDGE_LOOP('',(#4124,#4125,#4126,#4127));
#2957=EDGE_LOOP('',(#4128,#4129,#4130,#4131));
#2958=EDGE_LOOP('',(#4132,#4133,#4134,#4135));
#2959=EDGE_LOOP('',(#4136,#4137,#4138,#4139));
#2960=EDGE_LOOP('',(#4140,#4141,#4142,#4143));
#2961=EDGE_LOOP('',(#4144,#4145,#4146,#4147));
#2962=EDGE_LOOP('',(#4148,#4149,#4150,#4151));
#2963=EDGE_LOOP('',(#4152,#4153,#4154,#4155,#4156));
#2964=EDGE_LOOP('',(#4157,#4158,#4159,#4160,#4161,#4162,#4163,#4164,#4165,
#4166));
#2965=EDGE_LOOP('',(#4167,#4168,#4169,#4170,#4171,#4172,#4173,#4174));
#2966=EDGE_LOOP('',(#4175,#4176,#4177,#4178));
#2967=EDGE_LOOP('',(#4179,#4180,#4181,#4182,#4183,#4184,#4185,#4186,#4187,
#4188));
#2968=EDGE_LOOP('',(#4189,#4190,#4191,#4192));
#2969=EDGE_LOOP('',(#4193,#4194,#4195,#4196));
#2970=EDGE_LOOP('',(#4197,#4198,#4199,#4200,#4201,#4202,#4203,#4204,#4205));
#2971=EDGE_LOOP('',(#4206,#4207,#4208,#4209));
#2972=EDGE_LOOP('',(#4210,#4211,#4212,#4213));
#2973=EDGE_LOOP('',(#4214,#4215,#4216,#4217,#4218,#4219,#4220,#4221,#4222,
#4223,#4224,#4225,#4226,#4227,#4228,#4229,#4230,#4231,#4232,#4233,#4234,
#4235,#4236,#4237,#4238,#4239,#4240,#4241));
#2974=EDGE_LOOP('',(#4242,#4243,#4244,#4245));
#2975=EDGE_LOOP('',(#4246,#4247,#4248,#4249));
#2976=EDGE_LOOP('',(#4250,#4251,#4252,#4253));
#2977=EDGE_LOOP('',(#4254,#4255,#4256,#4257));
#2978=EDGE_LOOP('',(#4258,#4259,#4260,#4261,#4262));
#2979=EDGE_LOOP('',(#4263,#4264,#4265,#4266));
#2980=EDGE_LOOP('',(#4267,#4268,#4269,#4270,#4271));
#2981=EDGE_LOOP('',(#4272,#4273,#4274));
#2982=EDGE_LOOP('',(#4275,#4276,#4277,#4278));
#2983=EDGE_LOOP('',(#4279,#4280,#4281,#4282,#4283,#4284));
#2984=EDGE_LOOP('',(#4285,#4286,#4287,#4288));
#2985=EDGE_LOOP('',(#4289,#4290,#4291,#4292));
#2986=EDGE_LOOP('',(#4293,#4294,#4295,#4296));
#2987=EDGE_LOOP('',(#4297,#4298,#4299,#4300));
#2988=EDGE_LOOP('',(#4301,#4302,#4303,#4304));
#2989=EDGE_LOOP('',(#4305,#4306,#4307,#4308,#4309,#4310));
#2990=EDGE_LOOP('',(#4311,#4312,#4313,#4314));
#2991=EDGE_LOOP('',(#4315,#4316,#4317,#4318,#4319,#4320));
#2992=EDGE_LOOP('',(#4321,#4322,#4323,#4324,#4325));
#2993=EDGE_LOOP('',(#4326,#4327,#4328,#4329));
#2994=EDGE_LOOP('',(#4330,#4331,#4332,#4333,#4334));
#2995=EDGE_LOOP('',(#4335,#4336,#4337,#4338,#4339,#4340,#4341,#4342,#4343,
#4344));
#2996=EDGE_LOOP('',(#4345,#4346,#4347,#4348));
#2997=EDGE_LOOP('',(#4349,#4350,#4351,#4352));
#2998=EDGE_LOOP('',(#4353,#4354,#4355,#4356));
#2999=EDGE_LOOP('',(#4357,#4358,#4359,#4360));
#3000=EDGE_LOOP('',(#4361,#4362,#4363,#4364));
#3001=EDGE_LOOP('',(#4365,#4366,#4367,#4368,#4369,#4370));
#3002=EDGE_LOOP('',(#4371,#4372,#4373,#4374));
#3003=EDGE_LOOP('',(#4375,#4376,#4377,#4378));
#3004=EDGE_LOOP('',(#4379,#4380,#4381,#4382));
#3005=EDGE_LOOP('',(#4383,#4384,#4385,#4386));
#3006=EDGE_LOOP('',(#4387,#4388,#4389,#4390));
#3007=EDGE_LOOP('',(#4391,#4392,#4393));
#3008=EDGE_LOOP('',(#4394,#4395,#4396,#4397));
#3009=EDGE_LOOP('',(#4398,#4399,#4400,#4401,#4402,#4403,#4404,#4405,#4406,
#4407,#4408,#4409,#4410,#4411,#4412,#4413,#4414,#4415,#4416,#4417,#4418,
#4419,#4420,#4421,#4422,#4423,#4424,#4425,#4426,#4427));
#3010=EDGE_LOOP('',(#4428,#4429,#4430,#4431,#4432,#4433));
#3011=EDGE_LOOP('',(#4434,#4435,#4436,#4437));
#3012=EDGE_LOOP('',(#4438,#4439,#4440,#4441));
#3013=EDGE_LOOP('',(#4442,#4443,#4444,#4445,#4446));
#3014=EDGE_LOOP('',(#4447,#4448,#4449,#4450,#4451,#4452,#4453,#4454));
#3015=EDGE_LOOP('',(#4455,#4456,#4457,#4458,#4459,#4460,#4461,#4462,#4463));
#3016=EDGE_LOOP('',(#4464,#4465,#4466,#4467));
#3017=EDGE_LOOP('',(#4468,#4469,#4470,#4471));
#3018=EDGE_LOOP('',(#4472,#4473,#4474,#4475,#4476,#4477,#4478,#4479,#4480,
#4481));
#3019=EDGE_LOOP('',(#4482,#4483,#4484,#4485));
#3020=EDGE_LOOP('',(#4486,#4487,#4488,#4489));
#3021=EDGE_LOOP('',(#4490,#4491,#4492,#4493));
#3022=EDGE_LOOP('',(#4494,#4495,#4496,#4497,#4498));
#3023=EDGE_LOOP('',(#4499,#4500,#4501,#4502,#4503,#4504,#4505,#4506));
#3024=EDGE_LOOP('',(#4507,#4508,#4509,#4510,#4511,#4512,#4513,#4514,#4515));
#3025=EDGE_LOOP('',(#4516,#4517,#4518,#4519));
#3026=EDGE_LOOP('',(#4520,#4521,#4522,#4523));
#3027=EDGE_LOOP('',(#4524,#4525,#4526,#4527,#4528,#4529,#4530,#4531,#4532,
#4533));
#3028=EDGE_LOOP('',(#4534,#4535,#4536,#4537));
#3029=EDGE_LOOP('',(#4538,#4539,#4540,#4541));
#3030=EDGE_LOOP('',(#4542,#4543,#4544,#4545));
#3031=EDGE_LOOP('',(#4546,#4547,#4548,#4549,#4550,#4551,#4552,#4553,#4554,
#4555,#4556,#4557,#4558,#4559,#4560,#4561,#4562,#4563,#4564,#4565,#4566,
#4567,#4568,#4569,#4570,#4571,#4572,#4573));
#3032=EDGE_LOOP('',(#4574,#4575,#4576,#4577));
#3033=EDGE_LOOP('',(#4578,#4579,#4580,#4581));
#3034=EDGE_LOOP('',(#4582,#4583,#4584,#4585));
#3035=EDGE_LOOP('',(#4586,#4587,#4588,#4589));
#3036=EDGE_LOOP('',(#4590,#4591,#4592,#4593,#4594));
#3037=EDGE_LOOP('',(#4595,#4596,#4597,#4598));
#3038=EDGE_LOOP('',(#4599,#4600,#4601,#4602,#4603));
#3039=EDGE_LOOP('',(#4604,#4605,#4606));
#3040=EDGE_LOOP('',(#4607,#4608,#4609,#4610));
#3041=EDGE_LOOP('',(#4611,#4612,#4613,#4614,#4615,#4616));
#3042=EDGE_LOOP('',(#4617,#4618,#4619,#4620));
#3043=EDGE_LOOP('',(#4621,#4622,#4623,#4624));
#3044=EDGE_LOOP('',(#4625,#4626,#4627,#4628));
#3045=EDGE_LOOP('',(#4629,#4630,#4631,#4632));
#3046=EDGE_LOOP('',(#4633,#4634,#4635,#4636));
#3047=EDGE_LOOP('',(#4637,#4638,#4639,#4640,#4641,#4642));
#3048=EDGE_LOOP('',(#4643,#4644,#4645,#4646));
#3049=EDGE_LOOP('',(#4647,#4648,#4649,#4650,#4651,#4652));
#3050=EDGE_LOOP('',(#4653,#4654,#4655,#4656,#4657));
#3051=EDGE_LOOP('',(#4658,#4659,#4660,#4661));
#3052=EDGE_LOOP('',(#4662,#4663,#4664,#4665,#4666));
#3053=EDGE_LOOP('',(#4667,#4668,#4669,#4670,#4671,#4672,#4673,#4674,#4675,
#4676));
#3054=EDGE_LOOP('',(#4677,#4678,#4679,#4680));
#3055=EDGE_LOOP('',(#4681,#4682,#4683,#4684));
#3056=EDGE_LOOP('',(#4685,#4686,#4687,#4688));
#3057=EDGE_LOOP('',(#4689,#4690,#4691,#4692));
#3058=EDGE_LOOP('',(#4693,#4694,#4695,#4696));
#3059=EDGE_LOOP('',(#4697,#4698,#4699,#4700,#4701,#4702));
#3060=EDGE_LOOP('',(#4703,#4704,#4705,#4706));
#3061=EDGE_LOOP('',(#4707,#4708,#4709,#4710));
#3062=EDGE_LOOP('',(#4711,#4712,#4713,#4714));
#3063=EDGE_LOOP('',(#4715,#4716,#4717,#4718));
#3064=EDGE_LOOP('',(#4719,#4720,#4721,#4722));
#3065=EDGE_LOOP('',(#4723,#4724,#4725));
#3066=EDGE_LOOP('',(#4726,#4727,#4728,#4729));
#3067=EDGE_LOOP('',(#4730,#4731,#4732,#4733,#4734,#4735,#4736,#4737,#4738,
#4739,#4740,#4741,#4742,#4743,#4744,#4745,#4746,#4747,#4748,#4749,#4750,
#4751,#4752,#4753,#4754,#4755,#4756,#4757,#4758,#4759));
#3068=EDGE_LOOP('',(#4760,#4761,#4762,#4763,#4764,#4765));
#3069=EDGE_LOOP('',(#4766,#4767,#4768,#4769));
#3070=EDGE_LOOP('',(#4770,#4771,#4772,#4773));
#3071=EDGE_LOOP('',(#4774,#4775,#4776,#4777,#4778));
#3072=EDGE_LOOP('',(#4779,#4780,#4781,#4782,#4783,#4784,#4785,#4786,#4787,
#4788,#4789));
#3073=EDGE_LOOP('',(#4790,#4791,#4792,#4793,#4794,#4795,#4796,#4797));
#3074=EDGE_LOOP('',(#4798,#4799,#4800,#4801));
#3075=EDGE_LOOP('',(#4802,#4803,#4804,#4805,#4806,#4807,#4808,#4809,#4810,
#4811));
#3076=EDGE_LOOP('',(#4812,#4813,#4814,#4815));
#3077=EDGE_LOOP('',(#4816,#4817,#4818,#4819));
#3078=EDGE_LOOP('',(#4820,#4821,#4822,#4823,#4824,#4825,#4826,#4827,#4828));
#3079=EDGE_LOOP('',(#4829,#4830,#4831,#4832));
#3080=EDGE_LOOP('',(#4833,#4834,#4835,#4836));
#3081=EDGE_LOOP('',(#4837,#4838,#4839,#4840));
#3082=EDGE_LOOP('',(#4841,#4842,#4843,#4844));
#3083=EDGE_LOOP('',(#4845,#4846,#4847,#4848,#4849,#4850,#4851,#4852));
#3084=EDGE_LOOP('',(#4853,#4854,#4855,#4856));
#3085=EDGE_LOOP('',(#4857,#4858,#4859,#4860));
#3086=EDGE_LOOP('',(#4861,#4862,#4863,#4864));
#3087=EDGE_LOOP('',(#4865,#4866,#4867,#4868,#4869,#4870,#4871,#4872));
#3088=EDGE_LOOP('',(#4873,#4874,#4875,#4876));
#3089=EDGE_LOOP('',(#4877,#4878,#4879,#4880));
#3090=EDGE_LOOP('',(#4881,#4882,#4883,#4884));
#3091=EDGE_LOOP('',(#4885,#4886,#4887,#4888));
#3092=EDGE_LOOP('',(#4889,#4890,#4891,#4892));
#3093=EDGE_LOOP('',(#4893,#4894,#4895,#4896));
#3094=EDGE_LOOP('',(#4897,#4898,#4899,#4900));
#3095=EDGE_LOOP('',(#4901,#4902,#4903,#4904));
#3096=EDGE_LOOP('',(#4905,#4906,#4907,#4908));
#3097=EDGE_LOOP('',(#4909,#4910,#4911,#4912));
#3098=EDGE_LOOP('',(#4913,#4914,#4915,#4916));
#3099=EDGE_LOOP('',(#4917,#4918,#4919,#4920));
#3100=EDGE_LOOP('',(#4921,#4922,#4923,#4924));
#3101=EDGE_LOOP('',(#4925,#4926,#4927,#4928));
#3102=EDGE_LOOP('',(#4929,#4930,#4931,#4932));
#3103=EDGE_LOOP('',(#4933,#4934,#4935,#4936));
#3104=EDGE_LOOP('',(#4937,#4938,#4939,#4940));
#3105=EDGE_LOOP('',(#4941,#4942,#4943,#4944));
#3106=EDGE_LOOP('',(#4945,#4946,#4947,#4948));
#3107=EDGE_LOOP('',(#4949,#4950,#4951,#4952));
#3108=EDGE_LOOP('',(#4953,#4954,#4955,#4956));
#3109=EDGE_LOOP('',(#4957,#4958,#4959,#4960));
#3110=EDGE_LOOP('',(#4961,#4962,#4963,#4964));
#3111=EDGE_LOOP('',(#4965,#4966,#4967,#4968));
#3112=EDGE_LOOP('',(#4969,#4970,#4971,#4972));
#3113=EDGE_LOOP('',(#4973,#4974,#4975,#4976));
#3114=EDGE_LOOP('',(#4977,#4978,#4979,#4980));
#3115=EDGE_LOOP('',(#4981,#4982,#4983,#4984));
#3116=EDGE_LOOP('',(#4985,#4986,#4987,#4988));
#3117=EDGE_LOOP('',(#4989,#4990,#4991,#4992));
#3118=EDGE_LOOP('',(#4993,#4994,#4995,#4996));
#3119=EDGE_LOOP('',(#4997,#4998,#4999,#5000));
#3120=EDGE_LOOP('',(#5001,#5002,#5003,#5004));
#3121=EDGE_LOOP('',(#5005,#5006,#5007,#5008));
#3122=EDGE_LOOP('',(#5009,#5010,#5011,#5012));
#3123=EDGE_LOOP('',(#5013,#5014,#5015,#5016));
#3124=EDGE_LOOP('',(#5017,#5018,#5019,#5020));
#3125=EDGE_LOOP('',(#5021,#5022,#5023,#5024));
#3126=EDGE_LOOP('',(#5025,#5026,#5027,#5028));
#3127=EDGE_LOOP('',(#5029,#5030,#5031,#5032));
#3128=EDGE_LOOP('',(#5033,#5034,#5035,#5036));
#3129=EDGE_LOOP('',(#5037,#5038,#5039,#5040));
#3130=EDGE_LOOP('',(#5041,#5042,#5043,#5044));
#3131=EDGE_LOOP('',(#5045,#5046,#5047,#5048));
#3132=EDGE_LOOP('',(#5049,#5050,#5051,#5052));
#3133=EDGE_LOOP('',(#5053,#5054,#5055,#5056));
#3134=EDGE_LOOP('',(#5057,#5058,#5059,#5060));
#3135=EDGE_LOOP('',(#5061,#5062,#5063,#5064));
#3136=EDGE_LOOP('',(#5065,#5066,#5067,#5068));
#3137=EDGE_LOOP('',(#5069,#5070,#5071));
#3138=EDGE_LOOP('',(#5072,#5073,#5074));
#3139=EDGE_LOOP('',(#5075,#5076,#5077));
#3140=EDGE_LOOP('',(#5078,#5079,#5080));
#3141=EDGE_LOOP('',(#5081,#5082,#5083));
#3142=EDGE_LOOP('',(#5084,#5085,#5086));
#3143=EDGE_LOOP('',(#5087,#5088,#5089));
#3144=EDGE_LOOP('',(#5090,#5091,#5092,#5093,#5094,#5095,#5096,#5097,#5098,
#5099,#5100,#5101,#5102,#5103,#5104,#5105,#5106,#5107,#5108,#5109));
#3145=EDGE_LOOP('',(#5110,#5111,#5112));
#3146=EDGE_LOOP('',(#5113,#5114,#5115,#5116));
#3147=EDGE_LOOP('',(#5117,#5118,#5119,#5120));
#3148=EDGE_LOOP('',(#5121,#5122,#5123,#5124));
#3149=EDGE_LOOP('',(#5125,#5126,#5127,#5128));
#3150=EDGE_LOOP('',(#5129,#5130,#5131,#5132));
#3151=EDGE_LOOP('',(#5133,#5134,#5135,#5136));
#3152=EDGE_LOOP('',(#5137,#5138,#5139));
#3153=EDGE_LOOP('',(#5140,#5141,#5142,#5143));
#3154=EDGE_LOOP('',(#5144,#5145,#5146,#5147));
#3155=EDGE_LOOP('',(#5148,#5149,#5150,#5151));
#3156=EDGE_LOOP('',(#5152,#5153,#5154,#5155));
#3157=EDGE_LOOP('',(#5156,#5157,#5158));
#3158=EDGE_LOOP('',(#5159,#5160,#5161,#5162,#5163));
#3159=EDGE_LOOP('',(#5164,#5165,#5166,#5167));
#3160=EDGE_LOOP('',(#5168,#5169,#5170,#5171,#5172));
#3161=EDGE_LOOP('',(#5173,#5174,#5175,#5176));
#3162=EDGE_LOOP('',(#5177,#5178,#5179,#5180,#5181));
#3163=EDGE_LOOP('',(#5182,#5183,#5184,#5185));
#3164=EDGE_LOOP('',(#5186,#5187,#5188,#5189));
#3165=EDGE_LOOP('',(#5190,#5191,#5192,#5193));
#3166=EDGE_LOOP('',(#5194,#5195,#5196,#5197,#5198));
#3167=EDGE_LOOP('',(#5199,#5200,#5201,#5202));
#3168=EDGE_LOOP('',(#5203,#5204,#5205,#5206,#5207));
#3169=EDGE_LOOP('',(#5208,#5209,#5210,#5211));
#3170=EDGE_LOOP('',(#5212,#5213,#5214,#5215));
#3171=EDGE_LOOP('',(#5216,#5217,#5218,#5219,#5220));
#3172=EDGE_LOOP('',(#5221,#5222,#5223,#5224));
#3173=EDGE_LOOP('',(#5225,#5226,#5227,#5228));
#3174=EDGE_LOOP('',(#5229,#5230,#5231,#5232));
#3175=EDGE_LOOP('',(#5233,#5234,#5235,#5236));
#3176=EDGE_LOOP('',(#5237,#5238,#5239,#5240));
#3177=EDGE_LOOP('',(#5241,#5242,#5243,#5244));
#3178=EDGE_LOOP('',(#5245,#5246,#5247,#5248));
#3179=EDGE_LOOP('',(#5249,#5250,#5251,#5252));
#3180=EDGE_LOOP('',(#5253,#5254,#5255,#5256));
#3181=EDGE_LOOP('',(#5257,#5258,#5259,#5260));
#3182=EDGE_LOOP('',(#5261,#5262,#5263,#5264));
#3183=EDGE_LOOP('',(#5265,#5266,#5267,#5268));
#3184=EDGE_LOOP('',(#5269,#5270,#5271,#5272,#5273,#5274));
#3185=EDGE_LOOP('',(#5275,#5276,#5277,#5278,#5279,#5280));
#3186=EDGE_LOOP('',(#5281,#5282,#5283,#5284,#5285,#5286));
#3187=EDGE_LOOP('',(#5287,#5288,#5289,#5290,#5291,#5292));
#3188=EDGE_LOOP('',(#5293,#5294,#5295,#5296,#5297,#5298));
#3189=EDGE_LOOP('',(#5299,#5300,#5301,#5302,#5303,#5304));
#3190=EDGE_LOOP('',(#5305,#5306,#5307,#5308));
#3191=EDGE_LOOP('',(#5309,#5310,#5311,#5312));
#3192=EDGE_LOOP('',(#5313,#5314,#5315,#5316));
#3193=EDGE_LOOP('',(#5317,#5318,#5319,#5320));
#3194=EDGE_LOOP('',(#5321,#5322,#5323,#5324));
#3195=EDGE_LOOP('',(#5325));
#3196=EDGE_LOOP('',(#5326));
#3197=EDGE_LOOP('',(#5327,#5328,#5329,#5330,#5331,#5332,#5333,#5334,#5335,
#5336,#5337,#5338));
#3198=EDGE_LOOP('',(#5339,#5340,#5341,#5342,#5343,#5344,#5345,#5346,#5347,
#5348,#5349,#5350));
#3199=EDGE_LOOP('',(#5351));
#3200=EDGE_LOOP('',(#5352,#5353,#5354,#5355,#5356,#5357,#5358,#5359,#5360,
#5361,#5362,#5363));
#3201=EDGE_LOOP('',(#5364));
#3202=EDGE_LOOP('',(#5365));
#3203=EDGE_LOOP('',(#5366));
#3204=EDGE_LOOP('',(#5367,#5368,#5369,#5370));
#3205=EDGE_LOOP('',(#5371,#5372,#5373));
#3206=EDGE_LOOP('',(#5374,#5375,#5376));
#3207=EDGE_LOOP('',(#5377));
#3208=EDGE_LOOP('',(#5378));
#3209=EDGE_LOOP('',(#5379));
#3210=EDGE_LOOP('',(#5380));
#3211=EDGE_LOOP('',(#5381));
#3212=EDGE_LOOP('',(#5382));
#3213=EDGE_LOOP('',(#5383));
#3214=EDGE_LOOP('',(#5384));
#3215=EDGE_LOOP('',(#5385));
#3216=EDGE_LOOP('',(#5386));
#3217=EDGE_LOOP('',(#5387));
#3218=EDGE_LOOP('',(#5388));
#3219=EDGE_LOOP('',(#5389));
#3220=EDGE_LOOP('',(#5390));
#3221=EDGE_LOOP('',(#5391));
#3222=EDGE_LOOP('',(#5392));
#3223=EDGE_LOOP('',(#5393));
#3224=EDGE_LOOP('',(#5394));
#3225=EDGE_LOOP('',(#5395));
#3226=EDGE_LOOP('',(#5396));
#3227=EDGE_LOOP('',(#5397));
#3228=EDGE_LOOP('',(#5398));
#3229=EDGE_LOOP('',(#5399));
#3230=EDGE_LOOP('',(#5400));
#3231=EDGE_LOOP('',(#5401));
#3232=EDGE_LOOP('',(#5402));
#3233=EDGE_LOOP('',(#5403));
#3234=EDGE_LOOP('',(#5404));
#3235=EDGE_LOOP('',(#5405));
#3236=EDGE_LOOP('',(#5406));
#3237=EDGE_LOOP('',(#5407));
#3238=EDGE_LOOP('',(#5408));
#3239=EDGE_LOOP('',(#5409));
#3240=EDGE_LOOP('',(#5410));
#3241=EDGE_LOOP('',(#5411));
#3242=EDGE_LOOP('',(#5412));
#3243=EDGE_LOOP('',(#5413));
#3244=EDGE_LOOP('',(#5414));
#3245=EDGE_LOOP('',(#5415));
#3246=EDGE_LOOP('',(#5416));
#3247=ORIENTED_EDGE('',*,*,#6140,.T.);
#3248=ORIENTED_EDGE('',*,*,#6141,.T.);
#3249=ORIENTED_EDGE('',*,*,#6142,.T.);
#3250=ORIENTED_EDGE('',*,*,#6143,.T.);
#3251=ORIENTED_EDGE('',*,*,#6144,.F.);
#3252=ORIENTED_EDGE('',*,*,#6145,.T.);
#3253=ORIENTED_EDGE('',*,*,#6146,.T.);
#3254=ORIENTED_EDGE('',*,*,#6147,.T.);
#3255=ORIENTED_EDGE('',*,*,#6148,.F.);
#3256=ORIENTED_EDGE('',*,*,#6149,.T.);
#3257=ORIENTED_EDGE('',*,*,#6150,.T.);
#3258=ORIENTED_EDGE('',*,*,#6151,.T.);
#3259=ORIENTED_EDGE('',*,*,#6152,.F.);
#3260=ORIENTED_EDGE('',*,*,#6153,.T.);
#3261=ORIENTED_EDGE('',*,*,#6154,.F.);
#3262=ORIENTED_EDGE('',*,*,#6155,.F.);
#3263=ORIENTED_EDGE('',*,*,#6156,.F.);
#3264=ORIENTED_EDGE('',*,*,#6157,.T.);
#3265=ORIENTED_EDGE('',*,*,#6158,.T.);
#3266=ORIENTED_EDGE('',*,*,#6159,.T.);
#3267=ORIENTED_EDGE('',*,*,#6160,.T.);
#3268=ORIENTED_EDGE('',*,*,#6161,.F.);
#3269=ORIENTED_EDGE('',*,*,#6162,.F.);
#3270=ORIENTED_EDGE('',*,*,#6163,.T.);
#3271=ORIENTED_EDGE('',*,*,#6164,.F.);
#3272=ORIENTED_EDGE('',*,*,#6165,.T.);
#3273=ORIENTED_EDGE('',*,*,#6166,.T.);
#3274=ORIENTED_EDGE('',*,*,#6167,.F.);
#3275=ORIENTED_EDGE('',*,*,#6168,.F.);
#3276=ORIENTED_EDGE('',*,*,#6169,.F.);
#3277=ORIENTED_EDGE('',*,*,#6170,.T.);
#3278=ORIENTED_EDGE('',*,*,#6171,.T.);
#3279=ORIENTED_EDGE('',*,*,#6172,.T.);
#3280=ORIENTED_EDGE('',*,*,#6173,.T.);
#3281=ORIENTED_EDGE('',*,*,#6174,.T.);
#3282=ORIENTED_EDGE('',*,*,#6175,.T.);
#3283=ORIENTED_EDGE('',*,*,#6176,.T.);
#3284=ORIENTED_EDGE('',*,*,#6177,.T.);
#3285=ORIENTED_EDGE('',*,*,#6178,.F.);
#3286=ORIENTED_EDGE('',*,*,#6179,.T.);
#3287=ORIENTED_EDGE('',*,*,#6180,.T.);
#3288=ORIENTED_EDGE('',*,*,#6181,.T.);
#3289=ORIENTED_EDGE('',*,*,#6182,.T.);
#3290=ORIENTED_EDGE('',*,*,#6183,.F.);
#3291=ORIENTED_EDGE('',*,*,#6184,.F.);
#3292=ORIENTED_EDGE('',*,*,#6185,.F.);
#3293=ORIENTED_EDGE('',*,*,#6186,.T.);
#3294=ORIENTED_EDGE('',*,*,#6187,.T.);
#3295=ORIENTED_EDGE('',*,*,#6188,.T.);
#3296=ORIENTED_EDGE('',*,*,#6189,.F.);
#3297=ORIENTED_EDGE('',*,*,#6190,.F.);
#3298=ORIENTED_EDGE('',*,*,#6191,.F.);
#3299=ORIENTED_EDGE('',*,*,#6192,.T.);
#3300=ORIENTED_EDGE('',*,*,#6193,.T.);
#3301=ORIENTED_EDGE('',*,*,#6194,.T.);
#3302=ORIENTED_EDGE('',*,*,#6195,.T.);
#3303=ORIENTED_EDGE('',*,*,#6178,.T.);
#3304=ORIENTED_EDGE('',*,*,#6196,.T.);
#3305=ORIENTED_EDGE('',*,*,#6197,.T.);
#3306=ORIENTED_EDGE('',*,*,#6198,.T.);
#3307=ORIENTED_EDGE('',*,*,#6199,.F.);
#3308=ORIENTED_EDGE('',*,*,#6200,.T.);
#3309=ORIENTED_EDGE('',*,*,#6201,.F.);
#3310=ORIENTED_EDGE('',*,*,#6202,.T.);
#3311=ORIENTED_EDGE('',*,*,#6203,.F.);
#3312=ORIENTED_EDGE('',*,*,#6204,.F.);
#3313=ORIENTED_EDGE('',*,*,#6205,.T.);
#3314=ORIENTED_EDGE('',*,*,#6206,.F.);
#3315=ORIENTED_EDGE('',*,*,#6207,.T.);
#3316=ORIENTED_EDGE('',*,*,#6208,.F.);
#3317=ORIENTED_EDGE('',*,*,#6209,.T.);
#3318=ORIENTED_EDGE('',*,*,#6210,.F.);
#3319=ORIENTED_EDGE('',*,*,#6211,.T.);
#3320=ORIENTED_EDGE('',*,*,#6212,.F.);
#3321=ORIENTED_EDGE('',*,*,#6213,.F.);
#3322=ORIENTED_EDGE('',*,*,#6214,.T.);
#3323=ORIENTED_EDGE('',*,*,#6215,.F.);
#3324=ORIENTED_EDGE('',*,*,#6168,.T.);
#3325=ORIENTED_EDGE('',*,*,#6216,.F.);
#3326=ORIENTED_EDGE('',*,*,#6217,.T.);
#3327=ORIENTED_EDGE('',*,*,#6218,.T.);
#3328=ORIENTED_EDGE('',*,*,#6219,.F.);
#3329=ORIENTED_EDGE('',*,*,#6220,.T.);
#3330=ORIENTED_EDGE('',*,*,#6221,.F.);
#3331=ORIENTED_EDGE('',*,*,#6222,.T.);
#3332=ORIENTED_EDGE('',*,*,#6223,.F.);
#3333=ORIENTED_EDGE('',*,*,#6224,.F.);
#3334=ORIENTED_EDGE('',*,*,#6225,.F.);
#3335=ORIENTED_EDGE('',*,*,#6226,.T.);
#3336=ORIENTED_EDGE('',*,*,#6227,.F.);
#3337=ORIENTED_EDGE('',*,*,#6190,.T.);
#3338=ORIENTED_EDGE('',*,*,#6228,.F.);
#3339=ORIENTED_EDGE('',*,*,#6229,.T.);
#3340=ORIENTED_EDGE('',*,*,#6230,.T.);
#3341=ORIENTED_EDGE('',*,*,#6231,.F.);
#3342=ORIENTED_EDGE('',*,*,#6232,.T.);
#3343=ORIENTED_EDGE('',*,*,#6233,.F.);
#3344=ORIENTED_EDGE('',*,*,#6234,.T.);
#3345=ORIENTED_EDGE('',*,*,#6235,.F.);
#3346=ORIENTED_EDGE('',*,*,#6236,.F.);
#3347=ORIENTED_EDGE('',*,*,#6237,.F.);
#3348=ORIENTED_EDGE('',*,*,#6238,.T.);
#3349=ORIENTED_EDGE('',*,*,#6239,.F.);
#3350=ORIENTED_EDGE('',*,*,#6184,.T.);
#3351=ORIENTED_EDGE('',*,*,#6240,.F.);
#3352=ORIENTED_EDGE('',*,*,#6241,.T.);
#3353=ORIENTED_EDGE('',*,*,#6242,.T.);
#3354=ORIENTED_EDGE('',*,*,#6243,.F.);
#3355=ORIENTED_EDGE('',*,*,#6150,.F.);
#3356=ORIENTED_EDGE('',*,*,#6244,.F.);
#3357=ORIENTED_EDGE('',*,*,#6245,.T.);
#3358=ORIENTED_EDGE('',*,*,#6246,.F.);
#3359=ORIENTED_EDGE('',*,*,#6247,.F.);
#3360=ORIENTED_EDGE('',*,*,#6248,.T.);
#3361=ORIENTED_EDGE('',*,*,#6249,.F.);
#3362=ORIENTED_EDGE('',*,*,#6146,.F.);
#3363=ORIENTED_EDGE('',*,*,#6250,.F.);
#3364=ORIENTED_EDGE('',*,*,#6251,.T.);
#3365=ORIENTED_EDGE('',*,*,#6252,.F.);
#3366=ORIENTED_EDGE('',*,*,#6253,.F.);
#3367=ORIENTED_EDGE('',*,*,#6254,.T.);
#3368=ORIENTED_EDGE('',*,*,#6255,.F.);
#3369=ORIENTED_EDGE('',*,*,#6142,.F.);
#3370=ORIENTED_EDGE('',*,*,#6256,.F.);
#3371=ORIENTED_EDGE('',*,*,#6257,.T.);
#3372=ORIENTED_EDGE('',*,*,#6258,.F.);
#3373=ORIENTED_EDGE('',*,*,#6140,.F.);
#3374=ORIENTED_EDGE('',*,*,#6259,.T.);
#3375=ORIENTED_EDGE('',*,*,#6260,.T.);
#3376=ORIENTED_EDGE('',*,*,#6261,.T.);
#3377=ORIENTED_EDGE('',*,*,#6262,.T.);
#3378=ORIENTED_EDGE('',*,*,#6263,.F.);
#3379=ORIENTED_EDGE('',*,*,#6264,.T.);
#3380=ORIENTED_EDGE('',*,*,#6265,.F.);
#3381=ORIENTED_EDGE('',*,*,#6266,.F.);
#3382=ORIENTED_EDGE('',*,*,#6267,.F.);
#3383=ORIENTED_EDGE('',*,*,#6268,.T.);
#3384=ORIENTED_EDGE('',*,*,#6269,.T.);
#3385=ORIENTED_EDGE('',*,*,#6270,.T.);
#3386=ORIENTED_EDGE('',*,*,#6271,.T.);
#3387=ORIENTED_EDGE('',*,*,#6272,.T.);
#3388=ORIENTED_EDGE('',*,*,#6273,.T.);
#3389=ORIENTED_EDGE('',*,*,#6274,.F.);
#3390=ORIENTED_EDGE('',*,*,#6275,.T.);
#3391=ORIENTED_EDGE('',*,*,#6276,.F.);
#3392=ORIENTED_EDGE('',*,*,#6277,.F.);
#3393=ORIENTED_EDGE('',*,*,#6278,.F.);
#3394=ORIENTED_EDGE('',*,*,#6279,.F.);
#3395=ORIENTED_EDGE('',*,*,#6280,.T.);
#3396=ORIENTED_EDGE('',*,*,#6281,.T.);
#3397=ORIENTED_EDGE('',*,*,#6282,.T.);
#3398=ORIENTED_EDGE('',*,*,#6273,.F.);
#3399=ORIENTED_EDGE('',*,*,#6283,.F.);
#3400=ORIENTED_EDGE('',*,*,#6275,.F.);
#3401=ORIENTED_EDGE('',*,*,#6284,.T.);
#3402=ORIENTED_EDGE('',*,*,#6285,.T.);
#3403=ORIENTED_EDGE('',*,*,#6286,.F.);
#3404=ORIENTED_EDGE('',*,*,#6287,.F.);
#3405=ORIENTED_EDGE('',*,*,#6288,.T.);
#3406=ORIENTED_EDGE('',*,*,#6289,.T.);
#3407=ORIENTED_EDGE('',*,*,#6281,.F.);
#3408=ORIENTED_EDGE('',*,*,#6290,.F.);
#3409=ORIENTED_EDGE('',*,*,#6285,.F.);
#3410=ORIENTED_EDGE('',*,*,#6291,.T.);
#3411=ORIENTED_EDGE('',*,*,#6292,.T.);
#3412=ORIENTED_EDGE('',*,*,#6293,.F.);
#3413=ORIENTED_EDGE('',*,*,#6294,.T.);
#3414=ORIENTED_EDGE('',*,*,#6295,.F.);
#3415=ORIENTED_EDGE('',*,*,#6296,.F.);
#3416=ORIENTED_EDGE('',*,*,#6297,.F.);
#3417=ORIENTED_EDGE('',*,*,#6298,.T.);
#3418=ORIENTED_EDGE('',*,*,#6299,.F.);
#3419=ORIENTED_EDGE('',*,*,#6300,.T.);
#3420=ORIENTED_EDGE('',*,*,#6301,.F.);
#3421=ORIENTED_EDGE('',*,*,#6302,.F.);
#3422=ORIENTED_EDGE('',*,*,#6303,.T.);
#3423=ORIENTED_EDGE('',*,*,#6304,.T.);
#3424=ORIENTED_EDGE('',*,*,#6305,.T.);
#3425=ORIENTED_EDGE('',*,*,#6306,.T.);
#3426=ORIENTED_EDGE('',*,*,#6307,.T.);
#3427=ORIENTED_EDGE('',*,*,#6308,.T.);
#3428=ORIENTED_EDGE('',*,*,#6309,.T.);
#3429=ORIENTED_EDGE('',*,*,#6310,.F.);
#3430=ORIENTED_EDGE('',*,*,#6311,.T.);
#3431=ORIENTED_EDGE('',*,*,#6312,.T.);
#3432=ORIENTED_EDGE('',*,*,#6313,.F.);
#3433=ORIENTED_EDGE('',*,*,#6314,.F.);
#3434=ORIENTED_EDGE('',*,*,#6315,.T.);
#3435=ORIENTED_EDGE('',*,*,#6316,.T.);
#3436=ORIENTED_EDGE('',*,*,#6317,.F.);
#3437=ORIENTED_EDGE('',*,*,#6318,.T.);
#3438=ORIENTED_EDGE('',*,*,#6319,.F.);
#3439=ORIENTED_EDGE('',*,*,#6320,.F.);
#3440=ORIENTED_EDGE('',*,*,#6321,.T.);
#3441=ORIENTED_EDGE('',*,*,#6322,.T.);
#3442=ORIENTED_EDGE('',*,*,#6323,.T.);
#3443=ORIENTED_EDGE('',*,*,#6324,.T.);
#3444=ORIENTED_EDGE('',*,*,#6325,.F.);
#3445=ORIENTED_EDGE('',*,*,#6303,.F.);
#3446=ORIENTED_EDGE('',*,*,#6326,.F.);
#3447=ORIENTED_EDGE('',*,*,#6327,.F.);
#3448=ORIENTED_EDGE('',*,*,#6328,.F.);
#3449=ORIENTED_EDGE('',*,*,#6329,.T.);
#3450=ORIENTED_EDGE('',*,*,#6330,.F.);
#3451=ORIENTED_EDGE('',*,*,#6331,.T.);
#3452=ORIENTED_EDGE('',*,*,#6332,.T.);
#3453=ORIENTED_EDGE('',*,*,#6333,.T.);
#3454=ORIENTED_EDGE('',*,*,#6334,.T.);
#3455=ORIENTED_EDGE('',*,*,#6335,.T.);
#3456=ORIENTED_EDGE('',*,*,#6336,.T.);
#3457=ORIENTED_EDGE('',*,*,#6323,.F.);
#3458=ORIENTED_EDGE('',*,*,#6305,.F.);
#3459=ORIENTED_EDGE('',*,*,#6337,.T.);
#3460=ORIENTED_EDGE('',*,*,#6338,.T.);
#3461=ORIENTED_EDGE('',*,*,#6339,.F.);
#3462=ORIENTED_EDGE('',*,*,#6340,.F.);
#3463=ORIENTED_EDGE('',*,*,#6341,.F.);
#3464=ORIENTED_EDGE('',*,*,#6342,.T.);
#3465=ORIENTED_EDGE('',*,*,#6343,.T.);
#3466=ORIENTED_EDGE('',*,*,#6321,.F.);
#3467=ORIENTED_EDGE('',*,*,#6344,.T.);
#3468=ORIENTED_EDGE('',*,*,#6345,.F.);
#3469=ORIENTED_EDGE('',*,*,#6258,.T.);
#3470=ORIENTED_EDGE('',*,*,#6346,.F.);
#3471=ORIENTED_EDGE('',*,*,#6347,.F.);
#3472=ORIENTED_EDGE('',*,*,#6348,.F.);
#3473=ORIENTED_EDGE('',*,*,#6252,.T.);
#3474=ORIENTED_EDGE('',*,*,#6349,.F.);
#3475=ORIENTED_EDGE('',*,*,#6350,.F.);
#3476=ORIENTED_EDGE('',*,*,#6351,.F.);
#3477=ORIENTED_EDGE('',*,*,#6246,.T.);
#3478=ORIENTED_EDGE('',*,*,#6352,.F.);
#3479=ORIENTED_EDGE('',*,*,#6353,.F.);
#3480=ORIENTED_EDGE('',*,*,#6354,.T.);
#3481=ORIENTED_EDGE('',*,*,#6355,.T.);
#3482=ORIENTED_EDGE('',*,*,#6283,.T.);
#3483=ORIENTED_EDGE('',*,*,#6272,.F.);
#3484=ORIENTED_EDGE('',*,*,#6356,.T.);
#3485=ORIENTED_EDGE('',*,*,#6357,.F.);
#3486=ORIENTED_EDGE('',*,*,#6358,.T.);
#3487=ORIENTED_EDGE('',*,*,#6156,.T.);
#3488=ORIENTED_EDGE('',*,*,#6359,.T.);
#3489=ORIENTED_EDGE('',*,*,#6360,.T.);
#3490=ORIENTED_EDGE('',*,*,#6361,.F.);
#3491=ORIENTED_EDGE('',*,*,#6362,.F.);
#3492=ORIENTED_EDGE('',*,*,#6363,.F.);
#3493=ORIENTED_EDGE('',*,*,#6364,.T.);
#3494=ORIENTED_EDGE('',*,*,#6365,.T.);
#3495=ORIENTED_EDGE('',*,*,#6366,.F.);
#3496=ORIENTED_EDGE('',*,*,#6367,.F.);
#3497=ORIENTED_EDGE('',*,*,#6368,.F.);
#3498=ORIENTED_EDGE('',*,*,#6369,.T.);
#3499=ORIENTED_EDGE('',*,*,#6370,.T.);
#3500=ORIENTED_EDGE('',*,*,#6158,.F.);
#3501=ORIENTED_EDGE('',*,*,#6371,.T.);
#3502=ORIENTED_EDGE('',*,*,#6372,.F.);
#3503=ORIENTED_EDGE('',*,*,#6373,.F.);
#3504=ORIENTED_EDGE('',*,*,#6276,.T.);
#3505=ORIENTED_EDGE('',*,*,#6286,.T.);
#3506=ORIENTED_EDGE('',*,*,#6374,.T.);
#3507=ORIENTED_EDGE('',*,*,#6375,.T.);
#3508=ORIENTED_EDGE('',*,*,#6376,.F.);
#3509=ORIENTED_EDGE('',*,*,#6377,.T.);
#3510=ORIENTED_EDGE('',*,*,#6378,.T.);
#3511=ORIENTED_EDGE('',*,*,#6379,.F.);
#3512=ORIENTED_EDGE('',*,*,#6380,.F.);
#3513=ORIENTED_EDGE('',*,*,#6381,.F.);
#3514=ORIENTED_EDGE('',*,*,#6382,.T.);
#3515=ORIENTED_EDGE('',*,*,#6383,.F.);
#3516=ORIENTED_EDGE('',*,*,#6384,.T.);
#3517=ORIENTED_EDGE('',*,*,#6385,.F.);
#3518=ORIENTED_EDGE('',*,*,#6386,.F.);
#3519=ORIENTED_EDGE('',*,*,#6387,.F.);
#3520=ORIENTED_EDGE('',*,*,#6388,.T.);
#3521=ORIENTED_EDGE('',*,*,#6389,.T.);
#3522=ORIENTED_EDGE('',*,*,#6335,.F.);
#3523=ORIENTED_EDGE('',*,*,#6390,.T.);
#3524=ORIENTED_EDGE('',*,*,#6391,.F.);
#3525=ORIENTED_EDGE('',*,*,#6392,.T.);
#3526=ORIENTED_EDGE('',*,*,#6393,.T.);
#3527=ORIENTED_EDGE('',*,*,#6160,.F.);
#3528=ORIENTED_EDGE('',*,*,#6394,.T.);
#3529=ORIENTED_EDGE('',*,*,#6395,.F.);
#3530=ORIENTED_EDGE('',*,*,#6396,.F.);
#3531=ORIENTED_EDGE('',*,*,#6397,.F.);
#3532=ORIENTED_EDGE('',*,*,#6359,.F.);
#3533=ORIENTED_EDGE('',*,*,#6155,.T.);
#3534=ORIENTED_EDGE('',*,*,#6198,.F.);
#3535=ORIENTED_EDGE('',*,*,#6353,.T.);
#3536=ORIENTED_EDGE('',*,*,#6230,.F.);
#3537=ORIENTED_EDGE('',*,*,#6350,.T.);
#3538=ORIENTED_EDGE('',*,*,#6218,.F.);
#3539=ORIENTED_EDGE('',*,*,#6347,.T.);
#3540=ORIENTED_EDGE('',*,*,#6205,.F.);
#3541=ORIENTED_EDGE('',*,*,#6211,.F.);
#3542=ORIENTED_EDGE('',*,*,#6161,.T.);
#3543=ORIENTED_EDGE('',*,*,#6393,.F.);
#3544=ORIENTED_EDGE('',*,*,#6398,.T.);
#3545=ORIENTED_EDGE('',*,*,#6317,.T.);
#3546=ORIENTED_EDGE('',*,*,#6399,.T.);
#3547=ORIENTED_EDGE('',*,*,#6400,.T.);
#3548=ORIENTED_EDGE('',*,*,#6401,.T.);
#3549=ORIENTED_EDGE('',*,*,#6402,.F.);
#3550=ORIENTED_EDGE('',*,*,#6403,.T.);
#3551=ORIENTED_EDGE('',*,*,#6404,.F.);
#3552=ORIENTED_EDGE('',*,*,#6405,.F.);
#3553=ORIENTED_EDGE('',*,*,#6406,.F.);
#3554=ORIENTED_EDGE('',*,*,#6405,.T.);
#3555=ORIENTED_EDGE('',*,*,#6407,.F.);
#3556=ORIENTED_EDGE('',*,*,#6408,.F.);
#3557=ORIENTED_EDGE('',*,*,#6409,.F.);
#3558=ORIENTED_EDGE('',*,*,#6410,.F.);
#3559=ORIENTED_EDGE('',*,*,#6411,.T.);
#3560=ORIENTED_EDGE('',*,*,#6412,.F.);
#3561=ORIENTED_EDGE('',*,*,#6413,.F.);
#3562=ORIENTED_EDGE('',*,*,#6414,.F.);
#3563=ORIENTED_EDGE('',*,*,#6413,.T.);
#3564=ORIENTED_EDGE('',*,*,#6415,.F.);
#3565=ORIENTED_EDGE('',*,*,#6416,.F.);
#3566=ORIENTED_EDGE('',*,*,#6417,.F.);
#3567=ORIENTED_EDGE('',*,*,#6416,.T.);
#3568=ORIENTED_EDGE('',*,*,#6418,.F.);
#3569=ORIENTED_EDGE('',*,*,#6419,.T.);
#3570=ORIENTED_EDGE('',*,*,#6420,.T.);
#3571=ORIENTED_EDGE('',*,*,#6421,.F.);
#3572=ORIENTED_EDGE('',*,*,#6422,.F.);
#3573=ORIENTED_EDGE('',*,*,#6423,.T.);
#3574=ORIENTED_EDGE('',*,*,#6424,.F.);
#3575=ORIENTED_EDGE('',*,*,#6425,.F.);
#3576=ORIENTED_EDGE('',*,*,#6426,.F.);
#3577=ORIENTED_EDGE('',*,*,#6425,.T.);
#3578=ORIENTED_EDGE('',*,*,#6427,.F.);
#3579=ORIENTED_EDGE('',*,*,#6428,.F.);
#3580=ORIENTED_EDGE('',*,*,#6429,.F.);
#3581=ORIENTED_EDGE('',*,*,#6428,.T.);
#3582=ORIENTED_EDGE('',*,*,#6430,.F.);
#3583=ORIENTED_EDGE('',*,*,#6431,.T.);
#3584=ORIENTED_EDGE('',*,*,#6432,.T.);
#3585=ORIENTED_EDGE('',*,*,#6420,.F.);
#3586=ORIENTED_EDGE('',*,*,#6433,.T.);
#3587=ORIENTED_EDGE('',*,*,#6422,.T.);
#3588=ORIENTED_EDGE('',*,*,#6434,.T.);
#3589=ORIENTED_EDGE('',*,*,#6435,.T.);
#3590=ORIENTED_EDGE('',*,*,#6436,.T.);
#3591=ORIENTED_EDGE('',*,*,#6410,.T.);
#3592=ORIENTED_EDGE('',*,*,#6437,.T.);
#3593=ORIENTED_EDGE('',*,*,#6438,.T.);
#3594=ORIENTED_EDGE('',*,*,#6287,.T.);
#3595=ORIENTED_EDGE('',*,*,#6439,.T.);
#3596=ORIENTED_EDGE('',*,*,#6440,.T.);
#3597=ORIENTED_EDGE('',*,*,#6441,.T.);
#3598=ORIENTED_EDGE('',*,*,#6442,.T.);
#3599=ORIENTED_EDGE('',*,*,#6443,.F.);
#3600=ORIENTED_EDGE('',*,*,#6444,.T.);
#3601=ORIENTED_EDGE('',*,*,#6339,.T.);
#3602=ORIENTED_EDGE('',*,*,#6445,.T.);
#3603=ORIENTED_EDGE('',*,*,#6446,.T.);
#3604=ORIENTED_EDGE('',*,*,#6447,.T.);
#3605=ORIENTED_EDGE('',*,*,#6341,.T.);
#3606=ORIENTED_EDGE('',*,*,#6448,.T.);
#3607=ORIENTED_EDGE('',*,*,#6449,.T.);
#3608=ORIENTED_EDGE('',*,*,#6450,.T.);
#3609=ORIENTED_EDGE('',*,*,#6451,.T.);
#3610=ORIENTED_EDGE('',*,*,#6452,.T.);
#3611=ORIENTED_EDGE('',*,*,#6453,.T.);
#3612=ORIENTED_EDGE('',*,*,#6454,.F.);
#3613=ORIENTED_EDGE('',*,*,#6455,.T.);
#3614=ORIENTED_EDGE('',*,*,#6456,.T.);
#3615=ORIENTED_EDGE('',*,*,#6293,.T.);
#3616=ORIENTED_EDGE('',*,*,#6457,.T.);
#3617=ORIENTED_EDGE('',*,*,#6458,.T.);
#3618=ORIENTED_EDGE('',*,*,#6459,.F.);
#3619=ORIENTED_EDGE('',*,*,#6460,.T.);
#3620=ORIENTED_EDGE('',*,*,#6461,.F.);
#3621=ORIENTED_EDGE('',*,*,#6462,.F.);
#3622=ORIENTED_EDGE('',*,*,#6463,.T.);
#3623=ORIENTED_EDGE('',*,*,#6464,.T.);
#3624=ORIENTED_EDGE('',*,*,#6465,.F.);
#3625=ORIENTED_EDGE('',*,*,#6466,.F.);
#3626=ORIENTED_EDGE('',*,*,#6467,.T.);
#3627=ORIENTED_EDGE('',*,*,#6468,.T.);
#3628=ORIENTED_EDGE('',*,*,#6469,.F.);
#3629=ORIENTED_EDGE('',*,*,#6470,.T.);
#3630=ORIENTED_EDGE('',*,*,#6471,.F.);
#3631=ORIENTED_EDGE('',*,*,#6472,.T.);
#3632=ORIENTED_EDGE('',*,*,#6473,.T.);
#3633=ORIENTED_EDGE('',*,*,#6474,.F.);
#3634=ORIENTED_EDGE('',*,*,#6475,.F.);
#3635=ORIENTED_EDGE('',*,*,#6476,.T.);
#3636=ORIENTED_EDGE('',*,*,#6477,.F.);
#3637=ORIENTED_EDGE('',*,*,#6478,.T.);
#3638=ORIENTED_EDGE('',*,*,#6479,.T.);
#3639=ORIENTED_EDGE('',*,*,#6480,.F.);
#3640=ORIENTED_EDGE('',*,*,#6481,.F.);
#3641=ORIENTED_EDGE('',*,*,#6482,.T.);
#3642=ORIENTED_EDGE('',*,*,#6437,.F.);
#3643=ORIENTED_EDGE('',*,*,#6409,.T.);
#3644=ORIENTED_EDGE('',*,*,#6414,.T.);
#3645=ORIENTED_EDGE('',*,*,#6417,.T.);
#3646=ORIENTED_EDGE('',*,*,#6434,.F.);
#3647=ORIENTED_EDGE('',*,*,#6421,.T.);
#3648=ORIENTED_EDGE('',*,*,#6426,.T.);
#3649=ORIENTED_EDGE('',*,*,#6429,.T.);
#3650=ORIENTED_EDGE('',*,*,#6483,.F.);
#3651=ORIENTED_EDGE('',*,*,#6484,.T.);
#3652=ORIENTED_EDGE('',*,*,#6485,.F.);
#3653=ORIENTED_EDGE('',*,*,#6486,.F.);
#3654=ORIENTED_EDGE('',*,*,#6487,.T.);
#3655=ORIENTED_EDGE('',*,*,#6488,.F.);
#3656=ORIENTED_EDGE('',*,*,#6489,.F.);
#3657=ORIENTED_EDGE('',*,*,#6490,.F.);
#3658=ORIENTED_EDGE('',*,*,#6491,.T.);
#3659=ORIENTED_EDGE('',*,*,#6492,.F.);
#3660=ORIENTED_EDGE('',*,*,#6493,.F.);
#3661=ORIENTED_EDGE('',*,*,#6494,.T.);
#3662=ORIENTED_EDGE('',*,*,#6495,.F.);
#3663=ORIENTED_EDGE('',*,*,#6496,.T.);
#3664=ORIENTED_EDGE('',*,*,#6497,.T.);
#3665=ORIENTED_EDGE('',*,*,#6498,.F.);
#3666=ORIENTED_EDGE('',*,*,#6499,.F.);
#3667=ORIENTED_EDGE('',*,*,#6500,.T.);
#3668=ORIENTED_EDGE('',*,*,#6501,.F.);
#3669=ORIENTED_EDGE('',*,*,#6502,.T.);
#3670=ORIENTED_EDGE('',*,*,#6503,.T.);
#3671=ORIENTED_EDGE('',*,*,#6504,.F.);
#3672=ORIENTED_EDGE('',*,*,#6505,.F.);
#3673=ORIENTED_EDGE('',*,*,#6506,.T.);
#3674=ORIENTED_EDGE('',*,*,#6507,.F.);
#3675=ORIENTED_EDGE('',*,*,#6508,.T.);
#3676=ORIENTED_EDGE('',*,*,#6509,.T.);
#3677=ORIENTED_EDGE('',*,*,#6510,.T.);
#3678=ORIENTED_EDGE('',*,*,#6511,.F.);
#3679=ORIENTED_EDGE('',*,*,#6512,.T.);
#3680=ORIENTED_EDGE('',*,*,#6513,.T.);
#3681=ORIENTED_EDGE('',*,*,#6514,.T.);
#3682=ORIENTED_EDGE('',*,*,#6515,.F.);
#3683=ORIENTED_EDGE('',*,*,#6516,.T.);
#3684=ORIENTED_EDGE('',*,*,#6517,.T.);
#3685=ORIENTED_EDGE('',*,*,#6518,.T.);
#3686=ORIENTED_EDGE('',*,*,#6519,.T.);
#3687=ORIENTED_EDGE('',*,*,#6520,.T.);
#3688=ORIENTED_EDGE('',*,*,#6521,.T.);
#3689=ORIENTED_EDGE('',*,*,#6522,.T.);
#3690=ORIENTED_EDGE('',*,*,#6523,.T.);
#3691=ORIENTED_EDGE('',*,*,#6524,.T.);
#3692=ORIENTED_EDGE('',*,*,#6525,.T.);
#3693=ORIENTED_EDGE('',*,*,#6526,.T.);
#3694=ORIENTED_EDGE('',*,*,#6527,.T.);
#3695=ORIENTED_EDGE('',*,*,#6528,.T.);
#3696=ORIENTED_EDGE('',*,*,#6529,.F.);
#3697=ORIENTED_EDGE('',*,*,#6530,.F.);
#3698=ORIENTED_EDGE('',*,*,#6531,.T.);
#3699=ORIENTED_EDGE('',*,*,#6532,.T.);
#3700=ORIENTED_EDGE('',*,*,#6533,.T.);
#3701=ORIENTED_EDGE('',*,*,#6534,.T.);
#3702=ORIENTED_EDGE('',*,*,#6535,.F.);
#3703=ORIENTED_EDGE('',*,*,#6536,.T.);
#3704=ORIENTED_EDGE('',*,*,#6537,.T.);
#3705=ORIENTED_EDGE('',*,*,#6538,.T.);
#3706=ORIENTED_EDGE('',*,*,#6539,.T.);
#3707=ORIENTED_EDGE('',*,*,#6540,.T.);
#3708=ORIENTED_EDGE('',*,*,#6541,.F.);
#3709=ORIENTED_EDGE('',*,*,#6542,.F.);
#3710=ORIENTED_EDGE('',*,*,#6543,.F.);
#3711=ORIENTED_EDGE('',*,*,#6544,.T.);
#3712=ORIENTED_EDGE('',*,*,#6545,.F.);
#3713=ORIENTED_EDGE('',*,*,#6546,.F.);
#3714=ORIENTED_EDGE('',*,*,#6547,.F.);
#3715=ORIENTED_EDGE('',*,*,#6548,.T.);
#3716=ORIENTED_EDGE('',*,*,#6549,.T.);
#3717=ORIENTED_EDGE('',*,*,#6550,.T.);
#3718=ORIENTED_EDGE('',*,*,#6430,.T.);
#3719=ORIENTED_EDGE('',*,*,#6427,.T.);
#3720=ORIENTED_EDGE('',*,*,#6424,.T.);
#3721=ORIENTED_EDGE('',*,*,#6551,.T.);
#3722=ORIENTED_EDGE('',*,*,#6418,.T.);
#3723=ORIENTED_EDGE('',*,*,#6415,.T.);
#3724=ORIENTED_EDGE('',*,*,#6412,.T.);
#3725=ORIENTED_EDGE('',*,*,#6552,.T.);
#3726=ORIENTED_EDGE('',*,*,#6553,.T.);
#3727=ORIENTED_EDGE('',*,*,#6554,.T.);
#3728=ORIENTED_EDGE('',*,*,#6555,.F.);
#3729=ORIENTED_EDGE('',*,*,#6556,.F.);
#3730=ORIENTED_EDGE('',*,*,#6557,.T.);
#3731=ORIENTED_EDGE('',*,*,#6558,.T.);
#3732=ORIENTED_EDGE('',*,*,#6559,.T.);
#3733=ORIENTED_EDGE('',*,*,#6560,.T.);
#3734=ORIENTED_EDGE('',*,*,#6561,.F.);
#3735=ORIENTED_EDGE('',*,*,#6562,.T.);
#3736=ORIENTED_EDGE('',*,*,#6563,.T.);
#3737=ORIENTED_EDGE('',*,*,#6564,.T.);
#3738=ORIENTED_EDGE('',*,*,#6565,.T.);
#3739=ORIENTED_EDGE('',*,*,#6566,.T.);
#3740=ORIENTED_EDGE('',*,*,#6567,.F.);
#3741=ORIENTED_EDGE('',*,*,#6568,.F.);
#3742=ORIENTED_EDGE('',*,*,#6569,.F.);
#3743=ORIENTED_EDGE('',*,*,#6570,.T.);
#3744=ORIENTED_EDGE('',*,*,#6571,.F.);
#3745=ORIENTED_EDGE('',*,*,#6572,.F.);
#3746=ORIENTED_EDGE('',*,*,#6573,.T.);
#3747=ORIENTED_EDGE('',*,*,#6574,.F.);
#3748=ORIENTED_EDGE('',*,*,#6575,.F.);
#3749=ORIENTED_EDGE('',*,*,#6576,.F.);
#3750=ORIENTED_EDGE('',*,*,#6577,.T.);
#3751=ORIENTED_EDGE('',*,*,#6578,.T.);
#3752=ORIENTED_EDGE('',*,*,#6579,.T.);
#3753=ORIENTED_EDGE('',*,*,#6262,.F.);
#3754=ORIENTED_EDGE('',*,*,#6580,.F.);
#3755=ORIENTED_EDGE('',*,*,#6581,.F.);
#3756=ORIENTED_EDGE('',*,*,#6407,.T.);
#3757=ORIENTED_EDGE('',*,*,#6404,.T.);
#3758=ORIENTED_EDGE('',*,*,#6401,.F.);
#3759=ORIENTED_EDGE('',*,*,#6582,.F.);
#3760=ORIENTED_EDGE('',*,*,#6583,.T.);
#3761=ORIENTED_EDGE('',*,*,#6584,.T.);
#3762=ORIENTED_EDGE('',*,*,#6585,.T.);
#3763=ORIENTED_EDGE('',*,*,#6586,.F.);
#3764=ORIENTED_EDGE('',*,*,#6587,.F.);
#3765=ORIENTED_EDGE('',*,*,#6588,.F.);
#3766=ORIENTED_EDGE('',*,*,#6589,.T.);
#3767=ORIENTED_EDGE('',*,*,#6590,.T.);
#3768=ORIENTED_EDGE('',*,*,#6591,.T.);
#3769=ORIENTED_EDGE('',*,*,#6592,.F.);
#3770=ORIENTED_EDGE('',*,*,#6593,.F.);
#3771=ORIENTED_EDGE('',*,*,#6594,.F.);
#3772=ORIENTED_EDGE('',*,*,#6595,.F.);
#3773=ORIENTED_EDGE('',*,*,#6596,.F.);
#3774=ORIENTED_EDGE('',*,*,#6597,.F.);
#3775=ORIENTED_EDGE('',*,*,#6598,.T.);
#3776=ORIENTED_EDGE('',*,*,#6599,.T.);
#3777=ORIENTED_EDGE('',*,*,#6265,.T.);
#3778=ORIENTED_EDGE('',*,*,#6600,.F.);
#3779=ORIENTED_EDGE('',*,*,#6601,.F.);
#3780=ORIENTED_EDGE('',*,*,#6602,.F.);
#3781=ORIENTED_EDGE('',*,*,#6603,.T.);
#3782=ORIENTED_EDGE('',*,*,#6604,.T.);
#3783=ORIENTED_EDGE('',*,*,#6605,.T.);
#3784=ORIENTED_EDGE('',*,*,#6606,.F.);
#3785=ORIENTED_EDGE('',*,*,#6607,.F.);
#3786=ORIENTED_EDGE('',*,*,#6608,.F.);
#3787=ORIENTED_EDGE('',*,*,#6609,.F.);
#3788=ORIENTED_EDGE('',*,*,#6610,.F.);
#3789=ORIENTED_EDGE('',*,*,#6611,.F.);
#3790=ORIENTED_EDGE('',*,*,#6612,.F.);
#3791=ORIENTED_EDGE('',*,*,#6613,.T.);
#3792=ORIENTED_EDGE('',*,*,#6573,.F.);
#3793=ORIENTED_EDGE('',*,*,#6403,.F.);
#3794=ORIENTED_EDGE('',*,*,#6432,.F.);
#3795=ORIENTED_EDGE('',*,*,#6614,.T.);
#3796=ORIENTED_EDGE('',*,*,#6615,.T.);
#3797=ORIENTED_EDGE('',*,*,#6483,.T.);
#3798=ORIENTED_EDGE('',*,*,#6616,.T.);
#3799=ORIENTED_EDGE('',*,*,#6464,.F.);
#3800=ORIENTED_EDGE('',*,*,#6617,.T.);
#3801=ORIENTED_EDGE('',*,*,#6571,.T.);
#3802=ORIENTED_EDGE('',*,*,#6618,.T.);
#3803=ORIENTED_EDGE('',*,*,#6619,.F.);
#3804=ORIENTED_EDGE('',*,*,#6462,.T.);
#3805=ORIENTED_EDGE('',*,*,#6620,.F.);
#3806=ORIENTED_EDGE('',*,*,#6621,.T.);
#3807=ORIENTED_EDGE('',*,*,#6515,.T.);
#3808=ORIENTED_EDGE('',*,*,#6463,.F.);
#3809=ORIENTED_EDGE('',*,*,#6619,.T.);
#3810=ORIENTED_EDGE('',*,*,#6572,.T.);
#3811=ORIENTED_EDGE('',*,*,#6617,.F.);
#3812=ORIENTED_EDGE('',*,*,#6622,.F.);
#3813=ORIENTED_EDGE('',*,*,#6466,.T.);
#3814=ORIENTED_EDGE('',*,*,#6623,.F.);
#3815=ORIENTED_EDGE('',*,*,#6624,.T.);
#3816=ORIENTED_EDGE('',*,*,#6569,.T.);
#3817=ORIENTED_EDGE('',*,*,#6625,.T.);
#3818=ORIENTED_EDGE('',*,*,#6468,.F.);
#3819=ORIENTED_EDGE('',*,*,#6626,.T.);
#3820=ORIENTED_EDGE('',*,*,#6567,.T.);
#3821=ORIENTED_EDGE('',*,*,#6627,.T.);
#3822=ORIENTED_EDGE('',*,*,#6467,.F.);
#3823=ORIENTED_EDGE('',*,*,#6622,.T.);
#3824=ORIENTED_EDGE('',*,*,#6568,.T.);
#3825=ORIENTED_EDGE('',*,*,#6626,.F.);
#3826=ORIENTED_EDGE('',*,*,#6628,.T.);
#3827=ORIENTED_EDGE('',*,*,#6629,.T.);
#3828=ORIENTED_EDGE('',*,*,#6630,.T.);
#3829=ORIENTED_EDGE('',*,*,#6592,.T.);
#3830=ORIENTED_EDGE('',*,*,#6631,.F.);
#3831=ORIENTED_EDGE('',*,*,#6632,.T.);
#3832=ORIENTED_EDGE('',*,*,#6593,.T.);
#3833=ORIENTED_EDGE('',*,*,#6630,.F.);
#3834=ORIENTED_EDGE('',*,*,#6633,.T.);
#3835=ORIENTED_EDGE('',*,*,#6594,.T.);
#3836=ORIENTED_EDGE('',*,*,#6634,.T.);
#3837=ORIENTED_EDGE('',*,*,#6635,.T.);
#3838=ORIENTED_EDGE('',*,*,#6620,.T.);
#3839=ORIENTED_EDGE('',*,*,#6461,.T.);
#3840=ORIENTED_EDGE('',*,*,#6625,.F.);
#3841=ORIENTED_EDGE('',*,*,#6636,.T.);
#3842=ORIENTED_EDGE('',*,*,#6637,.T.);
#3843=ORIENTED_EDGE('',*,*,#6469,.T.);
#3844=ORIENTED_EDGE('',*,*,#6616,.F.);
#3845=ORIENTED_EDGE('',*,*,#6638,.T.);
#3846=ORIENTED_EDGE('',*,*,#6623,.T.);
#3847=ORIENTED_EDGE('',*,*,#6465,.T.);
#3848=ORIENTED_EDGE('',*,*,#6632,.F.);
#3849=ORIENTED_EDGE('',*,*,#6639,.T.);
#3850=ORIENTED_EDGE('',*,*,#6640,.F.);
#3851=ORIENTED_EDGE('',*,*,#6582,.T.);
#3852=ORIENTED_EDGE('',*,*,#6641,.T.);
#3853=ORIENTED_EDGE('',*,*,#6595,.T.);
#3854=ORIENTED_EDGE('',*,*,#6508,.F.);
#3855=ORIENTED_EDGE('',*,*,#6642,.F.);
#3856=ORIENTED_EDGE('',*,*,#6643,.T.);
#3857=ORIENTED_EDGE('',*,*,#6525,.F.);
#3858=ORIENTED_EDGE('',*,*,#6644,.F.);
#3859=ORIENTED_EDGE('',*,*,#6509,.F.);
#3860=ORIENTED_EDGE('',*,*,#6644,.T.);
#3861=ORIENTED_EDGE('',*,*,#6524,.F.);
#3862=ORIENTED_EDGE('',*,*,#6645,.F.);
#3863=ORIENTED_EDGE('',*,*,#6510,.F.);
#3864=ORIENTED_EDGE('',*,*,#6645,.T.);
#3865=ORIENTED_EDGE('',*,*,#6523,.F.);
#3866=ORIENTED_EDGE('',*,*,#6646,.T.);
#3867=ORIENTED_EDGE('',*,*,#6647,.T.);
#3868=ORIENTED_EDGE('',*,*,#6647,.F.);
#3869=ORIENTED_EDGE('',*,*,#6648,.T.);
#3870=ORIENTED_EDGE('',*,*,#6649,.T.);
#3871=ORIENTED_EDGE('',*,*,#6511,.T.);
#3872=ORIENTED_EDGE('',*,*,#6512,.F.);
#3873=ORIENTED_EDGE('',*,*,#6649,.F.);
#3874=ORIENTED_EDGE('',*,*,#6650,.T.);
#3875=ORIENTED_EDGE('',*,*,#6521,.F.);
#3876=ORIENTED_EDGE('',*,*,#6651,.F.);
#3877=ORIENTED_EDGE('',*,*,#6513,.F.);
#3878=ORIENTED_EDGE('',*,*,#6651,.T.);
#3879=ORIENTED_EDGE('',*,*,#6520,.F.);
#3880=ORIENTED_EDGE('',*,*,#6652,.F.);
#3881=ORIENTED_EDGE('',*,*,#6514,.F.);
#3882=ORIENTED_EDGE('',*,*,#6652,.T.);
#3883=ORIENTED_EDGE('',*,*,#6519,.F.);
#3884=ORIENTED_EDGE('',*,*,#6653,.T.);
#3885=ORIENTED_EDGE('',*,*,#6654,.T.);
#3886=ORIENTED_EDGE('',*,*,#6654,.F.);
#3887=ORIENTED_EDGE('',*,*,#6655,.T.);
#3888=ORIENTED_EDGE('',*,*,#6656,.T.);
#3889=ORIENTED_EDGE('',*,*,#6459,.T.);
#3890=ORIENTED_EDGE('',*,*,#6657,.F.);
#3891=ORIENTED_EDGE('',*,*,#6628,.F.);
#3892=ORIENTED_EDGE('',*,*,#6591,.F.);
#3893=ORIENTED_EDGE('',*,*,#6658,.F.);
#3894=ORIENTED_EDGE('',*,*,#6659,.F.);
#3895=ORIENTED_EDGE('',*,*,#6658,.T.);
#3896=ORIENTED_EDGE('',*,*,#6590,.F.);
#3897=ORIENTED_EDGE('',*,*,#6660,.F.);
#3898=ORIENTED_EDGE('',*,*,#6661,.T.);
#3899=ORIENTED_EDGE('',*,*,#6662,.T.);
#3900=ORIENTED_EDGE('',*,*,#6642,.T.);
#3901=ORIENTED_EDGE('',*,*,#6507,.T.);
#3902=ORIENTED_EDGE('',*,*,#6663,.F.);
#3903=ORIENTED_EDGE('',*,*,#6660,.T.);
#3904=ORIENTED_EDGE('',*,*,#6589,.F.);
#3905=ORIENTED_EDGE('',*,*,#6664,.F.);
#3906=ORIENTED_EDGE('',*,*,#6665,.T.);
#3907=ORIENTED_EDGE('',*,*,#6666,.T.);
#3908=ORIENTED_EDGE('',*,*,#6667,.T.);
#3909=ORIENTED_EDGE('',*,*,#6485,.T.);
#3910=ORIENTED_EDGE('',*,*,#6668,.F.);
#3911=ORIENTED_EDGE('',*,*,#6486,.T.);
#3912=ORIENTED_EDGE('',*,*,#6667,.F.);
#3913=ORIENTED_EDGE('',*,*,#6669,.T.);
#3914=ORIENTED_EDGE('',*,*,#6547,.T.);
#3915=ORIENTED_EDGE('',*,*,#6487,.F.);
#3916=ORIENTED_EDGE('',*,*,#6668,.T.);
#3917=ORIENTED_EDGE('',*,*,#6546,.T.);
#3918=ORIENTED_EDGE('',*,*,#6670,.F.);
#3919=ORIENTED_EDGE('',*,*,#6671,.T.);
#3920=ORIENTED_EDGE('',*,*,#6488,.T.);
#3921=ORIENTED_EDGE('',*,*,#6670,.T.);
#3922=ORIENTED_EDGE('',*,*,#6545,.T.);
#3923=ORIENTED_EDGE('',*,*,#6672,.T.);
#3924=ORIENTED_EDGE('',*,*,#6671,.F.);
#3925=ORIENTED_EDGE('',*,*,#6673,.T.);
#3926=ORIENTED_EDGE('',*,*,#6674,.T.);
#3927=ORIENTED_EDGE('',*,*,#6489,.T.);
#3928=ORIENTED_EDGE('',*,*,#6675,.F.);
#3929=ORIENTED_EDGE('',*,*,#6490,.T.);
#3930=ORIENTED_EDGE('',*,*,#6674,.F.);
#3931=ORIENTED_EDGE('',*,*,#6676,.T.);
#3932=ORIENTED_EDGE('',*,*,#6543,.T.);
#3933=ORIENTED_EDGE('',*,*,#6491,.F.);
#3934=ORIENTED_EDGE('',*,*,#6675,.T.);
#3935=ORIENTED_EDGE('',*,*,#6542,.T.);
#3936=ORIENTED_EDGE('',*,*,#6677,.F.);
#3937=ORIENTED_EDGE('',*,*,#6678,.T.);
#3938=ORIENTED_EDGE('',*,*,#6596,.T.);
#3939=ORIENTED_EDGE('',*,*,#6679,.F.);
#3940=ORIENTED_EDGE('',*,*,#6680,.T.);
#3941=ORIENTED_EDGE('',*,*,#6575,.T.);
#3942=ORIENTED_EDGE('',*,*,#6681,.F.);
#3943=ORIENTED_EDGE('',*,*,#6613,.F.);
#3944=ORIENTED_EDGE('',*,*,#6682,.T.);
#3945=ORIENTED_EDGE('',*,*,#6681,.T.);
#3946=ORIENTED_EDGE('',*,*,#6574,.T.);
#3947=ORIENTED_EDGE('',*,*,#6683,.T.);
#3948=ORIENTED_EDGE('',*,*,#6492,.T.);
#3949=ORIENTED_EDGE('',*,*,#6677,.T.);
#3950=ORIENTED_EDGE('',*,*,#6541,.T.);
#3951=ORIENTED_EDGE('',*,*,#6684,.T.);
#3952=ORIENTED_EDGE('',*,*,#6683,.F.);
#3953=ORIENTED_EDGE('',*,*,#6685,.T.);
#3954=ORIENTED_EDGE('',*,*,#6686,.T.);
#3955=ORIENTED_EDGE('',*,*,#6493,.T.);
#3956=ORIENTED_EDGE('',*,*,#6680,.F.);
#3957=ORIENTED_EDGE('',*,*,#6687,.T.);
#3958=ORIENTED_EDGE('',*,*,#6688,.F.);
#3959=ORIENTED_EDGE('',*,*,#6576,.T.);
#3960=ORIENTED_EDGE('',*,*,#6473,.F.);
#3961=ORIENTED_EDGE('',*,*,#6689,.T.);
#3962=ORIENTED_EDGE('',*,*,#6562,.F.);
#3963=ORIENTED_EDGE('',*,*,#6690,.F.);
#3964=ORIENTED_EDGE('',*,*,#6691,.T.);
#3965=ORIENTED_EDGE('',*,*,#6474,.T.);
#3966=ORIENTED_EDGE('',*,*,#6690,.T.);
#3967=ORIENTED_EDGE('',*,*,#6561,.T.);
#3968=ORIENTED_EDGE('',*,*,#6692,.T.);
#3969=ORIENTED_EDGE('',*,*,#6691,.F.);
#3970=ORIENTED_EDGE('',*,*,#6693,.T.);
#3971=ORIENTED_EDGE('',*,*,#6694,.T.);
#3972=ORIENTED_EDGE('',*,*,#6475,.T.);
#3973=ORIENTED_EDGE('',*,*,#6695,.F.);
#3974=ORIENTED_EDGE('',*,*,#6696,.T.);
#3975=ORIENTED_EDGE('',*,*,#6697,.F.);
#3976=ORIENTED_EDGE('',*,*,#6597,.T.);
#3977=ORIENTED_EDGE('',*,*,#6698,.F.);
#3978=ORIENTED_EDGE('',*,*,#6695,.T.);
#3979=ORIENTED_EDGE('',*,*,#6607,.T.);
#3980=ORIENTED_EDGE('',*,*,#6699,.F.);
#3981=ORIENTED_EDGE('',*,*,#6700,.T.);
#3982=ORIENTED_EDGE('',*,*,#6701,.T.);
#3983=ORIENTED_EDGE('',*,*,#6699,.T.);
#3984=ORIENTED_EDGE('',*,*,#6606,.T.);
#3985=ORIENTED_EDGE('',*,*,#6702,.T.);
#3986=ORIENTED_EDGE('',*,*,#6608,.T.);
#3987=ORIENTED_EDGE('',*,*,#6472,.F.);
#3988=ORIENTED_EDGE('',*,*,#6703,.F.);
#3989=ORIENTED_EDGE('',*,*,#6704,.T.);
#3990=ORIENTED_EDGE('',*,*,#6563,.F.);
#3991=ORIENTED_EDGE('',*,*,#6689,.F.);
#3992=ORIENTED_EDGE('',*,*,#6705,.F.);
#3993=ORIENTED_EDGE('',*,*,#6706,.T.);
#3994=ORIENTED_EDGE('',*,*,#6584,.F.);
#3995=ORIENTED_EDGE('',*,*,#6707,.F.);
#3996=ORIENTED_EDGE('',*,*,#6708,.F.);
#3997=ORIENTED_EDGE('',*,*,#6709,.T.);
#3998=ORIENTED_EDGE('',*,*,#6585,.F.);
#3999=ORIENTED_EDGE('',*,*,#6706,.F.);
#4000=ORIENTED_EDGE('',*,*,#6710,.F.);
#4001=ORIENTED_EDGE('',*,*,#6707,.T.);
#4002=ORIENTED_EDGE('',*,*,#6583,.F.);
#4003=ORIENTED_EDGE('',*,*,#6640,.T.);
#4004=ORIENTED_EDGE('',*,*,#6711,.T.);
#4005=ORIENTED_EDGE('',*,*,#6712,.T.);
#4006=ORIENTED_EDGE('',*,*,#6703,.T.);
#4007=ORIENTED_EDGE('',*,*,#6471,.T.);
#4008=ORIENTED_EDGE('',*,*,#6713,.T.);
#4009=ORIENTED_EDGE('',*,*,#6609,.T.);
#4010=ORIENTED_EDGE('',*,*,#6502,.F.);
#4011=ORIENTED_EDGE('',*,*,#6714,.F.);
#4012=ORIENTED_EDGE('',*,*,#6715,.T.);
#4013=ORIENTED_EDGE('',*,*,#6531,.F.);
#4014=ORIENTED_EDGE('',*,*,#6716,.F.);
#4015=ORIENTED_EDGE('',*,*,#6503,.F.);
#4016=ORIENTED_EDGE('',*,*,#6716,.T.);
#4017=ORIENTED_EDGE('',*,*,#6530,.T.);
#4018=ORIENTED_EDGE('',*,*,#6717,.F.);
#4019=ORIENTED_EDGE('',*,*,#6718,.T.);
#4020=ORIENTED_EDGE('',*,*,#6504,.T.);
#4021=ORIENTED_EDGE('',*,*,#6717,.T.);
#4022=ORIENTED_EDGE('',*,*,#6529,.T.);
#4023=ORIENTED_EDGE('',*,*,#6719,.T.);
#4024=ORIENTED_EDGE('',*,*,#6720,.F.);
#4025=ORIENTED_EDGE('',*,*,#6721,.T.);
#4026=ORIENTED_EDGE('',*,*,#6664,.T.);
#4027=ORIENTED_EDGE('',*,*,#6588,.T.);
#4028=ORIENTED_EDGE('',*,*,#6722,.F.);
#4029=ORIENTED_EDGE('',*,*,#6720,.T.);
#4030=ORIENTED_EDGE('',*,*,#6587,.T.);
#4031=ORIENTED_EDGE('',*,*,#6723,.F.);
#4032=ORIENTED_EDGE('',*,*,#6709,.F.);
#4033=ORIENTED_EDGE('',*,*,#6724,.T.);
#4034=ORIENTED_EDGE('',*,*,#6723,.T.);
#4035=ORIENTED_EDGE('',*,*,#6586,.T.);
#4036=ORIENTED_EDGE('',*,*,#6725,.F.);
#4037=ORIENTED_EDGE('',*,*,#6700,.F.);
#4038=ORIENTED_EDGE('',*,*,#6605,.F.);
#4039=ORIENTED_EDGE('',*,*,#6726,.F.);
#4040=ORIENTED_EDGE('',*,*,#6727,.F.);
#4041=ORIENTED_EDGE('',*,*,#6726,.T.);
#4042=ORIENTED_EDGE('',*,*,#6604,.F.);
#4043=ORIENTED_EDGE('',*,*,#6728,.F.);
#4044=ORIENTED_EDGE('',*,*,#6718,.F.);
#4045=ORIENTED_EDGE('',*,*,#6729,.T.);
#4046=ORIENTED_EDGE('',*,*,#6730,.T.);
#4047=ORIENTED_EDGE('',*,*,#6505,.T.);
#4048=ORIENTED_EDGE('',*,*,#6731,.F.);
#4049=ORIENTED_EDGE('',*,*,#6728,.T.);
#4050=ORIENTED_EDGE('',*,*,#6603,.F.);
#4051=ORIENTED_EDGE('',*,*,#6732,.F.);
#4052=ORIENTED_EDGE('',*,*,#6733,.T.);
#4053=ORIENTED_EDGE('',*,*,#6734,.T.);
#4054=ORIENTED_EDGE('',*,*,#6714,.T.);
#4055=ORIENTED_EDGE('',*,*,#6501,.T.);
#4056=ORIENTED_EDGE('',*,*,#6479,.F.);
#4057=ORIENTED_EDGE('',*,*,#6735,.T.);
#4058=ORIENTED_EDGE('',*,*,#6556,.T.);
#4059=ORIENTED_EDGE('',*,*,#6736,.F.);
#4060=ORIENTED_EDGE('',*,*,#6737,.T.);
#4061=ORIENTED_EDGE('',*,*,#6480,.T.);
#4062=ORIENTED_EDGE('',*,*,#6736,.T.);
#4063=ORIENTED_EDGE('',*,*,#6555,.T.);
#4064=ORIENTED_EDGE('',*,*,#6738,.T.);
#4065=ORIENTED_EDGE('',*,*,#6737,.F.);
#4066=ORIENTED_EDGE('',*,*,#6739,.T.);
#4067=ORIENTED_EDGE('',*,*,#6740,.T.);
#4068=ORIENTED_EDGE('',*,*,#6481,.T.);
#4069=ORIENTED_EDGE('',*,*,#6741,.F.);
#4070=ORIENTED_EDGE('',*,*,#6742,.T.);
#4071=ORIENTED_EDGE('',*,*,#6408,.T.);
#4072=ORIENTED_EDGE('',*,*,#6581,.T.);
#4073=ORIENTED_EDGE('',*,*,#6743,.F.);
#4074=ORIENTED_EDGE('',*,*,#6741,.T.);
#4075=ORIENTED_EDGE('',*,*,#6580,.T.);
#4076=ORIENTED_EDGE('',*,*,#6261,.F.);
#4077=ORIENTED_EDGE('',*,*,#6744,.T.);
#4078=ORIENTED_EDGE('',*,*,#6610,.T.);
#4079=ORIENTED_EDGE('',*,*,#6745,.F.);
#4080=ORIENTED_EDGE('',*,*,#6266,.T.);
#4081=ORIENTED_EDGE('',*,*,#6599,.F.);
#4082=ORIENTED_EDGE('',*,*,#6746,.F.);
#4083=ORIENTED_EDGE('',*,*,#6478,.F.);
#4084=ORIENTED_EDGE('',*,*,#6747,.F.);
#4085=ORIENTED_EDGE('',*,*,#6748,.T.);
#4086=ORIENTED_EDGE('',*,*,#6557,.F.);
#4087=ORIENTED_EDGE('',*,*,#6735,.F.);
#4088=ORIENTED_EDGE('',*,*,#6749,.F.);
#4089=ORIENTED_EDGE('',*,*,#6746,.T.);
#4090=ORIENTED_EDGE('',*,*,#6598,.F.);
#4091=ORIENTED_EDGE('',*,*,#6697,.T.);
#4092=ORIENTED_EDGE('',*,*,#6750,.T.);
#4093=ORIENTED_EDGE('',*,*,#6751,.T.);
#4094=ORIENTED_EDGE('',*,*,#6747,.T.);
#4095=ORIENTED_EDGE('',*,*,#6477,.T.);
#4096=ORIENTED_EDGE('',*,*,#6752,.T.);
#4097=ORIENTED_EDGE('',*,*,#6753,.T.);
#4098=ORIENTED_EDGE('',*,*,#6754,.T.);
#4099=ORIENTED_EDGE('',*,*,#6495,.T.);
#4100=ORIENTED_EDGE('',*,*,#6496,.F.);
#4101=ORIENTED_EDGE('',*,*,#6754,.F.);
#4102=ORIENTED_EDGE('',*,*,#6755,.T.);
#4103=ORIENTED_EDGE('',*,*,#6537,.F.);
#4104=ORIENTED_EDGE('',*,*,#6756,.F.);
#4105=ORIENTED_EDGE('',*,*,#6497,.F.);
#4106=ORIENTED_EDGE('',*,*,#6756,.T.);
#4107=ORIENTED_EDGE('',*,*,#6536,.F.);
#4108=ORIENTED_EDGE('',*,*,#6757,.F.);
#4109=ORIENTED_EDGE('',*,*,#6758,.T.);
#4110=ORIENTED_EDGE('',*,*,#6498,.T.);
#4111=ORIENTED_EDGE('',*,*,#6757,.T.);
#4112=ORIENTED_EDGE('',*,*,#6535,.T.);
#4113=ORIENTED_EDGE('',*,*,#6759,.T.);
#4114=ORIENTED_EDGE('',*,*,#6758,.F.);
#4115=ORIENTED_EDGE('',*,*,#6760,.T.);
#4116=ORIENTED_EDGE('',*,*,#6761,.T.);
#4117=ORIENTED_EDGE('',*,*,#6499,.T.);
#4118=ORIENTED_EDGE('',*,*,#6762,.T.);
#4119=ORIENTED_EDGE('',*,*,#6611,.T.);
#4120=ORIENTED_EDGE('',*,*,#6763,.F.);
#4121=ORIENTED_EDGE('',*,*,#6764,.T.);
#4122=ORIENTED_EDGE('',*,*,#6577,.F.);
#4123=ORIENTED_EDGE('',*,*,#6688,.T.);
#4124=ORIENTED_EDGE('',*,*,#6765,.F.);
#4125=ORIENTED_EDGE('',*,*,#6766,.T.);
#4126=ORIENTED_EDGE('',*,*,#6578,.F.);
#4127=ORIENTED_EDGE('',*,*,#6764,.F.);
#4128=ORIENTED_EDGE('',*,*,#6767,.F.);
#4129=ORIENTED_EDGE('',*,*,#6768,.T.);
#4130=ORIENTED_EDGE('',*,*,#6601,.T.);
#4131=ORIENTED_EDGE('',*,*,#6769,.F.);
#4132=ORIENTED_EDGE('',*,*,#6768,.F.);
#4133=ORIENTED_EDGE('',*,*,#6770,.T.);
#4134=ORIENTED_EDGE('',*,*,#6732,.T.);
#4135=ORIENTED_EDGE('',*,*,#6602,.T.);
#4136=ORIENTED_EDGE('',*,*,#6771,.F.);
#4137=ORIENTED_EDGE('',*,*,#6259,.F.);
#4138=ORIENTED_EDGE('',*,*,#6579,.F.);
#4139=ORIENTED_EDGE('',*,*,#6766,.F.);
#4140=ORIENTED_EDGE('',*,*,#6264,.F.);
#4141=ORIENTED_EDGE('',*,*,#6772,.T.);
#4142=ORIENTED_EDGE('',*,*,#6769,.T.);
#4143=ORIENTED_EDGE('',*,*,#6600,.T.);
#4144=ORIENTED_EDGE('',*,*,#6773,.T.);
#4145=ORIENTED_EDGE('',*,*,#6774,.T.);
#4146=ORIENTED_EDGE('',*,*,#6775,.F.);
#4147=ORIENTED_EDGE('',*,*,#6776,.F.);
#4148=ORIENTED_EDGE('',*,*,#6777,.F.);
#4149=ORIENTED_EDGE('',*,*,#6778,.F.);
#4150=ORIENTED_EDGE('',*,*,#6779,.F.);
#4151=ORIENTED_EDGE('',*,*,#6774,.F.);
#4152=ORIENTED_EDGE('',*,*,#6780,.F.);
#4153=ORIENTED_EDGE('',*,*,#6781,.F.);
#4154=ORIENTED_EDGE('',*,*,#6782,.F.);
#4155=ORIENTED_EDGE('',*,*,#6783,.T.);
#4156=ORIENTED_EDGE('',*,*,#6784,.T.);
#4157=ORIENTED_EDGE('',*,*,#6785,.T.);
#4158=ORIENTED_EDGE('',*,*,#6786,.T.);
#4159=ORIENTED_EDGE('',*,*,#6787,.T.);
#4160=ORIENTED_EDGE('',*,*,#6788,.F.);
#4161=ORIENTED_EDGE('',*,*,#6781,.T.);
#4162=ORIENTED_EDGE('',*,*,#6789,.F.);
#4163=ORIENTED_EDGE('',*,*,#6313,.T.);
#4164=ORIENTED_EDGE('',*,*,#6790,.T.);
#4165=ORIENTED_EDGE('',*,*,#6363,.T.);
#4166=ORIENTED_EDGE('',*,*,#6791,.T.);
#4167=ORIENTED_EDGE('',*,*,#6300,.F.);
#4168=ORIENTED_EDGE('',*,*,#6792,.F.);
#4169=ORIENTED_EDGE('',*,*,#6783,.F.);
#4170=ORIENTED_EDGE('',*,*,#6793,.F.);
#4171=ORIENTED_EDGE('',*,*,#6794,.F.);
#4172=ORIENTED_EDGE('',*,*,#6777,.T.);
#4173=ORIENTED_EDGE('',*,*,#6773,.F.);
#4174=ORIENTED_EDGE('',*,*,#6795,.F.);
#4175=ORIENTED_EDGE('',*,*,#6796,.F.);
#4176=ORIENTED_EDGE('',*,*,#6793,.T.);
#4177=ORIENTED_EDGE('',*,*,#6782,.T.);
#4178=ORIENTED_EDGE('',*,*,#6788,.T.);
#4179=ORIENTED_EDGE('',*,*,#6797,.T.);
#4180=ORIENTED_EDGE('',*,*,#6798,.T.);
#4181=ORIENTED_EDGE('',*,*,#6799,.T.);
#4182=ORIENTED_EDGE('',*,*,#6800,.T.);
#4183=ORIENTED_EDGE('',*,*,#6361,.T.);
#4184=ORIENTED_EDGE('',*,*,#6801,.T.);
#4185=ORIENTED_EDGE('',*,*,#6315,.F.);
#4186=ORIENTED_EDGE('',*,*,#6802,.F.);
#4187=ORIENTED_EDGE('',*,*,#6778,.T.);
#4188=ORIENTED_EDGE('',*,*,#6794,.T.);
#4189=ORIENTED_EDGE('',*,*,#6803,.F.);
#4190=ORIENTED_EDGE('',*,*,#6784,.F.);
#4191=ORIENTED_EDGE('',*,*,#6792,.T.);
#4192=ORIENTED_EDGE('',*,*,#6299,.T.);
#4193=ORIENTED_EDGE('',*,*,#6804,.F.);
#4194=ORIENTED_EDGE('',*,*,#6301,.T.);
#4195=ORIENTED_EDGE('',*,*,#6795,.T.);
#4196=ORIENTED_EDGE('',*,*,#6776,.T.);
#4197=ORIENTED_EDGE('',*,*,#6802,.T.);
#4198=ORIENTED_EDGE('',*,*,#6314,.T.);
#4199=ORIENTED_EDGE('',*,*,#6789,.T.);
#4200=ORIENTED_EDGE('',*,*,#6780,.T.);
#4201=ORIENTED_EDGE('',*,*,#6803,.T.);
#4202=ORIENTED_EDGE('',*,*,#6302,.T.);
#4203=ORIENTED_EDGE('',*,*,#6804,.T.);
#4204=ORIENTED_EDGE('',*,*,#6775,.T.);
#4205=ORIENTED_EDGE('',*,*,#6779,.T.);
#4206=ORIENTED_EDGE('',*,*,#6805,.F.);
#4207=ORIENTED_EDGE('',*,*,#6806,.T.);
#4208=ORIENTED_EDGE('',*,*,#6807,.T.);
#4209=ORIENTED_EDGE('',*,*,#6808,.F.);
#4210=ORIENTED_EDGE('',*,*,#6805,.T.);
#4211=ORIENTED_EDGE('',*,*,#6809,.T.);
#4212=ORIENTED_EDGE('',*,*,#6810,.F.);
#4213=ORIENTED_EDGE('',*,*,#6811,.F.);
#4214=ORIENTED_EDGE('',*,*,#6812,.T.);
#4215=ORIENTED_EDGE('',*,*,#6813,.T.);
#4216=ORIENTED_EDGE('',*,*,#6814,.F.);
#4217=ORIENTED_EDGE('',*,*,#6815,.F.);
#4218=ORIENTED_EDGE('',*,*,#6807,.F.);
#4219=ORIENTED_EDGE('',*,*,#6816,.F.);
#4220=ORIENTED_EDGE('',*,*,#6817,.F.);
#4221=ORIENTED_EDGE('',*,*,#6818,.F.);
#4222=ORIENTED_EDGE('',*,*,#6819,.T.);
#4223=ORIENTED_EDGE('',*,*,#6820,.T.);
#4224=ORIENTED_EDGE('',*,*,#6821,.T.);
#4225=ORIENTED_EDGE('',*,*,#6822,.F.);
#4226=ORIENTED_EDGE('',*,*,#6823,.F.);
#4227=ORIENTED_EDGE('',*,*,#6306,.F.);
#4228=ORIENTED_EDGE('',*,*,#6340,.T.);
#4229=ORIENTED_EDGE('',*,*,#6444,.F.);
#4230=ORIENTED_EDGE('',*,*,#6824,.F.);
#4231=ORIENTED_EDGE('',*,*,#6825,.F.);
#4232=ORIENTED_EDGE('',*,*,#6826,.T.);
#4233=ORIENTED_EDGE('',*,*,#6827,.T.);
#4234=ORIENTED_EDGE('',*,*,#6828,.F.);
#4235=ORIENTED_EDGE('',*,*,#6829,.T.);
#4236=ORIENTED_EDGE('',*,*,#6830,.F.);
#4237=ORIENTED_EDGE('',*,*,#6831,.F.);
#4238=ORIENTED_EDGE('',*,*,#6832,.F.);
#4239=ORIENTED_EDGE('',*,*,#6833,.F.);
#4240=ORIENTED_EDGE('',*,*,#6834,.T.);
#4241=ORIENTED_EDGE('',*,*,#6835,.F.);
#4242=ORIENTED_EDGE('',*,*,#6836,.T.);
#4243=ORIENTED_EDGE('',*,*,#6837,.T.);
#4244=ORIENTED_EDGE('',*,*,#6838,.T.);
#4245=ORIENTED_EDGE('',*,*,#6839,.F.);
#4246=ORIENTED_EDGE('',*,*,#6813,.F.);
#4247=ORIENTED_EDGE('',*,*,#6840,.F.);
#4248=ORIENTED_EDGE('',*,*,#6839,.T.);
#4249=ORIENTED_EDGE('',*,*,#6841,.T.);
#4250=ORIENTED_EDGE('',*,*,#6842,.F.);
#4251=ORIENTED_EDGE('',*,*,#6843,.F.);
#4252=ORIENTED_EDGE('',*,*,#6844,.T.);
#4253=ORIENTED_EDGE('',*,*,#6845,.T.);
#4254=ORIENTED_EDGE('',*,*,#6846,.F.);
#4255=ORIENTED_EDGE('',*,*,#6847,.T.);
#4256=ORIENTED_EDGE('',*,*,#6848,.F.);
#4257=ORIENTED_EDGE('',*,*,#6844,.F.);
#4258=ORIENTED_EDGE('',*,*,#6849,.T.);
#4259=ORIENTED_EDGE('',*,*,#6850,.F.);
#4260=ORIENTED_EDGE('',*,*,#6809,.F.);
#4261=ORIENTED_EDGE('',*,*,#6808,.T.);
#4262=ORIENTED_EDGE('',*,*,#6815,.T.);
#4263=ORIENTED_EDGE('',*,*,#6810,.T.);
#4264=ORIENTED_EDGE('',*,*,#6850,.T.);
#4265=ORIENTED_EDGE('',*,*,#6851,.F.);
#4266=ORIENTED_EDGE('',*,*,#6852,.T.);
#4267=ORIENTED_EDGE('',*,*,#6811,.T.);
#4268=ORIENTED_EDGE('',*,*,#6852,.F.);
#4269=ORIENTED_EDGE('',*,*,#6853,.F.);
#4270=ORIENTED_EDGE('',*,*,#6816,.T.);
#4271=ORIENTED_EDGE('',*,*,#6806,.F.);
#4272=ORIENTED_EDGE('',*,*,#6854,.T.);
#4273=ORIENTED_EDGE('',*,*,#6855,.T.);
#4274=ORIENTED_EDGE('',*,*,#6856,.T.);
#4275=ORIENTED_EDGE('',*,*,#6855,.F.);
#4276=ORIENTED_EDGE('',*,*,#6857,.F.);
#4277=ORIENTED_EDGE('',*,*,#6858,.T.);
#4278=ORIENTED_EDGE('',*,*,#6859,.F.);
#4279=ORIENTED_EDGE('',*,*,#6830,.T.);
#4280=ORIENTED_EDGE('',*,*,#6860,.F.);
#4281=ORIENTED_EDGE('',*,*,#6856,.F.);
#4282=ORIENTED_EDGE('',*,*,#6859,.T.);
#4283=ORIENTED_EDGE('',*,*,#6861,.T.);
#4284=ORIENTED_EDGE('',*,*,#6862,.F.);
#4285=ORIENTED_EDGE('',*,*,#6863,.T.);
#4286=ORIENTED_EDGE('',*,*,#6831,.T.);
#4287=ORIENTED_EDGE('',*,*,#6862,.T.);
#4288=ORIENTED_EDGE('',*,*,#6864,.T.);
#4289=ORIENTED_EDGE('',*,*,#6865,.T.);
#4290=ORIENTED_EDGE('',*,*,#6832,.T.);
#4291=ORIENTED_EDGE('',*,*,#6863,.F.);
#4292=ORIENTED_EDGE('',*,*,#6866,.F.);
#4293=ORIENTED_EDGE('',*,*,#6867,.F.);
#4294=ORIENTED_EDGE('',*,*,#6833,.T.);
#4295=ORIENTED_EDGE('',*,*,#6865,.F.);
#4296=ORIENTED_EDGE('',*,*,#6868,.T.);
#4297=ORIENTED_EDGE('',*,*,#6834,.F.);
#4298=ORIENTED_EDGE('',*,*,#6867,.T.);
#4299=ORIENTED_EDGE('',*,*,#6869,.T.);
#4300=ORIENTED_EDGE('',*,*,#6870,.F.);
#4301=ORIENTED_EDGE('',*,*,#6871,.F.);
#4302=ORIENTED_EDGE('',*,*,#6835,.T.);
#4303=ORIENTED_EDGE('',*,*,#6870,.T.);
#4304=ORIENTED_EDGE('',*,*,#6872,.T.);
#4305=ORIENTED_EDGE('',*,*,#6840,.T.);
#4306=ORIENTED_EDGE('',*,*,#6812,.F.);
#4307=ORIENTED_EDGE('',*,*,#6871,.T.);
#4308=ORIENTED_EDGE('',*,*,#6873,.T.);
#4309=ORIENTED_EDGE('',*,*,#6874,.T.);
#4310=ORIENTED_EDGE('',*,*,#6836,.F.);
#4311=ORIENTED_EDGE('',*,*,#6875,.T.);
#4312=ORIENTED_EDGE('',*,*,#6876,.T.);
#4313=ORIENTED_EDGE('',*,*,#6837,.F.);
#4314=ORIENTED_EDGE('',*,*,#6874,.F.);
#4315=ORIENTED_EDGE('',*,*,#6814,.T.);
#4316=ORIENTED_EDGE('',*,*,#6841,.F.);
#4317=ORIENTED_EDGE('',*,*,#6838,.F.);
#4318=ORIENTED_EDGE('',*,*,#6876,.F.);
#4319=ORIENTED_EDGE('',*,*,#6877,.F.);
#4320=ORIENTED_EDGE('',*,*,#6878,.T.);
#4321=ORIENTED_EDGE('',*,*,#6879,.F.);
#4322=ORIENTED_EDGE('',*,*,#6880,.F.);
#4323=ORIENTED_EDGE('',*,*,#6845,.F.);
#4324=ORIENTED_EDGE('',*,*,#6848,.T.);
#4325=ORIENTED_EDGE('',*,*,#6881,.T.);
#4326=ORIENTED_EDGE('',*,*,#6882,.F.);
#4327=ORIENTED_EDGE('',*,*,#6883,.F.);
#4328=ORIENTED_EDGE('',*,*,#6842,.T.);
#4329=ORIENTED_EDGE('',*,*,#6880,.T.);
#4330=ORIENTED_EDGE('',*,*,#6884,.F.);
#4331=ORIENTED_EDGE('',*,*,#6885,.F.);
#4332=ORIENTED_EDGE('',*,*,#6846,.T.);
#4333=ORIENTED_EDGE('',*,*,#6843,.T.);
#4334=ORIENTED_EDGE('',*,*,#6883,.T.);
#4335=ORIENTED_EDGE('',*,*,#6817,.T.);
#4336=ORIENTED_EDGE('',*,*,#6853,.T.);
#4337=ORIENTED_EDGE('',*,*,#6851,.T.);
#4338=ORIENTED_EDGE('',*,*,#6849,.F.);
#4339=ORIENTED_EDGE('',*,*,#6878,.F.);
#4340=ORIENTED_EDGE('',*,*,#6881,.F.);
#4341=ORIENTED_EDGE('',*,*,#6847,.F.);
#4342=ORIENTED_EDGE('',*,*,#6885,.T.);
#4343=ORIENTED_EDGE('',*,*,#6886,.F.);
#4344=ORIENTED_EDGE('',*,*,#6887,.F.);
#4345=ORIENTED_EDGE('',*,*,#6888,.F.);
#4346=ORIENTED_EDGE('',*,*,#6818,.T.);
#4347=ORIENTED_EDGE('',*,*,#6887,.T.);
#4348=ORIENTED_EDGE('',*,*,#6889,.T.);
#4349=ORIENTED_EDGE('',*,*,#6819,.F.);
#4350=ORIENTED_EDGE('',*,*,#6888,.T.);
#4351=ORIENTED_EDGE('',*,*,#6890,.F.);
#4352=ORIENTED_EDGE('',*,*,#6891,.F.);
#4353=ORIENTED_EDGE('',*,*,#6892,.F.);
#4354=ORIENTED_EDGE('',*,*,#6822,.T.);
#4355=ORIENTED_EDGE('',*,*,#6893,.F.);
#4356=ORIENTED_EDGE('',*,*,#6894,.F.);
#4357=ORIENTED_EDGE('',*,*,#6895,.T.);
#4358=ORIENTED_EDGE('',*,*,#6896,.T.);
#4359=ORIENTED_EDGE('',*,*,#6893,.T.);
#4360=ORIENTED_EDGE('',*,*,#6821,.F.);
#4361=ORIENTED_EDGE('',*,*,#6820,.F.);
#4362=ORIENTED_EDGE('',*,*,#6891,.T.);
#4363=ORIENTED_EDGE('',*,*,#6897,.T.);
#4364=ORIENTED_EDGE('',*,*,#6895,.F.);
#4365=ORIENTED_EDGE('',*,*,#6898,.T.);
#4366=ORIENTED_EDGE('',*,*,#6899,.T.);
#4367=ORIENTED_EDGE('',*,*,#6857,.T.);
#4368=ORIENTED_EDGE('',*,*,#6854,.F.);
#4369=ORIENTED_EDGE('',*,*,#6860,.T.);
#4370=ORIENTED_EDGE('',*,*,#6829,.F.);
#4371=ORIENTED_EDGE('',*,*,#6900,.F.);
#4372=ORIENTED_EDGE('',*,*,#6901,.F.);
#4373=ORIENTED_EDGE('',*,*,#6898,.F.);
#4374=ORIENTED_EDGE('',*,*,#6828,.T.);
#4375=ORIENTED_EDGE('',*,*,#6900,.T.);
#4376=ORIENTED_EDGE('',*,*,#6827,.F.);
#4377=ORIENTED_EDGE('',*,*,#6902,.F.);
#4378=ORIENTED_EDGE('',*,*,#6903,.T.);
#4379=ORIENTED_EDGE('',*,*,#6902,.T.);
#4380=ORIENTED_EDGE('',*,*,#6826,.F.);
#4381=ORIENTED_EDGE('',*,*,#6904,.T.);
#4382=ORIENTED_EDGE('',*,*,#6905,.T.);
#4383=ORIENTED_EDGE('',*,*,#6904,.F.);
#4384=ORIENTED_EDGE('',*,*,#6825,.T.);
#4385=ORIENTED_EDGE('',*,*,#6906,.F.);
#4386=ORIENTED_EDGE('',*,*,#6907,.F.);
#4387=ORIENTED_EDGE('',*,*,#6906,.T.);
#4388=ORIENTED_EDGE('',*,*,#6824,.T.);
#4389=ORIENTED_EDGE('',*,*,#6443,.T.);
#4390=ORIENTED_EDGE('',*,*,#6908,.F.);
#4391=ORIENTED_EDGE('',*,*,#6308,.F.);
#4392=ORIENTED_EDGE('',*,*,#6909,.T.);
#4393=ORIENTED_EDGE('',*,*,#6910,.T.);
#4394=ORIENTED_EDGE('',*,*,#6911,.T.);
#4395=ORIENTED_EDGE('',*,*,#6912,.T.);
#4396=ORIENTED_EDGE('',*,*,#6309,.F.);
#4397=ORIENTED_EDGE('',*,*,#6910,.F.);
#4398=ORIENTED_EDGE('',*,*,#6912,.F.);
#4399=ORIENTED_EDGE('',*,*,#6913,.T.);
#4400=ORIENTED_EDGE('',*,*,#6894,.T.);
#4401=ORIENTED_EDGE('',*,*,#6896,.F.);
#4402=ORIENTED_EDGE('',*,*,#6897,.F.);
#4403=ORIENTED_EDGE('',*,*,#6890,.T.);
#4404=ORIENTED_EDGE('',*,*,#6889,.F.);
#4405=ORIENTED_EDGE('',*,*,#6886,.T.);
#4406=ORIENTED_EDGE('',*,*,#6884,.T.);
#4407=ORIENTED_EDGE('',*,*,#6882,.T.);
#4408=ORIENTED_EDGE('',*,*,#6879,.T.);
#4409=ORIENTED_EDGE('',*,*,#6877,.T.);
#4410=ORIENTED_EDGE('',*,*,#6875,.F.);
#4411=ORIENTED_EDGE('',*,*,#6873,.F.);
#4412=ORIENTED_EDGE('',*,*,#6872,.F.);
#4413=ORIENTED_EDGE('',*,*,#6869,.F.);
#4414=ORIENTED_EDGE('',*,*,#6868,.F.);
#4415=ORIENTED_EDGE('',*,*,#6866,.T.);
#4416=ORIENTED_EDGE('',*,*,#6864,.F.);
#4417=ORIENTED_EDGE('',*,*,#6861,.F.);
#4418=ORIENTED_EDGE('',*,*,#6858,.F.);
#4419=ORIENTED_EDGE('',*,*,#6899,.F.);
#4420=ORIENTED_EDGE('',*,*,#6901,.T.);
#4421=ORIENTED_EDGE('',*,*,#6903,.F.);
#4422=ORIENTED_EDGE('',*,*,#6905,.F.);
#4423=ORIENTED_EDGE('',*,*,#6907,.T.);
#4424=ORIENTED_EDGE('',*,*,#6908,.T.);
#4425=ORIENTED_EDGE('',*,*,#6442,.F.);
#4426=ORIENTED_EDGE('',*,*,#6914,.T.);
#4427=ORIENTED_EDGE('',*,*,#6310,.T.);
#4428=ORIENTED_EDGE('',*,*,#6913,.F.);
#4429=ORIENTED_EDGE('',*,*,#6911,.F.);
#4430=ORIENTED_EDGE('',*,*,#6909,.F.);
#4431=ORIENTED_EDGE('',*,*,#6307,.F.);
#4432=ORIENTED_EDGE('',*,*,#6823,.T.);
#4433=ORIENTED_EDGE('',*,*,#6892,.T.);
#4434=ORIENTED_EDGE('',*,*,#6915,.F.);
#4435=ORIENTED_EDGE('',*,*,#6916,.F.);
#4436=ORIENTED_EDGE('',*,*,#6917,.F.);
#4437=ORIENTED_EDGE('',*,*,#6918,.F.);
#4438=ORIENTED_EDGE('',*,*,#6919,.F.);
#4439=ORIENTED_EDGE('',*,*,#6916,.T.);
#4440=ORIENTED_EDGE('',*,*,#6920,.T.);
#4441=ORIENTED_EDGE('',*,*,#6921,.T.);
#4442=ORIENTED_EDGE('',*,*,#6922,.F.);
#4443=ORIENTED_EDGE('',*,*,#6923,.F.);
#4444=ORIENTED_EDGE('',*,*,#6924,.T.);
#4445=ORIENTED_EDGE('',*,*,#6925,.F.);
#4446=ORIENTED_EDGE('',*,*,#6327,.T.);
#4447=ORIENTED_EDGE('',*,*,#6924,.F.);
#4448=ORIENTED_EDGE('',*,*,#6926,.F.);
#4449=ORIENTED_EDGE('',*,*,#6298,.F.);
#4450=ORIENTED_EDGE('',*,*,#6927,.F.);
#4451=ORIENTED_EDGE('',*,*,#6920,.F.);
#4452=ORIENTED_EDGE('',*,*,#6915,.T.);
#4453=ORIENTED_EDGE('',*,*,#6928,.F.);
#4454=ORIENTED_EDGE('',*,*,#6929,.F.);
#4455=ORIENTED_EDGE('',*,*,#6922,.T.);
#4456=ORIENTED_EDGE('',*,*,#6326,.T.);
#4457=ORIENTED_EDGE('',*,*,#6320,.T.);
#4458=ORIENTED_EDGE('',*,*,#6930,.T.);
#4459=ORIENTED_EDGE('',*,*,#6917,.T.);
#4460=ORIENTED_EDGE('',*,*,#6919,.T.);
#4461=ORIENTED_EDGE('',*,*,#6931,.T.);
#4462=ORIENTED_EDGE('',*,*,#6296,.T.);
#4463=ORIENTED_EDGE('',*,*,#6932,.T.);
#4464=ORIENTED_EDGE('',*,*,#6932,.F.);
#4465=ORIENTED_EDGE('',*,*,#6295,.T.);
#4466=ORIENTED_EDGE('',*,*,#6926,.T.);
#4467=ORIENTED_EDGE('',*,*,#6923,.T.);
#4468=ORIENTED_EDGE('',*,*,#6931,.F.);
#4469=ORIENTED_EDGE('',*,*,#6921,.F.);
#4470=ORIENTED_EDGE('',*,*,#6927,.T.);
#4471=ORIENTED_EDGE('',*,*,#6297,.T.);
#4472=ORIENTED_EDGE('',*,*,#6933,.T.);
#4473=ORIENTED_EDGE('',*,*,#6934,.T.);
#4474=ORIENTED_EDGE('',*,*,#6935,.T.);
#4475=ORIENTED_EDGE('',*,*,#6928,.T.);
#4476=ORIENTED_EDGE('',*,*,#6918,.T.);
#4477=ORIENTED_EDGE('',*,*,#6930,.F.);
#4478=ORIENTED_EDGE('',*,*,#6319,.T.);
#4479=ORIENTED_EDGE('',*,*,#6936,.T.);
#4480=ORIENTED_EDGE('',*,*,#6391,.T.);
#4481=ORIENTED_EDGE('',*,*,#6937,.T.);
#4482=ORIENTED_EDGE('',*,*,#6938,.F.);
#4483=ORIENTED_EDGE('',*,*,#6328,.T.);
#4484=ORIENTED_EDGE('',*,*,#6925,.T.);
#4485=ORIENTED_EDGE('',*,*,#6929,.T.);
#4486=ORIENTED_EDGE('',*,*,#6939,.F.);
#4487=ORIENTED_EDGE('',*,*,#6940,.F.);
#4488=ORIENTED_EDGE('',*,*,#6941,.F.);
#4489=ORIENTED_EDGE('',*,*,#6942,.F.);
#4490=ORIENTED_EDGE('',*,*,#6943,.F.);
#4491=ORIENTED_EDGE('',*,*,#6940,.T.);
#4492=ORIENTED_EDGE('',*,*,#6944,.T.);
#4493=ORIENTED_EDGE('',*,*,#6945,.T.);
#4494=ORIENTED_EDGE('',*,*,#6946,.F.);
#4495=ORIENTED_EDGE('',*,*,#6947,.F.);
#4496=ORIENTED_EDGE('',*,*,#6948,.T.);
#4497=ORIENTED_EDGE('',*,*,#6949,.F.);
#4498=ORIENTED_EDGE('',*,*,#6278,.T.);
#4499=ORIENTED_EDGE('',*,*,#6948,.F.);
#4500=ORIENTED_EDGE('',*,*,#6950,.F.);
#4501=ORIENTED_EDGE('',*,*,#6382,.F.);
#4502=ORIENTED_EDGE('',*,*,#6951,.F.);
#4503=ORIENTED_EDGE('',*,*,#6944,.F.);
#4504=ORIENTED_EDGE('',*,*,#6939,.T.);
#4505=ORIENTED_EDGE('',*,*,#6952,.F.);
#4506=ORIENTED_EDGE('',*,*,#6953,.F.);
#4507=ORIENTED_EDGE('',*,*,#6946,.T.);
#4508=ORIENTED_EDGE('',*,*,#6277,.T.);
#4509=ORIENTED_EDGE('',*,*,#6373,.T.);
#4510=ORIENTED_EDGE('',*,*,#6954,.T.);
#4511=ORIENTED_EDGE('',*,*,#6941,.T.);
#4512=ORIENTED_EDGE('',*,*,#6943,.T.);
#4513=ORIENTED_EDGE('',*,*,#6955,.T.);
#4514=ORIENTED_EDGE('',*,*,#6380,.T.);
#4515=ORIENTED_EDGE('',*,*,#6956,.T.);
#4516=ORIENTED_EDGE('',*,*,#6956,.F.);
#4517=ORIENTED_EDGE('',*,*,#6379,.T.);
#4518=ORIENTED_EDGE('',*,*,#6950,.T.);
#4519=ORIENTED_EDGE('',*,*,#6947,.T.);
#4520=ORIENTED_EDGE('',*,*,#6955,.F.);
#4521=ORIENTED_EDGE('',*,*,#6945,.F.);
#4522=ORIENTED_EDGE('',*,*,#6951,.T.);
#4523=ORIENTED_EDGE('',*,*,#6381,.T.);
#4524=ORIENTED_EDGE('',*,*,#6957,.T.);
#4525=ORIENTED_EDGE('',*,*,#6958,.T.);
#4526=ORIENTED_EDGE('',*,*,#6959,.T.);
#4527=ORIENTED_EDGE('',*,*,#6952,.T.);
#4528=ORIENTED_EDGE('',*,*,#6942,.T.);
#4529=ORIENTED_EDGE('',*,*,#6954,.F.);
#4530=ORIENTED_EDGE('',*,*,#6372,.T.);
#4531=ORIENTED_EDGE('',*,*,#6960,.T.);
#4532=ORIENTED_EDGE('',*,*,#6357,.T.);
#4533=ORIENTED_EDGE('',*,*,#6961,.T.);
#4534=ORIENTED_EDGE('',*,*,#6962,.F.);
#4535=ORIENTED_EDGE('',*,*,#6279,.T.);
#4536=ORIENTED_EDGE('',*,*,#6949,.T.);
#4537=ORIENTED_EDGE('',*,*,#6953,.T.);
#4538=ORIENTED_EDGE('',*,*,#6963,.F.);
#4539=ORIENTED_EDGE('',*,*,#6964,.T.);
#4540=ORIENTED_EDGE('',*,*,#6965,.T.);
#4541=ORIENTED_EDGE('',*,*,#6966,.F.);
#4542=ORIENTED_EDGE('',*,*,#6963,.T.);
#4543=ORIENTED_EDGE('',*,*,#6967,.T.);
#4544=ORIENTED_EDGE('',*,*,#6968,.F.);
#4545=ORIENTED_EDGE('',*,*,#6969,.F.);
#4546=ORIENTED_EDGE('',*,*,#6970,.T.);
#4547=ORIENTED_EDGE('',*,*,#6971,.T.);
#4548=ORIENTED_EDGE('',*,*,#6972,.F.);
#4549=ORIENTED_EDGE('',*,*,#6973,.F.);
#4550=ORIENTED_EDGE('',*,*,#6965,.F.);
#4551=ORIENTED_EDGE('',*,*,#6974,.F.);
#4552=ORIENTED_EDGE('',*,*,#6975,.F.);
#4553=ORIENTED_EDGE('',*,*,#6976,.F.);
#4554=ORIENTED_EDGE('',*,*,#6977,.T.);
#4555=ORIENTED_EDGE('',*,*,#6978,.T.);
#4556=ORIENTED_EDGE('',*,*,#6979,.T.);
#4557=ORIENTED_EDGE('',*,*,#6980,.F.);
#4558=ORIENTED_EDGE('',*,*,#6981,.F.);
#4559=ORIENTED_EDGE('',*,*,#6375,.F.);
#4560=ORIENTED_EDGE('',*,*,#6982,.T.);
#4561=ORIENTED_EDGE('',*,*,#6455,.F.);
#4562=ORIENTED_EDGE('',*,*,#6983,.F.);
#4563=ORIENTED_EDGE('',*,*,#6984,.F.);
#4564=ORIENTED_EDGE('',*,*,#6985,.T.);
#4565=ORIENTED_EDGE('',*,*,#6986,.T.);
#4566=ORIENTED_EDGE('',*,*,#6987,.F.);
#4567=ORIENTED_EDGE('',*,*,#6988,.T.);
#4568=ORIENTED_EDGE('',*,*,#6989,.F.);
#4569=ORIENTED_EDGE('',*,*,#6990,.F.);
#4570=ORIENTED_EDGE('',*,*,#6991,.F.);
#4571=ORIENTED_EDGE('',*,*,#6992,.F.);
#4572=ORIENTED_EDGE('',*,*,#6993,.T.);
#4573=ORIENTED_EDGE('',*,*,#6994,.F.);
#4574=ORIENTED_EDGE('',*,*,#6995,.T.);
#4575=ORIENTED_EDGE('',*,*,#6996,.T.);
#4576=ORIENTED_EDGE('',*,*,#6997,.T.);
#4577=ORIENTED_EDGE('',*,*,#6998,.F.);
#4578=ORIENTED_EDGE('',*,*,#6971,.F.);
#4579=ORIENTED_EDGE('',*,*,#6999,.F.);
#4580=ORIENTED_EDGE('',*,*,#6998,.T.);
#4581=ORIENTED_EDGE('',*,*,#7000,.T.);
#4582=ORIENTED_EDGE('',*,*,#7001,.F.);
#4583=ORIENTED_EDGE('',*,*,#7002,.F.);
#4584=ORIENTED_EDGE('',*,*,#7003,.T.);
#4585=ORIENTED_EDGE('',*,*,#7004,.T.);
#4586=ORIENTED_EDGE('',*,*,#7005,.F.);
#4587=ORIENTED_EDGE('',*,*,#7006,.T.);
#4588=ORIENTED_EDGE('',*,*,#7007,.F.);
#4589=ORIENTED_EDGE('',*,*,#7003,.F.);
#4590=ORIENTED_EDGE('',*,*,#7008,.T.);
#4591=ORIENTED_EDGE('',*,*,#7009,.F.);
#4592=ORIENTED_EDGE('',*,*,#6967,.F.);
#4593=ORIENTED_EDGE('',*,*,#6966,.T.);
#4594=ORIENTED_EDGE('',*,*,#6973,.T.);
#4595=ORIENTED_EDGE('',*,*,#6968,.T.);
#4596=ORIENTED_EDGE('',*,*,#7009,.T.);
#4597=ORIENTED_EDGE('',*,*,#7010,.F.);
#4598=ORIENTED_EDGE('',*,*,#7011,.T.);
#4599=ORIENTED_EDGE('',*,*,#6969,.T.);
#4600=ORIENTED_EDGE('',*,*,#7011,.F.);
#4601=ORIENTED_EDGE('',*,*,#7012,.F.);
#4602=ORIENTED_EDGE('',*,*,#6974,.T.);
#4603=ORIENTED_EDGE('',*,*,#6964,.F.);
#4604=ORIENTED_EDGE('',*,*,#7013,.T.);
#4605=ORIENTED_EDGE('',*,*,#7014,.T.);
#4606=ORIENTED_EDGE('',*,*,#7015,.T.);
#4607=ORIENTED_EDGE('',*,*,#7014,.F.);
#4608=ORIENTED_EDGE('',*,*,#7016,.F.);
#4609=ORIENTED_EDGE('',*,*,#7017,.T.);
#4610=ORIENTED_EDGE('',*,*,#7018,.F.);
#4611=ORIENTED_EDGE('',*,*,#6989,.T.);
#4612=ORIENTED_EDGE('',*,*,#7019,.F.);
#4613=ORIENTED_EDGE('',*,*,#7015,.F.);
#4614=ORIENTED_EDGE('',*,*,#7018,.T.);
#4615=ORIENTED_EDGE('',*,*,#7020,.T.);
#4616=ORIENTED_EDGE('',*,*,#7021,.F.);
#4617=ORIENTED_EDGE('',*,*,#7022,.T.);
#4618=ORIENTED_EDGE('',*,*,#6990,.T.);
#4619=ORIENTED_EDGE('',*,*,#7021,.T.);
#4620=ORIENTED_EDGE('',*,*,#7023,.T.);
#4621=ORIENTED_EDGE('',*,*,#7024,.T.);
#4622=ORIENTED_EDGE('',*,*,#6991,.T.);
#4623=ORIENTED_EDGE('',*,*,#7022,.F.);
#4624=ORIENTED_EDGE('',*,*,#7025,.F.);
#4625=ORIENTED_EDGE('',*,*,#7026,.F.);
#4626=ORIENTED_EDGE('',*,*,#6992,.T.);
#4627=ORIENTED_EDGE('',*,*,#7024,.F.);
#4628=ORIENTED_EDGE('',*,*,#7027,.T.);
#4629=ORIENTED_EDGE('',*,*,#6993,.F.);
#4630=ORIENTED_EDGE('',*,*,#7026,.T.);
#4631=ORIENTED_EDGE('',*,*,#7028,.T.);
#4632=ORIENTED_EDGE('',*,*,#7029,.F.);
#4633=ORIENTED_EDGE('',*,*,#7030,.F.);
#4634=ORIENTED_EDGE('',*,*,#6994,.T.);
#4635=ORIENTED_EDGE('',*,*,#7029,.T.);
#4636=ORIENTED_EDGE('',*,*,#7031,.T.);
#4637=ORIENTED_EDGE('',*,*,#6999,.T.);
#4638=ORIENTED_EDGE('',*,*,#6970,.F.);
#4639=ORIENTED_EDGE('',*,*,#7030,.T.);
#4640=ORIENTED_EDGE('',*,*,#7032,.T.);
#4641=ORIENTED_EDGE('',*,*,#7033,.T.);
#4642=ORIENTED_EDGE('',*,*,#6995,.F.);
#4643=ORIENTED_EDGE('',*,*,#7034,.T.);
#4644=ORIENTED_EDGE('',*,*,#7035,.T.);
#4645=ORIENTED_EDGE('',*,*,#6996,.F.);
#4646=ORIENTED_EDGE('',*,*,#7033,.F.);
#4647=ORIENTED_EDGE('',*,*,#6972,.T.);
#4648=ORIENTED_EDGE('',*,*,#7000,.F.);
#4649=ORIENTED_EDGE('',*,*,#6997,.F.);
#4650=ORIENTED_EDGE('',*,*,#7035,.F.);
#4651=ORIENTED_EDGE('',*,*,#7036,.F.);
#4652=ORIENTED_EDGE('',*,*,#7037,.T.);
#4653=ORIENTED_EDGE('',*,*,#7038,.F.);
#4654=ORIENTED_EDGE('',*,*,#7039,.F.);
#4655=ORIENTED_EDGE('',*,*,#7004,.F.);
#4656=ORIENTED_EDGE('',*,*,#7007,.T.);
#4657=ORIENTED_EDGE('',*,*,#7040,.T.);
#4658=ORIENTED_EDGE('',*,*,#7041,.F.);
#4659=ORIENTED_EDGE('',*,*,#7042,.F.);
#4660=ORIENTED_EDGE('',*,*,#7001,.T.);
#4661=ORIENTED_EDGE('',*,*,#7039,.T.);
#4662=ORIENTED_EDGE('',*,*,#7043,.F.);
#4663=ORIENTED_EDGE('',*,*,#7044,.F.);
#4664=ORIENTED_EDGE('',*,*,#7005,.T.);
#4665=ORIENTED_EDGE('',*,*,#7002,.T.);
#4666=ORIENTED_EDGE('',*,*,#7042,.T.);
#4667=ORIENTED_EDGE('',*,*,#6975,.T.);
#4668=ORIENTED_EDGE('',*,*,#7012,.T.);
#4669=ORIENTED_EDGE('',*,*,#7010,.T.);
#4670=ORIENTED_EDGE('',*,*,#7008,.F.);
#4671=ORIENTED_EDGE('',*,*,#7037,.F.);
#4672=ORIENTED_EDGE('',*,*,#7040,.F.);
#4673=ORIENTED_EDGE('',*,*,#7006,.F.);
#4674=ORIENTED_EDGE('',*,*,#7044,.T.);
#4675=ORIENTED_EDGE('',*,*,#7045,.F.);
#4676=ORIENTED_EDGE('',*,*,#7046,.F.);
#4677=ORIENTED_EDGE('',*,*,#7047,.F.);
#4678=ORIENTED_EDGE('',*,*,#6976,.T.);
#4679=ORIENTED_EDGE('',*,*,#7046,.T.);
#4680=ORIENTED_EDGE('',*,*,#7048,.T.);
#4681=ORIENTED_EDGE('',*,*,#6977,.F.);
#4682=ORIENTED_EDGE('',*,*,#7047,.T.);
#4683=ORIENTED_EDGE('',*,*,#7049,.F.);
#4684=ORIENTED_EDGE('',*,*,#7050,.F.);
#4685=ORIENTED_EDGE('',*,*,#7051,.F.);
#4686=ORIENTED_EDGE('',*,*,#6980,.T.);
#4687=ORIENTED_EDGE('',*,*,#7052,.F.);
#4688=ORIENTED_EDGE('',*,*,#7053,.F.);
#4689=ORIENTED_EDGE('',*,*,#7054,.T.);
#4690=ORIENTED_EDGE('',*,*,#7055,.T.);
#4691=ORIENTED_EDGE('',*,*,#7052,.T.);
#4692=ORIENTED_EDGE('',*,*,#6979,.F.);
#4693=ORIENTED_EDGE('',*,*,#6978,.F.);
#4694=ORIENTED_EDGE('',*,*,#7050,.T.);
#4695=ORIENTED_EDGE('',*,*,#7056,.T.);
#4696=ORIENTED_EDGE('',*,*,#7054,.F.);
#4697=ORIENTED_EDGE('',*,*,#7057,.T.);
#4698=ORIENTED_EDGE('',*,*,#7058,.T.);
#4699=ORIENTED_EDGE('',*,*,#7016,.T.);
#4700=ORIENTED_EDGE('',*,*,#7013,.F.);
#4701=ORIENTED_EDGE('',*,*,#7019,.T.);
#4702=ORIENTED_EDGE('',*,*,#6988,.F.);
#4703=ORIENTED_EDGE('',*,*,#7059,.F.);
#4704=ORIENTED_EDGE('',*,*,#7060,.F.);
#4705=ORIENTED_EDGE('',*,*,#7057,.F.);
#4706=ORIENTED_EDGE('',*,*,#6987,.T.);
#4707=ORIENTED_EDGE('',*,*,#7059,.T.);
#4708=ORIENTED_EDGE('',*,*,#6986,.F.);
#4709=ORIENTED_EDGE('',*,*,#7061,.F.);
#4710=ORIENTED_EDGE('',*,*,#7062,.T.);
#4711=ORIENTED_EDGE('',*,*,#7061,.T.);
#4712=ORIENTED_EDGE('',*,*,#6985,.F.);
#4713=ORIENTED_EDGE('',*,*,#7063,.T.);
#4714=ORIENTED_EDGE('',*,*,#7064,.T.);
#4715=ORIENTED_EDGE('',*,*,#7063,.F.);
#4716=ORIENTED_EDGE('',*,*,#6984,.T.);
#4717=ORIENTED_EDGE('',*,*,#7065,.F.);
#4718=ORIENTED_EDGE('',*,*,#7066,.F.);
#4719=ORIENTED_EDGE('',*,*,#7065,.T.);
#4720=ORIENTED_EDGE('',*,*,#6983,.T.);
#4721=ORIENTED_EDGE('',*,*,#6454,.T.);
#4722=ORIENTED_EDGE('',*,*,#7067,.F.);
#4723=ORIENTED_EDGE('',*,*,#6377,.F.);
#4724=ORIENTED_EDGE('',*,*,#7068,.T.);
#4725=ORIENTED_EDGE('',*,*,#7069,.T.);
#4726=ORIENTED_EDGE('',*,*,#7070,.T.);
#4727=ORIENTED_EDGE('',*,*,#7071,.T.);
#4728=ORIENTED_EDGE('',*,*,#6378,.F.);
#4729=ORIENTED_EDGE('',*,*,#7069,.F.);
#4730=ORIENTED_EDGE('',*,*,#7071,.F.);
#4731=ORIENTED_EDGE('',*,*,#7072,.T.);
#4732=ORIENTED_EDGE('',*,*,#7053,.T.);
#4733=ORIENTED_EDGE('',*,*,#7055,.F.);
#4734=ORIENTED_EDGE('',*,*,#7056,.F.);
#4735=ORIENTED_EDGE('',*,*,#7049,.T.);
#4736=ORIENTED_EDGE('',*,*,#7048,.F.);
#4737=ORIENTED_EDGE('',*,*,#7045,.T.);
#4738=ORIENTED_EDGE('',*,*,#7043,.T.);
#4739=ORIENTED_EDGE('',*,*,#7041,.T.);
#4740=ORIENTED_EDGE('',*,*,#7038,.T.);
#4741=ORIENTED_EDGE('',*,*,#7036,.T.);
#4742=ORIENTED_EDGE('',*,*,#7034,.F.);
#4743=ORIENTED_EDGE('',*,*,#7032,.F.);
#4744=ORIENTED_EDGE('',*,*,#7031,.F.);
#4745=ORIENTED_EDGE('',*,*,#7028,.F.);
#4746=ORIENTED_EDGE('',*,*,#7027,.F.);
#4747=ORIENTED_EDGE('',*,*,#7025,.T.);
#4748=ORIENTED_EDGE('',*,*,#7023,.F.);
#4749=ORIENTED_EDGE('',*,*,#7020,.F.);
#4750=ORIENTED_EDGE('',*,*,#7017,.F.);
#4751=ORIENTED_EDGE('',*,*,#7058,.F.);
#4752=ORIENTED_EDGE('',*,*,#7060,.T.);
#4753=ORIENTED_EDGE('',*,*,#7062,.F.);
#4754=ORIENTED_EDGE('',*,*,#7064,.F.);
#4755=ORIENTED_EDGE('',*,*,#7066,.T.);
#4756=ORIENTED_EDGE('',*,*,#7067,.T.);
#4757=ORIENTED_EDGE('',*,*,#6453,.F.);
#4758=ORIENTED_EDGE('',*,*,#7073,.T.);
#4759=ORIENTED_EDGE('',*,*,#6364,.F.);
#4760=ORIENTED_EDGE('',*,*,#7072,.F.);
#4761=ORIENTED_EDGE('',*,*,#7070,.F.);
#4762=ORIENTED_EDGE('',*,*,#7068,.F.);
#4763=ORIENTED_EDGE('',*,*,#6376,.T.);
#4764=ORIENTED_EDGE('',*,*,#6981,.T.);
#4765=ORIENTED_EDGE('',*,*,#7051,.T.);
#4766=ORIENTED_EDGE('',*,*,#7074,.T.);
#4767=ORIENTED_EDGE('',*,*,#7075,.T.);
#4768=ORIENTED_EDGE('',*,*,#7076,.F.);
#4769=ORIENTED_EDGE('',*,*,#7077,.F.);
#4770=ORIENTED_EDGE('',*,*,#7078,.F.);
#4771=ORIENTED_EDGE('',*,*,#7079,.F.);
#4772=ORIENTED_EDGE('',*,*,#7080,.F.);
#4773=ORIENTED_EDGE('',*,*,#7075,.F.);
#4774=ORIENTED_EDGE('',*,*,#7081,.F.);
#4775=ORIENTED_EDGE('',*,*,#7082,.F.);
#4776=ORIENTED_EDGE('',*,*,#7083,.F.);
#4777=ORIENTED_EDGE('',*,*,#7084,.T.);
#4778=ORIENTED_EDGE('',*,*,#7085,.T.);
#4779=ORIENTED_EDGE('',*,*,#6367,.T.);
#4780=ORIENTED_EDGE('',*,*,#7086,.F.);
#4781=ORIENTED_EDGE('',*,*,#7087,.F.);
#4782=ORIENTED_EDGE('',*,*,#6397,.T.);
#4783=ORIENTED_EDGE('',*,*,#7088,.T.);
#4784=ORIENTED_EDGE('',*,*,#7089,.T.);
#4785=ORIENTED_EDGE('',*,*,#7090,.T.);
#4786=ORIENTED_EDGE('',*,*,#7091,.T.);
#4787=ORIENTED_EDGE('',*,*,#7092,.F.);
#4788=ORIENTED_EDGE('',*,*,#7082,.T.);
#4789=ORIENTED_EDGE('',*,*,#7093,.F.);
#4790=ORIENTED_EDGE('',*,*,#6384,.F.);
#4791=ORIENTED_EDGE('',*,*,#7094,.F.);
#4792=ORIENTED_EDGE('',*,*,#7084,.F.);
#4793=ORIENTED_EDGE('',*,*,#7095,.F.);
#4794=ORIENTED_EDGE('',*,*,#7096,.F.);
#4795=ORIENTED_EDGE('',*,*,#7078,.T.);
#4796=ORIENTED_EDGE('',*,*,#7074,.F.);
#4797=ORIENTED_EDGE('',*,*,#7097,.F.);
#4798=ORIENTED_EDGE('',*,*,#7098,.F.);
#4799=ORIENTED_EDGE('',*,*,#7095,.T.);
#4800=ORIENTED_EDGE('',*,*,#7083,.T.);
#4801=ORIENTED_EDGE('',*,*,#7092,.T.);
#4802=ORIENTED_EDGE('',*,*,#7099,.T.);
#4803=ORIENTED_EDGE('',*,*,#7100,.T.);
#4804=ORIENTED_EDGE('',*,*,#7101,.T.);
#4805=ORIENTED_EDGE('',*,*,#7102,.T.);
#4806=ORIENTED_EDGE('',*,*,#6395,.T.);
#4807=ORIENTED_EDGE('',*,*,#7103,.T.);
#4808=ORIENTED_EDGE('',*,*,#6369,.F.);
#4809=ORIENTED_EDGE('',*,*,#7104,.F.);
#4810=ORIENTED_EDGE('',*,*,#7079,.T.);
#4811=ORIENTED_EDGE('',*,*,#7096,.T.);
#4812=ORIENTED_EDGE('',*,*,#7105,.F.);
#4813=ORIENTED_EDGE('',*,*,#7085,.F.);
#4814=ORIENTED_EDGE('',*,*,#7094,.T.);
#4815=ORIENTED_EDGE('',*,*,#6383,.T.);
#4816=ORIENTED_EDGE('',*,*,#7106,.F.);
#4817=ORIENTED_EDGE('',*,*,#6385,.T.);
#4818=ORIENTED_EDGE('',*,*,#7097,.T.);
#4819=ORIENTED_EDGE('',*,*,#7077,.T.);
#4820=ORIENTED_EDGE('',*,*,#7104,.T.);
#4821=ORIENTED_EDGE('',*,*,#6368,.T.);
#4822=ORIENTED_EDGE('',*,*,#7093,.T.);
#4823=ORIENTED_EDGE('',*,*,#7081,.T.);
#4824=ORIENTED_EDGE('',*,*,#7105,.T.);
#4825=ORIENTED_EDGE('',*,*,#6386,.T.);
#4826=ORIENTED_EDGE('',*,*,#7106,.T.);
#4827=ORIENTED_EDGE('',*,*,#7076,.T.);
#4828=ORIENTED_EDGE('',*,*,#7080,.T.);
#4829=ORIENTED_EDGE('',*,*,#6799,.F.);
#4830=ORIENTED_EDGE('',*,*,#7107,.T.);
#4831=ORIENTED_EDGE('',*,*,#6785,.F.);
#4832=ORIENTED_EDGE('',*,*,#7108,.T.);
#4833=ORIENTED_EDGE('',*,*,#6800,.F.);
#4834=ORIENTED_EDGE('',*,*,#7108,.F.);
#4835=ORIENTED_EDGE('',*,*,#6791,.F.);
#4836=ORIENTED_EDGE('',*,*,#6362,.T.);
#4837=ORIENTED_EDGE('',*,*,#6787,.F.);
#4838=ORIENTED_EDGE('',*,*,#7109,.T.);
#4839=ORIENTED_EDGE('',*,*,#6797,.F.);
#4840=ORIENTED_EDGE('',*,*,#6796,.T.);
#4841=ORIENTED_EDGE('',*,*,#6270,.F.);
#4842=ORIENTED_EDGE('',*,*,#7110,.T.);
#4843=ORIENTED_EDGE('',*,*,#6957,.F.);
#4844=ORIENTED_EDGE('',*,*,#7111,.F.);
#4845=ORIENTED_EDGE('',*,*,#7112,.F.);
#4846=ORIENTED_EDGE('',*,*,#7113,.T.);
#4847=ORIENTED_EDGE('',*,*,#7114,.T.);
#4848=ORIENTED_EDGE('',*,*,#6280,.F.);
#4849=ORIENTED_EDGE('',*,*,#6962,.T.);
#4850=ORIENTED_EDGE('',*,*,#6959,.F.);
#4851=ORIENTED_EDGE('',*,*,#7115,.T.);
#4852=ORIENTED_EDGE('',*,*,#6268,.F.);
#4853=ORIENTED_EDGE('',*,*,#6961,.F.);
#4854=ORIENTED_EDGE('',*,*,#6356,.F.);
#4855=ORIENTED_EDGE('',*,*,#6271,.F.);
#4856=ORIENTED_EDGE('',*,*,#7111,.T.);
#4857=ORIENTED_EDGE('',*,*,#6937,.F.);
#4858=ORIENTED_EDGE('',*,*,#6390,.F.);
#4859=ORIENTED_EDGE('',*,*,#6334,.F.);
#4860=ORIENTED_EDGE('',*,*,#7116,.T.);
#4861=ORIENTED_EDGE('',*,*,#6333,.F.);
#4862=ORIENTED_EDGE('',*,*,#7117,.T.);
#4863=ORIENTED_EDGE('',*,*,#6933,.F.);
#4864=ORIENTED_EDGE('',*,*,#7116,.F.);
#4865=ORIENTED_EDGE('',*,*,#7118,.F.);
#4866=ORIENTED_EDGE('',*,*,#7119,.T.);
#4867=ORIENTED_EDGE('',*,*,#7120,.T.);
#4868=ORIENTED_EDGE('',*,*,#6329,.F.);
#4869=ORIENTED_EDGE('',*,*,#6938,.T.);
#4870=ORIENTED_EDGE('',*,*,#6935,.F.);
#4871=ORIENTED_EDGE('',*,*,#7121,.T.);
#4872=ORIENTED_EDGE('',*,*,#6331,.F.);
#4873=ORIENTED_EDGE('',*,*,#7091,.F.);
#4874=ORIENTED_EDGE('',*,*,#7122,.T.);
#4875=ORIENTED_EDGE('',*,*,#7099,.F.);
#4876=ORIENTED_EDGE('',*,*,#7098,.T.);
#4877=ORIENTED_EDGE('',*,*,#7101,.F.);
#4878=ORIENTED_EDGE('',*,*,#7123,.T.);
#4879=ORIENTED_EDGE('',*,*,#7089,.F.);
#4880=ORIENTED_EDGE('',*,*,#7124,.T.);
#4881=ORIENTED_EDGE('',*,*,#7102,.F.);
#4882=ORIENTED_EDGE('',*,*,#7124,.F.);
#4883=ORIENTED_EDGE('',*,*,#7088,.F.);
#4884=ORIENTED_EDGE('',*,*,#6396,.T.);
#4885=ORIENTED_EDGE('',*,*,#6786,.F.);
#4886=ORIENTED_EDGE('',*,*,#7107,.F.);
#4887=ORIENTED_EDGE('',*,*,#6798,.F.);
#4888=ORIENTED_EDGE('',*,*,#7109,.F.);
#4889=ORIENTED_EDGE('',*,*,#6332,.F.);
#4890=ORIENTED_EDGE('',*,*,#7121,.F.);
#4891=ORIENTED_EDGE('',*,*,#6934,.F.);
#4892=ORIENTED_EDGE('',*,*,#7117,.F.);
#4893=ORIENTED_EDGE('',*,*,#6269,.F.);
#4894=ORIENTED_EDGE('',*,*,#7115,.F.);
#4895=ORIENTED_EDGE('',*,*,#6958,.F.);
#4896=ORIENTED_EDGE('',*,*,#7110,.F.);
#4897=ORIENTED_EDGE('',*,*,#7090,.F.);
#4898=ORIENTED_EDGE('',*,*,#7123,.F.);
#4899=ORIENTED_EDGE('',*,*,#7100,.F.);
#4900=ORIENTED_EDGE('',*,*,#7122,.F.);
#4901=ORIENTED_EDGE('',*,*,#6157,.F.);
#4902=ORIENTED_EDGE('',*,*,#6358,.F.);
#4903=ORIENTED_EDGE('',*,*,#6960,.F.);
#4904=ORIENTED_EDGE('',*,*,#6371,.F.);
#4905=ORIENTED_EDGE('',*,*,#6159,.F.);
#4906=ORIENTED_EDGE('',*,*,#6370,.F.);
#4907=ORIENTED_EDGE('',*,*,#7103,.F.);
#4908=ORIENTED_EDGE('',*,*,#6394,.F.);
#4909=ORIENTED_EDGE('',*,*,#6389,.F.);
#4910=ORIENTED_EDGE('',*,*,#7125,.T.);
#4911=ORIENTED_EDGE('',*,*,#6324,.F.);
#4912=ORIENTED_EDGE('',*,*,#6336,.F.);
#4913=ORIENTED_EDGE('',*,*,#6398,.F.);
#4914=ORIENTED_EDGE('',*,*,#6392,.F.);
#4915=ORIENTED_EDGE('',*,*,#6936,.F.);
#4916=ORIENTED_EDGE('',*,*,#6318,.F.);
#4917=ORIENTED_EDGE('',*,*,#6801,.F.);
#4918=ORIENTED_EDGE('',*,*,#6360,.F.);
#4919=ORIENTED_EDGE('',*,*,#6399,.F.);
#4920=ORIENTED_EDGE('',*,*,#6316,.F.);
#4921=ORIENTED_EDGE('',*,*,#6312,.F.);
#4922=ORIENTED_EDGE('',*,*,#7126,.T.);
#4923=ORIENTED_EDGE('',*,*,#6354,.F.);
#4924=ORIENTED_EDGE('',*,*,#6790,.F.);
#4925=ORIENTED_EDGE('',*,*,#6656,.F.);
#4926=ORIENTED_EDGE('',*,*,#7127,.T.);
#4927=ORIENTED_EDGE('',*,*,#6634,.F.);
#4928=ORIENTED_EDGE('',*,*,#6460,.F.);
#4929=ORIENTED_EDGE('',*,*,#6637,.F.);
#4930=ORIENTED_EDGE('',*,*,#7128,.T.);
#4931=ORIENTED_EDGE('',*,*,#6711,.F.);
#4932=ORIENTED_EDGE('',*,*,#6470,.F.);
#4933=ORIENTED_EDGE('',*,*,#6694,.F.);
#4934=ORIENTED_EDGE('',*,*,#7129,.T.);
#4935=ORIENTED_EDGE('',*,*,#6750,.F.);
#4936=ORIENTED_EDGE('',*,*,#6476,.F.);
#4937=ORIENTED_EDGE('',*,*,#6740,.F.);
#4938=ORIENTED_EDGE('',*,*,#7130,.T.);
#4939=ORIENTED_EDGE('',*,*,#6435,.F.);
#4940=ORIENTED_EDGE('',*,*,#6482,.F.);
#4941=ORIENTED_EDGE('',*,*,#6615,.F.);
#4942=ORIENTED_EDGE('',*,*,#7131,.T.);
#4943=ORIENTED_EDGE('',*,*,#6665,.F.);
#4944=ORIENTED_EDGE('',*,*,#6484,.F.);
#4945=ORIENTED_EDGE('',*,*,#6686,.F.);
#4946=ORIENTED_EDGE('',*,*,#7132,.T.);
#4947=ORIENTED_EDGE('',*,*,#6752,.F.);
#4948=ORIENTED_EDGE('',*,*,#6494,.F.);
#4949=ORIENTED_EDGE('',*,*,#6761,.F.);
#4950=ORIENTED_EDGE('',*,*,#7133,.T.);
#4951=ORIENTED_EDGE('',*,*,#6733,.F.);
#4952=ORIENTED_EDGE('',*,*,#6500,.F.);
#4953=ORIENTED_EDGE('',*,*,#6730,.F.);
#4954=ORIENTED_EDGE('',*,*,#7134,.T.);
#4955=ORIENTED_EDGE('',*,*,#6661,.F.);
#4956=ORIENTED_EDGE('',*,*,#6506,.F.);
#4957=ORIENTED_EDGE('',*,*,#6653,.F.);
#4958=ORIENTED_EDGE('',*,*,#6518,.F.);
#4959=ORIENTED_EDGE('',*,*,#7135,.F.);
#4960=ORIENTED_EDGE('',*,*,#6655,.F.);
#4961=ORIENTED_EDGE('',*,*,#7135,.T.);
#4962=ORIENTED_EDGE('',*,*,#6517,.F.);
#4963=ORIENTED_EDGE('',*,*,#7136,.F.);
#4964=ORIENTED_EDGE('',*,*,#7127,.F.);
#4965=ORIENTED_EDGE('',*,*,#6621,.F.);
#4966=ORIENTED_EDGE('',*,*,#6635,.F.);
#4967=ORIENTED_EDGE('',*,*,#7136,.T.);
#4968=ORIENTED_EDGE('',*,*,#6516,.F.);
#4969=ORIENTED_EDGE('',*,*,#6650,.F.);
#4970=ORIENTED_EDGE('',*,*,#6648,.F.);
#4971=ORIENTED_EDGE('',*,*,#6646,.F.);
#4972=ORIENTED_EDGE('',*,*,#6522,.F.);
#4973=ORIENTED_EDGE('',*,*,#6719,.F.);
#4974=ORIENTED_EDGE('',*,*,#6528,.F.);
#4975=ORIENTED_EDGE('',*,*,#7137,.F.);
#4976=ORIENTED_EDGE('',*,*,#6729,.F.);
#4977=ORIENTED_EDGE('',*,*,#7137,.T.);
#4978=ORIENTED_EDGE('',*,*,#6527,.F.);
#4979=ORIENTED_EDGE('',*,*,#7138,.F.);
#4980=ORIENTED_EDGE('',*,*,#7134,.F.);
#4981=ORIENTED_EDGE('',*,*,#6643,.F.);
#4982=ORIENTED_EDGE('',*,*,#6662,.F.);
#4983=ORIENTED_EDGE('',*,*,#7138,.T.);
#4984=ORIENTED_EDGE('',*,*,#6526,.F.);
#4985=ORIENTED_EDGE('',*,*,#6759,.F.);
#4986=ORIENTED_EDGE('',*,*,#6534,.F.);
#4987=ORIENTED_EDGE('',*,*,#7139,.F.);
#4988=ORIENTED_EDGE('',*,*,#6760,.F.);
#4989=ORIENTED_EDGE('',*,*,#7139,.T.);
#4990=ORIENTED_EDGE('',*,*,#6533,.F.);
#4991=ORIENTED_EDGE('',*,*,#7140,.F.);
#4992=ORIENTED_EDGE('',*,*,#7133,.F.);
#4993=ORIENTED_EDGE('',*,*,#6715,.F.);
#4994=ORIENTED_EDGE('',*,*,#6734,.F.);
#4995=ORIENTED_EDGE('',*,*,#7140,.T.);
#4996=ORIENTED_EDGE('',*,*,#6532,.F.);
#4997=ORIENTED_EDGE('',*,*,#6684,.F.);
#4998=ORIENTED_EDGE('',*,*,#6540,.F.);
#4999=ORIENTED_EDGE('',*,*,#7141,.F.);
#5000=ORIENTED_EDGE('',*,*,#6685,.F.);
#5001=ORIENTED_EDGE('',*,*,#7141,.T.);
#5002=ORIENTED_EDGE('',*,*,#6539,.F.);
#5003=ORIENTED_EDGE('',*,*,#7142,.F.);
#5004=ORIENTED_EDGE('',*,*,#7132,.F.);
#5005=ORIENTED_EDGE('',*,*,#6755,.F.);
#5006=ORIENTED_EDGE('',*,*,#6753,.F.);
#5007=ORIENTED_EDGE('',*,*,#7142,.T.);
#5008=ORIENTED_EDGE('',*,*,#6538,.F.);
#5009=ORIENTED_EDGE('',*,*,#6676,.F.);
#5010=ORIENTED_EDGE('',*,*,#6673,.F.);
#5011=ORIENTED_EDGE('',*,*,#6672,.F.);
#5012=ORIENTED_EDGE('',*,*,#6544,.F.);
#5013=ORIENTED_EDGE('',*,*,#6431,.F.);
#5014=ORIENTED_EDGE('',*,*,#6550,.F.);
#5015=ORIENTED_EDGE('',*,*,#7143,.F.);
#5016=ORIENTED_EDGE('',*,*,#6614,.F.);
#5017=ORIENTED_EDGE('',*,*,#7143,.T.);
#5018=ORIENTED_EDGE('',*,*,#6549,.F.);
#5019=ORIENTED_EDGE('',*,*,#7144,.F.);
#5020=ORIENTED_EDGE('',*,*,#7131,.F.);
#5021=ORIENTED_EDGE('',*,*,#6669,.F.);
#5022=ORIENTED_EDGE('',*,*,#6666,.F.);
#5023=ORIENTED_EDGE('',*,*,#7144,.T.);
#5024=ORIENTED_EDGE('',*,*,#6548,.F.);
#5025=ORIENTED_EDGE('',*,*,#6738,.F.);
#5026=ORIENTED_EDGE('',*,*,#6554,.F.);
#5027=ORIENTED_EDGE('',*,*,#7145,.F.);
#5028=ORIENTED_EDGE('',*,*,#6739,.F.);
#5029=ORIENTED_EDGE('',*,*,#7145,.T.);
#5030=ORIENTED_EDGE('',*,*,#6553,.F.);
#5031=ORIENTED_EDGE('',*,*,#7146,.F.);
#5032=ORIENTED_EDGE('',*,*,#7130,.F.);
#5033=ORIENTED_EDGE('',*,*,#6411,.F.);
#5034=ORIENTED_EDGE('',*,*,#6436,.F.);
#5035=ORIENTED_EDGE('',*,*,#7146,.T.);
#5036=ORIENTED_EDGE('',*,*,#6552,.F.);
#5037=ORIENTED_EDGE('',*,*,#6419,.F.);
#5038=ORIENTED_EDGE('',*,*,#6551,.F.);
#5039=ORIENTED_EDGE('',*,*,#6423,.F.);
#5040=ORIENTED_EDGE('',*,*,#6433,.F.);
#5041=ORIENTED_EDGE('',*,*,#6748,.F.);
#5042=ORIENTED_EDGE('',*,*,#6751,.F.);
#5043=ORIENTED_EDGE('',*,*,#7147,.F.);
#5044=ORIENTED_EDGE('',*,*,#6558,.F.);
#5045=ORIENTED_EDGE('',*,*,#7147,.T.);
#5046=ORIENTED_EDGE('',*,*,#7129,.F.);
#5047=ORIENTED_EDGE('',*,*,#7148,.F.);
#5048=ORIENTED_EDGE('',*,*,#6559,.F.);
#5049=ORIENTED_EDGE('',*,*,#7148,.T.);
#5050=ORIENTED_EDGE('',*,*,#6693,.F.);
#5051=ORIENTED_EDGE('',*,*,#6692,.F.);
#5052=ORIENTED_EDGE('',*,*,#6560,.F.);
#5053=ORIENTED_EDGE('',*,*,#6627,.F.);
#5054=ORIENTED_EDGE('',*,*,#6566,.F.);
#5055=ORIENTED_EDGE('',*,*,#7149,.F.);
#5056=ORIENTED_EDGE('',*,*,#6636,.F.);
#5057=ORIENTED_EDGE('',*,*,#7149,.T.);
#5058=ORIENTED_EDGE('',*,*,#6565,.F.);
#5059=ORIENTED_EDGE('',*,*,#7150,.F.);
#5060=ORIENTED_EDGE('',*,*,#7128,.F.);
#5061=ORIENTED_EDGE('',*,*,#6704,.F.);
#5062=ORIENTED_EDGE('',*,*,#6712,.F.);
#5063=ORIENTED_EDGE('',*,*,#7150,.T.);
#5064=ORIENTED_EDGE('',*,*,#6564,.F.);
#5065=ORIENTED_EDGE('',*,*,#6624,.F.);
#5066=ORIENTED_EDGE('',*,*,#6638,.F.);
#5067=ORIENTED_EDGE('',*,*,#6618,.F.);
#5068=ORIENTED_EDGE('',*,*,#6570,.F.);
#5069=ORIENTED_EDGE('',*,*,#6215,.T.);
#5070=ORIENTED_EDGE('',*,*,#7151,.T.);
#5071=ORIENTED_EDGE('',*,*,#6169,.T.);
#5072=ORIENTED_EDGE('',*,*,#6167,.T.);
#5073=ORIENTED_EDGE('',*,*,#7152,.T.);
#5074=ORIENTED_EDGE('',*,*,#6216,.T.);
#5075=ORIENTED_EDGE('',*,*,#6227,.T.);
#5076=ORIENTED_EDGE('',*,*,#7153,.T.);
#5077=ORIENTED_EDGE('',*,*,#6191,.T.);
#5078=ORIENTED_EDGE('',*,*,#6189,.T.);
#5079=ORIENTED_EDGE('',*,*,#7154,.T.);
#5080=ORIENTED_EDGE('',*,*,#6228,.T.);
#5081=ORIENTED_EDGE('',*,*,#6239,.T.);
#5082=ORIENTED_EDGE('',*,*,#7155,.T.);
#5083=ORIENTED_EDGE('',*,*,#6185,.T.);
#5084=ORIENTED_EDGE('',*,*,#6183,.T.);
#5085=ORIENTED_EDGE('',*,*,#7156,.T.);
#5086=ORIENTED_EDGE('',*,*,#6240,.T.);
#5087=ORIENTED_EDGE('',*,*,#6177,.F.);
#5088=ORIENTED_EDGE('',*,*,#7157,.T.);
#5089=ORIENTED_EDGE('',*,*,#6196,.F.);
#5090=ORIENTED_EDGE('',*,*,#7158,.T.);
#5091=ORIENTED_EDGE('',*,*,#6175,.F.);
#5092=ORIENTED_EDGE('',*,*,#7159,.T.);
#5093=ORIENTED_EDGE('',*,*,#7160,.T.);
#5094=ORIENTED_EDGE('',*,*,#7161,.T.);
#5095=ORIENTED_EDGE('',*,*,#6171,.F.);
#5096=ORIENTED_EDGE('',*,*,#7162,.T.);
#5097=ORIENTED_EDGE('',*,*,#6213,.T.);
#5098=ORIENTED_EDGE('',*,*,#7163,.T.);
#5099=ORIENTED_EDGE('',*,*,#6165,.F.);
#5100=ORIENTED_EDGE('',*,*,#7164,.T.);
#5101=ORIENTED_EDGE('',*,*,#6225,.T.);
#5102=ORIENTED_EDGE('',*,*,#7165,.T.);
#5103=ORIENTED_EDGE('',*,*,#6187,.F.);
#5104=ORIENTED_EDGE('',*,*,#7166,.T.);
#5105=ORIENTED_EDGE('',*,*,#6237,.T.);
#5106=ORIENTED_EDGE('',*,*,#7167,.T.);
#5107=ORIENTED_EDGE('',*,*,#6181,.F.);
#5108=ORIENTED_EDGE('',*,*,#7168,.T.);
#5109=ORIENTED_EDGE('',*,*,#6193,.F.);
#5110=ORIENTED_EDGE('',*,*,#6195,.F.);
#5111=ORIENTED_EDGE('',*,*,#7169,.T.);
#5112=ORIENTED_EDGE('',*,*,#6179,.F.);
#5113=ORIENTED_EDGE('',*,*,#6248,.F.);
#5114=ORIENTED_EDGE('',*,*,#6348,.T.);
#5115=ORIENTED_EDGE('',*,*,#6235,.T.);
#5116=ORIENTED_EDGE('',*,*,#7170,.T.);
#5117=ORIENTED_EDGE('',*,*,#6148,.T.);
#5118=ORIENTED_EDGE('',*,*,#7171,.T.);
#5119=ORIENTED_EDGE('',*,*,#6233,.T.);
#5120=ORIENTED_EDGE('',*,*,#7172,.T.);
#5121=ORIENTED_EDGE('',*,*,#6245,.F.);
#5122=ORIENTED_EDGE('',*,*,#7173,.T.);
#5123=ORIENTED_EDGE('',*,*,#6231,.T.);
#5124=ORIENTED_EDGE('',*,*,#6352,.T.);
#5125=ORIENTED_EDGE('',*,*,#6254,.F.);
#5126=ORIENTED_EDGE('',*,*,#6345,.T.);
#5127=ORIENTED_EDGE('',*,*,#6223,.T.);
#5128=ORIENTED_EDGE('',*,*,#7174,.T.);
#5129=ORIENTED_EDGE('',*,*,#6144,.T.);
#5130=ORIENTED_EDGE('',*,*,#7175,.T.);
#5131=ORIENTED_EDGE('',*,*,#6221,.T.);
#5132=ORIENTED_EDGE('',*,*,#7176,.T.);
#5133=ORIENTED_EDGE('',*,*,#6251,.F.);
#5134=ORIENTED_EDGE('',*,*,#7177,.T.);
#5135=ORIENTED_EDGE('',*,*,#6219,.T.);
#5136=ORIENTED_EDGE('',*,*,#6349,.T.);
#5137=ORIENTED_EDGE('',*,*,#6210,.T.);
#5138=ORIENTED_EDGE('',*,*,#7178,.T.);
#5139=ORIENTED_EDGE('',*,*,#6162,.T.);
#5140=ORIENTED_EDGE('',*,*,#6164,.T.);
#5141=ORIENTED_EDGE('',*,*,#7179,.T.);
#5142=ORIENTED_EDGE('',*,*,#6208,.T.);
#5143=ORIENTED_EDGE('',*,*,#7180,.T.);
#5144=ORIENTED_EDGE('',*,*,#6257,.F.);
#5145=ORIENTED_EDGE('',*,*,#7181,.T.);
#5146=ORIENTED_EDGE('',*,*,#6206,.T.);
#5147=ORIENTED_EDGE('',*,*,#6346,.T.);
#5148=ORIENTED_EDGE('',*,*,#6242,.F.);
#5149=ORIENTED_EDGE('',*,*,#6351,.T.);
#5150=ORIENTED_EDGE('',*,*,#6203,.T.);
#5151=ORIENTED_EDGE('',*,*,#7182,.T.);
#5152=ORIENTED_EDGE('',*,*,#6152,.T.);
#5153=ORIENTED_EDGE('',*,*,#7183,.T.);
#5154=ORIENTED_EDGE('',*,*,#6201,.T.);
#5155=ORIENTED_EDGE('',*,*,#7184,.T.);
#5156=ORIENTED_EDGE('',*,*,#6154,.T.);
#5157=ORIENTED_EDGE('',*,*,#7185,.T.);
#5158=ORIENTED_EDGE('',*,*,#6199,.T.);
#5159=ORIENTED_EDGE('',*,*,#6151,.F.);
#5160=ORIENTED_EDGE('',*,*,#6243,.T.);
#5161=ORIENTED_EDGE('',*,*,#7182,.F.);
#5162=ORIENTED_EDGE('',*,*,#6202,.F.);
#5163=ORIENTED_EDGE('',*,*,#7183,.F.);
#5164=ORIENTED_EDGE('',*,*,#6180,.F.);
#5165=ORIENTED_EDGE('',*,*,#7169,.F.);
#5166=ORIENTED_EDGE('',*,*,#6194,.F.);
#5167=ORIENTED_EDGE('',*,*,#7168,.F.);
#5168=ORIENTED_EDGE('',*,*,#6147,.F.);
#5169=ORIENTED_EDGE('',*,*,#6249,.T.);
#5170=ORIENTED_EDGE('',*,*,#7170,.F.);
#5171=ORIENTED_EDGE('',*,*,#6234,.F.);
#5172=ORIENTED_EDGE('',*,*,#7171,.F.);
#5173=ORIENTED_EDGE('',*,*,#6186,.F.);
#5174=ORIENTED_EDGE('',*,*,#7155,.F.);
#5175=ORIENTED_EDGE('',*,*,#6238,.F.);
#5176=ORIENTED_EDGE('',*,*,#7166,.F.);
#5177=ORIENTED_EDGE('',*,*,#6143,.F.);
#5178=ORIENTED_EDGE('',*,*,#6255,.T.);
#5179=ORIENTED_EDGE('',*,*,#7174,.F.);
#5180=ORIENTED_EDGE('',*,*,#6222,.F.);
#5181=ORIENTED_EDGE('',*,*,#7175,.F.);
#5182=ORIENTED_EDGE('',*,*,#6192,.F.);
#5183=ORIENTED_EDGE('',*,*,#7153,.F.);
#5184=ORIENTED_EDGE('',*,*,#6226,.F.);
#5185=ORIENTED_EDGE('',*,*,#7164,.F.);
#5186=ORIENTED_EDGE('',*,*,#6163,.F.);
#5187=ORIENTED_EDGE('',*,*,#7178,.F.);
#5188=ORIENTED_EDGE('',*,*,#6209,.F.);
#5189=ORIENTED_EDGE('',*,*,#7179,.F.);
#5190=ORIENTED_EDGE('',*,*,#6170,.F.);
#5191=ORIENTED_EDGE('',*,*,#7151,.F.);
#5192=ORIENTED_EDGE('',*,*,#6214,.F.);
#5193=ORIENTED_EDGE('',*,*,#7162,.F.);
#5194=ORIENTED_EDGE('',*,*,#7181,.F.);
#5195=ORIENTED_EDGE('',*,*,#6256,.T.);
#5196=ORIENTED_EDGE('',*,*,#6141,.F.);
#5197=ORIENTED_EDGE('',*,*,#7180,.F.);
#5198=ORIENTED_EDGE('',*,*,#6207,.F.);
#5199=ORIENTED_EDGE('',*,*,#6166,.F.);
#5200=ORIENTED_EDGE('',*,*,#7163,.F.);
#5201=ORIENTED_EDGE('',*,*,#6217,.F.);
#5202=ORIENTED_EDGE('',*,*,#7152,.F.);
#5203=ORIENTED_EDGE('',*,*,#7177,.F.);
#5204=ORIENTED_EDGE('',*,*,#6250,.T.);
#5205=ORIENTED_EDGE('',*,*,#6145,.F.);
#5206=ORIENTED_EDGE('',*,*,#7176,.F.);
#5207=ORIENTED_EDGE('',*,*,#6220,.F.);
#5208=ORIENTED_EDGE('',*,*,#6188,.F.);
#5209=ORIENTED_EDGE('',*,*,#7165,.F.);
#5210=ORIENTED_EDGE('',*,*,#6229,.F.);
#5211=ORIENTED_EDGE('',*,*,#7154,.F.);
#5212=ORIENTED_EDGE('',*,*,#6182,.F.);
#5213=ORIENTED_EDGE('',*,*,#7167,.F.);
#5214=ORIENTED_EDGE('',*,*,#6241,.F.);
#5215=ORIENTED_EDGE('',*,*,#7156,.F.);
#5216=ORIENTED_EDGE('',*,*,#7173,.F.);
#5217=ORIENTED_EDGE('',*,*,#6244,.T.);
#5218=ORIENTED_EDGE('',*,*,#6149,.F.);
#5219=ORIENTED_EDGE('',*,*,#7172,.F.);
#5220=ORIENTED_EDGE('',*,*,#6232,.F.);
#5221=ORIENTED_EDGE('',*,*,#6153,.F.);
#5222=ORIENTED_EDGE('',*,*,#7184,.F.);
#5223=ORIENTED_EDGE('',*,*,#6200,.F.);
#5224=ORIENTED_EDGE('',*,*,#7185,.F.);
#5225=ORIENTED_EDGE('',*,*,#6176,.F.);
#5226=ORIENTED_EDGE('',*,*,#7158,.F.);
#5227=ORIENTED_EDGE('',*,*,#6197,.F.);
#5228=ORIENTED_EDGE('',*,*,#7157,.F.);
#5229=ORIENTED_EDGE('',*,*,#7186,.T.);
#5230=ORIENTED_EDGE('',*,*,#7187,.T.);
#5231=ORIENTED_EDGE('',*,*,#6387,.T.);
#5232=ORIENTED_EDGE('',*,*,#7087,.T.);
#5233=ORIENTED_EDGE('',*,*,#6366,.T.);
#5234=ORIENTED_EDGE('',*,*,#7188,.T.);
#5235=ORIENTED_EDGE('',*,*,#7186,.F.);
#5236=ORIENTED_EDGE('',*,*,#7086,.T.);
#5237=ORIENTED_EDGE('',*,*,#6344,.F.);
#5238=ORIENTED_EDGE('',*,*,#7125,.F.);
#5239=ORIENTED_EDGE('',*,*,#7189,.T.);
#5240=ORIENTED_EDGE('',*,*,#6448,.F.);
#5241=ORIENTED_EDGE('',*,*,#7189,.F.);
#5242=ORIENTED_EDGE('',*,*,#6388,.F.);
#5243=ORIENTED_EDGE('',*,*,#7190,.F.);
#5244=ORIENTED_EDGE('',*,*,#6449,.F.);
#5245=ORIENTED_EDGE('',*,*,#7187,.F.);
#5246=ORIENTED_EDGE('',*,*,#7191,.T.);
#5247=ORIENTED_EDGE('',*,*,#6450,.F.);
#5248=ORIENTED_EDGE('',*,*,#7190,.T.);
#5249=ORIENTED_EDGE('',*,*,#6982,.F.);
#5250=ORIENTED_EDGE('',*,*,#6374,.F.);
#5251=ORIENTED_EDGE('',*,*,#6294,.F.);
#5252=ORIENTED_EDGE('',*,*,#6456,.F.);
#5253=ORIENTED_EDGE('',*,*,#6290,.T.);
#5254=ORIENTED_EDGE('',*,*,#6355,.F.);
#5255=ORIENTED_EDGE('',*,*,#7192,.F.);
#5256=ORIENTED_EDGE('',*,*,#6439,.F.);
#5257=ORIENTED_EDGE('',*,*,#6914,.F.);
#5258=ORIENTED_EDGE('',*,*,#6441,.F.);
#5259=ORIENTED_EDGE('',*,*,#7193,.F.);
#5260=ORIENTED_EDGE('',*,*,#6311,.F.);
#5261=ORIENTED_EDGE('',*,*,#7192,.T.);
#5262=ORIENTED_EDGE('',*,*,#7126,.F.);
#5263=ORIENTED_EDGE('',*,*,#7193,.T.);
#5264=ORIENTED_EDGE('',*,*,#6440,.F.);
#5265=ORIENTED_EDGE('',*,*,#6452,.F.);
#5266=ORIENTED_EDGE('',*,*,#7194,.T.);
#5267=ORIENTED_EDGE('',*,*,#6365,.F.);
#5268=ORIENTED_EDGE('',*,*,#7073,.F.);
#5269=ORIENTED_EDGE('',*,*,#7195,.T.);
#5270=ORIENTED_EDGE('',*,*,#7196,.T.);
#5271=ORIENTED_EDGE('',*,*,#6337,.F.);
#5272=ORIENTED_EDGE('',*,*,#6304,.F.);
#5273=ORIENTED_EDGE('',*,*,#6325,.T.);
#5274=ORIENTED_EDGE('',*,*,#7120,.F.);
#5275=ORIENTED_EDGE('',*,*,#6343,.F.);
#5276=ORIENTED_EDGE('',*,*,#7197,.T.);
#5277=ORIENTED_EDGE('',*,*,#7198,.T.);
#5278=ORIENTED_EDGE('',*,*,#7118,.T.);
#5279=ORIENTED_EDGE('',*,*,#6330,.T.);
#5280=ORIENTED_EDGE('',*,*,#6322,.F.);
#5281=ORIENTED_EDGE('',*,*,#6289,.F.);
#5282=ORIENTED_EDGE('',*,*,#7199,.T.);
#5283=ORIENTED_EDGE('',*,*,#7200,.T.);
#5284=ORIENTED_EDGE('',*,*,#7112,.T.);
#5285=ORIENTED_EDGE('',*,*,#6267,.T.);
#5286=ORIENTED_EDGE('',*,*,#6282,.F.);
#5287=ORIENTED_EDGE('',*,*,#7201,.T.);
#5288=ORIENTED_EDGE('',*,*,#7202,.T.);
#5289=ORIENTED_EDGE('',*,*,#6291,.F.);
#5290=ORIENTED_EDGE('',*,*,#6284,.F.);
#5291=ORIENTED_EDGE('',*,*,#6274,.T.);
#5292=ORIENTED_EDGE('',*,*,#7114,.F.);
#5293=ORIENTED_EDGE('',*,*,#6446,.F.);
#5294=ORIENTED_EDGE('',*,*,#7203,.T.);
#5295=ORIENTED_EDGE('',*,*,#7195,.F.);
#5296=ORIENTED_EDGE('',*,*,#7119,.F.);
#5297=ORIENTED_EDGE('',*,*,#7198,.F.);
#5298=ORIENTED_EDGE('',*,*,#7204,.T.);
#5299=ORIENTED_EDGE('',*,*,#7200,.F.);
#5300=ORIENTED_EDGE('',*,*,#7205,.T.);
#5301=ORIENTED_EDGE('',*,*,#6458,.F.);
#5302=ORIENTED_EDGE('',*,*,#7206,.T.);
#5303=ORIENTED_EDGE('',*,*,#7201,.F.);
#5304=ORIENTED_EDGE('',*,*,#7113,.F.);
#5305=ORIENTED_EDGE('',*,*,#7191,.F.);
#5306=ORIENTED_EDGE('',*,*,#7188,.F.);
#5307=ORIENTED_EDGE('',*,*,#7194,.F.);
#5308=ORIENTED_EDGE('',*,*,#6451,.F.);
#5309=ORIENTED_EDGE('',*,*,#6338,.F.);
#5310=ORIENTED_EDGE('',*,*,#7196,.F.);
#5311=ORIENTED_EDGE('',*,*,#7203,.F.);
#5312=ORIENTED_EDGE('',*,*,#6445,.F.);
#5313=ORIENTED_EDGE('',*,*,#7204,.F.);
#5314=ORIENTED_EDGE('',*,*,#7197,.F.);
#5315=ORIENTED_EDGE('',*,*,#6342,.F.);
#5316=ORIENTED_EDGE('',*,*,#6447,.F.);
#5317=ORIENTED_EDGE('',*,*,#7205,.F.);
#5318=ORIENTED_EDGE('',*,*,#7199,.F.);
#5319=ORIENTED_EDGE('',*,*,#6288,.F.);
#5320=ORIENTED_EDGE('',*,*,#6438,.F.);
#5321=ORIENTED_EDGE('',*,*,#6292,.F.);
#5322=ORIENTED_EDGE('',*,*,#7202,.F.);
#5323=ORIENTED_EDGE('',*,*,#7206,.F.);
#5324=ORIENTED_EDGE('',*,*,#6457,.F.);
#5325=ORIENTED_EDGE('',*,*,#6253,.T.);
#5326=ORIENTED_EDGE('',*,*,#6247,.T.);
#5327=ORIENTED_EDGE('',*,*,#6745,.T.);
#5328=ORIENTED_EDGE('',*,*,#6749,.T.);
#5329=ORIENTED_EDGE('',*,*,#6696,.F.);
#5330=ORIENTED_EDGE('',*,*,#6698,.T.);
#5331=ORIENTED_EDGE('',*,*,#6701,.F.);
#5332=ORIENTED_EDGE('',*,*,#6725,.T.);
#5333=ORIENTED_EDGE('',*,*,#6727,.T.);
#5334=ORIENTED_EDGE('',*,*,#6731,.T.);
#5335=ORIENTED_EDGE('',*,*,#6770,.F.);
#5336=ORIENTED_EDGE('',*,*,#6767,.T.);
#5337=ORIENTED_EDGE('',*,*,#6772,.F.);
#5338=ORIENTED_EDGE('',*,*,#6263,.T.);
#5339=ORIENTED_EDGE('',*,*,#6612,.T.);
#5340=ORIENTED_EDGE('',*,*,#6402,.T.);
#5341=ORIENTED_EDGE('',*,*,#6406,.T.);
#5342=ORIENTED_EDGE('',*,*,#6742,.F.);
#5343=ORIENTED_EDGE('',*,*,#6743,.T.);
#5344=ORIENTED_EDGE('',*,*,#6260,.F.);
#5345=ORIENTED_EDGE('',*,*,#6771,.T.);
#5346=ORIENTED_EDGE('',*,*,#6765,.T.);
#5347=ORIENTED_EDGE('',*,*,#6763,.T.);
#5348=ORIENTED_EDGE('',*,*,#6687,.F.);
#5349=ORIENTED_EDGE('',*,*,#6679,.T.);
#5350=ORIENTED_EDGE('',*,*,#6682,.F.);
#5351=ORIENTED_EDGE('',*,*,#6236,.T.);
#5352=ORIENTED_EDGE('',*,*,#6639,.F.);
#5353=ORIENTED_EDGE('',*,*,#6631,.T.);
#5354=ORIENTED_EDGE('',*,*,#6629,.F.);
#5355=ORIENTED_EDGE('',*,*,#6657,.T.);
#5356=ORIENTED_EDGE('',*,*,#6659,.T.);
#5357=ORIENTED_EDGE('',*,*,#6663,.T.);
#5358=ORIENTED_EDGE('',*,*,#6721,.F.);
#5359=ORIENTED_EDGE('',*,*,#6722,.T.);
#5360=ORIENTED_EDGE('',*,*,#6724,.F.);
#5361=ORIENTED_EDGE('',*,*,#6708,.T.);
#5362=ORIENTED_EDGE('',*,*,#6705,.T.);
#5363=ORIENTED_EDGE('',*,*,#6710,.T.);
#5364=ORIENTED_EDGE('',*,*,#6224,.T.);
#5365=ORIENTED_EDGE('',*,*,#6212,.T.);
#5366=ORIENTED_EDGE('',*,*,#6204,.T.);
#5367=ORIENTED_EDGE('',*,*,#6173,.F.);
#5368=ORIENTED_EDGE('',*,*,#7207,.F.);
#5369=ORIENTED_EDGE('',*,*,#7160,.F.);
#5370=ORIENTED_EDGE('',*,*,#7208,.T.);
#5371=ORIENTED_EDGE('',*,*,#6172,.F.);
#5372=ORIENTED_EDGE('',*,*,#7161,.F.);
#5373=ORIENTED_EDGE('',*,*,#7207,.T.);
#5374=ORIENTED_EDGE('',*,*,#6174,.F.);
#5375=ORIENTED_EDGE('',*,*,#7208,.F.);
#5376=ORIENTED_EDGE('',*,*,#7159,.F.);
#5377=ORIENTED_EDGE('',*,*,#6678,.F.);
#5378=ORIENTED_EDGE('',*,*,#7209,.F.);
#5379=ORIENTED_EDGE('',*,*,#6713,.F.);
#5380=ORIENTED_EDGE('',*,*,#7210,.F.);
#5381=ORIENTED_EDGE('',*,*,#6762,.F.);
#5382=ORIENTED_EDGE('',*,*,#7211,.F.);
#5383=ORIENTED_EDGE('',*,*,#6744,.F.);
#5384=ORIENTED_EDGE('',*,*,#7212,.F.);
#5385=ORIENTED_EDGE('',*,*,#6641,.F.);
#5386=ORIENTED_EDGE('',*,*,#7213,.F.);
#5387=ORIENTED_EDGE('',*,*,#6702,.F.);
#5388=ORIENTED_EDGE('',*,*,#7214,.F.);
#5389=ORIENTED_EDGE('',*,*,#6633,.F.);
#5390=ORIENTED_EDGE('',*,*,#7215,.F.);
#5391=ORIENTED_EDGE('',*,*,#6400,.F.);
#5392=ORIENTED_EDGE('',*,*,#7216,.F.);
#5393=ORIENTED_EDGE('',*,*,#7217,.F.);
#5394=ORIENTED_EDGE('',*,*,#7209,.T.);
#5395=ORIENTED_EDGE('',*,*,#7217,.T.);
#5396=ORIENTED_EDGE('',*,*,#7218,.F.);
#5397=ORIENTED_EDGE('',*,*,#7210,.T.);
#5398=ORIENTED_EDGE('',*,*,#7218,.T.);
#5399=ORIENTED_EDGE('',*,*,#7219,.F.);
#5400=ORIENTED_EDGE('',*,*,#7211,.T.);
#5401=ORIENTED_EDGE('',*,*,#7219,.T.);
#5402=ORIENTED_EDGE('',*,*,#7220,.F.);
#5403=ORIENTED_EDGE('',*,*,#7212,.T.);
#5404=ORIENTED_EDGE('',*,*,#7220,.T.);
#5405=ORIENTED_EDGE('',*,*,#7221,.F.);
#5406=ORIENTED_EDGE('',*,*,#7213,.T.);
#5407=ORIENTED_EDGE('',*,*,#7221,.T.);
#5408=ORIENTED_EDGE('',*,*,#7222,.F.);
#5409=ORIENTED_EDGE('',*,*,#7214,.T.);
#5410=ORIENTED_EDGE('',*,*,#7222,.T.);
#5411=ORIENTED_EDGE('',*,*,#7223,.F.);
#5412=ORIENTED_EDGE('',*,*,#7215,.T.);
#5413=ORIENTED_EDGE('',*,*,#7223,.T.);
#5414=ORIENTED_EDGE('',*,*,#7224,.F.);
#5415=ORIENTED_EDGE('',*,*,#7216,.T.);
#5416=ORIENTED_EDGE('',*,*,#7224,.T.);
#5417=VERTEX_POINT('',#10421);
#5418=VERTEX_POINT('',#10424);
#5419=VERTEX_POINT('',#10425);
#5420=VERTEX_POINT('',#10427);
#5421=VERTEX_POINT('',#10429);
#5422=VERTEX_POINT('',#10431);
#5423=VERTEX_POINT('',#10433);
#5424=VERTEX_POINT('',#10435);
#5425=VERTEX_POINT('',#10437);
#5426=VERTEX_POINT('',#10439);
#5427=VERTEX_POINT('',#10441);
#5428=VERTEX_POINT('',#10443);
#5429=VERTEX_POINT('',#10445);
#5430=VERTEX_POINT('',#10447);
#5431=VERTEX_POINT('',#10449);
#5432=VERTEX_POINT('',#10451);
#5433=VERTEX_POINT('',#10453);
#5434=VERTEX_POINT('',#10455);
#5435=VERTEX_POINT('',#10457);
#5436=VERTEX_POINT('',#10459);
#5437=VERTEX_POINT('',#10461);
#5438=VERTEX_POINT('',#10463);
#5439=VERTEX_POINT('',#10465);
#5440=VERTEX_POINT('',#10467);
#5441=VERTEX_POINT('',#10469);
#5442=VERTEX_POINT('',#10472);
#5443=VERTEX_POINT('',#10473);
#5444=VERTEX_POINT('',#10475);
#5445=VERTEX_POINT('',#10477);
#5446=VERTEX_POINT('',#10479);
#5447=VERTEX_POINT('',#10481);
#5448=VERTEX_POINT('',#10483);
#5449=VERTEX_POINT('',#10485);
#5450=VERTEX_POINT('',#10487);
#5451=VERTEX_POINT('',#10489);
#5452=VERTEX_POINT('',#10491);
#5453=VERTEX_POINT('',#10493);
#5454=VERTEX_POINT('',#10495);
#5455=VERTEX_POINT('',#10497);
#5456=VERTEX_POINT('',#10499);
#5457=VERTEX_POINT('',#10501);
#5458=VERTEX_POINT('',#10503);
#5459=VERTEX_POINT('',#10505);
#5460=VERTEX_POINT('',#10507);
#5461=VERTEX_POINT('',#10509);
#5462=VERTEX_POINT('',#10511);
#5463=VERTEX_POINT('',#10513);
#5464=VERTEX_POINT('',#10515);
#5465=VERTEX_POINT('',#10517);
#5466=VERTEX_POINT('',#10519);
#5467=VERTEX_POINT('',#10521);
#5468=VERTEX_POINT('',#10523);
#5469=VERTEX_POINT('',#10525);
#5470=VERTEX_POINT('',#10529);
#5471=VERTEX_POINT('',#10530);
#5472=VERTEX_POINT('',#10541);
#5473=VERTEX_POINT('',#10544);
#5474=VERTEX_POINT('',#10557);
#5475=VERTEX_POINT('',#10559);
#5476=VERTEX_POINT('',#10570);
#5477=VERTEX_POINT('',#10572);
#5478=VERTEX_POINT('',#10583);
#5479=VERTEX_POINT('',#10586);
#5480=VERTEX_POINT('',#10589);
#5481=VERTEX_POINT('',#10590);
#5482=VERTEX_POINT('',#10592);
#5483=VERTEX_POINT('',#10603);
#5484=VERTEX_POINT('',#10605);
#5485=VERTEX_POINT('',#10616);
#5486=VERTEX_POINT('',#10620);
#5487=VERTEX_POINT('',#10623);
#5488=VERTEX_POINT('',#10624);
#5489=VERTEX_POINT('',#10635);
#5490=VERTEX_POINT('',#10638);
#5491=VERTEX_POINT('',#10651);
#5492=VERTEX_POINT('',#10652);
#5493=VERTEX_POINT('',#10654);
#5494=VERTEX_POINT('',#10665);
#5495=VERTEX_POINT('',#10667);
#5496=VERTEX_POINT('',#10678);
#5497=VERTEX_POINT('',#10681);
#5498=VERTEX_POINT('',#10684);
#5499=VERTEX_POINT('',#10685);
#5500=VERTEX_POINT('',#10696);
#5501=VERTEX_POINT('',#10699);
#5502=VERTEX_POINT('',#10712);
#5503=VERTEX_POINT('',#10713);
#5504=VERTEX_POINT('',#10715);
#5505=VERTEX_POINT('',#10726);
#5506=VERTEX_POINT('',#10728);
#5507=VERTEX_POINT('',#10739);
#5508=VERTEX_POINT('',#10742);
#5509=VERTEX_POINT('',#10745);
#5510=VERTEX_POINT('',#10746);
#5511=VERTEX_POINT('',#10757);
#5512=VERTEX_POINT('',#10760);
#5513=VERTEX_POINT('',#10773);
#5514=VERTEX_POINT('',#10774);
#5515=VERTEX_POINT('',#10822);
#5516=VERTEX_POINT('',#10824);
#5517=VERTEX_POINT('',#10827);
#5518=VERTEX_POINT('',#10830);
#5519=VERTEX_POINT('',#10831);
#5520=VERTEX_POINT('',#10879);
#5521=VERTEX_POINT('',#10881);
#5522=VERTEX_POINT('',#10884);
#5523=VERTEX_POINT('',#10887);
#5524=VERTEX_POINT('',#10888);
#5525=VERTEX_POINT('',#10936);
#5526=VERTEX_POINT('',#10938);
#5527=VERTEX_POINT('',#10942);
#5528=VERTEX_POINT('',#10943);
#5529=VERTEX_POINT('',#10945);
#5530=VERTEX_POINT('',#10947);
#5531=VERTEX_POINT('',#10951);
#5532=VERTEX_POINT('',#10952);
#5533=VERTEX_POINT('',#10954);
#5534=VERTEX_POINT('',#10956);
#5535=VERTEX_POINT('',#10960);
#5536=VERTEX_POINT('',#10961);
#5537=VERTEX_POINT('',#10963);
#5538=VERTEX_POINT('',#10965);
#5539=VERTEX_POINT('',#10967);
#5540=VERTEX_POINT('',#10969);
#5541=VERTEX_POINT('',#10971);
#5542=VERTEX_POINT('',#10975);
#5543=VERTEX_POINT('',#10976);
#5544=VERTEX_POINT('',#10978);
#5545=VERTEX_POINT('',#10980);
#5546=VERTEX_POINT('',#10982);
#5547=VERTEX_POINT('',#10984);
#5548=VERTEX_POINT('',#10986);
#5549=VERTEX_POINT('',#10990);
#5550=VERTEX_POINT('',#10991);
#5551=VERTEX_POINT('',#10996);
#5552=VERTEX_POINT('',#10998);
#5553=VERTEX_POINT('',#11002);
#5554=VERTEX_POINT('',#11003);
#5555=VERTEX_POINT('',#11017);
#5556=VERTEX_POINT('',#11043);
#5557=VERTEX_POINT('',#11060);
#5558=VERTEX_POINT('',#11062);
#5559=VERTEX_POINT('',#11066);
#5560=VERTEX_POINT('',#11067);
#5561=VERTEX_POINT('',#11069);
#5562=VERTEX_POINT('',#11071);
#5563=VERTEX_POINT('',#11074);
#5564=VERTEX_POINT('',#11075);
#5565=VERTEX_POINT('',#11077);
#5566=VERTEX_POINT('',#11079);
#5567=VERTEX_POINT('',#11082);
#5568=VERTEX_POINT('',#11083);
#5569=VERTEX_POINT('',#11085);
#5570=VERTEX_POINT('',#11087);
#5571=VERTEX_POINT('',#11089);
#5572=VERTEX_POINT('',#11091);
#5573=VERTEX_POINT('',#11093);
#5574=VERTEX_POINT('',#11095);
#5575=VERTEX_POINT('',#11097);
#5576=VERTEX_POINT('',#11099);
#5577=VERTEX_POINT('',#11101);
#5578=VERTEX_POINT('',#11103);
#5579=VERTEX_POINT('',#11105);
#5580=VERTEX_POINT('',#11107);
#5581=VERTEX_POINT('',#11109);
#5582=VERTEX_POINT('',#11111);
#5583=VERTEX_POINT('',#11113);
#5584=VERTEX_POINT('',#11115);
#5585=VERTEX_POINT('',#11119);
#5586=VERTEX_POINT('',#11120);
#5587=VERTEX_POINT('',#11122);
#5588=VERTEX_POINT('',#11124);
#5589=VERTEX_POINT('',#11128);
#5590=VERTEX_POINT('',#11130);
#5591=VERTEX_POINT('',#11132);
#5592=VERTEX_POINT('',#11134);
#5593=VERTEX_POINT('',#11138);
#5594=VERTEX_POINT('',#11140);
#5595=VERTEX_POINT('',#11142);
#5596=VERTEX_POINT('',#11144);
#5597=VERTEX_POINT('',#11146);
#5598=VERTEX_POINT('',#11148);
#5599=VERTEX_POINT('',#11152);
#5600=VERTEX_POINT('',#11169);
#5601=VERTEX_POINT('',#11171);
#5602=VERTEX_POINT('',#11175);
#5603=VERTEX_POINT('',#11176);
#5604=VERTEX_POINT('',#11193);
#5605=VERTEX_POINT('',#11210);
#5606=VERTEX_POINT('',#11211);
#5607=VERTEX_POINT('',#11214);
#5608=VERTEX_POINT('',#11216);
#5609=VERTEX_POINT('',#11219);
#5610=VERTEX_POINT('',#11221);
#5611=VERTEX_POINT('',#11223);
#5612=VERTEX_POINT('',#11225);
#5613=VERTEX_POINT('',#11229);
#5614=VERTEX_POINT('',#11230);
#5615=VERTEX_POINT('',#11232);
#5616=VERTEX_POINT('',#11234);
#5617=VERTEX_POINT('',#11236);
#5618=VERTEX_POINT('',#11238);
#5619=VERTEX_POINT('',#11240);
#5620=VERTEX_POINT('',#11243);
#5621=VERTEX_POINT('',#11245);
#5622=VERTEX_POINT('',#11248);
#5623=VERTEX_POINT('',#11250);
#5624=VERTEX_POINT('',#11252);
#5625=VERTEX_POINT('',#11254);
#5626=VERTEX_POINT('',#11257);
#5627=VERTEX_POINT('',#11258);
#5628=VERTEX_POINT('',#11260);
#5629=VERTEX_POINT('',#11262);
#5630=VERTEX_POINT('',#11265);
#5631=VERTEX_POINT('',#11266);
#5632=VERTEX_POINT('',#11268);
#5633=VERTEX_POINT('',#11270);
#5634=VERTEX_POINT('',#11274);
#5635=VERTEX_POINT('',#11275);
#5636=VERTEX_POINT('',#11277);
#5637=VERTEX_POINT('',#11280);
#5638=VERTEX_POINT('',#11282);
#5639=VERTEX_POINT('',#11284);
#5640=VERTEX_POINT('',#11287);
#5641=VERTEX_POINT('',#11289);
#5642=VERTEX_POINT('',#11291);
#5643=VERTEX_POINT('',#11298);
#5644=VERTEX_POINT('',#11300);
#5645=VERTEX_POINT('',#11303);
#5646=VERTEX_POINT('',#11304);
#5647=VERTEX_POINT('',#11306);
#5648=VERTEX_POINT('',#11308);
#5649=VERTEX_POINT('',#11312);
#5650=VERTEX_POINT('',#11314);
#5651=VERTEX_POINT('',#11318);
#5652=VERTEX_POINT('',#11319);
#5653=VERTEX_POINT('',#11321);
#5654=VERTEX_POINT('',#11338);
#5655=VERTEX_POINT('',#11340);
#5656=VERTEX_POINT('',#11344);
#5657=VERTEX_POINT('',#11346);
#5658=VERTEX_POINT('',#11350);
#5659=VERTEX_POINT('',#11352);
#5660=VERTEX_POINT('',#11369);
#5661=VERTEX_POINT('',#11373);
#5662=VERTEX_POINT('',#11374);
#5663=VERTEX_POINT('',#11376);
#5664=VERTEX_POINT('',#11393);
#5665=VERTEX_POINT('',#11395);
#5666=VERTEX_POINT('',#11399);
#5667=VERTEX_POINT('',#11401);
#5668=VERTEX_POINT('',#11405);
#5669=VERTEX_POINT('',#11407);
#5670=VERTEX_POINT('',#11424);
#5671=VERTEX_POINT('',#11431);
#5672=VERTEX_POINT('',#11432);
#5673=VERTEX_POINT('',#11437);
#5674=VERTEX_POINT('',#11439);
#5675=VERTEX_POINT('',#11441);
#5676=VERTEX_POINT('',#11443);
#5677=VERTEX_POINT('',#11445);
#5678=VERTEX_POINT('',#11447);
#5679=VERTEX_POINT('',#11450);
#5680=VERTEX_POINT('',#11452);
#5681=VERTEX_POINT('',#11455);
#5682=VERTEX_POINT('',#11457);
#5683=VERTEX_POINT('',#11459);
#5684=VERTEX_POINT('',#11461);
#5685=VERTEX_POINT('',#11463);
#5686=VERTEX_POINT('',#11465);
#5687=VERTEX_POINT('',#11467);
#5688=VERTEX_POINT('',#11469);
#5689=VERTEX_POINT('',#11472);
#5690=VERTEX_POINT('',#11475);
#5691=VERTEX_POINT('',#11476);
#5692=VERTEX_POINT('',#11478);
#5693=VERTEX_POINT('',#11480);
#5694=VERTEX_POINT('',#11482);
#5695=VERTEX_POINT('',#11484);
#5696=VERTEX_POINT('',#11486);
#5697=VERTEX_POINT('',#11488);
#5698=VERTEX_POINT('',#11490);
#5699=VERTEX_POINT('',#11492);
#5700=VERTEX_POINT('',#11494);
#5701=VERTEX_POINT('',#11496);
#5702=VERTEX_POINT('',#11498);
#5703=VERTEX_POINT('',#11500);
#5704=VERTEX_POINT('',#11502);
#5705=VERTEX_POINT('',#11504);
#5706=VERTEX_POINT('',#11506);
#5707=VERTEX_POINT('',#11508);
#5708=VERTEX_POINT('',#11510);
#5709=VERTEX_POINT('',#11512);
#5710=VERTEX_POINT('',#11514);
#5711=VERTEX_POINT('',#11516);
#5712=VERTEX_POINT('',#11518);
#5713=VERTEX_POINT('',#11520);
#5714=VERTEX_POINT('',#11523);
#5715=VERTEX_POINT('',#11525);
#5716=VERTEX_POINT('',#11527);
#5717=VERTEX_POINT('',#11529);
#5718=VERTEX_POINT('',#11531);
#5719=VERTEX_POINT('',#11533);
#5720=VERTEX_POINT('',#11535);
#5721=VERTEX_POINT('',#11537);
#5722=VERTEX_POINT('',#11539);
#5723=VERTEX_POINT('',#11541);
#5724=VERTEX_POINT('',#11543);
#5725=VERTEX_POINT('',#11545);
#5726=VERTEX_POINT('',#11547);
#5727=VERTEX_POINT('',#11549);
#5728=VERTEX_POINT('',#11551);
#5729=VERTEX_POINT('',#11553);
#5730=VERTEX_POINT('',#11555);
#5731=VERTEX_POINT('',#11557);
#5732=VERTEX_POINT('',#11559);
#5733=VERTEX_POINT('',#11561);
#5734=VERTEX_POINT('',#11563);
#5735=VERTEX_POINT('',#11565);
#5736=VERTEX_POINT('',#11567);
#5737=VERTEX_POINT('',#11569);
#5738=VERTEX_POINT('',#11571);
#5739=VERTEX_POINT('',#11573);
#5740=VERTEX_POINT('',#11575);
#5741=VERTEX_POINT('',#11577);
#5742=VERTEX_POINT('',#11579);
#5743=VERTEX_POINT('',#11581);
#5744=VERTEX_POINT('',#11583);
#5745=VERTEX_POINT('',#11587);
#5746=VERTEX_POINT('',#11588);
#5747=VERTEX_POINT('',#11590);
#5748=VERTEX_POINT('',#11592);
#5749=VERTEX_POINT('',#11594);
#5750=VERTEX_POINT('',#11596);
#5751=VERTEX_POINT('',#11598);
#5752=VERTEX_POINT('',#11600);
#5753=VERTEX_POINT('',#11602);
#5754=VERTEX_POINT('',#11604);
#5755=VERTEX_POINT('',#11606);
#5756=VERTEX_POINT('',#11608);
#5757=VERTEX_POINT('',#11610);
#5758=VERTEX_POINT('',#11612);
#5759=VERTEX_POINT('',#11614);
#5760=VERTEX_POINT('',#11616);
#5761=VERTEX_POINT('',#11618);
#5762=VERTEX_POINT('',#11620);
#5763=VERTEX_POINT('',#11622);
#5764=VERTEX_POINT('',#11624);
#5765=VERTEX_POINT('',#11626);
#5766=VERTEX_POINT('',#11628);
#5767=VERTEX_POINT('',#11630);
#5768=VERTEX_POINT('',#11632);
#5769=VERTEX_POINT('',#11634);
#5770=VERTEX_POINT('',#11636);
#5771=VERTEX_POINT('',#11638);
#5772=VERTEX_POINT('',#11640);
#5773=VERTEX_POINT('',#11642);
#5774=VERTEX_POINT('',#11644);
#5775=VERTEX_POINT('',#11646);
#5776=VERTEX_POINT('',#11648);
#5777=VERTEX_POINT('',#11650);
#5778=VERTEX_POINT('',#11652);
#5779=VERTEX_POINT('',#11654);
#5780=VERTEX_POINT('',#11656);
#5781=VERTEX_POINT('',#11660);
#5782=VERTEX_POINT('',#11662);
#5783=VERTEX_POINT('',#11664);
#5784=VERTEX_POINT('',#11666);
#5785=VERTEX_POINT('',#11668);
#5786=VERTEX_POINT('',#11670);
#5787=VERTEX_POINT('',#11672);
#5788=VERTEX_POINT('',#11674);
#5789=VERTEX_POINT('',#11676);
#5790=VERTEX_POINT('',#11678);
#5791=VERTEX_POINT('',#11680);
#5792=VERTEX_POINT('',#11682);
#5793=VERTEX_POINT('',#11684);
#5794=VERTEX_POINT('',#11686);
#5795=VERTEX_POINT('',#11688);
#5796=VERTEX_POINT('',#11690);
#5797=VERTEX_POINT('',#11692);
#5798=VERTEX_POINT('',#11694);
#5799=VERTEX_POINT('',#11696);
#5800=VERTEX_POINT('',#11698);
#5801=VERTEX_POINT('',#11701);
#5802=VERTEX_POINT('',#11703);
#5803=VERTEX_POINT('',#11705);
#5804=VERTEX_POINT('',#11707);
#5805=VERTEX_POINT('',#11709);
#5806=VERTEX_POINT('',#11711);
#5807=VERTEX_POINT('',#11714);
#5808=VERTEX_POINT('',#11717);
#5809=VERTEX_POINT('',#11718);
#5810=VERTEX_POINT('',#11720);
#5811=VERTEX_POINT('',#11722);
#5812=VERTEX_POINT('',#11724);
#5813=VERTEX_POINT('',#11726);
#5814=VERTEX_POINT('',#11728);
#5815=VERTEX_POINT('',#11730);
#5816=VERTEX_POINT('',#11732);
#5817=VERTEX_POINT('',#11734);
#5818=VERTEX_POINT('',#11736);
#5819=VERTEX_POINT('',#11738);
#5820=VERTEX_POINT('',#11741);
#5821=VERTEX_POINT('',#11743);
#5822=VERTEX_POINT('',#11745);
#5823=VERTEX_POINT('',#11747);
#5824=VERTEX_POINT('',#11748);
#5825=VERTEX_POINT('',#11750);
#5826=VERTEX_POINT('',#11753);
#5827=VERTEX_POINT('',#11755);
#5828=VERTEX_POINT('',#11757);
#5829=VERTEX_POINT('',#11759);
#5830=VERTEX_POINT('',#11761);
#5831=VERTEX_POINT('',#11763);
#5832=VERTEX_POINT('',#11765);
#5833=VERTEX_POINT('',#11768);
#5834=VERTEX_POINT('',#11770);
#5835=VERTEX_POINT('',#11772);
#5836=VERTEX_POINT('',#11774);
#5837=VERTEX_POINT('',#11777);
#5838=VERTEX_POINT('',#11781);
#5839=VERTEX_POINT('',#11785);
#5840=VERTEX_POINT('',#11806);
#5841=VERTEX_POINT('',#11827);
#5842=VERTEX_POINT('',#11846);
#5843=VERTEX_POINT('',#11867);
#5844=VERTEX_POINT('',#11869);
#5845=VERTEX_POINT('',#11873);
#5846=VERTEX_POINT('',#11877);
#5847=VERTEX_POINT('',#11880);
#5848=VERTEX_POINT('',#11884);
#5849=VERTEX_POINT('',#11890);
#5850=VERTEX_POINT('',#11894);
#5851=VERTEX_POINT('',#11897);
#5852=VERTEX_POINT('',#11934);
#5853=VERTEX_POINT('',#11938);
#5854=VERTEX_POINT('',#11977);
#5855=VERTEX_POINT('',#11981);
#5856=VERTEX_POINT('',#11985);
#5857=VERTEX_POINT('',#11989);
#5858=VERTEX_POINT('',#11993);
#5859=VERTEX_POINT('',#11997);
#5860=VERTEX_POINT('',#12001);
#5861=VERTEX_POINT('',#12003);
#5862=VERTEX_POINT('',#12027);
#5863=VERTEX_POINT('',#12046);
#5864=VERTEX_POINT('',#12070);
#5865=VERTEX_POINT('',#12073);
#5866=VERTEX_POINT('',#12074);
#5867=VERTEX_POINT('',#12081);
#5868=VERTEX_POINT('',#12100);
#5869=VERTEX_POINT('',#12104);
#5870=VERTEX_POINT('',#12111);
#5871=VERTEX_POINT('',#12130);
#5872=VERTEX_POINT('',#12134);
#5873=VERTEX_POINT('',#12136);
#5874=VERTEX_POINT('',#12140);
#5875=VERTEX_POINT('',#12144);
#5876=VERTEX_POINT('',#12148);
#5877=VERTEX_POINT('',#12151);
#5878=VERTEX_POINT('',#12170);
#5879=VERTEX_POINT('',#12171);
#5880=VERTEX_POINT('',#12176);
#5881=VERTEX_POINT('',#12182);
#5882=VERTEX_POINT('',#12186);
#5883=VERTEX_POINT('',#12189);
#5884=VERTEX_POINT('',#12211);
#5885=VERTEX_POINT('',#12230);
#5886=VERTEX_POINT('',#12234);
#5887=VERTEX_POINT('',#12240);
#5888=VERTEX_POINT('',#12244);
#5889=VERTEX_POINT('',#12248);
#5890=VERTEX_POINT('',#12252);
#5891=VERTEX_POINT('',#12256);
#5892=VERTEX_POINT('',#12263);
#5893=VERTEX_POINT('',#12282);
#5894=VERTEX_POINT('',#12286);
#5895=VERTEX_POINT('',#12292);
#5896=VERTEX_POINT('',#12295);
#5897=VERTEX_POINT('',#12299);
#5898=VERTEX_POINT('',#12320);
#5899=VERTEX_POINT('',#12324);
#5900=VERTEX_POINT('',#12326);
#5901=VERTEX_POINT('',#12350);
#5902=VERTEX_POINT('',#12369);
#5903=VERTEX_POINT('',#12373);
#5904=VERTEX_POINT('',#12376);
#5905=VERTEX_POINT('',#12380);
#5906=VERTEX_POINT('',#12384);
#5907=VERTEX_POINT('',#12385);
#5908=VERTEX_POINT('',#12396);
#5909=VERTEX_POINT('',#12397);
#5910=VERTEX_POINT('',#12399);
#5911=VERTEX_POINT('',#12401);
#5912=VERTEX_POINT('',#12405);
#5913=VERTEX_POINT('',#12407);
#5914=VERTEX_POINT('',#12411);
#5915=VERTEX_POINT('',#12412);
#5916=VERTEX_POINT('',#12414);
#5917=VERTEX_POINT('',#12416);
#5918=VERTEX_POINT('',#12418);
#5919=VERTEX_POINT('',#12422);
#5920=VERTEX_POINT('',#12423);
#5921=VERTEX_POINT('',#12425);
#5922=VERTEX_POINT('',#12427);
#5923=VERTEX_POINT('',#12435);
#5924=VERTEX_POINT('',#12442);
#5925=VERTEX_POINT('',#12444);
#5926=VERTEX_POINT('',#12446);
#5927=VERTEX_POINT('',#12457);
#5928=VERTEX_POINT('',#12458);
#5929=VERTEX_POINT('',#12460);
#5930=VERTEX_POINT('',#12462);
#5931=VERTEX_POINT('',#12466);
#5932=VERTEX_POINT('',#12468);
#5933=VERTEX_POINT('',#12472);
#5934=VERTEX_POINT('',#12473);
#5935=VERTEX_POINT('',#12475);
#5936=VERTEX_POINT('',#12477);
#5937=VERTEX_POINT('',#12480);
#5938=VERTEX_POINT('',#12482);
#5939=VERTEX_POINT('',#12484);
#5940=VERTEX_POINT('',#12486);
#5941=VERTEX_POINT('',#12488);
#5942=VERTEX_POINT('',#12490);
#5943=VERTEX_POINT('',#12492);
#5944=VERTEX_POINT('',#12495);
#5945=VERTEX_POINT('',#12497);
#5946=VERTEX_POINT('',#12499);
#5947=VERTEX_POINT('',#12501);
#5948=VERTEX_POINT('',#12503);
#5949=VERTEX_POINT('',#12505);
#5950=VERTEX_POINT('',#12507);
#5951=VERTEX_POINT('',#12509);
#5952=VERTEX_POINT('',#12511);
#5953=VERTEX_POINT('',#12513);
#5954=VERTEX_POINT('',#12515);
#5955=VERTEX_POINT('',#12519);
#5956=VERTEX_POINT('',#12520);
#5957=VERTEX_POINT('',#12522);
#5958=VERTEX_POINT('',#12524);
#5959=VERTEX_POINT('',#12531);
#5960=VERTEX_POINT('',#12532);
#5961=VERTEX_POINT('',#12534);
#5962=VERTEX_POINT('',#12536);
#5963=VERTEX_POINT('',#12540);
#5964=VERTEX_POINT('',#12542);
#5965=VERTEX_POINT('',#12546);
#5966=VERTEX_POINT('',#12550);
#5967=VERTEX_POINT('',#12556);
#5968=VERTEX_POINT('',#12557);
#5969=VERTEX_POINT('',#12559);
#5970=VERTEX_POINT('',#12563);
#5971=VERTEX_POINT('',#12565);
#5972=VERTEX_POINT('',#12570);
#5973=VERTEX_POINT('',#12574);
#5974=VERTEX_POINT('',#12578);
#5975=VERTEX_POINT('',#12582);
#5976=VERTEX_POINT('',#12586);
#5977=VERTEX_POINT('',#12590);
#5978=VERTEX_POINT('',#12594);
#5979=VERTEX_POINT('',#12598);
#5980=VERTEX_POINT('',#12602);
#5981=VERTEX_POINT('',#12606);
#5982=VERTEX_POINT('',#12611);
#5983=VERTEX_POINT('',#12615);
#5984=VERTEX_POINT('',#12619);
#5985=VERTEX_POINT('',#12623);
#5986=VERTEX_POINT('',#12627);
#5987=VERTEX_POINT('',#12631);
#5988=VERTEX_POINT('',#12633);
#5989=VERTEX_POINT('',#12637);
#5990=VERTEX_POINT('',#12643);
#5991=VERTEX_POINT('',#12647);
#5992=VERTEX_POINT('',#12651);
#5993=VERTEX_POINT('',#12655);
#5994=VERTEX_POINT('',#12659);
#5995=VERTEX_POINT('',#12665);
#5996=VERTEX_POINT('',#12669);
#5997=VERTEX_POINT('',#12677);
#5998=VERTEX_POINT('',#12678);
#5999=VERTEX_POINT('',#12680);
#6000=VERTEX_POINT('',#12682);
#6001=VERTEX_POINT('',#12686);
#6002=VERTEX_POINT('',#12688);
#6003=VERTEX_POINT('',#12692);
#6004=VERTEX_POINT('',#12694);
#6005=VERTEX_POINT('',#12696);
#6006=VERTEX_POINT('',#12702);
#6007=VERTEX_POINT('',#12712);
#6008=VERTEX_POINT('',#12713);
#6009=VERTEX_POINT('',#12715);
#6010=VERTEX_POINT('',#12723);
#6011=VERTEX_POINT('',#12724);
#6012=VERTEX_POINT('',#12726);
#6013=VERTEX_POINT('',#12728);
#6014=VERTEX_POINT('',#12732);
#6015=VERTEX_POINT('',#12734);
#6016=VERTEX_POINT('',#12738);
#6017=VERTEX_POINT('',#12740);
#6018=VERTEX_POINT('',#12742);
#6019=VERTEX_POINT('',#12748);
#6020=VERTEX_POINT('',#12758);
#6021=VERTEX_POINT('',#12759);
#6022=VERTEX_POINT('',#12761);
#6023=VERTEX_POINT('',#12769);
#6024=VERTEX_POINT('',#12770);
#6025=VERTEX_POINT('',#12772);
#6026=VERTEX_POINT('',#12774);
#6027=VERTEX_POINT('',#12778);
#6028=VERTEX_POINT('',#12780);
#6029=VERTEX_POINT('',#12784);
#6030=VERTEX_POINT('',#12785);
#6031=VERTEX_POINT('',#12787);
#6032=VERTEX_POINT('',#12789);
#6033=VERTEX_POINT('',#12792);
#6034=VERTEX_POINT('',#12794);
#6035=VERTEX_POINT('',#12796);
#6036=VERTEX_POINT('',#12798);
#6037=VERTEX_POINT('',#12800);
#6038=VERTEX_POINT('',#12802);
#6039=VERTEX_POINT('',#12804);
#6040=VERTEX_POINT('',#12808);
#6041=VERTEX_POINT('',#12810);
#6042=VERTEX_POINT('',#12812);
#6043=VERTEX_POINT('',#12814);
#6044=VERTEX_POINT('',#12816);
#6045=VERTEX_POINT('',#12818);
#6046=VERTEX_POINT('',#12820);
#6047=VERTEX_POINT('',#12822);
#6048=VERTEX_POINT('',#12824);
#6049=VERTEX_POINT('',#12826);
#6050=VERTEX_POINT('',#12828);
#6051=VERTEX_POINT('',#12832);
#6052=VERTEX_POINT('',#12833);
#6053=VERTEX_POINT('',#12835);
#6054=VERTEX_POINT('',#12837);
#6055=VERTEX_POINT('',#12844);
#6056=VERTEX_POINT('',#12845);
#6057=VERTEX_POINT('',#12847);
#6058=VERTEX_POINT('',#12849);
#6059=VERTEX_POINT('',#12853);
#6060=VERTEX_POINT('',#12855);
#6061=VERTEX_POINT('',#12859);
#6062=VERTEX_POINT('',#12863);
#6063=VERTEX_POINT('',#12869);
#6064=VERTEX_POINT('',#12870);
#6065=VERTEX_POINT('',#12872);
#6066=VERTEX_POINT('',#12876);
#6067=VERTEX_POINT('',#12878);
#6068=VERTEX_POINT('',#12883);
#6069=VERTEX_POINT('',#12887);
#6070=VERTEX_POINT('',#12891);
#6071=VERTEX_POINT('',#12895);
#6072=VERTEX_POINT('',#12899);
#6073=VERTEX_POINT('',#12903);
#6074=VERTEX_POINT('',#12907);
#6075=VERTEX_POINT('',#12911);
#6076=VERTEX_POINT('',#12915);
#6077=VERTEX_POINT('',#12919);
#6078=VERTEX_POINT('',#12924);
#6079=VERTEX_POINT('',#12928);
#6080=VERTEX_POINT('',#12932);
#6081=VERTEX_POINT('',#12936);
#6082=VERTEX_POINT('',#12940);
#6083=VERTEX_POINT('',#12944);
#6084=VERTEX_POINT('',#12946);
#6085=VERTEX_POINT('',#12950);
#6086=VERTEX_POINT('',#12956);
#6087=VERTEX_POINT('',#12960);
#6088=VERTEX_POINT('',#12964);
#6089=VERTEX_POINT('',#12968);
#6090=VERTEX_POINT('',#12972);
#6091=VERTEX_POINT('',#12978);
#6092=VERTEX_POINT('',#12982);
#6093=VERTEX_POINT('',#12990);
#6094=VERTEX_POINT('',#12991);
#6095=VERTEX_POINT('',#12993);
#6096=VERTEX_POINT('',#12995);
#6097=VERTEX_POINT('',#12999);
#6098=VERTEX_POINT('',#13001);
#6099=VERTEX_POINT('',#13005);
#6100=VERTEX_POINT('',#13006);
#6101=VERTEX_POINT('',#13008);
#6102=VERTEX_POINT('',#13010);
#6103=VERTEX_POINT('',#13012);
#6104=VERTEX_POINT('',#13016);
#6105=VERTEX_POINT('',#13019);
#6106=VERTEX_POINT('',#13021);
#6107=VERTEX_POINT('',#13023);
#6108=VERTEX_POINT('',#13025);
#6109=VERTEX_POINT('',#13031);
#6110=VERTEX_POINT('',#13038);
#6111=VERTEX_POINT('',#13040);
#6112=VERTEX_POINT('',#13042);
#6113=VERTEX_POINT('',#13062);
#6114=VERTEX_POINT('',#13064);
#6115=VERTEX_POINT('',#13074);
#6116=VERTEX_POINT('',#13076);
#6117=VERTEX_POINT('',#13174);
#6118=VERTEX_POINT('',#13176);
#6119=VERTEX_POINT('',#13233);
#6120=VERTEX_POINT('',#13253);
#6121=VERTEX_POINT('',#13257);
#6122=VERTEX_POINT('',#13261);
#6123=VERTEX_POINT('',#13265);
#6124=VERTEX_POINT('',#13294);
#6125=VERTEX_POINT('',#13297);
#6126=VERTEX_POINT('',#13300);
#6127=VERTEX_POINT('',#13303);
#6128=VERTEX_POINT('',#13306);
#6129=VERTEX_POINT('',#13309);
#6130=VERTEX_POINT('',#13312);
#6131=VERTEX_POINT('',#13315);
#6132=VERTEX_POINT('',#13318);
#6133=VERTEX_POINT('',#13322);
#6134=VERTEX_POINT('',#13326);
#6135=VERTEX_POINT('',#13330);
#6136=VERTEX_POINT('',#13334);
#6137=VERTEX_POINT('',#13338);
#6138=VERTEX_POINT('',#13342);
#6139=VERTEX_POINT('',#13346);
#6140=EDGE_CURVE('',#5417,#5417,#7225,.T.);
#6141=EDGE_CURVE('',#5418,#5419,#1763,.T.);
#6142=EDGE_CURVE('',#5419,#5420,#1764,.T.);
#6143=EDGE_CURVE('',#5420,#5421,#1765,.T.);
#6144=EDGE_CURVE('',#5422,#5421,#355,.T.);
#6145=EDGE_CURVE('',#5422,#5423,#1766,.T.);
#6146=EDGE_CURVE('',#5423,#5424,#1767,.T.);
#6147=EDGE_CURVE('',#5424,#5425,#1768,.T.);
#6148=EDGE_CURVE('',#5426,#5425,#356,.T.);
#6149=EDGE_CURVE('',#5426,#5427,#1769,.T.);
#6150=EDGE_CURVE('',#5427,#5428,#1770,.T.);
#6151=EDGE_CURVE('',#5428,#5429,#1771,.T.);
#6152=EDGE_CURVE('',#5430,#5429,#357,.T.);
#6153=EDGE_CURVE('',#5430,#5431,#1772,.T.);
#6154=EDGE_CURVE('',#5432,#5431,#358,.T.);
#6155=EDGE_CURVE('',#5433,#5432,#359,.T.);
#6156=EDGE_CURVE('',#5434,#5433,#360,.T.);
#6157=EDGE_CURVE('',#5434,#5435,#1773,.T.);
#6158=EDGE_CURVE('',#5435,#5436,#361,.T.);
#6159=EDGE_CURVE('',#5436,#5437,#1774,.T.);
#6160=EDGE_CURVE('',#5437,#5438,#362,.T.);
#6161=EDGE_CURVE('',#5439,#5438,#363,.T.);
#6162=EDGE_CURVE('',#5440,#5439,#364,.T.);
#6163=EDGE_CURVE('',#5440,#5441,#1775,.T.);
#6164=EDGE_CURVE('',#5418,#5441,#365,.T.);
#6165=EDGE_CURVE('',#5442,#5443,#366,.T.);
#6166=EDGE_CURVE('',#5443,#5444,#1776,.T.);
#6167=EDGE_CURVE('',#5445,#5444,#367,.T.);
#6168=EDGE_CURVE('',#5446,#5445,#1777,.T.);
#6169=EDGE_CURVE('',#5447,#5446,#368,.T.);
#6170=EDGE_CURVE('',#5447,#5448,#1778,.T.);
#6171=EDGE_CURVE('',#5448,#5449,#369,.T.);
#6172=EDGE_CURVE('',#5449,#5450,#1779,.T.);
#6173=EDGE_CURVE('',#5450,#5451,#370,.T.);
#6174=EDGE_CURVE('',#5451,#5452,#1780,.T.);
#6175=EDGE_CURVE('',#5452,#5453,#371,.T.);
#6176=EDGE_CURVE('',#5453,#5454,#1781,.T.);
#6177=EDGE_CURVE('',#5454,#5455,#372,.T.);
#6178=EDGE_CURVE('',#5456,#5455,#1782,.T.);
#6179=EDGE_CURVE('',#5456,#5457,#373,.T.);
#6180=EDGE_CURVE('',#5457,#5458,#1783,.T.);
#6181=EDGE_CURVE('',#5458,#5459,#374,.T.);
#6182=EDGE_CURVE('',#5459,#5460,#1784,.T.);
#6183=EDGE_CURVE('',#5461,#5460,#375,.T.);
#6184=EDGE_CURVE('',#5462,#5461,#1785,.T.);
#6185=EDGE_CURVE('',#5463,#5462,#376,.T.);
#6186=EDGE_CURVE('',#5463,#5464,#1786,.T.);
#6187=EDGE_CURVE('',#5464,#5465,#377,.T.);
#6188=EDGE_CURVE('',#5465,#5466,#1787,.T.);
#6189=EDGE_CURVE('',#5467,#5466,#378,.T.);
#6190=EDGE_CURVE('',#5468,#5467,#1788,.T.);
#6191=EDGE_CURVE('',#5469,#5468,#379,.T.);
#6192=EDGE_CURVE('',#5469,#5442,#1789,.T.);
#6193=EDGE_CURVE('',#5470,#5471,#7226,.T.);
#6194=EDGE_CURVE('',#5471,#5472,#219,.T.);
#6195=EDGE_CURVE('',#5472,#5456,#380,.T.);
#6196=EDGE_CURVE('',#5455,#5473,#381,.T.);
#6197=EDGE_CURVE('',#5473,#5470,#220,.T.);
#6198=EDGE_CURVE('',#5474,#5432,#7227,.T.);
#6199=EDGE_CURVE('',#5475,#5432,#382,.T.);
#6200=EDGE_CURVE('',#5475,#5476,#221,.T.);
#6201=EDGE_CURVE('',#5477,#5476,#7228,.T.);
#6202=EDGE_CURVE('',#5477,#5478,#222,.T.);
#6203=EDGE_CURVE('',#5474,#5478,#383,.T.);
#6204=EDGE_CURVE('',#5479,#5479,#7229,.T.);
#6205=EDGE_CURVE('',#5480,#5481,#7230,.T.);
#6206=EDGE_CURVE('',#5482,#5481,#384,.T.);
#6207=EDGE_CURVE('',#5482,#5483,#223,.T.);
#6208=EDGE_CURVE('',#5484,#5483,#7231,.T.);
#6209=EDGE_CURVE('',#5484,#5485,#224,.T.);
#6210=EDGE_CURVE('',#5439,#5485,#385,.T.);
#6211=EDGE_CURVE('',#5439,#5480,#7232,.T.);
#6212=EDGE_CURVE('',#5486,#5486,#7233,.T.);
#6213=EDGE_CURVE('',#5487,#5488,#7234,.T.);
#6214=EDGE_CURVE('',#5487,#5489,#225,.T.);
#6215=EDGE_CURVE('',#5446,#5489,#386,.T.);
#6216=EDGE_CURVE('',#5490,#5445,#387,.T.);
#6217=EDGE_CURVE('',#5490,#5488,#226,.T.);
#6218=EDGE_CURVE('',#5491,#5492,#7235,.T.);
#6219=EDGE_CURVE('',#5493,#5492,#388,.T.);
#6220=EDGE_CURVE('',#5493,#5494,#227,.T.);
#6221=EDGE_CURVE('',#5495,#5494,#7236,.T.);
#6222=EDGE_CURVE('',#5495,#5496,#228,.T.);
#6223=EDGE_CURVE('',#5491,#5496,#389,.T.);
#6224=EDGE_CURVE('',#5497,#5497,#7237,.T.);
#6225=EDGE_CURVE('',#5498,#5499,#7238,.T.);
#6226=EDGE_CURVE('',#5498,#5500,#229,.T.);
#6227=EDGE_CURVE('',#5468,#5500,#390,.T.);
#6228=EDGE_CURVE('',#5501,#5467,#391,.T.);
#6229=EDGE_CURVE('',#5501,#5499,#230,.T.);
#6230=EDGE_CURVE('',#5502,#5503,#7239,.T.);
#6231=EDGE_CURVE('',#5504,#5503,#392,.T.);
#6232=EDGE_CURVE('',#5504,#5505,#231,.T.);
#6233=EDGE_CURVE('',#5506,#5505,#7240,.T.);
#6234=EDGE_CURVE('',#5506,#5507,#232,.T.);
#6235=EDGE_CURVE('',#5502,#5507,#393,.T.);
#6236=EDGE_CURVE('',#5508,#5508,#7241,.T.);
#6237=EDGE_CURVE('',#5509,#5510,#7242,.T.);
#6238=EDGE_CURVE('',#5509,#5511,#233,.T.);
#6239=EDGE_CURVE('',#5462,#5511,#394,.T.);
#6240=EDGE_CURVE('',#5512,#5461,#395,.T.);
#6241=EDGE_CURVE('',#5512,#5510,#234,.T.);
#6242=EDGE_CURVE('',#5513,#5514,#396,.T.);
#6243=EDGE_CURVE('',#5428,#5514,#235,.T.);
#6244=EDGE_CURVE('',#5515,#5427,#236,.T.);
#6245=EDGE_CURVE('',#5515,#5516,#397,.T.);
#6246=EDGE_CURVE('',#5513,#5516,#1790,.T.);
#6247=EDGE_CURVE('',#5517,#5517,#7243,.T.);
#6248=EDGE_CURVE('',#5518,#5519,#398,.T.);
#6249=EDGE_CURVE('',#5424,#5519,#237,.T.);
#6250=EDGE_CURVE('',#5520,#5423,#238,.T.);
#6251=EDGE_CURVE('',#5520,#5521,#399,.T.);
#6252=EDGE_CURVE('',#5518,#5521,#1791,.T.);
#6253=EDGE_CURVE('',#5522,#5522,#7244,.T.);
#6254=EDGE_CURVE('',#5523,#5524,#400,.T.);
#6255=EDGE_CURVE('',#5420,#5524,#239,.T.);
#6256=EDGE_CURVE('',#5525,#5419,#240,.T.);
#6257=EDGE_CURVE('',#5525,#5526,#401,.T.);
#6258=EDGE_CURVE('',#5523,#5526,#1792,.T.);
#6259=EDGE_CURVE('',#5527,#5528,#402,.T.);
#6260=EDGE_CURVE('',#5528,#5529,#403,.T.);
#6261=EDGE_CURVE('',#5529,#5530,#404,.T.);
#6262=EDGE_CURVE('',#5530,#5527,#405,.T.);
#6263=EDGE_CURVE('',#5531,#5532,#406,.T.);
#6264=EDGE_CURVE('',#5531,#5533,#407,.T.);
#6265=EDGE_CURVE('',#5534,#5533,#408,.T.);
#6266=EDGE_CURVE('',#5532,#5534,#409,.T.);
#6267=EDGE_CURVE('',#5535,#5536,#410,.T.);
#6268=EDGE_CURVE('',#5535,#5537,#411,.T.);
#6269=EDGE_CURVE('',#5537,#5538,#7245,.T.);
#6270=EDGE_CURVE('',#5538,#5539,#412,.T.);
#6271=EDGE_CURVE('',#5539,#5540,#413,.T.);
#6272=EDGE_CURVE('',#5540,#5541,#414,.T.);
#6273=EDGE_CURVE('',#5541,#5536,#7246,.T.);
#6274=EDGE_CURVE('',#5542,#5543,#415,.T.);
#6275=EDGE_CURVE('',#5542,#5544,#7247,.T.);
#6276=EDGE_CURVE('',#5545,#5544,#416,.T.);
#6277=EDGE_CURVE('',#5546,#5545,#417,.T.);
#6278=EDGE_CURVE('',#5547,#5546,#418,.T.);
#6279=EDGE_CURVE('',#5548,#5547,#419,.T.);
#6280=EDGE_CURVE('',#5548,#5543,#420,.T.);
#6281=EDGE_CURVE('',#5549,#5550,#7248,.T.);
#6282=EDGE_CURVE('',#5550,#5536,#421,.T.);
#6283=EDGE_CURVE('',#5549,#5541,#422,.T.);
#6284=EDGE_CURVE('',#5542,#5551,#423,.T.);
#6285=EDGE_CURVE('',#5551,#5552,#7249,.T.);
#6286=EDGE_CURVE('',#5544,#5552,#424,.T.);
#6287=EDGE_CURVE('',#5553,#5554,#7250,.T.);
#6288=EDGE_CURVE('',#5553,#5555,#241,.T.);
#6289=EDGE_CURVE('',#5555,#5550,#242,.T.);
#6290=EDGE_CURVE('',#5554,#5549,#7251,.T.);
#6291=EDGE_CURVE('',#5551,#5556,#243,.T.);
#6292=EDGE_CURVE('',#5556,#5557,#244,.T.);
#6293=EDGE_CURVE('',#5558,#5557,#7252,.T.);
#6294=EDGE_CURVE('',#5558,#5552,#7253,.T.);
#6295=EDGE_CURVE('',#5559,#5560,#425,.T.);
#6296=EDGE_CURVE('',#5561,#5559,#426,.T.);
#6297=EDGE_CURVE('',#5562,#5561,#427,.T.);
#6298=EDGE_CURVE('',#5562,#5560,#428,.T.);
#6299=EDGE_CURVE('',#5563,#5564,#429,.T.);
#6300=EDGE_CURVE('',#5563,#5565,#430,.T.);
#6301=EDGE_CURVE('',#5566,#5565,#431,.T.);
#6302=EDGE_CURVE('',#5564,#5566,#432,.T.);
#6303=EDGE_CURVE('',#5567,#5568,#433,.T.);
#6304=EDGE_CURVE('',#5568,#5569,#434,.T.);
#6305=EDGE_CURVE('',#5569,#5570,#435,.T.);
#6306=EDGE_CURVE('',#5570,#5571,#436,.T.);
#6307=EDGE_CURVE('',#5571,#5572,#437,.T.);
#6308=EDGE_CURVE('',#5572,#5573,#438,.T.);
#6309=EDGE_CURVE('',#5573,#5574,#439,.T.);
#6310=EDGE_CURVE('',#5575,#5574,#440,.T.);
#6311=EDGE_CURVE('',#5575,#5576,#441,.T.);
#6312=EDGE_CURVE('',#5576,#5577,#442,.T.);
#6313=EDGE_CURVE('',#5578,#5577,#443,.T.);
#6314=EDGE_CURVE('',#5579,#5578,#444,.T.);
#6315=EDGE_CURVE('',#5579,#5580,#445,.T.);
#6316=EDGE_CURVE('',#5580,#5581,#446,.T.);
#6317=EDGE_CURVE('',#5582,#5581,#447,.T.);
#6318=EDGE_CURVE('',#5582,#5583,#448,.T.);
#6319=EDGE_CURVE('',#5584,#5583,#449,.T.);
#6320=EDGE_CURVE('',#5567,#5584,#450,.T.);
#6321=EDGE_CURVE('',#5585,#5586,#451,.T.);
#6322=EDGE_CURVE('',#5586,#5587,#452,.T.);
#6323=EDGE_CURVE('',#5587,#5588,#453,.T.);
#6324=EDGE_CURVE('',#5588,#5585,#454,.T.);
#6325=EDGE_CURVE('',#5568,#5589,#455,.T.);
#6326=EDGE_CURVE('',#5590,#5567,#456,.T.);
#6327=EDGE_CURVE('',#5591,#5590,#457,.T.);
#6328=EDGE_CURVE('',#5592,#5591,#458,.T.);
#6329=EDGE_CURVE('',#5592,#5589,#459,.T.);
#6330=EDGE_CURVE('',#5593,#5587,#460,.T.);
#6331=EDGE_CURVE('',#5593,#5594,#461,.T.);
#6332=EDGE_CURVE('',#5594,#5595,#7254,.T.);
#6333=EDGE_CURVE('',#5595,#5596,#462,.T.);
#6334=EDGE_CURVE('',#5596,#5597,#463,.T.);
#6335=EDGE_CURVE('',#5597,#5598,#464,.T.);
#6336=EDGE_CURVE('',#5598,#5588,#7255,.T.);
#6337=EDGE_CURVE('',#5569,#5599,#7256,.T.);
#6338=EDGE_CURVE('',#5599,#5600,#245,.T.);
#6339=EDGE_CURVE('',#5601,#5600,#465,.T.);
#6340=EDGE_CURVE('',#5570,#5601,#7257,.T.);
#6341=EDGE_CURVE('',#5602,#5603,#466,.T.);
#6342=EDGE_CURVE('',#5602,#5604,#246,.T.);
#6343=EDGE_CURVE('',#5604,#5586,#7258,.T.);
#6344=EDGE_CURVE('',#5585,#5603,#7259,.T.);
#6345=EDGE_CURVE('',#5523,#5491,#467,.T.);
#6346=EDGE_CURVE('',#5481,#5526,#468,.T.);
#6347=EDGE_CURVE('',#5491,#5481,#469,.T.);
#6348=EDGE_CURVE('',#5518,#5502,#470,.T.);
#6349=EDGE_CURVE('',#5492,#5521,#471,.T.);
#6350=EDGE_CURVE('',#5502,#5492,#472,.T.);
#6351=EDGE_CURVE('',#5513,#5474,#473,.T.);
#6352=EDGE_CURVE('',#5503,#5516,#474,.T.);
#6353=EDGE_CURVE('',#5474,#5503,#475,.T.);
#6354=EDGE_CURVE('',#5605,#5606,#476,.T.);
#6355=EDGE_CURVE('',#5606,#5549,#477,.T.);
#6356=EDGE_CURVE('',#5540,#5607,#478,.T.);
#6357=EDGE_CURVE('',#5608,#5607,#479,.T.);
#6358=EDGE_CURVE('',#5608,#5434,#480,.T.);
#6359=EDGE_CURVE('',#5433,#5609,#481,.T.);
#6360=EDGE_CURVE('',#5609,#5610,#482,.T.);
#6361=EDGE_CURVE('',#5611,#5610,#483,.T.);
#6362=EDGE_CURVE('',#5612,#5611,#484,.T.);
#6363=EDGE_CURVE('',#5605,#5612,#485,.T.);
#6364=EDGE_CURVE('',#5613,#5614,#486,.T.);
#6365=EDGE_CURVE('',#5614,#5615,#487,.T.);
#6366=EDGE_CURVE('',#5616,#5615,#488,.T.);
#6367=EDGE_CURVE('',#5617,#5616,#489,.T.);
#6368=EDGE_CURVE('',#5618,#5617,#490,.T.);
#6369=EDGE_CURVE('',#5618,#5619,#491,.T.);
#6370=EDGE_CURVE('',#5619,#5436,#492,.T.);
#6371=EDGE_CURVE('',#5435,#5620,#493,.T.);
#6372=EDGE_CURVE('',#5621,#5620,#494,.T.);
#6373=EDGE_CURVE('',#5545,#5621,#495,.T.);
#6374=EDGE_CURVE('',#5552,#5622,#496,.T.);
#6375=EDGE_CURVE('',#5622,#5623,#497,.T.);
#6376=EDGE_CURVE('',#5624,#5623,#498,.T.);
#6377=EDGE_CURVE('',#5624,#5625,#499,.T.);
#6378=EDGE_CURVE('',#5625,#5613,#500,.T.);
#6379=EDGE_CURVE('',#5626,#5627,#501,.T.);
#6380=EDGE_CURVE('',#5628,#5626,#502,.T.);
#6381=EDGE_CURVE('',#5629,#5628,#503,.T.);
#6382=EDGE_CURVE('',#5629,#5627,#504,.T.);
#6383=EDGE_CURVE('',#5630,#5631,#505,.T.);
#6384=EDGE_CURVE('',#5630,#5632,#506,.T.);
#6385=EDGE_CURVE('',#5633,#5632,#507,.T.);
#6386=EDGE_CURVE('',#5631,#5633,#508,.T.);
#6387=EDGE_CURVE('',#5634,#5635,#509,.T.);
#6388=EDGE_CURVE('',#5634,#5636,#510,.T.);
#6389=EDGE_CURVE('',#5636,#5598,#511,.T.);
#6390=EDGE_CURVE('',#5597,#5637,#512,.T.);
#6391=EDGE_CURVE('',#5638,#5637,#513,.T.);
#6392=EDGE_CURVE('',#5638,#5639,#514,.T.);
#6393=EDGE_CURVE('',#5639,#5438,#515,.T.);
#6394=EDGE_CURVE('',#5437,#5640,#516,.T.);
#6395=EDGE_CURVE('',#5641,#5640,#517,.T.);
#6396=EDGE_CURVE('',#5642,#5641,#518,.T.);
#6397=EDGE_CURVE('',#5635,#5642,#519,.T.);
#6398=EDGE_CURVE('',#5639,#5582,#7260,.T.);
#6399=EDGE_CURVE('',#5581,#5609,#7261,.T.);
#6400=EDGE_CURVE('',#5643,#5643,#7262,.T.);
#6401=EDGE_CURVE('',#5644,#5644,#7263,.T.);
#6402=EDGE_CURVE('',#5645,#5646,#7264,.T.);
#6403=EDGE_CURVE('',#5645,#5647,#520,.T.);
#6404=EDGE_CURVE('',#5648,#5647,#7265,.T.);
#6405=EDGE_CURVE('',#5646,#5648,#521,.T.);
#6406=EDGE_CURVE('',#5646,#5649,#522,.T.);
#6407=EDGE_CURVE('',#5650,#5648,#523,.T.);
#6408=EDGE_CURVE('',#5649,#5650,#524,.T.);
#6409=EDGE_CURVE('',#5651,#5652,#525,.T.);
#6410=EDGE_CURVE('',#5653,#5651,#526,.T.);
#6411=EDGE_CURVE('',#5653,#5654,#247,.T.);
#6412=EDGE_CURVE('',#5655,#5654,#527,.T.);
#6413=EDGE_CURVE('',#5652,#5655,#528,.T.);
#6414=EDGE_CURVE('',#5652,#5656,#7266,.T.);
#6415=EDGE_CURVE('',#5657,#5655,#7267,.T.);
#6416=EDGE_CURVE('',#5656,#5657,#529,.T.);
#6417=EDGE_CURVE('',#5656,#5658,#530,.T.);
#6418=EDGE_CURVE('',#5659,#5657,#531,.T.);
#6419=EDGE_CURVE('',#5659,#5660,#248,.T.);
#6420=EDGE_CURVE('',#5660,#5658,#532,.T.);
#6421=EDGE_CURVE('',#5661,#5662,#533,.T.);
#6422=EDGE_CURVE('',#5663,#5661,#534,.T.);
#6423=EDGE_CURVE('',#5663,#5664,#249,.T.);
#6424=EDGE_CURVE('',#5665,#5664,#535,.T.);
#6425=EDGE_CURVE('',#5662,#5665,#536,.T.);
#6426=EDGE_CURVE('',#5662,#5666,#7268,.T.);
#6427=EDGE_CURVE('',#5667,#5665,#7269,.T.);
#6428=EDGE_CURVE('',#5666,#5667,#537,.T.);
#6429=EDGE_CURVE('',#5666,#5668,#538,.T.);
#6430=EDGE_CURVE('',#5669,#5667,#539,.T.);
#6431=EDGE_CURVE('',#5669,#5670,#250,.T.);
#6432=EDGE_CURVE('',#5670,#5668,#540,.T.);
#6433=EDGE_CURVE('',#5660,#5663,#7270,.T.);
#6434=EDGE_CURVE('',#5661,#5658,#7271,.T.);
#6435=EDGE_CURVE('',#5671,#5672,#541,.T.);
#6436=EDGE_CURVE('',#5672,#5653,#7272,.T.);
#6437=EDGE_CURVE('',#5651,#5671,#7273,.T.);
#6438=EDGE_CURVE('',#5673,#5553,#542,.T.);
#6439=EDGE_CURVE('',#5554,#5674,#543,.T.);
#6440=EDGE_CURVE('',#5674,#5675,#7274,.T.);
#6441=EDGE_CURVE('',#5675,#5676,#544,.T.);
#6442=EDGE_CURVE('',#5676,#5677,#545,.T.);
#6443=EDGE_CURVE('',#5678,#5677,#546,.T.);
#6444=EDGE_CURVE('',#5678,#5601,#547,.T.);
#6445=EDGE_CURVE('',#5600,#5679,#548,.T.);
#6446=EDGE_CURVE('',#5679,#5680,#549,.T.);
#6447=EDGE_CURVE('',#5680,#5602,#550,.T.);
#6448=EDGE_CURVE('',#5603,#5681,#7275,.T.);
#6449=EDGE_CURVE('',#5681,#5682,#551,.T.);
#6450=EDGE_CURVE('',#5682,#5683,#552,.T.);
#6451=EDGE_CURVE('',#5683,#5684,#553,.T.);
#6452=EDGE_CURVE('',#5684,#5685,#554,.T.);
#6453=EDGE_CURVE('',#5685,#5686,#555,.T.);
#6454=EDGE_CURVE('',#5687,#5686,#556,.T.);
#6455=EDGE_CURVE('',#5687,#5688,#557,.T.);
#6456=EDGE_CURVE('',#5688,#5558,#558,.T.);
#6457=EDGE_CURVE('',#5557,#5689,#559,.T.);
#6458=EDGE_CURVE('',#5689,#5673,#560,.T.);
#6459=EDGE_CURVE('',#5690,#5691,#7276,.T.);
#6460=EDGE_CURVE('',#5690,#5692,#7277,.T.);
#6461=EDGE_CURVE('',#5693,#5692,#7278,.T.);
#6462=EDGE_CURVE('',#5694,#5693,#561,.T.);
#6463=EDGE_CURVE('',#5694,#5695,#7279,.T.);
#6464=EDGE_CURVE('',#5695,#5696,#562,.T.);
#6465=EDGE_CURVE('',#5697,#5696,#7280,.T.);
#6466=EDGE_CURVE('',#5698,#5697,#563,.T.);
#6467=EDGE_CURVE('',#5698,#5699,#7281,.T.);
#6468=EDGE_CURVE('',#5699,#5700,#564,.T.);
#6469=EDGE_CURVE('',#5701,#5700,#7282,.T.);
#6470=EDGE_CURVE('',#5701,#5702,#7283,.T.);
#6471=EDGE_CURVE('',#5703,#5702,#7284,.T.);
#6472=EDGE_CURVE('',#5703,#5704,#565,.T.);
#6473=EDGE_CURVE('',#5704,#5705,#7285,.T.);
#6474=EDGE_CURVE('',#5706,#5705,#566,.T.);
#6475=EDGE_CURVE('',#5707,#5706,#7286,.T.);
#6476=EDGE_CURVE('',#5707,#5708,#7287,.T.);
#6477=EDGE_CURVE('',#5709,#5708,#7288,.T.);
#6478=EDGE_CURVE('',#5709,#5710,#567,.T.);
#6479=EDGE_CURVE('',#5710,#5711,#7289,.T.);
#6480=EDGE_CURVE('',#5712,#5711,#568,.T.);
#6481=EDGE_CURVE('',#5713,#5712,#7290,.T.);
#6482=EDGE_CURVE('',#5713,#5671,#7291,.T.);
#6483=EDGE_CURVE('',#5714,#5668,#7292,.T.);
#6484=EDGE_CURVE('',#5714,#5715,#7293,.T.);
#6485=EDGE_CURVE('',#5716,#5715,#7294,.T.);
#6486=EDGE_CURVE('',#5717,#5716,#569,.T.);
#6487=EDGE_CURVE('',#5717,#5718,#7295,.T.);
#6488=EDGE_CURVE('',#5719,#5718,#570,.T.);
#6489=EDGE_CURVE('',#5720,#5719,#7296,.T.);
#6490=EDGE_CURVE('',#5721,#5720,#571,.T.);
#6491=EDGE_CURVE('',#5721,#5722,#7297,.T.);
#6492=EDGE_CURVE('',#5723,#5722,#572,.T.);
#6493=EDGE_CURVE('',#5724,#5723,#7298,.T.);
#6494=EDGE_CURVE('',#5724,#5725,#7299,.T.);
#6495=EDGE_CURVE('',#5726,#5725,#7300,.T.);
#6496=EDGE_CURVE('',#5726,#5727,#573,.T.);
#6497=EDGE_CURVE('',#5727,#5728,#7301,.T.);
#6498=EDGE_CURVE('',#5729,#5728,#574,.T.);
#6499=EDGE_CURVE('',#5730,#5729,#7302,.T.);
#6500=EDGE_CURVE('',#5730,#5731,#7303,.T.);
#6501=EDGE_CURVE('',#5732,#5731,#7304,.T.);
#6502=EDGE_CURVE('',#5732,#5733,#575,.T.);
#6503=EDGE_CURVE('',#5733,#5734,#7305,.T.);
#6504=EDGE_CURVE('',#5735,#5734,#576,.T.);
#6505=EDGE_CURVE('',#5736,#5735,#7306,.T.);
#6506=EDGE_CURVE('',#5736,#5737,#7307,.T.);
#6507=EDGE_CURVE('',#5738,#5737,#7308,.T.);
#6508=EDGE_CURVE('',#5738,#5739,#577,.T.);
#6509=EDGE_CURVE('',#5739,#5740,#7309,.T.);
#6510=EDGE_CURVE('',#5740,#5741,#578,.T.);
#6511=EDGE_CURVE('',#5742,#5741,#7310,.T.);
#6512=EDGE_CURVE('',#5742,#5743,#579,.T.);
#6513=EDGE_CURVE('',#5743,#5744,#7311,.T.);
#6514=EDGE_CURVE('',#5744,#5691,#580,.T.);
#6515=EDGE_CURVE('',#5745,#5746,#581,.T.);
#6516=EDGE_CURVE('',#5745,#5747,#7312,.T.);
#6517=EDGE_CURVE('',#5747,#5748,#7313,.T.);
#6518=EDGE_CURVE('',#5748,#5749,#7314,.T.);
#6519=EDGE_CURVE('',#5749,#5750,#582,.T.);
#6520=EDGE_CURVE('',#5750,#5751,#7315,.T.);
#6521=EDGE_CURVE('',#5751,#5752,#583,.T.);
#6522=EDGE_CURVE('',#5752,#5753,#7316,.T.);
#6523=EDGE_CURVE('',#5753,#5754,#584,.T.);
#6524=EDGE_CURVE('',#5754,#5755,#7317,.T.);
#6525=EDGE_CURVE('',#5755,#5756,#585,.T.);
#6526=EDGE_CURVE('',#5756,#5757,#7318,.T.);
#6527=EDGE_CURVE('',#5757,#5758,#7319,.T.);
#6528=EDGE_CURVE('',#5758,#5759,#7320,.T.);
#6529=EDGE_CURVE('',#5760,#5759,#586,.T.);
#6530=EDGE_CURVE('',#5761,#5760,#7321,.T.);
#6531=EDGE_CURVE('',#5761,#5762,#587,.T.);
#6532=EDGE_CURVE('',#5762,#5763,#7322,.T.);
#6533=EDGE_CURVE('',#5763,#5764,#7323,.T.);
#6534=EDGE_CURVE('',#5764,#5765,#7324,.T.);
#6535=EDGE_CURVE('',#5766,#5765,#588,.T.);
#6536=EDGE_CURVE('',#5766,#5767,#7325,.T.);
#6537=EDGE_CURVE('',#5767,#5768,#589,.T.);
#6538=EDGE_CURVE('',#5768,#5769,#7326,.T.);
#6539=EDGE_CURVE('',#5769,#5770,#7327,.T.);
#6540=EDGE_CURVE('',#5770,#5771,#7328,.T.);
#6541=EDGE_CURVE('',#5772,#5771,#590,.T.);
#6542=EDGE_CURVE('',#5773,#5772,#7329,.T.);
#6543=EDGE_CURVE('',#5774,#5773,#591,.T.);
#6544=EDGE_CURVE('',#5774,#5775,#7330,.T.);
#6545=EDGE_CURVE('',#5776,#5775,#592,.T.);
#6546=EDGE_CURVE('',#5777,#5776,#7331,.T.);
#6547=EDGE_CURVE('',#5778,#5777,#593,.T.);
#6548=EDGE_CURVE('',#5778,#5779,#7332,.T.);
#6549=EDGE_CURVE('',#5779,#5780,#7333,.T.);
#6550=EDGE_CURVE('',#5780,#5669,#7334,.T.);
#6551=EDGE_CURVE('',#5664,#5659,#7335,.T.);
#6552=EDGE_CURVE('',#5654,#5781,#7336,.T.);
#6553=EDGE_CURVE('',#5781,#5782,#7337,.T.);
#6554=EDGE_CURVE('',#5782,#5783,#7338,.T.);
#6555=EDGE_CURVE('',#5784,#5783,#594,.T.);
#6556=EDGE_CURVE('',#5785,#5784,#7339,.T.);
#6557=EDGE_CURVE('',#5785,#5786,#595,.T.);
#6558=EDGE_CURVE('',#5786,#5787,#7340,.T.);
#6559=EDGE_CURVE('',#5787,#5788,#7341,.T.);
#6560=EDGE_CURVE('',#5788,#5789,#7342,.T.);
#6561=EDGE_CURVE('',#5790,#5789,#596,.T.);
#6562=EDGE_CURVE('',#5790,#5791,#7343,.T.);
#6563=EDGE_CURVE('',#5791,#5792,#597,.T.);
#6564=EDGE_CURVE('',#5792,#5793,#7344,.T.);
#6565=EDGE_CURVE('',#5793,#5794,#7345,.T.);
#6566=EDGE_CURVE('',#5794,#5795,#7346,.T.);
#6567=EDGE_CURVE('',#5796,#5795,#598,.T.);
#6568=EDGE_CURVE('',#5797,#5796,#7347,.T.);
#6569=EDGE_CURVE('',#5798,#5797,#599,.T.);
#6570=EDGE_CURVE('',#5798,#5799,#7348,.T.);
#6571=EDGE_CURVE('',#5800,#5799,#600,.T.);
#6572=EDGE_CURVE('',#5746,#5800,#7349,.T.);
#6573=EDGE_CURVE('',#5647,#5801,#601,.T.);
#6574=EDGE_CURVE('',#5802,#5801,#602,.T.);
#6575=EDGE_CURVE('',#5803,#5802,#7350,.T.);
#6576=EDGE_CURVE('',#5804,#5803,#603,.T.);
#6577=EDGE_CURVE('',#5804,#5805,#604,.T.);
#6578=EDGE_CURVE('',#5805,#5806,#7351,.T.);
#6579=EDGE_CURVE('',#5806,#5527,#605,.T.);
#6580=EDGE_CURVE('',#5807,#5530,#7352,.T.);
#6581=EDGE_CURVE('',#5650,#5807,#606,.T.);
#6582=EDGE_CURVE('',#5808,#5809,#607,.T.);
#6583=EDGE_CURVE('',#5808,#5810,#608,.T.);
#6584=EDGE_CURVE('',#5810,#5811,#7353,.T.);
#6585=EDGE_CURVE('',#5811,#5812,#609,.T.);
#6586=EDGE_CURVE('',#5813,#5812,#610,.T.);
#6587=EDGE_CURVE('',#5814,#5813,#7354,.T.);
#6588=EDGE_CURVE('',#5815,#5814,#611,.T.);
#6589=EDGE_CURVE('',#5815,#5816,#612,.T.);
#6590=EDGE_CURVE('',#5816,#5817,#7355,.T.);
#6591=EDGE_CURVE('',#5817,#5818,#613,.T.);
#6592=EDGE_CURVE('',#5819,#5818,#614,.T.);
#6593=EDGE_CURVE('',#5809,#5819,#7356,.T.);
#6594=EDGE_CURVE('',#5820,#5820,#7357,.T.);
#6595=EDGE_CURVE('',#5821,#5821,#7358,.T.);
#6596=EDGE_CURVE('',#5822,#5822,#7359,.T.);
#6597=EDGE_CURVE('',#5823,#5824,#615,.T.);
#6598=EDGE_CURVE('',#5823,#5825,#616,.T.);
#6599=EDGE_CURVE('',#5825,#5534,#7360,.T.);
#6600=EDGE_CURVE('',#5826,#5533,#617,.T.);
#6601=EDGE_CURVE('',#5827,#5826,#7361,.T.);
#6602=EDGE_CURVE('',#5828,#5827,#618,.T.);
#6603=EDGE_CURVE('',#5828,#5829,#619,.T.);
#6604=EDGE_CURVE('',#5829,#5830,#7362,.T.);
#6605=EDGE_CURVE('',#5830,#5831,#620,.T.);
#6606=EDGE_CURVE('',#5832,#5831,#621,.T.);
#6607=EDGE_CURVE('',#5824,#5832,#7363,.T.);
#6608=EDGE_CURVE('',#5833,#5833,#7364,.T.);
#6609=EDGE_CURVE('',#5834,#5834,#7365,.T.);
#6610=EDGE_CURVE('',#5835,#5835,#7366,.T.);
#6611=EDGE_CURVE('',#5836,#5836,#7367,.T.);
#6612=EDGE_CURVE('',#5837,#5645,#622,.T.);
#6613=EDGE_CURVE('',#5837,#5801,#623,.T.);
#6614=EDGE_CURVE('',#5670,#5838,#7368,.T.);
#6615=EDGE_CURVE('',#5838,#5714,#624,.T.);
#6616=EDGE_CURVE('',#5839,#5696,#625,.T.);
#6617=EDGE_CURVE('',#5695,#5800,#626,.T.);
#6618=EDGE_CURVE('',#5799,#5839,#251,.T.);
#6619=EDGE_CURVE('',#5694,#5746,#627,.T.);
#6620=EDGE_CURVE('',#5840,#5693,#628,.T.);
#6621=EDGE_CURVE('',#5840,#5745,#252,.T.);
#6622=EDGE_CURVE('',#5698,#5797,#629,.T.);
#6623=EDGE_CURVE('',#5841,#5697,#630,.T.);
#6624=EDGE_CURVE('',#5841,#5798,#253,.T.);
#6625=EDGE_CURVE('',#5842,#5700,#631,.T.);
#6626=EDGE_CURVE('',#5699,#5796,#632,.T.);
#6627=EDGE_CURVE('',#5795,#5842,#254,.T.);
#6628=EDGE_CURVE('',#5818,#5843,#633,.T.);
#6629=EDGE_CURVE('',#5843,#5844,#634,.T.);
#6630=EDGE_CURVE('',#5844,#5819,#635,.T.);
#6631=EDGE_CURVE('',#5845,#5844,#7369,.T.);
#6632=EDGE_CURVE('',#5845,#5809,#636,.T.);
#6633=EDGE_CURVE('',#5846,#5846,#7370,.T.);
#6634=EDGE_CURVE('',#5692,#5847,#637,.T.);
#6635=EDGE_CURVE('',#5847,#5840,#7371,.T.);
#6636=EDGE_CURVE('',#5842,#5848,#7372,.T.);
#6637=EDGE_CURVE('',#5848,#5701,#638,.T.);
#6638=EDGE_CURVE('',#5839,#5841,#7373,.T.);
#6639=EDGE_CURVE('',#5845,#5849,#639,.T.);
#6640=EDGE_CURVE('',#5808,#5849,#640,.T.);
#6641=EDGE_CURVE('',#5850,#5850,#7374,.T.);
#6642=EDGE_CURVE('',#5851,#5738,#641,.T.);
#6643=EDGE_CURVE('',#5851,#5756,#255,.T.);
#6644=EDGE_CURVE('',#5739,#5755,#642,.T.);
#6645=EDGE_CURVE('',#5740,#5754,#643,.T.);
#6646=EDGE_CURVE('',#5753,#5852,#256,.T.);
#6647=EDGE_CURVE('',#5852,#5741,#644,.T.);
#6648=EDGE_CURVE('',#5852,#5853,#7375,.T.);
#6649=EDGE_CURVE('',#5853,#5742,#645,.T.);
#6650=EDGE_CURVE('',#5853,#5752,#257,.T.);
#6651=EDGE_CURVE('',#5743,#5751,#646,.T.);
#6652=EDGE_CURVE('',#5744,#5750,#647,.T.);
#6653=EDGE_CURVE('',#5749,#5854,#258,.T.);
#6654=EDGE_CURVE('',#5854,#5691,#648,.T.);
#6655=EDGE_CURVE('',#5854,#5855,#7376,.T.);
#6656=EDGE_CURVE('',#5855,#5690,#649,.T.);
#6657=EDGE_CURVE('',#5843,#5856,#650,.T.);
#6658=EDGE_CURVE('',#5856,#5817,#651,.T.);
#6659=EDGE_CURVE('',#5856,#5857,#7377,.T.);
#6660=EDGE_CURVE('',#5857,#5816,#652,.T.);
#6661=EDGE_CURVE('',#5737,#5858,#653,.T.);
#6662=EDGE_CURVE('',#5858,#5851,#7378,.T.);
#6663=EDGE_CURVE('',#5857,#5859,#654,.T.);
#6664=EDGE_CURVE('',#5859,#5815,#655,.T.);
#6665=EDGE_CURVE('',#5715,#5860,#656,.T.);
#6666=EDGE_CURVE('',#5860,#5861,#7379,.T.);
#6667=EDGE_CURVE('',#5861,#5716,#657,.T.);
#6668=EDGE_CURVE('',#5717,#5777,#658,.T.);
#6669=EDGE_CURVE('',#5861,#5778,#259,.T.);
#6670=EDGE_CURVE('',#5718,#5776,#659,.T.);
#6671=EDGE_CURVE('',#5862,#5719,#660,.T.);
#6672=EDGE_CURVE('',#5775,#5862,#260,.T.);
#6673=EDGE_CURVE('',#5862,#5863,#7380,.T.);
#6674=EDGE_CURVE('',#5863,#5720,#661,.T.);
#6675=EDGE_CURVE('',#5721,#5773,#662,.T.);
#6676=EDGE_CURVE('',#5863,#5774,#261,.T.);
#6677=EDGE_CURVE('',#5722,#5772,#663,.T.);
#6678=EDGE_CURVE('',#5864,#5864,#7381,.T.);
#6679=EDGE_CURVE('',#5865,#5866,#7382,.T.);
#6680=EDGE_CURVE('',#5865,#5803,#664,.T.);
#6681=EDGE_CURVE('',#5866,#5802,#665,.T.);
#6682=EDGE_CURVE('',#5837,#5866,#666,.T.);
#6683=EDGE_CURVE('',#5867,#5723,#667,.T.);
#6684=EDGE_CURVE('',#5771,#5867,#262,.T.);
#6685=EDGE_CURVE('',#5867,#5868,#7383,.T.);
#6686=EDGE_CURVE('',#5868,#5724,#668,.T.);
#6687=EDGE_CURVE('',#5865,#5869,#669,.T.);
#6688=EDGE_CURVE('',#5804,#5869,#670,.T.);
#6689=EDGE_CURVE('',#5704,#5791,#671,.T.);
#6690=EDGE_CURVE('',#5705,#5790,#672,.T.);
#6691=EDGE_CURVE('',#5870,#5706,#673,.T.);
#6692=EDGE_CURVE('',#5789,#5870,#263,.T.);
#6693=EDGE_CURVE('',#5870,#5871,#7384,.T.);
#6694=EDGE_CURVE('',#5871,#5707,#674,.T.);
#6695=EDGE_CURVE('',#5872,#5824,#675,.T.);
#6696=EDGE_CURVE('',#5872,#5873,#676,.T.);
#6697=EDGE_CURVE('',#5823,#5873,#677,.T.);
#6698=EDGE_CURVE('',#5872,#5874,#7385,.T.);
#6699=EDGE_CURVE('',#5874,#5832,#678,.T.);
#6700=EDGE_CURVE('',#5831,#5875,#679,.T.);
#6701=EDGE_CURVE('',#5875,#5874,#680,.T.);
#6702=EDGE_CURVE('',#5876,#5876,#7386,.T.);
#6703=EDGE_CURVE('',#5877,#5703,#681,.T.);
#6704=EDGE_CURVE('',#5877,#5792,#264,.T.);
#6705=EDGE_CURVE('',#5878,#5879,#7387,.T.);
#6706=EDGE_CURVE('',#5878,#5811,#682,.T.);
#6707=EDGE_CURVE('',#5879,#5810,#683,.T.);
#6708=EDGE_CURVE('',#5880,#5878,#684,.T.);
#6709=EDGE_CURVE('',#5880,#5812,#685,.T.);
#6710=EDGE_CURVE('',#5879,#5849,#686,.T.);
#6711=EDGE_CURVE('',#5702,#5881,#687,.T.);
#6712=EDGE_CURVE('',#5881,#5877,#7388,.T.);
#6713=EDGE_CURVE('',#5882,#5882,#7389,.T.);
#6714=EDGE_CURVE('',#5883,#5732,#688,.T.);
#6715=EDGE_CURVE('',#5883,#5762,#265,.T.);
#6716=EDGE_CURVE('',#5733,#5761,#689,.T.);
#6717=EDGE_CURVE('',#5734,#5760,#690,.T.);
#6718=EDGE_CURVE('',#5884,#5735,#691,.T.);
#6719=EDGE_CURVE('',#5759,#5884,#266,.T.);
#6720=EDGE_CURVE('',#5885,#5814,#692,.T.);
#6721=EDGE_CURVE('',#5885,#5859,#693,.T.);
#6722=EDGE_CURVE('',#5885,#5886,#7390,.T.);
#6723=EDGE_CURVE('',#5886,#5813,#694,.T.);
#6724=EDGE_CURVE('',#5880,#5886,#695,.T.);
#6725=EDGE_CURVE('',#5875,#5887,#696,.T.);
#6726=EDGE_CURVE('',#5887,#5830,#697,.T.);
#6727=EDGE_CURVE('',#5887,#5888,#7391,.T.);
#6728=EDGE_CURVE('',#5888,#5829,#698,.T.);
#6729=EDGE_CURVE('',#5884,#5889,#7392,.T.);
#6730=EDGE_CURVE('',#5889,#5736,#699,.T.);
#6731=EDGE_CURVE('',#5888,#5890,#700,.T.);
#6732=EDGE_CURVE('',#5890,#5828,#701,.T.);
#6733=EDGE_CURVE('',#5731,#5891,#702,.T.);
#6734=EDGE_CURVE('',#5891,#5883,#7393,.T.);
#6735=EDGE_CURVE('',#5710,#5785,#703,.T.);
#6736=EDGE_CURVE('',#5711,#5784,#704,.T.);
#6737=EDGE_CURVE('',#5892,#5712,#705,.T.);
#6738=EDGE_CURVE('',#5783,#5892,#267,.T.);
#6739=EDGE_CURVE('',#5892,#5893,#7394,.T.);
#6740=EDGE_CURVE('',#5893,#5713,#706,.T.);
#6741=EDGE_CURVE('',#5894,#5807,#707,.T.);
#6742=EDGE_CURVE('',#5894,#5649,#708,.T.);
#6743=EDGE_CURVE('',#5894,#5529,#7395,.T.);
#6744=EDGE_CURVE('',#5895,#5895,#7396,.T.);
#6745=EDGE_CURVE('',#5532,#5896,#7397,.T.);
#6746=EDGE_CURVE('',#5896,#5825,#709,.T.);
#6747=EDGE_CURVE('',#5897,#5709,#710,.T.);
#6748=EDGE_CURVE('',#5897,#5786,#268,.T.);
#6749=EDGE_CURVE('',#5896,#5873,#711,.T.);
#6750=EDGE_CURVE('',#5708,#5898,#712,.T.);
#6751=EDGE_CURVE('',#5898,#5897,#7398,.T.);
#6752=EDGE_CURVE('',#5725,#5899,#713,.T.);
#6753=EDGE_CURVE('',#5899,#5900,#7399,.T.);
#6754=EDGE_CURVE('',#5900,#5726,#714,.T.);
#6755=EDGE_CURVE('',#5900,#5768,#269,.T.);
#6756=EDGE_CURVE('',#5727,#5767,#715,.T.);
#6757=EDGE_CURVE('',#5728,#5766,#716,.T.);
#6758=EDGE_CURVE('',#5901,#5729,#717,.T.);
#6759=EDGE_CURVE('',#5765,#5901,#270,.T.);
#6760=EDGE_CURVE('',#5901,#5902,#7400,.T.);
#6761=EDGE_CURVE('',#5902,#5730,#718,.T.);
#6762=EDGE_CURVE('',#5903,#5903,#7401,.T.);
#6763=EDGE_CURVE('',#5904,#5869,#719,.T.);
#6764=EDGE_CURVE('',#5904,#5805,#720,.T.);
#6765=EDGE_CURVE('',#5905,#5904,#7402,.T.);
#6766=EDGE_CURVE('',#5905,#5806,#721,.T.);
#6767=EDGE_CURVE('',#5906,#5907,#7403,.T.);
#6768=EDGE_CURVE('',#5906,#5827,#722,.T.);
#6769=EDGE_CURVE('',#5907,#5826,#723,.T.);
#6770=EDGE_CURVE('',#5906,#5890,#724,.T.);
#6771=EDGE_CURVE('',#5528,#5905,#725,.T.);
#6772=EDGE_CURVE('',#5531,#5907,#726,.T.);
#6773=EDGE_CURVE('',#5908,#5909,#727,.T.);
#6774=EDGE_CURVE('',#5909,#5910,#728,.T.);
#6775=EDGE_CURVE('',#5911,#5910,#729,.T.);
#6776=EDGE_CURVE('',#5908,#5911,#730,.T.);
#6777=EDGE_CURVE('',#5912,#5909,#731,.T.);
#6778=EDGE_CURVE('',#5913,#5912,#732,.T.);
#6779=EDGE_CURVE('',#5910,#5913,#733,.T.);
#6780=EDGE_CURVE('',#5914,#5915,#734,.T.);
#6781=EDGE_CURVE('',#5916,#5914,#735,.T.);
#6782=EDGE_CURVE('',#5917,#5916,#736,.T.);
#6783=EDGE_CURVE('',#5917,#5918,#737,.T.);
#6784=EDGE_CURVE('',#5918,#5915,#738,.T.);
#6785=EDGE_CURVE('',#5919,#5920,#739,.T.);
#6786=EDGE_CURVE('',#5920,#5921,#7404,.T.);
#6787=EDGE_CURVE('',#5921,#5922,#740,.T.);
#6788=EDGE_CURVE('',#5916,#5922,#741,.T.);
#6789=EDGE_CURVE('',#5578,#5914,#742,.T.);
#6790=EDGE_CURVE('',#5577,#5605,#7405,.T.);
#6791=EDGE_CURVE('',#5612,#5919,#743,.T.);
#6792=EDGE_CURVE('',#5918,#5563,#744,.T.);
#6793=EDGE_CURVE('',#5923,#5917,#745,.T.);
#6794=EDGE_CURVE('',#5912,#5923,#746,.T.);
#6795=EDGE_CURVE('',#5565,#5908,#747,.T.);
#6796=EDGE_CURVE('',#5923,#5922,#748,.T.);
#6797=EDGE_CURVE('',#5923,#5924,#749,.T.);
#6798=EDGE_CURVE('',#5924,#5925,#7406,.T.);
#6799=EDGE_CURVE('',#5925,#5926,#750,.T.);
#6800=EDGE_CURVE('',#5926,#5611,#751,.T.);
#6801=EDGE_CURVE('',#5610,#5580,#7407,.T.);
#6802=EDGE_CURVE('',#5913,#5579,#752,.T.);
#6803=EDGE_CURVE('',#5915,#5564,#753,.T.);
#6804=EDGE_CURVE('',#5566,#5911,#754,.T.);
#6805=EDGE_CURVE('',#5927,#5928,#755,.T.);
#6806=EDGE_CURVE('',#5927,#5929,#7408,.T.);
#6807=EDGE_CURVE('',#5929,#5930,#756,.T.);
#6808=EDGE_CURVE('',#5928,#5930,#7409,.T.);
#6809=EDGE_CURVE('',#5928,#5931,#757,.T.);
#6810=EDGE_CURVE('',#5932,#5931,#758,.T.);
#6811=EDGE_CURVE('',#5927,#5932,#759,.T.);
#6812=EDGE_CURVE('',#5933,#5934,#760,.T.);
#6813=EDGE_CURVE('',#5934,#5935,#761,.T.);
#6814=EDGE_CURVE('',#5936,#5935,#762,.T.);
#6815=EDGE_CURVE('',#5930,#5936,#763,.T.);
#6816=EDGE_CURVE('',#5937,#5929,#764,.T.);
#6817=EDGE_CURVE('',#5938,#5937,#765,.T.);
#6818=EDGE_CURVE('',#5939,#5938,#766,.T.);
#6819=EDGE_CURVE('',#5939,#5940,#7410,.T.);
#6820=EDGE_CURVE('',#5940,#5941,#767,.T.);
#6821=EDGE_CURVE('',#5941,#5942,#7411,.T.);
#6822=EDGE_CURVE('',#5943,#5942,#768,.T.);
#6823=EDGE_CURVE('',#5571,#5943,#7412,.T.);
#6824=EDGE_CURVE('',#5944,#5678,#7413,.T.);
#6825=EDGE_CURVE('',#5945,#5944,#769,.T.);
#6826=EDGE_CURVE('',#5945,#5946,#770,.T.);
#6827=EDGE_CURVE('',#5946,#5947,#7414,.T.);
#6828=EDGE_CURVE('',#5948,#5947,#771,.T.);
#6829=EDGE_CURVE('',#5948,#5949,#772,.T.);
#6830=EDGE_CURVE('',#5950,#5949,#7415,.T.);
#6831=EDGE_CURVE('',#5951,#5950,#773,.T.);
#6832=EDGE_CURVE('',#5952,#5951,#7416,.T.);
#6833=EDGE_CURVE('',#5953,#5952,#774,.T.);
#6834=EDGE_CURVE('',#5953,#5954,#7417,.T.);
#6835=EDGE_CURVE('',#5933,#5954,#775,.T.);
#6836=EDGE_CURVE('',#5955,#5956,#776,.T.);
#6837=EDGE_CURVE('',#5956,#5957,#777,.T.);
#6838=EDGE_CURVE('',#5957,#5958,#778,.T.);
#6839=EDGE_CURVE('',#5955,#5958,#779,.T.);
#6840=EDGE_CURVE('',#5955,#5934,#7418,.T.);
#6841=EDGE_CURVE('',#5958,#5935,#1793,.T.);
#6842=EDGE_CURVE('',#5959,#5960,#780,.T.);
#6843=EDGE_CURVE('',#5961,#5959,#781,.T.);
#6844=EDGE_CURVE('',#5961,#5962,#782,.T.);
#6845=EDGE_CURVE('',#5962,#5960,#783,.T.);
#6846=EDGE_CURVE('',#5963,#5961,#784,.T.);
#6847=EDGE_CURVE('',#5963,#5964,#785,.T.);
#6848=EDGE_CURVE('',#5962,#5964,#786,.T.);
#6849=EDGE_CURVE('',#5936,#5965,#787,.T.);
#6850=EDGE_CURVE('',#5931,#5965,#788,.T.);
#6851=EDGE_CURVE('',#5966,#5965,#789,.T.);
#6852=EDGE_CURVE('',#5966,#5932,#790,.T.);
#6853=EDGE_CURVE('',#5937,#5966,#791,.T.);
#6854=EDGE_CURVE('',#5967,#5968,#792,.T.);
#6855=EDGE_CURVE('',#5968,#5969,#793,.T.);
#6856=EDGE_CURVE('',#5969,#5967,#7419,.T.);
#6857=EDGE_CURVE('',#5970,#5968,#794,.T.);
#6858=EDGE_CURVE('',#5970,#5971,#795,.T.);
#6859=EDGE_CURVE('',#5969,#5971,#796,.T.);
#6860=EDGE_CURVE('',#5967,#5949,#797,.T.);
#6861=EDGE_CURVE('',#5971,#5972,#7420,.T.);
#6862=EDGE_CURVE('',#5950,#5972,#798,.T.);
#6863=EDGE_CURVE('',#5973,#5951,#799,.T.);
#6864=EDGE_CURVE('',#5972,#5973,#800,.T.);
#6865=EDGE_CURVE('',#5974,#5952,#801,.T.);
#6866=EDGE_CURVE('',#5974,#5973,#7421,.T.);
#6867=EDGE_CURVE('',#5953,#5975,#802,.T.);
#6868=EDGE_CURVE('',#5974,#5975,#803,.T.);
#6869=EDGE_CURVE('',#5975,#5976,#7422,.T.);
#6870=EDGE_CURVE('',#5954,#5976,#804,.T.);
#6871=EDGE_CURVE('',#5933,#5977,#805,.T.);
#6872=EDGE_CURVE('',#5976,#5977,#806,.T.);
#6873=EDGE_CURVE('',#5977,#5978,#807,.T.);
#6874=EDGE_CURVE('',#5978,#5956,#7423,.T.);
#6875=EDGE_CURVE('',#5978,#5979,#808,.T.);
#6876=EDGE_CURVE('',#5979,#5957,#1794,.T.);
#6877=EDGE_CURVE('',#5980,#5979,#809,.T.);
#6878=EDGE_CURVE('',#5980,#5936,#810,.T.);
#6879=EDGE_CURVE('',#5981,#5980,#811,.T.);
#6880=EDGE_CURVE('',#5960,#5981,#7424,.T.);
#6881=EDGE_CURVE('',#5964,#5980,#812,.T.);
#6882=EDGE_CURVE('',#5982,#5981,#813,.T.);
#6883=EDGE_CURVE('',#5959,#5982,#7425,.T.);
#6884=EDGE_CURVE('',#5983,#5982,#814,.T.);
#6885=EDGE_CURVE('',#5963,#5983,#815,.T.);
#6886=EDGE_CURVE('',#5984,#5983,#816,.T.);
#6887=EDGE_CURVE('',#5938,#5984,#817,.T.);
#6888=EDGE_CURVE('',#5939,#5985,#818,.T.);
#6889=EDGE_CURVE('',#5984,#5985,#819,.T.);
#6890=EDGE_CURVE('',#5986,#5985,#7426,.T.);
#6891=EDGE_CURVE('',#5940,#5986,#820,.T.);
#6892=EDGE_CURVE('',#5943,#5987,#821,.T.);
#6893=EDGE_CURVE('',#5988,#5942,#822,.T.);
#6894=EDGE_CURVE('',#5987,#5988,#823,.T.);
#6895=EDGE_CURVE('',#5941,#5989,#824,.T.);
#6896=EDGE_CURVE('',#5989,#5988,#7427,.T.);
#6897=EDGE_CURVE('',#5986,#5989,#825,.T.);
#6898=EDGE_CURVE('',#5948,#5990,#826,.T.);
#6899=EDGE_CURVE('',#5990,#5970,#827,.T.);
#6900=EDGE_CURVE('',#5991,#5947,#828,.T.);
#6901=EDGE_CURVE('',#5990,#5991,#829,.T.);
#6902=EDGE_CURVE('',#5992,#5946,#830,.T.);
#6903=EDGE_CURVE('',#5992,#5991,#7428,.T.);
#6904=EDGE_CURVE('',#5945,#5993,#831,.T.);
#6905=EDGE_CURVE('',#5993,#5992,#832,.T.);
#6906=EDGE_CURVE('',#5994,#5944,#833,.T.);
#6907=EDGE_CURVE('',#5993,#5994,#834,.T.);
#6908=EDGE_CURVE('',#5994,#5677,#7429,.T.);
#6909=EDGE_CURVE('',#5572,#5995,#7430,.T.);
#6910=EDGE_CURVE('',#5995,#5573,#835,.T.);
#6911=EDGE_CURVE('',#5995,#5996,#836,.T.);
#6912=EDGE_CURVE('',#5996,#5574,#837,.T.);
#6913=EDGE_CURVE('',#5996,#5987,#7431,.T.);
#6914=EDGE_CURVE('',#5676,#5575,#7432,.T.);
#6915=EDGE_CURVE('',#5997,#5998,#838,.T.);
#6916=EDGE_CURVE('',#5999,#5997,#839,.T.);
#6917=EDGE_CURVE('',#6000,#5999,#840,.T.);
#6918=EDGE_CURVE('',#5998,#6000,#841,.T.);
#6919=EDGE_CURVE('',#5999,#6001,#842,.T.);
#6920=EDGE_CURVE('',#5997,#6002,#843,.T.);
#6921=EDGE_CURVE('',#6002,#6001,#844,.T.);
#6922=EDGE_CURVE('',#6003,#5590,#845,.T.);
#6923=EDGE_CURVE('',#6004,#6003,#846,.T.);
#6924=EDGE_CURVE('',#6004,#6005,#847,.T.);
#6925=EDGE_CURVE('',#5591,#6005,#848,.T.);
#6926=EDGE_CURVE('',#5560,#6004,#849,.T.);
#6927=EDGE_CURVE('',#6002,#5562,#850,.T.);
#6928=EDGE_CURVE('',#6006,#5998,#851,.T.);
#6929=EDGE_CURVE('',#6005,#6006,#852,.T.);
#6930=EDGE_CURVE('',#5584,#6000,#853,.T.);
#6931=EDGE_CURVE('',#6001,#5561,#854,.T.);
#6932=EDGE_CURVE('',#5559,#6003,#855,.T.);
#6933=EDGE_CURVE('',#6007,#6008,#856,.T.);
#6934=EDGE_CURVE('',#6008,#6009,#7433,.T.);
#6935=EDGE_CURVE('',#6009,#6006,#857,.T.);
#6936=EDGE_CURVE('',#5583,#5638,#7434,.T.);
#6937=EDGE_CURVE('',#5637,#6007,#858,.T.);
#6938=EDGE_CURVE('',#5592,#6006,#859,.T.);
#6939=EDGE_CURVE('',#6010,#6011,#860,.T.);
#6940=EDGE_CURVE('',#6012,#6010,#861,.T.);
#6941=EDGE_CURVE('',#6013,#6012,#862,.T.);
#6942=EDGE_CURVE('',#6011,#6013,#863,.T.);
#6943=EDGE_CURVE('',#6012,#6014,#864,.T.);
#6944=EDGE_CURVE('',#6010,#6015,#865,.T.);
#6945=EDGE_CURVE('',#6015,#6014,#866,.T.);
#6946=EDGE_CURVE('',#6016,#5546,#867,.T.);
#6947=EDGE_CURVE('',#6017,#6016,#868,.T.);
#6948=EDGE_CURVE('',#6017,#6018,#869,.T.);
#6949=EDGE_CURVE('',#5547,#6018,#870,.T.);
#6950=EDGE_CURVE('',#5627,#6017,#871,.T.);
#6951=EDGE_CURVE('',#6015,#5629,#872,.T.);
#6952=EDGE_CURVE('',#6019,#6011,#873,.T.);
#6953=EDGE_CURVE('',#6018,#6019,#874,.T.);
#6954=EDGE_CURVE('',#5621,#6013,#875,.T.);
#6955=EDGE_CURVE('',#6014,#5628,#876,.T.);
#6956=EDGE_CURVE('',#5626,#6016,#877,.T.);
#6957=EDGE_CURVE('',#6020,#6021,#878,.T.);
#6958=EDGE_CURVE('',#6021,#6022,#7435,.T.);
#6959=EDGE_CURVE('',#6022,#6019,#879,.T.);
#6960=EDGE_CURVE('',#5620,#5608,#7436,.T.);
#6961=EDGE_CURVE('',#5607,#6020,#880,.T.);
#6962=EDGE_CURVE('',#5548,#6019,#881,.T.);
#6963=EDGE_CURVE('',#6023,#6024,#882,.T.);
#6964=EDGE_CURVE('',#6023,#6025,#7437,.T.);
#6965=EDGE_CURVE('',#6025,#6026,#883,.T.);
#6966=EDGE_CURVE('',#6024,#6026,#7438,.T.);
#6967=EDGE_CURVE('',#6024,#6027,#884,.T.);
#6968=EDGE_CURVE('',#6028,#6027,#885,.T.);
#6969=EDGE_CURVE('',#6023,#6028,#886,.T.);
#6970=EDGE_CURVE('',#6029,#6030,#887,.T.);
#6971=EDGE_CURVE('',#6030,#6031,#888,.T.);
#6972=EDGE_CURVE('',#6032,#6031,#889,.T.);
#6973=EDGE_CURVE('',#6026,#6032,#890,.T.);
#6974=EDGE_CURVE('',#6033,#6025,#891,.T.);
#6975=EDGE_CURVE('',#6034,#6033,#892,.T.);
#6976=EDGE_CURVE('',#6035,#6034,#893,.T.);
#6977=EDGE_CURVE('',#6035,#6036,#7439,.T.);
#6978=EDGE_CURVE('',#6036,#6037,#894,.T.);
#6979=EDGE_CURVE('',#6037,#6038,#7440,.T.);
#6980=EDGE_CURVE('',#6039,#6038,#895,.T.);
#6981=EDGE_CURVE('',#5623,#6039,#7441,.T.);
#6982=EDGE_CURVE('',#5622,#5688,#7442,.T.);
#6983=EDGE_CURVE('',#6040,#5687,#7443,.T.);
#6984=EDGE_CURVE('',#6041,#6040,#896,.T.);
#6985=EDGE_CURVE('',#6041,#6042,#897,.T.);
#6986=EDGE_CURVE('',#6042,#6043,#7444,.T.);
#6987=EDGE_CURVE('',#6044,#6043,#898,.T.);
#6988=EDGE_CURVE('',#6044,#6045,#899,.T.);
#6989=EDGE_CURVE('',#6046,#6045,#7445,.T.);
#6990=EDGE_CURVE('',#6047,#6046,#900,.T.);
#6991=EDGE_CURVE('',#6048,#6047,#7446,.T.);
#6992=EDGE_CURVE('',#6049,#6048,#901,.T.);
#6993=EDGE_CURVE('',#6049,#6050,#7447,.T.);
#6994=EDGE_CURVE('',#6029,#6050,#902,.T.);
#6995=EDGE_CURVE('',#6051,#6052,#903,.T.);
#6996=EDGE_CURVE('',#6052,#6053,#904,.T.);
#6997=EDGE_CURVE('',#6053,#6054,#905,.T.);
#6998=EDGE_CURVE('',#6051,#6054,#906,.T.);
#6999=EDGE_CURVE('',#6051,#6030,#7448,.T.);
#7000=EDGE_CURVE('',#6054,#6031,#1795,.T.);
#7001=EDGE_CURVE('',#6055,#6056,#907,.T.);
#7002=EDGE_CURVE('',#6057,#6055,#908,.T.);
#7003=EDGE_CURVE('',#6057,#6058,#909,.T.);
#7004=EDGE_CURVE('',#6058,#6056,#910,.T.);
#7005=EDGE_CURVE('',#6059,#6057,#911,.T.);
#7006=EDGE_CURVE('',#6059,#6060,#912,.T.);
#7007=EDGE_CURVE('',#6058,#6060,#913,.T.);
#7008=EDGE_CURVE('',#6032,#6061,#914,.T.);
#7009=EDGE_CURVE('',#6027,#6061,#915,.T.);
#7010=EDGE_CURVE('',#6062,#6061,#916,.T.);
#7011=EDGE_CURVE('',#6062,#6028,#917,.T.);
#7012=EDGE_CURVE('',#6033,#6062,#918,.T.);
#7013=EDGE_CURVE('',#6063,#6064,#919,.T.);
#7014=EDGE_CURVE('',#6064,#6065,#920,.T.);
#7015=EDGE_CURVE('',#6065,#6063,#7449,.T.);
#7016=EDGE_CURVE('',#6066,#6064,#921,.T.);
#7017=EDGE_CURVE('',#6066,#6067,#922,.T.);
#7018=EDGE_CURVE('',#6065,#6067,#923,.T.);
#7019=EDGE_CURVE('',#6063,#6045,#924,.T.);
#7020=EDGE_CURVE('',#6067,#6068,#7450,.T.);
#7021=EDGE_CURVE('',#6046,#6068,#925,.T.);
#7022=EDGE_CURVE('',#6069,#6047,#926,.T.);
#7023=EDGE_CURVE('',#6068,#6069,#927,.T.);
#7024=EDGE_CURVE('',#6070,#6048,#928,.T.);
#7025=EDGE_CURVE('',#6070,#6069,#7451,.T.);
#7026=EDGE_CURVE('',#6049,#6071,#929,.T.);
#7027=EDGE_CURVE('',#6070,#6071,#930,.T.);
#7028=EDGE_CURVE('',#6071,#6072,#7452,.T.);
#7029=EDGE_CURVE('',#6050,#6072,#931,.T.);
#7030=EDGE_CURVE('',#6029,#6073,#932,.T.);
#7031=EDGE_CURVE('',#6072,#6073,#933,.T.);
#7032=EDGE_CURVE('',#6073,#6074,#934,.T.);
#7033=EDGE_CURVE('',#6074,#6052,#7453,.T.);
#7034=EDGE_CURVE('',#6074,#6075,#935,.T.);
#7035=EDGE_CURVE('',#6075,#6053,#1796,.T.);
#7036=EDGE_CURVE('',#6076,#6075,#936,.T.);
#7037=EDGE_CURVE('',#6076,#6032,#937,.T.);
#7038=EDGE_CURVE('',#6077,#6076,#938,.T.);
#7039=EDGE_CURVE('',#6056,#6077,#7454,.T.);
#7040=EDGE_CURVE('',#6060,#6076,#939,.T.);
#7041=EDGE_CURVE('',#6078,#6077,#940,.T.);
#7042=EDGE_CURVE('',#6055,#6078,#7455,.T.);
#7043=EDGE_CURVE('',#6079,#6078,#941,.T.);
#7044=EDGE_CURVE('',#6059,#6079,#942,.T.);
#7045=EDGE_CURVE('',#6080,#6079,#943,.T.);
#7046=EDGE_CURVE('',#6034,#6080,#944,.T.);
#7047=EDGE_CURVE('',#6035,#6081,#945,.T.);
#7048=EDGE_CURVE('',#6080,#6081,#946,.T.);
#7049=EDGE_CURVE('',#6082,#6081,#7456,.T.);
#7050=EDGE_CURVE('',#6036,#6082,#947,.T.);
#7051=EDGE_CURVE('',#6039,#6083,#948,.T.);
#7052=EDGE_CURVE('',#6084,#6038,#949,.T.);
#7053=EDGE_CURVE('',#6083,#6084,#950,.T.);
#7054=EDGE_CURVE('',#6037,#6085,#951,.T.);
#7055=EDGE_CURVE('',#6085,#6084,#7457,.T.);
#7056=EDGE_CURVE('',#6082,#6085,#952,.T.);
#7057=EDGE_CURVE('',#6044,#6086,#953,.T.);
#7058=EDGE_CURVE('',#6086,#6066,#954,.T.);
#7059=EDGE_CURVE('',#6087,#6043,#955,.T.);
#7060=EDGE_CURVE('',#6086,#6087,#956,.T.);
#7061=EDGE_CURVE('',#6088,#6042,#957,.T.);
#7062=EDGE_CURVE('',#6088,#6087,#7458,.T.);
#7063=EDGE_CURVE('',#6041,#6089,#958,.T.);
#7064=EDGE_CURVE('',#6089,#6088,#959,.T.);
#7065=EDGE_CURVE('',#6090,#6040,#960,.T.);
#7066=EDGE_CURVE('',#6089,#6090,#961,.T.);
#7067=EDGE_CURVE('',#6090,#5686,#7459,.T.);
#7068=EDGE_CURVE('',#5624,#6091,#7460,.T.);
#7069=EDGE_CURVE('',#6091,#5625,#962,.T.);
#7070=EDGE_CURVE('',#6091,#6092,#963,.T.);
#7071=EDGE_CURVE('',#6092,#5613,#964,.T.);
#7072=EDGE_CURVE('',#6092,#6083,#7461,.T.);
#7073=EDGE_CURVE('',#5685,#5614,#7462,.T.);
#7074=EDGE_CURVE('',#6093,#6094,#965,.T.);
#7075=EDGE_CURVE('',#6094,#6095,#966,.T.);
#7076=EDGE_CURVE('',#6096,#6095,#967,.T.);
#7077=EDGE_CURVE('',#6093,#6096,#968,.T.);
#7078=EDGE_CURVE('',#6097,#6094,#969,.T.);
#7079=EDGE_CURVE('',#6098,#6097,#970,.T.);
#7080=EDGE_CURVE('',#6095,#6098,#971,.T.);
#7081=EDGE_CURVE('',#6099,#6100,#972,.T.);
#7082=EDGE_CURVE('',#6101,#6099,#973,.T.);
#7083=EDGE_CURVE('',#6102,#6101,#974,.T.);
#7084=EDGE_CURVE('',#6102,#6103,#975,.T.);
#7085=EDGE_CURVE('',#6103,#6100,#976,.T.);
#7086=EDGE_CURVE('',#6104,#5616,#977,.T.);
#7087=EDGE_CURVE('',#5635,#6104,#978,.T.);
#7088=EDGE_CURVE('',#5642,#6105,#979,.T.);
#7089=EDGE_CURVE('',#6105,#6106,#980,.T.);
#7090=EDGE_CURVE('',#6106,#6107,#7463,.T.);
#7091=EDGE_CURVE('',#6107,#6108,#981,.T.);
#7092=EDGE_CURVE('',#6101,#6108,#982,.T.);
#7093=EDGE_CURVE('',#5617,#6099,#983,.T.);
#7094=EDGE_CURVE('',#6103,#5630,#984,.T.);
#7095=EDGE_CURVE('',#6109,#6102,#985,.T.);
#7096=EDGE_CURVE('',#6097,#6109,#986,.T.);
#7097=EDGE_CURVE('',#5632,#6093,#987,.T.);
#7098=EDGE_CURVE('',#6109,#6108,#988,.T.);
#7099=EDGE_CURVE('',#6109,#6110,#989,.T.);
#7100=EDGE_CURVE('',#6110,#6111,#7464,.T.);
#7101=EDGE_CURVE('',#6111,#6112,#990,.T.);
#7102=EDGE_CURVE('',#6112,#5641,#991,.T.);
#7103=EDGE_CURVE('',#5640,#5619,#7465,.T.);
#7104=EDGE_CURVE('',#6098,#5618,#992,.T.);
#7105=EDGE_CURVE('',#6100,#5631,#993,.T.);
#7106=EDGE_CURVE('',#5633,#6096,#994,.T.);
#7107=EDGE_CURVE('',#5925,#5920,#995,.T.);
#7108=EDGE_CURVE('',#5919,#5926,#996,.T.);
#7109=EDGE_CURVE('',#5921,#5924,#997,.T.);
#7110=EDGE_CURVE('',#5538,#6021,#998,.T.);
#7111=EDGE_CURVE('',#5539,#6020,#999,.T.);
#7112=EDGE_CURVE('',#6113,#5535,#1000,.T.);
#7113=EDGE_CURVE('',#6113,#6114,#1001,.T.);
#7114=EDGE_CURVE('',#6114,#5543,#1002,.T.);
#7115=EDGE_CURVE('',#6022,#5537,#1003,.T.);
#7116=EDGE_CURVE('',#5596,#6007,#1004,.T.);
#7117=EDGE_CURVE('',#5595,#6008,#1005,.T.);
#7118=EDGE_CURVE('',#6115,#5593,#1006,.T.);
#7119=EDGE_CURVE('',#6115,#6116,#1007,.T.);
#7120=EDGE_CURVE('',#6116,#5589,#1008,.T.);
#7121=EDGE_CURVE('',#6009,#5594,#1009,.T.);
#7122=EDGE_CURVE('',#6107,#6110,#1010,.T.);
#7123=EDGE_CURVE('',#6111,#6106,#1011,.T.);
#7124=EDGE_CURVE('',#6105,#6112,#1012,.T.);
#7125=EDGE_CURVE('',#5636,#5585,#7466,.T.);
#7126=EDGE_CURVE('',#5576,#5606,#7467,.T.);
#7127=EDGE_CURVE('',#5855,#5847,#7468,.T.);
#7128=EDGE_CURVE('',#5848,#5881,#7469,.T.);
#7129=EDGE_CURVE('',#5871,#5898,#7470,.T.);
#7130=EDGE_CURVE('',#5893,#5672,#7471,.T.);
#7131=EDGE_CURVE('',#5838,#5860,#7472,.T.);
#7132=EDGE_CURVE('',#5868,#5899,#7473,.T.);
#7133=EDGE_CURVE('',#5902,#5891,#7474,.T.);
#7134=EDGE_CURVE('',#5889,#5858,#7475,.T.);
#7135=EDGE_CURVE('',#5855,#5748,#7476,.T.);
#7136=EDGE_CURVE('',#5847,#5747,#7477,.T.);
#7137=EDGE_CURVE('',#5889,#5758,#7478,.T.);
#7138=EDGE_CURVE('',#5858,#5757,#7479,.T.);
#7139=EDGE_CURVE('',#5902,#5764,#7480,.T.);
#7140=EDGE_CURVE('',#5891,#5763,#7481,.T.);
#7141=EDGE_CURVE('',#5868,#5770,#7482,.T.);
#7142=EDGE_CURVE('',#5899,#5769,#7483,.T.);
#7143=EDGE_CURVE('',#5838,#5780,#7484,.T.);
#7144=EDGE_CURVE('',#5860,#5779,#7485,.T.);
#7145=EDGE_CURVE('',#5893,#5782,#7486,.T.);
#7146=EDGE_CURVE('',#5672,#5781,#7487,.T.);
#7147=EDGE_CURVE('',#5787,#5898,#7488,.T.);
#7148=EDGE_CURVE('',#5788,#5871,#7489,.T.);
#7149=EDGE_CURVE('',#5848,#5794,#7490,.T.);
#7150=EDGE_CURVE('',#5881,#5793,#7491,.T.);
#7151=EDGE_CURVE('',#5489,#5447,#1013,.T.);
#7152=EDGE_CURVE('',#5444,#5490,#1014,.T.);
#7153=EDGE_CURVE('',#5500,#5469,#1015,.T.);
#7154=EDGE_CURVE('',#5466,#5501,#1016,.T.);
#7155=EDGE_CURVE('',#5511,#5463,#1017,.T.);
#7156=EDGE_CURVE('',#5460,#5512,#1018,.T.);
#7157=EDGE_CURVE('',#5454,#5473,#1019,.T.);
#7158=EDGE_CURVE('',#5470,#5453,#1020,.T.);
#7159=EDGE_CURVE('',#5452,#6117,#7492,.T.);
#7160=EDGE_CURVE('',#6117,#6118,#1021,.T.);
#7161=EDGE_CURVE('',#6118,#5449,#7493,.T.);
#7162=EDGE_CURVE('',#5448,#5487,#1022,.T.);
#7163=EDGE_CURVE('',#5488,#5443,#1023,.T.);
#7164=EDGE_CURVE('',#5442,#5498,#1024,.T.);
#7165=EDGE_CURVE('',#5499,#5465,#1025,.T.);
#7166=EDGE_CURVE('',#5464,#5509,#1026,.T.);
#7167=EDGE_CURVE('',#5510,#5459,#1027,.T.);
#7168=EDGE_CURVE('',#5458,#5471,#1028,.T.);
#7169=EDGE_CURVE('',#5472,#5457,#1029,.T.);
#7170=EDGE_CURVE('',#5507,#5519,#1030,.T.);
#7171=EDGE_CURVE('',#5425,#5506,#1031,.T.);
#7172=EDGE_CURVE('',#5505,#5426,#1032,.T.);
#7173=EDGE_CURVE('',#5515,#5504,#1033,.T.);
#7174=EDGE_CURVE('',#5496,#5524,#1034,.T.);
#7175=EDGE_CURVE('',#5421,#5495,#1035,.T.);
#7176=EDGE_CURVE('',#5494,#5422,#1036,.T.);
#7177=EDGE_CURVE('',#5520,#5493,#1037,.T.);
#7178=EDGE_CURVE('',#5485,#5440,#1038,.T.);
#7179=EDGE_CURVE('',#5441,#5484,#1039,.T.);
#7180=EDGE_CURVE('',#5483,#5418,#1040,.T.);
#7181=EDGE_CURVE('',#5525,#5482,#1041,.T.);
#7182=EDGE_CURVE('',#5478,#5514,#1042,.T.);
#7183=EDGE_CURVE('',#5429,#5477,#1043,.T.);
#7184=EDGE_CURVE('',#5476,#5430,#1044,.T.);
#7185=EDGE_CURVE('',#5431,#5475,#1045,.T.);
#7186=EDGE_CURVE('',#6104,#6119,#1046,.T.);
#7187=EDGE_CURVE('',#6119,#5634,#1047,.T.);
#7188=EDGE_CURVE('',#5615,#6119,#1048,.T.);
#7189=EDGE_CURVE('',#5636,#5681,#7494,.T.);
#7190=EDGE_CURVE('',#5682,#5634,#1797,.T.);
#7191=EDGE_CURVE('',#6119,#5683,#1798,.T.);
#7192=EDGE_CURVE('',#5674,#5606,#7495,.T.);
#7193=EDGE_CURVE('',#5576,#5675,#7496,.T.);
#7194=EDGE_CURVE('',#5684,#5615,#1799,.T.);
#7195=EDGE_CURVE('',#6116,#6120,#1049,.T.);
#7196=EDGE_CURVE('',#6120,#5599,#1050,.T.);
#7197=EDGE_CURVE('',#5604,#6121,#1051,.T.);
#7198=EDGE_CURVE('',#6121,#6115,#1052,.T.);
#7199=EDGE_CURVE('',#5555,#6122,#1053,.T.);
#7200=EDGE_CURVE('',#6122,#6113,#1054,.T.);
#7201=EDGE_CURVE('',#6114,#6123,#1055,.T.);
#7202=EDGE_CURVE('',#6123,#5556,#1056,.T.);
#7203=EDGE_CURVE('',#5679,#6120,#1800,.T.);
#7204=EDGE_CURVE('',#6121,#5680,#1801,.T.);
#7205=EDGE_CURVE('',#6122,#5673,#1802,.T.);
#7206=EDGE_CURVE('',#5689,#6123,#1803,.T.);
#7207=EDGE_CURVE('',#6118,#5450,#1057,.T.);
#7208=EDGE_CURVE('',#6117,#5451,#1058,.T.);
#7209=EDGE_CURVE('',#6124,#6124,#7497,.T.);
#7210=EDGE_CURVE('',#6125,#6125,#7498,.T.);
#7211=EDGE_CURVE('',#6126,#6126,#7499,.T.);
#7212=EDGE_CURVE('',#6127,#6127,#7500,.T.);
#7213=EDGE_CURVE('',#6128,#6128,#7501,.T.);
#7214=EDGE_CURVE('',#6129,#6129,#7502,.T.);
#7215=EDGE_CURVE('',#6130,#6130,#7503,.T.);
#7216=EDGE_CURVE('',#6131,#6131,#7504,.T.);
#7217=EDGE_CURVE('',#6132,#6132,#7505,.T.);
#7218=EDGE_CURVE('',#6133,#6133,#7506,.T.);
#7219=EDGE_CURVE('',#6134,#6134,#7507,.T.);
#7220=EDGE_CURVE('',#6135,#6135,#7508,.T.);
#7221=EDGE_CURVE('',#6136,#6136,#7509,.T.);
#7222=EDGE_CURVE('',#6137,#6137,#7510,.T.);
#7223=EDGE_CURVE('',#6138,#6138,#7511,.T.);
#7224=EDGE_CURVE('',#6139,#6139,#7512,.T.);
#7225=CIRCLE('',#7514,1.);
#7226=CIRCLE('',#7544,4.8);
#7227=CIRCLE('',#7546,4.8);
#7228=CIRCLE('',#7547,4.8);
#7229=CIRCLE('',#7548,4.8);
#7230=CIRCLE('',#7550,4.8);
#7231=CIRCLE('',#7551,4.8);
#7232=CIRCLE('',#7552,4.8);
#7233=CIRCLE('',#7553,4.8);
#7234=CIRCLE('',#7555,4.8);
#7235=CIRCLE('',#7557,4.8);
#7236=CIRCLE('',#7558,4.8);
#7237=CIRCLE('',#7559,4.8);
#7238=CIRCLE('',#7561,4.8);
#7239=CIRCLE('',#7563,4.8);
#7240=CIRCLE('',#7564,4.8);
#7241=CIRCLE('',#7565,4.8);
#7242=CIRCLE('',#7567,4.8);
#7243=CIRCLE('',#7570,1.);
#7244=CIRCLE('',#7573,1.);
#7245=CIRCLE('',#7579,1.);
#7246=CIRCLE('',#7580,4.);
#7247=CIRCLE('',#7582,4.);
#7248=CIRCLE('',#7584,4.);
#7249=CIRCLE('',#7586,4.);
#7250=CIRCLE('',#7588,3.5);
#7251=CIRCLE('',#7589,0.5);
#7252=CIRCLE('',#7591,3.5);
#7253=CIRCLE('',#7592,0.5);
#7254=CIRCLE('',#7597,1.);
#7255=CIRCLE('',#7598,4.);
#7256=CIRCLE('',#7600,0.5);
#7257=CIRCLE('',#7601,0.5);
#7258=CIRCLE('',#7603,0.5);
#7259=CIRCLE('',#7604,0.5);
#7260=CIRCLE('',#7612,4.);
#7261=CIRCLE('',#7613,4.);
#7262=CIRCLE('',#7615,2.);
#7263=CIRCLE('',#7616,2.);
#7264=CIRCLE('',#7618,3.8);
#7265=CIRCLE('',#7619,3.8);
#7266=CIRCLE('',#7623,3.8);
#7267=CIRCLE('',#7624,3.8);
#7268=CIRCLE('',#7628,3.8);
#7269=CIRCLE('',#7629,3.8);
#7270=CIRCLE('',#7632,6.175);
#7271=CIRCLE('',#7633,6.175);
#7272=CIRCLE('',#7635,6.175);
#7273=CIRCLE('',#7636,6.175);
#7274=CIRCLE('',#7638,3.5);
#7275=CIRCLE('',#7639,3.5);
#7276=CIRCLE('',#7640,6.175);
#7277=CIRCLE('',#7641,1.);
#7278=CIRCLE('',#7642,6.175);
#7279=CIRCLE('',#7643,3.8);
#7280=CIRCLE('',#7644,6.175);
#7281=CIRCLE('',#7645,3.8);
#7282=CIRCLE('',#7646,6.175);
#7283=CIRCLE('',#7647,1.);
#7284=CIRCLE('',#7648,6.175);
#7285=CIRCLE('',#7649,3.8);
#7286=CIRCLE('',#7650,6.175);
#7287=CIRCLE('',#7651,1.);
#7288=CIRCLE('',#7652,6.175);
#7289=CIRCLE('',#7653,3.8);
#7290=CIRCLE('',#7654,6.175);
#7291=CIRCLE('',#7655,1.);
#7292=CIRCLE('',#7656,6.175);
#7293=CIRCLE('',#7657,1.);
#7294=CIRCLE('',#7658,6.175);
#7295=CIRCLE('',#7659,3.8);
#7296=CIRCLE('',#7660,6.175);
#7297=CIRCLE('',#7661,3.8);
#7298=CIRCLE('',#7662,6.175);
#7299=CIRCLE('',#7663,1.);
#7300=CIRCLE('',#7664,6.175);
#7301=CIRCLE('',#7665,3.8);
#7302=CIRCLE('',#7666,6.175);
#7303=CIRCLE('',#7667,1.);
#7304=CIRCLE('',#7668,6.175);
#7305=CIRCLE('',#7669,3.8);
#7306=CIRCLE('',#7670,6.175);
#7307=CIRCLE('',#7671,1.);
#7308=CIRCLE('',#7672,6.175);
#7309=CIRCLE('',#7673,3.8);
#7310=CIRCLE('',#7674,6.175);
#7311=CIRCLE('',#7675,3.8);
#7312=CIRCLE('',#7677,5.175);
#7313=CIRCLE('',#7678,2.);
#7314=CIRCLE('',#7679,5.175);
#7315=CIRCLE('',#7680,3.8);
#7316=CIRCLE('',#7681,5.175);
#7317=CIRCLE('',#7682,3.8);
#7318=CIRCLE('',#7683,5.175);
#7319=CIRCLE('',#7684,2.);
#7320=CIRCLE('',#7685,5.175);
#7321=CIRCLE('',#7686,3.8);
#7322=CIRCLE('',#7687,5.175);
#7323=CIRCLE('',#7688,2.);
#7324=CIRCLE('',#7689,5.175);
#7325=CIRCLE('',#7690,3.8);
#7326=CIRCLE('',#7691,5.175);
#7327=CIRCLE('',#7692,2.);
#7328=CIRCLE('',#7693,5.175);
#7329=CIRCLE('',#7694,3.8);
#7330=CIRCLE('',#7695,5.175);
#7331=CIRCLE('',#7696,3.8);
#7332=CIRCLE('',#7697,5.175);
#7333=CIRCLE('',#7698,2.);
#7334=CIRCLE('',#7699,5.175);
#7335=CIRCLE('',#7700,5.175);
#7336=CIRCLE('',#7701,5.175);
#7337=CIRCLE('',#7702,2.);
#7338=CIRCLE('',#7703,5.175);
#7339=CIRCLE('',#7704,3.8);
#7340=CIRCLE('',#7705,5.175);
#7341=CIRCLE('',#7706,2.);
#7342=CIRCLE('',#7707,5.175);
#7343=CIRCLE('',#7708,3.8);
#7344=CIRCLE('',#7709,5.175);
#7345=CIRCLE('',#7710,2.);
#7346=CIRCLE('',#7711,5.175);
#7347=CIRCLE('',#7712,3.8);
#7348=CIRCLE('',#7713,5.175);
#7349=CIRCLE('',#7714,3.8);
#7350=CIRCLE('',#7715,3.8);
#7351=CIRCLE('',#7716,3.8);
#7352=CIRCLE('',#7717,3.8);
#7353=CIRCLE('',#7718,3.8);
#7354=CIRCLE('',#7719,3.8);
#7355=CIRCLE('',#7720,3.8);
#7356=CIRCLE('',#7721,3.8);
#7357=CIRCLE('',#7722,2.);
#7358=CIRCLE('',#7723,2.);
#7359=CIRCLE('',#7724,2.);
#7360=CIRCLE('',#7725,3.8);
#7361=CIRCLE('',#7726,3.8);
#7362=CIRCLE('',#7727,3.8);
#7363=CIRCLE('',#7728,3.8);
#7364=CIRCLE('',#7729,2.);
#7365=CIRCLE('',#7730,2.);
#7366=CIRCLE('',#7731,2.);
#7367=CIRCLE('',#7732,2.);
#7368=CIRCLE('',#7735,6.175);
#7369=CIRCLE('',#7744,3.8);
#7370=CIRCLE('',#7746,2.);
#7371=CIRCLE('',#7748,6.175);
#7372=CIRCLE('',#7750,6.175);
#7373=CIRCLE('',#7752,6.175);
#7374=CIRCLE('',#7755,2.);
#7375=CIRCLE('',#7760,6.175);
#7376=CIRCLE('',#7765,6.175);
#7377=CIRCLE('',#7768,3.8);
#7378=CIRCLE('',#7770,6.175);
#7379=CIRCLE('',#7773,6.175);
#7380=CIRCLE('',#7778,6.175);
#7381=CIRCLE('',#7782,2.);
#7382=CIRCLE('',#7784,3.8);
#7383=CIRCLE('',#7788,6.175);
#7384=CIRCLE('',#7793,6.175);
#7385=CIRCLE('',#7796,3.8);
#7386=CIRCLE('',#7799,2.);
#7387=CIRCLE('',#7802,3.8);
#7388=CIRCLE('',#7806,6.175);
#7389=CIRCLE('',#7808,2.);
#7390=CIRCLE('',#7814,3.8);
#7391=CIRCLE('',#7818,3.8);
#7392=CIRCLE('',#7820,6.175);
#7393=CIRCLE('',#7823,6.175);
#7394=CIRCLE('',#7827,6.175);
#7395=CIRCLE('',#7830,3.8);
#7396=CIRCLE('',#7832,2.);
#7397=CIRCLE('',#7834,3.8);
#7398=CIRCLE('',#7838,6.175);
#7399=CIRCLE('',#7840,6.175);
#7400=CIRCLE('',#7845,6.175);
#7401=CIRCLE('',#7847,2.);
#7402=CIRCLE('',#7850,3.8);
#7403=CIRCLE('',#7852,3.8);
#7404=CIRCLE('',#7860,1.);
#7405=CIRCLE('',#7861,4.);
#7406=CIRCLE('',#7865,1.);
#7407=CIRCLE('',#7866,4.);
#7408=CIRCLE('',#7871,0.2);
#7409=CIRCLE('',#7872,0.2);
#7410=CIRCLE('',#7875,6.);
#7411=CIRCLE('',#7876,0.4);
#7412=CIRCLE('',#7877,0.7);
#7413=CIRCLE('',#7878,2.);
#7414=CIRCLE('',#7879,2.);
#7415=CIRCLE('',#7880,0.1);
#7416=CIRCLE('',#7881,0.2);
#7417=CIRCLE('',#7882,0.5);
#7418=CIRCLE('',#7885,1.);
#7419=CIRCLE('',#7893,0.1);
#7420=CIRCLE('',#7896,0.1);
#7421=CIRCLE('',#7899,0.2);
#7422=CIRCLE('',#7902,0.5);
#7423=CIRCLE('',#7905,1.);
#7424=CIRCLE('',#7910,0.2);
#7425=CIRCLE('',#7912,0.2);
#7426=CIRCLE('',#7917,6.);
#7427=CIRCLE('',#7920,0.4);
#7428=CIRCLE('',#7925,2.);
#7429=CIRCLE('',#7929,2.);
#7430=CIRCLE('',#7931,0.7);
#7431=CIRCLE('',#7934,0.7);
#7432=CIRCLE('',#7935,0.5);
#7433=CIRCLE('',#7945,1.);
#7434=CIRCLE('',#7946,4.);
#7435=CIRCLE('',#7956,1.);
#7436=CIRCLE('',#7957,4.);
#7437=CIRCLE('',#7960,0.2);
#7438=CIRCLE('',#7961,0.2);
#7439=CIRCLE('',#7964,6.);
#7440=CIRCLE('',#7965,0.4);
#7441=CIRCLE('',#7966,0.7);
#7442=CIRCLE('',#7967,0.5);
#7443=CIRCLE('',#7968,2.);
#7444=CIRCLE('',#7969,2.);
#7445=CIRCLE('',#7970,0.1);
#7446=CIRCLE('',#7971,0.2);
#7447=CIRCLE('',#7972,0.5);
#7448=CIRCLE('',#7975,1.);
#7449=CIRCLE('',#7983,0.1);
#7450=CIRCLE('',#7986,0.1);
#7451=CIRCLE('',#7989,0.2);
#7452=CIRCLE('',#7992,0.5);
#7453=CIRCLE('',#7995,1.);
#7454=CIRCLE('',#8000,0.2);
#7455=CIRCLE('',#8002,0.2);
#7456=CIRCLE('',#8007,6.);
#7457=CIRCLE('',#8010,0.4);
#7458=CIRCLE('',#8015,2.);
#7459=CIRCLE('',#8019,2.);
#7460=CIRCLE('',#8021,0.7);
#7461=CIRCLE('',#8024,0.7);
#7462=CIRCLE('',#8025,0.5);
#7463=CIRCLE('',#8031,1.);
#7464=CIRCLE('',#8035,1.);
#7465=CIRCLE('',#8036,4.);
#7466=CIRCLE('',#8059,4.);
#7467=CIRCLE('',#8063,4.);
#7468=CIRCLE('',#8065,1.);
#7469=CIRCLE('',#8067,1.);
#7470=CIRCLE('',#8069,1.);
#7471=CIRCLE('',#8071,1.);
#7472=CIRCLE('',#8073,1.);
#7473=CIRCLE('',#8075,1.);
#7474=CIRCLE('',#8077,1.);
#7475=CIRCLE('',#8079,1.);
#7476=CIRCLE('',#8081,1.);
#7477=CIRCLE('',#8083,1.);
#7478=CIRCLE('',#8087,1.);
#7479=CIRCLE('',#8089,1.);
#7480=CIRCLE('',#8092,1.);
#7481=CIRCLE('',#8094,1.);
#7482=CIRCLE('',#8097,1.);
#7483=CIRCLE('',#8099,1.);
#7484=CIRCLE('',#8103,1.);
#7485=CIRCLE('',#8105,1.);
#7486=CIRCLE('',#8108,1.);
#7487=CIRCLE('',#8110,1.);
#7488=CIRCLE('',#8114,1.);
#7489=CIRCLE('',#8116,1.);
#7490=CIRCLE('',#8119,1.);
#7491=CIRCLE('',#8121,1.);
#7492=CIRCLE('',#8132,3.5);
#7493=CIRCLE('',#8133,3.5);
#7494=CIRCLE('',#8166,0.5);
#7495=CIRCLE('',#8173,0.5);
#7496=CIRCLE('',#8175,0.5);
#7497=CIRCLE('',#8207,1.7);
#7498=CIRCLE('',#8209,1.7);
#7499=CIRCLE('',#8211,1.7);
#7500=CIRCLE('',#8213,1.7);
#7501=CIRCLE('',#8215,1.7);
#7502=CIRCLE('',#8217,1.7);
#7503=CIRCLE('',#8219,1.7);
#7504=CIRCLE('',#8221,1.7);
#7505=CIRCLE('',#8223,1.69999999999982);
#7506=CIRCLE('',#8226,1.69999999999982);
#7507=CIRCLE('',#8229,1.69999999999982);
#7508=CIRCLE('',#8232,1.69999999999982);
#7509=CIRCLE('',#8235,1.69999999999982);
#7510=CIRCLE('',#8238,1.69999999999982);
#7511=CIRCLE('',#8241,1.69999999999982);
#7512=CIRCLE('',#8244,1.69999999999982);
#7513=AXIS2_PLACEMENT_3D('',#10419,#8247,#8248);
#7514=AXIS2_PLACEMENT_3D('',#10420,#8249,#8250);
#7515=AXIS2_PLACEMENT_3D('',#10422,#8251,#8252);
#7516=AXIS2_PLACEMENT_3D('',#10423,#8253,#8254);
#7517=AXIS2_PLACEMENT_3D('',#10426,#8255,#8256);
#7518=AXIS2_PLACEMENT_3D('',#10428,#8257,#8258);
#7519=AXIS2_PLACEMENT_3D('',#10432,#8260,#8261);
#7520=AXIS2_PLACEMENT_3D('',#10434,#8262,#8263);
#7521=AXIS2_PLACEMENT_3D('',#10436,#8264,#8265);
#7522=AXIS2_PLACEMENT_3D('',#10440,#8267,#8268);
#7523=AXIS2_PLACEMENT_3D('',#10442,#8269,#8270);
#7524=AXIS2_PLACEMENT_3D('',#10444,#8271,#8272);
#7525=AXIS2_PLACEMENT_3D('',#10448,#8274,#8275);
#7526=AXIS2_PLACEMENT_3D('',#10456,#8279,#8280);
#7527=AXIS2_PLACEMENT_3D('',#10460,#8282,#8283);
#7528=AXIS2_PLACEMENT_3D('',#10468,#8287,#8288);
#7529=AXIS2_PLACEMENT_3D('',#10474,#8291,#8292);
#7530=AXIS2_PLACEMENT_3D('',#10478,#8294,#8295);
#7531=AXIS2_PLACEMENT_3D('',#10482,#8297,#8298);
#7532=AXIS2_PLACEMENT_3D('',#10486,#8300,#8301);
#7533=AXIS2_PLACEMENT_3D('',#10490,#8303,#8304);
#7534=AXIS2_PLACEMENT_3D('',#10494,#8306,#8307);
#7535=AXIS2_PLACEMENT_3D('',#10498,#8309,#8310);
#7536=AXIS2_PLACEMENT_3D('',#10502,#8312,#8313);
#7537=AXIS2_PLACEMENT_3D('',#10506,#8315,#8316);
#7538=AXIS2_PLACEMENT_3D('',#10510,#8318,#8319);
#7539=AXIS2_PLACEMENT_3D('',#10514,#8321,#8322);
#7540=AXIS2_PLACEMENT_3D('',#10518,#8324,#8325);
#7541=AXIS2_PLACEMENT_3D('',#10522,#8327,#8328);
#7542=AXIS2_PLACEMENT_3D('',#10526,#8330,#8331);
#7543=AXIS2_PLACEMENT_3D('',#10527,#8332,#8333);
#7544=AXIS2_PLACEMENT_3D('',#10528,#8334,#8335);
#7545=AXIS2_PLACEMENT_3D('',#10555,#8338,#8339);
#7546=AXIS2_PLACEMENT_3D('',#10556,#8340,#8341);
#7547=AXIS2_PLACEMENT_3D('',#10571,#8343,#8344);
#7548=AXIS2_PLACEMENT_3D('',#10585,#8346,#8347);
#7549=AXIS2_PLACEMENT_3D('',#10587,#8348,#8349);
#7550=AXIS2_PLACEMENT_3D('',#10588,#8350,#8351);
#7551=AXIS2_PLACEMENT_3D('',#10604,#8353,#8354);
#7552=AXIS2_PLACEMENT_3D('',#10618,#8356,#8357);
#7553=AXIS2_PLACEMENT_3D('',#10619,#8358,#8359);
#7554=AXIS2_PLACEMENT_3D('',#10621,#8360,#8361);
#7555=AXIS2_PLACEMENT_3D('',#10622,#8362,#8363);
#7556=AXIS2_PLACEMENT_3D('',#10649,#8366,#8367);
#7557=AXIS2_PLACEMENT_3D('',#10650,#8368,#8369);
#7558=AXIS2_PLACEMENT_3D('',#10666,#8371,#8372);
#7559=AXIS2_PLACEMENT_3D('',#10680,#8374,#8375);
#7560=AXIS2_PLACEMENT_3D('',#10682,#8376,#8377);
#7561=AXIS2_PLACEMENT_3D('',#10683,#8378,#8379);
#7562=AXIS2_PLACEMENT_3D('',#10710,#8382,#8383);
#7563=AXIS2_PLACEMENT_3D('',#10711,#8384,#8385);
#7564=AXIS2_PLACEMENT_3D('',#10727,#8387,#8388);
#7565=AXIS2_PLACEMENT_3D('',#10741,#8390,#8391);
#7566=AXIS2_PLACEMENT_3D('',#10743,#8392,#8393);
#7567=AXIS2_PLACEMENT_3D('',#10744,#8394,#8395);
#7568=AXIS2_PLACEMENT_3D('',#10771,#8398,#8399);
#7569=AXIS2_PLACEMENT_3D('',#10825,#8402,#8403);
#7570=AXIS2_PLACEMENT_3D('',#10826,#8404,#8405);
#7571=AXIS2_PLACEMENT_3D('',#10828,#8406,#8407);
#7572=AXIS2_PLACEMENT_3D('',#10882,#8410,#8411);
#7573=AXIS2_PLACEMENT_3D('',#10883,#8412,#8413);
#7574=AXIS2_PLACEMENT_3D('',#10885,#8414,#8415);
#7575=AXIS2_PLACEMENT_3D('',#10939,#8418,#8419);
#7576=AXIS2_PLACEMENT_3D('',#10940,#8420,#8421);
#7577=AXIS2_PLACEMENT_3D('',#10949,#8426,#8427);
#7578=AXIS2_PLACEMENT_3D('',#10958,#8432,#8433);
#7579=AXIS2_PLACEMENT_3D('',#10964,#8436,#8437);
#7580=AXIS2_PLACEMENT_3D('',#10972,#8441,#8442);
#7581=AXIS2_PLACEMENT_3D('',#10973,#8443,#8444);
#7582=AXIS2_PLACEMENT_3D('',#10977,#8446,#8447);
#7583=AXIS2_PLACEMENT_3D('',#10988,#8453,#8454);
#7584=AXIS2_PLACEMENT_3D('',#10989,#8455,#8456);
#7585=AXIS2_PLACEMENT_3D('',#10994,#8459,#8460);
#7586=AXIS2_PLACEMENT_3D('',#10997,#8462,#8463);
#7587=AXIS2_PLACEMENT_3D('',#11000,#8465,#8466);
#7588=AXIS2_PLACEMENT_3D('',#11001,#8467,#8468);
#7589=AXIS2_PLACEMENT_3D('',#11031,#8469,#8470);
#7590=AXIS2_PLACEMENT_3D('',#11032,#8471,#8472);
#7591=AXIS2_PLACEMENT_3D('',#11061,#8473,#8474);
#7592=AXIS2_PLACEMENT_3D('',#11063,#8475,#8476);
#7593=AXIS2_PLACEMENT_3D('',#11064,#8477,#8478);
#7594=AXIS2_PLACEMENT_3D('',#11117,#8505,#8506);
#7595=AXIS2_PLACEMENT_3D('',#11126,#8511,#8512);
#7596=AXIS2_PLACEMENT_3D('',#11136,#8518,#8519);
#7597=AXIS2_PLACEMENT_3D('',#11141,#8522,#8523);
#7598=AXIS2_PLACEMENT_3D('',#11149,#8527,#8528);
#7599=AXIS2_PLACEMENT_3D('',#11150,#8529,#8530);
#7600=AXIS2_PLACEMENT_3D('',#11151,#8531,#8532);
#7601=AXIS2_PLACEMENT_3D('',#11172,#8534,#8535);
#7602=AXIS2_PLACEMENT_3D('',#11173,#8536,#8537);
#7603=AXIS2_PLACEMENT_3D('',#11194,#8539,#8540);
#7604=AXIS2_PLACEMENT_3D('',#11195,#8541,#8542);
#7605=AXIS2_PLACEMENT_3D('',#11196,#8543,#8544);
#7606=AXIS2_PLACEMENT_3D('',#11200,#8548,#8549);
#7607=AXIS2_PLACEMENT_3D('',#11204,#8553,#8554);
#7608=AXIS2_PLACEMENT_3D('',#11208,#8558,#8559);
#7609=AXIS2_PLACEMENT_3D('',#11227,#8570,#8571);
#7610=AXIS2_PLACEMENT_3D('',#11272,#8595,#8596);
#7611=AXIS2_PLACEMENT_3D('',#11293,#8608,#8609);
#7612=AXIS2_PLACEMENT_3D('',#11294,#8610,#8611);
#7613=AXIS2_PLACEMENT_3D('',#11295,#8612,#8613);
#7614=AXIS2_PLACEMENT_3D('',#11296,#8614,#8615);
#7615=AXIS2_PLACEMENT_3D('',#11297,#8616,#8617);
#7616=AXIS2_PLACEMENT_3D('',#11299,#8618,#8619);
#7617=AXIS2_PLACEMENT_3D('',#11301,#8620,#8621);
#7618=AXIS2_PLACEMENT_3D('',#11302,#8622,#8623);
#7619=AXIS2_PLACEMENT_3D('',#11307,#8625,#8626);
#7620=AXIS2_PLACEMENT_3D('',#11310,#8628,#8629);
#7621=AXIS2_PLACEMENT_3D('',#11316,#8633,#8634);
#7622=AXIS2_PLACEMENT_3D('',#11342,#8639,#8640);
#7623=AXIS2_PLACEMENT_3D('',#11343,#8641,#8642);
#7624=AXIS2_PLACEMENT_3D('',#11345,#8643,#8644);
#7625=AXIS2_PLACEMENT_3D('',#11348,#8646,#8647);
#7626=AXIS2_PLACEMENT_3D('',#11371,#8651,#8652);
#7627=AXIS2_PLACEMENT_3D('',#11397,#8657,#8658);
#7628=AXIS2_PLACEMENT_3D('',#11398,#8659,#8660);
#7629=AXIS2_PLACEMENT_3D('',#11400,#8661,#8662);
#7630=AXIS2_PLACEMENT_3D('',#11403,#8664,#8665);
#7631=AXIS2_PLACEMENT_3D('',#11426,#8669,#8670);
#7632=AXIS2_PLACEMENT_3D('',#11427,#8671,#8672);
#7633=AXIS2_PLACEMENT_3D('',#11428,#8673,#8674);
#7634=AXIS2_PLACEMENT_3D('',#11429,#8675,#8676);
#7635=AXIS2_PLACEMENT_3D('',#11433,#8678,#8679);
#7636=AXIS2_PLACEMENT_3D('',#11434,#8680,#8681);
#7637=AXIS2_PLACEMENT_3D('',#11435,#8682,#8683);
#7638=AXIS2_PLACEMENT_3D('',#11440,#8686,#8687);
#7639=AXIS2_PLACEMENT_3D('',#11454,#8695,#8696);
#7640=AXIS2_PLACEMENT_3D('',#11474,#8707,#8708);
#7641=AXIS2_PLACEMENT_3D('',#11477,#8709,#8710);
#7642=AXIS2_PLACEMENT_3D('',#11479,#8711,#8712);
#7643=AXIS2_PLACEMENT_3D('',#11483,#8714,#8715);
#7644=AXIS2_PLACEMENT_3D('',#11487,#8717,#8718);
#7645=AXIS2_PLACEMENT_3D('',#11491,#8720,#8721);
#7646=AXIS2_PLACEMENT_3D('',#11495,#8723,#8724);
#7647=AXIS2_PLACEMENT_3D('',#11497,#8725,#8726);
#7648=AXIS2_PLACEMENT_3D('',#11499,#8727,#8728);
#7649=AXIS2_PLACEMENT_3D('',#11503,#8730,#8731);
#7650=AXIS2_PLACEMENT_3D('',#11507,#8733,#8734);
#7651=AXIS2_PLACEMENT_3D('',#11509,#8735,#8736);
#7652=AXIS2_PLACEMENT_3D('',#11511,#8737,#8738);
#7653=AXIS2_PLACEMENT_3D('',#11515,#8740,#8741);
#7654=AXIS2_PLACEMENT_3D('',#11519,#8743,#8744);
#7655=AXIS2_PLACEMENT_3D('',#11521,#8745,#8746);
#7656=AXIS2_PLACEMENT_3D('',#11522,#8747,#8748);
#7657=AXIS2_PLACEMENT_3D('',#11524,#8749,#8750);
#7658=AXIS2_PLACEMENT_3D('',#11526,#8751,#8752);
#7659=AXIS2_PLACEMENT_3D('',#11530,#8754,#8755);
#7660=AXIS2_PLACEMENT_3D('',#11534,#8757,#8758);
#7661=AXIS2_PLACEMENT_3D('',#11538,#8760,#8761);
#7662=AXIS2_PLACEMENT_3D('',#11542,#8763,#8764);
#7663=AXIS2_PLACEMENT_3D('',#11544,#8765,#8766);
#7664=AXIS2_PLACEMENT_3D('',#11546,#8767,#8768);
#7665=AXIS2_PLACEMENT_3D('',#11550,#8770,#8771);
#7666=AXIS2_PLACEMENT_3D('',#11554,#8773,#8774);
#7667=AXIS2_PLACEMENT_3D('',#11556,#8775,#8776);
#7668=AXIS2_PLACEMENT_3D('',#11558,#8777,#8778);
#7669=AXIS2_PLACEMENT_3D('',#11562,#8780,#8781);
#7670=AXIS2_PLACEMENT_3D('',#11566,#8783,#8784);
#7671=AXIS2_PLACEMENT_3D('',#11568,#8785,#8786);
#7672=AXIS2_PLACEMENT_3D('',#11570,#8787,#8788);
#7673=AXIS2_PLACEMENT_3D('',#11574,#8790,#8791);
#7674=AXIS2_PLACEMENT_3D('',#11578,#8793,#8794);
#7675=AXIS2_PLACEMENT_3D('',#11582,#8796,#8797);
#7676=AXIS2_PLACEMENT_3D('',#11585,#8799,#8800);
#7677=AXIS2_PLACEMENT_3D('',#11589,#8802,#8803);
#7678=AXIS2_PLACEMENT_3D('',#11591,#8804,#8805);
#7679=AXIS2_PLACEMENT_3D('',#11593,#8806,#8807);
#7680=AXIS2_PLACEMENT_3D('',#11597,#8809,#8810);
#7681=AXIS2_PLACEMENT_3D('',#11601,#8812,#8813);
#7682=AXIS2_PLACEMENT_3D('',#11605,#8815,#8816);
#7683=AXIS2_PLACEMENT_3D('',#11609,#8818,#8819);
#7684=AXIS2_PLACEMENT_3D('',#11611,#8820,#8821);
#7685=AXIS2_PLACEMENT_3D('',#11613,#8822,#8823);
#7686=AXIS2_PLACEMENT_3D('',#11617,#8825,#8826);
#7687=AXIS2_PLACEMENT_3D('',#11621,#8828,#8829);
#7688=AXIS2_PLACEMENT_3D('',#11623,#8830,#8831);
#7689=AXIS2_PLACEMENT_3D('',#11625,#8832,#8833);
#7690=AXIS2_PLACEMENT_3D('',#11629,#8835,#8836);
#7691=AXIS2_PLACEMENT_3D('',#11633,#8838,#8839);
#7692=AXIS2_PLACEMENT_3D('',#11635,#8840,#8841);
#7693=AXIS2_PLACEMENT_3D('',#11637,#8842,#8843);
#7694=AXIS2_PLACEMENT_3D('',#11641,#8845,#8846);
#7695=AXIS2_PLACEMENT_3D('',#11645,#8848,#8849);
#7696=AXIS2_PLACEMENT_3D('',#11649,#8851,#8852);
#7697=AXIS2_PLACEMENT_3D('',#11653,#8854,#8855);
#7698=AXIS2_PLACEMENT_3D('',#11655,#8856,#8857);
#7699=AXIS2_PLACEMENT_3D('',#11657,#8858,#8859);
#7700=AXIS2_PLACEMENT_3D('',#11658,#8860,#8861);
#7701=AXIS2_PLACEMENT_3D('',#11659,#8862,#8863);
#7702=AXIS2_PLACEMENT_3D('',#11661,#8864,#8865);
#7703=AXIS2_PLACEMENT_3D('',#11663,#8866,#8867);
#7704=AXIS2_PLACEMENT_3D('',#11667,#8869,#8870);
#7705=AXIS2_PLACEMENT_3D('',#11671,#8872,#8873);
#7706=AXIS2_PLACEMENT_3D('',#11673,#8874,#8875);
#7707=AXIS2_PLACEMENT_3D('',#11675,#8876,#8877);
#7708=AXIS2_PLACEMENT_3D('',#11679,#8879,#8880);
#7709=AXIS2_PLACEMENT_3D('',#11683,#8882,#8883);
#7710=AXIS2_PLACEMENT_3D('',#11685,#8884,#8885);
#7711=AXIS2_PLACEMENT_3D('',#11687,#8886,#8887);
#7712=AXIS2_PLACEMENT_3D('',#11691,#8889,#8890);
#7713=AXIS2_PLACEMENT_3D('',#11695,#8892,#8893);
#7714=AXIS2_PLACEMENT_3D('',#11699,#8895,#8896);
#7715=AXIS2_PLACEMENT_3D('',#11704,#8899,#8900);
#7716=AXIS2_PLACEMENT_3D('',#11710,#8903,#8904);
#7717=AXIS2_PLACEMENT_3D('',#11713,#8906,#8907);
#7718=AXIS2_PLACEMENT_3D('',#11721,#8911,#8912);
#7719=AXIS2_PLACEMENT_3D('',#11727,#8915,#8916);
#7720=AXIS2_PLACEMENT_3D('',#11733,#8919,#8920);
#7721=AXIS2_PLACEMENT_3D('',#11739,#8923,#8924);
#7722=AXIS2_PLACEMENT_3D('',#11740,#8925,#8926);
#7723=AXIS2_PLACEMENT_3D('',#11742,#8927,#8928);
#7724=AXIS2_PLACEMENT_3D('',#11744,#8929,#8930);
#7725=AXIS2_PLACEMENT_3D('',#11751,#8933,#8934);
#7726=AXIS2_PLACEMENT_3D('',#11754,#8936,#8937);
#7727=AXIS2_PLACEMENT_3D('',#11760,#8940,#8941);
#7728=AXIS2_PLACEMENT_3D('',#11766,#8944,#8945);
#7729=AXIS2_PLACEMENT_3D('',#11767,#8946,#8947);
#7730=AXIS2_PLACEMENT_3D('',#11769,#8948,#8949);
#7731=AXIS2_PLACEMENT_3D('',#11771,#8950,#8951);
#7732=AXIS2_PLACEMENT_3D('',#11773,#8952,#8953);
#7733=AXIS2_PLACEMENT_3D('',#11775,#8954,#8955);
#7734=AXIS2_PLACEMENT_3D('',#11779,#8958,#8959);
#7735=AXIS2_PLACEMENT_3D('',#11780,#8960,#8961);
#7736=AXIS2_PLACEMENT_3D('',#11783,#8963,#8964);
#7737=AXIS2_PLACEMENT_3D('',#11803,#8967,#8968);
#7738=AXIS2_PLACEMENT_3D('',#11823,#8971,#8972);
#7739=AXIS2_PLACEMENT_3D('',#11824,#8973,#8974);
#7740=AXIS2_PLACEMENT_3D('',#11844,#8977,#8978);
#7741=AXIS2_PLACEMENT_3D('',#11864,#8981,#8982);
#7742=AXIS2_PLACEMENT_3D('',#11865,#8983,#8984);
#7743=AXIS2_PLACEMENT_3D('',#11871,#8988,#8989);
#7744=AXIS2_PLACEMENT_3D('',#11872,#8990,#8991);
#7745=AXIS2_PLACEMENT_3D('',#11875,#8993,#8994);
#7746=AXIS2_PLACEMENT_3D('',#11876,#8995,#8996);
#7747=AXIS2_PLACEMENT_3D('',#11878,#8997,#8998);
#7748=AXIS2_PLACEMENT_3D('',#11881,#9000,#9001);
#7749=AXIS2_PLACEMENT_3D('',#11882,#9002,#9003);
#7750=AXIS2_PLACEMENT_3D('',#11883,#9004,#9005);
#7751=AXIS2_PLACEMENT_3D('',#11886,#9007,#9008);
#7752=AXIS2_PLACEMENT_3D('',#11887,#9009,#9010);
#7753=AXIS2_PLACEMENT_3D('',#11888,#9011,#9012);
#7754=AXIS2_PLACEMENT_3D('',#11892,#9015,#9016);
#7755=AXIS2_PLACEMENT_3D('',#11893,#9017,#9018);
#7756=AXIS2_PLACEMENT_3D('',#11895,#9019,#9020);
#7757=AXIS2_PLACEMENT_3D('',#11915,#9023,#9024);
#7758=AXIS2_PLACEMENT_3D('',#11917,#9026,#9027);
#7759=AXIS2_PLACEMENT_3D('',#11936,#9029,#9030);
#7760=AXIS2_PLACEMENT_3D('',#11937,#9031,#9032);
#7761=AXIS2_PLACEMENT_3D('',#11940,#9034,#9035);
#7762=AXIS2_PLACEMENT_3D('',#11958,#9037,#9038);
#7763=AXIS2_PLACEMENT_3D('',#11960,#9040,#9041);
#7764=AXIS2_PLACEMENT_3D('',#11979,#9043,#9044);
#7765=AXIS2_PLACEMENT_3D('',#11980,#9045,#9046);
#7766=AXIS2_PLACEMENT_3D('',#11983,#9048,#9049);
#7767=AXIS2_PLACEMENT_3D('',#11987,#9052,#9053);
#7768=AXIS2_PLACEMENT_3D('',#11988,#9054,#9055);
#7769=AXIS2_PLACEMENT_3D('',#11991,#9057,#9058);
#7770=AXIS2_PLACEMENT_3D('',#11994,#9060,#9061);
#7771=AXIS2_PLACEMENT_3D('',#11995,#9062,#9063);
#7772=AXIS2_PLACEMENT_3D('',#11999,#9066,#9067);
#7773=AXIS2_PLACEMENT_3D('',#12002,#9069,#9070);
#7774=AXIS2_PLACEMENT_3D('',#12005,#9072,#9073);
#7775=AXIS2_PLACEMENT_3D('',#12023,#9075,#9076);
#7776=AXIS2_PLACEMENT_3D('',#12025,#9078,#9079);
#7777=AXIS2_PLACEMENT_3D('',#12044,#9081,#9082);
#7778=AXIS2_PLACEMENT_3D('',#12045,#9083,#9084);
#7779=AXIS2_PLACEMENT_3D('',#12048,#9086,#9087);
#7780=AXIS2_PLACEMENT_3D('',#12066,#9089,#9090);
#7781=AXIS2_PLACEMENT_3D('',#12068,#9092,#9093);
#7782=AXIS2_PLACEMENT_3D('',#12069,#9094,#9095);
#7783=AXIS2_PLACEMENT_3D('',#12071,#9096,#9097);
#7784=AXIS2_PLACEMENT_3D('',#12072,#9098,#9099);
#7785=AXIS2_PLACEMENT_3D('',#12077,#9102,#9103);
#7786=AXIS2_PLACEMENT_3D('',#12079,#9105,#9106);
#7787=AXIS2_PLACEMENT_3D('',#12098,#9108,#9109);
#7788=AXIS2_PLACEMENT_3D('',#12099,#9110,#9111);
#7789=AXIS2_PLACEMENT_3D('',#12102,#9113,#9114);
#7790=AXIS2_PLACEMENT_3D('',#12106,#9117,#9118);
#7791=AXIS2_PLACEMENT_3D('',#12109,#9121,#9122);
#7792=AXIS2_PLACEMENT_3D('',#12128,#9124,#9125);
#7793=AXIS2_PLACEMENT_3D('',#12129,#9126,#9127);
#7794=AXIS2_PLACEMENT_3D('',#12132,#9129,#9130);
#7795=AXIS2_PLACEMENT_3D('',#12138,#9134,#9135);
#7796=AXIS2_PLACEMENT_3D('',#12139,#9136,#9137);
#7797=AXIS2_PLACEMENT_3D('',#12142,#9139,#9140);
#7798=AXIS2_PLACEMENT_3D('',#12146,#9143,#9144);
#7799=AXIS2_PLACEMENT_3D('',#12147,#9145,#9146);
#7800=AXIS2_PLACEMENT_3D('',#12149,#9147,#9148);
#7801=AXIS2_PLACEMENT_3D('',#12168,#9150,#9151);
#7802=AXIS2_PLACEMENT_3D('',#12169,#9152,#9153);
#7803=AXIS2_PLACEMENT_3D('',#12174,#9156,#9157);
#7804=AXIS2_PLACEMENT_3D('',#12178,#9160,#9161);
#7805=AXIS2_PLACEMENT_3D('',#12180,#9163,#9164);
#7806=AXIS2_PLACEMENT_3D('',#12183,#9166,#9167);
#7807=AXIS2_PLACEMENT_3D('',#12184,#9168,#9169);
#7808=AXIS2_PLACEMENT_3D('',#12185,#9170,#9171);
#7809=AXIS2_PLACEMENT_3D('',#12187,#9172,#9173);
#7810=AXIS2_PLACEMENT_3D('',#12207,#9176,#9177);
#7811=AXIS2_PLACEMENT_3D('',#12209,#9179,#9180);
#7812=AXIS2_PLACEMENT_3D('',#12228,#9182,#9183);
#7813=AXIS2_PLACEMENT_3D('',#12232,#9186,#9187);
#7814=AXIS2_PLACEMENT_3D('',#12233,#9188,#9189);
#7815=AXIS2_PLACEMENT_3D('',#12236,#9191,#9192);
#7816=AXIS2_PLACEMENT_3D('',#12238,#9194,#9195);
#7817=AXIS2_PLACEMENT_3D('',#12242,#9198,#9199);
#7818=AXIS2_PLACEMENT_3D('',#12243,#9200,#9201);
#7819=AXIS2_PLACEMENT_3D('',#12246,#9203,#9204);
#7820=AXIS2_PLACEMENT_3D('',#12247,#9205,#9206);
#7821=AXIS2_PLACEMENT_3D('',#12250,#9208,#9209);
#7822=AXIS2_PLACEMENT_3D('',#12254,#9212,#9213);
#7823=AXIS2_PLACEMENT_3D('',#12257,#9215,#9216);
#7824=AXIS2_PLACEMENT_3D('',#12258,#9217,#9218);
#7825=AXIS2_PLACEMENT_3D('',#12261,#9221,#9222);
#7826=AXIS2_PLACEMENT_3D('',#12280,#9224,#9225);
#7827=AXIS2_PLACEMENT_3D('',#12281,#9226,#9227);
#7828=AXIS2_PLACEMENT_3D('',#12284,#9229,#9230);
#7829=AXIS2_PLACEMENT_3D('',#12288,#9233,#9234);
#7830=AXIS2_PLACEMENT_3D('',#12289,#9235,#9236);
#7831=AXIS2_PLACEMENT_3D('',#12290,#9237,#9238);
#7832=AXIS2_PLACEMENT_3D('',#12291,#9239,#9240);
#7833=AXIS2_PLACEMENT_3D('',#12293,#9241,#9242);
#7834=AXIS2_PLACEMENT_3D('',#12294,#9243,#9244);
#7835=AXIS2_PLACEMENT_3D('',#12297,#9246,#9247);
#7836=AXIS2_PLACEMENT_3D('',#12316,#9249,#9250);
#7837=AXIS2_PLACEMENT_3D('',#12318,#9252,#9253);
#7838=AXIS2_PLACEMENT_3D('',#12321,#9255,#9256);
#7839=AXIS2_PLACEMENT_3D('',#12322,#9257,#9258);
#7840=AXIS2_PLACEMENT_3D('',#12325,#9260,#9261);
#7841=AXIS2_PLACEMENT_3D('',#12328,#9263,#9264);
#7842=AXIS2_PLACEMENT_3D('',#12346,#9266,#9267);
#7843=AXIS2_PLACEMENT_3D('',#12348,#9269,#9270);
#7844=AXIS2_PLACEMENT_3D('',#12367,#9272,#9273);
#7845=AXIS2_PLACEMENT_3D('',#12368,#9274,#9275);
#7846=AXIS2_PLACEMENT_3D('',#12371,#9277,#9278);
#7847=AXIS2_PLACEMENT_3D('',#12372,#9279,#9280);
#7848=AXIS2_PLACEMENT_3D('',#12374,#9281,#9282);
#7849=AXIS2_PLACEMENT_3D('',#12378,#9285,#9286);
#7850=AXIS2_PLACEMENT_3D('',#12379,#9287,#9288);
#7851=AXIS2_PLACEMENT_3D('',#12382,#9290,#9291);
#7852=AXIS2_PLACEMENT_3D('',#12383,#9292,#9293);
#7853=AXIS2_PLACEMENT_3D('',#12388,#9296,#9297);
#7854=AXIS2_PLACEMENT_3D('',#12390,#9299,#9300);
#7855=AXIS2_PLACEMENT_3D('',#12392,#9302,#9303);
#7856=AXIS2_PLACEMENT_3D('',#12394,#9305,#9306);
#7857=AXIS2_PLACEMENT_3D('',#12403,#9311,#9312);
#7858=AXIS2_PLACEMENT_3D('',#12409,#9316,#9317);
#7859=AXIS2_PLACEMENT_3D('',#12420,#9323,#9324);
#7860=AXIS2_PLACEMENT_3D('',#12424,#9326,#9327);
#7861=AXIS2_PLACEMENT_3D('',#12430,#9331,#9332);
#7862=AXIS2_PLACEMENT_3D('',#12432,#9334,#9335);
#7863=AXIS2_PLACEMENT_3D('',#12438,#9340,#9341);
#7864=AXIS2_PLACEMENT_3D('',#12440,#9343,#9344);
#7865=AXIS2_PLACEMENT_3D('',#12443,#9346,#9347);
#7866=AXIS2_PLACEMENT_3D('',#12448,#9350,#9351);
#7867=AXIS2_PLACEMENT_3D('',#12450,#9353,#9354);
#7868=AXIS2_PLACEMENT_3D('',#12452,#9356,#9357);
#7869=AXIS2_PLACEMENT_3D('',#12454,#9359,#9360);
#7870=AXIS2_PLACEMENT_3D('',#12455,#9361,#9362);
#7871=AXIS2_PLACEMENT_3D('',#12459,#9364,#9365);
#7872=AXIS2_PLACEMENT_3D('',#12463,#9367,#9368);
#7873=AXIS2_PLACEMENT_3D('',#12464,#9369,#9370);
#7874=AXIS2_PLACEMENT_3D('',#12470,#9374,#9375);
#7875=AXIS2_PLACEMENT_3D('',#12485,#9383,#9384);
#7876=AXIS2_PLACEMENT_3D('',#12489,#9386,#9387);
#7877=AXIS2_PLACEMENT_3D('',#12493,#9389,#9390);
#7878=AXIS2_PLACEMENT_3D('',#12494,#9391,#9392);
#7879=AXIS2_PLACEMENT_3D('',#12500,#9395,#9396);
#7880=AXIS2_PLACEMENT_3D('',#12506,#9399,#9400);
#7881=AXIS2_PLACEMENT_3D('',#12510,#9402,#9403);
#7882=AXIS2_PLACEMENT_3D('',#12514,#9405,#9406);
#7883=AXIS2_PLACEMENT_3D('',#12517,#9408,#9409);
#7884=AXIS2_PLACEMENT_3D('',#12526,#9414,#9415);
#7885=AXIS2_PLACEMENT_3D('',#12527,#9416,#9417);
#7886=AXIS2_PLACEMENT_3D('',#12528,#9418,#9419);
#7887=AXIS2_PLACEMENT_3D('',#12529,#9420,#9421);
#7888=AXIS2_PLACEMENT_3D('',#12538,#9426,#9427);
#7889=AXIS2_PLACEMENT_3D('',#12544,#9431,#9432);
#7890=AXIS2_PLACEMENT_3D('',#12548,#9435,#9436);
#7891=AXIS2_PLACEMENT_3D('',#12552,#9439,#9440);
#7892=AXIS2_PLACEMENT_3D('',#12554,#9442,#9443);
#7893=AXIS2_PLACEMENT_3D('',#12560,#9446,#9447);
#7894=AXIS2_PLACEMENT_3D('',#12561,#9448,#9449);
#7895=AXIS2_PLACEMENT_3D('',#12567,#9453,#9454);
#7896=AXIS2_PLACEMENT_3D('',#12569,#9456,#9457);
#7897=AXIS2_PLACEMENT_3D('',#12572,#9459,#9460);
#7898=AXIS2_PLACEMENT_3D('',#12576,#9463,#9464);
#7899=AXIS2_PLACEMENT_3D('',#12579,#9466,#9467);
#7900=AXIS2_PLACEMENT_3D('',#12580,#9468,#9469);
#7901=AXIS2_PLACEMENT_3D('',#12584,#9472,#9473);
#7902=AXIS2_PLACEMENT_3D('',#12585,#9474,#9475);
#7903=AXIS2_PLACEMENT_3D('',#12588,#9477,#9478);
#7904=AXIS2_PLACEMENT_3D('',#12592,#9481,#9482);
#7905=AXIS2_PLACEMENT_3D('',#12595,#9484,#9485);
#7906=AXIS2_PLACEMENT_3D('',#12596,#9486,#9487);
#7907=AXIS2_PLACEMENT_3D('',#12599,#9489,#9490);
#7908=AXIS2_PLACEMENT_3D('',#12600,#9491,#9492);
#7909=AXIS2_PLACEMENT_3D('',#12604,#9495,#9496);
#7910=AXIS2_PLACEMENT_3D('',#12607,#9498,#9499);
#7911=AXIS2_PLACEMENT_3D('',#12609,#9501,#9502);
#7912=AXIS2_PLACEMENT_3D('',#12612,#9504,#9505);
#7913=AXIS2_PLACEMENT_3D('',#12613,#9506,#9507);
#7914=AXIS2_PLACEMENT_3D('',#12617,#9510,#9511);
#7915=AXIS2_PLACEMENT_3D('',#12621,#9514,#9515);
#7916=AXIS2_PLACEMENT_3D('',#12625,#9518,#9519);
#7917=AXIS2_PLACEMENT_3D('',#12626,#9520,#9521);
#7918=AXIS2_PLACEMENT_3D('',#12629,#9523,#9524);
#7919=AXIS2_PLACEMENT_3D('',#12635,#9528,#9529);
#7920=AXIS2_PLACEMENT_3D('',#12638,#9531,#9532);
#7921=AXIS2_PLACEMENT_3D('',#12639,#9533,#9534);
#7922=AXIS2_PLACEMENT_3D('',#12641,#9536,#9537);
#7923=AXIS2_PLACEMENT_3D('',#12645,#9540,#9541);
#7924=AXIS2_PLACEMENT_3D('',#12649,#9544,#9545);
#7925=AXIS2_PLACEMENT_3D('',#12652,#9547,#9548);
#7926=AXIS2_PLACEMENT_3D('',#12653,#9549,#9550);
#7927=AXIS2_PLACEMENT_3D('',#12657,#9553,#9554);
#7928=AXIS2_PLACEMENT_3D('',#12661,#9557,#9558);
#7929=AXIS2_PLACEMENT_3D('',#12662,#9559,#9560);
#7930=AXIS2_PLACEMENT_3D('',#12663,#9561,#9562);
#7931=AXIS2_PLACEMENT_3D('',#12664,#9563,#9564);
#7932=AXIS2_PLACEMENT_3D('',#12667,#9566,#9567);
#7933=AXIS2_PLACEMENT_3D('',#12671,#9570,#9571);
#7934=AXIS2_PLACEMENT_3D('',#12672,#9572,#9573);
#7935=AXIS2_PLACEMENT_3D('',#12673,#9574,#9575);
#7936=AXIS2_PLACEMENT_3D('',#12674,#9576,#9577);
#7937=AXIS2_PLACEMENT_3D('',#12675,#9578,#9579);
#7938=AXIS2_PLACEMENT_3D('',#12684,#9584,#9585);
#7939=AXIS2_PLACEMENT_3D('',#12690,#9589,#9590);
#7940=AXIS2_PLACEMENT_3D('',#12698,#9595,#9596);
#7941=AXIS2_PLACEMENT_3D('',#12704,#9601,#9602);
#7942=AXIS2_PLACEMENT_3D('',#12708,#9606,#9607);
#7943=AXIS2_PLACEMENT_3D('',#12709,#9608,#9609);
#7944=AXIS2_PLACEMENT_3D('',#12710,#9610,#9611);
#7945=AXIS2_PLACEMENT_3D('',#12714,#9613,#9614);
#7946=AXIS2_PLACEMENT_3D('',#12717,#9616,#9617);
#7947=AXIS2_PLACEMENT_3D('',#12719,#9619,#9620);
#7948=AXIS2_PLACEMENT_3D('',#12721,#9622,#9623);
#7949=AXIS2_PLACEMENT_3D('',#12730,#9628,#9629);
#7950=AXIS2_PLACEMENT_3D('',#12736,#9633,#9634);
#7951=AXIS2_PLACEMENT_3D('',#12744,#9639,#9640);
#7952=AXIS2_PLACEMENT_3D('',#12750,#9645,#9646);
#7953=AXIS2_PLACEMENT_3D('',#12754,#9650,#9651);
#7954=AXIS2_PLACEMENT_3D('',#12755,#9652,#9653);
#7955=AXIS2_PLACEMENT_3D('',#12756,#9654,#9655);
#7956=AXIS2_PLACEMENT_3D('',#12760,#9657,#9658);
#7957=AXIS2_PLACEMENT_3D('',#12763,#9660,#9661);
#7958=AXIS2_PLACEMENT_3D('',#12765,#9663,#9664);
#7959=AXIS2_PLACEMENT_3D('',#12767,#9666,#9667);
#7960=AXIS2_PLACEMENT_3D('',#12771,#9669,#9670);
#7961=AXIS2_PLACEMENT_3D('',#12775,#9672,#9673);
#7962=AXIS2_PLACEMENT_3D('',#12776,#9674,#9675);
#7963=AXIS2_PLACEMENT_3D('',#12782,#9679,#9680);
#7964=AXIS2_PLACEMENT_3D('',#12797,#9688,#9689);
#7965=AXIS2_PLACEMENT_3D('',#12801,#9691,#9692);
#7966=AXIS2_PLACEMENT_3D('',#12805,#9694,#9695);
#7967=AXIS2_PLACEMENT_3D('',#12806,#9696,#9697);
#7968=AXIS2_PLACEMENT_3D('',#12807,#9698,#9699);
#7969=AXIS2_PLACEMENT_3D('',#12813,#9702,#9703);
#7970=AXIS2_PLACEMENT_3D('',#12819,#9706,#9707);
#7971=AXIS2_PLACEMENT_3D('',#12823,#9709,#9710);
#7972=AXIS2_PLACEMENT_3D('',#12827,#9712,#9713);
#7973=AXIS2_PLACEMENT_3D('',#12830,#9715,#9716);
#7974=AXIS2_PLACEMENT_3D('',#12839,#9721,#9722);
#7975=AXIS2_PLACEMENT_3D('',#12840,#9723,#9724);
#7976=AXIS2_PLACEMENT_3D('',#12841,#9725,#9726);
#7977=AXIS2_PLACEMENT_3D('',#12842,#9727,#9728);
#7978=AXIS2_PLACEMENT_3D('',#12851,#9733,#9734);
#7979=AXIS2_PLACEMENT_3D('',#12857,#9738,#9739);
#7980=AXIS2_PLACEMENT_3D('',#12861,#9742,#9743);
#7981=AXIS2_PLACEMENT_3D('',#12865,#9746,#9747);
#7982=AXIS2_PLACEMENT_3D('',#12867,#9749,#9750);
#7983=AXIS2_PLACEMENT_3D('',#12873,#9753,#9754);
#7984=AXIS2_PLACEMENT_3D('',#12874,#9755,#9756);
#7985=AXIS2_PLACEMENT_3D('',#12880,#9760,#9761);
#7986=AXIS2_PLACEMENT_3D('',#12882,#9763,#9764);
#7987=AXIS2_PLACEMENT_3D('',#12885,#9766,#9767);
#7988=AXIS2_PLACEMENT_3D('',#12889,#9770,#9771);
#7989=AXIS2_PLACEMENT_3D('',#12892,#9773,#9774);
#7990=AXIS2_PLACEMENT_3D('',#12893,#9775,#9776);
#7991=AXIS2_PLACEMENT_3D('',#12897,#9779,#9780);
#7992=AXIS2_PLACEMENT_3D('',#12898,#9781,#9782);
#7993=AXIS2_PLACEMENT_3D('',#12901,#9784,#9785);
#7994=AXIS2_PLACEMENT_3D('',#12905,#9788,#9789);
#7995=AXIS2_PLACEMENT_3D('',#12908,#9791,#9792);
#7996=AXIS2_PLACEMENT_3D('',#12909,#9793,#9794);
#7997=AXIS2_PLACEMENT_3D('',#12912,#9796,#9797);
#7998=AXIS2_PLACEMENT_3D('',#12913,#9798,#9799);
#7999=AXIS2_PLACEMENT_3D('',#12917,#9802,#9803);
#8000=AXIS2_PLACEMENT_3D('',#12920,#9805,#9806);
#8001=AXIS2_PLACEMENT_3D('',#12922,#9808,#9809);
#8002=AXIS2_PLACEMENT_3D('',#12925,#9811,#9812);
#8003=AXIS2_PLACEMENT_3D('',#12926,#9813,#9814);
#8004=AXIS2_PLACEMENT_3D('',#12930,#9817,#9818);
#8005=AXIS2_PLACEMENT_3D('',#12934,#9821,#9822);
#8006=AXIS2_PLACEMENT_3D('',#12938,#9825,#9826);
#8007=AXIS2_PLACEMENT_3D('',#12939,#9827,#9828);
#8008=AXIS2_PLACEMENT_3D('',#12942,#9830,#9831);
#8009=AXIS2_PLACEMENT_3D('',#12948,#9835,#9836);
#8010=AXIS2_PLACEMENT_3D('',#12951,#9838,#9839);
#8011=AXIS2_PLACEMENT_3D('',#12952,#9840,#9841);
#8012=AXIS2_PLACEMENT_3D('',#12954,#9843,#9844);
#8013=AXIS2_PLACEMENT_3D('',#12958,#9847,#9848);
#8014=AXIS2_PLACEMENT_3D('',#12962,#9851,#9852);
#8015=AXIS2_PLACEMENT_3D('',#12965,#9854,#9855);
#8016=AXIS2_PLACEMENT_3D('',#12966,#9856,#9857);
#8017=AXIS2_PLACEMENT_3D('',#12970,#9860,#9861);
#8018=AXIS2_PLACEMENT_3D('',#12974,#9864,#9865);
#8019=AXIS2_PLACEMENT_3D('',#12975,#9866,#9867);
#8020=AXIS2_PLACEMENT_3D('',#12976,#9868,#9869);
#8021=AXIS2_PLACEMENT_3D('',#12977,#9870,#9871);
#8022=AXIS2_PLACEMENT_3D('',#12980,#9873,#9874);
#8023=AXIS2_PLACEMENT_3D('',#12984,#9877,#9878);
#8024=AXIS2_PLACEMENT_3D('',#12985,#9879,#9880);
#8025=AXIS2_PLACEMENT_3D('',#12986,#9881,#9882);
#8026=AXIS2_PLACEMENT_3D('',#12987,#9883,#9884);
#8027=AXIS2_PLACEMENT_3D('',#12988,#9885,#9886);
#8028=AXIS2_PLACEMENT_3D('',#12997,#9891,#9892);
#8029=AXIS2_PLACEMENT_3D('',#13003,#9896,#9897);
#8030=AXIS2_PLACEMENT_3D('',#13014,#9903,#9904);
#8031=AXIS2_PLACEMENT_3D('',#13022,#9909,#9910);
#8032=AXIS2_PLACEMENT_3D('',#13028,#9914,#9915);
#8033=AXIS2_PLACEMENT_3D('',#13034,#9920,#9921);
#8034=AXIS2_PLACEMENT_3D('',#13036,#9923,#9924);
#8035=AXIS2_PLACEMENT_3D('',#13039,#9926,#9927);
#8036=AXIS2_PLACEMENT_3D('',#13044,#9930,#9931);
#8037=AXIS2_PLACEMENT_3D('',#13046,#9933,#9934);
#8038=AXIS2_PLACEMENT_3D('',#13048,#9936,#9937);
#8039=AXIS2_PLACEMENT_3D('',#13050,#9939,#9940);
#8040=AXIS2_PLACEMENT_3D('',#13051,#9941,#9942);
#8041=AXIS2_PLACEMENT_3D('',#13054,#9945,#9946);
#8042=AXIS2_PLACEMENT_3D('',#13055,#9947,#9948);
#8043=AXIS2_PLACEMENT_3D('',#13057,#9950,#9951);
#8044=AXIS2_PLACEMENT_3D('',#13060,#9954,#9955);
#8045=AXIS2_PLACEMENT_3D('',#13067,#9960,#9961);
#8046=AXIS2_PLACEMENT_3D('',#13068,#9962,#9963);
#8047=AXIS2_PLACEMENT_3D('',#13070,#9965,#9966);
#8048=AXIS2_PLACEMENT_3D('',#13072,#9968,#9969);
#8049=AXIS2_PLACEMENT_3D('',#13079,#9974,#9975);
#8050=AXIS2_PLACEMENT_3D('',#13081,#9977,#9978);
#8051=AXIS2_PLACEMENT_3D('',#13084,#9981,#9982);
#8052=AXIS2_PLACEMENT_3D('',#13085,#9983,#9984);
#8053=AXIS2_PLACEMENT_3D('',#13086,#9985,#9986);
#8054=AXIS2_PLACEMENT_3D('',#13087,#9987,#9988);
#8055=AXIS2_PLACEMENT_3D('',#13088,#9989,#9990);
#8056=AXIS2_PLACEMENT_3D('',#13089,#9991,#9992);
#8057=AXIS2_PLACEMENT_3D('',#13090,#9993,#9994);
#8058=AXIS2_PLACEMENT_3D('',#13091,#9995,#9996);
#8059=AXIS2_PLACEMENT_3D('',#13092,#9997,#9998);
#8060=AXIS2_PLACEMENT_3D('',#13093,#9999,#10000);
#8061=AXIS2_PLACEMENT_3D('',#13094,#10001,#10002);
#8062=AXIS2_PLACEMENT_3D('',#13095,#10003,#10004);
#8063=AXIS2_PLACEMENT_3D('',#13096,#10005,#10006);
#8064=AXIS2_PLACEMENT_3D('',#13097,#10007,#10008);
#8065=AXIS2_PLACEMENT_3D('',#13098,#10009,#10010);
#8066=AXIS2_PLACEMENT_3D('',#13099,#10011,#10012);
#8067=AXIS2_PLACEMENT_3D('',#13100,#10013,#10014);
#8068=AXIS2_PLACEMENT_3D('',#13101,#10015,#10016);
#8069=AXIS2_PLACEMENT_3D('',#13102,#10017,#10018);
#8070=AXIS2_PLACEMENT_3D('',#13103,#10019,#10020);
#8071=AXIS2_PLACEMENT_3D('',#13104,#10021,#10022);
#8072=AXIS2_PLACEMENT_3D('',#13105,#10023,#10024);
#8073=AXIS2_PLACEMENT_3D('',#13106,#10025,#10026);
#8074=AXIS2_PLACEMENT_3D('',#13107,#10027,#10028);
#8075=AXIS2_PLACEMENT_3D('',#13108,#10029,#10030);
#8076=AXIS2_PLACEMENT_3D('',#13109,#10031,#10032);
#8077=AXIS2_PLACEMENT_3D('',#13110,#10033,#10034);
#8078=AXIS2_PLACEMENT_3D('',#13111,#10035,#10036);
#8079=AXIS2_PLACEMENT_3D('',#13112,#10037,#10038);
#8080=AXIS2_PLACEMENT_3D('',#13113,#10039,#10040);
#8081=AXIS2_PLACEMENT_3D('',#13114,#10041,#10042);
#8082=AXIS2_PLACEMENT_3D('',#13115,#10043,#10044);
#8083=AXIS2_PLACEMENT_3D('',#13116,#10045,#10046);
#8084=AXIS2_PLACEMENT_3D('',#13117,#10047,#10048);
#8085=AXIS2_PLACEMENT_3D('',#13118,#10049,#10050);
#8086=AXIS2_PLACEMENT_3D('',#13119,#10051,#10052);
#8087=AXIS2_PLACEMENT_3D('',#13120,#10053,#10054);
#8088=AXIS2_PLACEMENT_3D('',#13121,#10055,#10056);
#8089=AXIS2_PLACEMENT_3D('',#13122,#10057,#10058);
#8090=AXIS2_PLACEMENT_3D('',#13123,#10059,#10060);
#8091=AXIS2_PLACEMENT_3D('',#13124,#10061,#10062);
#8092=AXIS2_PLACEMENT_3D('',#13125,#10063,#10064);
#8093=AXIS2_PLACEMENT_3D('',#13126,#10065,#10066);
#8094=AXIS2_PLACEMENT_3D('',#13127,#10067,#10068);
#8095=AXIS2_PLACEMENT_3D('',#13128,#10069,#10070);
#8096=AXIS2_PLACEMENT_3D('',#13129,#10071,#10072);
#8097=AXIS2_PLACEMENT_3D('',#13130,#10073,#10074);
#8098=AXIS2_PLACEMENT_3D('',#13131,#10075,#10076);
#8099=AXIS2_PLACEMENT_3D('',#13132,#10077,#10078);
#8100=AXIS2_PLACEMENT_3D('',#13133,#10079,#10080);
#8101=AXIS2_PLACEMENT_3D('',#13134,#10081,#10082);
#8102=AXIS2_PLACEMENT_3D('',#13135,#10083,#10084);
#8103=AXIS2_PLACEMENT_3D('',#13136,#10085,#10086);
#8104=AXIS2_PLACEMENT_3D('',#13137,#10087,#10088);
#8105=AXIS2_PLACEMENT_3D('',#13138,#10089,#10090);
#8106=AXIS2_PLACEMENT_3D('',#13139,#10091,#10092);
#8107=AXIS2_PLACEMENT_3D('',#13140,#10093,#10094);
#8108=AXIS2_PLACEMENT_3D('',#13141,#10095,#10096);
#8109=AXIS2_PLACEMENT_3D('',#13142,#10097,#10098);
#8110=AXIS2_PLACEMENT_3D('',#13143,#10099,#10100);
#8111=AXIS2_PLACEMENT_3D('',#13144,#10101,#10102);
#8112=AXIS2_PLACEMENT_3D('',#13145,#10103,#10104);
#8113=AXIS2_PLACEMENT_3D('',#13146,#10105,#10106);
#8114=AXIS2_PLACEMENT_3D('',#13147,#10107,#10108);
#8115=AXIS2_PLACEMENT_3D('',#13148,#10109,#10110);
#8116=AXIS2_PLACEMENT_3D('',#13149,#10111,#10112);
#8117=AXIS2_PLACEMENT_3D('',#13150,#10113,#10114);
#8118=AXIS2_PLACEMENT_3D('',#13151,#10115,#10116);
#8119=AXIS2_PLACEMENT_3D('',#13152,#10117,#10118);
#8120=AXIS2_PLACEMENT_3D('',#13153,#10119,#10120);
#8121=AXIS2_PLACEMENT_3D('',#13154,#10121,#10122);
#8122=AXIS2_PLACEMENT_3D('',#13155,#10123,#10124);
#8123=AXIS2_PLACEMENT_3D('',#13156,#10125,#10126);
#8124=AXIS2_PLACEMENT_3D('',#13157,#10127,#10128);
#8125=AXIS2_PLACEMENT_3D('',#13159,#10130,#10131);
#8126=AXIS2_PLACEMENT_3D('',#13161,#10133,#10134);
#8127=AXIS2_PLACEMENT_3D('',#13163,#10136,#10137);
#8128=AXIS2_PLACEMENT_3D('',#13165,#10139,#10140);
#8129=AXIS2_PLACEMENT_3D('',#13167,#10142,#10143);
#8130=AXIS2_PLACEMENT_3D('',#13169,#10145,#10146);
#8131=AXIS2_PLACEMENT_3D('',#13171,#10148,#10149);
#8132=AXIS2_PLACEMENT_3D('',#13173,#10151,#10152);
#8133=AXIS2_PLACEMENT_3D('',#13177,#10154,#10155);
#8134=AXIS2_PLACEMENT_3D('',#13185,#10163,#10164);
#8135=AXIS2_PLACEMENT_3D('',#13187,#10166,#10167);
#8136=AXIS2_PLACEMENT_3D('',#13189,#10169,#10170);
#8137=AXIS2_PLACEMENT_3D('',#13192,#10173,#10174);
#8138=AXIS2_PLACEMENT_3D('',#13194,#10176,#10177);
#8139=AXIS2_PLACEMENT_3D('',#13196,#10179,#10180);
#8140=AXIS2_PLACEMENT_3D('',#13199,#10183,#10184);
#8141=AXIS2_PLACEMENT_3D('',#13201,#10186,#10187);
#8142=AXIS2_PLACEMENT_3D('',#13203,#10189,#10190);
#8143=AXIS2_PLACEMENT_3D('',#13206,#10193,#10194);
#8144=AXIS2_PLACEMENT_3D('',#13208,#10196,#10197);
#8145=AXIS2_PLACEMENT_3D('',#13210,#10199,#10200);
#8146=AXIS2_PLACEMENT_3D('',#13213,#10203,#10204);
#8147=AXIS2_PLACEMENT_3D('',#13215,#10206,#10207);
#8148=AXIS2_PLACEMENT_3D('',#13216,#10208,#10209);
#8149=AXIS2_PLACEMENT_3D('',#13217,#10210,#10211);
#8150=AXIS2_PLACEMENT_3D('',#13218,#10212,#10213);
#8151=AXIS2_PLACEMENT_3D('',#13219,#10214,#10215);
#8152=AXIS2_PLACEMENT_3D('',#13220,#10216,#10217);
#8153=AXIS2_PLACEMENT_3D('',#13221,#10218,#10219);
#8154=AXIS2_PLACEMENT_3D('',#13222,#10220,#10221);
#8155=AXIS2_PLACEMENT_3D('',#13223,#10222,#10223);
#8156=AXIS2_PLACEMENT_3D('',#13224,#10224,#10225);
#8157=AXIS2_PLACEMENT_3D('',#13225,#10226,#10227);
#8158=AXIS2_PLACEMENT_3D('',#13226,#10228,#10229);
#8159=AXIS2_PLACEMENT_3D('',#13227,#10230,#10231);
#8160=AXIS2_PLACEMENT_3D('',#13228,#10232,#10233);
#8161=AXIS2_PLACEMENT_3D('',#13229,#10234,#10235);
#8162=AXIS2_PLACEMENT_3D('',#13230,#10236,#10237);
#8163=AXIS2_PLACEMENT_3D('',#13231,#10238,#10239);
#8164=AXIS2_PLACEMENT_3D('',#13235,#10242,#10243);
#8165=AXIS2_PLACEMENT_3D('',#13237,#10245,#10246);
#8166=AXIS2_PLACEMENT_3D('',#13238,#10247,#10248);
#8167=AXIS2_PLACEMENT_3D('',#13239,#10249,#10250);
#8168=AXIS2_PLACEMENT_3D('',#13240,#10251,#10252);
#8169=AXIS2_PLACEMENT_3D('',#13241,#10253,#10254);
#8170=AXIS2_PLACEMENT_3D('',#13242,#10255,#10256);
#8171=AXIS2_PLACEMENT_3D('',#13243,#10257,#10258);
#8172=AXIS2_PLACEMENT_3D('',#13244,#10259,#10260);
#8173=AXIS2_PLACEMENT_3D('',#13245,#10261,#10262);
#8174=AXIS2_PLACEMENT_3D('',#13246,#10263,#10264);
#8175=AXIS2_PLACEMENT_3D('',#13247,#10265,#10266);
#8176=AXIS2_PLACEMENT_3D('',#13248,#10267,#10268);
#8177=AXIS2_PLACEMENT_3D('',#13249,#10269,#10270);
#8178=AXIS2_PLACEMENT_3D('',#13250,#10271,#10272);
#8179=AXIS2_PLACEMENT_3D('',#13251,#10273,#10274);
#8180=AXIS2_PLACEMENT_3D('',#13255,#10277,#10278);
#8181=AXIS2_PLACEMENT_3D('',#13259,#10281,#10282);
#8182=AXIS2_PLACEMENT_3D('',#13263,#10285,#10286);
#8183=AXIS2_PLACEMENT_3D('',#13267,#10289,#10290);
#8184=AXIS2_PLACEMENT_3D('',#13268,#10291,#10292);
#8185=AXIS2_PLACEMENT_3D('',#13269,#10293,#10294);
#8186=AXIS2_PLACEMENT_3D('',#13270,#10295,#10296);
#8187=AXIS2_PLACEMENT_3D('',#13271,#10297,#10298);
#8188=AXIS2_PLACEMENT_3D('',#13272,#10299,#10300);
#8189=AXIS2_PLACEMENT_3D('',#13273,#10301,#10302);
#8190=AXIS2_PLACEMENT_3D('',#13274,#10303,#10304);
#8191=AXIS2_PLACEMENT_3D('',#13275,#10305,#10306);
#8192=AXIS2_PLACEMENT_3D('',#13276,#10307,#10308);
#8193=AXIS2_PLACEMENT_3D('',#13277,#10309,#10310);
#8194=AXIS2_PLACEMENT_3D('',#13278,#10311,#10312);
#8195=AXIS2_PLACEMENT_3D('',#13279,#10313,#10314);
#8196=AXIS2_PLACEMENT_3D('',#13280,#10315,#10316);
#8197=AXIS2_PLACEMENT_3D('',#13281,#10317,#10318);
#8198=AXIS2_PLACEMENT_3D('',#13282,#10319,#10320);
#8199=AXIS2_PLACEMENT_3D('',#13283,#10321,#10322);
#8200=AXIS2_PLACEMENT_3D('',#13284,#10323,#10324);
#8201=AXIS2_PLACEMENT_3D('',#13285,#10325,#10326);
#8202=AXIS2_PLACEMENT_3D('',#13286,#10327,#10328);
#8203=AXIS2_PLACEMENT_3D('',#13287,#10329,#10330);
#8204=AXIS2_PLACEMENT_3D('',#13290,#10333,#10334);
#8205=AXIS2_PLACEMENT_3D('',#13291,#10335,#10336);
#8206=AXIS2_PLACEMENT_3D('',#13292,#10337,#10338);
#8207=AXIS2_PLACEMENT_3D('',#13293,#10339,#10340);
#8208=AXIS2_PLACEMENT_3D('',#13295,#10341,#10342);
#8209=AXIS2_PLACEMENT_3D('',#13296,#10343,#10344);
#8210=AXIS2_PLACEMENT_3D('',#13298,#10345,#10346);
#8211=AXIS2_PLACEMENT_3D('',#13299,#10347,#10348);
#8212=AXIS2_PLACEMENT_3D('',#13301,#10349,#10350);
#8213=AXIS2_PLACEMENT_3D('',#13302,#10351,#10352);
#8214=AXIS2_PLACEMENT_3D('',#13304,#10353,#10354);
#8215=AXIS2_PLACEMENT_3D('',#13305,#10355,#10356);
#8216=AXIS2_PLACEMENT_3D('',#13307,#10357,#10358);
#8217=AXIS2_PLACEMENT_3D('',#13308,#10359,#10360);
#8218=AXIS2_PLACEMENT_3D('',#13310,#10361,#10362);
#8219=AXIS2_PLACEMENT_3D('',#13311,#10363,#10364);
#8220=AXIS2_PLACEMENT_3D('',#13313,#10365,#10366);
#8221=AXIS2_PLACEMENT_3D('',#13314,#10367,#10368);
#8222=AXIS2_PLACEMENT_3D('',#13316,#10369,#10370);
#8223=AXIS2_PLACEMENT_3D('',#13317,#10371,#10372);
#8224=AXIS2_PLACEMENT_3D('',#13319,#10373,#10374);
#8225=AXIS2_PLACEMENT_3D('',#13320,#10375,#10376);
#8226=AXIS2_PLACEMENT_3D('',#13321,#10377,#10378);
#8227=AXIS2_PLACEMENT_3D('',#13323,#10379,#10380);
#8228=AXIS2_PLACEMENT_3D('',#13324,#10381,#10382);
#8229=AXIS2_PLACEMENT_3D('',#13325,#10383,#10384);
#8230=AXIS2_PLACEMENT_3D('',#13327,#10385,#10386);
#8231=AXIS2_PLACEMENT_3D('',#13328,#10387,#10388);
#8232=AXIS2_PLACEMENT_3D('',#13329,#10389,#10390);
#8233=AXIS2_PLACEMENT_3D('',#13331,#10391,#10392);
#8234=AXIS2_PLACEMENT_3D('',#13332,#10393,#10394);
#8235=AXIS2_PLACEMENT_3D('',#13333,#10395,#10396);
#8236=AXIS2_PLACEMENT_3D('',#13335,#10397,#10398);
#8237=AXIS2_PLACEMENT_3D('',#13336,#10399,#10400);
#8238=AXIS2_PLACEMENT_3D('',#13337,#10401,#10402);
#8239=AXIS2_PLACEMENT_3D('',#13339,#10403,#10404);
#8240=AXIS2_PLACEMENT_3D('',#13340,#10405,#10406);
#8241=AXIS2_PLACEMENT_3D('',#13341,#10407,#10408);
#8242=AXIS2_PLACEMENT_3D('',#13343,#10409,#10410);
#8243=AXIS2_PLACEMENT_3D('',#13344,#10411,#10412);
#8244=AXIS2_PLACEMENT_3D('',#13345,#10413,#10414);
#8245=AXIS2_PLACEMENT_3D('',#13347,#10415,#10416);
#8246=AXIS2_PLACEMENT_3D('',#13348,#10417,#10418);
#8247=DIRECTION('',(0.,0.,1.));
#8248=DIRECTION('',(1.,0.,0.));
#8249=DIRECTION('',(-1.,-7.2280144832367E-16,0.));
#8250=DIRECTION('',(0.,1.,0.));
#8251=DIRECTION('',(1.,7.2280144832367E-16,0.));
#8252=DIRECTION('',(-7.21644966006352E-16,1.,0.));
#8253=DIRECTION('',(0.768221279597437,0.,-0.640184399664406));
#8254=DIRECTION('',(0.640184399664406,0.,0.768221279597437));
#8255=DIRECTION('',(0.768221279597437,0.,-0.640184399664406));
#8256=DIRECTION('',(0.640184399664406,0.,0.768221279597437));
#8257=DIRECTION('',(0.768221279597437,0.,-0.640184399664406));
#8258=DIRECTION('',(0.640184399664406,0.,0.768221279597437));
#8259=DIRECTION('',(0.,1.,0.));
#8260=DIRECTION('',(0.768221279597437,0.,-0.640184399664406));
#8261=DIRECTION('',(0.640184399664406,0.,0.768221279597437));
#8262=DIRECTION('',(0.768221279597437,0.,-0.640184399664406));
#8263=DIRECTION('',(0.640184399664406,0.,0.768221279597437));
#8264=DIRECTION('',(0.768221279597437,0.,-0.640184399664406));
#8265=DIRECTION('',(0.640184399664406,0.,0.768221279597437));
#8266=DIRECTION('',(-3.61400724161835E-16,1.,-4.33680868994286E-16));
#8267=DIRECTION('',(0.768221279597437,0.,-0.640184399664406));
#8268=DIRECTION('',(0.640184399664406,0.,0.768221279597437));
#8269=DIRECTION('',(0.768221279597437,0.,-0.640184399664406));
#8270=DIRECTION('',(0.640184399664406,0.,0.768221279597437));
#8271=DIRECTION('',(0.768221279597437,0.,-0.640184399664406));
#8272=DIRECTION('',(0.640184399664406,0.,0.768221279597437));
#8273=DIRECTION('',(0.,1.,0.));
#8274=DIRECTION('',(0.768221279597437,0.,-0.640184399664406));
#8275=DIRECTION('',(0.640184399664406,0.,0.768221279597437));
#8276=DIRECTION('',(0.640184399664406,0.,0.768221279597437));
#8277=DIRECTION('',(0.,1.,0.));
#8278=DIRECTION('',(-0.640184399664406,0.,-0.768221279597437));
#8279=DIRECTION('',(-0.768221279597437,0.,0.640184399664406));
#8280=DIRECTION('',(0.640184399664406,0.,0.768221279597437));
#8281=DIRECTION('',(0.,1.,0.));
#8282=DIRECTION('',(-0.768221279597437,0.,0.640184399664406));
#8283=DIRECTION('',(-0.640184399664406,0.,-0.768221279597437));
#8284=DIRECTION('',(-0.640184399664406,0.,-0.768221279597437));
#8285=DIRECTION('',(0.,1.,0.));
#8286=DIRECTION('',(-0.640184399664406,0.,-0.768221279597437));
#8287=DIRECTION('',(0.768221279597437,0.,-0.640184399664406));
#8288=DIRECTION('',(0.640184399664406,0.,0.768221279597437));
#8289=DIRECTION('',(-3.61400724161835E-16,1.,-4.33680868994286E-16));
#8290=DIRECTION('',(-7.2280144832367E-16,1.,-8.67361737988573E-16));
#8291=DIRECTION('',(0.768221279597437,0.,-0.640184399664406));
#8292=DIRECTION('',(0.640184399664406,0.,0.768221279597437));
#8293=DIRECTION('',(0.640184399664406,0.,0.768221279597437));
#8294=DIRECTION('',(-0.768221279597437,0.,0.640184399664406));
#8295=DIRECTION('',(-0.640184399664406,0.,-0.768221279597437));
#8296=DIRECTION('',(-0.640184399664406,0.,-0.768221279597437));
#8297=DIRECTION('',(0.768221279597437,0.,-0.640184399664406));
#8298=DIRECTION('',(0.640184399664406,0.,0.768221279597437));
#8299=DIRECTION('',(-7.2280144832367E-16,1.,-8.67361737988573E-16));
#8300=DIRECTION('',(0.768221279597437,0.,-0.640184399664406));
#8301=DIRECTION('',(0.640184399664406,0.,0.768221279597437));
#8302=DIRECTION('',(0.,-1.,0.));
#8303=DIRECTION('',(0.768221279597437,0.,-0.640184399664406));
#8304=DIRECTION('',(0.640184399664406,0.,0.768221279597437));
#8305=DIRECTION('',(-7.2280144832367E-16,1.,-8.67361737988573E-16));
#8306=DIRECTION('',(0.768221279597437,0.,-0.640184399664406));
#8307=DIRECTION('',(0.640184399664406,0.,0.768221279597437));
#8308=DIRECTION('',(-0.640184399664406,0.,-0.768221279597437));
#8309=DIRECTION('',(-0.768221279597437,0.,0.640184399664406));
#8310=DIRECTION('',(-0.640184399664406,0.,-0.768221279597437));
#8311=DIRECTION('',(0.640184399664406,0.,0.768221279597437));
#8312=DIRECTION('',(0.768221279597437,0.,-0.640184399664406));
#8313=DIRECTION('',(0.640184399664406,0.,0.768221279597437));
#8314=DIRECTION('',(-7.2280144832367E-16,1.,-8.67361737988573E-16));
#8315=DIRECTION('',(0.768221279597437,0.,-0.640184399664406));
#8316=DIRECTION('',(0.640184399664406,0.,0.768221279597437));
#8317=DIRECTION('',(0.640184399664406,0.,0.768221279597437));
#8318=DIRECTION('',(-0.768221279597437,0.,0.640184399664406));
#8319=DIRECTION('',(-0.640184399664406,0.,-0.768221279597437));
#8320=DIRECTION('',(-0.640184399664406,0.,-0.768221279597437));
#8321=DIRECTION('',(0.768221279597437,0.,-0.640184399664406));
#8322=DIRECTION('',(0.640184399664406,0.,0.768221279597437));
#8323=DIRECTION('',(-7.2280144832367E-16,1.,-8.67361737988573E-16));
#8324=DIRECTION('',(0.768221279597437,0.,-0.640184399664406));
#8325=DIRECTION('',(0.640184399664406,0.,0.768221279597437));
#8326=DIRECTION('',(0.640184399664406,-1.77686865128314E-15,0.768221279597437));
#8327=DIRECTION('',(-0.768221279597437,0.,0.640184399664406));
#8328=DIRECTION('',(-0.640184399664406,0.,-0.768221279597437));
#8329=DIRECTION('',(-0.640184399664406,0.,-0.768221279597437));
#8330=DIRECTION('',(0.768221279597437,0.,-0.640184399664406));
#8331=DIRECTION('',(0.640184399664406,0.,0.768221279597437));
#8332=DIRECTION('',(0.768221279597437,0.,-0.640184399664406));
#8333=DIRECTION('',(-0.640184399664406,0.,-0.768221279597437));
#8334=DIRECTION('',(1.,7.2280144832367E-16,0.));
#8335=DIRECTION('',(-1.44560289664734E-15,1.,0.));
#8336=DIRECTION('',(-1.,0.,0.));
#8337=DIRECTION('',(1.,0.,0.));
#8338=DIRECTION('',(-1.,0.,0.));
#8339=DIRECTION('',(0.,0.,1.));
#8340=DIRECTION('',(-1.,0.,0.));
#8341=DIRECTION('',(0.,0.,-1.));
#8342=DIRECTION('',(-1.,0.,0.));
#8343=DIRECTION('',(1.,0.,0.));
#8344=DIRECTION('',(0.,0.,1.));
#8345=DIRECTION('',(1.,0.,0.));
#8346=DIRECTION('',(-1.,-7.2280144832367E-16,0.));
#8347=DIRECTION('',(-1.44560289664734E-15,1.,0.));
#8348=DIRECTION('',(-1.,0.,0.));
#8349=DIRECTION('',(0.,0.,1.));
#8350=DIRECTION('',(-1.,0.,0.));
#8351=DIRECTION('',(0.,0.,-1.));
#8352=DIRECTION('',(-1.,0.,0.));
#8353=DIRECTION('',(1.,3.61400724161835E-16,0.));
#8354=DIRECTION('',(0.,-1.,0.));
#8355=DIRECTION('',(1.,0.,0.));
#8356=DIRECTION('',(-1.,0.,0.));
#8357=DIRECTION('',(0.,0.,-1.));
#8358=DIRECTION('',(-1.,-7.2280144832367E-16,0.));
#8359=DIRECTION('',(-1.44560289664734E-15,1.,0.));
#8360=DIRECTION('',(-1.,0.,0.));
#8361=DIRECTION('',(0.,0.,1.));
#8362=DIRECTION('',(-1.,-7.2280144832367E-16,0.));
#8363=DIRECTION('',(-1.44560289664734E-15,1.,0.));
#8364=DIRECTION('',(1.,0.,0.));
#8365=DIRECTION('',(-1.,0.,0.));
#8366=DIRECTION('',(-1.,0.,0.));
#8367=DIRECTION('',(0.,0.,1.));
#8368=DIRECTION('',(-1.,0.,0.));
#8369=DIRECTION('',(0.,0.,-1.));
#8370=DIRECTION('',(-1.,2.77555756156289E-15,0.));
#8371=DIRECTION('',(1.,0.,0.));
#8372=DIRECTION('',(0.,0.,1.));
#8373=DIRECTION('',(1.,0.,0.));
#8374=DIRECTION('',(-1.,-7.2280144832367E-16,0.));
#8375=DIRECTION('',(-1.44560289664734E-15,1.,0.));
#8376=DIRECTION('',(-1.,0.,0.));
#8377=DIRECTION('',(0.,0.,1.));
#8378=DIRECTION('',(-1.,-7.2280144832367E-16,0.));
#8379=DIRECTION('',(-1.44560289664734E-15,1.,0.));
#8380=DIRECTION('',(1.,0.,0.));
#8381=DIRECTION('',(-1.,2.77555756156289E-15,0.));
#8382=DIRECTION('',(-1.,0.,0.));
#8383=DIRECTION('',(0.,0.,1.));
#8384=DIRECTION('',(-1.,0.,0.));
#8385=DIRECTION('',(0.,0.,-1.));
#8386=DIRECTION('',(-1.,0.,0.));
#8387=DIRECTION('',(1.,3.61400724161835E-16,0.));
#8388=DIRECTION('',(0.,-1.,0.));
#8389=DIRECTION('',(1.,0.,0.));
#8390=DIRECTION('',(-1.,-7.2280144832367E-16,0.));
#8391=DIRECTION('',(-1.44560289664734E-15,1.,0.));
#8392=DIRECTION('',(-1.,0.,0.));
#8393=DIRECTION('',(0.,0.,1.));
#8394=DIRECTION('',(-1.,-7.2280144832367E-16,0.));
#8395=DIRECTION('',(-1.44560289664734E-15,1.,0.));
#8396=DIRECTION('',(1.,0.,0.));
#8397=DIRECTION('',(-1.,0.,0.));
#8398=DIRECTION('',(-1.,0.,0.));
#8399=DIRECTION('',(0.,0.,1.));
#8400=DIRECTION('',(1.,0.,0.));
#8401=DIRECTION('',(-1.,0.,0.));
#8402=DIRECTION('',(0.768221279597437,0.,-0.640184399664406));
#8403=DIRECTION('',(0.640184399664406,0.,0.768221279597437));
#8404=DIRECTION('',(-1.,-7.2280144832367E-16,0.));
#8405=DIRECTION('',(0.,1.,0.));
#8406=DIRECTION('',(1.,0.,0.));
#8407=DIRECTION('',(0.,0.,-1.));
#8408=DIRECTION('',(1.,0.,0.));
#8409=DIRECTION('',(-1.,0.,0.));
#8410=DIRECTION('',(0.768221279597437,0.,-0.640184399664406));
#8411=DIRECTION('',(0.640184399664406,0.,0.768221279597437));
#8412=DIRECTION('',(-1.,-7.2280144832367E-16,0.));
#8413=DIRECTION('',(0.,1.,0.));
#8414=DIRECTION('',(1.,0.,0.));
#8415=DIRECTION('',(0.,0.,-1.));
#8416=DIRECTION('',(1.,0.,0.));
#8417=DIRECTION('',(-1.,0.,0.));
#8418=DIRECTION('',(0.768221279597437,0.,-0.640184399664406));
#8419=DIRECTION('',(0.640184399664406,0.,0.768221279597437));
#8420=DIRECTION('',(1.,0.,0.));
#8421=DIRECTION('',(0.,0.,-1.));
#8422=DIRECTION('',(-1.,0.,0.));
#8423=DIRECTION('',(0.,0.499999999999999,-0.866025403784439));
#8424=DIRECTION('',(1.,0.,0.));
#8425=DIRECTION('',(0.,-0.499999999999999,0.866025403784439));
#8426=DIRECTION('',(0.,0.866025403784439,0.499999999999999));
#8427=DIRECTION('',(0.,-0.499999999999999,0.866025403784439));
#8428=DIRECTION('',(0.,-0.499999999999999,-0.866025403784439));
#8429=DIRECTION('',(1.,0.,0.));
#8430=DIRECTION('',(0.,0.499999999999999,0.866025403784439));
#8431=DIRECTION('',(1.,0.,0.));
#8432=DIRECTION('',(0.,0.866025403784439,-0.499999999999999));
#8433=DIRECTION('',(0.,0.499999999999999,0.866025403784439));
#8434=DIRECTION('',(0.,0.,-1.));
#8435=DIRECTION('',(1.06752213906265E-15,-1.,2.66880534765663E-16));
#8436=DIRECTION('',(1.,-1.26443886558765E-30,-7.5623310643703E-16));
#8437=DIRECTION('',(0.,0.,-1.));
#8438=DIRECTION('',(0.,0.,-1.));
#8439=DIRECTION('',(-5.55111512312578E-15,1.,-2.77555756156289E-15));
#8440=DIRECTION('',(0.,-1.15648231731787E-15,1.));
#8441=DIRECTION('',(-1.,1.26443886558765E-30,7.5623310643703E-16));
#8442=DIRECTION('',(0.,0.,-1.));
#8443=DIRECTION('',(1.,-1.26443886558765E-30,-7.5623310643703E-16));
#8444=DIRECTION('',(7.56339435525888E-16,0.,1.));
#8445=DIRECTION('',(0.,4.33680868994202E-15,1.));
#8446=DIRECTION('',(-1.,1.26443886558765E-30,7.5623310643703E-16));
#8447=DIRECTION('',(0.,0.,-1.));
#8448=DIRECTION('',(-1.26443886558765E-30,-1.,0.));
#8449=DIRECTION('',(-7.5623310643703E-16,-7.5623310643703E-16,-1.));
#8450=DIRECTION('',(0.,1.,-1.67202262744752E-15));
#8451=DIRECTION('',(7.56233106437026E-16,-6.50521303491303E-16,1.));
#8452=DIRECTION('',(1.06752213906265E-15,-1.,2.66880534765663E-16));
#8453=DIRECTION('',(1.,-1.26443886558765E-30,-7.5623310643703E-16));
#8454=DIRECTION('',(7.56339435525888E-16,0.,1.));
#8455=DIRECTION('',(-1.,0.,0.));
#8456=DIRECTION('',(0.,0.,-1.));
#8457=DIRECTION('',(-1.,0.,0.));
#8458=DIRECTION('',(-1.,0.,0.));
#8459=DIRECTION('',(1.,0.,0.));
#8460=DIRECTION('',(0.,0.,-1.));
#8461=DIRECTION('',(1.,0.,0.));
#8462=DIRECTION('',(-1.,0.,0.));
#8463=DIRECTION('',(0.,0.,-1.));
#8464=DIRECTION('',(1.,0.,0.));
#8465=DIRECTION('',(1.,0.,0.));
#8466=DIRECTION('',(0.,0.,-1.));
#8467=DIRECTION('',(1.,0.,0.));
#8468=DIRECTION('',(0.,0.,-1.));
#8469=DIRECTION('',(0.,0.,-1.));
#8470=DIRECTION('',(-1.,0.,0.));
#8471=DIRECTION('',(1.,0.,0.));
#8472=DIRECTION('',(0.,0.,-1.));
#8473=DIRECTION('',(1.,0.,0.));
#8474=DIRECTION('',(0.,0.,-1.));
#8475=DIRECTION('',(0.,-1.,0.));
#8476=DIRECTION('',(0.,0.,-1.));
#8477=DIRECTION('',(1.,0.,0.));
#8478=DIRECTION('',(0.,0.,-1.));
#8479=DIRECTION('',(0.,1.,-1.67202262744752E-15));
#8480=DIRECTION('',(-1.,0.,0.));
#8481=DIRECTION('',(0.,-1.,1.67202262744752E-15));
#8482=DIRECTION('',(-0.961523947640823,-0.274721127897378,0.));
#8483=DIRECTION('',(5.16718649958937E-30,1.,7.70988211545248E-16));
#8484=DIRECTION('',(0.961523947640823,-0.274721127897378,-2.11806751071293E-16));
#8485=DIRECTION('',(-5.31449634234599E-30,-1.,-7.70988211545248E-16));
#8486=DIRECTION('',(1.,4.29412544368679E-31,3.31072009597902E-46));
#8487=DIRECTION('',(-1.26443886558765E-30,1.,0.));
#8488=DIRECTION('',(1.,0.,0.));
#8489=DIRECTION('',(0.,-1.,0.));
#8490=DIRECTION('',(-1.,4.9851730665239E-65,0.));
#8491=DIRECTION('',(-4.9851730665239E-65,-1.,4.49024471295489E-49));
#8492=DIRECTION('',(1.,0.,0.));
#8493=DIRECTION('',(0.,-1.,0.));
#8494=DIRECTION('',(-1.,4.9851730665239E-65,0.));
#8495=DIRECTION('',(0.,-1.,0.));
#8496=DIRECTION('',(-1.,0.,0.));
#8497=DIRECTION('',(-1.84748567583084E-30,-1.,-7.70988211545247E-16));
#8498=DIRECTION('',(1.,4.29412544368679E-31,3.31072009597902E-46));
#8499=DIRECTION('',(-1.62807719751592E-30,-1.,-7.70988211545247E-16));
#8500=DIRECTION('',(-1.,0.,0.));
#8501=DIRECTION('',(0.,-1.,0.));
#8502=DIRECTION('',(1.,0.,0.));
#8503=DIRECTION('',(0.,1.,0.));
#8504=DIRECTION('',(-1.,0.,0.));
#8505=DIRECTION('',(0.,0.,-1.));
#8506=DIRECTION('',(-1.,0.,0.));
#8507=DIRECTION('',(0.,-1.,0.));
#8508=DIRECTION('',(-1.,0.,0.));
#8509=DIRECTION('',(-1.26443886558765E-30,1.,0.));
#8510=DIRECTION('',(1.,0.,0.));
#8511=DIRECTION('',(0.,0.,-1.));
#8512=DIRECTION('',(-1.,0.,0.));
#8513=DIRECTION('',(0.,0.,-1.));
#8514=DIRECTION('',(-7.5623310643703E-16,7.5623310643703E-16,1.));
#8515=DIRECTION('',(0.,-1.,1.67202262744752E-15));
#8516=DIRECTION('',(7.56233106437026E-16,6.50521303491303E-16,-1.));
#8517=DIRECTION('',(0.,1.,0.));
#8518=DIRECTION('',(1.,1.26443886558765E-30,7.5623310643703E-16));
#8519=DIRECTION('',(7.56339435525888E-16,0.,-1.));
#8520=DIRECTION('',(0.,0.,1.));
#8521=DIRECTION('',(0.,1.,0.));
#8522=DIRECTION('',(1.,1.26443886558765E-30,7.5623310643703E-16));
#8523=DIRECTION('',(0.,0.,-1.));
#8524=DIRECTION('',(0.,0.,1.));
#8525=DIRECTION('',(0.,-1.,2.77555756156289E-15));
#8526=DIRECTION('',(0.,0.,-1.));
#8527=DIRECTION('',(-1.,-1.26443886558765E-30,-7.5623310643703E-16));
#8528=DIRECTION('',(0.,0.,-1.));
#8529=DIRECTION('',(1.,1.26443886558765E-30,7.5623310643703E-16));
#8530=DIRECTION('',(7.56339435525888E-16,0.,-1.));
#8531=DIRECTION('',(0.,-1.,0.));
#8532=DIRECTION('',(0.,0.,1.));
#8533=DIRECTION('',(0.,1.,0.));
#8534=DIRECTION('',(-4.9851730665239E-65,-1.,4.49024471295489E-49));
#8535=DIRECTION('',(0.,0.,-1.));
#8536=DIRECTION('',(0.,1.,0.));
#8537=DIRECTION('',(0.,0.,1.));
#8538=DIRECTION('',(0.,1.,0.));
#8539=DIRECTION('',(0.,1.,0.));
#8540=DIRECTION('',(0.,0.,-1.));
#8541=DIRECTION('',(0.,-1.,0.));
#8542=DIRECTION('',(0.,0.,1.));
#8543=DIRECTION('',(0.,1.,0.));
#8544=DIRECTION('',(0.,0.,1.));
#8545=DIRECTION('',(-0.640184399664406,0.,-0.768221279597437));
#8546=DIRECTION('',(0.640184399664406,0.,0.768221279597437));
#8547=DIRECTION('',(0.,1.,0.));
#8548=DIRECTION('',(0.768221279597437,0.,-0.640184399664406));
#8549=DIRECTION('',(-0.640184399664406,0.,-0.768221279597437));
#8550=DIRECTION('',(-0.640184399664406,0.,-0.768221279597437));
#8551=DIRECTION('',(0.640184399664406,-1.77686865128314E-15,0.768221279597437));
#8552=DIRECTION('',(0.,1.,0.));
#8553=DIRECTION('',(0.768221279597437,0.,-0.640184399664406));
#8554=DIRECTION('',(-0.640184399664406,0.,-0.768221279597437));
#8555=DIRECTION('',(-0.640184399664406,0.,-0.768221279597437));
#8556=DIRECTION('',(0.640184399664406,0.,0.768221279597437));
#8557=DIRECTION('',(0.,1.,0.));
#8558=DIRECTION('',(0.768221279597437,0.,-0.640184399664406));
#8559=DIRECTION('',(-0.640184399664406,0.,-0.768221279597437));
#8560=DIRECTION('',(1.,0.,0.));
#8561=DIRECTION('',(0.,0.,1.));
#8562=DIRECTION('',(-1.,0.,0.));
#8563=DIRECTION('',(0.,1.15648231731787E-15,-1.));
#8564=DIRECTION('',(-1.,0.,0.));
#8565=DIRECTION('',(0.,0.,-1.));
#8566=DIRECTION('',(1.,0.,0.));
#8567=DIRECTION('',(0.,-1.15648231731787E-15,-1.));
#8568=DIRECTION('',(-1.,0.,0.));
#8569=DIRECTION('',(0.,1.15648231731787E-15,1.));
#8570=DIRECTION('',(0.,-1.,0.));
#8571=DIRECTION('',(0.,0.,-1.));
#8572=DIRECTION('',(1.,4.9851730665239E-65,0.));
#8573=DIRECTION('',(0.,1.,0.));
#8574=DIRECTION('',(1.,0.,0.));
#8575=DIRECTION('',(-1.84748567583084E-30,1.,7.70988211545248E-16));
#8576=DIRECTION('',(1.,-4.29412544368679E-31,-3.31072009597902E-46));
#8577=DIRECTION('',(-1.62807719751592E-30,1.,7.70988211545248E-16));
#8578=DIRECTION('',(-1.,0.,0.));
#8579=DIRECTION('',(1.,0.,0.));
#8580=DIRECTION('',(0.,-1.,0.));
#8581=DIRECTION('',(-1.,0.,0.));
#8582=DIRECTION('',(0.,1.,0.));
#8583=DIRECTION('',(-1.,-4.9851730665239E-65,0.));
#8584=DIRECTION('',(4.9851730665239E-65,-1.,4.49024471295489E-49));
#8585=DIRECTION('',(1.,0.,0.));
#8586=DIRECTION('',(0.,1.,0.));
#8587=DIRECTION('',(0.,-1.,1.67202262744752E-15));
#8588=DIRECTION('',(-1.,0.,0.));
#8589=DIRECTION('',(0.,1.,-1.67202262744752E-15));
#8590=DIRECTION('',(-0.961523947640823,0.274721127897378,0.));
#8591=DIRECTION('',(5.16718649958937E-30,-1.,-7.70988211545248E-16));
#8592=DIRECTION('',(0.961523947640823,0.274721127897378,2.11806751071293E-16));
#8593=DIRECTION('',(-5.31449634234599E-30,1.,7.70988211545248E-16));
#8594=DIRECTION('',(1.,-4.29412544368679E-31,-3.31072009597902E-46));
#8595=DIRECTION('',(0.,0.,1.));
#8596=DIRECTION('',(1.,0.,0.));
#8597=DIRECTION('',(-1.,0.,0.));
#8598=DIRECTION('',(0.,0.,-1.));
#8599=DIRECTION('',(-1.,0.,0.));
#8600=DIRECTION('',(-1.,0.,0.));
#8601=DIRECTION('',(0.,0.,1.));
#8602=DIRECTION('',(-1.,0.,0.));
#8603=DIRECTION('',(0.,0.,1.));
#8604=DIRECTION('',(1.,0.,0.));
#8605=DIRECTION('',(0.,0.,1.));
#8606=DIRECTION('',(-1.,0.,0.));
#8607=DIRECTION('',(0.,0.,-1.));
#8608=DIRECTION('',(0.,1.,0.));
#8609=DIRECTION('',(0.,0.,1.));
#8610=DIRECTION('',(-1.,0.,0.));
#8611=DIRECTION('',(0.,0.,-1.));
#8612=DIRECTION('',(-1.,0.,0.));
#8613=DIRECTION('',(0.,0.,-1.));
#8614=DIRECTION('',(1.,0.,0.));
#8615=DIRECTION('',(0.,0.,-1.));
#8616=DIRECTION('',(-1.,0.,0.));
#8617=DIRECTION('',(0.,0.,-1.));
#8618=DIRECTION('',(1.,0.,0.));
#8619=DIRECTION('',(0.,0.,-1.));
#8620=DIRECTION('',(1.,0.,0.));
#8621=DIRECTION('',(0.,0.,-1.));
#8622=DIRECTION('',(-1.,0.,0.));
#8623=DIRECTION('',(0.,0.,-0.999999999999999));
#8624=DIRECTION('',(1.,0.,0.));
#8625=DIRECTION('',(1.,0.,0.));
#8626=DIRECTION('',(0.,0.,-0.999999999999999));
#8627=DIRECTION('',(1.,0.,0.));
#8628=DIRECTION('',(-1.,0.,0.));
#8629=DIRECTION('',(0.,0.,1.));
#8630=DIRECTION('',(0.,0.866025403784438,0.500000000000002));
#8631=DIRECTION('',(0.,-0.866025403784438,-0.500000000000002));
#8632=DIRECTION('',(1.,0.,0.));
#8633=DIRECTION('',(0.,-0.500000000000002,0.866025403784438));
#8634=DIRECTION('',(0.,-0.866025403784438,-0.500000000000002));
#8635=DIRECTION('',(0.,-0.499999999999998,0.86602540378444));
#8636=DIRECTION('',(-1.,0.,0.));
#8637=DIRECTION('',(0.,0.499999999999998,-0.86602540378444));
#8638=DIRECTION('',(1.,0.,0.));
#8639=DIRECTION('',(0.,-0.86602540378444,-0.499999999999998));
#8640=DIRECTION('',(0.,0.499999999999998,-0.86602540378444));
#8641=DIRECTION('',(-1.,0.,0.));
#8642=DIRECTION('',(0.,0.,-0.999999999999999));
#8643=DIRECTION('',(1.,0.,0.));
#8644=DIRECTION('',(0.,0.,-0.999999999999999));
#8645=DIRECTION('',(1.,0.,0.));
#8646=DIRECTION('',(-1.,0.,0.));
#8647=DIRECTION('',(0.,0.,1.));
#8648=DIRECTION('',(0.,-5.79745592212314E-15,-1.));
#8649=DIRECTION('',(0.,5.79745592212314E-15,1.));
#8650=DIRECTION('',(-1.,0.,0.));
#8651=DIRECTION('',(0.,1.,-5.79745592212314E-15));
#8652=DIRECTION('',(0.,5.80091530366644E-15,1.));
#8653=DIRECTION('',(0.,1.,-1.44936398053078E-15));
#8654=DIRECTION('',(-1.,0.,0.));
#8655=DIRECTION('',(0.,-1.,1.44936398053078E-15));
#8656=DIRECTION('',(1.,0.,0.));
#8657=DIRECTION('',(0.,1.44936398053078E-15,1.));
#8658=DIRECTION('',(0.,-1.,1.45022882591661E-15));
#8659=DIRECTION('',(-1.,0.,0.));
#8660=DIRECTION('',(0.,0.,-0.999999999999999));
#8661=DIRECTION('',(1.,0.,0.));
#8662=DIRECTION('',(0.,0.,-0.999999999999999));
#8663=DIRECTION('',(1.,0.,0.));
#8664=DIRECTION('',(-1.,0.,0.));
#8665=DIRECTION('',(0.,0.,1.));
#8666=DIRECTION('',(0.,-0.86602540378444,0.499999999999998));
#8667=DIRECTION('',(0.,0.86602540378444,-0.499999999999998));
#8668=DIRECTION('',(-1.,0.,0.));
#8669=DIRECTION('',(0.,-0.499999999999998,-0.86602540378444));
#8670=DIRECTION('',(0.,0.86602540378444,-0.499999999999998));
#8671=DIRECTION('',(-1.,0.,0.));
#8672=DIRECTION('',(0.,0.,-1.));
#8673=DIRECTION('',(1.,0.,0.));
#8674=DIRECTION('',(0.,0.,-1.));
#8675=DIRECTION('',(-1.,0.,0.));
#8676=DIRECTION('',(0.,0.,1.));
#8677=DIRECTION('',(1.,0.,0.));
#8678=DIRECTION('',(-1.,0.,0.));
#8679=DIRECTION('',(0.,0.,-1.));
#8680=DIRECTION('',(1.,0.,0.));
#8681=DIRECTION('',(0.,0.,-1.));
#8682=DIRECTION('',(-1.,0.,0.));
#8683=DIRECTION('',(0.,0.,1.));
#8684=DIRECTION('',(0.,0.,-1.));
#8685=DIRECTION('',(0.,0.,-1.));
#8686=DIRECTION('',(1.,0.,0.));
#8687=DIRECTION('',(0.,0.,-1.));
#8688=DIRECTION('',(0.,1.,0.));
#8689=DIRECTION('',(-4.66293670342566E-16,1.23259516440783E-31,-1.));
#8690=DIRECTION('',(-4.9851730665239E-65,-1.,4.49024471295489E-49));
#8691=DIRECTION('',(1.11022302462516E-16,4.49024471295489E-49,1.));
#8692=DIRECTION('',(0.,0.,-1.));
#8693=DIRECTION('',(0.,1.,0.));
#8694=DIRECTION('',(0.,0.,1.));
#8695=DIRECTION('',(1.,0.,0.));
#8696=DIRECTION('',(0.,0.,-1.));
#8697=DIRECTION('',(0.,0.,1.));
#8698=DIRECTION('',(0.,1.,-3.85494105772624E-16));
#8699=DIRECTION('',(0.,0.,1.));
#8700=DIRECTION('',(0.,-1.,0.));
#8701=DIRECTION('',(-4.66293670342566E-16,-1.23259516440783E-31,1.));
#8702=DIRECTION('',(-4.9851730665239E-65,1.,-4.49024471295489E-49));
#8703=DIRECTION('',(1.11022302462516E-16,-4.49024471295489E-49,-1.));
#8704=DIRECTION('',(0.,-1.,0.));
#8705=DIRECTION('',(0.,4.33680868994202E-15,1.));
#8706=DIRECTION('',(0.,-1.,2.66880534765663E-16));
#8707=DIRECTION('',(1.,0.,0.));
#8708=DIRECTION('',(0.,0.,-1.));
#8709=DIRECTION('',(1.,0.,0.));
#8710=DIRECTION('',(0.,0.,-1.));
#8711=DIRECTION('',(1.,0.,0.));
#8712=DIRECTION('',(0.,0.,-0.999999999999999));
#8713=DIRECTION('',(0.,0.86602540378444,0.499999999999998));
#8714=DIRECTION('',(-1.,0.,0.));
#8715=DIRECTION('',(0.,0.,-1.));
#8716=DIRECTION('',(0.,1.,1.44936398053078E-15));
#8717=DIRECTION('',(1.,0.,0.));
#8718=DIRECTION('',(0.,0.,-0.999999999999999));
#8719=DIRECTION('',(0.,5.79745592212314E-15,-1.));
#8720=DIRECTION('',(-1.,0.,0.));
#8721=DIRECTION('',(0.,0.,-1.));
#8722=DIRECTION('',(0.,-0.499999999999998,-0.86602540378444));
#8723=DIRECTION('',(1.,0.,0.));
#8724=DIRECTION('',(0.,0.,-0.999999999999999));
#8725=DIRECTION('',(1.,0.,0.));
#8726=DIRECTION('',(0.,0.,-1.));
#8727=DIRECTION('',(1.,0.,0.));
#8728=DIRECTION('',(0.,0.,-0.999999999999999));
#8729=DIRECTION('',(0.,-0.499999999999998,0.86602540378444));
#8730=DIRECTION('',(-1.,0.,0.));
#8731=DIRECTION('',(0.,0.,-1.));
#8732=DIRECTION('',(0.,0.499999999999998,0.86602540378444));
#8733=DIRECTION('',(1.,0.,0.));
#8734=DIRECTION('',(0.,0.,-1.));
#8735=DIRECTION('',(1.,0.,0.));
#8736=DIRECTION('',(0.,0.,-1.));
#8737=DIRECTION('',(1.,0.,0.));
#8738=DIRECTION('',(0.,0.,-1.));
#8739=DIRECTION('',(0.,-0.499999999999998,0.86602540378444));
#8740=DIRECTION('',(-1.,0.,0.));
#8741=DIRECTION('',(0.,0.,-0.999999999999999));
#8742=DIRECTION('',(0.,0.499999999999998,0.86602540378444));
#8743=DIRECTION('',(1.,0.,0.));
#8744=DIRECTION('',(0.,0.,-1.));
#8745=DIRECTION('',(1.,0.,0.));
#8746=DIRECTION('',(0.,0.,-1.));
#8747=DIRECTION('',(1.,0.,0.));
#8748=DIRECTION('',(0.,0.,-1.));
#8749=DIRECTION('',(1.,0.,0.));
#8750=DIRECTION('',(0.,0.,-1.));
#8751=DIRECTION('',(1.,0.,0.));
#8752=DIRECTION('',(0.,0.,-1.));
#8753=DIRECTION('',(0.,-0.866025403784439,-0.499999999999999));
#8754=DIRECTION('',(-1.,0.,0.));
#8755=DIRECTION('',(0.,0.,-1.));
#8756=DIRECTION('',(0.,1.,1.44936398053078E-15));
#8757=DIRECTION('',(1.,0.,0.));
#8758=DIRECTION('',(0.,0.,-1.));
#8759=DIRECTION('',(0.,-5.79745592212312E-15,1.));
#8760=DIRECTION('',(-1.,0.,0.));
#8761=DIRECTION('',(0.,0.,-1.));
#8762=DIRECTION('',(0.,-0.499999999999998,-0.86602540378444));
#8763=DIRECTION('',(1.,0.,0.));
#8764=DIRECTION('',(0.,0.,-1.));
#8765=DIRECTION('',(1.,0.,0.));
#8766=DIRECTION('',(0.,0.,-1.));
#8767=DIRECTION('',(1.,0.,0.));
#8768=DIRECTION('',(0.,0.,-1.));
#8769=DIRECTION('',(0.,0.499999999999998,-0.86602540378444));
#8770=DIRECTION('',(-1.,0.,0.));
#8771=DIRECTION('',(0.,0.,-1.));
#8772=DIRECTION('',(0.,-0.499999999999998,-0.86602540378444));
#8773=DIRECTION('',(1.,0.,0.));
#8774=DIRECTION('',(0.,0.,-1.));
#8775=DIRECTION('',(1.,0.,0.));
#8776=DIRECTION('',(0.,0.,-1.));
#8777=DIRECTION('',(1.,0.,0.));
#8778=DIRECTION('',(0.,0.,-1.));
#8779=DIRECTION('',(0.,0.499999999999998,-0.86602540378444));
#8780=DIRECTION('',(-1.,0.,0.));
#8781=DIRECTION('',(0.,0.,-1.));
#8782=DIRECTION('',(0.,-0.499999999999998,-0.86602540378444));
#8783=DIRECTION('',(1.,0.,0.));
#8784=DIRECTION('',(0.,0.,-1.));
#8785=DIRECTION('',(1.,0.,0.));
#8786=DIRECTION('',(0.,0.,-1.));
#8787=DIRECTION('',(1.,0.,0.));
#8788=DIRECTION('',(0.,0.,-1.));
#8789=DIRECTION('',(0.,0.499999999999998,-0.86602540378444));
#8790=DIRECTION('',(-1.,0.,0.));
#8791=DIRECTION('',(0.,0.,-1.));
#8792=DIRECTION('',(0.,5.79745592212312E-15,1.));
#8793=DIRECTION('',(1.,0.,0.));
#8794=DIRECTION('',(0.,0.,-1.));
#8795=DIRECTION('',(0.,-1.,1.44936398053078E-15));
#8796=DIRECTION('',(-1.,0.,0.));
#8797=DIRECTION('',(0.,0.,-1.));
#8798=DIRECTION('',(0.,0.866025403784439,-0.499999999999999));
#8799=DIRECTION('',(1.,0.,0.));
#8800=DIRECTION('',(0.,0.,-1.));
#8801=DIRECTION('',(0.,-0.86602540378444,-0.499999999999998));
#8802=DIRECTION('',(1.,0.,0.));
#8803=DIRECTION('',(0.,0.,-1.));
#8804=DIRECTION('',(-1.,0.,0.));
#8805=DIRECTION('',(0.,0.,-1.));
#8806=DIRECTION('',(1.,0.,0.));
#8807=DIRECTION('',(0.,0.,-1.));
#8808=DIRECTION('',(0.,-0.866025403784439,0.499999999999999));
#8809=DIRECTION('',(1.,0.,0.));
#8810=DIRECTION('',(0.,0.,-1.));
#8811=DIRECTION('',(0.,1.,-1.44936398053078E-15));
#8812=DIRECTION('',(1.,0.,0.));
#8813=DIRECTION('',(0.,0.,-1.));
#8814=DIRECTION('',(0.,-5.79745592212312E-15,-1.));
#8815=DIRECTION('',(1.,0.,0.));
#8816=DIRECTION('',(0.,0.,-1.));
#8817=DIRECTION('',(0.,-0.499999999999998,0.86602540378444));
#8818=DIRECTION('',(1.,0.,0.));
#8819=DIRECTION('',(0.,0.,-1.));
#8820=DIRECTION('',(-1.,0.,0.));
#8821=DIRECTION('',(0.,0.,-1.));
#8822=DIRECTION('',(1.,0.,0.));
#8823=DIRECTION('',(0.,0.,-1.));
#8824=DIRECTION('',(0.,0.499999999999998,0.86602540378444));
#8825=DIRECTION('',(-1.,0.,0.));
#8826=DIRECTION('',(0.,0.,-1.));
#8827=DIRECTION('',(0.,-0.499999999999998,0.86602540378444));
#8828=DIRECTION('',(1.,0.,0.));
#8829=DIRECTION('',(0.,0.,-1.));
#8830=DIRECTION('',(-1.,0.,0.));
#8831=DIRECTION('',(0.,0.,-1.));
#8832=DIRECTION('',(1.,0.,0.));
#8833=DIRECTION('',(0.,0.,-1.));
#8834=DIRECTION('',(0.,0.499999999999998,0.86602540378444));
#8835=DIRECTION('',(1.,0.,0.));
#8836=DIRECTION('',(0.,0.,-1.));
#8837=DIRECTION('',(0.,-0.499999999999998,0.86602540378444));
#8838=DIRECTION('',(1.,0.,0.));
#8839=DIRECTION('',(0.,0.,-1.));
#8840=DIRECTION('',(-1.,0.,0.));
#8841=DIRECTION('',(0.,0.,-1.));
#8842=DIRECTION('',(1.,0.,0.));
#8843=DIRECTION('',(0.,0.,-1.));
#8844=DIRECTION('',(0.,0.499999999999998,0.86602540378444));
#8845=DIRECTION('',(-1.,0.,0.));
#8846=DIRECTION('',(0.,0.,-1.));
#8847=DIRECTION('',(0.,5.79745592212312E-15,-1.));
#8848=DIRECTION('',(1.,0.,0.));
#8849=DIRECTION('',(0.,0.,-1.));
#8850=DIRECTION('',(0.,-1.,-1.44936398053078E-15));
#8851=DIRECTION('',(-1.,0.,0.));
#8852=DIRECTION('',(0.,0.,-1.));
#8853=DIRECTION('',(0.,0.866025403784439,0.499999999999999));
#8854=DIRECTION('',(1.,0.,0.));
#8855=DIRECTION('',(0.,0.,-1.));
#8856=DIRECTION('',(-1.,0.,0.));
#8857=DIRECTION('',(0.,0.,-0.999999999999999));
#8858=DIRECTION('',(1.,0.,0.));
#8859=DIRECTION('',(0.,0.,-1.));
#8860=DIRECTION('',(1.,0.,0.));
#8861=DIRECTION('',(0.,0.,-1.));
#8862=DIRECTION('',(1.,0.,0.));
#8863=DIRECTION('',(0.,0.,-1.));
#8864=DIRECTION('',(-1.,0.,0.));
#8865=DIRECTION('',(0.,0.,-1.));
#8866=DIRECTION('',(1.,0.,0.));
#8867=DIRECTION('',(0.,0.,-1.));
#8868=DIRECTION('',(0.,-0.499999999999998,-0.86602540378444));
#8869=DIRECTION('',(-1.,0.,0.));
#8870=DIRECTION('',(0.,0.,-0.999999999999999));
#8871=DIRECTION('',(0.,0.499999999999998,-0.86602540378444));
#8872=DIRECTION('',(1.,0.,0.));
#8873=DIRECTION('',(0.,0.,-1.));
#8874=DIRECTION('',(-1.,0.,0.));
#8875=DIRECTION('',(0.,0.,-1.));
#8876=DIRECTION('',(1.,0.,0.));
#8877=DIRECTION('',(0.,0.,-1.));
#8878=DIRECTION('',(0.,-0.499999999999998,-0.86602540378444));
#8879=DIRECTION('',(1.,0.,0.));
#8880=DIRECTION('',(0.,0.,-1.));
#8881=DIRECTION('',(0.,0.499999999999998,-0.86602540378444));
#8882=DIRECTION('',(1.,0.,0.));
#8883=DIRECTION('',(0.,0.,-1.));
#8884=DIRECTION('',(-1.,0.,0.));
#8885=DIRECTION('',(0.,0.,-1.));
#8886=DIRECTION('',(1.,0.,0.));
#8887=DIRECTION('',(0.,0.,-1.));
#8888=DIRECTION('',(0.,-0.499999999999998,-0.86602540378444));
#8889=DIRECTION('',(-1.,0.,0.));
#8890=DIRECTION('',(0.,0.,-1.));
#8891=DIRECTION('',(0.,-5.79745592212314E-15,1.));
#8892=DIRECTION('',(1.,0.,0.));
#8893=DIRECTION('',(0.,0.,-1.));
#8894=DIRECTION('',(0.,1.,1.44936398053078E-15));
#8895=DIRECTION('',(-1.,0.,0.));
#8896=DIRECTION('',(0.,0.,-1.));
#8897=DIRECTION('',(0.,0.499999999999999,0.866025403784439));
#8898=DIRECTION('',(0.,0.499999999999999,-0.866025403784439));
#8899=DIRECTION('',(-1.,0.,0.));
#8900=DIRECTION('',(0.,0.,-1.));
#8901=DIRECTION('',(0.,-0.866025403784438,0.500000000000001));
#8902=DIRECTION('',(0.,0.866025403784438,0.500000000000001));
#8903=DIRECTION('',(1.,0.,0.));
#8904=DIRECTION('',(0.,0.,-1.));
#8905=DIRECTION('',(0.,-0.499999999999999,-0.866025403784439));
#8906=DIRECTION('',(-1.,0.,0.));
#8907=DIRECTION('',(0.,0.,-0.999999999999999));
#8908=DIRECTION('',(0.,0.866025403784438,-0.500000000000002));
#8909=DIRECTION('',(0.,0.866025403784438,-0.500000000000002));
#8910=DIRECTION('',(0.,-0.866025403784438,-0.500000000000002));
#8911=DIRECTION('',(1.,0.,0.));
#8912=DIRECTION('',(0.,0.,-1.));
#8913=DIRECTION('',(0.,0.499999999999999,0.866025403784439));
#8914=DIRECTION('',(0.,0.499999999999999,-0.866025403784439));
#8915=DIRECTION('',(-1.,0.,0.));
#8916=DIRECTION('',(0.,0.,-1.));
#8917=DIRECTION('',(0.,-0.866025403784438,0.500000000000001));
#8918=DIRECTION('',(0.,0.866025403784438,0.500000000000001));
#8919=DIRECTION('',(1.,0.,0.));
#8920=DIRECTION('',(0.,0.,-1.));
#8921=DIRECTION('',(0.,-0.499999999999999,-0.866025403784439));
#8922=DIRECTION('',(0.,-0.499999999999999,0.866025403784439));
#8923=DIRECTION('',(-1.,0.,0.));
#8924=DIRECTION('',(0.,0.,-1.));
#8925=DIRECTION('',(1.,0.,0.));
#8926=DIRECTION('',(0.,0.,-0.999999999999999));
#8927=DIRECTION('',(1.,0.,0.));
#8928=DIRECTION('',(0.,0.,-1.));
#8929=DIRECTION('',(1.,0.,0.));
#8930=DIRECTION('',(0.,0.,-1.));
#8931=DIRECTION('',(0.,0.866025403784438,-0.500000000000002));
#8932=DIRECTION('',(0.,-0.866025403784438,-0.500000000000002));
#8933=DIRECTION('',(1.,0.,0.));
#8934=DIRECTION('',(0.,0.,-0.999999999999999));
#8935=DIRECTION('',(0.,0.499999999999999,-0.866025403784439));
#8936=DIRECTION('',(-1.,0.,0.));
#8937=DIRECTION('',(0.,0.,-1.));
#8938=DIRECTION('',(0.,-0.866025403784438,0.500000000000001));
#8939=DIRECTION('',(0.,0.866025403784438,0.500000000000001));
#8940=DIRECTION('',(1.,0.,0.));
#8941=DIRECTION('',(0.,0.,-1.));
#8942=DIRECTION('',(0.,-0.499999999999999,-0.866025403784439));
#8943=DIRECTION('',(0.,-0.499999999999999,0.866025403784439));
#8944=DIRECTION('',(-1.,0.,0.));
#8945=DIRECTION('',(0.,0.,-1.));
#8946=DIRECTION('',(1.,0.,0.));
#8947=DIRECTION('',(0.,0.,-0.999999999999999));
#8948=DIRECTION('',(1.,0.,0.));
#8949=DIRECTION('',(0.,0.,-0.999999999999999));
#8950=DIRECTION('',(1.,0.,0.));
#8951=DIRECTION('',(0.,0.,-1.));
#8952=DIRECTION('',(1.,0.,0.));
#8953=DIRECTION('',(0.,0.,-0.999999999999999));
#8954=DIRECTION('',(1.,0.,0.));
#8955=DIRECTION('',(0.,0.,-1.));
#8956=DIRECTION('',(0.,-0.499999999999999,-0.866025403784439));
#8957=DIRECTION('',(1.,0.,0.));
#8958=DIRECTION('',(0.,0.866025403784439,-0.499999999999999));
#8959=DIRECTION('',(0.,0.499999999999999,0.866025403784439));
#8960=DIRECTION('',(-1.,0.,0.));
#8961=DIRECTION('',(0.,0.,-1.));
#8962=DIRECTION('',(-1.,0.,0.));
#8963=DIRECTION('',(-1.,0.,0.));
#8964=DIRECTION('',(0.,0.,1.));
#8965=DIRECTION('',(-1.,0.,0.));
#8966=DIRECTION('',(1.,0.,0.));
#8967=DIRECTION('',(0.,1.44936398053078E-15,-1.));
#8968=DIRECTION('',(0.,1.,1.45022882591661E-15));
#8969=DIRECTION('',(1.,0.,0.));
#8970=DIRECTION('',(-1.,0.,0.));
#8971=DIRECTION('',(0.,-0.499999999999998,0.86602540378444));
#8972=DIRECTION('',(0.,-0.86602540378444,-0.499999999999998));
#8973=DIRECTION('',(-1.,0.,0.));
#8974=DIRECTION('',(0.,0.,1.));
#8975=DIRECTION('',(1.,0.,0.));
#8976=DIRECTION('',(-1.,0.,0.));
#8977=DIRECTION('',(0.,1.,5.79745592212314E-15));
#8978=DIRECTION('',(0.,-5.80091530366644E-15,1.));
#8979=DIRECTION('',(-1.,0.,0.));
#8980=DIRECTION('',(1.,0.,0.));
#8981=DIRECTION('',(0.,-0.86602540378444,0.499999999999998));
#8982=DIRECTION('',(0.,-0.499999999999998,-0.86602540378444));
#8983=DIRECTION('',(-1.,0.,0.));
#8984=DIRECTION('',(0.,0.,1.));
#8985=DIRECTION('',(-1.,0.,0.));
#8986=DIRECTION('',(0.,0.499999999999999,-0.866025403784439));
#8987=DIRECTION('',(1.,0.,0.));
#8988=DIRECTION('',(0.,0.866025403784439,0.499999999999999));
#8989=DIRECTION('',(0.,-0.499999999999999,0.866025403784439));
#8990=DIRECTION('',(-1.,0.,0.));
#8991=DIRECTION('',(0.,0.,-1.));
#8992=DIRECTION('',(1.,0.,0.));
#8993=DIRECTION('',(-1.,0.,0.));
#8994=DIRECTION('',(0.,0.,1.));
#8995=DIRECTION('',(-1.,0.,0.));
#8996=DIRECTION('',(0.,0.,-0.999999999999999));
#8997=DIRECTION('',(1.,0.,0.));
#8998=DIRECTION('',(0.,0.,-0.999999999999999));
#8999=DIRECTION('',(1.,0.,0.));
#9000=DIRECTION('',(-1.,0.,0.));
#9001=DIRECTION('',(0.,0.,-0.999999999999999));
#9002=DIRECTION('',(-1.,0.,0.));
#9003=DIRECTION('',(0.,0.,1.));
#9004=DIRECTION('',(-1.,0.,0.));
#9005=DIRECTION('',(0.,0.,-0.999999999999999));
#9006=DIRECTION('',(-1.,0.,0.));
#9007=DIRECTION('',(-1.,0.,0.));
#9008=DIRECTION('',(0.,0.,1.));
#9009=DIRECTION('',(-1.,0.,0.));
#9010=DIRECTION('',(0.,0.,-0.999999999999999));
#9011=DIRECTION('',(-1.,0.,0.));
#9012=DIRECTION('',(0.,0.,1.));
#9013=DIRECTION('',(0.,-0.866025403784438,0.500000000000002));
#9014=DIRECTION('',(-1.,0.,0.));
#9015=DIRECTION('',(0.,-0.500000000000002,-0.866025403784438));
#9016=DIRECTION('',(0.,0.866025403784438,-0.500000000000002));
#9017=DIRECTION('',(-1.,0.,0.));
#9018=DIRECTION('',(0.,0.,-1.));
#9019=DIRECTION('',(1.,0.,0.));
#9020=DIRECTION('',(0.,0.,-1.));
#9021=DIRECTION('',(-1.,0.,0.));
#9022=DIRECTION('',(1.,0.,0.));
#9023=DIRECTION('',(0.,0.86602540378444,0.499999999999998));
#9024=DIRECTION('',(0.,-0.499999999999998,0.86602540378444));
#9025=DIRECTION('',(1.,0.,0.));
#9026=DIRECTION('',(-1.,0.,0.));
#9027=DIRECTION('',(0.,0.,1.));
#9028=DIRECTION('',(-1.,0.,0.));
#9029=DIRECTION('',(0.,-1.,5.79745592212312E-15));
#9030=DIRECTION('',(0.,-5.80091530366644E-15,-1.));
#9031=DIRECTION('',(-1.,0.,0.));
#9032=DIRECTION('',(0.,0.,-1.));
#9033=DIRECTION('',(-1.,0.,0.));
#9034=DIRECTION('',(-1.,0.,0.));
#9035=DIRECTION('',(0.,0.,1.));
#9036=DIRECTION('',(1.,0.,0.));
#9037=DIRECTION('',(0.,-1.44936398053078E-15,-1.));
#9038=DIRECTION('',(0.,1.,-1.45022882591661E-15));
#9039=DIRECTION('',(1.,0.,0.));
#9040=DIRECTION('',(-1.,0.,0.));
#9041=DIRECTION('',(0.,0.,1.));
#9042=DIRECTION('',(-1.,0.,0.));
#9043=DIRECTION('',(0.,0.499999999999999,0.866025403784439));
#9044=DIRECTION('',(0.,-0.866025403784439,0.499999999999999));
#9045=DIRECTION('',(-1.,0.,0.));
#9046=DIRECTION('',(0.,0.,-1.));
#9047=DIRECTION('',(-1.,0.,0.));
#9048=DIRECTION('',(-1.,0.,0.));
#9049=DIRECTION('',(0.,0.,1.));
#9050=DIRECTION('',(0.,0.499999999999999,0.866025403784439));
#9051=DIRECTION('',(1.,0.,0.));
#9052=DIRECTION('',(0.,-0.866025403784439,0.499999999999999));
#9053=DIRECTION('',(0.,-0.499999999999999,-0.866025403784439));
#9054=DIRECTION('',(-1.,0.,0.));
#9055=DIRECTION('',(0.,0.,-1.));
#9056=DIRECTION('',(1.,0.,0.));
#9057=DIRECTION('',(-1.,0.,0.));
#9058=DIRECTION('',(0.,0.,1.));
#9059=DIRECTION('',(1.,0.,0.));
#9060=DIRECTION('',(-1.,0.,0.));
#9061=DIRECTION('',(0.,0.,-1.));
#9062=DIRECTION('',(-1.,0.,0.));
#9063=DIRECTION('',(0.,0.,1.));
#9064=DIRECTION('',(0.,-0.866025403784438,-0.500000000000001));
#9065=DIRECTION('',(1.,0.,0.));
#9066=DIRECTION('',(0.,0.500000000000001,-0.866025403784438));
#9067=DIRECTION('',(0.,0.866025403784438,0.500000000000001));
#9068=DIRECTION('',(1.,0.,0.));
#9069=DIRECTION('',(-1.,0.,0.));
#9070=DIRECTION('',(0.,0.,-1.));
#9071=DIRECTION('',(-1.,0.,0.));
#9072=DIRECTION('',(-1.,0.,0.));
#9073=DIRECTION('',(0.,0.,1.));
#9074=DIRECTION('',(1.,0.,0.));
#9075=DIRECTION('',(0.,0.499999999999999,-0.866025403784439));
#9076=DIRECTION('',(0.,0.866025403784439,0.499999999999999));
#9077=DIRECTION('',(1.,0.,0.));
#9078=DIRECTION('',(-1.,0.,0.));
#9079=DIRECTION('',(0.,0.,1.));
#9080=DIRECTION('',(-1.,0.,0.));
#9081=DIRECTION('',(0.,-1.44936398053078E-15,1.));
#9082=DIRECTION('',(0.,-1.,-1.45022882591661E-15));
#9083=DIRECTION('',(-1.,0.,0.));
#9084=DIRECTION('',(0.,0.,-1.));
#9085=DIRECTION('',(-1.,0.,0.));
#9086=DIRECTION('',(-1.,0.,0.));
#9087=DIRECTION('',(0.,0.,1.));
#9088=DIRECTION('',(1.,0.,0.));
#9089=DIRECTION('',(0.,-1.,-5.79745592212312E-15));
#9090=DIRECTION('',(0.,5.80091530366644E-15,-1.));
#9091=DIRECTION('',(1.,0.,0.));
#9092=DIRECTION('',(-1.,0.,0.));
#9093=DIRECTION('',(0.,0.,1.));
#9094=DIRECTION('',(-1.,0.,0.));
#9095=DIRECTION('',(0.,0.,-1.));
#9096=DIRECTION('',(1.,0.,0.));
#9097=DIRECTION('',(0.,0.,-1.));
#9098=DIRECTION('',(-1.,0.,0.));
#9099=DIRECTION('',(0.,0.,-1.));
#9100=DIRECTION('',(1.,0.,0.));
#9101=DIRECTION('',(1.,0.,0.));
#9102=DIRECTION('',(-1.,0.,0.));
#9103=DIRECTION('',(0.,0.,1.));
#9104=DIRECTION('',(0.,-0.499999999999999,0.866025403784439));
#9105=DIRECTION('',(0.,-0.866025403784439,-0.499999999999999));
#9106=DIRECTION('',(0.,0.499999999999999,-0.866025403784439));
#9107=DIRECTION('',(-1.,0.,0.));
#9108=DIRECTION('',(0.,0.86602540378444,-0.499999999999998));
#9109=DIRECTION('',(0.,0.499999999999998,0.86602540378444));
#9110=DIRECTION('',(-1.,0.,0.));
#9111=DIRECTION('',(0.,0.,-1.));
#9112=DIRECTION('',(-1.,0.,0.));
#9113=DIRECTION('',(-1.,0.,0.));
#9114=DIRECTION('',(0.,0.,1.));
#9115=DIRECTION('',(0.,0.866025403784438,-0.500000000000001));
#9116=DIRECTION('',(-1.,0.,0.));
#9117=DIRECTION('',(0.,0.500000000000001,0.866025403784438));
#9118=DIRECTION('',(0.,-0.866025403784438,0.500000000000001));
#9119=DIRECTION('',(1.,0.,0.));
#9120=DIRECTION('',(1.,0.,0.));
#9121=DIRECTION('',(-1.,0.,0.));
#9122=DIRECTION('',(0.,0.,1.));
#9123=DIRECTION('',(-1.,0.,0.));
#9124=DIRECTION('',(0.,-0.86602540378444,0.499999999999998));
#9125=DIRECTION('',(0.,-0.499999999999998,-0.86602540378444));
#9126=DIRECTION('',(-1.,0.,0.));
#9127=DIRECTION('',(0.,0.,-1.));
#9128=DIRECTION('',(-1.,0.,0.));
#9129=DIRECTION('',(-1.,0.,0.));
#9130=DIRECTION('',(0.,0.,1.));
#9131=DIRECTION('',(1.,0.,0.));
#9132=DIRECTION('',(0.,-0.866025403784438,0.500000000000002));
#9133=DIRECTION('',(-1.,0.,0.));
#9134=DIRECTION('',(0.,-0.500000000000002,-0.866025403784438));
#9135=DIRECTION('',(0.,0.866025403784438,-0.500000000000002));
#9136=DIRECTION('',(-1.,0.,0.));
#9137=DIRECTION('',(0.,0.,-1.));
#9138=DIRECTION('',(1.,0.,0.));
#9139=DIRECTION('',(-1.,0.,0.));
#9140=DIRECTION('',(0.,0.,1.));
#9141=DIRECTION('',(-1.,0.,0.));
#9142=DIRECTION('',(0.,0.499999999999999,-0.866025403784439));
#9143=DIRECTION('',(0.,0.866025403784439,0.499999999999999));
#9144=DIRECTION('',(0.,-0.499999999999999,0.866025403784439));
#9145=DIRECTION('',(-1.,0.,0.));
#9146=DIRECTION('',(0.,0.,-0.999999999999999));
#9147=DIRECTION('',(1.,0.,0.));
#9148=DIRECTION('',(0.,0.,-0.999999999999999));
#9149=DIRECTION('',(-1.,0.,0.));
#9150=DIRECTION('',(0.,-0.86602540378444,-0.499999999999998));
#9151=DIRECTION('',(0.,0.499999999999998,-0.86602540378444));
#9152=DIRECTION('',(-1.,0.,0.));
#9153=DIRECTION('',(0.,0.,-1.));
#9154=DIRECTION('',(1.,0.,0.));
#9155=DIRECTION('',(1.,0.,0.));
#9156=DIRECTION('',(-1.,0.,0.));
#9157=DIRECTION('',(0.,0.,1.));
#9158=DIRECTION('',(0.,-0.499999999999999,-0.866025403784439));
#9159=DIRECTION('',(1.,0.,0.));
#9160=DIRECTION('',(0.,0.866025403784439,-0.499999999999999));
#9161=DIRECTION('',(0.,0.499999999999999,0.866025403784439));
#9162=DIRECTION('',(0.,0.866025403784438,0.500000000000002));
#9163=DIRECTION('',(0.,-0.500000000000002,0.866025403784438));
#9164=DIRECTION('',(0.,-0.866025403784438,-0.500000000000002));
#9165=DIRECTION('',(1.,0.,0.));
#9166=DIRECTION('',(-1.,0.,0.));
#9167=DIRECTION('',(0.,0.,-0.999999999999999));
#9168=DIRECTION('',(-1.,0.,0.));
#9169=DIRECTION('',(0.,0.,1.));
#9170=DIRECTION('',(-1.,0.,0.));
#9171=DIRECTION('',(0.,0.,-0.999999999999999));
#9172=DIRECTION('',(1.,0.,0.));
#9173=DIRECTION('',(0.,0.,-0.999999999999999));
#9174=DIRECTION('',(-1.,0.,0.));
#9175=DIRECTION('',(1.,0.,0.));
#9176=DIRECTION('',(0.,0.86602540378444,0.499999999999998));
#9177=DIRECTION('',(0.,-0.499999999999998,0.86602540378444));
#9178=DIRECTION('',(1.,0.,0.));
#9179=DIRECTION('',(-1.,0.,0.));
#9180=DIRECTION('',(0.,0.,1.));
#9181=DIRECTION('',(-1.,0.,0.));
#9182=DIRECTION('',(0.,0.86602540378444,-0.499999999999998));
#9183=DIRECTION('',(0.,0.499999999999998,0.86602540378444));
#9184=DIRECTION('',(1.,0.,0.));
#9185=DIRECTION('',(0.,0.866025403784438,-0.500000000000001));
#9186=DIRECTION('',(0.,0.500000000000001,0.866025403784438));
#9187=DIRECTION('',(0.,-0.866025403784438,0.500000000000001));
#9188=DIRECTION('',(-1.,0.,0.));
#9189=DIRECTION('',(0.,0.,-1.));
#9190=DIRECTION('',(1.,0.,0.));
#9191=DIRECTION('',(-1.,0.,0.));
#9192=DIRECTION('',(0.,0.,1.));
#9193=DIRECTION('',(0.,-0.499999999999999,0.866025403784439));
#9194=DIRECTION('',(0.,-0.866025403784439,-0.499999999999999));
#9195=DIRECTION('',(0.,0.499999999999999,-0.866025403784439));
#9196=DIRECTION('',(0.,0.499999999999999,0.866025403784439));
#9197=DIRECTION('',(1.,0.,0.));
#9198=DIRECTION('',(0.,-0.866025403784439,0.499999999999999));
#9199=DIRECTION('',(0.,-0.499999999999999,-0.866025403784439));
#9200=DIRECTION('',(-1.,0.,0.));
#9201=DIRECTION('',(0.,0.,-1.));
#9202=DIRECTION('',(1.,0.,0.));
#9203=DIRECTION('',(-1.,0.,0.));
#9204=DIRECTION('',(0.,0.,1.));
#9205=DIRECTION('',(-1.,0.,0.));
#9206=DIRECTION('',(0.,0.,-1.));
#9207=DIRECTION('',(-1.,0.,0.));
#9208=DIRECTION('',(-1.,0.,0.));
#9209=DIRECTION('',(0.,0.,1.));
#9210=DIRECTION('',(0.,-0.866025403784438,-0.500000000000001));
#9211=DIRECTION('',(1.,0.,0.));
#9212=DIRECTION('',(0.,0.500000000000001,-0.866025403784438));
#9213=DIRECTION('',(0.,0.866025403784438,0.500000000000001));
#9214=DIRECTION('',(1.,0.,0.));
#9215=DIRECTION('',(-1.,0.,0.));
#9216=DIRECTION('',(0.,0.,-1.));
#9217=DIRECTION('',(-1.,0.,0.));
#9218=DIRECTION('',(0.,0.,1.));
#9219=DIRECTION('',(1.,0.,0.));
#9220=DIRECTION('',(1.,0.,0.));
#9221=DIRECTION('',(-1.,0.,0.));
#9222=DIRECTION('',(0.,0.,1.));
#9223=DIRECTION('',(-1.,0.,0.));
#9224=DIRECTION('',(0.,-0.86602540378444,0.499999999999998));
#9225=DIRECTION('',(0.,-0.499999999999998,-0.86602540378444));
#9226=DIRECTION('',(-1.,0.,0.));
#9227=DIRECTION('',(0.,0.,-1.));
#9228=DIRECTION('',(-1.,0.,0.));
#9229=DIRECTION('',(-1.,0.,0.));
#9230=DIRECTION('',(0.,0.,1.));
#9231=DIRECTION('',(1.,0.,0.));
#9232=DIRECTION('',(0.,-0.866025403784438,0.500000000000002));
#9233=DIRECTION('',(0.,-0.500000000000002,-0.866025403784438));
#9234=DIRECTION('',(0.,0.866025403784438,-0.500000000000002));
#9235=DIRECTION('',(-1.,0.,0.));
#9236=DIRECTION('',(0.,0.,-0.999999999999999));
#9237=DIRECTION('',(-1.,0.,0.));
#9238=DIRECTION('',(0.,0.,1.));
#9239=DIRECTION('',(-1.,0.,0.));
#9240=DIRECTION('',(0.,0.,-1.));
#9241=DIRECTION('',(1.,0.,0.));
#9242=DIRECTION('',(0.,0.,-1.));
#9243=DIRECTION('',(-1.,0.,0.));
#9244=DIRECTION('',(0.,0.,-0.999999999999999));
#9245=DIRECTION('',(1.,0.,0.));
#9246=DIRECTION('',(-1.,0.,0.));
#9247=DIRECTION('',(0.,0.,1.));
#9248=DIRECTION('',(-1.,0.,0.));
#9249=DIRECTION('',(0.,-0.86602540378444,-0.499999999999998));
#9250=DIRECTION('',(0.,0.499999999999998,-0.86602540378444));
#9251=DIRECTION('',(0.,0.866025403784438,0.500000000000002));
#9252=DIRECTION('',(0.,-0.500000000000002,0.866025403784438));
#9253=DIRECTION('',(0.,-0.866025403784438,-0.500000000000002));
#9254=DIRECTION('',(1.,0.,0.));
#9255=DIRECTION('',(-1.,0.,0.));
#9256=DIRECTION('',(0.,0.,-1.));
#9257=DIRECTION('',(-1.,0.,0.));
#9258=DIRECTION('',(0.,0.,1.));
#9259=DIRECTION('',(1.,0.,0.));
#9260=DIRECTION('',(-1.,0.,0.));
#9261=DIRECTION('',(0.,0.,-1.));
#9262=DIRECTION('',(-1.,0.,0.));
#9263=DIRECTION('',(-1.,0.,0.));
#9264=DIRECTION('',(0.,0.,1.));
#9265=DIRECTION('',(1.,0.,0.));
#9266=DIRECTION('',(0.,0.86602540378444,0.499999999999998));
#9267=DIRECTION('',(0.,-0.499999999999998,0.86602540378444));
#9268=DIRECTION('',(1.,0.,0.));
#9269=DIRECTION('',(-1.,0.,0.));
#9270=DIRECTION('',(0.,0.,1.));
#9271=DIRECTION('',(-1.,0.,0.));
#9272=DIRECTION('',(0.,0.86602540378444,-0.499999999999998));
#9273=DIRECTION('',(0.,0.499999999999998,0.86602540378444));
#9274=DIRECTION('',(-1.,0.,0.));
#9275=DIRECTION('',(0.,0.,-1.));
#9276=DIRECTION('',(-1.,0.,0.));
#9277=DIRECTION('',(-1.,0.,0.));
#9278=DIRECTION('',(0.,0.,1.));
#9279=DIRECTION('',(-1.,0.,0.));
#9280=DIRECTION('',(0.,0.,-0.999999999999999));
#9281=DIRECTION('',(1.,0.,0.));
#9282=DIRECTION('',(0.,0.,-0.999999999999999));
#9283=DIRECTION('',(0.,-0.866025403784438,-0.500000000000001));
#9284=DIRECTION('',(1.,0.,0.));
#9285=DIRECTION('',(0.,0.500000000000001,-0.866025403784438));
#9286=DIRECTION('',(0.,0.866025403784438,0.500000000000001));
#9287=DIRECTION('',(-1.,0.,0.));
#9288=DIRECTION('',(0.,0.,-1.));
#9289=DIRECTION('',(1.,0.,0.));
#9290=DIRECTION('',(-1.,0.,0.));
#9291=DIRECTION('',(0.,0.,1.));
#9292=DIRECTION('',(-1.,0.,0.));
#9293=DIRECTION('',(0.,0.,-1.));
#9294=DIRECTION('',(1.,0.,0.));
#9295=DIRECTION('',(1.,0.,0.));
#9296=DIRECTION('',(-1.,0.,0.));
#9297=DIRECTION('',(0.,0.,1.));
#9298=DIRECTION('',(0.,0.866025403784438,-0.500000000000001));
#9299=DIRECTION('',(0.,0.500000000000001,0.866025403784438));
#9300=DIRECTION('',(0.,-0.866025403784438,0.500000000000001));
#9301=DIRECTION('',(0.,0.499999999999999,0.866025403784439));
#9302=DIRECTION('',(0.,-0.866025403784439,0.499999999999999));
#9303=DIRECTION('',(0.,-0.499999999999999,-0.866025403784439));
#9304=DIRECTION('',(0.,-0.499999999999999,0.866025403784439));
#9305=DIRECTION('',(0.,-0.866025403784439,-0.499999999999999));
#9306=DIRECTION('',(0.,0.499999999999999,-0.866025403784439));
#9307=DIRECTION('',(0.961523947640823,-0.274721127897378,4.59339942082322E-16));
#9308=DIRECTION('',(-3.53076982593813E-30,1.,-1.67202262744752E-15));
#9309=DIRECTION('',(1.,4.29412544368679E-31,-7.17987490694245E-46));
#9310=DIRECTION('',(0.,1.,-1.67202262744752E-15));
#9311=DIRECTION('',(0.,1.67202262744752E-15,1.));
#9312=DIRECTION('',(0.,-1.,1.67227343084164E-15));
#9313=DIRECTION('',(-0.91564351241359,0.261612432118168,-0.305214504137862));
#9314=DIRECTION('',(3.53076982593813E-30,-1.,1.67202262744752E-15));
#9315=DIRECTION('',(0.948683298050514,2.39141905836555E-16,0.316227766016836));
#9316=DIRECTION('',(0.316227766016836,-1.586219940622E-15,-0.948683298050514));
#9317=DIRECTION('',(0.,1.,-1.67227343084164E-15));
#9318=DIRECTION('',(-1.,-9.66178224829527E-31,-7.09788656291185E-16));
#9319=DIRECTION('',(0.,1.,-1.67202262744752E-15));
#9320=DIRECTION('',(1.,0.,0.));
#9321=DIRECTION('',(-0.961523947640823,0.274721127897378,-1.1418187328701E-15));
#9322=DIRECTION('',(0.,1.,-1.67202262744752E-15));
#9323=DIRECTION('',(7.09788656291185E-16,-1.67202262744752E-15,-1.));
#9324=DIRECTION('',(0.,1.,-1.67227343084164E-15));
#9325=DIRECTION('',(0.,-8.16340459283204E-16,-1.));
#9326=DIRECTION('',(1.,-1.26443886558765E-30,-7.5623310643703E-16));
#9327=DIRECTION('',(0.,0.,-1.));
#9328=DIRECTION('',(-1.06752213906265E-15,1.,0.));
#9329=DIRECTION('',(7.5623310643703E-16,-6.50521303491303E-16,1.));
#9330=DIRECTION('',(-7.5623310643703E-16,-7.5623310643703E-16,-1.));
#9331=DIRECTION('',(-1.,1.26443886558765E-30,7.5623310643703E-16));
#9332=DIRECTION('',(0.,0.,-1.));
#9333=DIRECTION('',(5.55111512312578E-15,-1.,-2.77555756156289E-15));
#9334=DIRECTION('',(1.,-1.26443886558765E-30,-7.5623310643703E-16));
#9335=DIRECTION('',(7.56339435525888E-16,0.,1.));
#9336=DIRECTION('',(2.11508946956607E-15,7.55257790474773E-16,1.));
#9337=DIRECTION('',(-2.11167586369817E-15,6.50521303491303E-16,-1.));
#9338=DIRECTION('',(-2.11167586369817E-15,6.50521303491303E-16,-1.));
#9339=DIRECTION('',(-2.17538795060652E-15,-7.38029653034644E-16,-1.));
#9340=DIRECTION('',(-0.274721127897378,-0.961523947640823,1.30725821686685E-15));
#9341=DIRECTION('',(2.1094237467878E-15,7.49400541621981E-16,1.));
#9342=DIRECTION('',(1.,0.,0.));
#9343=DIRECTION('',(0.,-1.,-6.50521303491303E-16));
#9344=DIRECTION('',(0.,6.52256026967279E-16,-1.));
#9345=DIRECTION('',(1.06752213906265E-15,-1.,0.));
#9346=DIRECTION('',(-1.,0.,2.11167586369817E-15));
#9347=DIRECTION('',(0.,0.,-1.));
#9348=DIRECTION('',(0.,8.16340459283204E-16,1.));
#9349=DIRECTION('',(-5.55111512312578E-15,1.,2.77555756156289E-15));
#9350=DIRECTION('',(1.,0.,-2.11167586369817E-15));
#9351=DIRECTION('',(-1.73472347597681E-15,0.,-1.));
#9352=DIRECTION('',(2.11167586369817E-15,7.5623310643703E-16,1.));
#9353=DIRECTION('',(1.,0.,-2.11167586369817E-15));
#9354=DIRECTION('',(2.1094237467878E-15,0.,1.));
#9355=DIRECTION('',(2.11508946956607E-15,7.5623310643703E-16,1.));
#9356=DIRECTION('',(-1.,3.53647745219044E-30,2.11508946956607E-15));
#9357=DIRECTION('',(-2.1163626406917E-15,0.,-1.));
#9358=DIRECTION('',(-2.17538795060652E-15,-7.5623310643703E-16,-1.));
#9359=DIRECTION('',(1.,-3.63729787689079E-30,-2.17538795060652E-15));
#9360=DIRECTION('',(2.17881268582687E-15,0.,1.));
#9361=DIRECTION('',(-4.29412544368679E-31,1.,-7.5623310643703E-16));
#9362=DIRECTION('',(0.,7.49400541621981E-16,1.));
#9363=DIRECTION('',(-1.,9.97034613304781E-65,1.11022302462516E-16));
#9364=DIRECTION('',(1.,-7.89491928621766E-17,-1.11022302462516E-16));
#9365=DIRECTION('',(0.,0.,0.999999999999994));
#9366=DIRECTION('',(-1.,9.97034613304781E-65,1.11022302462516E-16));
#9367=DIRECTION('',(1.,-7.89491928621766E-17,-1.11022302462516E-16));
#9368=DIRECTION('',(0.,0.,-0.999999999999994));
#9369=DIRECTION('',(1.,-9.97034613304781E-65,-1.11022302462516E-16));
#9370=DIRECTION('',(0.,0.,-0.999999999999994));
#9371=DIRECTION('',(7.89491928621766E-17,1.,-8.76512116911605E-33));
#9372=DIRECTION('',(-1.,7.89491928621766E-17,1.11022302462516E-16));
#9373=DIRECTION('',(7.89491928621766E-17,1.,-8.76512116911605E-33));
#9374=DIRECTION('',(1.11022302462516E-16,0.,1.));
#9375=DIRECTION('',(-1.,8.32667268468867E-17,1.11022302462516E-16));
#9376=DIRECTION('',(-1.,9.97034613304781E-65,1.11022302462516E-16));
#9377=DIRECTION('',(1.11022302462516E-16,4.49024471295489E-49,1.));
#9378=DIRECTION('',(-0.974858506571867,-1.00053788686021E-49,-0.222824801502141));
#9379=DIRECTION('',(1.11022302462516E-16,4.49024471295489E-49,1.));
#9380=DIRECTION('',(-1.11022302462516E-16,-4.49024471295489E-49,-1.));
#9381=DIRECTION('',(-1.,9.97034613304781E-65,1.11022302462516E-16));
#9382=DIRECTION('',(-0.894427190999915,-2.00809848275524E-49,-0.44721359549996));
#9383=DIRECTION('',(4.9851730665239E-65,1.,-4.49024471295489E-49));
#9384=DIRECTION('',(0.,0.,-1.));
#9385=DIRECTION('',(1.,-9.97034613304781E-65,-1.11022302462516E-16));
#9386=DIRECTION('',(-4.9851730665239E-65,-1.,4.49024471295489E-49));
#9387=DIRECTION('',(0.999999999999994,0.,0.));
#9388=DIRECTION('',(-1.11022302462516E-16,-4.49024471295489E-49,-1.));
#9389=DIRECTION('',(4.9851730665239E-65,1.,-4.49024471295489E-49));
#9390=DIRECTION('',(-1.00000000000001,0.,0.));
#9391=DIRECTION('',(-4.9851730665239E-65,-1.,4.49024471295489E-49));
#9392=DIRECTION('',(1.,0.,0.));
#9393=DIRECTION('',(1.,-9.97034613304779E-65,-1.11022302462516E-16));
#9394=DIRECTION('',(-0.919145030018057,-1.76879404777601E-49,-0.393919298579169));
#9395=DIRECTION('',(4.9851730665239E-65,1.,-4.49024471295489E-49));
#9396=DIRECTION('',(-1.,0.,0.));
#9397=DIRECTION('',(1.,-9.97034613304779E-65,-1.11022302462516E-16));
#9398=DIRECTION('',(1.11022302462516E-16,4.49024471295489E-49,1.));
#9399=DIRECTION('',(4.9851730665239E-65,1.,-4.49024471295489E-49));
#9400=DIRECTION('',(0.,0.,-1.00000000000003));
#9401=DIRECTION('',(1.,-9.97034613304781E-65,-1.11022302462516E-16));
#9402=DIRECTION('',(4.9851730665239E-65,1.,-4.49024471295489E-49));
#9403=DIRECTION('',(0.,0.,-0.999999999999994));
#9404=DIRECTION('',(-4.21119078306096E-17,4.49024471295489E-49,1.));
#9405=DIRECTION('',(4.9851730665239E-65,1.,-4.49024471295489E-49));
#9406=DIRECTION('',(0.,0.,-1.));
#9407=DIRECTION('',(0.992277876713668,5.56946311211954E-50,0.124034734589208));
#9408=DIRECTION('',(-4.9851730665239E-65,-1.,4.49024471295489E-49));
#9409=DIRECTION('',(1.,0.,-1.11022302462516E-16));
#9410=DIRECTION('',(-4.9851730665239E-65,-1.,4.49024471295489E-49));
#9411=DIRECTION('',(1.11022302462516E-16,4.49024471295489E-49,1.));
#9412=DIRECTION('',(4.9851730665239E-65,1.,-4.49024471295489E-49));
#9413=DIRECTION('',(1.11022302462516E-16,4.49024471295489E-49,1.));
#9414=DIRECTION('',(-1.,9.97034613304779E-65,1.11022302462516E-16));
#9415=DIRECTION('',(0.,-1.,0.));
#9416=DIRECTION('',(-1.11022302462516E-16,-4.49024471295489E-49,-1.));
#9417=DIRECTION('',(-1.,0.,0.));
#9418=DIRECTION('',(0.222824801502141,-4.37735325501343E-49,-0.974858506571867));
#9419=DIRECTION('',(-0.974858506571867,-1.00053788686019E-49,-0.222824801502141));
#9420=DIRECTION('',(-1.11022302462516E-16,-4.49024471295489E-49,-1.));
#9421=DIRECTION('',(-1.,0.,0.));
#9422=DIRECTION('',(-1.,9.97034613304779E-65,1.11022302462516E-16));
#9423=DIRECTION('',(7.89491928621766E-17,1.,-8.76512116911605E-33));
#9424=DIRECTION('',(-1.,7.89491928621766E-17,1.11022302462516E-16));
#9425=DIRECTION('',(7.89491928621766E-17,1.,-8.76512116911605E-33));
#9426=DIRECTION('',(1.11022302462516E-16,0.,1.));
#9427=DIRECTION('',(-1.,8.32667268468867E-17,1.11022302462516E-16));
#9428=DIRECTION('',(-1.11022302462516E-16,0.,-1.));
#9429=DIRECTION('',(-1.,7.89491928621766E-17,1.11022302462516E-16));
#9430=DIRECTION('',(1.11022302462516E-16,0.,1.));
#9431=DIRECTION('',(-7.89491928621766E-17,-1.,8.76512116911605E-33));
#9432=DIRECTION('',(1.,-8.32667268468867E-17,-1.11022302462516E-16));
#9433=DIRECTION('',(7.89491928621766E-17,1.,-8.76512116911605E-33));
#9434=DIRECTION('',(1.11022302462516E-16,0.,1.));
#9435=DIRECTION('',(1.,-7.89491928621766E-17,-1.11022302462516E-16));
#9436=DIRECTION('',(1.11022302462516E-16,0.,1.));
#9437=DIRECTION('',(-1.,7.89491928621766E-17,1.11022302462516E-16));
#9438=DIRECTION('',(-1.11022302462516E-16,0.,-1.));
#9439=DIRECTION('',(-7.89491928621766E-17,-1.,8.76512116911605E-33));
#9440=DIRECTION('',(1.,-8.32667268468867E-17,-1.11022302462516E-16));
#9441=DIRECTION('',(7.89491928621766E-17,1.,-8.76512116911605E-33));
#9442=DIRECTION('',(-1.,7.89491928621766E-17,1.11022302462516E-16));
#9443=DIRECTION('',(-1.11022302462516E-16,0.,-1.));
#9444=DIRECTION('',(0.,0.,-1.));
#9445=DIRECTION('',(0.164398987305328,-1.69754037324622E-17,0.986393923832149));
#9446=DIRECTION('',(-1.03257349760524E-16,-1.,0.));
#9447=DIRECTION('',(1.00000000000003,0.,0.));
#9448=DIRECTION('',(-1.03257349760524E-16,-1.,0.));
#9449=DIRECTION('',(1.,-9.71445146547012E-17,0.));
#9450=DIRECTION('',(7.59645419660784E-65,1.,-4.49024471295489E-49));
#9451=DIRECTION('',(0.164398987305361,4.42915010137811E-49,0.986393923832143));
#9452=DIRECTION('',(-4.9851730665239E-65,-1.,4.49024471295489E-49));
#9453=DIRECTION('',(0.986393923832143,-7.38191683563037E-50,-0.164398987305361));
#9454=DIRECTION('',(0.164398987305361,0.,0.986393923832143));
#9455=DIRECTION('',(4.9851730665239E-65,1.,-4.49024471295489E-49));
#9456=DIRECTION('',(-4.9851730665239E-65,-1.,4.49024471295489E-49));
#9457=DIRECTION('',(1.00000000000003,0.,0.));
#9458=DIRECTION('',(-4.9851730665239E-65,-1.,4.49024471295489E-49));
#9459=DIRECTION('',(-4.9851730665239E-65,-1.,4.49024471295489E-49));
#9460=DIRECTION('',(-1.00000000000003,0.,0.));
#9461=DIRECTION('',(4.9851730665239E-65,1.,-4.49024471295489E-49));
#9462=DIRECTION('',(-1.,9.97034613304779E-65,1.11022302462516E-16));
#9463=DIRECTION('',(1.11022302462516E-16,4.49024471295489E-49,1.));
#9464=DIRECTION('',(-1.,0.,1.11022302462516E-16));
#9465=DIRECTION('',(4.9851730665239E-65,1.,-4.49024471295489E-49));
#9466=DIRECTION('',(4.9851730665239E-65,1.,-4.49024471295489E-49));
#9467=DIRECTION('',(-0.999999999999994,0.,0.));
#9468=DIRECTION('',(4.9851730665239E-65,1.,-4.49024471295489E-49));
#9469=DIRECTION('',(0.999999999999994,0.,0.));
#9470=DIRECTION('',(-4.9851730665239E-65,-1.,4.49024471295489E-49));
#9471=DIRECTION('',(4.21119078306096E-17,-4.49024471295489E-49,-1.));
#9472=DIRECTION('',(-1.,3.09424535163551E-65,-4.21119078306096E-17));
#9473=DIRECTION('',(4.16333634234434E-17,0.,-1.));
#9474=DIRECTION('',(4.9851730665239E-65,1.,-4.49024471295489E-49));
#9475=DIRECTION('',(-1.,0.,0.));
#9476=DIRECTION('',(-4.9851730665239E-65,-1.,4.49024471295489E-49));
#9477=DIRECTION('',(4.9851730665239E-65,1.,-4.49024471295489E-49));
#9478=DIRECTION('',(1.,0.,0.));
#9479=DIRECTION('',(-4.9851730665239E-65,-1.,4.49024471295489E-49));
#9480=DIRECTION('',(-0.992277876713668,-5.56946311211956E-50,-0.124034734589208));
#9481=DIRECTION('',(0.124034734589208,-4.45557048969565E-49,-0.992277876713668));
#9482=DIRECTION('',(0.992277876713668,0.,0.124034734589208));
#9483=DIRECTION('',(-1.,9.97034613304779E-65,1.11022302462516E-16));
#9484=DIRECTION('',(-1.11022302462516E-16,-4.49024471295489E-49,-1.));
#9485=DIRECTION('',(-1.,0.,0.));
#9486=DIRECTION('',(-1.11022302462516E-16,-4.49024471295489E-49,-1.));
#9487=DIRECTION('',(1.,0.,-1.11022302462516E-16));
#9488=DIRECTION('',(1.11022302462516E-16,4.49024471295489E-49,1.));
#9489=DIRECTION('',(0.222824801502141,-4.37735325501343E-49,-0.974858506571866));
#9490=DIRECTION('',(-0.974858506571867,-1.00053788686021E-49,-0.222824801502141));
#9491=DIRECTION('',(-1.11022302462516E-16,-4.49024471295489E-49,-1.));
#9492=DIRECTION('',(1.,0.,0.));
#9493=DIRECTION('',(-0.974858506571867,-1.00053788686021E-49,-0.222824801502141));
#9494=DIRECTION('',(1.96448206191777E-48,1.,-2.27893625898235E-64));
#9495=DIRECTION('',(0.222824801502141,-4.37735325501343E-49,-0.974858506571867));
#9496=DIRECTION('',(0.974858506571867,0.,0.222824801502141));
#9497=DIRECTION('',(1.11022302462516E-16,4.49024471295489E-49,1.));
#9498=DIRECTION('',(-1.,9.97034613304779E-65,1.11022302462516E-16));
#9499=DIRECTION('',(0.,-1.00000000000003,0.));
#9500=DIRECTION('',(7.89491928621766E-17,1.,-8.76512116911605E-33));
#9501=DIRECTION('',(1.,-7.89491928621766E-17,-1.11022302462516E-16));
#9502=DIRECTION('',(1.11022302462516E-16,0.,1.));
#9503=DIRECTION('',(-1.,9.97034613304779E-65,1.11022302462516E-16));
#9504=DIRECTION('',(-1.,9.97034613304779E-65,1.11022302462516E-16));
#9505=DIRECTION('',(0.,-1.00000000000003,0.));
#9506=DIRECTION('',(-1.,9.97034613304779E-65,1.11022302462516E-16));
#9507=DIRECTION('',(0.,1.00000000000003,0.));
#9508=DIRECTION('',(-1.11022302462516E-16,-4.49024471295489E-49,-1.));
#9509=DIRECTION('',(7.89491928621766E-17,1.,-8.76512116911605E-33));
#9510=DIRECTION('',(-1.,7.89491928621766E-17,1.11022302462516E-16));
#9511=DIRECTION('',(-1.11022302462516E-16,0.,-1.));
#9512=DIRECTION('',(-1.,9.97034613304779E-65,1.11022302462516E-16));
#9513=DIRECTION('',(-4.9851730665239E-65,-1.,4.49024471295489E-49));
#9514=DIRECTION('',(-1.11022302462516E-16,0.,-1.));
#9515=DIRECTION('',(1.,-8.32667268468867E-17,-1.11022302462516E-16));
#9516=DIRECTION('',(-4.9851730665239E-65,-1.,4.49024471295489E-49));
#9517=DIRECTION('',(0.894427190999915,2.00809848275524E-49,0.44721359549996));
#9518=DIRECTION('',(0.44721359549996,-4.01619696551047E-49,-0.894427190999915));
#9519=DIRECTION('',(0.894427190999915,0.,0.44721359549996));
#9520=DIRECTION('',(-4.9851730665239E-65,-1.,4.49024471295489E-49));
#9521=DIRECTION('',(1.,0.,0.));
#9522=DIRECTION('',(-4.9851730665239E-65,-1.,4.49024471295489E-49));
#9523=DIRECTION('',(-4.9851730665239E-65,-1.,4.49024471295489E-49));
#9524=DIRECTION('',(-1.,0.,0.));
#9525=DIRECTION('',(-4.9851730665239E-65,-1.,4.49024471295489E-49));
#9526=DIRECTION('',(4.9851730665239E-65,1.,-4.49024471295489E-49));
#9527=DIRECTION('',(-1.11022302462516E-16,-4.49024471295489E-49,-1.));
#9528=DIRECTION('',(1.,-9.97034613304779E-65,-1.11022302462516E-16));
#9529=DIRECTION('',(1.11022302462516E-16,0.,1.));
#9530=DIRECTION('',(-4.9851730665239E-65,-1.,4.49024471295489E-49));
#9531=DIRECTION('',(-4.9851730665239E-65,-1.,4.49024471295489E-49));
#9532=DIRECTION('',(0.999999999999994,0.,0.));
#9533=DIRECTION('',(-4.9851730665239E-65,-1.,4.49024471295489E-49));
#9534=DIRECTION('',(-0.999999999999994,0.,0.));
#9535=DIRECTION('',(1.,-9.97034613304779E-65,-1.11022302462516E-16));
#9536=DIRECTION('',(-1.11022302462516E-16,-4.49024471295489E-49,-1.));
#9537=DIRECTION('',(1.,0.,-1.11022302462516E-16));
#9538=DIRECTION('',(-4.9851730665239E-65,-1.,4.49024471295489E-49));
#9539=DIRECTION('',(1.11022302462516E-16,4.49024471295489E-49,1.));
#9540=DIRECTION('',(1.,-1.25816272631317E-64,-1.11022302462516E-16));
#9541=DIRECTION('',(1.11022302462516E-16,0.,1.));
#9542=DIRECTION('',(4.9851730665239E-65,1.,-4.49024471295489E-49));
#9543=DIRECTION('',(1.,-9.97034613304779E-65,-1.11022302462516E-16));
#9544=DIRECTION('',(-1.11022302462516E-16,-4.49024471295489E-49,-1.));
#9545=DIRECTION('',(1.,0.,-1.11022302462516E-16));
#9546=DIRECTION('',(4.9851730665239E-65,1.,-4.49024471295489E-49));
#9547=DIRECTION('',(4.9851730665239E-65,1.,-4.49024471295489E-49));
#9548=DIRECTION('',(-1.,0.,0.));
#9549=DIRECTION('',(4.9851730665239E-65,1.,-4.49024471295489E-49));
#9550=DIRECTION('',(1.,0.,0.));
#9551=DIRECTION('',(-4.9851730665239E-65,-1.,4.49024471295489E-49));
#9552=DIRECTION('',(-0.919145030018057,-1.76879404777601E-49,-0.393919298579169));
#9553=DIRECTION('',(-0.393919298579169,4.12718611147735E-49,0.919145030018057));
#9554=DIRECTION('',(-0.919145030018057,0.,-0.393919298579169));
#9555=DIRECTION('',(4.9851730665239E-65,1.,-4.49024471295489E-49));
#9556=DIRECTION('',(1.,-9.97034613304779E-65,-1.11022302462516E-16));
#9557=DIRECTION('',(1.11022302462516E-16,4.49024471295489E-49,1.));
#9558=DIRECTION('',(-1.,0.,1.11022302462516E-16));
#9559=DIRECTION('',(-4.9851730665239E-65,-1.,4.49024471295489E-49));
#9560=DIRECTION('',(1.,0.,0.));
#9561=DIRECTION('',(-4.9851730665239E-65,-1.,4.49024471295489E-49));
#9562=DIRECTION('',(-1.,0.,0.));
#9563=DIRECTION('',(0.,1.,-1.80231010491097E-15));
#9564=DIRECTION('',(0.,0.,-0.999999999999999));
#9565=DIRECTION('',(0.,1.80231010491097E-15,1.));
#9566=DIRECTION('',(0.,-1.,1.80231010491097E-15));
#9567=DIRECTION('',(0.,-1.80411241501588E-15,-1.));
#9568=DIRECTION('',(-4.9851730665239E-65,-1.,4.49024471295489E-49));
#9569=DIRECTION('',(0.,4.49024471295489E-49,1.));
#9570=DIRECTION('',(-1.,0.,0.));
#9571=DIRECTION('',(0.,-1.,0.));
#9572=DIRECTION('',(4.9851730665239E-65,1.,-4.49024471295489E-49));
#9573=DIRECTION('',(-1.00000000000001,0.,0.));
#9574=DIRECTION('',(4.9851730665239E-65,1.,-4.49024471295489E-49));
#9575=DIRECTION('',(0.,0.,-1.));
#9576=DIRECTION('',(-4.9851730665239E-65,-1.,4.49024471295489E-49));
#9577=DIRECTION('',(1.,0.,-1.11022302462516E-16));
#9578=DIRECTION('',(4.9851730665239E-65,1.,-4.49024471295489E-49));
#9579=DIRECTION('',(1.00000000000001,0.,0.));
#9580=DIRECTION('',(0.915643512413589,0.261612432118169,0.305214504137864));
#9581=DIRECTION('',(3.53076982593813E-30,1.,-1.67202262744752E-15));
#9582=DIRECTION('',(-0.948683298050513,-2.39141905836557E-16,-0.31622776601684));
#9583=DIRECTION('',(-3.53076982593813E-30,-1.,1.67202262744752E-15));
#9584=DIRECTION('',(0.31622776601684,-1.586219940622E-15,-0.948683298050513));
#9585=DIRECTION('',(0.,-1.,1.67227343084164E-15));
#9586=DIRECTION('',(-1.,0.,0.));
#9587=DIRECTION('',(-0.961523947640823,-0.274721127897378,4.59339942082322E-16));
#9588=DIRECTION('',(0.,-1.,1.67202262744752E-15));
#9589=DIRECTION('',(0.,1.67202262744752E-15,1.));
#9590=DIRECTION('',(0.,-1.,1.67227343084164E-15));
#9591=DIRECTION('',(1.,0.,5.67830925032948E-16));
#9592=DIRECTION('',(0.,-1.,1.67202262744752E-15));
#9593=DIRECTION('',(0.961523947640823,0.274721127897378,8.66430905478992E-17));
#9594=DIRECTION('',(-1.,0.,0.));
#9595=DIRECTION('',(5.67830925032948E-16,-1.67202262744752E-15,-1.));
#9596=DIRECTION('',(0.,1.,-1.67227343084164E-15));
#9597=DIRECTION('',(2.11508946956607E-15,-7.55257790474773E-16,-1.));
#9598=DIRECTION('',(-2.17538795060652E-15,7.38029653034644E-16,1.));
#9599=DIRECTION('',(-2.11167586369817E-15,-6.50521303491303E-16,1.));
#9600=DIRECTION('',(-2.11167586369817E-15,-6.50521303491303E-16,1.));
#9601=DIRECTION('',(-0.274721127897378,0.961523947640823,-1.30725821686685E-15));
#9602=DIRECTION('',(2.1094237467878E-15,-7.49400541621981E-16,-1.));
#9603=DIRECTION('',(2.11167586369817E-15,-7.5623310643703E-16,-1.));
#9604=DIRECTION('',(-2.17538795060652E-15,9.15952821308007E-16,1.));
#9605=DIRECTION('',(2.11508946956607E-15,-7.56233106437029E-16,-1.));
#9606=DIRECTION('',(-4.29412544368679E-31,-1.,7.5623310643703E-16));
#9607=DIRECTION('',(0.,-7.49400541621981E-16,-1.));
#9608=DIRECTION('',(-1.,-3.53647745219044E-30,-2.11508946956607E-15));
#9609=DIRECTION('',(-2.1163626406917E-15,0.,1.));
#9610=DIRECTION('',(1.,3.63729787689079E-30,2.17538795060652E-15));
#9611=DIRECTION('',(2.17881268582687E-15,0.,-1.));
#9612=DIRECTION('',(0.,0.,-1.));
#9613=DIRECTION('',(-1.,0.,-2.11167586369817E-15));
#9614=DIRECTION('',(0.,0.,-1.));
#9615=DIRECTION('',(0.,-1.,0.));
#9616=DIRECTION('',(1.,0.,2.11167586369817E-15));
#9617=DIRECTION('',(1.73472347597681E-15,0.,-1.));
#9618=DIRECTION('',(0.,1.,-2.77555756156289E-15));
#9619=DIRECTION('',(1.,0.,2.11167586369817E-15));
#9620=DIRECTION('',(2.1094237467878E-15,0.,-1.));
#9621=DIRECTION('',(-1.,0.,0.));
#9622=DIRECTION('',(0.,1.,6.50521303491303E-16));
#9623=DIRECTION('',(0.,-6.52256026967279E-16,1.));
#9624=DIRECTION('',(0.915643512413589,-0.261612432118169,-0.305214504137864));
#9625=DIRECTION('',(3.53076982593813E-30,-1.,1.67202262744752E-15));
#9626=DIRECTION('',(-0.948683298050513,2.39141905836557E-16,0.31622776601684));
#9627=DIRECTION('',(-3.53076982593813E-30,1.,-1.67202262744752E-15));
#9628=DIRECTION('',(0.31622776601684,1.586219940622E-15,0.948683298050513));
#9629=DIRECTION('',(0.,1.,-1.67227343084164E-15));
#9630=DIRECTION('',(-1.,0.,0.));
#9631=DIRECTION('',(-0.961523947640823,0.274721127897378,-4.59339942082322E-16));
#9632=DIRECTION('',(0.,1.,-1.67202262744752E-15));
#9633=DIRECTION('',(0.,-1.67202262744752E-15,-1.));
#9634=DIRECTION('',(0.,1.,-1.67227343084164E-15));
#9635=DIRECTION('',(1.,0.,-5.67830925032948E-16));
#9636=DIRECTION('',(0.,1.,-1.67202262744752E-15));
#9637=DIRECTION('',(0.961523947640823,-0.274721127897378,-8.66430905478992E-17));
#9638=DIRECTION('',(-1.,0.,0.));
#9639=DIRECTION('',(5.67830925032948E-16,1.67202262744752E-15,1.));
#9640=DIRECTION('',(0.,-1.,1.67227343084164E-15));
#9641=DIRECTION('',(2.11508946956607E-15,7.55257790474773E-16,1.));
#9642=DIRECTION('',(-2.17538795060652E-15,-7.38029653034644E-16,-1.));
#9643=DIRECTION('',(-2.11167586369817E-15,6.50521303491303E-16,-1.));
#9644=DIRECTION('',(-2.11167586369817E-15,6.50521303491303E-16,-1.));
#9645=DIRECTION('',(-0.274721127897378,-0.961523947640823,1.30725821686685E-15));
#9646=DIRECTION('',(2.1094237467878E-15,7.49400541621981E-16,1.));
#9647=DIRECTION('',(2.11167586369817E-15,7.5623310643703E-16,1.));
#9648=DIRECTION('',(-2.17538795060652E-15,-9.15952821308007E-16,-1.));
#9649=DIRECTION('',(2.11508946956607E-15,7.56233106437029E-16,1.));
#9650=DIRECTION('',(-4.29412544368679E-31,1.,-7.5623310643703E-16));
#9651=DIRECTION('',(0.,7.49400541621981E-16,1.));
#9652=DIRECTION('',(-1.,3.53647745219044E-30,2.11508946956607E-15));
#9653=DIRECTION('',(-2.1163626406917E-15,0.,-1.));
#9654=DIRECTION('',(1.,-3.63729787689079E-30,-2.17538795060652E-15));
#9655=DIRECTION('',(2.17881268582687E-15,0.,1.));
#9656=DIRECTION('',(0.,0.,1.));
#9657=DIRECTION('',(-1.,0.,2.11167586369817E-15));
#9658=DIRECTION('',(0.,0.,-1.));
#9659=DIRECTION('',(-1.06752213906265E-15,1.,-2.66880534765663E-16));
#9660=DIRECTION('',(1.,0.,-2.11167586369817E-15));
#9661=DIRECTION('',(-1.73472347597681E-15,0.,-1.));
#9662=DIRECTION('',(5.55111512312578E-15,-1.,2.77555756156289E-15));
#9663=DIRECTION('',(1.,0.,-2.11167586369817E-15));
#9664=DIRECTION('',(2.1094237467878E-15,0.,1.));
#9665=DIRECTION('',(-1.,0.,0.));
#9666=DIRECTION('',(0.,-1.,-6.50521303491303E-16));
#9667=DIRECTION('',(0.,6.52256026967279E-16,-1.));
#9668=DIRECTION('',(-1.,-9.97034613304781E-65,-1.11022302462516E-16));
#9669=DIRECTION('',(1.,7.89491928621766E-17,1.11022302462516E-16));
#9670=DIRECTION('',(0.,0.,0.999999999999998));
#9671=DIRECTION('',(-1.,-9.97034613304781E-65,-1.11022302462516E-16));
#9672=DIRECTION('',(1.,7.89491928621766E-17,1.11022302462516E-16));
#9673=DIRECTION('',(0.,0.,-1.));
#9674=DIRECTION('',(1.,9.97034613304781E-65,1.11022302462516E-16));
#9675=DIRECTION('',(0.,0.,-1.));
#9676=DIRECTION('',(7.89491928621766E-17,-1.,8.76512116911605E-33));
#9677=DIRECTION('',(-1.,-7.89491928621766E-17,-1.11022302462516E-16));
#9678=DIRECTION('',(7.89491928621766E-17,-1.,8.76512116911605E-33));
#9679=DIRECTION('',(1.11022302462516E-16,0.,-1.));
#9680=DIRECTION('',(-1.,-8.32667268468867E-17,-1.11022302462516E-16));
#9681=DIRECTION('',(-1.,-9.97034613304781E-65,-1.11022302462516E-16));
#9682=DIRECTION('',(1.11022302462516E-16,-4.49024471295489E-49,-1.));
#9683=DIRECTION('',(-0.974858506571867,1.00053788686021E-49,0.222824801502141));
#9684=DIRECTION('',(1.11022302462516E-16,-4.49024471295489E-49,-1.));
#9685=DIRECTION('',(-1.11022302462516E-16,4.49024471295489E-49,1.));
#9686=DIRECTION('',(-1.,-9.97034613304781E-65,-1.11022302462516E-16));
#9687=DIRECTION('',(-0.894427190999915,2.00809848275524E-49,0.44721359549996));
#9688=DIRECTION('',(4.9851730665239E-65,-1.,4.49024471295489E-49));
#9689=DIRECTION('',(0.,0.,1.));
#9690=DIRECTION('',(1.,9.97034613304781E-65,1.11022302462516E-16));
#9691=DIRECTION('',(-4.9851730665239E-65,1.,-4.49024471295489E-49));
#9692=DIRECTION('',(0.999999999999994,0.,0.));
#9693=DIRECTION('',(-1.11022302462516E-16,4.49024471295489E-49,1.));
#9694=DIRECTION('',(4.9851730665239E-65,-1.,4.49024471295489E-49));
#9695=DIRECTION('',(-1.00000000000001,0.,0.));
#9696=DIRECTION('',(-4.9851730665239E-65,1.,-4.49024471295489E-49));
#9697=DIRECTION('',(0.,0.,1.));
#9698=DIRECTION('',(-4.9851730665239E-65,1.,-4.49024471295489E-49));
#9699=DIRECTION('',(1.,0.,0.));
#9700=DIRECTION('',(1.,9.97034613304779E-65,1.11022302462516E-16));
#9701=DIRECTION('',(-0.919145030018057,1.76879404777601E-49,0.393919298579169));
#9702=DIRECTION('',(4.9851730665239E-65,-1.,4.49024471295489E-49));
#9703=DIRECTION('',(-1.,0.,0.));
#9704=DIRECTION('',(1.,9.97034613304779E-65,1.11022302462516E-16));
#9705=DIRECTION('',(1.11022302462516E-16,-4.49024471295489E-49,-1.));
#9706=DIRECTION('',(4.9851730665239E-65,-1.,4.49024471295489E-49));
#9707=DIRECTION('',(0.,0.,0.999999999999994));
#9708=DIRECTION('',(1.,9.97034613304781E-65,1.11022302462516E-16));
#9709=DIRECTION('',(4.9851730665239E-65,-1.,4.49024471295489E-49));
#9710=DIRECTION('',(0.,0.,1.));
#9711=DIRECTION('',(-4.21119078306096E-17,-4.49024471295489E-49,-1.));
#9712=DIRECTION('',(4.9851730665239E-65,-1.,4.49024471295489E-49));
#9713=DIRECTION('',(0.,0.,1.));
#9714=DIRECTION('',(0.992277876713668,-5.56946311211954E-50,-0.124034734589208));
#9715=DIRECTION('',(-4.9851730665239E-65,1.,-4.49024471295489E-49));
#9716=DIRECTION('',(1.,0.,1.11022302462516E-16));
#9717=DIRECTION('',(-4.9851730665239E-65,1.,-4.49024471295489E-49));
#9718=DIRECTION('',(1.11022302462516E-16,-4.49024471295489E-49,-1.));
#9719=DIRECTION('',(4.9851730665239E-65,-1.,4.49024471295489E-49));
#9720=DIRECTION('',(1.11022302462516E-16,-4.49024471295489E-49,-1.));
#9721=DIRECTION('',(-1.,-9.97034613304779E-65,-1.11022302462516E-16));
#9722=DIRECTION('',(0.,1.,0.));
#9723=DIRECTION('',(-1.11022302462516E-16,4.49024471295489E-49,1.));
#9724=DIRECTION('',(1.,0.,0.));
#9725=DIRECTION('',(0.222824801502141,4.37735325501343E-49,0.974858506571867));
#9726=DIRECTION('',(-0.974858506571867,1.00053788686019E-49,0.222824801502141));
#9727=DIRECTION('',(-1.11022302462516E-16,4.49024471295489E-49,1.));
#9728=DIRECTION('',(1.,0.,0.));
#9729=DIRECTION('',(-1.,-9.97034613304779E-65,-1.11022302462516E-16));
#9730=DIRECTION('',(7.89491928621766E-17,-1.,8.76512116911605E-33));
#9731=DIRECTION('',(-1.,-7.89491928621766E-17,-1.11022302462516E-16));
#9732=DIRECTION('',(7.89491928621766E-17,-1.,8.76512116911605E-33));
#9733=DIRECTION('',(1.11022302462516E-16,0.,-1.));
#9734=DIRECTION('',(-1.,-8.32667268468867E-17,-1.11022302462516E-16));
#9735=DIRECTION('',(-1.11022302462516E-16,0.,1.));
#9736=DIRECTION('',(-1.,-7.89491928621766E-17,-1.11022302462516E-16));
#9737=DIRECTION('',(1.11022302462516E-16,0.,-1.));
#9738=DIRECTION('',(-7.89491928621766E-17,1.,-8.76512116911605E-33));
#9739=DIRECTION('',(1.,8.32667268468867E-17,1.11022302462516E-16));
#9740=DIRECTION('',(7.89491928621766E-17,-1.,8.76512116911605E-33));
#9741=DIRECTION('',(1.11022302462516E-16,0.,-1.));
#9742=DIRECTION('',(1.,7.89491928621766E-17,1.11022302462516E-16));
#9743=DIRECTION('',(1.11022302462516E-16,0.,-1.));
#9744=DIRECTION('',(-1.,-7.89491928621766E-17,-1.11022302462516E-16));
#9745=DIRECTION('',(-1.11022302462516E-16,0.,1.));
#9746=DIRECTION('',(-7.89491928621766E-17,1.,-8.76512116911605E-33));
#9747=DIRECTION('',(1.,8.32667268468867E-17,1.11022302462516E-16));
#9748=DIRECTION('',(7.89491928621766E-17,-1.,8.76512116911605E-33));
#9749=DIRECTION('',(-1.,-7.89491928621766E-17,-1.11022302462516E-16));
#9750=DIRECTION('',(-1.11022302462516E-16,0.,1.));
#9751=DIRECTION('',(0.,0.,1.));
#9752=DIRECTION('',(0.164398987305328,1.69754037324622E-17,-0.986393923832149));
#9753=DIRECTION('',(-1.03257349760524E-16,1.,0.));
#9754=DIRECTION('',(1.00000000000003,0.,0.));
#9755=DIRECTION('',(-1.03257349760524E-16,1.,0.));
#9756=DIRECTION('',(1.,9.71445146547012E-17,0.));
#9757=DIRECTION('',(7.59645419660784E-65,-1.,4.49024471295489E-49));
#9758=DIRECTION('',(0.164398987305361,-4.42915010137811E-49,-0.986393923832143));
#9759=DIRECTION('',(-4.9851730665239E-65,1.,-4.49024471295489E-49));
#9760=DIRECTION('',(0.986393923832143,7.38191683563037E-50,0.164398987305361));
#9761=DIRECTION('',(0.164398987305361,0.,-0.986393923832143));
#9762=DIRECTION('',(4.9851730665239E-65,-1.,4.49024471295489E-49));
#9763=DIRECTION('',(-4.9851730665239E-65,1.,-4.49024471295489E-49));
#9764=DIRECTION('',(1.00000000000003,0.,0.));
#9765=DIRECTION('',(-4.9851730665239E-65,1.,-4.49024471295489E-49));
#9766=DIRECTION('',(-4.9851730665239E-65,1.,-4.49024471295489E-49));
#9767=DIRECTION('',(-1.00000000000003,0.,0.));
#9768=DIRECTION('',(4.9851730665239E-65,-1.,4.49024471295489E-49));
#9769=DIRECTION('',(-1.,-9.97034613304779E-65,-1.11022302462516E-16));
#9770=DIRECTION('',(1.11022302462516E-16,-4.49024471295489E-49,-1.));
#9771=DIRECTION('',(-1.,0.,-1.11022302462516E-16));
#9772=DIRECTION('',(4.9851730665239E-65,-1.,4.49024471295489E-49));
#9773=DIRECTION('',(4.9851730665239E-65,-1.,4.49024471295489E-49));
#9774=DIRECTION('',(-0.999999999999994,0.,0.));
#9775=DIRECTION('',(4.9851730665239E-65,-1.,4.49024471295489E-49));
#9776=DIRECTION('',(0.999999999999994,0.,0.));
#9777=DIRECTION('',(-4.9851730665239E-65,1.,-4.49024471295489E-49));
#9778=DIRECTION('',(4.21119078306096E-17,4.49024471295489E-49,1.));
#9779=DIRECTION('',(-1.,-3.09424535163551E-65,4.21119078306096E-17));
#9780=DIRECTION('',(4.16333634234434E-17,0.,1.));
#9781=DIRECTION('',(4.9851730665239E-65,-1.,4.49024471295489E-49));
#9782=DIRECTION('',(-1.,0.,0.));
#9783=DIRECTION('',(-4.9851730665239E-65,1.,-4.49024471295489E-49));
#9784=DIRECTION('',(4.9851730665239E-65,-1.,4.49024471295489E-49));
#9785=DIRECTION('',(1.,0.,0.));
#9786=DIRECTION('',(-4.9851730665239E-65,1.,-4.49024471295489E-49));
#9787=DIRECTION('',(-0.992277876713668,5.56946311211956E-50,0.124034734589208));
#9788=DIRECTION('',(0.124034734589208,4.45557048969565E-49,0.992277876713668));
#9789=DIRECTION('',(0.992277876713668,0.,-0.124034734589208));
#9790=DIRECTION('',(-1.,-9.97034613304779E-65,-1.11022302462516E-16));
#9791=DIRECTION('',(-1.11022302462516E-16,4.49024471295489E-49,1.));
#9792=DIRECTION('',(-1.,0.,0.));
#9793=DIRECTION('',(-1.11022302462516E-16,4.49024471295489E-49,1.));
#9794=DIRECTION('',(1.,0.,1.11022302462516E-16));
#9795=DIRECTION('',(1.11022302462516E-16,-4.49024471295489E-49,-1.));
#9796=DIRECTION('',(0.222824801502141,4.37735325501343E-49,0.974858506571866));
#9797=DIRECTION('',(-0.974858506571867,1.00053788686021E-49,0.222824801502141));
#9798=DIRECTION('',(-1.11022302462516E-16,4.49024471295489E-49,1.));
#9799=DIRECTION('',(1.,0.,0.));
#9800=DIRECTION('',(-0.974858506571867,1.00053788686021E-49,0.222824801502141));
#9801=DIRECTION('',(1.96448206191777E-48,-1.,2.27893625898235E-64));
#9802=DIRECTION('',(0.222824801502141,4.37735325501343E-49,0.974858506571867));
#9803=DIRECTION('',(0.974858506571867,0.,-0.222824801502141));
#9804=DIRECTION('',(1.11022302462516E-16,-4.49024471295489E-49,-1.));
#9805=DIRECTION('',(-1.,-9.97034613304779E-65,-1.11022302462516E-16));
#9806=DIRECTION('',(0.,1.00000000000003,0.));
#9807=DIRECTION('',(7.89491928621766E-17,-1.,8.76512116911605E-33));
#9808=DIRECTION('',(1.,7.89491928621766E-17,1.11022302462516E-16));
#9809=DIRECTION('',(1.11022302462516E-16,0.,-1.));
#9810=DIRECTION('',(-1.,-9.97034613304779E-65,-1.11022302462516E-16));
#9811=DIRECTION('',(-1.,-9.97034613304779E-65,-1.11022302462516E-16));
#9812=DIRECTION('',(0.,1.00000000000003,0.));
#9813=DIRECTION('',(-1.,-9.97034613304779E-65,-1.11022302462516E-16));
#9814=DIRECTION('',(0.,-1.00000000000003,0.));
#9815=DIRECTION('',(-1.11022302462516E-16,4.49024471295489E-49,1.));
#9816=DIRECTION('',(7.89491928621766E-17,-1.,8.76512116911605E-33));
#9817=DIRECTION('',(-1.,-7.89491928621766E-17,-1.11022302462516E-16));
#9818=DIRECTION('',(-1.11022302462516E-16,0.,1.));
#9819=DIRECTION('',(-1.,-9.97034613304779E-65,-1.11022302462516E-16));
#9820=DIRECTION('',(-4.9851730665239E-65,1.,-4.49024471295489E-49));
#9821=DIRECTION('',(-1.11022302462516E-16,0.,1.));
#9822=DIRECTION('',(1.,8.32667268468867E-17,1.11022302462516E-16));
#9823=DIRECTION('',(-4.9851730665239E-65,1.,-4.49024471295489E-49));
#9824=DIRECTION('',(0.894427190999915,-2.00809848275524E-49,-0.44721359549996));
#9825=DIRECTION('',(0.44721359549996,4.01619696551047E-49,0.894427190999915));
#9826=DIRECTION('',(0.894427190999915,0.,-0.44721359549996));
#9827=DIRECTION('',(-4.9851730665239E-65,1.,-4.49024471295489E-49));
#9828=DIRECTION('',(1.,0.,1.44560289664734E-16));
#9829=DIRECTION('',(-4.9851730665239E-65,1.,-4.49024471295489E-49));
#9830=DIRECTION('',(-4.9851730665239E-65,1.,-4.49024471295489E-49));
#9831=DIRECTION('',(-1.,0.,-1.44560289664734E-16));
#9832=DIRECTION('',(-4.9851730665239E-65,1.,-4.49024471295489E-49));
#9833=DIRECTION('',(4.9851730665239E-65,-1.,4.49024471295489E-49));
#9834=DIRECTION('',(-1.11022302462516E-16,4.49024471295489E-49,1.));
#9835=DIRECTION('',(1.,9.97034613304779E-65,1.11022302462516E-16));
#9836=DIRECTION('',(1.11022302462516E-16,0.,-1.));
#9837=DIRECTION('',(-4.9851730665239E-65,1.,-4.49024471295489E-49));
#9838=DIRECTION('',(-4.9851730665239E-65,1.,-4.49024471295489E-49));
#9839=DIRECTION('',(0.999999999999994,0.,0.));
#9840=DIRECTION('',(-4.9851730665239E-65,1.,-4.49024471295489E-49));
#9841=DIRECTION('',(-0.999999999999994,0.,0.));
#9842=DIRECTION('',(1.,9.97034613304779E-65,1.11022302462516E-16));
#9843=DIRECTION('',(-1.11022302462516E-16,4.49024471295489E-49,1.));
#9844=DIRECTION('',(1.,0.,1.11022302462516E-16));
#9845=DIRECTION('',(-4.9851730665239E-65,1.,-4.49024471295489E-49));
#9846=DIRECTION('',(1.11022302462516E-16,-4.49024471295489E-49,-1.));
#9847=DIRECTION('',(1.,1.25816272631317E-64,1.11022302462516E-16));
#9848=DIRECTION('',(1.11022302462516E-16,0.,-1.));
#9849=DIRECTION('',(4.9851730665239E-65,-1.,4.49024471295489E-49));
#9850=DIRECTION('',(1.,9.97034613304779E-65,1.11022302462516E-16));
#9851=DIRECTION('',(-1.11022302462516E-16,4.49024471295489E-49,1.));
#9852=DIRECTION('',(1.,0.,1.11022302462516E-16));
#9853=DIRECTION('',(4.9851730665239E-65,-1.,4.49024471295489E-49));
#9854=DIRECTION('',(4.9851730665239E-65,-1.,4.49024471295489E-49));
#9855=DIRECTION('',(-1.,0.,0.));
#9856=DIRECTION('',(4.9851730665239E-65,-1.,4.49024471295489E-49));
#9857=DIRECTION('',(1.,0.,0.));
#9858=DIRECTION('',(-4.9851730665239E-65,1.,-4.49024471295489E-49));
#9859=DIRECTION('',(-0.919145030018057,1.76879404777601E-49,0.393919298579169));
#9860=DIRECTION('',(-0.393919298579169,-4.12718611147735E-49,-0.919145030018057));
#9861=DIRECTION('',(-0.919145030018057,0.,0.393919298579169));
#9862=DIRECTION('',(4.9851730665239E-65,-1.,4.49024471295489E-49));
#9863=DIRECTION('',(1.,9.97034613304779E-65,1.11022302462516E-16));
#9864=DIRECTION('',(1.11022302462516E-16,-4.49024471295489E-49,-1.));
#9865=DIRECTION('',(-1.,0.,-1.11022302462516E-16));
#9866=DIRECTION('',(-4.9851730665239E-65,1.,-4.49024471295489E-49));
#9867=DIRECTION('',(1.,0.,0.));
#9868=DIRECTION('',(-4.9851730665239E-65,1.,-4.49024471295489E-49));
#9869=DIRECTION('',(-1.,0.,0.));
#9870=DIRECTION('',(0.,-1.,1.80231010491097E-15));
#9871=DIRECTION('',(0.,0.,0.999999999999999));
#9872=DIRECTION('',(0.,-1.80231010491097E-15,-1.));
#9873=DIRECTION('',(0.,1.,-1.80231010491097E-15));
#9874=DIRECTION('',(0.,1.80411241501588E-15,1.));
#9875=DIRECTION('',(-4.9851730665239E-65,1.,-4.49024471295489E-49));
#9876=DIRECTION('',(0.,-4.49024471295489E-49,-1.));
#9877=DIRECTION('',(-1.,0.,0.));
#9878=DIRECTION('',(0.,1.,0.));
#9879=DIRECTION('',(4.9851730665239E-65,-1.,4.49024471295489E-49));
#9880=DIRECTION('',(-1.00000000000001,0.,0.));
#9881=DIRECTION('',(4.9851730665239E-65,-1.,4.49024471295489E-49));
#9882=DIRECTION('',(0.,0.,1.));
#9883=DIRECTION('',(-4.9851730665239E-65,1.,-4.49024471295489E-49));
#9884=DIRECTION('',(1.,0.,1.11022302462516E-16));
#9885=DIRECTION('',(4.9851730665239E-65,-1.,4.49024471295489E-49));
#9886=DIRECTION('',(1.00000000000001,0.,0.));
#9887=DIRECTION('',(0.961523947640823,0.274721127897378,-4.59339942082322E-16));
#9888=DIRECTION('',(-3.53076982593813E-30,-1.,1.67202262744752E-15));
#9889=DIRECTION('',(1.,-4.29412544368679E-31,7.17987490694245E-46));
#9890=DIRECTION('',(0.,-1.,1.67202262744752E-15));
#9891=DIRECTION('',(0.,-1.67202262744752E-15,-1.));
#9892=DIRECTION('',(0.,1.,-1.67227343084164E-15));
#9893=DIRECTION('',(-0.91564351241359,-0.261612432118168,0.305214504137862));
#9894=DIRECTION('',(3.53076982593813E-30,1.,-1.67202262744752E-15));
#9895=DIRECTION('',(0.948683298050514,-2.39141905836555E-16,-0.316227766016836));
#9896=DIRECTION('',(0.316227766016836,1.586219940622E-15,0.948683298050514));
#9897=DIRECTION('',(0.,-1.,1.67227343084164E-15));
#9898=DIRECTION('',(-1.,9.66178224829527E-31,7.09788656291185E-16));
#9899=DIRECTION('',(0.,-1.,1.67202262744752E-15));
#9900=DIRECTION('',(1.,0.,0.));
#9901=DIRECTION('',(-0.961523947640823,-0.274721127897378,1.1418187328701E-15));
#9902=DIRECTION('',(0.,-1.,1.67202262744752E-15));
#9903=DIRECTION('',(7.09788656291185E-16,1.67202262744752E-15,1.));
#9904=DIRECTION('',(0.,-1.,1.67227343084164E-15));
#9905=DIRECTION('',(7.5623310643703E-16,0.,1.));
#9906=DIRECTION('',(9.72915460466051E-31,1.,-3.85494105772624E-16));
#9907=DIRECTION('',(0.,1.,0.));
#9908=DIRECTION('',(0.,0.,1.));
#9909=DIRECTION('',(1.,1.26443886558765E-30,7.5623310643703E-16));
#9910=DIRECTION('',(0.,0.,-0.999999999999999));
#9911=DIRECTION('',(0.,-1.,1.33440267382831E-16));
#9912=DIRECTION('',(7.5623310643703E-16,6.50521303491303E-16,-1.));
#9913=DIRECTION('',(-7.5623310643703E-16,7.5623310643703E-16,1.));
#9914=DIRECTION('',(1.,1.26443886558765E-30,7.5623310643703E-16));
#9915=DIRECTION('',(7.56339435525888E-16,0.,-1.));
#9916=DIRECTION('',(2.11508946956607E-15,-7.55257790474773E-16,-1.));
#9917=DIRECTION('',(-2.11167586369817E-15,-6.50521303491303E-16,1.));
#9918=DIRECTION('',(-2.11167586369817E-15,-6.50521303491303E-16,1.));
#9919=DIRECTION('',(-2.17538795060652E-15,7.38029653034644E-16,1.));
#9920=DIRECTION('',(-0.274721127897378,0.961523947640823,-1.30725821686685E-15));
#9921=DIRECTION('',(2.1094237467878E-15,-7.49400541621981E-16,-1.));
#9922=DIRECTION('',(1.,0.,0.));
#9923=DIRECTION('',(0.,1.,6.50521303491303E-16));
#9924=DIRECTION('',(0.,-6.52256026967279E-16,1.));
#9925=DIRECTION('',(0.,1.,-1.33440267382831E-16));
#9926=DIRECTION('',(-1.,0.,-2.11167586369817E-15));
#9927=DIRECTION('',(0.,0.,-0.999999999999999));
#9928=DIRECTION('',(0.,0.,-1.));
#9929=DIRECTION('',(0.,-1.,0.));
#9930=DIRECTION('',(1.,0.,2.11167586369817E-15));
#9931=DIRECTION('',(1.73472347597681E-15,0.,-1.));
#9932=DIRECTION('',(2.11167586369817E-15,-7.5623310643703E-16,-1.));
#9933=DIRECTION('',(1.,0.,2.11167586369817E-15));
#9934=DIRECTION('',(2.1094237467878E-15,0.,-1.));
#9935=DIRECTION('',(2.11508946956607E-15,-7.5623310643703E-16,-1.));
#9936=DIRECTION('',(-1.,-3.53647745219044E-30,-2.11508946956607E-15));
#9937=DIRECTION('',(-2.1163626406917E-15,0.,1.));
#9938=DIRECTION('',(-2.17538795060652E-15,7.5623310643703E-16,1.));
#9939=DIRECTION('',(1.,3.63729787689079E-30,2.17538795060652E-15));
#9940=DIRECTION('',(2.17881268582687E-15,0.,-1.));
#9941=DIRECTION('',(-4.29412544368679E-31,-1.,7.5623310643703E-16));
#9942=DIRECTION('',(0.,-7.49400541621981E-16,-1.));
#9943=DIRECTION('',(1.,0.,0.));
#9944=DIRECTION('',(-1.,0.,0.));
#9945=DIRECTION('',(0.,-1.,8.16340459283204E-16));
#9946=DIRECTION('',(0.,-8.18789480661053E-16,-1.));
#9947=DIRECTION('',(0.,-2.77555756156289E-15,1.));
#9948=DIRECTION('',(0.,-1.,-2.77555756156289E-15));
#9949=DIRECTION('',(-1.,0.,0.));
#9950=DIRECTION('',(0.,0.,-1.));
#9951=DIRECTION('',(-1.,0.,0.));
#9952=DIRECTION('',(-1.,0.,0.));
#9953=DIRECTION('',(-1.,0.,0.));
#9954=DIRECTION('',(0.,-1.,0.));
#9955=DIRECTION('',(0.,0.,-1.));
#9956=DIRECTION('',(-1.,0.,0.));
#9957=DIRECTION('',(0.,1.,-2.66880534765663E-16));
#9958=DIRECTION('',(-1.,0.,0.));
#9959=DIRECTION('',(1.,0.,0.));
#9960=DIRECTION('',(0.,2.66880534765663E-16,1.));
#9961=DIRECTION('',(0.,-1.,2.67147415300428E-16));
#9962=DIRECTION('',(0.,-2.77555756156289E-15,-1.));
#9963=DIRECTION('',(0.,1.,-2.77555756156289E-15));
#9964=DIRECTION('',(-1.,0.,0.));
#9965=DIRECTION('',(0.,2.77555756156289E-15,1.));
#9966=DIRECTION('',(0.,-1.,2.77555756156289E-15));
#9967=DIRECTION('',(-1.,0.,0.));
#9968=DIRECTION('',(0.,1.,0.));
#9969=DIRECTION('',(0.,0.,1.));
#9970=DIRECTION('',(-1.,0.,0.));
#9971=DIRECTION('',(0.,-1.,0.));
#9972=DIRECTION('',(-1.,0.,0.));
#9973=DIRECTION('',(1.,0.,0.));
#9974=DIRECTION('',(0.,0.,-1.));
#9975=DIRECTION('',(-1.,0.,0.));
#9976=DIRECTION('',(-1.,0.,0.));
#9977=DIRECTION('',(0.,1.33440267382831E-16,1.));
#9978=DIRECTION('',(0.,-1.,1.33573707650214E-16));
#9979=DIRECTION('',(1.,0.,0.));
#9980=DIRECTION('',(-1.,0.,0.));
#9981=DIRECTION('',(0.,1.,0.));
#9982=DIRECTION('',(0.,0.,1.));
#9983=DIRECTION('',(0.,0.,-1.));
#9984=DIRECTION('',(-1.,0.,0.));
#9985=DIRECTION('',(-1.,0.,0.));
#9986=DIRECTION('',(0.,0.,1.));
#9987=DIRECTION('',(-1.,0.,0.));
#9988=DIRECTION('',(0.,0.,1.));
#9989=DIRECTION('',(-1.,0.,0.));
#9990=DIRECTION('',(0.,0.,1.));
#9991=DIRECTION('',(-1.,0.,0.));
#9992=DIRECTION('',(0.,0.,0.999999999999999));
#9993=DIRECTION('',(1.,0.,0.));
#9994=DIRECTION('',(0.,0.,-1.));
#9995=DIRECTION('',(-1.,0.,0.));
#9996=DIRECTION('',(0.,0.,1.));
#9997=DIRECTION('',(-1.,0.,0.));
#9998=DIRECTION('',(0.,0.,-1.));
#9999=DIRECTION('',(1.,0.,0.));
#10000=DIRECTION('',(0.,0.,-1.));
#10001=DIRECTION('',(1.,0.,0.));
#10002=DIRECTION('',(0.,0.,-1.));
#10003=DIRECTION('',(-1.,0.,0.));
#10004=DIRECTION('',(0.,0.,1.));
#10005=DIRECTION('',(-1.,0.,0.));
#10006=DIRECTION('',(0.,0.,-1.));
#10007=DIRECTION('',(-1.,0.,0.));
#10008=DIRECTION('',(0.,0.,1.));
#10009=DIRECTION('',(1.,0.,0.));
#10010=DIRECTION('',(0.,0.,-1.));
#10011=DIRECTION('',(-1.,0.,0.));
#10012=DIRECTION('',(0.,0.,1.));
#10013=DIRECTION('',(1.,0.,0.));
#10014=DIRECTION('',(0.,0.,-1.));
#10015=DIRECTION('',(-1.,0.,0.));
#10016=DIRECTION('',(0.,0.,1.));
#10017=DIRECTION('',(1.,0.,0.));
#10018=DIRECTION('',(0.,0.,-1.));
#10019=DIRECTION('',(-1.,0.,0.));
#10020=DIRECTION('',(0.,0.,1.));
#10021=DIRECTION('',(1.,0.,0.));
#10022=DIRECTION('',(0.,0.,-1.));
#10023=DIRECTION('',(-1.,0.,0.));
#10024=DIRECTION('',(0.,0.,1.));
#10025=DIRECTION('',(1.,0.,0.));
#10026=DIRECTION('',(0.,0.,-1.));
#10027=DIRECTION('',(-1.,0.,0.));
#10028=DIRECTION('',(0.,0.,1.));
#10029=DIRECTION('',(1.,0.,0.));
#10030=DIRECTION('',(0.,0.,-1.));
#10031=DIRECTION('',(1.,0.,0.));
#10032=DIRECTION('',(0.,0.,-1.));
#10033=DIRECTION('',(1.,0.,0.));
#10034=DIRECTION('',(0.,0.,-1.));
#10035=DIRECTION('',(-1.,0.,0.));
#10036=DIRECTION('',(0.,0.,1.));
#10037=DIRECTION('',(1.,0.,0.));
#10038=DIRECTION('',(0.,0.,-1.));
#10039=DIRECTION('',(-1.,0.,0.));
#10040=DIRECTION('',(0.,0.,1.));
#10041=DIRECTION('',(2.24237410495852E-15,-0.763066202090594,-0.646320331745054));
#10042=DIRECTION('',(0.,0.646320331745054,-0.763066202090594));
#10043=DIRECTION('',(1.,0.,0.));
#10044=DIRECTION('',(0.,0.,-1.));
#10045=DIRECTION('',(0.,0.763066202090594,-0.646320331745054));
#10046=DIRECTION('',(0.,0.646320331745054,0.763066202090594));
#10047=DIRECTION('',(1.,0.,0.));
#10048=DIRECTION('',(0.,0.,-1.));
#10049=DIRECTION('',(1.,0.,0.));
#10050=DIRECTION('',(0.,0.,-0.999999999999999));
#10051=DIRECTION('',(1.,0.,0.));
#10052=DIRECTION('',(0.,0.,-1.));
#10053=DIRECTION('',(-2.64741770898216E-15,0.646320331745011,-0.763066202090631));
#10054=DIRECTION('',(0.,0.763066202090629,0.64632033174501));
#10055=DIRECTION('',(1.,0.,0.));
#10056=DIRECTION('',(0.,0.,-1.));
#10057=DIRECTION('',(0.,0.646320331745029,0.763066202090616));
#10058=DIRECTION('',(0.,-0.763066202090615,0.646320331745028));
#10059=DIRECTION('',(1.,0.,0.));
#10060=DIRECTION('',(0.,0.,-1.));
#10061=DIRECTION('',(1.,0.,0.));
#10062=DIRECTION('',(0.,0.,-1.));
#10063=DIRECTION('',(-2.64741770898216E-15,0.646320331745011,-0.763066202090631));
#10064=DIRECTION('',(0.,0.763066202090629,0.64632033174501));
#10065=DIRECTION('',(1.,0.,0.));
#10066=DIRECTION('',(0.,0.,-1.));
#10067=DIRECTION('',(0.,0.646320331745029,0.763066202090616));
#10068=DIRECTION('',(0.,-0.763066202090615,0.646320331745028));
#10069=DIRECTION('',(1.,0.,0.));
#10070=DIRECTION('',(0.,0.,-1.));
#10071=DIRECTION('',(1.,0.,0.));
#10072=DIRECTION('',(0.,0.,-1.));
#10073=DIRECTION('',(-2.64741770898216E-15,0.646320331745011,-0.763066202090631));
#10074=DIRECTION('',(0.,0.763066202090629,0.64632033174501));
#10075=DIRECTION('',(1.,0.,0.));
#10076=DIRECTION('',(0.,0.,-1.));
#10077=DIRECTION('',(0.,0.646320331745029,0.763066202090616));
#10078=DIRECTION('',(0.,-0.763066202090615,0.646320331745028));
#10079=DIRECTION('',(1.,0.,0.));
#10080=DIRECTION('',(0.,0.,-1.));
#10081=DIRECTION('',(1.,0.,0.));
#10082=DIRECTION('',(0.,0.,-1.));
#10083=DIRECTION('',(1.,0.,0.));
#10084=DIRECTION('',(0.,0.,-1.));
#10085=DIRECTION('',(2.24237410495852E-15,0.763066202090594,0.646320331745054));
#10086=DIRECTION('',(0.,-0.646320331745054,0.763066202090594));
#10087=DIRECTION('',(1.,0.,0.));
#10088=DIRECTION('',(0.,0.,-1.));
#10089=DIRECTION('',(-2.24237410495848E-15,-0.763066202090605,0.646320331745041));
#10090=DIRECTION('',(0.,-0.64632033174504,-0.763066202090604));
#10091=DIRECTION('',(1.,0.,0.));
#10092=DIRECTION('',(0.,0.,-1.));
#10093=DIRECTION('',(1.,0.,0.));
#10094=DIRECTION('',(0.,0.,-1.));
#10095=DIRECTION('',(3.67466100186943E-15,-0.646320331745024,0.76306620209062));
#10096=DIRECTION('',(0.,-0.763066202090615,-0.646320331745026));
#10097=DIRECTION('',(1.,0.,0.));
#10098=DIRECTION('',(0.,0.,-1.));
#10099=DIRECTION('',(-1.42643318377979E-14,-0.646320331745028,-0.763066202090616));
#10100=DIRECTION('',(0.,0.763066202090615,-0.646320331745026));
#10101=DIRECTION('',(1.,0.,0.));
#10102=DIRECTION('',(0.,0.,-1.));
#10103=DIRECTION('',(1.,0.,0.));
#10104=DIRECTION('',(0.,0.,-1.));
#10105=DIRECTION('',(1.,0.,0.));
#10106=DIRECTION('',(0.,0.,-1.));
#10107=DIRECTION('',(0.,0.646320331745028,0.763066202090616));
#10108=DIRECTION('',(0.,-0.763066202090615,0.646320331745026));
#10109=DIRECTION('',(1.,0.,0.));
#10110=DIRECTION('',(0.,0.,-1.));
#10111=DIRECTION('',(0.,0.646320331745017,-0.763066202090626));
#10112=DIRECTION('',(0.,0.763066202090629,0.646320331745019));
#10113=DIRECTION('',(1.,0.,0.));
#10114=DIRECTION('',(0.,0.,-1.));
#10115=DIRECTION('',(1.,0.,0.));
#10116=DIRECTION('',(0.,0.,-1.));
#10117=DIRECTION('',(5.29483541796421E-15,-0.646320331745028,0.763066202090616));
#10118=DIRECTION('',(0.,-0.763066202090615,-0.646320331745026));
#10119=DIRECTION('',(1.,0.,0.));
#10120=DIRECTION('',(0.,0.,-0.999999999999999));
#10121=DIRECTION('',(1.42643318377979E-14,-0.646320331745017,-0.763066202090626));
#10122=DIRECTION('',(0.,0.763066202090629,-0.646320331745019));
#10123=DIRECTION('',(1.,0.,0.));
#10124=DIRECTION('',(0.,0.,-1.));
#10125=DIRECTION('',(1.,0.,0.));
#10126=DIRECTION('',(0.,0.,-0.999999999999999));
#10127=DIRECTION('',(1.,0.,0.));
#10128=DIRECTION('',(0.,0.,-0.999999999999999));
#10129=DIRECTION('',(0.,0.,1.));
#10130=DIRECTION('',(0.,-1.,0.));
#10131=DIRECTION('',(0.,0.,-1.));
#10132=DIRECTION('',(0.,0.,-1.));
#10133=DIRECTION('',(0.,1.,0.));
#10134=DIRECTION('',(0.,0.,1.));
#10135=DIRECTION('',(0.,0.,1.));
#10136=DIRECTION('',(0.,-1.,0.));
#10137=DIRECTION('',(0.,0.,-1.));
#10138=DIRECTION('',(0.,0.,-1.));
#10139=DIRECTION('',(2.77555756156289E-15,1.,0.));
#10140=DIRECTION('',(-1.,2.77555756156289E-15,0.));
#10141=DIRECTION('',(0.,0.,1.));
#10142=DIRECTION('',(0.,-1.,0.));
#10143=DIRECTION('',(0.,0.,-1.));
#10144=DIRECTION('',(0.,0.,-1.));
#10145=DIRECTION('',(0.,1.,0.));
#10146=DIRECTION('',(0.,0.,1.));
#10147=DIRECTION('',(0.,0.,-1.));
#10148=DIRECTION('',(0.,-1.,0.));
#10149=DIRECTION('',(0.,0.,-1.));
#10150=DIRECTION('',(0.,0.,1.));
#10151=DIRECTION('',(-1.,-7.2280144832367E-16,0.));
#10152=DIRECTION('',(0.,1.,0.));
#10153=DIRECTION('',(-7.2280144832367E-16,1.,0.));
#10154=DIRECTION('',(-1.,-7.2280144832367E-16,0.));
#10155=DIRECTION('',(0.,1.,0.));
#10156=DIRECTION('',(0.,0.,-1.));
#10157=DIRECTION('',(0.,0.,1.));
#10158=DIRECTION('',(0.,0.,-1.));
#10159=DIRECTION('',(0.,0.,1.));
#10160=DIRECTION('',(0.,0.,-1.));
#10161=DIRECTION('',(0.,0.,1.));
#10162=DIRECTION('',(0.,0.,-1.));
#10163=DIRECTION('',(1.,7.2280144832367E-16,0.));
#10164=DIRECTION('',(-7.21644966006352E-16,1.,0.));
#10165=DIRECTION('',(0.,0.,1.));
#10166=DIRECTION('',(0.,1.,0.));
#10167=DIRECTION('',(0.,0.,1.));
#10168=DIRECTION('',(0.,0.,1.));
#10169=DIRECTION('',(0.,-1.,0.));
#10170=DIRECTION('',(0.,0.,-1.));
#10171=DIRECTION('',(0.,0.,-1.));
#10172=DIRECTION('',(0.,0.,1.));
#10173=DIRECTION('',(-1.,-3.61400724161835E-16,0.));
#10174=DIRECTION('',(3.60822483003176E-16,-1.,0.));
#10175=DIRECTION('',(0.,0.,-1.));
#10176=DIRECTION('',(0.,1.,0.));
#10177=DIRECTION('',(0.,0.,1.));
#10178=DIRECTION('',(0.,0.,1.));
#10179=DIRECTION('',(0.,-1.,0.));
#10180=DIRECTION('',(0.,0.,-1.));
#10181=DIRECTION('',(0.,0.,-1.));
#10182=DIRECTION('',(0.,0.,1.));
#10183=DIRECTION('',(-1.,0.,0.));
#10184=DIRECTION('',(0.,0.,1.));
#10185=DIRECTION('',(0.,0.,-1.));
#10186=DIRECTION('',(2.77555756156289E-15,1.,0.));
#10187=DIRECTION('',(-1.,2.77555756156289E-15,0.));
#10188=DIRECTION('',(0.,0.,1.));
#10189=DIRECTION('',(0.,-1.,0.));
#10190=DIRECTION('',(0.,0.,-1.));
#10191=DIRECTION('',(0.,0.,-1.));
#10192=DIRECTION('',(0.,0.,1.));
#10193=DIRECTION('',(-1.,-3.61400724161835E-16,0.));
#10194=DIRECTION('',(3.60822483003176E-16,-1.,0.));
#10195=DIRECTION('',(0.,0.,-1.));
#10196=DIRECTION('',(0.,1.,0.));
#10197=DIRECTION('',(0.,0.,1.));
#10198=DIRECTION('',(0.,0.,1.));
#10199=DIRECTION('',(0.,-1.,0.));
#10200=DIRECTION('',(0.,0.,-1.));
#10201=DIRECTION('',(0.,0.,-1.));
#10202=DIRECTION('',(0.,0.,1.));
#10203=DIRECTION('',(-1.,0.,0.));
#10204=DIRECTION('',(0.,0.,1.));
#10205=DIRECTION('',(0.,0.,-1.));
#10206=DIRECTION('',(0.,1.,0.));
#10207=DIRECTION('',(0.,0.,1.));
#10208=DIRECTION('',(0.,0.,1.));
#10209=DIRECTION('',(1.,0.,0.));
#10210=DIRECTION('',(0.,0.,1.));
#10211=DIRECTION('',(1.,0.,0.));
#10212=DIRECTION('',(0.,0.,1.));
#10213=DIRECTION('',(1.,0.,0.));
#10214=DIRECTION('',(0.,0.,1.));
#10215=DIRECTION('',(1.,0.,0.));
#10216=DIRECTION('',(0.,0.,1.));
#10217=DIRECTION('',(1.,0.,0.));
#10218=DIRECTION('',(0.,0.,1.));
#10219=DIRECTION('',(1.,0.,0.));
#10220=DIRECTION('',(0.,0.,1.));
#10221=DIRECTION('',(1.,0.,0.));
#10222=DIRECTION('',(0.,0.,1.));
#10223=DIRECTION('',(1.,0.,0.));
#10224=DIRECTION('',(0.,0.,1.));
#10225=DIRECTION('',(1.,0.,0.));
#10226=DIRECTION('',(0.,0.,1.));
#10227=DIRECTION('',(1.,0.,0.));
#10228=DIRECTION('',(0.,0.,1.));
#10229=DIRECTION('',(1.,0.,0.));
#10230=DIRECTION('',(0.,0.,1.));
#10231=DIRECTION('',(1.,0.,0.));
#10232=DIRECTION('',(0.,0.,1.));
#10233=DIRECTION('',(1.,0.,0.));
#10234=DIRECTION('',(0.,0.,1.));
#10235=DIRECTION('',(1.,0.,0.));
#10236=DIRECTION('',(0.,0.,1.));
#10237=DIRECTION('',(1.,0.,0.));
#10238=DIRECTION('',(0.,0.,1.));
#10239=DIRECTION('',(1.,0.,0.));
#10240=DIRECTION('',(1.,0.,0.));
#10241=DIRECTION('',(0.,-1.,3.85494105772624E-16));
#10242=DIRECTION('',(0.,-3.85494105772624E-16,-1.));
#10243=DIRECTION('',(0.,1.,-3.85108611666851E-16));
#10244=DIRECTION('',(0.,0.,-1.));
#10245=DIRECTION('',(0.,1.,0.));
#10246=DIRECTION('',(0.,0.,1.));
#10247=DIRECTION('',(0.,0.,-1.));
#10248=DIRECTION('',(1.,0.,0.));
#10249=DIRECTION('',(1.,0.,0.));
#10250=DIRECTION('',(0.,0.,-1.));
#10251=DIRECTION('',(0.,0.707106781186548,0.707106781186547));
#10252=DIRECTION('',(0.,0.707106781186547,-0.707106781186548));
#10253=DIRECTION('',(0.,0.,1.));
#10254=DIRECTION('',(1.,0.,0.));
#10255=DIRECTION('',(-0.499999999999996,-0.866025403784441,0.));
#10256=DIRECTION('',(-0.866025403784441,0.499999999999996,-7.70988211545254E-16));
#10257=DIRECTION('',(0.,1.,-3.85494105772624E-16));
#10258=DIRECTION('',(0.,0.,1.));
#10259=DIRECTION('',(0.,1.,0.));
#10260=DIRECTION('',(0.,0.,1.));
#10261=DIRECTION('',(0.,0.,-1.));
#10262=DIRECTION('',(-1.,0.,0.));
#10263=DIRECTION('',(0.,0.,-1.));
#10264=DIRECTION('',(-1.,0.,0.));
#10265=DIRECTION('',(0.,-1.,0.));
#10266=DIRECTION('',(0.,0.,-1.));
#10267=DIRECTION('',(0.,1.,0.));
#10268=DIRECTION('',(0.,0.,1.));
#10269=DIRECTION('',(1.,0.,0.));
#10270=DIRECTION('',(0.,0.,-1.));
#10271=DIRECTION('',(-0.499999999999996,-0.866025403784441,0.));
#10272=DIRECTION('',(-0.866025403784441,0.499999999999996,0.));
#10273=DIRECTION('',(0.,1.,0.));
#10274=DIRECTION('',(0.,0.,1.));
#10275=DIRECTION('',(0.866025403784441,0.,0.499999999999996));
#10276=DIRECTION('',(0.,0.,1.));
#10277=DIRECTION('',(0.,1.,0.));
#10278=DIRECTION('',(0.,0.,1.));
#10279=DIRECTION('',(0.,0.,-1.));
#10280=DIRECTION('',(-0.866025403784441,0.,-0.499999999999996));
#10281=DIRECTION('',(0.,-1.,0.));
#10282=DIRECTION('',(0.,0.,-1.));
#10283=DIRECTION('',(0.,0.,1.));
#10284=DIRECTION('',(-0.866025403784439,0.,0.499999999999999));
#10285=DIRECTION('',(0.,1.,0.));
#10286=DIRECTION('',(0.,0.,1.));
#10287=DIRECTION('',(0.866025403784439,-2.168404344971E-15,-0.499999999999999));
#10288=DIRECTION('',(0.,-4.33680868994202E-15,-1.));
#10289=DIRECTION('',(0.,-1.,4.33680868994202E-15));
#10290=DIRECTION('',(0.,-4.34374758384592E-15,-1.));
#10291=DIRECTION('',(0.499999999999996,0.,-0.866025403784441));
#10292=DIRECTION('',(0.866025403784441,0.,0.499999999999996));
#10293=DIRECTION('',(0.499999999999996,0.,-0.866025403784441));
#10294=DIRECTION('',(-0.866025403784441,0.,-0.499999999999996));
#10295=DIRECTION('',(-0.499999999999996,0.,0.866025403784441));
#10296=DIRECTION('',(0.,1.,0.));
#10297=DIRECTION('',(0.499999999999999,2.3112532288264E-16,0.866025403784439));
#10298=DIRECTION('',(-0.866025403784439,-4.00320802148496E-16,0.499999999999999));
#10299=DIRECTION('',(0.499999999999999,2.3112532288264E-16,0.866025403784439));
#10300=DIRECTION('',(0.866025403784439,-8.27329657773556E-15,-0.499999999999999));
#10301=DIRECTION('',(-0.499999999999999,-2.3112532288264E-16,-0.866025403784439));
#10302=DIRECTION('',(0.,-1.,2.67147415300428E-16));
#10303=DIRECTION('',(-0.499999999999996,-0.866025403784441,0.));
#10304=DIRECTION('',(0.,0.,1.));
#10305=DIRECTION('',(0.,0.,1.));
#10306=DIRECTION('',(1.00000000000003,0.,0.));
#10307=DIRECTION('',(0.,0.,-1.));
#10308=DIRECTION('',(-1.00000000000003,0.,0.));
#10309=DIRECTION('',(0.,0.,1.));
#10310=DIRECTION('',(1.00000000000003,0.,0.));
#10311=DIRECTION('',(0.,-4.33680868994202E-15,-1.));
#10312=DIRECTION('',(0.,1.00000000000003,-4.33680868994202E-15));
#10313=DIRECTION('',(1.,7.2280144832367E-16,0.));
#10314=DIRECTION('',(-7.21644966006352E-16,1.,0.));
#10315=DIRECTION('',(1.,7.2280144832367E-16,0.));
#10316=DIRECTION('',(-7.21644966006352E-16,1.,0.));
#10317=DIRECTION('',(1.,0.,0.));
#10318=DIRECTION('',(0.,0.,-1.));
#10319=DIRECTION('',(1.,0.,0.));
#10320=DIRECTION('',(0.,0.,-1.));
#10321=DIRECTION('',(1.,7.2280144832367E-16,0.));
#10322=DIRECTION('',(-7.21644966006352E-16,1.,0.));
#10323=DIRECTION('',(1.,0.,0.));
#10324=DIRECTION('',(0.,0.,-1.));
#10325=DIRECTION('',(1.,7.2280144832367E-16,0.));
#10326=DIRECTION('',(-7.21644966006352E-16,1.,0.));
#10327=DIRECTION('',(1.,7.2280144832367E-16,0.));
#10328=DIRECTION('',(-7.21644966006352E-16,1.,0.));
#10329=DIRECTION('',(1.,7.2280144832367E-16,0.));
#10330=DIRECTION('',(-7.21644966006352E-16,1.,0.));
#10331=DIRECTION('',(1.,0.,0.));
#10332=DIRECTION('',(1.,0.,0.));
#10333=DIRECTION('',(0.,0.,1.));
#10334=DIRECTION('',(1.,0.,0.));
#10335=DIRECTION('',(1.,0.,0.));
#10336=DIRECTION('',(0.,0.,-1.));
#10337=DIRECTION('',(1.,0.,0.));
#10338=DIRECTION('',(0.,0.,-1.));
#10339=DIRECTION('',(1.,0.,0.));
#10340=DIRECTION('',(0.,0.,-1.));
#10341=DIRECTION('',(1.,0.,0.));
#10342=DIRECTION('',(0.,0.,-1.));
#10343=DIRECTION('',(1.,0.,0.));
#10344=DIRECTION('',(0.,0.,-1.));
#10345=DIRECTION('',(1.,0.,0.));
#10346=DIRECTION('',(0.,0.,-1.));
#10347=DIRECTION('',(1.,0.,0.));
#10348=DIRECTION('',(0.,0.,-1.));
#10349=DIRECTION('',(1.,0.,0.));
#10350=DIRECTION('',(0.,0.,-1.));
#10351=DIRECTION('',(1.,0.,0.));
#10352=DIRECTION('',(0.,0.,-1.));
#10353=DIRECTION('',(1.,0.,0.));
#10354=DIRECTION('',(0.,0.,-1.));
#10355=DIRECTION('',(1.,0.,0.));
#10356=DIRECTION('',(0.,0.,-1.));
#10357=DIRECTION('',(1.,0.,0.));
#10358=DIRECTION('',(0.,0.,-1.));
#10359=DIRECTION('',(1.,0.,0.));
#10360=DIRECTION('',(0.,0.,-1.));
#10361=DIRECTION('',(1.,0.,0.));
#10362=DIRECTION('',(0.,0.,-1.));
#10363=DIRECTION('',(1.,0.,0.));
#10364=DIRECTION('',(0.,0.,-1.));
#10365=DIRECTION('',(1.,0.,0.));
#10366=DIRECTION('',(0.,0.,-1.));
#10367=DIRECTION('',(1.,0.,0.));
#10368=DIRECTION('',(0.,0.,-1.));
#10369=DIRECTION('',(1.,0.,0.));
#10370=DIRECTION('',(0.,0.,-1.));
#10371=DIRECTION('',(-1.,3.51436609374757E-15,0.));
#10372=DIRECTION('',(0.,0.,-0.999999999999999));
#10373=DIRECTION('',(0.999999999999996,0.,0.));
#10374=DIRECTION('',(0.,0.,1.));
#10375=DIRECTION('',(-1.,3.51436609374757E-15,0.));
#10376=DIRECTION('',(0.,0.,-1.));
#10377=DIRECTION('',(-1.,0.,0.));
#10378=DIRECTION('',(0.,0.,-0.999999999999999));
#10379=DIRECTION('',(0.999999999999996,0.,0.));
#10380=DIRECTION('',(0.,0.,1.));
#10381=DIRECTION('',(-1.,0.,0.));
#10382=DIRECTION('',(0.,0.,-1.));
#10383=DIRECTION('',(-1.,0.,0.));
#10384=DIRECTION('',(0.,0.,-0.999999999999999));
#10385=DIRECTION('',(0.999999999999996,0.,0.));
#10386=DIRECTION('',(0.,0.,1.));
#10387=DIRECTION('',(-1.,0.,0.));
#10388=DIRECTION('',(0.,0.,-1.));
#10389=DIRECTION('',(-1.,0.,0.));
#10390=DIRECTION('',(0.,0.,-0.999999999999999));
#10391=DIRECTION('',(0.999999999999996,0.,0.));
#10392=DIRECTION('',(0.,0.,1.));
#10393=DIRECTION('',(-1.,0.,0.));
#10394=DIRECTION('',(0.,0.,-1.));
#10395=DIRECTION('',(-1.,0.,0.));
#10396=DIRECTION('',(0.,0.,-0.999999999999999));
#10397=DIRECTION('',(0.999999999999996,0.,0.));
#10398=DIRECTION('',(0.,0.,1.));
#10399=DIRECTION('',(-1.,0.,0.));
#10400=DIRECTION('',(0.,0.,-1.));
#10401=DIRECTION('',(-1.,0.,0.));
#10402=DIRECTION('',(0.,0.,-0.999999999999999));
#10403=DIRECTION('',(0.999999999999996,0.,0.));
#10404=DIRECTION('',(0.,0.,1.));
#10405=DIRECTION('',(-1.,0.,0.));
#10406=DIRECTION('',(0.,0.,-1.));
#10407=DIRECTION('',(-1.,0.,0.));
#10408=DIRECTION('',(0.,0.,-0.999999999999999));
#10409=DIRECTION('',(0.999999999999996,0.,0.));
#10410=DIRECTION('',(0.,0.,1.));
#10411=DIRECTION('',(-1.,0.,0.));
#10412=DIRECTION('',(0.,0.,-1.));
#10413=DIRECTION('',(-1.,0.,0.));
#10414=DIRECTION('',(0.,0.,-0.999999999999999));
#10415=DIRECTION('',(0.999999999999996,0.,0.));
#10416=DIRECTION('',(0.,0.,1.));
#10417=DIRECTION('',(-1.,0.,0.));
#10418=DIRECTION('',(0.,0.,-1.));
#10419=CARTESIAN_POINT('',(0.,0.,0.));
#10420=CARTESIAN_POINT('',(43.6271030207489,96.3315241586991,-24.0440635782979));
#10421=CARTESIAN_POINT('',(43.6271030207489,97.3315241586991,-24.0440635782979));
#10422=CARTESIAN_POINT('',(43.6271030207489,64.156524158699,-18.5690635782946));
#10423=CARTESIAN_POINT('',(34.0021030207506,97.506524158699,-24.1190635782968));
#10424=CARTESIAN_POINT('',(34.5021030207506,97.506524158699,-23.5190635782967));
#10425=CARTESIAN_POINT('',(34.4219129529231,97.2349369335773,-23.6152916596897));
#10426=CARTESIAN_POINT('',(34.0646030207497,96.3315241586991,-24.0440635782979));
#10427=CARTESIAN_POINT('',(34.421912952923,95.4281113838209,-23.6152916596898));
#10428=CARTESIAN_POINT('',(34.0021030207506,95.156524158699,-24.1190635782968));
#10429=CARTESIAN_POINT('',(34.5021030207506,95.156524158699,-23.5190635782967));
#10430=CARTESIAN_POINT('',(34.5021030207506,-355.948475841314,-23.5190635782967));
#10431=CARTESIAN_POINT('',(34.5021030207506,86.556524158699,-23.5190635782967));
#10432=CARTESIAN_POINT('',(34.0021030207506,86.556524158699,-24.1190635782968));
#10433=CARTESIAN_POINT('',(34.4219129529231,86.2849369335773,-23.6152916596898));
#10434=CARTESIAN_POINT('',(34.0646030207497,85.3815241586991,-24.0440635782979));
#10435=CARTESIAN_POINT('',(34.421912952923,84.4781113838208,-23.6152916596899));
#10436=CARTESIAN_POINT('',(34.0021030207506,84.206524158699,-24.1190635782968));
#10437=CARTESIAN_POINT('',(34.5021030207506,84.206524158699,-23.5190635782967));
#10438=CARTESIAN_POINT('',(34.5021030207507,-355.948475841314,-23.5190635782965));
#10439=CARTESIAN_POINT('',(34.5021030207506,75.606524158699,-23.5190635782967));
#10440=CARTESIAN_POINT('',(34.0021030207506,75.606524158699,-24.1190635782968));
#10441=CARTESIAN_POINT('',(34.4219129529231,75.3349369335773,-23.6152916596898));
#10442=CARTESIAN_POINT('',(34.0646030207497,74.4315241586991,-24.0440635782979));
#10443=CARTESIAN_POINT('',(34.421912952923,73.5281113838209,-23.6152916596898));
#10444=CARTESIAN_POINT('',(34.0021030207506,73.256524158699,-24.1190635782968));
#10445=CARTESIAN_POINT('',(34.5021030207506,73.256524158699,-23.5190635782967));
#10446=CARTESIAN_POINT('',(34.5021030207506,-355.948475841314,-23.5190635782967));
#10447=CARTESIAN_POINT('',(34.5021030207506,64.656524158699,-23.5190635782967));
#10448=CARTESIAN_POINT('',(34.0021030207506,64.656524158699,-24.1190635782968));
#10449=CARTESIAN_POINT('',(34.0021030207506,64.156524158699,-24.1190635782968));
#10450=CARTESIAN_POINT('',(44.5021030207504,64.156524158699,-11.5190635782946));
#10451=CARTESIAN_POINT('',(29.5021030207506,64.156524158699,-29.5190635782946));
#10452=CARTESIAN_POINT('',(29.5021030207504,-355.948475841314,-29.5190635782981));
#10453=CARTESIAN_POINT('',(29.5021030207504,61.906524158699,-29.5190635782981));
#10454=CARTESIAN_POINT('',(44.5021030207504,61.906524158699,-11.5190635782946));
#10455=CARTESIAN_POINT('',(41.1687696874177,61.906524158699,-15.5190635782946));
#10456=CARTESIAN_POINT('',(41.1687696874177,65.906524158699,-15.5190635782946));
#10457=CARTESIAN_POINT('',(44.5021030207504,65.906524158699,-11.5190635782946));
#10458=CARTESIAN_POINT('',(44.5021030207504,-355.948475841314,-11.5190635782946));
#10459=CARTESIAN_POINT('',(44.5021030207504,104.8565241587,-11.5190635782946));
#10460=CARTESIAN_POINT('',(41.1687696874177,104.8565241587,-15.5190635782946));
#10461=CARTESIAN_POINT('',(41.1687696874177,108.8565241587,-15.5190635782946));
#10462=CARTESIAN_POINT('',(44.5021030207504,108.8565241587,-11.5190635782946));
#10463=CARTESIAN_POINT('',(29.5021030207504,108.8565241587,-29.5190635782981));
#10464=CARTESIAN_POINT('',(29.5021030207504,-355.948475841314,-29.5190635782981));
#10465=CARTESIAN_POINT('',(29.5021030207504,106.6065241587,-29.5190635782981));
#10466=CARTESIAN_POINT('',(44.5021030207504,106.606524158699,-11.5190635782946));
#10467=CARTESIAN_POINT('',(34.0021030207506,106.606524158699,-24.1190635782968));
#10468=CARTESIAN_POINT('',(34.0021030207506,106.106524158699,-24.1190635782968));
#10469=CARTESIAN_POINT('',(34.5021030207506,106.106524158699,-23.5190635782967));
#10470=CARTESIAN_POINT('',(34.5021030207507,-355.948475841314,-23.5190635782965));
#10471=CARTESIAN_POINT('',(43.6271030207492,-355.948475841314,-12.5690635782963));
#10472=CARTESIAN_POINT('',(43.6271030207489,95.156524158699,-12.5690635782966));
#10473=CARTESIAN_POINT('',(43.6271030207489,97.506524158699,-12.5690635782966));
#10474=CARTESIAN_POINT('',(43.1271030207489,97.506524158699,-13.1690635782967));
#10475=CARTESIAN_POINT('',(43.1271030207489,97.006524158699,-13.1690635782967));
#10476=CARTESIAN_POINT('',(44.5021030207504,97.006524158699,-11.5190635782946));
#10477=CARTESIAN_POINT('',(38.6271030207515,97.0065241587003,-18.5690635782946));
#10478=CARTESIAN_POINT('',(38.6271030207486,101.8065241587,-18.5690635782981));
#10479=CARTESIAN_POINT('',(38.6271030207489,106.606524158699,-18.5690635782946));
#10480=CARTESIAN_POINT('',(44.5021030207504,106.606524158699,-11.5190635782946));
#10481=CARTESIAN_POINT('',(43.1271030207489,106.606524158699,-13.1690635782967));
#10482=CARTESIAN_POINT('',(43.1271030207489,106.106524158699,-13.1690635782967));
#10483=CARTESIAN_POINT('',(43.6271030207489,106.106524158699,-12.5690635782966));
#10484=CARTESIAN_POINT('',(43.6271030207492,-355.948475841314,-12.5690635782963));
#10485=CARTESIAN_POINT('',(43.6271030207489,106.740004978887,-12.5690635782966));
#10486=CARTESIAN_POINT('',(41.1687696874177,104.8565241587,-15.5190635782946));
#10487=CARTESIAN_POINT('',(44.0854363540838,104.8565241587,-12.0190635782946));
#10488=CARTESIAN_POINT('',(44.0854363540838,-355.948475841314,-12.0190635782946));
#10489=CARTESIAN_POINT('',(44.0854363540838,65.906524158699,-12.0190635782946));
#10490=CARTESIAN_POINT('',(41.1687696874177,65.906524158699,-15.5190635782946));
#10491=CARTESIAN_POINT('',(43.6271030207489,64.0230433385121,-12.5690635782966));
#10492=CARTESIAN_POINT('',(43.6271030207492,-355.948475841314,-12.5690635782963));
#10493=CARTESIAN_POINT('',(43.6271030207489,64.656524158699,-12.5690635782966));
#10494=CARTESIAN_POINT('',(43.1271030207489,64.656524158699,-13.1690635782967));
#10495=CARTESIAN_POINT('',(43.1271030207489,64.156524158699,-13.1690635782967));
#10496=CARTESIAN_POINT('',(44.5021030207504,64.156524158699,-11.5190635782946));
#10497=CARTESIAN_POINT('',(38.6271030207489,64.156524158699,-18.5690635782946));
#10498=CARTESIAN_POINT('',(38.6271030207489,68.956524158699,-18.5690635782978));
#10499=CARTESIAN_POINT('',(38.6271030207489,73.756524158699,-18.5690635782946));
#10500=CARTESIAN_POINT('',(44.5021030207504,73.756524158699,-11.5190635782946));
#10501=CARTESIAN_POINT('',(43.1271030207489,73.756524158699,-13.1690635782967));
#10502=CARTESIAN_POINT('',(43.1271030207489,73.256524158699,-13.1690635782967));
#10503=CARTESIAN_POINT('',(43.6271030207489,73.256524158699,-12.5690635782966));
#10504=CARTESIAN_POINT('',(43.6271030207492,-355.948475841314,-12.5690635782963));
#10505=CARTESIAN_POINT('',(43.6271030207489,75.606524158699,-12.5690635782966));
#10506=CARTESIAN_POINT('',(43.1271030207489,75.606524158699,-13.1690635782967));
#10507=CARTESIAN_POINT('',(43.1271030207489,75.106524158699,-13.1690635782967));
#10508=CARTESIAN_POINT('',(44.5021030207504,75.106524158699,-11.5190635782946));
#10509=CARTESIAN_POINT('',(38.6271030207515,75.1065241586993,-18.5690635782946));
#10510=CARTESIAN_POINT('',(38.6271030207488,79.9065241586995,-18.5690635782979));
#10511=CARTESIAN_POINT('',(38.6271030207489,84.706524158699,-18.5690635782946));
#10512=CARTESIAN_POINT('',(44.5021030207504,84.706524158699,-11.5190635782946));
#10513=CARTESIAN_POINT('',(43.1271030207489,84.706524158699,-13.1690635782967));
#10514=CARTESIAN_POINT('',(43.1271030207489,84.206524158699,-13.1690635782967));
#10515=CARTESIAN_POINT('',(43.6271030207489,84.206524158699,-12.5690635782966));
#10516=CARTESIAN_POINT('',(43.6271030207492,-355.948475841314,-12.5690635782963));
#10517=CARTESIAN_POINT('',(43.6271030207489,86.556524158699,-12.5690635782966));
#10518=CARTESIAN_POINT('',(43.1271030207489,86.556524158699,-13.1690635782967));
#10519=CARTESIAN_POINT('',(43.1271030207489,86.056524158699,-13.1690635782967));
#10520=CARTESIAN_POINT('',(44.5021030207509,86.056524158699,-11.519063578294));
#10521=CARTESIAN_POINT('',(38.6271030207515,86.0565241586999,-18.5690635782946));
#10522=CARTESIAN_POINT('',(38.6271030207487,90.8565241587,-18.569063578298));
#10523=CARTESIAN_POINT('',(38.6271030207489,95.656524158699,-18.5690635782946));
#10524=CARTESIAN_POINT('',(44.5021030207504,95.656524158699,-11.5190635782946));
#10525=CARTESIAN_POINT('',(43.1271030207489,95.656524158699,-13.1690635782967));
#10526=CARTESIAN_POINT('',(43.1271030207489,95.156524158699,-13.1690635782967));
#10527=CARTESIAN_POINT('',(44.5021030207504,-355.948475841314,-11.5190635782946));
#10528=CARTESIAN_POINT('',(43.6271030207489,68.956524158699,-18.5690635782978));
#10529=CARTESIAN_POINT('',(43.6271030207489,64.656524158699,-16.4359906775276));
#10530=CARTESIAN_POINT('',(43.6271030207489,73.256524158699,-16.4359906775276));
#10531=CARTESIAN_POINT('',(43.6271030207489,73.256524158699,-16.4359906775276));
#10532=CARTESIAN_POINT('',(43.6271030207489,73.3933262331392,-16.711766024859));
#10533=CARTESIAN_POINT('',(43.5745145208708,73.5034227738285,-17.0019887667196));
#10534=CARTESIAN_POINT('',(43.5055480912298,73.5832952232514,-17.2911787962376));
#10535=CARTESIAN_POINT('',(43.4062110523336,73.6983409441384,-17.7077188630522));
#10536=CARTESIAN_POINT('',(43.267546591245,73.7553467932586,-18.1339047094759));
#10537=CARTESIAN_POINT('',(43.1313589509217,73.7565060454296,-18.5558769540733));
#10538=CARTESIAN_POINT('',(43.1299403320368,73.7565181209529,-18.5602724909493));
#10539=CARTESIAN_POINT('',(43.1285216653516,73.756524158699,-18.5646680331318));
#10540=CARTESIAN_POINT('',(43.1271030207489,73.756524158699,-18.5690635782946));
#10541=CARTESIAN_POINT('',(43.1271030207489,73.756524158699,-18.5690635782946));
#10542=CARTESIAN_POINT('',(43.6271030207489,73.756524158699,-18.5690635782946));
#10543=CARTESIAN_POINT('',(38.6271030207489,64.156524158699,-18.5690635782946));
#10544=CARTESIAN_POINT('',(43.1271030207489,64.156524158699,-18.5690635782946));
#10545=CARTESIAN_POINT('',(43.1271030207489,64.156524158699,-18.5690635782946));
#10546=CARTESIAN_POINT('',(43.1285216653516,64.156524158699,-18.5646680331318));
#10547=CARTESIAN_POINT('',(43.1299403320368,64.1565301964451,-18.5602724909493));
#10548=CARTESIAN_POINT('',(43.1313589509217,64.1565422719684,-18.5558769540733));
#10549=CARTESIAN_POINT('',(43.267546591245,64.1577015241394,-18.1339047094759));
#10550=CARTESIAN_POINT('',(43.4062110523336,64.2147073732596,-17.7077188630522));
#10551=CARTESIAN_POINT('',(43.5055480912298,64.3297530941466,-17.2911787962376));
#10552=CARTESIAN_POINT('',(43.5745145208708,64.4096255435695,-17.0019887667196));
#10553=CARTESIAN_POINT('',(43.6271030207489,64.5197220842588,-16.711766024859));
#10554=CARTESIAN_POINT('',(43.6271030207489,64.656524158699,-16.4359906775276));
#10555=CARTESIAN_POINT('',(70.5021030207504,68.956524158699,-18.5690635782978));
#10556=CARTESIAN_POINT('',(29.5021030207504,68.9565241586991,-29.5190635782979));
#10557=CARTESIAN_POINT('',(29.5021030207504,73.756524158699,-29.5190635782981));
#10558=CARTESIAN_POINT('',(34.5021030207506,64.156524158699,-29.5190635782946));
#10559=CARTESIAN_POINT('',(34.0021030207506,64.156524158699,-29.5190635782946));
#10560=CARTESIAN_POINT('',(34.0021030207506,64.156524158699,-29.5190635782946));
#10561=CARTESIAN_POINT('',(34.0035216653563,64.156524158699,-29.5146680331328));
#10562=CARTESIAN_POINT('',(34.0049403320504,64.1565301964452,-29.5102724909532));
#10563=CARTESIAN_POINT('',(34.0063589509323,64.1565422719685,-29.5058769540763));
#10564=CARTESIAN_POINT('',(34.142546590972,64.1577015241394,-29.0839047093873));
#10565=CARTESIAN_POINT('',(34.2812110523353,64.2147073732596,-28.6577188630526));
#10566=CARTESIAN_POINT('',(34.3805480912315,64.3297530941466,-28.241178796238));
#10567=CARTESIAN_POINT('',(34.4495145208725,64.4096255435695,-27.95198876672));
#10568=CARTESIAN_POINT('',(34.5021030207506,64.5197220842588,-27.6617660248593));
#10569=CARTESIAN_POINT('',(34.5021030207506,64.656524158699,-27.3859906775279));
#10570=CARTESIAN_POINT('',(34.5021030207506,64.656524158699,-27.3859906775279));
#10571=CARTESIAN_POINT('',(34.5021030207506,68.9565241586991,-29.5190635782979));
#10572=CARTESIAN_POINT('',(34.5021030207506,73.256524158699,-27.3859906775276));
#10573=CARTESIAN_POINT('',(34.5021030207506,73.256524158699,-27.3859906775276));
#10574=CARTESIAN_POINT('',(34.5021030207506,73.3933262331392,-27.6617660248589));
#10575=CARTESIAN_POINT('',(34.4495145208725,73.5034227738285,-27.9519887667195));
#10576=CARTESIAN_POINT('',(34.3805480912315,73.5832952232514,-28.2411787962374));
#10577=CARTESIAN_POINT('',(34.2812110523352,73.6983409441384,-28.6577188630521));
#10578=CARTESIAN_POINT('',(34.1425465915244,73.7553467932587,-29.0839047095656));
#10579=CARTESIAN_POINT('',(34.0063589509145,73.7565060454296,-29.5058769540705));
#10580=CARTESIAN_POINT('',(34.0049403320266,73.7565181209529,-29.5102724909455));
#10581=CARTESIAN_POINT('',(34.0035216653503,73.756524158699,-29.5146680331309));
#10582=CARTESIAN_POINT('',(34.0021030207506,73.756524158699,-29.5190635782946));
#10583=CARTESIAN_POINT('',(34.0021030207506,73.756524158699,-29.5190635782946));
#10584=CARTESIAN_POINT('',(29.5021030207506,73.756524158699,-29.5190635782946));
#10585=CARTESIAN_POINT('',(43.6271030207489,68.9565241586991,-29.5190635782979));
#10586=CARTESIAN_POINT('',(43.6271030207489,73.7565241586991,-29.5190635782979));
#10587=CARTESIAN_POINT('',(70.5021030207504,68.9565241586991,-29.5190635782979));
#10588=CARTESIAN_POINT('',(29.5021030207504,101.8065241587,-29.5190635782981));
#10589=CARTESIAN_POINT('',(29.5021030207504,101.8065241587,-34.3190635782981));
#10590=CARTESIAN_POINT('',(29.5021030207506,97.006524158699,-29.5190635782946));
#10591=CARTESIAN_POINT('',(34.5021030207506,97.006524158699,-29.5190635782946));
#10592=CARTESIAN_POINT('',(34.0021030207506,97.006524158699,-29.5190635782946));
#10593=CARTESIAN_POINT('',(34.0021030207506,97.006524158699,-29.5190635782946));
#10594=CARTESIAN_POINT('',(34.0035216654055,97.006524158699,-29.5146680331488));
#10595=CARTESIAN_POINT('',(34.0049403322473,97.0065301964465,-29.5102724910168));
#10596=CARTESIAN_POINT('',(34.0063589510799,97.0065422719697,-29.5058769541242));
#10597=CARTESIAN_POINT('',(34.1425465863945,97.0077015241407,-29.0839047079107));
#10598=CARTESIAN_POINT('',(34.2812110523357,97.0647073732601,-28.6577188630578));
#10599=CARTESIAN_POINT('',(34.3805480912315,97.1797530941466,-28.2411787962433));
#10600=CARTESIAN_POINT('',(34.4495145208724,97.2596255435693,-27.9519887667244));
#10601=CARTESIAN_POINT('',(34.5021030207506,97.3697220842586,-27.661766024863));
#10602=CARTESIAN_POINT('',(34.5021030207506,97.506524158699,-27.3859906775309));
#10603=CARTESIAN_POINT('',(34.5021030207506,97.506524158699,-27.3859906775309));
#10604=CARTESIAN_POINT('',(34.5021030207506,101.8065241587,-29.5190635782981));
#10605=CARTESIAN_POINT('',(34.5021030207506,106.106524158699,-27.385990677525));
#10606=CARTESIAN_POINT('',(34.5021030207506,106.106524158699,-27.385990677525));
#10607=CARTESIAN_POINT('',(34.5021030207506,106.243326233139,-27.6617660248556));
#10608=CARTESIAN_POINT('',(34.4495145208726,106.353422773828,-27.9519887667154));
#10609=CARTESIAN_POINT('',(34.3805480912315,106.433295223251,-28.2411787962325));
#10610=CARTESIAN_POINT('',(34.2812110523348,106.548340944139,-28.6577188630474));
#10611=CARTESIAN_POINT('',(34.1425465961018,106.60534679326,-29.0839047110427));
#10612=CARTESIAN_POINT('',(34.0063589507668,106.606506045431,-29.5058769540231));
#10613=CARTESIAN_POINT('',(34.0049403318298,106.606518120954,-29.5102724908821));
#10614=CARTESIAN_POINT('',(34.0035216653011,106.606524158699,-29.5146680331151));
#10615=CARTESIAN_POINT('',(34.0021030207506,106.606524158699,-29.5190635782946));
#10616=CARTESIAN_POINT('',(34.0021030207506,106.606524158699,-29.5190635782946));
#10617=CARTESIAN_POINT('',(29.5021030207506,106.606524158699,-29.5190635782946));
#10618=CARTESIAN_POINT('',(29.5021030207504,101.8065241587,-29.5190635782981));
#10619=CARTESIAN_POINT('',(43.6271030207489,101.8065241587,-29.5190635782981));
#10620=CARTESIAN_POINT('',(43.6271030207488,106.6065241587,-29.5190635782981));
#10621=CARTESIAN_POINT('',(70.5021030207504,101.8065241587,-29.5190635782981));
#10622=CARTESIAN_POINT('',(43.6271030207489,101.8065241587,-18.5690635782981));
#10623=CARTESIAN_POINT('',(43.6271030207489,106.106524158699,-16.435990677525));
#10624=CARTESIAN_POINT('',(43.6271030207489,97.506524158699,-16.4359906775309));
#10625=CARTESIAN_POINT('',(43.6271030207489,106.106524158699,-16.435990677525));
#10626=CARTESIAN_POINT('',(43.6271030207489,106.243326233139,-16.7117660248555));
#10627=CARTESIAN_POINT('',(43.5745145208709,106.353422773828,-17.0019887667154));
#10628=CARTESIAN_POINT('',(43.5055480912298,106.433295223251,-17.2911787962326));
#10629=CARTESIAN_POINT('',(43.4062110523331,106.548340944139,-17.7077188630474));
#10630=CARTESIAN_POINT('',(43.2675465961001,106.60534679326,-18.1339047110427));
#10631=CARTESIAN_POINT('',(43.1313589507651,106.606506045431,-18.5558769540231));
#10632=CARTESIAN_POINT('',(43.1299403318281,106.606518120954,-18.5602724908821));
#10633=CARTESIAN_POINT('',(43.1285216652994,106.606524158699,-18.5646680331151));
#10634=CARTESIAN_POINT('',(43.1271030207489,106.606524158699,-18.5690635782946));
#10635=CARTESIAN_POINT('',(43.1271030207489,106.606524158699,-18.5690635782946));
#10636=CARTESIAN_POINT('',(38.6271030207489,106.606524158699,-18.5690635782946));
#10637=CARTESIAN_POINT('',(43.6271030207489,97.006524158699,-18.5690635782946));
#10638=CARTESIAN_POINT('',(43.1271030207489,97.006524158699,-18.5690635782946));
#10639=CARTESIAN_POINT('',(43.1271030207489,97.006524158699,-18.5690635782946));
#10640=CARTESIAN_POINT('',(43.1285216654038,97.006524158699,-18.5646680331488));
#10641=CARTESIAN_POINT('',(43.1299403322456,97.0065301964465,-18.5602724910168));
#10642=CARTESIAN_POINT('',(43.1313589510783,97.0065422719697,-18.5558769541241));
#10643=CARTESIAN_POINT('',(43.2675465863928,97.0077015241407,-18.1339047079107));
#10644=CARTESIAN_POINT('',(43.406211052334,97.0647073732601,-17.7077188630577));
#10645=CARTESIAN_POINT('',(43.5055480912298,97.1797530941466,-17.2911787962433));
#10646=CARTESIAN_POINT('',(43.5745145208707,97.2596255435693,-17.0019887667244));
#10647=CARTESIAN_POINT('',(43.6271030207489,97.3697220842586,-16.711766024863));
#10648=CARTESIAN_POINT('',(43.6271030207489,97.506524158699,-16.4359906775309));
#10649=CARTESIAN_POINT('',(70.5021030207504,101.8065241587,-18.5690635782981));
#10650=CARTESIAN_POINT('',(29.5021030207504,90.8565241587001,-29.5190635782981));
#10651=CARTESIAN_POINT('',(29.5021030207504,95.6565241587,-29.5190635782981));
#10652=CARTESIAN_POINT('',(29.5021030207506,86.056524158699,-29.5190635782946));
#10653=CARTESIAN_POINT('',(34.5021030207506,86.056524158699,-29.5190635782946));
#10654=CARTESIAN_POINT('',(34.0021030207506,86.056524158699,-29.5190635782946));
#10655=CARTESIAN_POINT('',(34.0021030207506,86.056524158699,-29.5190635782946));
#10656=CARTESIAN_POINT('',(34.0035216653917,86.056524158699,-29.5146680331443));
#10657=CARTESIAN_POINT('',(34.0049403321921,86.0565301964461,-29.510272490999));
#10658=CARTESIAN_POINT('',(34.0063589510386,86.0565422719694,-29.5058769541108));
#10659=CARTESIAN_POINT('',(34.1425465876773,86.0577015241403,-29.0839047083245));
#10660=CARTESIAN_POINT('',(34.2812110523356,86.11470737326,-28.6577188630564));
#10661=CARTESIAN_POINT('',(34.3805480912315,86.2297530941466,-28.2411787962419));
#10662=CARTESIAN_POINT('',(34.4495145208724,86.3096255435694,-27.9519887667233));
#10663=CARTESIAN_POINT('',(34.5021030207506,86.4197220842587,-27.661766024862));
#10664=CARTESIAN_POINT('',(34.5021030207506,86.556524158699,-27.3859906775301));
#10665=CARTESIAN_POINT('',(34.5021030207506,86.556524158699,-27.3859906775301));
#10666=CARTESIAN_POINT('',(34.5021030207506,90.8565241587001,-29.5190635782981));
#10667=CARTESIAN_POINT('',(34.5021030207506,95.156524158699,-27.3859906775258));
#10668=CARTESIAN_POINT('',(34.5021030207506,95.156524158699,-27.3859906775258));
#10669=CARTESIAN_POINT('',(34.5021030207506,95.2933262331391,-27.6617660248566));
#10670=CARTESIAN_POINT('',(34.4495145208726,95.4034227738284,-27.9519887667166));
#10671=CARTESIAN_POINT('',(34.3805480912315,95.4832952232514,-28.241178796234));
#10672=CARTESIAN_POINT('',(34.2812110523349,95.5983409441388,-28.6577188630488));
#10673=CARTESIAN_POINT('',(34.1425465947745,95.6553467932596,-29.0839047106144));
#10674=CARTESIAN_POINT('',(34.0063589508096,95.6565060454305,-29.5058769540369));
#10675=CARTESIAN_POINT('',(34.0049403318868,95.6565181209538,-29.5102724909005));
#10676=CARTESIAN_POINT('',(34.0035216653153,95.656524158699,-29.5146680331197));
#10677=CARTESIAN_POINT('',(34.0021030207506,95.656524158699,-29.5190635782946));
#10678=CARTESIAN_POINT('',(34.0021030207506,95.656524158699,-29.5190635782946));
#10679=CARTESIAN_POINT('',(29.5021030207506,95.656524158699,-29.5190635782946));
#10680=CARTESIAN_POINT('',(43.6271030207489,90.8565241587001,-29.5190635782981));
#10681=CARTESIAN_POINT('',(43.6271030207489,95.6565241587001,-29.5190635782981));
#10682=CARTESIAN_POINT('',(70.5021030207504,90.8565241587001,-29.5190635782981));
#10683=CARTESIAN_POINT('',(43.6271030207489,90.8565241587,-18.569063578298));
#10684=CARTESIAN_POINT('',(43.6271030207489,95.156524158699,-16.4359906775259));
#10685=CARTESIAN_POINT('',(43.6271030207489,86.556524158699,-16.4359906775298));
#10686=CARTESIAN_POINT('',(43.6271030207489,95.156524158699,-16.4359906775259));
#10687=CARTESIAN_POINT('',(43.6271030207489,95.2933262331391,-16.7117660248567));
#10688=CARTESIAN_POINT('',(43.5745145208709,95.4034227738284,-17.0019887667168));
#10689=CARTESIAN_POINT('',(43.5055480912298,95.4832952232514,-17.2911787962343));
#10690=CARTESIAN_POINT('',(43.4062110523332,95.5983409441388,-17.707718863049));
#10691=CARTESIAN_POINT('',(43.2675465944509,95.6553467932595,-18.1339047105105));
#10692=CARTESIAN_POINT('',(43.1313589508183,95.6565060454304,-18.5558769540402));
#10693=CARTESIAN_POINT('',(43.129940331899,95.6565181209537,-18.5602724909049));
#10694=CARTESIAN_POINT('',(43.1285216653171,95.656524158699,-18.5646680331208));
#10695=CARTESIAN_POINT('',(43.1271030207489,95.656524158699,-18.5690635782946));
#10696=CARTESIAN_POINT('',(43.1271030207489,95.656524158699,-18.5690635782946));
#10697=CARTESIAN_POINT('',(38.6271030207489,95.656524158699,-18.5690635782946));
#10698=CARTESIAN_POINT('',(43.6271030207489,86.056524158699,-18.5690635782946));
#10699=CARTESIAN_POINT('',(43.1271030207489,86.056524158699,-18.5690635782946));
#10700=CARTESIAN_POINT('',(43.1271030207489,86.056524158699,-18.5690635782946));
#10701=CARTESIAN_POINT('',(43.1285216653866,86.056524158699,-18.5646680331432));
#10702=CARTESIAN_POINT('',(43.1299403321767,86.056530196446,-18.5602724909945));
#10703=CARTESIAN_POINT('',(43.1313589510266,86.0565422719693,-18.5558769541074));
#10704=CARTESIAN_POINT('',(43.2675465879945,86.0577015241402,-18.1339047084273));
#10705=CARTESIAN_POINT('',(43.4062110523339,86.1147073732599,-17.7077188630559));
#10706=CARTESIAN_POINT('',(43.5055480912298,86.2297530941466,-17.2911787962414));
#10707=CARTESIAN_POINT('',(43.5745145208707,86.3096255435694,-17.0019887667228));
#10708=CARTESIAN_POINT('',(43.6271030207489,86.4197220842587,-16.7117660248617));
#10709=CARTESIAN_POINT('',(43.6271030207489,86.556524158699,-16.4359906775298));
#10710=CARTESIAN_POINT('',(70.5021030207504,90.8565241587,-18.569063578298));
#10711=CARTESIAN_POINT('',(29.5021030207504,79.9065241586995,-29.5190635782979));
#10712=CARTESIAN_POINT('',(29.5021030207504,84.7065241586994,-29.5190635782981));
#10713=CARTESIAN_POINT('',(29.5021030207506,75.106524158699,-29.5190635782946));
#10714=CARTESIAN_POINT('',(34.5021030207506,75.106524158699,-29.5190635782946));
#10715=CARTESIAN_POINT('',(34.0021030207506,75.106524158699,-29.5190635782946));
#10716=CARTESIAN_POINT('',(34.0021030207506,75.106524158699,-29.5190635782946));
#10717=CARTESIAN_POINT('',(34.0035216653705,75.106524158699,-29.5146680331374));
#10718=CARTESIAN_POINT('',(34.0049403321074,75.1065301964456,-29.5102724909716));
#10719=CARTESIAN_POINT('',(34.0063589509751,75.1065422719689,-29.5058769540901));
#10720=CARTESIAN_POINT('',(34.1425465896451,75.1077015241398,-29.0839047089592));
#10721=CARTESIAN_POINT('',(34.2812110523354,75.1647073732598,-28.6577188630541));
#10722=CARTESIAN_POINT('',(34.3805480912315,75.2797530941466,-28.2411787962395));
#10723=CARTESIAN_POINT('',(34.4495145208725,75.3596255435694,-27.9519887667212));
#10724=CARTESIAN_POINT('',(34.5021030207506,75.4697220842587,-27.6617660248603));
#10725=CARTESIAN_POINT('',(34.5021030207506,75.606524158699,-27.3859906775287));
#10726=CARTESIAN_POINT('',(34.5021030207506,75.606524158699,-27.3859906775287));
#10727=CARTESIAN_POINT('',(34.5021030207506,79.9065241586995,-29.5190635782979));
#10728=CARTESIAN_POINT('',(34.5021030207506,84.206524158699,-27.3859906775268));
#10729=CARTESIAN_POINT('',(34.5021030207506,84.206524158699,-27.3859906775268));
#10730=CARTESIAN_POINT('',(34.5021030207506,84.3433262331392,-27.6617660248578));
#10731=CARTESIAN_POINT('',(34.4495145208726,84.4534227738285,-27.9519887667182));
#10732=CARTESIAN_POINT('',(34.3805480912315,84.5332952232514,-28.2411787962359));
#10733=CARTESIAN_POINT('',(34.2812110523351,84.6483409441386,-28.6577188630506));
#10734=CARTESIAN_POINT('',(34.1425465928509,84.7053467932591,-29.0839047099936));
#10735=CARTESIAN_POINT('',(34.0063589508717,84.70650604543,-29.5058769540567));
#10736=CARTESIAN_POINT('',(34.0049403319696,84.7065181209533,-29.5102724909271));
#10737=CARTESIAN_POINT('',(34.0035216653361,84.706524158699,-29.5146680331263));
#10738=CARTESIAN_POINT('',(34.0021030207506,84.706524158699,-29.5190635782946));
#10739=CARTESIAN_POINT('',(34.0021030207506,84.706524158699,-29.5190635782946));
#10740=CARTESIAN_POINT('',(29.5021030207506,84.706524158699,-29.5190635782946));
#10741=CARTESIAN_POINT('',(43.6271030207489,79.9065241586995,-29.5190635782979));
#10742=CARTESIAN_POINT('',(43.6271030207489,84.7065241586995,-29.5190635782979));
#10743=CARTESIAN_POINT('',(70.5021030207504,79.9065241586995,-29.5190635782979));
#10744=CARTESIAN_POINT('',(43.6271030207489,79.9065241586995,-18.5690635782979));
#10745=CARTESIAN_POINT('',(43.6271030207489,84.206524158699,-16.4359906775268));
#10746=CARTESIAN_POINT('',(43.6271030207489,75.606524158699,-16.4359906775287));
#10747=CARTESIAN_POINT('',(43.6271030207489,84.206524158699,-16.4359906775268));
#10748=CARTESIAN_POINT('',(43.6271030207489,84.3433262331392,-16.7117660248578));
#10749=CARTESIAN_POINT('',(43.5745145208709,84.4534227738285,-17.0019887667182));
#10750=CARTESIAN_POINT('',(43.5055480912298,84.5332952232514,-17.2911787962359));
#10751=CARTESIAN_POINT('',(43.4062110523334,84.6483409441386,-17.7077188630506));
#10752=CARTESIAN_POINT('',(43.2675465928492,84.7053467932591,-18.1339047099936));
#10753=CARTESIAN_POINT('',(43.13135895087,84.70650604543,-18.5558769540567));
#10754=CARTESIAN_POINT('',(43.1299403319679,84.7065181209533,-18.5602724909271));
#10755=CARTESIAN_POINT('',(43.1285216653344,84.706524158699,-18.5646680331263));
#10756=CARTESIAN_POINT('',(43.1271030207489,84.706524158699,-18.5690635782946));
#10757=CARTESIAN_POINT('',(43.1271030207489,84.706524158699,-18.5690635782946));
#10758=CARTESIAN_POINT('',(38.6271030207489,84.706524158699,-18.5690635782946));
#10759=CARTESIAN_POINT('',(43.6271030207489,75.106524158699,-18.5690635782946));
#10760=CARTESIAN_POINT('',(43.1271030207489,75.106524158699,-18.5690635782946));
#10761=CARTESIAN_POINT('',(43.1271030207489,75.106524158699,-18.5690635782946));
#10762=CARTESIAN_POINT('',(43.1285216653688,75.106524158699,-18.5646680331374));
#10763=CARTESIAN_POINT('',(43.1299403321057,75.1065301964456,-18.5602724909716));
#10764=CARTESIAN_POINT('',(43.1313589509734,75.1065422719689,-18.5558769540901));
#10765=CARTESIAN_POINT('',(43.2675465896434,75.1077015241398,-18.1339047089592));
#10766=CARTESIAN_POINT('',(43.4062110523337,75.1647073732598,-17.7077188630541));
#10767=CARTESIAN_POINT('',(43.5055480912298,75.2797530941466,-17.2911787962395));
#10768=CARTESIAN_POINT('',(43.5745145208708,75.3596255435694,-17.0019887667212));
#10769=CARTESIAN_POINT('',(43.6271030207489,75.4697220842587,-16.7117660248603));
#10770=CARTESIAN_POINT('',(43.6271030207489,75.606524158699,-16.4359906775287));
#10771=CARTESIAN_POINT('',(70.5021030207504,79.9065241586995,-18.5690635782979));
#10772=CARTESIAN_POINT('',(16.2021030207504,73.756524158699,-24.7818813064665));
#10773=CARTESIAN_POINT('',(33.4497549139426,73.756524158699,-24.7818813064665));
#10774=CARTESIAN_POINT('',(34.0021030207506,73.756524158699,-24.7818813064665));
#10775=CARTESIAN_POINT('',(34.421912952923,73.5281113838209,-23.6152916596898));
#10776=CARTESIAN_POINT('',(34.4444848399378,73.4932205587741,-23.688805842185));
#10777=CARTESIAN_POINT('',(34.4563952143754,73.4661038850478,-23.7701124626823));
#10778=CARTESIAN_POINT('',(34.4631536357779,73.4499985249158,-23.8527328953788));
#10779=CARTESIAN_POINT('',(34.4704190667814,73.4326849577588,-23.9415514252533));
#10780=CARTESIAN_POINT('',(34.4720396307047,73.4274648945929,-24.0341388739756));
#10781=CARTESIAN_POINT('',(34.4692518446378,73.4347711119432,-24.124582916241));
#10782=CARTESIAN_POINT('',(34.4660598141426,73.4431367712967,-24.2281418458322));
#10783=CARTESIAN_POINT('',(34.4571369010828,73.468539452862,-24.3320920868859));
#10784=CARTESIAN_POINT('',(34.4346722671522,73.5072906777359,-24.4258913832921));
#10785=CARTESIAN_POINT('',(34.4201014609776,73.5324251441336,-24.4867306282791));
#10786=CARTESIAN_POINT('',(34.3991494035976,73.5637526453557,-24.5446386849584));
#10787=CARTESIAN_POINT('',(34.3684471765493,73.5968063350059,-24.5947414830743));
#10788=CARTESIAN_POINT('',(34.3444577206556,73.6226331269432,-24.633889746282));
#10789=CARTESIAN_POINT('',(34.3137912120476,73.650003113805,-24.6690597913808));
#10790=CARTESIAN_POINT('',(34.2766469835903,73.6744064536916,-24.6973420646758));
#10791=CARTESIAN_POINT('',(34.2392534510161,73.698973583576,-24.72581416254));
#10792=CARTESIAN_POINT('',(34.1939341251619,73.7210810927322,-24.7481119032918));
#10793=CARTESIAN_POINT('',(34.1449536535551,73.7356835233235,-24.7622597981154));
#10794=CARTESIAN_POINT('',(34.1001010834516,73.7490553125344,-24.775215358231));
#10795=CARTESIAN_POINT('',(34.0506664260008,73.756524158699,-24.7818813064665));
#10796=CARTESIAN_POINT('',(34.0021030207506,73.756524158699,-24.7818813064665));
#10797=CARTESIAN_POINT('',(34.0021030207506,75.106524158699,-24.7818813064667));
#10798=CARTESIAN_POINT('',(34.0449877521153,75.106524158699,-24.7818813064667));
#10799=CARTESIAN_POINT('',(34.0884843548243,75.1122820461309,-24.7767178834971));
#10800=CARTESIAN_POINT('',(34.1288014474358,75.1228429530733,-24.7666134551541));
#10801=CARTESIAN_POINT('',(34.1690657848085,75.1333900409844,-24.7565222485366));
#10802=CARTESIAN_POINT('',(34.2072466129279,75.1489629710358,-24.7411998066781));
#10803=CARTESIAN_POINT('',(34.2406669661751,75.1671072223578,-24.7214981186473));
#10804=CARTESIAN_POINT('',(34.2747964698508,75.1856364786947,-24.7013783781679));
#10805=CARTESIAN_POINT('',(34.3048046915173,75.2071933950048,-24.6762237022546));
#10806=CARTESIAN_POINT('',(34.3297801564096,75.2288633389595,-24.6475950452668));
#10807=CARTESIAN_POINT('',(34.3649150090853,75.2593480683379,-24.6073209742973));
#10808=CARTESIAN_POINT('',(34.3911322982979,75.290681016883,-24.5591054875669));
#10809=CARTESIAN_POINT('',(34.4102922075475,75.3177654570431,-24.507287456255));
#10810=CARTESIAN_POINT('',(34.4365557492512,75.354891589239,-24.4362576299322));
#10811=CARTESIAN_POINT('',(34.4509459472601,75.3851923073624,-24.3564053114459));
#10812=CARTESIAN_POINT('',(34.4594936663271,75.4045494143891,-24.2747621950894));
#10813=CARTESIAN_POINT('',(34.4683038549673,75.4245009082431,-24.1906121135728));
#10814=CARTESIAN_POINT('',(34.4712541944041,75.4335959080871,-24.102443925138));
#10815=CARTESIAN_POINT('',(34.4703257918534,75.4311176690219,-24.0155536831659));
#10816=CARTESIAN_POINT('',(34.4692249033367,75.4281790031101,-23.9125202850805));
#10817=CARTESIAN_POINT('',(34.4628437054833,75.408630522672,-23.8083112257271));
#10818=CARTESIAN_POINT('',(34.4452451096605,75.3749532429135,-23.71248920797));
#10819=CARTESIAN_POINT('',(34.4391177072735,75.3632276344356,-23.6791263154847));
#10820=CARTESIAN_POINT('',(34.4315061743037,75.3497657960737,-23.6465357389654));
#10821=CARTESIAN_POINT('',(34.4219129529231,75.3349369335773,-23.6152916596898));
#10822=CARTESIAN_POINT('',(34.0021030207506,75.106524158699,-24.7818813064667));
#10823=CARTESIAN_POINT('',(16.2021030207504,75.106524158699,-24.7818813064667));
#10824=CARTESIAN_POINT('',(33.4497549139425,75.106524158699,-24.7818813064666));
#10825=CARTESIAN_POINT('',(34.0646030207497,74.4315241586991,-24.0440635782979));
#10826=CARTESIAN_POINT('',(43.6271030207489,74.4315241586991,-24.0440635782979));
#10827=CARTESIAN_POINT('',(43.6271030207489,75.4315241586991,-24.0440635782979));
#10828=CARTESIAN_POINT('',(8.20210302075039,74.4315241586991,-24.0440635782979));
#10829=CARTESIAN_POINT('',(16.2021030207504,84.706524158699,-24.7818813064665));
#10830=CARTESIAN_POINT('',(33.4497549139426,84.706524158699,-24.7818813064665));
#10831=CARTESIAN_POINT('',(34.0021030207506,84.706524158699,-24.7818813064665));
#10832=CARTESIAN_POINT('',(34.421912952923,84.4781113838208,-23.6152916596899));
#10833=CARTESIAN_POINT('',(34.4444848399378,84.443220558774,-23.6888058421851));
#10834=CARTESIAN_POINT('',(34.4563952143754,84.4161038850478,-23.7701124626823));
#10835=CARTESIAN_POINT('',(34.4631536357779,84.3999985249158,-23.8527328953789));
#10836=CARTESIAN_POINT('',(34.4704190667814,84.3826849577588,-23.9415514252534));
#10837=CARTESIAN_POINT('',(34.4720396307047,84.3774648945929,-24.0341388739757));
#10838=CARTESIAN_POINT('',(34.4692518446378,84.3847711119432,-24.1245829162412));
#10839=CARTESIAN_POINT('',(34.4660598141426,84.3931367712967,-24.2281418458323));
#10840=CARTESIAN_POINT('',(34.4571369010828,84.418539452862,-24.332092086886));
#10841=CARTESIAN_POINT('',(34.4346722671522,84.457290677736,-24.4258913832922));
#10842=CARTESIAN_POINT('',(34.4201014609776,84.4824251441336,-24.4867306282792));
#10843=CARTESIAN_POINT('',(34.3991494035976,84.5137526453557,-24.5446386849585));
#10844=CARTESIAN_POINT('',(34.3684471765493,84.5468063350059,-24.5947414830744));
#10845=CARTESIAN_POINT('',(34.3444577206555,84.5726331269432,-24.6338897462821));
#10846=CARTESIAN_POINT('',(34.3137912120475,84.6000031138051,-24.6690597913809));
#10847=CARTESIAN_POINT('',(34.2766469835903,84.6244064536916,-24.6973420646758));
#10848=CARTESIAN_POINT('',(34.239253451016,84.6489735835761,-24.72581416254));
#10849=CARTESIAN_POINT('',(34.1939341251618,84.6710810927323,-24.7481119032919));
#10850=CARTESIAN_POINT('',(34.1449536535551,84.6856835233235,-24.7622597981154));
#10851=CARTESIAN_POINT('',(34.1001010834516,84.6990553125344,-24.775215358231));
#10852=CARTESIAN_POINT('',(34.0506664260008,84.706524158699,-24.7818813064665));
#10853=CARTESIAN_POINT('',(34.0021030207506,84.706524158699,-24.7818813064665));
#10854=CARTESIAN_POINT('',(34.0021030207506,86.056524158699,-24.7818813064667));
#10855=CARTESIAN_POINT('',(34.0449877521153,86.056524158699,-24.7818813064667));
#10856=CARTESIAN_POINT('',(34.0884843548243,86.0622820461309,-24.7767178834971));
#10857=CARTESIAN_POINT('',(34.1288014474358,86.0728429530733,-24.7666134551541));
#10858=CARTESIAN_POINT('',(34.1690657848085,86.0833900409844,-24.7565222485366));
#10859=CARTESIAN_POINT('',(34.2072466129279,86.0989629710357,-24.7411998066782));
#10860=CARTESIAN_POINT('',(34.2406669661751,86.1171072223578,-24.7214981186474));
#10861=CARTESIAN_POINT('',(34.2747964698508,86.1356364786947,-24.7013783781679));
#10862=CARTESIAN_POINT('',(34.3048046915173,86.1571933950047,-24.6762237022546));
#10863=CARTESIAN_POINT('',(34.3297801564096,86.1788633389595,-24.6475950452668));
#10864=CARTESIAN_POINT('',(34.3649150090853,86.2093480683379,-24.6073209742973));
#10865=CARTESIAN_POINT('',(34.3911322982979,86.240681016883,-24.5591054875669));
#10866=CARTESIAN_POINT('',(34.4102922075475,86.2677654570431,-24.507287456255));
#10867=CARTESIAN_POINT('',(34.4365557492512,86.304891589239,-24.4362576299322));
#10868=CARTESIAN_POINT('',(34.4509459472601,86.3351923073624,-24.3564053114459));
#10869=CARTESIAN_POINT('',(34.4594936663271,86.354549414389,-24.2747621950894));
#10870=CARTESIAN_POINT('',(34.4683038549673,86.3745009082431,-24.1906121135728));
#10871=CARTESIAN_POINT('',(34.4712541944041,86.3835959080871,-24.102443925138));
#10872=CARTESIAN_POINT('',(34.4703257918534,86.3811176690219,-24.0155536831659));
#10873=CARTESIAN_POINT('',(34.4692249033367,86.3781790031101,-23.9125202850805));
#10874=CARTESIAN_POINT('',(34.4628437054834,86.358630522672,-23.8083112257271));
#10875=CARTESIAN_POINT('',(34.4452451096605,86.3249532429135,-23.71248920797));
#10876=CARTESIAN_POINT('',(34.4391177072735,86.3132276344356,-23.6791263154847));
#10877=CARTESIAN_POINT('',(34.4315061743037,86.2997657960737,-23.6465357389654));
#10878=CARTESIAN_POINT('',(34.4219129529231,86.2849369335773,-23.6152916596898));
#10879=CARTESIAN_POINT('',(34.0021030207506,86.056524158699,-24.7818813064667));
#10880=CARTESIAN_POINT('',(16.2021030207504,86.056524158699,-24.7818813064666));
#10881=CARTESIAN_POINT('',(33.4497549139425,86.056524158699,-24.7818813064666));
#10882=CARTESIAN_POINT('',(34.0646030207497,85.3815241586991,-24.0440635782979));
#10883=CARTESIAN_POINT('',(43.6271030207489,85.3815241586991,-24.0440635782979));
#10884=CARTESIAN_POINT('',(43.6271030207489,86.3815241586991,-24.0440635782979));
#10885=CARTESIAN_POINT('',(8.20210302075039,85.3815241586991,-24.0440635782979));
#10886=CARTESIAN_POINT('',(16.2021030207504,95.656524158699,-24.7818813064665));
#10887=CARTESIAN_POINT('',(33.4497549139426,95.656524158699,-24.7818813064665));
#10888=CARTESIAN_POINT('',(34.0021030207506,95.656524158699,-24.7818813064665));
#10889=CARTESIAN_POINT('',(34.421912952923,95.4281113838209,-23.6152916596898));
#10890=CARTESIAN_POINT('',(34.4444848399378,95.3932205587741,-23.688805842185));
#10891=CARTESIAN_POINT('',(34.4563952143754,95.3661038850478,-23.7701124626823));
#10892=CARTESIAN_POINT('',(34.4631536357779,95.3499985249158,-23.8527328953788));
#10893=CARTESIAN_POINT('',(34.4704190667814,95.3326849577588,-23.9415514252533));
#10894=CARTESIAN_POINT('',(34.4720396307047,95.3274648945929,-24.0341388739756));
#10895=CARTESIAN_POINT('',(34.4692518446378,95.3347711119432,-24.124582916241));
#10896=CARTESIAN_POINT('',(34.4660598141426,95.3431367712967,-24.2281418458322));
#10897=CARTESIAN_POINT('',(34.4571369010828,95.368539452862,-24.3320920868859));
#10898=CARTESIAN_POINT('',(34.4346722671522,95.4072906777359,-24.4258913832921));
#10899=CARTESIAN_POINT('',(34.4201014609776,95.4324251441336,-24.4867306282791));
#10900=CARTESIAN_POINT('',(34.3991494035976,95.4637526453557,-24.5446386849584));
#10901=CARTESIAN_POINT('',(34.3684471765493,95.4968063350059,-24.5947414830743));
#10902=CARTESIAN_POINT('',(34.3444577206556,95.5226331269432,-24.633889746282));
#10903=CARTESIAN_POINT('',(34.3137912120476,95.550003113805,-24.6690597913808));
#10904=CARTESIAN_POINT('',(34.2766469835903,95.5744064536916,-24.6973420646758));
#10905=CARTESIAN_POINT('',(34.2392534510161,95.598973583576,-24.72581416254));
#10906=CARTESIAN_POINT('',(34.1939341251619,95.6210810927323,-24.7481119032918));
#10907=CARTESIAN_POINT('',(34.1449536535551,95.6356835233235,-24.7622597981154));
#10908=CARTESIAN_POINT('',(34.1001010834516,95.6490553125344,-24.775215358231));
#10909=CARTESIAN_POINT('',(34.0506664260008,95.656524158699,-24.7818813064665));
#10910=CARTESIAN_POINT('',(34.0021030207506,95.656524158699,-24.7818813064665));
#10911=CARTESIAN_POINT('',(34.0021030207506,97.006524158699,-24.7818813064667));
#10912=CARTESIAN_POINT('',(34.0449877521153,97.006524158699,-24.7818813064667));
#10913=CARTESIAN_POINT('',(34.0884843548243,97.0122820461309,-24.7767178834971));
#10914=CARTESIAN_POINT('',(34.1288014474358,97.0228429530733,-24.7666134551541));
#10915=CARTESIAN_POINT('',(34.1690657848085,97.0333900409844,-24.7565222485366));
#10916=CARTESIAN_POINT('',(34.2072466129279,97.0489629710357,-24.7411998066782));
#10917=CARTESIAN_POINT('',(34.2406669661751,97.0671072223578,-24.7214981186474));
#10918=CARTESIAN_POINT('',(34.2747964698508,97.0856364786947,-24.7013783781679));
#10919=CARTESIAN_POINT('',(34.3048046915173,97.1071933950047,-24.6762237022546));
#10920=CARTESIAN_POINT('',(34.3297801564096,97.1288633389595,-24.6475950452668));
#10921=CARTESIAN_POINT('',(34.3649150090853,97.1593480683379,-24.6073209742973));
#10922=CARTESIAN_POINT('',(34.3911322982979,97.190681016883,-24.5591054875669));
#10923=CARTESIAN_POINT('',(34.4102922075475,97.2177654570431,-24.507287456255));
#10924=CARTESIAN_POINT('',(34.4365557492512,97.254891589239,-24.4362576299322));
#10925=CARTESIAN_POINT('',(34.4509459472601,97.2851923073624,-24.3564053114459));
#10926=CARTESIAN_POINT('',(34.4594936663271,97.304549414389,-24.2747621950894));
#10927=CARTESIAN_POINT('',(34.4683038549673,97.3245009082431,-24.1906121135728));
#10928=CARTESIAN_POINT('',(34.4712541944041,97.3335959080871,-24.102443925138));
#10929=CARTESIAN_POINT('',(34.4703257918534,97.3311176690219,-24.0155536831659));
#10930=CARTESIAN_POINT('',(34.4692249033367,97.3281790031101,-23.9125202850805));
#10931=CARTESIAN_POINT('',(34.4628437054834,97.3086305226719,-23.8083112257271));
#10932=CARTESIAN_POINT('',(34.4452451096605,97.2749532429135,-23.71248920797));
#10933=CARTESIAN_POINT('',(34.4391177072735,97.2632276344356,-23.6791263154847));
#10934=CARTESIAN_POINT('',(34.4315061743037,97.2497657960737,-23.6465357389654));
#10935=CARTESIAN_POINT('',(34.4219129529231,97.2349369335773,-23.6152916596897));
#10936=CARTESIAN_POINT('',(34.0021030207506,97.006524158699,-24.7818813064667));
#10937=CARTESIAN_POINT('',(16.2021030207504,97.006524158699,-24.7818813064667));
#10938=CARTESIAN_POINT('',(33.4497549139425,97.006524158699,-24.7818813064667));
#10939=CARTESIAN_POINT('',(34.0646030207497,96.3315241586991,-24.0440635782979));
#10940=CARTESIAN_POINT('',(8.20210302075039,96.3315241586991,-24.0440635782979));
#10941=CARTESIAN_POINT('',(104.00210302075,77.3246849648717,-24.0440635782978));
#10942=CARTESIAN_POINT('',(72.0021030207504,77.3246849648718,-24.0440635782978));
#10943=CARTESIAN_POINT('',(70.7021030207504,77.3246849648717,-24.0440635782978));
#10944=CARTESIAN_POINT('',(70.7021030207504,77.6651155446604,-24.6337066389419));
#10945=CARTESIAN_POINT('',(70.7021030207504,78.4575122932456,-26.0061780672438));
#10946=CARTESIAN_POINT('',(71.3021030207504,78.4575122932456,-26.0061780672438));
#10947=CARTESIAN_POINT('',(72.0021030207504,78.4575122932456,-26.0061780672438));
#10948=CARTESIAN_POINT('',(72.0021030207504,75.1234705434963,-20.2314483621221));
#10949=CARTESIAN_POINT('',(104.00210302075,77.6651155446604,-24.6337066389419));
#10950=CARTESIAN_POINT('',(70.7021030207504,82.1479327727382,-24.633706638942));
#10951=CARTESIAN_POINT('',(70.7021030207504,82.4883633525267,-24.0440635782978));
#10952=CARTESIAN_POINT('',(70.7021030207504,81.3555360241531,-26.0061780672437));
#10953=CARTESIAN_POINT('',(36.5021030207504,82.4883633525269,-24.0440635782978));
#10954=CARTESIAN_POINT('',(72.0021030207504,82.4883633525268,-24.0440635782978));
#10955=CARTESIAN_POINT('',(72.0021030207504,84.6895777739023,-20.2314483621222));
#10956=CARTESIAN_POINT('',(72.0021030207504,81.3555360241531,-26.0061780672437));
#10957=CARTESIAN_POINT('',(104.00210302075,81.3555360241531,-26.0061780672437));
#10958=CARTESIAN_POINT('',(104.00210302075,82.1479327727382,-24.633706638942));
#10959=CARTESIAN_POINT('',(60.9221030207504,62.5315241586993,-9.0190635782946));
#10960=CARTESIAN_POINT('',(60.9221030207504,62.5315241586993,-9.0190635782946));
#10961=CARTESIAN_POINT('',(60.9221030207504,62.5315241586993,-13.3721180736294));
#10962=CARTESIAN_POINT('',(60.9221030207504,59.406524158699,-9.01906357829459));
#10963=CARTESIAN_POINT('',(60.9221030207504,60.406524158699,-9.01906357829459));
#10964=CARTESIAN_POINT('',(60.9221030207586,60.406524158699,-10.0190635782946));
#10965=CARTESIAN_POINT('',(60.9221030207504,59.406524158699,-10.0190635782946));
#10966=CARTESIAN_POINT('',(60.9221030207504,59.406524158699,-17.5190635782946));
#10967=CARTESIAN_POINT('',(60.9221030207504,59.406524158699,-17.5190635782946));
#10968=CARTESIAN_POINT('',(60.9221030207504,61.906524158699,-17.5190635782946));
#10969=CARTESIAN_POINT('',(60.9221030207504,61.906524158699,-17.5190635782946));
#10970=CARTESIAN_POINT('',(60.9221030207504,61.906524158699,-11.5190635782946));
#10971=CARTESIAN_POINT('',(60.9221030207504,61.906524158699,-15.5190635782946));
#10972=CARTESIAN_POINT('',(60.9221030207586,65.906524158699,-15.5190635782946));
#10973=CARTESIAN_POINT('',(60.9221030207586,74.4361121476738,-7.28126264440025));
#10974=CARTESIAN_POINT('',(60.9221030207504,65.2315241586993,-12.2190635782946));
#10975=CARTESIAN_POINT('',(60.9221030207504,65.2315241586993,-11.5764280384557));
#10976=CARTESIAN_POINT('',(60.9221030207504,65.2315241586994,-9.0190635782946));
#10977=CARTESIAN_POINT('',(60.9221030207586,65.906524158699,-15.5190635782946));
#10978=CARTESIAN_POINT('',(60.9221030207586,65.906524158699,-11.5190635782946));
#10979=CARTESIAN_POINT('',(60.9221030207586,74.4361121476738,-11.5190635782946));
#10980=CARTESIAN_POINT('',(60.9221030207586,75.3269361696738,-11.5190635782946));
#10981=CARTESIAN_POINT('',(60.9221030207586,75.3269361696738,-7.28126264440025));
#10982=CARTESIAN_POINT('',(60.9221030207586,75.3269361696738,-6.93126264440024));
#10983=CARTESIAN_POINT('',(60.9221030207586,74.3269361696738,-6.93126264440024));
#10984=CARTESIAN_POINT('',(60.9221030207586,71.3269361696738,-6.93126264440024));
#10985=CARTESIAN_POINT('',(60.9221030207586,71.3269361696738,-11.8690635782946));
#10986=CARTESIAN_POINT('',(60.9221030207586,71.3269361696738,-9.01906357829459));
#10987=CARTESIAN_POINT('',(60.9221030207504,59.406524158699,-9.01906357829459));
#10988=CARTESIAN_POINT('',(60.9221030207586,74.4361121476738,-7.28126264440025));
#10989=CARTESIAN_POINT('',(70.2021030207504,65.906524158699,-15.5190635782946));
#10990=CARTESIAN_POINT('',(70.2021030207504,61.906524158699,-15.5190635782946));
#10991=CARTESIAN_POINT('',(70.2021030207504,62.5315241586993,-13.3721180736294));
#10992=CARTESIAN_POINT('',(52.0021030207504,62.5315241586993,-13.3721180736294));
#10993=CARTESIAN_POINT('',(252.25210302075,61.906524158699,-15.5190635782946));
#10994=CARTESIAN_POINT('',(52.0021030207504,65.906524158699,-15.5190635782946));
#10995=CARTESIAN_POINT('',(52.0021030207504,65.2315241586993,-11.5764280384557));
#10996=CARTESIAN_POINT('',(70.2021030207504,65.2315241586993,-11.5764280384557));
#10997=CARTESIAN_POINT('',(70.2021030207504,65.906524158699,-15.5190635782946));
#10998=CARTESIAN_POINT('',(70.2021030207504,65.906524158699,-11.5190635782946));
#10999=CARTESIAN_POINT('',(52.0021030207504,65.906524158699,-11.5190635782946));
#11000=CARTESIAN_POINT('',(52.0021030207504,65.906524158699,-15.5190635782946));
#11001=CARTESIAN_POINT('',(70.7021030207504,65.906524158699,-15.5190635782946));
#11002=CARTESIAN_POINT('',(70.7021030207504,62.7315241586993,-14.0461837461283));
#11003=CARTESIAN_POINT('',(70.7021030207504,62.406524158699,-15.5190635782946));
#11004=CARTESIAN_POINT('',(70.7021030207504,62.7315241586993,-14.0461837461283));
#11005=CARTESIAN_POINT('',(70.7021030207504,62.7299522175506,-14.0436685233496));
#11006=CARTESIAN_POINT('',(70.7020845123167,62.7283812178729,-14.041152643238));
#11007=CARTESIAN_POINT('',(70.7020474177152,62.7268084273265,-14.0386382251166));
#11008=CARTESIAN_POINT('',(70.7014575134191,62.7017968120678,-13.9986521895969));
#11009=CARTESIAN_POINT('',(70.6960619412449,62.6764705439337,-13.9586425318593));
#11010=CARTESIAN_POINT('',(70.6860452648212,62.6530050473463,-13.9189707713131));
#11011=CARTESIAN_POINT('',(70.6704719754581,62.6165223905298,-13.8572916493768));
#11012=CARTESIAN_POINT('',(70.6430834194764,62.5840079171144,-13.795101426539));
#11013=CARTESIAN_POINT('',(70.6088769882299,62.5624108243087,-13.733935166914));
#11014=CARTESIAN_POINT('',(70.5774012887166,62.5425378478322,-13.6776518676002));
#11015=CARTESIAN_POINT('',(70.5395912157864,62.5315241586993,-13.6208493757057));
#11016=CARTESIAN_POINT('',(70.5021030207504,62.5315241586993,-13.5647414451747));
#11017=CARTESIAN_POINT('',(70.5021030207504,62.5315241586993,-13.5647414451747));
#11018=CARTESIAN_POINT('',(70.5021030207504,62.5315241586993,-13.5647414451747));
#11019=CARTESIAN_POINT('',(70.4748410018371,62.5315241586993,-13.5239388548698));
#11020=CARTESIAN_POINT('',(70.4427568031488,62.5315241586993,-13.4855662197426));
#11021=CARTESIAN_POINT('',(70.4054166409738,62.5315241586993,-13.4537262866465));
#11022=CARTESIAN_POINT('',(70.3855664994779,62.5315241586993,-13.4368000833212));
#11023=CARTESIAN_POINT('',(70.3640324221199,62.5315241586993,-13.4215879103704));
#11024=CARTESIAN_POINT('',(70.3411369637584,62.5315241586993,-13.409085012193));
#11025=CARTESIAN_POINT('',(70.312588618117,62.5315241586993,-13.3934951492146));
#11026=CARTESIAN_POINT('',(70.2812687540756,62.5315241586993,-13.3819280403592));
#11027=CARTESIAN_POINT('',(70.2492370448153,62.5315241586993,-13.3762692888706));
#11028=CARTESIAN_POINT('',(70.233705388788,62.5315241586993,-13.3735254521009));
#11029=CARTESIAN_POINT('',(70.2178751791052,62.5315241586993,-13.3721180736294));
#11030=CARTESIAN_POINT('',(70.2021030207504,62.5315241586993,-13.3721180736294));
#11031=CARTESIAN_POINT('',(70.2021030207504,62.406524158699,-15.5190635782946));
#11032=CARTESIAN_POINT('',(70.2021030207504,65.906524158699,-15.5190635782946));
#11033=CARTESIAN_POINT('',(70.2021030207504,65.2315241586993,-11.5764280384557));
#11034=CARTESIAN_POINT('',(70.226064768624,65.2315241586993,-11.5764280384557));
#11035=CARTESIAN_POINT('',(70.2500899032146,65.2315241586993,-11.5781851265005));
#11036=CARTESIAN_POINT('',(70.273796883192,65.2315241586993,-11.5816700169599));
#11037=CARTESIAN_POINT('',(70.3283866957351,65.2315241586993,-11.5896946374341));
#11038=CARTESIAN_POINT('',(70.3823329623988,65.2315241586993,-11.6072516074058));
#11039=CARTESIAN_POINT('',(70.4312208953817,65.2315241586993,-11.6328330885183));
#11040=CARTESIAN_POINT('',(70.4560318286882,65.2315241586993,-11.6458158509923));
#11041=CARTESIAN_POINT('',(70.4798245917688,65.2315241586993,-11.6609563201075));
#11042=CARTESIAN_POINT('',(70.5021030207462,65.2315241586993,-11.6779211701008));
#11043=CARTESIAN_POINT('',(70.5021030207462,65.2315241586993,-11.6779211701008));
#11044=CARTESIAN_POINT('',(70.5021030207462,65.2315241586993,-11.6779211701008));
#11045=CARTESIAN_POINT('',(70.529046302225,65.2315241586993,-11.6984382689086));
#11046=CARTESIAN_POINT('',(70.5535788774834,65.2260927323933,-11.722529554102));
#11047=CARTESIAN_POINT('',(70.5745595997653,65.2179377959619,-11.7478316896772));
#11048=CARTESIAN_POINT('',(70.6060561578805,65.2056954896302,-11.7858156147713));
#11049=CARTESIAN_POINT('',(70.6308313845325,65.1870913114284,-11.8277145280343));
#11050=CARTESIAN_POINT('',(70.6495981549388,65.1665988987166,-11.8702886416803));
#11051=CARTESIAN_POINT('',(70.6794353799068,65.134018080868,-11.937977081362));
#11052=CARTESIAN_POINT('',(70.6953934996254,65.0955311013016,-12.0096587076237));
#11053=CARTESIAN_POINT('',(70.7003861356873,65.0576738495781,-12.0809005256038));
#11054=CARTESIAN_POINT('',(70.701441524193,65.0496712417708,-12.0959602645657));
#11055=CARTESIAN_POINT('',(70.7020060633873,65.0416552089824,-12.1110548839431));
#11056=CARTESIAN_POINT('',(70.7020915717169,65.0336641312394,-12.126157422771));
#11057=CARTESIAN_POINT('',(70.7020992065283,65.0329506291559,-12.1275058883055));
#11058=CARTESIAN_POINT('',(70.7021030207504,65.0322374851112,-12.1288545702796));
#11059=CARTESIAN_POINT('',(70.7021030207504,65.0315241586993,-12.130203150363));
#11060=CARTESIAN_POINT('',(70.7021030207504,65.0315241586993,-12.130203150363));
#11061=CARTESIAN_POINT('',(70.7021030207504,65.906524158699,-15.5190635782946));
#11062=CARTESIAN_POINT('',(70.7021030207504,65.906524158699,-12.0190635782946));
#11063=CARTESIAN_POINT('',(70.2021030207504,65.906524158699,-12.0190635782946));
#11064=CARTESIAN_POINT('',(70.2021030207504,65.906524158699,-15.5190635782946));
#11065=CARTESIAN_POINT('',(48.7021030207505,96.4361121477257,-36.5690635782979));
#11066=CARTESIAN_POINT('',(48.7021030207505,95.4361121477257,-36.5690635782979));
#11067=CARTESIAN_POINT('',(48.7021030207505,96.5161121477234,-36.5690635782979));
#11068=CARTESIAN_POINT('',(50.6021030207504,95.4361121477257,-36.5690635782979));
#11069=CARTESIAN_POINT('',(50.6021030207504,95.4361121477257,-36.5690635782979));
#11070=CARTESIAN_POINT('',(50.6021030207504,96.3269361697257,-36.5690635782979));
#11071=CARTESIAN_POINT('',(50.6021030207504,97.0589692905805,-36.5690635782979));
#11072=CARTESIAN_POINT('',(35.3413483037699,92.6987536571575,-36.5690635782979));
#11073=CARTESIAN_POINT('',(48.7021030207504,74.3269361697257,-36.569063578298));
#11074=CARTESIAN_POINT('',(48.7021030207504,74.246936169728,-36.5690635782979));
#11075=CARTESIAN_POINT('',(48.7021030207504,75.3269361697256,-36.5690635782979));
#11076=CARTESIAN_POINT('',(36.5300275490529,77.7246720187844,-36.569063578298));
#11077=CARTESIAN_POINT('',(50.6021030207503,73.7040790268709,-36.5690635782979));
#11078=CARTESIAN_POINT('',(50.6021030207503,74.8269361697256,-36.569063578298));
#11079=CARTESIAN_POINT('',(50.6021030207503,75.3269361697256,-36.569063578298));
#11080=CARTESIAN_POINT('',(48.5414332473026,75.3269361697256,-36.569063578298));
#11081=CARTESIAN_POINT('',(60.9221030207586,96.3269361697257,-36.5690635782979));
#11082=CARTESIAN_POINT('',(60.9221030207586,95.4361121477257,-36.5690635782979));
#11083=CARTESIAN_POINT('',(60.9221030207504,101.531524158627,-36.5690635782979));
#11084=CARTESIAN_POINT('',(52.0021030207504,101.531524158627,-36.5690635782979));
#11085=CARTESIAN_POINT('',(70.2021030207504,101.531524158627,-36.5690635782979));
#11086=CARTESIAN_POINT('',(70.2021030207504,60.456524158699,-36.5690635782979));
#11087=CARTESIAN_POINT('',(70.2021030207504,94.9315241586997,-36.5690635782979));
#11088=CARTESIAN_POINT('',(35.7021030207504,94.9315241586997,-36.5690635782979));
#11089=CARTESIAN_POINT('',(68.6021030207505,94.9315241586997,-36.5690636113507));
#11090=CARTESIAN_POINT('',(68.6021030207505,84.8815241586997,-36.5690636444036));
#11091=CARTESIAN_POINT('',(68.6021030207505,85.3269361697257,-36.5690636113507));
#11092=CARTESIAN_POINT('',(35.7021030207504,85.3269361697257,-36.5690635782979));
#11093=CARTESIAN_POINT('',(68.7021030207504,85.3269361697257,-36.5690635782979));
#11094=CARTESIAN_POINT('',(68.7021030207504,85.3269361697257,-36.5690635782979));
#11095=CARTESIAN_POINT('',(68.7021030207504,75.8315241586998,-36.5690635782979));
#11096=CARTESIAN_POINT('',(55.1771030207504,75.8315241586998,-36.5690635782979));
#11097=CARTESIAN_POINT('',(70.2021030207504,75.8315241586998,-36.5690635782979));
#11098=CARTESIAN_POINT('',(70.2021030207504,60.456524158699,-36.5690635782979));
#11099=CARTESIAN_POINT('',(70.2021030207504,65.906524158699,-36.5690635782979));
#11100=CARTESIAN_POINT('',(52.0021030207504,65.906524158699,-36.5690635782979));
#11101=CARTESIAN_POINT('',(60.9221030207586,65.906524158699,-36.569063578298));
#11102=CARTESIAN_POINT('',(60.9221030207586,74.3269361697257,-36.569063578298));
#11103=CARTESIAN_POINT('',(60.9221030207586,75.3269361697256,-36.569063578298));
#11104=CARTESIAN_POINT('',(48.5414332473026,75.3269361697256,-36.569063578298));
#11105=CARTESIAN_POINT('',(58.9221030207586,75.3269361697256,-36.5690635782979));
#11106=CARTESIAN_POINT('',(58.9221030207586,76.3269361697256,-36.569063578298));
#11107=CARTESIAN_POINT('',(58.9221030207586,65.906524158699,-36.569063578298));
#11108=CARTESIAN_POINT('',(52.0021030207504,65.906524158699,-36.5690635782979));
#11109=CARTESIAN_POINT('',(29.5021030207504,65.906524158699,-36.5690635782979));
#11110=CARTESIAN_POINT('',(29.5021030207504,60.456524158699,-36.5690635782979));
#11111=CARTESIAN_POINT('',(29.5021030207504,104.8565241587,-36.5690635782979));
#11112=CARTESIAN_POINT('',(52.0021030207504,104.8565241587,-36.5690635782979));
#11113=CARTESIAN_POINT('',(58.9221030207586,104.8565241587,-36.5690635782979));
#11114=CARTESIAN_POINT('',(58.9221030207586,91.3269361697257,-36.5690635782979));
#11115=CARTESIAN_POINT('',(58.9221030207586,95.4361121477257,-36.5690635782979));
#11116=CARTESIAN_POINT('',(60.9221030207586,95.4361121477257,-36.5690635782979));
#11117=CARTESIAN_POINT('',(52.0021030207504,60.456524158699,-36.5690635782979));
#11118=CARTESIAN_POINT('',(70.2021030207504,60.456524158699,-36.5690635782979));
#11119=CARTESIAN_POINT('',(70.2021030207504,104.8565241587,-36.5690635782979));
#11120=CARTESIAN_POINT('',(70.2021030207504,104.231524158627,-36.5690635782979));
#11121=CARTESIAN_POINT('',(52.0021030207504,104.231524158627,-36.5690635782979));
#11122=CARTESIAN_POINT('',(60.9221030207504,104.231524158627,-36.5690635782979));
#11123=CARTESIAN_POINT('',(60.9221030207586,96.3269361697257,-36.5690635782979));
#11124=CARTESIAN_POINT('',(60.9221030207586,104.8565241587,-36.5690635782979));
#11125=CARTESIAN_POINT('',(52.0021030207504,104.8565241587,-36.5690635782979));
#11126=CARTESIAN_POINT('',(52.0021030207504,60.456524158699,-36.5690635782979));
#11127=CARTESIAN_POINT('',(60.9221030207504,101.531524158627,-36.0690635782979));
#11128=CARTESIAN_POINT('',(60.9221030207504,101.531524158627,-39.0690635782979));
#11129=CARTESIAN_POINT('',(60.9221030207586,95.4361121477257,-40.8068645121922));
#11130=CARTESIAN_POINT('',(60.9221030207586,95.4361121477257,-41.1568645121922));
#11131=CARTESIAN_POINT('',(60.9221030207586,96.4361121477257,-41.1568645121922));
#11132=CARTESIAN_POINT('',(60.9221030207586,99.4361121477257,-41.1568645121922));
#11133=CARTESIAN_POINT('',(60.9221030207586,99.4361121477257,-36.2190635782979));
#11134=CARTESIAN_POINT('',(60.9221030207586,99.4361121477257,-39.0690635782979));
#11135=CARTESIAN_POINT('',(60.9221030207504,111.3565241587,-39.0690635782979));
#11136=CARTESIAN_POINT('',(60.9221030207586,96.3269361697257,-40.8068645121922));
#11137=CARTESIAN_POINT('',(60.9221030207504,104.231524158627,-39.0690635782979));
#11138=CARTESIAN_POINT('',(60.9221030207504,104.231524158627,-39.0690635782979));
#11139=CARTESIAN_POINT('',(60.9221030207504,111.3565241587,-39.0690635782979));
#11140=CARTESIAN_POINT('',(60.9221030207504,110.3565241587,-39.0690635782979));
#11141=CARTESIAN_POINT('',(60.9221030207586,110.3565241587,-38.0690635782979));
#11142=CARTESIAN_POINT('',(60.9221030207504,111.3565241587,-38.0690635782979));
#11143=CARTESIAN_POINT('',(60.9221030207504,111.3565241587,-30.5690635782979));
#11144=CARTESIAN_POINT('',(60.9221030207504,111.3565241587,-30.5690635782979));
#11145=CARTESIAN_POINT('',(60.9221030207504,108.8565241587,-30.5690635782979));
#11146=CARTESIAN_POINT('',(60.9221030207504,108.8565241587,-30.5690635782979));
#11147=CARTESIAN_POINT('',(60.9221030207504,108.8565241587,-36.5690635782979));
#11148=CARTESIAN_POINT('',(60.9221030207504,108.8565241587,-32.5690635782979));
#11149=CARTESIAN_POINT('',(60.9221030207586,104.8565241587,-32.5690635782979));
#11150=CARTESIAN_POINT('',(60.9221030207586,96.3269361697257,-40.8068645121922));
#11151=CARTESIAN_POINT('',(70.2021030207504,101.531524158627,-36.0690635782979));
#11152=CARTESIAN_POINT('',(70.5021030207504,101.531524158627,-36.4690635782979));
#11153=CARTESIAN_POINT('',(70.5021030207504,101.531524158627,-36.4690635782979));
#11154=CARTESIAN_POINT('',(70.5291704359019,101.531524158627,-36.4487630169343));
#11155=CARTESIAN_POINT('',(70.5543260785657,101.537053134777,-36.4254468278167));
#11156=CARTESIAN_POINT('',(70.5760417898848,101.545693433437,-36.4009819371437));
#11157=CARTESIAN_POINT('',(70.6069200051382,101.557979330866,-36.3661945820692));
#11158=CARTESIAN_POINT('',(70.6319773084514,101.576785170474,-36.3280479656907));
#11159=CARTESIAN_POINT('',(70.6509966058273,101.597992513223,-36.2892783581765));
#11160=CARTESIAN_POINT('',(70.6779535636924,101.62805069222,-36.2343283431707));
#11161=CARTESIAN_POINT('',(70.6938679857958,101.663939329245,-36.1763411521606));
#11162=CARTESIAN_POINT('',(70.6996207092031,101.700111378563,-36.1188245035051));
#11163=CARTESIAN_POINT('',(70.7011513812062,101.709735957961,-36.1035206000193));
#11164=CARTESIAN_POINT('',(70.7019728181051,101.719436058262,-36.0881770819068));
#11165=CARTESIAN_POINT('',(70.7020887347508,101.729133718914,-36.0728432341024));
#11166=CARTESIAN_POINT('',(70.7020982588033,101.729930507232,-36.0715833600729));
#11167=CARTESIAN_POINT('',(70.7021030207504,101.730727341324,-36.0703234699943));
#11168=CARTESIAN_POINT('',(70.7021030207504,101.731524158627,-36.0690635782979));
#11169=CARTESIAN_POINT('',(70.7021030207504,101.731524158627,-36.0690635782979));
#11170=CARTESIAN_POINT('',(70.7021030207504,-2.5,-36.0690635782979));
#11171=CARTESIAN_POINT('',(70.7021030207504,94.9315241586997,-36.0690635782979));
#11172=CARTESIAN_POINT('',(70.2021030207504,94.9315241586997,-36.0690635782979));
#11173=CARTESIAN_POINT('',(70.2021030207504,-2.5,-36.0690635782979));
#11174=CARTESIAN_POINT('',(70.7021030207504,-2.5,-36.0690635782979));
#11175=CARTESIAN_POINT('',(70.7021030207504,104.031524158627,-36.0690635782979));
#11176=CARTESIAN_POINT('',(70.7021030207504,104.8565241587,-36.0690635782979));
#11177=CARTESIAN_POINT('',(70.7021030207504,104.031524158627,-36.0690635782979));
#11178=CARTESIAN_POINT('',(70.7021030207504,104.032320975931,-36.0703234699943));
#11179=CARTESIAN_POINT('',(70.7020982588033,104.033117810023,-36.0715833600729));
#11180=CARTESIAN_POINT('',(70.7020887347508,104.033914598341,-36.0728432341024));
#11181=CARTESIAN_POINT('',(70.7019728181051,104.043612258993,-36.0881770819068));
#11182=CARTESIAN_POINT('',(70.7011513812062,104.053312359294,-36.1035206000193));
#11183=CARTESIAN_POINT('',(70.6996207092031,104.062936938692,-36.1188245035051));
#11184=CARTESIAN_POINT('',(70.6938679857958,104.09910898801,-36.1763411521606));
#11185=CARTESIAN_POINT('',(70.6779535636924,104.134997625035,-36.2343283431707));
#11186=CARTESIAN_POINT('',(70.6509966058273,104.165055804031,-36.2892783581765));
#11187=CARTESIAN_POINT('',(70.6319773084514,104.186263146781,-36.3280479656907));
#11188=CARTESIAN_POINT('',(70.6069200051382,104.205068986389,-36.3661945820692));
#11189=CARTESIAN_POINT('',(70.5760417898848,104.217354883818,-36.4009819371437));
#11190=CARTESIAN_POINT('',(70.5543260785657,104.225995182478,-36.4254468278167));
#11191=CARTESIAN_POINT('',(70.5291704359019,104.231524158627,-36.4487630169343));
#11192=CARTESIAN_POINT('',(70.5021030207504,104.231524158627,-36.4690635782979));
#11193=CARTESIAN_POINT('',(70.5021030207504,104.231524158627,-36.4690635782979));
#11194=CARTESIAN_POINT('',(70.2021030207504,104.231524158627,-36.0690635782979));
#11195=CARTESIAN_POINT('',(70.2021030207504,104.8565241587,-36.0690635782979));
#11196=CARTESIAN_POINT('',(70.2021030207504,-2.5,-36.0690635782979));
#11197=CARTESIAN_POINT('',(44.5021030207504,95.656524158699,-11.5190635782946));
#11198=CARTESIAN_POINT('',(44.5021030207504,97.006524158699,-11.5190635782946));
#11199=CARTESIAN_POINT('',(29.5021030207504,-355.948475841314,-29.5190635782981));
#11200=CARTESIAN_POINT('',(44.5021030207504,-355.948475841314,-11.5190635782946));
#11201=CARTESIAN_POINT('',(44.5021030207504,84.706524158699,-11.5190635782946));
#11202=CARTESIAN_POINT('',(44.5021030207509,86.056524158699,-11.519063578294));
#11203=CARTESIAN_POINT('',(29.5021030207504,-355.948475841314,-29.5190635782981));
#11204=CARTESIAN_POINT('',(44.5021030207504,-355.948475841314,-11.5190635782946));
#11205=CARTESIAN_POINT('',(44.5021030207504,73.756524158699,-11.5190635782946));
#11206=CARTESIAN_POINT('',(44.5021030207504,75.106524158699,-11.5190635782946));
#11207=CARTESIAN_POINT('',(29.5021030207504,-355.948475841314,-29.5190635782981));
#11208=CARTESIAN_POINT('',(44.5021030207504,-355.948475841314,-11.5190635782946));
#11209=CARTESIAN_POINT('',(252.25210302075,61.906524158699,-32.5690635782979));
#11210=CARTESIAN_POINT('',(60.9221030207504,61.906524158699,-32.5690635782979));
#11211=CARTESIAN_POINT('',(70.2021030207504,61.906524158699,-32.5690635782979));
#11212=CARTESIAN_POINT('',(70.2021030207504,61.906524158699,-24.0940635782908));
#11213=CARTESIAN_POINT('',(60.9221030207504,61.906524158699,-17.5190635782946));
#11214=CARTESIAN_POINT('',(58.9221030207504,61.906524158699,-17.5190635782946));
#11215=CARTESIAN_POINT('',(58.9221030207504,61.906524158699,-11.5190635782946));
#11216=CARTESIAN_POINT('',(58.9221030207504,61.906524158699,-15.5190635782946));
#11217=CARTESIAN_POINT('',(252.25210302075,61.906524158699,-15.5190635782946));
#11218=CARTESIAN_POINT('',(29.5021030207504,61.906524158699,-24.8440635782946));
#11219=CARTESIAN_POINT('',(29.5021030207504,61.906524158699,-32.5690635782979));
#11220=CARTESIAN_POINT('',(252.25210302075,61.906524158699,-32.5690635782979));
#11221=CARTESIAN_POINT('',(58.9221030207504,61.906524158699,-32.5690635782979));
#11222=CARTESIAN_POINT('',(58.9221030207504,61.906524158699,-30.5690635782979));
#11223=CARTESIAN_POINT('',(58.9221030207504,61.906524158699,-30.5690635782979));
#11224=CARTESIAN_POINT('',(60.9221030207504,61.906524158699,-30.5690635782979));
#11225=CARTESIAN_POINT('',(60.9221030207504,61.906524158699,-30.5690635782979));
#11226=CARTESIAN_POINT('',(60.9221030207504,61.906524158699,-30.5690635782979));
#11227=CARTESIAN_POINT('',(252.25210302075,61.906524158699,-24.0940635782908));
#11228=CARTESIAN_POINT('',(55.1771030207504,94.9315241586997,-11.5190635782946));
#11229=CARTESIAN_POINT('',(68.7021030207504,94.9315241586997,-11.5190635782946));
#11230=CARTESIAN_POINT('',(70.2021030207504,94.9315241586997,-11.5190635782946));
#11231=CARTESIAN_POINT('',(70.2021030207504,112.5665241587,-11.5190635782946));
#11232=CARTESIAN_POINT('',(70.2021030207504,110.656524158699,-11.5190635782946));
#11233=CARTESIAN_POINT('',(-26.1198969792496,110.656524158699,-11.5190635782946));
#11234=CARTESIAN_POINT('',(60.9221030207586,110.656524158699,-11.5190635782946));
#11235=CARTESIAN_POINT('',(60.9221030207586,96.4361121476738,-11.5190635782945));
#11236=CARTESIAN_POINT('',(60.9221030207586,95.4361121476739,-11.5190635782945));
#11237=CARTESIAN_POINT('',(48.5414332473026,95.4361121476738,-11.5190635782945));
#11238=CARTESIAN_POINT('',(58.9221030207586,95.4361121476738,-11.5190635782946));
#11239=CARTESIAN_POINT('',(58.9221030207586,94.4361121476739,-11.5190635782945));
#11240=CARTESIAN_POINT('',(58.9221030207586,104.8565241587,-11.5190635782945));
#11241=CARTESIAN_POINT('',(52.0021030207504,104.8565241587,-11.5190635782946));
#11242=CARTESIAN_POINT('',(52.0021030207504,65.906524158699,-11.5190635782946));
#11243=CARTESIAN_POINT('',(58.9221030207586,65.906524158699,-11.5190635782946));
#11244=CARTESIAN_POINT('',(58.9221030207586,79.4361121476738,-11.5190635782946));
#11245=CARTESIAN_POINT('',(58.9221030207586,75.3269361696738,-11.5190635782946));
#11246=CARTESIAN_POINT('',(60.9221030207586,75.3269361696738,-11.5190635782946));
#11247=CARTESIAN_POINT('',(70.2021030207504,112.5665241587,-11.5190635782946));
#11248=CARTESIAN_POINT('',(70.2021030207504,75.8315241586997,-11.5190635782946));
#11249=CARTESIAN_POINT('',(35.7021030207504,75.8315241586997,-11.5190635782946));
#11250=CARTESIAN_POINT('',(68.6021030207505,75.8315241586997,-11.5190635452418));
#11251=CARTESIAN_POINT('',(68.6021030207505,85.8815241586997,-11.5190635121889));
#11252=CARTESIAN_POINT('',(68.6021030207505,85.4361121476738,-11.5190635452418));
#11253=CARTESIAN_POINT('',(35.7021030207504,85.4361121476738,-11.5190635782946));
#11254=CARTESIAN_POINT('',(68.7021030207504,85.4361121476738,-11.5190635782946));
#11255=CARTESIAN_POINT('',(68.7021030207504,85.4361121476738,-11.5190635782946));
#11256=CARTESIAN_POINT('',(48.7021030207505,74.3269361696738,-11.5190635782946));
#11257=CARTESIAN_POINT('',(48.7021030207505,75.3269361696738,-11.5190635782946));
#11258=CARTESIAN_POINT('',(48.7021030207505,74.2469361696761,-11.5190635782946));
#11259=CARTESIAN_POINT('',(50.6021030207504,75.3269361696738,-11.5190635782946));
#11260=CARTESIAN_POINT('',(50.6021030207504,75.3269361696738,-11.5190635782946));
#11261=CARTESIAN_POINT('',(50.6021030207504,74.4361121476738,-11.5190635782946));
#11262=CARTESIAN_POINT('',(50.6021030207504,73.704079026819,-11.5190635782946));
#11263=CARTESIAN_POINT('',(35.3413483037699,78.064294660242,-11.5190635782946));
#11264=CARTESIAN_POINT('',(48.7021030207504,96.4361121476738,-11.5190635782945));
#11265=CARTESIAN_POINT('',(48.7021030207504,96.5161121476715,-11.5190635782946));
#11266=CARTESIAN_POINT('',(48.7021030207504,95.4361121476738,-11.5190635782946));
#11267=CARTESIAN_POINT('',(36.5300275490529,93.0383762986151,-11.5190635782945));
#11268=CARTESIAN_POINT('',(50.6021030207503,97.0589692905286,-11.5190635782946));
#11269=CARTESIAN_POINT('',(50.6021030207503,95.9361121476738,-11.5190635782945));
#11270=CARTESIAN_POINT('',(50.6021030207503,95.4361121476739,-11.5190635782945));
#11271=CARTESIAN_POINT('',(48.5414332473026,95.4361121476738,-11.5190635782945));
#11272=CARTESIAN_POINT('',(52.0021030207504,112.5665241587,-11.5190635782946));
#11273=CARTESIAN_POINT('',(252.25210302075,108.8565241587,-14.0190635782946));
#11274=CARTESIAN_POINT('',(70.2021030207504,108.8565241587,-14.0190635782946));
#11275=CARTESIAN_POINT('',(60.9221030207504,108.8565241587,-14.0190635782946));
#11276=CARTESIAN_POINT('',(70.2021030207504,108.8565241587,-20.1690635782981));
#11277=CARTESIAN_POINT('',(70.2021030207504,108.8565241587,-32.5690635782979));
#11278=CARTESIAN_POINT('',(252.25210302075,108.8565241587,-32.5690635782979));
#11279=CARTESIAN_POINT('',(60.9221030207504,108.8565241587,-30.5690635782979));
#11280=CARTESIAN_POINT('',(58.9221030207504,108.8565241587,-30.5690635782979));
#11281=CARTESIAN_POINT('',(58.9221030207504,108.8565241587,-36.5690635782979));
#11282=CARTESIAN_POINT('',(58.9221030207504,108.8565241587,-32.5690635782979));
#11283=CARTESIAN_POINT('',(252.25210302075,108.8565241587,-32.5690635782979));
#11284=CARTESIAN_POINT('',(29.5021030207504,108.8565241587,-32.5690635782979));
#11285=CARTESIAN_POINT('',(29.5021030207504,108.8565241587,-24.8440635782946));
#11286=CARTESIAN_POINT('',(252.25210302075,108.8565241587,-15.5190635782946));
#11287=CARTESIAN_POINT('',(58.9221030207504,108.8565241587,-15.5190635782946));
#11288=CARTESIAN_POINT('',(58.9221030207504,108.8565241587,-17.5190635782946));
#11289=CARTESIAN_POINT('',(58.9221030207504,108.8565241587,-17.5190635782946));
#11290=CARTESIAN_POINT('',(60.9221030207504,108.8565241587,-17.5190635782946));
#11291=CARTESIAN_POINT('',(60.9221030207504,108.8565241587,-17.5190635782946));
#11292=CARTESIAN_POINT('',(60.9221030207504,108.8565241587,-17.5190635782946));
#11293=CARTESIAN_POINT('',(252.25210302075,108.8565241587,-20.1690635782981));
#11294=CARTESIAN_POINT('',(29.5021030207504,104.8565241587,-32.5690635782979));
#11295=CARTESIAN_POINT('',(29.5021030207504,65.906524158699,-32.5690635782979));
#11296=CARTESIAN_POINT('',(29.5021030207504,99.2665241587,-24.8440635782946));
#11297=CARTESIAN_POINT('',(70.7021030207504,68.9565241586991,-29.5190635782979));
#11298=CARTESIAN_POINT('',(70.7021030207504,68.9565241586991,-31.5190635782979));
#11299=CARTESIAN_POINT('',(72.0021030207504,68.9565241586991,-29.5190635782979));
#11300=CARTESIAN_POINT('',(72.0021030207504,68.9565241586991,-31.5190635782979));
#11301=CARTESIAN_POINT('',(27.0521030207504,68.9565241586991,-29.5190635782979));
#11302=CARTESIAN_POINT('',(70.7021030207504,68.9565241586991,-29.5190635782979));
#11303=CARTESIAN_POINT('',(70.7021030207504,70.4055360241526,-26.0061780672437));
#11304=CARTESIAN_POINT('',(70.7021030207504,72.4694096697533,-28.0700517128443));
#11305=CARTESIAN_POINT('',(104.00210302075,70.4055360241526,-26.0061780672437));
#11306=CARTESIAN_POINT('',(72.0021030207504,70.4055360241525,-26.0061780672436));
#11307=CARTESIAN_POINT('',(72.0021030207504,68.9565241586991,-29.5190635782979));
#11308=CARTESIAN_POINT('',(72.0021030207504,72.4694096697532,-28.0700517128441));
#11309=CARTESIAN_POINT('',(104.00210302075,72.4694096697533,-28.0700517128443));
#11310=CARTESIAN_POINT('',(104.00210302075,68.9565241586991,-29.5190635782979));
#11311=CARTESIAN_POINT('',(70.7021030207504,71.7688137127499,-28.4745409772134));
#11312=CARTESIAN_POINT('',(70.7021030207504,74.4315241586991,-26.9372243844706));
#11313=CARTESIAN_POINT('',(72.0021030207504,76.7622237562205,-25.5915943444412));
#11314=CARTESIAN_POINT('',(72.0021030207504,74.4315241586991,-26.9372243844706));
#11315=CARTESIAN_POINT('',(36.5021030207504,74.4315241586991,-26.9372243844706));
#11316=CARTESIAN_POINT('',(104.00210302075,71.7688137127499,-28.4745409772134));
#11317=CARTESIAN_POINT('',(70.7021030207504,72.0666630677166,-33.9028588479946));
#11318=CARTESIAN_POINT('',(70.7021030207504,72.4681876704818,-34.5983198604729));
#11319=CARTESIAN_POINT('',(70.7021030207504,71.2742663191315,-32.5303874196929));
#11320=CARTESIAN_POINT('',(72.0021030207504,72.4681876704818,-34.5983198604729));
#11321=CARTESIAN_POINT('',(71.0021030207504,72.4681876704818,-34.5983198604729));
#11322=CARTESIAN_POINT('',(71.0021030207504,72.4681876704818,-34.5983198604729));
#11323=CARTESIAN_POINT('',(71.1137389848559,72.4681876704818,-34.5983198604729));
#11324=CARTESIAN_POINT('',(71.2269142714351,72.4585419686305,-34.5816130147917));
#11325=CARTESIAN_POINT('',(71.3322518572674,72.4400583171189,-34.5495983912643));
#11326=CARTESIAN_POINT('',(71.4375846560752,72.4215755055895,-34.5175852226286));
#11327=CARTESIAN_POINT('',(71.5379814761499,72.3937484438517,-34.4693873378734));
#11328=CARTESIAN_POINT('',(71.6251744918869,72.3588957760932,-34.4090207465364));
#11329=CARTESIAN_POINT('',(71.7124837976019,72.3239966250708,-34.3485736438245));
#11330=CARTESIAN_POINT('',(71.7889545227279,72.2810969356616,-34.2742692021389));
#11331=CARTESIAN_POINT('',(71.8483453334242,72.2337486267224,-34.1922595254036));
#11332=CARTESIAN_POINT('',(71.9079267193575,72.1862483849321,-34.1099866932511));
#11333=CARTESIAN_POINT('',(71.9519568579792,72.132969331795,-34.0177046662385));
#11334=CARTESIAN_POINT('',(71.9768807718883,72.0783025412689,-33.9230190075605));
#11335=CARTESIAN_POINT('',(71.9935950245489,72.0416423861931,-33.859521756356));
#11336=CARTESIAN_POINT('',(72.0021030207504,72.003808421724,-33.7939914076435));
#11337=CARTESIAN_POINT('',(72.0021030207504,71.9662077763748,-33.7288651795013));
#11338=CARTESIAN_POINT('',(72.0021030207504,71.9662077763748,-33.7288651795013));
#11339=CARTESIAN_POINT('',(72.0021030207504,66.5109705434963,-24.2801171248143));
#11340=CARTESIAN_POINT('',(72.0021030207504,71.2742663191316,-32.5303874196929));
#11341=CARTESIAN_POINT('',(71.3021030207504,71.2742663191315,-32.5303874196929));
#11342=CARTESIAN_POINT('',(104.00210302075,72.0666630677166,-33.9028588479946));
#11343=CARTESIAN_POINT('',(70.7021030207504,68.9565241586991,-29.5190635782979));
#11344=CARTESIAN_POINT('',(70.7021030207504,68.4549624890398,-33.2858176041839));
#11345=CARTESIAN_POINT('',(72.0021030207504,68.9565241586991,-29.5190635782979));
#11346=CARTESIAN_POINT('',(72.0021030207504,68.4549624890398,-33.2858176041839));
#11347=CARTESIAN_POINT('',(104.00210302075,68.4549624890398,-33.2858176041839));
#11348=CARTESIAN_POINT('',(104.00210302075,68.9565241586991,-29.5190635782979));
#11349=CARTESIAN_POINT('',(70.7021030207504,68.4549624890398,-32.4768390754458));
#11350=CARTESIAN_POINT('',(70.7021030207504,68.4549624890398,-35.6736603068845));
#11351=CARTESIAN_POINT('',(72.0021030207504,68.4549624890399,-20.1690635782978));
#11352=CARTESIAN_POINT('',(72.0021030207504,68.4549624890398,-34.6697005186703));
#11353=CARTESIAN_POINT('',(72.0021030207504,68.4549624890398,-34.6697005186703));
#11354=CARTESIAN_POINT('',(72.0021030207504,68.4549624890398,-34.7824349601768));
#11355=CARTESIAN_POINT('',(71.9826857013467,68.4549624890398,-34.8967260368203));
#11356=CARTESIAN_POINT('',(71.9454029309855,68.4549624890398,-35.0031170577571));
#11357=CARTESIAN_POINT('',(71.9081163747231,68.4549624890398,-35.109518882234));
#11358=CARTESIAN_POINT('',(71.8519218734361,68.4549624890398,-35.2109578922527));
#11359=CARTESIAN_POINT('',(71.7814350398637,68.4549624890398,-35.2989535843225));
#11360=CARTESIAN_POINT('',(71.7111336470057,68.4549624890398,-35.3867177723911));
#11361=CARTESIAN_POINT('',(71.6246622688194,68.4549624890398,-35.4635386007342));
#11362=CARTESIAN_POINT('',(71.5291944173408,68.4549624890398,-35.5229585290342));
#11363=CARTESIAN_POINT('',(71.4340886642257,68.4549624890398,-35.5821530845154));
#11364=CARTESIAN_POINT('',(71.3274199353882,68.4549624890398,-35.6257163322682));
#11365=CARTESIAN_POINT('',(71.2180575920703,68.4549624890398,-35.6499851917021));
#11366=CARTESIAN_POINT('',(71.1473612489449,68.4549624890398,-35.6656735864617));
#11367=CARTESIAN_POINT('',(71.074519169926,68.4549624890398,-35.6736603068845));
#11368=CARTESIAN_POINT('',(71.0021030207504,68.4549624890398,-35.6736603068845));
#11369=CARTESIAN_POINT('',(71.0021030207504,68.4549624890398,-35.6736603068845));
#11370=CARTESIAN_POINT('',(72.0021030207504,68.4549624890398,-35.6736603068845));
#11371=CARTESIAN_POINT('',(104.00210302075,68.4549624890398,-32.4768390754458));
#11372=CARTESIAN_POINT('',(70.7021030207504,63.6049766356429,-30.0206252479571));
#11373=CARTESIAN_POINT('',(70.7021030207504,62.8019274301125,-30.0206252479571));
#11374=CARTESIAN_POINT('',(70.7021030207504,65.1897701328131,-30.0206252479571));
#11375=CARTESIAN_POINT('',(72.0021030207504,62.8019274301125,-30.0206252479571));
#11376=CARTESIAN_POINT('',(71.0021030207504,62.8019274301125,-30.0206252479571));
#11377=CARTESIAN_POINT('',(71.0021030207504,62.8019274301125,-30.0206252479571));
#11378=CARTESIAN_POINT('',(71.1137389848559,62.8019274301125,-30.0206252479571));
#11379=CARTESIAN_POINT('',(71.2269142714351,62.8212188338151,-30.0206252479571));
#11380=CARTESIAN_POINT('',(71.3322518572674,62.8581861368383,-30.0206252479571));
#11381=CARTESIAN_POINT('',(71.4375846560752,62.8951517598972,-30.0206252479571));
#11382=CARTESIAN_POINT('',(71.5379814761499,62.9508058833727,-30.0206252479571));
#11383=CARTESIAN_POINT('',(71.6251744918869,63.0205112188896,-30.0206252479571));
#11384=CARTESIAN_POINT('',(71.7124837976019,63.0903095209345,-30.0206252479571));
#11385=CARTESIAN_POINT('',(71.7889545227279,63.1761088997529,-30.0206252479571));
#11386=CARTESIAN_POINT('',(71.8483453334242,63.2708055176314,-30.0206252479571));
#11387=CARTESIAN_POINT('',(71.9079267193575,63.365806001212,-30.0206252479571));
#11388=CARTESIAN_POINT('',(71.9519568579792,63.4723641074861,-30.0206252479571));
#11389=CARTESIAN_POINT('',(71.9768807718883,63.5816976885384,-30.0206252479571));
#11390=CARTESIAN_POINT('',(71.9935950245489,63.6550179986898,-30.0206252479571));
#11391=CARTESIAN_POINT('',(72.0021030207504,63.7306859276283,-30.0206252479571));
#11392=CARTESIAN_POINT('',(72.0021030207504,63.8058872183267,-30.0206252479571));
#11393=CARTESIAN_POINT('',(72.0021030207504,63.8058872183267,-30.0206252479571));
#11394=CARTESIAN_POINT('',(72.0021030207504,73.631524158699,-30.0206252479571));
#11395=CARTESIAN_POINT('',(72.0021030207504,65.1897701328131,-30.0206252479571));
#11396=CARTESIAN_POINT('',(104.00210302075,65.1897701328131,-30.0206252479571));
#11397=CARTESIAN_POINT('',(104.00210302075,63.6049766356429,-30.0206252479571));
#11398=CARTESIAN_POINT('',(70.7021030207504,68.9565241586991,-29.5190635782979));
#11399=CARTESIAN_POINT('',(70.7021030207504,65.9452003173041,-27.2013214178654));
#11400=CARTESIAN_POINT('',(72.0021030207504,68.9565241586991,-29.5190635782979));
#11401=CARTESIAN_POINT('',(72.0021030207504,65.9452003173041,-27.2013214178654));
#11402=CARTESIAN_POINT('',(104.00210302075,65.9452003173041,-27.2013214178654));
#11403=CARTESIAN_POINT('',(104.00210302075,68.9565241586991,-29.5190635782979));
#11404=CARTESIAN_POINT('',(70.7021030207504,66.6457962743074,-27.6058106822344));
#11405=CARTESIAN_POINT('',(70.7021030207504,63.8772678765242,-26.0074000665151));
#11406=CARTESIAN_POINT('',(72.0021030207504,68.6648862308364,-28.7715328121545));
#11407=CARTESIAN_POINT('',(72.0021030207504,64.7467225574957,-26.5093799606222));
#11408=CARTESIAN_POINT('',(72.0021030207504,64.7467225574957,-26.5093799606222));
#11409=CARTESIAN_POINT('',(72.0021030207504,64.6490916672696,-26.453012739869));
#11410=CARTESIAN_POINT('',(71.9826857013467,64.5501126914704,-26.3958672015472));
#11411=CARTESIAN_POINT('',(71.9454029309855,64.4579753646046,-26.3426716910788));
#11412=CARTESIAN_POINT('',(71.9081163747231,64.3658286815986,-26.2894707788404));
#11413=CARTESIAN_POINT('',(71.8519218734361,64.2779799219877,-26.238751273831));
#11414=CARTESIAN_POINT('',(71.7814350398637,64.2017734172316,-26.1947534277961));
#11415=CARTESIAN_POINT('',(71.7111336470057,64.1257674008217,-26.1508713337618));
#11416=CARTESIAN_POINT('',(71.6246622688194,64.0592386119369,-26.1124609195903));
#11417=CARTESIAN_POINT('',(71.5291944173408,64.007779444538,-26.0827509554403));
#11418=CARTESIAN_POINT('',(71.4340886642257,63.9565154557255,-26.0531536776996));
#11419=CARTESIAN_POINT('',(71.3274199353882,63.9187885765003,-26.0313720538233));
#11420=CARTESIAN_POINT('',(71.2180575920703,63.8977711277096,-26.0192376241063));
#11421=CARTESIAN_POINT('',(71.1473612489449,63.8841845793032,-26.0113934267265));
#11422=CARTESIAN_POINT('',(71.074519169926,63.8772678765242,-26.0074000665151));
#11423=CARTESIAN_POINT('',(71.0021030207504,63.8772678765242,-26.0074000665151));
#11424=CARTESIAN_POINT('',(71.0021030207504,63.8772678765242,-26.0074000665151));
#11425=CARTESIAN_POINT('',(72.0021030207504,63.8772678765242,-26.0074000665151));
#11426=CARTESIAN_POINT('',(104.00210302075,66.6457962743074,-27.6058106822344));
#11427=CARTESIAN_POINT('',(71.0021030207504,68.9565241586991,-29.5190635782979));
#11428=CARTESIAN_POINT('',(70.7021030207504,68.9565241586991,-29.5190635782979));
#11429=CARTESIAN_POINT('',(72.0021030207504,68.9565241586991,-29.5190635782979));
#11430=CARTESIAN_POINT('',(72.0021030207504,73.6684579566087,-33.5100916268234));
#11431=CARTESIAN_POINT('',(70.7021030207504,73.6684579566087,-33.5100916268234));
#11432=CARTESIAN_POINT('',(71.0021030207504,73.6684579566087,-33.5100916268234));
#11433=CARTESIAN_POINT('',(71.0021030207504,68.9565241586991,-29.5190635782979));
#11434=CARTESIAN_POINT('',(70.7021030207504,68.9565241586991,-29.5190635782979));
#11435=CARTESIAN_POINT('',(72.0021030207504,68.9565241586991,-29.5190635782979));
#11436=CARTESIAN_POINT('',(70.7021030207504,62.7315241586993,-14.5920387674064));
#11437=CARTESIAN_POINT('',(70.7021030207504,62.7315241586993,-9.3077387128894));
#11438=CARTESIAN_POINT('',(70.7021030207504,62.406524158699,-0.800000000000001));
#11439=CARTESIAN_POINT('',(70.7021030207504,62.406524158699,-32.5690635782979));
#11440=CARTESIAN_POINT('',(70.7021030207504,65.906524158699,-32.5690635782979));
#11441=CARTESIAN_POINT('',(70.7021030207504,65.906524158699,-36.0690635782979));
#11442=CARTESIAN_POINT('',(70.7021030207504,-2.5,-36.0690635782979));
#11443=CARTESIAN_POINT('',(70.7021030207504,75.8315241586997,-36.0690635782979));
#11444=CARTESIAN_POINT('',(70.7021030207504,75.8315241586997,-33.7690636444035));
#11445=CARTESIAN_POINT('',(70.7021030207504,75.8315241586998,-36.8690636444036));
#11446=CARTESIAN_POINT('',(70.7021030207504,84.8815241586997,-36.8690636444036));
#11447=CARTESIAN_POINT('',(70.7021030207504,94.9315241586997,-36.8690636444036));
#11448=CARTESIAN_POINT('',(70.7021030207504,94.9315241586997,-21.3240636444036));
#11449=CARTESIAN_POINT('',(70.7021030207504,101.731524158627,-38.7803884437031));
#11450=CARTESIAN_POINT('',(70.7021030207504,101.731524158627,-38.7803884437031));
#11451=CARTESIAN_POINT('',(70.7021030207504,-2.5,-38.7803884437031));
#11452=CARTESIAN_POINT('',(70.7021030207504,104.031524158627,-38.7803884437031));
#11453=CARTESIAN_POINT('',(70.7021030207504,104.031524158627,-36.0690635782979));
#11454=CARTESIAN_POINT('',(70.7021030207504,104.8565241587,-32.5690635782979));
#11455=CARTESIAN_POINT('',(70.7021030207504,108.3565241587,-32.5690635782979));
#11456=CARTESIAN_POINT('',(70.7021030207504,108.3565241587,-0.800000000000001));
#11457=CARTESIAN_POINT('',(70.7021030207504,108.3565241587,-13.5190635782946));
#11458=CARTESIAN_POINT('',(70.7021030207504,-2.5,-13.5190635782946));
#11459=CARTESIAN_POINT('',(70.7021030207504,110.367849024104,-13.5190635782946));
#11460=CARTESIAN_POINT('',(70.7021030207504,110.367849024104,-0.800000000000001));
#11461=CARTESIAN_POINT('',(70.7021030207504,110.367849024104,-12.0190635782946));
#11462=CARTESIAN_POINT('',(70.7021030207504,-2.5,-12.0190635782946));
#11463=CARTESIAN_POINT('',(70.7021030207504,94.9315241586997,-12.0190635782946));
#11464=CARTESIAN_POINT('',(70.7021030207504,94.9315241586997,-14.319063512189));
#11465=CARTESIAN_POINT('',(70.7021030207504,94.9315241586997,-11.2190635121889));
#11466=CARTESIAN_POINT('',(70.7021030207504,85.8815241586997,-11.2190635121889));
#11467=CARTESIAN_POINT('',(70.7021030207504,75.8315241586997,-11.2190635121889));
#11468=CARTESIAN_POINT('',(70.7021030207504,75.8315241586997,-26.7640635121889));
#11469=CARTESIAN_POINT('',(70.7021030207504,75.8315241586997,-12.0190635782946));
#11470=CARTESIAN_POINT('',(70.7021030207504,-2.5,-12.0190635782946));
#11471=CARTESIAN_POINT('',(70.7021030207504,65.0315241586994,-9.3077387128894));
#11472=CARTESIAN_POINT('',(70.7021030207504,65.0315241586994,-9.3077387128894));
#11473=CARTESIAN_POINT('',(70.7021030207504,-2.5,-9.30773871288939));
#11474=CARTESIAN_POINT('',(70.7021030207504,101.8065241587,-18.5690635782981));
#11475=CARTESIAN_POINT('',(70.7021030207504,105.797552207226,-23.2809973762075));
#11476=CARTESIAN_POINT('',(70.7021030207504,106.885780440875,-22.0807270900811));
#11477=CARTESIAN_POINT('',(70.7021030207504,106.443872538971,-24.0440635782981));
#11478=CARTESIAN_POINT('',(70.7021030207504,105.797552207226,-24.8071297803887));
#11479=CARTESIAN_POINT('',(70.7021030207504,101.8065241587,-29.5190635782981));
#11480=CARTESIAN_POINT('',(70.7021030207504,106.885780440875,-26.007400066515));
#11481=CARTESIAN_POINT('',(70.7021030207504,104.117252043091,-27.6058106822346));
#11482=CARTESIAN_POINT('',(70.7021030207504,104.817848000095,-27.2013214178653));
#11483=CARTESIAN_POINT('',(70.7021030207504,101.8065241587,-29.5190635782981));
#11484=CARTESIAN_POINT('',(70.7021030207504,105.573278184586,-30.0206252479573));
#11485=CARTESIAN_POINT('',(70.7021030207504,107.158071681756,-30.0206252479573));
#11486=CARTESIAN_POINT('',(70.7021030207504,107.961120887287,-30.0206252479573));
#11487=CARTESIAN_POINT('',(70.7021030207504,101.8065241587,-29.5190635782981));
#11488=CARTESIAN_POINT('',(70.7021030207504,102.308085828359,-35.6736603068847));
#11489=CARTESIAN_POINT('',(70.7021030207504,102.308085828359,-32.476839075446));
#11490=CARTESIAN_POINT('',(70.7021030207504,102.308085828359,-33.2858176041842));
#11491=CARTESIAN_POINT('',(70.7021030207504,101.8065241587,-29.5190635782981));
#11492=CARTESIAN_POINT('',(70.7021030207504,99.4887819982676,-32.5303874196927));
#11493=CARTESIAN_POINT('',(70.7021030207504,98.6963852496825,-33.9028588479948));
#11494=CARTESIAN_POINT('',(70.7021030207504,98.2948606469174,-34.5983198604728));
#11495=CARTESIAN_POINT('',(70.7021030207504,101.8065241587,-29.5190635782981));
#11496=CARTESIAN_POINT('',(70.7021030207504,97.0945903607909,-33.5100916268236));
#11497=CARTESIAN_POINT('',(70.7021030207504,96.3315241587003,-34.1564119585687));
#11498=CARTESIAN_POINT('',(70.7021030207504,95.5684579566096,-33.5100916268236));
#11499=CARTESIAN_POINT('',(70.7021030207504,90.8565241587001,-29.5190635782981));
#11500=CARTESIAN_POINT('',(70.7021030207504,94.3681876704828,-34.5983198604731));
#11501=CARTESIAN_POINT('',(70.7021030207504,93.9666630677176,-33.9028588479948));
#11502=CARTESIAN_POINT('',(70.7021030207504,93.1742663191325,-32.5303874196931));
#11503=CARTESIAN_POINT('',(70.7021030207504,90.8565241587001,-29.5190635782981));
#11504=CARTESIAN_POINT('',(70.7021030207504,88.5387819982672,-32.5303874196927));
#11505=CARTESIAN_POINT('',(70.7021030207504,87.746385249682,-33.9028588479947));
#11506=CARTESIAN_POINT('',(70.7021030207504,87.3448606469169,-34.5983198604727));
#11507=CARTESIAN_POINT('',(70.7021030207504,90.8565241587,-29.519063578298));
#11508=CARTESIAN_POINT('',(70.7021030207504,86.1445903607904,-33.5100916268235));
#11509=CARTESIAN_POINT('',(70.7021030207504,85.3815241586998,-34.1564119585685));
#11510=CARTESIAN_POINT('',(70.7021030207504,84.6184579566092,-33.5100916268235));
#11511=CARTESIAN_POINT('',(70.7021030207504,79.9065241586996,-29.519063578298));
#11512=CARTESIAN_POINT('',(70.7021030207504,83.4181876704823,-34.598319860473));
#11513=CARTESIAN_POINT('',(70.7021030207504,83.0166630677171,-33.9028588479947));
#11514=CARTESIAN_POINT('',(70.7021030207504,82.224266319132,-32.5303874196929));
#11515=CARTESIAN_POINT('',(70.7021030207504,79.9065241586995,-29.5190635782979));
#11516=CARTESIAN_POINT('',(70.7021030207504,77.5887819982667,-32.5303874196926));
#11517=CARTESIAN_POINT('',(70.7021030207504,76.7963852496815,-33.9028588479946));
#11518=CARTESIAN_POINT('',(70.7021030207504,76.3948606469164,-34.5983198604726));
#11519=CARTESIAN_POINT('',(70.7021030207504,79.9065241586995,-29.5190635782979));
#11520=CARTESIAN_POINT('',(70.7021030207504,75.1945903607899,-33.5100916268234));
#11521=CARTESIAN_POINT('',(70.7021030207504,74.4315241586993,-34.1564119585684));
#11522=CARTESIAN_POINT('',(70.7021030207504,68.9565241586991,-29.5190635782979));
#11523=CARTESIAN_POINT('',(70.7021030207504,64.9654961101734,-24.8071297803885));
#11524=CARTESIAN_POINT('',(70.7021030207504,64.3191757784283,-24.0440635782979));
#11525=CARTESIAN_POINT('',(70.7021030207504,64.9654961101734,-23.2809973762073));
#11526=CARTESIAN_POINT('',(70.7021030207504,68.956524158699,-18.5690635782978));
#11527=CARTESIAN_POINT('',(70.7021030207504,63.8772678765241,-22.0807270900806));
#11528=CARTESIAN_POINT('',(70.7021030207504,66.6457962743074,-20.4823164743613));
#11529=CARTESIAN_POINT('',(70.7021030207504,65.9452003173041,-20.8868057387303));
#11530=CARTESIAN_POINT('',(70.7021030207504,68.9565241586991,-18.5690635782979));
#11531=CARTESIAN_POINT('',(70.7021030207504,65.1897701328131,-18.0675019086386));
#11532=CARTESIAN_POINT('',(70.7021030207504,63.6049766356429,-18.0675019086386));
#11533=CARTESIAN_POINT('',(70.7021030207504,62.8019274301125,-18.0675019086386));
#11534=CARTESIAN_POINT('',(70.7021030207504,68.956524158699,-18.5690635782978));
#11535=CARTESIAN_POINT('',(70.7021030207504,68.4549624890398,-12.4144668497112));
#11536=CARTESIAN_POINT('',(70.7021030207504,68.4549624890398,-15.6112880811499));
#11537=CARTESIAN_POINT('',(70.7021030207504,68.4549624890398,-14.8023095524119));
#11538=CARTESIAN_POINT('',(70.7021030207504,68.9565241586991,-18.5690635782979));
#11539=CARTESIAN_POINT('',(70.7021030207504,71.2742663191315,-15.5577397369029));
#11540=CARTESIAN_POINT('',(70.7021030207504,72.0666630677166,-14.1852683086012));
#11541=CARTESIAN_POINT('',(70.7021030207504,72.4681876704818,-13.4898072961229));
#11542=CARTESIAN_POINT('',(70.7021030207504,68.956524158699,-18.5690635782978));
#11543=CARTESIAN_POINT('',(70.7021030207504,73.6684579566087,-14.5780355297724));
#11544=CARTESIAN_POINT('',(70.7021030207504,74.4315241586993,-13.9317151980274));
#11545=CARTESIAN_POINT('',(70.7021030207504,75.1945903607899,-14.5780355297724));
#11546=CARTESIAN_POINT('',(70.7021030207504,79.9065241586995,-18.5690635782979));
#11547=CARTESIAN_POINT('',(70.7021030207504,76.3948606469164,-13.4898072961232));
#11548=CARTESIAN_POINT('',(70.7021030207504,76.7963852496815,-14.1852683086012));
#11549=CARTESIAN_POINT('',(70.7021030207504,77.5887819982667,-15.5577397369032));
#11550=CARTESIAN_POINT('',(70.7021030207504,79.9065241586995,-18.5690635782979));
#11551=CARTESIAN_POINT('',(70.7021030207504,82.224266319132,-15.557739736903));
#11552=CARTESIAN_POINT('',(70.7021030207504,83.0166630677171,-14.1852683086013));
#11553=CARTESIAN_POINT('',(70.7021030207504,83.4181876704823,-13.489807296123));
#11554=CARTESIAN_POINT('',(70.7021030207504,79.9065241586995,-18.5690635782979));
#11555=CARTESIAN_POINT('',(70.7021030207504,84.6184579566091,-14.5780355297725));
#11556=CARTESIAN_POINT('',(70.7021030207504,85.3815241586998,-13.9317151980275));
#11557=CARTESIAN_POINT('',(70.7021030207504,86.1445903607904,-14.5780355297725));
#11558=CARTESIAN_POINT('',(70.7021030207504,90.8565241587,-18.569063578298));
#11559=CARTESIAN_POINT('',(70.7021030207504,87.3448606469169,-13.4898072961233));
#11560=CARTESIAN_POINT('',(70.7021030207504,87.746385249682,-14.1852683086013));
#11561=CARTESIAN_POINT('',(70.7021030207504,88.5387819982673,-15.5577397369034));
#11562=CARTESIAN_POINT('',(70.7021030207504,90.8565241587001,-18.5690635782981));
#11563=CARTESIAN_POINT('',(70.7021030207504,93.1742663191325,-15.5577397369031));
#11564=CARTESIAN_POINT('',(70.7021030207504,93.9666630677176,-14.1852683086014));
#11565=CARTESIAN_POINT('',(70.7021030207504,94.3681876704828,-13.4898072961231));
#11566=CARTESIAN_POINT('',(70.7021030207504,90.8565241587,-18.569063578298));
#11567=CARTESIAN_POINT('',(70.7021030207504,95.5684579566096,-14.5780355297726));
#11568=CARTESIAN_POINT('',(70.7021030207504,96.3315241587003,-13.9317151980276));
#11569=CARTESIAN_POINT('',(70.7021030207504,97.0945903607909,-14.5780355297726));
#11570=CARTESIAN_POINT('',(70.7021030207504,101.8065241587,-18.5690635782981));
#11571=CARTESIAN_POINT('',(70.7021030207504,98.2948606469174,-13.4898072961234));
#11572=CARTESIAN_POINT('',(70.7021030207504,98.6963852496825,-14.1852683086014));
#11573=CARTESIAN_POINT('',(70.7021030207504,99.4887819982677,-15.5577397369034));
#11574=CARTESIAN_POINT('',(70.7021030207504,101.8065241587,-18.5690635782981));
#11575=CARTESIAN_POINT('',(70.7021030207504,102.308085828359,-14.802309552412));
#11576=CARTESIAN_POINT('',(70.7021030207504,102.308085828359,-15.6112880811501));
#11577=CARTESIAN_POINT('',(70.7021030207504,102.308085828359,-12.4144668497115));
#11578=CARTESIAN_POINT('',(70.7021030207504,101.8065241587,-18.5690635782981));
#11579=CARTESIAN_POINT('',(70.7021030207504,107.961120887287,-18.0675019086388));
#11580=CARTESIAN_POINT('',(70.7021030207504,107.158071681756,-18.0675019086388));
#11581=CARTESIAN_POINT('',(70.7021030207504,105.573278184586,-18.0675019086388));
#11582=CARTESIAN_POINT('',(70.7021030207504,101.8065241587,-18.5690635782981));
#11583=CARTESIAN_POINT('',(70.7021030207504,104.817848000095,-20.8868057387308));
#11584=CARTESIAN_POINT('',(70.7021030207504,104.117252043091,-20.4823164743615));
#11585=CARTESIAN_POINT('',(70.7021030207504,-2.5,-0.800000000000001));
#11586=CARTESIAN_POINT('',(72.0021030207504,102.098162086562,-28.7715328121547));
#11587=CARTESIAN_POINT('',(72.0021030207504,106.016325759904,-26.5093799606222));
#11588=CARTESIAN_POINT('',(72.0021030207504,104.817848000095,-27.2013214178653));
#11589=CARTESIAN_POINT('',(72.0021030207504,101.8065241587,-29.5190635782981));
#11590=CARTESIAN_POINT('',(72.0021030207504,105.151231875481,-25.5701959824793));
#11591=CARTESIAN_POINT('',(72.0021030207504,106.443872538971,-24.0440635782981));
#11592=CARTESIAN_POINT('',(72.0021030207504,105.151231875481,-22.5179311741169));
#11593=CARTESIAN_POINT('',(72.0021030207504,101.8065241587,-18.5690635782981));
#11594=CARTESIAN_POINT('',(72.0021030207504,106.016325759904,-21.5787471959739));
#11595=CARTESIAN_POINT('',(72.0021030207504,98.0494933238704,-16.9790943444414));
#11596=CARTESIAN_POINT('',(72.0021030207504,104.817848000095,-20.8868057387307));
#11597=CARTESIAN_POINT('',(72.0021030207504,101.8065241587,-18.5690635782981));
#11598=CARTESIAN_POINT('',(72.0021030207504,105.573278184586,-18.0675019086388));
#11599=CARTESIAN_POINT('',(72.0021030207504,97.1315241587,-18.0675019086388));
#11600=CARTESIAN_POINT('',(72.0021030207504,106.957161099073,-18.0675019086388));
#11601=CARTESIAN_POINT('',(72.0021030207504,101.8065241587,-18.5690635782981));
#11602=CARTESIAN_POINT('',(72.0021030207504,102.308085828359,-13.4184266379257));
#11603=CARTESIAN_POINT('',(72.0021030207504,102.308085828359,-18.5690635782981));
#11604=CARTESIAN_POINT('',(72.0021030207504,102.308085828359,-14.802309552412));
#11605=CARTESIAN_POINT('',(72.0021030207504,101.8065241587,-18.5690635782981));
#11606=CARTESIAN_POINT('',(72.0021030207504,99.4887819982676,-15.5577397369034));
#11607=CARTESIAN_POINT('',(72.0021030207504,100.20340901121,-16.7955100317816));
#11608=CARTESIAN_POINT('',(72.0021030207504,98.7968405410244,-14.359261977095));
#11609=CARTESIAN_POINT('',(72.0021030207504,101.8065241587,-18.5690635782981));
#11610=CARTESIAN_POINT('',(72.0021030207504,97.8576565628815,-15.2243558615176));
#11611=CARTESIAN_POINT('',(72.0021030207504,96.3315241587003,-13.9317151980276));
#11612=CARTESIAN_POINT('',(72.0021030207504,94.805391754519,-15.2243558615176));
#11613=CARTESIAN_POINT('',(72.0021030207504,90.8565241587,-18.569063578298));
#11614=CARTESIAN_POINT('',(72.0021030207504,93.8662077763757,-14.3592619770946));
#11615=CARTESIAN_POINT('',(72.0021030207504,92.4596393061895,-16.7955100317816));
#11616=CARTESIAN_POINT('',(72.0021030207504,93.1742663191325,-15.5577397369031));
#11617=CARTESIAN_POINT('',(72.0021030207504,90.8565241587001,-18.5690635782981));
#11618=CARTESIAN_POINT('',(72.0021030207504,88.5387819982672,-15.5577397369034));
#11619=CARTESIAN_POINT('',(72.0021030207504,89.25340901121,-16.7955100317815));
#11620=CARTESIAN_POINT('',(72.0021030207504,87.8468405410239,-14.3592619770949));
#11621=CARTESIAN_POINT('',(72.0021030207504,90.8565241587,-18.569063578298));
#11622=CARTESIAN_POINT('',(72.0021030207504,86.907656562881,-15.2243558615175));
#11623=CARTESIAN_POINT('',(72.0021030207504,85.3815241586998,-13.9317151980275));
#11624=CARTESIAN_POINT('',(72.0021030207504,83.8553917545185,-15.2243558615175));
#11625=CARTESIAN_POINT('',(72.0021030207504,79.9065241586995,-18.5690635782979));
#11626=CARTESIAN_POINT('',(72.0021030207504,82.9162077763752,-14.3592619770945));
#11627=CARTESIAN_POINT('',(72.0021030207504,81.509639306189,-16.7955100317815));
#11628=CARTESIAN_POINT('',(72.0021030207504,82.224266319132,-15.557739736903));
#11629=CARTESIAN_POINT('',(72.0021030207504,79.9065241586995,-18.5690635782979));
#11630=CARTESIAN_POINT('',(72.0021030207504,77.5887819982666,-15.5577397369032));
#11631=CARTESIAN_POINT('',(72.0021030207504,78.3034090112095,-16.7955100317814));
#11632=CARTESIAN_POINT('',(72.0021030207504,76.8968405410235,-14.3592619770948));
#11633=CARTESIAN_POINT('',(72.0021030207504,79.9065241586995,-18.5690635782979));
#11634=CARTESIAN_POINT('',(72.0021030207504,75.9576565628805,-15.2243558615174));
#11635=CARTESIAN_POINT('',(72.0021030207504,74.4315241586993,-13.9317151980274));
#11636=CARTESIAN_POINT('',(72.0021030207504,72.905391754518,-15.2243558615174));
#11637=CARTESIAN_POINT('',(72.0021030207504,68.956524158699,-18.5690635782978));
#11638=CARTESIAN_POINT('',(72.0021030207504,71.9662077763747,-14.3592619770944));
#11639=CARTESIAN_POINT('',(72.0021030207504,70.5596393061885,-16.7955100317814));
#11640=CARTESIAN_POINT('',(72.0021030207504,71.2742663191315,-15.5577397369029));
#11641=CARTESIAN_POINT('',(72.0021030207504,68.9565241586991,-18.5690635782979));
#11642=CARTESIAN_POINT('',(72.0021030207504,68.4549624890398,-14.8023095524119));
#11643=CARTESIAN_POINT('',(72.0021030207504,68.4549624890398,-18.5690635782979));
#11644=CARTESIAN_POINT('',(72.0021030207504,68.4549624890398,-13.4184266379254));
#11645=CARTESIAN_POINT('',(72.0021030207504,68.956524158699,-18.5690635782978));
#11646=CARTESIAN_POINT('',(72.0021030207504,63.8058872183266,-18.0675019086386));
#11647=CARTESIAN_POINT('',(72.0021030207504,73.631524158699,-18.0675019086386));
#11648=CARTESIAN_POINT('',(72.0021030207504,65.1897701328131,-18.0675019086386));
#11649=CARTESIAN_POINT('',(72.0021030207504,68.9565241586991,-18.5690635782979));
#11650=CARTESIAN_POINT('',(72.0021030207504,65.9452003173041,-20.8868057387303));
#11651=CARTESIAN_POINT('',(72.0021030207504,72.7135549935287,-16.9790943444412));
#11652=CARTESIAN_POINT('',(72.0021030207504,64.7467225574956,-21.5787471959735));
#11653=CARTESIAN_POINT('',(72.0021030207504,68.956524158699,-18.5690635782978));
#11654=CARTESIAN_POINT('',(72.0021030207504,65.6118164419184,-22.5179311741167));
#11655=CARTESIAN_POINT('',(72.0021030207504,64.3191757784283,-24.0440635782979));
#11656=CARTESIAN_POINT('',(72.0021030207504,65.6118164419184,-25.5701959824791));
#11657=CARTESIAN_POINT('',(72.0021030207504,68.9565241586991,-29.5190635782979));
#11658=CARTESIAN_POINT('',(72.0021030207504,68.9565241586991,-29.5190635782979));
#11659=CARTESIAN_POINT('',(72.0021030207504,68.9565241586991,-29.5190635782979));
#11660=CARTESIAN_POINT('',(72.0021030207504,72.905391754518,-32.8637712950784));
#11661=CARTESIAN_POINT('',(72.0021030207504,74.4315241586993,-34.1564119585684));
#11662=CARTESIAN_POINT('',(72.0021030207504,75.9576565628805,-32.8637712950784));
#11663=CARTESIAN_POINT('',(72.0021030207504,79.9065241586995,-29.5190635782979));
#11664=CARTESIAN_POINT('',(72.0021030207504,76.8968405410233,-33.7288651795009));
#11665=CARTESIAN_POINT('',(72.0021030207504,82.3520777739015,-24.2801171248143));
#11666=CARTESIAN_POINT('',(72.0021030207504,77.5887819982664,-32.5303874196924));
#11667=CARTESIAN_POINT('',(72.0021030207504,79.9065241586995,-29.5190635782979));
#11668=CARTESIAN_POINT('',(72.0021030207504,82.224266319132,-32.5303874196929));
#11669=CARTESIAN_POINT('',(72.0021030207504,77.4609705434968,-24.2801171248144));
#11670=CARTESIAN_POINT('',(72.0021030207504,82.9162077763752,-33.7288651795014));
#11671=CARTESIAN_POINT('',(72.0021030207504,79.9065241586996,-29.519063578298));
#11672=CARTESIAN_POINT('',(72.0021030207504,83.8553917545185,-32.8637712950785));
#11673=CARTESIAN_POINT('',(72.0021030207504,85.3815241586998,-34.1564119585685));
#11674=CARTESIAN_POINT('',(72.0021030207504,86.907656562881,-32.8637712950785));
#11675=CARTESIAN_POINT('',(72.0021030207504,90.8565241587,-29.519063578298));
#11676=CARTESIAN_POINT('',(72.0021030207504,87.8468405410237,-33.728865179501));
#11677=CARTESIAN_POINT('',(72.0021030207504,93.302077773902,-24.2801171248144));
#11678=CARTESIAN_POINT('',(72.0021030207504,88.5387819982669,-32.5303874196926));
#11679=CARTESIAN_POINT('',(72.0021030207504,90.8565241587001,-29.5190635782981));
#11680=CARTESIAN_POINT('',(72.0021030207504,93.1742663191326,-32.5303874196931));
#11681=CARTESIAN_POINT('',(72.0021030207504,88.4109705434973,-24.2801171248145));
#11682=CARTESIAN_POINT('',(72.0021030207504,93.8662077763757,-33.7288651795015));
#11683=CARTESIAN_POINT('',(72.0021030207504,90.8565241587001,-29.5190635782981));
#11684=CARTESIAN_POINT('',(72.0021030207504,94.805391754519,-32.8637712950786));
#11685=CARTESIAN_POINT('',(72.0021030207504,96.3315241587003,-34.1564119585687));
#11686=CARTESIAN_POINT('',(72.0021030207504,97.8576565628815,-32.8637712950786));
#11687=CARTESIAN_POINT('',(72.0021030207504,101.8065241587,-29.5190635782981));
#11688=CARTESIAN_POINT('',(72.0021030207504,98.7968405410242,-33.7288651795011));
#11689=CARTESIAN_POINT('',(72.0021030207504,104.252077773902,-24.2801171248145));
#11690=CARTESIAN_POINT('',(72.0021030207504,99.4887819982674,-32.5303874196927));
#11691=CARTESIAN_POINT('',(72.0021030207504,101.8065241587,-29.5190635782981));
#11692=CARTESIAN_POINT('',(72.0021030207504,102.30808582836,-33.2858176041842));
#11693=CARTESIAN_POINT('',(72.0021030207504,102.308085828359,-20.169063578298));
#11694=CARTESIAN_POINT('',(72.0021030207504,102.30808582836,-34.6697005186705));
#11695=CARTESIAN_POINT('',(72.0021030207504,101.8065241587,-29.5190635782981));
#11696=CARTESIAN_POINT('',(72.0021030207504,106.957161099073,-30.0206252479573));
#11697=CARTESIAN_POINT('',(72.0021030207504,97.1315241587001,-30.0206252479573));
#11698=CARTESIAN_POINT('',(72.0021030207504,105.573278184586,-30.0206252479573));
#11699=CARTESIAN_POINT('',(72.0021030207504,101.8065241587,-29.5190635782981));
#11700=CARTESIAN_POINT('',(72.0021030207504,73.7395777739018,-20.2314483621221));
#11701=CARTESIAN_POINT('',(72.0021030207504,71.5383633525263,-24.0440635782978));
#11702=CARTESIAN_POINT('',(72.0021030207504,69.6909090112096,-20.8441787944736));
#11703=CARTESIAN_POINT('',(72.0021030207504,70.4055360241526,-22.0819490893521));
#11704=CARTESIAN_POINT('',(72.0021030207504,68.9565241586991,-18.5690635782979));
#11705=CARTESIAN_POINT('',(72.0021030207504,72.4694096697533,-20.0180754437514));
#11706=CARTESIAN_POINT('',(72.0021030207504,72.7135549935287,-20.1590328121545));
#11707=CARTESIAN_POINT('',(72.0021030207504,74.4315241586991,-21.1509027721251));
#11708=CARTESIAN_POINT('',(72.0021030207504,76.1494933238694,-20.1590328121545));
#11709=CARTESIAN_POINT('',(72.0021030207504,76.3936386476451,-20.0180754437512));
#11710=CARTESIAN_POINT('',(72.0021030207504,79.9065241586995,-18.5690635782979));
#11711=CARTESIAN_POINT('',(72.0021030207504,78.4575122932455,-22.081949089352));
#11712=CARTESIAN_POINT('',(72.0021030207504,79.1721393061885,-20.8441787944736));
#11713=CARTESIAN_POINT('',(72.0021030207504,79.9065241586995,-29.5190635782979));
#11714=CARTESIAN_POINT('',(72.0021030207504,76.3936386476452,-28.0700517128445));
#11715=CARTESIAN_POINT('',(72.0021030207504,72.1008245611772,-25.5915943444412));
#11716=CARTESIAN_POINT('',(72.0021030207504,94.0008245611782,-25.5915943444414));
#11717=CARTESIAN_POINT('',(72.0021030207504,96.3315241587001,-26.9372243844708));
#11718=CARTESIAN_POINT('',(72.0021030207504,98.2936386476462,-28.0700517128447));
#11719=CARTESIAN_POINT('',(72.0021030207504,98.6622237562215,-25.5915943444414));
#11720=CARTESIAN_POINT('',(72.0021030207504,94.3694096697542,-28.0700517128443));
#11721=CARTESIAN_POINT('',(72.0021030207504,90.8565241587001,-29.5190635782981));
#11722=CARTESIAN_POINT('',(72.0021030207504,92.3055360241535,-26.0061780672438));
#11723=CARTESIAN_POINT('',(72.0021030207504,95.6395777739028,-20.2314483621223));
#11724=CARTESIAN_POINT('',(72.0021030207504,93.4383633525274,-24.0440635782978));
#11725=CARTESIAN_POINT('',(72.0021030207504,91.5909090112106,-20.8441787944738));
#11726=CARTESIAN_POINT('',(72.0021030207504,92.3055360241536,-22.0819490893523));
#11727=CARTESIAN_POINT('',(72.0021030207504,90.8565241587001,-18.5690635782981));
#11728=CARTESIAN_POINT('',(72.0021030207504,94.3694096697543,-20.0180754437516));
#11729=CARTESIAN_POINT('',(72.0021030207504,94.6135549935297,-20.1590328121547));
#11730=CARTESIAN_POINT('',(72.0021030207504,96.3315241587001,-21.1509027721253));
#11731=CARTESIAN_POINT('',(72.0021030207504,98.0494933238704,-20.1590328121547));
#11732=CARTESIAN_POINT('',(72.0021030207504,98.2936386476461,-20.0180754437514));
#11733=CARTESIAN_POINT('',(72.0021030207504,101.8065241587,-18.5690635782981));
#11734=CARTESIAN_POINT('',(72.0021030207504,100.357512293247,-22.0819490893522));
#11735=CARTESIAN_POINT('',(72.0021030207504,101.072139306189,-20.8441787944738));
#11736=CARTESIAN_POINT('',(72.0021030207504,99.2246849648727,-24.0440635782978));
#11737=CARTESIAN_POINT('',(72.0021030207504,97.0234705434973,-20.2314483621223));
#11738=CARTESIAN_POINT('',(72.0021030207504,100.357512293247,-26.006178067244));
#11739=CARTESIAN_POINT('',(72.0021030207504,101.8065241587,-29.5190635782981));
#11740=CARTESIAN_POINT('',(72.0021030207504,101.8065241587,-29.5190635782981));
#11741=CARTESIAN_POINT('',(72.0021030207504,101.8065241587,-31.5190635782981));
#11742=CARTESIAN_POINT('',(72.0021030207504,101.8065241587,-18.5690635782981));
#11743=CARTESIAN_POINT('',(72.0021030207504,101.8065241587,-20.5690635782981));
#11744=CARTESIAN_POINT('',(72.0021030207504,68.956524158699,-18.5690635782978));
#11745=CARTESIAN_POINT('',(72.0021030207504,68.956524158699,-20.5690635782978));
#11746=CARTESIAN_POINT('',(72.0021030207504,83.0508245611777,-25.5915943444413));
#11747=CARTESIAN_POINT('',(72.0021030207504,85.3815241586995,-26.9372243844705));
#11748=CARTESIAN_POINT('',(72.0021030207504,87.3436386476458,-28.0700517128447));
#11749=CARTESIAN_POINT('',(72.0021030207504,87.712223756221,-25.5915943444413));
#11750=CARTESIAN_POINT('',(72.0021030207504,83.4194096697537,-28.0700517128442));
#11751=CARTESIAN_POINT('',(72.0021030207504,79.9065241586995,-29.5190635782979));
#11752=CARTESIAN_POINT('',(72.0021030207504,80.6409090112101,-20.8441787944737));
#11753=CARTESIAN_POINT('',(72.0021030207504,81.3555360241531,-22.0819490893521));
#11754=CARTESIAN_POINT('',(72.0021030207504,79.9065241586995,-18.5690635782979));
#11755=CARTESIAN_POINT('',(72.0021030207504,83.4194096697537,-20.0180754437514));
#11756=CARTESIAN_POINT('',(72.0021030207504,83.6635549935292,-20.1590328121546));
#11757=CARTESIAN_POINT('',(72.0021030207504,85.3815241586995,-21.1509027721252));
#11758=CARTESIAN_POINT('',(72.0021030207504,87.0994933238699,-20.1590328121546));
#11759=CARTESIAN_POINT('',(72.0021030207504,87.3436386476457,-20.0180754437513));
#11760=CARTESIAN_POINT('',(72.0021030207504,90.8565241587001,-18.5690635782981));
#11761=CARTESIAN_POINT('',(72.0021030207504,89.407512293246,-22.0819490893521));
#11762=CARTESIAN_POINT('',(72.0021030207504,90.122139306189,-20.8441787944737));
#11763=CARTESIAN_POINT('',(72.0021030207504,88.2746849648723,-24.0440635782978));
#11764=CARTESIAN_POINT('',(72.0021030207504,86.0734705434968,-20.2314483621222));
#11765=CARTESIAN_POINT('',(72.0021030207504,89.4075122932462,-26.006178067244));
#11766=CARTESIAN_POINT('',(72.0021030207504,90.8565241587001,-29.5190635782981));
#11767=CARTESIAN_POINT('',(72.0021030207504,90.8565241587001,-29.5190635782981));
#11768=CARTESIAN_POINT('',(72.0021030207504,90.8565241587001,-31.5190635782981));
#11769=CARTESIAN_POINT('',(72.0021030207504,90.8565241587,-18.569063578298));
#11770=CARTESIAN_POINT('',(72.0021030207504,90.8565241587,-20.569063578298));
#11771=CARTESIAN_POINT('',(72.0021030207504,79.9065241586995,-29.5190635782979));
#11772=CARTESIAN_POINT('',(72.0021030207504,79.9065241586995,-31.5190635782979));
#11773=CARTESIAN_POINT('',(72.0021030207504,79.9065241586995,-18.5690635782979));
#11774=CARTESIAN_POINT('',(72.0021030207504,79.9065241586995,-20.5690635782979));
#11775=CARTESIAN_POINT('',(72.0021030207504,73.631524158699,-20.1690635782979));
#11776=CARTESIAN_POINT('',(70.7021030207504,71.1979327727377,-24.6337066389419));
#11777=CARTESIAN_POINT('',(70.7021030207504,71.5383633525264,-24.0440635782978));
#11778=CARTESIAN_POINT('',(36.5021030207504,71.5383633525264,-24.0440635782978));
#11779=CARTESIAN_POINT('',(104.00210302075,71.1979327727377,-24.6337066389419));
#11780=CARTESIAN_POINT('',(71.0021030207504,68.9565241586991,-29.5190635782979));
#11781=CARTESIAN_POINT('',(71.0021030207504,64.9654961101734,-24.8071297803885));
#11782=CARTESIAN_POINT('',(72.0021030207504,64.9654961101734,-24.8071297803885));
#11783=CARTESIAN_POINT('',(72.0021030207504,68.9565241586991,-29.5190635782979));
#11784=CARTESIAN_POINT('',(72.0021030207504,107.961120887287,-30.0206252479573));
#11785=CARTESIAN_POINT('',(71.0021030207504,107.961120887287,-30.0206252479573));
#11786=CARTESIAN_POINT('',(71.3021030207504,105.573278184586,-30.0206252479573));
#11787=CARTESIAN_POINT('',(72.0021030207504,106.957161099073,-30.0206252479573));
#11788=CARTESIAN_POINT('',(72.0021030207504,107.069895540579,-30.0206252479573));
#11789=CARTESIAN_POINT('',(71.9826857013467,107.184186617223,-30.0206252479573));
#11790=CARTESIAN_POINT('',(71.9454029309855,107.29057763816,-30.0206252479573));
#11791=CARTESIAN_POINT('',(71.9081163747231,107.396979462637,-30.0206252479573));
#11792=CARTESIAN_POINT('',(71.8519218734361,107.498418472655,-30.0206252479573));
#11793=CARTESIAN_POINT('',(71.7814350398637,107.586414164725,-30.0206252479573));
#11794=CARTESIAN_POINT('',(71.7111336470057,107.674178352794,-30.0206252479573));
#11795=CARTESIAN_POINT('',(71.6246622688194,107.750999181137,-30.0206252479573));
#11796=CARTESIAN_POINT('',(71.5291944173408,107.810419109437,-30.0206252479573));
#11797=CARTESIAN_POINT('',(71.4340886642257,107.869613664918,-30.0206252479573));
#11798=CARTESIAN_POINT('',(71.3274199353882,107.913176912671,-30.0206252479573));
#11799=CARTESIAN_POINT('',(71.2180575920703,107.937445772105,-30.0206252479573));
#11800=CARTESIAN_POINT('',(71.1473612489449,107.953134166864,-30.0206252479573));
#11801=CARTESIAN_POINT('',(71.074519169926,107.961120887287,-30.0206252479573));
#11802=CARTESIAN_POINT('',(71.0021030207504,107.961120887287,-30.0206252479573));
#11803=CARTESIAN_POINT('',(104.00210302075,107.158071681756,-30.0206252479573));
#11804=CARTESIAN_POINT('',(104.00210302075,104.817848000095,-27.2013214178653));
#11805=CARTESIAN_POINT('',(72.0021030207504,106.885780440875,-26.007400066515));
#11806=CARTESIAN_POINT('',(71.0021030207504,106.885780440875,-26.007400066515));
#11807=CARTESIAN_POINT('',(71.0021030207504,106.885780440875,-26.007400066515));
#11808=CARTESIAN_POINT('',(71.1137389848559,106.885780440875,-26.007400066515));
#11809=CARTESIAN_POINT('',(71.2269142714351,106.869073595194,-26.0170457683664));
#11810=CARTESIAN_POINT('',(71.3322518572674,106.837058971667,-26.0355294198779));
#11811=CARTESIAN_POINT('',(71.4375846560752,106.805045803031,-26.0540122314074));
#11812=CARTESIAN_POINT('',(71.5379814761499,106.756847918276,-26.0818392931452));
#11813=CARTESIAN_POINT('',(71.6251744918869,106.696481326939,-26.1166919609036));
#11814=CARTESIAN_POINT('',(71.7124837976019,106.636034224227,-26.1515911119261));
#11815=CARTESIAN_POINT('',(71.7889545227279,106.561729782541,-26.1944908013352));
#11816=CARTESIAN_POINT('',(71.8483453334242,106.479720105806,-26.2418391102745));
#11817=CARTESIAN_POINT('',(71.9079267193575,106.397447273653,-26.2893393520648));
#11818=CARTESIAN_POINT('',(71.9519568579792,106.305165246641,-26.3426184052019));
#11819=CARTESIAN_POINT('',(71.9768807718883,106.210479587963,-26.397285195728));
#11820=CARTESIAN_POINT('',(71.9935950245489,106.146982336758,-26.4339453508037));
#11821=CARTESIAN_POINT('',(72.0021030207504,106.081451988046,-26.471779315273));
#11822=CARTESIAN_POINT('',(72.0021030207504,106.016325759904,-26.5093799606222));
#11823=CARTESIAN_POINT('',(104.00210302075,104.117252043091,-27.6058106822346));
#11824=CARTESIAN_POINT('',(104.00210302075,101.8065241587,-29.5190635782981));
#11825=CARTESIAN_POINT('',(104.00210302075,102.308085828359,-33.2858176041842));
#11826=CARTESIAN_POINT('',(72.0021030207504,102.308085828359,-35.6736603068847));
#11827=CARTESIAN_POINT('',(71.0021030207504,102.308085828359,-35.6736603068847));
#11828=CARTESIAN_POINT('',(71.0021030207504,102.308085828359,-35.6736603068847));
#11829=CARTESIAN_POINT('',(71.1137389848559,102.308085828359,-35.6736603068847));
#11830=CARTESIAN_POINT('',(71.2269142714351,102.308085828359,-35.6543689031821));
#11831=CARTESIAN_POINT('',(71.3322518572674,102.308085828359,-35.6174016001589));
#11832=CARTESIAN_POINT('',(71.4375846560752,102.308085828359,-35.5804359771001));
#11833=CARTESIAN_POINT('',(71.5379814761499,102.308085828359,-35.5247818536245));
#11834=CARTESIAN_POINT('',(71.6251744918869,102.308085828359,-35.4550765181076));
#11835=CARTESIAN_POINT('',(71.7124837976019,102.308085828359,-35.3852782160627));
#11836=CARTESIAN_POINT('',(71.7889545227279,102.308085828359,-35.2994788372443));
#11837=CARTESIAN_POINT('',(71.8483453334242,102.308085828359,-35.2047822193658));
#11838=CARTESIAN_POINT('',(71.9079267193575,102.308085828359,-35.1097817357852));
#11839=CARTESIAN_POINT('',(71.9519568579792,102.308085828359,-35.0032236295111));
#11840=CARTESIAN_POINT('',(71.9768807718883,102.308085828359,-34.8938900484588));
#11841=CARTESIAN_POINT('',(71.9935950245489,102.308085828359,-34.8205697383073));
#11842=CARTESIAN_POINT('',(72.0021030207504,102.30808582836,-34.7449018093689));
#11843=CARTESIAN_POINT('',(72.0021030207504,102.30808582836,-34.6697005186705));
#11844=CARTESIAN_POINT('',(104.00210302075,102.308085828359,-32.476839075446));
#11845=CARTESIAN_POINT('',(72.0021030207504,98.2948606469174,-34.5983198604728));
#11846=CARTESIAN_POINT('',(71.0021030207504,98.2948606469174,-34.5983198604728));
#11847=CARTESIAN_POINT('',(71.3021030207504,99.4887819982677,-32.5303874196928));
#11848=CARTESIAN_POINT('',(72.0021030207504,98.7968405410242,-33.7288651795011));
#11849=CARTESIAN_POINT('',(72.0021030207504,98.740473320271,-33.8264960697272));
#11850=CARTESIAN_POINT('',(71.9826857013467,98.6833277819495,-33.9254750455265));
#11851=CARTESIAN_POINT('',(71.9454029309855,98.6301322714811,-34.0176123723924));
#11852=CARTESIAN_POINT('',(71.9081163747231,98.5769313592426,-34.1097590553983));
#11853=CARTESIAN_POINT('',(71.8519218734361,98.5262118542333,-34.1976078150093));
#11854=CARTESIAN_POINT('',(71.7814350398637,98.4822140081984,-34.2738143197653));
#11855=CARTESIAN_POINT('',(71.7111336470057,98.4383319141641,-34.3498203361753));
#11856=CARTESIAN_POINT('',(71.6246622688193,98.3999214999925,-34.4163491250601));
#11857=CARTESIAN_POINT('',(71.5291944173408,98.3702115358425,-34.467808292459));
#11858=CARTESIAN_POINT('',(71.4340886642257,98.3406142581019,-34.5190722812715));
#11859=CARTESIAN_POINT('',(71.3274199353882,98.3188326342255,-34.5567991604967));
#11860=CARTESIAN_POINT('',(71.2180575920703,98.3066982045086,-34.5778166092874));
#11861=CARTESIAN_POINT('',(71.1473612489449,98.2988540071288,-34.5914031576937));
#11862=CARTESIAN_POINT('',(71.074519169926,98.2948606469174,-34.5983198604728));
#11863=CARTESIAN_POINT('',(71.0021030207504,98.2948606469174,-34.5983198604728));
#11864=CARTESIAN_POINT('',(104.00210302075,98.6963852496825,-33.9028588479948));
#11865=CARTESIAN_POINT('',(104.00210302075,101.8065241587,-29.5190635782981));
#11866=CARTESIAN_POINT('',(104.00210302075,99.2246849648726,-24.0440635782978));
#11867=CARTESIAN_POINT('',(70.7021030207504,99.2246849648729,-24.0440635782978));
#11868=CARTESIAN_POINT('',(70.7021030207504,99.5651155446614,-24.6337066389421));
#11869=CARTESIAN_POINT('',(70.7021030207504,100.357512293247,-26.006178067244));
#11870=CARTESIAN_POINT('',(71.3021030207504,100.357512293247,-26.006178067244));
#11871=CARTESIAN_POINT('',(104.00210302075,99.5651155446614,-24.6337066389421));
#11872=CARTESIAN_POINT('',(70.7021030207504,101.8065241587,-29.5190635782981));
#11873=CARTESIAN_POINT('',(70.7021030207504,98.2936386476462,-28.0700517128447));
#11874=CARTESIAN_POINT('',(104.00210302075,98.2936386476461,-28.0700517128447));
#11875=CARTESIAN_POINT('',(104.00210302075,101.8065241587,-29.5190635782981));
#11876=CARTESIAN_POINT('',(70.7021030207504,101.8065241587,-29.5190635782981));
#11877=CARTESIAN_POINT('',(70.7021030207504,101.8065241587,-31.5190635782981));
#11878=CARTESIAN_POINT('',(27.0521030207504,101.8065241587,-29.5190635782981));
#11879=CARTESIAN_POINT('',(72.0021030207504,105.797552207226,-24.8071297803887));
#11880=CARTESIAN_POINT('',(71.0021030207504,105.797552207226,-24.8071297803887));
#11881=CARTESIAN_POINT('',(71.0021030207504,101.8065241587,-29.5190635782981));
#11882=CARTESIAN_POINT('',(72.0021030207504,101.8065241587,-29.5190635782981));
#11883=CARTESIAN_POINT('',(71.0021030207504,101.8065241587,-29.5190635782981));
#11884=CARTESIAN_POINT('',(71.0021030207504,97.0945903607909,-33.5100916268236));
#11885=CARTESIAN_POINT('',(72.0021030207504,97.0945903607909,-33.5100916268236));
#11886=CARTESIAN_POINT('',(72.0021030207504,101.8065241587,-29.5190635782981));
#11887=CARTESIAN_POINT('',(71.0021030207504,101.8065241587,-29.5190635782981));
#11888=CARTESIAN_POINT('',(72.0021030207504,101.8065241587,-29.5190635782981));
#11889=CARTESIAN_POINT('',(70.7021030207504,98.9942346046492,-28.4745409772136));
#11890=CARTESIAN_POINT('',(70.7021030207504,96.3315241587001,-26.9372243844708));
#11891=CARTESIAN_POINT('',(36.5021030207504,96.3315241587001,-26.9372243844708));
#11892=CARTESIAN_POINT('',(104.00210302075,98.9942346046492,-28.4745409772136));
#11893=CARTESIAN_POINT('',(70.7021030207504,101.8065241587,-18.5690635782981));
#11894=CARTESIAN_POINT('',(70.7021030207504,101.8065241587,-20.5690635782981));
#11895=CARTESIAN_POINT('',(27.0521030207504,101.8065241587,-18.5690635782981));
#11896=CARTESIAN_POINT('',(72.0021030207504,98.2948606469174,-13.4898072961234));
#11897=CARTESIAN_POINT('',(71.0021030207504,98.2948606469174,-13.4898072961234));
#11898=CARTESIAN_POINT('',(71.0021030207504,98.2948606469174,-13.4898072961234));
#11899=CARTESIAN_POINT('',(71.1137389848559,98.2948606469174,-13.4898072961234));
#11900=CARTESIAN_POINT('',(71.2269142714351,98.3045063487687,-13.5065141418045));
#11901=CARTESIAN_POINT('',(71.3322518572674,98.3229900002803,-13.538528765332));
#11902=CARTESIAN_POINT('',(71.4375846560752,98.3414728118097,-13.5705419339677));
#11903=CARTESIAN_POINT('',(71.5379814761499,98.3692998735475,-13.6187398187229));
#11904=CARTESIAN_POINT('',(71.6251744918869,98.4041525413059,-13.6791064100598));
#11905=CARTESIAN_POINT('',(71.7124837976019,98.4390516923284,-13.7395535127717));
#11906=CARTESIAN_POINT('',(71.7889545227279,98.4819513817376,-13.8138579544574));
#11907=CARTESIAN_POINT('',(71.8483453334242,98.5292996906768,-13.8958676311926));
#11908=CARTESIAN_POINT('',(71.9079267193575,98.5767999324671,-13.9781404633452));
#11909=CARTESIAN_POINT('',(71.9519568579792,98.6300789856042,-14.0704224903577));
#11910=CARTESIAN_POINT('',(71.9768807718882,98.6847457761303,-14.1651081490358));
#11911=CARTESIAN_POINT('',(71.9935950245489,98.7214059312061,-14.2286054002403));
#11912=CARTESIAN_POINT('',(72.0021030207504,98.7592398956752,-14.2941357489528));
#11913=CARTESIAN_POINT('',(72.0021030207504,98.7968405410244,-14.359261977095));
#11914=CARTESIAN_POINT('',(104.00210302075,99.4887819982677,-15.5577397369034));
#11915=CARTESIAN_POINT('',(104.00210302075,98.6963852496825,-14.1852683086014));
#11916=CARTESIAN_POINT('',(104.00210302075,102.308085828359,-14.802309552412));
#11917=CARTESIAN_POINT('',(104.00210302075,101.8065241587,-18.5690635782981));
#11918=CARTESIAN_POINT('',(72.0021030207504,102.308085828359,-13.4184266379257));
#11919=CARTESIAN_POINT('',(72.0021030207504,102.308085828359,-13.3056921964192));
#11920=CARTESIAN_POINT('',(71.9826857013467,102.308085828359,-13.1914011197756));
#11921=CARTESIAN_POINT('',(71.9454029309855,102.308085828359,-13.0850100988388));
#11922=CARTESIAN_POINT('',(71.9081163747231,102.308085828359,-12.978608274362));
#11923=CARTESIAN_POINT('',(71.8519218734361,102.308085828359,-12.8771692643433));
#11924=CARTESIAN_POINT('',(71.7814350398637,102.308085828359,-12.7891735722735));
#11925=CARTESIAN_POINT('',(71.7111336470057,102.308085828359,-12.7014093842049));
#11926=CARTESIAN_POINT('',(71.6246622688194,102.308085828359,-12.6245885558618));
#11927=CARTESIAN_POINT('',(71.5291944173408,102.308085828359,-12.5651686275618));
#11928=CARTESIAN_POINT('',(71.4340886642257,102.308085828359,-12.5059740720805));
#11929=CARTESIAN_POINT('',(71.3274199353882,102.308085828359,-12.4624108243278));
#11930=CARTESIAN_POINT('',(71.2180575920703,102.308085828359,-12.4381419648939));
#11931=CARTESIAN_POINT('',(71.1473612489449,102.308085828359,-12.4224535701343));
#11932=CARTESIAN_POINT('',(71.074519169926,102.308085828359,-12.4144668497115));
#11933=CARTESIAN_POINT('',(71.0021030207504,102.308085828359,-12.4144668497115));
#11934=CARTESIAN_POINT('',(71.0021030207504,102.308085828359,-12.4144668497115));
#11935=CARTESIAN_POINT('',(72.0021030207504,102.308085828359,-12.4144668497115));
#11936=CARTESIAN_POINT('',(104.00210302075,102.308085828359,-15.6112880811501));
#11937=CARTESIAN_POINT('',(71.0021030207504,101.8065241587,-18.5690635782981));
#11938=CARTESIAN_POINT('',(71.0021030207504,107.961120887287,-18.0675019086388));
#11939=CARTESIAN_POINT('',(72.0021030207504,107.961120887287,-18.0675019086388));
#11940=CARTESIAN_POINT('',(72.0021030207504,101.8065241587,-18.5690635782981));
#11941=CARTESIAN_POINT('',(71.0021030207504,107.961120887287,-18.0675019086388));
#11942=CARTESIAN_POINT('',(71.1137389848559,107.961120887287,-18.0675019086388));
#11943=CARTESIAN_POINT('',(71.2269142714351,107.941829483584,-18.0675019086388));
#11944=CARTESIAN_POINT('',(71.3322518572674,107.904862180561,-18.0675019086388));
#11945=CARTESIAN_POINT('',(71.4375846560752,107.867896557502,-18.0675019086388));
#11946=CARTESIAN_POINT('',(71.5379814761499,107.812242434027,-18.0675019086388));
#11947=CARTESIAN_POINT('',(71.6251744918869,107.74253709851,-18.0675019086388));
#11948=CARTESIAN_POINT('',(71.7124837976019,107.672738796465,-18.0675019086388));
#11949=CARTESIAN_POINT('',(71.7889545227279,107.586939417647,-18.0675019086388));
#11950=CARTESIAN_POINT('',(71.8483453334242,107.492242799768,-18.0675019086388));
#11951=CARTESIAN_POINT('',(71.9079267193575,107.397242316188,-18.0675019086388));
#11952=CARTESIAN_POINT('',(71.9519568579792,107.290684209913,-18.0675019086388));
#11953=CARTESIAN_POINT('',(71.9768807718883,107.181350628861,-18.0675019086388));
#11954=CARTESIAN_POINT('',(71.9935950245489,107.10803031871,-18.0675019086388));
#11955=CARTESIAN_POINT('',(72.0021030207504,107.032362389771,-18.0675019086388));
#11956=CARTESIAN_POINT('',(72.0021030207504,106.957161099073,-18.0675019086388));
#11957=CARTESIAN_POINT('',(104.00210302075,105.573278184586,-18.0675019086388));
#11958=CARTESIAN_POINT('',(104.00210302075,107.158071681756,-18.0675019086388));
#11959=CARTESIAN_POINT('',(104.00210302075,104.817848000095,-20.8868057387308));
#11960=CARTESIAN_POINT('',(104.00210302075,101.8065241587,-18.5690635782981));
#11961=CARTESIAN_POINT('',(72.0021030207504,106.016325759904,-21.5787471959739));
#11962=CARTESIAN_POINT('',(72.0021030207504,106.11395665013,-21.6351144167271));
#11963=CARTESIAN_POINT('',(71.9826857013467,106.212935625929,-21.692259955049));
#11964=CARTESIAN_POINT('',(71.9454029309855,106.305072952795,-21.7454554655174));
#11965=CARTESIAN_POINT('',(71.9081163747231,106.397219635801,-21.7986563777558));
#11966=CARTESIAN_POINT('',(71.8519218734361,106.485068395412,-21.8493758827652));
#11967=CARTESIAN_POINT('',(71.7814350398637,106.561274900168,-21.8933737288001));
#11968=CARTESIAN_POINT('',(71.7111336470057,106.637280916578,-21.9372558228344));
#11969=CARTESIAN_POINT('',(71.6246622688194,106.703809705463,-21.9756662370059));
#11970=CARTESIAN_POINT('',(71.5291944173408,106.755268872861,-22.0053762011559));
#11971=CARTESIAN_POINT('',(71.4340886642257,106.806532861674,-22.0349734788966));
#11972=CARTESIAN_POINT('',(71.3274199353882,106.844259740899,-22.0567551027729));
#11973=CARTESIAN_POINT('',(71.2180575920703,106.86527718969,-22.0688895324899));
#11974=CARTESIAN_POINT('',(71.1473612489449,106.878863738096,-22.0767337298697));
#11975=CARTESIAN_POINT('',(71.074519169926,106.885780440875,-22.0807270900811));
#11976=CARTESIAN_POINT('',(71.0021030207504,106.885780440875,-22.0807270900811));
#11977=CARTESIAN_POINT('',(71.0021030207504,106.885780440875,-22.0807270900811));
#11978=CARTESIAN_POINT('',(72.0021030207504,106.885780440875,-22.0807270900811));
#11979=CARTESIAN_POINT('',(104.00210302075,104.117252043091,-20.4823164743615));
#11980=CARTESIAN_POINT('',(71.0021030207504,101.8065241587,-18.5690635782981));
#11981=CARTESIAN_POINT('',(71.0021030207504,105.797552207226,-23.2809973762075));
#11982=CARTESIAN_POINT('',(72.0021030207504,105.797552207226,-23.2809973762075));
#11983=CARTESIAN_POINT('',(72.0021030207504,101.8065241587,-18.5690635782981));
#11984=CARTESIAN_POINT('',(70.7021030207504,99.5651155446614,-23.454420517654));
#11985=CARTESIAN_POINT('',(70.7021030207504,100.357512293247,-22.0819490893522));
#11986=CARTESIAN_POINT('',(104.00210302075,100.357512293247,-22.0819490893522));
#11987=CARTESIAN_POINT('',(104.00210302075,99.5651155446614,-23.454420517654));
#11988=CARTESIAN_POINT('',(70.7021030207504,101.8065241587,-18.5690635782981));
#11989=CARTESIAN_POINT('',(70.7021030207504,98.2936386476461,-20.0180754437515));
#11990=CARTESIAN_POINT('',(104.00210302075,98.2936386476461,-20.0180754437515));
#11991=CARTESIAN_POINT('',(104.00210302075,101.8065241587,-18.5690635782981));
#11992=CARTESIAN_POINT('',(72.0021030207504,97.0945903607909,-14.5780355297726));
#11993=CARTESIAN_POINT('',(71.0021030207504,97.0945903607909,-14.5780355297726));
#11994=CARTESIAN_POINT('',(71.0021030207504,101.8065241587,-18.5690635782981));
#11995=CARTESIAN_POINT('',(72.0021030207504,101.8065241587,-18.5690635782981));
#11996=CARTESIAN_POINT('',(70.7021030207504,98.9942346046492,-19.6135861793826));
#11997=CARTESIAN_POINT('',(70.7021030207504,96.3315241587001,-21.1509027721254));
#11998=CARTESIAN_POINT('',(104.00210302075,96.3315241587001,-21.1509027721253));
#11999=CARTESIAN_POINT('',(104.00210302075,98.9942346046492,-19.6135861793826));
#12000=CARTESIAN_POINT('',(72.0021030207504,64.9654961101734,-23.2809973762073));
#12001=CARTESIAN_POINT('',(71.0021030207504,64.9654961101734,-23.2809973762073));
#12002=CARTESIAN_POINT('',(71.0021030207504,68.956524158699,-18.5690635782978));
#12003=CARTESIAN_POINT('',(71.0021030207504,63.8772678765241,-22.0807270900806));
#12004=CARTESIAN_POINT('',(72.0021030207504,63.8772678765241,-22.0807270900806));
#12005=CARTESIAN_POINT('',(72.0021030207504,68.956524158699,-18.5690635782978));
#12006=CARTESIAN_POINT('',(104.00210302075,65.9452003173041,-20.8868057387303));
#12007=CARTESIAN_POINT('',(71.0021030207504,63.8772678765241,-22.0807270900806));
#12008=CARTESIAN_POINT('',(71.1137389848559,63.8772678765241,-22.0807270900806));
#12009=CARTESIAN_POINT('',(71.2269142714351,63.8939747222052,-22.0710813882293));
#12010=CARTESIAN_POINT('',(71.3322518572674,63.9259893457327,-22.0525977367177));
#12011=CARTESIAN_POINT('',(71.4375846560752,63.9580025143684,-22.0341149251883));
#12012=CARTESIAN_POINT('',(71.5379814761499,64.0062003991236,-22.0062878634505));
#12013=CARTESIAN_POINT('',(71.6251744918869,64.0665669904605,-21.971435195692));
#12014=CARTESIAN_POINT('',(71.7124837976019,64.1270140931724,-21.9365360446696));
#12015=CARTESIAN_POINT('',(71.7889545227279,64.2013185348581,-21.8936363552604));
#12016=CARTESIAN_POINT('',(71.8483453334242,64.2833282115933,-21.8462880463212));
#12017=CARTESIAN_POINT('',(71.9079267193575,64.3656010437459,-21.7987878045309));
#12018=CARTESIAN_POINT('',(71.9519568579792,64.4578830707585,-21.7455087513938));
#12019=CARTESIAN_POINT('',(71.9768807718883,64.5525687294365,-21.6908419608676));
#12020=CARTESIAN_POINT('',(71.9935950245489,64.616065980641,-21.6541818057919));
#12021=CARTESIAN_POINT('',(72.0021030207504,64.6815963293534,-21.6163478413227));
#12022=CARTESIAN_POINT('',(72.0021030207504,64.7467225574956,-21.5787471959735));
#12023=CARTESIAN_POINT('',(104.00210302075,66.6457962743074,-20.4823164743613));
#12024=CARTESIAN_POINT('',(71.3021030207504,65.1897701328131,-18.0675019086386));
#12025=CARTESIAN_POINT('',(104.00210302075,68.9565241586991,-18.5690635782979));
#12026=CARTESIAN_POINT('',(72.0021030207504,62.8019274301124,-18.0675019086386));
#12027=CARTESIAN_POINT('',(71.0021030207504,62.8019274301124,-18.0675019086386));
#12028=CARTESIAN_POINT('',(72.0021030207504,63.8058872183266,-18.0675019086386));
#12029=CARTESIAN_POINT('',(72.0021030207504,63.6931527768201,-18.0675019086386));
#12030=CARTESIAN_POINT('',(71.9826857013467,63.5788617001766,-18.0675019086386));
#12031=CARTESIAN_POINT('',(71.9454029309855,63.4724706792398,-18.0675019086386));
#12032=CARTESIAN_POINT('',(71.9081163747231,63.3660688547629,-18.0675019086386));
#12033=CARTESIAN_POINT('',(71.8519218734361,63.2646298447443,-18.0675019086386));
#12034=CARTESIAN_POINT('',(71.7814350398637,63.1766341526745,-18.0675019086386));
#12035=CARTESIAN_POINT('',(71.7111336470057,63.0888699646058,-18.0675019086386));
#12036=CARTESIAN_POINT('',(71.6246622688194,63.0120491362627,-18.0675019086386));
#12037=CARTESIAN_POINT('',(71.5291944173408,62.9526292079627,-18.0675019086386));
#12038=CARTESIAN_POINT('',(71.4340886642257,62.8934346524815,-18.0675019086386));
#12039=CARTESIAN_POINT('',(71.3274199353882,62.8498714047287,-18.0675019086386));
#12040=CARTESIAN_POINT('',(71.2180575920703,62.8256025452948,-18.0675019086386));
#12041=CARTESIAN_POINT('',(71.1473612489449,62.8099141505352,-18.0675019086386));
#12042=CARTESIAN_POINT('',(71.074519169926,62.8019274301124,-18.0675019086386));
#12043=CARTESIAN_POINT('',(71.0021030207504,62.8019274301124,-18.0675019086386));
#12044=CARTESIAN_POINT('',(104.00210302075,63.6049766356429,-18.0675019086386));
#12045=CARTESIAN_POINT('',(71.0021030207504,68.956524158699,-18.5690635782978));
#12046=CARTESIAN_POINT('',(71.0021030207504,68.4549624890398,-12.4144668497112));
#12047=CARTESIAN_POINT('',(72.0021030207504,68.4549624890398,-12.4144668497112));
#12048=CARTESIAN_POINT('',(72.0021030207504,68.956524158699,-18.5690635782978));
#12049=CARTESIAN_POINT('',(104.00210302075,68.4549624890398,-14.8023095524119));
#12050=CARTESIAN_POINT('',(71.0021030207504,68.4549624890398,-12.4144668497112));
#12051=CARTESIAN_POINT('',(71.1137389848559,68.4549624890398,-12.4144668497112));
#12052=CARTESIAN_POINT('',(71.2269142714351,68.4549624890398,-12.4337582534138));
#12053=CARTESIAN_POINT('',(71.3322518572674,68.4549624890398,-12.470725556437));
#12054=CARTESIAN_POINT('',(71.4375846560752,68.4549624890398,-12.5076911794959));
#12055=CARTESIAN_POINT('',(71.5379814761499,68.4549624890398,-12.5633453029714));
#12056=CARTESIAN_POINT('',(71.6251744918869,68.4549624890398,-12.6330506384883));
#12057=CARTESIAN_POINT('',(71.7124837976019,68.4549624890398,-12.7028489405332));
#12058=CARTESIAN_POINT('',(71.7889545227279,68.4549624890398,-12.7886483193516));
#12059=CARTESIAN_POINT('',(71.8483453334242,68.4549624890398,-12.8833449372301));
#12060=CARTESIAN_POINT('',(71.9079267193575,68.4549624890398,-12.9783454208107));
#12061=CARTESIAN_POINT('',(71.9519568579792,68.4549624890398,-13.0849035270848));
#12062=CARTESIAN_POINT('',(71.9768807718883,68.4549624890398,-13.1942371081371));
#12063=CARTESIAN_POINT('',(71.9935950245489,68.4549624890398,-13.2675574182886));
#12064=CARTESIAN_POINT('',(72.0021030207504,68.4549624890398,-13.343225347227));
#12065=CARTESIAN_POINT('',(72.0021030207504,68.4549624890398,-13.4184266379254));
#12066=CARTESIAN_POINT('',(104.00210302075,68.4549624890398,-15.6112880811499));
#12067=CARTESIAN_POINT('',(71.3021030207504,71.2742663191315,-15.5577397369029));
#12068=CARTESIAN_POINT('',(104.00210302075,68.9565241586991,-18.5690635782979));
#12069=CARTESIAN_POINT('',(70.7021030207504,68.956524158699,-18.5690635782978));
#12070=CARTESIAN_POINT('',(70.7021030207504,68.956524158699,-20.5690635782978));
#12071=CARTESIAN_POINT('',(27.0521030207504,68.956524158699,-18.5690635782978));
#12072=CARTESIAN_POINT('',(70.7021030207504,68.9565241586991,-18.5690635782979));
#12073=CARTESIAN_POINT('',(70.7021030207504,72.4694096697533,-20.0180754437515));
#12074=CARTESIAN_POINT('',(70.7021030207504,70.4055360241527,-22.0819490893521));
#12075=CARTESIAN_POINT('',(104.00210302075,72.4694096697533,-20.0180754437515));
#12076=CARTESIAN_POINT('',(71.3021030207504,70.4055360241527,-22.0819490893521));
#12077=CARTESIAN_POINT('',(104.00210302075,68.9565241586991,-18.5690635782979));
#12078=CARTESIAN_POINT('',(70.7021030207504,71.1979327727377,-23.4544205176538));
#12079=CARTESIAN_POINT('',(104.00210302075,71.1979327727377,-23.4544205176538));
#12080=CARTESIAN_POINT('',(72.0021030207504,72.4681876704818,-13.4898072961229));
#12081=CARTESIAN_POINT('',(71.0021030207504,72.4681876704818,-13.4898072961229));
#12082=CARTESIAN_POINT('',(72.0021030207504,71.9662077763747,-14.3592619770944));
#12083=CARTESIAN_POINT('',(72.0021030207504,72.022574997128,-14.2616310868684));
#12084=CARTESIAN_POINT('',(71.9826857013467,72.0797205354498,-14.1626521110692));
#12085=CARTESIAN_POINT('',(71.9454029309855,72.1329160459182,-14.0705147842033));
#12086=CARTESIAN_POINT('',(71.9081163747231,72.1861169581566,-13.9783681011974));
#12087=CARTESIAN_POINT('',(71.8519218734361,72.2368364631659,-13.8905193415865));
#12088=CARTESIAN_POINT('',(71.7814350398637,72.2808343092008,-13.8143128368304));
#12089=CARTESIAN_POINT('',(71.7111336470057,72.3247164032351,-13.7383068204205));
#12090=CARTESIAN_POINT('',(71.6246622688194,72.3631268174067,-13.6717780315356));
#12091=CARTESIAN_POINT('',(71.5291944173408,72.3928367815567,-13.6203188641367));
#12092=CARTESIAN_POINT('',(71.4340886642257,72.4224340592973,-13.5690548753242));
#12093=CARTESIAN_POINT('',(71.3274199353882,72.4442156831737,-13.531327996099));
#12094=CARTESIAN_POINT('',(71.2180575920703,72.4563501128906,-13.5103105473084));
#12095=CARTESIAN_POINT('',(71.1473612489449,72.4641943102704,-13.496723998902));
#12096=CARTESIAN_POINT('',(71.074519169926,72.4681876704818,-13.4898072961229));
#12097=CARTESIAN_POINT('',(71.0021030207504,72.4681876704818,-13.4898072961229));
#12098=CARTESIAN_POINT('',(104.00210302075,72.0666630677166,-14.1852683086012));
#12099=CARTESIAN_POINT('',(71.0021030207504,68.956524158699,-18.5690635782978));
#12100=CARTESIAN_POINT('',(71.0021030207504,73.6684579566087,-14.5780355297724));
#12101=CARTESIAN_POINT('',(72.0021030207504,73.6684579566087,-14.5780355297724));
#12102=CARTESIAN_POINT('',(72.0021030207504,68.956524158699,-18.5690635782978));
#12103=CARTESIAN_POINT('',(70.7021030207504,71.7688137127499,-19.6135861793824));
#12104=CARTESIAN_POINT('',(70.7021030207504,74.4315241586991,-21.1509027721252));
#12105=CARTESIAN_POINT('',(104.00210302075,74.4315241586991,-21.1509027721252));
#12106=CARTESIAN_POINT('',(104.00210302075,71.7688137127499,-19.6135861793824));
#12107=CARTESIAN_POINT('',(104.00210302075,93.1742663191325,-32.5303874196931));
#12108=CARTESIAN_POINT('',(71.3021030207504,88.5387819982672,-32.5303874196927));
#12109=CARTESIAN_POINT('',(104.00210302075,90.8565241587001,-29.5190635782981));
#12110=CARTESIAN_POINT('',(72.0021030207504,87.3448606469169,-34.5983198604727));
#12111=CARTESIAN_POINT('',(71.0021030207504,87.3448606469169,-34.5983198604727));
#12112=CARTESIAN_POINT('',(72.0021030207504,87.8468405410237,-33.728865179501));
#12113=CARTESIAN_POINT('',(72.0021030207504,87.7904733202705,-33.8264960697271));
#12114=CARTESIAN_POINT('',(71.9826857013467,87.733327781949,-33.9254750455264));
#12115=CARTESIAN_POINT('',(71.9454029309855,87.6801322714806,-34.0176123723923));
#12116=CARTESIAN_POINT('',(71.9081163747231,87.6269313592421,-34.1097590553982));
#12117=CARTESIAN_POINT('',(71.8519218734361,87.5762118542328,-34.1976078150092));
#12118=CARTESIAN_POINT('',(71.7814350398637,87.5322140081979,-34.2738143197652));
#12119=CARTESIAN_POINT('',(71.7111336470057,87.4883319141636,-34.3498203361752));
#12120=CARTESIAN_POINT('',(71.6246622688193,87.449921499992,-34.41634912506));
#12121=CARTESIAN_POINT('',(71.5291944173408,87.420211535842,-34.4678082924589));
#12122=CARTESIAN_POINT('',(71.4340886642256,87.3906142581014,-34.5190722812714));
#12123=CARTESIAN_POINT('',(71.3274199353882,87.368832634225,-34.5567991604966));
#12124=CARTESIAN_POINT('',(71.2180575920703,87.3566982045081,-34.5778166092873));
#12125=CARTESIAN_POINT('',(71.1473612489449,87.3488540071283,-34.5914031576936));
#12126=CARTESIAN_POINT('',(71.074519169926,87.3448606469169,-34.5983198604727));
#12127=CARTESIAN_POINT('',(71.0021030207504,87.3448606469169,-34.5983198604727));
#12128=CARTESIAN_POINT('',(104.00210302075,87.746385249682,-33.9028588479947));
#12129=CARTESIAN_POINT('',(71.0021030207504,90.8565241587,-29.519063578298));
#12130=CARTESIAN_POINT('',(71.0021030207504,86.1445903607904,-33.5100916268235));
#12131=CARTESIAN_POINT('',(72.0021030207504,86.1445903607904,-33.5100916268235));
#12132=CARTESIAN_POINT('',(72.0021030207504,90.8565241587,-29.519063578298));
#12133=CARTESIAN_POINT('',(104.00210302075,87.3436386476458,-28.0700517128447));
#12134=CARTESIAN_POINT('',(70.7021030207504,87.3436386476458,-28.0700517128447));
#12135=CARTESIAN_POINT('',(70.7021030207504,88.0442346046487,-28.4745409772135));
#12136=CARTESIAN_POINT('',(70.7021030207504,85.3815241586995,-26.9372243844707));
#12137=CARTESIAN_POINT('',(36.5021030207504,85.3815241586995,-26.9372243844707));
#12138=CARTESIAN_POINT('',(104.00210302075,88.0442346046487,-28.4745409772135));
#12139=CARTESIAN_POINT('',(70.7021030207504,90.8565241587001,-29.5190635782981));
#12140=CARTESIAN_POINT('',(70.7021030207504,89.4075122932461,-26.006178067244));
#12141=CARTESIAN_POINT('',(71.3021030207504,89.4075122932461,-26.006178067244));
#12142=CARTESIAN_POINT('',(104.00210302075,90.8565241587001,-29.5190635782981));
#12143=CARTESIAN_POINT('',(104.00210302075,88.2746849648722,-24.0440635782978));
#12144=CARTESIAN_POINT('',(70.7021030207504,88.2746849648723,-24.0440635782978));
#12145=CARTESIAN_POINT('',(70.7021030207504,88.6151155446609,-24.633706638942));
#12146=CARTESIAN_POINT('',(104.00210302075,88.6151155446609,-24.633706638942));
#12147=CARTESIAN_POINT('',(70.7021030207504,90.8565241587001,-29.5190635782981));
#12148=CARTESIAN_POINT('',(70.7021030207504,90.8565241587001,-31.5190635782981));
#12149=CARTESIAN_POINT('',(27.0521030207504,90.8565241587001,-29.5190635782981));
#12150=CARTESIAN_POINT('',(72.0021030207504,94.3681876704828,-34.5983198604731));
#12151=CARTESIAN_POINT('',(71.0021030207504,94.3681876704828,-34.5983198604731));
#12152=CARTESIAN_POINT('',(71.0021030207504,94.3681876704828,-34.5983198604731));
#12153=CARTESIAN_POINT('',(71.1137389848559,94.3681876704828,-34.5983198604731));
#12154=CARTESIAN_POINT('',(71.2269142714351,94.3585419686315,-34.581613014792));
#12155=CARTESIAN_POINT('',(71.3322518572674,94.3400583171199,-34.5495983912645));
#12156=CARTESIAN_POINT('',(71.4375846560752,94.3215755055905,-34.5175852226288));
#12157=CARTESIAN_POINT('',(71.5379814761499,94.2937484438527,-34.4693873378736));
#12158=CARTESIAN_POINT('',(71.6251744918869,94.2588957760942,-34.4090207465366));
#12159=CARTESIAN_POINT('',(71.7124837976019,94.2239966250718,-34.3485736438247));
#12160=CARTESIAN_POINT('',(71.7889545227279,94.1810969356626,-34.2742692021391));
#12161=CARTESIAN_POINT('',(71.8483453334242,94.1337486267233,-34.1922595254038));
#12162=CARTESIAN_POINT('',(71.9079267193575,94.0862483849331,-34.1099866932513));
#12163=CARTESIAN_POINT('',(71.9519568579792,94.032969331796,-34.0177046662387));
#12164=CARTESIAN_POINT('',(71.9768807718883,93.9783025412698,-33.9230190075607));
#12165=CARTESIAN_POINT('',(71.9935950245489,93.9416423861941,-33.8595217563562));
#12166=CARTESIAN_POINT('',(72.0021030207504,93.9038084217249,-33.7939914076437));
#12167=CARTESIAN_POINT('',(72.0021030207504,93.8662077763757,-33.7288651795015));
#12168=CARTESIAN_POINT('',(104.00210302075,93.9666630677176,-33.9028588479948));
#12169=CARTESIAN_POINT('',(70.7021030207504,90.8565241587001,-29.5190635782981));
#12170=CARTESIAN_POINT('',(70.7021030207504,92.3055360241536,-26.0061780672439));
#12171=CARTESIAN_POINT('',(70.7021030207504,94.3694096697542,-28.0700517128444));
#12172=CARTESIAN_POINT('',(104.00210302075,92.3055360241536,-26.0061780672439));
#12173=CARTESIAN_POINT('',(104.00210302075,94.3694096697543,-28.0700517128445));
#12174=CARTESIAN_POINT('',(104.00210302075,90.8565241587001,-29.5190635782981));
#12175=CARTESIAN_POINT('',(70.7021030207504,93.0979327727387,-24.6337066389421));
#12176=CARTESIAN_POINT('',(70.7021030207504,93.4383633525272,-24.0440635782978));
#12177=CARTESIAN_POINT('',(36.5021030207504,93.4383633525275,-24.0440635782978));
#12178=CARTESIAN_POINT('',(104.00210302075,93.0979327727387,-24.6337066389421));
#12179=CARTESIAN_POINT('',(70.7021030207504,93.6688137127509,-28.4745409772136));
#12180=CARTESIAN_POINT('',(104.00210302075,93.6688137127509,-28.4745409772136));
#12181=CARTESIAN_POINT('',(72.0021030207504,95.5684579566096,-33.5100916268236));
#12182=CARTESIAN_POINT('',(71.0021030207504,95.5684579566096,-33.5100916268236));
#12183=CARTESIAN_POINT('',(71.0021030207504,90.8565241587001,-29.5190635782981));
#12184=CARTESIAN_POINT('',(72.0021030207504,90.8565241587001,-29.5190635782981));
#12185=CARTESIAN_POINT('',(70.7021030207504,90.8565241587,-18.569063578298));
#12186=CARTESIAN_POINT('',(70.7021030207504,90.8565241587,-20.569063578298));
#12187=CARTESIAN_POINT('',(27.0521030207504,90.8565241587,-18.569063578298));
#12188=CARTESIAN_POINT('',(72.0021030207504,87.3448606469169,-13.4898072961233));
#12189=CARTESIAN_POINT('',(71.0021030207504,87.3448606469169,-13.4898072961233));
#12190=CARTESIAN_POINT('',(71.0021030207504,87.3448606469169,-13.4898072961233));
#12191=CARTESIAN_POINT('',(71.1137389848559,87.3448606469169,-13.4898072961233));
#12192=CARTESIAN_POINT('',(71.2269142714351,87.3545063487682,-13.5065141418044));
#12193=CARTESIAN_POINT('',(71.3322518572674,87.3729900002798,-13.5385287653319));
#12194=CARTESIAN_POINT('',(71.4375846560752,87.3914728118092,-13.5705419339676));
#12195=CARTESIAN_POINT('',(71.5379814761499,87.419299873547,-13.6187398187228));
#12196=CARTESIAN_POINT('',(71.6251744918869,87.4541525413054,-13.6791064100597));
#12197=CARTESIAN_POINT('',(71.7124837976019,87.4890516923279,-13.7395535127716));
#12198=CARTESIAN_POINT('',(71.7889545227279,87.5319513817371,-13.8138579544573));
#12199=CARTESIAN_POINT('',(71.8483453334242,87.5792996906764,-13.8958676311925));
#12200=CARTESIAN_POINT('',(71.9079267193575,87.6267999324666,-13.9781404633451));
#12201=CARTESIAN_POINT('',(71.9519568579792,87.6800789856037,-14.0704224903577));
#12202=CARTESIAN_POINT('',(71.9768807718883,87.7347457761298,-14.1651081490357));
#12203=CARTESIAN_POINT('',(71.9935950245489,87.7714059312056,-14.2286054002402));
#12204=CARTESIAN_POINT('',(72.0021030207504,87.8092398956747,-14.2941357489527));
#12205=CARTESIAN_POINT('',(72.0021030207504,87.8468405410239,-14.3592619770949));
#12206=CARTESIAN_POINT('',(71.3021030207504,88.5387819982673,-15.5577397369034));
#12207=CARTESIAN_POINT('',(104.00210302075,87.746385249682,-14.1852683086013));
#12208=CARTESIAN_POINT('',(104.00210302075,93.1742663191325,-15.5577397369031));
#12209=CARTESIAN_POINT('',(104.00210302075,90.8565241587001,-18.5690635782981));
#12210=CARTESIAN_POINT('',(72.0021030207504,94.3681876704828,-13.4898072961231));
#12211=CARTESIAN_POINT('',(71.0021030207504,94.3681876704828,-13.4898072961231));
#12212=CARTESIAN_POINT('',(72.0021030207504,93.8662077763757,-14.3592619770946));
#12213=CARTESIAN_POINT('',(72.0021030207504,93.9225749971289,-14.2616310868686));
#12214=CARTESIAN_POINT('',(71.9826857013467,93.9797205354507,-14.1626521110694));
#12215=CARTESIAN_POINT('',(71.9454029309855,94.0329160459191,-14.0705147842035));
#12216=CARTESIAN_POINT('',(71.9081163747231,94.0861169581575,-13.9783681011976));
#12217=CARTESIAN_POINT('',(71.8519218734361,94.1368364631669,-13.8905193415867));
#12218=CARTESIAN_POINT('',(71.7814350398637,94.1808343092018,-13.8143128368306));
#12219=CARTESIAN_POINT('',(71.7111336470057,94.2247164032361,-13.7383068204207));
#12220=CARTESIAN_POINT('',(71.6246622688193,94.2631268174076,-13.6717780315358));
#12221=CARTESIAN_POINT('',(71.5291944173408,94.2928367815577,-13.6203188641369));
#12222=CARTESIAN_POINT('',(71.4340886642257,94.3224340592983,-13.5690548753244));
#12223=CARTESIAN_POINT('',(71.3274199353882,94.3442156831747,-13.5313279960992));
#12224=CARTESIAN_POINT('',(71.2180575920703,94.3563501128916,-13.5103105473086));
#12225=CARTESIAN_POINT('',(71.1473612489449,94.3641943102714,-13.4967239989022));
#12226=CARTESIAN_POINT('',(71.074519169926,94.3681876704828,-13.4898072961231));
#12227=CARTESIAN_POINT('',(71.0021030207504,94.3681876704828,-13.4898072961231));
#12228=CARTESIAN_POINT('',(104.00210302075,93.9666630677176,-14.1852683086014));
#12229=CARTESIAN_POINT('',(104.00210302075,94.3694096697543,-20.0180754437517));
#12230=CARTESIAN_POINT('',(70.7021030207504,94.3694096697543,-20.0180754437516));
#12231=CARTESIAN_POINT('',(70.7021030207504,93.6688137127509,-19.6135861793826));
#12232=CARTESIAN_POINT('',(104.00210302075,93.6688137127509,-19.6135861793826));
#12233=CARTESIAN_POINT('',(70.7021030207504,90.8565241587001,-18.5690635782981));
#12234=CARTESIAN_POINT('',(70.7021030207504,92.3055360241537,-22.0819490893523));
#12235=CARTESIAN_POINT('',(71.3021030207504,92.3055360241537,-22.0819490893523));
#12236=CARTESIAN_POINT('',(104.00210302075,90.8565241587001,-18.5690635782981));
#12237=CARTESIAN_POINT('',(70.7021030207504,93.0979327727387,-23.454420517654));
#12238=CARTESIAN_POINT('',(104.00210302075,93.0979327727387,-23.454420517654));
#12239=CARTESIAN_POINT('',(70.7021030207504,88.6151155446609,-23.4544205176539));
#12240=CARTESIAN_POINT('',(70.7021030207504,89.407512293246,-22.0819490893521));
#12241=CARTESIAN_POINT('',(104.00210302075,89.407512293246,-22.0819490893521));
#12242=CARTESIAN_POINT('',(104.00210302075,88.6151155446609,-23.4544205176539));
#12243=CARTESIAN_POINT('',(70.7021030207504,90.8565241587001,-18.5690635782981));
#12244=CARTESIAN_POINT('',(70.7021030207504,87.3436386476457,-20.0180754437513));
#12245=CARTESIAN_POINT('',(104.00210302075,87.3436386476457,-20.0180754437513));
#12246=CARTESIAN_POINT('',(104.00210302075,90.8565241587001,-18.5690635782981));
#12247=CARTESIAN_POINT('',(71.0021030207504,90.8565241587,-18.569063578298));
#12248=CARTESIAN_POINT('',(71.0021030207504,95.5684579566096,-14.5780355297726));
#12249=CARTESIAN_POINT('',(72.0021030207504,95.5684579566096,-14.5780355297726));
#12250=CARTESIAN_POINT('',(72.0021030207504,90.8565241587,-18.569063578298));
#12251=CARTESIAN_POINT('',(70.7021030207504,88.0442346046487,-19.6135861793825));
#12252=CARTESIAN_POINT('',(70.7021030207504,85.3815241586995,-21.1509027721252));
#12253=CARTESIAN_POINT('',(104.00210302075,85.3815241586995,-21.1509027721253));
#12254=CARTESIAN_POINT('',(104.00210302075,88.0442346046487,-19.6135861793825));
#12255=CARTESIAN_POINT('',(72.0021030207504,86.1445903607904,-14.5780355297725));
#12256=CARTESIAN_POINT('',(71.0021030207504,86.1445903607904,-14.5780355297725));
#12257=CARTESIAN_POINT('',(71.0021030207504,90.8565241587,-18.569063578298));
#12258=CARTESIAN_POINT('',(72.0021030207504,90.8565241587,-18.569063578298));
#12259=CARTESIAN_POINT('',(71.3021030207504,82.224266319132,-32.5303874196929));
#12260=CARTESIAN_POINT('',(104.00210302075,77.5887819982667,-32.5303874196926));
#12261=CARTESIAN_POINT('',(104.00210302075,79.9065241586995,-29.5190635782979));
#12262=CARTESIAN_POINT('',(72.0021030207504,76.3948606469164,-34.5983198604726));
#12263=CARTESIAN_POINT('',(71.0021030207504,76.3948606469164,-34.5983198604726));
#12264=CARTESIAN_POINT('',(72.0021030207504,76.8968405410233,-33.7288651795009));
#12265=CARTESIAN_POINT('',(72.0021030207504,76.84047332027,-33.826496069727));
#12266=CARTESIAN_POINT('',(71.9826857013467,76.7833277819485,-33.9254750455263));
#12267=CARTESIAN_POINT('',(71.9454029309855,76.7301322714801,-34.0176123723922));
#12268=CARTESIAN_POINT('',(71.9081163747231,76.6769313592416,-34.1097590553981));
#12269=CARTESIAN_POINT('',(71.8519218734361,76.6262118542323,-34.1976078150091));
#12270=CARTESIAN_POINT('',(71.7814350398637,76.5822140081974,-34.2738143197651));
#12271=CARTESIAN_POINT('',(71.7111336470057,76.5383319141631,-34.3498203361751));
#12272=CARTESIAN_POINT('',(71.6246622688193,76.4999214999916,-34.4163491250599));
#12273=CARTESIAN_POINT('',(71.5291944173408,76.4702115358415,-34.4678082924588));
#12274=CARTESIAN_POINT('',(71.4340886642256,76.4406142581009,-34.5190722812713));
#12275=CARTESIAN_POINT('',(71.3274199353882,76.4188326342246,-34.5567991604965));
#12276=CARTESIAN_POINT('',(71.2180575920703,76.4066982045076,-34.5778166092872));
#12277=CARTESIAN_POINT('',(71.1473612489449,76.3988540071278,-34.5914031576935));
#12278=CARTESIAN_POINT('',(71.074519169926,76.3948606469164,-34.5983198604726));
#12279=CARTESIAN_POINT('',(71.0021030207504,76.3948606469164,-34.5983198604726));
#12280=CARTESIAN_POINT('',(104.00210302075,76.7963852496815,-33.9028588479946));
#12281=CARTESIAN_POINT('',(71.0021030207504,79.9065241586995,-29.5190635782979));
#12282=CARTESIAN_POINT('',(71.0021030207504,75.1945903607899,-33.5100916268234));
#12283=CARTESIAN_POINT('',(72.0021030207504,75.1945903607899,-33.5100916268234));
#12284=CARTESIAN_POINT('',(72.0021030207504,79.9065241586995,-29.5190635782979));
#12285=CARTESIAN_POINT('',(104.00210302075,76.3936386476452,-28.0700517128445));
#12286=CARTESIAN_POINT('',(70.7021030207504,76.3936386476452,-28.0700517128445));
#12287=CARTESIAN_POINT('',(70.7021030207504,77.0942346046482,-28.4745409772134));
#12288=CARTESIAN_POINT('',(104.00210302075,77.0942346046482,-28.4745409772134));
#12289=CARTESIAN_POINT('',(70.7021030207504,79.9065241586995,-29.5190635782979));
#12290=CARTESIAN_POINT('',(104.00210302075,79.9065241586995,-29.5190635782979));
#12291=CARTESIAN_POINT('',(70.7021030207504,79.9065241586995,-29.5190635782979));
#12292=CARTESIAN_POINT('',(70.7021030207504,79.9065241586995,-31.5190635782979));
#12293=CARTESIAN_POINT('',(27.0521030207504,79.9065241586995,-29.5190635782979));
#12294=CARTESIAN_POINT('',(70.7021030207504,79.9065241586995,-29.5190635782979));
#12295=CARTESIAN_POINT('',(70.7021030207504,83.4194096697537,-28.0700517128443));
#12296=CARTESIAN_POINT('',(104.00210302075,83.4194096697538,-28.0700517128444));
#12297=CARTESIAN_POINT('',(104.00210302075,79.9065241586995,-29.5190635782979));
#12298=CARTESIAN_POINT('',(72.0021030207504,83.4181876704823,-34.598319860473));
#12299=CARTESIAN_POINT('',(71.0021030207504,83.4181876704823,-34.598319860473));
#12300=CARTESIAN_POINT('',(71.0021030207504,83.4181876704823,-34.598319860473));
#12301=CARTESIAN_POINT('',(71.1137389848559,83.4181876704823,-34.598319860473));
#12302=CARTESIAN_POINT('',(71.2269142714351,83.408541968631,-34.5816130147918));
#12303=CARTESIAN_POINT('',(71.3322518572674,83.3900583171194,-34.5495983912644));
#12304=CARTESIAN_POINT('',(71.4375846560752,83.37157550559,-34.5175852226287));
#12305=CARTESIAN_POINT('',(71.5379814761499,83.3437484438522,-34.4693873378735));
#12306=CARTESIAN_POINT('',(71.6251744918869,83.3088957760937,-34.4090207465365));
#12307=CARTESIAN_POINT('',(71.7124837976019,83.2739966250713,-34.3485736438246));
#12308=CARTESIAN_POINT('',(71.7889545227279,83.2310969356621,-34.274269202139));
#12309=CARTESIAN_POINT('',(71.8483453334242,83.1837486267229,-34.1922595254037));
#12310=CARTESIAN_POINT('',(71.9079267193575,83.1362483849326,-34.1099866932512));
#12311=CARTESIAN_POINT('',(71.9519568579792,83.0829693317955,-34.0177046662386));
#12312=CARTESIAN_POINT('',(71.9768807718883,83.0283025412693,-33.9230190075606));
#12313=CARTESIAN_POINT('',(71.9935950245489,82.9916423861936,-33.8595217563561));
#12314=CARTESIAN_POINT('',(72.0021030207504,82.9538084217244,-33.7939914076436));
#12315=CARTESIAN_POINT('',(72.0021030207504,82.9162077763752,-33.7288651795014));
#12316=CARTESIAN_POINT('',(104.00210302075,83.0166630677171,-33.9028588479947));
#12317=CARTESIAN_POINT('',(70.7021030207504,82.7188137127504,-28.4745409772135));
#12318=CARTESIAN_POINT('',(104.00210302075,82.7188137127504,-28.4745409772135));
#12319=CARTESIAN_POINT('',(72.0021030207504,84.6184579566092,-33.5100916268235));
#12320=CARTESIAN_POINT('',(71.0021030207504,84.6184579566092,-33.5100916268235));
#12321=CARTESIAN_POINT('',(71.0021030207504,79.9065241586996,-29.519063578298));
#12322=CARTESIAN_POINT('',(72.0021030207504,79.9065241586996,-29.519063578298));
#12323=CARTESIAN_POINT('',(72.0021030207504,75.1945903607899,-14.5780355297724));
#12324=CARTESIAN_POINT('',(71.0021030207504,75.1945903607899,-14.5780355297724));
#12325=CARTESIAN_POINT('',(71.0021030207504,79.9065241586995,-18.5690635782979));
#12326=CARTESIAN_POINT('',(71.0021030207504,76.3948606469164,-13.4898072961232));
#12327=CARTESIAN_POINT('',(72.0021030207504,76.3948606469164,-13.4898072961232));
#12328=CARTESIAN_POINT('',(72.0021030207504,79.9065241586995,-18.5690635782979));
#12329=CARTESIAN_POINT('',(71.0021030207504,76.3948606469164,-13.4898072961232));
#12330=CARTESIAN_POINT('',(71.1137389848559,76.3948606469164,-13.4898072961232));
#12331=CARTESIAN_POINT('',(71.2269142714351,76.4045063487677,-13.5065141418043));
#12332=CARTESIAN_POINT('',(71.3322518572674,76.4229900002793,-13.5385287653318));
#12333=CARTESIAN_POINT('',(71.4375846560752,76.4414728118087,-13.5705419339675));
#12334=CARTESIAN_POINT('',(71.5379814761499,76.4692998735465,-13.6187398187227));
#12335=CARTESIAN_POINT('',(71.6251744918869,76.504152541305,-13.6791064100596));
#12336=CARTESIAN_POINT('',(71.7124837976019,76.5390516923274,-13.7395535127715));
#12337=CARTESIAN_POINT('',(71.7889545227279,76.5819513817366,-13.8138579544572));
#12338=CARTESIAN_POINT('',(71.8483453334242,76.6292996906759,-13.8958676311924));
#12339=CARTESIAN_POINT('',(71.9079267193575,76.6767999324661,-13.978140463345));
#12340=CARTESIAN_POINT('',(71.9519568579792,76.7300789856032,-14.0704224903575));
#12341=CARTESIAN_POINT('',(71.9768807718883,76.7847457761294,-14.1651081490356));
#12342=CARTESIAN_POINT('',(71.9935950245489,76.8214059312051,-14.2286054002401));
#12343=CARTESIAN_POINT('',(72.0021030207504,76.8592398956742,-14.2941357489526));
#12344=CARTESIAN_POINT('',(72.0021030207504,76.8968405410235,-14.3592619770948));
#12345=CARTESIAN_POINT('',(104.00210302075,77.5887819982667,-15.5577397369032));
#12346=CARTESIAN_POINT('',(104.00210302075,76.7963852496815,-14.1852683086012));
#12347=CARTESIAN_POINT('',(71.3021030207504,82.224266319132,-15.557739736903));
#12348=CARTESIAN_POINT('',(104.00210302075,79.9065241586995,-18.5690635782979));
#12349=CARTESIAN_POINT('',(72.0021030207504,83.4181876704823,-13.489807296123));
#12350=CARTESIAN_POINT('',(71.0021030207504,83.4181876704823,-13.489807296123));
#12351=CARTESIAN_POINT('',(72.0021030207504,82.9162077763752,-14.3592619770945));
#12352=CARTESIAN_POINT('',(72.0021030207504,82.9725749971284,-14.2616310868685));
#12353=CARTESIAN_POINT('',(71.9826857013467,83.0297205354502,-14.1626521110693));
#12354=CARTESIAN_POINT('',(71.9454029309855,83.0829160459187,-14.0705147842034));
#12355=CARTESIAN_POINT('',(71.9081163747231,83.1361169581571,-13.9783681011975));
#12356=CARTESIAN_POINT('',(71.8519218734361,83.1868364631664,-13.8905193415866));
#12357=CARTESIAN_POINT('',(71.7814350398637,83.2308343092013,-13.8143128368305));
#12358=CARTESIAN_POINT('',(71.7111336470057,83.2747164032356,-13.7383068204206));
#12359=CARTESIAN_POINT('',(71.6246622688194,83.3131268174072,-13.6717780315357));
#12360=CARTESIAN_POINT('',(71.5291944173408,83.3428367815572,-13.6203188641368));
#12361=CARTESIAN_POINT('',(71.4340886642257,83.3724340592978,-13.5690548753243));
#12362=CARTESIAN_POINT('',(71.3274199353882,83.3942156831742,-13.5313279960991));
#12363=CARTESIAN_POINT('',(71.2180575920703,83.4063501128911,-13.5103105473085));
#12364=CARTESIAN_POINT('',(71.1473612489449,83.4141943102709,-13.4967239989021));
#12365=CARTESIAN_POINT('',(71.074519169926,83.4181876704823,-13.489807296123));
#12366=CARTESIAN_POINT('',(71.0021030207504,83.4181876704823,-13.489807296123));
#12367=CARTESIAN_POINT('',(104.00210302075,83.0166630677171,-14.1852683086013));
#12368=CARTESIAN_POINT('',(71.0021030207504,79.9065241586995,-18.5690635782979));
#12369=CARTESIAN_POINT('',(71.0021030207504,84.6184579566091,-14.5780355297725));
#12370=CARTESIAN_POINT('',(72.0021030207504,84.6184579566091,-14.5780355297725));
#12371=CARTESIAN_POINT('',(72.0021030207504,79.9065241586995,-18.5690635782979));
#12372=CARTESIAN_POINT('',(70.7021030207504,79.9065241586995,-18.5690635782979));
#12373=CARTESIAN_POINT('',(70.7021030207504,79.9065241586995,-20.5690635782979));
#12374=CARTESIAN_POINT('',(27.0521030207504,79.9065241586995,-18.5690635782979));
#12375=CARTESIAN_POINT('',(70.7021030207504,77.0942346046482,-19.6135861793824));
#12376=CARTESIAN_POINT('',(70.7021030207504,76.3936386476452,-20.0180754437513));
#12377=CARTESIAN_POINT('',(104.00210302075,76.3936386476452,-20.0180754437513));
#12378=CARTESIAN_POINT('',(104.00210302075,77.0942346046482,-19.6135861793824));
#12379=CARTESIAN_POINT('',(70.7021030207504,79.9065241586995,-18.5690635782979));
#12380=CARTESIAN_POINT('',(70.7021030207504,78.4575122932455,-22.081949089352));
#12381=CARTESIAN_POINT('',(104.00210302075,78.4575122932455,-22.081949089352));
#12382=CARTESIAN_POINT('',(104.00210302075,79.9065241586995,-18.5690635782979));
#12383=CARTESIAN_POINT('',(70.7021030207504,79.9065241586995,-18.5690635782979));
#12384=CARTESIAN_POINT('',(70.7021030207504,83.4194096697537,-20.0180754437515));
#12385=CARTESIAN_POINT('',(70.7021030207504,81.3555360241531,-22.0819490893521));
#12386=CARTESIAN_POINT('',(104.00210302075,83.4194096697537,-20.0180754437515));
#12387=CARTESIAN_POINT('',(71.3021030207504,81.3555360241531,-22.0819490893521));
#12388=CARTESIAN_POINT('',(104.00210302075,79.9065241586995,-18.5690635782979));
#12389=CARTESIAN_POINT('',(70.7021030207504,82.7188137127504,-19.6135861793825));
#12390=CARTESIAN_POINT('',(104.00210302075,82.7188137127504,-19.6135861793825));
#12391=CARTESIAN_POINT('',(70.7021030207504,77.6651155446604,-23.4544205176538));
#12392=CARTESIAN_POINT('',(104.00210302075,77.6651155446604,-23.4544205176538));
#12393=CARTESIAN_POINT('',(70.7021030207504,82.1479327727382,-23.4544205176539));
#12394=CARTESIAN_POINT('',(104.00210302075,82.1479327727382,-23.4544205176539));
#12395=CARTESIAN_POINT('',(58.9221030207586,71.3269361697256,-40.3568645121923));
#12396=CARTESIAN_POINT('',(50.6021030207503,73.7040790268709,-40.3568645121923));
#12397=CARTESIAN_POINT('',(54.4221030207586,72.6126504554399,-40.3568645121923));
#12398=CARTESIAN_POINT('',(54.4221030207586,74.3269361697256,-40.3568645121923));
#12399=CARTESIAN_POINT('',(54.4221030207586,75.3269361697256,-40.3568645121923));
#12400=CARTESIAN_POINT('',(48.5414332473026,75.3269361697256,-40.3568645121923));
#12401=CARTESIAN_POINT('',(50.6021030207504,75.3269361697256,-40.3568645121923));
#12402=CARTESIAN_POINT('',(50.6021030207503,74.3269361697256,-40.3568645121923));
#12403=CARTESIAN_POINT('',(50.6021030207504,74.3269361697256,-40.3568645121923));
#12404=CARTESIAN_POINT('',(59.6592831296606,71.1163132814679,-38.6111378092249));
#12405=CARTESIAN_POINT('',(58.9221030207586,71.3269361697256,-38.8568645121923));
#12406=CARTESIAN_POINT('',(58.9221030207586,44.6269361697253,-38.8568645121922));
#12407=CARTESIAN_POINT('',(58.9221030207586,75.3269361697256,-38.8568645121923));
#12408=CARTESIAN_POINT('',(54.4221030207586,75.3269361697256,-40.3568645121923));
#12409=CARTESIAN_POINT('',(54.4221030207586,74.3269361697256,-40.3568645121923));
#12410=CARTESIAN_POINT('',(48.5414332473026,75.3269361697256,-41.1568645121923));
#12411=CARTESIAN_POINT('',(60.9221030207586,75.3269361697256,-41.1568645121923));
#12412=CARTESIAN_POINT('',(48.7021030207505,75.3269361697256,-41.1568645121923));
#12413=CARTESIAN_POINT('',(60.9221030207586,74.3269361697256,-41.1568645121923));
#12414=CARTESIAN_POINT('',(60.9221030207586,71.3269361697256,-41.1568645121923));
#12415=CARTESIAN_POINT('',(58.9221030207586,71.3269361697256,-41.1568645121923));
#12416=CARTESIAN_POINT('',(58.9221030207586,71.3269361697256,-41.1568645121923));
#12417=CARTESIAN_POINT('',(58.9221030207586,71.3269361697256,-41.1568645121923));
#12418=CARTESIAN_POINT('',(48.7021030207504,74.246936169728,-41.1568645121923));
#12419=CARTESIAN_POINT('',(48.7021030207504,74.3269361697256,-41.1568645121923));
#12420=CARTESIAN_POINT('',(60.9221030207586,74.3269361697256,-41.1568645121923));
#12421=CARTESIAN_POINT('',(60.9221030207504,59.406524158699,-39.0690635782979));
#12422=CARTESIAN_POINT('',(60.9221030207504,59.406524158699,-30.5690635782979));
#12423=CARTESIAN_POINT('',(60.9221030207504,59.406524158699,-38.0690635782979));
#12424=CARTESIAN_POINT('',(60.9221030207586,60.406524158699,-38.0690635782979));
#12425=CARTESIAN_POINT('',(60.9221030207504,60.406524158699,-39.0690635782979));
#12426=CARTESIAN_POINT('',(60.9221030207504,72.406524158699,-39.0690635782979));
#12427=CARTESIAN_POINT('',(60.9221030207586,71.3269361697256,-39.0690635782979));
#12428=CARTESIAN_POINT('',(60.9221030207586,71.3269361697256,-18.469063578298));
#12429=CARTESIAN_POINT('',(60.9221030207586,75.3269361697256,-50.3300714626761));
#12430=CARTESIAN_POINT('',(60.9221030207586,65.906524158699,-32.5690635782979));
#12431=CARTESIAN_POINT('',(60.9221030207504,59.406524158699,-30.5690635782979));
#12432=CARTESIAN_POINT('',(60.9221030207586,74.3269361697257,-13.3812626444036));
#12433=CARTESIAN_POINT('',(48.7021030207504,74.246936169728,-36.219063578298));
#12434=CARTESIAN_POINT('',(58.9221030207586,71.3269361697256,-36.219063578298));
#12435=CARTESIAN_POINT('',(58.9221030207504,71.3269361697256,-39.0690635782979));
#12436=CARTESIAN_POINT('',(58.9221030207586,71.3269361697256,-36.219063578298));
#12437=CARTESIAN_POINT('',(50.6021030207503,73.7040790268709,-36.219063578298));
#12438=CARTESIAN_POINT('',(58.9221030207586,71.3269361697257,-36.219063578298));
#12439=CARTESIAN_POINT('',(35.7021030207504,71.3269361697256,-39.0690635782979));
#12440=CARTESIAN_POINT('',(35.7021030207504,71.3269361697256,-18.469063578298));
#12441=CARTESIAN_POINT('',(58.9221030207504,72.406524158699,-39.0690635782979));
#12442=CARTESIAN_POINT('',(58.9221030207504,60.406524158699,-39.0690635782979));
#12443=CARTESIAN_POINT('',(58.9221030207586,60.406524158699,-38.0690635782979));
#12444=CARTESIAN_POINT('',(58.9221030207504,59.406524158699,-38.0690635782979));
#12445=CARTESIAN_POINT('',(58.9221030207504,59.406524158699,-39.0690635782979));
#12446=CARTESIAN_POINT('',(58.9221030207504,59.406524158699,-30.5690635782979));
#12447=CARTESIAN_POINT('',(58.9221030207504,59.406524158699,-30.5690635782979));
#12448=CARTESIAN_POINT('',(58.9221030207586,65.906524158699,-32.5690635782979));
#12449=CARTESIAN_POINT('',(58.9221030207586,75.3269361697256,-50.3300714626761));
#12450=CARTESIAN_POINT('',(58.9221030207586,44.6269361697253,-36.219063578298));
#12451=CARTESIAN_POINT('',(48.7021030207504,75.3269361697256,-50.3300714626761));
#12452=CARTESIAN_POINT('',(48.7021030207505,74.3269361697257,-17.9690635782979));
#12453=CARTESIAN_POINT('',(50.6021030207503,75.3269361697256,-50.3300714626761));
#12454=CARTESIAN_POINT('',(50.6021030207504,74.3269361697257,-14.1812626444036));
#12455=CARTESIAN_POINT('',(48.5414332473026,75.3269361697256,-50.3300714626761));
#12456=CARTESIAN_POINT('',(53.9521030207504,95.1315241586997,-39.9690636444036));
#12457=CARTESIAN_POINT('',(53.9521030207504,95.1315241586997,-39.9690636444036));
#12458=CARTESIAN_POINT('',(51.4521030207504,95.1315241586997,-39.9690636444036));
#12459=CARTESIAN_POINT('',(53.9521030207505,95.1315241586997,-40.1690636444036));
#12460=CARTESIAN_POINT('',(53.9521030207505,94.9315241586997,-40.1690636444036));
#12461=CARTESIAN_POINT('',(64.57423897575,94.9315241586997,-40.1690636444036));
#12462=CARTESIAN_POINT('',(51.4521030207504,94.9315241586997,-40.1690636444036));
#12463=CARTESIAN_POINT('',(51.4521030207504,95.1315241586997,-40.1690636444036));
#12464=CARTESIAN_POINT('',(53.9521030207504,95.1315241586997,-40.1690636444036));
#12465=CARTESIAN_POINT('',(51.4521030207504,83.2815241586997,-39.9690636444036));
#12466=CARTESIAN_POINT('',(51.4521030207505,97.2315241586997,-39.9690636444036));
#12467=CARTESIAN_POINT('',(57.5971030207504,97.2315241586997,-39.9690636444036));
#12468=CARTESIAN_POINT('',(53.9521030207505,97.2315241586997,-39.9690636444036));
#12469=CARTESIAN_POINT('',(53.9521030207504,83.2815241586997,-39.9690636444036));
#12470=CARTESIAN_POINT('',(53.9521030207504,83.2815241586997,-39.9690636444036));
#12471=CARTESIAN_POINT('',(59.1521030207585,94.9315241586997,-41.7690636444036));
#12472=CARTESIAN_POINT('',(52.1521030207585,94.9315241586997,-41.7690636444036));
#12473=CARTESIAN_POINT('',(46.2021057570011,94.9315241586997,-41.7690636444036));
#12474=CARTESIAN_POINT('',(46.2021030207505,94.9315241586997,-38.6643202254751));
#12475=CARTESIAN_POINT('',(46.2021056245079,94.9315241586997,-40.469063049259));
#12476=CARTESIAN_POINT('',(47.2021030207505,94.9315241586997,-40.2404922158321));
#12477=CARTESIAN_POINT('',(51.4521030207504,94.9315241586997,-39.2690636444036));
#12478=CARTESIAN_POINT('',(51.4521030207504,94.9315241586997,-38.6643202254751));
#12479=CARTESIAN_POINT('',(53.9521030207505,94.9315241586997,-39.2690636444036));
#12480=CARTESIAN_POINT('',(53.9521030207505,94.9315241586997,-39.2690636444036));
#12481=CARTESIAN_POINT('',(51.4521030207504,94.9315241586997,-39.2690636444036));
#12482=CARTESIAN_POINT('',(56.6021030207505,94.9315241586997,-39.2690636444036));
#12483=CARTESIAN_POINT('',(58.5575205487498,94.9315241586997,-38.2913548804039));
#12484=CARTESIAN_POINT('',(58.1352293127495,94.9315241586997,-38.5025004984041));
#12485=CARTESIAN_POINT('',(60.8185108857492,94.9315241586997,-43.8690636444036));
#12486=CARTESIAN_POINT('',(60.8185108857492,94.9315241586997,-37.8690636444036));
#12487=CARTESIAN_POINT('',(64.57423897575,94.9315241586997,-37.8690636444036));
#12488=CARTESIAN_POINT('',(68.9021030207505,94.9315241586997,-37.8690636444036));
#12489=CARTESIAN_POINT('',(68.9021030207505,94.9315241586997,-37.4690636444036));
#12490=CARTESIAN_POINT('',(69.3021030207505,94.9315241586997,-37.4690636444036));
#12491=CARTESIAN_POINT('',(69.3021030207505,94.9315241586997,-21.3240636444036));
#12492=CARTESIAN_POINT('',(69.3021030207505,94.9315241586997,-37.2690636444036));
#12493=CARTESIAN_POINT('',(68.6021030207505,94.9315241586997,-37.2690636444036));
#12494=CARTESIAN_POINT('',(68.7021030207505,94.9315241586997,-36.8690636444036));
#12495=CARTESIAN_POINT('',(68.7021030207505,94.9315241586997,-38.8690636444036));
#12496=CARTESIAN_POINT('',(57.5971030207504,94.9315241586997,-38.8690636444036));
#12497=CARTESIAN_POINT('',(65.9521030207505,94.9315241586997,-38.8690636444036));
#12498=CARTESIAN_POINT('',(57.6971030207504,94.9315241586997,-42.4069207872607));
#12499=CARTESIAN_POINT('',(64.2294262139995,94.9315241586997,-39.6073537044397));
#12500=CARTESIAN_POINT('',(63.4415876168412,94.9315241586997,-37.7690636444036));
#12501=CARTESIAN_POINT('',(63.4415876168412,94.9315241586997,-39.7690636444036));
#12502=CARTESIAN_POINT('',(57.6971030207504,94.9315241586997,-39.7690636444036));
#12503=CARTESIAN_POINT('',(62.3521030207505,94.9315241586997,-39.7690636444036));
#12504=CARTESIAN_POINT('',(62.3521030207505,94.9315241586997,-21.3240636444036));
#12505=CARTESIAN_POINT('',(62.3521030207504,94.9315241586997,-38.9957851608987));
#12506=CARTESIAN_POINT('',(62.2840569785788,94.9315241586997,-39.0690636444036));
#12507=CARTESIAN_POINT('',(62.2840569785788,94.9315241586997,-38.9690636444036));
#12508=CARTESIAN_POINT('',(62.2101226304786,94.9315241586997,-38.9690636444036));
#12509=CARTESIAN_POINT('',(60.3521030207586,94.9315241586997,-38.9690636444036));
#12510=CARTESIAN_POINT('',(60.3521030207586,94.9315241586997,-39.1690636444036));
#12511=CARTESIAN_POINT('',(60.1521030207585,94.9315241586997,-39.1690636444036));
#12512=CARTESIAN_POINT('',(60.1521030207585,94.9315241586997,-39.1690636444036));
#12513=CARTESIAN_POINT('',(60.1521030207585,94.9315241586997,-40.3276725351349));
#12514=CARTESIAN_POINT('',(59.6521030207585,94.9315241586997,-40.3276725351349));
#12515=CARTESIAN_POINT('',(59.7141203880532,94.9315241586997,-40.8238114734917));
#12516=CARTESIAN_POINT('',(52.1521030207585,94.9315241586997,-41.7690636444036));
#12517=CARTESIAN_POINT('',(64.57423897575,94.9315241586997,-38.6643202254751));
#12518=CARTESIAN_POINT('',(45.2021030207505,84.8815241586997,-41.7690636444036));
#12519=CARTESIAN_POINT('',(45.2021030207505,93.9315241586997,-41.7690636444036));
#12520=CARTESIAN_POINT('',(45.2021030207505,76.8315241586998,-41.7690636444036));
#12521=CARTESIAN_POINT('',(45.2021030207505,76.8315241586998,-33.7690636444035));
#12522=CARTESIAN_POINT('',(45.2021030207505,76.8315241586998,-40.697635072975));
#12523=CARTESIAN_POINT('',(45.2021030207505,85.7815241586997,-40.697635072975));
#12524=CARTESIAN_POINT('',(45.2021030207505,93.9315241586997,-40.697635072975));
#12525=CARTESIAN_POINT('',(45.2021030207505,93.9315241586997,-41.2333493586893));
#12526=CARTESIAN_POINT('',(45.2021030207505,84.8815241586997,-41.2333493586893));
#12527=CARTESIAN_POINT('',(46.2021030207505,93.9315241586997,-41.7690636444036));
#12528=CARTESIAN_POINT('',(46.2021030207505,93.9315241586997,-40.4690636444035));
#12529=CARTESIAN_POINT('',(46.2021030207505,93.9315241586997,-38.6643202254751));
#12530=CARTESIAN_POINT('',(57.5971030207504,75.6315241586997,-39.9690636444036));
#12531=CARTESIAN_POINT('',(53.9521030207504,75.6315241586997,-39.9690636444036));
#12532=CARTESIAN_POINT('',(51.4521030207504,75.6315241586997,-39.9690636444036));
#12533=CARTESIAN_POINT('',(53.9521030207504,71.2815241586997,-39.9690636444036));
#12534=CARTESIAN_POINT('',(53.9521030207504,73.5315241586997,-39.9690636444036));
#12535=CARTESIAN_POINT('',(57.5971030207504,73.5315241586997,-39.9690636444036));
#12536=CARTESIAN_POINT('',(51.4521030207504,73.5315241586997,-39.9690636444036));
#12537=CARTESIAN_POINT('',(51.4521030207504,71.2815241586997,-39.9690636444036));
#12538=CARTESIAN_POINT('',(53.9521030207504,71.2815241586997,-39.9690636444036));
#12539=CARTESIAN_POINT('',(53.9521030207505,73.5315241586997,-21.3240636444036));
#12540=CARTESIAN_POINT('',(53.9521030207504,73.5315241586997,-39.2690636444036));
#12541=CARTESIAN_POINT('',(57.5971030207504,73.5315241586997,-39.2690636444036));
#12542=CARTESIAN_POINT('',(51.4521030207504,73.5315241586997,-39.2690636444036));
#12543=CARTESIAN_POINT('',(51.4521030207505,73.5315241586997,-20.4240636444037));
#12544=CARTESIAN_POINT('',(52.8271030207545,73.5315241586997,-40.6690636444036));
#12545=CARTESIAN_POINT('',(51.4521030207504,83.2815241586997,-39.2690636444036));
#12546=CARTESIAN_POINT('',(51.4521030207505,97.2315241586997,-39.2690636444036));
#12547=CARTESIAN_POINT('',(51.4521030207505,97.2315241586997,-20.4240636444037));
#12548=CARTESIAN_POINT('',(51.4521030207504,83.2815241586997,-40.0690636444036));
#12549=CARTESIAN_POINT('',(57.5971030207504,97.2315241586997,-39.2690636444036));
#12550=CARTESIAN_POINT('',(53.9521030207505,97.2315241586997,-39.2690636444036));
#12551=CARTESIAN_POINT('',(53.9521030207505,97.2315241586997,-21.3240636444036));
#12552=CARTESIAN_POINT('',(52.8271030207545,97.2315241586997,-40.6690636444036));
#12553=CARTESIAN_POINT('',(53.9521030207505,83.2815241586997,-39.2690636444036));
#12554=CARTESIAN_POINT('',(53.9521030207505,83.2815241586997,-39.2690636444036));
#12555=CARTESIAN_POINT('',(62.3521030207504,94.8815241586998,-38.9957851608987));
#12556=CARTESIAN_POINT('',(62.3521030207504,94.8815241586998,-38.9957851608987));
#12557=CARTESIAN_POINT('',(62.3521030207505,94.8815241586998,-39.2690636444036));
#12558=CARTESIAN_POINT('',(62.3521030207504,94.8815241586998,-39.2690636444036));
#12559=CARTESIAN_POINT('',(62.382696370962,94.8815241586998,-39.0855035431341));
#12560=CARTESIAN_POINT('',(62.2840569785788,94.8815241586998,-39.0690636444036));
#12561=CARTESIAN_POINT('',(53.9521030207505,94.8815241586998,-48.9690636444036));
#12562=CARTESIAN_POINT('',(62.3521030207505,85.7815241586997,-39.2690636444036));
#12563=CARTESIAN_POINT('',(62.3521030207505,75.8315241586998,-39.2690636444036));
#12564=CARTESIAN_POINT('',(63.2687696874171,75.8315241586998,-33.7690636444035));
#12565=CARTESIAN_POINT('',(62.382696370962,75.8315241586998,-39.0855035431341));
#12566=CARTESIAN_POINT('',(62.382696370962,85.7815241586997,-39.0855035431341));
#12567=CARTESIAN_POINT('',(62.4021030207504,106.0255265587,-38.9690636444036));
#12568=CARTESIAN_POINT('',(62.3521030207504,88.8815241586997,-38.9957851608987));
#12569=CARTESIAN_POINT('',(62.2840569785788,75.8315241586998,-39.0690636444036));
#12570=CARTESIAN_POINT('',(62.2840569785788,75.8315241586998,-38.9690636444036));
#12571=CARTESIAN_POINT('',(62.2840569785788,85.7815241586997,-38.9690636444036));
#12572=CARTESIAN_POINT('',(62.2840569785788,85.7815241586997,-39.0690636444036));
#12573=CARTESIAN_POINT('',(60.3521030207586,84.8815241586997,-38.9690636444036));
#12574=CARTESIAN_POINT('',(60.3521030207586,75.8315241586998,-38.9690636444036));
#12575=CARTESIAN_POINT('',(57.5971030207504,75.8315241586998,-38.9690636444036));
#12576=CARTESIAN_POINT('',(62.2101226304786,84.8815241586997,-38.9690636444036));
#12577=CARTESIAN_POINT('',(60.1521030207585,84.8815241586997,-39.1690636444036));
#12578=CARTESIAN_POINT('',(60.1521030207585,75.8315241586998,-39.1690636444036));
#12579=CARTESIAN_POINT('',(60.3521030207586,75.8315241586998,-39.1690636444036));
#12580=CARTESIAN_POINT('',(60.3521030207586,84.8815241586997,-39.1690636444036));
#12581=CARTESIAN_POINT('',(60.1521030207585,85.7815241586997,-40.3276725351349));
#12582=CARTESIAN_POINT('',(60.1521030207585,75.8315241586998,-40.3276725351349));
#12583=CARTESIAN_POINT('',(60.1521030207585,75.8315241586998,-38.8690636444036));
#12584=CARTESIAN_POINT('',(60.1521030207585,84.8815241586997,-39.1690636444036));
#12585=CARTESIAN_POINT('',(59.6521030207585,75.8315241586998,-40.3276725351349));
#12586=CARTESIAN_POINT('',(59.7141203880532,75.8315241586998,-40.8238114734917));
#12587=CARTESIAN_POINT('',(59.7141203880532,85.7815241586997,-40.8238114734917));
#12588=CARTESIAN_POINT('',(59.6521030207585,85.7815241586997,-40.3276725351349));
#12589=CARTESIAN_POINT('',(52.1521030207585,85.7815241586997,-41.7690636444036));
#12590=CARTESIAN_POINT('',(52.1521030207585,75.8315241586998,-41.7690636444036));
#12591=CARTESIAN_POINT('',(57.5971030207504,75.8315241586998,-41.0884386444046));
#12592=CARTESIAN_POINT('',(52.1521030207585,84.8815241586997,-41.7690636444036));
#12593=CARTESIAN_POINT('',(60.4257098185004,75.8315241586998,-41.7690636444036));
#12594=CARTESIAN_POINT('',(46.2021030207505,75.8315241586998,-41.7690636444036));
#12595=CARTESIAN_POINT('',(46.2021030207505,76.8315241586998,-41.7690636444036));
#12596=CARTESIAN_POINT('',(59.1521030207585,84.8815241586997,-41.7690636444036));
#12597=CARTESIAN_POINT('',(46.2021030207505,75.8315241586998,-33.7690636444035));
#12598=CARTESIAN_POINT('',(46.2021030207504,75.8315241586998,-40.4690636444036));
#12599=CARTESIAN_POINT('',(46.2021030207505,76.8315241586998,-40.4690636444036));
#12600=CARTESIAN_POINT('',(46.2021030207505,76.8315241586998,-33.7690636444035));
#12601=CARTESIAN_POINT('',(57.5971030207504,75.8315241586998,-37.8644922158321));
#12602=CARTESIAN_POINT('',(51.4521030207504,75.8315241586998,-39.2690636444036));
#12603=CARTESIAN_POINT('',(51.4521030207504,85.7815241586997,-39.2690636444036));
#12604=CARTESIAN_POINT('',(47.2021030207505,84.8815241586997,-40.2404922158321));
#12605=CARTESIAN_POINT('',(51.4521030207505,75.8315241586998,-33.7690636444035));
#12606=CARTESIAN_POINT('',(51.4521030207504,75.8315241586998,-40.1690636444036));
#12607=CARTESIAN_POINT('',(51.4521030207504,75.6315241586997,-40.1690636444036));
#12608=CARTESIAN_POINT('',(51.4521030207504,71.2815241586997,-39.2690636444036));
#12609=CARTESIAN_POINT('',(51.4521030207504,71.2815241586997,-40.0690636444036));
#12610=CARTESIAN_POINT('',(57.5971030207504,75.8315241586998,-40.1690636444036));
#12611=CARTESIAN_POINT('',(53.9521030207504,75.8315241586998,-40.1690636444036));
#12612=CARTESIAN_POINT('',(53.9521030207504,75.6315241586997,-40.1690636444036));
#12613=CARTESIAN_POINT('',(57.5971030207504,75.6315241586997,-40.1690636444036));
#12614=CARTESIAN_POINT('',(53.9521030207505,75.8315241586998,-33.7690636444035));
#12615=CARTESIAN_POINT('',(53.9521030207505,75.8315241586998,-39.2690636444036));
#12616=CARTESIAN_POINT('',(53.9521030207505,71.2815241586997,-39.2690636444036));
#12617=CARTESIAN_POINT('',(53.9521030207505,71.2815241586997,-39.2690636444036));
#12618=CARTESIAN_POINT('',(57.5971030207504,75.8315241586998,-39.2690636444036));
#12619=CARTESIAN_POINT('',(56.6021030207505,75.8315241586998,-39.2690636444036));
#12620=CARTESIAN_POINT('',(56.6021030207505,84.8815241586997,-39.2690636444036));
#12621=CARTESIAN_POINT('',(51.4521030207504,77.2815241586997,-39.2690636444036));
#12622=CARTESIAN_POINT('',(58.1352293127495,85.7815241586997,-38.5025004984041));
#12623=CARTESIAN_POINT('',(58.1352293127495,75.8315241586998,-38.5025004984041));
#12624=CARTESIAN_POINT('',(57.5971030207504,75.8315241586998,-38.7715636444036));
#12625=CARTESIAN_POINT('',(58.5575205487498,79.8815241586998,-38.2913548804039));
#12626=CARTESIAN_POINT('',(60.8185108857492,75.8315241586998,-43.8690636444036));
#12627=CARTESIAN_POINT('',(60.8185108857492,75.8315241586998,-37.8690636444036));
#12628=CARTESIAN_POINT('',(60.8185108857492,85.7815241586997,-37.8690636444036));
#12629=CARTESIAN_POINT('',(60.8185108857492,85.7815241586997,-43.8690636444036));
#12630=CARTESIAN_POINT('',(69.3021030207505,84.8815241586997,-37.2690636444036));
#12631=CARTESIAN_POINT('',(69.3021030207505,75.8315241586998,-37.2690636444036));
#12632=CARTESIAN_POINT('',(69.3021030207505,84.8815241586997,-37.4690636444036));
#12633=CARTESIAN_POINT('',(69.3021030207505,75.8315241586998,-37.4690636444036));
#12634=CARTESIAN_POINT('',(69.3021030207505,75.8315241586998,-21.3240636444036));
#12635=CARTESIAN_POINT('',(69.3021030207505,84.8815241586997,-37.4690636444036));
#12636=CARTESIAN_POINT('',(68.9021030207505,84.8815241586997,-37.8690636444036));
#12637=CARTESIAN_POINT('',(68.9021030207505,75.8315241586998,-37.8690636444036));
#12638=CARTESIAN_POINT('',(68.9021030207505,75.8315241586998,-37.4690636444036));
#12639=CARTESIAN_POINT('',(68.9021030207505,84.8815241586997,-37.4690636444036));
#12640=CARTESIAN_POINT('',(57.5971030207504,75.8315241586998,-37.8690636444036));
#12641=CARTESIAN_POINT('',(59.4021030207505,79.8815241586998,-37.8690636444036));
#12642=CARTESIAN_POINT('',(62.3521030207505,84.8815241586997,-39.7690636444036));
#12643=CARTESIAN_POINT('',(62.3521030207505,75.8315241586998,-39.7690636444036));
#12644=CARTESIAN_POINT('',(62.3521030207505,75.8315241586998,-21.3240636444036));
#12645=CARTESIAN_POINT('',(62.3521030207505,79.8815241586998,-39.3690636444036));
#12646=CARTESIAN_POINT('',(63.4415876168412,85.7815241586997,-39.7690636444036));
#12647=CARTESIAN_POINT('',(63.4415876168412,75.8315241586998,-39.7690636444036));
#12648=CARTESIAN_POINT('',(57.6971030207504,75.8315241586998,-39.7690636444036));
#12649=CARTESIAN_POINT('',(63.8521030207505,84.8815241586997,-39.7690636444036));
#12650=CARTESIAN_POINT('',(64.2294262139995,85.7815241586997,-39.6073537044397));
#12651=CARTESIAN_POINT('',(64.2294262139995,75.8315241586998,-39.6073537044397));
#12652=CARTESIAN_POINT('',(63.4415876168412,75.8315241586998,-37.7690636444036));
#12653=CARTESIAN_POINT('',(63.4415876168412,85.7815241586997,-37.7690636444036));
#12654=CARTESIAN_POINT('',(65.9521030207505,84.8815241586997,-38.8690636444036));
#12655=CARTESIAN_POINT('',(65.9521030207505,75.8315241586998,-38.8690636444036));
#12656=CARTESIAN_POINT('',(57.6971030207504,75.8315241586998,-42.4069207872607));
#12657=CARTESIAN_POINT('',(65.9521030207505,84.8815241586997,-38.8690636444036));
#12658=CARTESIAN_POINT('',(68.7021030207505,84.8815241586997,-38.8690636444036));
#12659=CARTESIAN_POINT('',(68.7021030207505,75.8315241586998,-38.8690636444036));
#12660=CARTESIAN_POINT('',(57.5971030207504,75.8315241586998,-38.8690636444036));
#12661=CARTESIAN_POINT('',(68.7021030207505,84.8815241586997,-38.8690636444036));
#12662=CARTESIAN_POINT('',(68.7021030207505,75.8315241586998,-36.8690636444036));
#12663=CARTESIAN_POINT('',(68.7021030207505,84.8815241586997,-36.8690636444036));
#12664=CARTESIAN_POINT('',(68.6021030207505,85.3269361697257,-37.2690636444036));
#12665=CARTESIAN_POINT('',(68.7021030207504,85.3269361697257,-36.576243321376));
#12666=CARTESIAN_POINT('',(68.7021030207504,85.3269361697257,-25.7940635782979));
#12667=CARTESIAN_POINT('',(35.7021030207504,85.3269361697257,-25.7940635782979));
#12668=CARTESIAN_POINT('',(68.7021030207504,84.8815241586997,-36.576243321376));
#12669=CARTESIAN_POINT('',(68.7021030207504,75.8315241586998,-36.576243321376));
#12670=CARTESIAN_POINT('',(68.7021030207504,75.8315241586998,-31.6440635782979));
#12671=CARTESIAN_POINT('',(68.7021030207504,85.3269361697257,-31.6440635782979));
#12672=CARTESIAN_POINT('',(68.6021030207505,75.8315241586998,-37.2690636444036));
#12673=CARTESIAN_POINT('',(70.2021030207504,75.8315241586998,-36.0690635782979));
#12674=CARTESIAN_POINT('',(55.1771030207504,75.8315241586998,-31.3440636444035));
#12675=CARTESIAN_POINT('',(68.6021030207505,84.8815241586997,-37.2690636444036));
#12676=CARTESIAN_POINT('',(67.3027241942995,101.830575340166,-36.063324121012));
#12677=CARTESIAN_POINT('',(54.4221030207586,98.1503978620114,-40.3568645121922));
#12678=CARTESIAN_POINT('',(58.9221030207586,99.4361121477257,-38.8568645121922));
#12679=CARTESIAN_POINT('',(54.4221030207586,99.3269361697257,-40.3568645121922));
#12680=CARTESIAN_POINT('',(54.4221030207586,95.4361121477257,-40.3568645121922));
#12681=CARTESIAN_POINT('',(58.9221030207586,95.4361121477257,-38.8568645121922));
#12682=CARTESIAN_POINT('',(58.9221030207586,95.4361121477257,-38.8568645121922));
#12683=CARTESIAN_POINT('',(58.9221030207586,95.3269361697257,-38.8568645121922));
#12684=CARTESIAN_POINT('',(58.9221030207586,126.026936169726,-38.8568645121923));
#12685=CARTESIAN_POINT('',(54.4521030207504,95.4361121477257,-40.3568645121922));
#12686=CARTESIAN_POINT('',(50.6021030207504,95.4361121477257,-40.3568645121922));
#12687=CARTESIAN_POINT('',(58.9221030207586,99.4361121477257,-40.3568645121922));
#12688=CARTESIAN_POINT('',(50.6021030207504,97.0589692905805,-40.3568645121922));
#12689=CARTESIAN_POINT('',(50.6021030207504,96.3269361697257,-40.3568645121922));
#12690=CARTESIAN_POINT('',(54.4521030207504,96.3269361697257,-40.3568645121922));
#12691=CARTESIAN_POINT('',(48.7021030207505,95.4361121477257,-41.1568645121923));
#12692=CARTESIAN_POINT('',(48.7021030207505,95.4361121477257,-41.1568645121923));
#12693=CARTESIAN_POINT('',(48.7021030207505,96.4361121477257,-41.1568645121923));
#12694=CARTESIAN_POINT('',(48.7021030207505,96.5161121477234,-41.1568645121923));
#12695=CARTESIAN_POINT('',(58.9221030207586,99.4361121477257,-41.1568645121923));
#12696=CARTESIAN_POINT('',(58.9221030207586,99.4361121477257,-41.1568645121922));
#12697=CARTESIAN_POINT('',(60.9221030207586,99.4361121477257,-41.1568645121922));
#12698=CARTESIAN_POINT('',(48.7021030207505,96.4361121477257,-41.1568645121923));
#12699=CARTESIAN_POINT('',(48.7021030207504,96.5161121477234,-8.86906357829788));
#12700=CARTESIAN_POINT('',(50.6021030207503,97.0589692905805,-8.86906357829787));
#12701=CARTESIAN_POINT('',(58.9221030207586,99.4361121477257,-35.7190635782978));
#12702=CARTESIAN_POINT('',(58.9221030207545,99.4361121477245,-39.0690635782979));
#12703=CARTESIAN_POINT('',(58.9221030207586,99.4361121477257,-35.7190635782978));
#12704=CARTESIAN_POINT('',(58.9221030207586,99.4361121477257,-8.86906357829785));
#12705=CARTESIAN_POINT('',(58.9221030207586,95.4361121477257,-3.85805569391972));
#12706=CARTESIAN_POINT('',(50.6021030207504,95.4361121477257,-40.0068645121922));
#12707=CARTESIAN_POINT('',(48.7021030207505,95.4361121477257,-36.2190635782979));
#12708=CARTESIAN_POINT('',(48.5414332473026,95.4361121477257,-3.85805569391974));
#12709=CARTESIAN_POINT('',(48.7021030207505,96.4361121477257,-36.2190635782979));
#12710=CARTESIAN_POINT('',(50.6021030207504,96.3269361697257,-40.0068645121922));
#12711=CARTESIAN_POINT('',(58.9221030207504,111.3565241587,-30.5690635782979));
#12712=CARTESIAN_POINT('',(58.9221030207504,111.3565241587,-30.5690635782979));
#12713=CARTESIAN_POINT('',(58.9221030207504,111.3565241587,-38.0690635782979));
#12714=CARTESIAN_POINT('',(58.9221030207586,110.3565241587,-38.0690635782979));
#12715=CARTESIAN_POINT('',(58.9221030207504,110.3565241587,-39.0690635782979));
#12716=CARTESIAN_POINT('',(58.9221030207504,111.3565241587,-39.0690635782979));
#12717=CARTESIAN_POINT('',(58.9221030207586,104.8565241587,-32.5690635782979));
#12718=CARTESIAN_POINT('',(58.9221030207504,108.8565241587,-30.5690635782979));
#12719=CARTESIAN_POINT('',(58.9221030207586,126.026936169726,-8.86906357829788));
#12720=CARTESIAN_POINT('',(35.7021030207504,99.4361121477257,-39.0690635782979));
#12721=CARTESIAN_POINT('',(35.7021030207504,99.4361121477257,-35.7190635782979));
#12722=CARTESIAN_POINT('',(67.3027241942995,68.9324729772336,-12.0248030355805));
#12723=CARTESIAN_POINT('',(54.4221030207586,72.6126504553881,-7.73126264440023));
#12724=CARTESIAN_POINT('',(58.9221030207586,71.3269361696738,-9.23126264440024));
#12725=CARTESIAN_POINT('',(54.4221030207586,71.4361121476738,-7.73126264440023));
#12726=CARTESIAN_POINT('',(54.4221030207586,75.3269361696738,-7.73126264440023));
#12727=CARTESIAN_POINT('',(58.9221030207586,75.3269361696738,-9.23126264440024));
#12728=CARTESIAN_POINT('',(58.9221030207586,75.3269361696738,-9.23126264440024));
#12729=CARTESIAN_POINT('',(58.9221030207586,75.4361121476738,-9.23126264440024));
#12730=CARTESIAN_POINT('',(58.9221030207586,44.7361121476735,-9.23126264440021));
#12731=CARTESIAN_POINT('',(54.4521030207504,75.3269361696738,-7.73126264440023));
#12732=CARTESIAN_POINT('',(50.6021030207504,75.3269361696738,-7.73126264440023));
#12733=CARTESIAN_POINT('',(58.9221030207586,71.3269361696738,-7.73126264440023));
#12734=CARTESIAN_POINT('',(50.6021030207504,73.704079026819,-7.73126264440023));
#12735=CARTESIAN_POINT('',(50.6021030207504,74.4361121476738,-7.73126264440023));
#12736=CARTESIAN_POINT('',(54.4521030207504,74.4361121476738,-7.73126264440023));
#12737=CARTESIAN_POINT('',(48.7021030207505,75.3269361696738,-6.93126264440024));
#12738=CARTESIAN_POINT('',(48.7021030207505,75.3269361696738,-6.93126264440024));
#12739=CARTESIAN_POINT('',(48.7021030207505,74.3269361696738,-6.93126264440024));
#12740=CARTESIAN_POINT('',(48.7021030207505,74.2469361696761,-6.93126264440024));
#12741=CARTESIAN_POINT('',(58.9221030207586,71.3269361696738,-6.93126264440024));
#12742=CARTESIAN_POINT('',(58.9221030207586,71.3269361696738,-6.93126264440024));
#12743=CARTESIAN_POINT('',(60.9221030207586,71.3269361696738,-6.93126264440024));
#12744=CARTESIAN_POINT('',(48.7021030207505,74.3269361696738,-6.93126264440024));
#12745=CARTESIAN_POINT('',(48.7021030207504,74.2469361696761,-39.2190635782946));
#12746=CARTESIAN_POINT('',(50.6021030207503,73.704079026819,-39.2190635782946));
#12747=CARTESIAN_POINT('',(58.9221030207586,71.3269361696738,-12.3690635782946));
#12748=CARTESIAN_POINT('',(58.9221030207545,71.326936169675,-9.01906357829459));
#12749=CARTESIAN_POINT('',(58.9221030207586,71.3269361696738,-12.3690635782946));
#12750=CARTESIAN_POINT('',(58.9221030207586,71.3269361696738,-39.2190635782946));
#12751=CARTESIAN_POINT('',(58.9221030207586,75.3269361696738,-44.2300714626728));
#12752=CARTESIAN_POINT('',(50.6021030207504,75.3269361696738,-8.08126264440025));
#12753=CARTESIAN_POINT('',(48.7021030207505,75.3269361696738,-11.8690635782946));
#12754=CARTESIAN_POINT('',(48.5414332473026,75.3269361696738,-44.2300714626727));
#12755=CARTESIAN_POINT('',(48.7021030207505,74.3269361696738,-11.8690635782946));
#12756=CARTESIAN_POINT('',(50.6021030207504,74.4361121476738,-8.08126264440025));
#12757=CARTESIAN_POINT('',(58.9221030207504,59.406524158699,-17.5190635782946));
#12758=CARTESIAN_POINT('',(58.9221030207504,59.406524158699,-17.5190635782946));
#12759=CARTESIAN_POINT('',(58.9221030207504,59.406524158699,-10.0190635782946));
#12760=CARTESIAN_POINT('',(58.9221030207586,60.406524158699,-10.0190635782946));
#12761=CARTESIAN_POINT('',(58.9221030207504,60.406524158699,-9.01906357829459));
#12762=CARTESIAN_POINT('',(58.9221030207504,59.406524158699,-9.01906357829459));
#12763=CARTESIAN_POINT('',(58.9221030207586,65.906524158699,-15.5190635782946));
#12764=CARTESIAN_POINT('',(58.9221030207504,61.906524158699,-17.5190635782946));
#12765=CARTESIAN_POINT('',(58.9221030207586,44.7361121476734,-39.2190635782946));
#12766=CARTESIAN_POINT('',(35.7021030207504,71.3269361696738,-9.01906357829459));
#12767=CARTESIAN_POINT('',(35.7021030207504,71.3269361696738,-12.3690635782946));
#12768=CARTESIAN_POINT('',(53.9521030207504,75.6315241586997,-8.11906351218894));
#12769=CARTESIAN_POINT('',(53.9521030207504,75.6315241586997,-8.11906351218894));
#12770=CARTESIAN_POINT('',(51.4521030207504,75.6315241586997,-8.11906351218894));
#12771=CARTESIAN_POINT('',(53.9521030207505,75.6315241586997,-7.91906351218893));
#12772=CARTESIAN_POINT('',(53.9521030207505,75.8315241586997,-7.91906351218893));
#12773=CARTESIAN_POINT('',(64.57423897575,75.8315241586997,-7.91906351218893));
#12774=CARTESIAN_POINT('',(51.4521030207504,75.8315241586997,-7.91906351218893));
#12775=CARTESIAN_POINT('',(51.4521030207504,75.6315241586997,-7.91906351218893));
#12776=CARTESIAN_POINT('',(53.9521030207504,75.6315241586997,-7.91906351218893));
#12777=CARTESIAN_POINT('',(51.4521030207504,87.4815241586997,-8.11906351218894));
#12778=CARTESIAN_POINT('',(51.4521030207505,73.5315241586997,-8.11906351218894));
#12779=CARTESIAN_POINT('',(57.5971030207504,73.5315241586997,-8.11906351218894));
#12780=CARTESIAN_POINT('',(53.9521030207505,73.5315241586997,-8.11906351218894));
#12781=CARTESIAN_POINT('',(53.9521030207504,87.4815241586997,-8.11906351218894));
#12782=CARTESIAN_POINT('',(53.9521030207504,87.4815241586997,-8.11906351218894));
#12783=CARTESIAN_POINT('',(59.1521030207585,75.8315241586997,-6.31906351218891));
#12784=CARTESIAN_POINT('',(52.1521030207585,75.8315241586997,-6.31906351218891));
#12785=CARTESIAN_POINT('',(46.2021057570011,75.8315241586997,-6.31906351218891));
#12786=CARTESIAN_POINT('',(46.2021030207505,75.8315241586997,-9.42380693111742));
#12787=CARTESIAN_POINT('',(46.2021056245079,75.8315241586997,-7.6190641073335));
#12788=CARTESIAN_POINT('',(47.2021030207505,75.8315241586997,-7.84763494076037));
#12789=CARTESIAN_POINT('',(51.4521030207504,75.8315241586997,-8.81906351218893));
#12790=CARTESIAN_POINT('',(51.4521030207504,75.8315241586997,-9.42380693111742));
#12791=CARTESIAN_POINT('',(53.9521030207505,75.8315241586997,-8.81906351218894));
#12792=CARTESIAN_POINT('',(53.9521030207505,75.8315241586997,-8.81906351218894));
#12793=CARTESIAN_POINT('',(51.4521030207504,75.8315241586997,-8.81906351218894));
#12794=CARTESIAN_POINT('',(56.6021030207505,75.8315241586997,-8.81906351218891));
#12795=CARTESIAN_POINT('',(58.5575205487498,75.8315241586997,-9.79677227618861));
#12796=CARTESIAN_POINT('',(58.1352293127495,75.8315241586997,-9.58562665818844));
#12797=CARTESIAN_POINT('',(60.8185108857492,75.8315241586997,-4.21906351218892));
#12798=CARTESIAN_POINT('',(60.8185108857492,75.8315241586997,-10.2190635121889));
#12799=CARTESIAN_POINT('',(64.57423897575,75.8315241586997,-10.2190635121889));
#12800=CARTESIAN_POINT('',(68.9021030207505,75.8315241586997,-10.2190635121889));
#12801=CARTESIAN_POINT('',(68.9021030207505,75.8315241586997,-10.6190635121889));
#12802=CARTESIAN_POINT('',(69.3021030207505,75.8315241586997,-10.6190635121889));
#12803=CARTESIAN_POINT('',(69.3021030207505,75.8315241586997,-26.7640635121889));
#12804=CARTESIAN_POINT('',(69.3021030207505,75.8315241586997,-10.8190635121889));
#12805=CARTESIAN_POINT('',(68.6021030207505,75.8315241586997,-10.8190635121889));
#12806=CARTESIAN_POINT('',(70.2021030207504,75.8315241586997,-12.0190635782946));
#12807=CARTESIAN_POINT('',(68.7021030207505,75.8315241586997,-11.2190635121889));
#12808=CARTESIAN_POINT('',(68.7021030207505,75.8315241586997,-9.21906351218893));
#12809=CARTESIAN_POINT('',(57.5971030207504,75.8315241586997,-9.21906351218893));
#12810=CARTESIAN_POINT('',(65.9521030207505,75.8315241586997,-9.21906351218893));
#12811=CARTESIAN_POINT('',(57.6971030207504,75.8315241586997,-5.68120636933175));
#12812=CARTESIAN_POINT('',(64.2294262139995,75.8315241586997,-8.48077345215281));
#12813=CARTESIAN_POINT('',(63.4415876168412,75.8315241586997,-10.3190635121889));
#12814=CARTESIAN_POINT('',(63.4415876168412,75.8315241586997,-8.31906351218891));
#12815=CARTESIAN_POINT('',(57.6971030207504,75.8315241586997,-8.31906351218891));
#12816=CARTESIAN_POINT('',(62.3521030207505,75.8315241586997,-8.31906351218891));
#12817=CARTESIAN_POINT('',(62.3521030207505,75.8315241586997,-26.7640635121889));
#12818=CARTESIAN_POINT('',(62.3521030207504,75.8315241586997,-9.09234199569384));
#12819=CARTESIAN_POINT('',(62.2840569785788,75.8315241586997,-9.01906351218893));
#12820=CARTESIAN_POINT('',(62.2840569785788,75.8315241586997,-9.11906351218894));
#12821=CARTESIAN_POINT('',(62.2101226304786,75.8315241586997,-9.11906351218894));
#12822=CARTESIAN_POINT('',(60.3521030207586,75.8315241586997,-9.11906351218894));
#12823=CARTESIAN_POINT('',(60.3521030207586,75.8315241586997,-8.91906351218894));
#12824=CARTESIAN_POINT('',(60.1521030207585,75.8315241586997,-8.91906351218894));
#12825=CARTESIAN_POINT('',(60.1521030207585,75.8315241586997,-8.91906351218894));
#12826=CARTESIAN_POINT('',(60.1521030207585,75.8315241586997,-7.7604546214576));
#12827=CARTESIAN_POINT('',(59.6521030207585,75.8315241586997,-7.7604546214576));
#12828=CARTESIAN_POINT('',(59.7141203880532,75.8315241586997,-7.26431568310076));
#12829=CARTESIAN_POINT('',(52.1521030207585,75.8315241586997,-6.31906351218894));
#12830=CARTESIAN_POINT('',(64.57423897575,75.8315241586997,-9.42380693111741));
#12831=CARTESIAN_POINT('',(45.2021030207505,85.8815241586997,-6.31906351218894));
#12832=CARTESIAN_POINT('',(45.2021030207505,76.8315241586997,-6.31906351218894));
#12833=CARTESIAN_POINT('',(45.2021030207505,93.9315241586997,-6.31906351218894));
#12834=CARTESIAN_POINT('',(45.2021030207505,93.9315241586997,-14.319063512189));
#12835=CARTESIAN_POINT('',(45.2021030207505,93.9315241586997,-7.39049208361749));
#12836=CARTESIAN_POINT('',(45.2021030207505,84.9815241586998,-7.39049208361749));
#12837=CARTESIAN_POINT('',(45.2021030207505,76.8315241586997,-7.39049208361749));
#12838=CARTESIAN_POINT('',(45.2021030207505,76.8315241586997,-6.85477779790321));
#12839=CARTESIAN_POINT('',(45.2021030207505,85.8815241586997,-6.85477779790321));
#12840=CARTESIAN_POINT('',(46.2021030207505,76.8315241586997,-6.31906351218891));
#12841=CARTESIAN_POINT('',(46.2021030207505,76.8315241586997,-7.61906351218895));
#12842=CARTESIAN_POINT('',(46.2021030207505,76.8315241586997,-9.42380693111742));
#12843=CARTESIAN_POINT('',(57.5971030207504,95.1315241586997,-8.11906351218894));
#12844=CARTESIAN_POINT('',(53.9521030207504,95.1315241586997,-8.11906351218894));
#12845=CARTESIAN_POINT('',(51.4521030207504,95.1315241586997,-8.11906351218894));
#12846=CARTESIAN_POINT('',(53.9521030207504,99.4815241586997,-8.11906351218894));
#12847=CARTESIAN_POINT('',(53.9521030207504,97.2315241586997,-8.11906351218894));
#12848=CARTESIAN_POINT('',(57.5971030207504,97.2315241586997,-8.11906351218894));
#12849=CARTESIAN_POINT('',(51.4521030207504,97.2315241586997,-8.11906351218894));
#12850=CARTESIAN_POINT('',(51.4521030207504,99.4815241586997,-8.11906351218894));
#12851=CARTESIAN_POINT('',(53.9521030207504,99.4815241586997,-8.11906351218894));
#12852=CARTESIAN_POINT('',(53.9521030207505,97.2315241586997,-26.7640635121889));
#12853=CARTESIAN_POINT('',(53.9521030207504,97.2315241586997,-8.81906351218894));
#12854=CARTESIAN_POINT('',(57.5971030207504,97.2315241586997,-8.81906351218894));
#12855=CARTESIAN_POINT('',(51.4521030207504,97.2315241586997,-8.81906351218894));
#12856=CARTESIAN_POINT('',(51.4521030207505,97.2315241586997,-27.6640635121888));
#12857=CARTESIAN_POINT('',(52.8271030207545,97.2315241586997,-7.41906351218893));
#12858=CARTESIAN_POINT('',(51.4521030207504,87.4815241586997,-8.81906351218894));
#12859=CARTESIAN_POINT('',(51.4521030207505,73.5315241586997,-8.81906351218894));
#12860=CARTESIAN_POINT('',(51.4521030207505,73.5315241586997,-27.6640635121888));
#12861=CARTESIAN_POINT('',(51.4521030207504,87.4815241586997,-8.01906351218895));
#12862=CARTESIAN_POINT('',(57.5971030207504,73.5315241586997,-8.81906351218894));
#12863=CARTESIAN_POINT('',(53.9521030207505,73.5315241586997,-8.81906351218894));
#12864=CARTESIAN_POINT('',(53.9521030207505,73.5315241586997,-26.7640635121889));
#12865=CARTESIAN_POINT('',(52.8271030207545,73.5315241586997,-7.41906351218893));
#12866=CARTESIAN_POINT('',(53.9521030207505,87.4815241586997,-8.81906351218894));
#12867=CARTESIAN_POINT('',(53.9521030207505,87.4815241586997,-8.81906351218894));
#12868=CARTESIAN_POINT('',(62.3521030207504,75.8815241586997,-9.09234199569375));
#12869=CARTESIAN_POINT('',(62.3521030207504,75.8815241586997,-9.09234199569384));
#12870=CARTESIAN_POINT('',(62.3521030207505,75.8815241586997,-8.81906351218891));
#12871=CARTESIAN_POINT('',(62.3521030207504,75.8815241586997,-8.81906351218894));
#12872=CARTESIAN_POINT('',(62.382696370962,75.8815241586997,-9.00262361345838));
#12873=CARTESIAN_POINT('',(62.2840569785788,75.8815241586997,-9.01906351218893));
#12874=CARTESIAN_POINT('',(53.9521030207505,75.8815241586997,0.880936487811081));
#12875=CARTESIAN_POINT('',(62.3521030207505,84.9815241586998,-8.81906351218891));
#12876=CARTESIAN_POINT('',(62.3521030207505,94.9315241586997,-8.81906351218891));
#12877=CARTESIAN_POINT('',(63.2687696874171,94.9315241586997,-14.319063512189));
#12878=CARTESIAN_POINT('',(62.382696370962,94.9315241586997,-9.00262361345838));
#12879=CARTESIAN_POINT('',(62.382696370962,84.9815241586998,-9.00262361345838));
#12880=CARTESIAN_POINT('',(62.4021030207504,64.7375217586997,-9.11906351218894));
#12881=CARTESIAN_POINT('',(62.3521030207504,81.8815241586997,-9.09234199569384));
#12882=CARTESIAN_POINT('',(62.2840569785788,94.9315241586997,-9.01906351218893));
#12883=CARTESIAN_POINT('',(62.2840569785788,94.9315241586997,-9.11906351218894));
#12884=CARTESIAN_POINT('',(62.2840569785788,84.9815241586998,-9.11906351218894));
#12885=CARTESIAN_POINT('',(62.2840569785788,84.9815241586998,-9.01906351218893));
#12886=CARTESIAN_POINT('',(60.3521030207586,85.8815241586997,-9.11906351218894));
#12887=CARTESIAN_POINT('',(60.3521030207586,94.9315241586997,-9.11906351218894));
#12888=CARTESIAN_POINT('',(57.5971030207504,94.9315241586997,-9.11906351218894));
#12889=CARTESIAN_POINT('',(62.2101226304786,85.8815241586997,-9.11906351218894));
#12890=CARTESIAN_POINT('',(60.1521030207585,85.8815241586997,-8.91906351218894));
#12891=CARTESIAN_POINT('',(60.1521030207585,94.9315241586997,-8.91906351218894));
#12892=CARTESIAN_POINT('',(60.3521030207586,94.9315241586997,-8.91906351218894));
#12893=CARTESIAN_POINT('',(60.3521030207586,85.8815241586997,-8.91906351218894));
#12894=CARTESIAN_POINT('',(60.1521030207585,84.9815241586998,-7.7604546214576));
#12895=CARTESIAN_POINT('',(60.1521030207585,94.9315241586997,-7.7604546214576));
#12896=CARTESIAN_POINT('',(60.1521030207585,94.9315241586997,-9.21906351218893));
#12897=CARTESIAN_POINT('',(60.1521030207585,85.8815241586997,-8.91906351218894));
#12898=CARTESIAN_POINT('',(59.6521030207585,94.9315241586997,-7.7604546214576));
#12899=CARTESIAN_POINT('',(59.7141203880532,94.9315241586997,-7.26431568310076));
#12900=CARTESIAN_POINT('',(59.7141203880532,84.9815241586998,-7.26431568310076));
#12901=CARTESIAN_POINT('',(59.6521030207585,84.9815241586998,-7.7604546214576));
#12902=CARTESIAN_POINT('',(52.1521030207585,84.9815241586998,-6.31906351218891));
#12903=CARTESIAN_POINT('',(52.1521030207585,94.9315241586997,-6.31906351218891));
#12904=CARTESIAN_POINT('',(57.5971030207504,94.9315241586997,-6.9996885121879));
#12905=CARTESIAN_POINT('',(52.1521030207585,85.8815241586997,-6.31906351218894));
#12906=CARTESIAN_POINT('',(60.4257098185004,94.9315241586997,-6.31906351218891));
#12907=CARTESIAN_POINT('',(46.2021030207505,94.9315241586997,-6.31906351218891));
#12908=CARTESIAN_POINT('',(46.2021030207505,93.9315241586997,-6.31906351218894));
#12909=CARTESIAN_POINT('',(59.1521030207585,85.8815241586997,-6.31906351218891));
#12910=CARTESIAN_POINT('',(46.2021030207505,94.9315241586997,-14.319063512189));
#12911=CARTESIAN_POINT('',(46.2021030207504,94.9315241586997,-7.61906351218893));
#12912=CARTESIAN_POINT('',(46.2021030207505,93.9315241586997,-7.61906351218893));
#12913=CARTESIAN_POINT('',(46.2021030207505,93.9315241586997,-14.319063512189));
#12914=CARTESIAN_POINT('',(57.5971030207504,94.9315241586997,-10.2236349407604));
#12915=CARTESIAN_POINT('',(51.4521030207504,94.9315241586997,-8.81906351218894));
#12916=CARTESIAN_POINT('',(51.4521030207504,84.9815241586998,-8.81906351218894));
#12917=CARTESIAN_POINT('',(47.2021030207505,85.8815241586997,-7.84763494076037));
#12918=CARTESIAN_POINT('',(51.4521030207505,94.9315241586997,-14.319063512189));
#12919=CARTESIAN_POINT('',(51.4521030207504,94.9315241586997,-7.91906351218893));
#12920=CARTESIAN_POINT('',(51.4521030207504,95.1315241586997,-7.91906351218893));
#12921=CARTESIAN_POINT('',(51.4521030207504,99.4815241586997,-8.81906351218894));
#12922=CARTESIAN_POINT('',(51.4521030207504,99.4815241586997,-8.01906351218895));
#12923=CARTESIAN_POINT('',(57.5971030207504,94.9315241586997,-7.91906351218893));
#12924=CARTESIAN_POINT('',(53.9521030207504,94.9315241586997,-7.91906351218893));
#12925=CARTESIAN_POINT('',(53.9521030207504,95.1315241586997,-7.91906351218893));
#12926=CARTESIAN_POINT('',(57.5971030207504,95.1315241586997,-7.91906351218893));
#12927=CARTESIAN_POINT('',(53.9521030207505,94.9315241586997,-14.319063512189));
#12928=CARTESIAN_POINT('',(53.9521030207505,94.9315241586997,-8.81906351218894));
#12929=CARTESIAN_POINT('',(53.9521030207505,99.4815241586997,-8.81906351218894));
#12930=CARTESIAN_POINT('',(53.9521030207505,99.4815241586997,-8.81906351218894));
#12931=CARTESIAN_POINT('',(57.5971030207504,94.9315241586997,-8.81906351218891));
#12932=CARTESIAN_POINT('',(56.6021030207505,94.9315241586997,-8.81906351218891));
#12933=CARTESIAN_POINT('',(56.6021030207505,85.8815241586997,-8.81906351218891));
#12934=CARTESIAN_POINT('',(51.4521030207504,93.4815241586997,-8.81906351218894));
#12935=CARTESIAN_POINT('',(58.1352293127495,84.9815241586998,-9.58562665818844));
#12936=CARTESIAN_POINT('',(58.1352293127495,94.9315241586997,-9.58562665818844));
#12937=CARTESIAN_POINT('',(57.5971030207504,94.9315241586997,-9.3165635121889));
#12938=CARTESIAN_POINT('',(58.5575205487498,90.8815241586997,-9.79677227618861));
#12939=CARTESIAN_POINT('',(60.8185108857492,94.9315241586997,-4.21906351218892));
#12940=CARTESIAN_POINT('',(60.8185108857492,94.9315241586997,-10.2190635121889));
#12941=CARTESIAN_POINT('',(60.8185108857492,84.9815241586998,-10.2190635121889));
#12942=CARTESIAN_POINT('',(60.8185108857492,84.9815241586998,-4.21906351218892));
#12943=CARTESIAN_POINT('',(69.3021030207505,85.8815241586997,-10.8190635121889));
#12944=CARTESIAN_POINT('',(69.3021030207505,94.9315241586997,-10.8190635121889));
#12945=CARTESIAN_POINT('',(69.3021030207505,85.8815241586997,-10.6190635121889));
#12946=CARTESIAN_POINT('',(69.3021030207505,94.9315241586997,-10.6190635121889));
#12947=CARTESIAN_POINT('',(69.3021030207505,94.9315241586997,-26.7640635121889));
#12948=CARTESIAN_POINT('',(69.3021030207505,85.8815241586997,-10.6190635121889));
#12949=CARTESIAN_POINT('',(68.9021030207505,85.8815241586997,-10.2190635121889));
#12950=CARTESIAN_POINT('',(68.9021030207505,94.9315241586997,-10.2190635121889));
#12951=CARTESIAN_POINT('',(68.9021030207505,94.9315241586997,-10.6190635121889));
#12952=CARTESIAN_POINT('',(68.9021030207505,85.8815241586997,-10.6190635121889));
#12953=CARTESIAN_POINT('',(57.5971030207504,94.9315241586997,-10.2190635121889));
#12954=CARTESIAN_POINT('',(59.4021030207505,90.8815241586997,-10.2190635121889));
#12955=CARTESIAN_POINT('',(62.3521030207505,85.8815241586997,-8.31906351218891));
#12956=CARTESIAN_POINT('',(62.3521030207505,94.9315241586997,-8.31906351218891));
#12957=CARTESIAN_POINT('',(62.3521030207505,94.9315241586997,-26.7640635121889));
#12958=CARTESIAN_POINT('',(62.3521030207505,90.8815241586997,-8.71906351218892));
#12959=CARTESIAN_POINT('',(63.4415876168412,84.9815241586998,-8.31906351218891));
#12960=CARTESIAN_POINT('',(63.4415876168412,94.9315241586997,-8.31906351218891));
#12961=CARTESIAN_POINT('',(57.6971030207504,94.9315241586997,-8.31906351218891));
#12962=CARTESIAN_POINT('',(63.8521030207505,85.8815241586997,-8.31906351218891));
#12963=CARTESIAN_POINT('',(64.2294262139995,84.9815241586998,-8.48077345215281));
#12964=CARTESIAN_POINT('',(64.2294262139995,94.9315241586997,-8.48077345215281));
#12965=CARTESIAN_POINT('',(63.4415876168412,94.9315241586997,-10.3190635121889));
#12966=CARTESIAN_POINT('',(63.4415876168412,84.9815241586998,-10.3190635121889));
#12967=CARTESIAN_POINT('',(65.9521030207505,85.8815241586997,-9.21906351218893));
#12968=CARTESIAN_POINT('',(65.9521030207505,94.9315241586997,-9.21906351218893));
#12969=CARTESIAN_POINT('',(57.6971030207504,94.9315241586997,-5.68120636933175));
#12970=CARTESIAN_POINT('',(65.9521030207505,85.8815241586997,-9.21906351218893));
#12971=CARTESIAN_POINT('',(68.7021030207505,85.8815241586997,-9.21906351218893));
#12972=CARTESIAN_POINT('',(68.7021030207505,94.9315241586997,-9.21906351218893));
#12973=CARTESIAN_POINT('',(57.5971030207504,94.9315241586997,-9.21906351218893));
#12974=CARTESIAN_POINT('',(68.7021030207505,85.8815241586997,-9.21906351218893));
#12975=CARTESIAN_POINT('',(68.7021030207505,94.9315241586997,-11.2190635121889));
#12976=CARTESIAN_POINT('',(68.7021030207505,85.8815241586997,-11.2190635121889));
#12977=CARTESIAN_POINT('',(68.6021030207505,85.4361121476738,-10.8190635121889));
#12978=CARTESIAN_POINT('',(68.7021030207504,85.4361121476738,-11.5118838352165));
#12979=CARTESIAN_POINT('',(68.7021030207504,85.4361121476738,-22.2940635782946));
#12980=CARTESIAN_POINT('',(35.7021030207504,85.4361121476738,-22.2940635782946));
#12981=CARTESIAN_POINT('',(68.7021030207504,85.8815241586997,-11.5118838352165));
#12982=CARTESIAN_POINT('',(68.7021030207504,94.9315241586997,-11.5118838352165));
#12983=CARTESIAN_POINT('',(68.7021030207504,94.9315241586997,-16.4440635782946));
#12984=CARTESIAN_POINT('',(68.7021030207504,85.4361121476738,-16.4440635782946));
#12985=CARTESIAN_POINT('',(68.6021030207505,94.9315241586997,-10.8190635121889));
#12986=CARTESIAN_POINT('',(70.2021030207504,94.9315241586997,-12.0190635782946));
#12987=CARTESIAN_POINT('',(55.1771030207504,94.9315241586997,-16.744063512189));
#12988=CARTESIAN_POINT('',(68.6021030207505,85.8815241586997,-10.8190635121889));
#12989=CARTESIAN_POINT('',(58.9221030207586,99.4361121476738,-7.73126264440021));
#12990=CARTESIAN_POINT('',(50.6021030207503,97.0589692905286,-7.73126264440021));
#12991=CARTESIAN_POINT('',(54.4221030207586,98.1503978619596,-7.73126264440021));
#12992=CARTESIAN_POINT('',(54.4221030207586,96.4361121476739,-7.73126264440021));
#12993=CARTESIAN_POINT('',(54.4221030207586,95.4361121476738,-7.73126264440019));
#12994=CARTESIAN_POINT('',(48.5414332473026,95.4361121476738,-7.73126264440019));
#12995=CARTESIAN_POINT('',(50.6021030207504,95.4361121476739,-7.73126264440019));
#12996=CARTESIAN_POINT('',(50.6021030207503,96.4361121476739,-7.73126264440021));
#12997=CARTESIAN_POINT('',(50.6021030207504,96.4361121476739,-7.73126264440021));
#12998=CARTESIAN_POINT('',(59.6592831296606,99.6467350359316,-9.47698934736754));
#12999=CARTESIAN_POINT('',(58.9221030207586,99.4361121476738,-9.23126264440019));
#13000=CARTESIAN_POINT('',(58.9221030207586,126.136112147674,-9.23126264440024));
#13001=CARTESIAN_POINT('',(58.9221030207586,95.4361121476738,-9.23126264440019));
#13002=CARTESIAN_POINT('',(54.4221030207586,95.4361121476738,-7.73126264440019));
#13003=CARTESIAN_POINT('',(54.4221030207586,96.4361121476739,-7.73126264440021));
#13004=CARTESIAN_POINT('',(48.5414332473026,95.4361121476738,-6.93126264440018));
#13005=CARTESIAN_POINT('',(60.9221030207586,95.4361121476739,-6.9312626444002));
#13006=CARTESIAN_POINT('',(48.7021030207505,95.4361121476739,-6.93126264440018));
#13007=CARTESIAN_POINT('',(60.9221030207586,96.4361121476739,-6.9312626444002));
#13008=CARTESIAN_POINT('',(60.9221030207586,99.4361121476738,-6.9312626444002));
#13009=CARTESIAN_POINT('',(58.9221030207586,99.4361121476738,-6.9312626444002));
#13010=CARTESIAN_POINT('',(58.9221030207586,99.4361121476738,-6.93126264440021));
#13011=CARTESIAN_POINT('',(58.9221030207586,99.4361121476738,-6.93126264440021));
#13012=CARTESIAN_POINT('',(48.7021030207504,96.5161121476715,-6.9312626444002));
#13013=CARTESIAN_POINT('',(48.7021030207504,96.4361121476739,-6.9312626444002));
#13014=CARTESIAN_POINT('',(60.9221030207586,96.4361121476739,-6.9312626444002));
#13015=CARTESIAN_POINT('',(60.9221030207586,110.656524158699,-14.0190635782947));
#13016=CARTESIAN_POINT('',(60.9221030207586,110.656524158699,-14.0190635782946));
#13017=CARTESIAN_POINT('',(60.9221030207586,106.156524158699,-14.0190635782946));
#13018=CARTESIAN_POINT('',(60.9221030207504,111.3565241587,-17.5190635782946));
#13019=CARTESIAN_POINT('',(60.9221030207504,111.3565241587,-17.5190635782946));
#13020=CARTESIAN_POINT('',(60.9221030207504,111.3565241587,-9.0190635782946));
#13021=CARTESIAN_POINT('',(60.9221030207504,111.3565241587,-10.0190635782946));
#13022=CARTESIAN_POINT('',(60.9221030207586,110.3565241587,-10.0190635782946));
#13023=CARTESIAN_POINT('',(60.9221030207504,110.3565241587,-9.0190635782946));
#13024=CARTESIAN_POINT('',(60.9221030207504,98.3565241587005,-9.0190635782946));
#13025=CARTESIAN_POINT('',(60.9221030207586,99.4361121476738,-9.0190635782946));
#13026=CARTESIAN_POINT('',(60.9221030207586,99.4361121476739,-29.6190635782945));
#13027=CARTESIAN_POINT('',(60.9221030207586,95.4361121476738,2.24194430608362));
#13028=CARTESIAN_POINT('',(60.9221030207586,96.4361121476738,-34.7068645121889));
#13029=CARTESIAN_POINT('',(48.7021030207504,96.5161121476715,-11.8690635782945));
#13030=CARTESIAN_POINT('',(58.9221030207586,99.4361121476738,-11.8690635782945));
#13031=CARTESIAN_POINT('',(58.9221030207504,99.4361121476738,-9.0190635782946));
#13032=CARTESIAN_POINT('',(58.9221030207586,99.4361121476738,-11.8690635782945));
#13033=CARTESIAN_POINT('',(50.6021030207503,97.0589692905286,-11.8690635782945));
#13034=CARTESIAN_POINT('',(58.9221030207586,99.4361121476738,-11.8690635782945));
#13035=CARTESIAN_POINT('',(35.7021030207504,99.4361121476738,-9.0190635782946));
#13036=CARTESIAN_POINT('',(35.7021030207504,99.4361121476739,-29.6190635782945));
#13037=CARTESIAN_POINT('',(58.9221030207504,98.3565241587005,-9.0190635782946));
#13038=CARTESIAN_POINT('',(58.9221030207504,110.3565241587,-9.0190635782946));
#13039=CARTESIAN_POINT('',(58.9221030207586,110.3565241587,-10.0190635782946));
#13040=CARTESIAN_POINT('',(58.9221030207504,111.3565241587,-10.0190635782946));
#13041=CARTESIAN_POINT('',(58.9221030207504,111.3565241587,-9.0190635782946));
#13042=CARTESIAN_POINT('',(58.9221030207504,111.3565241587,-17.5190635782946));
#13043=CARTESIAN_POINT('',(58.9221030207504,111.3565241587,-17.5190635782946));
#13044=CARTESIAN_POINT('',(58.9221030207586,104.8565241587,-15.5190635782946));
#13045=CARTESIAN_POINT('',(58.9221030207586,95.4361121476738,2.24194430608364));
#13046=CARTESIAN_POINT('',(58.9221030207586,126.136112147674,-11.8690635782945));
#13047=CARTESIAN_POINT('',(48.7021030207504,95.4361121476738,2.24194430608362));
#13048=CARTESIAN_POINT('',(48.7021030207505,96.4361121476738,-30.1190635782946));
#13049=CARTESIAN_POINT('',(50.6021030207503,95.4361121476738,2.24194430608362));
#13050=CARTESIAN_POINT('',(50.6021030207504,96.4361121476738,-33.9068645121889));
#13051=CARTESIAN_POINT('',(48.5414332473026,95.4361121476738,2.24194430608362));
#13052=CARTESIAN_POINT('',(60.9221030207504,59.406524158699,-38.0690635782979));
#13053=CARTESIAN_POINT('',(60.9221030207504,59.406524158699,-30.5690635782979));
#13054=CARTESIAN_POINT('',(60.9221030207504,59.406524158699,-39.0690635782979));
#13055=CARTESIAN_POINT('',(60.9221030207504,59.406524158699,-30.5690635782979));
#13056=CARTESIAN_POINT('',(60.9221030207504,60.406524158699,-39.0690635782979));
#13057=CARTESIAN_POINT('',(60.9221030207504,72.406524158699,-39.0690635782979));
#13058=CARTESIAN_POINT('',(60.9221030207504,59.406524158699,-10.0190635782946));
#13059=CARTESIAN_POINT('',(60.9221030207504,59.406524158699,-17.5190635782946));
#13060=CARTESIAN_POINT('',(60.9221030207504,59.406524158699,-17.5190635782946));
#13061=CARTESIAN_POINT('',(157.744103020751,62.5315241586993,-9.0190635782946));
#13062=CARTESIAN_POINT('',(70.2021030207504,62.5315241586993,-9.0190635782946));
#13063=CARTESIAN_POINT('',(70.2021030207504,59.406524158699,-9.01906357829459));
#13064=CARTESIAN_POINT('',(70.2021030207504,65.2315241586994,-9.0190635782946));
#13065=CARTESIAN_POINT('',(157.744103020751,65.2315241586994,-9.0190635782946));
#13066=CARTESIAN_POINT('',(60.9221030207504,60.406524158699,-9.01906357829459));
#13067=CARTESIAN_POINT('',(60.9221030207504,59.406524158699,-9.01906357829459));
#13068=CARTESIAN_POINT('',(60.9221030207504,61.906524158699,-17.5190635782946));
#13069=CARTESIAN_POINT('',(60.9221030207504,111.3565241587,-30.5690635782979));
#13070=CARTESIAN_POINT('',(60.9221030207504,108.8565241587,-30.5690635782979));
#13071=CARTESIAN_POINT('',(60.9221030207504,111.3565241587,-38.0690635782979));
#13072=CARTESIAN_POINT('',(60.9221030207504,111.3565241587,-30.5690635782979));
#13073=CARTESIAN_POINT('',(157.744103020751,104.231524158627,-39.0690635782979));
#13074=CARTESIAN_POINT('',(70.2021030207504,104.231524158627,-39.0690635782979));
#13075=CARTESIAN_POINT('',(70.2021030207504,111.3565241587,-39.0690635782979));
#13076=CARTESIAN_POINT('',(70.2021030207504,101.531524158627,-39.0690635782979));
#13077=CARTESIAN_POINT('',(157.744103020751,101.531524158627,-39.0690635782979));
#13078=CARTESIAN_POINT('',(60.9221030207504,110.3565241587,-39.0690635782979));
#13079=CARTESIAN_POINT('',(60.9221030207504,111.3565241587,-39.0690635782979));
#13080=CARTESIAN_POINT('',(60.9221030207504,110.3565241587,-9.0190635782946));
#13081=CARTESIAN_POINT('',(60.9221030207504,98.3565241587005,-9.0190635782946));
#13082=CARTESIAN_POINT('',(60.9221030207504,111.3565241587,-10.0190635782946));
#13083=CARTESIAN_POINT('',(60.9221030207504,111.3565241587,-17.5190635782946));
#13084=CARTESIAN_POINT('',(60.9221030207504,111.3565241587,-9.0190635782946));
#13085=CARTESIAN_POINT('',(60.9221030207504,111.3565241587,-17.5190635782946));
#13086=CARTESIAN_POINT('',(60.9221030207504,60.406524158699,-38.0690635782979));
#13087=CARTESIAN_POINT('',(60.9221030207504,110.3565241587,-38.0690635782979));
#13088=CARTESIAN_POINT('',(60.9221030207504,60.406524158699,-10.0190635782946));
#13089=CARTESIAN_POINT('',(60.9221030207504,110.3565241587,-10.0190635782946));
#13090=CARTESIAN_POINT('',(52.0021030207504,65.906524158699,-15.5190635782946));
#13091=CARTESIAN_POINT('',(52.0021030207504,104.8565241587,-15.5190635782946));
#13092=CARTESIAN_POINT('',(70.2021030207504,104.8565241587,-32.5690635782979));
#13093=CARTESIAN_POINT('',(52.0021030207504,104.8565241587,-32.5690635782979));
#13094=CARTESIAN_POINT('',(52.0021030207504,104.8565241587,-32.5690635782979));
#13095=CARTESIAN_POINT('',(52.0021030207504,65.906524158699,-32.5690635782979));
#13096=CARTESIAN_POINT('',(70.2021030207504,65.906524158699,-32.5690635782979));
#13097=CARTESIAN_POINT('',(52.0021030207504,65.906524158699,-32.5690635782979));
#13098=CARTESIAN_POINT('',(71.0021030207504,106.443872538971,-24.0440635782981));
#13099=CARTESIAN_POINT('',(72.0021030207504,106.443872538971,-24.0440635782981));
#13100=CARTESIAN_POINT('',(71.0021030207504,96.3315241587003,-34.1564119585687));
#13101=CARTESIAN_POINT('',(72.0021030207504,96.3315241587003,-34.1564119585687));
#13102=CARTESIAN_POINT('',(71.0021030207504,85.3815241586998,-34.1564119585685));
#13103=CARTESIAN_POINT('',(72.0021030207504,85.3815241586998,-34.1564119585685));
#13104=CARTESIAN_POINT('',(71.0021030207504,74.4315241586993,-34.1564119585684));
#13105=CARTESIAN_POINT('',(72.0021030207504,74.4315241586993,-34.1564119585684));
#13106=CARTESIAN_POINT('',(71.0021030207504,64.3191757784283,-24.0440635782979));
#13107=CARTESIAN_POINT('',(72.0021030207504,64.3191757784283,-24.0440635782979));
#13108=CARTESIAN_POINT('',(71.0021030207504,74.4315241586993,-13.9317151980274));
#13109=CARTESIAN_POINT('',(72.0021030207504,74.4315241586993,-13.9317151980274));
#13110=CARTESIAN_POINT('',(71.0021030207504,85.3815241586998,-13.9317151980275));
#13111=CARTESIAN_POINT('',(72.0021030207504,85.3815241586998,-13.9317151980275));
#13112=CARTESIAN_POINT('',(71.0021030207504,96.3315241587003,-13.9317151980276));
#13113=CARTESIAN_POINT('',(72.0021030207504,96.3315241587003,-13.9317151980276));
#13114=CARTESIAN_POINT('',(71.0021030207504,105.151231875481,-22.5179311741169));
#13115=CARTESIAN_POINT('',(71.0021030207504,101.8065241587,-18.5690635782981));
#13116=CARTESIAN_POINT('',(71.0021030207504,105.151231875481,-25.5701959824793));
#13117=CARTESIAN_POINT('',(71.0021030207504,106.443872538971,-24.0440635782981));
#13118=CARTESIAN_POINT('',(71.0021030207504,101.8065241587,-29.5190635782981));
#13119=CARTESIAN_POINT('',(71.0021030207504,101.8065241587,-18.5690635782981));
#13120=CARTESIAN_POINT('',(71.0021030207504,94.805391754519,-15.2243558615176));
#13121=CARTESIAN_POINT('',(71.0021030207504,90.8565241587,-18.569063578298));
#13122=CARTESIAN_POINT('',(71.0021030207504,97.8576565628815,-15.2243558615176));
#13123=CARTESIAN_POINT('',(71.0021030207504,96.3315241587003,-13.9317151980276));
#13124=CARTESIAN_POINT('',(71.0021030207504,101.8065241587,-18.5690635782981));
#13125=CARTESIAN_POINT('',(71.0021030207504,83.8553917545185,-15.2243558615175));
#13126=CARTESIAN_POINT('',(71.0021030207504,79.9065241586995,-18.5690635782979));
#13127=CARTESIAN_POINT('',(71.0021030207504,86.907656562881,-15.2243558615175));
#13128=CARTESIAN_POINT('',(71.0021030207504,85.3815241586998,-13.9317151980275));
#13129=CARTESIAN_POINT('',(71.0021030207504,90.8565241587,-18.569063578298));
#13130=CARTESIAN_POINT('',(71.0021030207504,72.905391754518,-15.2243558615174));
#13131=CARTESIAN_POINT('',(71.0021030207504,68.956524158699,-18.5690635782978));
#13132=CARTESIAN_POINT('',(71.0021030207504,75.9576565628805,-15.2243558615174));
#13133=CARTESIAN_POINT('',(71.0021030207504,74.4315241586993,-13.9317151980274));
#13134=CARTESIAN_POINT('',(71.0021030207504,79.9065241586995,-18.5690635782979));
#13135=CARTESIAN_POINT('',(71.0021030207504,68.956524158699,-18.5690635782978));
#13136=CARTESIAN_POINT('',(71.0021030207504,65.6118164419184,-25.5701959824791));
#13137=CARTESIAN_POINT('',(71.0021030207504,68.9565241586991,-29.5190635782979));
#13138=CARTESIAN_POINT('',(71.0021030207504,65.6118164419184,-22.5179311741167));
#13139=CARTESIAN_POINT('',(71.0021030207504,64.3191757784283,-24.0440635782979));
#13140=CARTESIAN_POINT('',(71.0021030207504,68.956524158699,-18.5690635782978));
#13141=CARTESIAN_POINT('',(71.0021030207504,75.9576565628805,-32.8637712950784));
#13142=CARTESIAN_POINT('',(71.0021030207504,79.9065241586995,-29.5190635782979));
#13143=CARTESIAN_POINT('',(71.0021030207504,72.9053917545181,-32.8637712950784));
#13144=CARTESIAN_POINT('',(71.0021030207504,74.4315241586993,-34.1564119585684));
#13145=CARTESIAN_POINT('',(71.0021030207504,68.9565241586991,-29.5190635782979));
#13146=CARTESIAN_POINT('',(71.0021030207504,68.9565241586991,-29.5190635782979));
#13147=CARTESIAN_POINT('',(71.0021030207504,83.8553917545185,-32.8637712950785));
#13148=CARTESIAN_POINT('',(71.0021030207504,79.9065241586996,-29.519063578298));
#13149=CARTESIAN_POINT('',(71.0021030207504,86.907656562881,-32.8637712950785));
#13150=CARTESIAN_POINT('',(71.0021030207504,85.3815241586998,-34.1564119585685));
#13151=CARTESIAN_POINT('',(71.0021030207504,90.8565241587,-29.519063578298));
#13152=CARTESIAN_POINT('',(71.0021030207504,97.8576565628815,-32.8637712950786));
#13153=CARTESIAN_POINT('',(71.0021030207504,101.8065241587,-29.5190635782981));
#13154=CARTESIAN_POINT('',(71.0021030207504,94.805391754519,-32.8637712950786));
#13155=CARTESIAN_POINT('',(71.0021030207504,96.3315241587003,-34.1564119585687));
#13156=CARTESIAN_POINT('',(71.0021030207504,90.8565241587001,-29.5190635782981));
#13157=CARTESIAN_POINT('',(71.0021030207504,101.8065241587,-29.5190635782981));
#13158=CARTESIAN_POINT('',(43.1271030207489,106.606524158699,-12.5690635782966));
#13159=CARTESIAN_POINT('',(38.6271030207489,106.606524158699,-18.5690635782946));
#13160=CARTESIAN_POINT('',(43.1271030207489,97.006524158699,-18.5690635782946));
#13161=CARTESIAN_POINT('',(43.6271030207489,97.006524158699,-18.5690635782946));
#13162=CARTESIAN_POINT('',(43.1271030207489,95.656524158699,-12.5690635782966));
#13163=CARTESIAN_POINT('',(38.6271030207489,95.656524158699,-18.5690635782946));
#13164=CARTESIAN_POINT('',(43.1271030207489,86.056524158699,-18.5690635782946));
#13165=CARTESIAN_POINT('',(43.6271030207489,86.056524158699,-18.5690635782946));
#13166=CARTESIAN_POINT('',(43.1271030207489,84.706524158699,-12.5690635782966));
#13167=CARTESIAN_POINT('',(38.6271030207489,84.706524158699,-18.5690635782946));
#13168=CARTESIAN_POINT('',(43.1271030207489,75.106524158699,-18.5690635782946));
#13169=CARTESIAN_POINT('',(43.6271030207489,75.106524158699,-18.5690635782946));
#13170=CARTESIAN_POINT('',(43.1271030207489,64.156524158699,-18.5690635782946));
#13171=CARTESIAN_POINT('',(38.6271030207489,64.156524158699,-18.5690635782946));
#13172=CARTESIAN_POINT('',(43.6271030207489,64.656524158699,-12.5690635782966));
#13173=CARTESIAN_POINT('',(43.6271030207489,65.906524158699,-15.5190635782946));
#13174=CARTESIAN_POINT('',(43.6271030207489,65.906524158699,-12.0190635782946));
#13175=CARTESIAN_POINT('',(43.6271030207489,104.856524158701,-12.0190635782946));
#13176=CARTESIAN_POINT('',(43.6271030207489,104.8565241587,-12.0190635782946));
#13177=CARTESIAN_POINT('',(43.6271030207489,104.8565241587,-15.5190635782946));
#13178=CARTESIAN_POINT('',(43.6271030207489,106.106524158699,-18.5690635782946));
#13179=CARTESIAN_POINT('',(43.6271030207489,97.506524158699,-12.5690635782966));
#13180=CARTESIAN_POINT('',(43.6271030207489,95.156524158699,-18.5690635782946));
#13181=CARTESIAN_POINT('',(43.6271030207489,86.556524158699,-12.5690635782966));
#13182=CARTESIAN_POINT('',(43.6271030207489,84.206524158699,-18.5690635782946));
#13183=CARTESIAN_POINT('',(43.6271030207489,75.606524158699,-12.5690635782966));
#13184=CARTESIAN_POINT('',(43.6271030207489,73.256524158699,-18.5690635782946));
#13185=CARTESIAN_POINT('',(43.6271030207489,64.156524158699,-18.5690635782946));
#13186=CARTESIAN_POINT('',(43.1271030207489,73.756524158699,-12.5690635782966));
#13187=CARTESIAN_POINT('',(43.6271030207489,73.756524158699,-18.5690635782946));
#13188=CARTESIAN_POINT('',(34.0021030207506,84.706524158699,-23.5190635782967));
#13189=CARTESIAN_POINT('',(29.5021030207506,84.706524158699,-29.5190635782946));
#13190=CARTESIAN_POINT('',(34.5021030207506,84.206524158699,-29.5190635782946));
#13191=CARTESIAN_POINT('',(34.5021030207506,75.606524158699,-23.5190635782967));
#13192=CARTESIAN_POINT('',(34.5021030207506,84.706524158699,-29.5190635782946));
#13193=CARTESIAN_POINT('',(34.0021030207506,75.106524158699,-29.5190635782946));
#13194=CARTESIAN_POINT('',(34.5021030207506,75.106524158699,-29.5190635782946));
#13195=CARTESIAN_POINT('',(34.0021030207506,95.656524158699,-23.5190635782967));
#13196=CARTESIAN_POINT('',(29.5021030207506,95.656524158699,-29.5190635782946));
#13197=CARTESIAN_POINT('',(34.5021030207506,95.156524158699,-29.5190635782946));
#13198=CARTESIAN_POINT('',(34.5021030207506,86.556524158699,-23.5190635782967));
#13199=CARTESIAN_POINT('',(34.5021030207506,95.656524158699,-29.5190635782946));
#13200=CARTESIAN_POINT('',(34.0021030207506,86.056524158699,-29.5190635782946));
#13201=CARTESIAN_POINT('',(34.5021030207506,86.056524158699,-29.5190635782946));
#13202=CARTESIAN_POINT('',(34.0021030207506,106.606524158699,-23.5190635782967));
#13203=CARTESIAN_POINT('',(29.5021030207506,106.606524158699,-29.5190635782946));
#13204=CARTESIAN_POINT('',(34.5021030207506,106.106524158699,-29.5190635782946));
#13205=CARTESIAN_POINT('',(34.5021030207506,97.506524158699,-23.5190635782967));
#13206=CARTESIAN_POINT('',(34.5021030207506,106.606524158699,-29.5190635782946));
#13207=CARTESIAN_POINT('',(34.0021030207506,97.006524158699,-29.5190635782946));
#13208=CARTESIAN_POINT('',(34.5021030207506,97.006524158699,-29.5190635782946));
#13209=CARTESIAN_POINT('',(34.0021030207506,73.756524158699,-23.5190635782967));
#13210=CARTESIAN_POINT('',(29.5021030207506,73.756524158699,-29.5190635782946));
#13211=CARTESIAN_POINT('',(34.5021030207506,73.256524158699,-29.5190635782946));
#13212=CARTESIAN_POINT('',(34.5021030207506,64.656524158699,-23.5190635782967));
#13213=CARTESIAN_POINT('',(34.5021030207506,73.756524158699,-29.5190635782946));
#13214=CARTESIAN_POINT('',(34.0021030207506,64.156524158699,-29.5190635782946));
#13215=CARTESIAN_POINT('',(34.5021030207506,64.156524158699,-29.5190635782946));
#13216=CARTESIAN_POINT('',(34.0021030207506,73.256524158699,-29.5190635782946));
#13217=CARTESIAN_POINT('',(43.1271030207489,73.256524158699,-18.5690635782946));
#13218=CARTESIAN_POINT('',(34.0021030207506,84.206524158699,-29.5190635782946));
#13219=CARTESIAN_POINT('',(43.1271030207489,84.206524158699,-18.5690635782946));
#13220=CARTESIAN_POINT('',(34.0021030207506,95.156524158699,-29.5190635782946));
#13221=CARTESIAN_POINT('',(43.1271030207489,95.156524158699,-18.5690635782946));
#13222=CARTESIAN_POINT('',(34.0021030207506,106.106524158699,-29.5190635782946));
#13223=CARTESIAN_POINT('',(43.1271030207489,106.106524158699,-18.5690635782946));
#13224=CARTESIAN_POINT('',(34.0021030207506,97.506524158699,-29.5190635782946));
#13225=CARTESIAN_POINT('',(43.1271030207489,97.506524158699,-18.5690635782946));
#13226=CARTESIAN_POINT('',(34.0021030207506,86.556524158699,-29.5190635782946));
#13227=CARTESIAN_POINT('',(43.1271030207489,86.556524158699,-18.5690635782946));
#13228=CARTESIAN_POINT('',(43.1271030207489,75.606524158699,-18.5690635782946));
#13229=CARTESIAN_POINT('',(34.0021030207506,75.606524158699,-29.5190635782946));
#13230=CARTESIAN_POINT('',(34.0021030207506,64.656524158699,-29.5190635782946));
#13231=CARTESIAN_POINT('',(43.1271030207489,64.656524158699,-18.5690635782946));
#13232=CARTESIAN_POINT('',(-26.1198969792496,110.656524158699,-14.0190635782946));
#13233=CARTESIAN_POINT('',(70.2021030207504,110.656524158699,-14.0190635782946));
#13234=CARTESIAN_POINT('',(70.2021030207504,106.156524158699,-14.0190635782946));
#13235=CARTESIAN_POINT('',(-26.1198969792496,106.156524158699,-14.0190635782946));
#13236=CARTESIAN_POINT('',(70.2021030207504,110.656524158699,-14.0190635782946));
#13237=CARTESIAN_POINT('',(-26.1198969792496,110.656524158699,-14.0190635782946));
#13238=CARTESIAN_POINT('',(70.2021030207504,108.3565241587,-32.5690635782979));
#13239=CARTESIAN_POINT('',(70.2021030207504,104.8565241587,-32.5690635782979));
#13240=CARTESIAN_POINT('',(70.2021030207504,108.3565241587,-13.5190635782946));
#13241=CARTESIAN_POINT('',(70.2021030207504,108.3565241587,-0.800000000000001));
#13242=CARTESIAN_POINT('',(70.2021030207504,110.656524158699,-13.5190635782946));
#13243=CARTESIAN_POINT('',(70.2021030207504,-2.5,-13.5190635782946));
#13244=CARTESIAN_POINT('',(70.2021030207504,112.5665241587,-12.0190635782946));
#13245=CARTESIAN_POINT('',(70.2021030207504,62.406524158699,-32.5690635782979));
#13246=CARTESIAN_POINT('',(70.2021030207504,62.406524158699,-0.800000000000001));
#13247=CARTESIAN_POINT('',(70.2021030207504,65.906524158699,-36.0690635782979));
#13248=CARTESIAN_POINT('',(70.2021030207504,-2.5,-36.0690635782979));
#13249=CARTESIAN_POINT('',(70.2021030207504,65.906524158699,-32.5690635782979));
#13250=CARTESIAN_POINT('',(70.2021030207504,110.656524158699,-12.0190635782946));
#13251=CARTESIAN_POINT('',(70.2021030207504,112.5665241587,-12.0190635782946));
#13252=CARTESIAN_POINT('',(70.7021030207504,101.531524158627,-38.7803884437031));
#13253=CARTESIAN_POINT('',(70.5021030207504,101.531524158627,-38.895858497541));
#13254=CARTESIAN_POINT('',(70.5021030207504,101.531524158627,-36.0690635782979));
#13255=CARTESIAN_POINT('',(157.744103020751,101.531524158627,-36.0690635782979));
#13256=CARTESIAN_POINT('',(70.5021030207504,104.231524158627,-38.7803884437031));
#13257=CARTESIAN_POINT('',(70.5021030207504,104.231524158627,-38.895858497541));
#13258=CARTESIAN_POINT('',(70.7021030207504,104.231524158627,-38.7803884437031));
#13259=CARTESIAN_POINT('',(157.744103020751,104.231524158627,-39.0690635782979));
#13260=CARTESIAN_POINT('',(70.5021030207504,62.5315241586993,-9.3077387128894));
#13261=CARTESIAN_POINT('',(70.5021030207504,62.5315241586993,-9.19226865905148));
#13262=CARTESIAN_POINT('',(70.7021030207504,62.5315241586993,-9.3077387128894));
#13263=CARTESIAN_POINT('',(157.744103020751,62.5315241586993,-9.0190635782946));
#13264=CARTESIAN_POINT('',(70.7021030207505,65.2315241586994,-9.30773871288947));
#13265=CARTESIAN_POINT('',(70.5021030207504,65.2315241586994,-9.19226865905147));
#13266=CARTESIAN_POINT('',(70.5021030207504,65.2315241586993,-12.0847696188321));
#13267=CARTESIAN_POINT('',(157.744103020751,65.2315241586993,-12.2190635782946));
#13268=CARTESIAN_POINT('',(70.5021030207504,101.731524158627,-38.895858497541));
#13269=CARTESIAN_POINT('',(70.5021030207504,104.031524158627,-38.895858497541));
#13270=CARTESIAN_POINT('',(70.7021030207504,-2.5,-38.7803884437031));
#13271=CARTESIAN_POINT('',(70.5021030207504,62.7315241586993,-9.19226865905148));
#13272=CARTESIAN_POINT('',(70.5021030207504,65.0315241586994,-9.19226865905148));
#13273=CARTESIAN_POINT('',(70.7021030207504,-2.5,-9.30773871288939));
#13274=CARTESIAN_POINT('',(70.7021030207504,110.367849024104,-0.800000000000001));
#13275=CARTESIAN_POINT('',(70.5021030207504,101.731524158627,-0.800000000000001));
#13276=CARTESIAN_POINT('',(70.5021030207504,104.031524158627,-0.800000000000001));
#13277=CARTESIAN_POINT('',(70.5021030207504,62.7315241586993,-0.800000000000001));
#13278=CARTESIAN_POINT('',(70.5021030207504,65.0315241586994,-0.800000000000294));
#13279=CARTESIAN_POINT('',(43.6271030207489,64.156524158699,-18.5690635782946));
#13280=CARTESIAN_POINT('',(43.6271030207489,64.156524158699,-18.5690635782946));
#13281=CARTESIAN_POINT('',(70.7021030207504,65.906524158699,-32.5690635782979));
#13282=CARTESIAN_POINT('',(70.7021030207504,65.906524158699,-32.5690635782979));
#13283=CARTESIAN_POINT('',(43.6271030207489,64.156524158699,-18.5690635782946));
#13284=CARTESIAN_POINT('',(70.7021030207504,65.906524158699,-32.5690635782979));
#13285=CARTESIAN_POINT('',(43.6271030207489,64.156524158699,-18.5690635782946));
#13286=CARTESIAN_POINT('',(43.6271030207489,64.156524158699,-18.5690635782946));
#13287=CARTESIAN_POINT('',(43.6271030207489,64.156524158699,-18.5690635782946));
#13288=CARTESIAN_POINT('',(-197.340396979265,104.8565241587,-12.0190635782946));
#13289=CARTESIAN_POINT('',(-197.340396979265,65.906524158699,-12.0190635782946));
#13290=CARTESIAN_POINT('',(-197.340396979265,104.8565241587,-12.0190635782946));
#13291=CARTESIAN_POINT('',(-197.340396979265,104.8565241587,-15.5190635782946));
#13292=CARTESIAN_POINT('',(-197.340396979265,65.906524158699,-15.5190635782946));
#13293=CARTESIAN_POINT('',(70.7021030207504,68.956524158699,-18.5690635782978));
#13294=CARTESIAN_POINT('',(70.7021030207504,68.956524158699,-20.2690635782978));
#13295=CARTESIAN_POINT('',(70.7021030207504,65.906524158699,-32.5690635782979));
#13296=CARTESIAN_POINT('',(70.7021030207504,90.856524158699,-18.5690635782978));
#13297=CARTESIAN_POINT('',(70.7021030207504,90.856524158699,-20.2690635782978));
#13298=CARTESIAN_POINT('',(70.7021030207504,65.906524158699,-32.5690635782979));
#13299=CARTESIAN_POINT('',(70.7021030207504,79.906524158699,-18.5690635782978));
#13300=CARTESIAN_POINT('',(70.7021030207504,79.906524158699,-20.2690635782978));
#13301=CARTESIAN_POINT('',(70.7021030207504,65.906524158699,-32.5690635782979));
#13302=CARTESIAN_POINT('',(70.7021030207504,79.9065241586991,-29.5190635782979));
#13303=CARTESIAN_POINT('',(70.7021030207504,79.9065241586991,-31.2190635782979));
#13304=CARTESIAN_POINT('',(70.7021030207504,65.906524158699,-32.5690635782979));
#13305=CARTESIAN_POINT('',(70.7021030207504,101.806524158699,-18.5690635782978));
#13306=CARTESIAN_POINT('',(70.7021030207504,101.806524158699,-20.2690635782978));
#13307=CARTESIAN_POINT('',(70.7021030207504,65.906524158699,-32.5690635782979));
#13308=CARTESIAN_POINT('',(70.7021030207504,90.856524158699,-29.5190635782979));
#13309=CARTESIAN_POINT('',(70.7021030207504,90.856524158699,-31.2190635782979));
#13310=CARTESIAN_POINT('',(70.7021030207504,65.906524158699,-32.5690635782979));
#13311=CARTESIAN_POINT('',(70.7021030207504,101.806524158699,-29.5190635782979));
#13312=CARTESIAN_POINT('',(70.7021030207504,101.806524158699,-31.2190635782979));
#13313=CARTESIAN_POINT('',(70.7021030207504,65.906524158699,-32.5690635782979));
#13314=CARTESIAN_POINT('',(70.7021030207504,68.9565241586991,-29.5190635782979));
#13315=CARTESIAN_POINT('',(70.7021030207504,68.9565241586991,-31.2190635782979));
#13316=CARTESIAN_POINT('',(70.7021030207504,65.906524158699,-32.5690635782979));
#13317=CARTESIAN_POINT('',(80.3021030207504,68.956524158699,-18.5690635782978));
#13318=CARTESIAN_POINT('',(80.3021030207504,68.956524158699,-20.2690635782976));
#13319=CARTESIAN_POINT('',(80.3021030207504,68.956524158699,-18.5690635782978));
#13320=CARTESIAN_POINT('',(86.0021030207504,68.956524158699,-18.5690635782978));
#13321=CARTESIAN_POINT('',(80.3021030207504,90.856524158699,-18.5690635782978));
#13322=CARTESIAN_POINT('',(80.3021030207504,90.856524158699,-20.2690635782976));
#13323=CARTESIAN_POINT('',(80.3021030207504,90.856524158699,-18.5690635782978));
#13324=CARTESIAN_POINT('',(86.0021030207504,90.856524158699,-18.5690635782978));
#13325=CARTESIAN_POINT('',(80.3021030207504,79.906524158699,-18.5690635782978));
#13326=CARTESIAN_POINT('',(80.3021030207504,79.906524158699,-20.2690635782976));
#13327=CARTESIAN_POINT('',(80.3021030207504,79.906524158699,-18.5690635782978));
#13328=CARTESIAN_POINT('',(86.0021030207504,79.906524158699,-18.5690635782978));
#13329=CARTESIAN_POINT('',(80.3021030207504,79.9065241586991,-29.5190635782979));
#13330=CARTESIAN_POINT('',(80.3021030207504,79.9065241586991,-31.2190635782977));
#13331=CARTESIAN_POINT('',(80.3021030207504,79.9065241586991,-29.5190635782979));
#13332=CARTESIAN_POINT('',(86.0021030207504,79.9065241586991,-29.5190635782979));
#13333=CARTESIAN_POINT('',(80.3021030207504,101.806524158699,-18.5690635782978));
#13334=CARTESIAN_POINT('',(80.3021030207504,101.806524158699,-20.2690635782976));
#13335=CARTESIAN_POINT('',(80.3021030207504,101.806524158699,-18.5690635782978));
#13336=CARTESIAN_POINT('',(86.0021030207504,101.806524158699,-18.5690635782978));
#13337=CARTESIAN_POINT('',(80.3021030207504,90.856524158699,-29.5190635782979));
#13338=CARTESIAN_POINT('',(80.3021030207504,90.856524158699,-31.2190635782977));
#13339=CARTESIAN_POINT('',(80.3021030207504,90.856524158699,-29.5190635782979));
#13340=CARTESIAN_POINT('',(86.0021030207504,90.856524158699,-29.5190635782979));
#13341=CARTESIAN_POINT('',(80.3021030207504,101.806524158699,-29.5190635782979));
#13342=CARTESIAN_POINT('',(80.3021030207504,101.806524158699,-31.2190635782977));
#13343=CARTESIAN_POINT('',(80.3021030207504,101.806524158699,-29.5190635782979));
#13344=CARTESIAN_POINT('',(86.0021030207504,101.806524158699,-29.5190635782979));
#13345=CARTESIAN_POINT('',(80.3021030207504,68.9565241586991,-29.5190635782979));
#13346=CARTESIAN_POINT('',(80.3021030207504,68.9565241586991,-31.2190635782977));
#13347=CARTESIAN_POINT('',(80.3021030207504,68.9565241586991,-29.5190635782979));
#13348=CARTESIAN_POINT('',(86.0021030207504,68.9565241586991,-29.5190635782979));
#13349=MECHANICAL_DESIGN_GEOMETRIC_PRESENTATION_REPRESENTATION('',(#24),
#13350);
#13350=(
GEOMETRIC_REPRESENTATION_CONTEXT(3)
GLOBAL_UNCERTAINTY_ASSIGNED_CONTEXT((#13351))
GLOBAL_UNIT_ASSIGNED_CONTEXT((#13357,#13353,#13352))
REPRESENTATION_CONTEXT('2203670007-cmpdm000_01',
'TOP_LEVEL_ASSEMBLY_PART')
);
#13351=UNCERTAINTY_MEASURE_WITH_UNIT(LENGTH_MEASURE(0.0508),#13357,
'DISTANCE_ACCURACY_VALUE','Maximum Tolerance applied to model');
#13352=(
NAMED_UNIT(*)
SI_UNIT($,.STERADIAN.)
SOLID_ANGLE_UNIT()
);
#13353=(
CONVERSION_BASED_UNIT('DEGREE',#13355)
NAMED_UNIT(#13354)
PLANE_ANGLE_UNIT()
);
#13354=DIMENSIONAL_EXPONENTS(0.,0.,0.,0.,0.,0.,0.);
#13355=PLANE_ANGLE_MEASURE_WITH_UNIT(PLANE_ANGLE_MEASURE(0.0174532925),
#13356);
#13356=(
NAMED_UNIT(*)
PLANE_ANGLE_UNIT()
SI_UNIT($,.RADIAN.)
);
#13357=(
LENGTH_UNIT()
NAMED_UNIT(*)
SI_UNIT(.MILLI.,.METRE.)
);
ENDSEC;
END-ISO-10303-21;
