ISO-10303-21;
HEADER;
/* Generated by software containing ST-Developer
 * from STEP Tools, Inc. (www.steptools.com) 
 */
/* OPTION: using custom schema-name function */

FILE_DESCRIPTION(
/* description */ (''),
/* implementation_level */ '2;1');

FILE_NAME(
/* name */ '2203670001-cmpdm000_01.stp',
/* time_stamp */ '2022-03-16T15:05:17-05:00',
/* author */ (''),
/* organization */ (''),
/* preprocessor_version */ 'ST-DEVELOPER v16.7',
/* originating_system */ 'SIEMENS PLM Software NX 1919',
/* authorisation */ '');

FILE_SCHEMA (('AUTOMOTIVE_DESIGN { 1 0 10303 214 3 1 1 1 }'));
ENDSEC;

DATA;
#10=SHAPE_REPRESENTATION_RELATIONSHIP('None',
'relationship between 2203670001-cmpdm000_01-None and 2203670001-cmpdm
000_01-None',#22,#11);
#11=ADVANCED_BREP_SHAPE_REPRESENTATION('2203670001-cmpdm000_01-None',(#32),
#13283);
#12=SHAPE_DEFINITION_REPRESENTATION(#13,#22);
#13=PRODUCT_DEFINITION_SHAPE('','',#14);
#14=PRODUCT_DEFINITION(' ','',#16,#15);
#15=PRODUCT_DEFINITION_CONTEXT('part definition',#21,'design');
#16=PRODUCT_DEFINITION_FORMATION_WITH_SPECIFIED_SOURCE(' ',' ',#18,
 .NOT_KNOWN.);
#17=PRODUCT_RELATED_PRODUCT_CATEGORY('part','',(#18));
#18=PRODUCT('2203670001-cmpdm000_01','2203670001-cmpdm000_01',' ',(#19));
#19=PRODUCT_CONTEXT(' ',#21,'mechanical');
#20=APPLICATION_PROTOCOL_DEFINITION('international standard',
'automotive_design',2010,#21);
#21=APPLICATION_CONTEXT(
'core data for automotive mechanical design processes');
#22=SHAPE_REPRESENTATION('2203670001-cmpdm000_01-None',(#7481),#13283);
#23=PRESENTATION_LAYER_ASSIGNMENT('1','Layer 1',(#32));
#24=STYLED_ITEM('',(#25),#32);
#25=PRESENTATION_STYLE_ASSIGNMENT((#26));
#26=SURFACE_STYLE_USAGE(.BOTH.,#27);
#27=SURFACE_SIDE_STYLE('',(#28));
#28=SURFACE_STYLE_FILL_AREA(#29);
#29=FILL_AREA_STYLE('',(#30));
#30=FILL_AREA_STYLE_COLOUR('',#31);
#31=DRAUGHTING_PRE_DEFINED_COLOUR('green');
#32=MANIFOLD_SOLID_BREP('',#33);
#33=CLOSED_SHELL('',(#1799,#1800,#1801,#1802,#1803,#1804,#1805,#1806,#1807,
#1808,#1809,#1810,#1811,#1812,#1813,#1814,#1815,#1816,#1817,#1818,#1819,
#1820,#1821,#1822,#1823,#1824,#1825,#1826,#1827,#1828,#1829,#1830,#1831,
#1832,#1833,#1834,#1835,#1836,#1837,#1838,#1839,#1840,#1841,#1842,#1843,
#1844,#1845,#1846,#1847,#1848,#1849,#1850,#1851,#1852,#1853,#1854,#1855,
#1856,#1857,#1858,#1859,#1860,#1861,#1862,#1863,#1864,#1865,#1866,#1867,
#1868,#1869,#1870,#1871,#1872,#1873,#1874,#1875,#1876,#1877,#1878,#1879,
#1880,#1881,#1882,#1883,#1884,#1885,#1886,#1887,#1888,#1889,#1890,#1891,
#1892,#1893,#1894,#1895,#1896,#1897,#1898,#1899,#1900,#1901,#1902,#1903,
#1904,#1905,#1906,#1907,#1908,#1909,#1910,#1911,#1912,#1913,#1914,#1915,
#1916,#1917,#1918,#1919,#1920,#1921,#1922,#1923,#1924,#1925,#1926,#1927,
#1928,#1929,#1930,#1931,#1932,#1933,#1934,#1935,#1936,#1937,#1938,#1939,
#1940,#1941,#1942,#1943,#1944,#1945,#1946,#1947,#1948,#1949,#1950,#1951,
#1952,#1953,#1954,#1955,#1956,#1957,#1958,#1959,#1960,#1961,#1962,#1963,
#1964,#1965,#1966,#1967,#1968,#1969,#1970,#1971,#1972,#1973,#1974,#1975,
#1976,#1977,#1978,#1979,#1980,#1981,#1982,#1983,#1984,#1985,#1986,#1987,
#1988,#1989,#1990,#1991,#1992,#1993,#1994,#1995,#1996,#1997,#1998,#1999,
#2000,#2001,#2002,#2003,#2004,#2005,#2006,#2007,#2008,#2009,#2010,#2011,
#2012,#2013,#2014,#2015,#2016,#2017,#2018,#2019,#2020,#2021,#2022,#2023,
#2024,#2025,#2026,#2027,#2028,#2029,#2030,#2031,#2032,#2033,#2034,#2035,
#2036,#2037,#2038,#2039,#2040,#2041,#2042,#2043,#2044,#2045,#2046,#2047,
#2048,#2049,#2050,#2051,#2052,#2053,#2054,#2055,#2056,#2057,#2058,#2059,
#2060,#2061,#2062,#2063,#2064,#2065,#2066,#2067,#2068,#2069,#2070,#2071,
#2072,#2073,#2074,#2075,#2076,#2077,#2078,#2079,#2080,#2081,#2082,#2083,
#2084,#2085,#2086,#2087,#2088,#2089,#2090,#2091,#2092,#2093,#2094,#2095,
#2096,#2097,#2098,#2099,#2100,#2101,#2102,#2103,#2104,#2105,#2106,#2107,
#2108,#2109,#2110,#2111,#2112,#2113,#2114,#2115,#2116,#2117,#2118,#2119,
#2120,#2121,#2122,#2123,#2124,#2125,#2126,#2127,#2128,#2129,#2130,#2131,
#2132,#2133,#2134,#2135,#2136,#2137,#2138,#2139,#2140,#2141,#2142,#2143,
#2144,#2145,#2146,#2147,#2148,#2149,#2150,#2151,#2152,#2153,#2154,#2155,
#2156,#2157,#2158,#2159,#2160,#2161,#2162,#2163,#2164,#2165,#2166,#2167,
#2168,#2169,#2170,#2171,#2172,#2173,#2174,#2175,#2176,#2177,#2178,#2179,
#2180,#2181,#2182,#2183,#2184,#2185,#2186,#2187,#2188,#2189,#2190,#2191,
#2192,#2193,#2194,#2195,#2196,#2197,#2198,#2199,#2200));
#34=SPHERICAL_SURFACE('',#8187,1.7);
#35=SPHERICAL_SURFACE('',#8190,1.7);
#36=SPHERICAL_SURFACE('',#8193,1.7);
#37=SPHERICAL_SURFACE('',#8196,1.7);
#38=SPHERICAL_SURFACE('',#8199,1.7);
#39=SPHERICAL_SURFACE('',#8202,1.7);
#40=SPHERICAL_SURFACE('',#8205,1.7);
#41=SPHERICAL_SURFACE('',#8208,1.7);
#42=TOROIDAL_SURFACE('',#7567,3.5,0.5);
#43=TOROIDAL_SURFACE('',#8045,5.175,1.);
#44=TOROIDAL_SURFACE('',#8047,2.,1.);
#45=TOROIDAL_SURFACE('',#8048,5.175,1.);
#46=TOROIDAL_SURFACE('',#8049,5.175,1.);
#47=TOROIDAL_SURFACE('',#8051,5.175,1.);
#48=TOROIDAL_SURFACE('',#8053,2.,1.);
#49=TOROIDAL_SURFACE('',#8054,5.175,1.);
#50=TOROIDAL_SURFACE('',#8056,5.175,1.);
#51=TOROIDAL_SURFACE('',#8058,2.,1.);
#52=TOROIDAL_SURFACE('',#8059,5.175,1.);
#53=TOROIDAL_SURFACE('',#8061,5.175,1.);
#54=TOROIDAL_SURFACE('',#8063,2.,1.);
#55=TOROIDAL_SURFACE('',#8064,5.175,1.);
#56=TOROIDAL_SURFACE('',#8065,5.175,1.);
#57=TOROIDAL_SURFACE('',#8067,5.175,1.);
#58=TOROIDAL_SURFACE('',#8069,2.,1.);
#59=TOROIDAL_SURFACE('',#8070,5.175,1.);
#60=TOROIDAL_SURFACE('',#8072,5.175,1.);
#61=TOROIDAL_SURFACE('',#8074,2.,1.);
#62=TOROIDAL_SURFACE('',#8075,5.175,1.);
#63=TOROIDAL_SURFACE('',#8076,5.175,1.);
#64=TOROIDAL_SURFACE('',#8078,5.175,1.);
#65=TOROIDAL_SURFACE('',#8080,2.,1.);
#66=TOROIDAL_SURFACE('',#8081,5.175,1.);
#67=TOROIDAL_SURFACE('',#8083,5.175,1.);
#68=TOROIDAL_SURFACE('',#8085,2.,1.);
#69=TOROIDAL_SURFACE('',#8086,5.175,1.);
#70=TOROIDAL_SURFACE('',#8087,5.175,1.);
#71=TOROIDAL_SURFACE('',#8132,3.5,0.5);
#72=TOROIDAL_SURFACE('',#8140,3.5,0.5);
#73=CYLINDRICAL_SURFACE('',#7513,4.8);
#74=CYLINDRICAL_SURFACE('',#7517,4.8);
#75=CYLINDRICAL_SURFACE('',#7522,4.8);
#76=CYLINDRICAL_SURFACE('',#7524,4.8);
#77=CYLINDRICAL_SURFACE('',#7528,4.8);
#78=CYLINDRICAL_SURFACE('',#7530,4.8);
#79=CYLINDRICAL_SURFACE('',#7534,4.8);
#80=CYLINDRICAL_SURFACE('',#7536,4.8);
#81=CYLINDRICAL_SURFACE('',#7539,1.);
#82=CYLINDRICAL_SURFACE('',#7542,1.);
#83=CYLINDRICAL_SURFACE('',#7544,1.);
#84=CYLINDRICAL_SURFACE('',#7553,0.5);
#85=CYLINDRICAL_SURFACE('',#7556,0.5);
#86=CYLINDRICAL_SURFACE('',#7561,4.);
#87=CYLINDRICAL_SURFACE('',#7564,0.5);
#88=CYLINDRICAL_SURFACE('',#7578,2.);
#89=CYLINDRICAL_SURFACE('',#7581,3.8);
#90=CYLINDRICAL_SURFACE('',#7586,3.8);
#91=CYLINDRICAL_SURFACE('',#7591,3.8);
#92=CYLINDRICAL_SURFACE('',#7595,6.175);
#93=CYLINDRICAL_SURFACE('',#7598,6.175);
#94=CYLINDRICAL_SURFACE('',#7697,6.175);
#95=CYLINDRICAL_SURFACE('',#7700,3.8);
#96=CYLINDRICAL_SURFACE('',#7703,3.8);
#97=CYLINDRICAL_SURFACE('',#7706,3.8);
#98=CYLINDRICAL_SURFACE('',#7708,2.);
#99=CYLINDRICAL_SURFACE('',#7710,6.175);
#100=CYLINDRICAL_SURFACE('',#7712,6.175);
#101=CYLINDRICAL_SURFACE('',#7714,6.175);
#102=CYLINDRICAL_SURFACE('',#7717,2.);
#103=CYLINDRICAL_SURFACE('',#7719,3.8);
#104=CYLINDRICAL_SURFACE('',#7722,6.175);
#105=CYLINDRICAL_SURFACE('',#7724,3.8);
#106=CYLINDRICAL_SURFACE('',#7727,6.175);
#107=CYLINDRICAL_SURFACE('',#7730,3.8);
#108=CYLINDRICAL_SURFACE('',#7732,6.175);
#109=CYLINDRICAL_SURFACE('',#7735,6.175);
#110=CYLINDRICAL_SURFACE('',#7737,3.8);
#111=CYLINDRICAL_SURFACE('',#7740,6.175);
#112=CYLINDRICAL_SURFACE('',#7742,3.8);
#113=CYLINDRICAL_SURFACE('',#7744,2.);
#114=CYLINDRICAL_SURFACE('',#7746,3.8);
#115=CYLINDRICAL_SURFACE('',#7750,6.175);
#116=CYLINDRICAL_SURFACE('',#7752,3.8);
#117=CYLINDRICAL_SURFACE('',#7755,6.175);
#118=CYLINDRICAL_SURFACE('',#7758,3.8);
#119=CYLINDRICAL_SURFACE('',#7761,2.);
#120=CYLINDRICAL_SURFACE('',#7764,3.8);
#121=CYLINDRICAL_SURFACE('',#7768,6.175);
#122=CYLINDRICAL_SURFACE('',#7770,2.);
#123=CYLINDRICAL_SURFACE('',#7772,3.8);
#124=CYLINDRICAL_SURFACE('',#7776,3.8);
#125=CYLINDRICAL_SURFACE('',#7780,3.8);
#126=CYLINDRICAL_SURFACE('',#7782,6.175);
#127=CYLINDRICAL_SURFACE('',#7785,6.175);
#128=CYLINDRICAL_SURFACE('',#7786,3.8);
#129=CYLINDRICAL_SURFACE('',#7789,6.175);
#130=CYLINDRICAL_SURFACE('',#7792,3.8);
#131=CYLINDRICAL_SURFACE('',#7794,2.);
#132=CYLINDRICAL_SURFACE('',#7796,3.8);
#133=CYLINDRICAL_SURFACE('',#7800,6.175);
#134=CYLINDRICAL_SURFACE('',#7802,6.175);
#135=CYLINDRICAL_SURFACE('',#7804,3.8);
#136=CYLINDRICAL_SURFACE('',#7807,6.175);
#137=CYLINDRICAL_SURFACE('',#7809,2.);
#138=CYLINDRICAL_SURFACE('',#7812,3.8);
#139=CYLINDRICAL_SURFACE('',#7814,3.8);
#140=CYLINDRICAL_SURFACE('',#7844,1.);
#141=CYLINDRICAL_SURFACE('',#7856,0.1);
#142=CYLINDRICAL_SURFACE('',#7859,0.2);
#143=CYLINDRICAL_SURFACE('',#7862,0.5);
#144=CYLINDRICAL_SURFACE('',#7867,1.);
#145=CYLINDRICAL_SURFACE('',#7872,0.2);
#146=CYLINDRICAL_SURFACE('',#7877,6.);
#147=CYLINDRICAL_SURFACE('',#7880,0.4);
#148=CYLINDRICAL_SURFACE('',#7885,2.);
#149=CYLINDRICAL_SURFACE('',#7889,2.);
#150=CYLINDRICAL_SURFACE('',#7895,0.7);
#151=CYLINDRICAL_SURFACE('',#7926,0.2);
#152=CYLINDRICAL_SURFACE('',#7941,1.);
#153=CYLINDRICAL_SURFACE('',#7951,0.1);
#154=CYLINDRICAL_SURFACE('',#7954,0.2);
#155=CYLINDRICAL_SURFACE('',#7957,0.5);
#156=CYLINDRICAL_SURFACE('',#7962,1.);
#157=CYLINDRICAL_SURFACE('',#7967,0.2);
#158=CYLINDRICAL_SURFACE('',#7972,6.);
#159=CYLINDRICAL_SURFACE('',#7975,0.4);
#160=CYLINDRICAL_SURFACE('',#7980,2.);
#161=CYLINDRICAL_SURFACE('',#7984,2.);
#162=CYLINDRICAL_SURFACE('',#7990,0.7);
#163=CYLINDRICAL_SURFACE('',#8016,1.);
#164=CYLINDRICAL_SURFACE('',#8017,1.);
#165=CYLINDRICAL_SURFACE('',#8018,1.);
#166=CYLINDRICAL_SURFACE('',#8019,1.);
#167=CYLINDRICAL_SURFACE('',#8021,4.);
#168=CYLINDRICAL_SURFACE('',#8022,4.);
#169=CYLINDRICAL_SURFACE('',#8023,4.);
#170=CYLINDRICAL_SURFACE('',#8025,4.);
#171=CYLINDRICAL_SURFACE('',#8026,4.);
#172=CYLINDRICAL_SURFACE('',#8027,4.);
#173=CYLINDRICAL_SURFACE('',#8029,1.);
#174=CYLINDRICAL_SURFACE('',#8031,1.);
#175=CYLINDRICAL_SURFACE('',#8033,1.);
#176=CYLINDRICAL_SURFACE('',#8035,1.);
#177=CYLINDRICAL_SURFACE('',#8037,1.);
#178=CYLINDRICAL_SURFACE('',#8039,1.);
#179=CYLINDRICAL_SURFACE('',#8041,1.);
#180=CYLINDRICAL_SURFACE('',#8043,1.);
#181=CYLINDRICAL_SURFACE('',#8111,0.5);
#182=CYLINDRICAL_SURFACE('',#8112,0.5);
#183=CYLINDRICAL_SURFACE('',#8113,0.5);
#184=CYLINDRICAL_SURFACE('',#8114,0.5);
#185=CYLINDRICAL_SURFACE('',#8115,0.5);
#186=CYLINDRICAL_SURFACE('',#8116,0.5);
#187=CYLINDRICAL_SURFACE('',#8117,0.5);
#188=CYLINDRICAL_SURFACE('',#8118,0.5);
#189=CYLINDRICAL_SURFACE('',#8119,0.5);
#190=CYLINDRICAL_SURFACE('',#8120,0.5);
#191=CYLINDRICAL_SURFACE('',#8121,0.5);
#192=CYLINDRICAL_SURFACE('',#8122,0.5);
#193=CYLINDRICAL_SURFACE('',#8123,0.5);
#194=CYLINDRICAL_SURFACE('',#8124,0.5);
#195=CYLINDRICAL_SURFACE('',#8125,0.5);
#196=CYLINDRICAL_SURFACE('',#8126,0.5);
#197=CYLINDRICAL_SURFACE('',#8130,0.5);
#198=CYLINDRICAL_SURFACE('',#8134,0.5);
#199=CYLINDRICAL_SURFACE('',#8136,0.5);
#200=CYLINDRICAL_SURFACE('',#8138,0.5);
#201=CYLINDRICAL_SURFACE('',#8141,0.5);
#202=CYLINDRICAL_SURFACE('',#8153,0.2);
#203=CYLINDRICAL_SURFACE('',#8154,0.2);
#204=CYLINDRICAL_SURFACE('',#8155,0.2);
#205=CYLINDRICAL_SURFACE('',#8156,0.2);
#206=CYLINDRICAL_SURFACE('',#8157,0.2);
#207=CYLINDRICAL_SURFACE('',#8167,3.5);
#208=CYLINDRICAL_SURFACE('',#8169,3.5);
#209=CYLINDRICAL_SURFACE('',#8188,1.7);
#210=CYLINDRICAL_SURFACE('',#8191,1.7);
#211=CYLINDRICAL_SURFACE('',#8194,1.7);
#212=CYLINDRICAL_SURFACE('',#8197,1.7);
#213=CYLINDRICAL_SURFACE('',#8200,1.7);
#214=CYLINDRICAL_SURFACE('',#8203,1.7);
#215=CYLINDRICAL_SURFACE('',#8206,1.7);
#216=CYLINDRICAL_SURFACE('',#8209,1.7);
#217=B_SPLINE_CURVE_WITH_KNOTS('',3,(#10483,#10484,#10485,#10486,#10487,
#10488,#10489,#10490,#10491,#10492),.UNSPECIFIED.,.F.,.F.,(4,3,3,4),(0.,
0.406970369606815,0.993893894561123,1.),.UNSPECIFIED.);
#218=B_SPLINE_CURVE_WITH_KNOTS('',3,(#10497,#10498,#10499,#10500,#10501,
#10502,#10503,#10504,#10505,#10506),.UNSPECIFIED.,.F.,.F.,(4,3,3,4),(0.,
0.00610610543887737,0.593029630393183,1.),.UNSPECIFIED.);
#219=B_SPLINE_CURVE_WITH_KNOTS('',3,(#10512,#10513,#10514,#10515,#10516,
#10517,#10518,#10519,#10520,#10521),.UNSPECIFIED.,.F.,.F.,(4,3,3,4),(0.,
0.00610610543887737,0.593029630393059,1.),.UNSPECIFIED.);
#220=B_SPLINE_CURVE_WITH_KNOTS('',3,(#10525,#10526,#10527,#10528,#10529,
#10530,#10531,#10532,#10533,#10534),.UNSPECIFIED.,.F.,.F.,(4,3,3,4),(0.,
0.406970369606685,0.993893894561127,1.),.UNSPECIFIED.);
#221=B_SPLINE_CURVE_WITH_KNOTS('',3,(#10545,#10546,#10547,#10548,#10549,
#10550,#10551,#10552,#10553,#10554),.UNSPECIFIED.,.F.,.F.,(4,3,3,4),(0.,
0.00610610543889504,0.593029630390852,1.),.UNSPECIFIED.);
#222=B_SPLINE_CURVE_WITH_KNOTS('',3,(#10558,#10559,#10560,#10561,#10562,
#10563,#10564,#10565,#10566,#10567),.UNSPECIFIED.,.F.,.F.,(4,3,3,4),(0.,
0.406970369604482,0.993893894561147,1.),.UNSPECIFIED.);
#223=B_SPLINE_CURVE_WITH_KNOTS('',3,(#10577,#10578,#10579,#10580,#10581,
#10582,#10583,#10584,#10585,#10586),.UNSPECIFIED.,.F.,.F.,(4,3,3,4),(0.,
0.406970369604482,0.993893894561147,1.),.UNSPECIFIED.);
#224=B_SPLINE_CURVE_WITH_KNOTS('',3,(#10591,#10592,#10593,#10594,#10595,
#10596,#10597,#10598,#10599,#10600),.UNSPECIFIED.,.F.,.F.,(4,3,3,4),(0.,
0.00610610543889504,0.593029630390852,1.),.UNSPECIFIED.);
#225=B_SPLINE_CURVE_WITH_KNOTS('',3,(#10607,#10608,#10609,#10610,#10611,
#10612,#10613,#10614,#10615,#10616),.UNSPECIFIED.,.F.,.F.,(4,3,3,4),(0.,
0.00610610543888799,0.593029630391465,1.),.UNSPECIFIED.);
#226=B_SPLINE_CURVE_WITH_KNOTS('',3,(#10620,#10621,#10622,#10623,#10624,
#10625,#10626,#10627,#10628,#10629),.UNSPECIFIED.,.F.,.F.,(4,3,3,4),(0.,
0.406970369605111,0.993893894561147,1.),.UNSPECIFIED.);
#227=B_SPLINE_CURVE_WITH_KNOTS('',3,(#10638,#10639,#10640,#10641,#10642,
#10643,#10644,#10645,#10646,#10647),.UNSPECIFIED.,.F.,.F.,(4,3,3,4),(0.,
0.406970369605281,0.993893894561141,1.),.UNSPECIFIED.);
#228=B_SPLINE_CURVE_WITH_KNOTS('',3,(#10652,#10653,#10654,#10655,#10656,
#10657,#10658,#10659,#10660,#10661),.UNSPECIFIED.,.F.,.F.,(4,3,3,4),(0.,
0.00610610543889298,0.593029630391627,1.),.UNSPECIFIED.);
#229=B_SPLINE_CURVE_WITH_KNOTS('',3,(#10668,#10669,#10670,#10671,#10672,
#10673,#10674,#10675,#10676,#10677),.UNSPECIFIED.,.F.,.F.,(4,3,3,4),(0.,
0.00610610543888364,0.593029630392404,1.),.UNSPECIFIED.);
#230=B_SPLINE_CURVE_WITH_KNOTS('',3,(#10681,#10682,#10683,#10684,#10685,
#10686,#10687,#10688,#10689,#10690),.UNSPECIFIED.,.F.,.F.,(4,3,3,4),(0.,
0.406970369606033,0.99389389456113,1.),.UNSPECIFIED.);
#231=B_SPLINE_CURVE_WITH_KNOTS('',3,(#10699,#10700,#10701,#10702,#10703,
#10704,#10705,#10706,#10707,#10708),.UNSPECIFIED.,.F.,.F.,(4,3,3,4),(0.,
0.406970369606033,0.99389389456113,1.),.UNSPECIFIED.);
#232=B_SPLINE_CURVE_WITH_KNOTS('',3,(#10713,#10714,#10715,#10716,#10717,
#10718,#10719,#10720,#10721,#10722),.UNSPECIFIED.,.F.,.F.,(4,3,3,4),(0.,
0.00610610543888212,0.593029630392403,1.),.UNSPECIFIED.);
#233=B_SPLINE_CURVE_WITH_KNOTS('',3,(#10727,#10728,#10729,#10730,#10731,
#10732,#10733,#10734,#10735,#10736,#10737,#10738,#10739,#10740,#10741,#10742,
#10743,#10744,#10745,#10746,#10747,#10748),.UNSPECIFIED.,.F.,.F.,(4,3,3,
3,3,3,3,4),(0.,0.168559510268602,0.349719577306195,0.558100103780461,0.692370051067247,
0.797151244280026,0.903115036361408,1.),.UNSPECIFIED.);
#234=B_SPLINE_CURVE_WITH_KNOTS('',3,(#10749,#10750,#10751,#10752,#10753,
#10754,#10755,#10756,#10757,#10758,#10759,#10760,#10761,#10762,#10763,#10764,
#10765,#10766,#10767,#10768,#10769,#10770,#10771,#10772,#10773),
 .UNSPECIFIED.,.F.,.F.,(4,3,3,3,3,3,3,3,4),(0.,0.0853790128090987,0.17055508262146,
0.257398822644711,0.380118680160492,0.548764665680484,0.722289716306662,
0.928995736648062,1.),.UNSPECIFIED.);
#235=B_SPLINE_CURVE_WITH_KNOTS('',3,(#10784,#10785,#10786,#10787,#10788,
#10789,#10790,#10791,#10792,#10793,#10794,#10795,#10796,#10797,#10798,#10799,
#10800,#10801,#10802,#10803,#10804,#10805),.UNSPECIFIED.,.F.,.F.,(4,3,3,
3,3,3,3,4),(0.,0.168559510268602,0.349719577306258,0.558100103780531,0.692370051067302,
0.797151244280078,0.903115036361454,1.),.UNSPECIFIED.);
#236=B_SPLINE_CURVE_WITH_KNOTS('',3,(#10806,#10807,#10808,#10809,#10810,
#10811,#10812,#10813,#10814,#10815,#10816,#10817,#10818,#10819,#10820,#10821,
#10822,#10823,#10824,#10825,#10826,#10827,#10828,#10829,#10830),
 .UNSPECIFIED.,.F.,.F.,(4,3,3,3,3,3,3,3,4),(0.,0.0853790128090981,0.170555082621457,
0.25739882264471,0.380118680160498,0.54876466568048,0.722289716306667,0.928995736648065,
1.),.UNSPECIFIED.);
#237=B_SPLINE_CURVE_WITH_KNOTS('',3,(#10841,#10842,#10843,#10844,#10845,
#10846,#10847,#10848,#10849,#10850,#10851,#10852,#10853,#10854,#10855,#10856,
#10857,#10858,#10859,#10860,#10861,#10862),.UNSPECIFIED.,.F.,.F.,(4,3,3,
3,3,3,3,4),(0.,0.168559510268602,0.349719577306195,0.558100103780461,0.692370051067247,
0.797151244280026,0.903115036361408,1.),.UNSPECIFIED.);
#238=B_SPLINE_CURVE_WITH_KNOTS('',3,(#10863,#10864,#10865,#10866,#10867,
#10868,#10869,#10870,#10871,#10872,#10873,#10874,#10875,#10876,#10877,#10878,
#10879,#10880,#10881,#10882,#10883,#10884,#10885,#10886,#10887),
 .UNSPECIFIED.,.F.,.F.,(4,3,3,3,3,3,3,3,4),(0.,0.0853790128090979,0.170555082621457,
0.25739882264471,0.380118680160497,0.548764665680479,0.722289716306665,
0.928995736648063,1.),.UNSPECIFIED.);
#239=B_SPLINE_CURVE_WITH_KNOTS('',3,(#10995,#10996,#10997,#10998,#10999,
#11000,#11001,#11002,#11003,#11004,#11005,#11006,#11007,#11008,#11009,#11010),
 .UNSPECIFIED.,.F.,.F.,(4,3,3,3,3,4),(0.,0.198782055182424,0.482209528489336,
0.885241394354357,0.991241770149717,1.),.UNSPECIFIED.);
#240=B_SPLINE_CURVE_WITH_KNOTS('',3,(#11015,#11016,#11017,#11018,#11019,
#11020,#11021,#11022,#11023,#11024,#11025,#11026,#11027,#11028,#11029,#11030),
 .UNSPECIFIED.,.F.,.F.,(4,3,3,3,3,4),(0.,0.00875822985028287,0.114758605645643,
0.517790471510664,0.801217944817576,1.),.UNSPECIFIED.);
#241=B_SPLINE_CURVE_WITH_KNOTS('',3,(#11107,#11108,#11109,#11110,#11111,
#11112,#11113,#11114,#11115,#11116,#11117,#11118,#11119,#11120,#11121,#11122),
 .UNSPECIFIED.,.F.,.F.,(4,3,3,3,3,4),(0.,0.00875822985028289,0.114758605645706,
0.517790471510666,0.801217944817573,1.),.UNSPECIFIED.);
#242=B_SPLINE_CURVE_WITH_KNOTS('',3,(#11127,#11128,#11129,#11130,#11131,
#11132,#11133,#11134,#11135,#11136),.UNSPECIFIED.,.F.,.F.,(4,3,3,4),(0.,
0.157592988197295,0.649206103441303,1.),.UNSPECIFIED.);
#243=B_SPLINE_CURVE_WITH_KNOTS('',3,(#11138,#11139,#11140,#11141,#11142,
#11143,#11144,#11145,#11146,#11147,#11148,#11149,#11150,#11151,#11152,#11153),
 .UNSPECIFIED.,.F.,.F.,(4,3,3,3,3,4),(0.,0.213871481609181,0.50592086975537,
0.801611342027543,0.990172687902933,1.),.UNSPECIFIED.);
#244=B_SPLINE_CURVE_WITH_KNOTS('',3,(#11241,#11242,#11243,#11244,#11245,
#11246,#11247,#11248,#11249,#11250,#11251,#11252,#11253,#11254,#11255,#11256),
 .UNSPECIFIED.,.F.,.F.,(4,3,3,3,3,4),(0.,0.213952944390215,0.427888361019688,
0.642103881962053,0.857010532094772,1.),.UNSPECIFIED.);
#245=B_SPLINE_CURVE_WITH_KNOTS('',3,(#11272,#11273,#11274,#11275,#11276,
#11277,#11278,#11279,#11280,#11281,#11282,#11283,#11284,#11285,#11286,#11287),
 .UNSPECIFIED.,.F.,.F.,(4,3,3,3,3,4),(0.,0.216057211019108,0.43215218114417,
0.647678123532644,0.8623746592954,1.),.UNSPECIFIED.);
#246=B_SPLINE_CURVE_WITH_KNOTS('',3,(#11296,#11297,#11298,#11299,#11300,
#11301,#11302,#11303,#11304,#11305,#11306,#11307,#11308,#11309,#11310,#11311),
 .UNSPECIFIED.,.F.,.F.,(4,3,3,3,3,4),(0.,0.213952944390215,0.427888361019688,
0.642103881962051,0.857010532094774,1.),.UNSPECIFIED.);
#247=B_SPLINE_CURVE_WITH_KNOTS('',3,(#11327,#11328,#11329,#11330,#11331,
#11332,#11333,#11334,#11335,#11336,#11337,#11338,#11339,#11340,#11341,#11342),
 .UNSPECIFIED.,.F.,.F.,(4,3,3,3,3,4),(0.,0.216057211019111,0.432152181144181,
0.647678123532642,0.862374659295409,1.),.UNSPECIFIED.);
#248=B_SPLINE_CURVE_WITH_KNOTS('',3,(#11704,#11705,#11706,#11707,#11708,
#11709,#11710,#11711,#11712,#11713,#11714,#11715,#11716,#11717,#11718,#11719),
 .UNSPECIFIED.,.F.,.F.,(4,3,3,3,3,4),(0.,0.216057211019103,0.432152181144154,
0.647678123532654,0.862374659295392,1.),.UNSPECIFIED.);
#249=B_SPLINE_CURVE_WITH_KNOTS('',3,(#11724,#11725,#11726,#11727,#11728,
#11729,#11730,#11731,#11732,#11733,#11734,#11735,#11736,#11737,#11738,#11739),
 .UNSPECIFIED.,.F.,.F.,(4,3,3,3,3,4),(0.,0.213952944390216,0.42788836101969,
0.642103881962056,0.857010532094777,1.),.UNSPECIFIED.);
#250=B_SPLINE_CURVE_WITH_KNOTS('',3,(#11745,#11746,#11747,#11748,#11749,
#11750,#11751,#11752,#11753,#11754,#11755,#11756,#11757,#11758,#11759,#11760),
 .UNSPECIFIED.,.F.,.F.,(4,3,3,3,3,4),(0.,0.213952944390214,0.427888361019688,
0.642103881962052,0.857010532094774,1.),.UNSPECIFIED.);
#251=B_SPLINE_CURVE_WITH_KNOTS('',3,(#11765,#11766,#11767,#11768,#11769,
#11770,#11771,#11772,#11773,#11774,#11775,#11776,#11777,#11778,#11779,#11780),
 .UNSPECIFIED.,.F.,.F.,(4,3,3,3,3,4),(0.,0.216057211019117,0.432152181144188,
0.647678123532662,0.862374659295412,1.),.UNSPECIFIED.);
#252=B_SPLINE_CURVE_WITH_KNOTS('',3,(#11815,#11816,#11817,#11818,#11819,
#11820,#11821,#11822,#11823,#11824,#11825,#11826,#11827,#11828,#11829,#11830),
 .UNSPECIFIED.,.F.,.F.,(4,3,3,3,3,4),(0.,0.213952944390213,0.427888361019687,
0.642103881962044,0.857010532094762,1.),.UNSPECIFIED.);
#253=B_SPLINE_CURVE_WITH_KNOTS('',3,(#11835,#11836,#11837,#11838,#11839,
#11840,#11841,#11842,#11843,#11844,#11845,#11846,#11847,#11848,#11849,#11850),
 .UNSPECIFIED.,.F.,.F.,(4,3,3,3,3,4),(0.,0.216057211019108,0.43215218114417,
0.647678123532643,0.8623746592954,1.),.UNSPECIFIED.);
#254=B_SPLINE_CURVE_WITH_KNOTS('',3,(#11858,#11859,#11860,#11861,#11862,
#11863,#11864,#11865,#11866,#11867,#11868,#11869,#11870,#11871,#11872,#11873),
 .UNSPECIFIED.,.F.,.F.,(4,3,3,3,3,4),(0.,0.213952944390216,0.427888361019689,
0.642103881962056,0.857010532094774,1.),.UNSPECIFIED.);
#255=B_SPLINE_CURVE_WITH_KNOTS('',3,(#11878,#11879,#11880,#11881,#11882,
#11883,#11884,#11885,#11886,#11887,#11888,#11889,#11890,#11891,#11892,#11893),
 .UNSPECIFIED.,.F.,.F.,(4,3,3,3,3,4),(0.,0.216057211019103,0.432152181144174,
0.647678123532642,0.8623746592954,1.),.UNSPECIFIED.);
#256=B_SPLINE_CURVE_WITH_KNOTS('',3,(#11924,#11925,#11926,#11927,#11928,
#11929,#11930,#11931,#11932,#11933,#11934,#11935,#11936,#11937,#11938,#11939),
 .UNSPECIFIED.,.F.,.F.,(4,3,3,3,3,4),(0.,0.213952944390216,0.427888361019689,
0.642103881962051,0.857010532094776,1.),.UNSPECIFIED.);
#257=B_SPLINE_CURVE_WITH_KNOTS('',3,(#11945,#11946,#11947,#11948,#11949,
#11950,#11951,#11952,#11953,#11954,#11955,#11956,#11957,#11958,#11959,#11960),
 .UNSPECIFIED.,.F.,.F.,(4,3,3,3,3,4),(0.,0.216057211019103,0.432152181144154,
0.647678123532654,0.862374659295391,1.),.UNSPECIFIED.);
#258=B_SPLINE_CURVE_WITH_KNOTS('',3,(#11967,#11968,#11969,#11970,#11971,
#11972,#11973,#11974,#11975,#11976,#11977,#11978,#11979,#11980,#11981,#11982),
 .UNSPECIFIED.,.F.,.F.,(4,3,3,3,3,4),(0.,0.213952944390215,0.427888361019689,
0.642103881962055,0.857010532094776,1.),.UNSPECIFIED.);
#259=B_SPLINE_CURVE_WITH_KNOTS('',3,(#11999,#12000,#12001,#12002,#12003,
#12004,#12005,#12006,#12007,#12008,#12009,#12010,#12011,#12012,#12013,#12014),
 .UNSPECIFIED.,.F.,.F.,(4,3,3,3,3,4),(0.,0.216057211019108,0.432152181144169,
0.647678123532653,0.862374659295391,1.),.UNSPECIFIED.);
#260=B_SPLINE_CURVE_WITH_KNOTS('',3,(#12029,#12030,#12031,#12032,#12033,
#12034,#12035,#12036,#12037,#12038,#12039,#12040,#12041,#12042,#12043,#12044),
 .UNSPECIFIED.,.F.,.F.,(4,3,3,3,3,4),(0.,0.216057211019121,0.432152181144198,
0.647678123532672,0.862374659295412,1.),.UNSPECIFIED.);
#261=B_SPLINE_CURVE_WITH_KNOTS('',3,(#12069,#12070,#12071,#12072,#12073,
#12074,#12075,#12076,#12077,#12078,#12079,#12080,#12081,#12082,#12083,#12084),
 .UNSPECIFIED.,.F.,.F.,(4,3,3,3,3,4),(0.,0.213952944390214,0.427888361019686,
0.642103881962048,0.857010532094769,1.),.UNSPECIFIED.);
#262=B_SPLINE_CURVE_WITH_KNOTS('',3,(#12107,#12108,#12109,#12110,#12111,
#12112,#12113,#12114,#12115,#12116,#12117,#12118,#12119,#12120,#12121,#12122),
 .UNSPECIFIED.,.F.,.F.,(4,3,3,3,3,4),(0.,0.213952944390213,0.427888361019683,
0.642103881962053,0.857010532094766,1.),.UNSPECIFIED.);
#263=B_SPLINE_CURVE_WITH_KNOTS('',3,(#12129,#12130,#12131,#12132,#12133,
#12134,#12135,#12136,#12137,#12138,#12139,#12140,#12141,#12142,#12143,#12144),
 .UNSPECIFIED.,.F.,.F.,(4,3,3,3,3,4),(0.,0.216057211019109,0.432152181144171,
0.647678123532654,0.862374659295391,1.),.UNSPECIFIED.);
#264=B_SPLINE_CURVE_WITH_KNOTS('',3,(#12181,#12182,#12183,#12184,#12185,
#12186,#12187,#12188,#12189,#12190,#12191,#12192,#12193,#12194,#12195,#12196),
 .UNSPECIFIED.,.F.,.F.,(4,3,3,3,3,4),(0.,0.216057211019121,0.432152181144197,
0.647678123532671,0.862374659295413,1.),.UNSPECIFIED.);
#265=B_SPLINE_CURVE_WITH_KNOTS('',3,(#12217,#12218,#12219,#12220,#12221,
#12222,#12223,#12224,#12225,#12226,#12227,#12228,#12229,#12230,#12231,#12232),
 .UNSPECIFIED.,.F.,.F.,(4,3,3,3,3,4),(0.,0.213952944390213,0.427888361019687,
0.64210388196205,0.857010532094765,1.),.UNSPECIFIED.);
#266=B_SPLINE_CURVE_WITH_KNOTS('',3,(#12246,#12247,#12248,#12249,#12250,
#12251,#12252,#12253,#12254,#12255,#12256,#12257,#12258,#12259,#12260,#12261),
 .UNSPECIFIED.,.F.,.F.,(4,3,3,3,3,4),(0.,0.213952944390213,0.427888361019684,
0.642103881962051,0.857010532094767,1.),.UNSPECIFIED.);
#267=B_SPLINE_CURVE_WITH_KNOTS('',3,(#12268,#12269,#12270,#12271,#12272,
#12273,#12274,#12275,#12276,#12277,#12278,#12279,#12280,#12281,#12282,#12283),
 .UNSPECIFIED.,.F.,.F.,(4,3,3,3,3,4),(0.,0.216057211019109,0.43215218114417,
0.647678123532654,0.862374659295391,1.),.UNSPECIFIED.);
#268=FACE_BOUND('',#2787,.T.);
#269=FACE_BOUND('',#2788,.T.);
#270=FACE_BOUND('',#2790,.T.);
#271=FACE_BOUND('',#2791,.T.);
#272=FACE_BOUND('',#2792,.T.);
#273=FACE_BOUND('',#2793,.T.);
#274=FACE_BOUND('',#2795,.T.);
#275=FACE_BOUND('',#2796,.T.);
#276=FACE_BOUND('',#2798,.T.);
#277=FACE_BOUND('',#2799,.T.);
#278=FACE_BOUND('',#2801,.T.);
#279=FACE_BOUND('',#2802,.T.);
#280=FACE_BOUND('',#2803,.T.);
#281=FACE_BOUND('',#2804,.T.);
#282=FACE_BOUND('',#2805,.T.);
#283=FACE_BOUND('',#2806,.T.);
#284=FACE_BOUND('',#2810,.T.);
#285=FACE_BOUND('',#2811,.T.);
#286=FACE_BOUND('',#2812,.T.);
#287=FACE_BOUND('',#2816,.T.);
#288=FACE_BOUND('',#2817,.T.);
#289=FACE_BOUND('',#2818,.T.);
#290=FACE_BOUND('',#2829,.T.);
#291=FACE_BOUND('',#2830,.T.);
#292=FACE_BOUND('',#2841,.T.);
#293=FACE_BOUND('',#2842,.T.);
#294=FACE_BOUND('',#2843,.T.);
#295=FACE_BOUND('',#2844,.T.);
#296=FACE_BOUND('',#2845,.T.);
#297=FACE_BOUND('',#2846,.T.);
#298=FACE_BOUND('',#2847,.T.);
#299=FACE_BOUND('',#2848,.T.);
#300=FACE_BOUND('',#2849,.T.);
#301=FACE_BOUND('',#2850,.T.);
#302=FACE_BOUND('',#2851,.T.);
#303=FACE_BOUND('',#2852,.T.);
#304=FACE_BOUND('',#2853,.T.);
#305=FACE_BOUND('',#2854,.T.);
#306=FACE_BOUND('',#2865,.T.);
#307=FACE_BOUND('',#2866,.T.);
#308=FACE_BOUND('',#2871,.T.);
#309=FACE_BOUND('',#2872,.T.);
#310=FACE_BOUND('',#2892,.T.);
#311=FACE_BOUND('',#2893,.T.);
#312=FACE_BOUND('',#2905,.T.);
#313=FACE_BOUND('',#2906,.T.);
#314=FACE_BOUND('',#2912,.T.);
#315=FACE_BOUND('',#2913,.T.);
#316=FACE_BOUND('',#2930,.T.);
#317=FACE_BOUND('',#2931,.T.);
#318=FACE_BOUND('',#2941,.T.);
#319=FACE_BOUND('',#2942,.T.);
#320=FACE_BOUND('',#3196,.T.);
#321=FACE_BOUND('',#3197,.T.);
#322=FACE_BOUND('',#3198,.T.);
#323=FACE_BOUND('',#3199,.T.);
#324=FACE_BOUND('',#3200,.T.);
#325=FACE_BOUND('',#3201,.T.);
#326=FACE_BOUND('',#3202,.T.);
#327=FACE_BOUND('',#3203,.T.);
#328=FACE_BOUND('',#3204,.T.);
#329=FACE_BOUND('',#3205,.T.);
#330=FACE_BOUND('',#3206,.T.);
#331=FACE_BOUND('',#3207,.T.);
#332=FACE_BOUND('',#3208,.T.);
#333=FACE_BOUND('',#3209,.T.);
#334=FACE_BOUND('',#3210,.T.);
#335=FACE_BOUND('',#3211,.T.);
#336=FACE_BOUND('',#3213,.T.);
#337=FACE_BOUND('',#3214,.T.);
#338=FACE_BOUND('',#3216,.T.);
#339=FACE_BOUND('',#3217,.T.);
#340=FACE_BOUND('',#3219,.T.);
#341=FACE_BOUND('',#3220,.T.);
#342=FACE_BOUND('',#3222,.T.);
#343=FACE_BOUND('',#3223,.T.);
#344=FACE_BOUND('',#3225,.T.);
#345=FACE_BOUND('',#3226,.T.);
#346=FACE_BOUND('',#3228,.T.);
#347=FACE_BOUND('',#3229,.T.);
#348=FACE_BOUND('',#3231,.T.);
#349=FACE_BOUND('',#3232,.T.);
#350=FACE_BOUND('',#3234,.T.);
#351=FACE_BOUND('',#3235,.T.);
#352=LINE('',#10382,#1055);
#353=LINE('',#10390,#1056);
#354=LINE('',#10398,#1057);
#355=LINE('',#10402,#1058);
#356=LINE('',#10404,#1059);
#357=LINE('',#10406,#1060);
#358=LINE('',#10410,#1061);
#359=LINE('',#10414,#1062);
#360=LINE('',#10416,#1063);
#361=LINE('',#10418,#1064);
#362=LINE('',#10422,#1065);
#363=LINE('',#10423,#1066);
#364=LINE('',#10428,#1067);
#365=LINE('',#10432,#1068);
#366=LINE('',#10436,#1069);
#367=LINE('',#10440,#1070);
#368=LINE('',#10444,#1071);
#369=LINE('',#10448,#1072);
#370=LINE('',#10452,#1073);
#371=LINE('',#10456,#1074);
#372=LINE('',#10460,#1075);
#373=LINE('',#10464,#1076);
#374=LINE('',#10468,#1077);
#375=LINE('',#10472,#1078);
#376=LINE('',#10476,#1079);
#377=LINE('',#10494,#1080);
#378=LINE('',#10495,#1081);
#379=LINE('',#10510,#1082);
#380=LINE('',#10536,#1083);
#381=LINE('',#10543,#1084);
#382=LINE('',#10569,#1085);
#383=LINE('',#10588,#1086);
#384=LINE('',#10589,#1087);
#385=LINE('',#10605,#1088);
#386=LINE('',#10631,#1089);
#387=LINE('',#10649,#1090);
#388=LINE('',#10650,#1091);
#389=LINE('',#10666,#1092);
#390=LINE('',#10692,#1093);
#391=LINE('',#10710,#1094);
#392=LINE('',#10711,#1095);
#393=LINE('',#10724,#1096);
#394=LINE('',#10775,#1097);
#395=LINE('',#10781,#1098);
#396=LINE('',#10832,#1099);
#397=LINE('',#10838,#1100);
#398=LINE('',#10889,#1101);
#399=LINE('',#10893,#1102);
#400=LINE('',#10896,#1103);
#401=LINE('',#10898,#1104);
#402=LINE('',#10900,#1105);
#403=LINE('',#10902,#1106);
#404=LINE('',#10905,#1107);
#405=LINE('',#10907,#1108);
#406=LINE('',#10909,#1109);
#407=LINE('',#10911,#1110);
#408=LINE('',#10914,#1111);
#409=LINE('',#10916,#1112);
#410=LINE('',#10918,#1113);
#411=LINE('',#10920,#1114);
#412=LINE('',#10923,#1115);
#413=LINE('',#10925,#1116);
#414=LINE('',#10927,#1117);
#415=LINE('',#10928,#1118);
#416=LINE('',#10931,#1119);
#417=LINE('',#10933,#1120);
#418=LINE('',#10935,#1121);
#419=LINE('',#10936,#1122);
#420=LINE('',#10939,#1123);
#421=LINE('',#10941,#1124);
#422=LINE('',#10943,#1125);
#423=LINE('',#10945,#1126);
#424=LINE('',#10947,#1127);
#425=LINE('',#10949,#1128);
#426=LINE('',#10951,#1129);
#427=LINE('',#10953,#1130);
#428=LINE('',#10955,#1131);
#429=LINE('',#10957,#1132);
#430=LINE('',#10959,#1133);
#431=LINE('',#10961,#1134);
#432=LINE('',#10963,#1135);
#433=LINE('',#10965,#1136);
#434=LINE('',#10967,#1137);
#435=LINE('',#10969,#1138);
#436=LINE('',#10971,#1139);
#437=LINE('',#10973,#1140);
#438=LINE('',#10975,#1141);
#439=LINE('',#10977,#1142);
#440=LINE('',#10979,#1143);
#441=LINE('',#10981,#1144);
#442=LINE('',#10983,#1145);
#443=LINE('',#10987,#1146);
#444=LINE('',#10989,#1147);
#445=LINE('',#11012,#1148);
#446=LINE('',#11035,#1149);
#447=LINE('',#11038,#1150);
#448=LINE('',#11040,#1151);
#449=LINE('',#11042,#1152);
#450=LINE('',#11043,#1153);
#451=LINE('',#11046,#1154);
#452=LINE('',#11048,#1155);
#453=LINE('',#11050,#1156);
#454=LINE('',#11051,#1157);
#455=LINE('',#11054,#1158);
#456=LINE('',#11056,#1159);
#457=LINE('',#11058,#1160);
#458=LINE('',#11060,#1161);
#459=LINE('',#11062,#1162);
#460=LINE('',#11063,#1163);
#461=LINE('',#11065,#1164);
#462=LINE('',#11067,#1165);
#463=LINE('',#11069,#1166);
#464=LINE('',#11071,#1167);
#465=LINE('',#11073,#1168);
#466=LINE('',#11075,#1169);
#467=LINE('',#11077,#1170);
#468=LINE('',#11079,#1171);
#469=LINE('',#11081,#1172);
#470=LINE('',#11083,#1173);
#471=LINE('',#11085,#1174);
#472=LINE('',#11087,#1175);
#473=LINE('',#11089,#1176);
#474=LINE('',#11091,#1177);
#475=LINE('',#11093,#1178);
#476=LINE('',#11098,#1179);
#477=LINE('',#11102,#1180);
#478=LINE('',#11104,#1181);
#479=LINE('',#11159,#1182);
#480=LINE('',#11160,#1183);
#481=LINE('',#11161,#1184);
#482=LINE('',#11163,#1185);
#483=LINE('',#11164,#1186);
#484=LINE('',#11165,#1187);
#485=LINE('',#11167,#1188);
#486=LINE('',#11168,#1189);
#487=LINE('',#11169,#1190);
#488=LINE('',#11171,#1191);
#489=LINE('',#11173,#1192);
#490=LINE('',#11175,#1193);
#491=LINE('',#11177,#1194);
#492=LINE('',#11179,#1195);
#493=LINE('',#11181,#1196);
#494=LINE('',#11183,#1197);
#495=LINE('',#11184,#1198);
#496=LINE('',#11186,#1199);
#497=LINE('',#11188,#1200);
#498=LINE('',#11190,#1201);
#499=LINE('',#11192,#1202);
#500=LINE('',#11194,#1203);
#501=LINE('',#11196,#1204);
#502=LINE('',#11198,#1205);
#503=LINE('',#11200,#1206);
#504=LINE('',#11202,#1207);
#505=LINE('',#11204,#1208);
#506=LINE('',#11205,#1209);
#507=LINE('',#11207,#1210);
#508=LINE('',#11209,#1211);
#509=LINE('',#11211,#1212);
#510=LINE('',#11224,#1213);
#511=LINE('',#11228,#1214);
#512=LINE('',#11230,#1215);
#513=LINE('',#11232,#1216);
#514=LINE('',#11234,#1217);
#515=LINE('',#11236,#1218);
#516=LINE('',#11239,#1219);
#517=LINE('',#11258,#1220);
#518=LINE('',#11260,#1221);
#519=LINE('',#11266,#1222);
#520=LINE('',#11268,#1223);
#521=LINE('',#11270,#1224);
#522=LINE('',#11289,#1225);
#523=LINE('',#11291,#1226);
#524=LINE('',#11294,#1227);
#525=LINE('',#11313,#1228);
#526=LINE('',#11315,#1229);
#527=LINE('',#11321,#1230);
#528=LINE('',#11323,#1231);
#529=LINE('',#11325,#1232);
#530=LINE('',#11344,#1233);
#531=LINE('',#11349,#1234);
#532=LINE('',#11355,#1235);
#533=LINE('',#11358,#1236);
#534=LINE('',#11362,#1237);
#535=LINE('',#11364,#1238);
#536=LINE('',#11366,#1239);
#537=LINE('',#11367,#1240);
#538=LINE('',#11369,#1241);
#539=LINE('',#11371,#1242);
#540=LINE('',#11372,#1243);
#541=LINE('',#11374,#1244);
#542=LINE('',#11376,#1245);
#543=LINE('',#11378,#1246);
#544=LINE('',#11382,#1247);
#545=LINE('',#11383,#1248);
#546=LINE('',#11385,#1249);
#547=LINE('',#11387,#1250);
#548=LINE('',#11388,#1251);
#549=LINE('',#11390,#1252);
#550=LINE('',#11398,#1253);
#551=LINE('',#11402,#1254);
#552=LINE('',#11406,#1255);
#553=LINE('',#11410,#1256);
#554=LINE('',#11418,#1257);
#555=LINE('',#11422,#1258);
#556=LINE('',#11430,#1259);
#557=LINE('',#11434,#1260);
#558=LINE('',#11445,#1261);
#559=LINE('',#11449,#1262);
#560=LINE('',#11453,#1263);
#561=LINE('',#11457,#1264);
#562=LINE('',#11465,#1265);
#563=LINE('',#11469,#1266);
#564=LINE('',#11477,#1267);
#565=LINE('',#11481,#1268);
#566=LINE('',#11489,#1269);
#567=LINE('',#11493,#1270);
#568=LINE('',#11497,#1271);
#569=LINE('',#11501,#1272);
#570=LINE('',#11503,#1273);
#571=LINE('',#11512,#1274);
#572=LINE('',#11516,#1275);
#573=LINE('',#11520,#1276);
#574=LINE('',#11524,#1277);
#575=LINE('',#11532,#1278);
#576=LINE('',#11536,#1279);
#577=LINE('',#11544,#1280);
#578=LINE('',#11548,#1281);
#579=LINE('',#11556,#1282);
#580=LINE('',#11560,#1283);
#581=LINE('',#11564,#1284);
#582=LINE('',#11568,#1285);
#583=LINE('',#11582,#1286);
#584=LINE('',#11586,#1287);
#585=LINE('',#11594,#1288);
#586=LINE('',#11598,#1289);
#587=LINE('',#11606,#1290);
#588=LINE('',#11610,#1291);
#589=LINE('',#11614,#1292);
#590=LINE('',#11617,#1293);
#591=LINE('',#11619,#1294);
#592=LINE('',#11623,#1295);
#593=LINE('',#11625,#1296);
#594=LINE('',#11629,#1297);
#595=LINE('',#11632,#1298);
#596=LINE('',#11633,#1299);
#597=LINE('',#11636,#1300);
#598=LINE('',#11640,#1301);
#599=LINE('',#11642,#1302);
#600=LINE('',#11646,#1303);
#601=LINE('',#11648,#1304);
#602=LINE('',#11652,#1305);
#603=LINE('',#11654,#1306);
#604=LINE('',#11663,#1307);
#605=LINE('',#11666,#1308);
#606=LINE('',#11669,#1309);
#607=LINE('',#11673,#1310);
#608=LINE('',#11675,#1311);
#609=LINE('',#11679,#1312);
#610=LINE('',#11681,#1313);
#611=LINE('',#11693,#1314);
#612=LINE('',#11695,#1315);
#613=LINE('',#11699,#1316);
#614=LINE('',#11701,#1317);
#615=LINE('',#11703,#1318);
#616=LINE('',#11721,#1319);
#617=LINE('',#11722,#1320);
#618=LINE('',#11742,#1321);
#619=LINE('',#11743,#1322);
#620=LINE('',#11762,#1323);
#621=LINE('',#11764,#1324);
#622=LINE('',#11783,#1325);
#623=LINE('',#11785,#1326);
#624=LINE('',#11787,#1327);
#625=LINE('',#11791,#1328);
#626=LINE('',#11796,#1329);
#627=LINE('',#11802,#1330);
#628=LINE('',#11806,#1331);
#629=LINE('',#11808,#1332);
#630=LINE('',#11813,#1333);
#631=LINE('',#11831,#1334);
#632=LINE('',#11833,#1335);
#633=LINE('',#11852,#1336);
#634=LINE('',#11856,#1337);
#635=LINE('',#11874,#1338);
#636=LINE('',#11876,#1339);
#637=LINE('',#11895,#1340);
#638=LINE('',#11899,#1341);
#639=LINE('',#11901,#1342);
#640=LINE('',#11903,#1343);
#641=LINE('',#11907,#1344);
#642=LINE('',#11909,#1345);
#643=LINE('',#11913,#1346);
#644=LINE('',#11915,#1347);
#645=LINE('',#11917,#1348);
#646=LINE('',#11921,#1349);
#647=LINE('',#11923,#1350);
#648=LINE('',#11941,#1351);
#649=LINE('',#11943,#1352);
#650=LINE('',#11964,#1353);
#651=LINE('',#11966,#1354);
#652=LINE('',#11984,#1355);
#653=LINE('',#11992,#1356);
#654=LINE('',#11993,#1357);
#655=LINE('',#11995,#1358);
#656=LINE('',#11997,#1359);
#657=LINE('',#12018,#1360);
#658=LINE('',#12020,#1361);
#659=LINE('',#12022,#1362);
#660=LINE('',#12024,#1363);
#661=LINE('',#12025,#1364);
#662=LINE('',#12027,#1365);
#663=LINE('',#12048,#1366);
#664=LINE('',#12050,#1367);
#665=LINE('',#12052,#1368);
#666=LINE('',#12054,#1369);
#667=LINE('',#12058,#1370);
#668=LINE('',#12060,#1371);
#669=LINE('',#12062,#1372);
#670=LINE('',#12067,#1373);
#671=LINE('',#12089,#1374);
#672=LINE('',#12090,#1375);
#673=LINE('',#12092,#1376);
#674=LINE('',#12094,#1377);
#675=LINE('',#12096,#1378);
#676=LINE('',#12098,#1379);
#677=LINE('',#12105,#1380);
#678=LINE('',#12123,#1381);
#679=LINE('',#12125,#1382);
#680=LINE('',#12127,#1383);
#681=LINE('',#12146,#1384);
#682=LINE('',#12148,#1385);
#683=LINE('',#12152,#1386);
#684=LINE('',#12154,#1387);
#685=LINE('',#12156,#1388);
#686=LINE('',#12158,#1389);
#687=LINE('',#12162,#1390);
#688=LINE('',#12166,#1391);
#689=LINE('',#12168,#1392);
#690=LINE('',#12170,#1393);
#691=LINE('',#12172,#1394);
#692=LINE('',#12176,#1395);
#693=LINE('',#12177,#1396);
#694=LINE('',#12179,#1397);
#695=LINE('',#12200,#1398);
#696=LINE('',#12202,#1399);
#697=LINE('',#12204,#1400);
#698=LINE('',#12213,#1401);
#699=LINE('',#12215,#1402);
#700=LINE('',#12234,#1403);
#701=LINE('',#12236,#1404);
#702=LINE('',#12240,#1405);
#703=LINE('',#12244,#1406);
#704=LINE('',#12262,#1407);
#705=LINE('',#12264,#1408);
#706=LINE('',#12266,#1409);
#707=LINE('',#12287,#1410);
#708=LINE('',#12292,#1411);
#709=LINE('',#12294,#1412);
#710=LINE('',#12298,#1413);
#711=LINE('',#12303,#1414);
#712=LINE('',#12304,#1415);
#713=LINE('',#12306,#1416);
#714=LINE('',#12308,#1417);
#715=LINE('',#12310,#1418);
#716=LINE('',#12312,#1419);
#717=LINE('',#12315,#1420);
#718=LINE('',#12317,#1421);
#719=LINE('',#12319,#1422);
#720=LINE('',#12321,#1423);
#721=LINE('',#12323,#1424);
#722=LINE('',#12325,#1425);
#723=LINE('',#12327,#1426);
#724=LINE('',#12330,#1427);
#725=LINE('',#12332,#1428);
#726=LINE('',#12334,#1429);
#727=LINE('',#12336,#1430);
#728=LINE('',#12338,#1431);
#729=LINE('',#12340,#1432);
#730=LINE('',#12342,#1433);
#731=LINE('',#12343,#1434);
#732=LINE('',#12345,#1435);
#733=LINE('',#12346,#1436);
#734=LINE('',#12348,#1437);
#735=LINE('',#12349,#1438);
#736=LINE('',#12351,#1439);
#737=LINE('',#12353,#1440);
#738=LINE('',#12357,#1441);
#739=LINE('',#12359,#1442);
#740=LINE('',#12361,#1443);
#741=LINE('',#12363,#1444);
#742=LINE('',#12365,#1445);
#743=LINE('',#12368,#1446);
#744=LINE('',#12371,#1447);
#745=LINE('',#12373,#1448);
#746=LINE('',#12375,#1449);
#747=LINE('',#12377,#1450);
#748=LINE('',#12381,#1451);
#749=LINE('',#12385,#1452);
#750=LINE('',#12391,#1453);
#751=LINE('',#12393,#1454);
#752=LINE('',#12397,#1455);
#753=LINE('',#12399,#1456);
#754=LINE('',#12403,#1457);
#755=LINE('',#12407,#1458);
#756=LINE('',#12411,#1459);
#757=LINE('',#12413,#1460);
#758=LINE('',#12415,#1461);
#759=LINE('',#12417,#1462);
#760=LINE('',#12419,#1463);
#761=LINE('',#12422,#1464);
#762=LINE('',#12424,#1465);
#763=LINE('',#12426,#1466);
#764=LINE('',#12428,#1467);
#765=LINE('',#12431,#1468);
#766=LINE('',#12433,#1469);
#767=LINE('',#12435,#1470);
#768=LINE('',#12440,#1471);
#769=LINE('',#12443,#1472);
#770=LINE('',#12445,#1473);
#771=LINE('',#12447,#1474);
#772=LINE('',#12449,#1475);
#773=LINE('',#12451,#1476);
#774=LINE('',#12453,#1477);
#775=LINE('',#12455,#1478);
#776=LINE('',#12457,#1479);
#777=LINE('',#12460,#1480);
#778=LINE('',#12462,#1481);
#779=LINE('',#12465,#1482);
#780=LINE('',#12467,#1483);
#781=LINE('',#12470,#1484);
#782=LINE('',#12474,#1485);
#783=LINE('',#12476,#1486);
#784=LINE('',#12478,#1487);
#785=LINE('',#12480,#1488);
#786=LINE('',#12483,#1489);
#787=LINE('',#12485,#1490);
#788=LINE('',#12487,#1491);
#789=LINE('',#12489,#1492);
#790=LINE('',#12493,#1493);
#791=LINE('',#12495,#1494);
#792=LINE('',#12499,#1495);
#793=LINE('',#12501,#1496);
#794=LINE('',#12503,#1497);
#795=LINE('',#12505,#1498);
#796=LINE('',#12509,#1499);
#797=LINE('',#12513,#1500);
#798=LINE('',#12515,#1501);
#799=LINE('',#12517,#1502);
#800=LINE('',#12520,#1503);
#801=LINE('',#12522,#1504);
#802=LINE('',#12526,#1505);
#803=LINE('',#12528,#1506);
#804=LINE('',#12530,#1507);
#805=LINE('',#12532,#1508);
#806=LINE('',#12534,#1509);
#807=LINE('',#12536,#1510);
#808=LINE('',#12540,#1511);
#809=LINE('',#12542,#1512);
#810=LINE('',#12544,#1513);
#811=LINE('',#12546,#1514);
#812=LINE('',#12548,#1515);
#813=LINE('',#12552,#1516);
#814=LINE('',#12554,#1517);
#815=LINE('',#12556,#1518);
#816=LINE('',#12558,#1519);
#817=LINE('',#12560,#1520);
#818=LINE('',#12562,#1521);
#819=LINE('',#12566,#1522);
#820=LINE('',#12568,#1523);
#821=LINE('',#12570,#1524);
#822=LINE('',#12572,#1525);
#823=LINE('',#12578,#1526);
#824=LINE('',#12580,#1527);
#825=LINE('',#12582,#1528);
#826=LINE('',#12587,#1529);
#827=LINE('',#12590,#1530);
#828=LINE('',#12592,#1531);
#829=LINE('',#12594,#1532);
#830=LINE('',#12596,#1533);
#831=LINE('',#12598,#1534);
#832=LINE('',#12600,#1535);
#833=LINE('',#12602,#1536);
#834=LINE('',#12605,#1537);
#835=LINE('',#12607,#1538);
#836=LINE('',#12609,#1539);
#837=LINE('',#12611,#1540);
#838=LINE('',#12613,#1541);
#839=LINE('',#12614,#1542);
#840=LINE('',#12615,#1543);
#841=LINE('',#12617,#1544);
#842=LINE('',#12619,#1545);
#843=LINE('',#12624,#1546);
#844=LINE('',#12626,#1547);
#845=LINE('',#12628,#1548);
#846=LINE('',#12629,#1549);
#847=LINE('',#12631,#1550);
#848=LINE('',#12632,#1551);
#849=LINE('',#12633,#1552);
#850=LINE('',#12637,#1553);
#851=LINE('',#12642,#1554);
#852=LINE('',#12644,#1555);
#853=LINE('',#12646,#1556);
#854=LINE('',#12648,#1557);
#855=LINE('',#12651,#1558);
#856=LINE('',#12653,#1559);
#857=LINE('',#12655,#1560);
#858=LINE('',#12657,#1561);
#859=LINE('',#12659,#1562);
#860=LINE('',#12661,#1563);
#861=LINE('',#12663,#1564);
#862=LINE('',#12666,#1565);
#863=LINE('',#12668,#1566);
#864=LINE('',#12670,#1567);
#865=LINE('',#12672,#1568);
#866=LINE('',#12674,#1569);
#867=LINE('',#12675,#1570);
#868=LINE('',#12676,#1571);
#869=LINE('',#12678,#1572);
#870=LINE('',#12680,#1573);
#871=LINE('',#12685,#1574);
#872=LINE('',#12687,#1575);
#873=LINE('',#12689,#1576);
#874=LINE('',#12690,#1577);
#875=LINE('',#12692,#1578);
#876=LINE('',#12693,#1579);
#877=LINE('',#12694,#1580);
#878=LINE('',#12698,#1581);
#879=LINE('',#12703,#1582);
#880=LINE('',#12705,#1583);
#881=LINE('',#12707,#1584);
#882=LINE('',#12709,#1585);
#883=LINE('',#12714,#1586);
#884=LINE('',#12718,#1587);
#885=LINE('',#12720,#1588);
#886=LINE('',#12722,#1589);
#887=LINE('',#12724,#1590);
#888=LINE('',#12727,#1591);
#889=LINE('',#12729,#1592);
#890=LINE('',#12731,#1593);
#891=LINE('',#12732,#1594);
#892=LINE('',#12734,#1595);
#893=LINE('',#12736,#1596);
#894=LINE('',#12740,#1597);
#895=LINE('',#12744,#1598);
#896=LINE('',#12750,#1599);
#897=LINE('',#12752,#1600);
#898=LINE('',#12756,#1601);
#899=LINE('',#12758,#1602);
#900=LINE('',#12762,#1603);
#901=LINE('',#12766,#1604);
#902=LINE('',#12770,#1605);
#903=LINE('',#12772,#1606);
#904=LINE('',#12775,#1607);
#905=LINE('',#12777,#1608);
#906=LINE('',#12779,#1609);
#907=LINE('',#12784,#1610);
#908=LINE('',#12787,#1611);
#909=LINE('',#12789,#1612);
#910=LINE('',#12791,#1613);
#911=LINE('',#12793,#1614);
#912=LINE('',#12795,#1615);
#913=LINE('',#12797,#1616);
#914=LINE('',#12799,#1617);
#915=LINE('',#12801,#1618);
#916=LINE('',#12803,#1619);
#917=LINE('',#12805,#1620);
#918=LINE('',#12807,#1621);
#919=LINE('',#12809,#1622);
#920=LINE('',#12812,#1623);
#921=LINE('',#12816,#1624);
#922=LINE('',#12818,#1625);
#923=LINE('',#12820,#1626);
#924=LINE('',#12822,#1627);
#925=LINE('',#12825,#1628);
#926=LINE('',#12827,#1629);
#927=LINE('',#12829,#1630);
#928=LINE('',#12831,#1631);
#929=LINE('',#12835,#1632);
#930=LINE('',#12837,#1633);
#931=LINE('',#12841,#1634);
#932=LINE('',#12843,#1635);
#933=LINE('',#12845,#1636);
#934=LINE('',#12847,#1637);
#935=LINE('',#12851,#1638);
#936=LINE('',#12855,#1639);
#937=LINE('',#12857,#1640);
#938=LINE('',#12859,#1641);
#939=LINE('',#12862,#1642);
#940=LINE('',#12864,#1643);
#941=LINE('',#12868,#1644);
#942=LINE('',#12870,#1645);
#943=LINE('',#12872,#1646);
#944=LINE('',#12874,#1647);
#945=LINE('',#12876,#1648);
#946=LINE('',#12878,#1649);
#947=LINE('',#12882,#1650);
#948=LINE('',#12884,#1651);
#949=LINE('',#12886,#1652);
#950=LINE('',#12888,#1653);
#951=LINE('',#12890,#1654);
#952=LINE('',#12894,#1655);
#953=LINE('',#12896,#1656);
#954=LINE('',#12898,#1657);
#955=LINE('',#12900,#1658);
#956=LINE('',#12902,#1659);
#957=LINE('',#12904,#1660);
#958=LINE('',#12908,#1661);
#959=LINE('',#12910,#1662);
#960=LINE('',#12912,#1663);
#961=LINE('',#12914,#1664);
#962=LINE('',#12920,#1665);
#963=LINE('',#12922,#1666);
#964=LINE('',#12924,#1667);
#965=LINE('',#12929,#1668);
#966=LINE('',#12932,#1669);
#967=LINE('',#12934,#1670);
#968=LINE('',#12936,#1671);
#969=LINE('',#12938,#1672);
#970=LINE('',#12940,#1673);
#971=LINE('',#12942,#1674);
#972=LINE('',#12944,#1675);
#973=LINE('',#12946,#1676);
#974=LINE('',#12948,#1677);
#975=LINE('',#12950,#1678);
#976=LINE('',#12952,#1679);
#977=LINE('',#12954,#1680);
#978=LINE('',#12956,#1681);
#979=LINE('',#12960,#1682);
#980=LINE('',#12962,#1683);
#981=LINE('',#12963,#1684);
#982=LINE('',#12965,#1685);
#983=LINE('',#12966,#1686);
#984=LINE('',#12968,#1687);
#985=LINE('',#12970,#1688);
#986=LINE('',#12974,#1689);
#987=LINE('',#12976,#1690);
#988=LINE('',#12978,#1691);
#989=LINE('',#12980,#1692);
#990=LINE('',#12982,#1693);
#991=LINE('',#12985,#1694);
#992=LINE('',#12986,#1695);
#993=LINE('',#12989,#1696);
#994=LINE('',#12991,#1697);
#995=LINE('',#12993,#1698);
#996=LINE('',#12994,#1699);
#997=LINE('',#12996,#1700);
#998=LINE('',#12997,#1701);
#999=LINE('',#12999,#1702);
#1000=LINE('',#13002,#1703);
#1001=LINE('',#13004,#1704);
#1002=LINE('',#13006,#1705);
#1003=LINE('',#13008,#1706);
#1004=LINE('',#13010,#1707);
#1005=LINE('',#13012,#1708);
#1006=LINE('',#13013,#1709);
#1007=LINE('',#13015,#1710);
#1008=LINE('',#13016,#1711);
#1009=LINE('',#13091,#1712);
#1010=LINE('',#13093,#1713);
#1011=LINE('',#13095,#1714);
#1012=LINE('',#13097,#1715);
#1013=LINE('',#13099,#1716);
#1014=LINE('',#13101,#1717);
#1015=LINE('',#13103,#1718);
#1016=LINE('',#13105,#1719);
#1017=LINE('',#13108,#1720);
#1018=LINE('',#13111,#1721);
#1019=LINE('',#13112,#1722);
#1020=LINE('',#13113,#1723);
#1021=LINE('',#13114,#1724);
#1022=LINE('',#13115,#1725);
#1023=LINE('',#13116,#1726);
#1024=LINE('',#13117,#1727);
#1025=LINE('',#13119,#1728);
#1026=LINE('',#13121,#1729);
#1027=LINE('',#13123,#1730);
#1028=LINE('',#13124,#1731);
#1029=LINE('',#13126,#1732);
#1030=LINE('',#13128,#1733);
#1031=LINE('',#13130,#1734);
#1032=LINE('',#13131,#1735);
#1033=LINE('',#13133,#1736);
#1034=LINE('',#13135,#1737);
#1035=LINE('',#13137,#1738);
#1036=LINE('',#13138,#1739);
#1037=LINE('',#13140,#1740);
#1038=LINE('',#13142,#1741);
#1039=LINE('',#13144,#1742);
#1040=LINE('',#13145,#1743);
#1041=LINE('',#13147,#1744);
#1042=LINE('',#13165,#1745);
#1043=LINE('',#13167,#1746);
#1044=LINE('',#13169,#1747);
#1045=LINE('',#13184,#1748);
#1046=LINE('',#13186,#1749);
#1047=LINE('',#13188,#1750);
#1048=LINE('',#13190,#1751);
#1049=LINE('',#13192,#1752);
#1050=LINE('',#13194,#1753);
#1051=LINE('',#13196,#1754);
#1052=LINE('',#13198,#1755);
#1053=LINE('',#13221,#1756);
#1054=LINE('',#13223,#1757);
#1055=VECTOR('',#8222,1.);
#1056=VECTOR('',#8229,1.);
#1057=VECTOR('',#8236,1.);
#1058=VECTOR('',#8239,1.);
#1059=VECTOR('',#8240,1.);
#1060=VECTOR('',#8241,1.);
#1061=VECTOR('',#8244,1.);
#1062=VECTOR('',#8247,1.);
#1063=VECTOR('',#8248,1.);
#1064=VECTOR('',#8249,1.);
#1065=VECTOR('',#8252,1.);
#1066=VECTOR('',#8253,1.);
#1067=VECTOR('',#8256,1.);
#1068=VECTOR('',#8259,1.);
#1069=VECTOR('',#8262,1.);
#1070=VECTOR('',#8265,1.);
#1071=VECTOR('',#8268,1.);
#1072=VECTOR('',#8271,1.);
#1073=VECTOR('',#8274,1.);
#1074=VECTOR('',#8277,1.);
#1075=VECTOR('',#8280,1.);
#1076=VECTOR('',#8283,1.);
#1077=VECTOR('',#8286,1.);
#1078=VECTOR('',#8289,1.);
#1079=VECTOR('',#8292,1.);
#1080=VECTOR('',#8299,1.);
#1081=VECTOR('',#8300,1.);
#1082=VECTOR('',#8305,1.);
#1083=VECTOR('',#8308,1.);
#1084=VECTOR('',#8315,1.);
#1085=VECTOR('',#8318,1.);
#1086=VECTOR('',#8327,1.);
#1087=VECTOR('',#8328,1.);
#1088=VECTOR('',#8333,1.);
#1089=VECTOR('',#8336,1.);
#1090=VECTOR('',#8343,1.);
#1091=VECTOR('',#8344,1.);
#1092=VECTOR('',#8349,1.);
#1093=VECTOR('',#8352,1.);
#1094=VECTOR('',#8359,1.);
#1095=VECTOR('',#8360,1.);
#1096=VECTOR('',#8363,1.);
#1097=VECTOR('',#8364,1.);
#1098=VECTOR('',#8371,1.);
#1099=VECTOR('',#8372,1.);
#1100=VECTOR('',#8379,1.);
#1101=VECTOR('',#8380,1.);
#1102=VECTOR('',#8385,1.);
#1103=VECTOR('',#8386,1.);
#1104=VECTOR('',#8387,1.);
#1105=VECTOR('',#8388,1.);
#1106=VECTOR('',#8391,1.);
#1107=VECTOR('',#8392,1.);
#1108=VECTOR('',#8393,1.);
#1109=VECTOR('',#8394,1.);
#1110=VECTOR('',#8397,1.);
#1111=VECTOR('',#8398,1.);
#1112=VECTOR('',#8399,1.);
#1113=VECTOR('',#8400,1.);
#1114=VECTOR('',#8403,1.);
#1115=VECTOR('',#8404,1.);
#1116=VECTOR('',#8405,1.);
#1117=VECTOR('',#8406,1.);
#1118=VECTOR('',#8407,1.);
#1119=VECTOR('',#8408,1.);
#1120=VECTOR('',#8409,1.);
#1121=VECTOR('',#8410,1.);
#1122=VECTOR('',#8411,1.);
#1123=VECTOR('',#8412,1.);
#1124=VECTOR('',#8413,1.);
#1125=VECTOR('',#8414,1.);
#1126=VECTOR('',#8415,1.);
#1127=VECTOR('',#8416,1.);
#1128=VECTOR('',#8417,1.);
#1129=VECTOR('',#8418,1.);
#1130=VECTOR('',#8419,1.);
#1131=VECTOR('',#8420,1.);
#1132=VECTOR('',#8421,1.);
#1133=VECTOR('',#8422,1.);
#1134=VECTOR('',#8423,1.);
#1135=VECTOR('',#8424,1.);
#1136=VECTOR('',#8425,1.);
#1137=VECTOR('',#8426,1.);
#1138=VECTOR('',#8427,1.);
#1139=VECTOR('',#8428,1.);
#1140=VECTOR('',#8431,1.);
#1141=VECTOR('',#8432,1.);
#1142=VECTOR('',#8433,1.);
#1143=VECTOR('',#8434,1.);
#1144=VECTOR('',#8435,1.);
#1145=VECTOR('',#8436,1.);
#1146=VECTOR('',#8439,1.);
#1147=VECTOR('',#8442,1.);
#1148=VECTOR('',#8449,1.);
#1149=VECTOR('',#8456,1.);
#1150=VECTOR('',#8457,1.);
#1151=VECTOR('',#8458,1.);
#1152=VECTOR('',#8459,1.);
#1153=VECTOR('',#8460,1.);
#1154=VECTOR('',#8461,1.);
#1155=VECTOR('',#8462,1.);
#1156=VECTOR('',#8463,1.);
#1157=VECTOR('',#8464,1.);
#1158=VECTOR('',#8465,1.);
#1159=VECTOR('',#8466,1.);
#1160=VECTOR('',#8467,1.);
#1161=VECTOR('',#8468,1.);
#1162=VECTOR('',#8469,1.);
#1163=VECTOR('',#8470,1.);
#1164=VECTOR('',#8471,1.);
#1165=VECTOR('',#8472,1.);
#1166=VECTOR('',#8473,1.);
#1167=VECTOR('',#8474,1.);
#1168=VECTOR('',#8475,1.);
#1169=VECTOR('',#8476,1.);
#1170=VECTOR('',#8477,1.);
#1171=VECTOR('',#8478,1.);
#1172=VECTOR('',#8479,1.);
#1173=VECTOR('',#8480,1.);
#1174=VECTOR('',#8483,1.);
#1175=VECTOR('',#8484,1.);
#1176=VECTOR('',#8485,1.);
#1177=VECTOR('',#8486,1.);
#1178=VECTOR('',#8487,1.);
#1179=VECTOR('',#8492,1.);
#1180=VECTOR('',#8495,1.);
#1181=VECTOR('',#8498,1.);
#1182=VECTOR('',#8511,1.);
#1183=VECTOR('',#8512,1.);
#1184=VECTOR('',#8513,1.);
#1185=VECTOR('',#8516,1.);
#1186=VECTOR('',#8517,1.);
#1187=VECTOR('',#8518,1.);
#1188=VECTOR('',#8521,1.);
#1189=VECTOR('',#8522,1.);
#1190=VECTOR('',#8523,1.);
#1191=VECTOR('',#8526,1.);
#1192=VECTOR('',#8527,1.);
#1193=VECTOR('',#8528,1.);
#1194=VECTOR('',#8529,1.);
#1195=VECTOR('',#8530,1.);
#1196=VECTOR('',#8531,1.);
#1197=VECTOR('',#8532,1.);
#1198=VECTOR('',#8533,1.);
#1199=VECTOR('',#8534,1.);
#1200=VECTOR('',#8535,1.);
#1201=VECTOR('',#8536,1.);
#1202=VECTOR('',#8539,1.);
#1203=VECTOR('',#8540,1.);
#1204=VECTOR('',#8541,1.);
#1205=VECTOR('',#8542,1.);
#1206=VECTOR('',#8543,1.);
#1207=VECTOR('',#8544,1.);
#1208=VECTOR('',#8545,1.);
#1209=VECTOR('',#8546,1.);
#1210=VECTOR('',#8547,1.);
#1211=VECTOR('',#8548,1.);
#1212=VECTOR('',#8549,1.);
#1213=VECTOR('',#8566,1.);
#1214=VECTOR('',#8569,1.);
#1215=VECTOR('',#8572,1.);
#1216=VECTOR('',#8573,1.);
#1217=VECTOR('',#8574,1.);
#1218=VECTOR('',#8577,1.);
#1219=VECTOR('',#8578,1.);
#1220=VECTOR('',#8579,1.);
#1221=VECTOR('',#8580,1.);
#1222=VECTOR('',#8587,1.);
#1223=VECTOR('',#8590,1.);
#1224=VECTOR('',#8591,1.);
#1225=VECTOR('',#8592,1.);
#1226=VECTOR('',#8595,1.);
#1227=VECTOR('',#8596,1.);
#1228=VECTOR('',#8597,1.);
#1229=VECTOR('',#8598,1.);
#1230=VECTOR('',#8605,1.);
#1231=VECTOR('',#8608,1.);
#1232=VECTOR('',#8609,1.);
#1233=VECTOR('',#8610,1.);
#1234=VECTOR('',#8619,1.);
#1235=VECTOR('',#8626,1.);
#1236=VECTOR('',#8627,1.);
#1237=VECTOR('',#8630,1.);
#1238=VECTOR('',#8631,1.);
#1239=VECTOR('',#8632,1.);
#1240=VECTOR('',#8633,1.);
#1241=VECTOR('',#8634,1.);
#1242=VECTOR('',#8635,1.);
#1243=VECTOR('',#8636,1.);
#1244=VECTOR('',#8637,1.);
#1245=VECTOR('',#8638,1.);
#1246=VECTOR('',#8639,1.);
#1247=VECTOR('',#8642,1.);
#1248=VECTOR('',#8643,1.);
#1249=VECTOR('',#8644,1.);
#1250=VECTOR('',#8645,1.);
#1251=VECTOR('',#8646,1.);
#1252=VECTOR('',#8647,1.);
#1253=VECTOR('',#8654,1.);
#1254=VECTOR('',#8657,1.);
#1255=VECTOR('',#8660,1.);
#1256=VECTOR('',#8663,1.);
#1257=VECTOR('',#8670,1.);
#1258=VECTOR('',#8673,1.);
#1259=VECTOR('',#8680,1.);
#1260=VECTOR('',#8683,1.);
#1261=VECTOR('',#8694,1.);
#1262=VECTOR('',#8697,1.);
#1263=VECTOR('',#8700,1.);
#1264=VECTOR('',#8703,1.);
#1265=VECTOR('',#8710,1.);
#1266=VECTOR('',#8713,1.);
#1267=VECTOR('',#8720,1.);
#1268=VECTOR('',#8723,1.);
#1269=VECTOR('',#8730,1.);
#1270=VECTOR('',#8733,1.);
#1271=VECTOR('',#8736,1.);
#1272=VECTOR('',#8739,1.);
#1273=VECTOR('',#8742,1.);
#1274=VECTOR('',#8749,1.);
#1275=VECTOR('',#8752,1.);
#1276=VECTOR('',#8755,1.);
#1277=VECTOR('',#8758,1.);
#1278=VECTOR('',#8765,1.);
#1279=VECTOR('',#8768,1.);
#1280=VECTOR('',#8775,1.);
#1281=VECTOR('',#8778,1.);
#1282=VECTOR('',#8785,1.);
#1283=VECTOR('',#8788,1.);
#1284=VECTOR('',#8791,1.);
#1285=VECTOR('',#8794,1.);
#1286=VECTOR('',#8809,1.);
#1287=VECTOR('',#8812,1.);
#1288=VECTOR('',#8819,1.);
#1289=VECTOR('',#8822,1.);
#1290=VECTOR('',#8829,1.);
#1291=VECTOR('',#8832,1.);
#1292=VECTOR('',#8835,1.);
#1293=VECTOR('',#8838,1.);
#1294=VECTOR('',#8839,1.);
#1295=VECTOR('',#8842,1.);
#1296=VECTOR('',#8843,1.);
#1297=VECTOR('',#8846,1.);
#1298=VECTOR('',#8849,1.);
#1299=VECTOR('',#8850,1.);
#1300=VECTOR('',#8851,1.);
#1301=VECTOR('',#8854,1.);
#1302=VECTOR('',#8855,1.);
#1303=VECTOR('',#8858,1.);
#1304=VECTOR('',#8859,1.);
#1305=VECTOR('',#8862,1.);
#1306=VECTOR('',#8863,1.);
#1307=VECTOR('',#8872,1.);
#1308=VECTOR('',#8873,1.);
#1309=VECTOR('',#8876,1.);
#1310=VECTOR('',#8879,1.);
#1311=VECTOR('',#8880,1.);
#1312=VECTOR('',#8883,1.);
#1313=VECTOR('',#8884,1.);
#1314=VECTOR('',#8897,1.);
#1315=VECTOR('',#8898,1.);
#1316=VECTOR('',#8903,1.);
#1317=VECTOR('',#8906,1.);
#1318=VECTOR('',#8907,1.);
#1319=VECTOR('',#8910,1.);
#1320=VECTOR('',#8911,1.);
#1321=VECTOR('',#8916,1.);
#1322=VECTOR('',#8917,1.);
#1323=VECTOR('',#8920,1.);
#1324=VECTOR('',#8921,1.);
#1325=VECTOR('',#8926,1.);
#1326=VECTOR('',#8927,1.);
#1327=VECTOR('',#8928,1.);
#1328=VECTOR('',#8933,1.);
#1329=VECTOR('',#8940,1.);
#1330=VECTOR('',#8947,1.);
#1331=VECTOR('',#8954,1.);
#1332=VECTOR('',#8955,1.);
#1333=VECTOR('',#8962,1.);
#1334=VECTOR('',#8963,1.);
#1335=VECTOR('',#8966,1.);
#1336=VECTOR('',#8969,1.);
#1337=VECTOR('',#8974,1.);
#1338=VECTOR('',#8977,1.);
#1339=VECTOR('',#8980,1.);
#1340=VECTOR('',#8983,1.);
#1341=VECTOR('',#8988,1.);
#1342=VECTOR('',#8991,1.);
#1343=VECTOR('',#8992,1.);
#1344=VECTOR('',#8997,1.);
#1345=VECTOR('',#9000,1.);
#1346=VECTOR('',#9005,1.);
#1347=VECTOR('',#9006,1.);
#1348=VECTOR('',#9009,1.);
#1349=VECTOR('',#9012,1.);
#1350=VECTOR('',#9015,1.);
#1351=VECTOR('',#9018,1.);
#1352=VECTOR('',#9021,1.);
#1353=VECTOR('',#9026,1.);
#1354=VECTOR('',#9029,1.);
#1355=VECTOR('',#9032,1.);
#1356=VECTOR('',#9041,1.);
#1357=VECTOR('',#9042,1.);
#1358=VECTOR('',#9045,1.);
#1359=VECTOR('',#9048,1.);
#1360=VECTOR('',#9053,1.);
#1361=VECTOR('',#9056,1.);
#1362=VECTOR('',#9057,1.);
#1363=VECTOR('',#9060,1.);
#1364=VECTOR('',#9061,1.);
#1365=VECTOR('',#9064,1.);
#1366=VECTOR('',#9069,1.);
#1367=VECTOR('',#9072,1.);
#1368=VECTOR('',#9073,1.);
#1369=VECTOR('',#9074,1.);
#1370=VECTOR('',#9079,1.);
#1371=VECTOR('',#9082,1.);
#1372=VECTOR('',#9083,1.);
#1373=VECTOR('',#9090,1.);
#1374=VECTOR('',#9095,1.);
#1375=VECTOR('',#9096,1.);
#1376=VECTOR('',#9099,1.);
#1377=VECTOR('',#9100,1.);
#1378=VECTOR('',#9103,1.);
#1379=VECTOR('',#9106,1.);
#1380=VECTOR('',#9115,1.);
#1381=VECTOR('',#9116,1.);
#1382=VECTOR('',#9119,1.);
#1383=VECTOR('',#9122,1.);
#1384=VECTOR('',#9125,1.);
#1385=VECTOR('',#9126,1.);
#1386=VECTOR('',#9131,1.);
#1387=VECTOR('',#9134,1.);
#1388=VECTOR('',#9137,1.);
#1389=VECTOR('',#9138,1.);
#1390=VECTOR('',#9143,1.);
#1391=VECTOR('',#9148,1.);
#1392=VECTOR('',#9151,1.);
#1393=VECTOR('',#9152,1.);
#1394=VECTOR('',#9155,1.);
#1395=VECTOR('',#9160,1.);
#1396=VECTOR('',#9161,1.);
#1397=VECTOR('',#9164,1.);
#1398=VECTOR('',#9169,1.);
#1399=VECTOR('',#9172,1.);
#1400=VECTOR('',#9173,1.);
#1401=VECTOR('',#9186,1.);
#1402=VECTOR('',#9189,1.);
#1403=VECTOR('',#9192,1.);
#1404=VECTOR('',#9195,1.);
#1405=VECTOR('',#9200,1.);
#1406=VECTOR('',#9203,1.);
#1407=VECTOR('',#9206,1.);
#1408=VECTOR('',#9209,1.);
#1409=VECTOR('',#9212,1.);
#1410=VECTOR('',#9217,1.);
#1411=VECTOR('',#9224,1.);
#1412=VECTOR('',#9225,1.);
#1413=VECTOR('',#9230,1.);
#1414=VECTOR('',#9235,1.);
#1415=VECTOR('',#9236,1.);
#1416=VECTOR('',#9239,1.);
#1417=VECTOR('',#9242,1.);
#1418=VECTOR('',#9245,1.);
#1419=VECTOR('',#9248,1.);
#1420=VECTOR('',#9249,1.);
#1421=VECTOR('',#9250,1.);
#1422=VECTOR('',#9251,1.);
#1423=VECTOR('',#9254,1.);
#1424=VECTOR('',#9255,1.);
#1425=VECTOR('',#9256,1.);
#1426=VECTOR('',#9259,1.);
#1427=VECTOR('',#9260,1.);
#1428=VECTOR('',#9261,1.);
#1429=VECTOR('',#9262,1.);
#1430=VECTOR('',#9263,1.);
#1431=VECTOR('',#9266,1.);
#1432=VECTOR('',#9267,1.);
#1433=VECTOR('',#9268,1.);
#1434=VECTOR('',#9269,1.);
#1435=VECTOR('',#9272,1.);
#1436=VECTOR('',#9273,1.);
#1437=VECTOR('',#9274,1.);
#1438=VECTOR('',#9275,1.);
#1439=VECTOR('',#9278,1.);
#1440=VECTOR('',#9281,1.);
#1441=VECTOR('',#9284,1.);
#1442=VECTOR('',#9285,1.);
#1443=VECTOR('',#9288,1.);
#1444=VECTOR('',#9291,1.);
#1445=VECTOR('',#9294,1.);
#1446=VECTOR('',#9299,1.);
#1447=VECTOR('',#9300,1.);
#1448=VECTOR('',#9301,1.);
#1449=VECTOR('',#9302,1.);
#1450=VECTOR('',#9303,1.);
#1451=VECTOR('',#9306,1.);
#1452=VECTOR('',#9309,1.);
#1453=VECTOR('',#9316,1.);
#1454=VECTOR('',#9317,1.);
#1455=VECTOR('',#9320,1.);
#1456=VECTOR('',#9321,1.);
#1457=VECTOR('',#9324,1.);
#1458=VECTOR('',#9327,1.);
#1459=VECTOR('',#9330,1.);
#1460=VECTOR('',#9331,1.);
#1461=VECTOR('',#9332,1.);
#1462=VECTOR('',#9333,1.);
#1463=VECTOR('',#9336,1.);
#1464=VECTOR('',#9337,1.);
#1465=VECTOR('',#9338,1.);
#1466=VECTOR('',#9339,1.);
#1467=VECTOR('',#9342,1.);
#1468=VECTOR('',#9343,1.);
#1469=VECTOR('',#9344,1.);
#1470=VECTOR('',#9345,1.);
#1471=VECTOR('',#9354,1.);
#1472=VECTOR('',#9355,1.);
#1473=VECTOR('',#9356,1.);
#1474=VECTOR('',#9357,1.);
#1475=VECTOR('',#9360,1.);
#1476=VECTOR('',#9361,1.);
#1477=VECTOR('',#9362,1.);
#1478=VECTOR('',#9365,1.);
#1479=VECTOR('',#9366,1.);
#1480=VECTOR('',#9371,1.);
#1481=VECTOR('',#9372,1.);
#1482=VECTOR('',#9377,1.);
#1483=VECTOR('',#9380,1.);
#1484=VECTOR('',#9381,1.);
#1485=VECTOR('',#9386,1.);
#1486=VECTOR('',#9387,1.);
#1487=VECTOR('',#9388,1.);
#1488=VECTOR('',#9391,1.);
#1489=VECTOR('',#9394,1.);
#1490=VECTOR('',#9397,1.);
#1491=VECTOR('',#9398,1.);
#1492=VECTOR('',#9401,1.);
#1493=VECTOR('',#9406,1.);
#1494=VECTOR('',#9407,1.);
#1495=VECTOR('',#9412,1.);
#1496=VECTOR('',#9415,1.);
#1497=VECTOR('',#9416,1.);
#1498=VECTOR('',#9419,1.);
#1499=VECTOR('',#9424,1.);
#1500=VECTOR('',#9429,1.);
#1501=VECTOR('',#9430,1.);
#1502=VECTOR('',#9433,1.);
#1503=VECTOR('',#9436,1.);
#1504=VECTOR('',#9439,1.);
#1505=VECTOR('',#9444,1.);
#1506=VECTOR('',#9445,1.);
#1507=VECTOR('',#9448,1.);
#1508=VECTOR('',#9449,1.);
#1509=VECTOR('',#9452,1.);
#1510=VECTOR('',#9453,1.);
#1511=VECTOR('',#9458,1.);
#1512=VECTOR('',#9461,1.);
#1513=VECTOR('',#9462,1.);
#1514=VECTOR('',#9463,1.);
#1515=VECTOR('',#9466,1.);
#1516=VECTOR('',#9471,1.);
#1517=VECTOR('',#9474,1.);
#1518=VECTOR('',#9475,1.);
#1519=VECTOR('',#9478,1.);
#1520=VECTOR('',#9479,1.);
#1521=VECTOR('',#9482,1.);
#1522=VECTOR('',#9487,1.);
#1523=VECTOR('',#9488,1.);
#1524=VECTOR('',#9491,1.);
#1525=VECTOR('',#9492,1.);
#1526=VECTOR('',#9501,1.);
#1527=VECTOR('',#9504,1.);
#1528=VECTOR('',#9505,1.);
#1529=VECTOR('',#9514,1.);
#1530=VECTOR('',#9515,1.);
#1531=VECTOR('',#9516,1.);
#1532=VECTOR('',#9517,1.);
#1533=VECTOR('',#9520,1.);
#1534=VECTOR('',#9521,1.);
#1535=VECTOR('',#9522,1.);
#1536=VECTOR('',#9525,1.);
#1537=VECTOR('',#9526,1.);
#1538=VECTOR('',#9527,1.);
#1539=VECTOR('',#9528,1.);
#1540=VECTOR('',#9529,1.);
#1541=VECTOR('',#9532,1.);
#1542=VECTOR('',#9533,1.);
#1543=VECTOR('',#9534,1.);
#1544=VECTOR('',#9535,1.);
#1545=VECTOR('',#9538,1.);
#1546=VECTOR('',#9541,1.);
#1547=VECTOR('',#9542,1.);
#1548=VECTOR('',#9545,1.);
#1549=VECTOR('',#9546,1.);
#1550=VECTOR('',#9549,1.);
#1551=VECTOR('',#9550,1.);
#1552=VECTOR('',#9551,1.);
#1553=VECTOR('',#9558,1.);
#1554=VECTOR('',#9561,1.);
#1555=VECTOR('',#9564,1.);
#1556=VECTOR('',#9567,1.);
#1557=VECTOR('',#9570,1.);
#1558=VECTOR('',#9571,1.);
#1559=VECTOR('',#9572,1.);
#1560=VECTOR('',#9573,1.);
#1561=VECTOR('',#9576,1.);
#1562=VECTOR('',#9577,1.);
#1563=VECTOR('',#9578,1.);
#1564=VECTOR('',#9581,1.);
#1565=VECTOR('',#9582,1.);
#1566=VECTOR('',#9583,1.);
#1567=VECTOR('',#9584,1.);
#1568=VECTOR('',#9585,1.);
#1569=VECTOR('',#9588,1.);
#1570=VECTOR('',#9589,1.);
#1571=VECTOR('',#9590,1.);
#1572=VECTOR('',#9591,1.);
#1573=VECTOR('',#9594,1.);
#1574=VECTOR('',#9597,1.);
#1575=VECTOR('',#9598,1.);
#1576=VECTOR('',#9601,1.);
#1577=VECTOR('',#9602,1.);
#1578=VECTOR('',#9605,1.);
#1579=VECTOR('',#9606,1.);
#1580=VECTOR('',#9607,1.);
#1581=VECTOR('',#9614,1.);
#1582=VECTOR('',#9617,1.);
#1583=VECTOR('',#9620,1.);
#1584=VECTOR('',#9623,1.);
#1585=VECTOR('',#9626,1.);
#1586=VECTOR('',#9629,1.);
#1587=VECTOR('',#9634,1.);
#1588=VECTOR('',#9635,1.);
#1589=VECTOR('',#9636,1.);
#1590=VECTOR('',#9639,1.);
#1591=VECTOR('',#9640,1.);
#1592=VECTOR('',#9641,1.);
#1593=VECTOR('',#9642,1.);
#1594=VECTOR('',#9643,1.);
#1595=VECTOR('',#9644,1.);
#1596=VECTOR('',#9645,1.);
#1597=VECTOR('',#9648,1.);
#1598=VECTOR('',#9651,1.);
#1599=VECTOR('',#9658,1.);
#1600=VECTOR('',#9659,1.);
#1601=VECTOR('',#9662,1.);
#1602=VECTOR('',#9663,1.);
#1603=VECTOR('',#9666,1.);
#1604=VECTOR('',#9669,1.);
#1605=VECTOR('',#9672,1.);
#1606=VECTOR('',#9675,1.);
#1607=VECTOR('',#9676,1.);
#1608=VECTOR('',#9677,1.);
#1609=VECTOR('',#9678,1.);
#1610=VECTOR('',#9687,1.);
#1611=VECTOR('',#9688,1.);
#1612=VECTOR('',#9689,1.);
#1613=VECTOR('',#9690,1.);
#1614=VECTOR('',#9693,1.);
#1615=VECTOR('',#9694,1.);
#1616=VECTOR('',#9695,1.);
#1617=VECTOR('',#9698,1.);
#1618=VECTOR('',#9699,1.);
#1619=VECTOR('',#9702,1.);
#1620=VECTOR('',#9703,1.);
#1621=VECTOR('',#9706,1.);
#1622=VECTOR('',#9709,1.);
#1623=VECTOR('',#9710,1.);
#1624=VECTOR('',#9715,1.);
#1625=VECTOR('',#9716,1.);
#1626=VECTOR('',#9717,1.);
#1627=VECTOR('',#9720,1.);
#1628=VECTOR('',#9723,1.);
#1629=VECTOR('',#9726,1.);
#1630=VECTOR('',#9727,1.);
#1631=VECTOR('',#9730,1.);
#1632=VECTOR('',#9735,1.);
#1633=VECTOR('',#9736,1.);
#1634=VECTOR('',#9741,1.);
#1635=VECTOR('',#9744,1.);
#1636=VECTOR('',#9745,1.);
#1637=VECTOR('',#9748,1.);
#1638=VECTOR('',#9753,1.);
#1639=VECTOR('',#9758,1.);
#1640=VECTOR('',#9759,1.);
#1641=VECTOR('',#9762,1.);
#1642=VECTOR('',#9765,1.);
#1643=VECTOR('',#9768,1.);
#1644=VECTOR('',#9773,1.);
#1645=VECTOR('',#9774,1.);
#1646=VECTOR('',#9777,1.);
#1647=VECTOR('',#9778,1.);
#1648=VECTOR('',#9781,1.);
#1649=VECTOR('',#9782,1.);
#1650=VECTOR('',#9787,1.);
#1651=VECTOR('',#9790,1.);
#1652=VECTOR('',#9791,1.);
#1653=VECTOR('',#9792,1.);
#1654=VECTOR('',#9795,1.);
#1655=VECTOR('',#9800,1.);
#1656=VECTOR('',#9803,1.);
#1657=VECTOR('',#9804,1.);
#1658=VECTOR('',#9807,1.);
#1659=VECTOR('',#9808,1.);
#1660=VECTOR('',#9811,1.);
#1661=VECTOR('',#9816,1.);
#1662=VECTOR('',#9817,1.);
#1663=VECTOR('',#9820,1.);
#1664=VECTOR('',#9821,1.);
#1665=VECTOR('',#9830,1.);
#1666=VECTOR('',#9833,1.);
#1667=VECTOR('',#9834,1.);
#1668=VECTOR('',#9843,1.);
#1669=VECTOR('',#9844,1.);
#1670=VECTOR('',#9845,1.);
#1671=VECTOR('',#9846,1.);
#1672=VECTOR('',#9849,1.);
#1673=VECTOR('',#9850,1.);
#1674=VECTOR('',#9851,1.);
#1675=VECTOR('',#9854,1.);
#1676=VECTOR('',#9855,1.);
#1677=VECTOR('',#9856,1.);
#1678=VECTOR('',#9857,1.);
#1679=VECTOR('',#9860,1.);
#1680=VECTOR('',#9861,1.);
#1681=VECTOR('',#9862,1.);
#1682=VECTOR('',#9865,1.);
#1683=VECTOR('',#9868,1.);
#1684=VECTOR('',#9869,1.);
#1685=VECTOR('',#9870,1.);
#1686=VECTOR('',#9871,1.);
#1687=VECTOR('',#9874,1.);
#1688=VECTOR('',#9877,1.);
#1689=VECTOR('',#9880,1.);
#1690=VECTOR('',#9881,1.);
#1691=VECTOR('',#9884,1.);
#1692=VECTOR('',#9887,1.);
#1693=VECTOR('',#9890,1.);
#1694=VECTOR('',#9895,1.);
#1695=VECTOR('',#9896,1.);
#1696=VECTOR('',#9901,1.);
#1697=VECTOR('',#9902,1.);
#1698=VECTOR('',#9903,1.);
#1699=VECTOR('',#9904,1.);
#1700=VECTOR('',#9907,1.);
#1701=VECTOR('',#9908,1.);
#1702=VECTOR('',#9911,1.);
#1703=VECTOR('',#9916,1.);
#1704=VECTOR('',#9919,1.);
#1705=VECTOR('',#9922,1.);
#1706=VECTOR('',#9925,1.);
#1707=VECTOR('',#9926,1.);
#1708=VECTOR('',#9927,1.);
#1709=VECTOR('',#9928,1.);
#1710=VECTOR('',#9931,1.);
#1711=VECTOR('',#9932,1.);
#1712=VECTOR('',#10081,1.);
#1713=VECTOR('',#10084,1.);
#1714=VECTOR('',#10087,1.);
#1715=VECTOR('',#10090,1.);
#1716=VECTOR('',#10093,1.);
#1717=VECTOR('',#10096,1.);
#1718=VECTOR('',#10099,1.);
#1719=VECTOR('',#10102,1.);
#1720=VECTOR('',#10105,1.);
#1721=VECTOR('',#10108,1.);
#1722=VECTOR('',#10109,1.);
#1723=VECTOR('',#10110,1.);
#1724=VECTOR('',#10111,1.);
#1725=VECTOR('',#10112,1.);
#1726=VECTOR('',#10113,1.);
#1727=VECTOR('',#10114,1.);
#1728=VECTOR('',#10117,1.);
#1729=VECTOR('',#10120,1.);
#1730=VECTOR('',#10123,1.);
#1731=VECTOR('',#10124,1.);
#1732=VECTOR('',#10127,1.);
#1733=VECTOR('',#10130,1.);
#1734=VECTOR('',#10133,1.);
#1735=VECTOR('',#10134,1.);
#1736=VECTOR('',#10137,1.);
#1737=VECTOR('',#10140,1.);
#1738=VECTOR('',#10143,1.);
#1739=VECTOR('',#10144,1.);
#1740=VECTOR('',#10147,1.);
#1741=VECTOR('',#10150,1.);
#1742=VECTOR('',#10153,1.);
#1743=VECTOR('',#10154,1.);
#1744=VECTOR('',#10157,1.);
#1745=VECTOR('',#10192,1.);
#1746=VECTOR('',#10193,1.);
#1747=VECTOR('',#10196,1.);
#1748=VECTOR('',#10225,1.);
#1749=VECTOR('',#10226,1.);
#1750=VECTOR('',#10229,1.);
#1751=VECTOR('',#10230,1.);
#1752=VECTOR('',#10233,1.);
#1753=VECTOR('',#10234,1.);
#1754=VECTOR('',#10237,1.);
#1755=VECTOR('',#10238,1.);
#1756=VECTOR('',#10283,1.);
#1757=VECTOR('',#10286,1.);
#1758=ELLIPSE('',#7484,0.781024967590755,0.5);
#1759=ELLIPSE('',#7485,1.30170827931767,1.);
#1760=ELLIPSE('',#7486,0.781024967590755,0.5);
#1761=ELLIPSE('',#7487,0.781024967590755,0.5);
#1762=ELLIPSE('',#7488,1.30170827931767,1.);
#1763=ELLIPSE('',#7489,0.781024967590755,0.5);
#1764=ELLIPSE('',#7490,0.781024967590755,0.5);
#1765=ELLIPSE('',#7491,1.30170827931767,1.);
#1766=ELLIPSE('',#7492,0.781024967590755,0.5);
#1767=ELLIPSE('',#7493,0.781024967590755,0.5);
#1768=ELLIPSE('',#7494,5.20683311727069,4.);
#1769=ELLIPSE('',#7495,5.20683311727069,4.);
#1770=ELLIPSE('',#7496,0.781024967590755,0.5);
#1771=ELLIPSE('',#7497,0.781024967590755,0.5);
#1772=ELLIPSE('',#7498,6.24819974072483,4.8);
#1773=ELLIPSE('',#7499,0.781024967590755,0.5);
#1774=ELLIPSE('',#7500,4.55597897761185,3.5);
#1775=ELLIPSE('',#7501,4.55597897761185,3.5);
#1776=ELLIPSE('',#7502,0.781024967590755,0.5);
#1777=ELLIPSE('',#7503,6.24819974072483,4.8);
#1778=ELLIPSE('',#7504,0.781024967590755,0.5);
#1779=ELLIPSE('',#7505,0.781024967590755,0.5);
#1780=ELLIPSE('',#7506,6.24819974072483,4.8);
#1781=ELLIPSE('',#7507,0.781024967590755,0.5);
#1782=ELLIPSE('',#7508,0.781024967590755,0.5);
#1783=ELLIPSE('',#7509,6.24819974072483,4.8);
#1784=ELLIPSE('',#7510,0.781024967590755,0.5);
#1785=ELLIPSE('',#7537,1.30170827931767,1.);
#1786=ELLIPSE('',#7540,1.30170827931767,1.);
#1787=ELLIPSE('',#7543,1.30170827931767,1.);
#1788=ELLIPSE('',#7551,0.577350269189622,0.5);
#1789=ELLIPSE('',#7843,1.02578988977236,1.);
#1790=ELLIPSE('',#7866,1.02578988977236,1.);
#1791=ELLIPSE('',#7940,1.02578988977236,1.);
#1792=ELLIPSE('',#7961,1.02578988977236,1.);
#1793=ELLIPSE('',#8133,0.707106781186547,0.5);
#1794=ELLIPSE('',#8135,0.577350269189622,0.5);
#1795=ELLIPSE('',#8147,0.23094010767585,0.2);
#1796=ELLIPSE('',#8148,0.23094010767585,0.2);
#1797=ELLIPSE('',#8150,0.23094010767585,0.2);
#1798=ELLIPSE('',#8151,0.23094010767585,0.2);
#1799=ADVANCED_FACE('',(#2420),#2201,.F.);
#1800=ADVANCED_FACE('',(#268,#269),#2202,.F.);
#1801=ADVANCED_FACE('',(#2421),#73,.F.);
#1802=ADVANCED_FACE('',(#270,#271),#74,.F.);
#1803=ADVANCED_FACE('',(#272,#273),#75,.F.);
#1804=ADVANCED_FACE('',(#2422),#76,.F.);
#1805=ADVANCED_FACE('',(#274,#275),#77,.F.);
#1806=ADVANCED_FACE('',(#2423),#78,.F.);
#1807=ADVANCED_FACE('',(#276,#277),#79,.F.);
#1808=ADVANCED_FACE('',(#2424),#80,.F.);
#1809=ADVANCED_FACE('',(#278,#279),#81,.F.);
#1810=ADVANCED_FACE('',(#280,#281),#82,.F.);
#1811=ADVANCED_FACE('',(#282,#283),#83,.F.);
#1812=ADVANCED_FACE('',(#2425),#2203,.F.);
#1813=ADVANCED_FACE('',(#2426),#2204,.T.);
#1814=ADVANCED_FACE('',(#2427),#2205,.T.);
#1815=ADVANCED_FACE('',(#284,#285,#286),#2206,.T.);
#1816=ADVANCED_FACE('',(#2428),#2207,.T.);
#1817=ADVANCED_FACE('',(#2429),#84,.T.);
#1818=ADVANCED_FACE('',(#2430),#85,.T.);
#1819=ADVANCED_FACE('',(#287,#288,#289),#2208,.T.);
#1820=ADVANCED_FACE('',(#2431),#2209,.T.);
#1821=ADVANCED_FACE('',(#2432),#86,.T.);
#1822=ADVANCED_FACE('',(#2433),#87,.T.);
#1823=ADVANCED_FACE('',(#2434),#42,.T.);
#1824=ADVANCED_FACE('',(#2435),#2210,.F.);
#1825=ADVANCED_FACE('',(#2436),#2211,.F.);
#1826=ADVANCED_FACE('',(#2437),#2212,.F.);
#1827=ADVANCED_FACE('',(#2438),#2213,.T.);
#1828=ADVANCED_FACE('',(#2439),#2214,.T.);
#1829=ADVANCED_FACE('',(#2440),#2215,.F.);
#1830=ADVANCED_FACE('',(#290,#291),#88,.F.);
#1831=ADVANCED_FACE('',(#2441),#89,.T.);
#1832=ADVANCED_FACE('',(#2442),#2216,.T.);
#1833=ADVANCED_FACE('',(#2443),#2217,.T.);
#1834=ADVANCED_FACE('',(#2444),#90,.T.);
#1835=ADVANCED_FACE('',(#2445),#2218,.T.);
#1836=ADVANCED_FACE('',(#2446),#2219,.T.);
#1837=ADVANCED_FACE('',(#2447),#91,.T.);
#1838=ADVANCED_FACE('',(#2448),#2220,.T.);
#1839=ADVANCED_FACE('',(#2449),#92,.T.);
#1840=ADVANCED_FACE('',(#2450),#93,.T.);
#1841=ADVANCED_FACE('',(#292,#293),#2221,.T.);
#1842=ADVANCED_FACE('',(#294,#295,#296,#297,#298,#299,#300,#301,#302,#303,
#304,#305),#2222,.T.);
#1843=ADVANCED_FACE('',(#2451),#2223,.T.);
#1844=ADVANCED_FACE('',(#2452),#94,.T.);
#1845=ADVANCED_FACE('',(#2453),#2224,.F.);
#1846=ADVANCED_FACE('',(#2454),#2225,.F.);
#1847=ADVANCED_FACE('',(#2455),#95,.T.);
#1848=ADVANCED_FACE('',(#2456),#2226,.F.);
#1849=ADVANCED_FACE('',(#2457),#2227,.F.);
#1850=ADVANCED_FACE('',(#2458),#96,.T.);
#1851=ADVANCED_FACE('',(#2459),#2228,.F.);
#1852=ADVANCED_FACE('',(#2460),#97,.T.);
#1853=ADVANCED_FACE('',(#306,#307),#98,.F.);
#1854=ADVANCED_FACE('',(#2461),#99,.T.);
#1855=ADVANCED_FACE('',(#2462),#100,.T.);
#1856=ADVANCED_FACE('',(#2463),#101,.T.);
#1857=ADVANCED_FACE('',(#2464),#2229,.F.);
#1858=ADVANCED_FACE('',(#308,#309),#102,.F.);
#1859=ADVANCED_FACE('',(#2465),#2230,.T.);
#1860=ADVANCED_FACE('',(#2466),#103,.T.);
#1861=ADVANCED_FACE('',(#2467),#2231,.T.);
#1862=ADVANCED_FACE('',(#2468),#104,.T.);
#1863=ADVANCED_FACE('',(#2469),#2232,.T.);
#1864=ADVANCED_FACE('',(#2470),#105,.T.);
#1865=ADVANCED_FACE('',(#2471),#2233,.T.);
#1866=ADVANCED_FACE('',(#2472),#106,.T.);
#1867=ADVANCED_FACE('',(#2473),#2234,.T.);
#1868=ADVANCED_FACE('',(#2474),#107,.T.);
#1869=ADVANCED_FACE('',(#2475),#108,.T.);
#1870=ADVANCED_FACE('',(#2476),#2235,.T.);
#1871=ADVANCED_FACE('',(#2477),#109,.T.);
#1872=ADVANCED_FACE('',(#2478),#2236,.F.);
#1873=ADVANCED_FACE('',(#2479),#110,.T.);
#1874=ADVANCED_FACE('',(#2480),#2237,.F.);
#1875=ADVANCED_FACE('',(#2481),#111,.T.);
#1876=ADVANCED_FACE('',(#2482),#2238,.F.);
#1877=ADVANCED_FACE('',(#2483),#112,.T.);
#1878=ADVANCED_FACE('',(#310,#311),#113,.F.);
#1879=ADVANCED_FACE('',(#2484),#114,.T.);
#1880=ADVANCED_FACE('',(#2485),#2239,.F.);
#1881=ADVANCED_FACE('',(#2486),#2240,.F.);
#1882=ADVANCED_FACE('',(#2487),#115,.T.);
#1883=ADVANCED_FACE('',(#2488),#2241,.F.);
#1884=ADVANCED_FACE('',(#2489),#116,.T.);
#1885=ADVANCED_FACE('',(#2490),#2242,.F.);
#1886=ADVANCED_FACE('',(#2491),#117,.T.);
#1887=ADVANCED_FACE('',(#2492),#2243,.F.);
#1888=ADVANCED_FACE('',(#2493),#118,.T.);
#1889=ADVANCED_FACE('',(#2494),#2244,.F.);
#1890=ADVANCED_FACE('',(#312,#313),#119,.F.);
#1891=ADVANCED_FACE('',(#2495),#2245,.T.);
#1892=ADVANCED_FACE('',(#2496),#120,.T.);
#1893=ADVANCED_FACE('',(#2497),#2246,.T.);
#1894=ADVANCED_FACE('',(#2498),#2247,.T.);
#1895=ADVANCED_FACE('',(#2499),#121,.T.);
#1896=ADVANCED_FACE('',(#314,#315),#122,.F.);
#1897=ADVANCED_FACE('',(#2500),#2248,.T.);
#1898=ADVANCED_FACE('',(#2501),#123,.T.);
#1899=ADVANCED_FACE('',(#2502),#2249,.F.);
#1900=ADVANCED_FACE('',(#2503),#2250,.F.);
#1901=ADVANCED_FACE('',(#2504),#124,.T.);
#1902=ADVANCED_FACE('',(#2505),#2251,.F.);
#1903=ADVANCED_FACE('',(#2506),#2252,.T.);
#1904=ADVANCED_FACE('',(#2507),#125,.T.);
#1905=ADVANCED_FACE('',(#2508),#126,.T.);
#1906=ADVANCED_FACE('',(#2509),#2253,.T.);
#1907=ADVANCED_FACE('',(#2510),#127,.T.);
#1908=ADVANCED_FACE('',(#2511),#128,.T.);
#1909=ADVANCED_FACE('',(#2512),#2254,.F.);
#1910=ADVANCED_FACE('',(#2513),#129,.T.);
#1911=ADVANCED_FACE('',(#2514),#2255,.F.);
#1912=ADVANCED_FACE('',(#2515),#130,.T.);
#1913=ADVANCED_FACE('',(#316,#317),#131,.F.);
#1914=ADVANCED_FACE('',(#2516),#132,.T.);
#1915=ADVANCED_FACE('',(#2517),#2256,.T.);
#1916=ADVANCED_FACE('',(#2518),#2257,.T.);
#1917=ADVANCED_FACE('',(#2519),#133,.T.);
#1918=ADVANCED_FACE('',(#2520),#134,.T.);
#1919=ADVANCED_FACE('',(#2521),#2258,.T.);
#1920=ADVANCED_FACE('',(#2522),#135,.T.);
#1921=ADVANCED_FACE('',(#2523),#2259,.F.);
#1922=ADVANCED_FACE('',(#2524),#136,.T.);
#1923=ADVANCED_FACE('',(#318,#319),#137,.F.);
#1924=ADVANCED_FACE('',(#2525),#2260,.T.);
#1925=ADVANCED_FACE('',(#2526),#138,.T.);
#1926=ADVANCED_FACE('',(#2527),#139,.T.);
#1927=ADVANCED_FACE('',(#2528),#2261,.F.);
#1928=ADVANCED_FACE('',(#2529),#2262,.T.);
#1929=ADVANCED_FACE('',(#2530),#2263,.F.);
#1930=ADVANCED_FACE('',(#2531),#2264,.T.);
#1931=ADVANCED_FACE('',(#2532),#2265,.F.);
#1932=ADVANCED_FACE('',(#2533),#2266,.T.);
#1933=ADVANCED_FACE('',(#2534),#2267,.T.);
#1934=ADVANCED_FACE('',(#2535),#2268,.T.);
#1935=ADVANCED_FACE('',(#2536),#2269,.T.);
#1936=ADVANCED_FACE('',(#2537),#2270,.F.);
#1937=ADVANCED_FACE('',(#2538),#2271,.T.);
#1938=ADVANCED_FACE('',(#2539),#2272,.T.);
#1939=ADVANCED_FACE('',(#2540),#2273,.T.);
#1940=ADVANCED_FACE('',(#2541),#2274,.F.);
#1941=ADVANCED_FACE('',(#2542),#2275,.F.);
#1942=ADVANCED_FACE('',(#2543),#2276,.T.);
#1943=ADVANCED_FACE('',(#2544),#140,.T.);
#1944=ADVANCED_FACE('',(#2545),#2277,.F.);
#1945=ADVANCED_FACE('',(#2546),#2278,.T.);
#1946=ADVANCED_FACE('',(#2547),#2279,.F.);
#1947=ADVANCED_FACE('',(#2548),#2280,.F.);
#1948=ADVANCED_FACE('',(#2549),#2281,.F.);
#1949=ADVANCED_FACE('',(#2550),#2282,.T.);
#1950=ADVANCED_FACE('',(#2551),#2283,.F.);
#1951=ADVANCED_FACE('',(#2552),#141,.F.);
#1952=ADVANCED_FACE('',(#2553),#2284,.F.);
#1953=ADVANCED_FACE('',(#2554),#142,.F.);
#1954=ADVANCED_FACE('',(#2555),#2285,.F.);
#1955=ADVANCED_FACE('',(#2556),#143,.T.);
#1956=ADVANCED_FACE('',(#2557),#2286,.T.);
#1957=ADVANCED_FACE('',(#2558),#2287,.T.);
#1958=ADVANCED_FACE('',(#2559),#144,.T.);
#1959=ADVANCED_FACE('',(#2560),#2288,.F.);
#1960=ADVANCED_FACE('',(#2561),#2289,.F.);
#1961=ADVANCED_FACE('',(#2562),#145,.F.);
#1962=ADVANCED_FACE('',(#2563),#2290,.F.);
#1963=ADVANCED_FACE('',(#2564),#2291,.F.);
#1964=ADVANCED_FACE('',(#2565),#2292,.F.);
#1965=ADVANCED_FACE('',(#2566),#146,.T.);
#1966=ADVANCED_FACE('',(#2567),#2293,.F.);
#1967=ADVANCED_FACE('',(#2568),#147,.F.);
#1968=ADVANCED_FACE('',(#2569),#2294,.F.);
#1969=ADVANCED_FACE('',(#2570),#2295,.F.);
#1970=ADVANCED_FACE('',(#2571),#2296,.T.);
#1971=ADVANCED_FACE('',(#2572),#148,.T.);
#1972=ADVANCED_FACE('',(#2573),#2297,.F.);
#1973=ADVANCED_FACE('',(#2574),#2298,.F.);
#1974=ADVANCED_FACE('',(#2575),#149,.T.);
#1975=ADVANCED_FACE('',(#2576),#2299,.T.);
#1976=ADVANCED_FACE('',(#2577),#2300,.T.);
#1977=ADVANCED_FACE('',(#2578),#2301,.T.);
#1978=ADVANCED_FACE('',(#2579),#150,.F.);
#1979=ADVANCED_FACE('',(#2580),#2302,.F.);
#1980=ADVANCED_FACE('',(#2581),#2303,.T.);
#1981=ADVANCED_FACE('',(#2582),#2304,.T.);
#1982=ADVANCED_FACE('',(#2583),#2305,.T.);
#1983=ADVANCED_FACE('',(#2584),#2306,.T.);
#1984=ADVANCED_FACE('',(#2585),#2307,.T.);
#1985=ADVANCED_FACE('',(#2586),#2308,.T.);
#1986=ADVANCED_FACE('',(#2587),#2309,.T.);
#1987=ADVANCED_FACE('',(#2588),#2310,.F.);
#1988=ADVANCED_FACE('',(#2589),#2311,.T.);
#1989=ADVANCED_FACE('',(#2590),#2312,.F.);
#1990=ADVANCED_FACE('',(#2591),#2313,.T.);
#1991=ADVANCED_FACE('',(#2592),#2314,.T.);
#1992=ADVANCED_FACE('',(#2593),#2315,.T.);
#1993=ADVANCED_FACE('',(#2594),#2316,.T.);
#1994=ADVANCED_FACE('',(#2595),#2317,.T.);
#1995=ADVANCED_FACE('',(#2596),#2318,.T.);
#1996=ADVANCED_FACE('',(#2597),#2319,.T.);
#1997=ADVANCED_FACE('',(#2598),#2320,.F.);
#1998=ADVANCED_FACE('',(#2599),#2321,.T.);
#1999=ADVANCED_FACE('',(#2600),#151,.F.);
#2000=ADVANCED_FACE('',(#2601),#2322,.F.);
#2001=ADVANCED_FACE('',(#2602),#2323,.F.);
#2002=ADVANCED_FACE('',(#2603),#2324,.T.);
#2003=ADVANCED_FACE('',(#2604),#152,.T.);
#2004=ADVANCED_FACE('',(#2605),#2325,.F.);
#2005=ADVANCED_FACE('',(#2606),#2326,.T.);
#2006=ADVANCED_FACE('',(#2607),#2327,.F.);
#2007=ADVANCED_FACE('',(#2608),#2328,.F.);
#2008=ADVANCED_FACE('',(#2609),#2329,.F.);
#2009=ADVANCED_FACE('',(#2610),#2330,.T.);
#2010=ADVANCED_FACE('',(#2611),#2331,.F.);
#2011=ADVANCED_FACE('',(#2612),#153,.F.);
#2012=ADVANCED_FACE('',(#2613),#2332,.F.);
#2013=ADVANCED_FACE('',(#2614),#154,.F.);
#2014=ADVANCED_FACE('',(#2615),#2333,.F.);
#2015=ADVANCED_FACE('',(#2616),#155,.T.);
#2016=ADVANCED_FACE('',(#2617),#2334,.T.);
#2017=ADVANCED_FACE('',(#2618),#2335,.T.);
#2018=ADVANCED_FACE('',(#2619),#156,.T.);
#2019=ADVANCED_FACE('',(#2620),#2336,.F.);
#2020=ADVANCED_FACE('',(#2621),#2337,.F.);
#2021=ADVANCED_FACE('',(#2622),#157,.F.);
#2022=ADVANCED_FACE('',(#2623),#2338,.F.);
#2023=ADVANCED_FACE('',(#2624),#2339,.F.);
#2024=ADVANCED_FACE('',(#2625),#2340,.F.);
#2025=ADVANCED_FACE('',(#2626),#158,.T.);
#2026=ADVANCED_FACE('',(#2627),#2341,.F.);
#2027=ADVANCED_FACE('',(#2628),#159,.F.);
#2028=ADVANCED_FACE('',(#2629),#2342,.F.);
#2029=ADVANCED_FACE('',(#2630),#2343,.F.);
#2030=ADVANCED_FACE('',(#2631),#2344,.T.);
#2031=ADVANCED_FACE('',(#2632),#160,.T.);
#2032=ADVANCED_FACE('',(#2633),#2345,.F.);
#2033=ADVANCED_FACE('',(#2634),#2346,.F.);
#2034=ADVANCED_FACE('',(#2635),#161,.T.);
#2035=ADVANCED_FACE('',(#2636),#2347,.T.);
#2036=ADVANCED_FACE('',(#2637),#2348,.T.);
#2037=ADVANCED_FACE('',(#2638),#2349,.T.);
#2038=ADVANCED_FACE('',(#2639),#162,.F.);
#2039=ADVANCED_FACE('',(#2640),#2350,.T.);
#2040=ADVANCED_FACE('',(#2641),#2351,.F.);
#2041=ADVANCED_FACE('',(#2642),#2352,.T.);
#2042=ADVANCED_FACE('',(#2643),#2353,.T.);
#2043=ADVANCED_FACE('',(#2644),#2354,.T.);
#2044=ADVANCED_FACE('',(#2645),#2355,.T.);
#2045=ADVANCED_FACE('',(#2646),#2356,.F.);
#2046=ADVANCED_FACE('',(#2647),#2357,.T.);
#2047=ADVANCED_FACE('',(#2648),#2358,.T.);
#2048=ADVANCED_FACE('',(#2649),#2359,.T.);
#2049=ADVANCED_FACE('',(#2650),#2360,.T.);
#2050=ADVANCED_FACE('',(#2651),#2361,.T.);
#2051=ADVANCED_FACE('',(#2652),#2362,.T.);
#2052=ADVANCED_FACE('',(#2653),#2363,.T.);
#2053=ADVANCED_FACE('',(#2654),#2364,.T.);
#2054=ADVANCED_FACE('',(#2655),#2365,.T.);
#2055=ADVANCED_FACE('',(#2656),#2366,.T.);
#2056=ADVANCED_FACE('',(#2657),#2367,.T.);
#2057=ADVANCED_FACE('',(#2658),#2368,.T.);
#2058=ADVANCED_FACE('',(#2659),#2369,.T.);
#2059=ADVANCED_FACE('',(#2660),#2370,.T.);
#2060=ADVANCED_FACE('',(#2661),#2371,.T.);
#2061=ADVANCED_FACE('',(#2662),#163,.T.);
#2062=ADVANCED_FACE('',(#2663),#164,.T.);
#2063=ADVANCED_FACE('',(#2664),#165,.T.);
#2064=ADVANCED_FACE('',(#2665),#166,.T.);
#2065=ADVANCED_FACE('',(#2666),#167,.T.);
#2066=ADVANCED_FACE('',(#2667),#168,.T.);
#2067=ADVANCED_FACE('',(#2668),#169,.T.);
#2068=ADVANCED_FACE('',(#2669),#170,.T.);
#2069=ADVANCED_FACE('',(#2670),#171,.T.);
#2070=ADVANCED_FACE('',(#2671),#172,.T.);
#2071=ADVANCED_FACE('',(#2672),#173,.F.);
#2072=ADVANCED_FACE('',(#2673),#174,.F.);
#2073=ADVANCED_FACE('',(#2674),#175,.F.);
#2074=ADVANCED_FACE('',(#2675),#176,.F.);
#2075=ADVANCED_FACE('',(#2676),#177,.F.);
#2076=ADVANCED_FACE('',(#2677),#178,.F.);
#2077=ADVANCED_FACE('',(#2678),#179,.F.);
#2078=ADVANCED_FACE('',(#2679),#180,.F.);
#2079=ADVANCED_FACE('',(#2680),#43,.T.);
#2080=ADVANCED_FACE('',(#2681),#44,.T.);
#2081=ADVANCED_FACE('',(#2682),#45,.T.);
#2082=ADVANCED_FACE('',(#2683),#46,.T.);
#2083=ADVANCED_FACE('',(#2684),#47,.T.);
#2084=ADVANCED_FACE('',(#2685),#48,.T.);
#2085=ADVANCED_FACE('',(#2686),#49,.T.);
#2086=ADVANCED_FACE('',(#2687),#50,.T.);
#2087=ADVANCED_FACE('',(#2688),#51,.T.);
#2088=ADVANCED_FACE('',(#2689),#52,.T.);
#2089=ADVANCED_FACE('',(#2690),#53,.T.);
#2090=ADVANCED_FACE('',(#2691),#54,.T.);
#2091=ADVANCED_FACE('',(#2692),#55,.T.);
#2092=ADVANCED_FACE('',(#2693),#56,.T.);
#2093=ADVANCED_FACE('',(#2694),#57,.T.);
#2094=ADVANCED_FACE('',(#2695),#58,.T.);
#2095=ADVANCED_FACE('',(#2696),#59,.T.);
#2096=ADVANCED_FACE('',(#2697),#60,.T.);
#2097=ADVANCED_FACE('',(#2698),#61,.T.);
#2098=ADVANCED_FACE('',(#2699),#62,.T.);
#2099=ADVANCED_FACE('',(#2700),#63,.T.);
#2100=ADVANCED_FACE('',(#2701),#64,.T.);
#2101=ADVANCED_FACE('',(#2702),#65,.T.);
#2102=ADVANCED_FACE('',(#2703),#66,.T.);
#2103=ADVANCED_FACE('',(#2704),#67,.T.);
#2104=ADVANCED_FACE('',(#2705),#68,.T.);
#2105=ADVANCED_FACE('',(#2706),#69,.T.);
#2106=ADVANCED_FACE('',(#2707),#70,.T.);
#2107=ADVANCED_FACE('',(#2708),#2372,.T.);
#2108=ADVANCED_FACE('',(#2709),#2373,.T.);
#2109=ADVANCED_FACE('',(#2710),#2374,.T.);
#2110=ADVANCED_FACE('',(#2711),#2375,.T.);
#2111=ADVANCED_FACE('',(#2712),#2376,.T.);
#2112=ADVANCED_FACE('',(#2713),#2377,.T.);
#2113=ADVANCED_FACE('',(#2714),#2378,.F.);
#2114=ADVANCED_FACE('',(#2715),#2379,.F.);
#2115=ADVANCED_FACE('',(#2716),#2380,.F.);
#2116=ADVANCED_FACE('',(#2717),#2381,.T.);
#2117=ADVANCED_FACE('',(#2718),#2382,.T.);
#2118=ADVANCED_FACE('',(#2719),#2383,.T.);
#2119=ADVANCED_FACE('',(#2720),#2384,.T.);
#2120=ADVANCED_FACE('',(#2721),#2385,.T.);
#2121=ADVANCED_FACE('',(#2722),#2386,.T.);
#2122=ADVANCED_FACE('',(#2723),#2387,.T.);
#2123=ADVANCED_FACE('',(#2724),#2388,.T.);
#2124=ADVANCED_FACE('',(#2725),#2389,.T.);
#2125=ADVANCED_FACE('',(#2726),#2390,.T.);
#2126=ADVANCED_FACE('',(#2727),#2391,.T.);
#2127=ADVANCED_FACE('',(#2728),#2392,.T.);
#2128=ADVANCED_FACE('',(#2729),#181,.F.);
#2129=ADVANCED_FACE('',(#2730),#182,.F.);
#2130=ADVANCED_FACE('',(#2731),#183,.F.);
#2131=ADVANCED_FACE('',(#2732),#184,.F.);
#2132=ADVANCED_FACE('',(#2733),#185,.F.);
#2133=ADVANCED_FACE('',(#2734),#186,.F.);
#2134=ADVANCED_FACE('',(#2735),#187,.F.);
#2135=ADVANCED_FACE('',(#2736),#188,.F.);
#2136=ADVANCED_FACE('',(#2737),#189,.F.);
#2137=ADVANCED_FACE('',(#2738),#190,.F.);
#2138=ADVANCED_FACE('',(#2739),#191,.F.);
#2139=ADVANCED_FACE('',(#2740),#192,.F.);
#2140=ADVANCED_FACE('',(#2741),#193,.F.);
#2141=ADVANCED_FACE('',(#2742),#194,.F.);
#2142=ADVANCED_FACE('',(#2743),#195,.F.);
#2143=ADVANCED_FACE('',(#2744),#196,.F.);
#2144=ADVANCED_FACE('',(#2745),#2393,.T.);
#2145=ADVANCED_FACE('',(#2746),#2394,.T.);
#2146=ADVANCED_FACE('',(#2747),#197,.T.);
#2147=ADVANCED_FACE('',(#2748),#71,.T.);
#2148=ADVANCED_FACE('',(#2749),#198,.T.);
#2149=ADVANCED_FACE('',(#2750),#199,.T.);
#2150=ADVANCED_FACE('',(#2751),#200,.T.);
#2151=ADVANCED_FACE('',(#2752),#72,.T.);
#2152=ADVANCED_FACE('',(#2753),#201,.T.);
#2153=ADVANCED_FACE('',(#2754),#2395,.F.);
#2154=ADVANCED_FACE('',(#2755),#2396,.F.);
#2155=ADVANCED_FACE('',(#2756),#2397,.F.);
#2156=ADVANCED_FACE('',(#2757),#2398,.F.);
#2157=ADVANCED_FACE('',(#2758),#2399,.F.);
#2158=ADVANCED_FACE('',(#2759),#2400,.F.);
#2159=ADVANCED_FACE('',(#2760),#2401,.F.);
#2160=ADVANCED_FACE('',(#2761),#202,.T.);
#2161=ADVANCED_FACE('',(#2762),#203,.T.);
#2162=ADVANCED_FACE('',(#2763),#204,.T.);
#2163=ADVANCED_FACE('',(#2764),#205,.T.);
#2164=ADVANCED_FACE('',(#2765),#206,.F.);
#2165=ADVANCED_FACE('',(#2766),#2402,.F.);
#2166=ADVANCED_FACE('',(#2767),#2403,.F.);
#2167=ADVANCED_FACE('',(#2768),#2404,.T.);
#2168=ADVANCED_FACE('',(#2769),#2405,.T.);
#2169=ADVANCED_FACE('',(#2770),#2406,.F.);
#2170=ADVANCED_FACE('',(#2771),#2407,.T.);
#2171=ADVANCED_FACE('',(#2772),#2408,.F.);
#2172=ADVANCED_FACE('',(#2773),#2409,.F.);
#2173=ADVANCED_FACE('',(#2774),#2410,.F.);
#2174=ADVANCED_FACE('',(#2775),#207,.T.);
#2175=ADVANCED_FACE('',(#2776),#2411,.T.);
#2176=ADVANCED_FACE('',(#2777),#208,.T.);
#2177=ADVANCED_FACE('',(#320,#321),#2412,.T.);
#2178=ADVANCED_FACE('',(#322,#323),#2413,.T.);
#2179=ADVANCED_FACE('',(#324,#325),#2414,.T.);
#2180=ADVANCED_FACE('',(#326,#327),#2415,.T.);
#2181=ADVANCED_FACE('',(#328,#329),#2416,.T.);
#2182=ADVANCED_FACE('',(#330,#331),#2417,.T.);
#2183=ADVANCED_FACE('',(#332,#333),#2418,.T.);
#2184=ADVANCED_FACE('',(#334,#335),#2419,.T.);
#2185=ADVANCED_FACE('',(#2778),#34,.T.);
#2186=ADVANCED_FACE('',(#336,#337),#209,.T.);
#2187=ADVANCED_FACE('',(#2779),#35,.T.);
#2188=ADVANCED_FACE('',(#338,#339),#210,.T.);
#2189=ADVANCED_FACE('',(#2780),#36,.T.);
#2190=ADVANCED_FACE('',(#340,#341),#211,.T.);
#2191=ADVANCED_FACE('',(#2781),#37,.T.);
#2192=ADVANCED_FACE('',(#342,#343),#212,.T.);
#2193=ADVANCED_FACE('',(#2782),#38,.T.);
#2194=ADVANCED_FACE('',(#344,#345),#213,.T.);
#2195=ADVANCED_FACE('',(#2783),#39,.T.);
#2196=ADVANCED_FACE('',(#346,#347),#214,.T.);
#2197=ADVANCED_FACE('',(#2784),#40,.T.);
#2198=ADVANCED_FACE('',(#348,#349),#215,.T.);
#2199=ADVANCED_FACE('',(#2785),#41,.T.);
#2200=ADVANCED_FACE('',(#350,#351),#216,.T.);
#2201=PLANE('',#7483);
#2202=PLANE('',#7511);
#2203=PLANE('',#7545);
#2204=PLANE('',#7546);
#2205=PLANE('',#7547);
#2206=PLANE('',#7548);
#2207=PLANE('',#7550);
#2208=PLANE('',#7557);
#2209=PLANE('',#7558);
#2210=PLANE('',#7568);
#2211=PLANE('',#7569);
#2212=PLANE('',#7570);
#2213=PLANE('',#7571);
#2214=PLANE('',#7572);
#2215=PLANE('',#7575);
#2216=PLANE('',#7582);
#2217=PLANE('',#7583);
#2218=PLANE('',#7587);
#2219=PLANE('',#7588);
#2220=PLANE('',#7592);
#2221=PLANE('',#7637);
#2222=PLANE('',#7694);
#2223=PLANE('',#7695);
#2224=PLANE('',#7698);
#2225=PLANE('',#7699);
#2226=PLANE('',#7701);
#2227=PLANE('',#7702);
#2228=PLANE('',#7704);
#2229=PLANE('',#7715);
#2230=PLANE('',#7718);
#2231=PLANE('',#7720);
#2232=PLANE('',#7723);
#2233=PLANE('',#7725);
#2234=PLANE('',#7728);
#2235=PLANE('',#7733);
#2236=PLANE('',#7736);
#2237=PLANE('',#7738);
#2238=PLANE('',#7741);
#2239=PLANE('',#7747);
#2240=PLANE('',#7748);
#2241=PLANE('',#7751);
#2242=PLANE('',#7753);
#2243=PLANE('',#7756);
#2244=PLANE('',#7759);
#2245=PLANE('',#7762);
#2246=PLANE('',#7765);
#2247=PLANE('',#7766);
#2248=PLANE('',#7771);
#2249=PLANE('',#7773);
#2250=PLANE('',#7774);
#2251=PLANE('',#7777);
#2252=PLANE('',#7778);
#2253=PLANE('',#7783);
#2254=PLANE('',#7787);
#2255=PLANE('',#7790);
#2256=PLANE('',#7797);
#2257=PLANE('',#7798);
#2258=PLANE('',#7803);
#2259=PLANE('',#7805);
#2260=PLANE('',#7810);
#2261=PLANE('',#7815);
#2262=PLANE('',#7816);
#2263=PLANE('',#7817);
#2264=PLANE('',#7818);
#2265=PLANE('',#7819);
#2266=PLANE('',#7820);
#2267=PLANE('',#7821);
#2268=PLANE('',#7822);
#2269=PLANE('',#7823);
#2270=PLANE('',#7826);
#2271=PLANE('',#7827);
#2272=PLANE('',#7828);
#2273=PLANE('',#7829);
#2274=PLANE('',#7839);
#2275=PLANE('',#7840);
#2276=PLANE('',#7841);
#2277=PLANE('',#7845);
#2278=PLANE('',#7846);
#2279=PLANE('',#7848);
#2280=PLANE('',#7849);
#2281=PLANE('',#7851);
#2282=PLANE('',#7853);
#2283=PLANE('',#7854);
#2284=PLANE('',#7857);
#2285=PLANE('',#7860);
#2286=PLANE('',#7863);
#2287=PLANE('',#7865);
#2288=PLANE('',#7868);
#2289=PLANE('',#7870);
#2290=PLANE('',#7873);
#2291=PLANE('',#7874);
#2292=PLANE('',#7875);
#2293=PLANE('',#7878);
#2294=PLANE('',#7881);
#2295=PLANE('',#7882);
#2296=PLANE('',#7883);
#2297=PLANE('',#7886);
#2298=PLANE('',#7887);
#2299=PLANE('',#7891);
#2300=PLANE('',#7892);
#2301=PLANE('',#7894);
#2302=PLANE('',#7896);
#2303=PLANE('',#7897);
#2304=PLANE('',#7898);
#2305=PLANE('',#7899);
#2306=PLANE('',#7902);
#2307=PLANE('',#7903);
#2308=PLANE('',#7904);
#2309=PLANE('',#7905);
#2310=PLANE('',#7908);
#2311=PLANE('',#7909);
#2312=PLANE('',#7910);
#2313=PLANE('',#7911);
#2314=PLANE('',#7912);
#2315=PLANE('',#7913);
#2316=PLANE('',#7916);
#2317=PLANE('',#7917);
#2318=PLANE('',#7918);
#2319=PLANE('',#7919);
#2320=PLANE('',#7922);
#2321=PLANE('',#7923);
#2322=PLANE('',#7927);
#2323=PLANE('',#7937);
#2324=PLANE('',#7938);
#2325=PLANE('',#7942);
#2326=PLANE('',#7943);
#2327=PLANE('',#7944);
#2328=PLANE('',#7945);
#2329=PLANE('',#7946);
#2330=PLANE('',#7948);
#2331=PLANE('',#7949);
#2332=PLANE('',#7952);
#2333=PLANE('',#7955);
#2334=PLANE('',#7958);
#2335=PLANE('',#7960);
#2336=PLANE('',#7963);
#2337=PLANE('',#7965);
#2338=PLANE('',#7968);
#2339=PLANE('',#7969);
#2340=PLANE('',#7970);
#2341=PLANE('',#7973);
#2342=PLANE('',#7976);
#2343=PLANE('',#7977);
#2344=PLANE('',#7978);
#2345=PLANE('',#7981);
#2346=PLANE('',#7982);
#2347=PLANE('',#7986);
#2348=PLANE('',#7987);
#2349=PLANE('',#7989);
#2350=PLANE('',#7991);
#2351=PLANE('',#7992);
#2352=PLANE('',#7993);
#2353=PLANE('',#7995);
#2354=PLANE('',#7996);
#2355=PLANE('',#7997);
#2356=PLANE('',#8000);
#2357=PLANE('',#8001);
#2358=PLANE('',#8002);
#2359=PLANE('',#8003);
#2360=PLANE('',#8004);
#2361=PLANE('',#8005);
#2362=PLANE('',#8006);
#2363=PLANE('',#8007);
#2364=PLANE('',#8008);
#2365=PLANE('',#8009);
#2366=PLANE('',#8010);
#2367=PLANE('',#8011);
#2368=PLANE('',#8012);
#2369=PLANE('',#8013);
#2370=PLANE('',#8014);
#2371=PLANE('',#8015);
#2372=PLANE('',#8088);
#2373=PLANE('',#8089);
#2374=PLANE('',#8090);
#2375=PLANE('',#8091);
#2376=PLANE('',#8092);
#2377=PLANE('',#8093);
#2378=PLANE('',#8094);
#2379=PLANE('',#8097);
#2380=PLANE('',#8098);
#2381=PLANE('',#8099);
#2382=PLANE('',#8100);
#2383=PLANE('',#8101);
#2384=PLANE('',#8102);
#2385=PLANE('',#8103);
#2386=PLANE('',#8104);
#2387=PLANE('',#8105);
#2388=PLANE('',#8106);
#2389=PLANE('',#8107);
#2390=PLANE('',#8108);
#2391=PLANE('',#8109);
#2392=PLANE('',#8110);
#2393=PLANE('',#8127);
#2394=PLANE('',#8128);
#2395=PLANE('',#8142);
#2396=PLANE('',#8143);
#2397=PLANE('',#8144);
#2398=PLANE('',#8145);
#2399=PLANE('',#8146);
#2400=PLANE('',#8149);
#2401=PLANE('',#8152);
#2402=PLANE('',#8158);
#2403=PLANE('',#8159);
#2404=PLANE('',#8160);
#2405=PLANE('',#8161);
#2406=PLANE('',#8162);
#2407=PLANE('',#8163);
#2408=PLANE('',#8164);
#2409=PLANE('',#8165);
#2410=PLANE('',#8166);
#2411=PLANE('',#8168);
#2412=PLANE('',#8171);
#2413=PLANE('',#8173);
#2414=PLANE('',#8175);
#2415=PLANE('',#8177);
#2416=PLANE('',#8179);
#2417=PLANE('',#8181);
#2418=PLANE('',#8183);
#2419=PLANE('',#8185);
#2420=FACE_OUTER_BOUND('',#2786,.T.);
#2421=FACE_OUTER_BOUND('',#2789,.T.);
#2422=FACE_OUTER_BOUND('',#2794,.T.);
#2423=FACE_OUTER_BOUND('',#2797,.T.);
#2424=FACE_OUTER_BOUND('',#2800,.T.);
#2425=FACE_OUTER_BOUND('',#2807,.T.);
#2426=FACE_OUTER_BOUND('',#2808,.T.);
#2427=FACE_OUTER_BOUND('',#2809,.T.);
#2428=FACE_OUTER_BOUND('',#2813,.T.);
#2429=FACE_OUTER_BOUND('',#2814,.T.);
#2430=FACE_OUTER_BOUND('',#2815,.T.);
#2431=FACE_OUTER_BOUND('',#2819,.T.);
#2432=FACE_OUTER_BOUND('',#2820,.T.);
#2433=FACE_OUTER_BOUND('',#2821,.T.);
#2434=FACE_OUTER_BOUND('',#2822,.T.);
#2435=FACE_OUTER_BOUND('',#2823,.T.);
#2436=FACE_OUTER_BOUND('',#2824,.T.);
#2437=FACE_OUTER_BOUND('',#2825,.T.);
#2438=FACE_OUTER_BOUND('',#2826,.T.);
#2439=FACE_OUTER_BOUND('',#2827,.T.);
#2440=FACE_OUTER_BOUND('',#2828,.T.);
#2441=FACE_OUTER_BOUND('',#2831,.T.);
#2442=FACE_OUTER_BOUND('',#2832,.T.);
#2443=FACE_OUTER_BOUND('',#2833,.T.);
#2444=FACE_OUTER_BOUND('',#2834,.T.);
#2445=FACE_OUTER_BOUND('',#2835,.T.);
#2446=FACE_OUTER_BOUND('',#2836,.T.);
#2447=FACE_OUTER_BOUND('',#2837,.T.);
#2448=FACE_OUTER_BOUND('',#2838,.T.);
#2449=FACE_OUTER_BOUND('',#2839,.T.);
#2450=FACE_OUTER_BOUND('',#2840,.T.);
#2451=FACE_OUTER_BOUND('',#2855,.T.);
#2452=FACE_OUTER_BOUND('',#2856,.T.);
#2453=FACE_OUTER_BOUND('',#2857,.T.);
#2454=FACE_OUTER_BOUND('',#2858,.T.);
#2455=FACE_OUTER_BOUND('',#2859,.T.);
#2456=FACE_OUTER_BOUND('',#2860,.T.);
#2457=FACE_OUTER_BOUND('',#2861,.T.);
#2458=FACE_OUTER_BOUND('',#2862,.T.);
#2459=FACE_OUTER_BOUND('',#2863,.T.);
#2460=FACE_OUTER_BOUND('',#2864,.T.);
#2461=FACE_OUTER_BOUND('',#2867,.T.);
#2462=FACE_OUTER_BOUND('',#2868,.T.);
#2463=FACE_OUTER_BOUND('',#2869,.T.);
#2464=FACE_OUTER_BOUND('',#2870,.T.);
#2465=FACE_OUTER_BOUND('',#2873,.T.);
#2466=FACE_OUTER_BOUND('',#2874,.T.);
#2467=FACE_OUTER_BOUND('',#2875,.T.);
#2468=FACE_OUTER_BOUND('',#2876,.T.);
#2469=FACE_OUTER_BOUND('',#2877,.T.);
#2470=FACE_OUTER_BOUND('',#2878,.T.);
#2471=FACE_OUTER_BOUND('',#2879,.T.);
#2472=FACE_OUTER_BOUND('',#2880,.T.);
#2473=FACE_OUTER_BOUND('',#2881,.T.);
#2474=FACE_OUTER_BOUND('',#2882,.T.);
#2475=FACE_OUTER_BOUND('',#2883,.T.);
#2476=FACE_OUTER_BOUND('',#2884,.T.);
#2477=FACE_OUTER_BOUND('',#2885,.T.);
#2478=FACE_OUTER_BOUND('',#2886,.T.);
#2479=FACE_OUTER_BOUND('',#2887,.T.);
#2480=FACE_OUTER_BOUND('',#2888,.T.);
#2481=FACE_OUTER_BOUND('',#2889,.T.);
#2482=FACE_OUTER_BOUND('',#2890,.T.);
#2483=FACE_OUTER_BOUND('',#2891,.T.);
#2484=FACE_OUTER_BOUND('',#2894,.T.);
#2485=FACE_OUTER_BOUND('',#2895,.T.);
#2486=FACE_OUTER_BOUND('',#2896,.T.);
#2487=FACE_OUTER_BOUND('',#2897,.T.);
#2488=FACE_OUTER_BOUND('',#2898,.T.);
#2489=FACE_OUTER_BOUND('',#2899,.T.);
#2490=FACE_OUTER_BOUND('',#2900,.T.);
#2491=FACE_OUTER_BOUND('',#2901,.T.);
#2492=FACE_OUTER_BOUND('',#2902,.T.);
#2493=FACE_OUTER_BOUND('',#2903,.T.);
#2494=FACE_OUTER_BOUND('',#2904,.T.);
#2495=FACE_OUTER_BOUND('',#2907,.T.);
#2496=FACE_OUTER_BOUND('',#2908,.T.);
#2497=FACE_OUTER_BOUND('',#2909,.T.);
#2498=FACE_OUTER_BOUND('',#2910,.T.);
#2499=FACE_OUTER_BOUND('',#2911,.T.);
#2500=FACE_OUTER_BOUND('',#2914,.T.);
#2501=FACE_OUTER_BOUND('',#2915,.T.);
#2502=FACE_OUTER_BOUND('',#2916,.T.);
#2503=FACE_OUTER_BOUND('',#2917,.T.);
#2504=FACE_OUTER_BOUND('',#2918,.T.);
#2505=FACE_OUTER_BOUND('',#2919,.T.);
#2506=FACE_OUTER_BOUND('',#2920,.T.);
#2507=FACE_OUTER_BOUND('',#2921,.T.);
#2508=FACE_OUTER_BOUND('',#2922,.T.);
#2509=FACE_OUTER_BOUND('',#2923,.T.);
#2510=FACE_OUTER_BOUND('',#2924,.T.);
#2511=FACE_OUTER_BOUND('',#2925,.T.);
#2512=FACE_OUTER_BOUND('',#2926,.T.);
#2513=FACE_OUTER_BOUND('',#2927,.T.);
#2514=FACE_OUTER_BOUND('',#2928,.T.);
#2515=FACE_OUTER_BOUND('',#2929,.T.);
#2516=FACE_OUTER_BOUND('',#2932,.T.);
#2517=FACE_OUTER_BOUND('',#2933,.T.);
#2518=FACE_OUTER_BOUND('',#2934,.T.);
#2519=FACE_OUTER_BOUND('',#2935,.T.);
#2520=FACE_OUTER_BOUND('',#2936,.T.);
#2521=FACE_OUTER_BOUND('',#2937,.T.);
#2522=FACE_OUTER_BOUND('',#2938,.T.);
#2523=FACE_OUTER_BOUND('',#2939,.T.);
#2524=FACE_OUTER_BOUND('',#2940,.T.);
#2525=FACE_OUTER_BOUND('',#2943,.T.);
#2526=FACE_OUTER_BOUND('',#2944,.T.);
#2527=FACE_OUTER_BOUND('',#2945,.T.);
#2528=FACE_OUTER_BOUND('',#2946,.T.);
#2529=FACE_OUTER_BOUND('',#2947,.T.);
#2530=FACE_OUTER_BOUND('',#2948,.T.);
#2531=FACE_OUTER_BOUND('',#2949,.T.);
#2532=FACE_OUTER_BOUND('',#2950,.T.);
#2533=FACE_OUTER_BOUND('',#2951,.T.);
#2534=FACE_OUTER_BOUND('',#2952,.T.);
#2535=FACE_OUTER_BOUND('',#2953,.T.);
#2536=FACE_OUTER_BOUND('',#2954,.T.);
#2537=FACE_OUTER_BOUND('',#2955,.T.);
#2538=FACE_OUTER_BOUND('',#2956,.T.);
#2539=FACE_OUTER_BOUND('',#2957,.T.);
#2540=FACE_OUTER_BOUND('',#2958,.T.);
#2541=FACE_OUTER_BOUND('',#2959,.T.);
#2542=FACE_OUTER_BOUND('',#2960,.T.);
#2543=FACE_OUTER_BOUND('',#2961,.T.);
#2544=FACE_OUTER_BOUND('',#2962,.T.);
#2545=FACE_OUTER_BOUND('',#2963,.T.);
#2546=FACE_OUTER_BOUND('',#2964,.T.);
#2547=FACE_OUTER_BOUND('',#2965,.T.);
#2548=FACE_OUTER_BOUND('',#2966,.T.);
#2549=FACE_OUTER_BOUND('',#2967,.T.);
#2550=FACE_OUTER_BOUND('',#2968,.T.);
#2551=FACE_OUTER_BOUND('',#2969,.T.);
#2552=FACE_OUTER_BOUND('',#2970,.T.);
#2553=FACE_OUTER_BOUND('',#2971,.T.);
#2554=FACE_OUTER_BOUND('',#2972,.T.);
#2555=FACE_OUTER_BOUND('',#2973,.T.);
#2556=FACE_OUTER_BOUND('',#2974,.T.);
#2557=FACE_OUTER_BOUND('',#2975,.T.);
#2558=FACE_OUTER_BOUND('',#2976,.T.);
#2559=FACE_OUTER_BOUND('',#2977,.T.);
#2560=FACE_OUTER_BOUND('',#2978,.T.);
#2561=FACE_OUTER_BOUND('',#2979,.T.);
#2562=FACE_OUTER_BOUND('',#2980,.T.);
#2563=FACE_OUTER_BOUND('',#2981,.T.);
#2564=FACE_OUTER_BOUND('',#2982,.T.);
#2565=FACE_OUTER_BOUND('',#2983,.T.);
#2566=FACE_OUTER_BOUND('',#2984,.T.);
#2567=FACE_OUTER_BOUND('',#2985,.T.);
#2568=FACE_OUTER_BOUND('',#2986,.T.);
#2569=FACE_OUTER_BOUND('',#2987,.T.);
#2570=FACE_OUTER_BOUND('',#2988,.T.);
#2571=FACE_OUTER_BOUND('',#2989,.T.);
#2572=FACE_OUTER_BOUND('',#2990,.T.);
#2573=FACE_OUTER_BOUND('',#2991,.T.);
#2574=FACE_OUTER_BOUND('',#2992,.T.);
#2575=FACE_OUTER_BOUND('',#2993,.T.);
#2576=FACE_OUTER_BOUND('',#2994,.T.);
#2577=FACE_OUTER_BOUND('',#2995,.T.);
#2578=FACE_OUTER_BOUND('',#2996,.T.);
#2579=FACE_OUTER_BOUND('',#2997,.T.);
#2580=FACE_OUTER_BOUND('',#2998,.T.);
#2581=FACE_OUTER_BOUND('',#2999,.T.);
#2582=FACE_OUTER_BOUND('',#3000,.T.);
#2583=FACE_OUTER_BOUND('',#3001,.T.);
#2584=FACE_OUTER_BOUND('',#3002,.T.);
#2585=FACE_OUTER_BOUND('',#3003,.T.);
#2586=FACE_OUTER_BOUND('',#3004,.T.);
#2587=FACE_OUTER_BOUND('',#3005,.T.);
#2588=FACE_OUTER_BOUND('',#3006,.T.);
#2589=FACE_OUTER_BOUND('',#3007,.T.);
#2590=FACE_OUTER_BOUND('',#3008,.T.);
#2591=FACE_OUTER_BOUND('',#3009,.T.);
#2592=FACE_OUTER_BOUND('',#3010,.T.);
#2593=FACE_OUTER_BOUND('',#3011,.T.);
#2594=FACE_OUTER_BOUND('',#3012,.T.);
#2595=FACE_OUTER_BOUND('',#3013,.T.);
#2596=FACE_OUTER_BOUND('',#3014,.T.);
#2597=FACE_OUTER_BOUND('',#3015,.T.);
#2598=FACE_OUTER_BOUND('',#3016,.T.);
#2599=FACE_OUTER_BOUND('',#3017,.T.);
#2600=FACE_OUTER_BOUND('',#3018,.T.);
#2601=FACE_OUTER_BOUND('',#3019,.T.);
#2602=FACE_OUTER_BOUND('',#3020,.T.);
#2603=FACE_OUTER_BOUND('',#3021,.T.);
#2604=FACE_OUTER_BOUND('',#3022,.T.);
#2605=FACE_OUTER_BOUND('',#3023,.T.);
#2606=FACE_OUTER_BOUND('',#3024,.T.);
#2607=FACE_OUTER_BOUND('',#3025,.T.);
#2608=FACE_OUTER_BOUND('',#3026,.T.);
#2609=FACE_OUTER_BOUND('',#3027,.T.);
#2610=FACE_OUTER_BOUND('',#3028,.T.);
#2611=FACE_OUTER_BOUND('',#3029,.T.);
#2612=FACE_OUTER_BOUND('',#3030,.T.);
#2613=FACE_OUTER_BOUND('',#3031,.T.);
#2614=FACE_OUTER_BOUND('',#3032,.T.);
#2615=FACE_OUTER_BOUND('',#3033,.T.);
#2616=FACE_OUTER_BOUND('',#3034,.T.);
#2617=FACE_OUTER_BOUND('',#3035,.T.);
#2618=FACE_OUTER_BOUND('',#3036,.T.);
#2619=FACE_OUTER_BOUND('',#3037,.T.);
#2620=FACE_OUTER_BOUND('',#3038,.T.);
#2621=FACE_OUTER_BOUND('',#3039,.T.);
#2622=FACE_OUTER_BOUND('',#3040,.T.);
#2623=FACE_OUTER_BOUND('',#3041,.T.);
#2624=FACE_OUTER_BOUND('',#3042,.T.);
#2625=FACE_OUTER_BOUND('',#3043,.T.);
#2626=FACE_OUTER_BOUND('',#3044,.T.);
#2627=FACE_OUTER_BOUND('',#3045,.T.);
#2628=FACE_OUTER_BOUND('',#3046,.T.);
#2629=FACE_OUTER_BOUND('',#3047,.T.);
#2630=FACE_OUTER_BOUND('',#3048,.T.);
#2631=FACE_OUTER_BOUND('',#3049,.T.);
#2632=FACE_OUTER_BOUND('',#3050,.T.);
#2633=FACE_OUTER_BOUND('',#3051,.T.);
#2634=FACE_OUTER_BOUND('',#3052,.T.);
#2635=FACE_OUTER_BOUND('',#3053,.T.);
#2636=FACE_OUTER_BOUND('',#3054,.T.);
#2637=FACE_OUTER_BOUND('',#3055,.T.);
#2638=FACE_OUTER_BOUND('',#3056,.T.);
#2639=FACE_OUTER_BOUND('',#3057,.T.);
#2640=FACE_OUTER_BOUND('',#3058,.T.);
#2641=FACE_OUTER_BOUND('',#3059,.T.);
#2642=FACE_OUTER_BOUND('',#3060,.T.);
#2643=FACE_OUTER_BOUND('',#3061,.T.);
#2644=FACE_OUTER_BOUND('',#3062,.T.);
#2645=FACE_OUTER_BOUND('',#3063,.T.);
#2646=FACE_OUTER_BOUND('',#3064,.T.);
#2647=FACE_OUTER_BOUND('',#3065,.T.);
#2648=FACE_OUTER_BOUND('',#3066,.T.);
#2649=FACE_OUTER_BOUND('',#3067,.T.);
#2650=FACE_OUTER_BOUND('',#3068,.T.);
#2651=FACE_OUTER_BOUND('',#3069,.T.);
#2652=FACE_OUTER_BOUND('',#3070,.T.);
#2653=FACE_OUTER_BOUND('',#3071,.T.);
#2654=FACE_OUTER_BOUND('',#3072,.T.);
#2655=FACE_OUTER_BOUND('',#3073,.T.);
#2656=FACE_OUTER_BOUND('',#3074,.T.);
#2657=FACE_OUTER_BOUND('',#3075,.T.);
#2658=FACE_OUTER_BOUND('',#3076,.T.);
#2659=FACE_OUTER_BOUND('',#3077,.T.);
#2660=FACE_OUTER_BOUND('',#3078,.T.);
#2661=FACE_OUTER_BOUND('',#3079,.T.);
#2662=FACE_OUTER_BOUND('',#3080,.T.);
#2663=FACE_OUTER_BOUND('',#3081,.T.);
#2664=FACE_OUTER_BOUND('',#3082,.T.);
#2665=FACE_OUTER_BOUND('',#3083,.T.);
#2666=FACE_OUTER_BOUND('',#3084,.T.);
#2667=FACE_OUTER_BOUND('',#3085,.T.);
#2668=FACE_OUTER_BOUND('',#3086,.T.);
#2669=FACE_OUTER_BOUND('',#3087,.T.);
#2670=FACE_OUTER_BOUND('',#3088,.T.);
#2671=FACE_OUTER_BOUND('',#3089,.T.);
#2672=FACE_OUTER_BOUND('',#3090,.T.);
#2673=FACE_OUTER_BOUND('',#3091,.T.);
#2674=FACE_OUTER_BOUND('',#3092,.T.);
#2675=FACE_OUTER_BOUND('',#3093,.T.);
#2676=FACE_OUTER_BOUND('',#3094,.T.);
#2677=FACE_OUTER_BOUND('',#3095,.T.);
#2678=FACE_OUTER_BOUND('',#3096,.T.);
#2679=FACE_OUTER_BOUND('',#3097,.T.);
#2680=FACE_OUTER_BOUND('',#3098,.T.);
#2681=FACE_OUTER_BOUND('',#3099,.T.);
#2682=FACE_OUTER_BOUND('',#3100,.T.);
#2683=FACE_OUTER_BOUND('',#3101,.T.);
#2684=FACE_OUTER_BOUND('',#3102,.T.);
#2685=FACE_OUTER_BOUND('',#3103,.T.);
#2686=FACE_OUTER_BOUND('',#3104,.T.);
#2687=FACE_OUTER_BOUND('',#3105,.T.);
#2688=FACE_OUTER_BOUND('',#3106,.T.);
#2689=FACE_OUTER_BOUND('',#3107,.T.);
#2690=FACE_OUTER_BOUND('',#3108,.T.);
#2691=FACE_OUTER_BOUND('',#3109,.T.);
#2692=FACE_OUTER_BOUND('',#3110,.T.);
#2693=FACE_OUTER_BOUND('',#3111,.T.);
#2694=FACE_OUTER_BOUND('',#3112,.T.);
#2695=FACE_OUTER_BOUND('',#3113,.T.);
#2696=FACE_OUTER_BOUND('',#3114,.T.);
#2697=FACE_OUTER_BOUND('',#3115,.T.);
#2698=FACE_OUTER_BOUND('',#3116,.T.);
#2699=FACE_OUTER_BOUND('',#3117,.T.);
#2700=FACE_OUTER_BOUND('',#3118,.T.);
#2701=FACE_OUTER_BOUND('',#3119,.T.);
#2702=FACE_OUTER_BOUND('',#3120,.T.);
#2703=FACE_OUTER_BOUND('',#3121,.T.);
#2704=FACE_OUTER_BOUND('',#3122,.T.);
#2705=FACE_OUTER_BOUND('',#3123,.T.);
#2706=FACE_OUTER_BOUND('',#3124,.T.);
#2707=FACE_OUTER_BOUND('',#3125,.T.);
#2708=FACE_OUTER_BOUND('',#3126,.T.);
#2709=FACE_OUTER_BOUND('',#3127,.T.);
#2710=FACE_OUTER_BOUND('',#3128,.T.);
#2711=FACE_OUTER_BOUND('',#3129,.T.);
#2712=FACE_OUTER_BOUND('',#3130,.T.);
#2713=FACE_OUTER_BOUND('',#3131,.T.);
#2714=FACE_OUTER_BOUND('',#3132,.T.);
#2715=FACE_OUTER_BOUND('',#3133,.T.);
#2716=FACE_OUTER_BOUND('',#3134,.T.);
#2717=FACE_OUTER_BOUND('',#3135,.T.);
#2718=FACE_OUTER_BOUND('',#3136,.T.);
#2719=FACE_OUTER_BOUND('',#3137,.T.);
#2720=FACE_OUTER_BOUND('',#3138,.T.);
#2721=FACE_OUTER_BOUND('',#3139,.T.);
#2722=FACE_OUTER_BOUND('',#3140,.T.);
#2723=FACE_OUTER_BOUND('',#3141,.T.);
#2724=FACE_OUTER_BOUND('',#3142,.T.);
#2725=FACE_OUTER_BOUND('',#3143,.T.);
#2726=FACE_OUTER_BOUND('',#3144,.T.);
#2727=FACE_OUTER_BOUND('',#3145,.T.);
#2728=FACE_OUTER_BOUND('',#3146,.T.);
#2729=FACE_OUTER_BOUND('',#3147,.T.);
#2730=FACE_OUTER_BOUND('',#3148,.T.);
#2731=FACE_OUTER_BOUND('',#3149,.T.);
#2732=FACE_OUTER_BOUND('',#3150,.T.);
#2733=FACE_OUTER_BOUND('',#3151,.T.);
#2734=FACE_OUTER_BOUND('',#3152,.T.);
#2735=FACE_OUTER_BOUND('',#3153,.T.);
#2736=FACE_OUTER_BOUND('',#3154,.T.);
#2737=FACE_OUTER_BOUND('',#3155,.T.);
#2738=FACE_OUTER_BOUND('',#3156,.T.);
#2739=FACE_OUTER_BOUND('',#3157,.T.);
#2740=FACE_OUTER_BOUND('',#3158,.T.);
#2741=FACE_OUTER_BOUND('',#3159,.T.);
#2742=FACE_OUTER_BOUND('',#3160,.T.);
#2743=FACE_OUTER_BOUND('',#3161,.T.);
#2744=FACE_OUTER_BOUND('',#3162,.T.);
#2745=FACE_OUTER_BOUND('',#3163,.T.);
#2746=FACE_OUTER_BOUND('',#3164,.T.);
#2747=FACE_OUTER_BOUND('',#3165,.T.);
#2748=FACE_OUTER_BOUND('',#3166,.T.);
#2749=FACE_OUTER_BOUND('',#3167,.T.);
#2750=FACE_OUTER_BOUND('',#3168,.T.);
#2751=FACE_OUTER_BOUND('',#3169,.T.);
#2752=FACE_OUTER_BOUND('',#3170,.T.);
#2753=FACE_OUTER_BOUND('',#3171,.T.);
#2754=FACE_OUTER_BOUND('',#3172,.T.);
#2755=FACE_OUTER_BOUND('',#3173,.T.);
#2756=FACE_OUTER_BOUND('',#3174,.T.);
#2757=FACE_OUTER_BOUND('',#3175,.T.);
#2758=FACE_OUTER_BOUND('',#3176,.T.);
#2759=FACE_OUTER_BOUND('',#3177,.T.);
#2760=FACE_OUTER_BOUND('',#3178,.T.);
#2761=FACE_OUTER_BOUND('',#3179,.T.);
#2762=FACE_OUTER_BOUND('',#3180,.T.);
#2763=FACE_OUTER_BOUND('',#3181,.T.);
#2764=FACE_OUTER_BOUND('',#3182,.T.);
#2765=FACE_OUTER_BOUND('',#3183,.T.);
#2766=FACE_OUTER_BOUND('',#3184,.T.);
#2767=FACE_OUTER_BOUND('',#3185,.T.);
#2768=FACE_OUTER_BOUND('',#3186,.T.);
#2769=FACE_OUTER_BOUND('',#3187,.T.);
#2770=FACE_OUTER_BOUND('',#3188,.T.);
#2771=FACE_OUTER_BOUND('',#3189,.T.);
#2772=FACE_OUTER_BOUND('',#3190,.T.);
#2773=FACE_OUTER_BOUND('',#3191,.T.);
#2774=FACE_OUTER_BOUND('',#3192,.T.);
#2775=FACE_OUTER_BOUND('',#3193,.T.);
#2776=FACE_OUTER_BOUND('',#3194,.T.);
#2777=FACE_OUTER_BOUND('',#3195,.T.);
#2778=FACE_OUTER_BOUND('',#3212,.T.);
#2779=FACE_OUTER_BOUND('',#3215,.T.);
#2780=FACE_OUTER_BOUND('',#3218,.T.);
#2781=FACE_OUTER_BOUND('',#3221,.T.);
#2782=FACE_OUTER_BOUND('',#3224,.T.);
#2783=FACE_OUTER_BOUND('',#3227,.T.);
#2784=FACE_OUTER_BOUND('',#3230,.T.);
#2785=FACE_OUTER_BOUND('',#3233,.T.);
#2786=EDGE_LOOP('',(#3236));
#2787=EDGE_LOOP('',(#3237,#3238,#3239,#3240,#3241,#3242,#3243,#3244,#3245,
#3246,#3247,#3248,#3249,#3250,#3251,#3252,#3253,#3254,#3255,#3256,#3257,
#3258,#3259,#3260));
#2788=EDGE_LOOP('',(#3261,#3262,#3263,#3264,#3265,#3266,#3267,#3268,#3269,
#3270,#3271,#3272,#3273,#3274,#3275,#3276,#3277,#3278,#3279,#3280,#3281,
#3282,#3283,#3284,#3285,#3286,#3287,#3288));
#2789=EDGE_LOOP('',(#3289,#3290,#3291,#3292,#3293,#3294));
#2790=EDGE_LOOP('',(#3295,#3296,#3297,#3298,#3299,#3300));
#2791=EDGE_LOOP('',(#3301));
#2792=EDGE_LOOP('',(#3302,#3303,#3304,#3305,#3306,#3307,#3308));
#2793=EDGE_LOOP('',(#3309));
#2794=EDGE_LOOP('',(#3310,#3311,#3312,#3313,#3314,#3315));
#2795=EDGE_LOOP('',(#3316,#3317,#3318,#3319,#3320,#3321));
#2796=EDGE_LOOP('',(#3322));
#2797=EDGE_LOOP('',(#3323,#3324,#3325,#3326,#3327,#3328));
#2798=EDGE_LOOP('',(#3329,#3330,#3331,#3332,#3333,#3334));
#2799=EDGE_LOOP('',(#3335));
#2800=EDGE_LOOP('',(#3336,#3337,#3338,#3339,#3340,#3341));
#2801=EDGE_LOOP('',(#3342,#3343,#3344,#3345,#3346,#3347));
#2802=EDGE_LOOP('',(#3348));
#2803=EDGE_LOOP('',(#3349,#3350,#3351,#3352,#3353,#3354));
#2804=EDGE_LOOP('',(#3355));
#2805=EDGE_LOOP('',(#3356,#3357,#3358,#3359,#3360,#3361));
#2806=EDGE_LOOP('',(#3362));
#2807=EDGE_LOOP('',(#3363,#3364,#3365,#3366));
#2808=EDGE_LOOP('',(#3367,#3368,#3369,#3370));
#2809=EDGE_LOOP('',(#3371,#3372,#3373,#3374));
#2810=EDGE_LOOP('',(#3375,#3376,#3377,#3378));
#2811=EDGE_LOOP('',(#3379,#3380,#3381,#3382));
#2812=EDGE_LOOP('',(#3383,#3384,#3385,#3386,#3387,#3388,#3389,#3390,#3391,
#3392,#3393,#3394,#3395,#3396,#3397,#3398,#3399,#3400));
#2813=EDGE_LOOP('',(#3401,#3402,#3403,#3404,#3405,#3406,#3407,#3408,#3409));
#2814=EDGE_LOOP('',(#3410,#3411,#3412,#3413,#3414));
#2815=EDGE_LOOP('',(#3415,#3416,#3417,#3418,#3419));
#2816=EDGE_LOOP('',(#3420,#3421,#3422,#3423));
#2817=EDGE_LOOP('',(#3424,#3425,#3426,#3427));
#2818=EDGE_LOOP('',(#3428,#3429,#3430,#3431,#3432,#3433,#3434,#3435,#3436,
#3437,#3438,#3439,#3440,#3441,#3442,#3443,#3444,#3445));
#2819=EDGE_LOOP('',(#3446,#3447,#3448,#3449,#3450,#3451));
#2820=EDGE_LOOP('',(#3452,#3453,#3454,#3455));
#2821=EDGE_LOOP('',(#3456,#3457,#3458,#3459,#3460));
#2822=EDGE_LOOP('',(#3461,#3462,#3463,#3464,#3465));
#2823=EDGE_LOOP('',(#3466,#3467,#3468,#3469));
#2824=EDGE_LOOP('',(#3470,#3471,#3472,#3473));
#2825=EDGE_LOOP('',(#3474,#3475,#3476,#3477));
#2826=EDGE_LOOP('',(#3478,#3479,#3480,#3481,#3482,#3483,#3484,#3485,#3486,
#3487,#3488,#3489,#3490));
#2827=EDGE_LOOP('',(#3491,#3492,#3493,#3494,#3495,#3496,#3497,#3498,#3499,
#3500,#3501,#3502,#3503));
#2828=EDGE_LOOP('',(#3504,#3505,#3506,#3507,#3508,#3509,#3510,#3511,#3512,
#3513,#3514,#3515,#3516,#3517,#3518));
#2829=EDGE_LOOP('',(#3519));
#2830=EDGE_LOOP('',(#3520));
#2831=EDGE_LOOP('',(#3521,#3522,#3523,#3524));
#2832=EDGE_LOOP('',(#3525,#3526,#3527,#3528));
#2833=EDGE_LOOP('',(#3529,#3530,#3531,#3532,#3533));
#2834=EDGE_LOOP('',(#3534,#3535,#3536,#3537));
#2835=EDGE_LOOP('',(#3538,#3539,#3540,#3541,#3542));
#2836=EDGE_LOOP('',(#3543,#3544,#3545,#3546,#3547));
#2837=EDGE_LOOP('',(#3548,#3549,#3550,#3551));
#2838=EDGE_LOOP('',(#3552,#3553,#3554,#3555,#3556));
#2839=EDGE_LOOP('',(#3557,#3558,#3559,#3560));
#2840=EDGE_LOOP('',(#3561,#3562,#3563,#3564));
#2841=EDGE_LOOP('',(#3565,#3566,#3567,#3568,#3569,#3570,#3571,#3572,#3573,
#3574,#3575,#3576,#3577,#3578,#3579,#3580,#3581,#3582,#3583,#3584,#3585,
#3586,#3587,#3588));
#2842=EDGE_LOOP('',(#3589,#3590,#3591,#3592,#3593,#3594,#3595,#3596,#3597,
#3598,#3599,#3600,#3601,#3602,#3603,#3604,#3605,#3606,#3607,#3608,#3609,
#3610,#3611,#3612,#3613,#3614,#3615,#3616,#3617,#3618,#3619,#3620,#3621,
#3622,#3623,#3624,#3625,#3626,#3627,#3628,#3629,#3630,#3631,#3632,#3633,
#3634,#3635,#3636,#3637,#3638,#3639,#3640,#3641,#3642,#3643,#3644,#3645,
#3646,#3647,#3648,#3649,#3650,#3651,#3652));
#2843=EDGE_LOOP('',(#3653,#3654,#3655,#3656,#3657,#3658,#3659,#3660,#3661,
#3662,#3663,#3664,#3665,#3666,#3667,#3668,#3669,#3670,#3671,#3672,#3673,
#3674,#3675,#3676,#3677,#3678,#3679,#3680,#3681,#3682,#3683,#3684,#3685,
#3686,#3687,#3688,#3689,#3690,#3691,#3692,#3693,#3694,#3695,#3696,#3697,
#3698,#3699,#3700,#3701,#3702,#3703,#3704,#3705,#3706,#3707,#3708,#3709,
#3710,#3711,#3712,#3713,#3714,#3715,#3716));
#2844=EDGE_LOOP('',(#3717,#3718,#3719,#3720,#3721,#3722,#3723,#3724,#3725,
#3726,#3727,#3728));
#2845=EDGE_LOOP('',(#3729));
#2846=EDGE_LOOP('',(#3730,#3731,#3732,#3733,#3734,#3735,#3736,#3737,#3738,
#3739,#3740,#3741));
#2847=EDGE_LOOP('',(#3742));
#2848=EDGE_LOOP('',(#3743));
#2849=EDGE_LOOP('',(#3744));
#2850=EDGE_LOOP('',(#3745,#3746,#3747,#3748,#3749,#3750,#3751,#3752,#3753,
#3754,#3755,#3756));
#2851=EDGE_LOOP('',(#3757));
#2852=EDGE_LOOP('',(#3758));
#2853=EDGE_LOOP('',(#3759));
#2854=EDGE_LOOP('',(#3760));
#2855=EDGE_LOOP('',(#3761,#3762,#3763,#3764));
#2856=EDGE_LOOP('',(#3765,#3766,#3767,#3768));
#2857=EDGE_LOOP('',(#3769,#3770,#3771,#3772,#3773));
#2858=EDGE_LOOP('',(#3774,#3775,#3776,#3777,#3778));
#2859=EDGE_LOOP('',(#3779,#3780,#3781,#3782));
#2860=EDGE_LOOP('',(#3783,#3784,#3785,#3786,#3787));
#2861=EDGE_LOOP('',(#3788,#3789,#3790,#3791,#3792));
#2862=EDGE_LOOP('',(#3793,#3794,#3795,#3796));
#2863=EDGE_LOOP('',(#3797,#3798,#3799,#3800));
#2864=EDGE_LOOP('',(#3801,#3802,#3803,#3804));
#2865=EDGE_LOOP('',(#3805));
#2866=EDGE_LOOP('',(#3806));
#2867=EDGE_LOOP('',(#3807,#3808,#3809,#3810));
#2868=EDGE_LOOP('',(#3811,#3812,#3813,#3814));
#2869=EDGE_LOOP('',(#3815,#3816,#3817,#3818));
#2870=EDGE_LOOP('',(#3819,#3820,#3821,#3822));
#2871=EDGE_LOOP('',(#3823));
#2872=EDGE_LOOP('',(#3824));
#2873=EDGE_LOOP('',(#3825,#3826,#3827,#3828,#3829));
#2874=EDGE_LOOP('',(#3830,#3831,#3832,#3833));
#2875=EDGE_LOOP('',(#3834,#3835,#3836,#3837,#3838));
#2876=EDGE_LOOP('',(#3839,#3840,#3841,#3842));
#2877=EDGE_LOOP('',(#3843,#3844,#3845,#3846,#3847));
#2878=EDGE_LOOP('',(#3848,#3849,#3850,#3851));
#2879=EDGE_LOOP('',(#3852,#3853,#3854,#3855,#3856));
#2880=EDGE_LOOP('',(#3857,#3858,#3859,#3860));
#2881=EDGE_LOOP('',(#3861,#3862,#3863,#3864));
#2882=EDGE_LOOP('',(#3865,#3866,#3867,#3868));
#2883=EDGE_LOOP('',(#3869,#3870,#3871,#3872));
#2884=EDGE_LOOP('',(#3873,#3874,#3875,#3876));
#2885=EDGE_LOOP('',(#3877,#3878,#3879,#3880));
#2886=EDGE_LOOP('',(#3881,#3882,#3883,#3884,#3885));
#2887=EDGE_LOOP('',(#3886,#3887,#3888,#3889));
#2888=EDGE_LOOP('',(#3890,#3891,#3892,#3893,#3894));
#2889=EDGE_LOOP('',(#3895,#3896,#3897,#3898));
#2890=EDGE_LOOP('',(#3899,#3900,#3901,#3902,#3903));
#2891=EDGE_LOOP('',(#3904,#3905,#3906,#3907));
#2892=EDGE_LOOP('',(#3908));
#2893=EDGE_LOOP('',(#3909));
#2894=EDGE_LOOP('',(#3910,#3911,#3912,#3913));
#2895=EDGE_LOOP('',(#3914,#3915,#3916,#3917));
#2896=EDGE_LOOP('',(#3918,#3919,#3920,#3921,#3922));
#2897=EDGE_LOOP('',(#3923,#3924,#3925,#3926));
#2898=EDGE_LOOP('',(#3927,#3928,#3929,#3930));
#2899=EDGE_LOOP('',(#3931,#3932,#3933,#3934));
#2900=EDGE_LOOP('',(#3935,#3936,#3937,#3938,#3939));
#2901=EDGE_LOOP('',(#3940,#3941,#3942,#3943));
#2902=EDGE_LOOP('',(#3944,#3945,#3946,#3947));
#2903=EDGE_LOOP('',(#3948,#3949,#3950,#3951));
#2904=EDGE_LOOP('',(#3952,#3953,#3954,#3955));
#2905=EDGE_LOOP('',(#3956));
#2906=EDGE_LOOP('',(#3957));
#2907=EDGE_LOOP('',(#3958,#3959,#3960,#3961,#3962));
#2908=EDGE_LOOP('',(#3963,#3964,#3965,#3966));
#2909=EDGE_LOOP('',(#3967,#3968,#3969,#3970));
#2910=EDGE_LOOP('',(#3971,#3972,#3973,#3974));
#2911=EDGE_LOOP('',(#3975,#3976,#3977,#3978));
#2912=EDGE_LOOP('',(#3979));
#2913=EDGE_LOOP('',(#3980));
#2914=EDGE_LOOP('',(#3981,#3982,#3983,#3984,#3985));
#2915=EDGE_LOOP('',(#3986,#3987,#3988,#3989));
#2916=EDGE_LOOP('',(#3990,#3991,#3992,#3993,#3994));
#2917=EDGE_LOOP('',(#3995,#3996,#3997,#3998));
#2918=EDGE_LOOP('',(#3999,#4000,#4001,#4002));
#2919=EDGE_LOOP('',(#4003,#4004,#4005,#4006));
#2920=EDGE_LOOP('',(#4007,#4008,#4009,#4010));
#2921=EDGE_LOOP('',(#4011,#4012,#4013,#4014));
#2922=EDGE_LOOP('',(#4015,#4016,#4017,#4018));
#2923=EDGE_LOOP('',(#4019,#4020,#4021,#4022));
#2924=EDGE_LOOP('',(#4023,#4024,#4025,#4026));
#2925=EDGE_LOOP('',(#4027,#4028,#4029,#4030));
#2926=EDGE_LOOP('',(#4031,#4032,#4033,#4034,#4035));
#2927=EDGE_LOOP('',(#4036,#4037,#4038,#4039));
#2928=EDGE_LOOP('',(#4040,#4041,#4042,#4043));
#2929=EDGE_LOOP('',(#4044,#4045,#4046,#4047));
#2930=EDGE_LOOP('',(#4048));
#2931=EDGE_LOOP('',(#4049));
#2932=EDGE_LOOP('',(#4050,#4051,#4052,#4053));
#2933=EDGE_LOOP('',(#4054,#4055,#4056,#4057,#4058));
#2934=EDGE_LOOP('',(#4059,#4060,#4061,#4062));
#2935=EDGE_LOOP('',(#4063,#4064,#4065,#4066));
#2936=EDGE_LOOP('',(#4067,#4068,#4069,#4070));
#2937=EDGE_LOOP('',(#4071,#4072,#4073,#4074,#4075));
#2938=EDGE_LOOP('',(#4076,#4077,#4078,#4079));
#2939=EDGE_LOOP('',(#4080,#4081,#4082,#4083,#4084));
#2940=EDGE_LOOP('',(#4085,#4086,#4087,#4088));
#2941=EDGE_LOOP('',(#4089));
#2942=EDGE_LOOP('',(#4090));
#2943=EDGE_LOOP('',(#4091,#4092,#4093,#4094));
#2944=EDGE_LOOP('',(#4095,#4096,#4097,#4098));
#2945=EDGE_LOOP('',(#4099,#4100,#4101,#4102));
#2946=EDGE_LOOP('',(#4103,#4104,#4105,#4106));
#2947=EDGE_LOOP('',(#4107,#4108,#4109,#4110));
#2948=EDGE_LOOP('',(#4111,#4112,#4113,#4114));
#2949=EDGE_LOOP('',(#4115,#4116,#4117,#4118));
#2950=EDGE_LOOP('',(#4119,#4120,#4121,#4122));
#2951=EDGE_LOOP('',(#4123,#4124,#4125,#4126,#4127));
#2952=EDGE_LOOP('',(#4128,#4129,#4130,#4131,#4132,#4133));
#2953=EDGE_LOOP('',(#4134,#4135,#4136,#4137,#4138,#4139,#4140,#4141));
#2954=EDGE_LOOP('',(#4142,#4143,#4144,#4145));
#2955=EDGE_LOOP('',(#4146,#4147,#4148,#4149,#4150,#4151,#4152,#4153,#4154,
#4155));
#2956=EDGE_LOOP('',(#4156,#4157,#4158,#4159));
#2957=EDGE_LOOP('',(#4160,#4161,#4162,#4163));
#2958=EDGE_LOOP('',(#4164,#4165,#4166,#4167,#4168,#4169,#4170,#4171,#4172));
#2959=EDGE_LOOP('',(#4173,#4174,#4175,#4176,#4177,#4178,#4179,#4180,#4181,
#4182,#4183,#4184,#4185,#4186,#4187,#4188,#4189,#4190,#4191,#4192,#4193,
#4194,#4195,#4196,#4197,#4198,#4199,#4200));
#2960=EDGE_LOOP('',(#4201,#4202,#4203,#4204));
#2961=EDGE_LOOP('',(#4205,#4206,#4207,#4208));
#2962=EDGE_LOOP('',(#4209,#4210,#4211,#4212));
#2963=EDGE_LOOP('',(#4213,#4214,#4215,#4216));
#2964=EDGE_LOOP('',(#4217,#4218,#4219,#4220));
#2965=EDGE_LOOP('',(#4221,#4222,#4223,#4224,#4225));
#2966=EDGE_LOOP('',(#4226,#4227,#4228,#4229));
#2967=EDGE_LOOP('',(#4230,#4231,#4232,#4233,#4234));
#2968=EDGE_LOOP('',(#4235,#4236,#4237));
#2969=EDGE_LOOP('',(#4238,#4239,#4240,#4241));
#2970=EDGE_LOOP('',(#4242,#4243,#4244,#4245,#4246,#4247));
#2971=EDGE_LOOP('',(#4248,#4249,#4250,#4251));
#2972=EDGE_LOOP('',(#4252,#4253,#4254,#4255));
#2973=EDGE_LOOP('',(#4256,#4257,#4258,#4259));
#2974=EDGE_LOOP('',(#4260,#4261,#4262,#4263));
#2975=EDGE_LOOP('',(#4264,#4265,#4266,#4267));
#2976=EDGE_LOOP('',(#4268,#4269,#4270,#4271,#4272,#4273));
#2977=EDGE_LOOP('',(#4274,#4275,#4276,#4277));
#2978=EDGE_LOOP('',(#4278,#4279,#4280,#4281,#4282,#4283));
#2979=EDGE_LOOP('',(#4284,#4285,#4286,#4287,#4288));
#2980=EDGE_LOOP('',(#4289,#4290,#4291,#4292));
#2981=EDGE_LOOP('',(#4293,#4294,#4295,#4296,#4297));
#2982=EDGE_LOOP('',(#4298,#4299,#4300,#4301,#4302,#4303,#4304,#4305,#4306,
#4307));
#2983=EDGE_LOOP('',(#4308,#4309,#4310,#4311));
#2984=EDGE_LOOP('',(#4312,#4313,#4314,#4315));
#2985=EDGE_LOOP('',(#4316,#4317,#4318,#4319));
#2986=EDGE_LOOP('',(#4320,#4321,#4322,#4323));
#2987=EDGE_LOOP('',(#4324,#4325,#4326,#4327));
#2988=EDGE_LOOP('',(#4328,#4329,#4330,#4331,#4332,#4333));
#2989=EDGE_LOOP('',(#4334,#4335,#4336,#4337));
#2990=EDGE_LOOP('',(#4338,#4339,#4340,#4341));
#2991=EDGE_LOOP('',(#4342,#4343,#4344,#4345));
#2992=EDGE_LOOP('',(#4346,#4347,#4348,#4349));
#2993=EDGE_LOOP('',(#4350,#4351,#4352,#4353));
#2994=EDGE_LOOP('',(#4354,#4355,#4356));
#2995=EDGE_LOOP('',(#4357,#4358,#4359,#4360));
#2996=EDGE_LOOP('',(#4361,#4362,#4363,#4364,#4365,#4366,#4367,#4368,#4369,
#4370,#4371,#4372,#4373,#4374,#4375,#4376,#4377,#4378,#4379,#4380,#4381,
#4382,#4383,#4384,#4385,#4386,#4387,#4388,#4389,#4390));
#2997=EDGE_LOOP('',(#4391,#4392,#4393,#4394,#4395,#4396));
#2998=EDGE_LOOP('',(#4397,#4398,#4399,#4400));
#2999=EDGE_LOOP('',(#4401,#4402,#4403,#4404));
#3000=EDGE_LOOP('',(#4405,#4406,#4407,#4408,#4409));
#3001=EDGE_LOOP('',(#4410,#4411,#4412,#4413,#4414,#4415,#4416,#4417));
#3002=EDGE_LOOP('',(#4418,#4419,#4420,#4421,#4422,#4423,#4424,#4425,#4426,
#4427));
#3003=EDGE_LOOP('',(#4428,#4429,#4430,#4431,#4432,#4433,#4434,#4435,#4436));
#3004=EDGE_LOOP('',(#4437,#4438,#4439,#4440));
#3005=EDGE_LOOP('',(#4441,#4442,#4443,#4444));
#3006=EDGE_LOOP('',(#4445,#4446,#4447,#4448,#4449,#4450,#4451,#4452,#4453,
#4454));
#3007=EDGE_LOOP('',(#4455,#4456,#4457,#4458));
#3008=EDGE_LOOP('',(#4459,#4460,#4461,#4462));
#3009=EDGE_LOOP('',(#4463,#4464,#4465,#4466));
#3010=EDGE_LOOP('',(#4467,#4468,#4469,#4470,#4471));
#3011=EDGE_LOOP('',(#4472,#4473,#4474,#4475,#4476,#4477,#4478,#4479));
#3012=EDGE_LOOP('',(#4480,#4481,#4482,#4483,#4484,#4485,#4486,#4487,#4488,
#4489));
#3013=EDGE_LOOP('',(#4490,#4491,#4492,#4493,#4494,#4495,#4496,#4497,#4498));
#3014=EDGE_LOOP('',(#4499,#4500,#4501,#4502));
#3015=EDGE_LOOP('',(#4503,#4504,#4505,#4506));
#3016=EDGE_LOOP('',(#4507,#4508,#4509,#4510,#4511,#4512,#4513,#4514,#4515,
#4516));
#3017=EDGE_LOOP('',(#4517,#4518,#4519,#4520));
#3018=EDGE_LOOP('',(#4521,#4522,#4523,#4524));
#3019=EDGE_LOOP('',(#4525,#4526,#4527,#4528));
#3020=EDGE_LOOP('',(#4529,#4530,#4531,#4532,#4533,#4534,#4535,#4536,#4537,
#4538,#4539,#4540,#4541,#4542,#4543,#4544,#4545,#4546,#4547,#4548,#4549,
#4550,#4551,#4552,#4553,#4554,#4555,#4556));
#3021=EDGE_LOOP('',(#4557,#4558,#4559,#4560));
#3022=EDGE_LOOP('',(#4561,#4562,#4563,#4564));
#3023=EDGE_LOOP('',(#4565,#4566,#4567,#4568));
#3024=EDGE_LOOP('',(#4569,#4570,#4571,#4572));
#3025=EDGE_LOOP('',(#4573,#4574,#4575,#4576,#4577));
#3026=EDGE_LOOP('',(#4578,#4579,#4580,#4581));
#3027=EDGE_LOOP('',(#4582,#4583,#4584,#4585,#4586));
#3028=EDGE_LOOP('',(#4587,#4588,#4589));
#3029=EDGE_LOOP('',(#4590,#4591,#4592,#4593));
#3030=EDGE_LOOP('',(#4594,#4595,#4596,#4597,#4598,#4599));
#3031=EDGE_LOOP('',(#4600,#4601,#4602,#4603));
#3032=EDGE_LOOP('',(#4604,#4605,#4606,#4607));
#3033=EDGE_LOOP('',(#4608,#4609,#4610,#4611));
#3034=EDGE_LOOP('',(#4612,#4613,#4614,#4615));
#3035=EDGE_LOOP('',(#4616,#4617,#4618,#4619));
#3036=EDGE_LOOP('',(#4620,#4621,#4622,#4623,#4624,#4625));
#3037=EDGE_LOOP('',(#4626,#4627,#4628,#4629));
#3038=EDGE_LOOP('',(#4630,#4631,#4632,#4633,#4634,#4635));
#3039=EDGE_LOOP('',(#4636,#4637,#4638,#4639,#4640));
#3040=EDGE_LOOP('',(#4641,#4642,#4643,#4644));
#3041=EDGE_LOOP('',(#4645,#4646,#4647,#4648,#4649));
#3042=EDGE_LOOP('',(#4650,#4651,#4652,#4653,#4654,#4655,#4656,#4657,#4658,
#4659));
#3043=EDGE_LOOP('',(#4660,#4661,#4662,#4663));
#3044=EDGE_LOOP('',(#4664,#4665,#4666,#4667));
#3045=EDGE_LOOP('',(#4668,#4669,#4670,#4671));
#3046=EDGE_LOOP('',(#4672,#4673,#4674,#4675));
#3047=EDGE_LOOP('',(#4676,#4677,#4678,#4679));
#3048=EDGE_LOOP('',(#4680,#4681,#4682,#4683,#4684,#4685));
#3049=EDGE_LOOP('',(#4686,#4687,#4688,#4689));
#3050=EDGE_LOOP('',(#4690,#4691,#4692,#4693));
#3051=EDGE_LOOP('',(#4694,#4695,#4696,#4697));
#3052=EDGE_LOOP('',(#4698,#4699,#4700,#4701));
#3053=EDGE_LOOP('',(#4702,#4703,#4704,#4705));
#3054=EDGE_LOOP('',(#4706,#4707,#4708));
#3055=EDGE_LOOP('',(#4709,#4710,#4711,#4712));
#3056=EDGE_LOOP('',(#4713,#4714,#4715,#4716,#4717,#4718,#4719,#4720,#4721,
#4722,#4723,#4724,#4725,#4726,#4727,#4728,#4729,#4730,#4731,#4732,#4733,
#4734,#4735,#4736,#4737,#4738,#4739,#4740,#4741,#4742));
#3057=EDGE_LOOP('',(#4743,#4744,#4745,#4746,#4747,#4748));
#3058=EDGE_LOOP('',(#4749,#4750,#4751,#4752));
#3059=EDGE_LOOP('',(#4753,#4754,#4755,#4756));
#3060=EDGE_LOOP('',(#4757,#4758,#4759,#4760,#4761));
#3061=EDGE_LOOP('',(#4762,#4763,#4764,#4765,#4766,#4767,#4768));
#3062=EDGE_LOOP('',(#4769,#4770,#4771,#4772,#4773,#4774,#4775,#4776));
#3063=EDGE_LOOP('',(#4777,#4778,#4779,#4780));
#3064=EDGE_LOOP('',(#4781,#4782,#4783,#4784,#4785,#4786,#4787,#4788,#4789,
#4790));
#3065=EDGE_LOOP('',(#4791,#4792,#4793,#4794));
#3066=EDGE_LOOP('',(#4795,#4796,#4797,#4798));
#3067=EDGE_LOOP('',(#4799,#4800,#4801,#4802,#4803,#4804,#4805,#4806,#4807));
#3068=EDGE_LOOP('',(#4808,#4809,#4810,#4811));
#3069=EDGE_LOOP('',(#4812,#4813,#4814,#4815));
#3070=EDGE_LOOP('',(#4816,#4817,#4818,#4819,#4820,#4821,#4822,#4823));
#3071=EDGE_LOOP('',(#4824,#4825,#4826,#4827));
#3072=EDGE_LOOP('',(#4828,#4829,#4830,#4831));
#3073=EDGE_LOOP('',(#4832,#4833,#4834,#4835));
#3074=EDGE_LOOP('',(#4836,#4837,#4838,#4839));
#3075=EDGE_LOOP('',(#4840,#4841,#4842,#4843));
#3076=EDGE_LOOP('',(#4844,#4845,#4846,#4847));
#3077=EDGE_LOOP('',(#4848,#4849,#4850,#4851,#4852,#4853,#4854,#4855));
#3078=EDGE_LOOP('',(#4856,#4857,#4858,#4859));
#3079=EDGE_LOOP('',(#4860,#4861,#4862,#4863));
#3080=EDGE_LOOP('',(#4864,#4865,#4866,#4867));
#3081=EDGE_LOOP('',(#4868,#4869,#4870,#4871));
#3082=EDGE_LOOP('',(#4872,#4873,#4874,#4875));
#3083=EDGE_LOOP('',(#4876,#4877,#4878,#4879));
#3084=EDGE_LOOP('',(#4880,#4881,#4882,#4883));
#3085=EDGE_LOOP('',(#4884,#4885,#4886,#4887));
#3086=EDGE_LOOP('',(#4888,#4889,#4890,#4891));
#3087=EDGE_LOOP('',(#4892,#4893,#4894,#4895));
#3088=EDGE_LOOP('',(#4896,#4897,#4898,#4899));
#3089=EDGE_LOOP('',(#4900,#4901,#4902,#4903));
#3090=EDGE_LOOP('',(#4904,#4905,#4906,#4907));
#3091=EDGE_LOOP('',(#4908,#4909,#4910,#4911));
#3092=EDGE_LOOP('',(#4912,#4913,#4914,#4915));
#3093=EDGE_LOOP('',(#4916,#4917,#4918,#4919));
#3094=EDGE_LOOP('',(#4920,#4921,#4922,#4923));
#3095=EDGE_LOOP('',(#4924,#4925,#4926,#4927));
#3096=EDGE_LOOP('',(#4928,#4929,#4930,#4931));
#3097=EDGE_LOOP('',(#4932,#4933,#4934,#4935));
#3098=EDGE_LOOP('',(#4936,#4937,#4938,#4939));
#3099=EDGE_LOOP('',(#4940,#4941,#4942,#4943));
#3100=EDGE_LOOP('',(#4944,#4945,#4946,#4947));
#3101=EDGE_LOOP('',(#4948,#4949,#4950,#4951));
#3102=EDGE_LOOP('',(#4952,#4953,#4954,#4955));
#3103=EDGE_LOOP('',(#4956,#4957,#4958,#4959));
#3104=EDGE_LOOP('',(#4960,#4961,#4962,#4963));
#3105=EDGE_LOOP('',(#4964,#4965,#4966,#4967));
#3106=EDGE_LOOP('',(#4968,#4969,#4970,#4971));
#3107=EDGE_LOOP('',(#4972,#4973,#4974,#4975));
#3108=EDGE_LOOP('',(#4976,#4977,#4978,#4979));
#3109=EDGE_LOOP('',(#4980,#4981,#4982,#4983));
#3110=EDGE_LOOP('',(#4984,#4985,#4986,#4987));
#3111=EDGE_LOOP('',(#4988,#4989,#4990,#4991));
#3112=EDGE_LOOP('',(#4992,#4993,#4994,#4995));
#3113=EDGE_LOOP('',(#4996,#4997,#4998,#4999));
#3114=EDGE_LOOP('',(#5000,#5001,#5002,#5003));
#3115=EDGE_LOOP('',(#5004,#5005,#5006,#5007));
#3116=EDGE_LOOP('',(#5008,#5009,#5010,#5011));
#3117=EDGE_LOOP('',(#5012,#5013,#5014,#5015));
#3118=EDGE_LOOP('',(#5016,#5017,#5018,#5019));
#3119=EDGE_LOOP('',(#5020,#5021,#5022,#5023));
#3120=EDGE_LOOP('',(#5024,#5025,#5026,#5027));
#3121=EDGE_LOOP('',(#5028,#5029,#5030,#5031));
#3122=EDGE_LOOP('',(#5032,#5033,#5034,#5035));
#3123=EDGE_LOOP('',(#5036,#5037,#5038,#5039));
#3124=EDGE_LOOP('',(#5040,#5041,#5042,#5043));
#3125=EDGE_LOOP('',(#5044,#5045,#5046,#5047));
#3126=EDGE_LOOP('',(#5048,#5049,#5050));
#3127=EDGE_LOOP('',(#5051,#5052,#5053));
#3128=EDGE_LOOP('',(#5054,#5055,#5056));
#3129=EDGE_LOOP('',(#5057,#5058,#5059));
#3130=EDGE_LOOP('',(#5060,#5061,#5062));
#3131=EDGE_LOOP('',(#5063,#5064,#5065));
#3132=EDGE_LOOP('',(#5066,#5067,#5068));
#3133=EDGE_LOOP('',(#5069,#5070,#5071,#5072,#5073,#5074,#5075,#5076,#5077,
#5078,#5079,#5080,#5081,#5082,#5083,#5084,#5085,#5086,#5087,#5088));
#3134=EDGE_LOOP('',(#5089,#5090,#5091));
#3135=EDGE_LOOP('',(#5092,#5093,#5094,#5095));
#3136=EDGE_LOOP('',(#5096,#5097,#5098,#5099));
#3137=EDGE_LOOP('',(#5100,#5101,#5102,#5103));
#3138=EDGE_LOOP('',(#5104,#5105,#5106,#5107));
#3139=EDGE_LOOP('',(#5108,#5109,#5110,#5111));
#3140=EDGE_LOOP('',(#5112,#5113,#5114,#5115));
#3141=EDGE_LOOP('',(#5116,#5117,#5118));
#3142=EDGE_LOOP('',(#5119,#5120,#5121,#5122));
#3143=EDGE_LOOP('',(#5123,#5124,#5125,#5126));
#3144=EDGE_LOOP('',(#5127,#5128,#5129,#5130));
#3145=EDGE_LOOP('',(#5131,#5132,#5133,#5134));
#3146=EDGE_LOOP('',(#5135,#5136,#5137));
#3147=EDGE_LOOP('',(#5138,#5139,#5140,#5141,#5142));
#3148=EDGE_LOOP('',(#5143,#5144,#5145,#5146));
#3149=EDGE_LOOP('',(#5147,#5148,#5149,#5150,#5151));
#3150=EDGE_LOOP('',(#5152,#5153,#5154,#5155));
#3151=EDGE_LOOP('',(#5156,#5157,#5158,#5159,#5160));
#3152=EDGE_LOOP('',(#5161,#5162,#5163,#5164));
#3153=EDGE_LOOP('',(#5165,#5166,#5167,#5168));
#3154=EDGE_LOOP('',(#5169,#5170,#5171,#5172));
#3155=EDGE_LOOP('',(#5173,#5174,#5175,#5176,#5177));
#3156=EDGE_LOOP('',(#5178,#5179,#5180,#5181));
#3157=EDGE_LOOP('',(#5182,#5183,#5184,#5185,#5186));
#3158=EDGE_LOOP('',(#5187,#5188,#5189,#5190));
#3159=EDGE_LOOP('',(#5191,#5192,#5193,#5194));
#3160=EDGE_LOOP('',(#5195,#5196,#5197,#5198,#5199));
#3161=EDGE_LOOP('',(#5200,#5201,#5202,#5203));
#3162=EDGE_LOOP('',(#5204,#5205,#5206,#5207));
#3163=EDGE_LOOP('',(#5208,#5209,#5210,#5211));
#3164=EDGE_LOOP('',(#5212,#5213,#5214,#5215));
#3165=EDGE_LOOP('',(#5216,#5217,#5218,#5219));
#3166=EDGE_LOOP('',(#5220,#5221,#5222,#5223));
#3167=EDGE_LOOP('',(#5224,#5225,#5226,#5227));
#3168=EDGE_LOOP('',(#5228,#5229,#5230,#5231));
#3169=EDGE_LOOP('',(#5232,#5233,#5234,#5235));
#3170=EDGE_LOOP('',(#5236,#5237,#5238,#5239));
#3171=EDGE_LOOP('',(#5240,#5241,#5242,#5243));
#3172=EDGE_LOOP('',(#5244,#5245,#5246,#5247,#5248,#5249));
#3173=EDGE_LOOP('',(#5250,#5251,#5252,#5253,#5254,#5255));
#3174=EDGE_LOOP('',(#5256,#5257,#5258,#5259,#5260,#5261));
#3175=EDGE_LOOP('',(#5262,#5263,#5264,#5265,#5266,#5267));
#3176=EDGE_LOOP('',(#5268,#5269,#5270,#5271));
#3177=EDGE_LOOP('',(#5272,#5273,#5274,#5275,#5276,#5277));
#3178=EDGE_LOOP('',(#5278,#5279,#5280,#5281,#5282,#5283));
#3179=EDGE_LOOP('',(#5284,#5285,#5286,#5287));
#3180=EDGE_LOOP('',(#5288,#5289,#5290,#5291));
#3181=EDGE_LOOP('',(#5292,#5293,#5294,#5295));
#3182=EDGE_LOOP('',(#5296,#5297,#5298,#5299));
#3183=EDGE_LOOP('',(#5300,#5301,#5302,#5303));
#3184=EDGE_LOOP('',(#5304));
#3185=EDGE_LOOP('',(#5305));
#3186=EDGE_LOOP('',(#5306,#5307,#5308,#5309,#5310,#5311,#5312,#5313,#5314,
#5315,#5316,#5317));
#3187=EDGE_LOOP('',(#5318,#5319,#5320,#5321,#5322,#5323,#5324,#5325,#5326,
#5327,#5328,#5329));
#3188=EDGE_LOOP('',(#5330));
#3189=EDGE_LOOP('',(#5331,#5332,#5333,#5334,#5335,#5336,#5337,#5338,#5339,
#5340,#5341,#5342));
#3190=EDGE_LOOP('',(#5343));
#3191=EDGE_LOOP('',(#5344));
#3192=EDGE_LOOP('',(#5345));
#3193=EDGE_LOOP('',(#5346,#5347,#5348));
#3194=EDGE_LOOP('',(#5349,#5350,#5351,#5352));
#3195=EDGE_LOOP('',(#5353,#5354,#5355));
#3196=EDGE_LOOP('',(#5356));
#3197=EDGE_LOOP('',(#5357));
#3198=EDGE_LOOP('',(#5358));
#3199=EDGE_LOOP('',(#5359));
#3200=EDGE_LOOP('',(#5360));
#3201=EDGE_LOOP('',(#5361));
#3202=EDGE_LOOP('',(#5362));
#3203=EDGE_LOOP('',(#5363));
#3204=EDGE_LOOP('',(#5364));
#3205=EDGE_LOOP('',(#5365));
#3206=EDGE_LOOP('',(#5366));
#3207=EDGE_LOOP('',(#5367));
#3208=EDGE_LOOP('',(#5368));
#3209=EDGE_LOOP('',(#5369));
#3210=EDGE_LOOP('',(#5370));
#3211=EDGE_LOOP('',(#5371));
#3212=EDGE_LOOP('',(#5372));
#3213=EDGE_LOOP('',(#5373));
#3214=EDGE_LOOP('',(#5374));
#3215=EDGE_LOOP('',(#5375));
#3216=EDGE_LOOP('',(#5376));
#3217=EDGE_LOOP('',(#5377));
#3218=EDGE_LOOP('',(#5378));
#3219=EDGE_LOOP('',(#5379));
#3220=EDGE_LOOP('',(#5380));
#3221=EDGE_LOOP('',(#5381));
#3222=EDGE_LOOP('',(#5382));
#3223=EDGE_LOOP('',(#5383));
#3224=EDGE_LOOP('',(#5384));
#3225=EDGE_LOOP('',(#5385));
#3226=EDGE_LOOP('',(#5386));
#3227=EDGE_LOOP('',(#5387));
#3228=EDGE_LOOP('',(#5388));
#3229=EDGE_LOOP('',(#5389));
#3230=EDGE_LOOP('',(#5390));
#3231=EDGE_LOOP('',(#5391));
#3232=EDGE_LOOP('',(#5392));
#3233=EDGE_LOOP('',(#5393));
#3234=EDGE_LOOP('',(#5394));
#3235=EDGE_LOOP('',(#5395));
#3236=ORIENTED_EDGE('',*,*,#6116,.T.);
#3237=ORIENTED_EDGE('',*,*,#6117,.T.);
#3238=ORIENTED_EDGE('',*,*,#6118,.T.);
#3239=ORIENTED_EDGE('',*,*,#6119,.T.);
#3240=ORIENTED_EDGE('',*,*,#6120,.F.);
#3241=ORIENTED_EDGE('',*,*,#6121,.T.);
#3242=ORIENTED_EDGE('',*,*,#6122,.T.);
#3243=ORIENTED_EDGE('',*,*,#6123,.T.);
#3244=ORIENTED_EDGE('',*,*,#6124,.F.);
#3245=ORIENTED_EDGE('',*,*,#6125,.T.);
#3246=ORIENTED_EDGE('',*,*,#6126,.T.);
#3247=ORIENTED_EDGE('',*,*,#6127,.T.);
#3248=ORIENTED_EDGE('',*,*,#6128,.F.);
#3249=ORIENTED_EDGE('',*,*,#6129,.T.);
#3250=ORIENTED_EDGE('',*,*,#6130,.F.);
#3251=ORIENTED_EDGE('',*,*,#6131,.F.);
#3252=ORIENTED_EDGE('',*,*,#6132,.F.);
#3253=ORIENTED_EDGE('',*,*,#6133,.T.);
#3254=ORIENTED_EDGE('',*,*,#6134,.T.);
#3255=ORIENTED_EDGE('',*,*,#6135,.T.);
#3256=ORIENTED_EDGE('',*,*,#6136,.T.);
#3257=ORIENTED_EDGE('',*,*,#6137,.F.);
#3258=ORIENTED_EDGE('',*,*,#6138,.F.);
#3259=ORIENTED_EDGE('',*,*,#6139,.T.);
#3260=ORIENTED_EDGE('',*,*,#6140,.F.);
#3261=ORIENTED_EDGE('',*,*,#6141,.T.);
#3262=ORIENTED_EDGE('',*,*,#6142,.T.);
#3263=ORIENTED_EDGE('',*,*,#6143,.F.);
#3264=ORIENTED_EDGE('',*,*,#6144,.F.);
#3265=ORIENTED_EDGE('',*,*,#6145,.F.);
#3266=ORIENTED_EDGE('',*,*,#6146,.T.);
#3267=ORIENTED_EDGE('',*,*,#6147,.T.);
#3268=ORIENTED_EDGE('',*,*,#6148,.T.);
#3269=ORIENTED_EDGE('',*,*,#6149,.T.);
#3270=ORIENTED_EDGE('',*,*,#6150,.T.);
#3271=ORIENTED_EDGE('',*,*,#6151,.T.);
#3272=ORIENTED_EDGE('',*,*,#6152,.T.);
#3273=ORIENTED_EDGE('',*,*,#6153,.T.);
#3274=ORIENTED_EDGE('',*,*,#6154,.F.);
#3275=ORIENTED_EDGE('',*,*,#6155,.T.);
#3276=ORIENTED_EDGE('',*,*,#6156,.T.);
#3277=ORIENTED_EDGE('',*,*,#6157,.T.);
#3278=ORIENTED_EDGE('',*,*,#6158,.T.);
#3279=ORIENTED_EDGE('',*,*,#6159,.F.);
#3280=ORIENTED_EDGE('',*,*,#6160,.F.);
#3281=ORIENTED_EDGE('',*,*,#6161,.F.);
#3282=ORIENTED_EDGE('',*,*,#6162,.T.);
#3283=ORIENTED_EDGE('',*,*,#6163,.T.);
#3284=ORIENTED_EDGE('',*,*,#6164,.T.);
#3285=ORIENTED_EDGE('',*,*,#6165,.F.);
#3286=ORIENTED_EDGE('',*,*,#6166,.F.);
#3287=ORIENTED_EDGE('',*,*,#6167,.F.);
#3288=ORIENTED_EDGE('',*,*,#6168,.T.);
#3289=ORIENTED_EDGE('',*,*,#6169,.T.);
#3290=ORIENTED_EDGE('',*,*,#6170,.T.);
#3291=ORIENTED_EDGE('',*,*,#6171,.T.);
#3292=ORIENTED_EDGE('',*,*,#6154,.T.);
#3293=ORIENTED_EDGE('',*,*,#6172,.T.);
#3294=ORIENTED_EDGE('',*,*,#6173,.T.);
#3295=ORIENTED_EDGE('',*,*,#6174,.T.);
#3296=ORIENTED_EDGE('',*,*,#6175,.F.);
#3297=ORIENTED_EDGE('',*,*,#6176,.T.);
#3298=ORIENTED_EDGE('',*,*,#6177,.F.);
#3299=ORIENTED_EDGE('',*,*,#6178,.T.);
#3300=ORIENTED_EDGE('',*,*,#6179,.F.);
#3301=ORIENTED_EDGE('',*,*,#6180,.F.);
#3302=ORIENTED_EDGE('',*,*,#6181,.T.);
#3303=ORIENTED_EDGE('',*,*,#6182,.F.);
#3304=ORIENTED_EDGE('',*,*,#6183,.T.);
#3305=ORIENTED_EDGE('',*,*,#6184,.F.);
#3306=ORIENTED_EDGE('',*,*,#6185,.T.);
#3307=ORIENTED_EDGE('',*,*,#6186,.F.);
#3308=ORIENTED_EDGE('',*,*,#6187,.T.);
#3309=ORIENTED_EDGE('',*,*,#6188,.F.);
#3310=ORIENTED_EDGE('',*,*,#6189,.F.);
#3311=ORIENTED_EDGE('',*,*,#6190,.T.);
#3312=ORIENTED_EDGE('',*,*,#6191,.F.);
#3313=ORIENTED_EDGE('',*,*,#6144,.T.);
#3314=ORIENTED_EDGE('',*,*,#6192,.F.);
#3315=ORIENTED_EDGE('',*,*,#6193,.T.);
#3316=ORIENTED_EDGE('',*,*,#6194,.T.);
#3317=ORIENTED_EDGE('',*,*,#6195,.F.);
#3318=ORIENTED_EDGE('',*,*,#6196,.T.);
#3319=ORIENTED_EDGE('',*,*,#6197,.F.);
#3320=ORIENTED_EDGE('',*,*,#6198,.T.);
#3321=ORIENTED_EDGE('',*,*,#6199,.F.);
#3322=ORIENTED_EDGE('',*,*,#6200,.F.);
#3323=ORIENTED_EDGE('',*,*,#6201,.F.);
#3324=ORIENTED_EDGE('',*,*,#6202,.T.);
#3325=ORIENTED_EDGE('',*,*,#6203,.F.);
#3326=ORIENTED_EDGE('',*,*,#6166,.T.);
#3327=ORIENTED_EDGE('',*,*,#6204,.F.);
#3328=ORIENTED_EDGE('',*,*,#6205,.T.);
#3329=ORIENTED_EDGE('',*,*,#6206,.T.);
#3330=ORIENTED_EDGE('',*,*,#6207,.F.);
#3331=ORIENTED_EDGE('',*,*,#6208,.T.);
#3332=ORIENTED_EDGE('',*,*,#6209,.F.);
#3333=ORIENTED_EDGE('',*,*,#6210,.T.);
#3334=ORIENTED_EDGE('',*,*,#6211,.F.);
#3335=ORIENTED_EDGE('',*,*,#6212,.F.);
#3336=ORIENTED_EDGE('',*,*,#6213,.F.);
#3337=ORIENTED_EDGE('',*,*,#6214,.T.);
#3338=ORIENTED_EDGE('',*,*,#6215,.F.);
#3339=ORIENTED_EDGE('',*,*,#6160,.T.);
#3340=ORIENTED_EDGE('',*,*,#6216,.F.);
#3341=ORIENTED_EDGE('',*,*,#6217,.T.);
#3342=ORIENTED_EDGE('',*,*,#6218,.T.);
#3343=ORIENTED_EDGE('',*,*,#6219,.F.);
#3344=ORIENTED_EDGE('',*,*,#6126,.F.);
#3345=ORIENTED_EDGE('',*,*,#6220,.F.);
#3346=ORIENTED_EDGE('',*,*,#6221,.T.);
#3347=ORIENTED_EDGE('',*,*,#6222,.F.);
#3348=ORIENTED_EDGE('',*,*,#6223,.F.);
#3349=ORIENTED_EDGE('',*,*,#6224,.T.);
#3350=ORIENTED_EDGE('',*,*,#6225,.F.);
#3351=ORIENTED_EDGE('',*,*,#6122,.F.);
#3352=ORIENTED_EDGE('',*,*,#6226,.F.);
#3353=ORIENTED_EDGE('',*,*,#6227,.T.);
#3354=ORIENTED_EDGE('',*,*,#6228,.F.);
#3355=ORIENTED_EDGE('',*,*,#6229,.F.);
#3356=ORIENTED_EDGE('',*,*,#6230,.T.);
#3357=ORIENTED_EDGE('',*,*,#6231,.F.);
#3358=ORIENTED_EDGE('',*,*,#6118,.F.);
#3359=ORIENTED_EDGE('',*,*,#6232,.F.);
#3360=ORIENTED_EDGE('',*,*,#6233,.T.);
#3361=ORIENTED_EDGE('',*,*,#6234,.F.);
#3362=ORIENTED_EDGE('',*,*,#6116,.F.);
#3363=ORIENTED_EDGE('',*,*,#6235,.T.);
#3364=ORIENTED_EDGE('',*,*,#6236,.T.);
#3365=ORIENTED_EDGE('',*,*,#6237,.T.);
#3366=ORIENTED_EDGE('',*,*,#6238,.T.);
#3367=ORIENTED_EDGE('',*,*,#6239,.F.);
#3368=ORIENTED_EDGE('',*,*,#6240,.T.);
#3369=ORIENTED_EDGE('',*,*,#6241,.F.);
#3370=ORIENTED_EDGE('',*,*,#6242,.F.);
#3371=ORIENTED_EDGE('',*,*,#6243,.F.);
#3372=ORIENTED_EDGE('',*,*,#6244,.T.);
#3373=ORIENTED_EDGE('',*,*,#6245,.T.);
#3374=ORIENTED_EDGE('',*,*,#6246,.F.);
#3375=ORIENTED_EDGE('',*,*,#6247,.F.);
#3376=ORIENTED_EDGE('',*,*,#6248,.F.);
#3377=ORIENTED_EDGE('',*,*,#6249,.F.);
#3378=ORIENTED_EDGE('',*,*,#6250,.T.);
#3379=ORIENTED_EDGE('',*,*,#6251,.F.);
#3380=ORIENTED_EDGE('',*,*,#6252,.T.);
#3381=ORIENTED_EDGE('',*,*,#6253,.F.);
#3382=ORIENTED_EDGE('',*,*,#6254,.F.);
#3383=ORIENTED_EDGE('',*,*,#6255,.T.);
#3384=ORIENTED_EDGE('',*,*,#6256,.T.);
#3385=ORIENTED_EDGE('',*,*,#6257,.F.);
#3386=ORIENTED_EDGE('',*,*,#6258,.F.);
#3387=ORIENTED_EDGE('',*,*,#6259,.T.);
#3388=ORIENTED_EDGE('',*,*,#6260,.T.);
#3389=ORIENTED_EDGE('',*,*,#6261,.F.);
#3390=ORIENTED_EDGE('',*,*,#6262,.T.);
#3391=ORIENTED_EDGE('',*,*,#6263,.F.);
#3392=ORIENTED_EDGE('',*,*,#6264,.F.);
#3393=ORIENTED_EDGE('',*,*,#6265,.T.);
#3394=ORIENTED_EDGE('',*,*,#6266,.T.);
#3395=ORIENTED_EDGE('',*,*,#6267,.T.);
#3396=ORIENTED_EDGE('',*,*,#6268,.T.);
#3397=ORIENTED_EDGE('',*,*,#6269,.T.);
#3398=ORIENTED_EDGE('',*,*,#6270,.T.);
#3399=ORIENTED_EDGE('',*,*,#6271,.T.);
#3400=ORIENTED_EDGE('',*,*,#6272,.F.);
#3401=ORIENTED_EDGE('',*,*,#6273,.F.);
#3402=ORIENTED_EDGE('',*,*,#6243,.T.);
#3403=ORIENTED_EDGE('',*,*,#6274,.F.);
#3404=ORIENTED_EDGE('',*,*,#6275,.F.);
#3405=ORIENTED_EDGE('',*,*,#6276,.T.);
#3406=ORIENTED_EDGE('',*,*,#6277,.T.);
#3407=ORIENTED_EDGE('',*,*,#6278,.T.);
#3408=ORIENTED_EDGE('',*,*,#6279,.T.);
#3409=ORIENTED_EDGE('',*,*,#6280,.T.);
#3410=ORIENTED_EDGE('',*,*,#6281,.F.);
#3411=ORIENTED_EDGE('',*,*,#6282,.T.);
#3412=ORIENTED_EDGE('',*,*,#6245,.F.);
#3413=ORIENTED_EDGE('',*,*,#6283,.T.);
#3414=ORIENTED_EDGE('',*,*,#6284,.T.);
#3415=ORIENTED_EDGE('',*,*,#6285,.F.);
#3416=ORIENTED_EDGE('',*,*,#6286,.T.);
#3417=ORIENTED_EDGE('',*,*,#6287,.T.);
#3418=ORIENTED_EDGE('',*,*,#6255,.F.);
#3419=ORIENTED_EDGE('',*,*,#6288,.F.);
#3420=ORIENTED_EDGE('',*,*,#6289,.F.);
#3421=ORIENTED_EDGE('',*,*,#6290,.F.);
#3422=ORIENTED_EDGE('',*,*,#6291,.F.);
#3423=ORIENTED_EDGE('',*,*,#6292,.T.);
#3424=ORIENTED_EDGE('',*,*,#6293,.F.);
#3425=ORIENTED_EDGE('',*,*,#6294,.T.);
#3426=ORIENTED_EDGE('',*,*,#6295,.F.);
#3427=ORIENTED_EDGE('',*,*,#6296,.F.);
#3428=ORIENTED_EDGE('',*,*,#6297,.T.);
#3429=ORIENTED_EDGE('',*,*,#6298,.T.);
#3430=ORIENTED_EDGE('',*,*,#6299,.F.);
#3431=ORIENTED_EDGE('',*,*,#6300,.F.);
#3432=ORIENTED_EDGE('',*,*,#6301,.T.);
#3433=ORIENTED_EDGE('',*,*,#6302,.T.);
#3434=ORIENTED_EDGE('',*,*,#6134,.F.);
#3435=ORIENTED_EDGE('',*,*,#6303,.T.);
#3436=ORIENTED_EDGE('',*,*,#6304,.F.);
#3437=ORIENTED_EDGE('',*,*,#6305,.F.);
#3438=ORIENTED_EDGE('',*,*,#6306,.T.);
#3439=ORIENTED_EDGE('',*,*,#6307,.T.);
#3440=ORIENTED_EDGE('',*,*,#6308,.T.);
#3441=ORIENTED_EDGE('',*,*,#6309,.T.);
#3442=ORIENTED_EDGE('',*,*,#6310,.F.);
#3443=ORIENTED_EDGE('',*,*,#6311,.T.);
#3444=ORIENTED_EDGE('',*,*,#6312,.T.);
#3445=ORIENTED_EDGE('',*,*,#6313,.T.);
#3446=ORIENTED_EDGE('',*,*,#6314,.F.);
#3447=ORIENTED_EDGE('',*,*,#6315,.T.);
#3448=ORIENTED_EDGE('',*,*,#6316,.F.);
#3449=ORIENTED_EDGE('',*,*,#6317,.T.);
#3450=ORIENTED_EDGE('',*,*,#6318,.F.);
#3451=ORIENTED_EDGE('',*,*,#6299,.T.);
#3452=ORIENTED_EDGE('',*,*,#6319,.F.);
#3453=ORIENTED_EDGE('',*,*,#6320,.T.);
#3454=ORIENTED_EDGE('',*,*,#6321,.T.);
#3455=ORIENTED_EDGE('',*,*,#6322,.F.);
#3456=ORIENTED_EDGE('',*,*,#6323,.F.);
#3457=ORIENTED_EDGE('',*,*,#6324,.T.);
#3458=ORIENTED_EDGE('',*,*,#6325,.T.);
#3459=ORIENTED_EDGE('',*,*,#6297,.F.);
#3460=ORIENTED_EDGE('',*,*,#6326,.F.);
#3461=ORIENTED_EDGE('',*,*,#6327,.T.);
#3462=ORIENTED_EDGE('',*,*,#6328,.T.);
#3463=ORIENTED_EDGE('',*,*,#6329,.F.);
#3464=ORIENTED_EDGE('',*,*,#6330,.F.);
#3465=ORIENTED_EDGE('',*,*,#6321,.F.);
#3466=ORIENTED_EDGE('',*,*,#6331,.F.);
#3467=ORIENTED_EDGE('',*,*,#6234,.T.);
#3468=ORIENTED_EDGE('',*,*,#6332,.F.);
#3469=ORIENTED_EDGE('',*,*,#6333,.F.);
#3470=ORIENTED_EDGE('',*,*,#6334,.F.);
#3471=ORIENTED_EDGE('',*,*,#6228,.T.);
#3472=ORIENTED_EDGE('',*,*,#6335,.F.);
#3473=ORIENTED_EDGE('',*,*,#6336,.F.);
#3474=ORIENTED_EDGE('',*,*,#6337,.F.);
#3475=ORIENTED_EDGE('',*,*,#6222,.T.);
#3476=ORIENTED_EDGE('',*,*,#6338,.F.);
#3477=ORIENTED_EDGE('',*,*,#6339,.F.);
#3478=ORIENTED_EDGE('',*,*,#6340,.F.);
#3479=ORIENTED_EDGE('',*,*,#6341,.T.);
#3480=ORIENTED_EDGE('',*,*,#6342,.T.);
#3481=ORIENTED_EDGE('',*,*,#6343,.F.);
#3482=ORIENTED_EDGE('',*,*,#6344,.T.);
#3483=ORIENTED_EDGE('',*,*,#6345,.F.);
#3484=ORIENTED_EDGE('',*,*,#6346,.T.);
#3485=ORIENTED_EDGE('',*,*,#6132,.T.);
#3486=ORIENTED_EDGE('',*,*,#6347,.T.);
#3487=ORIENTED_EDGE('',*,*,#6348,.T.);
#3488=ORIENTED_EDGE('',*,*,#6349,.F.);
#3489=ORIENTED_EDGE('',*,*,#6350,.F.);
#3490=ORIENTED_EDGE('',*,*,#6276,.F.);
#3491=ORIENTED_EDGE('',*,*,#6322,.T.);
#3492=ORIENTED_EDGE('',*,*,#6351,.T.);
#3493=ORIENTED_EDGE('',*,*,#6352,.T.);
#3494=ORIENTED_EDGE('',*,*,#6353,.F.);
#3495=ORIENTED_EDGE('',*,*,#6354,.T.);
#3496=ORIENTED_EDGE('',*,*,#6355,.F.);
#3497=ORIENTED_EDGE('',*,*,#6356,.T.);
#3498=ORIENTED_EDGE('',*,*,#6357,.T.);
#3499=ORIENTED_EDGE('',*,*,#6136,.F.);
#3500=ORIENTED_EDGE('',*,*,#6358,.T.);
#3501=ORIENTED_EDGE('',*,*,#6359,.F.);
#3502=ORIENTED_EDGE('',*,*,#6360,.F.);
#3503=ORIENTED_EDGE('',*,*,#6361,.F.);
#3504=ORIENTED_EDGE('',*,*,#6347,.F.);
#3505=ORIENTED_EDGE('',*,*,#6131,.T.);
#3506=ORIENTED_EDGE('',*,*,#6174,.F.);
#3507=ORIENTED_EDGE('',*,*,#6339,.T.);
#3508=ORIENTED_EDGE('',*,*,#6206,.F.);
#3509=ORIENTED_EDGE('',*,*,#6336,.T.);
#3510=ORIENTED_EDGE('',*,*,#6194,.F.);
#3511=ORIENTED_EDGE('',*,*,#6333,.T.);
#3512=ORIENTED_EDGE('',*,*,#6181,.F.);
#3513=ORIENTED_EDGE('',*,*,#6187,.F.);
#3514=ORIENTED_EDGE('',*,*,#6137,.T.);
#3515=ORIENTED_EDGE('',*,*,#6357,.F.);
#3516=ORIENTED_EDGE('',*,*,#6362,.T.);
#3517=ORIENTED_EDGE('',*,*,#6261,.T.);
#3518=ORIENTED_EDGE('',*,*,#6363,.T.);
#3519=ORIENTED_EDGE('',*,*,#6364,.T.);
#3520=ORIENTED_EDGE('',*,*,#6365,.T.);
#3521=ORIENTED_EDGE('',*,*,#6366,.F.);
#3522=ORIENTED_EDGE('',*,*,#6367,.T.);
#3523=ORIENTED_EDGE('',*,*,#6368,.F.);
#3524=ORIENTED_EDGE('',*,*,#6369,.F.);
#3525=ORIENTED_EDGE('',*,*,#6370,.F.);
#3526=ORIENTED_EDGE('',*,*,#6369,.T.);
#3527=ORIENTED_EDGE('',*,*,#6371,.F.);
#3528=ORIENTED_EDGE('',*,*,#6372,.F.);
#3529=ORIENTED_EDGE('',*,*,#6373,.F.);
#3530=ORIENTED_EDGE('',*,*,#6374,.F.);
#3531=ORIENTED_EDGE('',*,*,#6375,.T.);
#3532=ORIENTED_EDGE('',*,*,#6376,.F.);
#3533=ORIENTED_EDGE('',*,*,#6377,.F.);
#3534=ORIENTED_EDGE('',*,*,#6378,.F.);
#3535=ORIENTED_EDGE('',*,*,#6377,.T.);
#3536=ORIENTED_EDGE('',*,*,#6379,.F.);
#3537=ORIENTED_EDGE('',*,*,#6380,.F.);
#3538=ORIENTED_EDGE('',*,*,#6381,.F.);
#3539=ORIENTED_EDGE('',*,*,#6380,.T.);
#3540=ORIENTED_EDGE('',*,*,#6382,.F.);
#3541=ORIENTED_EDGE('',*,*,#6383,.T.);
#3542=ORIENTED_EDGE('',*,*,#6384,.T.);
#3543=ORIENTED_EDGE('',*,*,#6385,.F.);
#3544=ORIENTED_EDGE('',*,*,#6386,.F.);
#3545=ORIENTED_EDGE('',*,*,#6387,.T.);
#3546=ORIENTED_EDGE('',*,*,#6388,.F.);
#3547=ORIENTED_EDGE('',*,*,#6389,.F.);
#3548=ORIENTED_EDGE('',*,*,#6390,.F.);
#3549=ORIENTED_EDGE('',*,*,#6389,.T.);
#3550=ORIENTED_EDGE('',*,*,#6391,.F.);
#3551=ORIENTED_EDGE('',*,*,#6392,.F.);
#3552=ORIENTED_EDGE('',*,*,#6393,.F.);
#3553=ORIENTED_EDGE('',*,*,#6392,.T.);
#3554=ORIENTED_EDGE('',*,*,#6394,.F.);
#3555=ORIENTED_EDGE('',*,*,#6395,.T.);
#3556=ORIENTED_EDGE('',*,*,#6396,.T.);
#3557=ORIENTED_EDGE('',*,*,#6384,.F.);
#3558=ORIENTED_EDGE('',*,*,#6397,.T.);
#3559=ORIENTED_EDGE('',*,*,#6386,.T.);
#3560=ORIENTED_EDGE('',*,*,#6398,.T.);
#3561=ORIENTED_EDGE('',*,*,#6399,.T.);
#3562=ORIENTED_EDGE('',*,*,#6400,.T.);
#3563=ORIENTED_EDGE('',*,*,#6374,.T.);
#3564=ORIENTED_EDGE('',*,*,#6401,.T.);
#3565=ORIENTED_EDGE('',*,*,#6402,.T.);
#3566=ORIENTED_EDGE('',*,*,#6403,.T.);
#3567=ORIENTED_EDGE('',*,*,#6404,.T.);
#3568=ORIENTED_EDGE('',*,*,#6405,.T.);
#3569=ORIENTED_EDGE('',*,*,#6406,.T.);
#3570=ORIENTED_EDGE('',*,*,#6407,.T.);
#3571=ORIENTED_EDGE('',*,*,#6281,.T.);
#3572=ORIENTED_EDGE('',*,*,#6408,.T.);
#3573=ORIENTED_EDGE('',*,*,#6409,.T.);
#3574=ORIENTED_EDGE('',*,*,#6410,.T.);
#3575=ORIENTED_EDGE('',*,*,#6285,.T.);
#3576=ORIENTED_EDGE('',*,*,#6411,.T.);
#3577=ORIENTED_EDGE('',*,*,#6412,.F.);
#3578=ORIENTED_EDGE('',*,*,#6413,.T.);
#3579=ORIENTED_EDGE('',*,*,#6414,.T.);
#3580=ORIENTED_EDGE('',*,*,#6415,.T.);
#3581=ORIENTED_EDGE('',*,*,#6416,.T.);
#3582=ORIENTED_EDGE('',*,*,#6329,.T.);
#3583=ORIENTED_EDGE('',*,*,#6417,.T.);
#3584=ORIENTED_EDGE('',*,*,#6418,.T.);
#3585=ORIENTED_EDGE('',*,*,#6419,.T.);
#3586=ORIENTED_EDGE('',*,*,#6323,.T.);
#3587=ORIENTED_EDGE('',*,*,#6420,.T.);
#3588=ORIENTED_EDGE('',*,*,#6421,.F.);
#3589=ORIENTED_EDGE('',*,*,#6422,.F.);
#3590=ORIENTED_EDGE('',*,*,#6423,.T.);
#3591=ORIENTED_EDGE('',*,*,#6424,.F.);
#3592=ORIENTED_EDGE('',*,*,#6425,.F.);
#3593=ORIENTED_EDGE('',*,*,#6426,.T.);
#3594=ORIENTED_EDGE('',*,*,#6427,.T.);
#3595=ORIENTED_EDGE('',*,*,#6428,.F.);
#3596=ORIENTED_EDGE('',*,*,#6429,.F.);
#3597=ORIENTED_EDGE('',*,*,#6430,.T.);
#3598=ORIENTED_EDGE('',*,*,#6431,.T.);
#3599=ORIENTED_EDGE('',*,*,#6432,.F.);
#3600=ORIENTED_EDGE('',*,*,#6433,.T.);
#3601=ORIENTED_EDGE('',*,*,#6434,.F.);
#3602=ORIENTED_EDGE('',*,*,#6435,.T.);
#3603=ORIENTED_EDGE('',*,*,#6436,.T.);
#3604=ORIENTED_EDGE('',*,*,#6437,.F.);
#3605=ORIENTED_EDGE('',*,*,#6438,.F.);
#3606=ORIENTED_EDGE('',*,*,#6439,.T.);
#3607=ORIENTED_EDGE('',*,*,#6440,.F.);
#3608=ORIENTED_EDGE('',*,*,#6441,.T.);
#3609=ORIENTED_EDGE('',*,*,#6442,.T.);
#3610=ORIENTED_EDGE('',*,*,#6443,.F.);
#3611=ORIENTED_EDGE('',*,*,#6444,.F.);
#3612=ORIENTED_EDGE('',*,*,#6445,.T.);
#3613=ORIENTED_EDGE('',*,*,#6401,.F.);
#3614=ORIENTED_EDGE('',*,*,#6373,.T.);
#3615=ORIENTED_EDGE('',*,*,#6378,.T.);
#3616=ORIENTED_EDGE('',*,*,#6381,.T.);
#3617=ORIENTED_EDGE('',*,*,#6398,.F.);
#3618=ORIENTED_EDGE('',*,*,#6385,.T.);
#3619=ORIENTED_EDGE('',*,*,#6390,.T.);
#3620=ORIENTED_EDGE('',*,*,#6393,.T.);
#3621=ORIENTED_EDGE('',*,*,#6446,.F.);
#3622=ORIENTED_EDGE('',*,*,#6447,.T.);
#3623=ORIENTED_EDGE('',*,*,#6448,.F.);
#3624=ORIENTED_EDGE('',*,*,#6449,.F.);
#3625=ORIENTED_EDGE('',*,*,#6450,.T.);
#3626=ORIENTED_EDGE('',*,*,#6451,.F.);
#3627=ORIENTED_EDGE('',*,*,#6452,.F.);
#3628=ORIENTED_EDGE('',*,*,#6453,.F.);
#3629=ORIENTED_EDGE('',*,*,#6454,.T.);
#3630=ORIENTED_EDGE('',*,*,#6455,.F.);
#3631=ORIENTED_EDGE('',*,*,#6456,.F.);
#3632=ORIENTED_EDGE('',*,*,#6457,.T.);
#3633=ORIENTED_EDGE('',*,*,#6458,.F.);
#3634=ORIENTED_EDGE('',*,*,#6459,.T.);
#3635=ORIENTED_EDGE('',*,*,#6460,.T.);
#3636=ORIENTED_EDGE('',*,*,#6461,.F.);
#3637=ORIENTED_EDGE('',*,*,#6462,.F.);
#3638=ORIENTED_EDGE('',*,*,#6463,.T.);
#3639=ORIENTED_EDGE('',*,*,#6464,.F.);
#3640=ORIENTED_EDGE('',*,*,#6465,.T.);
#3641=ORIENTED_EDGE('',*,*,#6466,.T.);
#3642=ORIENTED_EDGE('',*,*,#6467,.F.);
#3643=ORIENTED_EDGE('',*,*,#6468,.F.);
#3644=ORIENTED_EDGE('',*,*,#6469,.T.);
#3645=ORIENTED_EDGE('',*,*,#6470,.F.);
#3646=ORIENTED_EDGE('',*,*,#6471,.T.);
#3647=ORIENTED_EDGE('',*,*,#6472,.T.);
#3648=ORIENTED_EDGE('',*,*,#6473,.T.);
#3649=ORIENTED_EDGE('',*,*,#6474,.F.);
#3650=ORIENTED_EDGE('',*,*,#6475,.T.);
#3651=ORIENTED_EDGE('',*,*,#6476,.T.);
#3652=ORIENTED_EDGE('',*,*,#6477,.T.);
#3653=ORIENTED_EDGE('',*,*,#6478,.F.);
#3654=ORIENTED_EDGE('',*,*,#6479,.T.);
#3655=ORIENTED_EDGE('',*,*,#6480,.T.);
#3656=ORIENTED_EDGE('',*,*,#6481,.T.);
#3657=ORIENTED_EDGE('',*,*,#6482,.T.);
#3658=ORIENTED_EDGE('',*,*,#6483,.T.);
#3659=ORIENTED_EDGE('',*,*,#6484,.T.);
#3660=ORIENTED_EDGE('',*,*,#6485,.T.);
#3661=ORIENTED_EDGE('',*,*,#6486,.T.);
#3662=ORIENTED_EDGE('',*,*,#6487,.T.);
#3663=ORIENTED_EDGE('',*,*,#6488,.T.);
#3664=ORIENTED_EDGE('',*,*,#6489,.T.);
#3665=ORIENTED_EDGE('',*,*,#6490,.T.);
#3666=ORIENTED_EDGE('',*,*,#6491,.T.);
#3667=ORIENTED_EDGE('',*,*,#6492,.F.);
#3668=ORIENTED_EDGE('',*,*,#6493,.F.);
#3669=ORIENTED_EDGE('',*,*,#6494,.T.);
#3670=ORIENTED_EDGE('',*,*,#6495,.T.);
#3671=ORIENTED_EDGE('',*,*,#6496,.T.);
#3672=ORIENTED_EDGE('',*,*,#6497,.T.);
#3673=ORIENTED_EDGE('',*,*,#6498,.F.);
#3674=ORIENTED_EDGE('',*,*,#6499,.T.);
#3675=ORIENTED_EDGE('',*,*,#6500,.T.);
#3676=ORIENTED_EDGE('',*,*,#6501,.T.);
#3677=ORIENTED_EDGE('',*,*,#6502,.T.);
#3678=ORIENTED_EDGE('',*,*,#6503,.T.);
#3679=ORIENTED_EDGE('',*,*,#6504,.F.);
#3680=ORIENTED_EDGE('',*,*,#6505,.F.);
#3681=ORIENTED_EDGE('',*,*,#6506,.F.);
#3682=ORIENTED_EDGE('',*,*,#6507,.T.);
#3683=ORIENTED_EDGE('',*,*,#6508,.F.);
#3684=ORIENTED_EDGE('',*,*,#6509,.F.);
#3685=ORIENTED_EDGE('',*,*,#6510,.F.);
#3686=ORIENTED_EDGE('',*,*,#6511,.T.);
#3687=ORIENTED_EDGE('',*,*,#6512,.T.);
#3688=ORIENTED_EDGE('',*,*,#6513,.T.);
#3689=ORIENTED_EDGE('',*,*,#6394,.T.);
#3690=ORIENTED_EDGE('',*,*,#6391,.T.);
#3691=ORIENTED_EDGE('',*,*,#6388,.T.);
#3692=ORIENTED_EDGE('',*,*,#6514,.T.);
#3693=ORIENTED_EDGE('',*,*,#6382,.T.);
#3694=ORIENTED_EDGE('',*,*,#6379,.T.);
#3695=ORIENTED_EDGE('',*,*,#6376,.T.);
#3696=ORIENTED_EDGE('',*,*,#6515,.T.);
#3697=ORIENTED_EDGE('',*,*,#6516,.T.);
#3698=ORIENTED_EDGE('',*,*,#6517,.T.);
#3699=ORIENTED_EDGE('',*,*,#6518,.F.);
#3700=ORIENTED_EDGE('',*,*,#6519,.F.);
#3701=ORIENTED_EDGE('',*,*,#6520,.T.);
#3702=ORIENTED_EDGE('',*,*,#6521,.T.);
#3703=ORIENTED_EDGE('',*,*,#6522,.T.);
#3704=ORIENTED_EDGE('',*,*,#6523,.T.);
#3705=ORIENTED_EDGE('',*,*,#6524,.F.);
#3706=ORIENTED_EDGE('',*,*,#6525,.T.);
#3707=ORIENTED_EDGE('',*,*,#6526,.T.);
#3708=ORIENTED_EDGE('',*,*,#6527,.T.);
#3709=ORIENTED_EDGE('',*,*,#6528,.T.);
#3710=ORIENTED_EDGE('',*,*,#6529,.T.);
#3711=ORIENTED_EDGE('',*,*,#6530,.F.);
#3712=ORIENTED_EDGE('',*,*,#6531,.F.);
#3713=ORIENTED_EDGE('',*,*,#6532,.F.);
#3714=ORIENTED_EDGE('',*,*,#6533,.T.);
#3715=ORIENTED_EDGE('',*,*,#6534,.F.);
#3716=ORIENTED_EDGE('',*,*,#6535,.F.);
#3717=ORIENTED_EDGE('',*,*,#6536,.T.);
#3718=ORIENTED_EDGE('',*,*,#6537,.F.);
#3719=ORIENTED_EDGE('',*,*,#6538,.F.);
#3720=ORIENTED_EDGE('',*,*,#6539,.F.);
#3721=ORIENTED_EDGE('',*,*,#6540,.T.);
#3722=ORIENTED_EDGE('',*,*,#6541,.T.);
#3723=ORIENTED_EDGE('',*,*,#6542,.T.);
#3724=ORIENTED_EDGE('',*,*,#6238,.F.);
#3725=ORIENTED_EDGE('',*,*,#6543,.F.);
#3726=ORIENTED_EDGE('',*,*,#6544,.F.);
#3727=ORIENTED_EDGE('',*,*,#6371,.T.);
#3728=ORIENTED_EDGE('',*,*,#6368,.T.);
#3729=ORIENTED_EDGE('',*,*,#6365,.F.);
#3730=ORIENTED_EDGE('',*,*,#6545,.F.);
#3731=ORIENTED_EDGE('',*,*,#6546,.T.);
#3732=ORIENTED_EDGE('',*,*,#6547,.T.);
#3733=ORIENTED_EDGE('',*,*,#6548,.T.);
#3734=ORIENTED_EDGE('',*,*,#6549,.F.);
#3735=ORIENTED_EDGE('',*,*,#6550,.F.);
#3736=ORIENTED_EDGE('',*,*,#6551,.F.);
#3737=ORIENTED_EDGE('',*,*,#6552,.T.);
#3738=ORIENTED_EDGE('',*,*,#6553,.T.);
#3739=ORIENTED_EDGE('',*,*,#6554,.T.);
#3740=ORIENTED_EDGE('',*,*,#6555,.F.);
#3741=ORIENTED_EDGE('',*,*,#6556,.F.);
#3742=ORIENTED_EDGE('',*,*,#6557,.F.);
#3743=ORIENTED_EDGE('',*,*,#6558,.F.);
#3744=ORIENTED_EDGE('',*,*,#6559,.F.);
#3745=ORIENTED_EDGE('',*,*,#6560,.F.);
#3746=ORIENTED_EDGE('',*,*,#6561,.T.);
#3747=ORIENTED_EDGE('',*,*,#6562,.T.);
#3748=ORIENTED_EDGE('',*,*,#6241,.T.);
#3749=ORIENTED_EDGE('',*,*,#6563,.F.);
#3750=ORIENTED_EDGE('',*,*,#6564,.F.);
#3751=ORIENTED_EDGE('',*,*,#6565,.F.);
#3752=ORIENTED_EDGE('',*,*,#6566,.T.);
#3753=ORIENTED_EDGE('',*,*,#6567,.T.);
#3754=ORIENTED_EDGE('',*,*,#6568,.T.);
#3755=ORIENTED_EDGE('',*,*,#6569,.F.);
#3756=ORIENTED_EDGE('',*,*,#6570,.F.);
#3757=ORIENTED_EDGE('',*,*,#6571,.F.);
#3758=ORIENTED_EDGE('',*,*,#6572,.F.);
#3759=ORIENTED_EDGE('',*,*,#6573,.F.);
#3760=ORIENTED_EDGE('',*,*,#6574,.F.);
#3761=ORIENTED_EDGE('',*,*,#6575,.F.);
#3762=ORIENTED_EDGE('',*,*,#6576,.T.);
#3763=ORIENTED_EDGE('',*,*,#6536,.F.);
#3764=ORIENTED_EDGE('',*,*,#6367,.F.);
#3765=ORIENTED_EDGE('',*,*,#6396,.F.);
#3766=ORIENTED_EDGE('',*,*,#6577,.T.);
#3767=ORIENTED_EDGE('',*,*,#6578,.T.);
#3768=ORIENTED_EDGE('',*,*,#6446,.T.);
#3769=ORIENTED_EDGE('',*,*,#6579,.T.);
#3770=ORIENTED_EDGE('',*,*,#6427,.F.);
#3771=ORIENTED_EDGE('',*,*,#6580,.T.);
#3772=ORIENTED_EDGE('',*,*,#6534,.T.);
#3773=ORIENTED_EDGE('',*,*,#6581,.T.);
#3774=ORIENTED_EDGE('',*,*,#6582,.F.);
#3775=ORIENTED_EDGE('',*,*,#6425,.T.);
#3776=ORIENTED_EDGE('',*,*,#6583,.F.);
#3777=ORIENTED_EDGE('',*,*,#6584,.T.);
#3778=ORIENTED_EDGE('',*,*,#6478,.T.);
#3779=ORIENTED_EDGE('',*,*,#6426,.F.);
#3780=ORIENTED_EDGE('',*,*,#6582,.T.);
#3781=ORIENTED_EDGE('',*,*,#6535,.T.);
#3782=ORIENTED_EDGE('',*,*,#6580,.F.);
#3783=ORIENTED_EDGE('',*,*,#6585,.F.);
#3784=ORIENTED_EDGE('',*,*,#6429,.T.);
#3785=ORIENTED_EDGE('',*,*,#6586,.F.);
#3786=ORIENTED_EDGE('',*,*,#6587,.T.);
#3787=ORIENTED_EDGE('',*,*,#6532,.T.);
#3788=ORIENTED_EDGE('',*,*,#6588,.T.);
#3789=ORIENTED_EDGE('',*,*,#6431,.F.);
#3790=ORIENTED_EDGE('',*,*,#6589,.T.);
#3791=ORIENTED_EDGE('',*,*,#6530,.T.);
#3792=ORIENTED_EDGE('',*,*,#6590,.T.);
#3793=ORIENTED_EDGE('',*,*,#6430,.F.);
#3794=ORIENTED_EDGE('',*,*,#6585,.T.);
#3795=ORIENTED_EDGE('',*,*,#6531,.T.);
#3796=ORIENTED_EDGE('',*,*,#6589,.F.);
#3797=ORIENTED_EDGE('',*,*,#6591,.T.);
#3798=ORIENTED_EDGE('',*,*,#6592,.T.);
#3799=ORIENTED_EDGE('',*,*,#6593,.T.);
#3800=ORIENTED_EDGE('',*,*,#6555,.T.);
#3801=ORIENTED_EDGE('',*,*,#6594,.F.);
#3802=ORIENTED_EDGE('',*,*,#6595,.T.);
#3803=ORIENTED_EDGE('',*,*,#6556,.T.);
#3804=ORIENTED_EDGE('',*,*,#6593,.F.);
#3805=ORIENTED_EDGE('',*,*,#6596,.T.);
#3806=ORIENTED_EDGE('',*,*,#6557,.T.);
#3807=ORIENTED_EDGE('',*,*,#6597,.T.);
#3808=ORIENTED_EDGE('',*,*,#6598,.T.);
#3809=ORIENTED_EDGE('',*,*,#6583,.T.);
#3810=ORIENTED_EDGE('',*,*,#6424,.T.);
#3811=ORIENTED_EDGE('',*,*,#6588,.F.);
#3812=ORIENTED_EDGE('',*,*,#6599,.T.);
#3813=ORIENTED_EDGE('',*,*,#6600,.T.);
#3814=ORIENTED_EDGE('',*,*,#6432,.T.);
#3815=ORIENTED_EDGE('',*,*,#6579,.F.);
#3816=ORIENTED_EDGE('',*,*,#6601,.T.);
#3817=ORIENTED_EDGE('',*,*,#6586,.T.);
#3818=ORIENTED_EDGE('',*,*,#6428,.T.);
#3819=ORIENTED_EDGE('',*,*,#6595,.F.);
#3820=ORIENTED_EDGE('',*,*,#6602,.T.);
#3821=ORIENTED_EDGE('',*,*,#6603,.F.);
#3822=ORIENTED_EDGE('',*,*,#6545,.T.);
#3823=ORIENTED_EDGE('',*,*,#6604,.T.);
#3824=ORIENTED_EDGE('',*,*,#6558,.T.);
#3825=ORIENTED_EDGE('',*,*,#6471,.F.);
#3826=ORIENTED_EDGE('',*,*,#6605,.F.);
#3827=ORIENTED_EDGE('',*,*,#6606,.T.);
#3828=ORIENTED_EDGE('',*,*,#6488,.F.);
#3829=ORIENTED_EDGE('',*,*,#6607,.F.);
#3830=ORIENTED_EDGE('',*,*,#6472,.F.);
#3831=ORIENTED_EDGE('',*,*,#6607,.T.);
#3832=ORIENTED_EDGE('',*,*,#6487,.F.);
#3833=ORIENTED_EDGE('',*,*,#6608,.F.);
#3834=ORIENTED_EDGE('',*,*,#6473,.F.);
#3835=ORIENTED_EDGE('',*,*,#6608,.T.);
#3836=ORIENTED_EDGE('',*,*,#6486,.F.);
#3837=ORIENTED_EDGE('',*,*,#6609,.T.);
#3838=ORIENTED_EDGE('',*,*,#6610,.T.);
#3839=ORIENTED_EDGE('',*,*,#6610,.F.);
#3840=ORIENTED_EDGE('',*,*,#6611,.T.);
#3841=ORIENTED_EDGE('',*,*,#6612,.T.);
#3842=ORIENTED_EDGE('',*,*,#6474,.T.);
#3843=ORIENTED_EDGE('',*,*,#6475,.F.);
#3844=ORIENTED_EDGE('',*,*,#6612,.F.);
#3845=ORIENTED_EDGE('',*,*,#6613,.T.);
#3846=ORIENTED_EDGE('',*,*,#6484,.F.);
#3847=ORIENTED_EDGE('',*,*,#6614,.F.);
#3848=ORIENTED_EDGE('',*,*,#6476,.F.);
#3849=ORIENTED_EDGE('',*,*,#6614,.T.);
#3850=ORIENTED_EDGE('',*,*,#6483,.F.);
#3851=ORIENTED_EDGE('',*,*,#6615,.F.);
#3852=ORIENTED_EDGE('',*,*,#6477,.F.);
#3853=ORIENTED_EDGE('',*,*,#6615,.T.);
#3854=ORIENTED_EDGE('',*,*,#6482,.F.);
#3855=ORIENTED_EDGE('',*,*,#6616,.T.);
#3856=ORIENTED_EDGE('',*,*,#6617,.T.);
#3857=ORIENTED_EDGE('',*,*,#6617,.F.);
#3858=ORIENTED_EDGE('',*,*,#6618,.T.);
#3859=ORIENTED_EDGE('',*,*,#6619,.T.);
#3860=ORIENTED_EDGE('',*,*,#6422,.T.);
#3861=ORIENTED_EDGE('',*,*,#6620,.F.);
#3862=ORIENTED_EDGE('',*,*,#6591,.F.);
#3863=ORIENTED_EDGE('',*,*,#6554,.F.);
#3864=ORIENTED_EDGE('',*,*,#6621,.F.);
#3865=ORIENTED_EDGE('',*,*,#6622,.F.);
#3866=ORIENTED_EDGE('',*,*,#6621,.T.);
#3867=ORIENTED_EDGE('',*,*,#6553,.F.);
#3868=ORIENTED_EDGE('',*,*,#6623,.F.);
#3869=ORIENTED_EDGE('',*,*,#6624,.T.);
#3870=ORIENTED_EDGE('',*,*,#6625,.T.);
#3871=ORIENTED_EDGE('',*,*,#6605,.T.);
#3872=ORIENTED_EDGE('',*,*,#6470,.T.);
#3873=ORIENTED_EDGE('',*,*,#6626,.F.);
#3874=ORIENTED_EDGE('',*,*,#6623,.T.);
#3875=ORIENTED_EDGE('',*,*,#6552,.F.);
#3876=ORIENTED_EDGE('',*,*,#6627,.F.);
#3877=ORIENTED_EDGE('',*,*,#6628,.T.);
#3878=ORIENTED_EDGE('',*,*,#6629,.T.);
#3879=ORIENTED_EDGE('',*,*,#6630,.T.);
#3880=ORIENTED_EDGE('',*,*,#6448,.T.);
#3881=ORIENTED_EDGE('',*,*,#6631,.F.);
#3882=ORIENTED_EDGE('',*,*,#6449,.T.);
#3883=ORIENTED_EDGE('',*,*,#6630,.F.);
#3884=ORIENTED_EDGE('',*,*,#6632,.T.);
#3885=ORIENTED_EDGE('',*,*,#6510,.T.);
#3886=ORIENTED_EDGE('',*,*,#6450,.F.);
#3887=ORIENTED_EDGE('',*,*,#6631,.T.);
#3888=ORIENTED_EDGE('',*,*,#6509,.T.);
#3889=ORIENTED_EDGE('',*,*,#6633,.F.);
#3890=ORIENTED_EDGE('',*,*,#6634,.T.);
#3891=ORIENTED_EDGE('',*,*,#6451,.T.);
#3892=ORIENTED_EDGE('',*,*,#6633,.T.);
#3893=ORIENTED_EDGE('',*,*,#6508,.T.);
#3894=ORIENTED_EDGE('',*,*,#6635,.T.);
#3895=ORIENTED_EDGE('',*,*,#6634,.F.);
#3896=ORIENTED_EDGE('',*,*,#6636,.T.);
#3897=ORIENTED_EDGE('',*,*,#6637,.T.);
#3898=ORIENTED_EDGE('',*,*,#6452,.T.);
#3899=ORIENTED_EDGE('',*,*,#6638,.F.);
#3900=ORIENTED_EDGE('',*,*,#6453,.T.);
#3901=ORIENTED_EDGE('',*,*,#6637,.F.);
#3902=ORIENTED_EDGE('',*,*,#6639,.T.);
#3903=ORIENTED_EDGE('',*,*,#6506,.T.);
#3904=ORIENTED_EDGE('',*,*,#6454,.F.);
#3905=ORIENTED_EDGE('',*,*,#6638,.T.);
#3906=ORIENTED_EDGE('',*,*,#6505,.T.);
#3907=ORIENTED_EDGE('',*,*,#6640,.F.);
#3908=ORIENTED_EDGE('',*,*,#6641,.T.);
#3909=ORIENTED_EDGE('',*,*,#6559,.T.);
#3910=ORIENTED_EDGE('',*,*,#6642,.F.);
#3911=ORIENTED_EDGE('',*,*,#6643,.T.);
#3912=ORIENTED_EDGE('',*,*,#6538,.T.);
#3913=ORIENTED_EDGE('',*,*,#6644,.F.);
#3914=ORIENTED_EDGE('',*,*,#6576,.F.);
#3915=ORIENTED_EDGE('',*,*,#6645,.T.);
#3916=ORIENTED_EDGE('',*,*,#6644,.T.);
#3917=ORIENTED_EDGE('',*,*,#6537,.T.);
#3918=ORIENTED_EDGE('',*,*,#6646,.T.);
#3919=ORIENTED_EDGE('',*,*,#6455,.T.);
#3920=ORIENTED_EDGE('',*,*,#6640,.T.);
#3921=ORIENTED_EDGE('',*,*,#6504,.T.);
#3922=ORIENTED_EDGE('',*,*,#6647,.T.);
#3923=ORIENTED_EDGE('',*,*,#6646,.F.);
#3924=ORIENTED_EDGE('',*,*,#6648,.T.);
#3925=ORIENTED_EDGE('',*,*,#6649,.T.);
#3926=ORIENTED_EDGE('',*,*,#6456,.T.);
#3927=ORIENTED_EDGE('',*,*,#6643,.F.);
#3928=ORIENTED_EDGE('',*,*,#6650,.T.);
#3929=ORIENTED_EDGE('',*,*,#6651,.F.);
#3930=ORIENTED_EDGE('',*,*,#6539,.T.);
#3931=ORIENTED_EDGE('',*,*,#6436,.F.);
#3932=ORIENTED_EDGE('',*,*,#6652,.T.);
#3933=ORIENTED_EDGE('',*,*,#6525,.F.);
#3934=ORIENTED_EDGE('',*,*,#6653,.F.);
#3935=ORIENTED_EDGE('',*,*,#6654,.T.);
#3936=ORIENTED_EDGE('',*,*,#6437,.T.);
#3937=ORIENTED_EDGE('',*,*,#6653,.T.);
#3938=ORIENTED_EDGE('',*,*,#6524,.T.);
#3939=ORIENTED_EDGE('',*,*,#6655,.T.);
#3940=ORIENTED_EDGE('',*,*,#6654,.F.);
#3941=ORIENTED_EDGE('',*,*,#6656,.T.);
#3942=ORIENTED_EDGE('',*,*,#6657,.T.);
#3943=ORIENTED_EDGE('',*,*,#6438,.T.);
#3944=ORIENTED_EDGE('',*,*,#6658,.F.);
#3945=ORIENTED_EDGE('',*,*,#6659,.T.);
#3946=ORIENTED_EDGE('',*,*,#6660,.F.);
#3947=ORIENTED_EDGE('',*,*,#6560,.T.);
#3948=ORIENTED_EDGE('',*,*,#6661,.F.);
#3949=ORIENTED_EDGE('',*,*,#6658,.T.);
#3950=ORIENTED_EDGE('',*,*,#6570,.T.);
#3951=ORIENTED_EDGE('',*,*,#6662,.F.);
#3952=ORIENTED_EDGE('',*,*,#6663,.T.);
#3953=ORIENTED_EDGE('',*,*,#6664,.T.);
#3954=ORIENTED_EDGE('',*,*,#6662,.T.);
#3955=ORIENTED_EDGE('',*,*,#6569,.T.);
#3956=ORIENTED_EDGE('',*,*,#6665,.T.);
#3957=ORIENTED_EDGE('',*,*,#6571,.T.);
#3958=ORIENTED_EDGE('',*,*,#6435,.F.);
#3959=ORIENTED_EDGE('',*,*,#6666,.F.);
#3960=ORIENTED_EDGE('',*,*,#6667,.T.);
#3961=ORIENTED_EDGE('',*,*,#6526,.F.);
#3962=ORIENTED_EDGE('',*,*,#6652,.F.);
#3963=ORIENTED_EDGE('',*,*,#6668,.F.);
#3964=ORIENTED_EDGE('',*,*,#6669,.T.);
#3965=ORIENTED_EDGE('',*,*,#6547,.F.);
#3966=ORIENTED_EDGE('',*,*,#6670,.F.);
#3967=ORIENTED_EDGE('',*,*,#6671,.F.);
#3968=ORIENTED_EDGE('',*,*,#6672,.T.);
#3969=ORIENTED_EDGE('',*,*,#6548,.F.);
#3970=ORIENTED_EDGE('',*,*,#6669,.F.);
#3971=ORIENTED_EDGE('',*,*,#6673,.F.);
#3972=ORIENTED_EDGE('',*,*,#6670,.T.);
#3973=ORIENTED_EDGE('',*,*,#6546,.F.);
#3974=ORIENTED_EDGE('',*,*,#6603,.T.);
#3975=ORIENTED_EDGE('',*,*,#6674,.T.);
#3976=ORIENTED_EDGE('',*,*,#6675,.T.);
#3977=ORIENTED_EDGE('',*,*,#6666,.T.);
#3978=ORIENTED_EDGE('',*,*,#6434,.T.);
#3979=ORIENTED_EDGE('',*,*,#6676,.T.);
#3980=ORIENTED_EDGE('',*,*,#6572,.T.);
#3981=ORIENTED_EDGE('',*,*,#6465,.F.);
#3982=ORIENTED_EDGE('',*,*,#6677,.F.);
#3983=ORIENTED_EDGE('',*,*,#6678,.T.);
#3984=ORIENTED_EDGE('',*,*,#6494,.F.);
#3985=ORIENTED_EDGE('',*,*,#6679,.F.);
#3986=ORIENTED_EDGE('',*,*,#6466,.F.);
#3987=ORIENTED_EDGE('',*,*,#6679,.T.);
#3988=ORIENTED_EDGE('',*,*,#6493,.T.);
#3989=ORIENTED_EDGE('',*,*,#6680,.F.);
#3990=ORIENTED_EDGE('',*,*,#6681,.T.);
#3991=ORIENTED_EDGE('',*,*,#6467,.T.);
#3992=ORIENTED_EDGE('',*,*,#6680,.T.);
#3993=ORIENTED_EDGE('',*,*,#6492,.T.);
#3994=ORIENTED_EDGE('',*,*,#6682,.T.);
#3995=ORIENTED_EDGE('',*,*,#6683,.F.);
#3996=ORIENTED_EDGE('',*,*,#6684,.T.);
#3997=ORIENTED_EDGE('',*,*,#6627,.T.);
#3998=ORIENTED_EDGE('',*,*,#6551,.T.);
#3999=ORIENTED_EDGE('',*,*,#6685,.F.);
#4000=ORIENTED_EDGE('',*,*,#6683,.T.);
#4001=ORIENTED_EDGE('',*,*,#6550,.T.);
#4002=ORIENTED_EDGE('',*,*,#6686,.F.);
#4003=ORIENTED_EDGE('',*,*,#6672,.F.);
#4004=ORIENTED_EDGE('',*,*,#6687,.T.);
#4005=ORIENTED_EDGE('',*,*,#6686,.T.);
#4006=ORIENTED_EDGE('',*,*,#6549,.T.);
#4007=ORIENTED_EDGE('',*,*,#6688,.F.);
#4008=ORIENTED_EDGE('',*,*,#6663,.F.);
#4009=ORIENTED_EDGE('',*,*,#6568,.F.);
#4010=ORIENTED_EDGE('',*,*,#6689,.F.);
#4011=ORIENTED_EDGE('',*,*,#6690,.F.);
#4012=ORIENTED_EDGE('',*,*,#6689,.T.);
#4013=ORIENTED_EDGE('',*,*,#6567,.F.);
#4014=ORIENTED_EDGE('',*,*,#6691,.F.);
#4015=ORIENTED_EDGE('',*,*,#6681,.F.);
#4016=ORIENTED_EDGE('',*,*,#6692,.T.);
#4017=ORIENTED_EDGE('',*,*,#6693,.T.);
#4018=ORIENTED_EDGE('',*,*,#6468,.T.);
#4019=ORIENTED_EDGE('',*,*,#6694,.F.);
#4020=ORIENTED_EDGE('',*,*,#6691,.T.);
#4021=ORIENTED_EDGE('',*,*,#6566,.F.);
#4022=ORIENTED_EDGE('',*,*,#6695,.F.);
#4023=ORIENTED_EDGE('',*,*,#6696,.T.);
#4024=ORIENTED_EDGE('',*,*,#6697,.T.);
#4025=ORIENTED_EDGE('',*,*,#6677,.T.);
#4026=ORIENTED_EDGE('',*,*,#6464,.T.);
#4027=ORIENTED_EDGE('',*,*,#6442,.F.);
#4028=ORIENTED_EDGE('',*,*,#6698,.T.);
#4029=ORIENTED_EDGE('',*,*,#6519,.T.);
#4030=ORIENTED_EDGE('',*,*,#6699,.F.);
#4031=ORIENTED_EDGE('',*,*,#6700,.T.);
#4032=ORIENTED_EDGE('',*,*,#6443,.T.);
#4033=ORIENTED_EDGE('',*,*,#6699,.T.);
#4034=ORIENTED_EDGE('',*,*,#6518,.T.);
#4035=ORIENTED_EDGE('',*,*,#6701,.T.);
#4036=ORIENTED_EDGE('',*,*,#6700,.F.);
#4037=ORIENTED_EDGE('',*,*,#6702,.T.);
#4038=ORIENTED_EDGE('',*,*,#6703,.T.);
#4039=ORIENTED_EDGE('',*,*,#6444,.T.);
#4040=ORIENTED_EDGE('',*,*,#6704,.F.);
#4041=ORIENTED_EDGE('',*,*,#6705,.T.);
#4042=ORIENTED_EDGE('',*,*,#6372,.T.);
#4043=ORIENTED_EDGE('',*,*,#6544,.T.);
#4044=ORIENTED_EDGE('',*,*,#6706,.F.);
#4045=ORIENTED_EDGE('',*,*,#6704,.T.);
#4046=ORIENTED_EDGE('',*,*,#6543,.T.);
#4047=ORIENTED_EDGE('',*,*,#6237,.F.);
#4048=ORIENTED_EDGE('',*,*,#6707,.T.);
#4049=ORIENTED_EDGE('',*,*,#6573,.T.);
#4050=ORIENTED_EDGE('',*,*,#6708,.F.);
#4051=ORIENTED_EDGE('',*,*,#6242,.T.);
#4052=ORIENTED_EDGE('',*,*,#6562,.F.);
#4053=ORIENTED_EDGE('',*,*,#6709,.F.);
#4054=ORIENTED_EDGE('',*,*,#6441,.F.);
#4055=ORIENTED_EDGE('',*,*,#6710,.F.);
#4056=ORIENTED_EDGE('',*,*,#6711,.T.);
#4057=ORIENTED_EDGE('',*,*,#6520,.F.);
#4058=ORIENTED_EDGE('',*,*,#6698,.F.);
#4059=ORIENTED_EDGE('',*,*,#6712,.F.);
#4060=ORIENTED_EDGE('',*,*,#6709,.T.);
#4061=ORIENTED_EDGE('',*,*,#6561,.F.);
#4062=ORIENTED_EDGE('',*,*,#6660,.T.);
#4063=ORIENTED_EDGE('',*,*,#6713,.T.);
#4064=ORIENTED_EDGE('',*,*,#6714,.T.);
#4065=ORIENTED_EDGE('',*,*,#6710,.T.);
#4066=ORIENTED_EDGE('',*,*,#6440,.T.);
#4067=ORIENTED_EDGE('',*,*,#6715,.T.);
#4068=ORIENTED_EDGE('',*,*,#6716,.T.);
#4069=ORIENTED_EDGE('',*,*,#6717,.T.);
#4070=ORIENTED_EDGE('',*,*,#6458,.T.);
#4071=ORIENTED_EDGE('',*,*,#6459,.F.);
#4072=ORIENTED_EDGE('',*,*,#6717,.F.);
#4073=ORIENTED_EDGE('',*,*,#6718,.T.);
#4074=ORIENTED_EDGE('',*,*,#6500,.F.);
#4075=ORIENTED_EDGE('',*,*,#6719,.F.);
#4076=ORIENTED_EDGE('',*,*,#6460,.F.);
#4077=ORIENTED_EDGE('',*,*,#6719,.T.);
#4078=ORIENTED_EDGE('',*,*,#6499,.F.);
#4079=ORIENTED_EDGE('',*,*,#6720,.F.);
#4080=ORIENTED_EDGE('',*,*,#6721,.T.);
#4081=ORIENTED_EDGE('',*,*,#6461,.T.);
#4082=ORIENTED_EDGE('',*,*,#6720,.T.);
#4083=ORIENTED_EDGE('',*,*,#6498,.T.);
#4084=ORIENTED_EDGE('',*,*,#6722,.T.);
#4085=ORIENTED_EDGE('',*,*,#6721,.F.);
#4086=ORIENTED_EDGE('',*,*,#6723,.T.);
#4087=ORIENTED_EDGE('',*,*,#6724,.T.);
#4088=ORIENTED_EDGE('',*,*,#6462,.T.);
#4089=ORIENTED_EDGE('',*,*,#6725,.T.);
#4090=ORIENTED_EDGE('',*,*,#6574,.T.);
#4091=ORIENTED_EDGE('',*,*,#6726,.F.);
#4092=ORIENTED_EDGE('',*,*,#6727,.T.);
#4093=ORIENTED_EDGE('',*,*,#6540,.F.);
#4094=ORIENTED_EDGE('',*,*,#6651,.T.);
#4095=ORIENTED_EDGE('',*,*,#6728,.F.);
#4096=ORIENTED_EDGE('',*,*,#6729,.T.);
#4097=ORIENTED_EDGE('',*,*,#6541,.F.);
#4098=ORIENTED_EDGE('',*,*,#6727,.F.);
#4099=ORIENTED_EDGE('',*,*,#6730,.F.);
#4100=ORIENTED_EDGE('',*,*,#6731,.T.);
#4101=ORIENTED_EDGE('',*,*,#6564,.T.);
#4102=ORIENTED_EDGE('',*,*,#6732,.F.);
#4103=ORIENTED_EDGE('',*,*,#6731,.F.);
#4104=ORIENTED_EDGE('',*,*,#6733,.T.);
#4105=ORIENTED_EDGE('',*,*,#6695,.T.);
#4106=ORIENTED_EDGE('',*,*,#6565,.T.);
#4107=ORIENTED_EDGE('',*,*,#6734,.F.);
#4108=ORIENTED_EDGE('',*,*,#6235,.F.);
#4109=ORIENTED_EDGE('',*,*,#6542,.F.);
#4110=ORIENTED_EDGE('',*,*,#6729,.F.);
#4111=ORIENTED_EDGE('',*,*,#6240,.F.);
#4112=ORIENTED_EDGE('',*,*,#6735,.T.);
#4113=ORIENTED_EDGE('',*,*,#6732,.T.);
#4114=ORIENTED_EDGE('',*,*,#6563,.T.);
#4115=ORIENTED_EDGE('',*,*,#6736,.T.);
#4116=ORIENTED_EDGE('',*,*,#6737,.T.);
#4117=ORIENTED_EDGE('',*,*,#6738,.F.);
#4118=ORIENTED_EDGE('',*,*,#6739,.F.);
#4119=ORIENTED_EDGE('',*,*,#6740,.F.);
#4120=ORIENTED_EDGE('',*,*,#6741,.F.);
#4121=ORIENTED_EDGE('',*,*,#6742,.F.);
#4122=ORIENTED_EDGE('',*,*,#6737,.F.);
#4123=ORIENTED_EDGE('',*,*,#6743,.F.);
#4124=ORIENTED_EDGE('',*,*,#6744,.F.);
#4125=ORIENTED_EDGE('',*,*,#6745,.F.);
#4126=ORIENTED_EDGE('',*,*,#6746,.T.);
#4127=ORIENTED_EDGE('',*,*,#6747,.T.);
#4128=ORIENTED_EDGE('',*,*,#6748,.F.);
#4129=ORIENTED_EDGE('',*,*,#6749,.T.);
#4130=ORIENTED_EDGE('',*,*,#6750,.F.);
#4131=ORIENTED_EDGE('',*,*,#6744,.T.);
#4132=ORIENTED_EDGE('',*,*,#6751,.F.);
#4133=ORIENTED_EDGE('',*,*,#6257,.T.);
#4134=ORIENTED_EDGE('',*,*,#6252,.F.);
#4135=ORIENTED_EDGE('',*,*,#6752,.F.);
#4136=ORIENTED_EDGE('',*,*,#6746,.F.);
#4137=ORIENTED_EDGE('',*,*,#6753,.F.);
#4138=ORIENTED_EDGE('',*,*,#6754,.F.);
#4139=ORIENTED_EDGE('',*,*,#6740,.T.);
#4140=ORIENTED_EDGE('',*,*,#6736,.F.);
#4141=ORIENTED_EDGE('',*,*,#6755,.F.);
#4142=ORIENTED_EDGE('',*,*,#6756,.F.);
#4143=ORIENTED_EDGE('',*,*,#6753,.T.);
#4144=ORIENTED_EDGE('',*,*,#6745,.T.);
#4145=ORIENTED_EDGE('',*,*,#6750,.T.);
#4146=ORIENTED_EDGE('',*,*,#6757,.T.);
#4147=ORIENTED_EDGE('',*,*,#6758,.T.);
#4148=ORIENTED_EDGE('',*,*,#6759,.T.);
#4149=ORIENTED_EDGE('',*,*,#6760,.T.);
#4150=ORIENTED_EDGE('',*,*,#6349,.T.);
#4151=ORIENTED_EDGE('',*,*,#6761,.T.);
#4152=ORIENTED_EDGE('',*,*,#6259,.F.);
#4153=ORIENTED_EDGE('',*,*,#6762,.F.);
#4154=ORIENTED_EDGE('',*,*,#6741,.T.);
#4155=ORIENTED_EDGE('',*,*,#6754,.T.);
#4156=ORIENTED_EDGE('',*,*,#6763,.F.);
#4157=ORIENTED_EDGE('',*,*,#6747,.F.);
#4158=ORIENTED_EDGE('',*,*,#6752,.T.);
#4159=ORIENTED_EDGE('',*,*,#6251,.T.);
#4160=ORIENTED_EDGE('',*,*,#6764,.F.);
#4161=ORIENTED_EDGE('',*,*,#6253,.T.);
#4162=ORIENTED_EDGE('',*,*,#6755,.T.);
#4163=ORIENTED_EDGE('',*,*,#6739,.T.);
#4164=ORIENTED_EDGE('',*,*,#6762,.T.);
#4165=ORIENTED_EDGE('',*,*,#6258,.T.);
#4166=ORIENTED_EDGE('',*,*,#6751,.T.);
#4167=ORIENTED_EDGE('',*,*,#6743,.T.);
#4168=ORIENTED_EDGE('',*,*,#6763,.T.);
#4169=ORIENTED_EDGE('',*,*,#6254,.T.);
#4170=ORIENTED_EDGE('',*,*,#6764,.T.);
#4171=ORIENTED_EDGE('',*,*,#6738,.T.);
#4172=ORIENTED_EDGE('',*,*,#6742,.T.);
#4173=ORIENTED_EDGE('',*,*,#6765,.F.);
#4174=ORIENTED_EDGE('',*,*,#6766,.T.);
#4175=ORIENTED_EDGE('',*,*,#6767,.T.);
#4176=ORIENTED_EDGE('',*,*,#6768,.F.);
#4177=ORIENTED_EDGE('',*,*,#6769,.F.);
#4178=ORIENTED_EDGE('',*,*,#6770,.T.);
#4179=ORIENTED_EDGE('',*,*,#6771,.T.);
#4180=ORIENTED_EDGE('',*,*,#6772,.T.);
#4181=ORIENTED_EDGE('',*,*,#6773,.F.);
#4182=ORIENTED_EDGE('',*,*,#6774,.F.);
#4183=ORIENTED_EDGE('',*,*,#6268,.F.);
#4184=ORIENTED_EDGE('',*,*,#6775,.T.);
#4185=ORIENTED_EDGE('',*,*,#6413,.F.);
#4186=ORIENTED_EDGE('',*,*,#6776,.F.);
#4187=ORIENTED_EDGE('',*,*,#6777,.F.);
#4188=ORIENTED_EDGE('',*,*,#6778,.T.);
#4189=ORIENTED_EDGE('',*,*,#6779,.T.);
#4190=ORIENTED_EDGE('',*,*,#6780,.F.);
#4191=ORIENTED_EDGE('',*,*,#6781,.T.);
#4192=ORIENTED_EDGE('',*,*,#6782,.F.);
#4193=ORIENTED_EDGE('',*,*,#6783,.F.);
#4194=ORIENTED_EDGE('',*,*,#6784,.F.);
#4195=ORIENTED_EDGE('',*,*,#6785,.F.);
#4196=ORIENTED_EDGE('',*,*,#6786,.T.);
#4197=ORIENTED_EDGE('',*,*,#6787,.F.);
#4198=ORIENTED_EDGE('',*,*,#6788,.T.);
#4199=ORIENTED_EDGE('',*,*,#6789,.T.);
#4200=ORIENTED_EDGE('',*,*,#6790,.F.);
#4201=ORIENTED_EDGE('',*,*,#6791,.F.);
#4202=ORIENTED_EDGE('',*,*,#6792,.T.);
#4203=ORIENTED_EDGE('',*,*,#6793,.T.);
#4204=ORIENTED_EDGE('',*,*,#6794,.F.);
#4205=ORIENTED_EDGE('',*,*,#6795,.T.);
#4206=ORIENTED_EDGE('',*,*,#6796,.T.);
#4207=ORIENTED_EDGE('',*,*,#6797,.T.);
#4208=ORIENTED_EDGE('',*,*,#6798,.F.);
#4209=ORIENTED_EDGE('',*,*,#6789,.F.);
#4210=ORIENTED_EDGE('',*,*,#6799,.F.);
#4211=ORIENTED_EDGE('',*,*,#6798,.T.);
#4212=ORIENTED_EDGE('',*,*,#6800,.T.);
#4213=ORIENTED_EDGE('',*,*,#6801,.F.);
#4214=ORIENTED_EDGE('',*,*,#6802,.F.);
#4215=ORIENTED_EDGE('',*,*,#6803,.T.);
#4216=ORIENTED_EDGE('',*,*,#6804,.T.);
#4217=ORIENTED_EDGE('',*,*,#6805,.F.);
#4218=ORIENTED_EDGE('',*,*,#6806,.T.);
#4219=ORIENTED_EDGE('',*,*,#6807,.F.);
#4220=ORIENTED_EDGE('',*,*,#6803,.F.);
#4221=ORIENTED_EDGE('',*,*,#6808,.T.);
#4222=ORIENTED_EDGE('',*,*,#6809,.F.);
#4223=ORIENTED_EDGE('',*,*,#6793,.F.);
#4224=ORIENTED_EDGE('',*,*,#6810,.T.);
#4225=ORIENTED_EDGE('',*,*,#6765,.T.);
#4226=ORIENTED_EDGE('',*,*,#6794,.T.);
#4227=ORIENTED_EDGE('',*,*,#6809,.T.);
#4228=ORIENTED_EDGE('',*,*,#6811,.F.);
#4229=ORIENTED_EDGE('',*,*,#6812,.T.);
#4230=ORIENTED_EDGE('',*,*,#6767,.F.);
#4231=ORIENTED_EDGE('',*,*,#6813,.T.);
#4232=ORIENTED_EDGE('',*,*,#6791,.T.);
#4233=ORIENTED_EDGE('',*,*,#6812,.F.);
#4234=ORIENTED_EDGE('',*,*,#6814,.F.);
#4235=ORIENTED_EDGE('',*,*,#6815,.T.);
#4236=ORIENTED_EDGE('',*,*,#6816,.T.);
#4237=ORIENTED_EDGE('',*,*,#6817,.T.);
#4238=ORIENTED_EDGE('',*,*,#6816,.F.);
#4239=ORIENTED_EDGE('',*,*,#6818,.F.);
#4240=ORIENTED_EDGE('',*,*,#6819,.T.);
#4241=ORIENTED_EDGE('',*,*,#6820,.F.);
#4242=ORIENTED_EDGE('',*,*,#6782,.T.);
#4243=ORIENTED_EDGE('',*,*,#6821,.F.);
#4244=ORIENTED_EDGE('',*,*,#6817,.F.);
#4245=ORIENTED_EDGE('',*,*,#6820,.T.);
#4246=ORIENTED_EDGE('',*,*,#6822,.T.);
#4247=ORIENTED_EDGE('',*,*,#6823,.F.);
#4248=ORIENTED_EDGE('',*,*,#6824,.T.);
#4249=ORIENTED_EDGE('',*,*,#6783,.T.);
#4250=ORIENTED_EDGE('',*,*,#6823,.T.);
#4251=ORIENTED_EDGE('',*,*,#6825,.T.);
#4252=ORIENTED_EDGE('',*,*,#6826,.T.);
#4253=ORIENTED_EDGE('',*,*,#6784,.T.);
#4254=ORIENTED_EDGE('',*,*,#6824,.F.);
#4255=ORIENTED_EDGE('',*,*,#6827,.F.);
#4256=ORIENTED_EDGE('',*,*,#6828,.F.);
#4257=ORIENTED_EDGE('',*,*,#6785,.T.);
#4258=ORIENTED_EDGE('',*,*,#6826,.F.);
#4259=ORIENTED_EDGE('',*,*,#6829,.T.);
#4260=ORIENTED_EDGE('',*,*,#6786,.F.);
#4261=ORIENTED_EDGE('',*,*,#6828,.T.);
#4262=ORIENTED_EDGE('',*,*,#6830,.T.);
#4263=ORIENTED_EDGE('',*,*,#6831,.F.);
#4264=ORIENTED_EDGE('',*,*,#6787,.T.);
#4265=ORIENTED_EDGE('',*,*,#6831,.T.);
#4266=ORIENTED_EDGE('',*,*,#6832,.T.);
#4267=ORIENTED_EDGE('',*,*,#6833,.F.);
#4268=ORIENTED_EDGE('',*,*,#6799,.T.);
#4269=ORIENTED_EDGE('',*,*,#6788,.F.);
#4270=ORIENTED_EDGE('',*,*,#6833,.T.);
#4271=ORIENTED_EDGE('',*,*,#6834,.T.);
#4272=ORIENTED_EDGE('',*,*,#6835,.T.);
#4273=ORIENTED_EDGE('',*,*,#6795,.F.);
#4274=ORIENTED_EDGE('',*,*,#6836,.T.);
#4275=ORIENTED_EDGE('',*,*,#6837,.T.);
#4276=ORIENTED_EDGE('',*,*,#6796,.F.);
#4277=ORIENTED_EDGE('',*,*,#6835,.F.);
#4278=ORIENTED_EDGE('',*,*,#6790,.T.);
#4279=ORIENTED_EDGE('',*,*,#6800,.F.);
#4280=ORIENTED_EDGE('',*,*,#6797,.F.);
#4281=ORIENTED_EDGE('',*,*,#6837,.F.);
#4282=ORIENTED_EDGE('',*,*,#6838,.F.);
#4283=ORIENTED_EDGE('',*,*,#6839,.T.);
#4284=ORIENTED_EDGE('',*,*,#6840,.F.);
#4285=ORIENTED_EDGE('',*,*,#6841,.F.);
#4286=ORIENTED_EDGE('',*,*,#6804,.F.);
#4287=ORIENTED_EDGE('',*,*,#6807,.T.);
#4288=ORIENTED_EDGE('',*,*,#6842,.T.);
#4289=ORIENTED_EDGE('',*,*,#6843,.F.);
#4290=ORIENTED_EDGE('',*,*,#6844,.F.);
#4291=ORIENTED_EDGE('',*,*,#6801,.T.);
#4292=ORIENTED_EDGE('',*,*,#6841,.T.);
#4293=ORIENTED_EDGE('',*,*,#6845,.F.);
#4294=ORIENTED_EDGE('',*,*,#6846,.F.);
#4295=ORIENTED_EDGE('',*,*,#6805,.T.);
#4296=ORIENTED_EDGE('',*,*,#6802,.T.);
#4297=ORIENTED_EDGE('',*,*,#6844,.T.);
#4298=ORIENTED_EDGE('',*,*,#6768,.T.);
#4299=ORIENTED_EDGE('',*,*,#6814,.T.);
#4300=ORIENTED_EDGE('',*,*,#6811,.T.);
#4301=ORIENTED_EDGE('',*,*,#6808,.F.);
#4302=ORIENTED_EDGE('',*,*,#6839,.F.);
#4303=ORIENTED_EDGE('',*,*,#6842,.F.);
#4304=ORIENTED_EDGE('',*,*,#6806,.F.);
#4305=ORIENTED_EDGE('',*,*,#6846,.T.);
#4306=ORIENTED_EDGE('',*,*,#6847,.F.);
#4307=ORIENTED_EDGE('',*,*,#6848,.F.);
#4308=ORIENTED_EDGE('',*,*,#6849,.F.);
#4309=ORIENTED_EDGE('',*,*,#6769,.T.);
#4310=ORIENTED_EDGE('',*,*,#6848,.T.);
#4311=ORIENTED_EDGE('',*,*,#6850,.T.);
#4312=ORIENTED_EDGE('',*,*,#6770,.F.);
#4313=ORIENTED_EDGE('',*,*,#6849,.T.);
#4314=ORIENTED_EDGE('',*,*,#6851,.F.);
#4315=ORIENTED_EDGE('',*,*,#6852,.F.);
#4316=ORIENTED_EDGE('',*,*,#6853,.F.);
#4317=ORIENTED_EDGE('',*,*,#6773,.T.);
#4318=ORIENTED_EDGE('',*,*,#6854,.F.);
#4319=ORIENTED_EDGE('',*,*,#6855,.F.);
#4320=ORIENTED_EDGE('',*,*,#6856,.T.);
#4321=ORIENTED_EDGE('',*,*,#6857,.T.);
#4322=ORIENTED_EDGE('',*,*,#6854,.T.);
#4323=ORIENTED_EDGE('',*,*,#6772,.F.);
#4324=ORIENTED_EDGE('',*,*,#6771,.F.);
#4325=ORIENTED_EDGE('',*,*,#6852,.T.);
#4326=ORIENTED_EDGE('',*,*,#6858,.T.);
#4327=ORIENTED_EDGE('',*,*,#6856,.F.);
#4328=ORIENTED_EDGE('',*,*,#6859,.T.);
#4329=ORIENTED_EDGE('',*,*,#6860,.T.);
#4330=ORIENTED_EDGE('',*,*,#6818,.T.);
#4331=ORIENTED_EDGE('',*,*,#6815,.F.);
#4332=ORIENTED_EDGE('',*,*,#6821,.T.);
#4333=ORIENTED_EDGE('',*,*,#6781,.F.);
#4334=ORIENTED_EDGE('',*,*,#6861,.F.);
#4335=ORIENTED_EDGE('',*,*,#6862,.F.);
#4336=ORIENTED_EDGE('',*,*,#6859,.F.);
#4337=ORIENTED_EDGE('',*,*,#6780,.T.);
#4338=ORIENTED_EDGE('',*,*,#6861,.T.);
#4339=ORIENTED_EDGE('',*,*,#6779,.F.);
#4340=ORIENTED_EDGE('',*,*,#6863,.F.);
#4341=ORIENTED_EDGE('',*,*,#6864,.T.);
#4342=ORIENTED_EDGE('',*,*,#6863,.T.);
#4343=ORIENTED_EDGE('',*,*,#6778,.F.);
#4344=ORIENTED_EDGE('',*,*,#6865,.T.);
#4345=ORIENTED_EDGE('',*,*,#6866,.T.);
#4346=ORIENTED_EDGE('',*,*,#6865,.F.);
#4347=ORIENTED_EDGE('',*,*,#6777,.T.);
#4348=ORIENTED_EDGE('',*,*,#6867,.F.);
#4349=ORIENTED_EDGE('',*,*,#6868,.F.);
#4350=ORIENTED_EDGE('',*,*,#6867,.T.);
#4351=ORIENTED_EDGE('',*,*,#6776,.T.);
#4352=ORIENTED_EDGE('',*,*,#6412,.T.);
#4353=ORIENTED_EDGE('',*,*,#6869,.F.);
#4354=ORIENTED_EDGE('',*,*,#6270,.F.);
#4355=ORIENTED_EDGE('',*,*,#6870,.T.);
#4356=ORIENTED_EDGE('',*,*,#6871,.T.);
#4357=ORIENTED_EDGE('',*,*,#6872,.T.);
#4358=ORIENTED_EDGE('',*,*,#6873,.T.);
#4359=ORIENTED_EDGE('',*,*,#6271,.F.);
#4360=ORIENTED_EDGE('',*,*,#6871,.F.);
#4361=ORIENTED_EDGE('',*,*,#6873,.F.);
#4362=ORIENTED_EDGE('',*,*,#6874,.T.);
#4363=ORIENTED_EDGE('',*,*,#6855,.T.);
#4364=ORIENTED_EDGE('',*,*,#6857,.F.);
#4365=ORIENTED_EDGE('',*,*,#6858,.F.);
#4366=ORIENTED_EDGE('',*,*,#6851,.T.);
#4367=ORIENTED_EDGE('',*,*,#6850,.F.);
#4368=ORIENTED_EDGE('',*,*,#6847,.T.);
#4369=ORIENTED_EDGE('',*,*,#6845,.T.);
#4370=ORIENTED_EDGE('',*,*,#6843,.T.);
#4371=ORIENTED_EDGE('',*,*,#6840,.T.);
#4372=ORIENTED_EDGE('',*,*,#6838,.T.);
#4373=ORIENTED_EDGE('',*,*,#6836,.F.);
#4374=ORIENTED_EDGE('',*,*,#6834,.F.);
#4375=ORIENTED_EDGE('',*,*,#6832,.F.);
#4376=ORIENTED_EDGE('',*,*,#6830,.F.);
#4377=ORIENTED_EDGE('',*,*,#6829,.F.);
#4378=ORIENTED_EDGE('',*,*,#6827,.T.);
#4379=ORIENTED_EDGE('',*,*,#6825,.F.);
#4380=ORIENTED_EDGE('',*,*,#6822,.F.);
#4381=ORIENTED_EDGE('',*,*,#6819,.F.);
#4382=ORIENTED_EDGE('',*,*,#6860,.F.);
#4383=ORIENTED_EDGE('',*,*,#6862,.T.);
#4384=ORIENTED_EDGE('',*,*,#6864,.F.);
#4385=ORIENTED_EDGE('',*,*,#6866,.F.);
#4386=ORIENTED_EDGE('',*,*,#6868,.T.);
#4387=ORIENTED_EDGE('',*,*,#6869,.T.);
#4388=ORIENTED_EDGE('',*,*,#6411,.F.);
#4389=ORIENTED_EDGE('',*,*,#6288,.T.);
#4390=ORIENTED_EDGE('',*,*,#6272,.T.);
#4391=ORIENTED_EDGE('',*,*,#6874,.F.);
#4392=ORIENTED_EDGE('',*,*,#6872,.F.);
#4393=ORIENTED_EDGE('',*,*,#6870,.F.);
#4394=ORIENTED_EDGE('',*,*,#6269,.F.);
#4395=ORIENTED_EDGE('',*,*,#6774,.T.);
#4396=ORIENTED_EDGE('',*,*,#6853,.T.);
#4397=ORIENTED_EDGE('',*,*,#6875,.F.);
#4398=ORIENTED_EDGE('',*,*,#6876,.F.);
#4399=ORIENTED_EDGE('',*,*,#6877,.F.);
#4400=ORIENTED_EDGE('',*,*,#6878,.F.);
#4401=ORIENTED_EDGE('',*,*,#6879,.F.);
#4402=ORIENTED_EDGE('',*,*,#6876,.T.);
#4403=ORIENTED_EDGE('',*,*,#6880,.T.);
#4404=ORIENTED_EDGE('',*,*,#6881,.T.);
#4405=ORIENTED_EDGE('',*,*,#6882,.F.);
#4406=ORIENTED_EDGE('',*,*,#6883,.F.);
#4407=ORIENTED_EDGE('',*,*,#6884,.T.);
#4408=ORIENTED_EDGE('',*,*,#6885,.F.);
#4409=ORIENTED_EDGE('',*,*,#6886,.T.);
#4410=ORIENTED_EDGE('',*,*,#6884,.F.);
#4411=ORIENTED_EDGE('',*,*,#6887,.F.);
#4412=ORIENTED_EDGE('',*,*,#6250,.F.);
#4413=ORIENTED_EDGE('',*,*,#6888,.F.);
#4414=ORIENTED_EDGE('',*,*,#6880,.F.);
#4415=ORIENTED_EDGE('',*,*,#6875,.T.);
#4416=ORIENTED_EDGE('',*,*,#6889,.F.);
#4417=ORIENTED_EDGE('',*,*,#6890,.F.);
#4418=ORIENTED_EDGE('',*,*,#6891,.T.);
#4419=ORIENTED_EDGE('',*,*,#6892,.T.);
#4420=ORIENTED_EDGE('',*,*,#6893,.T.);
#4421=ORIENTED_EDGE('',*,*,#6894,.T.);
#4422=ORIENTED_EDGE('',*,*,#6353,.T.);
#4423=ORIENTED_EDGE('',*,*,#6895,.T.);
#4424=ORIENTED_EDGE('',*,*,#6265,.F.);
#4425=ORIENTED_EDGE('',*,*,#6896,.F.);
#4426=ORIENTED_EDGE('',*,*,#6886,.F.);
#4427=ORIENTED_EDGE('',*,*,#6897,.F.);
#4428=ORIENTED_EDGE('',*,*,#6882,.T.);
#4429=ORIENTED_EDGE('',*,*,#6896,.T.);
#4430=ORIENTED_EDGE('',*,*,#6264,.T.);
#4431=ORIENTED_EDGE('',*,*,#6898,.T.);
#4432=ORIENTED_EDGE('',*,*,#6877,.T.);
#4433=ORIENTED_EDGE('',*,*,#6879,.T.);
#4434=ORIENTED_EDGE('',*,*,#6899,.T.);
#4435=ORIENTED_EDGE('',*,*,#6248,.T.);
#4436=ORIENTED_EDGE('',*,*,#6900,.T.);
#4437=ORIENTED_EDGE('',*,*,#6900,.F.);
#4438=ORIENTED_EDGE('',*,*,#6247,.T.);
#4439=ORIENTED_EDGE('',*,*,#6887,.T.);
#4440=ORIENTED_EDGE('',*,*,#6883,.T.);
#4441=ORIENTED_EDGE('',*,*,#6899,.F.);
#4442=ORIENTED_EDGE('',*,*,#6881,.F.);
#4443=ORIENTED_EDGE('',*,*,#6888,.T.);
#4444=ORIENTED_EDGE('',*,*,#6249,.T.);
#4445=ORIENTED_EDGE('',*,*,#6901,.T.);
#4446=ORIENTED_EDGE('',*,*,#6902,.T.);
#4447=ORIENTED_EDGE('',*,*,#6903,.T.);
#4448=ORIENTED_EDGE('',*,*,#6889,.T.);
#4449=ORIENTED_EDGE('',*,*,#6878,.T.);
#4450=ORIENTED_EDGE('',*,*,#6898,.F.);
#4451=ORIENTED_EDGE('',*,*,#6263,.T.);
#4452=ORIENTED_EDGE('',*,*,#6904,.T.);
#4453=ORIENTED_EDGE('',*,*,#6355,.T.);
#4454=ORIENTED_EDGE('',*,*,#6905,.T.);
#4455=ORIENTED_EDGE('',*,*,#6906,.F.);
#4456=ORIENTED_EDGE('',*,*,#6897,.T.);
#4457=ORIENTED_EDGE('',*,*,#6885,.T.);
#4458=ORIENTED_EDGE('',*,*,#6890,.T.);
#4459=ORIENTED_EDGE('',*,*,#6907,.F.);
#4460=ORIENTED_EDGE('',*,*,#6908,.F.);
#4461=ORIENTED_EDGE('',*,*,#6909,.F.);
#4462=ORIENTED_EDGE('',*,*,#6910,.F.);
#4463=ORIENTED_EDGE('',*,*,#6911,.F.);
#4464=ORIENTED_EDGE('',*,*,#6908,.T.);
#4465=ORIENTED_EDGE('',*,*,#6912,.T.);
#4466=ORIENTED_EDGE('',*,*,#6913,.T.);
#4467=ORIENTED_EDGE('',*,*,#6914,.F.);
#4468=ORIENTED_EDGE('',*,*,#6915,.F.);
#4469=ORIENTED_EDGE('',*,*,#6916,.T.);
#4470=ORIENTED_EDGE('',*,*,#6917,.F.);
#4471=ORIENTED_EDGE('',*,*,#6918,.T.);
#4472=ORIENTED_EDGE('',*,*,#6916,.F.);
#4473=ORIENTED_EDGE('',*,*,#6919,.F.);
#4474=ORIENTED_EDGE('',*,*,#6292,.F.);
#4475=ORIENTED_EDGE('',*,*,#6920,.F.);
#4476=ORIENTED_EDGE('',*,*,#6912,.F.);
#4477=ORIENTED_EDGE('',*,*,#6907,.T.);
#4478=ORIENTED_EDGE('',*,*,#6921,.F.);
#4479=ORIENTED_EDGE('',*,*,#6922,.F.);
#4480=ORIENTED_EDGE('',*,*,#6923,.T.);
#4481=ORIENTED_EDGE('',*,*,#6924,.T.);
#4482=ORIENTED_EDGE('',*,*,#6925,.T.);
#4483=ORIENTED_EDGE('',*,*,#6926,.T.);
#4484=ORIENTED_EDGE('',*,*,#6343,.T.);
#4485=ORIENTED_EDGE('',*,*,#6927,.T.);
#4486=ORIENTED_EDGE('',*,*,#6306,.F.);
#4487=ORIENTED_EDGE('',*,*,#6928,.F.);
#4488=ORIENTED_EDGE('',*,*,#6918,.F.);
#4489=ORIENTED_EDGE('',*,*,#6929,.F.);
#4490=ORIENTED_EDGE('',*,*,#6914,.T.);
#4491=ORIENTED_EDGE('',*,*,#6928,.T.);
#4492=ORIENTED_EDGE('',*,*,#6305,.T.);
#4493=ORIENTED_EDGE('',*,*,#6930,.T.);
#4494=ORIENTED_EDGE('',*,*,#6909,.T.);
#4495=ORIENTED_EDGE('',*,*,#6911,.T.);
#4496=ORIENTED_EDGE('',*,*,#6931,.T.);
#4497=ORIENTED_EDGE('',*,*,#6290,.T.);
#4498=ORIENTED_EDGE('',*,*,#6932,.T.);
#4499=ORIENTED_EDGE('',*,*,#6932,.F.);
#4500=ORIENTED_EDGE('',*,*,#6289,.T.);
#4501=ORIENTED_EDGE('',*,*,#6919,.T.);
#4502=ORIENTED_EDGE('',*,*,#6915,.T.);
#4503=ORIENTED_EDGE('',*,*,#6931,.F.);
#4504=ORIENTED_EDGE('',*,*,#6913,.F.);
#4505=ORIENTED_EDGE('',*,*,#6920,.T.);
#4506=ORIENTED_EDGE('',*,*,#6291,.T.);
#4507=ORIENTED_EDGE('',*,*,#6933,.T.);
#4508=ORIENTED_EDGE('',*,*,#6934,.T.);
#4509=ORIENTED_EDGE('',*,*,#6935,.T.);
#4510=ORIENTED_EDGE('',*,*,#6921,.T.);
#4511=ORIENTED_EDGE('',*,*,#6910,.T.);
#4512=ORIENTED_EDGE('',*,*,#6930,.F.);
#4513=ORIENTED_EDGE('',*,*,#6304,.T.);
#4514=ORIENTED_EDGE('',*,*,#6936,.T.);
#4515=ORIENTED_EDGE('',*,*,#6345,.T.);
#4516=ORIENTED_EDGE('',*,*,#6937,.T.);
#4517=ORIENTED_EDGE('',*,*,#6938,.F.);
#4518=ORIENTED_EDGE('',*,*,#6929,.T.);
#4519=ORIENTED_EDGE('',*,*,#6917,.T.);
#4520=ORIENTED_EDGE('',*,*,#6922,.T.);
#4521=ORIENTED_EDGE('',*,*,#6939,.F.);
#4522=ORIENTED_EDGE('',*,*,#6940,.T.);
#4523=ORIENTED_EDGE('',*,*,#6941,.T.);
#4524=ORIENTED_EDGE('',*,*,#6942,.F.);
#4525=ORIENTED_EDGE('',*,*,#6939,.T.);
#4526=ORIENTED_EDGE('',*,*,#6943,.T.);
#4527=ORIENTED_EDGE('',*,*,#6944,.F.);
#4528=ORIENTED_EDGE('',*,*,#6945,.F.);
#4529=ORIENTED_EDGE('',*,*,#6946,.T.);
#4530=ORIENTED_EDGE('',*,*,#6947,.T.);
#4531=ORIENTED_EDGE('',*,*,#6948,.F.);
#4532=ORIENTED_EDGE('',*,*,#6949,.F.);
#4533=ORIENTED_EDGE('',*,*,#6941,.F.);
#4534=ORIENTED_EDGE('',*,*,#6950,.F.);
#4535=ORIENTED_EDGE('',*,*,#6951,.F.);
#4536=ORIENTED_EDGE('',*,*,#6952,.F.);
#4537=ORIENTED_EDGE('',*,*,#6953,.T.);
#4538=ORIENTED_EDGE('',*,*,#6954,.T.);
#4539=ORIENTED_EDGE('',*,*,#6955,.T.);
#4540=ORIENTED_EDGE('',*,*,#6956,.F.);
#4541=ORIENTED_EDGE('',*,*,#6957,.F.);
#4542=ORIENTED_EDGE('',*,*,#6309,.F.);
#4543=ORIENTED_EDGE('',*,*,#6958,.T.);
#4544=ORIENTED_EDGE('',*,*,#6402,.F.);
#4545=ORIENTED_EDGE('',*,*,#6959,.F.);
#4546=ORIENTED_EDGE('',*,*,#6960,.F.);
#4547=ORIENTED_EDGE('',*,*,#6961,.T.);
#4548=ORIENTED_EDGE('',*,*,#6962,.T.);
#4549=ORIENTED_EDGE('',*,*,#6963,.F.);
#4550=ORIENTED_EDGE('',*,*,#6964,.T.);
#4551=ORIENTED_EDGE('',*,*,#6965,.F.);
#4552=ORIENTED_EDGE('',*,*,#6966,.F.);
#4553=ORIENTED_EDGE('',*,*,#6967,.F.);
#4554=ORIENTED_EDGE('',*,*,#6968,.F.);
#4555=ORIENTED_EDGE('',*,*,#6969,.T.);
#4556=ORIENTED_EDGE('',*,*,#6970,.F.);
#4557=ORIENTED_EDGE('',*,*,#6971,.T.);
#4558=ORIENTED_EDGE('',*,*,#6972,.T.);
#4559=ORIENTED_EDGE('',*,*,#6973,.T.);
#4560=ORIENTED_EDGE('',*,*,#6974,.F.);
#4561=ORIENTED_EDGE('',*,*,#6947,.F.);
#4562=ORIENTED_EDGE('',*,*,#6975,.F.);
#4563=ORIENTED_EDGE('',*,*,#6974,.T.);
#4564=ORIENTED_EDGE('',*,*,#6976,.T.);
#4565=ORIENTED_EDGE('',*,*,#6977,.F.);
#4566=ORIENTED_EDGE('',*,*,#6978,.F.);
#4567=ORIENTED_EDGE('',*,*,#6979,.T.);
#4568=ORIENTED_EDGE('',*,*,#6980,.T.);
#4569=ORIENTED_EDGE('',*,*,#6981,.F.);
#4570=ORIENTED_EDGE('',*,*,#6982,.T.);
#4571=ORIENTED_EDGE('',*,*,#6983,.F.);
#4572=ORIENTED_EDGE('',*,*,#6979,.F.);
#4573=ORIENTED_EDGE('',*,*,#6984,.T.);
#4574=ORIENTED_EDGE('',*,*,#6985,.F.);
#4575=ORIENTED_EDGE('',*,*,#6943,.F.);
#4576=ORIENTED_EDGE('',*,*,#6942,.T.);
#4577=ORIENTED_EDGE('',*,*,#6949,.T.);
#4578=ORIENTED_EDGE('',*,*,#6944,.T.);
#4579=ORIENTED_EDGE('',*,*,#6985,.T.);
#4580=ORIENTED_EDGE('',*,*,#6986,.F.);
#4581=ORIENTED_EDGE('',*,*,#6987,.T.);
#4582=ORIENTED_EDGE('',*,*,#6945,.T.);
#4583=ORIENTED_EDGE('',*,*,#6987,.F.);
#4584=ORIENTED_EDGE('',*,*,#6988,.F.);
#4585=ORIENTED_EDGE('',*,*,#6950,.T.);
#4586=ORIENTED_EDGE('',*,*,#6940,.F.);
#4587=ORIENTED_EDGE('',*,*,#6989,.T.);
#4588=ORIENTED_EDGE('',*,*,#6990,.T.);
#4589=ORIENTED_EDGE('',*,*,#6991,.T.);
#4590=ORIENTED_EDGE('',*,*,#6990,.F.);
#4591=ORIENTED_EDGE('',*,*,#6992,.F.);
#4592=ORIENTED_EDGE('',*,*,#6993,.T.);
#4593=ORIENTED_EDGE('',*,*,#6994,.F.);
#4594=ORIENTED_EDGE('',*,*,#6965,.T.);
#4595=ORIENTED_EDGE('',*,*,#6995,.F.);
#4596=ORIENTED_EDGE('',*,*,#6991,.F.);
#4597=ORIENTED_EDGE('',*,*,#6994,.T.);
#4598=ORIENTED_EDGE('',*,*,#6996,.T.);
#4599=ORIENTED_EDGE('',*,*,#6997,.F.);
#4600=ORIENTED_EDGE('',*,*,#6998,.T.);
#4601=ORIENTED_EDGE('',*,*,#6966,.T.);
#4602=ORIENTED_EDGE('',*,*,#6997,.T.);
#4603=ORIENTED_EDGE('',*,*,#6999,.T.);
#4604=ORIENTED_EDGE('',*,*,#7000,.T.);
#4605=ORIENTED_EDGE('',*,*,#6967,.T.);
#4606=ORIENTED_EDGE('',*,*,#6998,.F.);
#4607=ORIENTED_EDGE('',*,*,#7001,.F.);
#4608=ORIENTED_EDGE('',*,*,#7002,.F.);
#4609=ORIENTED_EDGE('',*,*,#6968,.T.);
#4610=ORIENTED_EDGE('',*,*,#7000,.F.);
#4611=ORIENTED_EDGE('',*,*,#7003,.T.);
#4612=ORIENTED_EDGE('',*,*,#6969,.F.);
#4613=ORIENTED_EDGE('',*,*,#7002,.T.);
#4614=ORIENTED_EDGE('',*,*,#7004,.T.);
#4615=ORIENTED_EDGE('',*,*,#7005,.F.);
#4616=ORIENTED_EDGE('',*,*,#7006,.F.);
#4617=ORIENTED_EDGE('',*,*,#6970,.T.);
#4618=ORIENTED_EDGE('',*,*,#7005,.T.);
#4619=ORIENTED_EDGE('',*,*,#7007,.T.);
#4620=ORIENTED_EDGE('',*,*,#6975,.T.);
#4621=ORIENTED_EDGE('',*,*,#6946,.F.);
#4622=ORIENTED_EDGE('',*,*,#7006,.T.);
#4623=ORIENTED_EDGE('',*,*,#7008,.T.);
#4624=ORIENTED_EDGE('',*,*,#7009,.T.);
#4625=ORIENTED_EDGE('',*,*,#6971,.F.);
#4626=ORIENTED_EDGE('',*,*,#7010,.T.);
#4627=ORIENTED_EDGE('',*,*,#7011,.T.);
#4628=ORIENTED_EDGE('',*,*,#6972,.F.);
#4629=ORIENTED_EDGE('',*,*,#7009,.F.);
#4630=ORIENTED_EDGE('',*,*,#6948,.T.);
#4631=ORIENTED_EDGE('',*,*,#6976,.F.);
#4632=ORIENTED_EDGE('',*,*,#6973,.F.);
#4633=ORIENTED_EDGE('',*,*,#7011,.F.);
#4634=ORIENTED_EDGE('',*,*,#7012,.F.);
#4635=ORIENTED_EDGE('',*,*,#7013,.T.);
#4636=ORIENTED_EDGE('',*,*,#7014,.F.);
#4637=ORIENTED_EDGE('',*,*,#7015,.F.);
#4638=ORIENTED_EDGE('',*,*,#6980,.F.);
#4639=ORIENTED_EDGE('',*,*,#6983,.T.);
#4640=ORIENTED_EDGE('',*,*,#7016,.T.);
#4641=ORIENTED_EDGE('',*,*,#7017,.F.);
#4642=ORIENTED_EDGE('',*,*,#7018,.F.);
#4643=ORIENTED_EDGE('',*,*,#6977,.T.);
#4644=ORIENTED_EDGE('',*,*,#7015,.T.);
#4645=ORIENTED_EDGE('',*,*,#7019,.F.);
#4646=ORIENTED_EDGE('',*,*,#7020,.F.);
#4647=ORIENTED_EDGE('',*,*,#6981,.T.);
#4648=ORIENTED_EDGE('',*,*,#6978,.T.);
#4649=ORIENTED_EDGE('',*,*,#7018,.T.);
#4650=ORIENTED_EDGE('',*,*,#6951,.T.);
#4651=ORIENTED_EDGE('',*,*,#6988,.T.);
#4652=ORIENTED_EDGE('',*,*,#6986,.T.);
#4653=ORIENTED_EDGE('',*,*,#6984,.F.);
#4654=ORIENTED_EDGE('',*,*,#7013,.F.);
#4655=ORIENTED_EDGE('',*,*,#7016,.F.);
#4656=ORIENTED_EDGE('',*,*,#6982,.F.);
#4657=ORIENTED_EDGE('',*,*,#7020,.T.);
#4658=ORIENTED_EDGE('',*,*,#7021,.F.);
#4659=ORIENTED_EDGE('',*,*,#7022,.F.);
#4660=ORIENTED_EDGE('',*,*,#7023,.F.);
#4661=ORIENTED_EDGE('',*,*,#6952,.T.);
#4662=ORIENTED_EDGE('',*,*,#7022,.T.);
#4663=ORIENTED_EDGE('',*,*,#7024,.T.);
#4664=ORIENTED_EDGE('',*,*,#6953,.F.);
#4665=ORIENTED_EDGE('',*,*,#7023,.T.);
#4666=ORIENTED_EDGE('',*,*,#7025,.F.);
#4667=ORIENTED_EDGE('',*,*,#7026,.F.);
#4668=ORIENTED_EDGE('',*,*,#7027,.F.);
#4669=ORIENTED_EDGE('',*,*,#6956,.T.);
#4670=ORIENTED_EDGE('',*,*,#7028,.F.);
#4671=ORIENTED_EDGE('',*,*,#7029,.F.);
#4672=ORIENTED_EDGE('',*,*,#7030,.T.);
#4673=ORIENTED_EDGE('',*,*,#7031,.T.);
#4674=ORIENTED_EDGE('',*,*,#7028,.T.);
#4675=ORIENTED_EDGE('',*,*,#6955,.F.);
#4676=ORIENTED_EDGE('',*,*,#6954,.F.);
#4677=ORIENTED_EDGE('',*,*,#7026,.T.);
#4678=ORIENTED_EDGE('',*,*,#7032,.T.);
#4679=ORIENTED_EDGE('',*,*,#7030,.F.);
#4680=ORIENTED_EDGE('',*,*,#7033,.T.);
#4681=ORIENTED_EDGE('',*,*,#7034,.T.);
#4682=ORIENTED_EDGE('',*,*,#6992,.T.);
#4683=ORIENTED_EDGE('',*,*,#6989,.F.);
#4684=ORIENTED_EDGE('',*,*,#6995,.T.);
#4685=ORIENTED_EDGE('',*,*,#6964,.F.);
#4686=ORIENTED_EDGE('',*,*,#7035,.F.);
#4687=ORIENTED_EDGE('',*,*,#7036,.F.);
#4688=ORIENTED_EDGE('',*,*,#7033,.F.);
#4689=ORIENTED_EDGE('',*,*,#6963,.T.);
#4690=ORIENTED_EDGE('',*,*,#7035,.T.);
#4691=ORIENTED_EDGE('',*,*,#6962,.F.);
#4692=ORIENTED_EDGE('',*,*,#7037,.F.);
#4693=ORIENTED_EDGE('',*,*,#7038,.T.);
#4694=ORIENTED_EDGE('',*,*,#7037,.T.);
#4695=ORIENTED_EDGE('',*,*,#6961,.F.);
#4696=ORIENTED_EDGE('',*,*,#7039,.T.);
#4697=ORIENTED_EDGE('',*,*,#7040,.T.);
#4698=ORIENTED_EDGE('',*,*,#7039,.F.);
#4699=ORIENTED_EDGE('',*,*,#6960,.T.);
#4700=ORIENTED_EDGE('',*,*,#7041,.F.);
#4701=ORIENTED_EDGE('',*,*,#7042,.F.);
#4702=ORIENTED_EDGE('',*,*,#7041,.T.);
#4703=ORIENTED_EDGE('',*,*,#6959,.T.);
#4704=ORIENTED_EDGE('',*,*,#6421,.T.);
#4705=ORIENTED_EDGE('',*,*,#7043,.F.);
#4706=ORIENTED_EDGE('',*,*,#6311,.F.);
#4707=ORIENTED_EDGE('',*,*,#7044,.T.);
#4708=ORIENTED_EDGE('',*,*,#7045,.T.);
#4709=ORIENTED_EDGE('',*,*,#7046,.T.);
#4710=ORIENTED_EDGE('',*,*,#7047,.T.);
#4711=ORIENTED_EDGE('',*,*,#6312,.F.);
#4712=ORIENTED_EDGE('',*,*,#7045,.F.);
#4713=ORIENTED_EDGE('',*,*,#7047,.F.);
#4714=ORIENTED_EDGE('',*,*,#7048,.T.);
#4715=ORIENTED_EDGE('',*,*,#7029,.T.);
#4716=ORIENTED_EDGE('',*,*,#7031,.F.);
#4717=ORIENTED_EDGE('',*,*,#7032,.F.);
#4718=ORIENTED_EDGE('',*,*,#7025,.T.);
#4719=ORIENTED_EDGE('',*,*,#7024,.F.);
#4720=ORIENTED_EDGE('',*,*,#7021,.T.);
#4721=ORIENTED_EDGE('',*,*,#7019,.T.);
#4722=ORIENTED_EDGE('',*,*,#7017,.T.);
#4723=ORIENTED_EDGE('',*,*,#7014,.T.);
#4724=ORIENTED_EDGE('',*,*,#7012,.T.);
#4725=ORIENTED_EDGE('',*,*,#7010,.F.);
#4726=ORIENTED_EDGE('',*,*,#7008,.F.);
#4727=ORIENTED_EDGE('',*,*,#7007,.F.);
#4728=ORIENTED_EDGE('',*,*,#7004,.F.);
#4729=ORIENTED_EDGE('',*,*,#7003,.F.);
#4730=ORIENTED_EDGE('',*,*,#7001,.T.);
#4731=ORIENTED_EDGE('',*,*,#6999,.F.);
#4732=ORIENTED_EDGE('',*,*,#6996,.F.);
#4733=ORIENTED_EDGE('',*,*,#6993,.F.);
#4734=ORIENTED_EDGE('',*,*,#7034,.F.);
#4735=ORIENTED_EDGE('',*,*,#7036,.T.);
#4736=ORIENTED_EDGE('',*,*,#7038,.F.);
#4737=ORIENTED_EDGE('',*,*,#7040,.F.);
#4738=ORIENTED_EDGE('',*,*,#7042,.T.);
#4739=ORIENTED_EDGE('',*,*,#7043,.T.);
#4740=ORIENTED_EDGE('',*,*,#6420,.F.);
#4741=ORIENTED_EDGE('',*,*,#6326,.T.);
#4742=ORIENTED_EDGE('',*,*,#6313,.F.);
#4743=ORIENTED_EDGE('',*,*,#7048,.F.);
#4744=ORIENTED_EDGE('',*,*,#7046,.F.);
#4745=ORIENTED_EDGE('',*,*,#7044,.F.);
#4746=ORIENTED_EDGE('',*,*,#6310,.T.);
#4747=ORIENTED_EDGE('',*,*,#6957,.T.);
#4748=ORIENTED_EDGE('',*,*,#7027,.T.);
#4749=ORIENTED_EDGE('',*,*,#7049,.T.);
#4750=ORIENTED_EDGE('',*,*,#7050,.T.);
#4751=ORIENTED_EDGE('',*,*,#7051,.F.);
#4752=ORIENTED_EDGE('',*,*,#7052,.F.);
#4753=ORIENTED_EDGE('',*,*,#7053,.F.);
#4754=ORIENTED_EDGE('',*,*,#7054,.F.);
#4755=ORIENTED_EDGE('',*,*,#7055,.F.);
#4756=ORIENTED_EDGE('',*,*,#7050,.F.);
#4757=ORIENTED_EDGE('',*,*,#7056,.F.);
#4758=ORIENTED_EDGE('',*,*,#6317,.F.);
#4759=ORIENTED_EDGE('',*,*,#7057,.F.);
#4760=ORIENTED_EDGE('',*,*,#7058,.T.);
#4761=ORIENTED_EDGE('',*,*,#7059,.T.);
#4762=ORIENTED_EDGE('',*,*,#7060,.F.);
#4763=ORIENTED_EDGE('',*,*,#6319,.T.);
#4764=ORIENTED_EDGE('',*,*,#6361,.T.);
#4765=ORIENTED_EDGE('',*,*,#7061,.T.);
#4766=ORIENTED_EDGE('',*,*,#7062,.T.);
#4767=ORIENTED_EDGE('',*,*,#7063,.T.);
#4768=ORIENTED_EDGE('',*,*,#7064,.T.);
#4769=ORIENTED_EDGE('',*,*,#6294,.F.);
#4770=ORIENTED_EDGE('',*,*,#7065,.F.);
#4771=ORIENTED_EDGE('',*,*,#7058,.F.);
#4772=ORIENTED_EDGE('',*,*,#7066,.F.);
#4773=ORIENTED_EDGE('',*,*,#7067,.F.);
#4774=ORIENTED_EDGE('',*,*,#7053,.T.);
#4775=ORIENTED_EDGE('',*,*,#7049,.F.);
#4776=ORIENTED_EDGE('',*,*,#7068,.F.);
#4777=ORIENTED_EDGE('',*,*,#7069,.F.);
#4778=ORIENTED_EDGE('',*,*,#7066,.T.);
#4779=ORIENTED_EDGE('',*,*,#7057,.T.);
#4780=ORIENTED_EDGE('',*,*,#6316,.T.);
#4781=ORIENTED_EDGE('',*,*,#7070,.T.);
#4782=ORIENTED_EDGE('',*,*,#7071,.T.);
#4783=ORIENTED_EDGE('',*,*,#7072,.T.);
#4784=ORIENTED_EDGE('',*,*,#7073,.T.);
#4785=ORIENTED_EDGE('',*,*,#6359,.T.);
#4786=ORIENTED_EDGE('',*,*,#7074,.T.);
#4787=ORIENTED_EDGE('',*,*,#6301,.F.);
#4788=ORIENTED_EDGE('',*,*,#7075,.F.);
#4789=ORIENTED_EDGE('',*,*,#7054,.T.);
#4790=ORIENTED_EDGE('',*,*,#7067,.T.);
#4791=ORIENTED_EDGE('',*,*,#7076,.F.);
#4792=ORIENTED_EDGE('',*,*,#7059,.F.);
#4793=ORIENTED_EDGE('',*,*,#7065,.T.);
#4794=ORIENTED_EDGE('',*,*,#6293,.T.);
#4795=ORIENTED_EDGE('',*,*,#7077,.F.);
#4796=ORIENTED_EDGE('',*,*,#6295,.T.);
#4797=ORIENTED_EDGE('',*,*,#7068,.T.);
#4798=ORIENTED_EDGE('',*,*,#7052,.T.);
#4799=ORIENTED_EDGE('',*,*,#7075,.T.);
#4800=ORIENTED_EDGE('',*,*,#6300,.T.);
#4801=ORIENTED_EDGE('',*,*,#6318,.T.);
#4802=ORIENTED_EDGE('',*,*,#7056,.T.);
#4803=ORIENTED_EDGE('',*,*,#7076,.T.);
#4804=ORIENTED_EDGE('',*,*,#6296,.T.);
#4805=ORIENTED_EDGE('',*,*,#7077,.T.);
#4806=ORIENTED_EDGE('',*,*,#7051,.T.);
#4807=ORIENTED_EDGE('',*,*,#7055,.T.);
#4808=ORIENTED_EDGE('',*,*,#6759,.F.);
#4809=ORIENTED_EDGE('',*,*,#7078,.T.);
#4810=ORIENTED_EDGE('',*,*,#6278,.F.);
#4811=ORIENTED_EDGE('',*,*,#7079,.T.);
#4812=ORIENTED_EDGE('',*,*,#6760,.F.);
#4813=ORIENTED_EDGE('',*,*,#7079,.F.);
#4814=ORIENTED_EDGE('',*,*,#6277,.F.);
#4815=ORIENTED_EDGE('',*,*,#6350,.T.);
#4816=ORIENTED_EDGE('',*,*,#7080,.F.);
#4817=ORIENTED_EDGE('',*,*,#7081,.T.);
#4818=ORIENTED_EDGE('',*,*,#7082,.T.);
#4819=ORIENTED_EDGE('',*,*,#6280,.F.);
#4820=ORIENTED_EDGE('',*,*,#7083,.T.);
#4821=ORIENTED_EDGE('',*,*,#6757,.F.);
#4822=ORIENTED_EDGE('',*,*,#6756,.T.);
#4823=ORIENTED_EDGE('',*,*,#6749,.F.);
#4824=ORIENTED_EDGE('',*,*,#6925,.F.);
#4825=ORIENTED_EDGE('',*,*,#7084,.T.);
#4826=ORIENTED_EDGE('',*,*,#6933,.F.);
#4827=ORIENTED_EDGE('',*,*,#7085,.F.);
#4828=ORIENTED_EDGE('',*,*,#6935,.F.);
#4829=ORIENTED_EDGE('',*,*,#7086,.T.);
#4830=ORIENTED_EDGE('',*,*,#6923,.F.);
#4831=ORIENTED_EDGE('',*,*,#6938,.T.);
#4832=ORIENTED_EDGE('',*,*,#6937,.F.);
#4833=ORIENTED_EDGE('',*,*,#6344,.F.);
#4834=ORIENTED_EDGE('',*,*,#6926,.F.);
#4835=ORIENTED_EDGE('',*,*,#7085,.T.);
#4836=ORIENTED_EDGE('',*,*,#6905,.F.);
#4837=ORIENTED_EDGE('',*,*,#6354,.F.);
#4838=ORIENTED_EDGE('',*,*,#6894,.F.);
#4839=ORIENTED_EDGE('',*,*,#7087,.T.);
#4840=ORIENTED_EDGE('',*,*,#6893,.F.);
#4841=ORIENTED_EDGE('',*,*,#7088,.T.);
#4842=ORIENTED_EDGE('',*,*,#6901,.F.);
#4843=ORIENTED_EDGE('',*,*,#7087,.F.);
#4844=ORIENTED_EDGE('',*,*,#6903,.F.);
#4845=ORIENTED_EDGE('',*,*,#7089,.T.);
#4846=ORIENTED_EDGE('',*,*,#6891,.F.);
#4847=ORIENTED_EDGE('',*,*,#6906,.T.);
#4848=ORIENTED_EDGE('',*,*,#7090,.F.);
#4849=ORIENTED_EDGE('',*,*,#7091,.T.);
#4850=ORIENTED_EDGE('',*,*,#7092,.T.);
#4851=ORIENTED_EDGE('',*,*,#7064,.F.);
#4852=ORIENTED_EDGE('',*,*,#7093,.T.);
#4853=ORIENTED_EDGE('',*,*,#7070,.F.);
#4854=ORIENTED_EDGE('',*,*,#7069,.T.);
#4855=ORIENTED_EDGE('',*,*,#6315,.F.);
#4856=ORIENTED_EDGE('',*,*,#7072,.F.);
#4857=ORIENTED_EDGE('',*,*,#7094,.T.);
#4858=ORIENTED_EDGE('',*,*,#7062,.F.);
#4859=ORIENTED_EDGE('',*,*,#7095,.T.);
#4860=ORIENTED_EDGE('',*,*,#7073,.F.);
#4861=ORIENTED_EDGE('',*,*,#7095,.F.);
#4862=ORIENTED_EDGE('',*,*,#7061,.F.);
#4863=ORIENTED_EDGE('',*,*,#6360,.T.);
#4864=ORIENTED_EDGE('',*,*,#6279,.F.);
#4865=ORIENTED_EDGE('',*,*,#7078,.F.);
#4866=ORIENTED_EDGE('',*,*,#6758,.F.);
#4867=ORIENTED_EDGE('',*,*,#7083,.F.);
#4868=ORIENTED_EDGE('',*,*,#6892,.F.);
#4869=ORIENTED_EDGE('',*,*,#7089,.F.);
#4870=ORIENTED_EDGE('',*,*,#6902,.F.);
#4871=ORIENTED_EDGE('',*,*,#7088,.F.);
#4872=ORIENTED_EDGE('',*,*,#6924,.F.);
#4873=ORIENTED_EDGE('',*,*,#7086,.F.);
#4874=ORIENTED_EDGE('',*,*,#6934,.F.);
#4875=ORIENTED_EDGE('',*,*,#7084,.F.);
#4876=ORIENTED_EDGE('',*,*,#7063,.F.);
#4877=ORIENTED_EDGE('',*,*,#7094,.F.);
#4878=ORIENTED_EDGE('',*,*,#7071,.F.);
#4879=ORIENTED_EDGE('',*,*,#7093,.F.);
#4880=ORIENTED_EDGE('',*,*,#6342,.F.);
#4881=ORIENTED_EDGE('',*,*,#7096,.T.);
#4882=ORIENTED_EDGE('',*,*,#6307,.F.);
#4883=ORIENTED_EDGE('',*,*,#6927,.F.);
#4884=ORIENTED_EDGE('',*,*,#6133,.F.);
#4885=ORIENTED_EDGE('',*,*,#6346,.F.);
#4886=ORIENTED_EDGE('',*,*,#6936,.F.);
#4887=ORIENTED_EDGE('',*,*,#6303,.F.);
#4888=ORIENTED_EDGE('',*,*,#6135,.F.);
#4889=ORIENTED_EDGE('',*,*,#6302,.F.);
#4890=ORIENTED_EDGE('',*,*,#7074,.F.);
#4891=ORIENTED_EDGE('',*,*,#6358,.F.);
#4892=ORIENTED_EDGE('',*,*,#6352,.F.);
#4893=ORIENTED_EDGE('',*,*,#7097,.T.);
#4894=ORIENTED_EDGE('',*,*,#6266,.F.);
#4895=ORIENTED_EDGE('',*,*,#6895,.F.);
#4896=ORIENTED_EDGE('',*,*,#6362,.F.);
#4897=ORIENTED_EDGE('',*,*,#6356,.F.);
#4898=ORIENTED_EDGE('',*,*,#6904,.F.);
#4899=ORIENTED_EDGE('',*,*,#6262,.F.);
#4900=ORIENTED_EDGE('',*,*,#6761,.F.);
#4901=ORIENTED_EDGE('',*,*,#6348,.F.);
#4902=ORIENTED_EDGE('',*,*,#6363,.F.);
#4903=ORIENTED_EDGE('',*,*,#6260,.F.);
#4904=ORIENTED_EDGE('',*,*,#6619,.F.);
#4905=ORIENTED_EDGE('',*,*,#7098,.T.);
#4906=ORIENTED_EDGE('',*,*,#6597,.F.);
#4907=ORIENTED_EDGE('',*,*,#6423,.F.);
#4908=ORIENTED_EDGE('',*,*,#6600,.F.);
#4909=ORIENTED_EDGE('',*,*,#7099,.T.);
#4910=ORIENTED_EDGE('',*,*,#6674,.F.);
#4911=ORIENTED_EDGE('',*,*,#6433,.F.);
#4912=ORIENTED_EDGE('',*,*,#6657,.F.);
#4913=ORIENTED_EDGE('',*,*,#7100,.T.);
#4914=ORIENTED_EDGE('',*,*,#6713,.F.);
#4915=ORIENTED_EDGE('',*,*,#6439,.F.);
#4916=ORIENTED_EDGE('',*,*,#6703,.F.);
#4917=ORIENTED_EDGE('',*,*,#7101,.T.);
#4918=ORIENTED_EDGE('',*,*,#6399,.F.);
#4919=ORIENTED_EDGE('',*,*,#6445,.F.);
#4920=ORIENTED_EDGE('',*,*,#6578,.F.);
#4921=ORIENTED_EDGE('',*,*,#7102,.T.);
#4922=ORIENTED_EDGE('',*,*,#6628,.F.);
#4923=ORIENTED_EDGE('',*,*,#6447,.F.);
#4924=ORIENTED_EDGE('',*,*,#6649,.F.);
#4925=ORIENTED_EDGE('',*,*,#7103,.T.);
#4926=ORIENTED_EDGE('',*,*,#6715,.F.);
#4927=ORIENTED_EDGE('',*,*,#6457,.F.);
#4928=ORIENTED_EDGE('',*,*,#6724,.F.);
#4929=ORIENTED_EDGE('',*,*,#7104,.T.);
#4930=ORIENTED_EDGE('',*,*,#6696,.F.);
#4931=ORIENTED_EDGE('',*,*,#6463,.F.);
#4932=ORIENTED_EDGE('',*,*,#6693,.F.);
#4933=ORIENTED_EDGE('',*,*,#7105,.T.);
#4934=ORIENTED_EDGE('',*,*,#6624,.F.);
#4935=ORIENTED_EDGE('',*,*,#6469,.F.);
#4936=ORIENTED_EDGE('',*,*,#6616,.F.);
#4937=ORIENTED_EDGE('',*,*,#6481,.F.);
#4938=ORIENTED_EDGE('',*,*,#7106,.F.);
#4939=ORIENTED_EDGE('',*,*,#6618,.F.);
#4940=ORIENTED_EDGE('',*,*,#7106,.T.);
#4941=ORIENTED_EDGE('',*,*,#6480,.F.);
#4942=ORIENTED_EDGE('',*,*,#7107,.F.);
#4943=ORIENTED_EDGE('',*,*,#7098,.F.);
#4944=ORIENTED_EDGE('',*,*,#6584,.F.);
#4945=ORIENTED_EDGE('',*,*,#6598,.F.);
#4946=ORIENTED_EDGE('',*,*,#7107,.T.);
#4947=ORIENTED_EDGE('',*,*,#6479,.F.);
#4948=ORIENTED_EDGE('',*,*,#6613,.F.);
#4949=ORIENTED_EDGE('',*,*,#6611,.F.);
#4950=ORIENTED_EDGE('',*,*,#6609,.F.);
#4951=ORIENTED_EDGE('',*,*,#6485,.F.);
#4952=ORIENTED_EDGE('',*,*,#6682,.F.);
#4953=ORIENTED_EDGE('',*,*,#6491,.F.);
#4954=ORIENTED_EDGE('',*,*,#7108,.F.);
#4955=ORIENTED_EDGE('',*,*,#6692,.F.);
#4956=ORIENTED_EDGE('',*,*,#7108,.T.);
#4957=ORIENTED_EDGE('',*,*,#6490,.F.);
#4958=ORIENTED_EDGE('',*,*,#7109,.F.);
#4959=ORIENTED_EDGE('',*,*,#7105,.F.);
#4960=ORIENTED_EDGE('',*,*,#6606,.F.);
#4961=ORIENTED_EDGE('',*,*,#6625,.F.);
#4962=ORIENTED_EDGE('',*,*,#7109,.T.);
#4963=ORIENTED_EDGE('',*,*,#6489,.F.);
#4964=ORIENTED_EDGE('',*,*,#6722,.F.);
#4965=ORIENTED_EDGE('',*,*,#6497,.F.);
#4966=ORIENTED_EDGE('',*,*,#7110,.F.);
#4967=ORIENTED_EDGE('',*,*,#6723,.F.);
#4968=ORIENTED_EDGE('',*,*,#7110,.T.);
#4969=ORIENTED_EDGE('',*,*,#6496,.F.);
#4970=ORIENTED_EDGE('',*,*,#7111,.F.);
#4971=ORIENTED_EDGE('',*,*,#7104,.F.);
#4972=ORIENTED_EDGE('',*,*,#6678,.F.);
#4973=ORIENTED_EDGE('',*,*,#6697,.F.);
#4974=ORIENTED_EDGE('',*,*,#7111,.T.);
#4975=ORIENTED_EDGE('',*,*,#6495,.F.);
#4976=ORIENTED_EDGE('',*,*,#6647,.F.);
#4977=ORIENTED_EDGE('',*,*,#6503,.F.);
#4978=ORIENTED_EDGE('',*,*,#7112,.F.);
#4979=ORIENTED_EDGE('',*,*,#6648,.F.);
#4980=ORIENTED_EDGE('',*,*,#7112,.T.);
#4981=ORIENTED_EDGE('',*,*,#6502,.F.);
#4982=ORIENTED_EDGE('',*,*,#7113,.F.);
#4983=ORIENTED_EDGE('',*,*,#7103,.F.);
#4984=ORIENTED_EDGE('',*,*,#6718,.F.);
#4985=ORIENTED_EDGE('',*,*,#6716,.F.);
#4986=ORIENTED_EDGE('',*,*,#7113,.T.);
#4987=ORIENTED_EDGE('',*,*,#6501,.F.);
#4988=ORIENTED_EDGE('',*,*,#6639,.F.);
#4989=ORIENTED_EDGE('',*,*,#6636,.F.);
#4990=ORIENTED_EDGE('',*,*,#6635,.F.);
#4991=ORIENTED_EDGE('',*,*,#6507,.F.);
#4992=ORIENTED_EDGE('',*,*,#6395,.F.);
#4993=ORIENTED_EDGE('',*,*,#6513,.F.);
#4994=ORIENTED_EDGE('',*,*,#7114,.F.);
#4995=ORIENTED_EDGE('',*,*,#6577,.F.);
#4996=ORIENTED_EDGE('',*,*,#7114,.T.);
#4997=ORIENTED_EDGE('',*,*,#6512,.F.);
#4998=ORIENTED_EDGE('',*,*,#7115,.F.);
#4999=ORIENTED_EDGE('',*,*,#7102,.F.);
#5000=ORIENTED_EDGE('',*,*,#6632,.F.);
#5001=ORIENTED_EDGE('',*,*,#6629,.F.);
#5002=ORIENTED_EDGE('',*,*,#7115,.T.);
#5003=ORIENTED_EDGE('',*,*,#6511,.F.);
#5004=ORIENTED_EDGE('',*,*,#6701,.F.);
#5005=ORIENTED_EDGE('',*,*,#6517,.F.);
#5006=ORIENTED_EDGE('',*,*,#7116,.F.);
#5007=ORIENTED_EDGE('',*,*,#6702,.F.);
#5008=ORIENTED_EDGE('',*,*,#7116,.T.);
#5009=ORIENTED_EDGE('',*,*,#6516,.F.);
#5010=ORIENTED_EDGE('',*,*,#7117,.F.);
#5011=ORIENTED_EDGE('',*,*,#7101,.F.);
#5012=ORIENTED_EDGE('',*,*,#6375,.F.);
#5013=ORIENTED_EDGE('',*,*,#6400,.F.);
#5014=ORIENTED_EDGE('',*,*,#7117,.T.);
#5015=ORIENTED_EDGE('',*,*,#6515,.F.);
#5016=ORIENTED_EDGE('',*,*,#6383,.F.);
#5017=ORIENTED_EDGE('',*,*,#6514,.F.);
#5018=ORIENTED_EDGE('',*,*,#6387,.F.);
#5019=ORIENTED_EDGE('',*,*,#6397,.F.);
#5020=ORIENTED_EDGE('',*,*,#6711,.F.);
#5021=ORIENTED_EDGE('',*,*,#6714,.F.);
#5022=ORIENTED_EDGE('',*,*,#7118,.F.);
#5023=ORIENTED_EDGE('',*,*,#6521,.F.);
#5024=ORIENTED_EDGE('',*,*,#7118,.T.);
#5025=ORIENTED_EDGE('',*,*,#7100,.F.);
#5026=ORIENTED_EDGE('',*,*,#7119,.F.);
#5027=ORIENTED_EDGE('',*,*,#6522,.F.);
#5028=ORIENTED_EDGE('',*,*,#7119,.T.);
#5029=ORIENTED_EDGE('',*,*,#6656,.F.);
#5030=ORIENTED_EDGE('',*,*,#6655,.F.);
#5031=ORIENTED_EDGE('',*,*,#6523,.F.);
#5032=ORIENTED_EDGE('',*,*,#6590,.F.);
#5033=ORIENTED_EDGE('',*,*,#6529,.F.);
#5034=ORIENTED_EDGE('',*,*,#7120,.F.);
#5035=ORIENTED_EDGE('',*,*,#6599,.F.);
#5036=ORIENTED_EDGE('',*,*,#7120,.T.);
#5037=ORIENTED_EDGE('',*,*,#6528,.F.);
#5038=ORIENTED_EDGE('',*,*,#7121,.F.);
#5039=ORIENTED_EDGE('',*,*,#7099,.F.);
#5040=ORIENTED_EDGE('',*,*,#6667,.F.);
#5041=ORIENTED_EDGE('',*,*,#6675,.F.);
#5042=ORIENTED_EDGE('',*,*,#7121,.T.);
#5043=ORIENTED_EDGE('',*,*,#6527,.F.);
#5044=ORIENTED_EDGE('',*,*,#6587,.F.);
#5045=ORIENTED_EDGE('',*,*,#6601,.F.);
#5046=ORIENTED_EDGE('',*,*,#6581,.F.);
#5047=ORIENTED_EDGE('',*,*,#6533,.F.);
#5048=ORIENTED_EDGE('',*,*,#6191,.T.);
#5049=ORIENTED_EDGE('',*,*,#7122,.T.);
#5050=ORIENTED_EDGE('',*,*,#6145,.T.);
#5051=ORIENTED_EDGE('',*,*,#6143,.T.);
#5052=ORIENTED_EDGE('',*,*,#7123,.T.);
#5053=ORIENTED_EDGE('',*,*,#6192,.T.);
#5054=ORIENTED_EDGE('',*,*,#6203,.T.);
#5055=ORIENTED_EDGE('',*,*,#7124,.T.);
#5056=ORIENTED_EDGE('',*,*,#6167,.T.);
#5057=ORIENTED_EDGE('',*,*,#6165,.T.);
#5058=ORIENTED_EDGE('',*,*,#7125,.T.);
#5059=ORIENTED_EDGE('',*,*,#6204,.T.);
#5060=ORIENTED_EDGE('',*,*,#6215,.T.);
#5061=ORIENTED_EDGE('',*,*,#7126,.T.);
#5062=ORIENTED_EDGE('',*,*,#6161,.T.);
#5063=ORIENTED_EDGE('',*,*,#6159,.T.);
#5064=ORIENTED_EDGE('',*,*,#7127,.T.);
#5065=ORIENTED_EDGE('',*,*,#6216,.T.);
#5066=ORIENTED_EDGE('',*,*,#6153,.F.);
#5067=ORIENTED_EDGE('',*,*,#7128,.T.);
#5068=ORIENTED_EDGE('',*,*,#6172,.F.);
#5069=ORIENTED_EDGE('',*,*,#7129,.T.);
#5070=ORIENTED_EDGE('',*,*,#6151,.F.);
#5071=ORIENTED_EDGE('',*,*,#7130,.T.);
#5072=ORIENTED_EDGE('',*,*,#7131,.T.);
#5073=ORIENTED_EDGE('',*,*,#7132,.T.);
#5074=ORIENTED_EDGE('',*,*,#6147,.F.);
#5075=ORIENTED_EDGE('',*,*,#7133,.T.);
#5076=ORIENTED_EDGE('',*,*,#6189,.T.);
#5077=ORIENTED_EDGE('',*,*,#7134,.T.);
#5078=ORIENTED_EDGE('',*,*,#6141,.F.);
#5079=ORIENTED_EDGE('',*,*,#7135,.T.);
#5080=ORIENTED_EDGE('',*,*,#6201,.T.);
#5081=ORIENTED_EDGE('',*,*,#7136,.T.);
#5082=ORIENTED_EDGE('',*,*,#6163,.F.);
#5083=ORIENTED_EDGE('',*,*,#7137,.T.);
#5084=ORIENTED_EDGE('',*,*,#6213,.T.);
#5085=ORIENTED_EDGE('',*,*,#7138,.T.);
#5086=ORIENTED_EDGE('',*,*,#6157,.F.);
#5087=ORIENTED_EDGE('',*,*,#7139,.T.);
#5088=ORIENTED_EDGE('',*,*,#6169,.F.);
#5089=ORIENTED_EDGE('',*,*,#6171,.F.);
#5090=ORIENTED_EDGE('',*,*,#7140,.T.);
#5091=ORIENTED_EDGE('',*,*,#6155,.F.);
#5092=ORIENTED_EDGE('',*,*,#6224,.F.);
#5093=ORIENTED_EDGE('',*,*,#6334,.T.);
#5094=ORIENTED_EDGE('',*,*,#6211,.T.);
#5095=ORIENTED_EDGE('',*,*,#7141,.T.);
#5096=ORIENTED_EDGE('',*,*,#6124,.T.);
#5097=ORIENTED_EDGE('',*,*,#7142,.T.);
#5098=ORIENTED_EDGE('',*,*,#6209,.T.);
#5099=ORIENTED_EDGE('',*,*,#7143,.T.);
#5100=ORIENTED_EDGE('',*,*,#6221,.F.);
#5101=ORIENTED_EDGE('',*,*,#7144,.T.);
#5102=ORIENTED_EDGE('',*,*,#6207,.T.);
#5103=ORIENTED_EDGE('',*,*,#6338,.T.);
#5104=ORIENTED_EDGE('',*,*,#6230,.F.);
#5105=ORIENTED_EDGE('',*,*,#6331,.T.);
#5106=ORIENTED_EDGE('',*,*,#6199,.T.);
#5107=ORIENTED_EDGE('',*,*,#7145,.T.);
#5108=ORIENTED_EDGE('',*,*,#6120,.T.);
#5109=ORIENTED_EDGE('',*,*,#7146,.T.);
#5110=ORIENTED_EDGE('',*,*,#6197,.T.);
#5111=ORIENTED_EDGE('',*,*,#7147,.T.);
#5112=ORIENTED_EDGE('',*,*,#6227,.F.);
#5113=ORIENTED_EDGE('',*,*,#7148,.T.);
#5114=ORIENTED_EDGE('',*,*,#6195,.T.);
#5115=ORIENTED_EDGE('',*,*,#6335,.T.);
#5116=ORIENTED_EDGE('',*,*,#6186,.T.);
#5117=ORIENTED_EDGE('',*,*,#7149,.T.);
#5118=ORIENTED_EDGE('',*,*,#6138,.T.);
#5119=ORIENTED_EDGE('',*,*,#6140,.T.);
#5120=ORIENTED_EDGE('',*,*,#7150,.T.);
#5121=ORIENTED_EDGE('',*,*,#6184,.T.);
#5122=ORIENTED_EDGE('',*,*,#7151,.T.);
#5123=ORIENTED_EDGE('',*,*,#6233,.F.);
#5124=ORIENTED_EDGE('',*,*,#7152,.T.);
#5125=ORIENTED_EDGE('',*,*,#6182,.T.);
#5126=ORIENTED_EDGE('',*,*,#6332,.T.);
#5127=ORIENTED_EDGE('',*,*,#6218,.F.);
#5128=ORIENTED_EDGE('',*,*,#6337,.T.);
#5129=ORIENTED_EDGE('',*,*,#6179,.T.);
#5130=ORIENTED_EDGE('',*,*,#7153,.T.);
#5131=ORIENTED_EDGE('',*,*,#6128,.T.);
#5132=ORIENTED_EDGE('',*,*,#7154,.T.);
#5133=ORIENTED_EDGE('',*,*,#6177,.T.);
#5134=ORIENTED_EDGE('',*,*,#7155,.T.);
#5135=ORIENTED_EDGE('',*,*,#6130,.T.);
#5136=ORIENTED_EDGE('',*,*,#7156,.T.);
#5137=ORIENTED_EDGE('',*,*,#6175,.T.);
#5138=ORIENTED_EDGE('',*,*,#6127,.F.);
#5139=ORIENTED_EDGE('',*,*,#6219,.T.);
#5140=ORIENTED_EDGE('',*,*,#7153,.F.);
#5141=ORIENTED_EDGE('',*,*,#6178,.F.);
#5142=ORIENTED_EDGE('',*,*,#7154,.F.);
#5143=ORIENTED_EDGE('',*,*,#6156,.F.);
#5144=ORIENTED_EDGE('',*,*,#7140,.F.);
#5145=ORIENTED_EDGE('',*,*,#6170,.F.);
#5146=ORIENTED_EDGE('',*,*,#7139,.F.);
#5147=ORIENTED_EDGE('',*,*,#6123,.F.);
#5148=ORIENTED_EDGE('',*,*,#6225,.T.);
#5149=ORIENTED_EDGE('',*,*,#7141,.F.);
#5150=ORIENTED_EDGE('',*,*,#6210,.F.);
#5151=ORIENTED_EDGE('',*,*,#7142,.F.);
#5152=ORIENTED_EDGE('',*,*,#6162,.F.);
#5153=ORIENTED_EDGE('',*,*,#7126,.F.);
#5154=ORIENTED_EDGE('',*,*,#6214,.F.);
#5155=ORIENTED_EDGE('',*,*,#7137,.F.);
#5156=ORIENTED_EDGE('',*,*,#6119,.F.);
#5157=ORIENTED_EDGE('',*,*,#6231,.T.);
#5158=ORIENTED_EDGE('',*,*,#7145,.F.);
#5159=ORIENTED_EDGE('',*,*,#6198,.F.);
#5160=ORIENTED_EDGE('',*,*,#7146,.F.);
#5161=ORIENTED_EDGE('',*,*,#6168,.F.);
#5162=ORIENTED_EDGE('',*,*,#7124,.F.);
#5163=ORIENTED_EDGE('',*,*,#6202,.F.);
#5164=ORIENTED_EDGE('',*,*,#7135,.F.);
#5165=ORIENTED_EDGE('',*,*,#6139,.F.);
#5166=ORIENTED_EDGE('',*,*,#7149,.F.);
#5167=ORIENTED_EDGE('',*,*,#6185,.F.);
#5168=ORIENTED_EDGE('',*,*,#7150,.F.);
#5169=ORIENTED_EDGE('',*,*,#6146,.F.);
#5170=ORIENTED_EDGE('',*,*,#7122,.F.);
#5171=ORIENTED_EDGE('',*,*,#6190,.F.);
#5172=ORIENTED_EDGE('',*,*,#7133,.F.);
#5173=ORIENTED_EDGE('',*,*,#7152,.F.);
#5174=ORIENTED_EDGE('',*,*,#6232,.T.);
#5175=ORIENTED_EDGE('',*,*,#6117,.F.);
#5176=ORIENTED_EDGE('',*,*,#7151,.F.);
#5177=ORIENTED_EDGE('',*,*,#6183,.F.);
#5178=ORIENTED_EDGE('',*,*,#6142,.F.);
#5179=ORIENTED_EDGE('',*,*,#7134,.F.);
#5180=ORIENTED_EDGE('',*,*,#6193,.F.);
#5181=ORIENTED_EDGE('',*,*,#7123,.F.);
#5182=ORIENTED_EDGE('',*,*,#7148,.F.);
#5183=ORIENTED_EDGE('',*,*,#6226,.T.);
#5184=ORIENTED_EDGE('',*,*,#6121,.F.);
#5185=ORIENTED_EDGE('',*,*,#7147,.F.);
#5186=ORIENTED_EDGE('',*,*,#6196,.F.);
#5187=ORIENTED_EDGE('',*,*,#6164,.F.);
#5188=ORIENTED_EDGE('',*,*,#7136,.F.);
#5189=ORIENTED_EDGE('',*,*,#6205,.F.);
#5190=ORIENTED_EDGE('',*,*,#7125,.F.);
#5191=ORIENTED_EDGE('',*,*,#6158,.F.);
#5192=ORIENTED_EDGE('',*,*,#7138,.F.);
#5193=ORIENTED_EDGE('',*,*,#6217,.F.);
#5194=ORIENTED_EDGE('',*,*,#7127,.F.);
#5195=ORIENTED_EDGE('',*,*,#7144,.F.);
#5196=ORIENTED_EDGE('',*,*,#6220,.T.);
#5197=ORIENTED_EDGE('',*,*,#6125,.F.);
#5198=ORIENTED_EDGE('',*,*,#7143,.F.);
#5199=ORIENTED_EDGE('',*,*,#6208,.F.);
#5200=ORIENTED_EDGE('',*,*,#6129,.F.);
#5201=ORIENTED_EDGE('',*,*,#7155,.F.);
#5202=ORIENTED_EDGE('',*,*,#6176,.F.);
#5203=ORIENTED_EDGE('',*,*,#7156,.F.);
#5204=ORIENTED_EDGE('',*,*,#6152,.F.);
#5205=ORIENTED_EDGE('',*,*,#7129,.F.);
#5206=ORIENTED_EDGE('',*,*,#6173,.F.);
#5207=ORIENTED_EDGE('',*,*,#7128,.F.);
#5208=ORIENTED_EDGE('',*,*,#6246,.T.);
#5209=ORIENTED_EDGE('',*,*,#7157,.T.);
#5210=ORIENTED_EDGE('',*,*,#7158,.F.);
#5211=ORIENTED_EDGE('',*,*,#6274,.T.);
#5212=ORIENTED_EDGE('',*,*,#7158,.T.);
#5213=ORIENTED_EDGE('',*,*,#7159,.T.);
#5214=ORIENTED_EDGE('',*,*,#6340,.T.);
#5215=ORIENTED_EDGE('',*,*,#6275,.T.);
#5216=ORIENTED_EDGE('',*,*,#6958,.F.);
#5217=ORIENTED_EDGE('',*,*,#6308,.F.);
#5218=ORIENTED_EDGE('',*,*,#7160,.F.);
#5219=ORIENTED_EDGE('',*,*,#6403,.F.);
#5220=ORIENTED_EDGE('',*,*,#7160,.T.);
#5221=ORIENTED_EDGE('',*,*,#7096,.F.);
#5222=ORIENTED_EDGE('',*,*,#7161,.F.);
#5223=ORIENTED_EDGE('',*,*,#6404,.F.);
#5224=ORIENTED_EDGE('',*,*,#7161,.T.);
#5225=ORIENTED_EDGE('',*,*,#6341,.F.);
#5226=ORIENTED_EDGE('',*,*,#7162,.F.);
#5227=ORIENTED_EDGE('',*,*,#6405,.F.);
#5228=ORIENTED_EDGE('',*,*,#7159,.F.);
#5229=ORIENTED_EDGE('',*,*,#7163,.T.);
#5230=ORIENTED_EDGE('',*,*,#6406,.F.);
#5231=ORIENTED_EDGE('',*,*,#7162,.T.);
#5232=ORIENTED_EDGE('',*,*,#6330,.T.);
#5233=ORIENTED_EDGE('',*,*,#6416,.F.);
#5234=ORIENTED_EDGE('',*,*,#7164,.F.);
#5235=ORIENTED_EDGE('',*,*,#6351,.F.);
#5236=ORIENTED_EDGE('',*,*,#7164,.T.);
#5237=ORIENTED_EDGE('',*,*,#6415,.F.);
#5238=ORIENTED_EDGE('',*,*,#7165,.F.);
#5239=ORIENTED_EDGE('',*,*,#7097,.F.);
#5240=ORIENTED_EDGE('',*,*,#6775,.F.);
#5241=ORIENTED_EDGE('',*,*,#6267,.F.);
#5242=ORIENTED_EDGE('',*,*,#7165,.T.);
#5243=ORIENTED_EDGE('',*,*,#6414,.F.);
#5244=ORIENTED_EDGE('',*,*,#6325,.F.);
#5245=ORIENTED_EDGE('',*,*,#7166,.T.);
#5246=ORIENTED_EDGE('',*,*,#7167,.T.);
#5247=ORIENTED_EDGE('',*,*,#7090,.T.);
#5248=ORIENTED_EDGE('',*,*,#6314,.T.);
#5249=ORIENTED_EDGE('',*,*,#6298,.F.);
#5250=ORIENTED_EDGE('',*,*,#7168,.T.);
#5251=ORIENTED_EDGE('',*,*,#7169,.T.);
#5252=ORIENTED_EDGE('',*,*,#6327,.F.);
#5253=ORIENTED_EDGE('',*,*,#6320,.F.);
#5254=ORIENTED_EDGE('',*,*,#7060,.T.);
#5255=ORIENTED_EDGE('',*,*,#7092,.F.);
#5256=ORIENTED_EDGE('',*,*,#7170,.T.);
#5257=ORIENTED_EDGE('',*,*,#7171,.T.);
#5258=ORIENTED_EDGE('',*,*,#6283,.F.);
#5259=ORIENTED_EDGE('',*,*,#6244,.F.);
#5260=ORIENTED_EDGE('',*,*,#6273,.T.);
#5261=ORIENTED_EDGE('',*,*,#7082,.F.);
#5262=ORIENTED_EDGE('',*,*,#6287,.F.);
#5263=ORIENTED_EDGE('',*,*,#7172,.T.);
#5264=ORIENTED_EDGE('',*,*,#7173,.T.);
#5265=ORIENTED_EDGE('',*,*,#7080,.T.);
#5266=ORIENTED_EDGE('',*,*,#6748,.T.);
#5267=ORIENTED_EDGE('',*,*,#6256,.F.);
#5268=ORIENTED_EDGE('',*,*,#7163,.F.);
#5269=ORIENTED_EDGE('',*,*,#7157,.F.);
#5270=ORIENTED_EDGE('',*,*,#6282,.F.);
#5271=ORIENTED_EDGE('',*,*,#6407,.F.);
#5272=ORIENTED_EDGE('',*,*,#7167,.F.);
#5273=ORIENTED_EDGE('',*,*,#7174,.T.);
#5274=ORIENTED_EDGE('',*,*,#6418,.F.);
#5275=ORIENTED_EDGE('',*,*,#7175,.T.);
#5276=ORIENTED_EDGE('',*,*,#7168,.F.);
#5277=ORIENTED_EDGE('',*,*,#7091,.F.);
#5278=ORIENTED_EDGE('',*,*,#6409,.F.);
#5279=ORIENTED_EDGE('',*,*,#7176,.T.);
#5280=ORIENTED_EDGE('',*,*,#7170,.F.);
#5281=ORIENTED_EDGE('',*,*,#7081,.F.);
#5282=ORIENTED_EDGE('',*,*,#7173,.F.);
#5283=ORIENTED_EDGE('',*,*,#7177,.T.);
#5284=ORIENTED_EDGE('',*,*,#6284,.F.);
#5285=ORIENTED_EDGE('',*,*,#7171,.F.);
#5286=ORIENTED_EDGE('',*,*,#7176,.F.);
#5287=ORIENTED_EDGE('',*,*,#6408,.F.);
#5288=ORIENTED_EDGE('',*,*,#7177,.F.);
#5289=ORIENTED_EDGE('',*,*,#7172,.F.);
#5290=ORIENTED_EDGE('',*,*,#6286,.F.);
#5291=ORIENTED_EDGE('',*,*,#6410,.F.);
#5292=ORIENTED_EDGE('',*,*,#7174,.F.);
#5293=ORIENTED_EDGE('',*,*,#7166,.F.);
#5294=ORIENTED_EDGE('',*,*,#6324,.F.);
#5295=ORIENTED_EDGE('',*,*,#6419,.F.);
#5296=ORIENTED_EDGE('',*,*,#6328,.F.);
#5297=ORIENTED_EDGE('',*,*,#7169,.F.);
#5298=ORIENTED_EDGE('',*,*,#7175,.F.);
#5299=ORIENTED_EDGE('',*,*,#6417,.F.);
#5300=ORIENTED_EDGE('',*,*,#6813,.F.);
#5301=ORIENTED_EDGE('',*,*,#6766,.F.);
#5302=ORIENTED_EDGE('',*,*,#6810,.F.);
#5303=ORIENTED_EDGE('',*,*,#6792,.F.);
#5304=ORIENTED_EDGE('',*,*,#6229,.T.);
#5305=ORIENTED_EDGE('',*,*,#6223,.T.);
#5306=ORIENTED_EDGE('',*,*,#6708,.T.);
#5307=ORIENTED_EDGE('',*,*,#6712,.T.);
#5308=ORIENTED_EDGE('',*,*,#6659,.F.);
#5309=ORIENTED_EDGE('',*,*,#6661,.T.);
#5310=ORIENTED_EDGE('',*,*,#6664,.F.);
#5311=ORIENTED_EDGE('',*,*,#6688,.T.);
#5312=ORIENTED_EDGE('',*,*,#6690,.T.);
#5313=ORIENTED_EDGE('',*,*,#6694,.T.);
#5314=ORIENTED_EDGE('',*,*,#6733,.F.);
#5315=ORIENTED_EDGE('',*,*,#6730,.T.);
#5316=ORIENTED_EDGE('',*,*,#6735,.F.);
#5317=ORIENTED_EDGE('',*,*,#6239,.T.);
#5318=ORIENTED_EDGE('',*,*,#6575,.T.);
#5319=ORIENTED_EDGE('',*,*,#6366,.T.);
#5320=ORIENTED_EDGE('',*,*,#6370,.T.);
#5321=ORIENTED_EDGE('',*,*,#6705,.F.);
#5322=ORIENTED_EDGE('',*,*,#6706,.T.);
#5323=ORIENTED_EDGE('',*,*,#6236,.F.);
#5324=ORIENTED_EDGE('',*,*,#6734,.T.);
#5325=ORIENTED_EDGE('',*,*,#6728,.T.);
#5326=ORIENTED_EDGE('',*,*,#6726,.T.);
#5327=ORIENTED_EDGE('',*,*,#6650,.F.);
#5328=ORIENTED_EDGE('',*,*,#6642,.T.);
#5329=ORIENTED_EDGE('',*,*,#6645,.F.);
#5330=ORIENTED_EDGE('',*,*,#6212,.T.);
#5331=ORIENTED_EDGE('',*,*,#6602,.F.);
#5332=ORIENTED_EDGE('',*,*,#6594,.T.);
#5333=ORIENTED_EDGE('',*,*,#6592,.F.);
#5334=ORIENTED_EDGE('',*,*,#6620,.T.);
#5335=ORIENTED_EDGE('',*,*,#6622,.T.);
#5336=ORIENTED_EDGE('',*,*,#6626,.T.);
#5337=ORIENTED_EDGE('',*,*,#6684,.F.);
#5338=ORIENTED_EDGE('',*,*,#6685,.T.);
#5339=ORIENTED_EDGE('',*,*,#6687,.F.);
#5340=ORIENTED_EDGE('',*,*,#6671,.T.);
#5341=ORIENTED_EDGE('',*,*,#6668,.T.);
#5342=ORIENTED_EDGE('',*,*,#6673,.T.);
#5343=ORIENTED_EDGE('',*,*,#6200,.T.);
#5344=ORIENTED_EDGE('',*,*,#6188,.T.);
#5345=ORIENTED_EDGE('',*,*,#6180,.T.);
#5346=ORIENTED_EDGE('',*,*,#6150,.F.);
#5347=ORIENTED_EDGE('',*,*,#7178,.F.);
#5348=ORIENTED_EDGE('',*,*,#7130,.F.);
#5349=ORIENTED_EDGE('',*,*,#6149,.F.);
#5350=ORIENTED_EDGE('',*,*,#7179,.F.);
#5351=ORIENTED_EDGE('',*,*,#7131,.F.);
#5352=ORIENTED_EDGE('',*,*,#7178,.T.);
#5353=ORIENTED_EDGE('',*,*,#6148,.F.);
#5354=ORIENTED_EDGE('',*,*,#7132,.F.);
#5355=ORIENTED_EDGE('',*,*,#7179,.T.);
#5356=ORIENTED_EDGE('',*,*,#6364,.F.);
#5357=ORIENTED_EDGE('',*,*,#7180,.F.);
#5358=ORIENTED_EDGE('',*,*,#6707,.F.);
#5359=ORIENTED_EDGE('',*,*,#7181,.F.);
#5360=ORIENTED_EDGE('',*,*,#6665,.F.);
#5361=ORIENTED_EDGE('',*,*,#7182,.F.);
#5362=ORIENTED_EDGE('',*,*,#6596,.F.);
#5363=ORIENTED_EDGE('',*,*,#7183,.F.);
#5364=ORIENTED_EDGE('',*,*,#6604,.F.);
#5365=ORIENTED_EDGE('',*,*,#7184,.F.);
#5366=ORIENTED_EDGE('',*,*,#6676,.F.);
#5367=ORIENTED_EDGE('',*,*,#7185,.F.);
#5368=ORIENTED_EDGE('',*,*,#6725,.F.);
#5369=ORIENTED_EDGE('',*,*,#7186,.F.);
#5370=ORIENTED_EDGE('',*,*,#6641,.F.);
#5371=ORIENTED_EDGE('',*,*,#7187,.F.);
#5372=ORIENTED_EDGE('',*,*,#7188,.F.);
#5373=ORIENTED_EDGE('',*,*,#7180,.T.);
#5374=ORIENTED_EDGE('',*,*,#7188,.T.);
#5375=ORIENTED_EDGE('',*,*,#7189,.F.);
#5376=ORIENTED_EDGE('',*,*,#7181,.T.);
#5377=ORIENTED_EDGE('',*,*,#7189,.T.);
#5378=ORIENTED_EDGE('',*,*,#7190,.F.);
#5379=ORIENTED_EDGE('',*,*,#7182,.T.);
#5380=ORIENTED_EDGE('',*,*,#7190,.T.);
#5381=ORIENTED_EDGE('',*,*,#7191,.F.);
#5382=ORIENTED_EDGE('',*,*,#7183,.T.);
#5383=ORIENTED_EDGE('',*,*,#7191,.T.);
#5384=ORIENTED_EDGE('',*,*,#7192,.F.);
#5385=ORIENTED_EDGE('',*,*,#7184,.T.);
#5386=ORIENTED_EDGE('',*,*,#7192,.T.);
#5387=ORIENTED_EDGE('',*,*,#7193,.F.);
#5388=ORIENTED_EDGE('',*,*,#7185,.T.);
#5389=ORIENTED_EDGE('',*,*,#7193,.T.);
#5390=ORIENTED_EDGE('',*,*,#7194,.F.);
#5391=ORIENTED_EDGE('',*,*,#7186,.T.);
#5392=ORIENTED_EDGE('',*,*,#7194,.T.);
#5393=ORIENTED_EDGE('',*,*,#7195,.F.);
#5394=ORIENTED_EDGE('',*,*,#7187,.T.);
#5395=ORIENTED_EDGE('',*,*,#7195,.T.);
#5396=VERTEX_POINT('',#10373);
#5397=VERTEX_POINT('',#10376);
#5398=VERTEX_POINT('',#10377);
#5399=VERTEX_POINT('',#10379);
#5400=VERTEX_POINT('',#10381);
#5401=VERTEX_POINT('',#10383);
#5402=VERTEX_POINT('',#10385);
#5403=VERTEX_POINT('',#10387);
#5404=VERTEX_POINT('',#10389);
#5405=VERTEX_POINT('',#10391);
#5406=VERTEX_POINT('',#10393);
#5407=VERTEX_POINT('',#10395);
#5408=VERTEX_POINT('',#10397);
#5409=VERTEX_POINT('',#10399);
#5410=VERTEX_POINT('',#10401);
#5411=VERTEX_POINT('',#10403);
#5412=VERTEX_POINT('',#10405);
#5413=VERTEX_POINT('',#10407);
#5414=VERTEX_POINT('',#10409);
#5415=VERTEX_POINT('',#10411);
#5416=VERTEX_POINT('',#10413);
#5417=VERTEX_POINT('',#10415);
#5418=VERTEX_POINT('',#10417);
#5419=VERTEX_POINT('',#10419);
#5420=VERTEX_POINT('',#10421);
#5421=VERTEX_POINT('',#10424);
#5422=VERTEX_POINT('',#10425);
#5423=VERTEX_POINT('',#10427);
#5424=VERTEX_POINT('',#10429);
#5425=VERTEX_POINT('',#10431);
#5426=VERTEX_POINT('',#10433);
#5427=VERTEX_POINT('',#10435);
#5428=VERTEX_POINT('',#10437);
#5429=VERTEX_POINT('',#10439);
#5430=VERTEX_POINT('',#10441);
#5431=VERTEX_POINT('',#10443);
#5432=VERTEX_POINT('',#10445);
#5433=VERTEX_POINT('',#10447);
#5434=VERTEX_POINT('',#10449);
#5435=VERTEX_POINT('',#10451);
#5436=VERTEX_POINT('',#10453);
#5437=VERTEX_POINT('',#10455);
#5438=VERTEX_POINT('',#10457);
#5439=VERTEX_POINT('',#10459);
#5440=VERTEX_POINT('',#10461);
#5441=VERTEX_POINT('',#10463);
#5442=VERTEX_POINT('',#10465);
#5443=VERTEX_POINT('',#10467);
#5444=VERTEX_POINT('',#10469);
#5445=VERTEX_POINT('',#10471);
#5446=VERTEX_POINT('',#10473);
#5447=VERTEX_POINT('',#10475);
#5448=VERTEX_POINT('',#10477);
#5449=VERTEX_POINT('',#10481);
#5450=VERTEX_POINT('',#10482);
#5451=VERTEX_POINT('',#10493);
#5452=VERTEX_POINT('',#10496);
#5453=VERTEX_POINT('',#10509);
#5454=VERTEX_POINT('',#10511);
#5455=VERTEX_POINT('',#10522);
#5456=VERTEX_POINT('',#10524);
#5457=VERTEX_POINT('',#10535);
#5458=VERTEX_POINT('',#10538);
#5459=VERTEX_POINT('',#10541);
#5460=VERTEX_POINT('',#10542);
#5461=VERTEX_POINT('',#10544);
#5462=VERTEX_POINT('',#10555);
#5463=VERTEX_POINT('',#10557);
#5464=VERTEX_POINT('',#10568);
#5465=VERTEX_POINT('',#10572);
#5466=VERTEX_POINT('',#10575);
#5467=VERTEX_POINT('',#10576);
#5468=VERTEX_POINT('',#10587);
#5469=VERTEX_POINT('',#10590);
#5470=VERTEX_POINT('',#10603);
#5471=VERTEX_POINT('',#10604);
#5472=VERTEX_POINT('',#10606);
#5473=VERTEX_POINT('',#10617);
#5474=VERTEX_POINT('',#10619);
#5475=VERTEX_POINT('',#10630);
#5476=VERTEX_POINT('',#10633);
#5477=VERTEX_POINT('',#10636);
#5478=VERTEX_POINT('',#10637);
#5479=VERTEX_POINT('',#10648);
#5480=VERTEX_POINT('',#10651);
#5481=VERTEX_POINT('',#10664);
#5482=VERTEX_POINT('',#10665);
#5483=VERTEX_POINT('',#10667);
#5484=VERTEX_POINT('',#10678);
#5485=VERTEX_POINT('',#10680);
#5486=VERTEX_POINT('',#10691);
#5487=VERTEX_POINT('',#10694);
#5488=VERTEX_POINT('',#10697);
#5489=VERTEX_POINT('',#10698);
#5490=VERTEX_POINT('',#10709);
#5491=VERTEX_POINT('',#10712);
#5492=VERTEX_POINT('',#10725);
#5493=VERTEX_POINT('',#10726);
#5494=VERTEX_POINT('',#10774);
#5495=VERTEX_POINT('',#10776);
#5496=VERTEX_POINT('',#10779);
#5497=VERTEX_POINT('',#10782);
#5498=VERTEX_POINT('',#10783);
#5499=VERTEX_POINT('',#10831);
#5500=VERTEX_POINT('',#10833);
#5501=VERTEX_POINT('',#10836);
#5502=VERTEX_POINT('',#10839);
#5503=VERTEX_POINT('',#10840);
#5504=VERTEX_POINT('',#10888);
#5505=VERTEX_POINT('',#10890);
#5506=VERTEX_POINT('',#10894);
#5507=VERTEX_POINT('',#10895);
#5508=VERTEX_POINT('',#10897);
#5509=VERTEX_POINT('',#10899);
#5510=VERTEX_POINT('',#10903);
#5511=VERTEX_POINT('',#10904);
#5512=VERTEX_POINT('',#10906);
#5513=VERTEX_POINT('',#10908);
#5514=VERTEX_POINT('',#10912);
#5515=VERTEX_POINT('',#10913);
#5516=VERTEX_POINT('',#10915);
#5517=VERTEX_POINT('',#10917);
#5518=VERTEX_POINT('',#10921);
#5519=VERTEX_POINT('',#10922);
#5520=VERTEX_POINT('',#10924);
#5521=VERTEX_POINT('',#10926);
#5522=VERTEX_POINT('',#10929);
#5523=VERTEX_POINT('',#10930);
#5524=VERTEX_POINT('',#10932);
#5525=VERTEX_POINT('',#10934);
#5526=VERTEX_POINT('',#10937);
#5527=VERTEX_POINT('',#10938);
#5528=VERTEX_POINT('',#10940);
#5529=VERTEX_POINT('',#10942);
#5530=VERTEX_POINT('',#10944);
#5531=VERTEX_POINT('',#10946);
#5532=VERTEX_POINT('',#10948);
#5533=VERTEX_POINT('',#10950);
#5534=VERTEX_POINT('',#10952);
#5535=VERTEX_POINT('',#10954);
#5536=VERTEX_POINT('',#10956);
#5537=VERTEX_POINT('',#10958);
#5538=VERTEX_POINT('',#10960);
#5539=VERTEX_POINT('',#10962);
#5540=VERTEX_POINT('',#10964);
#5541=VERTEX_POINT('',#10966);
#5542=VERTEX_POINT('',#10968);
#5543=VERTEX_POINT('',#10970);
#5544=VERTEX_POINT('',#10974);
#5545=VERTEX_POINT('',#10976);
#5546=VERTEX_POINT('',#10978);
#5547=VERTEX_POINT('',#10980);
#5548=VERTEX_POINT('',#10982);
#5549=VERTEX_POINT('',#10984);
#5550=VERTEX_POINT('',#10986);
#5551=VERTEX_POINT('',#10990);
#5552=VERTEX_POINT('',#10991);
#5553=VERTEX_POINT('',#10994);
#5554=VERTEX_POINT('',#11013);
#5555=VERTEX_POINT('',#11014);
#5556=VERTEX_POINT('',#11031);
#5557=VERTEX_POINT('',#11036);
#5558=VERTEX_POINT('',#11037);
#5559=VERTEX_POINT('',#11039);
#5560=VERTEX_POINT('',#11041);
#5561=VERTEX_POINT('',#11044);
#5562=VERTEX_POINT('',#11045);
#5563=VERTEX_POINT('',#11047);
#5564=VERTEX_POINT('',#11049);
#5565=VERTEX_POINT('',#11052);
#5566=VERTEX_POINT('',#11053);
#5567=VERTEX_POINT('',#11055);
#5568=VERTEX_POINT('',#11057);
#5569=VERTEX_POINT('',#11059);
#5570=VERTEX_POINT('',#11061);
#5571=VERTEX_POINT('',#11064);
#5572=VERTEX_POINT('',#11066);
#5573=VERTEX_POINT('',#11068);
#5574=VERTEX_POINT('',#11070);
#5575=VERTEX_POINT('',#11072);
#5576=VERTEX_POINT('',#11074);
#5577=VERTEX_POINT('',#11076);
#5578=VERTEX_POINT('',#11078);
#5579=VERTEX_POINT('',#11080);
#5580=VERTEX_POINT('',#11082);
#5581=VERTEX_POINT('',#11086);
#5582=VERTEX_POINT('',#11088);
#5583=VERTEX_POINT('',#11090);
#5584=VERTEX_POINT('',#11092);
#5585=VERTEX_POINT('',#11096);
#5586=VERTEX_POINT('',#11097);
#5587=VERTEX_POINT('',#11099);
#5588=VERTEX_POINT('',#11101);
#5589=VERTEX_POINT('',#11105);
#5590=VERTEX_POINT('',#11106);
#5591=VERTEX_POINT('',#11123);
#5592=VERTEX_POINT('',#11137);
#5593=VERTEX_POINT('',#11154);
#5594=VERTEX_POINT('',#11156);
#5595=VERTEX_POINT('',#11172);
#5596=VERTEX_POINT('',#11174);
#5597=VERTEX_POINT('',#11176);
#5598=VERTEX_POINT('',#11178);
#5599=VERTEX_POINT('',#11180);
#5600=VERTEX_POINT('',#11182);
#5601=VERTEX_POINT('',#11185);
#5602=VERTEX_POINT('',#11187);
#5603=VERTEX_POINT('',#11189);
#5604=VERTEX_POINT('',#11193);
#5605=VERTEX_POINT('',#11195);
#5606=VERTEX_POINT('',#11197);
#5607=VERTEX_POINT('',#11199);
#5608=VERTEX_POINT('',#11201);
#5609=VERTEX_POINT('',#11203);
#5610=VERTEX_POINT('',#11206);
#5611=VERTEX_POINT('',#11208);
#5612=VERTEX_POINT('',#11210);
#5613=VERTEX_POINT('',#11217);
#5614=VERTEX_POINT('',#11219);
#5615=VERTEX_POINT('',#11222);
#5616=VERTEX_POINT('',#11223);
#5617=VERTEX_POINT('',#11225);
#5618=VERTEX_POINT('',#11227);
#5619=VERTEX_POINT('',#11231);
#5620=VERTEX_POINT('',#11233);
#5621=VERTEX_POINT('',#11237);
#5622=VERTEX_POINT('',#11238);
#5623=VERTEX_POINT('',#11240);
#5624=VERTEX_POINT('',#11257);
#5625=VERTEX_POINT('',#11259);
#5626=VERTEX_POINT('',#11263);
#5627=VERTEX_POINT('',#11265);
#5628=VERTEX_POINT('',#11269);
#5629=VERTEX_POINT('',#11271);
#5630=VERTEX_POINT('',#11288);
#5631=VERTEX_POINT('',#11292);
#5632=VERTEX_POINT('',#11293);
#5633=VERTEX_POINT('',#11295);
#5634=VERTEX_POINT('',#11312);
#5635=VERTEX_POINT('',#11314);
#5636=VERTEX_POINT('',#11318);
#5637=VERTEX_POINT('',#11320);
#5638=VERTEX_POINT('',#11324);
#5639=VERTEX_POINT('',#11326);
#5640=VERTEX_POINT('',#11343);
#5641=VERTEX_POINT('',#11350);
#5642=VERTEX_POINT('',#11351);
#5643=VERTEX_POINT('',#11356);
#5644=VERTEX_POINT('',#11357);
#5645=VERTEX_POINT('',#11359);
#5646=VERTEX_POINT('',#11361);
#5647=VERTEX_POINT('',#11363);
#5648=VERTEX_POINT('',#11365);
#5649=VERTEX_POINT('',#11368);
#5650=VERTEX_POINT('',#11370);
#5651=VERTEX_POINT('',#11373);
#5652=VERTEX_POINT('',#11375);
#5653=VERTEX_POINT('',#11377);
#5654=VERTEX_POINT('',#11379);
#5655=VERTEX_POINT('',#11381);
#5656=VERTEX_POINT('',#11384);
#5657=VERTEX_POINT('',#11386);
#5658=VERTEX_POINT('',#11389);
#5659=VERTEX_POINT('',#11392);
#5660=VERTEX_POINT('',#11393);
#5661=VERTEX_POINT('',#11395);
#5662=VERTEX_POINT('',#11397);
#5663=VERTEX_POINT('',#11399);
#5664=VERTEX_POINT('',#11401);
#5665=VERTEX_POINT('',#11403);
#5666=VERTEX_POINT('',#11405);
#5667=VERTEX_POINT('',#11407);
#5668=VERTEX_POINT('',#11409);
#5669=VERTEX_POINT('',#11411);
#5670=VERTEX_POINT('',#11413);
#5671=VERTEX_POINT('',#11415);
#5672=VERTEX_POINT('',#11417);
#5673=VERTEX_POINT('',#11419);
#5674=VERTEX_POINT('',#11421);
#5675=VERTEX_POINT('',#11423);
#5676=VERTEX_POINT('',#11425);
#5677=VERTEX_POINT('',#11427);
#5678=VERTEX_POINT('',#11429);
#5679=VERTEX_POINT('',#11431);
#5680=VERTEX_POINT('',#11433);
#5681=VERTEX_POINT('',#11435);
#5682=VERTEX_POINT('',#11437);
#5683=VERTEX_POINT('',#11440);
#5684=VERTEX_POINT('',#11442);
#5685=VERTEX_POINT('',#11444);
#5686=VERTEX_POINT('',#11446);
#5687=VERTEX_POINT('',#11448);
#5688=VERTEX_POINT('',#11450);
#5689=VERTEX_POINT('',#11452);
#5690=VERTEX_POINT('',#11454);
#5691=VERTEX_POINT('',#11456);
#5692=VERTEX_POINT('',#11458);
#5693=VERTEX_POINT('',#11460);
#5694=VERTEX_POINT('',#11462);
#5695=VERTEX_POINT('',#11464);
#5696=VERTEX_POINT('',#11466);
#5697=VERTEX_POINT('',#11468);
#5698=VERTEX_POINT('',#11470);
#5699=VERTEX_POINT('',#11472);
#5700=VERTEX_POINT('',#11474);
#5701=VERTEX_POINT('',#11476);
#5702=VERTEX_POINT('',#11478);
#5703=VERTEX_POINT('',#11480);
#5704=VERTEX_POINT('',#11482);
#5705=VERTEX_POINT('',#11484);
#5706=VERTEX_POINT('',#11486);
#5707=VERTEX_POINT('',#11488);
#5708=VERTEX_POINT('',#11490);
#5709=VERTEX_POINT('',#11492);
#5710=VERTEX_POINT('',#11494);
#5711=VERTEX_POINT('',#11496);
#5712=VERTEX_POINT('',#11498);
#5713=VERTEX_POINT('',#11500);
#5714=VERTEX_POINT('',#11504);
#5715=VERTEX_POINT('',#11505);
#5716=VERTEX_POINT('',#11507);
#5717=VERTEX_POINT('',#11509);
#5718=VERTEX_POINT('',#11511);
#5719=VERTEX_POINT('',#11513);
#5720=VERTEX_POINT('',#11515);
#5721=VERTEX_POINT('',#11517);
#5722=VERTEX_POINT('',#11519);
#5723=VERTEX_POINT('',#11521);
#5724=VERTEX_POINT('',#11523);
#5725=VERTEX_POINT('',#11525);
#5726=VERTEX_POINT('',#11527);
#5727=VERTEX_POINT('',#11529);
#5728=VERTEX_POINT('',#11531);
#5729=VERTEX_POINT('',#11533);
#5730=VERTEX_POINT('',#11535);
#5731=VERTEX_POINT('',#11537);
#5732=VERTEX_POINT('',#11539);
#5733=VERTEX_POINT('',#11541);
#5734=VERTEX_POINT('',#11543);
#5735=VERTEX_POINT('',#11545);
#5736=VERTEX_POINT('',#11547);
#5737=VERTEX_POINT('',#11549);
#5738=VERTEX_POINT('',#11551);
#5739=VERTEX_POINT('',#11553);
#5740=VERTEX_POINT('',#11555);
#5741=VERTEX_POINT('',#11557);
#5742=VERTEX_POINT('',#11559);
#5743=VERTEX_POINT('',#11561);
#5744=VERTEX_POINT('',#11563);
#5745=VERTEX_POINT('',#11565);
#5746=VERTEX_POINT('',#11567);
#5747=VERTEX_POINT('',#11569);
#5748=VERTEX_POINT('',#11571);
#5749=VERTEX_POINT('',#11573);
#5750=VERTEX_POINT('',#11577);
#5751=VERTEX_POINT('',#11579);
#5752=VERTEX_POINT('',#11581);
#5753=VERTEX_POINT('',#11583);
#5754=VERTEX_POINT('',#11585);
#5755=VERTEX_POINT('',#11587);
#5756=VERTEX_POINT('',#11589);
#5757=VERTEX_POINT('',#11591);
#5758=VERTEX_POINT('',#11593);
#5759=VERTEX_POINT('',#11595);
#5760=VERTEX_POINT('',#11597);
#5761=VERTEX_POINT('',#11599);
#5762=VERTEX_POINT('',#11601);
#5763=VERTEX_POINT('',#11603);
#5764=VERTEX_POINT('',#11605);
#5765=VERTEX_POINT('',#11607);
#5766=VERTEX_POINT('',#11609);
#5767=VERTEX_POINT('',#11611);
#5768=VERTEX_POINT('',#11613);
#5769=VERTEX_POINT('',#11615);
#5770=VERTEX_POINT('',#11618);
#5771=VERTEX_POINT('',#11620);
#5772=VERTEX_POINT('',#11622);
#5773=VERTEX_POINT('',#11624);
#5774=VERTEX_POINT('',#11626);
#5775=VERTEX_POINT('',#11628);
#5776=VERTEX_POINT('',#11631);
#5777=VERTEX_POINT('',#11634);
#5778=VERTEX_POINT('',#11635);
#5779=VERTEX_POINT('',#11637);
#5780=VERTEX_POINT('',#11639);
#5781=VERTEX_POINT('',#11641);
#5782=VERTEX_POINT('',#11643);
#5783=VERTEX_POINT('',#11645);
#5784=VERTEX_POINT('',#11647);
#5785=VERTEX_POINT('',#11649);
#5786=VERTEX_POINT('',#11651);
#5787=VERTEX_POINT('',#11653);
#5788=VERTEX_POINT('',#11655);
#5789=VERTEX_POINT('',#11658);
#5790=VERTEX_POINT('',#11660);
#5791=VERTEX_POINT('',#11662);
#5792=VERTEX_POINT('',#11664);
#5793=VERTEX_POINT('',#11665);
#5794=VERTEX_POINT('',#11667);
#5795=VERTEX_POINT('',#11670);
#5796=VERTEX_POINT('',#11672);
#5797=VERTEX_POINT('',#11674);
#5798=VERTEX_POINT('',#11676);
#5799=VERTEX_POINT('',#11678);
#5800=VERTEX_POINT('',#11680);
#5801=VERTEX_POINT('',#11682);
#5802=VERTEX_POINT('',#11685);
#5803=VERTEX_POINT('',#11687);
#5804=VERTEX_POINT('',#11689);
#5805=VERTEX_POINT('',#11691);
#5806=VERTEX_POINT('',#11694);
#5807=VERTEX_POINT('',#11698);
#5808=VERTEX_POINT('',#11702);
#5809=VERTEX_POINT('',#11723);
#5810=VERTEX_POINT('',#11744);
#5811=VERTEX_POINT('',#11763);
#5812=VERTEX_POINT('',#11784);
#5813=VERTEX_POINT('',#11786);
#5814=VERTEX_POINT('',#11790);
#5815=VERTEX_POINT('',#11794);
#5816=VERTEX_POINT('',#11797);
#5817=VERTEX_POINT('',#11801);
#5818=VERTEX_POINT('',#11807);
#5819=VERTEX_POINT('',#11811);
#5820=VERTEX_POINT('',#11814);
#5821=VERTEX_POINT('',#11851);
#5822=VERTEX_POINT('',#11855);
#5823=VERTEX_POINT('',#11894);
#5824=VERTEX_POINT('',#11898);
#5825=VERTEX_POINT('',#11902);
#5826=VERTEX_POINT('',#11906);
#5827=VERTEX_POINT('',#11910);
#5828=VERTEX_POINT('',#11914);
#5829=VERTEX_POINT('',#11918);
#5830=VERTEX_POINT('',#11920);
#5831=VERTEX_POINT('',#11944);
#5832=VERTEX_POINT('',#11963);
#5833=VERTEX_POINT('',#11987);
#5834=VERTEX_POINT('',#11990);
#5835=VERTEX_POINT('',#11991);
#5836=VERTEX_POINT('',#11998);
#5837=VERTEX_POINT('',#12017);
#5838=VERTEX_POINT('',#12021);
#5839=VERTEX_POINT('',#12028);
#5840=VERTEX_POINT('',#12047);
#5841=VERTEX_POINT('',#12051);
#5842=VERTEX_POINT('',#12053);
#5843=VERTEX_POINT('',#12057);
#5844=VERTEX_POINT('',#12061);
#5845=VERTEX_POINT('',#12065);
#5846=VERTEX_POINT('',#12068);
#5847=VERTEX_POINT('',#12087);
#5848=VERTEX_POINT('',#12088);
#5849=VERTEX_POINT('',#12093);
#5850=VERTEX_POINT('',#12099);
#5851=VERTEX_POINT('',#12103);
#5852=VERTEX_POINT('',#12106);
#5853=VERTEX_POINT('',#12128);
#5854=VERTEX_POINT('',#12147);
#5855=VERTEX_POINT('',#12151);
#5856=VERTEX_POINT('',#12157);
#5857=VERTEX_POINT('',#12161);
#5858=VERTEX_POINT('',#12165);
#5859=VERTEX_POINT('',#12169);
#5860=VERTEX_POINT('',#12173);
#5861=VERTEX_POINT('',#12180);
#5862=VERTEX_POINT('',#12199);
#5863=VERTEX_POINT('',#12203);
#5864=VERTEX_POINT('',#12209);
#5865=VERTEX_POINT('',#12212);
#5866=VERTEX_POINT('',#12216);
#5867=VERTEX_POINT('',#12237);
#5868=VERTEX_POINT('',#12241);
#5869=VERTEX_POINT('',#12243);
#5870=VERTEX_POINT('',#12267);
#5871=VERTEX_POINT('',#12286);
#5872=VERTEX_POINT('',#12290);
#5873=VERTEX_POINT('',#12293);
#5874=VERTEX_POINT('',#12297);
#5875=VERTEX_POINT('',#12301);
#5876=VERTEX_POINT('',#12302);
#5877=VERTEX_POINT('',#12313);
#5878=VERTEX_POINT('',#12314);
#5879=VERTEX_POINT('',#12316);
#5880=VERTEX_POINT('',#12318);
#5881=VERTEX_POINT('',#12322);
#5882=VERTEX_POINT('',#12324);
#5883=VERTEX_POINT('',#12328);
#5884=VERTEX_POINT('',#12329);
#5885=VERTEX_POINT('',#12331);
#5886=VERTEX_POINT('',#12333);
#5887=VERTEX_POINT('',#12335);
#5888=VERTEX_POINT('',#12339);
#5889=VERTEX_POINT('',#12341);
#5890=VERTEX_POINT('',#12347);
#5891=VERTEX_POINT('',#12354);
#5892=VERTEX_POINT('',#12356);
#5893=VERTEX_POINT('',#12358);
#5894=VERTEX_POINT('',#12369);
#5895=VERTEX_POINT('',#12370);
#5896=VERTEX_POINT('',#12372);
#5897=VERTEX_POINT('',#12374);
#5898=VERTEX_POINT('',#12376);
#5899=VERTEX_POINT('',#12378);
#5900=VERTEX_POINT('',#12380);
#5901=VERTEX_POINT('',#12382);
#5902=VERTEX_POINT('',#12384);
#5903=VERTEX_POINT('',#12386);
#5904=VERTEX_POINT('',#12390);
#5905=VERTEX_POINT('',#12392);
#5906=VERTEX_POINT('',#12394);
#5907=VERTEX_POINT('',#12396);
#5908=VERTEX_POINT('',#12398);
#5909=VERTEX_POINT('',#12400);
#5910=VERTEX_POINT('',#12402);
#5911=VERTEX_POINT('',#12404);
#5912=VERTEX_POINT('',#12406);
#5913=VERTEX_POINT('',#12408);
#5914=VERTEX_POINT('',#12410);
#5915=VERTEX_POINT('',#12412);
#5916=VERTEX_POINT('',#12414);
#5917=VERTEX_POINT('',#12416);
#5918=VERTEX_POINT('',#12420);
#5919=VERTEX_POINT('',#12421);
#5920=VERTEX_POINT('',#12423);
#5921=VERTEX_POINT('',#12425);
#5922=VERTEX_POINT('',#12429);
#5923=VERTEX_POINT('',#12430);
#5924=VERTEX_POINT('',#12432);
#5925=VERTEX_POINT('',#12434);
#5926=VERTEX_POINT('',#12441);
#5927=VERTEX_POINT('',#12442);
#5928=VERTEX_POINT('',#12444);
#5929=VERTEX_POINT('',#12446);
#5930=VERTEX_POINT('',#12450);
#5931=VERTEX_POINT('',#12452);
#5932=VERTEX_POINT('',#12456);
#5933=VERTEX_POINT('',#12461);
#5934=VERTEX_POINT('',#12468);
#5935=VERTEX_POINT('',#12469);
#5936=VERTEX_POINT('',#12471);
#5937=VERTEX_POINT('',#12475);
#5938=VERTEX_POINT('',#12477);
#5939=VERTEX_POINT('',#12482);
#5940=VERTEX_POINT('',#12486);
#5941=VERTEX_POINT('',#12490);
#5942=VERTEX_POINT('',#12494);
#5943=VERTEX_POINT('',#12498);
#5944=VERTEX_POINT('',#12502);
#5945=VERTEX_POINT('',#12506);
#5946=VERTEX_POINT('',#12510);
#5947=VERTEX_POINT('',#12514);
#5948=VERTEX_POINT('',#12518);
#5949=VERTEX_POINT('',#12523);
#5950=VERTEX_POINT('',#12527);
#5951=VERTEX_POINT('',#12531);
#5952=VERTEX_POINT('',#12535);
#5953=VERTEX_POINT('',#12539);
#5954=VERTEX_POINT('',#12543);
#5955=VERTEX_POINT('',#12545);
#5956=VERTEX_POINT('',#12549);
#5957=VERTEX_POINT('',#12555);
#5958=VERTEX_POINT('',#12559);
#5959=VERTEX_POINT('',#12563);
#5960=VERTEX_POINT('',#12567);
#5961=VERTEX_POINT('',#12571);
#5962=VERTEX_POINT('',#12577);
#5963=VERTEX_POINT('',#12581);
#5964=VERTEX_POINT('',#12588);
#5965=VERTEX_POINT('',#12589);
#5966=VERTEX_POINT('',#12591);
#5967=VERTEX_POINT('',#12593);
#5968=VERTEX_POINT('',#12597);
#5969=VERTEX_POINT('',#12599);
#5970=VERTEX_POINT('',#12603);
#5971=VERTEX_POINT('',#12604);
#5972=VERTEX_POINT('',#12606);
#5973=VERTEX_POINT('',#12608);
#5974=VERTEX_POINT('',#12610);
#5975=VERTEX_POINT('',#12616);
#5976=VERTEX_POINT('',#12620);
#5977=VERTEX_POINT('',#12621);
#5978=VERTEX_POINT('',#12623);
#5979=VERTEX_POINT('',#12625);
#5980=VERTEX_POINT('',#12638);
#5981=VERTEX_POINT('',#12639);
#5982=VERTEX_POINT('',#12641);
#5983=VERTEX_POINT('',#12649);
#5984=VERTEX_POINT('',#12650);
#5985=VERTEX_POINT('',#12652);
#5986=VERTEX_POINT('',#12654);
#5987=VERTEX_POINT('',#12658);
#5988=VERTEX_POINT('',#12660);
#5989=VERTEX_POINT('',#12664);
#5990=VERTEX_POINT('',#12665);
#5991=VERTEX_POINT('',#12667);
#5992=VERTEX_POINT('',#12669);
#5993=VERTEX_POINT('',#12671);
#5994=VERTEX_POINT('',#12677);
#5995=VERTEX_POINT('',#12681);
#5996=VERTEX_POINT('',#12682);
#5997=VERTEX_POINT('',#12684);
#5998=VERTEX_POINT('',#12686);
#5999=VERTEX_POINT('',#12699);
#6000=VERTEX_POINT('',#12700);
#6001=VERTEX_POINT('',#12702);
#6002=VERTEX_POINT('',#12710);
#6003=VERTEX_POINT('',#12711);
#6004=VERTEX_POINT('',#12713);
#6005=VERTEX_POINT('',#12715);
#6006=VERTEX_POINT('',#12719);
#6007=VERTEX_POINT('',#12721);
#6008=VERTEX_POINT('',#12725);
#6009=VERTEX_POINT('',#12726);
#6010=VERTEX_POINT('',#12728);
#6011=VERTEX_POINT('',#12730);
#6012=VERTEX_POINT('',#12733);
#6013=VERTEX_POINT('',#12735);
#6014=VERTEX_POINT('',#12737);
#6015=VERTEX_POINT('',#12739);
#6016=VERTEX_POINT('',#12741);
#6017=VERTEX_POINT('',#12743);
#6018=VERTEX_POINT('',#12745);
#6019=VERTEX_POINT('',#12749);
#6020=VERTEX_POINT('',#12751);
#6021=VERTEX_POINT('',#12753);
#6022=VERTEX_POINT('',#12755);
#6023=VERTEX_POINT('',#12757);
#6024=VERTEX_POINT('',#12759);
#6025=VERTEX_POINT('',#12761);
#6026=VERTEX_POINT('',#12763);
#6027=VERTEX_POINT('',#12765);
#6028=VERTEX_POINT('',#12767);
#6029=VERTEX_POINT('',#12769);
#6030=VERTEX_POINT('',#12773);
#6031=VERTEX_POINT('',#12774);
#6032=VERTEX_POINT('',#12776);
#6033=VERTEX_POINT('',#12778);
#6034=VERTEX_POINT('',#12785);
#6035=VERTEX_POINT('',#12786);
#6036=VERTEX_POINT('',#12788);
#6037=VERTEX_POINT('',#12790);
#6038=VERTEX_POINT('',#12794);
#6039=VERTEX_POINT('',#12796);
#6040=VERTEX_POINT('',#12800);
#6041=VERTEX_POINT('',#12804);
#6042=VERTEX_POINT('',#12810);
#6043=VERTEX_POINT('',#12811);
#6044=VERTEX_POINT('',#12813);
#6045=VERTEX_POINT('',#12817);
#6046=VERTEX_POINT('',#12819);
#6047=VERTEX_POINT('',#12824);
#6048=VERTEX_POINT('',#12828);
#6049=VERTEX_POINT('',#12832);
#6050=VERTEX_POINT('',#12836);
#6051=VERTEX_POINT('',#12840);
#6052=VERTEX_POINT('',#12844);
#6053=VERTEX_POINT('',#12848);
#6054=VERTEX_POINT('',#12852);
#6055=VERTEX_POINT('',#12856);
#6056=VERTEX_POINT('',#12860);
#6057=VERTEX_POINT('',#12865);
#6058=VERTEX_POINT('',#12869);
#6059=VERTEX_POINT('',#12873);
#6060=VERTEX_POINT('',#12877);
#6061=VERTEX_POINT('',#12881);
#6062=VERTEX_POINT('',#12885);
#6063=VERTEX_POINT('',#12887);
#6064=VERTEX_POINT('',#12891);
#6065=VERTEX_POINT('',#12897);
#6066=VERTEX_POINT('',#12901);
#6067=VERTEX_POINT('',#12905);
#6068=VERTEX_POINT('',#12909);
#6069=VERTEX_POINT('',#12913);
#6070=VERTEX_POINT('',#12919);
#6071=VERTEX_POINT('',#12923);
#6072=VERTEX_POINT('',#12930);
#6073=VERTEX_POINT('',#12931);
#6074=VERTEX_POINT('',#12933);
#6075=VERTEX_POINT('',#12935);
#6076=VERTEX_POINT('',#12939);
#6077=VERTEX_POINT('',#12941);
#6078=VERTEX_POINT('',#12945);
#6079=VERTEX_POINT('',#12947);
#6080=VERTEX_POINT('',#12949);
#6081=VERTEX_POINT('',#12953);
#6082=VERTEX_POINT('',#12955);
#6083=VERTEX_POINT('',#12957);
#6084=VERTEX_POINT('',#12959);
#6085=VERTEX_POINT('',#12964);
#6086=VERTEX_POINT('',#12971);
#6087=VERTEX_POINT('',#12973);
#6088=VERTEX_POINT('',#12975);
#6089=VERTEX_POINT('',#12990);
#6090=VERTEX_POINT('',#12992);
#6091=VERTEX_POINT('',#13009);
#6092=VERTEX_POINT('',#13011);
#6093=VERTEX_POINT('',#13107);
#6094=VERTEX_POINT('',#13109);
#6095=VERTEX_POINT('',#13166);
#6096=VERTEX_POINT('',#13185);
#6097=VERTEX_POINT('',#13189);
#6098=VERTEX_POINT('',#13193);
#6099=VERTEX_POINT('',#13197);
#6100=VERTEX_POINT('',#13227);
#6101=VERTEX_POINT('',#13230);
#6102=VERTEX_POINT('',#13233);
#6103=VERTEX_POINT('',#13236);
#6104=VERTEX_POINT('',#13239);
#6105=VERTEX_POINT('',#13242);
#6106=VERTEX_POINT('',#13245);
#6107=VERTEX_POINT('',#13248);
#6108=VERTEX_POINT('',#13251);
#6109=VERTEX_POINT('',#13255);
#6110=VERTEX_POINT('',#13259);
#6111=VERTEX_POINT('',#13263);
#6112=VERTEX_POINT('',#13267);
#6113=VERTEX_POINT('',#13271);
#6114=VERTEX_POINT('',#13275);
#6115=VERTEX_POINT('',#13279);
#6116=EDGE_CURVE('',#5396,#5396,#7196,.T.);
#6117=EDGE_CURVE('',#5397,#5398,#1758,.T.);
#6118=EDGE_CURVE('',#5398,#5399,#1759,.T.);
#6119=EDGE_CURVE('',#5399,#5400,#1760,.T.);
#6120=EDGE_CURVE('',#5401,#5400,#352,.T.);
#6121=EDGE_CURVE('',#5401,#5402,#1761,.T.);
#6122=EDGE_CURVE('',#5402,#5403,#1762,.T.);
#6123=EDGE_CURVE('',#5403,#5404,#1763,.T.);
#6124=EDGE_CURVE('',#5405,#5404,#353,.T.);
#6125=EDGE_CURVE('',#5405,#5406,#1764,.T.);
#6126=EDGE_CURVE('',#5406,#5407,#1765,.T.);
#6127=EDGE_CURVE('',#5407,#5408,#1766,.T.);
#6128=EDGE_CURVE('',#5409,#5408,#354,.T.);
#6129=EDGE_CURVE('',#5409,#5410,#1767,.T.);
#6130=EDGE_CURVE('',#5411,#5410,#355,.T.);
#6131=EDGE_CURVE('',#5412,#5411,#356,.T.);
#6132=EDGE_CURVE('',#5413,#5412,#357,.T.);
#6133=EDGE_CURVE('',#5413,#5414,#1768,.T.);
#6134=EDGE_CURVE('',#5414,#5415,#358,.T.);
#6135=EDGE_CURVE('',#5415,#5416,#1769,.T.);
#6136=EDGE_CURVE('',#5416,#5417,#359,.T.);
#6137=EDGE_CURVE('',#5418,#5417,#360,.T.);
#6138=EDGE_CURVE('',#5419,#5418,#361,.T.);
#6139=EDGE_CURVE('',#5419,#5420,#1770,.T.);
#6140=EDGE_CURVE('',#5397,#5420,#362,.T.);
#6141=EDGE_CURVE('',#5421,#5422,#363,.T.);
#6142=EDGE_CURVE('',#5422,#5423,#1771,.T.);
#6143=EDGE_CURVE('',#5424,#5423,#364,.T.);
#6144=EDGE_CURVE('',#5425,#5424,#1772,.T.);
#6145=EDGE_CURVE('',#5426,#5425,#365,.T.);
#6146=EDGE_CURVE('',#5426,#5427,#1773,.T.);
#6147=EDGE_CURVE('',#5427,#5428,#366,.T.);
#6148=EDGE_CURVE('',#5428,#5429,#1774,.T.);
#6149=EDGE_CURVE('',#5429,#5430,#367,.T.);
#6150=EDGE_CURVE('',#5430,#5431,#1775,.T.);
#6151=EDGE_CURVE('',#5431,#5432,#368,.T.);
#6152=EDGE_CURVE('',#5432,#5433,#1776,.T.);
#6153=EDGE_CURVE('',#5433,#5434,#369,.T.);
#6154=EDGE_CURVE('',#5435,#5434,#1777,.T.);
#6155=EDGE_CURVE('',#5435,#5436,#370,.T.);
#6156=EDGE_CURVE('',#5436,#5437,#1778,.T.);
#6157=EDGE_CURVE('',#5437,#5438,#371,.T.);
#6158=EDGE_CURVE('',#5438,#5439,#1779,.T.);
#6159=EDGE_CURVE('',#5440,#5439,#372,.T.);
#6160=EDGE_CURVE('',#5441,#5440,#1780,.T.);
#6161=EDGE_CURVE('',#5442,#5441,#373,.T.);
#6162=EDGE_CURVE('',#5442,#5443,#1781,.T.);
#6163=EDGE_CURVE('',#5443,#5444,#374,.T.);
#6164=EDGE_CURVE('',#5444,#5445,#1782,.T.);
#6165=EDGE_CURVE('',#5446,#5445,#375,.T.);
#6166=EDGE_CURVE('',#5447,#5446,#1783,.T.);
#6167=EDGE_CURVE('',#5448,#5447,#376,.T.);
#6168=EDGE_CURVE('',#5448,#5421,#1784,.T.);
#6169=EDGE_CURVE('',#5449,#5450,#7197,.T.);
#6170=EDGE_CURVE('',#5450,#5451,#217,.T.);
#6171=EDGE_CURVE('',#5451,#5435,#377,.T.);
#6172=EDGE_CURVE('',#5434,#5452,#378,.T.);
#6173=EDGE_CURVE('',#5452,#5449,#218,.T.);
#6174=EDGE_CURVE('',#5453,#5411,#7198,.T.);
#6175=EDGE_CURVE('',#5454,#5411,#379,.T.);
#6176=EDGE_CURVE('',#5454,#5455,#219,.T.);
#6177=EDGE_CURVE('',#5456,#5455,#7199,.T.);
#6178=EDGE_CURVE('',#5456,#5457,#220,.T.);
#6179=EDGE_CURVE('',#5453,#5457,#380,.T.);
#6180=EDGE_CURVE('',#5458,#5458,#7200,.T.);
#6181=EDGE_CURVE('',#5459,#5460,#7201,.T.);
#6182=EDGE_CURVE('',#5461,#5460,#381,.T.);
#6183=EDGE_CURVE('',#5461,#5462,#221,.T.);
#6184=EDGE_CURVE('',#5463,#5462,#7202,.T.);
#6185=EDGE_CURVE('',#5463,#5464,#222,.T.);
#6186=EDGE_CURVE('',#5418,#5464,#382,.T.);
#6187=EDGE_CURVE('',#5418,#5459,#7203,.T.);
#6188=EDGE_CURVE('',#5465,#5465,#7204,.T.);
#6189=EDGE_CURVE('',#5466,#5467,#7205,.T.);
#6190=EDGE_CURVE('',#5466,#5468,#223,.T.);
#6191=EDGE_CURVE('',#5425,#5468,#383,.T.);
#6192=EDGE_CURVE('',#5469,#5424,#384,.T.);
#6193=EDGE_CURVE('',#5469,#5467,#224,.T.);
#6194=EDGE_CURVE('',#5470,#5471,#7206,.T.);
#6195=EDGE_CURVE('',#5472,#5471,#385,.T.);
#6196=EDGE_CURVE('',#5472,#5473,#225,.T.);
#6197=EDGE_CURVE('',#5474,#5473,#7207,.T.);
#6198=EDGE_CURVE('',#5474,#5475,#226,.T.);
#6199=EDGE_CURVE('',#5470,#5475,#386,.T.);
#6200=EDGE_CURVE('',#5476,#5476,#7208,.T.);
#6201=EDGE_CURVE('',#5477,#5478,#7209,.T.);
#6202=EDGE_CURVE('',#5477,#5479,#227,.T.);
#6203=EDGE_CURVE('',#5447,#5479,#387,.T.);
#6204=EDGE_CURVE('',#5480,#5446,#388,.T.);
#6205=EDGE_CURVE('',#5480,#5478,#228,.T.);
#6206=EDGE_CURVE('',#5481,#5482,#7210,.T.);
#6207=EDGE_CURVE('',#5483,#5482,#389,.T.);
#6208=EDGE_CURVE('',#5483,#5484,#229,.T.);
#6209=EDGE_CURVE('',#5485,#5484,#7211,.T.);
#6210=EDGE_CURVE('',#5485,#5486,#230,.T.);
#6211=EDGE_CURVE('',#5481,#5486,#390,.T.);
#6212=EDGE_CURVE('',#5487,#5487,#7212,.T.);
#6213=EDGE_CURVE('',#5488,#5489,#7213,.T.);
#6214=EDGE_CURVE('',#5488,#5490,#231,.T.);
#6215=EDGE_CURVE('',#5441,#5490,#391,.T.);
#6216=EDGE_CURVE('',#5491,#5440,#392,.T.);
#6217=EDGE_CURVE('',#5491,#5489,#232,.T.);
#6218=EDGE_CURVE('',#5492,#5493,#393,.T.);
#6219=EDGE_CURVE('',#5407,#5493,#233,.T.);
#6220=EDGE_CURVE('',#5494,#5406,#234,.T.);
#6221=EDGE_CURVE('',#5494,#5495,#394,.T.);
#6222=EDGE_CURVE('',#5492,#5495,#1785,.T.);
#6223=EDGE_CURVE('',#5496,#5496,#7214,.T.);
#6224=EDGE_CURVE('',#5497,#5498,#395,.T.);
#6225=EDGE_CURVE('',#5403,#5498,#235,.T.);
#6226=EDGE_CURVE('',#5499,#5402,#236,.T.);
#6227=EDGE_CURVE('',#5499,#5500,#396,.T.);
#6228=EDGE_CURVE('',#5497,#5500,#1786,.T.);
#6229=EDGE_CURVE('',#5501,#5501,#7215,.T.);
#6230=EDGE_CURVE('',#5502,#5503,#397,.T.);
#6231=EDGE_CURVE('',#5399,#5503,#237,.T.);
#6232=EDGE_CURVE('',#5504,#5398,#238,.T.);
#6233=EDGE_CURVE('',#5504,#5505,#398,.T.);
#6234=EDGE_CURVE('',#5502,#5505,#1787,.T.);
#6235=EDGE_CURVE('',#5506,#5507,#399,.T.);
#6236=EDGE_CURVE('',#5507,#5508,#400,.T.);
#6237=EDGE_CURVE('',#5508,#5509,#401,.T.);
#6238=EDGE_CURVE('',#5509,#5506,#402,.T.);
#6239=EDGE_CURVE('',#5510,#5511,#403,.T.);
#6240=EDGE_CURVE('',#5510,#5512,#404,.T.);
#6241=EDGE_CURVE('',#5513,#5512,#405,.T.);
#6242=EDGE_CURVE('',#5511,#5513,#406,.T.);
#6243=EDGE_CURVE('',#5514,#5515,#407,.T.);
#6244=EDGE_CURVE('',#5514,#5516,#408,.T.);
#6245=EDGE_CURVE('',#5516,#5517,#409,.T.);
#6246=EDGE_CURVE('',#5515,#5517,#410,.T.);
#6247=EDGE_CURVE('',#5518,#5519,#411,.T.);
#6248=EDGE_CURVE('',#5520,#5518,#412,.T.);
#6249=EDGE_CURVE('',#5521,#5520,#413,.T.);
#6250=EDGE_CURVE('',#5521,#5519,#414,.T.);
#6251=EDGE_CURVE('',#5522,#5523,#415,.T.);
#6252=EDGE_CURVE('',#5522,#5524,#416,.T.);
#6253=EDGE_CURVE('',#5525,#5524,#417,.T.);
#6254=EDGE_CURVE('',#5523,#5525,#418,.T.);
#6255=EDGE_CURVE('',#5526,#5527,#419,.T.);
#6256=EDGE_CURVE('',#5527,#5528,#420,.T.);
#6257=EDGE_CURVE('',#5529,#5528,#421,.T.);
#6258=EDGE_CURVE('',#5530,#5529,#422,.T.);
#6259=EDGE_CURVE('',#5530,#5531,#423,.T.);
#6260=EDGE_CURVE('',#5531,#5532,#424,.T.);
#6261=EDGE_CURVE('',#5533,#5532,#425,.T.);
#6262=EDGE_CURVE('',#5533,#5534,#426,.T.);
#6263=EDGE_CURVE('',#5535,#5534,#427,.T.);
#6264=EDGE_CURVE('',#5536,#5535,#428,.T.);
#6265=EDGE_CURVE('',#5536,#5537,#429,.T.);
#6266=EDGE_CURVE('',#5537,#5538,#430,.T.);
#6267=EDGE_CURVE('',#5538,#5539,#431,.T.);
#6268=EDGE_CURVE('',#5539,#5540,#432,.T.);
#6269=EDGE_CURVE('',#5540,#5541,#433,.T.);
#6270=EDGE_CURVE('',#5541,#5542,#434,.T.);
#6271=EDGE_CURVE('',#5542,#5543,#435,.T.);
#6272=EDGE_CURVE('',#5526,#5543,#436,.T.);
#6273=EDGE_CURVE('',#5514,#5544,#437,.T.);
#6274=EDGE_CURVE('',#5545,#5515,#438,.T.);
#6275=EDGE_CURVE('',#5546,#5545,#439,.T.);
#6276=EDGE_CURVE('',#5546,#5547,#440,.T.);
#6277=EDGE_CURVE('',#5547,#5548,#441,.T.);
#6278=EDGE_CURVE('',#5548,#5549,#442,.T.);
#6279=EDGE_CURVE('',#5549,#5550,#7216,.T.);
#6280=EDGE_CURVE('',#5550,#5544,#443,.T.);
#6281=EDGE_CURVE('',#5551,#5552,#444,.T.);
#6282=EDGE_CURVE('',#5551,#5517,#1788,.T.);
#6283=EDGE_CURVE('',#5516,#5553,#7217,.T.);
#6284=EDGE_CURVE('',#5553,#5552,#239,.T.);
#6285=EDGE_CURVE('',#5554,#5555,#445,.T.);
#6286=EDGE_CURVE('',#5554,#5556,#240,.T.);
#6287=EDGE_CURVE('',#5556,#5527,#7218,.T.);
#6288=EDGE_CURVE('',#5555,#5526,#7219,.T.);
#6289=EDGE_CURVE('',#5557,#5558,#446,.T.);
#6290=EDGE_CURVE('',#5559,#5557,#447,.T.);
#6291=EDGE_CURVE('',#5560,#5559,#448,.T.);
#6292=EDGE_CURVE('',#5560,#5558,#449,.T.);
#6293=EDGE_CURVE('',#5561,#5562,#450,.T.);
#6294=EDGE_CURVE('',#5561,#5563,#451,.T.);
#6295=EDGE_CURVE('',#5564,#5563,#452,.T.);
#6296=EDGE_CURVE('',#5562,#5564,#453,.T.);
#6297=EDGE_CURVE('',#5565,#5566,#454,.T.);
#6298=EDGE_CURVE('',#5566,#5567,#455,.T.);
#6299=EDGE_CURVE('',#5568,#5567,#456,.T.);
#6300=EDGE_CURVE('',#5569,#5568,#457,.T.);
#6301=EDGE_CURVE('',#5569,#5570,#458,.T.);
#6302=EDGE_CURVE('',#5570,#5415,#459,.T.);
#6303=EDGE_CURVE('',#5414,#5571,#460,.T.);
#6304=EDGE_CURVE('',#5572,#5571,#461,.T.);
#6305=EDGE_CURVE('',#5573,#5572,#462,.T.);
#6306=EDGE_CURVE('',#5573,#5574,#463,.T.);
#6307=EDGE_CURVE('',#5574,#5575,#464,.T.);
#6308=EDGE_CURVE('',#5575,#5576,#465,.T.);
#6309=EDGE_CURVE('',#5576,#5577,#466,.T.);
#6310=EDGE_CURVE('',#5578,#5577,#467,.T.);
#6311=EDGE_CURVE('',#5578,#5579,#468,.T.);
#6312=EDGE_CURVE('',#5579,#5580,#469,.T.);
#6313=EDGE_CURVE('',#5580,#5565,#470,.T.);
#6314=EDGE_CURVE('',#5581,#5567,#471,.T.);
#6315=EDGE_CURVE('',#5581,#5582,#472,.T.);
#6316=EDGE_CURVE('',#5583,#5582,#473,.T.);
#6317=EDGE_CURVE('',#5583,#5584,#474,.T.);
#6318=EDGE_CURVE('',#5568,#5584,#475,.T.);
#6319=EDGE_CURVE('',#5585,#5586,#7220,.T.);
#6320=EDGE_CURVE('',#5585,#5587,#476,.T.);
#6321=EDGE_CURVE('',#5587,#5588,#7221,.T.);
#6322=EDGE_CURVE('',#5586,#5588,#477,.T.);
#6323=EDGE_CURVE('',#5589,#5590,#478,.T.);
#6324=EDGE_CURVE('',#5589,#5591,#241,.T.);
#6325=EDGE_CURVE('',#5591,#5566,#7222,.T.);
#6326=EDGE_CURVE('',#5590,#5565,#7223,.T.);
#6327=EDGE_CURVE('',#5587,#5592,#242,.T.);
#6328=EDGE_CURVE('',#5592,#5593,#243,.T.);
#6329=EDGE_CURVE('',#5594,#5593,#7224,.T.);
#6330=EDGE_CURVE('',#5588,#5594,#7225,.T.);
#6331=EDGE_CURVE('',#5502,#5470,#479,.T.);
#6332=EDGE_CURVE('',#5460,#5505,#480,.T.);
#6333=EDGE_CURVE('',#5470,#5460,#481,.T.);
#6334=EDGE_CURVE('',#5497,#5481,#482,.T.);
#6335=EDGE_CURVE('',#5471,#5500,#483,.T.);
#6336=EDGE_CURVE('',#5481,#5471,#484,.T.);
#6337=EDGE_CURVE('',#5492,#5453,#485,.T.);
#6338=EDGE_CURVE('',#5482,#5495,#486,.T.);
#6339=EDGE_CURVE('',#5453,#5482,#487,.T.);
#6340=EDGE_CURVE('',#5595,#5546,#488,.T.);
#6341=EDGE_CURVE('',#5595,#5596,#489,.T.);
#6342=EDGE_CURVE('',#5596,#5597,#490,.T.);
#6343=EDGE_CURVE('',#5598,#5597,#491,.T.);
#6344=EDGE_CURVE('',#5598,#5599,#492,.T.);
#6345=EDGE_CURVE('',#5600,#5599,#493,.T.);
#6346=EDGE_CURVE('',#5600,#5413,#494,.T.);
#6347=EDGE_CURVE('',#5412,#5601,#495,.T.);
#6348=EDGE_CURVE('',#5601,#5602,#496,.T.);
#6349=EDGE_CURVE('',#5603,#5602,#497,.T.);
#6350=EDGE_CURVE('',#5547,#5603,#498,.T.);
#6351=EDGE_CURVE('',#5588,#5604,#499,.T.);
#6352=EDGE_CURVE('',#5604,#5605,#500,.T.);
#6353=EDGE_CURVE('',#5606,#5605,#501,.T.);
#6354=EDGE_CURVE('',#5606,#5607,#502,.T.);
#6355=EDGE_CURVE('',#5608,#5607,#503,.T.);
#6356=EDGE_CURVE('',#5608,#5609,#504,.T.);
#6357=EDGE_CURVE('',#5609,#5417,#505,.T.);
#6358=EDGE_CURVE('',#5416,#5610,#506,.T.);
#6359=EDGE_CURVE('',#5611,#5610,#507,.T.);
#6360=EDGE_CURVE('',#5612,#5611,#508,.T.);
#6361=EDGE_CURVE('',#5586,#5612,#509,.T.);
#6362=EDGE_CURVE('',#5609,#5533,#7226,.T.);
#6363=EDGE_CURVE('',#5532,#5601,#7227,.T.);
#6364=EDGE_CURVE('',#5613,#5613,#7228,.T.);
#6365=EDGE_CURVE('',#5614,#5614,#7229,.T.);
#6366=EDGE_CURVE('',#5615,#5616,#7230,.T.);
#6367=EDGE_CURVE('',#5615,#5617,#510,.T.);
#6368=EDGE_CURVE('',#5618,#5617,#7231,.T.);
#6369=EDGE_CURVE('',#5616,#5618,#511,.T.);
#6370=EDGE_CURVE('',#5616,#5619,#512,.T.);
#6371=EDGE_CURVE('',#5620,#5618,#513,.T.);
#6372=EDGE_CURVE('',#5619,#5620,#514,.T.);
#6373=EDGE_CURVE('',#5621,#5622,#515,.T.);
#6374=EDGE_CURVE('',#5623,#5621,#516,.T.);
#6375=EDGE_CURVE('',#5623,#5624,#244,.T.);
#6376=EDGE_CURVE('',#5625,#5624,#517,.T.);
#6377=EDGE_CURVE('',#5622,#5625,#518,.T.);
#6378=EDGE_CURVE('',#5622,#5626,#7232,.T.);
#6379=EDGE_CURVE('',#5627,#5625,#7233,.T.);
#6380=EDGE_CURVE('',#5626,#5627,#519,.T.);
#6381=EDGE_CURVE('',#5626,#5628,#520,.T.);
#6382=EDGE_CURVE('',#5629,#5627,#521,.T.);
#6383=EDGE_CURVE('',#5629,#5630,#245,.T.);
#6384=EDGE_CURVE('',#5630,#5628,#522,.T.);
#6385=EDGE_CURVE('',#5631,#5632,#523,.T.);
#6386=EDGE_CURVE('',#5633,#5631,#524,.T.);
#6387=EDGE_CURVE('',#5633,#5634,#246,.T.);
#6388=EDGE_CURVE('',#5635,#5634,#525,.T.);
#6389=EDGE_CURVE('',#5632,#5635,#526,.T.);
#6390=EDGE_CURVE('',#5632,#5636,#7234,.T.);
#6391=EDGE_CURVE('',#5637,#5635,#7235,.T.);
#6392=EDGE_CURVE('',#5636,#5637,#527,.T.);
#6393=EDGE_CURVE('',#5636,#5638,#528,.T.);
#6394=EDGE_CURVE('',#5639,#5637,#529,.T.);
#6395=EDGE_CURVE('',#5639,#5640,#247,.T.);
#6396=EDGE_CURVE('',#5640,#5638,#530,.T.);
#6397=EDGE_CURVE('',#5630,#5633,#7236,.T.);
#6398=EDGE_CURVE('',#5631,#5628,#7237,.T.);
#6399=EDGE_CURVE('',#5641,#5642,#531,.T.);
#6400=EDGE_CURVE('',#5642,#5623,#7238,.T.);
#6401=EDGE_CURVE('',#5621,#5641,#7239,.T.);
#6402=EDGE_CURVE('',#5643,#5644,#532,.T.);
#6403=EDGE_CURVE('',#5644,#5645,#533,.T.);
#6404=EDGE_CURVE('',#5645,#5646,#7240,.T.);
#6405=EDGE_CURVE('',#5646,#5647,#534,.T.);
#6406=EDGE_CURVE('',#5647,#5648,#535,.T.);
#6407=EDGE_CURVE('',#5648,#5551,#536,.T.);
#6408=EDGE_CURVE('',#5552,#5649,#537,.T.);
#6409=EDGE_CURVE('',#5649,#5650,#538,.T.);
#6410=EDGE_CURVE('',#5650,#5554,#539,.T.);
#6411=EDGE_CURVE('',#5555,#5651,#540,.T.);
#6412=EDGE_CURVE('',#5652,#5651,#541,.T.);
#6413=EDGE_CURVE('',#5652,#5653,#542,.T.);
#6414=EDGE_CURVE('',#5653,#5654,#543,.T.);
#6415=EDGE_CURVE('',#5654,#5655,#7241,.T.);
#6416=EDGE_CURVE('',#5655,#5594,#544,.T.);
#6417=EDGE_CURVE('',#5593,#5656,#545,.T.);
#6418=EDGE_CURVE('',#5656,#5657,#546,.T.);
#6419=EDGE_CURVE('',#5657,#5589,#547,.T.);
#6420=EDGE_CURVE('',#5590,#5658,#548,.T.);
#6421=EDGE_CURVE('',#5643,#5658,#549,.T.);
#6422=EDGE_CURVE('',#5659,#5660,#7242,.T.);
#6423=EDGE_CURVE('',#5659,#5661,#7243,.T.);
#6424=EDGE_CURVE('',#5662,#5661,#7244,.T.);
#6425=EDGE_CURVE('',#5663,#5662,#550,.T.);
#6426=EDGE_CURVE('',#5663,#5664,#7245,.T.);
#6427=EDGE_CURVE('',#5664,#5665,#551,.T.);
#6428=EDGE_CURVE('',#5666,#5665,#7246,.T.);
#6429=EDGE_CURVE('',#5667,#5666,#552,.T.);
#6430=EDGE_CURVE('',#5667,#5668,#7247,.T.);
#6431=EDGE_CURVE('',#5668,#5669,#553,.T.);
#6432=EDGE_CURVE('',#5670,#5669,#7248,.T.);
#6433=EDGE_CURVE('',#5670,#5671,#7249,.T.);
#6434=EDGE_CURVE('',#5672,#5671,#7250,.T.);
#6435=EDGE_CURVE('',#5672,#5673,#554,.T.);
#6436=EDGE_CURVE('',#5673,#5674,#7251,.T.);
#6437=EDGE_CURVE('',#5675,#5674,#555,.T.);
#6438=EDGE_CURVE('',#5676,#5675,#7252,.T.);
#6439=EDGE_CURVE('',#5676,#5677,#7253,.T.);
#6440=EDGE_CURVE('',#5678,#5677,#7254,.T.);
#6441=EDGE_CURVE('',#5678,#5679,#556,.T.);
#6442=EDGE_CURVE('',#5679,#5680,#7255,.T.);
#6443=EDGE_CURVE('',#5681,#5680,#557,.T.);
#6444=EDGE_CURVE('',#5682,#5681,#7256,.T.);
#6445=EDGE_CURVE('',#5682,#5641,#7257,.T.);
#6446=EDGE_CURVE('',#5683,#5638,#7258,.T.);
#6447=EDGE_CURVE('',#5683,#5684,#7259,.T.);
#6448=EDGE_CURVE('',#5685,#5684,#7260,.T.);
#6449=EDGE_CURVE('',#5686,#5685,#558,.T.);
#6450=EDGE_CURVE('',#5686,#5687,#7261,.T.);
#6451=EDGE_CURVE('',#5688,#5687,#559,.T.);
#6452=EDGE_CURVE('',#5689,#5688,#7262,.T.);
#6453=EDGE_CURVE('',#5690,#5689,#560,.T.);
#6454=EDGE_CURVE('',#5690,#5691,#7263,.T.);
#6455=EDGE_CURVE('',#5692,#5691,#561,.T.);
#6456=EDGE_CURVE('',#5693,#5692,#7264,.T.);
#6457=EDGE_CURVE('',#5693,#5694,#7265,.T.);
#6458=EDGE_CURVE('',#5695,#5694,#7266,.T.);
#6459=EDGE_CURVE('',#5695,#5696,#562,.T.);
#6460=EDGE_CURVE('',#5696,#5697,#7267,.T.);
#6461=EDGE_CURVE('',#5698,#5697,#563,.T.);
#6462=EDGE_CURVE('',#5699,#5698,#7268,.T.);
#6463=EDGE_CURVE('',#5699,#5700,#7269,.T.);
#6464=EDGE_CURVE('',#5701,#5700,#7270,.T.);
#6465=EDGE_CURVE('',#5701,#5702,#564,.T.);
#6466=EDGE_CURVE('',#5702,#5703,#7271,.T.);
#6467=EDGE_CURVE('',#5704,#5703,#565,.T.);
#6468=EDGE_CURVE('',#5705,#5704,#7272,.T.);
#6469=EDGE_CURVE('',#5705,#5706,#7273,.T.);
#6470=EDGE_CURVE('',#5707,#5706,#7274,.T.);
#6471=EDGE_CURVE('',#5707,#5708,#566,.T.);
#6472=EDGE_CURVE('',#5708,#5709,#7275,.T.);
#6473=EDGE_CURVE('',#5709,#5710,#567,.T.);
#6474=EDGE_CURVE('',#5711,#5710,#7276,.T.);
#6475=EDGE_CURVE('',#5711,#5712,#568,.T.);
#6476=EDGE_CURVE('',#5712,#5713,#7277,.T.);
#6477=EDGE_CURVE('',#5713,#5660,#569,.T.);
#6478=EDGE_CURVE('',#5714,#5715,#570,.T.);
#6479=EDGE_CURVE('',#5714,#5716,#7278,.T.);
#6480=EDGE_CURVE('',#5716,#5717,#7279,.T.);
#6481=EDGE_CURVE('',#5717,#5718,#7280,.T.);
#6482=EDGE_CURVE('',#5718,#5719,#571,.T.);
#6483=EDGE_CURVE('',#5719,#5720,#7281,.T.);
#6484=EDGE_CURVE('',#5720,#5721,#572,.T.);
#6485=EDGE_CURVE('',#5721,#5722,#7282,.T.);
#6486=EDGE_CURVE('',#5722,#5723,#573,.T.);
#6487=EDGE_CURVE('',#5723,#5724,#7283,.T.);
#6488=EDGE_CURVE('',#5724,#5725,#574,.T.);
#6489=EDGE_CURVE('',#5725,#5726,#7284,.T.);
#6490=EDGE_CURVE('',#5726,#5727,#7285,.T.);
#6491=EDGE_CURVE('',#5727,#5728,#7286,.T.);
#6492=EDGE_CURVE('',#5729,#5728,#575,.T.);
#6493=EDGE_CURVE('',#5730,#5729,#7287,.T.);
#6494=EDGE_CURVE('',#5730,#5731,#576,.T.);
#6495=EDGE_CURVE('',#5731,#5732,#7288,.T.);
#6496=EDGE_CURVE('',#5732,#5733,#7289,.T.);
#6497=EDGE_CURVE('',#5733,#5734,#7290,.T.);
#6498=EDGE_CURVE('',#5735,#5734,#577,.T.);
#6499=EDGE_CURVE('',#5735,#5736,#7291,.T.);
#6500=EDGE_CURVE('',#5736,#5737,#578,.T.);
#6501=EDGE_CURVE('',#5737,#5738,#7292,.T.);
#6502=EDGE_CURVE('',#5738,#5739,#7293,.T.);
#6503=EDGE_CURVE('',#5739,#5740,#7294,.T.);
#6504=EDGE_CURVE('',#5741,#5740,#579,.T.);
#6505=EDGE_CURVE('',#5742,#5741,#7295,.T.);
#6506=EDGE_CURVE('',#5743,#5742,#580,.T.);
#6507=EDGE_CURVE('',#5743,#5744,#7296,.T.);
#6508=EDGE_CURVE('',#5745,#5744,#581,.T.);
#6509=EDGE_CURVE('',#5746,#5745,#7297,.T.);
#6510=EDGE_CURVE('',#5747,#5746,#582,.T.);
#6511=EDGE_CURVE('',#5747,#5748,#7298,.T.);
#6512=EDGE_CURVE('',#5748,#5749,#7299,.T.);
#6513=EDGE_CURVE('',#5749,#5639,#7300,.T.);
#6514=EDGE_CURVE('',#5634,#5629,#7301,.T.);
#6515=EDGE_CURVE('',#5624,#5750,#7302,.T.);
#6516=EDGE_CURVE('',#5750,#5751,#7303,.T.);
#6517=EDGE_CURVE('',#5751,#5752,#7304,.T.);
#6518=EDGE_CURVE('',#5753,#5752,#583,.T.);
#6519=EDGE_CURVE('',#5754,#5753,#7305,.T.);
#6520=EDGE_CURVE('',#5754,#5755,#584,.T.);
#6521=EDGE_CURVE('',#5755,#5756,#7306,.T.);
#6522=EDGE_CURVE('',#5756,#5757,#7307,.T.);
#6523=EDGE_CURVE('',#5757,#5758,#7308,.T.);
#6524=EDGE_CURVE('',#5759,#5758,#585,.T.);
#6525=EDGE_CURVE('',#5759,#5760,#7309,.T.);
#6526=EDGE_CURVE('',#5760,#5761,#586,.T.);
#6527=EDGE_CURVE('',#5761,#5762,#7310,.T.);
#6528=EDGE_CURVE('',#5762,#5763,#7311,.T.);
#6529=EDGE_CURVE('',#5763,#5764,#7312,.T.);
#6530=EDGE_CURVE('',#5765,#5764,#587,.T.);
#6531=EDGE_CURVE('',#5766,#5765,#7313,.T.);
#6532=EDGE_CURVE('',#5767,#5766,#588,.T.);
#6533=EDGE_CURVE('',#5767,#5768,#7314,.T.);
#6534=EDGE_CURVE('',#5769,#5768,#589,.T.);
#6535=EDGE_CURVE('',#5715,#5769,#7315,.T.);
#6536=EDGE_CURVE('',#5617,#5770,#590,.T.);
#6537=EDGE_CURVE('',#5771,#5770,#591,.T.);
#6538=EDGE_CURVE('',#5772,#5771,#7316,.T.);
#6539=EDGE_CURVE('',#5773,#5772,#592,.T.);
#6540=EDGE_CURVE('',#5773,#5774,#593,.T.);
#6541=EDGE_CURVE('',#5774,#5775,#7317,.T.);
#6542=EDGE_CURVE('',#5775,#5506,#594,.T.);
#6543=EDGE_CURVE('',#5776,#5509,#7318,.T.);
#6544=EDGE_CURVE('',#5620,#5776,#595,.T.);
#6545=EDGE_CURVE('',#5777,#5778,#596,.T.);
#6546=EDGE_CURVE('',#5777,#5779,#597,.T.);
#6547=EDGE_CURVE('',#5779,#5780,#7319,.T.);
#6548=EDGE_CURVE('',#5780,#5781,#598,.T.);
#6549=EDGE_CURVE('',#5782,#5781,#599,.T.);
#6550=EDGE_CURVE('',#5783,#5782,#7320,.T.);
#6551=EDGE_CURVE('',#5784,#5783,#600,.T.);
#6552=EDGE_CURVE('',#5784,#5785,#601,.T.);
#6553=EDGE_CURVE('',#5785,#5786,#7321,.T.);
#6554=EDGE_CURVE('',#5786,#5787,#602,.T.);
#6555=EDGE_CURVE('',#5788,#5787,#603,.T.);
#6556=EDGE_CURVE('',#5778,#5788,#7322,.T.);
#6557=EDGE_CURVE('',#5789,#5789,#7323,.T.);
#6558=EDGE_CURVE('',#5790,#5790,#7324,.T.);
#6559=EDGE_CURVE('',#5791,#5791,#7325,.T.);
#6560=EDGE_CURVE('',#5792,#5793,#604,.T.);
#6561=EDGE_CURVE('',#5792,#5794,#605,.T.);
#6562=EDGE_CURVE('',#5794,#5513,#7326,.T.);
#6563=EDGE_CURVE('',#5795,#5512,#606,.T.);
#6564=EDGE_CURVE('',#5796,#5795,#7327,.T.);
#6565=EDGE_CURVE('',#5797,#5796,#607,.T.);
#6566=EDGE_CURVE('',#5797,#5798,#608,.T.);
#6567=EDGE_CURVE('',#5798,#5799,#7328,.T.);
#6568=EDGE_CURVE('',#5799,#5800,#609,.T.);
#6569=EDGE_CURVE('',#5801,#5800,#610,.T.);
#6570=EDGE_CURVE('',#5793,#5801,#7329,.T.);
#6571=EDGE_CURVE('',#5802,#5802,#7330,.T.);
#6572=EDGE_CURVE('',#5803,#5803,#7331,.T.);
#6573=EDGE_CURVE('',#5804,#5804,#7332,.T.);
#6574=EDGE_CURVE('',#5805,#5805,#7333,.T.);
#6575=EDGE_CURVE('',#5806,#5615,#611,.T.);
#6576=EDGE_CURVE('',#5806,#5770,#612,.T.);
#6577=EDGE_CURVE('',#5640,#5807,#7334,.T.);
#6578=EDGE_CURVE('',#5807,#5683,#613,.T.);
#6579=EDGE_CURVE('',#5808,#5665,#614,.T.);
#6580=EDGE_CURVE('',#5664,#5769,#615,.T.);
#6581=EDGE_CURVE('',#5768,#5808,#248,.T.);
#6582=EDGE_CURVE('',#5663,#5715,#616,.T.);
#6583=EDGE_CURVE('',#5809,#5662,#617,.T.);
#6584=EDGE_CURVE('',#5809,#5714,#249,.T.);
#6585=EDGE_CURVE('',#5667,#5766,#618,.T.);
#6586=EDGE_CURVE('',#5810,#5666,#619,.T.);
#6587=EDGE_CURVE('',#5810,#5767,#250,.T.);
#6588=EDGE_CURVE('',#5811,#5669,#620,.T.);
#6589=EDGE_CURVE('',#5668,#5765,#621,.T.);
#6590=EDGE_CURVE('',#5764,#5811,#251,.T.);
#6591=EDGE_CURVE('',#5787,#5812,#622,.T.);
#6592=EDGE_CURVE('',#5812,#5813,#623,.T.);
#6593=EDGE_CURVE('',#5813,#5788,#624,.T.);
#6594=EDGE_CURVE('',#5814,#5813,#7335,.T.);
#6595=EDGE_CURVE('',#5814,#5778,#625,.T.);
#6596=EDGE_CURVE('',#5815,#5815,#7336,.T.);
#6597=EDGE_CURVE('',#5661,#5816,#626,.T.);
#6598=EDGE_CURVE('',#5816,#5809,#7337,.T.);
#6599=EDGE_CURVE('',#5811,#5817,#7338,.T.);
#6600=EDGE_CURVE('',#5817,#5670,#627,.T.);
#6601=EDGE_CURVE('',#5808,#5810,#7339,.T.);
#6602=EDGE_CURVE('',#5814,#5818,#628,.T.);
#6603=EDGE_CURVE('',#5777,#5818,#629,.T.);
#6604=EDGE_CURVE('',#5819,#5819,#7340,.T.);
#6605=EDGE_CURVE('',#5820,#5707,#630,.T.);
#6606=EDGE_CURVE('',#5820,#5725,#252,.T.);
#6607=EDGE_CURVE('',#5708,#5724,#631,.T.);
#6608=EDGE_CURVE('',#5709,#5723,#632,.T.);
#6609=EDGE_CURVE('',#5722,#5821,#253,.T.);
#6610=EDGE_CURVE('',#5821,#5710,#633,.T.);
#6611=EDGE_CURVE('',#5821,#5822,#7341,.T.);
#6612=EDGE_CURVE('',#5822,#5711,#634,.T.);
#6613=EDGE_CURVE('',#5822,#5721,#254,.T.);
#6614=EDGE_CURVE('',#5712,#5720,#635,.T.);
#6615=EDGE_CURVE('',#5713,#5719,#636,.T.);
#6616=EDGE_CURVE('',#5718,#5823,#255,.T.);
#6617=EDGE_CURVE('',#5823,#5660,#637,.T.);
#6618=EDGE_CURVE('',#5823,#5824,#7342,.T.);
#6619=EDGE_CURVE('',#5824,#5659,#638,.T.);
#6620=EDGE_CURVE('',#5812,#5825,#639,.T.);
#6621=EDGE_CURVE('',#5825,#5786,#640,.T.);
#6622=EDGE_CURVE('',#5825,#5826,#7343,.T.);
#6623=EDGE_CURVE('',#5826,#5785,#641,.T.);
#6624=EDGE_CURVE('',#5706,#5827,#642,.T.);
#6625=EDGE_CURVE('',#5827,#5820,#7344,.T.);
#6626=EDGE_CURVE('',#5826,#5828,#643,.T.);
#6627=EDGE_CURVE('',#5828,#5784,#644,.T.);
#6628=EDGE_CURVE('',#5684,#5829,#645,.T.);
#6629=EDGE_CURVE('',#5829,#5830,#7345,.T.);
#6630=EDGE_CURVE('',#5830,#5685,#646,.T.);
#6631=EDGE_CURVE('',#5686,#5746,#647,.T.);
#6632=EDGE_CURVE('',#5830,#5747,#256,.T.);
#6633=EDGE_CURVE('',#5687,#5745,#648,.T.);
#6634=EDGE_CURVE('',#5831,#5688,#649,.T.);
#6635=EDGE_CURVE('',#5744,#5831,#257,.T.);
#6636=EDGE_CURVE('',#5831,#5832,#7346,.T.);
#6637=EDGE_CURVE('',#5832,#5689,#650,.T.);
#6638=EDGE_CURVE('',#5690,#5742,#651,.T.);
#6639=EDGE_CURVE('',#5832,#5743,#258,.T.);
#6640=EDGE_CURVE('',#5691,#5741,#652,.T.);
#6641=EDGE_CURVE('',#5833,#5833,#7347,.T.);
#6642=EDGE_CURVE('',#5834,#5835,#7348,.T.);
#6643=EDGE_CURVE('',#5834,#5772,#653,.T.);
#6644=EDGE_CURVE('',#5835,#5771,#654,.T.);
#6645=EDGE_CURVE('',#5806,#5835,#655,.T.);
#6646=EDGE_CURVE('',#5836,#5692,#656,.T.);
#6647=EDGE_CURVE('',#5740,#5836,#259,.T.);
#6648=EDGE_CURVE('',#5836,#5837,#7349,.T.);
#6649=EDGE_CURVE('',#5837,#5693,#657,.T.);
#6650=EDGE_CURVE('',#5834,#5838,#658,.T.);
#6651=EDGE_CURVE('',#5773,#5838,#659,.T.);
#6652=EDGE_CURVE('',#5673,#5760,#660,.T.);
#6653=EDGE_CURVE('',#5674,#5759,#661,.T.);
#6654=EDGE_CURVE('',#5839,#5675,#662,.T.);
#6655=EDGE_CURVE('',#5758,#5839,#260,.T.);
#6656=EDGE_CURVE('',#5839,#5840,#7350,.T.);
#6657=EDGE_CURVE('',#5840,#5676,#663,.T.);
#6658=EDGE_CURVE('',#5841,#5793,#664,.T.);
#6659=EDGE_CURVE('',#5841,#5842,#665,.T.);
#6660=EDGE_CURVE('',#5792,#5842,#666,.T.);
#6661=EDGE_CURVE('',#5841,#5843,#7351,.T.);
#6662=EDGE_CURVE('',#5843,#5801,#667,.T.);
#6663=EDGE_CURVE('',#5800,#5844,#668,.T.);
#6664=EDGE_CURVE('',#5844,#5843,#669,.T.);
#6665=EDGE_CURVE('',#5845,#5845,#7352,.T.);
#6666=EDGE_CURVE('',#5846,#5672,#670,.T.);
#6667=EDGE_CURVE('',#5846,#5761,#261,.T.);
#6668=EDGE_CURVE('',#5847,#5848,#7353,.T.);
#6669=EDGE_CURVE('',#5847,#5780,#671,.T.);
#6670=EDGE_CURVE('',#5848,#5779,#672,.T.);
#6671=EDGE_CURVE('',#5849,#5847,#673,.T.);
#6672=EDGE_CURVE('',#5849,#5781,#674,.T.);
#6673=EDGE_CURVE('',#5848,#5818,#675,.T.);
#6674=EDGE_CURVE('',#5671,#5850,#676,.T.);
#6675=EDGE_CURVE('',#5850,#5846,#7354,.T.);
#6676=EDGE_CURVE('',#5851,#5851,#7355,.T.);
#6677=EDGE_CURVE('',#5852,#5701,#677,.T.);
#6678=EDGE_CURVE('',#5852,#5731,#262,.T.);
#6679=EDGE_CURVE('',#5702,#5730,#678,.T.);
#6680=EDGE_CURVE('',#5703,#5729,#679,.T.);
#6681=EDGE_CURVE('',#5853,#5704,#680,.T.);
#6682=EDGE_CURVE('',#5728,#5853,#263,.T.);
#6683=EDGE_CURVE('',#5854,#5783,#681,.T.);
#6684=EDGE_CURVE('',#5854,#5828,#682,.T.);
#6685=EDGE_CURVE('',#5854,#5855,#7356,.T.);
#6686=EDGE_CURVE('',#5855,#5782,#683,.T.);
#6687=EDGE_CURVE('',#5849,#5855,#684,.T.);
#6688=EDGE_CURVE('',#5844,#5856,#685,.T.);
#6689=EDGE_CURVE('',#5856,#5799,#686,.T.);
#6690=EDGE_CURVE('',#5856,#5857,#7357,.T.);
#6691=EDGE_CURVE('',#5857,#5798,#687,.T.);
#6692=EDGE_CURVE('',#5853,#5858,#7358,.T.);
#6693=EDGE_CURVE('',#5858,#5705,#688,.T.);
#6694=EDGE_CURVE('',#5857,#5859,#689,.T.);
#6695=EDGE_CURVE('',#5859,#5797,#690,.T.);
#6696=EDGE_CURVE('',#5700,#5860,#691,.T.);
#6697=EDGE_CURVE('',#5860,#5852,#7359,.T.);
#6698=EDGE_CURVE('',#5679,#5754,#692,.T.);
#6699=EDGE_CURVE('',#5680,#5753,#693,.T.);
#6700=EDGE_CURVE('',#5861,#5681,#694,.T.);
#6701=EDGE_CURVE('',#5752,#5861,#264,.T.);
#6702=EDGE_CURVE('',#5861,#5862,#7360,.T.);
#6703=EDGE_CURVE('',#5862,#5682,#695,.T.);
#6704=EDGE_CURVE('',#5863,#5776,#696,.T.);
#6705=EDGE_CURVE('',#5863,#5619,#697,.T.);
#6706=EDGE_CURVE('',#5863,#5508,#7361,.T.);
#6707=EDGE_CURVE('',#5864,#5864,#7362,.T.);
#6708=EDGE_CURVE('',#5511,#5865,#7363,.T.);
#6709=EDGE_CURVE('',#5865,#5794,#698,.T.);
#6710=EDGE_CURVE('',#5866,#5678,#699,.T.);
#6711=EDGE_CURVE('',#5866,#5755,#265,.T.);
#6712=EDGE_CURVE('',#5865,#5842,#700,.T.);
#6713=EDGE_CURVE('',#5677,#5867,#701,.T.);
#6714=EDGE_CURVE('',#5867,#5866,#7364,.T.);
#6715=EDGE_CURVE('',#5694,#5868,#702,.T.);
#6716=EDGE_CURVE('',#5868,#5869,#7365,.T.);
#6717=EDGE_CURVE('',#5869,#5695,#703,.T.);
#6718=EDGE_CURVE('',#5869,#5737,#266,.T.);
#6719=EDGE_CURVE('',#5696,#5736,#704,.T.);
#6720=EDGE_CURVE('',#5697,#5735,#705,.T.);
#6721=EDGE_CURVE('',#5870,#5698,#706,.T.);
#6722=EDGE_CURVE('',#5734,#5870,#267,.T.);
#6723=EDGE_CURVE('',#5870,#5871,#7366,.T.);
#6724=EDGE_CURVE('',#5871,#5699,#707,.T.);
#6725=EDGE_CURVE('',#5872,#5872,#7367,.T.);
#6726=EDGE_CURVE('',#5873,#5838,#708,.T.);
#6727=EDGE_CURVE('',#5873,#5774,#709,.T.);
#6728=EDGE_CURVE('',#5874,#5873,#7368,.T.);
#6729=EDGE_CURVE('',#5874,#5775,#710,.T.);
#6730=EDGE_CURVE('',#5875,#5876,#7369,.T.);
#6731=EDGE_CURVE('',#5875,#5796,#711,.T.);
#6732=EDGE_CURVE('',#5876,#5795,#712,.T.);
#6733=EDGE_CURVE('',#5875,#5859,#713,.T.);
#6734=EDGE_CURVE('',#5507,#5874,#714,.T.);
#6735=EDGE_CURVE('',#5510,#5876,#715,.T.);
#6736=EDGE_CURVE('',#5877,#5878,#716,.T.);
#6737=EDGE_CURVE('',#5878,#5879,#717,.T.);
#6738=EDGE_CURVE('',#5880,#5879,#718,.T.);
#6739=EDGE_CURVE('',#5877,#5880,#719,.T.);
#6740=EDGE_CURVE('',#5881,#5878,#720,.T.);
#6741=EDGE_CURVE('',#5882,#5881,#721,.T.);
#6742=EDGE_CURVE('',#5879,#5882,#722,.T.);
#6743=EDGE_CURVE('',#5883,#5884,#723,.T.);
#6744=EDGE_CURVE('',#5885,#5883,#724,.T.);
#6745=EDGE_CURVE('',#5886,#5885,#725,.T.);
#6746=EDGE_CURVE('',#5886,#5887,#726,.T.);
#6747=EDGE_CURVE('',#5887,#5884,#727,.T.);
#6748=EDGE_CURVE('',#5888,#5528,#728,.T.);
#6749=EDGE_CURVE('',#5888,#5889,#729,.T.);
#6750=EDGE_CURVE('',#5885,#5889,#730,.T.);
#6751=EDGE_CURVE('',#5529,#5883,#731,.T.);
#6752=EDGE_CURVE('',#5887,#5522,#732,.T.);
#6753=EDGE_CURVE('',#5890,#5886,#733,.T.);
#6754=EDGE_CURVE('',#5881,#5890,#734,.T.);
#6755=EDGE_CURVE('',#5524,#5877,#735,.T.);
#6756=EDGE_CURVE('',#5890,#5889,#736,.T.);
#6757=EDGE_CURVE('',#5890,#5891,#737,.T.);
#6758=EDGE_CURVE('',#5891,#5892,#7370,.T.);
#6759=EDGE_CURVE('',#5892,#5893,#738,.T.);
#6760=EDGE_CURVE('',#5893,#5603,#739,.T.);
#6761=EDGE_CURVE('',#5602,#5531,#7371,.T.);
#6762=EDGE_CURVE('',#5882,#5530,#740,.T.);
#6763=EDGE_CURVE('',#5884,#5523,#741,.T.);
#6764=EDGE_CURVE('',#5525,#5880,#742,.T.);
#6765=EDGE_CURVE('',#5894,#5895,#743,.T.);
#6766=EDGE_CURVE('',#5894,#5896,#744,.T.);
#6767=EDGE_CURVE('',#5896,#5897,#745,.T.);
#6768=EDGE_CURVE('',#5898,#5897,#746,.T.);
#6769=EDGE_CURVE('',#5899,#5898,#747,.T.);
#6770=EDGE_CURVE('',#5899,#5900,#7372,.T.);
#6771=EDGE_CURVE('',#5900,#5901,#748,.T.);
#6772=EDGE_CURVE('',#5901,#5902,#7373,.T.);
#6773=EDGE_CURVE('',#5903,#5902,#749,.T.);
#6774=EDGE_CURVE('',#5540,#5903,#7374,.T.);
#6775=EDGE_CURVE('',#5539,#5653,#7375,.T.);
#6776=EDGE_CURVE('',#5904,#5652,#7376,.T.);
#6777=EDGE_CURVE('',#5905,#5904,#750,.T.);
#6778=EDGE_CURVE('',#5905,#5906,#751,.T.);
#6779=EDGE_CURVE('',#5906,#5907,#7377,.T.);
#6780=EDGE_CURVE('',#5908,#5907,#752,.T.);
#6781=EDGE_CURVE('',#5908,#5909,#753,.T.);
#6782=EDGE_CURVE('',#5910,#5909,#7378,.T.);
#6783=EDGE_CURVE('',#5911,#5910,#754,.T.);
#6784=EDGE_CURVE('',#5912,#5911,#7379,.T.);
#6785=EDGE_CURVE('',#5913,#5912,#755,.T.);
#6786=EDGE_CURVE('',#5913,#5914,#7380,.T.);
#6787=EDGE_CURVE('',#5915,#5914,#756,.T.);
#6788=EDGE_CURVE('',#5915,#5916,#757,.T.);
#6789=EDGE_CURVE('',#5916,#5917,#758,.T.);
#6790=EDGE_CURVE('',#5895,#5917,#759,.T.);
#6791=EDGE_CURVE('',#5918,#5919,#760,.T.);
#6792=EDGE_CURVE('',#5918,#5920,#761,.T.);
#6793=EDGE_CURVE('',#5920,#5921,#762,.T.);
#6794=EDGE_CURVE('',#5919,#5921,#763,.T.);
#6795=EDGE_CURVE('',#5922,#5923,#764,.T.);
#6796=EDGE_CURVE('',#5923,#5924,#765,.T.);
#6797=EDGE_CURVE('',#5924,#5925,#766,.T.);
#6798=EDGE_CURVE('',#5922,#5925,#767,.T.);
#6799=EDGE_CURVE('',#5922,#5916,#7381,.T.);
#6800=EDGE_CURVE('',#5925,#5917,#1789,.T.);
#6801=EDGE_CURVE('',#5926,#5927,#768,.T.);
#6802=EDGE_CURVE('',#5928,#5926,#769,.T.);
#6803=EDGE_CURVE('',#5928,#5929,#770,.T.);
#6804=EDGE_CURVE('',#5929,#5927,#771,.T.);
#6805=EDGE_CURVE('',#5930,#5928,#772,.T.);
#6806=EDGE_CURVE('',#5930,#5931,#773,.T.);
#6807=EDGE_CURVE('',#5929,#5931,#774,.T.);
#6808=EDGE_CURVE('',#5895,#5932,#775,.T.);
#6809=EDGE_CURVE('',#5921,#5932,#776,.T.);
#6810=EDGE_CURVE('',#5920,#5894,#7382,.T.);
#6811=EDGE_CURVE('',#5933,#5932,#777,.T.);
#6812=EDGE_CURVE('',#5933,#5919,#778,.T.);
#6813=EDGE_CURVE('',#5896,#5918,#7383,.T.);
#6814=EDGE_CURVE('',#5897,#5933,#779,.T.);
#6815=EDGE_CURVE('',#5934,#5935,#780,.T.);
#6816=EDGE_CURVE('',#5935,#5936,#781,.T.);
#6817=EDGE_CURVE('',#5936,#5934,#7384,.T.);
#6818=EDGE_CURVE('',#5937,#5935,#782,.T.);
#6819=EDGE_CURVE('',#5937,#5938,#783,.T.);
#6820=EDGE_CURVE('',#5936,#5938,#784,.T.);
#6821=EDGE_CURVE('',#5934,#5909,#785,.T.);
#6822=EDGE_CURVE('',#5938,#5939,#7385,.T.);
#6823=EDGE_CURVE('',#5910,#5939,#786,.T.);
#6824=EDGE_CURVE('',#5940,#5911,#787,.T.);
#6825=EDGE_CURVE('',#5939,#5940,#788,.T.);
#6826=EDGE_CURVE('',#5941,#5912,#789,.T.);
#6827=EDGE_CURVE('',#5941,#5940,#7386,.T.);
#6828=EDGE_CURVE('',#5913,#5942,#790,.T.);
#6829=EDGE_CURVE('',#5941,#5942,#791,.T.);
#6830=EDGE_CURVE('',#5942,#5943,#7387,.T.);
#6831=EDGE_CURVE('',#5914,#5943,#792,.T.);
#6832=EDGE_CURVE('',#5943,#5944,#793,.T.);
#6833=EDGE_CURVE('',#5915,#5944,#794,.T.);
#6834=EDGE_CURVE('',#5944,#5945,#795,.T.);
#6835=EDGE_CURVE('',#5945,#5923,#7388,.T.);
#6836=EDGE_CURVE('',#5945,#5946,#796,.T.);
#6837=EDGE_CURVE('',#5946,#5924,#1790,.T.);
#6838=EDGE_CURVE('',#5947,#5946,#797,.T.);
#6839=EDGE_CURVE('',#5947,#5895,#798,.T.);
#6840=EDGE_CURVE('',#5948,#5947,#799,.T.);
#6841=EDGE_CURVE('',#5927,#5948,#7389,.T.);
#6842=EDGE_CURVE('',#5931,#5947,#800,.T.);
#6843=EDGE_CURVE('',#5949,#5948,#801,.T.);
#6844=EDGE_CURVE('',#5926,#5949,#7390,.T.);
#6845=EDGE_CURVE('',#5950,#5949,#802,.T.);
#6846=EDGE_CURVE('',#5930,#5950,#803,.T.);
#6847=EDGE_CURVE('',#5951,#5950,#804,.T.);
#6848=EDGE_CURVE('',#5898,#5951,#805,.T.);
#6849=EDGE_CURVE('',#5899,#5952,#806,.T.);
#6850=EDGE_CURVE('',#5951,#5952,#807,.T.);
#6851=EDGE_CURVE('',#5953,#5952,#7391,.T.);
#6852=EDGE_CURVE('',#5900,#5953,#808,.T.);
#6853=EDGE_CURVE('',#5903,#5954,#809,.T.);
#6854=EDGE_CURVE('',#5955,#5902,#810,.T.);
#6855=EDGE_CURVE('',#5954,#5955,#811,.T.);
#6856=EDGE_CURVE('',#5901,#5956,#812,.T.);
#6857=EDGE_CURVE('',#5956,#5955,#7392,.T.);
#6858=EDGE_CURVE('',#5953,#5956,#813,.T.);
#6859=EDGE_CURVE('',#5908,#5957,#814,.T.);
#6860=EDGE_CURVE('',#5957,#5937,#815,.T.);
#6861=EDGE_CURVE('',#5958,#5907,#816,.T.);
#6862=EDGE_CURVE('',#5957,#5958,#817,.T.);
#6863=EDGE_CURVE('',#5959,#5906,#818,.T.);
#6864=EDGE_CURVE('',#5959,#5958,#7393,.T.);
#6865=EDGE_CURVE('',#5905,#5960,#819,.T.);
#6866=EDGE_CURVE('',#5960,#5959,#820,.T.);
#6867=EDGE_CURVE('',#5961,#5904,#821,.T.);
#6868=EDGE_CURVE('',#5960,#5961,#822,.T.);
#6869=EDGE_CURVE('',#5961,#5651,#7394,.T.);
#6870=EDGE_CURVE('',#5541,#5962,#7395,.T.);
#6871=EDGE_CURVE('',#5962,#5542,#823,.T.);
#6872=EDGE_CURVE('',#5962,#5963,#824,.T.);
#6873=EDGE_CURVE('',#5963,#5543,#825,.T.);
#6874=EDGE_CURVE('',#5963,#5954,#7396,.T.);
#6875=EDGE_CURVE('',#5964,#5965,#826,.T.);
#6876=EDGE_CURVE('',#5966,#5964,#827,.T.);
#6877=EDGE_CURVE('',#5967,#5966,#828,.T.);
#6878=EDGE_CURVE('',#5965,#5967,#829,.T.);
#6879=EDGE_CURVE('',#5966,#5968,#830,.T.);
#6880=EDGE_CURVE('',#5964,#5969,#831,.T.);
#6881=EDGE_CURVE('',#5969,#5968,#832,.T.);
#6882=EDGE_CURVE('',#5970,#5971,#833,.T.);
#6883=EDGE_CURVE('',#5972,#5970,#834,.T.);
#6884=EDGE_CURVE('',#5972,#5973,#835,.T.);
#6885=EDGE_CURVE('',#5974,#5973,#836,.T.);
#6886=EDGE_CURVE('',#5974,#5971,#837,.T.);
#6887=EDGE_CURVE('',#5519,#5972,#838,.T.);
#6888=EDGE_CURVE('',#5969,#5521,#839,.T.);
#6889=EDGE_CURVE('',#5975,#5965,#840,.T.);
#6890=EDGE_CURVE('',#5973,#5975,#841,.T.);
#6891=EDGE_CURVE('',#5976,#5977,#842,.T.);
#6892=EDGE_CURVE('',#5977,#5978,#7397,.T.);
#6893=EDGE_CURVE('',#5978,#5979,#843,.T.);
#6894=EDGE_CURVE('',#5979,#5606,#844,.T.);
#6895=EDGE_CURVE('',#5605,#5537,#7398,.T.);
#6896=EDGE_CURVE('',#5971,#5536,#845,.T.);
#6897=EDGE_CURVE('',#5976,#5974,#846,.T.);
#6898=EDGE_CURVE('',#5535,#5967,#847,.T.);
#6899=EDGE_CURVE('',#5968,#5520,#848,.T.);
#6900=EDGE_CURVE('',#5518,#5970,#849,.T.);
#6901=EDGE_CURVE('',#5980,#5981,#850,.T.);
#6902=EDGE_CURVE('',#5981,#5982,#7399,.T.);
#6903=EDGE_CURVE('',#5982,#5975,#851,.T.);
#6904=EDGE_CURVE('',#5534,#5608,#7400,.T.);
#6905=EDGE_CURVE('',#5607,#5980,#852,.T.);
#6906=EDGE_CURVE('',#5976,#5975,#853,.T.);
#6907=EDGE_CURVE('',#5983,#5984,#854,.T.);
#6908=EDGE_CURVE('',#5985,#5983,#855,.T.);
#6909=EDGE_CURVE('',#5986,#5985,#856,.T.);
#6910=EDGE_CURVE('',#5984,#5986,#857,.T.);
#6911=EDGE_CURVE('',#5985,#5987,#858,.T.);
#6912=EDGE_CURVE('',#5983,#5988,#859,.T.);
#6913=EDGE_CURVE('',#5988,#5987,#860,.T.);
#6914=EDGE_CURVE('',#5989,#5990,#861,.T.);
#6915=EDGE_CURVE('',#5991,#5989,#862,.T.);
#6916=EDGE_CURVE('',#5991,#5992,#863,.T.);
#6917=EDGE_CURVE('',#5993,#5992,#864,.T.);
#6918=EDGE_CURVE('',#5993,#5990,#865,.T.);
#6919=EDGE_CURVE('',#5558,#5991,#866,.T.);
#6920=EDGE_CURVE('',#5988,#5560,#867,.T.);
#6921=EDGE_CURVE('',#5994,#5984,#868,.T.);
#6922=EDGE_CURVE('',#5992,#5994,#869,.T.);
#6923=EDGE_CURVE('',#5995,#5996,#870,.T.);
#6924=EDGE_CURVE('',#5996,#5997,#7401,.T.);
#6925=EDGE_CURVE('',#5997,#5998,#871,.T.);
#6926=EDGE_CURVE('',#5998,#5598,#872,.T.);
#6927=EDGE_CURVE('',#5597,#5574,#7402,.T.);
#6928=EDGE_CURVE('',#5990,#5573,#873,.T.);
#6929=EDGE_CURVE('',#5995,#5993,#874,.T.);
#6930=EDGE_CURVE('',#5572,#5986,#875,.T.);
#6931=EDGE_CURVE('',#5987,#5559,#876,.T.);
#6932=EDGE_CURVE('',#5557,#5989,#877,.T.);
#6933=EDGE_CURVE('',#5999,#6000,#878,.T.);
#6934=EDGE_CURVE('',#6000,#6001,#7403,.T.);
#6935=EDGE_CURVE('',#6001,#5994,#879,.T.);
#6936=EDGE_CURVE('',#5571,#5600,#7404,.T.);
#6937=EDGE_CURVE('',#5599,#5999,#880,.T.);
#6938=EDGE_CURVE('',#5995,#5994,#881,.T.);
#6939=EDGE_CURVE('',#6002,#6003,#882,.T.);
#6940=EDGE_CURVE('',#6002,#6004,#7405,.T.);
#6941=EDGE_CURVE('',#6004,#6005,#883,.T.);
#6942=EDGE_CURVE('',#6003,#6005,#7406,.T.);
#6943=EDGE_CURVE('',#6003,#6006,#884,.T.);
#6944=EDGE_CURVE('',#6007,#6006,#885,.T.);
#6945=EDGE_CURVE('',#6002,#6007,#886,.T.);
#6946=EDGE_CURVE('',#6008,#6009,#887,.T.);
#6947=EDGE_CURVE('',#6009,#6010,#888,.T.);
#6948=EDGE_CURVE('',#6011,#6010,#889,.T.);
#6949=EDGE_CURVE('',#6005,#6011,#890,.T.);
#6950=EDGE_CURVE('',#6012,#6004,#891,.T.);
#6951=EDGE_CURVE('',#6013,#6012,#892,.T.);
#6952=EDGE_CURVE('',#6014,#6013,#893,.T.);
#6953=EDGE_CURVE('',#6014,#6015,#7407,.T.);
#6954=EDGE_CURVE('',#6015,#6016,#894,.T.);
#6955=EDGE_CURVE('',#6016,#6017,#7408,.T.);
#6956=EDGE_CURVE('',#6018,#6017,#895,.T.);
#6957=EDGE_CURVE('',#5577,#6018,#7409,.T.);
#6958=EDGE_CURVE('',#5576,#5644,#7410,.T.);
#6959=EDGE_CURVE('',#6019,#5643,#7411,.T.);
#6960=EDGE_CURVE('',#6020,#6019,#896,.T.);
#6961=EDGE_CURVE('',#6020,#6021,#897,.T.);
#6962=EDGE_CURVE('',#6021,#6022,#7412,.T.);
#6963=EDGE_CURVE('',#6023,#6022,#898,.T.);
#6964=EDGE_CURVE('',#6023,#6024,#899,.T.);
#6965=EDGE_CURVE('',#6025,#6024,#7413,.T.);
#6966=EDGE_CURVE('',#6026,#6025,#900,.T.);
#6967=EDGE_CURVE('',#6027,#6026,#7414,.T.);
#6968=EDGE_CURVE('',#6028,#6027,#901,.T.);
#6969=EDGE_CURVE('',#6028,#6029,#7415,.T.);
#6970=EDGE_CURVE('',#6008,#6029,#902,.T.);
#6971=EDGE_CURVE('',#6030,#6031,#903,.T.);
#6972=EDGE_CURVE('',#6031,#6032,#904,.T.);
#6973=EDGE_CURVE('',#6032,#6033,#905,.T.);
#6974=EDGE_CURVE('',#6030,#6033,#906,.T.);
#6975=EDGE_CURVE('',#6030,#6009,#7416,.T.);
#6976=EDGE_CURVE('',#6033,#6010,#1791,.T.);
#6977=EDGE_CURVE('',#6034,#6035,#907,.T.);
#6978=EDGE_CURVE('',#6036,#6034,#908,.T.);
#6979=EDGE_CURVE('',#6036,#6037,#909,.T.);
#6980=EDGE_CURVE('',#6037,#6035,#910,.T.);
#6981=EDGE_CURVE('',#6038,#6036,#911,.T.);
#6982=EDGE_CURVE('',#6038,#6039,#912,.T.);
#6983=EDGE_CURVE('',#6037,#6039,#913,.T.);
#6984=EDGE_CURVE('',#6011,#6040,#914,.T.);
#6985=EDGE_CURVE('',#6006,#6040,#915,.T.);
#6986=EDGE_CURVE('',#6041,#6040,#916,.T.);
#6987=EDGE_CURVE('',#6041,#6007,#917,.T.);
#6988=EDGE_CURVE('',#6012,#6041,#918,.T.);
#6989=EDGE_CURVE('',#6042,#6043,#919,.T.);
#6990=EDGE_CURVE('',#6043,#6044,#920,.T.);
#6991=EDGE_CURVE('',#6044,#6042,#7417,.T.);
#6992=EDGE_CURVE('',#6045,#6043,#921,.T.);
#6993=EDGE_CURVE('',#6045,#6046,#922,.T.);
#6994=EDGE_CURVE('',#6044,#6046,#923,.T.);
#6995=EDGE_CURVE('',#6042,#6024,#924,.T.);
#6996=EDGE_CURVE('',#6046,#6047,#7418,.T.);
#6997=EDGE_CURVE('',#6025,#6047,#925,.T.);
#6998=EDGE_CURVE('',#6048,#6026,#926,.T.);
#6999=EDGE_CURVE('',#6047,#6048,#927,.T.);
#7000=EDGE_CURVE('',#6049,#6027,#928,.T.);
#7001=EDGE_CURVE('',#6049,#6048,#7419,.T.);
#7002=EDGE_CURVE('',#6028,#6050,#929,.T.);
#7003=EDGE_CURVE('',#6049,#6050,#930,.T.);
#7004=EDGE_CURVE('',#6050,#6051,#7420,.T.);
#7005=EDGE_CURVE('',#6029,#6051,#931,.T.);
#7006=EDGE_CURVE('',#6008,#6052,#932,.T.);
#7007=EDGE_CURVE('',#6051,#6052,#933,.T.);
#7008=EDGE_CURVE('',#6052,#6053,#934,.T.);
#7009=EDGE_CURVE('',#6053,#6031,#7421,.T.);
#7010=EDGE_CURVE('',#6053,#6054,#935,.T.);
#7011=EDGE_CURVE('',#6054,#6032,#1792,.T.);
#7012=EDGE_CURVE('',#6055,#6054,#936,.T.);
#7013=EDGE_CURVE('',#6055,#6011,#937,.T.);
#7014=EDGE_CURVE('',#6056,#6055,#938,.T.);
#7015=EDGE_CURVE('',#6035,#6056,#7422,.T.);
#7016=EDGE_CURVE('',#6039,#6055,#939,.T.);
#7017=EDGE_CURVE('',#6057,#6056,#940,.T.);
#7018=EDGE_CURVE('',#6034,#6057,#7423,.T.);
#7019=EDGE_CURVE('',#6058,#6057,#941,.T.);
#7020=EDGE_CURVE('',#6038,#6058,#942,.T.);
#7021=EDGE_CURVE('',#6059,#6058,#943,.T.);
#7022=EDGE_CURVE('',#6013,#6059,#944,.T.);
#7023=EDGE_CURVE('',#6014,#6060,#945,.T.);
#7024=EDGE_CURVE('',#6059,#6060,#946,.T.);
#7025=EDGE_CURVE('',#6061,#6060,#7424,.T.);
#7026=EDGE_CURVE('',#6015,#6061,#947,.T.);
#7027=EDGE_CURVE('',#6018,#6062,#948,.T.);
#7028=EDGE_CURVE('',#6063,#6017,#949,.T.);
#7029=EDGE_CURVE('',#6062,#6063,#950,.T.);
#7030=EDGE_CURVE('',#6016,#6064,#951,.T.);
#7031=EDGE_CURVE('',#6064,#6063,#7425,.T.);
#7032=EDGE_CURVE('',#6061,#6064,#952,.T.);
#7033=EDGE_CURVE('',#6023,#6065,#953,.T.);
#7034=EDGE_CURVE('',#6065,#6045,#954,.T.);
#7035=EDGE_CURVE('',#6066,#6022,#955,.T.);
#7036=EDGE_CURVE('',#6065,#6066,#956,.T.);
#7037=EDGE_CURVE('',#6067,#6021,#957,.T.);
#7038=EDGE_CURVE('',#6067,#6066,#7426,.T.);
#7039=EDGE_CURVE('',#6020,#6068,#958,.T.);
#7040=EDGE_CURVE('',#6068,#6067,#959,.T.);
#7041=EDGE_CURVE('',#6069,#6019,#960,.T.);
#7042=EDGE_CURVE('',#6068,#6069,#961,.T.);
#7043=EDGE_CURVE('',#6069,#5658,#7427,.T.);
#7044=EDGE_CURVE('',#5578,#6070,#7428,.T.);
#7045=EDGE_CURVE('',#6070,#5579,#962,.T.);
#7046=EDGE_CURVE('',#6070,#6071,#963,.T.);
#7047=EDGE_CURVE('',#6071,#5580,#964,.T.);
#7048=EDGE_CURVE('',#6071,#6062,#7429,.T.);
#7049=EDGE_CURVE('',#6072,#6073,#965,.T.);
#7050=EDGE_CURVE('',#6073,#6074,#966,.T.);
#7051=EDGE_CURVE('',#6075,#6074,#967,.T.);
#7052=EDGE_CURVE('',#6072,#6075,#968,.T.);
#7053=EDGE_CURVE('',#6076,#6073,#969,.T.);
#7054=EDGE_CURVE('',#6077,#6076,#970,.T.);
#7055=EDGE_CURVE('',#6074,#6077,#971,.T.);
#7056=EDGE_CURVE('',#5584,#6078,#972,.T.);
#7057=EDGE_CURVE('',#6079,#5583,#973,.T.);
#7058=EDGE_CURVE('',#6079,#6080,#974,.T.);
#7059=EDGE_CURVE('',#6080,#6078,#975,.T.);
#7060=EDGE_CURVE('',#5585,#6081,#976,.T.);
#7061=EDGE_CURVE('',#5612,#6082,#977,.T.);
#7062=EDGE_CURVE('',#6082,#6083,#978,.T.);
#7063=EDGE_CURVE('',#6083,#6084,#7430,.T.);
#7064=EDGE_CURVE('',#6084,#6081,#979,.T.);
#7065=EDGE_CURVE('',#6080,#5561,#980,.T.);
#7066=EDGE_CURVE('',#6085,#6079,#981,.T.);
#7067=EDGE_CURVE('',#6076,#6085,#982,.T.);
#7068=EDGE_CURVE('',#5563,#6072,#983,.T.);
#7069=EDGE_CURVE('',#6085,#5582,#984,.T.);
#7070=EDGE_CURVE('',#6085,#6086,#985,.T.);
#7071=EDGE_CURVE('',#6086,#6087,#7431,.T.);
#7072=EDGE_CURVE('',#6087,#6088,#986,.T.);
#7073=EDGE_CURVE('',#6088,#5611,#987,.T.);
#7074=EDGE_CURVE('',#5610,#5570,#7432,.T.);
#7075=EDGE_CURVE('',#6077,#5569,#988,.T.);
#7076=EDGE_CURVE('',#6078,#5562,#989,.T.);
#7077=EDGE_CURVE('',#5564,#6075,#990,.T.);
#7078=EDGE_CURVE('',#5892,#5549,#991,.T.);
#7079=EDGE_CURVE('',#5548,#5893,#992,.T.);
#7080=EDGE_CURVE('',#6089,#5888,#993,.T.);
#7081=EDGE_CURVE('',#6089,#6090,#994,.T.);
#7082=EDGE_CURVE('',#6090,#5544,#995,.T.);
#7083=EDGE_CURVE('',#5550,#5891,#996,.T.);
#7084=EDGE_CURVE('',#5997,#6000,#997,.T.);
#7085=EDGE_CURVE('',#5998,#5999,#998,.T.);
#7086=EDGE_CURVE('',#6001,#5996,#999,.T.);
#7087=EDGE_CURVE('',#5979,#5980,#1000,.T.);
#7088=EDGE_CURVE('',#5978,#5981,#1001,.T.);
#7089=EDGE_CURVE('',#5982,#5977,#1002,.T.);
#7090=EDGE_CURVE('',#6091,#5581,#1003,.T.);
#7091=EDGE_CURVE('',#6091,#6092,#1004,.T.);
#7092=EDGE_CURVE('',#6092,#6081,#1005,.T.);
#7093=EDGE_CURVE('',#6084,#6086,#1006,.T.);
#7094=EDGE_CURVE('',#6087,#6083,#1007,.T.);
#7095=EDGE_CURVE('',#6082,#6088,#1008,.T.);
#7096=EDGE_CURVE('',#5596,#5575,#7433,.T.);
#7097=EDGE_CURVE('',#5604,#5538,#7434,.T.);
#7098=EDGE_CURVE('',#5824,#5816,#7435,.T.);
#7099=EDGE_CURVE('',#5817,#5850,#7436,.T.);
#7100=EDGE_CURVE('',#5840,#5867,#7437,.T.);
#7101=EDGE_CURVE('',#5862,#5642,#7438,.T.);
#7102=EDGE_CURVE('',#5807,#5829,#7439,.T.);
#7103=EDGE_CURVE('',#5837,#5868,#7440,.T.);
#7104=EDGE_CURVE('',#5871,#5860,#7441,.T.);
#7105=EDGE_CURVE('',#5858,#5827,#7442,.T.);
#7106=EDGE_CURVE('',#5824,#5717,#7443,.T.);
#7107=EDGE_CURVE('',#5816,#5716,#7444,.T.);
#7108=EDGE_CURVE('',#5858,#5727,#7445,.T.);
#7109=EDGE_CURVE('',#5827,#5726,#7446,.T.);
#7110=EDGE_CURVE('',#5871,#5733,#7447,.T.);
#7111=EDGE_CURVE('',#5860,#5732,#7448,.T.);
#7112=EDGE_CURVE('',#5837,#5739,#7449,.T.);
#7113=EDGE_CURVE('',#5868,#5738,#7450,.T.);
#7114=EDGE_CURVE('',#5807,#5749,#7451,.T.);
#7115=EDGE_CURVE('',#5829,#5748,#7452,.T.);
#7116=EDGE_CURVE('',#5862,#5751,#7453,.T.);
#7117=EDGE_CURVE('',#5642,#5750,#7454,.T.);
#7118=EDGE_CURVE('',#5756,#5867,#7455,.T.);
#7119=EDGE_CURVE('',#5757,#5840,#7456,.T.);
#7120=EDGE_CURVE('',#5817,#5763,#7457,.T.);
#7121=EDGE_CURVE('',#5850,#5762,#7458,.T.);
#7122=EDGE_CURVE('',#5468,#5426,#1009,.T.);
#7123=EDGE_CURVE('',#5423,#5469,#1010,.T.);
#7124=EDGE_CURVE('',#5479,#5448,#1011,.T.);
#7125=EDGE_CURVE('',#5445,#5480,#1012,.T.);
#7126=EDGE_CURVE('',#5490,#5442,#1013,.T.);
#7127=EDGE_CURVE('',#5439,#5491,#1014,.T.);
#7128=EDGE_CURVE('',#5433,#5452,#1015,.T.);
#7129=EDGE_CURVE('',#5449,#5432,#1016,.T.);
#7130=EDGE_CURVE('',#5431,#6093,#7459,.T.);
#7131=EDGE_CURVE('',#6093,#6094,#1017,.T.);
#7132=EDGE_CURVE('',#6094,#5428,#7460,.T.);
#7133=EDGE_CURVE('',#5427,#5466,#1018,.T.);
#7134=EDGE_CURVE('',#5467,#5422,#1019,.T.);
#7135=EDGE_CURVE('',#5421,#5477,#1020,.T.);
#7136=EDGE_CURVE('',#5478,#5444,#1021,.T.);
#7137=EDGE_CURVE('',#5443,#5488,#1022,.T.);
#7138=EDGE_CURVE('',#5489,#5438,#1023,.T.);
#7139=EDGE_CURVE('',#5437,#5450,#1024,.T.);
#7140=EDGE_CURVE('',#5451,#5436,#1025,.T.);
#7141=EDGE_CURVE('',#5486,#5498,#1026,.T.);
#7142=EDGE_CURVE('',#5404,#5485,#1027,.T.);
#7143=EDGE_CURVE('',#5484,#5405,#1028,.T.);
#7144=EDGE_CURVE('',#5494,#5483,#1029,.T.);
#7145=EDGE_CURVE('',#5475,#5503,#1030,.T.);
#7146=EDGE_CURVE('',#5400,#5474,#1031,.T.);
#7147=EDGE_CURVE('',#5473,#5401,#1032,.T.);
#7148=EDGE_CURVE('',#5499,#5472,#1033,.T.);
#7149=EDGE_CURVE('',#5464,#5419,#1034,.T.);
#7150=EDGE_CURVE('',#5420,#5463,#1035,.T.);
#7151=EDGE_CURVE('',#5462,#5397,#1036,.T.);
#7152=EDGE_CURVE('',#5504,#5461,#1037,.T.);
#7153=EDGE_CURVE('',#5457,#5493,#1038,.T.);
#7154=EDGE_CURVE('',#5408,#5456,#1039,.T.);
#7155=EDGE_CURVE('',#5455,#5409,#1040,.T.);
#7156=EDGE_CURVE('',#5410,#5454,#1041,.T.);
#7157=EDGE_CURVE('',#5517,#6095,#1042,.T.);
#7158=EDGE_CURVE('',#5545,#6095,#1043,.T.);
#7159=EDGE_CURVE('',#6095,#5595,#1044,.T.);
#7160=EDGE_CURVE('',#5645,#5575,#7461,.T.);
#7161=EDGE_CURVE('',#5646,#5596,#7462,.T.);
#7162=EDGE_CURVE('',#5647,#5595,#1793,.T.);
#7163=EDGE_CURVE('',#6095,#5648,#1794,.T.);
#7164=EDGE_CURVE('',#5604,#5655,#7463,.T.);
#7165=EDGE_CURVE('',#5538,#5654,#7464,.T.);
#7166=EDGE_CURVE('',#5591,#6096,#1045,.T.);
#7167=EDGE_CURVE('',#6096,#6091,#1046,.T.);
#7168=EDGE_CURVE('',#6092,#6097,#1047,.T.);
#7169=EDGE_CURVE('',#6097,#5592,#1048,.T.);
#7170=EDGE_CURVE('',#6090,#6098,#1049,.T.);
#7171=EDGE_CURVE('',#6098,#5553,#1050,.T.);
#7172=EDGE_CURVE('',#5556,#6099,#1051,.T.);
#7173=EDGE_CURVE('',#6099,#6089,#1052,.T.);
#7174=EDGE_CURVE('',#6096,#5657,#1795,.T.);
#7175=EDGE_CURVE('',#5656,#6097,#1796,.T.);
#7176=EDGE_CURVE('',#5649,#6098,#1797,.T.);
#7177=EDGE_CURVE('',#6099,#5650,#1798,.T.);
#7178=EDGE_CURVE('',#6093,#5430,#1053,.T.);
#7179=EDGE_CURVE('',#6094,#5429,#1054,.T.);
#7180=EDGE_CURVE('',#6100,#6100,#7465,.T.);
#7181=EDGE_CURVE('',#6101,#6101,#7466,.T.);
#7182=EDGE_CURVE('',#6102,#6102,#7467,.T.);
#7183=EDGE_CURVE('',#6103,#6103,#7468,.T.);
#7184=EDGE_CURVE('',#6104,#6104,#7469,.T.);
#7185=EDGE_CURVE('',#6105,#6105,#7470,.T.);
#7186=EDGE_CURVE('',#6106,#6106,#7471,.T.);
#7187=EDGE_CURVE('',#6107,#6107,#7472,.T.);
#7188=EDGE_CURVE('',#6108,#6108,#7473,.T.);
#7189=EDGE_CURVE('',#6109,#6109,#7474,.T.);
#7190=EDGE_CURVE('',#6110,#6110,#7475,.T.);
#7191=EDGE_CURVE('',#6111,#6111,#7476,.T.);
#7192=EDGE_CURVE('',#6112,#6112,#7477,.T.);
#7193=EDGE_CURVE('',#6113,#6113,#7478,.T.);
#7194=EDGE_CURVE('',#6114,#6114,#7479,.T.);
#7195=EDGE_CURVE('',#6115,#6115,#7480,.T.);
#7196=CIRCLE('',#7482,1.);
#7197=CIRCLE('',#7512,4.8);
#7198=CIRCLE('',#7514,4.8);
#7199=CIRCLE('',#7515,4.8);
#7200=CIRCLE('',#7516,4.8);
#7201=CIRCLE('',#7518,4.8);
#7202=CIRCLE('',#7519,4.8);
#7203=CIRCLE('',#7520,4.8);
#7204=CIRCLE('',#7521,4.8);
#7205=CIRCLE('',#7523,4.8);
#7206=CIRCLE('',#7525,4.8);
#7207=CIRCLE('',#7526,4.8);
#7208=CIRCLE('',#7527,4.8);
#7209=CIRCLE('',#7529,4.8);
#7210=CIRCLE('',#7531,4.8);
#7211=CIRCLE('',#7532,4.8);
#7212=CIRCLE('',#7533,4.8);
#7213=CIRCLE('',#7535,4.8);
#7214=CIRCLE('',#7538,1.);
#7215=CIRCLE('',#7541,1.);
#7216=CIRCLE('',#7549,1.);
#7217=CIRCLE('',#7552,0.5);
#7218=CIRCLE('',#7554,0.5);
#7219=CIRCLE('',#7555,0.5);
#7220=CIRCLE('',#7559,4.);
#7221=CIRCLE('',#7560,4.);
#7222=CIRCLE('',#7562,0.5);
#7223=CIRCLE('',#7563,0.5);
#7224=CIRCLE('',#7565,3.5);
#7225=CIRCLE('',#7566,0.5);
#7226=CIRCLE('',#7573,4.);
#7227=CIRCLE('',#7574,4.);
#7228=CIRCLE('',#7576,2.);
#7229=CIRCLE('',#7577,2.);
#7230=CIRCLE('',#7579,3.8);
#7231=CIRCLE('',#7580,3.8);
#7232=CIRCLE('',#7584,3.8);
#7233=CIRCLE('',#7585,3.8);
#7234=CIRCLE('',#7589,3.8);
#7235=CIRCLE('',#7590,3.8);
#7236=CIRCLE('',#7593,6.175);
#7237=CIRCLE('',#7594,6.175);
#7238=CIRCLE('',#7596,6.175);
#7239=CIRCLE('',#7597,6.175);
#7240=CIRCLE('',#7599,3.5);
#7241=CIRCLE('',#7600,3.5);
#7242=CIRCLE('',#7601,6.175);
#7243=CIRCLE('',#7602,1.);
#7244=CIRCLE('',#7603,6.175);
#7245=CIRCLE('',#7604,3.8);
#7246=CIRCLE('',#7605,6.175);
#7247=CIRCLE('',#7606,3.8);
#7248=CIRCLE('',#7607,6.175);
#7249=CIRCLE('',#7608,1.);
#7250=CIRCLE('',#7609,6.175);
#7251=CIRCLE('',#7610,3.8);
#7252=CIRCLE('',#7611,6.175);
#7253=CIRCLE('',#7612,1.);
#7254=CIRCLE('',#7613,6.175);
#7255=CIRCLE('',#7614,3.8);
#7256=CIRCLE('',#7615,6.175);
#7257=CIRCLE('',#7616,1.);
#7258=CIRCLE('',#7617,6.175);
#7259=CIRCLE('',#7618,1.);
#7260=CIRCLE('',#7619,6.175);
#7261=CIRCLE('',#7620,3.8);
#7262=CIRCLE('',#7621,6.175);
#7263=CIRCLE('',#7622,3.8);
#7264=CIRCLE('',#7623,6.175);
#7265=CIRCLE('',#7624,1.);
#7266=CIRCLE('',#7625,6.175);
#7267=CIRCLE('',#7626,3.8);
#7268=CIRCLE('',#7627,6.175);
#7269=CIRCLE('',#7628,1.);
#7270=CIRCLE('',#7629,6.175);
#7271=CIRCLE('',#7630,3.8);
#7272=CIRCLE('',#7631,6.175);
#7273=CIRCLE('',#7632,1.);
#7274=CIRCLE('',#7633,6.175);
#7275=CIRCLE('',#7634,3.8);
#7276=CIRCLE('',#7635,6.175);
#7277=CIRCLE('',#7636,3.8);
#7278=CIRCLE('',#7638,5.175);
#7279=CIRCLE('',#7639,2.);
#7280=CIRCLE('',#7640,5.175);
#7281=CIRCLE('',#7641,3.8);
#7282=CIRCLE('',#7642,5.175);
#7283=CIRCLE('',#7643,3.8);
#7284=CIRCLE('',#7644,5.175);
#7285=CIRCLE('',#7645,2.);
#7286=CIRCLE('',#7646,5.175);
#7287=CIRCLE('',#7647,3.8);
#7288=CIRCLE('',#7648,5.175);
#7289=CIRCLE('',#7649,2.);
#7290=CIRCLE('',#7650,5.175);
#7291=CIRCLE('',#7651,3.8);
#7292=CIRCLE('',#7652,5.175);
#7293=CIRCLE('',#7653,2.);
#7294=CIRCLE('',#7654,5.175);
#7295=CIRCLE('',#7655,3.8);
#7296=CIRCLE('',#7656,5.175);
#7297=CIRCLE('',#7657,3.8);
#7298=CIRCLE('',#7658,5.175);
#7299=CIRCLE('',#7659,2.);
#7300=CIRCLE('',#7660,5.175);
#7301=CIRCLE('',#7661,5.175);
#7302=CIRCLE('',#7662,5.175);
#7303=CIRCLE('',#7663,2.);
#7304=CIRCLE('',#7664,5.175);
#7305=CIRCLE('',#7665,3.8);
#7306=CIRCLE('',#7666,5.175);
#7307=CIRCLE('',#7667,2.);
#7308=CIRCLE('',#7668,5.175);
#7309=CIRCLE('',#7669,3.8);
#7310=CIRCLE('',#7670,5.175);
#7311=CIRCLE('',#7671,2.);
#7312=CIRCLE('',#7672,5.175);
#7313=CIRCLE('',#7673,3.8);
#7314=CIRCLE('',#7674,5.175);
#7315=CIRCLE('',#7675,3.8);
#7316=CIRCLE('',#7676,3.8);
#7317=CIRCLE('',#7677,3.8);
#7318=CIRCLE('',#7678,3.8);
#7319=CIRCLE('',#7679,3.8);
#7320=CIRCLE('',#7680,3.8);
#7321=CIRCLE('',#7681,3.8);
#7322=CIRCLE('',#7682,3.8);
#7323=CIRCLE('',#7683,2.);
#7324=CIRCLE('',#7684,2.);
#7325=CIRCLE('',#7685,2.);
#7326=CIRCLE('',#7686,3.8);
#7327=CIRCLE('',#7687,3.8);
#7328=CIRCLE('',#7688,3.8);
#7329=CIRCLE('',#7689,3.8);
#7330=CIRCLE('',#7690,2.);
#7331=CIRCLE('',#7691,2.);
#7332=CIRCLE('',#7692,2.);
#7333=CIRCLE('',#7693,2.);
#7334=CIRCLE('',#7696,6.175);
#7335=CIRCLE('',#7705,3.8);
#7336=CIRCLE('',#7707,2.);
#7337=CIRCLE('',#7709,6.175);
#7338=CIRCLE('',#7711,6.175);
#7339=CIRCLE('',#7713,6.175);
#7340=CIRCLE('',#7716,2.);
#7341=CIRCLE('',#7721,6.175);
#7342=CIRCLE('',#7726,6.175);
#7343=CIRCLE('',#7729,3.8);
#7344=CIRCLE('',#7731,6.175);
#7345=CIRCLE('',#7734,6.175);
#7346=CIRCLE('',#7739,6.175);
#7347=CIRCLE('',#7743,2.);
#7348=CIRCLE('',#7745,3.8);
#7349=CIRCLE('',#7749,6.175);
#7350=CIRCLE('',#7754,6.175);
#7351=CIRCLE('',#7757,3.8);
#7352=CIRCLE('',#7760,2.);
#7353=CIRCLE('',#7763,3.8);
#7354=CIRCLE('',#7767,6.175);
#7355=CIRCLE('',#7769,2.);
#7356=CIRCLE('',#7775,3.8);
#7357=CIRCLE('',#7779,3.8);
#7358=CIRCLE('',#7781,6.175);
#7359=CIRCLE('',#7784,6.175);
#7360=CIRCLE('',#7788,6.175);
#7361=CIRCLE('',#7791,3.8);
#7362=CIRCLE('',#7793,2.);
#7363=CIRCLE('',#7795,3.8);
#7364=CIRCLE('',#7799,6.175);
#7365=CIRCLE('',#7801,6.175);
#7366=CIRCLE('',#7806,6.175);
#7367=CIRCLE('',#7808,2.);
#7368=CIRCLE('',#7811,3.8);
#7369=CIRCLE('',#7813,3.8);
#7370=CIRCLE('',#7824,1.);
#7371=CIRCLE('',#7825,4.);
#7372=CIRCLE('',#7830,6.);
#7373=CIRCLE('',#7831,0.4);
#7374=CIRCLE('',#7832,0.7);
#7375=CIRCLE('',#7833,0.5);
#7376=CIRCLE('',#7834,2.);
#7377=CIRCLE('',#7835,2.);
#7378=CIRCLE('',#7836,0.1);
#7379=CIRCLE('',#7837,0.2);
#7380=CIRCLE('',#7838,0.5);
#7381=CIRCLE('',#7842,1.);
#7382=CIRCLE('',#7847,0.2);
#7383=CIRCLE('',#7850,0.2);
#7384=CIRCLE('',#7852,0.1);
#7385=CIRCLE('',#7855,0.1);
#7386=CIRCLE('',#7858,0.2);
#7387=CIRCLE('',#7861,0.5);
#7388=CIRCLE('',#7864,1.);
#7389=CIRCLE('',#7869,0.2);
#7390=CIRCLE('',#7871,0.2);
#7391=CIRCLE('',#7876,6.);
#7392=CIRCLE('',#7879,0.4);
#7393=CIRCLE('',#7884,2.);
#7394=CIRCLE('',#7888,2.);
#7395=CIRCLE('',#7890,0.7);
#7396=CIRCLE('',#7893,0.7);
#7397=CIRCLE('',#7900,1.);
#7398=CIRCLE('',#7901,4.);
#7399=CIRCLE('',#7906,1.);
#7400=CIRCLE('',#7907,4.);
#7401=CIRCLE('',#7914,1.);
#7402=CIRCLE('',#7915,4.);
#7403=CIRCLE('',#7920,1.);
#7404=CIRCLE('',#7921,4.);
#7405=CIRCLE('',#7924,0.2);
#7406=CIRCLE('',#7925,0.2);
#7407=CIRCLE('',#7928,6.);
#7408=CIRCLE('',#7929,0.4);
#7409=CIRCLE('',#7930,0.7);
#7410=CIRCLE('',#7931,0.5);
#7411=CIRCLE('',#7932,2.);
#7412=CIRCLE('',#7933,2.);
#7413=CIRCLE('',#7934,0.1);
#7414=CIRCLE('',#7935,0.2);
#7415=CIRCLE('',#7936,0.5);
#7416=CIRCLE('',#7939,1.);
#7417=CIRCLE('',#7947,0.1);
#7418=CIRCLE('',#7950,0.1);
#7419=CIRCLE('',#7953,0.2);
#7420=CIRCLE('',#7956,0.5);
#7421=CIRCLE('',#7959,1.);
#7422=CIRCLE('',#7964,0.2);
#7423=CIRCLE('',#7966,0.2);
#7424=CIRCLE('',#7971,6.);
#7425=CIRCLE('',#7974,0.4);
#7426=CIRCLE('',#7979,2.);
#7427=CIRCLE('',#7983,2.);
#7428=CIRCLE('',#7985,0.7);
#7429=CIRCLE('',#7988,0.7);
#7430=CIRCLE('',#7994,1.);
#7431=CIRCLE('',#7998,1.);
#7432=CIRCLE('',#7999,4.);
#7433=CIRCLE('',#8020,4.);
#7434=CIRCLE('',#8024,4.);
#7435=CIRCLE('',#8028,1.);
#7436=CIRCLE('',#8030,1.);
#7437=CIRCLE('',#8032,1.);
#7438=CIRCLE('',#8034,1.);
#7439=CIRCLE('',#8036,1.);
#7440=CIRCLE('',#8038,1.);
#7441=CIRCLE('',#8040,1.);
#7442=CIRCLE('',#8042,1.);
#7443=CIRCLE('',#8044,1.);
#7444=CIRCLE('',#8046,1.);
#7445=CIRCLE('',#8050,1.);
#7446=CIRCLE('',#8052,1.);
#7447=CIRCLE('',#8055,1.);
#7448=CIRCLE('',#8057,1.);
#7449=CIRCLE('',#8060,1.);
#7450=CIRCLE('',#8062,1.);
#7451=CIRCLE('',#8066,1.);
#7452=CIRCLE('',#8068,1.);
#7453=CIRCLE('',#8071,1.);
#7454=CIRCLE('',#8073,1.);
#7455=CIRCLE('',#8077,1.);
#7456=CIRCLE('',#8079,1.);
#7457=CIRCLE('',#8082,1.);
#7458=CIRCLE('',#8084,1.);
#7459=CIRCLE('',#8095,3.5);
#7460=CIRCLE('',#8096,3.5);
#7461=CIRCLE('',#8129,0.5);
#7462=CIRCLE('',#8131,0.5);
#7463=CIRCLE('',#8137,0.5);
#7464=CIRCLE('',#8139,0.5);
#7465=CIRCLE('',#8170,1.7);
#7466=CIRCLE('',#8172,1.7);
#7467=CIRCLE('',#8174,1.7);
#7468=CIRCLE('',#8176,1.7);
#7469=CIRCLE('',#8178,1.7);
#7470=CIRCLE('',#8180,1.7);
#7471=CIRCLE('',#8182,1.7);
#7472=CIRCLE('',#8184,1.7);
#7473=CIRCLE('',#8186,1.69999999999982);
#7474=CIRCLE('',#8189,1.69999999999982);
#7475=CIRCLE('',#8192,1.69999999999982);
#7476=CIRCLE('',#8195,1.69999999999982);
#7477=CIRCLE('',#8198,1.69999999999982);
#7478=CIRCLE('',#8201,1.69999999999982);
#7479=CIRCLE('',#8204,1.69999999999982);
#7480=CIRCLE('',#8207,1.69999999999982);
#7481=AXIS2_PLACEMENT_3D('',#10371,#8210,#8211);
#7482=AXIS2_PLACEMENT_3D('',#10372,#8212,#8213);
#7483=AXIS2_PLACEMENT_3D('',#10374,#8214,#8215);
#7484=AXIS2_PLACEMENT_3D('',#10375,#8216,#8217);
#7485=AXIS2_PLACEMENT_3D('',#10378,#8218,#8219);
#7486=AXIS2_PLACEMENT_3D('',#10380,#8220,#8221);
#7487=AXIS2_PLACEMENT_3D('',#10384,#8223,#8224);
#7488=AXIS2_PLACEMENT_3D('',#10386,#8225,#8226);
#7489=AXIS2_PLACEMENT_3D('',#10388,#8227,#8228);
#7490=AXIS2_PLACEMENT_3D('',#10392,#8230,#8231);
#7491=AXIS2_PLACEMENT_3D('',#10394,#8232,#8233);
#7492=AXIS2_PLACEMENT_3D('',#10396,#8234,#8235);
#7493=AXIS2_PLACEMENT_3D('',#10400,#8237,#8238);
#7494=AXIS2_PLACEMENT_3D('',#10408,#8242,#8243);
#7495=AXIS2_PLACEMENT_3D('',#10412,#8245,#8246);
#7496=AXIS2_PLACEMENT_3D('',#10420,#8250,#8251);
#7497=AXIS2_PLACEMENT_3D('',#10426,#8254,#8255);
#7498=AXIS2_PLACEMENT_3D('',#10430,#8257,#8258);
#7499=AXIS2_PLACEMENT_3D('',#10434,#8260,#8261);
#7500=AXIS2_PLACEMENT_3D('',#10438,#8263,#8264);
#7501=AXIS2_PLACEMENT_3D('',#10442,#8266,#8267);
#7502=AXIS2_PLACEMENT_3D('',#10446,#8269,#8270);
#7503=AXIS2_PLACEMENT_3D('',#10450,#8272,#8273);
#7504=AXIS2_PLACEMENT_3D('',#10454,#8275,#8276);
#7505=AXIS2_PLACEMENT_3D('',#10458,#8278,#8279);
#7506=AXIS2_PLACEMENT_3D('',#10462,#8281,#8282);
#7507=AXIS2_PLACEMENT_3D('',#10466,#8284,#8285);
#7508=AXIS2_PLACEMENT_3D('',#10470,#8287,#8288);
#7509=AXIS2_PLACEMENT_3D('',#10474,#8290,#8291);
#7510=AXIS2_PLACEMENT_3D('',#10478,#8293,#8294);
#7511=AXIS2_PLACEMENT_3D('',#10479,#8295,#8296);
#7512=AXIS2_PLACEMENT_3D('',#10480,#8297,#8298);
#7513=AXIS2_PLACEMENT_3D('',#10507,#8301,#8302);
#7514=AXIS2_PLACEMENT_3D('',#10508,#8303,#8304);
#7515=AXIS2_PLACEMENT_3D('',#10523,#8306,#8307);
#7516=AXIS2_PLACEMENT_3D('',#10537,#8309,#8310);
#7517=AXIS2_PLACEMENT_3D('',#10539,#8311,#8312);
#7518=AXIS2_PLACEMENT_3D('',#10540,#8313,#8314);
#7519=AXIS2_PLACEMENT_3D('',#10556,#8316,#8317);
#7520=AXIS2_PLACEMENT_3D('',#10570,#8319,#8320);
#7521=AXIS2_PLACEMENT_3D('',#10571,#8321,#8322);
#7522=AXIS2_PLACEMENT_3D('',#10573,#8323,#8324);
#7523=AXIS2_PLACEMENT_3D('',#10574,#8325,#8326);
#7524=AXIS2_PLACEMENT_3D('',#10601,#8329,#8330);
#7525=AXIS2_PLACEMENT_3D('',#10602,#8331,#8332);
#7526=AXIS2_PLACEMENT_3D('',#10618,#8334,#8335);
#7527=AXIS2_PLACEMENT_3D('',#10632,#8337,#8338);
#7528=AXIS2_PLACEMENT_3D('',#10634,#8339,#8340);
#7529=AXIS2_PLACEMENT_3D('',#10635,#8341,#8342);
#7530=AXIS2_PLACEMENT_3D('',#10662,#8345,#8346);
#7531=AXIS2_PLACEMENT_3D('',#10663,#8347,#8348);
#7532=AXIS2_PLACEMENT_3D('',#10679,#8350,#8351);
#7533=AXIS2_PLACEMENT_3D('',#10693,#8353,#8354);
#7534=AXIS2_PLACEMENT_3D('',#10695,#8355,#8356);
#7535=AXIS2_PLACEMENT_3D('',#10696,#8357,#8358);
#7536=AXIS2_PLACEMENT_3D('',#10723,#8361,#8362);
#7537=AXIS2_PLACEMENT_3D('',#10777,#8365,#8366);
#7538=AXIS2_PLACEMENT_3D('',#10778,#8367,#8368);
#7539=AXIS2_PLACEMENT_3D('',#10780,#8369,#8370);
#7540=AXIS2_PLACEMENT_3D('',#10834,#8373,#8374);
#7541=AXIS2_PLACEMENT_3D('',#10835,#8375,#8376);
#7542=AXIS2_PLACEMENT_3D('',#10837,#8377,#8378);
#7543=AXIS2_PLACEMENT_3D('',#10891,#8381,#8382);
#7544=AXIS2_PLACEMENT_3D('',#10892,#8383,#8384);
#7545=AXIS2_PLACEMENT_3D('',#10901,#8389,#8390);
#7546=AXIS2_PLACEMENT_3D('',#10910,#8395,#8396);
#7547=AXIS2_PLACEMENT_3D('',#10919,#8401,#8402);
#7548=AXIS2_PLACEMENT_3D('',#10972,#8429,#8430);
#7549=AXIS2_PLACEMENT_3D('',#10985,#8437,#8438);
#7550=AXIS2_PLACEMENT_3D('',#10988,#8440,#8441);
#7551=AXIS2_PLACEMENT_3D('',#10992,#8443,#8444);
#7552=AXIS2_PLACEMENT_3D('',#10993,#8445,#8446);
#7553=AXIS2_PLACEMENT_3D('',#11011,#8447,#8448);
#7554=AXIS2_PLACEMENT_3D('',#11032,#8450,#8451);
#7555=AXIS2_PLACEMENT_3D('',#11033,#8452,#8453);
#7556=AXIS2_PLACEMENT_3D('',#11034,#8454,#8455);
#7557=AXIS2_PLACEMENT_3D('',#11084,#8481,#8482);
#7558=AXIS2_PLACEMENT_3D('',#11094,#8488,#8489);
#7559=AXIS2_PLACEMENT_3D('',#11095,#8490,#8491);
#7560=AXIS2_PLACEMENT_3D('',#11100,#8493,#8494);
#7561=AXIS2_PLACEMENT_3D('',#11103,#8496,#8497);
#7562=AXIS2_PLACEMENT_3D('',#11124,#8499,#8500);
#7563=AXIS2_PLACEMENT_3D('',#11125,#8501,#8502);
#7564=AXIS2_PLACEMENT_3D('',#11126,#8503,#8504);
#7565=AXIS2_PLACEMENT_3D('',#11155,#8505,#8506);
#7566=AXIS2_PLACEMENT_3D('',#11157,#8507,#8508);
#7567=AXIS2_PLACEMENT_3D('',#11158,#8509,#8510);
#7568=AXIS2_PLACEMENT_3D('',#11162,#8514,#8515);
#7569=AXIS2_PLACEMENT_3D('',#11166,#8519,#8520);
#7570=AXIS2_PLACEMENT_3D('',#11170,#8524,#8525);
#7571=AXIS2_PLACEMENT_3D('',#11191,#8537,#8538);
#7572=AXIS2_PLACEMENT_3D('',#11212,#8550,#8551);
#7573=AXIS2_PLACEMENT_3D('',#11213,#8552,#8553);
#7574=AXIS2_PLACEMENT_3D('',#11214,#8554,#8555);
#7575=AXIS2_PLACEMENT_3D('',#11215,#8556,#8557);
#7576=AXIS2_PLACEMENT_3D('',#11216,#8558,#8559);
#7577=AXIS2_PLACEMENT_3D('',#11218,#8560,#8561);
#7578=AXIS2_PLACEMENT_3D('',#11220,#8562,#8563);
#7579=AXIS2_PLACEMENT_3D('',#11221,#8564,#8565);
#7580=AXIS2_PLACEMENT_3D('',#11226,#8567,#8568);
#7581=AXIS2_PLACEMENT_3D('',#11229,#8570,#8571);
#7582=AXIS2_PLACEMENT_3D('',#11235,#8575,#8576);
#7583=AXIS2_PLACEMENT_3D('',#11261,#8581,#8582);
#7584=AXIS2_PLACEMENT_3D('',#11262,#8583,#8584);
#7585=AXIS2_PLACEMENT_3D('',#11264,#8585,#8586);
#7586=AXIS2_PLACEMENT_3D('',#11267,#8588,#8589);
#7587=AXIS2_PLACEMENT_3D('',#11290,#8593,#8594);
#7588=AXIS2_PLACEMENT_3D('',#11316,#8599,#8600);
#7589=AXIS2_PLACEMENT_3D('',#11317,#8601,#8602);
#7590=AXIS2_PLACEMENT_3D('',#11319,#8603,#8604);
#7591=AXIS2_PLACEMENT_3D('',#11322,#8606,#8607);
#7592=AXIS2_PLACEMENT_3D('',#11345,#8611,#8612);
#7593=AXIS2_PLACEMENT_3D('',#11346,#8613,#8614);
#7594=AXIS2_PLACEMENT_3D('',#11347,#8615,#8616);
#7595=AXIS2_PLACEMENT_3D('',#11348,#8617,#8618);
#7596=AXIS2_PLACEMENT_3D('',#11352,#8620,#8621);
#7597=AXIS2_PLACEMENT_3D('',#11353,#8622,#8623);
#7598=AXIS2_PLACEMENT_3D('',#11354,#8624,#8625);
#7599=AXIS2_PLACEMENT_3D('',#11360,#8628,#8629);
#7600=AXIS2_PLACEMENT_3D('',#11380,#8640,#8641);
#7601=AXIS2_PLACEMENT_3D('',#11391,#8648,#8649);
#7602=AXIS2_PLACEMENT_3D('',#11394,#8650,#8651);
#7603=AXIS2_PLACEMENT_3D('',#11396,#8652,#8653);
#7604=AXIS2_PLACEMENT_3D('',#11400,#8655,#8656);
#7605=AXIS2_PLACEMENT_3D('',#11404,#8658,#8659);
#7606=AXIS2_PLACEMENT_3D('',#11408,#8661,#8662);
#7607=AXIS2_PLACEMENT_3D('',#11412,#8664,#8665);
#7608=AXIS2_PLACEMENT_3D('',#11414,#8666,#8667);
#7609=AXIS2_PLACEMENT_3D('',#11416,#8668,#8669);
#7610=AXIS2_PLACEMENT_3D('',#11420,#8671,#8672);
#7611=AXIS2_PLACEMENT_3D('',#11424,#8674,#8675);
#7612=AXIS2_PLACEMENT_3D('',#11426,#8676,#8677);
#7613=AXIS2_PLACEMENT_3D('',#11428,#8678,#8679);
#7614=AXIS2_PLACEMENT_3D('',#11432,#8681,#8682);
#7615=AXIS2_PLACEMENT_3D('',#11436,#8684,#8685);
#7616=AXIS2_PLACEMENT_3D('',#11438,#8686,#8687);
#7617=AXIS2_PLACEMENT_3D('',#11439,#8688,#8689);
#7618=AXIS2_PLACEMENT_3D('',#11441,#8690,#8691);
#7619=AXIS2_PLACEMENT_3D('',#11443,#8692,#8693);
#7620=AXIS2_PLACEMENT_3D('',#11447,#8695,#8696);
#7621=AXIS2_PLACEMENT_3D('',#11451,#8698,#8699);
#7622=AXIS2_PLACEMENT_3D('',#11455,#8701,#8702);
#7623=AXIS2_PLACEMENT_3D('',#11459,#8704,#8705);
#7624=AXIS2_PLACEMENT_3D('',#11461,#8706,#8707);
#7625=AXIS2_PLACEMENT_3D('',#11463,#8708,#8709);
#7626=AXIS2_PLACEMENT_3D('',#11467,#8711,#8712);
#7627=AXIS2_PLACEMENT_3D('',#11471,#8714,#8715);
#7628=AXIS2_PLACEMENT_3D('',#11473,#8716,#8717);
#7629=AXIS2_PLACEMENT_3D('',#11475,#8718,#8719);
#7630=AXIS2_PLACEMENT_3D('',#11479,#8721,#8722);
#7631=AXIS2_PLACEMENT_3D('',#11483,#8724,#8725);
#7632=AXIS2_PLACEMENT_3D('',#11485,#8726,#8727);
#7633=AXIS2_PLACEMENT_3D('',#11487,#8728,#8729);
#7634=AXIS2_PLACEMENT_3D('',#11491,#8731,#8732);
#7635=AXIS2_PLACEMENT_3D('',#11495,#8734,#8735);
#7636=AXIS2_PLACEMENT_3D('',#11499,#8737,#8738);
#7637=AXIS2_PLACEMENT_3D('',#11502,#8740,#8741);
#7638=AXIS2_PLACEMENT_3D('',#11506,#8743,#8744);
#7639=AXIS2_PLACEMENT_3D('',#11508,#8745,#8746);
#7640=AXIS2_PLACEMENT_3D('',#11510,#8747,#8748);
#7641=AXIS2_PLACEMENT_3D('',#11514,#8750,#8751);
#7642=AXIS2_PLACEMENT_3D('',#11518,#8753,#8754);
#7643=AXIS2_PLACEMENT_3D('',#11522,#8756,#8757);
#7644=AXIS2_PLACEMENT_3D('',#11526,#8759,#8760);
#7645=AXIS2_PLACEMENT_3D('',#11528,#8761,#8762);
#7646=AXIS2_PLACEMENT_3D('',#11530,#8763,#8764);
#7647=AXIS2_PLACEMENT_3D('',#11534,#8766,#8767);
#7648=AXIS2_PLACEMENT_3D('',#11538,#8769,#8770);
#7649=AXIS2_PLACEMENT_3D('',#11540,#8771,#8772);
#7650=AXIS2_PLACEMENT_3D('',#11542,#8773,#8774);
#7651=AXIS2_PLACEMENT_3D('',#11546,#8776,#8777);
#7652=AXIS2_PLACEMENT_3D('',#11550,#8779,#8780);
#7653=AXIS2_PLACEMENT_3D('',#11552,#8781,#8782);
#7654=AXIS2_PLACEMENT_3D('',#11554,#8783,#8784);
#7655=AXIS2_PLACEMENT_3D('',#11558,#8786,#8787);
#7656=AXIS2_PLACEMENT_3D('',#11562,#8789,#8790);
#7657=AXIS2_PLACEMENT_3D('',#11566,#8792,#8793);
#7658=AXIS2_PLACEMENT_3D('',#11570,#8795,#8796);
#7659=AXIS2_PLACEMENT_3D('',#11572,#8797,#8798);
#7660=AXIS2_PLACEMENT_3D('',#11574,#8799,#8800);
#7661=AXIS2_PLACEMENT_3D('',#11575,#8801,#8802);
#7662=AXIS2_PLACEMENT_3D('',#11576,#8803,#8804);
#7663=AXIS2_PLACEMENT_3D('',#11578,#8805,#8806);
#7664=AXIS2_PLACEMENT_3D('',#11580,#8807,#8808);
#7665=AXIS2_PLACEMENT_3D('',#11584,#8810,#8811);
#7666=AXIS2_PLACEMENT_3D('',#11588,#8813,#8814);
#7667=AXIS2_PLACEMENT_3D('',#11590,#8815,#8816);
#7668=AXIS2_PLACEMENT_3D('',#11592,#8817,#8818);
#7669=AXIS2_PLACEMENT_3D('',#11596,#8820,#8821);
#7670=AXIS2_PLACEMENT_3D('',#11600,#8823,#8824);
#7671=AXIS2_PLACEMENT_3D('',#11602,#8825,#8826);
#7672=AXIS2_PLACEMENT_3D('',#11604,#8827,#8828);
#7673=AXIS2_PLACEMENT_3D('',#11608,#8830,#8831);
#7674=AXIS2_PLACEMENT_3D('',#11612,#8833,#8834);
#7675=AXIS2_PLACEMENT_3D('',#11616,#8836,#8837);
#7676=AXIS2_PLACEMENT_3D('',#11621,#8840,#8841);
#7677=AXIS2_PLACEMENT_3D('',#11627,#8844,#8845);
#7678=AXIS2_PLACEMENT_3D('',#11630,#8847,#8848);
#7679=AXIS2_PLACEMENT_3D('',#11638,#8852,#8853);
#7680=AXIS2_PLACEMENT_3D('',#11644,#8856,#8857);
#7681=AXIS2_PLACEMENT_3D('',#11650,#8860,#8861);
#7682=AXIS2_PLACEMENT_3D('',#11656,#8864,#8865);
#7683=AXIS2_PLACEMENT_3D('',#11657,#8866,#8867);
#7684=AXIS2_PLACEMENT_3D('',#11659,#8868,#8869);
#7685=AXIS2_PLACEMENT_3D('',#11661,#8870,#8871);
#7686=AXIS2_PLACEMENT_3D('',#11668,#8874,#8875);
#7687=AXIS2_PLACEMENT_3D('',#11671,#8877,#8878);
#7688=AXIS2_PLACEMENT_3D('',#11677,#8881,#8882);
#7689=AXIS2_PLACEMENT_3D('',#11683,#8885,#8886);
#7690=AXIS2_PLACEMENT_3D('',#11684,#8887,#8888);
#7691=AXIS2_PLACEMENT_3D('',#11686,#8889,#8890);
#7692=AXIS2_PLACEMENT_3D('',#11688,#8891,#8892);
#7693=AXIS2_PLACEMENT_3D('',#11690,#8893,#8894);
#7694=AXIS2_PLACEMENT_3D('',#11692,#8895,#8896);
#7695=AXIS2_PLACEMENT_3D('',#11696,#8899,#8900);
#7696=AXIS2_PLACEMENT_3D('',#11697,#8901,#8902);
#7697=AXIS2_PLACEMENT_3D('',#11700,#8904,#8905);
#7698=AXIS2_PLACEMENT_3D('',#11720,#8908,#8909);
#7699=AXIS2_PLACEMENT_3D('',#11740,#8912,#8913);
#7700=AXIS2_PLACEMENT_3D('',#11741,#8914,#8915);
#7701=AXIS2_PLACEMENT_3D('',#11761,#8918,#8919);
#7702=AXIS2_PLACEMENT_3D('',#11781,#8922,#8923);
#7703=AXIS2_PLACEMENT_3D('',#11782,#8924,#8925);
#7704=AXIS2_PLACEMENT_3D('',#11788,#8929,#8930);
#7705=AXIS2_PLACEMENT_3D('',#11789,#8931,#8932);
#7706=AXIS2_PLACEMENT_3D('',#11792,#8934,#8935);
#7707=AXIS2_PLACEMENT_3D('',#11793,#8936,#8937);
#7708=AXIS2_PLACEMENT_3D('',#11795,#8938,#8939);
#7709=AXIS2_PLACEMENT_3D('',#11798,#8941,#8942);
#7710=AXIS2_PLACEMENT_3D('',#11799,#8943,#8944);
#7711=AXIS2_PLACEMENT_3D('',#11800,#8945,#8946);
#7712=AXIS2_PLACEMENT_3D('',#11803,#8948,#8949);
#7713=AXIS2_PLACEMENT_3D('',#11804,#8950,#8951);
#7714=AXIS2_PLACEMENT_3D('',#11805,#8952,#8953);
#7715=AXIS2_PLACEMENT_3D('',#11809,#8956,#8957);
#7716=AXIS2_PLACEMENT_3D('',#11810,#8958,#8959);
#7717=AXIS2_PLACEMENT_3D('',#11812,#8960,#8961);
#7718=AXIS2_PLACEMENT_3D('',#11832,#8964,#8965);
#7719=AXIS2_PLACEMENT_3D('',#11834,#8967,#8968);
#7720=AXIS2_PLACEMENT_3D('',#11853,#8970,#8971);
#7721=AXIS2_PLACEMENT_3D('',#11854,#8972,#8973);
#7722=AXIS2_PLACEMENT_3D('',#11857,#8975,#8976);
#7723=AXIS2_PLACEMENT_3D('',#11875,#8978,#8979);
#7724=AXIS2_PLACEMENT_3D('',#11877,#8981,#8982);
#7725=AXIS2_PLACEMENT_3D('',#11896,#8984,#8985);
#7726=AXIS2_PLACEMENT_3D('',#11897,#8986,#8987);
#7727=AXIS2_PLACEMENT_3D('',#11900,#8989,#8990);
#7728=AXIS2_PLACEMENT_3D('',#11904,#8993,#8994);
#7729=AXIS2_PLACEMENT_3D('',#11905,#8995,#8996);
#7730=AXIS2_PLACEMENT_3D('',#11908,#8998,#8999);
#7731=AXIS2_PLACEMENT_3D('',#11911,#9001,#9002);
#7732=AXIS2_PLACEMENT_3D('',#11912,#9003,#9004);
#7733=AXIS2_PLACEMENT_3D('',#11916,#9007,#9008);
#7734=AXIS2_PLACEMENT_3D('',#11919,#9010,#9011);
#7735=AXIS2_PLACEMENT_3D('',#11922,#9013,#9014);
#7736=AXIS2_PLACEMENT_3D('',#11940,#9016,#9017);
#7737=AXIS2_PLACEMENT_3D('',#11942,#9019,#9020);
#7738=AXIS2_PLACEMENT_3D('',#11961,#9022,#9023);
#7739=AXIS2_PLACEMENT_3D('',#11962,#9024,#9025);
#7740=AXIS2_PLACEMENT_3D('',#11965,#9027,#9028);
#7741=AXIS2_PLACEMENT_3D('',#11983,#9030,#9031);
#7742=AXIS2_PLACEMENT_3D('',#11985,#9033,#9034);
#7743=AXIS2_PLACEMENT_3D('',#11986,#9035,#9036);
#7744=AXIS2_PLACEMENT_3D('',#11988,#9037,#9038);
#7745=AXIS2_PLACEMENT_3D('',#11989,#9039,#9040);
#7746=AXIS2_PLACEMENT_3D('',#11994,#9043,#9044);
#7747=AXIS2_PLACEMENT_3D('',#11996,#9046,#9047);
#7748=AXIS2_PLACEMENT_3D('',#12015,#9049,#9050);
#7749=AXIS2_PLACEMENT_3D('',#12016,#9051,#9052);
#7750=AXIS2_PLACEMENT_3D('',#12019,#9054,#9055);
#7751=AXIS2_PLACEMENT_3D('',#12023,#9058,#9059);
#7752=AXIS2_PLACEMENT_3D('',#12026,#9062,#9063);
#7753=AXIS2_PLACEMENT_3D('',#12045,#9065,#9066);
#7754=AXIS2_PLACEMENT_3D('',#12046,#9067,#9068);
#7755=AXIS2_PLACEMENT_3D('',#12049,#9070,#9071);
#7756=AXIS2_PLACEMENT_3D('',#12055,#9075,#9076);
#7757=AXIS2_PLACEMENT_3D('',#12056,#9077,#9078);
#7758=AXIS2_PLACEMENT_3D('',#12059,#9080,#9081);
#7759=AXIS2_PLACEMENT_3D('',#12063,#9084,#9085);
#7760=AXIS2_PLACEMENT_3D('',#12064,#9086,#9087);
#7761=AXIS2_PLACEMENT_3D('',#12066,#9088,#9089);
#7762=AXIS2_PLACEMENT_3D('',#12085,#9091,#9092);
#7763=AXIS2_PLACEMENT_3D('',#12086,#9093,#9094);
#7764=AXIS2_PLACEMENT_3D('',#12091,#9097,#9098);
#7765=AXIS2_PLACEMENT_3D('',#12095,#9101,#9102);
#7766=AXIS2_PLACEMENT_3D('',#12097,#9104,#9105);
#7767=AXIS2_PLACEMENT_3D('',#12100,#9107,#9108);
#7768=AXIS2_PLACEMENT_3D('',#12101,#9109,#9110);
#7769=AXIS2_PLACEMENT_3D('',#12102,#9111,#9112);
#7770=AXIS2_PLACEMENT_3D('',#12104,#9113,#9114);
#7771=AXIS2_PLACEMENT_3D('',#12124,#9117,#9118);
#7772=AXIS2_PLACEMENT_3D('',#12126,#9120,#9121);
#7773=AXIS2_PLACEMENT_3D('',#12145,#9123,#9124);
#7774=AXIS2_PLACEMENT_3D('',#12149,#9127,#9128);
#7775=AXIS2_PLACEMENT_3D('',#12150,#9129,#9130);
#7776=AXIS2_PLACEMENT_3D('',#12153,#9132,#9133);
#7777=AXIS2_PLACEMENT_3D('',#12155,#9135,#9136);
#7778=AXIS2_PLACEMENT_3D('',#12159,#9139,#9140);
#7779=AXIS2_PLACEMENT_3D('',#12160,#9141,#9142);
#7780=AXIS2_PLACEMENT_3D('',#12163,#9144,#9145);
#7781=AXIS2_PLACEMENT_3D('',#12164,#9146,#9147);
#7782=AXIS2_PLACEMENT_3D('',#12167,#9149,#9150);
#7783=AXIS2_PLACEMENT_3D('',#12171,#9153,#9154);
#7784=AXIS2_PLACEMENT_3D('',#12174,#9156,#9157);
#7785=AXIS2_PLACEMENT_3D('',#12175,#9158,#9159);
#7786=AXIS2_PLACEMENT_3D('',#12178,#9162,#9163);
#7787=AXIS2_PLACEMENT_3D('',#12197,#9165,#9166);
#7788=AXIS2_PLACEMENT_3D('',#12198,#9167,#9168);
#7789=AXIS2_PLACEMENT_3D('',#12201,#9170,#9171);
#7790=AXIS2_PLACEMENT_3D('',#12205,#9174,#9175);
#7791=AXIS2_PLACEMENT_3D('',#12206,#9176,#9177);
#7792=AXIS2_PLACEMENT_3D('',#12207,#9178,#9179);
#7793=AXIS2_PLACEMENT_3D('',#12208,#9180,#9181);
#7794=AXIS2_PLACEMENT_3D('',#12210,#9182,#9183);
#7795=AXIS2_PLACEMENT_3D('',#12211,#9184,#9185);
#7796=AXIS2_PLACEMENT_3D('',#12214,#9187,#9188);
#7797=AXIS2_PLACEMENT_3D('',#12233,#9190,#9191);
#7798=AXIS2_PLACEMENT_3D('',#12235,#9193,#9194);
#7799=AXIS2_PLACEMENT_3D('',#12238,#9196,#9197);
#7800=AXIS2_PLACEMENT_3D('',#12239,#9198,#9199);
#7801=AXIS2_PLACEMENT_3D('',#12242,#9201,#9202);
#7802=AXIS2_PLACEMENT_3D('',#12245,#9204,#9205);
#7803=AXIS2_PLACEMENT_3D('',#12263,#9207,#9208);
#7804=AXIS2_PLACEMENT_3D('',#12265,#9210,#9211);
#7805=AXIS2_PLACEMENT_3D('',#12284,#9213,#9214);
#7806=AXIS2_PLACEMENT_3D('',#12285,#9215,#9216);
#7807=AXIS2_PLACEMENT_3D('',#12288,#9218,#9219);
#7808=AXIS2_PLACEMENT_3D('',#12289,#9220,#9221);
#7809=AXIS2_PLACEMENT_3D('',#12291,#9222,#9223);
#7810=AXIS2_PLACEMENT_3D('',#12295,#9226,#9227);
#7811=AXIS2_PLACEMENT_3D('',#12296,#9228,#9229);
#7812=AXIS2_PLACEMENT_3D('',#12299,#9231,#9232);
#7813=AXIS2_PLACEMENT_3D('',#12300,#9233,#9234);
#7814=AXIS2_PLACEMENT_3D('',#12305,#9237,#9238);
#7815=AXIS2_PLACEMENT_3D('',#12307,#9240,#9241);
#7816=AXIS2_PLACEMENT_3D('',#12309,#9243,#9244);
#7817=AXIS2_PLACEMENT_3D('',#12311,#9246,#9247);
#7818=AXIS2_PLACEMENT_3D('',#12320,#9252,#9253);
#7819=AXIS2_PLACEMENT_3D('',#12326,#9257,#9258);
#7820=AXIS2_PLACEMENT_3D('',#12337,#9264,#9265);
#7821=AXIS2_PLACEMENT_3D('',#12344,#9270,#9271);
#7822=AXIS2_PLACEMENT_3D('',#12350,#9276,#9277);
#7823=AXIS2_PLACEMENT_3D('',#12352,#9279,#9280);
#7824=AXIS2_PLACEMENT_3D('',#12355,#9282,#9283);
#7825=AXIS2_PLACEMENT_3D('',#12360,#9286,#9287);
#7826=AXIS2_PLACEMENT_3D('',#12362,#9289,#9290);
#7827=AXIS2_PLACEMENT_3D('',#12364,#9292,#9293);
#7828=AXIS2_PLACEMENT_3D('',#12366,#9295,#9296);
#7829=AXIS2_PLACEMENT_3D('',#12367,#9297,#9298);
#7830=AXIS2_PLACEMENT_3D('',#12379,#9304,#9305);
#7831=AXIS2_PLACEMENT_3D('',#12383,#9307,#9308);
#7832=AXIS2_PLACEMENT_3D('',#12387,#9310,#9311);
#7833=AXIS2_PLACEMENT_3D('',#12388,#9312,#9313);
#7834=AXIS2_PLACEMENT_3D('',#12389,#9314,#9315);
#7835=AXIS2_PLACEMENT_3D('',#12395,#9318,#9319);
#7836=AXIS2_PLACEMENT_3D('',#12401,#9322,#9323);
#7837=AXIS2_PLACEMENT_3D('',#12405,#9325,#9326);
#7838=AXIS2_PLACEMENT_3D('',#12409,#9328,#9329);
#7839=AXIS2_PLACEMENT_3D('',#12418,#9334,#9335);
#7840=AXIS2_PLACEMENT_3D('',#12427,#9340,#9341);
#7841=AXIS2_PLACEMENT_3D('',#12436,#9346,#9347);
#7842=AXIS2_PLACEMENT_3D('',#12437,#9348,#9349);
#7843=AXIS2_PLACEMENT_3D('',#12438,#9350,#9351);
#7844=AXIS2_PLACEMENT_3D('',#12439,#9352,#9353);
#7845=AXIS2_PLACEMENT_3D('',#12448,#9358,#9359);
#7846=AXIS2_PLACEMENT_3D('',#12454,#9363,#9364);
#7847=AXIS2_PLACEMENT_3D('',#12458,#9367,#9368);
#7848=AXIS2_PLACEMENT_3D('',#12459,#9369,#9370);
#7849=AXIS2_PLACEMENT_3D('',#12463,#9373,#9374);
#7850=AXIS2_PLACEMENT_3D('',#12464,#9375,#9376);
#7851=AXIS2_PLACEMENT_3D('',#12466,#9378,#9379);
#7852=AXIS2_PLACEMENT_3D('',#12472,#9382,#9383);
#7853=AXIS2_PLACEMENT_3D('',#12473,#9384,#9385);
#7854=AXIS2_PLACEMENT_3D('',#12479,#9389,#9390);
#7855=AXIS2_PLACEMENT_3D('',#12481,#9392,#9393);
#7856=AXIS2_PLACEMENT_3D('',#12484,#9395,#9396);
#7857=AXIS2_PLACEMENT_3D('',#12488,#9399,#9400);
#7858=AXIS2_PLACEMENT_3D('',#12491,#9402,#9403);
#7859=AXIS2_PLACEMENT_3D('',#12492,#9404,#9405);
#7860=AXIS2_PLACEMENT_3D('',#12496,#9408,#9409);
#7861=AXIS2_PLACEMENT_3D('',#12497,#9410,#9411);
#7862=AXIS2_PLACEMENT_3D('',#12500,#9413,#9414);
#7863=AXIS2_PLACEMENT_3D('',#12504,#9417,#9418);
#7864=AXIS2_PLACEMENT_3D('',#12507,#9420,#9421);
#7865=AXIS2_PLACEMENT_3D('',#12508,#9422,#9423);
#7866=AXIS2_PLACEMENT_3D('',#12511,#9425,#9426);
#7867=AXIS2_PLACEMENT_3D('',#12512,#9427,#9428);
#7868=AXIS2_PLACEMENT_3D('',#12516,#9431,#9432);
#7869=AXIS2_PLACEMENT_3D('',#12519,#9434,#9435);
#7870=AXIS2_PLACEMENT_3D('',#12521,#9437,#9438);
#7871=AXIS2_PLACEMENT_3D('',#12524,#9440,#9441);
#7872=AXIS2_PLACEMENT_3D('',#12525,#9442,#9443);
#7873=AXIS2_PLACEMENT_3D('',#12529,#9446,#9447);
#7874=AXIS2_PLACEMENT_3D('',#12533,#9450,#9451);
#7875=AXIS2_PLACEMENT_3D('',#12537,#9454,#9455);
#7876=AXIS2_PLACEMENT_3D('',#12538,#9456,#9457);
#7877=AXIS2_PLACEMENT_3D('',#12541,#9459,#9460);
#7878=AXIS2_PLACEMENT_3D('',#12547,#9464,#9465);
#7879=AXIS2_PLACEMENT_3D('',#12550,#9467,#9468);
#7880=AXIS2_PLACEMENT_3D('',#12551,#9469,#9470);
#7881=AXIS2_PLACEMENT_3D('',#12553,#9472,#9473);
#7882=AXIS2_PLACEMENT_3D('',#12557,#9476,#9477);
#7883=AXIS2_PLACEMENT_3D('',#12561,#9480,#9481);
#7884=AXIS2_PLACEMENT_3D('',#12564,#9483,#9484);
#7885=AXIS2_PLACEMENT_3D('',#12565,#9485,#9486);
#7886=AXIS2_PLACEMENT_3D('',#12569,#9489,#9490);
#7887=AXIS2_PLACEMENT_3D('',#12573,#9493,#9494);
#7888=AXIS2_PLACEMENT_3D('',#12574,#9495,#9496);
#7889=AXIS2_PLACEMENT_3D('',#12575,#9497,#9498);
#7890=AXIS2_PLACEMENT_3D('',#12576,#9499,#9500);
#7891=AXIS2_PLACEMENT_3D('',#12579,#9502,#9503);
#7892=AXIS2_PLACEMENT_3D('',#12583,#9506,#9507);
#7893=AXIS2_PLACEMENT_3D('',#12584,#9508,#9509);
#7894=AXIS2_PLACEMENT_3D('',#12585,#9510,#9511);
#7895=AXIS2_PLACEMENT_3D('',#12586,#9512,#9513);
#7896=AXIS2_PLACEMENT_3D('',#12595,#9518,#9519);
#7897=AXIS2_PLACEMENT_3D('',#12601,#9523,#9524);
#7898=AXIS2_PLACEMENT_3D('',#12612,#9530,#9531);
#7899=AXIS2_PLACEMENT_3D('',#12618,#9536,#9537);
#7900=AXIS2_PLACEMENT_3D('',#12622,#9539,#9540);
#7901=AXIS2_PLACEMENT_3D('',#12627,#9543,#9544);
#7902=AXIS2_PLACEMENT_3D('',#12630,#9547,#9548);
#7903=AXIS2_PLACEMENT_3D('',#12634,#9552,#9553);
#7904=AXIS2_PLACEMENT_3D('',#12635,#9554,#9555);
#7905=AXIS2_PLACEMENT_3D('',#12636,#9556,#9557);
#7906=AXIS2_PLACEMENT_3D('',#12640,#9559,#9560);
#7907=AXIS2_PLACEMENT_3D('',#12643,#9562,#9563);
#7908=AXIS2_PLACEMENT_3D('',#12645,#9565,#9566);
#7909=AXIS2_PLACEMENT_3D('',#12647,#9568,#9569);
#7910=AXIS2_PLACEMENT_3D('',#12656,#9574,#9575);
#7911=AXIS2_PLACEMENT_3D('',#12662,#9579,#9580);
#7912=AXIS2_PLACEMENT_3D('',#12673,#9586,#9587);
#7913=AXIS2_PLACEMENT_3D('',#12679,#9592,#9593);
#7914=AXIS2_PLACEMENT_3D('',#12683,#9595,#9596);
#7915=AXIS2_PLACEMENT_3D('',#12688,#9599,#9600);
#7916=AXIS2_PLACEMENT_3D('',#12691,#9603,#9604);
#7917=AXIS2_PLACEMENT_3D('',#12695,#9608,#9609);
#7918=AXIS2_PLACEMENT_3D('',#12696,#9610,#9611);
#7919=AXIS2_PLACEMENT_3D('',#12697,#9612,#9613);
#7920=AXIS2_PLACEMENT_3D('',#12701,#9615,#9616);
#7921=AXIS2_PLACEMENT_3D('',#12704,#9618,#9619);
#7922=AXIS2_PLACEMENT_3D('',#12706,#9621,#9622);
#7923=AXIS2_PLACEMENT_3D('',#12708,#9624,#9625);
#7924=AXIS2_PLACEMENT_3D('',#12712,#9627,#9628);
#7925=AXIS2_PLACEMENT_3D('',#12716,#9630,#9631);
#7926=AXIS2_PLACEMENT_3D('',#12717,#9632,#9633);
#7927=AXIS2_PLACEMENT_3D('',#12723,#9637,#9638);
#7928=AXIS2_PLACEMENT_3D('',#12738,#9646,#9647);
#7929=AXIS2_PLACEMENT_3D('',#12742,#9649,#9650);
#7930=AXIS2_PLACEMENT_3D('',#12746,#9652,#9653);
#7931=AXIS2_PLACEMENT_3D('',#12747,#9654,#9655);
#7932=AXIS2_PLACEMENT_3D('',#12748,#9656,#9657);
#7933=AXIS2_PLACEMENT_3D('',#12754,#9660,#9661);
#7934=AXIS2_PLACEMENT_3D('',#12760,#9664,#9665);
#7935=AXIS2_PLACEMENT_3D('',#12764,#9667,#9668);
#7936=AXIS2_PLACEMENT_3D('',#12768,#9670,#9671);
#7937=AXIS2_PLACEMENT_3D('',#12771,#9673,#9674);
#7938=AXIS2_PLACEMENT_3D('',#12780,#9679,#9680);
#7939=AXIS2_PLACEMENT_3D('',#12781,#9681,#9682);
#7940=AXIS2_PLACEMENT_3D('',#12782,#9683,#9684);
#7941=AXIS2_PLACEMENT_3D('',#12783,#9685,#9686);
#7942=AXIS2_PLACEMENT_3D('',#12792,#9691,#9692);
#7943=AXIS2_PLACEMENT_3D('',#12798,#9696,#9697);
#7944=AXIS2_PLACEMENT_3D('',#12802,#9700,#9701);
#7945=AXIS2_PLACEMENT_3D('',#12806,#9704,#9705);
#7946=AXIS2_PLACEMENT_3D('',#12808,#9707,#9708);
#7947=AXIS2_PLACEMENT_3D('',#12814,#9711,#9712);
#7948=AXIS2_PLACEMENT_3D('',#12815,#9713,#9714);
#7949=AXIS2_PLACEMENT_3D('',#12821,#9718,#9719);
#7950=AXIS2_PLACEMENT_3D('',#12823,#9721,#9722);
#7951=AXIS2_PLACEMENT_3D('',#12826,#9724,#9725);
#7952=AXIS2_PLACEMENT_3D('',#12830,#9728,#9729);
#7953=AXIS2_PLACEMENT_3D('',#12833,#9731,#9732);
#7954=AXIS2_PLACEMENT_3D('',#12834,#9733,#9734);
#7955=AXIS2_PLACEMENT_3D('',#12838,#9737,#9738);
#7956=AXIS2_PLACEMENT_3D('',#12839,#9739,#9740);
#7957=AXIS2_PLACEMENT_3D('',#12842,#9742,#9743);
#7958=AXIS2_PLACEMENT_3D('',#12846,#9746,#9747);
#7959=AXIS2_PLACEMENT_3D('',#12849,#9749,#9750);
#7960=AXIS2_PLACEMENT_3D('',#12850,#9751,#9752);
#7961=AXIS2_PLACEMENT_3D('',#12853,#9754,#9755);
#7962=AXIS2_PLACEMENT_3D('',#12854,#9756,#9757);
#7963=AXIS2_PLACEMENT_3D('',#12858,#9760,#9761);
#7964=AXIS2_PLACEMENT_3D('',#12861,#9763,#9764);
#7965=AXIS2_PLACEMENT_3D('',#12863,#9766,#9767);
#7966=AXIS2_PLACEMENT_3D('',#12866,#9769,#9770);
#7967=AXIS2_PLACEMENT_3D('',#12867,#9771,#9772);
#7968=AXIS2_PLACEMENT_3D('',#12871,#9775,#9776);
#7969=AXIS2_PLACEMENT_3D('',#12875,#9779,#9780);
#7970=AXIS2_PLACEMENT_3D('',#12879,#9783,#9784);
#7971=AXIS2_PLACEMENT_3D('',#12880,#9785,#9786);
#7972=AXIS2_PLACEMENT_3D('',#12883,#9788,#9789);
#7973=AXIS2_PLACEMENT_3D('',#12889,#9793,#9794);
#7974=AXIS2_PLACEMENT_3D('',#12892,#9796,#9797);
#7975=AXIS2_PLACEMENT_3D('',#12893,#9798,#9799);
#7976=AXIS2_PLACEMENT_3D('',#12895,#9801,#9802);
#7977=AXIS2_PLACEMENT_3D('',#12899,#9805,#9806);
#7978=AXIS2_PLACEMENT_3D('',#12903,#9809,#9810);
#7979=AXIS2_PLACEMENT_3D('',#12906,#9812,#9813);
#7980=AXIS2_PLACEMENT_3D('',#12907,#9814,#9815);
#7981=AXIS2_PLACEMENT_3D('',#12911,#9818,#9819);
#7982=AXIS2_PLACEMENT_3D('',#12915,#9822,#9823);
#7983=AXIS2_PLACEMENT_3D('',#12916,#9824,#9825);
#7984=AXIS2_PLACEMENT_3D('',#12917,#9826,#9827);
#7985=AXIS2_PLACEMENT_3D('',#12918,#9828,#9829);
#7986=AXIS2_PLACEMENT_3D('',#12921,#9831,#9832);
#7987=AXIS2_PLACEMENT_3D('',#12925,#9835,#9836);
#7988=AXIS2_PLACEMENT_3D('',#12926,#9837,#9838);
#7989=AXIS2_PLACEMENT_3D('',#12927,#9839,#9840);
#7990=AXIS2_PLACEMENT_3D('',#12928,#9841,#9842);
#7991=AXIS2_PLACEMENT_3D('',#12937,#9847,#9848);
#7992=AXIS2_PLACEMENT_3D('',#12943,#9852,#9853);
#7993=AXIS2_PLACEMENT_3D('',#12951,#9858,#9859);
#7994=AXIS2_PLACEMENT_3D('',#12958,#9863,#9864);
#7995=AXIS2_PLACEMENT_3D('',#12961,#9866,#9867);
#7996=AXIS2_PLACEMENT_3D('',#12967,#9872,#9873);
#7997=AXIS2_PLACEMENT_3D('',#12969,#9875,#9876);
#7998=AXIS2_PLACEMENT_3D('',#12972,#9878,#9879);
#7999=AXIS2_PLACEMENT_3D('',#12977,#9882,#9883);
#8000=AXIS2_PLACEMENT_3D('',#12979,#9885,#9886);
#8001=AXIS2_PLACEMENT_3D('',#12981,#9888,#9889);
#8002=AXIS2_PLACEMENT_3D('',#12983,#9891,#9892);
#8003=AXIS2_PLACEMENT_3D('',#12984,#9893,#9894);
#8004=AXIS2_PLACEMENT_3D('',#12987,#9897,#9898);
#8005=AXIS2_PLACEMENT_3D('',#12988,#9899,#9900);
#8006=AXIS2_PLACEMENT_3D('',#12995,#9905,#9906);
#8007=AXIS2_PLACEMENT_3D('',#12998,#9909,#9910);
#8008=AXIS2_PLACEMENT_3D('',#13000,#9912,#9913);
#8009=AXIS2_PLACEMENT_3D('',#13001,#9914,#9915);
#8010=AXIS2_PLACEMENT_3D('',#13003,#9917,#9918);
#8011=AXIS2_PLACEMENT_3D('',#13005,#9920,#9921);
#8012=AXIS2_PLACEMENT_3D('',#13007,#9923,#9924);
#8013=AXIS2_PLACEMENT_3D('',#13014,#9929,#9930);
#8014=AXIS2_PLACEMENT_3D('',#13017,#9933,#9934);
#8015=AXIS2_PLACEMENT_3D('',#13018,#9935,#9936);
#8016=AXIS2_PLACEMENT_3D('',#13019,#9937,#9938);
#8017=AXIS2_PLACEMENT_3D('',#13020,#9939,#9940);
#8018=AXIS2_PLACEMENT_3D('',#13021,#9941,#9942);
#8019=AXIS2_PLACEMENT_3D('',#13022,#9943,#9944);
#8020=AXIS2_PLACEMENT_3D('',#13023,#9945,#9946);
#8021=AXIS2_PLACEMENT_3D('',#13024,#9947,#9948);
#8022=AXIS2_PLACEMENT_3D('',#13025,#9949,#9950);
#8023=AXIS2_PLACEMENT_3D('',#13026,#9951,#9952);
#8024=AXIS2_PLACEMENT_3D('',#13027,#9953,#9954);
#8025=AXIS2_PLACEMENT_3D('',#13028,#9955,#9956);
#8026=AXIS2_PLACEMENT_3D('',#13029,#9957,#9958);
#8027=AXIS2_PLACEMENT_3D('',#13030,#9959,#9960);
#8028=AXIS2_PLACEMENT_3D('',#13031,#9961,#9962);
#8029=AXIS2_PLACEMENT_3D('',#13032,#9963,#9964);
#8030=AXIS2_PLACEMENT_3D('',#13033,#9965,#9966);
#8031=AXIS2_PLACEMENT_3D('',#13034,#9967,#9968);
#8032=AXIS2_PLACEMENT_3D('',#13035,#9969,#9970);
#8033=AXIS2_PLACEMENT_3D('',#13036,#9971,#9972);
#8034=AXIS2_PLACEMENT_3D('',#13037,#9973,#9974);
#8035=AXIS2_PLACEMENT_3D('',#13038,#9975,#9976);
#8036=AXIS2_PLACEMENT_3D('',#13039,#9977,#9978);
#8037=AXIS2_PLACEMENT_3D('',#13040,#9979,#9980);
#8038=AXIS2_PLACEMENT_3D('',#13041,#9981,#9982);
#8039=AXIS2_PLACEMENT_3D('',#13042,#9983,#9984);
#8040=AXIS2_PLACEMENT_3D('',#13043,#9985,#9986);
#8041=AXIS2_PLACEMENT_3D('',#13044,#9987,#9988);
#8042=AXIS2_PLACEMENT_3D('',#13045,#9989,#9990);
#8043=AXIS2_PLACEMENT_3D('',#13046,#9991,#9992);
#8044=AXIS2_PLACEMENT_3D('',#13047,#9993,#9994);
#8045=AXIS2_PLACEMENT_3D('',#13048,#9995,#9996);
#8046=AXIS2_PLACEMENT_3D('',#13049,#9997,#9998);
#8047=AXIS2_PLACEMENT_3D('',#13050,#9999,#10000);
#8048=AXIS2_PLACEMENT_3D('',#13051,#10001,#10002);
#8049=AXIS2_PLACEMENT_3D('',#13052,#10003,#10004);
#8050=AXIS2_PLACEMENT_3D('',#13053,#10005,#10006);
#8051=AXIS2_PLACEMENT_3D('',#13054,#10007,#10008);
#8052=AXIS2_PLACEMENT_3D('',#13055,#10009,#10010);
#8053=AXIS2_PLACEMENT_3D('',#13056,#10011,#10012);
#8054=AXIS2_PLACEMENT_3D('',#13057,#10013,#10014);
#8055=AXIS2_PLACEMENT_3D('',#13058,#10015,#10016);
#8056=AXIS2_PLACEMENT_3D('',#13059,#10017,#10018);
#8057=AXIS2_PLACEMENT_3D('',#13060,#10019,#10020);
#8058=AXIS2_PLACEMENT_3D('',#13061,#10021,#10022);
#8059=AXIS2_PLACEMENT_3D('',#13062,#10023,#10024);
#8060=AXIS2_PLACEMENT_3D('',#13063,#10025,#10026);
#8061=AXIS2_PLACEMENT_3D('',#13064,#10027,#10028);
#8062=AXIS2_PLACEMENT_3D('',#13065,#10029,#10030);
#8063=AXIS2_PLACEMENT_3D('',#13066,#10031,#10032);
#8064=AXIS2_PLACEMENT_3D('',#13067,#10033,#10034);
#8065=AXIS2_PLACEMENT_3D('',#13068,#10035,#10036);
#8066=AXIS2_PLACEMENT_3D('',#13069,#10037,#10038);
#8067=AXIS2_PLACEMENT_3D('',#13070,#10039,#10040);
#8068=AXIS2_PLACEMENT_3D('',#13071,#10041,#10042);
#8069=AXIS2_PLACEMENT_3D('',#13072,#10043,#10044);
#8070=AXIS2_PLACEMENT_3D('',#13073,#10045,#10046);
#8071=AXIS2_PLACEMENT_3D('',#13074,#10047,#10048);
#8072=AXIS2_PLACEMENT_3D('',#13075,#10049,#10050);
#8073=AXIS2_PLACEMENT_3D('',#13076,#10051,#10052);
#8074=AXIS2_PLACEMENT_3D('',#13077,#10053,#10054);
#8075=AXIS2_PLACEMENT_3D('',#13078,#10055,#10056);
#8076=AXIS2_PLACEMENT_3D('',#13079,#10057,#10058);
#8077=AXIS2_PLACEMENT_3D('',#13080,#10059,#10060);
#8078=AXIS2_PLACEMENT_3D('',#13081,#10061,#10062);
#8079=AXIS2_PLACEMENT_3D('',#13082,#10063,#10064);
#8080=AXIS2_PLACEMENT_3D('',#13083,#10065,#10066);
#8081=AXIS2_PLACEMENT_3D('',#13084,#10067,#10068);
#8082=AXIS2_PLACEMENT_3D('',#13085,#10069,#10070);
#8083=AXIS2_PLACEMENT_3D('',#13086,#10071,#10072);
#8084=AXIS2_PLACEMENT_3D('',#13087,#10073,#10074);
#8085=AXIS2_PLACEMENT_3D('',#13088,#10075,#10076);
#8086=AXIS2_PLACEMENT_3D('',#13089,#10077,#10078);
#8087=AXIS2_PLACEMENT_3D('',#13090,#10079,#10080);
#8088=AXIS2_PLACEMENT_3D('',#13092,#10082,#10083);
#8089=AXIS2_PLACEMENT_3D('',#13094,#10085,#10086);
#8090=AXIS2_PLACEMENT_3D('',#13096,#10088,#10089);
#8091=AXIS2_PLACEMENT_3D('',#13098,#10091,#10092);
#8092=AXIS2_PLACEMENT_3D('',#13100,#10094,#10095);
#8093=AXIS2_PLACEMENT_3D('',#13102,#10097,#10098);
#8094=AXIS2_PLACEMENT_3D('',#13104,#10100,#10101);
#8095=AXIS2_PLACEMENT_3D('',#13106,#10103,#10104);
#8096=AXIS2_PLACEMENT_3D('',#13110,#10106,#10107);
#8097=AXIS2_PLACEMENT_3D('',#13118,#10115,#10116);
#8098=AXIS2_PLACEMENT_3D('',#13120,#10118,#10119);
#8099=AXIS2_PLACEMENT_3D('',#13122,#10121,#10122);
#8100=AXIS2_PLACEMENT_3D('',#13125,#10125,#10126);
#8101=AXIS2_PLACEMENT_3D('',#13127,#10128,#10129);
#8102=AXIS2_PLACEMENT_3D('',#13129,#10131,#10132);
#8103=AXIS2_PLACEMENT_3D('',#13132,#10135,#10136);
#8104=AXIS2_PLACEMENT_3D('',#13134,#10138,#10139);
#8105=AXIS2_PLACEMENT_3D('',#13136,#10141,#10142);
#8106=AXIS2_PLACEMENT_3D('',#13139,#10145,#10146);
#8107=AXIS2_PLACEMENT_3D('',#13141,#10148,#10149);
#8108=AXIS2_PLACEMENT_3D('',#13143,#10151,#10152);
#8109=AXIS2_PLACEMENT_3D('',#13146,#10155,#10156);
#8110=AXIS2_PLACEMENT_3D('',#13148,#10158,#10159);
#8111=AXIS2_PLACEMENT_3D('',#13149,#10160,#10161);
#8112=AXIS2_PLACEMENT_3D('',#13150,#10162,#10163);
#8113=AXIS2_PLACEMENT_3D('',#13151,#10164,#10165);
#8114=AXIS2_PLACEMENT_3D('',#13152,#10166,#10167);
#8115=AXIS2_PLACEMENT_3D('',#13153,#10168,#10169);
#8116=AXIS2_PLACEMENT_3D('',#13154,#10170,#10171);
#8117=AXIS2_PLACEMENT_3D('',#13155,#10172,#10173);
#8118=AXIS2_PLACEMENT_3D('',#13156,#10174,#10175);
#8119=AXIS2_PLACEMENT_3D('',#13157,#10176,#10177);
#8120=AXIS2_PLACEMENT_3D('',#13158,#10178,#10179);
#8121=AXIS2_PLACEMENT_3D('',#13159,#10180,#10181);
#8122=AXIS2_PLACEMENT_3D('',#13160,#10182,#10183);
#8123=AXIS2_PLACEMENT_3D('',#13161,#10184,#10185);
#8124=AXIS2_PLACEMENT_3D('',#13162,#10186,#10187);
#8125=AXIS2_PLACEMENT_3D('',#13163,#10188,#10189);
#8126=AXIS2_PLACEMENT_3D('',#13164,#10190,#10191);
#8127=AXIS2_PLACEMENT_3D('',#13168,#10194,#10195);
#8128=AXIS2_PLACEMENT_3D('',#13170,#10197,#10198);
#8129=AXIS2_PLACEMENT_3D('',#13171,#10199,#10200);
#8130=AXIS2_PLACEMENT_3D('',#13172,#10201,#10202);
#8131=AXIS2_PLACEMENT_3D('',#13173,#10203,#10204);
#8132=AXIS2_PLACEMENT_3D('',#13174,#10205,#10206);
#8133=AXIS2_PLACEMENT_3D('',#13175,#10207,#10208);
#8134=AXIS2_PLACEMENT_3D('',#13176,#10209,#10210);
#8135=AXIS2_PLACEMENT_3D('',#13177,#10211,#10212);
#8136=AXIS2_PLACEMENT_3D('',#13178,#10213,#10214);
#8137=AXIS2_PLACEMENT_3D('',#13179,#10215,#10216);
#8138=AXIS2_PLACEMENT_3D('',#13180,#10217,#10218);
#8139=AXIS2_PLACEMENT_3D('',#13181,#10219,#10220);
#8140=AXIS2_PLACEMENT_3D('',#13182,#10221,#10222);
#8141=AXIS2_PLACEMENT_3D('',#13183,#10223,#10224);
#8142=AXIS2_PLACEMENT_3D('',#13187,#10227,#10228);
#8143=AXIS2_PLACEMENT_3D('',#13191,#10231,#10232);
#8144=AXIS2_PLACEMENT_3D('',#13195,#10235,#10236);
#8145=AXIS2_PLACEMENT_3D('',#13199,#10239,#10240);
#8146=AXIS2_PLACEMENT_3D('',#13200,#10241,#10242);
#8147=AXIS2_PLACEMENT_3D('',#13201,#10243,#10244);
#8148=AXIS2_PLACEMENT_3D('',#13202,#10245,#10246);
#8149=AXIS2_PLACEMENT_3D('',#13203,#10247,#10248);
#8150=AXIS2_PLACEMENT_3D('',#13204,#10249,#10250);
#8151=AXIS2_PLACEMENT_3D('',#13205,#10251,#10252);
#8152=AXIS2_PLACEMENT_3D('',#13206,#10253,#10254);
#8153=AXIS2_PLACEMENT_3D('',#13207,#10255,#10256);
#8154=AXIS2_PLACEMENT_3D('',#13208,#10257,#10258);
#8155=AXIS2_PLACEMENT_3D('',#13209,#10259,#10260);
#8156=AXIS2_PLACEMENT_3D('',#13210,#10261,#10262);
#8157=AXIS2_PLACEMENT_3D('',#13211,#10263,#10264);
#8158=AXIS2_PLACEMENT_3D('',#13212,#10265,#10266);
#8159=AXIS2_PLACEMENT_3D('',#13213,#10267,#10268);
#8160=AXIS2_PLACEMENT_3D('',#13214,#10269,#10270);
#8161=AXIS2_PLACEMENT_3D('',#13215,#10271,#10272);
#8162=AXIS2_PLACEMENT_3D('',#13216,#10273,#10274);
#8163=AXIS2_PLACEMENT_3D('',#13217,#10275,#10276);
#8164=AXIS2_PLACEMENT_3D('',#13218,#10277,#10278);
#8165=AXIS2_PLACEMENT_3D('',#13219,#10279,#10280);
#8166=AXIS2_PLACEMENT_3D('',#13220,#10281,#10282);
#8167=AXIS2_PLACEMENT_3D('',#13222,#10284,#10285);
#8168=AXIS2_PLACEMENT_3D('',#13224,#10287,#10288);
#8169=AXIS2_PLACEMENT_3D('',#13225,#10289,#10290);
#8170=AXIS2_PLACEMENT_3D('',#13226,#10291,#10292);
#8171=AXIS2_PLACEMENT_3D('',#13228,#10293,#10294);
#8172=AXIS2_PLACEMENT_3D('',#13229,#10295,#10296);
#8173=AXIS2_PLACEMENT_3D('',#13231,#10297,#10298);
#8174=AXIS2_PLACEMENT_3D('',#13232,#10299,#10300);
#8175=AXIS2_PLACEMENT_3D('',#13234,#10301,#10302);
#8176=AXIS2_PLACEMENT_3D('',#13235,#10303,#10304);
#8177=AXIS2_PLACEMENT_3D('',#13237,#10305,#10306);
#8178=AXIS2_PLACEMENT_3D('',#13238,#10307,#10308);
#8179=AXIS2_PLACEMENT_3D('',#13240,#10309,#10310);
#8180=AXIS2_PLACEMENT_3D('',#13241,#10311,#10312);
#8181=AXIS2_PLACEMENT_3D('',#13243,#10313,#10314);
#8182=AXIS2_PLACEMENT_3D('',#13244,#10315,#10316);
#8183=AXIS2_PLACEMENT_3D('',#13246,#10317,#10318);
#8184=AXIS2_PLACEMENT_3D('',#13247,#10319,#10320);
#8185=AXIS2_PLACEMENT_3D('',#13249,#10321,#10322);
#8186=AXIS2_PLACEMENT_3D('',#13250,#10323,#10324);
#8187=AXIS2_PLACEMENT_3D('',#13252,#10325,#10326);
#8188=AXIS2_PLACEMENT_3D('',#13253,#10327,#10328);
#8189=AXIS2_PLACEMENT_3D('',#13254,#10329,#10330);
#8190=AXIS2_PLACEMENT_3D('',#13256,#10331,#10332);
#8191=AXIS2_PLACEMENT_3D('',#13257,#10333,#10334);
#8192=AXIS2_PLACEMENT_3D('',#13258,#10335,#10336);
#8193=AXIS2_PLACEMENT_3D('',#13260,#10337,#10338);
#8194=AXIS2_PLACEMENT_3D('',#13261,#10339,#10340);
#8195=AXIS2_PLACEMENT_3D('',#13262,#10341,#10342);
#8196=AXIS2_PLACEMENT_3D('',#13264,#10343,#10344);
#8197=AXIS2_PLACEMENT_3D('',#13265,#10345,#10346);
#8198=AXIS2_PLACEMENT_3D('',#13266,#10347,#10348);
#8199=AXIS2_PLACEMENT_3D('',#13268,#10349,#10350);
#8200=AXIS2_PLACEMENT_3D('',#13269,#10351,#10352);
#8201=AXIS2_PLACEMENT_3D('',#13270,#10353,#10354);
#8202=AXIS2_PLACEMENT_3D('',#13272,#10355,#10356);
#8203=AXIS2_PLACEMENT_3D('',#13273,#10357,#10358);
#8204=AXIS2_PLACEMENT_3D('',#13274,#10359,#10360);
#8205=AXIS2_PLACEMENT_3D('',#13276,#10361,#10362);
#8206=AXIS2_PLACEMENT_3D('',#13277,#10363,#10364);
#8207=AXIS2_PLACEMENT_3D('',#13278,#10365,#10366);
#8208=AXIS2_PLACEMENT_3D('',#13280,#10367,#10368);
#8209=AXIS2_PLACEMENT_3D('',#13281,#10369,#10370);
#8210=DIRECTION('',(0.,0.,1.));
#8211=DIRECTION('',(1.,0.,0.));
#8212=DIRECTION('',(-1.,-7.2280144832367E-16,0.));
#8213=DIRECTION('',(0.,1.,0.));
#8214=DIRECTION('',(1.,7.2280144832367E-16,0.));
#8215=DIRECTION('',(-7.21644966006352E-16,1.,0.));
#8216=DIRECTION('',(0.768221279597437,0.,-0.640184399664406));
#8217=DIRECTION('',(0.640184399664406,0.,0.768221279597437));
#8218=DIRECTION('',(0.768221279597437,0.,-0.640184399664406));
#8219=DIRECTION('',(0.640184399664406,0.,0.768221279597437));
#8220=DIRECTION('',(0.768221279597437,0.,-0.640184399664406));
#8221=DIRECTION('',(0.640184399664406,0.,0.768221279597437));
#8222=DIRECTION('',(0.,1.,0.));
#8223=DIRECTION('',(0.768221279597437,0.,-0.640184399664406));
#8224=DIRECTION('',(0.640184399664406,0.,0.768221279597437));
#8225=DIRECTION('',(0.768221279597437,0.,-0.640184399664406));
#8226=DIRECTION('',(0.640184399664406,0.,0.768221279597437));
#8227=DIRECTION('',(0.768221279597437,0.,-0.640184399664406));
#8228=DIRECTION('',(0.640184399664406,0.,0.768221279597437));
#8229=DIRECTION('',(-3.61400724161835E-16,1.,-4.33680868994286E-16));
#8230=DIRECTION('',(0.768221279597437,0.,-0.640184399664406));
#8231=DIRECTION('',(0.640184399664406,0.,0.768221279597437));
#8232=DIRECTION('',(0.768221279597437,0.,-0.640184399664406));
#8233=DIRECTION('',(0.640184399664406,0.,0.768221279597437));
#8234=DIRECTION('',(0.768221279597437,0.,-0.640184399664406));
#8235=DIRECTION('',(0.640184399664406,0.,0.768221279597437));
#8236=DIRECTION('',(0.,1.,0.));
#8237=DIRECTION('',(0.768221279597437,0.,-0.640184399664406));
#8238=DIRECTION('',(0.640184399664406,0.,0.768221279597437));
#8239=DIRECTION('',(0.640184399664406,0.,0.768221279597437));
#8240=DIRECTION('',(0.,1.,0.));
#8241=DIRECTION('',(-0.640184399664406,0.,-0.768221279597437));
#8242=DIRECTION('',(-0.768221279597437,0.,0.640184399664406));
#8243=DIRECTION('',(0.640184399664406,0.,0.768221279597437));
#8244=DIRECTION('',(0.,1.,0.));
#8245=DIRECTION('',(-0.768221279597437,0.,0.640184399664406));
#8246=DIRECTION('',(-0.640184399664406,0.,-0.768221279597437));
#8247=DIRECTION('',(-0.640184399664406,0.,-0.768221279597437));
#8248=DIRECTION('',(0.,1.,0.));
#8249=DIRECTION('',(-0.640184399664406,0.,-0.768221279597437));
#8250=DIRECTION('',(0.768221279597437,0.,-0.640184399664406));
#8251=DIRECTION('',(0.640184399664406,0.,0.768221279597437));
#8252=DIRECTION('',(-3.61400724161835E-16,1.,-4.33680868994286E-16));
#8253=DIRECTION('',(-7.2280144832367E-16,1.,-8.67361737988573E-16));
#8254=DIRECTION('',(0.768221279597437,0.,-0.640184399664406));
#8255=DIRECTION('',(0.640184399664406,0.,0.768221279597437));
#8256=DIRECTION('',(0.640184399664406,0.,0.768221279597437));
#8257=DIRECTION('',(-0.768221279597437,0.,0.640184399664406));
#8258=DIRECTION('',(-0.640184399664406,0.,-0.768221279597437));
#8259=DIRECTION('',(-0.640184399664406,0.,-0.768221279597437));
#8260=DIRECTION('',(0.768221279597437,0.,-0.640184399664406));
#8261=DIRECTION('',(0.640184399664406,0.,0.768221279597437));
#8262=DIRECTION('',(-7.2280144832367E-16,1.,-8.67361737988573E-16));
#8263=DIRECTION('',(0.768221279597437,0.,-0.640184399664406));
#8264=DIRECTION('',(0.640184399664406,0.,0.768221279597437));
#8265=DIRECTION('',(0.,-1.,0.));
#8266=DIRECTION('',(0.768221279597437,0.,-0.640184399664406));
#8267=DIRECTION('',(0.640184399664406,0.,0.768221279597437));
#8268=DIRECTION('',(-7.2280144832367E-16,1.,-8.67361737988573E-16));
#8269=DIRECTION('',(0.768221279597437,0.,-0.640184399664406));
#8270=DIRECTION('',(0.640184399664406,0.,0.768221279597437));
#8271=DIRECTION('',(-0.640184399664406,0.,-0.768221279597437));
#8272=DIRECTION('',(-0.768221279597437,0.,0.640184399664406));
#8273=DIRECTION('',(-0.640184399664406,0.,-0.768221279597437));
#8274=DIRECTION('',(0.640184399664406,0.,0.768221279597437));
#8275=DIRECTION('',(0.768221279597437,0.,-0.640184399664406));
#8276=DIRECTION('',(0.640184399664406,0.,0.768221279597437));
#8277=DIRECTION('',(-7.2280144832367E-16,1.,-8.67361737988573E-16));
#8278=DIRECTION('',(0.768221279597437,0.,-0.640184399664406));
#8279=DIRECTION('',(0.640184399664406,0.,0.768221279597437));
#8280=DIRECTION('',(0.640184399664406,0.,0.768221279597437));
#8281=DIRECTION('',(-0.768221279597437,0.,0.640184399664406));
#8282=DIRECTION('',(-0.640184399664406,0.,-0.768221279597437));
#8283=DIRECTION('',(-0.640184399664406,0.,-0.768221279597437));
#8284=DIRECTION('',(0.768221279597437,0.,-0.640184399664406));
#8285=DIRECTION('',(0.640184399664406,0.,0.768221279597437));
#8286=DIRECTION('',(-7.2280144832367E-16,1.,-8.67361737988573E-16));
#8287=DIRECTION('',(0.768221279597437,0.,-0.640184399664406));
#8288=DIRECTION('',(0.640184399664406,0.,0.768221279597437));
#8289=DIRECTION('',(0.640184399664406,-1.77686865128314E-15,0.768221279597437));
#8290=DIRECTION('',(-0.768221279597437,0.,0.640184399664406));
#8291=DIRECTION('',(-0.640184399664406,0.,-0.768221279597437));
#8292=DIRECTION('',(-0.640184399664406,0.,-0.768221279597437));
#8293=DIRECTION('',(0.768221279597437,0.,-0.640184399664406));
#8294=DIRECTION('',(0.640184399664406,0.,0.768221279597437));
#8295=DIRECTION('',(0.768221279597437,0.,-0.640184399664406));
#8296=DIRECTION('',(-0.640184399664406,0.,-0.768221279597437));
#8297=DIRECTION('',(1.,7.2280144832367E-16,0.));
#8298=DIRECTION('',(-1.44560289664734E-15,1.,0.));
#8299=DIRECTION('',(-1.,0.,0.));
#8300=DIRECTION('',(1.,0.,0.));
#8301=DIRECTION('',(-1.,0.,0.));
#8302=DIRECTION('',(0.,0.,1.));
#8303=DIRECTION('',(-1.,0.,0.));
#8304=DIRECTION('',(0.,0.,-1.));
#8305=DIRECTION('',(-1.,0.,0.));
#8306=DIRECTION('',(1.,0.,0.));
#8307=DIRECTION('',(0.,0.,1.));
#8308=DIRECTION('',(1.,0.,0.));
#8309=DIRECTION('',(-1.,-7.2280144832367E-16,0.));
#8310=DIRECTION('',(-1.44560289664734E-15,1.,0.));
#8311=DIRECTION('',(-1.,0.,0.));
#8312=DIRECTION('',(0.,0.,1.));
#8313=DIRECTION('',(-1.,0.,0.));
#8314=DIRECTION('',(0.,0.,-1.));
#8315=DIRECTION('',(-1.,0.,0.));
#8316=DIRECTION('',(1.,3.61400724161835E-16,0.));
#8317=DIRECTION('',(0.,-1.,0.));
#8318=DIRECTION('',(1.,0.,0.));
#8319=DIRECTION('',(-1.,0.,0.));
#8320=DIRECTION('',(0.,0.,-1.));
#8321=DIRECTION('',(-1.,-7.2280144832367E-16,0.));
#8322=DIRECTION('',(-1.44560289664734E-15,1.,0.));
#8323=DIRECTION('',(-1.,0.,0.));
#8324=DIRECTION('',(0.,0.,1.));
#8325=DIRECTION('',(-1.,-7.2280144832367E-16,0.));
#8326=DIRECTION('',(-1.44560289664734E-15,1.,0.));
#8327=DIRECTION('',(1.,0.,0.));
#8328=DIRECTION('',(-1.,0.,0.));
#8329=DIRECTION('',(-1.,0.,0.));
#8330=DIRECTION('',(0.,0.,1.));
#8331=DIRECTION('',(-1.,0.,0.));
#8332=DIRECTION('',(0.,0.,-1.));
#8333=DIRECTION('',(-1.,2.77555756156289E-15,0.));
#8334=DIRECTION('',(1.,0.,0.));
#8335=DIRECTION('',(0.,0.,1.));
#8336=DIRECTION('',(1.,0.,0.));
#8337=DIRECTION('',(-1.,-7.2280144832367E-16,0.));
#8338=DIRECTION('',(-1.44560289664734E-15,1.,0.));
#8339=DIRECTION('',(-1.,0.,0.));
#8340=DIRECTION('',(0.,0.,1.));
#8341=DIRECTION('',(-1.,-7.2280144832367E-16,0.));
#8342=DIRECTION('',(-1.44560289664734E-15,1.,0.));
#8343=DIRECTION('',(1.,0.,0.));
#8344=DIRECTION('',(-1.,2.77555756156289E-15,0.));
#8345=DIRECTION('',(-1.,0.,0.));
#8346=DIRECTION('',(0.,0.,1.));
#8347=DIRECTION('',(-1.,0.,0.));
#8348=DIRECTION('',(0.,0.,-1.));
#8349=DIRECTION('',(-1.,0.,0.));
#8350=DIRECTION('',(1.,3.61400724161835E-16,0.));
#8351=DIRECTION('',(0.,-1.,0.));
#8352=DIRECTION('',(1.,0.,0.));
#8353=DIRECTION('',(-1.,-7.2280144832367E-16,0.));
#8354=DIRECTION('',(-1.44560289664734E-15,1.,0.));
#8355=DIRECTION('',(-1.,0.,0.));
#8356=DIRECTION('',(0.,0.,1.));
#8357=DIRECTION('',(-1.,-7.2280144832367E-16,0.));
#8358=DIRECTION('',(-1.44560289664734E-15,1.,0.));
#8359=DIRECTION('',(1.,0.,0.));
#8360=DIRECTION('',(-1.,0.,0.));
#8361=DIRECTION('',(-1.,0.,0.));
#8362=DIRECTION('',(0.,0.,1.));
#8363=DIRECTION('',(1.,0.,0.));
#8364=DIRECTION('',(-1.,0.,0.));
#8365=DIRECTION('',(0.768221279597437,0.,-0.640184399664406));
#8366=DIRECTION('',(0.640184399664406,0.,0.768221279597437));
#8367=DIRECTION('',(-1.,-7.2280144832367E-16,0.));
#8368=DIRECTION('',(0.,1.,0.));
#8369=DIRECTION('',(1.,0.,0.));
#8370=DIRECTION('',(0.,0.,-1.));
#8371=DIRECTION('',(1.,0.,0.));
#8372=DIRECTION('',(-1.,0.,0.));
#8373=DIRECTION('',(0.768221279597437,0.,-0.640184399664406));
#8374=DIRECTION('',(0.640184399664406,0.,0.768221279597437));
#8375=DIRECTION('',(-1.,-7.2280144832367E-16,0.));
#8376=DIRECTION('',(0.,1.,0.));
#8377=DIRECTION('',(1.,0.,0.));
#8378=DIRECTION('',(0.,0.,-1.));
#8379=DIRECTION('',(1.,0.,0.));
#8380=DIRECTION('',(-1.,0.,0.));
#8381=DIRECTION('',(0.768221279597437,0.,-0.640184399664406));
#8382=DIRECTION('',(0.640184399664406,0.,0.768221279597437));
#8383=DIRECTION('',(1.,0.,0.));
#8384=DIRECTION('',(0.,0.,-1.));
#8385=DIRECTION('',(-1.,0.,0.));
#8386=DIRECTION('',(0.,0.499999999999999,-0.866025403784439));
#8387=DIRECTION('',(1.,0.,0.));
#8388=DIRECTION('',(0.,-0.499999999999999,0.866025403784439));
#8389=DIRECTION('',(0.,0.866025403784439,0.499999999999999));
#8390=DIRECTION('',(0.,-0.499999999999999,0.866025403784439));
#8391=DIRECTION('',(0.,-0.499999999999999,-0.866025403784439));
#8392=DIRECTION('',(1.,0.,0.));
#8393=DIRECTION('',(0.,0.499999999999999,0.866025403784439));
#8394=DIRECTION('',(1.,0.,0.));
#8395=DIRECTION('',(0.,0.866025403784439,-0.499999999999999));
#8396=DIRECTION('',(0.,0.499999999999999,0.866025403784439));
#8397=DIRECTION('',(-1.84748567583084E-30,-1.,-7.70988211545247E-16));
#8398=DIRECTION('',(1.,0.,0.));
#8399=DIRECTION('',(0.,-1.,0.));
#8400=DIRECTION('',(1.,0.,0.));
#8401=DIRECTION('',(0.,0.,-1.));
#8402=DIRECTION('',(-1.,0.,0.));
#8403=DIRECTION('',(0.,1.,-1.67202262744752E-15));
#8404=DIRECTION('',(-1.,0.,0.));
#8405=DIRECTION('',(0.,-1.,1.67202262744752E-15));
#8406=DIRECTION('',(-0.961523947640823,-0.274721127897378,0.));
#8407=DIRECTION('',(5.16718649958937E-30,1.,7.70988211545248E-16));
#8408=DIRECTION('',(0.961523947640823,-0.274721127897378,-2.11806751071293E-16));
#8409=DIRECTION('',(-5.31449634234599E-30,-1.,-7.70988211545248E-16));
#8410=DIRECTION('',(1.,4.29412544368679E-31,3.31072009597902E-46));
#8411=DIRECTION('',(0.,-1.,0.));
#8412=DIRECTION('',(-1.,0.,0.));
#8413=DIRECTION('',(-1.84748567583084E-30,-1.,-7.70988211545247E-16));
#8414=DIRECTION('',(1.,4.29412544368679E-31,3.31072009597902E-46));
#8415=DIRECTION('',(-1.62807719751592E-30,-1.,-7.70988211545247E-16));
#8416=DIRECTION('',(-1.,0.,0.));
#8417=DIRECTION('',(0.,-1.,0.));
#8418=DIRECTION('',(1.,0.,0.));
#8419=DIRECTION('',(0.,1.,0.));
#8420=DIRECTION('',(-1.,0.,0.));
#8421=DIRECTION('',(-1.26443886558765E-30,1.,0.));
#8422=DIRECTION('',(1.,0.,0.));
#8423=DIRECTION('',(0.,-1.,0.));
#8424=DIRECTION('',(-1.,4.9851730665239E-65,0.));
#8425=DIRECTION('',(-4.9851730665239E-65,-1.,4.49024471295489E-49));
#8426=DIRECTION('',(1.,0.,0.));
#8427=DIRECTION('',(0.,-1.,0.));
#8428=DIRECTION('',(-1.,4.9851730665239E-65,0.));
#8429=DIRECTION('',(0.,0.,-1.));
#8430=DIRECTION('',(-1.,0.,0.));
#8431=DIRECTION('',(0.,0.,-1.));
#8432=DIRECTION('',(-7.5623310643703E-16,2.77555756156289E-15,-1.));
#8433=DIRECTION('',(-1.26443886558765E-30,-1.,0.));
#8434=DIRECTION('',(0.,1.15648231731787E-15,1.));
#8435=DIRECTION('',(5.55111512312578E-15,-1.,-2.77555756156289E-15));
#8436=DIRECTION('',(0.,-8.16340459283204E-16,-1.));
#8437=DIRECTION('',(1.,-1.26443886558765E-30,-7.5623310643703E-16));
#8438=DIRECTION('',(0.,0.,-1.));
#8439=DIRECTION('',(-1.06752213906265E-15,1.,0.));
#8440=DIRECTION('',(1.,-1.26443886558765E-30,-7.5623310643703E-16));
#8441=DIRECTION('',(7.56339435525888E-16,0.,1.));
#8442=DIRECTION('',(0.,1.,0.));
#8443=DIRECTION('',(-0.499999999999989,0.866025403784445,2.40370335797947E-15));
#8444=DIRECTION('',(0.866025403784445,0.499999999999989,-4.16333634234448E-15));
#8445=DIRECTION('',(0.,-1.,0.));
#8446=DIRECTION('',(0.,0.,1.));
#8447=DIRECTION('',(0.,1.,0.));
#8448=DIRECTION('',(0.,0.,1.));
#8449=DIRECTION('',(0.,1.,0.));
#8450=DIRECTION('',(0.,1.,0.));
#8451=DIRECTION('',(0.,0.,-1.));
#8452=DIRECTION('',(4.9851730665239E-65,1.,-4.49024471295489E-49));
#8453=DIRECTION('',(0.,0.,-1.));
#8454=DIRECTION('',(0.,1.,0.));
#8455=DIRECTION('',(0.,0.,1.));
#8456=DIRECTION('',(0.,-1.,1.67202262744752E-15));
#8457=DIRECTION('',(-1.,0.,0.));
#8458=DIRECTION('',(0.,1.,-1.67202262744752E-15));
#8459=DIRECTION('',(-0.961523947640823,0.274721127897378,0.));
#8460=DIRECTION('',(5.16718649958937E-30,-1.,-7.70988211545248E-16));
#8461=DIRECTION('',(0.961523947640823,0.274721127897378,2.11806751071293E-16));
#8462=DIRECTION('',(-5.31449634234599E-30,1.,7.70988211545248E-16));
#8463=DIRECTION('',(1.,-4.29412544368679E-31,-3.31072009597902E-46));
#8464=DIRECTION('',(0.,1.,0.));
#8465=DIRECTION('',(-1.,0.,0.));
#8466=DIRECTION('',(-1.84748567583084E-30,1.,7.70988211545248E-16));
#8467=DIRECTION('',(1.,-4.29412544368679E-31,-3.31072009597902E-46));
#8468=DIRECTION('',(-1.62807719751592E-30,1.,7.70988211545248E-16));
#8469=DIRECTION('',(-1.,0.,0.));
#8470=DIRECTION('',(1.,0.,0.));
#8471=DIRECTION('',(0.,-1.,0.));
#8472=DIRECTION('',(-1.,0.,0.));
#8473=DIRECTION('',(-1.26443886558765E-30,-1.,0.));
#8474=DIRECTION('',(1.,0.,0.));
#8475=DIRECTION('',(0.,1.,0.));
#8476=DIRECTION('',(-1.,-4.9851730665239E-65,0.));
#8477=DIRECTION('',(4.9851730665239E-65,-1.,4.49024471295489E-49));
#8478=DIRECTION('',(1.,0.,0.));
#8479=DIRECTION('',(0.,1.,0.));
#8480=DIRECTION('',(1.,4.9851730665239E-65,0.));
#8481=DIRECTION('',(0.,0.,1.));
#8482=DIRECTION('',(1.,0.,0.));
#8483=DIRECTION('',(0.,0.,-1.));
#8484=DIRECTION('',(0.,-1.,1.33440267382831E-16));
#8485=DIRECTION('',(7.5623310643703E-16,6.50521303491303E-16,-1.));
#8486=DIRECTION('',(0.,-1.,1.67202262744752E-15));
#8487=DIRECTION('',(-7.5623310643703E-16,7.5623310643703E-16,1.));
#8488=DIRECTION('',(1.,1.26443886558765E-30,7.5623310643703E-16));
#8489=DIRECTION('',(7.56339435525888E-16,0.,-1.));
#8490=DIRECTION('',(-1.,-1.26443886558765E-30,-7.5623310643703E-16));
#8491=DIRECTION('',(0.,0.,-1.));
#8492=DIRECTION('',(1.,0.,0.));
#8493=DIRECTION('',(-1.,0.,0.));
#8494=DIRECTION('',(0.,0.,-1.));
#8495=DIRECTION('',(1.,0.,0.));
#8496=DIRECTION('',(-1.,0.,0.));
#8497=DIRECTION('',(0.,0.,1.));
#8498=DIRECTION('',(0.,-1.,0.));
#8499=DIRECTION('',(0.,-1.,0.));
#8500=DIRECTION('',(0.,0.,1.));
#8501=DIRECTION('',(4.9851730665239E-65,-1.,4.49024471295489E-49));
#8502=DIRECTION('',(0.,0.,1.));
#8503=DIRECTION('',(0.,1.,0.));
#8504=DIRECTION('',(0.,0.,1.));
#8505=DIRECTION('',(1.,0.,0.));
#8506=DIRECTION('',(0.,0.,-1.));
#8507=DIRECTION('',(0.,0.,-1.));
#8508=DIRECTION('',(-1.,0.,0.));
#8509=DIRECTION('',(1.,0.,0.));
#8510=DIRECTION('',(0.,0.,-1.));
#8511=DIRECTION('',(-0.640184399664406,0.,-0.768221279597437));
#8512=DIRECTION('',(0.640184399664406,0.,0.768221279597437));
#8513=DIRECTION('',(0.,1.,0.));
#8514=DIRECTION('',(0.768221279597437,0.,-0.640184399664406));
#8515=DIRECTION('',(-0.640184399664406,0.,-0.768221279597437));
#8516=DIRECTION('',(-0.640184399664406,0.,-0.768221279597437));
#8517=DIRECTION('',(0.640184399664406,-1.77686865128314E-15,0.768221279597437));
#8518=DIRECTION('',(0.,1.,0.));
#8519=DIRECTION('',(0.768221279597437,0.,-0.640184399664406));
#8520=DIRECTION('',(-0.640184399664406,0.,-0.768221279597437));
#8521=DIRECTION('',(-0.640184399664406,0.,-0.768221279597437));
#8522=DIRECTION('',(0.640184399664406,0.,0.768221279597437));
#8523=DIRECTION('',(0.,1.,0.));
#8524=DIRECTION('',(0.768221279597437,0.,-0.640184399664406));
#8525=DIRECTION('',(-0.640184399664406,0.,-0.768221279597437));
#8526=DIRECTION('',(-1.,0.,0.));
#8527=DIRECTION('',(0.,0.,1.));
#8528=DIRECTION('',(-1.,0.,0.));
#8529=DIRECTION('',(0.,-1.15648231731787E-15,1.));
#8530=DIRECTION('',(-1.,0.,0.));
#8531=DIRECTION('',(0.,1.15648231731787E-15,-1.));
#8532=DIRECTION('',(-1.,0.,0.));
#8533=DIRECTION('',(0.,0.,-1.));
#8534=DIRECTION('',(1.,0.,0.));
#8535=DIRECTION('',(0.,-1.15648231731787E-15,-1.));
#8536=DIRECTION('',(-1.,0.,0.));
#8537=DIRECTION('',(0.,-1.,0.));
#8538=DIRECTION('',(0.,0.,-1.));
#8539=DIRECTION('',(0.,0.,-1.));
#8540=DIRECTION('',(-1.,0.,0.));
#8541=DIRECTION('',(0.,0.,-1.));
#8542=DIRECTION('',(-1.,0.,0.));
#8543=DIRECTION('',(0.,0.,1.));
#8544=DIRECTION('',(-1.,0.,0.));
#8545=DIRECTION('',(0.,0.,1.));
#8546=DIRECTION('',(1.,0.,0.));
#8547=DIRECTION('',(0.,0.,1.));
#8548=DIRECTION('',(-1.,0.,0.));
#8549=DIRECTION('',(0.,0.,-1.));
#8550=DIRECTION('',(0.,1.,0.));
#8551=DIRECTION('',(0.,0.,1.));
#8552=DIRECTION('',(-1.,0.,0.));
#8553=DIRECTION('',(0.,0.,-1.));
#8554=DIRECTION('',(-1.,0.,0.));
#8555=DIRECTION('',(0.,0.,-1.));
#8556=DIRECTION('',(1.,0.,0.));
#8557=DIRECTION('',(0.,0.,-1.));
#8558=DIRECTION('',(-1.,0.,0.));
#8559=DIRECTION('',(0.,0.,-1.));
#8560=DIRECTION('',(1.,0.,0.));
#8561=DIRECTION('',(0.,0.,-1.));
#8562=DIRECTION('',(1.,0.,0.));
#8563=DIRECTION('',(0.,0.,-1.));
#8564=DIRECTION('',(-1.,0.,0.));
#8565=DIRECTION('',(0.,0.,-0.999999999999999));
#8566=DIRECTION('',(1.,0.,0.));
#8567=DIRECTION('',(1.,0.,0.));
#8568=DIRECTION('',(0.,0.,-0.999999999999999));
#8569=DIRECTION('',(1.,0.,0.));
#8570=DIRECTION('',(-1.,0.,0.));
#8571=DIRECTION('',(0.,0.,1.));
#8572=DIRECTION('',(0.,0.866025403784438,0.500000000000002));
#8573=DIRECTION('',(0.,-0.866025403784438,-0.500000000000002));
#8574=DIRECTION('',(1.,0.,0.));
#8575=DIRECTION('',(0.,-0.500000000000002,0.866025403784438));
#8576=DIRECTION('',(0.,-0.866025403784438,-0.500000000000002));
#8577=DIRECTION('',(0.,-0.499999999999998,0.86602540378444));
#8578=DIRECTION('',(-1.,0.,0.));
#8579=DIRECTION('',(0.,0.499999999999998,-0.86602540378444));
#8580=DIRECTION('',(1.,0.,0.));
#8581=DIRECTION('',(0.,-0.86602540378444,-0.499999999999998));
#8582=DIRECTION('',(0.,0.499999999999998,-0.86602540378444));
#8583=DIRECTION('',(-1.,0.,0.));
#8584=DIRECTION('',(0.,0.,-0.999999999999999));
#8585=DIRECTION('',(1.,0.,0.));
#8586=DIRECTION('',(0.,0.,-0.999999999999999));
#8587=DIRECTION('',(1.,0.,0.));
#8588=DIRECTION('',(-1.,0.,0.));
#8589=DIRECTION('',(0.,0.,1.));
#8590=DIRECTION('',(0.,-5.79745592212314E-15,-1.));
#8591=DIRECTION('',(0.,5.79745592212314E-15,1.));
#8592=DIRECTION('',(-1.,0.,0.));
#8593=DIRECTION('',(0.,1.,-5.79745592212314E-15));
#8594=DIRECTION('',(0.,5.80091530366644E-15,1.));
#8595=DIRECTION('',(0.,1.,-1.44936398053078E-15));
#8596=DIRECTION('',(-1.,0.,0.));
#8597=DIRECTION('',(0.,-1.,1.44936398053078E-15));
#8598=DIRECTION('',(1.,0.,0.));
#8599=DIRECTION('',(0.,1.44936398053078E-15,1.));
#8600=DIRECTION('',(0.,-1.,1.45022882591661E-15));
#8601=DIRECTION('',(-1.,0.,0.));
#8602=DIRECTION('',(0.,0.,-0.999999999999999));
#8603=DIRECTION('',(1.,0.,0.));
#8604=DIRECTION('',(0.,0.,-0.999999999999999));
#8605=DIRECTION('',(1.,0.,0.));
#8606=DIRECTION('',(-1.,0.,0.));
#8607=DIRECTION('',(0.,0.,1.));
#8608=DIRECTION('',(0.,-0.86602540378444,0.499999999999998));
#8609=DIRECTION('',(0.,0.86602540378444,-0.499999999999998));
#8610=DIRECTION('',(-1.,0.,0.));
#8611=DIRECTION('',(0.,-0.499999999999998,-0.86602540378444));
#8612=DIRECTION('',(0.,0.86602540378444,-0.499999999999998));
#8613=DIRECTION('',(-1.,0.,0.));
#8614=DIRECTION('',(0.,0.,-1.));
#8615=DIRECTION('',(1.,0.,0.));
#8616=DIRECTION('',(0.,0.,-1.));
#8617=DIRECTION('',(-1.,0.,0.));
#8618=DIRECTION('',(0.,0.,1.));
#8619=DIRECTION('',(1.,0.,0.));
#8620=DIRECTION('',(-1.,0.,0.));
#8621=DIRECTION('',(0.,0.,-1.));
#8622=DIRECTION('',(1.,0.,0.));
#8623=DIRECTION('',(0.,0.,-1.));
#8624=DIRECTION('',(-1.,0.,0.));
#8625=DIRECTION('',(0.,0.,1.));
#8626=DIRECTION('',(1.11022302462516E-16,-4.49024471295489E-49,-1.));
#8627=DIRECTION('',(0.,-1.,0.));
#8628=DIRECTION('',(1.,0.,0.));
#8629=DIRECTION('',(0.,0.,-1.));
#8630=DIRECTION('',(0.,0.,-1.));
#8631=DIRECTION('',(0.,-1.,0.));
#8632=DIRECTION('',(0.,2.77555756156289E-15,-1.));
#8633=DIRECTION('',(0.,0.,-1.));
#8634=DIRECTION('',(0.,1.,0.));
#8635=DIRECTION('',(0.,0.,1.));
#8636=DIRECTION('',(-4.66293670342566E-16,1.23259516440783E-31,-1.));
#8637=DIRECTION('',(-4.9851730665239E-65,-1.,4.49024471295489E-49));
#8638=DIRECTION('',(1.11022302462516E-16,4.49024471295489E-49,1.));
#8639=DIRECTION('',(0.,1.,0.));
#8640=DIRECTION('',(1.,0.,0.));
#8641=DIRECTION('',(0.,0.,-1.));
#8642=DIRECTION('',(0.,0.,1.));
#8643=DIRECTION('',(0.,-4.33680868994202E-15,1.));
#8644=DIRECTION('',(0.,-1.,1.33440267382831E-16));
#8645=DIRECTION('',(0.,0.,-1.));
#8646=DIRECTION('',(-4.66293670342566E-16,-1.23259516440783E-31,1.));
#8647=DIRECTION('',(-4.9851730665239E-65,1.,-4.49024471295489E-49));
#8648=DIRECTION('',(1.,0.,0.));
#8649=DIRECTION('',(0.,0.,-1.));
#8650=DIRECTION('',(1.,0.,0.));
#8651=DIRECTION('',(0.,0.,-1.));
#8652=DIRECTION('',(1.,0.,0.));
#8653=DIRECTION('',(0.,0.,-0.999999999999999));
#8654=DIRECTION('',(0.,0.86602540378444,0.499999999999998));
#8655=DIRECTION('',(-1.,0.,0.));
#8656=DIRECTION('',(0.,0.,-1.));
#8657=DIRECTION('',(0.,1.,1.44936398053078E-15));
#8658=DIRECTION('',(1.,0.,0.));
#8659=DIRECTION('',(0.,0.,-0.999999999999999));
#8660=DIRECTION('',(0.,5.79745592212314E-15,-1.));
#8661=DIRECTION('',(-1.,0.,0.));
#8662=DIRECTION('',(0.,0.,-1.));
#8663=DIRECTION('',(0.,-0.499999999999998,-0.86602540378444));
#8664=DIRECTION('',(1.,0.,0.));
#8665=DIRECTION('',(0.,0.,-0.999999999999999));
#8666=DIRECTION('',(1.,0.,0.));
#8667=DIRECTION('',(0.,0.,-1.));
#8668=DIRECTION('',(1.,0.,0.));
#8669=DIRECTION('',(0.,0.,-0.999999999999999));
#8670=DIRECTION('',(0.,-0.499999999999998,0.86602540378444));
#8671=DIRECTION('',(-1.,0.,0.));
#8672=DIRECTION('',(0.,0.,-1.));
#8673=DIRECTION('',(0.,0.499999999999998,0.86602540378444));
#8674=DIRECTION('',(1.,0.,0.));
#8675=DIRECTION('',(0.,0.,-1.));
#8676=DIRECTION('',(1.,0.,0.));
#8677=DIRECTION('',(0.,0.,-1.));
#8678=DIRECTION('',(1.,0.,0.));
#8679=DIRECTION('',(0.,0.,-1.));
#8680=DIRECTION('',(0.,-0.499999999999998,0.86602540378444));
#8681=DIRECTION('',(-1.,0.,0.));
#8682=DIRECTION('',(0.,0.,-0.999999999999999));
#8683=DIRECTION('',(0.,0.499999999999998,0.86602540378444));
#8684=DIRECTION('',(1.,0.,0.));
#8685=DIRECTION('',(0.,0.,-1.));
#8686=DIRECTION('',(1.,0.,0.));
#8687=DIRECTION('',(0.,0.,-1.));
#8688=DIRECTION('',(1.,0.,0.));
#8689=DIRECTION('',(0.,0.,-1.));
#8690=DIRECTION('',(1.,0.,0.));
#8691=DIRECTION('',(0.,0.,-1.));
#8692=DIRECTION('',(1.,0.,0.));
#8693=DIRECTION('',(0.,0.,-1.));
#8694=DIRECTION('',(0.,-0.866025403784439,-0.499999999999999));
#8695=DIRECTION('',(-1.,0.,0.));
#8696=DIRECTION('',(0.,0.,-1.));
#8697=DIRECTION('',(0.,1.,1.44936398053078E-15));
#8698=DIRECTION('',(1.,0.,0.));
#8699=DIRECTION('',(0.,0.,-1.));
#8700=DIRECTION('',(0.,-5.79745592212312E-15,1.));
#8701=DIRECTION('',(-1.,0.,0.));
#8702=DIRECTION('',(0.,0.,-1.));
#8703=DIRECTION('',(0.,-0.499999999999998,-0.86602540378444));
#8704=DIRECTION('',(1.,0.,0.));
#8705=DIRECTION('',(0.,0.,-1.));
#8706=DIRECTION('',(1.,0.,0.));
#8707=DIRECTION('',(0.,0.,-1.));
#8708=DIRECTION('',(1.,0.,0.));
#8709=DIRECTION('',(0.,0.,-1.));
#8710=DIRECTION('',(0.,0.499999999999998,-0.86602540378444));
#8711=DIRECTION('',(-1.,0.,0.));
#8712=DIRECTION('',(0.,0.,-1.));
#8713=DIRECTION('',(0.,-0.499999999999998,-0.86602540378444));
#8714=DIRECTION('',(1.,0.,0.));
#8715=DIRECTION('',(0.,0.,-1.));
#8716=DIRECTION('',(1.,0.,0.));
#8717=DIRECTION('',(0.,0.,-1.));
#8718=DIRECTION('',(1.,0.,0.));
#8719=DIRECTION('',(0.,0.,-1.));
#8720=DIRECTION('',(0.,0.499999999999998,-0.86602540378444));
#8721=DIRECTION('',(-1.,0.,0.));
#8722=DIRECTION('',(0.,0.,-1.));
#8723=DIRECTION('',(0.,-0.499999999999998,-0.86602540378444));
#8724=DIRECTION('',(1.,0.,0.));
#8725=DIRECTION('',(0.,0.,-1.));
#8726=DIRECTION('',(1.,0.,0.));
#8727=DIRECTION('',(0.,0.,-1.));
#8728=DIRECTION('',(1.,0.,0.));
#8729=DIRECTION('',(0.,0.,-1.));
#8730=DIRECTION('',(0.,0.499999999999998,-0.86602540378444));
#8731=DIRECTION('',(-1.,0.,0.));
#8732=DIRECTION('',(0.,0.,-1.));
#8733=DIRECTION('',(0.,5.79745592212312E-15,1.));
#8734=DIRECTION('',(1.,0.,0.));
#8735=DIRECTION('',(0.,0.,-1.));
#8736=DIRECTION('',(0.,-1.,1.44936398053078E-15));
#8737=DIRECTION('',(-1.,0.,0.));
#8738=DIRECTION('',(0.,0.,-1.));
#8739=DIRECTION('',(0.,0.866025403784439,-0.499999999999999));
#8740=DIRECTION('',(1.,0.,0.));
#8741=DIRECTION('',(0.,0.,-1.));
#8742=DIRECTION('',(0.,-0.86602540378444,-0.499999999999998));
#8743=DIRECTION('',(1.,0.,0.));
#8744=DIRECTION('',(0.,0.,-1.));
#8745=DIRECTION('',(-1.,0.,0.));
#8746=DIRECTION('',(0.,0.,-1.));
#8747=DIRECTION('',(1.,0.,0.));
#8748=DIRECTION('',(0.,0.,-1.));
#8749=DIRECTION('',(0.,-0.866025403784439,0.499999999999999));
#8750=DIRECTION('',(1.,0.,0.));
#8751=DIRECTION('',(0.,0.,-1.));
#8752=DIRECTION('',(0.,1.,-1.44936398053078E-15));
#8753=DIRECTION('',(1.,0.,0.));
#8754=DIRECTION('',(0.,0.,-1.));
#8755=DIRECTION('',(0.,-5.79745592212312E-15,-1.));
#8756=DIRECTION('',(1.,0.,0.));
#8757=DIRECTION('',(0.,0.,-1.));
#8758=DIRECTION('',(0.,-0.499999999999998,0.86602540378444));
#8759=DIRECTION('',(1.,0.,0.));
#8760=DIRECTION('',(0.,0.,-1.));
#8761=DIRECTION('',(-1.,0.,0.));
#8762=DIRECTION('',(0.,0.,-1.));
#8763=DIRECTION('',(1.,0.,0.));
#8764=DIRECTION('',(0.,0.,-1.));
#8765=DIRECTION('',(0.,0.499999999999998,0.86602540378444));
#8766=DIRECTION('',(-1.,0.,0.));
#8767=DIRECTION('',(0.,0.,-1.));
#8768=DIRECTION('',(0.,-0.499999999999998,0.86602540378444));
#8769=DIRECTION('',(1.,0.,0.));
#8770=DIRECTION('',(0.,0.,-1.));
#8771=DIRECTION('',(-1.,0.,0.));
#8772=DIRECTION('',(0.,0.,-1.));
#8773=DIRECTION('',(1.,0.,0.));
#8774=DIRECTION('',(0.,0.,-1.));
#8775=DIRECTION('',(0.,0.499999999999998,0.86602540378444));
#8776=DIRECTION('',(1.,0.,0.));
#8777=DIRECTION('',(0.,0.,-1.));
#8778=DIRECTION('',(0.,-0.499999999999998,0.86602540378444));
#8779=DIRECTION('',(1.,0.,0.));
#8780=DIRECTION('',(0.,0.,-1.));
#8781=DIRECTION('',(-1.,0.,0.));
#8782=DIRECTION('',(0.,0.,-1.));
#8783=DIRECTION('',(1.,0.,0.));
#8784=DIRECTION('',(0.,0.,-1.));
#8785=DIRECTION('',(0.,0.499999999999998,0.86602540378444));
#8786=DIRECTION('',(-1.,0.,0.));
#8787=DIRECTION('',(0.,0.,-1.));
#8788=DIRECTION('',(0.,5.79745592212312E-15,-1.));
#8789=DIRECTION('',(1.,0.,0.));
#8790=DIRECTION('',(0.,0.,-1.));
#8791=DIRECTION('',(0.,-1.,-1.44936398053078E-15));
#8792=DIRECTION('',(-1.,0.,0.));
#8793=DIRECTION('',(0.,0.,-1.));
#8794=DIRECTION('',(0.,0.866025403784439,0.499999999999999));
#8795=DIRECTION('',(1.,0.,0.));
#8796=DIRECTION('',(0.,0.,-1.));
#8797=DIRECTION('',(-1.,0.,0.));
#8798=DIRECTION('',(0.,0.,-0.999999999999999));
#8799=DIRECTION('',(1.,0.,0.));
#8800=DIRECTION('',(0.,0.,-1.));
#8801=DIRECTION('',(1.,0.,0.));
#8802=DIRECTION('',(0.,0.,-1.));
#8803=DIRECTION('',(1.,0.,0.));
#8804=DIRECTION('',(0.,0.,-1.));
#8805=DIRECTION('',(-1.,0.,0.));
#8806=DIRECTION('',(0.,0.,-1.));
#8807=DIRECTION('',(1.,0.,0.));
#8808=DIRECTION('',(0.,0.,-1.));
#8809=DIRECTION('',(0.,-0.499999999999998,-0.86602540378444));
#8810=DIRECTION('',(-1.,0.,0.));
#8811=DIRECTION('',(0.,0.,-0.999999999999999));
#8812=DIRECTION('',(0.,0.499999999999998,-0.86602540378444));
#8813=DIRECTION('',(1.,0.,0.));
#8814=DIRECTION('',(0.,0.,-1.));
#8815=DIRECTION('',(-1.,0.,0.));
#8816=DIRECTION('',(0.,0.,-1.));
#8817=DIRECTION('',(1.,0.,0.));
#8818=DIRECTION('',(0.,0.,-1.));
#8819=DIRECTION('',(0.,-0.499999999999998,-0.86602540378444));
#8820=DIRECTION('',(1.,0.,0.));
#8821=DIRECTION('',(0.,0.,-1.));
#8822=DIRECTION('',(0.,0.499999999999998,-0.86602540378444));
#8823=DIRECTION('',(1.,0.,0.));
#8824=DIRECTION('',(0.,0.,-1.));
#8825=DIRECTION('',(-1.,0.,0.));
#8826=DIRECTION('',(0.,0.,-1.));
#8827=DIRECTION('',(1.,0.,0.));
#8828=DIRECTION('',(0.,0.,-1.));
#8829=DIRECTION('',(0.,-0.499999999999998,-0.86602540378444));
#8830=DIRECTION('',(-1.,0.,0.));
#8831=DIRECTION('',(0.,0.,-1.));
#8832=DIRECTION('',(0.,-5.79745592212314E-15,1.));
#8833=DIRECTION('',(1.,0.,0.));
#8834=DIRECTION('',(0.,0.,-1.));
#8835=DIRECTION('',(0.,1.,1.44936398053078E-15));
#8836=DIRECTION('',(-1.,0.,0.));
#8837=DIRECTION('',(0.,0.,-1.));
#8838=DIRECTION('',(0.,0.499999999999999,0.866025403784439));
#8839=DIRECTION('',(0.,0.499999999999999,-0.866025403784439));
#8840=DIRECTION('',(-1.,0.,0.));
#8841=DIRECTION('',(0.,0.,-1.));
#8842=DIRECTION('',(0.,-0.866025403784438,0.500000000000001));
#8843=DIRECTION('',(0.,0.866025403784438,0.500000000000001));
#8844=DIRECTION('',(1.,0.,0.));
#8845=DIRECTION('',(0.,0.,-1.));
#8846=DIRECTION('',(0.,-0.499999999999999,-0.866025403784439));
#8847=DIRECTION('',(-1.,0.,0.));
#8848=DIRECTION('',(0.,0.,-0.999999999999999));
#8849=DIRECTION('',(0.,0.866025403784438,-0.500000000000002));
#8850=DIRECTION('',(0.,0.866025403784438,-0.500000000000002));
#8851=DIRECTION('',(0.,-0.866025403784438,-0.500000000000002));
#8852=DIRECTION('',(1.,0.,0.));
#8853=DIRECTION('',(0.,0.,-1.));
#8854=DIRECTION('',(0.,0.499999999999999,0.866025403784439));
#8855=DIRECTION('',(0.,0.499999999999999,-0.866025403784439));
#8856=DIRECTION('',(-1.,0.,0.));
#8857=DIRECTION('',(0.,0.,-1.));
#8858=DIRECTION('',(0.,-0.866025403784438,0.500000000000001));
#8859=DIRECTION('',(0.,0.866025403784438,0.500000000000001));
#8860=DIRECTION('',(1.,0.,0.));
#8861=DIRECTION('',(0.,0.,-1.));
#8862=DIRECTION('',(0.,-0.499999999999999,-0.866025403784439));
#8863=DIRECTION('',(0.,-0.499999999999999,0.866025403784439));
#8864=DIRECTION('',(-1.,0.,0.));
#8865=DIRECTION('',(0.,0.,-1.));
#8866=DIRECTION('',(1.,0.,0.));
#8867=DIRECTION('',(0.,0.,-0.999999999999999));
#8868=DIRECTION('',(1.,0.,0.));
#8869=DIRECTION('',(0.,0.,-1.));
#8870=DIRECTION('',(1.,0.,0.));
#8871=DIRECTION('',(0.,0.,-1.));
#8872=DIRECTION('',(0.,0.866025403784438,-0.500000000000002));
#8873=DIRECTION('',(0.,-0.866025403784438,-0.500000000000002));
#8874=DIRECTION('',(1.,0.,0.));
#8875=DIRECTION('',(0.,0.,-0.999999999999999));
#8876=DIRECTION('',(0.,0.499999999999999,-0.866025403784439));
#8877=DIRECTION('',(-1.,0.,0.));
#8878=DIRECTION('',(0.,0.,-1.));
#8879=DIRECTION('',(0.,-0.866025403784438,0.500000000000001));
#8880=DIRECTION('',(0.,0.866025403784438,0.500000000000001));
#8881=DIRECTION('',(1.,0.,0.));
#8882=DIRECTION('',(0.,0.,-1.));
#8883=DIRECTION('',(0.,-0.499999999999999,-0.866025403784439));
#8884=DIRECTION('',(0.,-0.499999999999999,0.866025403784439));
#8885=DIRECTION('',(-1.,0.,0.));
#8886=DIRECTION('',(0.,0.,-1.));
#8887=DIRECTION('',(1.,0.,0.));
#8888=DIRECTION('',(0.,0.,-0.999999999999999));
#8889=DIRECTION('',(1.,0.,0.));
#8890=DIRECTION('',(0.,0.,-0.999999999999999));
#8891=DIRECTION('',(1.,0.,0.));
#8892=DIRECTION('',(0.,0.,-1.));
#8893=DIRECTION('',(1.,0.,0.));
#8894=DIRECTION('',(0.,0.,-0.999999999999999));
#8895=DIRECTION('',(1.,0.,0.));
#8896=DIRECTION('',(0.,0.,-1.));
#8897=DIRECTION('',(0.,-0.499999999999999,-0.866025403784439));
#8898=DIRECTION('',(1.,0.,0.));
#8899=DIRECTION('',(0.,0.866025403784439,-0.499999999999999));
#8900=DIRECTION('',(0.,0.499999999999999,0.866025403784439));
#8901=DIRECTION('',(-1.,0.,0.));
#8902=DIRECTION('',(0.,0.,-1.));
#8903=DIRECTION('',(-1.,0.,0.));
#8904=DIRECTION('',(-1.,0.,0.));
#8905=DIRECTION('',(0.,0.,1.));
#8906=DIRECTION('',(-1.,0.,0.));
#8907=DIRECTION('',(1.,0.,0.));
#8908=DIRECTION('',(0.,1.44936398053078E-15,-1.));
#8909=DIRECTION('',(0.,1.,1.45022882591661E-15));
#8910=DIRECTION('',(1.,0.,0.));
#8911=DIRECTION('',(-1.,0.,0.));
#8912=DIRECTION('',(0.,-0.499999999999998,0.86602540378444));
#8913=DIRECTION('',(0.,-0.86602540378444,-0.499999999999998));
#8914=DIRECTION('',(-1.,0.,0.));
#8915=DIRECTION('',(0.,0.,1.));
#8916=DIRECTION('',(1.,0.,0.));
#8917=DIRECTION('',(-1.,0.,0.));
#8918=DIRECTION('',(0.,1.,5.79745592212314E-15));
#8919=DIRECTION('',(0.,-5.80091530366644E-15,1.));
#8920=DIRECTION('',(-1.,0.,0.));
#8921=DIRECTION('',(1.,0.,0.));
#8922=DIRECTION('',(0.,-0.86602540378444,0.499999999999998));
#8923=DIRECTION('',(0.,-0.499999999999998,-0.86602540378444));
#8924=DIRECTION('',(-1.,0.,0.));
#8925=DIRECTION('',(0.,0.,1.));
#8926=DIRECTION('',(-1.,0.,0.));
#8927=DIRECTION('',(0.,0.499999999999999,-0.866025403784439));
#8928=DIRECTION('',(1.,0.,0.));
#8929=DIRECTION('',(0.,0.866025403784439,0.499999999999999));
#8930=DIRECTION('',(0.,-0.499999999999999,0.866025403784439));
#8931=DIRECTION('',(-1.,0.,0.));
#8932=DIRECTION('',(0.,0.,-1.));
#8933=DIRECTION('',(1.,0.,0.));
#8934=DIRECTION('',(-1.,0.,0.));
#8935=DIRECTION('',(0.,0.,1.));
#8936=DIRECTION('',(-1.,0.,0.));
#8937=DIRECTION('',(0.,0.,-0.999999999999999));
#8938=DIRECTION('',(1.,0.,0.));
#8939=DIRECTION('',(0.,0.,-0.999999999999999));
#8940=DIRECTION('',(1.,0.,0.));
#8941=DIRECTION('',(-1.,0.,0.));
#8942=DIRECTION('',(0.,0.,-0.999999999999999));
#8943=DIRECTION('',(-1.,0.,0.));
#8944=DIRECTION('',(0.,0.,1.));
#8945=DIRECTION('',(-1.,0.,0.));
#8946=DIRECTION('',(0.,0.,-0.999999999999999));
#8947=DIRECTION('',(-1.,0.,0.));
#8948=DIRECTION('',(-1.,0.,0.));
#8949=DIRECTION('',(0.,0.,1.));
#8950=DIRECTION('',(-1.,0.,0.));
#8951=DIRECTION('',(0.,0.,-0.999999999999999));
#8952=DIRECTION('',(-1.,0.,0.));
#8953=DIRECTION('',(0.,0.,1.));
#8954=DIRECTION('',(0.,-0.866025403784438,0.500000000000002));
#8955=DIRECTION('',(-1.,0.,0.));
#8956=DIRECTION('',(0.,-0.500000000000002,-0.866025403784438));
#8957=DIRECTION('',(0.,0.866025403784438,-0.500000000000002));
#8958=DIRECTION('',(-1.,0.,0.));
#8959=DIRECTION('',(0.,0.,-1.));
#8960=DIRECTION('',(1.,0.,0.));
#8961=DIRECTION('',(0.,0.,-1.));
#8962=DIRECTION('',(-1.,0.,0.));
#8963=DIRECTION('',(1.,0.,0.));
#8964=DIRECTION('',(0.,0.86602540378444,0.499999999999998));
#8965=DIRECTION('',(0.,-0.499999999999998,0.86602540378444));
#8966=DIRECTION('',(1.,0.,0.));
#8967=DIRECTION('',(-1.,0.,0.));
#8968=DIRECTION('',(0.,0.,1.));
#8969=DIRECTION('',(-1.,0.,0.));
#8970=DIRECTION('',(0.,-1.,5.79745592212312E-15));
#8971=DIRECTION('',(0.,-5.80091530366644E-15,-1.));
#8972=DIRECTION('',(-1.,0.,0.));
#8973=DIRECTION('',(0.,0.,-1.));
#8974=DIRECTION('',(-1.,0.,0.));
#8975=DIRECTION('',(-1.,0.,0.));
#8976=DIRECTION('',(0.,0.,1.));
#8977=DIRECTION('',(1.,0.,0.));
#8978=DIRECTION('',(0.,-1.44936398053078E-15,-1.));
#8979=DIRECTION('',(0.,1.,-1.45022882591661E-15));
#8980=DIRECTION('',(1.,0.,0.));
#8981=DIRECTION('',(-1.,0.,0.));
#8982=DIRECTION('',(0.,0.,1.));
#8983=DIRECTION('',(-1.,0.,0.));
#8984=DIRECTION('',(0.,0.499999999999999,0.866025403784439));
#8985=DIRECTION('',(0.,-0.866025403784439,0.499999999999999));
#8986=DIRECTION('',(-1.,0.,0.));
#8987=DIRECTION('',(0.,0.,-1.));
#8988=DIRECTION('',(-1.,0.,0.));
#8989=DIRECTION('',(-1.,0.,0.));
#8990=DIRECTION('',(0.,0.,1.));
#8991=DIRECTION('',(0.,0.499999999999999,0.866025403784439));
#8992=DIRECTION('',(1.,0.,0.));
#8993=DIRECTION('',(0.,-0.866025403784439,0.499999999999999));
#8994=DIRECTION('',(0.,-0.499999999999999,-0.866025403784439));
#8995=DIRECTION('',(-1.,0.,0.));
#8996=DIRECTION('',(0.,0.,-1.));
#8997=DIRECTION('',(1.,0.,0.));
#8998=DIRECTION('',(-1.,0.,0.));
#8999=DIRECTION('',(0.,0.,1.));
#9000=DIRECTION('',(1.,0.,0.));
#9001=DIRECTION('',(-1.,0.,0.));
#9002=DIRECTION('',(0.,0.,-1.));
#9003=DIRECTION('',(-1.,0.,0.));
#9004=DIRECTION('',(0.,0.,1.));
#9005=DIRECTION('',(0.,-0.866025403784438,-0.500000000000001));
#9006=DIRECTION('',(1.,0.,0.));
#9007=DIRECTION('',(0.,0.500000000000001,-0.866025403784438));
#9008=DIRECTION('',(0.,0.866025403784438,0.500000000000001));
#9009=DIRECTION('',(1.,0.,0.));
#9010=DIRECTION('',(-1.,0.,0.));
#9011=DIRECTION('',(0.,0.,-1.));
#9012=DIRECTION('',(-1.,0.,0.));
#9013=DIRECTION('',(-1.,0.,0.));
#9014=DIRECTION('',(0.,0.,1.));
#9015=DIRECTION('',(1.,0.,0.));
#9016=DIRECTION('',(0.,0.499999999999999,-0.866025403784439));
#9017=DIRECTION('',(0.,0.866025403784439,0.499999999999999));
#9018=DIRECTION('',(1.,0.,0.));
#9019=DIRECTION('',(-1.,0.,0.));
#9020=DIRECTION('',(0.,0.,1.));
#9021=DIRECTION('',(-1.,0.,0.));
#9022=DIRECTION('',(0.,-1.44936398053078E-15,1.));
#9023=DIRECTION('',(0.,-1.,-1.45022882591661E-15));
#9024=DIRECTION('',(-1.,0.,0.));
#9025=DIRECTION('',(0.,0.,-1.));
#9026=DIRECTION('',(-1.,0.,0.));
#9027=DIRECTION('',(-1.,0.,0.));
#9028=DIRECTION('',(0.,0.,1.));
#9029=DIRECTION('',(1.,0.,0.));
#9030=DIRECTION('',(0.,-1.,-5.79745592212312E-15));
#9031=DIRECTION('',(0.,5.80091530366644E-15,-1.));
#9032=DIRECTION('',(1.,0.,0.));
#9033=DIRECTION('',(-1.,0.,0.));
#9034=DIRECTION('',(0.,0.,1.));
#9035=DIRECTION('',(-1.,0.,0.));
#9036=DIRECTION('',(0.,0.,-1.));
#9037=DIRECTION('',(1.,0.,0.));
#9038=DIRECTION('',(0.,0.,-1.));
#9039=DIRECTION('',(-1.,0.,0.));
#9040=DIRECTION('',(0.,0.,-1.));
#9041=DIRECTION('',(1.,0.,0.));
#9042=DIRECTION('',(1.,0.,0.));
#9043=DIRECTION('',(-1.,0.,0.));
#9044=DIRECTION('',(0.,0.,1.));
#9045=DIRECTION('',(0.,-0.499999999999999,0.866025403784439));
#9046=DIRECTION('',(0.,-0.866025403784439,-0.499999999999999));
#9047=DIRECTION('',(0.,0.499999999999999,-0.866025403784439));
#9048=DIRECTION('',(-1.,0.,0.));
#9049=DIRECTION('',(0.,0.86602540378444,-0.499999999999998));
#9050=DIRECTION('',(0.,0.499999999999998,0.86602540378444));
#9051=DIRECTION('',(-1.,0.,0.));
#9052=DIRECTION('',(0.,0.,-1.));
#9053=DIRECTION('',(-1.,0.,0.));
#9054=DIRECTION('',(-1.,0.,0.));
#9055=DIRECTION('',(0.,0.,1.));
#9056=DIRECTION('',(0.,0.866025403784438,-0.500000000000001));
#9057=DIRECTION('',(-1.,0.,0.));
#9058=DIRECTION('',(0.,0.500000000000001,0.866025403784438));
#9059=DIRECTION('',(0.,-0.866025403784438,0.500000000000001));
#9060=DIRECTION('',(1.,0.,0.));
#9061=DIRECTION('',(1.,0.,0.));
#9062=DIRECTION('',(-1.,0.,0.));
#9063=DIRECTION('',(0.,0.,1.));
#9064=DIRECTION('',(-1.,0.,0.));
#9065=DIRECTION('',(0.,-0.86602540378444,0.499999999999998));
#9066=DIRECTION('',(0.,-0.499999999999998,-0.86602540378444));
#9067=DIRECTION('',(-1.,0.,0.));
#9068=DIRECTION('',(0.,0.,-1.));
#9069=DIRECTION('',(-1.,0.,0.));
#9070=DIRECTION('',(-1.,0.,0.));
#9071=DIRECTION('',(0.,0.,1.));
#9072=DIRECTION('',(1.,0.,0.));
#9073=DIRECTION('',(0.,-0.866025403784438,0.500000000000002));
#9074=DIRECTION('',(-1.,0.,0.));
#9075=DIRECTION('',(0.,-0.500000000000002,-0.866025403784438));
#9076=DIRECTION('',(0.,0.866025403784438,-0.500000000000002));
#9077=DIRECTION('',(-1.,0.,0.));
#9078=DIRECTION('',(0.,0.,-1.));
#9079=DIRECTION('',(1.,0.,0.));
#9080=DIRECTION('',(-1.,0.,0.));
#9081=DIRECTION('',(0.,0.,1.));
#9082=DIRECTION('',(-1.,0.,0.));
#9083=DIRECTION('',(0.,0.499999999999999,-0.866025403784439));
#9084=DIRECTION('',(0.,0.866025403784439,0.499999999999999));
#9085=DIRECTION('',(0.,-0.499999999999999,0.866025403784439));
#9086=DIRECTION('',(-1.,0.,0.));
#9087=DIRECTION('',(0.,0.,-0.999999999999999));
#9088=DIRECTION('',(1.,0.,0.));
#9089=DIRECTION('',(0.,0.,-0.999999999999999));
#9090=DIRECTION('',(-1.,0.,0.));
#9091=DIRECTION('',(0.,-0.86602540378444,-0.499999999999998));
#9092=DIRECTION('',(0.,0.499999999999998,-0.86602540378444));
#9093=DIRECTION('',(-1.,0.,0.));
#9094=DIRECTION('',(0.,0.,-1.));
#9095=DIRECTION('',(1.,0.,0.));
#9096=DIRECTION('',(1.,0.,0.));
#9097=DIRECTION('',(-1.,0.,0.));
#9098=DIRECTION('',(0.,0.,1.));
#9099=DIRECTION('',(0.,-0.499999999999999,-0.866025403784439));
#9100=DIRECTION('',(1.,0.,0.));
#9101=DIRECTION('',(0.,0.866025403784439,-0.499999999999999));
#9102=DIRECTION('',(0.,0.499999999999999,0.866025403784439));
#9103=DIRECTION('',(0.,0.866025403784438,0.500000000000002));
#9104=DIRECTION('',(0.,-0.500000000000002,0.866025403784438));
#9105=DIRECTION('',(0.,-0.866025403784438,-0.500000000000002));
#9106=DIRECTION('',(1.,0.,0.));
#9107=DIRECTION('',(-1.,0.,0.));
#9108=DIRECTION('',(0.,0.,-0.999999999999999));
#9109=DIRECTION('',(-1.,0.,0.));
#9110=DIRECTION('',(0.,0.,1.));
#9111=DIRECTION('',(-1.,0.,0.));
#9112=DIRECTION('',(0.,0.,-0.999999999999999));
#9113=DIRECTION('',(1.,0.,0.));
#9114=DIRECTION('',(0.,0.,-0.999999999999999));
#9115=DIRECTION('',(-1.,0.,0.));
#9116=DIRECTION('',(1.,0.,0.));
#9117=DIRECTION('',(0.,0.86602540378444,0.499999999999998));
#9118=DIRECTION('',(0.,-0.499999999999998,0.86602540378444));
#9119=DIRECTION('',(1.,0.,0.));
#9120=DIRECTION('',(-1.,0.,0.));
#9121=DIRECTION('',(0.,0.,1.));
#9122=DIRECTION('',(-1.,0.,0.));
#9123=DIRECTION('',(0.,0.86602540378444,-0.499999999999998));
#9124=DIRECTION('',(0.,0.499999999999998,0.86602540378444));
#9125=DIRECTION('',(1.,0.,0.));
#9126=DIRECTION('',(0.,0.866025403784438,-0.500000000000001));
#9127=DIRECTION('',(0.,0.500000000000001,0.866025403784438));
#9128=DIRECTION('',(0.,-0.866025403784438,0.500000000000001));
#9129=DIRECTION('',(-1.,0.,0.));
#9130=DIRECTION('',(0.,0.,-1.));
#9131=DIRECTION('',(1.,0.,0.));
#9132=DIRECTION('',(-1.,0.,0.));
#9133=DIRECTION('',(0.,0.,1.));
#9134=DIRECTION('',(0.,-0.499999999999999,0.866025403784439));
#9135=DIRECTION('',(0.,-0.866025403784439,-0.499999999999999));
#9136=DIRECTION('',(0.,0.499999999999999,-0.866025403784439));
#9137=DIRECTION('',(0.,0.499999999999999,0.866025403784439));
#9138=DIRECTION('',(1.,0.,0.));
#9139=DIRECTION('',(0.,-0.866025403784439,0.499999999999999));
#9140=DIRECTION('',(0.,-0.499999999999999,-0.866025403784439));
#9141=DIRECTION('',(-1.,0.,0.));
#9142=DIRECTION('',(0.,0.,-1.));
#9143=DIRECTION('',(1.,0.,0.));
#9144=DIRECTION('',(-1.,0.,0.));
#9145=DIRECTION('',(0.,0.,1.));
#9146=DIRECTION('',(-1.,0.,0.));
#9147=DIRECTION('',(0.,0.,-1.));
#9148=DIRECTION('',(-1.,0.,0.));
#9149=DIRECTION('',(-1.,0.,0.));
#9150=DIRECTION('',(0.,0.,1.));
#9151=DIRECTION('',(0.,-0.866025403784438,-0.500000000000001));
#9152=DIRECTION('',(1.,0.,0.));
#9153=DIRECTION('',(0.,0.500000000000001,-0.866025403784438));
#9154=DIRECTION('',(0.,0.866025403784438,0.500000000000001));
#9155=DIRECTION('',(1.,0.,0.));
#9156=DIRECTION('',(-1.,0.,0.));
#9157=DIRECTION('',(0.,0.,-1.));
#9158=DIRECTION('',(-1.,0.,0.));
#9159=DIRECTION('',(0.,0.,1.));
#9160=DIRECTION('',(1.,0.,0.));
#9161=DIRECTION('',(1.,0.,0.));
#9162=DIRECTION('',(-1.,0.,0.));
#9163=DIRECTION('',(0.,0.,1.));
#9164=DIRECTION('',(-1.,0.,0.));
#9165=DIRECTION('',(0.,-0.86602540378444,0.499999999999998));
#9166=DIRECTION('',(0.,-0.499999999999998,-0.86602540378444));
#9167=DIRECTION('',(-1.,0.,0.));
#9168=DIRECTION('',(0.,0.,-1.));
#9169=DIRECTION('',(-1.,0.,0.));
#9170=DIRECTION('',(-1.,0.,0.));
#9171=DIRECTION('',(0.,0.,1.));
#9172=DIRECTION('',(1.,0.,0.));
#9173=DIRECTION('',(0.,-0.866025403784438,0.500000000000002));
#9174=DIRECTION('',(0.,-0.500000000000002,-0.866025403784438));
#9175=DIRECTION('',(0.,0.866025403784438,-0.500000000000002));
#9176=DIRECTION('',(-1.,0.,0.));
#9177=DIRECTION('',(0.,0.,-0.999999999999999));
#9178=DIRECTION('',(-1.,0.,0.));
#9179=DIRECTION('',(0.,0.,1.));
#9180=DIRECTION('',(-1.,0.,0.));
#9181=DIRECTION('',(0.,0.,-1.));
#9182=DIRECTION('',(1.,0.,0.));
#9183=DIRECTION('',(0.,0.,-1.));
#9184=DIRECTION('',(-1.,0.,0.));
#9185=DIRECTION('',(0.,0.,-0.999999999999999));
#9186=DIRECTION('',(1.,0.,0.));
#9187=DIRECTION('',(-1.,0.,0.));
#9188=DIRECTION('',(0.,0.,1.));
#9189=DIRECTION('',(-1.,0.,0.));
#9190=DIRECTION('',(0.,-0.86602540378444,-0.499999999999998));
#9191=DIRECTION('',(0.,0.499999999999998,-0.86602540378444));
#9192=DIRECTION('',(0.,0.866025403784438,0.500000000000002));
#9193=DIRECTION('',(0.,-0.500000000000002,0.866025403784438));
#9194=DIRECTION('',(0.,-0.866025403784438,-0.500000000000002));
#9195=DIRECTION('',(1.,0.,0.));
#9196=DIRECTION('',(-1.,0.,0.));
#9197=DIRECTION('',(0.,0.,-1.));
#9198=DIRECTION('',(-1.,0.,0.));
#9199=DIRECTION('',(0.,0.,1.));
#9200=DIRECTION('',(1.,0.,0.));
#9201=DIRECTION('',(-1.,0.,0.));
#9202=DIRECTION('',(0.,0.,-1.));
#9203=DIRECTION('',(-1.,0.,0.));
#9204=DIRECTION('',(-1.,0.,0.));
#9205=DIRECTION('',(0.,0.,1.));
#9206=DIRECTION('',(1.,0.,0.));
#9207=DIRECTION('',(0.,0.86602540378444,0.499999999999998));
#9208=DIRECTION('',(0.,-0.499999999999998,0.86602540378444));
#9209=DIRECTION('',(1.,0.,0.));
#9210=DIRECTION('',(-1.,0.,0.));
#9211=DIRECTION('',(0.,0.,1.));
#9212=DIRECTION('',(-1.,0.,0.));
#9213=DIRECTION('',(0.,0.86602540378444,-0.499999999999998));
#9214=DIRECTION('',(0.,0.499999999999998,0.86602540378444));
#9215=DIRECTION('',(-1.,0.,0.));
#9216=DIRECTION('',(0.,0.,-1.));
#9217=DIRECTION('',(-1.,0.,0.));
#9218=DIRECTION('',(-1.,0.,0.));
#9219=DIRECTION('',(0.,0.,1.));
#9220=DIRECTION('',(-1.,0.,0.));
#9221=DIRECTION('',(0.,0.,-0.999999999999999));
#9222=DIRECTION('',(1.,0.,0.));
#9223=DIRECTION('',(0.,0.,-0.999999999999999));
#9224=DIRECTION('',(0.,-0.866025403784438,-0.500000000000001));
#9225=DIRECTION('',(1.,0.,0.));
#9226=DIRECTION('',(0.,0.500000000000001,-0.866025403784438));
#9227=DIRECTION('',(0.,0.866025403784438,0.500000000000001));
#9228=DIRECTION('',(-1.,0.,0.));
#9229=DIRECTION('',(0.,0.,-1.));
#9230=DIRECTION('',(1.,0.,0.));
#9231=DIRECTION('',(-1.,0.,0.));
#9232=DIRECTION('',(0.,0.,1.));
#9233=DIRECTION('',(-1.,0.,0.));
#9234=DIRECTION('',(0.,0.,-1.));
#9235=DIRECTION('',(1.,0.,0.));
#9236=DIRECTION('',(1.,0.,0.));
#9237=DIRECTION('',(-1.,0.,0.));
#9238=DIRECTION('',(0.,0.,1.));
#9239=DIRECTION('',(0.,0.866025403784438,-0.500000000000001));
#9240=DIRECTION('',(0.,0.500000000000001,0.866025403784438));
#9241=DIRECTION('',(0.,-0.866025403784438,0.500000000000001));
#9242=DIRECTION('',(0.,0.499999999999999,0.866025403784439));
#9243=DIRECTION('',(0.,-0.866025403784439,0.499999999999999));
#9244=DIRECTION('',(0.,-0.499999999999999,-0.866025403784439));
#9245=DIRECTION('',(0.,-0.499999999999999,0.866025403784439));
#9246=DIRECTION('',(0.,-0.866025403784439,-0.499999999999999));
#9247=DIRECTION('',(0.,0.499999999999999,-0.866025403784439));
#9248=DIRECTION('',(0.961523947640823,-0.274721127897378,4.59339942082322E-16));
#9249=DIRECTION('',(-3.53076982593813E-30,1.,-1.67202262744752E-15));
#9250=DIRECTION('',(1.,4.29412544368679E-31,-7.17987490694245E-46));
#9251=DIRECTION('',(0.,1.,-1.67202262744752E-15));
#9252=DIRECTION('',(0.,1.67202262744752E-15,1.));
#9253=DIRECTION('',(0.,-1.,1.67227343084164E-15));
#9254=DIRECTION('',(-0.91564351241359,0.261612432118168,-0.305214504137862));
#9255=DIRECTION('',(3.53076982593813E-30,-1.,1.67202262744752E-15));
#9256=DIRECTION('',(0.948683298050514,2.39141905836555E-16,0.316227766016836));
#9257=DIRECTION('',(0.316227766016836,-1.586219940622E-15,-0.948683298050514));
#9258=DIRECTION('',(0.,1.,-1.67227343084164E-15));
#9259=DIRECTION('',(-1.,-9.66178224829527E-31,-7.09788656291185E-16));
#9260=DIRECTION('',(0.,1.,-1.67202262744752E-15));
#9261=DIRECTION('',(1.,0.,0.));
#9262=DIRECTION('',(-0.961523947640823,0.274721127897378,-1.1418187328701E-15));
#9263=DIRECTION('',(0.,1.,-1.67202262744752E-15));
#9264=DIRECTION('',(7.09788656291185E-16,-1.67202262744752E-15,-1.));
#9265=DIRECTION('',(0.,1.,-1.67227343084164E-15));
#9266=DIRECTION('',(0.,0.,1.));
#9267=DIRECTION('',(-1.06752213906265E-15,1.,0.));
#9268=DIRECTION('',(7.5623310643703E-16,-6.50521303491303E-16,1.));
#9269=DIRECTION('',(-7.5623310643703E-16,-7.5623310643703E-16,-1.));
#9270=DIRECTION('',(1.,-1.26443886558765E-30,-7.5623310643703E-16));
#9271=DIRECTION('',(7.56339435525888E-16,0.,1.));
#9272=DIRECTION('',(2.11508946956607E-15,7.55257790474773E-16,1.));
#9273=DIRECTION('',(-2.11167586369817E-15,6.50521303491303E-16,-1.));
#9274=DIRECTION('',(-2.11167586369817E-15,6.50521303491303E-16,-1.));
#9275=DIRECTION('',(-2.17538795060652E-15,-7.38029653034644E-16,-1.));
#9276=DIRECTION('',(-0.274721127897378,-0.961523947640823,1.30725821686685E-15));
#9277=DIRECTION('',(2.1094237467878E-15,7.49400541621981E-16,1.));
#9278=DIRECTION('',(1.,0.,0.));
#9279=DIRECTION('',(0.,-1.,-6.50521303491303E-16));
#9280=DIRECTION('',(0.,6.52256026967279E-16,-1.));
#9281=DIRECTION('',(1.06752213906265E-15,-1.,0.));
#9282=DIRECTION('',(-1.,0.,2.11167586369817E-15));
#9283=DIRECTION('',(0.,0.,-1.));
#9284=DIRECTION('',(0.,8.16340459283204E-16,1.));
#9285=DIRECTION('',(-5.55111512312578E-15,1.,2.77555756156289E-15));
#9286=DIRECTION('',(1.,0.,-2.11167586369817E-15));
#9287=DIRECTION('',(-1.73472347597681E-15,0.,-1.));
#9288=DIRECTION('',(2.11167586369817E-15,7.5623310643703E-16,1.));
#9289=DIRECTION('',(1.,0.,-2.11167586369817E-15));
#9290=DIRECTION('',(2.1094237467878E-15,0.,1.));
#9291=DIRECTION('',(2.11508946956607E-15,7.5623310643703E-16,1.));
#9292=DIRECTION('',(-1.,3.53647745219044E-30,2.11508946956607E-15));
#9293=DIRECTION('',(-2.1163626406917E-15,0.,-1.));
#9294=DIRECTION('',(-2.17538795060652E-15,-7.5623310643703E-16,-1.));
#9295=DIRECTION('',(1.,-3.63729787689079E-30,-2.17538795060652E-15));
#9296=DIRECTION('',(2.17881268582687E-15,0.,1.));
#9297=DIRECTION('',(-4.29412544368679E-31,1.,-7.5623310643703E-16));
#9298=DIRECTION('',(0.,7.49400541621981E-16,1.));
#9299=DIRECTION('',(1.11022302462516E-16,4.49024471295489E-49,1.));
#9300=DIRECTION('',(1.,-9.97034613304781E-65,-1.11022302462516E-16));
#9301=DIRECTION('',(1.11022302462516E-16,4.49024471295489E-49,1.));
#9302=DIRECTION('',(-1.,9.97034613304781E-65,1.11022302462516E-16));
#9303=DIRECTION('',(-0.894427190999915,-2.00809848275524E-49,-0.44721359549996));
#9304=DIRECTION('',(4.9851730665239E-65,1.,-4.49024471295489E-49));
#9305=DIRECTION('',(0.,0.,-1.));
#9306=DIRECTION('',(1.,-9.97034613304781E-65,-1.11022302462516E-16));
#9307=DIRECTION('',(-4.9851730665239E-65,-1.,4.49024471295489E-49));
#9308=DIRECTION('',(0.999999999999994,0.,0.));
#9309=DIRECTION('',(-1.11022302462516E-16,-4.49024471295489E-49,-1.));
#9310=DIRECTION('',(4.9851730665239E-65,1.,-4.49024471295489E-49));
#9311=DIRECTION('',(-1.00000000000001,0.,0.));
#9312=DIRECTION('',(-4.9851730665239E-65,-1.,4.49024471295489E-49));
#9313=DIRECTION('',(0.,0.,-1.));
#9314=DIRECTION('',(-4.9851730665239E-65,-1.,4.49024471295489E-49));
#9315=DIRECTION('',(1.,0.,0.));
#9316=DIRECTION('',(1.,-9.97034613304779E-65,-1.11022302462516E-16));
#9317=DIRECTION('',(-0.919145030018057,-1.76879404777601E-49,-0.393919298579169));
#9318=DIRECTION('',(4.9851730665239E-65,1.,-4.49024471295489E-49));
#9319=DIRECTION('',(-1.,0.,0.));
#9320=DIRECTION('',(1.,-9.97034613304779E-65,-1.11022302462516E-16));
#9321=DIRECTION('',(1.11022302462516E-16,4.49024471295489E-49,1.));
#9322=DIRECTION('',(4.9851730665239E-65,1.,-4.49024471295489E-49));
#9323=DIRECTION('',(0.,0.,-1.00000000000003));
#9324=DIRECTION('',(1.,-9.97034613304781E-65,-1.11022302462516E-16));
#9325=DIRECTION('',(4.9851730665239E-65,1.,-4.49024471295489E-49));
#9326=DIRECTION('',(0.,0.,-0.999999999999994));
#9327=DIRECTION('',(-4.21119078306096E-17,4.49024471295489E-49,1.));
#9328=DIRECTION('',(4.9851730665239E-65,1.,-4.49024471295489E-49));
#9329=DIRECTION('',(0.,0.,-1.));
#9330=DIRECTION('',(0.992277876713668,5.56946311211954E-50,0.124034734589208));
#9331=DIRECTION('',(-1.,9.97034613304781E-65,1.11022302462516E-16));
#9332=DIRECTION('',(1.11022302462516E-16,4.49024471295489E-49,1.));
#9333=DIRECTION('',(-0.974858506571867,-1.00053788686021E-49,-0.222824801502141));
#9334=DIRECTION('',(-4.9851730665239E-65,-1.,4.49024471295489E-49));
#9335=DIRECTION('',(1.,0.,-1.11022302462516E-16));
#9336=DIRECTION('',(7.89491928621766E-17,1.,-8.76512116911605E-33));
#9337=DIRECTION('',(-1.,9.97034613304781E-65,1.11022302462516E-16));
#9338=DIRECTION('',(7.89491928621766E-17,1.,-8.76512116911605E-33));
#9339=DIRECTION('',(-1.,7.89491928621766E-17,1.11022302462516E-16));
#9340=DIRECTION('',(1.11022302462516E-16,0.,1.));
#9341=DIRECTION('',(-1.,8.32667268468867E-17,1.11022302462516E-16));
#9342=DIRECTION('',(-4.9851730665239E-65,-1.,4.49024471295489E-49));
#9343=DIRECTION('',(1.11022302462516E-16,4.49024471295489E-49,1.));
#9344=DIRECTION('',(4.9851730665239E-65,1.,-4.49024471295489E-49));
#9345=DIRECTION('',(1.11022302462516E-16,4.49024471295489E-49,1.));
#9346=DIRECTION('',(-1.,9.97034613304779E-65,1.11022302462516E-16));
#9347=DIRECTION('',(0.,-1.,0.));
#9348=DIRECTION('',(-1.11022302462516E-16,-4.49024471295489E-49,-1.));
#9349=DIRECTION('',(-1.,0.,0.));
#9350=DIRECTION('',(0.222824801502141,-4.37735325501343E-49,-0.974858506571867));
#9351=DIRECTION('',(-0.974858506571867,-1.00053788686019E-49,-0.222824801502141));
#9352=DIRECTION('',(-1.11022302462516E-16,-4.49024471295489E-49,-1.));
#9353=DIRECTION('',(-1.,0.,0.));
#9354=DIRECTION('',(-1.,9.97034613304779E-65,1.11022302462516E-16));
#9355=DIRECTION('',(7.89491928621766E-17,1.,-8.76512116911605E-33));
#9356=DIRECTION('',(-1.,7.89491928621766E-17,1.11022302462516E-16));
#9357=DIRECTION('',(7.89491928621766E-17,1.,-8.76512116911605E-33));
#9358=DIRECTION('',(1.11022302462516E-16,0.,1.));
#9359=DIRECTION('',(-1.,8.32667268468867E-17,1.11022302462516E-16));
#9360=DIRECTION('',(-1.11022302462516E-16,2.87375661629113E-47,-1.));
#9361=DIRECTION('',(-1.,7.89491928621766E-17,1.11022302462516E-16));
#9362=DIRECTION('',(1.11022302462516E-16,-2.87375661629113E-47,1.));
#9363=DIRECTION('',(-7.89491928621766E-17,-1.,8.76512116911605E-33));
#9364=DIRECTION('',(1.,-8.32667268468867E-17,-1.11022302462516E-16));
#9365=DIRECTION('',(7.89491928621766E-17,1.,-8.76512116911605E-33));
#9366=DIRECTION('',(1.11022302462516E-16,0.,1.));
#9367=DIRECTION('',(1.,-7.89491928621766E-17,-1.11022302462516E-16));
#9368=DIRECTION('',(0.,0.,-0.999999999999994));
#9369=DIRECTION('',(1.,-7.89491928621766E-17,-1.11022302462516E-16));
#9370=DIRECTION('',(1.11022302462516E-16,0.,1.));
#9371=DIRECTION('',(-1.,7.89491928621766E-17,1.11022302462516E-16));
#9372=DIRECTION('',(-1.11022302462516E-16,0.,-1.));
#9373=DIRECTION('',(-7.89491928621766E-17,-1.,8.76512116911605E-33));
#9374=DIRECTION('',(1.,-8.32667268468867E-17,-1.11022302462516E-16));
#9375=DIRECTION('',(-1.,7.89491928621766E-17,1.11022302462516E-16));
#9376=DIRECTION('',(0.,0.,0.999999999999994));
#9377=DIRECTION('',(7.89491928621766E-17,1.,-8.76512116911605E-33));
#9378=DIRECTION('',(-1.,7.89491928621766E-17,1.11022302462516E-16));
#9379=DIRECTION('',(-1.11022302462516E-16,0.,-1.));
#9380=DIRECTION('',(0.,0.,-1.));
#9381=DIRECTION('',(0.164398987305328,-1.69754037324622E-17,0.986393923832149));
#9382=DIRECTION('',(-1.03257349760524E-16,-1.,0.));
#9383=DIRECTION('',(1.00000000000003,0.,0.));
#9384=DIRECTION('',(-1.03257349760524E-16,-1.,0.));
#9385=DIRECTION('',(1.,-9.71445146547012E-17,0.));
#9386=DIRECTION('',(7.59645419660784E-65,1.,-4.49024471295489E-49));
#9387=DIRECTION('',(0.164398987305361,4.42915010137811E-49,0.986393923832143));
#9388=DIRECTION('',(-4.9851730665239E-65,-1.,4.49024471295489E-49));
#9389=DIRECTION('',(0.986393923832143,-7.38191683563037E-50,-0.164398987305361));
#9390=DIRECTION('',(0.164398987305361,0.,0.986393923832143));
#9391=DIRECTION('',(4.9851730665239E-65,1.,-4.49024471295489E-49));
#9392=DIRECTION('',(-4.9851730665239E-65,-1.,4.49024471295489E-49));
#9393=DIRECTION('',(1.00000000000003,0.,0.));
#9394=DIRECTION('',(-4.9851730665239E-65,-1.,4.49024471295489E-49));
#9395=DIRECTION('',(-4.9851730665239E-65,-1.,4.49024471295489E-49));
#9396=DIRECTION('',(-1.00000000000003,0.,0.));
#9397=DIRECTION('',(4.9851730665239E-65,1.,-4.49024471295489E-49));
#9398=DIRECTION('',(-1.,9.97034613304779E-65,1.11022302462516E-16));
#9399=DIRECTION('',(1.11022302462516E-16,4.49024471295489E-49,1.));
#9400=DIRECTION('',(-1.,0.,1.11022302462516E-16));
#9401=DIRECTION('',(4.9851730665239E-65,1.,-4.49024471295489E-49));
#9402=DIRECTION('',(4.9851730665239E-65,1.,-4.49024471295489E-49));
#9403=DIRECTION('',(-0.999999999999994,0.,0.));
#9404=DIRECTION('',(4.9851730665239E-65,1.,-4.49024471295489E-49));
#9405=DIRECTION('',(0.999999999999994,0.,0.));
#9406=DIRECTION('',(-4.9851730665239E-65,-1.,4.49024471295489E-49));
#9407=DIRECTION('',(4.21119078306096E-17,-4.49024471295489E-49,-1.));
#9408=DIRECTION('',(-1.,3.09424535163551E-65,-4.21119078306096E-17));
#9409=DIRECTION('',(4.16333634234434E-17,0.,-1.));
#9410=DIRECTION('',(4.9851730665239E-65,1.,-4.49024471295489E-49));
#9411=DIRECTION('',(-1.,0.,0.));
#9412=DIRECTION('',(-4.9851730665239E-65,-1.,4.49024471295489E-49));
#9413=DIRECTION('',(4.9851730665239E-65,1.,-4.49024471295489E-49));
#9414=DIRECTION('',(1.,0.,0.));
#9415=DIRECTION('',(-0.992277876713668,-5.56946311211956E-50,-0.124034734589208));
#9416=DIRECTION('',(-4.9851730665239E-65,-1.,4.49024471295489E-49));
#9417=DIRECTION('',(0.124034734589208,-4.45557048969565E-49,-0.992277876713668));
#9418=DIRECTION('',(0.992277876713668,0.,0.124034734589208));
#9419=DIRECTION('',(-1.,9.97034613304779E-65,1.11022302462516E-16));
#9420=DIRECTION('',(-1.11022302462516E-16,-4.49024471295489E-49,-1.));
#9421=DIRECTION('',(-1.,0.,0.));
#9422=DIRECTION('',(-1.11022302462516E-16,-4.49024471295489E-49,-1.));
#9423=DIRECTION('',(1.,0.,-1.11022302462516E-16));
#9424=DIRECTION('',(1.11022302462516E-16,4.49024471295489E-49,1.));
#9425=DIRECTION('',(0.222824801502141,-4.37735325501343E-49,-0.974858506571866));
#9426=DIRECTION('',(-0.974858506571867,-1.00053788686021E-49,-0.222824801502141));
#9427=DIRECTION('',(-1.11022302462516E-16,-4.49024471295489E-49,-1.));
#9428=DIRECTION('',(1.,0.,0.));
#9429=DIRECTION('',(-0.974858506571867,-1.00053788686021E-49,-0.222824801502141));
#9430=DIRECTION('',(1.96448206191777E-48,1.,-2.27893625898235E-64));
#9431=DIRECTION('',(0.222824801502141,-4.37735325501343E-49,-0.974858506571867));
#9432=DIRECTION('',(0.974858506571867,0.,0.222824801502141));
#9433=DIRECTION('',(1.11022302462516E-16,4.49024471295489E-49,1.));
#9434=DIRECTION('',(-1.,9.97034613304779E-65,1.11022302462516E-16));
#9435=DIRECTION('',(0.,-1.00000000000003,0.));
#9436=DIRECTION('',(7.89491928621766E-17,1.,-8.76512116911605E-33));
#9437=DIRECTION('',(1.,-7.89491928621766E-17,-1.11022302462516E-16));
#9438=DIRECTION('',(1.11022302462516E-16,0.,1.));
#9439=DIRECTION('',(-1.,9.97034613304779E-65,1.11022302462516E-16));
#9440=DIRECTION('',(-1.,9.97034613304779E-65,1.11022302462516E-16));
#9441=DIRECTION('',(0.,-1.00000000000003,0.));
#9442=DIRECTION('',(-1.,9.97034613304779E-65,1.11022302462516E-16));
#9443=DIRECTION('',(0.,1.00000000000003,0.));
#9444=DIRECTION('',(-1.11022302462516E-16,-4.49024471295489E-49,-1.));
#9445=DIRECTION('',(7.89491928621766E-17,1.,-8.76512116911605E-33));
#9446=DIRECTION('',(-1.,7.89491928621766E-17,1.11022302462516E-16));
#9447=DIRECTION('',(-1.11022302462516E-16,0.,-1.));
#9448=DIRECTION('',(-1.,9.97034613304779E-65,1.11022302462516E-16));
#9449=DIRECTION('',(-4.9851730665239E-65,-1.,4.49024471295489E-49));
#9450=DIRECTION('',(-1.11022302462516E-16,0.,-1.));
#9451=DIRECTION('',(1.,-8.32667268468867E-17,-1.11022302462516E-16));
#9452=DIRECTION('',(-4.9851730665239E-65,-1.,4.49024471295489E-49));
#9453=DIRECTION('',(0.894427190999915,2.00809848275524E-49,0.44721359549996));
#9454=DIRECTION('',(0.44721359549996,-4.01619696551047E-49,-0.894427190999915));
#9455=DIRECTION('',(0.894427190999915,0.,0.44721359549996));
#9456=DIRECTION('',(-4.9851730665239E-65,-1.,4.49024471295489E-49));
#9457=DIRECTION('',(1.,0.,0.));
#9458=DIRECTION('',(-4.9851730665239E-65,-1.,4.49024471295489E-49));
#9459=DIRECTION('',(-4.9851730665239E-65,-1.,4.49024471295489E-49));
#9460=DIRECTION('',(-1.,0.,0.));
#9461=DIRECTION('',(-4.9851730665239E-65,-1.,4.49024471295489E-49));
#9462=DIRECTION('',(4.9851730665239E-65,1.,-4.49024471295489E-49));
#9463=DIRECTION('',(-1.11022302462516E-16,-4.49024471295489E-49,-1.));
#9464=DIRECTION('',(1.,-9.97034613304779E-65,-1.11022302462516E-16));
#9465=DIRECTION('',(1.11022302462516E-16,0.,1.));
#9466=DIRECTION('',(-4.9851730665239E-65,-1.,4.49024471295489E-49));
#9467=DIRECTION('',(-4.9851730665239E-65,-1.,4.49024471295489E-49));
#9468=DIRECTION('',(0.999999999999994,0.,0.));
#9469=DIRECTION('',(-4.9851730665239E-65,-1.,4.49024471295489E-49));
#9470=DIRECTION('',(-0.999999999999994,0.,0.));
#9471=DIRECTION('',(1.,-9.97034613304779E-65,-1.11022302462516E-16));
#9472=DIRECTION('',(-1.11022302462516E-16,-4.49024471295489E-49,-1.));
#9473=DIRECTION('',(1.,0.,-1.11022302462516E-16));
#9474=DIRECTION('',(-4.9851730665239E-65,-1.,4.49024471295489E-49));
#9475=DIRECTION('',(1.11022302462516E-16,4.49024471295489E-49,1.));
#9476=DIRECTION('',(1.,-1.25816272631317E-64,-1.11022302462516E-16));
#9477=DIRECTION('',(1.11022302462516E-16,0.,1.));
#9478=DIRECTION('',(4.9851730665239E-65,1.,-4.49024471295489E-49));
#9479=DIRECTION('',(1.,-9.97034613304779E-65,-1.11022302462516E-16));
#9480=DIRECTION('',(-1.11022302462516E-16,-4.49024471295489E-49,-1.));
#9481=DIRECTION('',(1.,0.,-1.11022302462516E-16));
#9482=DIRECTION('',(4.9851730665239E-65,1.,-4.49024471295489E-49));
#9483=DIRECTION('',(4.9851730665239E-65,1.,-4.49024471295489E-49));
#9484=DIRECTION('',(-1.,0.,0.));
#9485=DIRECTION('',(4.9851730665239E-65,1.,-4.49024471295489E-49));
#9486=DIRECTION('',(1.,0.,0.));
#9487=DIRECTION('',(-4.9851730665239E-65,-1.,4.49024471295489E-49));
#9488=DIRECTION('',(-0.919145030018057,-1.76879404777601E-49,-0.393919298579169));
#9489=DIRECTION('',(-0.393919298579169,4.12718611147735E-49,0.919145030018057));
#9490=DIRECTION('',(-0.919145030018057,0.,-0.393919298579169));
#9491=DIRECTION('',(4.9851730665239E-65,1.,-4.49024471295489E-49));
#9492=DIRECTION('',(1.,-9.97034613304779E-65,-1.11022302462516E-16));
#9493=DIRECTION('',(1.11022302462516E-16,4.49024471295489E-49,1.));
#9494=DIRECTION('',(-1.,0.,1.11022302462516E-16));
#9495=DIRECTION('',(-4.9851730665239E-65,-1.,4.49024471295489E-49));
#9496=DIRECTION('',(1.,0.,0.));
#9497=DIRECTION('',(-4.9851730665239E-65,-1.,4.49024471295489E-49));
#9498=DIRECTION('',(-1.,0.,0.));
#9499=DIRECTION('',(0.,1.,-1.80231010491097E-15));
#9500=DIRECTION('',(0.,0.,-0.999999999999999));
#9501=DIRECTION('',(0.,1.80231010491097E-15,1.));
#9502=DIRECTION('',(0.,-1.,1.80231010491097E-15));
#9503=DIRECTION('',(0.,-1.80411241501588E-15,-1.));
#9504=DIRECTION('',(-4.9851730665239E-65,-1.,4.49024471295489E-49));
#9505=DIRECTION('',(0.,4.49024471295489E-49,1.));
#9506=DIRECTION('',(-1.,0.,0.));
#9507=DIRECTION('',(0.,-1.,0.));
#9508=DIRECTION('',(4.9851730665239E-65,1.,-4.49024471295489E-49));
#9509=DIRECTION('',(-1.00000000000001,0.,0.));
#9510=DIRECTION('',(-4.9851730665239E-65,-1.,4.49024471295489E-49));
#9511=DIRECTION('',(1.,0.,-1.11022302462516E-16));
#9512=DIRECTION('',(4.9851730665239E-65,1.,-4.49024471295489E-49));
#9513=DIRECTION('',(1.00000000000001,0.,0.));
#9514=DIRECTION('',(0.915643512413589,0.261612432118169,0.305214504137864));
#9515=DIRECTION('',(3.53076982593813E-30,1.,-1.67202262744752E-15));
#9516=DIRECTION('',(-0.948683298050513,-2.39141905836557E-16,-0.31622776601684));
#9517=DIRECTION('',(-3.53076982593813E-30,-1.,1.67202262744752E-15));
#9518=DIRECTION('',(0.31622776601684,-1.586219940622E-15,-0.948683298050513));
#9519=DIRECTION('',(0.,-1.,1.67227343084164E-15));
#9520=DIRECTION('',(-1.,0.,0.));
#9521=DIRECTION('',(-0.961523947640823,-0.274721127897378,4.59339942082322E-16));
#9522=DIRECTION('',(0.,-1.,1.67202262744752E-15));
#9523=DIRECTION('',(0.,1.67202262744752E-15,1.));
#9524=DIRECTION('',(0.,-1.,1.67227343084164E-15));
#9525=DIRECTION('',(1.,0.,5.67830925032948E-16));
#9526=DIRECTION('',(0.,-1.,1.67202262744752E-15));
#9527=DIRECTION('',(0.961523947640823,0.274721127897378,8.66430905478992E-17));
#9528=DIRECTION('',(-1.,0.,0.));
#9529=DIRECTION('',(0.,-1.,1.67202262744752E-15));
#9530=DIRECTION('',(5.67830925032948E-16,-1.67202262744752E-15,-1.));
#9531=DIRECTION('',(0.,1.,-1.67227343084164E-15));
#9532=DIRECTION('',(2.11508946956607E-15,-7.55257790474773E-16,-1.));
#9533=DIRECTION('',(-2.17538795060652E-15,7.38029653034644E-16,1.));
#9534=DIRECTION('',(-2.11167586369817E-15,-6.50521303491303E-16,1.));
#9535=DIRECTION('',(-2.11167586369817E-15,-6.50521303491303E-16,1.));
#9536=DIRECTION('',(-0.274721127897378,0.961523947640823,-1.30725821686685E-15));
#9537=DIRECTION('',(2.1094237467878E-15,-7.49400541621981E-16,-1.));
#9538=DIRECTION('',(0.,1.,0.));
#9539=DIRECTION('',(1.,1.26443886558765E-30,7.5623310643703E-16));
#9540=DIRECTION('',(0.,0.,-1.));
#9541=DIRECTION('',(0.,0.,1.));
#9542=DIRECTION('',(0.,-1.,2.77555756156289E-15));
#9543=DIRECTION('',(-1.,-1.26443886558765E-30,-7.5623310643703E-16));
#9544=DIRECTION('',(0.,0.,-1.));
#9545=DIRECTION('',(-7.5623310643703E-16,7.5623310643703E-16,1.));
#9546=DIRECTION('',(7.56233106437026E-16,6.50521303491303E-16,-1.));
#9547=DIRECTION('',(1.,1.26443886558765E-30,7.5623310643703E-16));
#9548=DIRECTION('',(7.56339435525888E-16,0.,-1.));
#9549=DIRECTION('',(2.11167586369817E-15,-7.5623310643703E-16,-1.));
#9550=DIRECTION('',(-2.17538795060652E-15,9.15952821308007E-16,1.));
#9551=DIRECTION('',(2.11508946956607E-15,-7.56233106437029E-16,-1.));
#9552=DIRECTION('',(-4.29412544368679E-31,-1.,7.5623310643703E-16));
#9553=DIRECTION('',(0.,-7.49400541621981E-16,-1.));
#9554=DIRECTION('',(-1.,-3.53647745219044E-30,-2.11508946956607E-15));
#9555=DIRECTION('',(-2.1163626406917E-15,0.,1.));
#9556=DIRECTION('',(1.,3.63729787689079E-30,2.17538795060652E-15));
#9557=DIRECTION('',(2.17881268582687E-15,0.,-1.));
#9558=DIRECTION('',(0.,0.,-1.));
#9559=DIRECTION('',(-1.,0.,-2.11167586369817E-15));
#9560=DIRECTION('',(0.,0.,-1.));
#9561=DIRECTION('',(0.,-1.,0.));
#9562=DIRECTION('',(1.,0.,2.11167586369817E-15));
#9563=DIRECTION('',(1.73472347597681E-15,0.,-1.));
#9564=DIRECTION('',(0.,1.,-2.77555756156289E-15));
#9565=DIRECTION('',(1.,0.,2.11167586369817E-15));
#9566=DIRECTION('',(2.1094237467878E-15,0.,-1.));
#9567=DIRECTION('',(-1.,0.,0.));
#9568=DIRECTION('',(0.,1.,6.50521303491303E-16));
#9569=DIRECTION('',(0.,-6.52256026967279E-16,1.));
#9570=DIRECTION('',(0.915643512413589,-0.261612432118169,-0.305214504137864));
#9571=DIRECTION('',(3.53076982593813E-30,-1.,1.67202262744752E-15));
#9572=DIRECTION('',(-0.948683298050513,2.39141905836557E-16,0.31622776601684));
#9573=DIRECTION('',(-3.53076982593813E-30,1.,-1.67202262744752E-15));
#9574=DIRECTION('',(0.31622776601684,1.586219940622E-15,0.948683298050513));
#9575=DIRECTION('',(0.,1.,-1.67227343084164E-15));
#9576=DIRECTION('',(-1.,0.,0.));
#9577=DIRECTION('',(-0.961523947640823,0.274721127897378,-4.59339942082322E-16));
#9578=DIRECTION('',(0.,1.,-1.67202262744752E-15));
#9579=DIRECTION('',(0.,-1.67202262744752E-15,-1.));
#9580=DIRECTION('',(0.,1.,-1.67227343084164E-15));
#9581=DIRECTION('',(1.,0.,-5.67830925032948E-16));
#9582=DIRECTION('',(0.,1.,-1.67202262744752E-15));
#9583=DIRECTION('',(0.961523947640823,-0.274721127897378,-8.66430905478992E-17));
#9584=DIRECTION('',(-1.,0.,0.));
#9585=DIRECTION('',(0.,1.,-1.67202262744752E-15));
#9586=DIRECTION('',(5.67830925032948E-16,1.67202262744752E-15,1.));
#9587=DIRECTION('',(0.,-1.,1.67227343084164E-15));
#9588=DIRECTION('',(2.11508946956607E-15,7.55257790474773E-16,1.));
#9589=DIRECTION('',(-2.17538795060652E-15,-7.38029653034644E-16,-1.));
#9590=DIRECTION('',(-2.11167586369817E-15,6.50521303491303E-16,-1.));
#9591=DIRECTION('',(-2.11167586369817E-15,6.50521303491303E-16,-1.));
#9592=DIRECTION('',(-0.274721127897378,-0.961523947640823,1.30725821686685E-15));
#9593=DIRECTION('',(2.1094237467878E-15,7.49400541621981E-16,1.));
#9594=DIRECTION('',(1.06752213906265E-15,-1.,2.66880534765663E-16));
#9595=DIRECTION('',(1.,-1.26443886558765E-30,-7.5623310643703E-16));
#9596=DIRECTION('',(0.,0.,-1.));
#9597=DIRECTION('',(0.,0.,-1.));
#9598=DIRECTION('',(-5.55111512312578E-15,1.,-2.77555756156289E-15));
#9599=DIRECTION('',(-1.,1.26443886558765E-30,7.5623310643703E-16));
#9600=DIRECTION('',(0.,0.,-1.));
#9601=DIRECTION('',(-7.5623310643703E-16,-7.5623310643703E-16,-1.));
#9602=DIRECTION('',(7.56233106437026E-16,-6.50521303491303E-16,1.));
#9603=DIRECTION('',(1.,-1.26443886558765E-30,-7.5623310643703E-16));
#9604=DIRECTION('',(7.56339435525888E-16,0.,1.));
#9605=DIRECTION('',(2.11167586369817E-15,7.5623310643703E-16,1.));
#9606=DIRECTION('',(-2.17538795060652E-15,-9.15952821308007E-16,-1.));
#9607=DIRECTION('',(2.11508946956607E-15,7.56233106437029E-16,1.));
#9608=DIRECTION('',(-4.29412544368679E-31,1.,-7.5623310643703E-16));
#9609=DIRECTION('',(0.,7.49400541621981E-16,1.));
#9610=DIRECTION('',(-1.,3.53647745219044E-30,2.11508946956607E-15));
#9611=DIRECTION('',(-2.1163626406917E-15,0.,-1.));
#9612=DIRECTION('',(1.,-3.63729787689079E-30,-2.17538795060652E-15));
#9613=DIRECTION('',(2.17881268582687E-15,0.,1.));
#9614=DIRECTION('',(0.,0.,1.));
#9615=DIRECTION('',(-1.,0.,2.11167586369817E-15));
#9616=DIRECTION('',(0.,0.,-1.));
#9617=DIRECTION('',(-1.06752213906265E-15,1.,-2.66880534765663E-16));
#9618=DIRECTION('',(1.,0.,-2.11167586369817E-15));
#9619=DIRECTION('',(-1.73472347597681E-15,0.,-1.));
#9620=DIRECTION('',(5.55111512312578E-15,-1.,2.77555756156289E-15));
#9621=DIRECTION('',(1.,0.,-2.11167586369817E-15));
#9622=DIRECTION('',(2.1094237467878E-15,0.,1.));
#9623=DIRECTION('',(-1.,0.,0.));
#9624=DIRECTION('',(0.,-1.,-6.50521303491303E-16));
#9625=DIRECTION('',(0.,6.52256026967279E-16,-1.));
#9626=DIRECTION('',(-1.,-9.97034613304781E-65,-1.11022302462516E-16));
#9627=DIRECTION('',(1.,7.89491928621766E-17,1.11022302462516E-16));
#9628=DIRECTION('',(0.,0.,0.999999999999998));
#9629=DIRECTION('',(-1.,-9.97034613304781E-65,-1.11022302462516E-16));
#9630=DIRECTION('',(1.,7.89491928621766E-17,1.11022302462516E-16));
#9631=DIRECTION('',(0.,0.,-1.));
#9632=DIRECTION('',(1.,9.97034613304781E-65,1.11022302462516E-16));
#9633=DIRECTION('',(0.,0.,-1.));
#9634=DIRECTION('',(7.89491928621766E-17,-1.,8.76512116911605E-33));
#9635=DIRECTION('',(-1.,-7.89491928621766E-17,-1.11022302462516E-16));
#9636=DIRECTION('',(7.89491928621766E-17,-1.,8.76512116911605E-33));
#9637=DIRECTION('',(1.11022302462516E-16,0.,-1.));
#9638=DIRECTION('',(-1.,-8.32667268468867E-17,-1.11022302462516E-16));
#9639=DIRECTION('',(-1.,-9.97034613304781E-65,-1.11022302462516E-16));
#9640=DIRECTION('',(1.11022302462516E-16,-4.49024471295489E-49,-1.));
#9641=DIRECTION('',(-0.974858506571867,1.00053788686021E-49,0.222824801502141));
#9642=DIRECTION('',(1.11022302462516E-16,-4.49024471295489E-49,-1.));
#9643=DIRECTION('',(-1.11022302462516E-16,4.49024471295489E-49,1.));
#9644=DIRECTION('',(-1.,-9.97034613304781E-65,-1.11022302462516E-16));
#9645=DIRECTION('',(-0.894427190999915,2.00809848275524E-49,0.44721359549996));
#9646=DIRECTION('',(4.9851730665239E-65,-1.,4.49024471295489E-49));
#9647=DIRECTION('',(0.,0.,1.));
#9648=DIRECTION('',(1.,9.97034613304781E-65,1.11022302462516E-16));
#9649=DIRECTION('',(-4.9851730665239E-65,1.,-4.49024471295489E-49));
#9650=DIRECTION('',(0.999999999999994,0.,0.));
#9651=DIRECTION('',(-1.11022302462516E-16,4.49024471295489E-49,1.));
#9652=DIRECTION('',(4.9851730665239E-65,-1.,4.49024471295489E-49));
#9653=DIRECTION('',(-1.00000000000001,0.,0.));
#9654=DIRECTION('',(-4.9851730665239E-65,1.,-4.49024471295489E-49));
#9655=DIRECTION('',(0.,0.,1.));
#9656=DIRECTION('',(-4.9851730665239E-65,1.,-4.49024471295489E-49));
#9657=DIRECTION('',(1.,0.,0.));
#9658=DIRECTION('',(1.,9.97034613304779E-65,1.11022302462516E-16));
#9659=DIRECTION('',(-0.919145030018057,1.76879404777601E-49,0.393919298579169));
#9660=DIRECTION('',(4.9851730665239E-65,-1.,4.49024471295489E-49));
#9661=DIRECTION('',(-1.,0.,0.));
#9662=DIRECTION('',(1.,9.97034613304779E-65,1.11022302462516E-16));
#9663=DIRECTION('',(1.11022302462516E-16,-4.49024471295489E-49,-1.));
#9664=DIRECTION('',(4.9851730665239E-65,-1.,4.49024471295489E-49));
#9665=DIRECTION('',(0.,0.,0.999999999999994));
#9666=DIRECTION('',(1.,9.97034613304781E-65,1.11022302462516E-16));
#9667=DIRECTION('',(4.9851730665239E-65,-1.,4.49024471295489E-49));
#9668=DIRECTION('',(0.,0.,1.));
#9669=DIRECTION('',(-4.21119078306096E-17,-4.49024471295489E-49,-1.));
#9670=DIRECTION('',(4.9851730665239E-65,-1.,4.49024471295489E-49));
#9671=DIRECTION('',(0.,0.,1.));
#9672=DIRECTION('',(0.992277876713668,-5.56946311211954E-50,-0.124034734589208));
#9673=DIRECTION('',(-4.9851730665239E-65,1.,-4.49024471295489E-49));
#9674=DIRECTION('',(1.,0.,1.11022302462516E-16));
#9675=DIRECTION('',(-4.9851730665239E-65,1.,-4.49024471295489E-49));
#9676=DIRECTION('',(1.11022302462516E-16,-4.49024471295489E-49,-1.));
#9677=DIRECTION('',(4.9851730665239E-65,-1.,4.49024471295489E-49));
#9678=DIRECTION('',(1.11022302462516E-16,-4.49024471295489E-49,-1.));
#9679=DIRECTION('',(-1.,-9.97034613304779E-65,-1.11022302462516E-16));
#9680=DIRECTION('',(0.,1.,0.));
#9681=DIRECTION('',(-1.11022302462516E-16,4.49024471295489E-49,1.));
#9682=DIRECTION('',(1.,0.,0.));
#9683=DIRECTION('',(0.222824801502141,4.37735325501343E-49,0.974858506571867));
#9684=DIRECTION('',(-0.974858506571867,1.00053788686019E-49,0.222824801502141));
#9685=DIRECTION('',(-1.11022302462516E-16,4.49024471295489E-49,1.));
#9686=DIRECTION('',(1.,0.,0.));
#9687=DIRECTION('',(-1.,-9.97034613304779E-65,-1.11022302462516E-16));
#9688=DIRECTION('',(7.89491928621766E-17,-1.,8.76512116911605E-33));
#9689=DIRECTION('',(-1.,-7.89491928621766E-17,-1.11022302462516E-16));
#9690=DIRECTION('',(7.89491928621766E-17,-1.,8.76512116911605E-33));
#9691=DIRECTION('',(1.11022302462516E-16,0.,-1.));
#9692=DIRECTION('',(-1.,-8.32667268468867E-17,-1.11022302462516E-16));
#9693=DIRECTION('',(-1.11022302462516E-16,0.,1.));
#9694=DIRECTION('',(-1.,-7.89491928621766E-17,-1.11022302462516E-16));
#9695=DIRECTION('',(1.11022302462516E-16,0.,-1.));
#9696=DIRECTION('',(-7.89491928621766E-17,1.,-8.76512116911605E-33));
#9697=DIRECTION('',(1.,8.32667268468867E-17,1.11022302462516E-16));
#9698=DIRECTION('',(7.89491928621766E-17,-1.,8.76512116911605E-33));
#9699=DIRECTION('',(1.11022302462516E-16,0.,-1.));
#9700=DIRECTION('',(1.,7.89491928621766E-17,1.11022302462516E-16));
#9701=DIRECTION('',(1.11022302462516E-16,0.,-1.));
#9702=DIRECTION('',(-1.,-7.89491928621766E-17,-1.11022302462516E-16));
#9703=DIRECTION('',(-1.11022302462516E-16,0.,1.));
#9704=DIRECTION('',(-7.89491928621766E-17,1.,-8.76512116911605E-33));
#9705=DIRECTION('',(1.,8.32667268468867E-17,1.11022302462516E-16));
#9706=DIRECTION('',(7.89491928621766E-17,-1.,8.76512116911605E-33));
#9707=DIRECTION('',(-1.,-7.89491928621766E-17,-1.11022302462516E-16));
#9708=DIRECTION('',(-1.11022302462516E-16,0.,1.));
#9709=DIRECTION('',(0.,0.,1.));
#9710=DIRECTION('',(0.164398987305328,1.69754037324622E-17,-0.986393923832149));
#9711=DIRECTION('',(-1.03257349760524E-16,1.,0.));
#9712=DIRECTION('',(1.00000000000003,0.,0.));
#9713=DIRECTION('',(-1.03257349760524E-16,1.,0.));
#9714=DIRECTION('',(1.,9.71445146547012E-17,0.));
#9715=DIRECTION('',(7.59645419660784E-65,-1.,4.49024471295489E-49));
#9716=DIRECTION('',(0.164398987305361,-4.42915010137811E-49,-0.986393923832143));
#9717=DIRECTION('',(-4.9851730665239E-65,1.,-4.49024471295489E-49));
#9718=DIRECTION('',(0.986393923832143,7.38191683563037E-50,0.164398987305361));
#9719=DIRECTION('',(0.164398987305361,0.,-0.986393923832143));
#9720=DIRECTION('',(4.9851730665239E-65,-1.,4.49024471295489E-49));
#9721=DIRECTION('',(-4.9851730665239E-65,1.,-4.49024471295489E-49));
#9722=DIRECTION('',(1.00000000000003,0.,0.));
#9723=DIRECTION('',(-4.9851730665239E-65,1.,-4.49024471295489E-49));
#9724=DIRECTION('',(-4.9851730665239E-65,1.,-4.49024471295489E-49));
#9725=DIRECTION('',(-1.00000000000003,0.,0.));
#9726=DIRECTION('',(4.9851730665239E-65,-1.,4.49024471295489E-49));
#9727=DIRECTION('',(-1.,-9.97034613304779E-65,-1.11022302462516E-16));
#9728=DIRECTION('',(1.11022302462516E-16,-4.49024471295489E-49,-1.));
#9729=DIRECTION('',(-1.,0.,-1.11022302462516E-16));
#9730=DIRECTION('',(4.9851730665239E-65,-1.,4.49024471295489E-49));
#9731=DIRECTION('',(4.9851730665239E-65,-1.,4.49024471295489E-49));
#9732=DIRECTION('',(-0.999999999999994,0.,0.));
#9733=DIRECTION('',(4.9851730665239E-65,-1.,4.49024471295489E-49));
#9734=DIRECTION('',(0.999999999999994,0.,0.));
#9735=DIRECTION('',(-4.9851730665239E-65,1.,-4.49024471295489E-49));
#9736=DIRECTION('',(4.21119078306096E-17,4.49024471295489E-49,1.));
#9737=DIRECTION('',(-1.,-3.09424535163551E-65,4.21119078306096E-17));
#9738=DIRECTION('',(4.16333634234434E-17,0.,1.));
#9739=DIRECTION('',(4.9851730665239E-65,-1.,4.49024471295489E-49));
#9740=DIRECTION('',(-1.,0.,0.));
#9741=DIRECTION('',(-4.9851730665239E-65,1.,-4.49024471295489E-49));
#9742=DIRECTION('',(4.9851730665239E-65,-1.,4.49024471295489E-49));
#9743=DIRECTION('',(1.,0.,0.));
#9744=DIRECTION('',(-4.9851730665239E-65,1.,-4.49024471295489E-49));
#9745=DIRECTION('',(-0.992277876713668,5.56946311211956E-50,0.124034734589208));
#9746=DIRECTION('',(0.124034734589208,4.45557048969565E-49,0.992277876713668));
#9747=DIRECTION('',(0.992277876713668,0.,-0.124034734589208));
#9748=DIRECTION('',(-1.,-9.97034613304779E-65,-1.11022302462516E-16));
#9749=DIRECTION('',(-1.11022302462516E-16,4.49024471295489E-49,1.));
#9750=DIRECTION('',(-1.,0.,0.));
#9751=DIRECTION('',(-1.11022302462516E-16,4.49024471295489E-49,1.));
#9752=DIRECTION('',(1.,0.,1.11022302462516E-16));
#9753=DIRECTION('',(1.11022302462516E-16,-4.49024471295489E-49,-1.));
#9754=DIRECTION('',(0.222824801502141,4.37735325501343E-49,0.974858506571866));
#9755=DIRECTION('',(-0.974858506571867,1.00053788686021E-49,0.222824801502141));
#9756=DIRECTION('',(-1.11022302462516E-16,4.49024471295489E-49,1.));
#9757=DIRECTION('',(1.,0.,0.));
#9758=DIRECTION('',(-0.974858506571867,1.00053788686021E-49,0.222824801502141));
#9759=DIRECTION('',(1.96448206191777E-48,-1.,2.27893625898235E-64));
#9760=DIRECTION('',(0.222824801502141,4.37735325501343E-49,0.974858506571867));
#9761=DIRECTION('',(0.974858506571867,0.,-0.222824801502141));
#9762=DIRECTION('',(1.11022302462516E-16,-4.49024471295489E-49,-1.));
#9763=DIRECTION('',(-1.,-9.97034613304779E-65,-1.11022302462516E-16));
#9764=DIRECTION('',(0.,1.00000000000003,0.));
#9765=DIRECTION('',(7.89491928621766E-17,-1.,8.76512116911605E-33));
#9766=DIRECTION('',(1.,7.89491928621766E-17,1.11022302462516E-16));
#9767=DIRECTION('',(1.11022302462516E-16,0.,-1.));
#9768=DIRECTION('',(-1.,-9.97034613304779E-65,-1.11022302462516E-16));
#9769=DIRECTION('',(-1.,-9.97034613304779E-65,-1.11022302462516E-16));
#9770=DIRECTION('',(0.,1.00000000000003,0.));
#9771=DIRECTION('',(-1.,-9.97034613304779E-65,-1.11022302462516E-16));
#9772=DIRECTION('',(0.,-1.00000000000003,0.));
#9773=DIRECTION('',(-1.11022302462516E-16,4.49024471295489E-49,1.));
#9774=DIRECTION('',(7.89491928621766E-17,-1.,8.76512116911605E-33));
#9775=DIRECTION('',(-1.,-7.89491928621766E-17,-1.11022302462516E-16));
#9776=DIRECTION('',(-1.11022302462516E-16,0.,1.));
#9777=DIRECTION('',(-1.,-9.97034613304779E-65,-1.11022302462516E-16));
#9778=DIRECTION('',(-4.9851730665239E-65,1.,-4.49024471295489E-49));
#9779=DIRECTION('',(-1.11022302462516E-16,0.,1.));
#9780=DIRECTION('',(1.,8.32667268468867E-17,1.11022302462516E-16));
#9781=DIRECTION('',(-4.9851730665239E-65,1.,-4.49024471295489E-49));
#9782=DIRECTION('',(0.894427190999915,-2.00809848275524E-49,-0.44721359549996));
#9783=DIRECTION('',(0.44721359549996,4.01619696551047E-49,0.894427190999915));
#9784=DIRECTION('',(0.894427190999915,0.,-0.44721359549996));
#9785=DIRECTION('',(-4.9851730665239E-65,1.,-4.49024471295489E-49));
#9786=DIRECTION('',(1.,0.,1.44560289664734E-16));
#9787=DIRECTION('',(-4.9851730665239E-65,1.,-4.49024471295489E-49));
#9788=DIRECTION('',(-4.9851730665239E-65,1.,-4.49024471295489E-49));
#9789=DIRECTION('',(-1.,0.,-1.44560289664734E-16));
#9790=DIRECTION('',(-4.9851730665239E-65,1.,-4.49024471295489E-49));
#9791=DIRECTION('',(4.9851730665239E-65,-1.,4.49024471295489E-49));
#9792=DIRECTION('',(-1.11022302462516E-16,4.49024471295489E-49,1.));
#9793=DIRECTION('',(1.,9.97034613304779E-65,1.11022302462516E-16));
#9794=DIRECTION('',(1.11022302462516E-16,0.,-1.));
#9795=DIRECTION('',(-4.9851730665239E-65,1.,-4.49024471295489E-49));
#9796=DIRECTION('',(-4.9851730665239E-65,1.,-4.49024471295489E-49));
#9797=DIRECTION('',(0.999999999999994,0.,0.));
#9798=DIRECTION('',(-4.9851730665239E-65,1.,-4.49024471295489E-49));
#9799=DIRECTION('',(-0.999999999999994,0.,0.));
#9800=DIRECTION('',(1.,9.97034613304779E-65,1.11022302462516E-16));
#9801=DIRECTION('',(-1.11022302462516E-16,4.49024471295489E-49,1.));
#9802=DIRECTION('',(1.,0.,1.11022302462516E-16));
#9803=DIRECTION('',(-4.9851730665239E-65,1.,-4.49024471295489E-49));
#9804=DIRECTION('',(1.11022302462516E-16,-4.49024471295489E-49,-1.));
#9805=DIRECTION('',(1.,1.25816272631317E-64,1.11022302462516E-16));
#9806=DIRECTION('',(1.11022302462516E-16,0.,-1.));
#9807=DIRECTION('',(4.9851730665239E-65,-1.,4.49024471295489E-49));
#9808=DIRECTION('',(1.,9.97034613304779E-65,1.11022302462516E-16));
#9809=DIRECTION('',(-1.11022302462516E-16,4.49024471295489E-49,1.));
#9810=DIRECTION('',(1.,0.,1.11022302462516E-16));
#9811=DIRECTION('',(4.9851730665239E-65,-1.,4.49024471295489E-49));
#9812=DIRECTION('',(4.9851730665239E-65,-1.,4.49024471295489E-49));
#9813=DIRECTION('',(-1.,0.,0.));
#9814=DIRECTION('',(4.9851730665239E-65,-1.,4.49024471295489E-49));
#9815=DIRECTION('',(1.,0.,0.));
#9816=DIRECTION('',(-4.9851730665239E-65,1.,-4.49024471295489E-49));
#9817=DIRECTION('',(-0.919145030018057,1.76879404777601E-49,0.393919298579169));
#9818=DIRECTION('',(-0.393919298579169,-4.12718611147735E-49,-0.919145030018057));
#9819=DIRECTION('',(-0.919145030018057,0.,0.393919298579169));
#9820=DIRECTION('',(4.9851730665239E-65,-1.,4.49024471295489E-49));
#9821=DIRECTION('',(1.,9.97034613304779E-65,1.11022302462516E-16));
#9822=DIRECTION('',(1.11022302462516E-16,-4.49024471295489E-49,-1.));
#9823=DIRECTION('',(-1.,0.,-1.11022302462516E-16));
#9824=DIRECTION('',(-4.9851730665239E-65,1.,-4.49024471295489E-49));
#9825=DIRECTION('',(1.,0.,0.));
#9826=DIRECTION('',(-4.9851730665239E-65,1.,-4.49024471295489E-49));
#9827=DIRECTION('',(-1.,0.,0.));
#9828=DIRECTION('',(0.,-1.,1.80231010491097E-15));
#9829=DIRECTION('',(0.,0.,0.999999999999999));
#9830=DIRECTION('',(0.,-1.80231010491097E-15,-1.));
#9831=DIRECTION('',(0.,1.,-1.80231010491097E-15));
#9832=DIRECTION('',(0.,1.80411241501588E-15,1.));
#9833=DIRECTION('',(-4.9851730665239E-65,1.,-4.49024471295489E-49));
#9834=DIRECTION('',(0.,-4.49024471295489E-49,-1.));
#9835=DIRECTION('',(-1.,0.,0.));
#9836=DIRECTION('',(0.,1.,0.));
#9837=DIRECTION('',(4.9851730665239E-65,-1.,4.49024471295489E-49));
#9838=DIRECTION('',(-1.00000000000001,0.,0.));
#9839=DIRECTION('',(-4.9851730665239E-65,1.,-4.49024471295489E-49));
#9840=DIRECTION('',(1.,0.,1.11022302462516E-16));
#9841=DIRECTION('',(4.9851730665239E-65,-1.,4.49024471295489E-49));
#9842=DIRECTION('',(1.00000000000001,0.,0.));
#9843=DIRECTION('',(0.961523947640823,0.274721127897378,-4.59339942082322E-16));
#9844=DIRECTION('',(-3.53076982593813E-30,-1.,1.67202262744752E-15));
#9845=DIRECTION('',(1.,-4.29412544368679E-31,7.17987490694245E-46));
#9846=DIRECTION('',(0.,-1.,1.67202262744752E-15));
#9847=DIRECTION('',(0.,-1.67202262744752E-15,-1.));
#9848=DIRECTION('',(0.,1.,-1.67227343084164E-15));
#9849=DIRECTION('',(-0.91564351241359,-0.261612432118168,0.305214504137862));
#9850=DIRECTION('',(3.53076982593813E-30,1.,-1.67202262744752E-15));
#9851=DIRECTION('',(0.948683298050514,-2.39141905836555E-16,-0.316227766016836));
#9852=DIRECTION('',(0.316227766016836,1.586219940622E-15,0.948683298050514));
#9853=DIRECTION('',(0.,-1.,1.67227343084164E-15));
#9854=DIRECTION('',(-1.,9.66178224829527E-31,7.09788656291185E-16));
#9855=DIRECTION('',(1.,0.,0.));
#9856=DIRECTION('',(-0.961523947640823,-0.274721127897378,1.1418187328701E-15));
#9857=DIRECTION('',(0.,-1.,1.67202262744752E-15));
#9858=DIRECTION('',(7.09788656291185E-16,1.67202262744752E-15,1.));
#9859=DIRECTION('',(0.,-1.,1.67227343084164E-15));
#9860=DIRECTION('',(0.,-4.33680868994202E-15,1.));
#9861=DIRECTION('',(0.,1.,0.));
#9862=DIRECTION('',(0.,0.,1.));
#9863=DIRECTION('',(1.,1.26443886558765E-30,7.5623310643703E-16));
#9864=DIRECTION('',(0.,0.,-0.999999999999999));
#9865=DIRECTION('',(0.,-1.,1.33440267382831E-16));
#9866=DIRECTION('',(1.,1.26443886558765E-30,7.5623310643703E-16));
#9867=DIRECTION('',(7.56339435525888E-16,0.,-1.));
#9868=DIRECTION('',(2.11508946956607E-15,-7.55257790474773E-16,-1.));
#9869=DIRECTION('',(-2.11167586369817E-15,-6.50521303491303E-16,1.));
#9870=DIRECTION('',(-2.11167586369817E-15,-6.50521303491303E-16,1.));
#9871=DIRECTION('',(-2.17538795060652E-15,7.38029653034644E-16,1.));
#9872=DIRECTION('',(-0.274721127897378,0.961523947640823,-1.30725821686685E-15));
#9873=DIRECTION('',(2.1094237467878E-15,-7.49400541621981E-16,-1.));
#9874=DIRECTION('',(1.,0.,0.));
#9875=DIRECTION('',(0.,1.,6.50521303491303E-16));
#9876=DIRECTION('',(0.,-6.52256026967279E-16,1.));
#9877=DIRECTION('',(0.,1.,-1.33440267382831E-16));
#9878=DIRECTION('',(-1.,0.,-2.11167586369817E-15));
#9879=DIRECTION('',(0.,0.,-0.999999999999999));
#9880=DIRECTION('',(0.,0.,-1.));
#9881=DIRECTION('',(0.,-1.,0.));
#9882=DIRECTION('',(1.,0.,2.11167586369817E-15));
#9883=DIRECTION('',(1.73472347597681E-15,0.,-1.));
#9884=DIRECTION('',(2.11167586369817E-15,-7.5623310643703E-16,-1.));
#9885=DIRECTION('',(1.,0.,2.11167586369817E-15));
#9886=DIRECTION('',(2.1094237467878E-15,0.,-1.));
#9887=DIRECTION('',(2.11508946956607E-15,-7.5623310643703E-16,-1.));
#9888=DIRECTION('',(-1.,-3.53647745219044E-30,-2.11508946956607E-15));
#9889=DIRECTION('',(-2.1163626406917E-15,0.,1.));
#9890=DIRECTION('',(-2.17538795060652E-15,7.5623310643703E-16,1.));
#9891=DIRECTION('',(1.,3.63729787689079E-30,2.17538795060652E-15));
#9892=DIRECTION('',(2.17881268582687E-15,0.,-1.));
#9893=DIRECTION('',(-4.29412544368679E-31,-1.,7.5623310643703E-16));
#9894=DIRECTION('',(0.,-7.49400541621981E-16,-1.));
#9895=DIRECTION('',(1.,0.,0.));
#9896=DIRECTION('',(-1.,0.,0.));
#9897=DIRECTION('',(0.,-1.,8.16340459283204E-16));
#9898=DIRECTION('',(0.,-8.18789480661053E-16,-1.));
#9899=DIRECTION('',(0.,-2.77555756156289E-15,1.));
#9900=DIRECTION('',(0.,-1.,-2.77555756156289E-15));
#9901=DIRECTION('',(-1.,0.,0.));
#9902=DIRECTION('',(0.,-1.,0.));
#9903=DIRECTION('',(-1.,0.,0.));
#9904=DIRECTION('',(-1.,0.,0.));
#9905=DIRECTION('',(0.,0.,-1.));
#9906=DIRECTION('',(-1.,0.,0.));
#9907=DIRECTION('',(-1.,0.,0.));
#9908=DIRECTION('',(-1.,0.,0.));
#9909=DIRECTION('',(0.,-1.,0.));
#9910=DIRECTION('',(0.,0.,-1.));
#9911=DIRECTION('',(1.,0.,0.));
#9912=DIRECTION('',(0.,2.66880534765663E-16,1.));
#9913=DIRECTION('',(0.,-1.,2.67147415300428E-16));
#9914=DIRECTION('',(0.,-2.77555756156289E-15,-1.));
#9915=DIRECTION('',(0.,1.,-2.77555756156289E-15));
#9916=DIRECTION('',(-1.,0.,0.));
#9917=DIRECTION('',(0.,2.77555756156289E-15,1.));
#9918=DIRECTION('',(0.,-1.,2.77555756156289E-15));
#9919=DIRECTION('',(-1.,0.,0.));
#9920=DIRECTION('',(0.,1.,0.));
#9921=DIRECTION('',(0.,0.,1.));
#9922=DIRECTION('',(1.,0.,0.));
#9923=DIRECTION('',(0.,0.,-1.));
#9924=DIRECTION('',(-1.,0.,0.));
#9925=DIRECTION('',(-1.,0.,0.));
#9926=DIRECTION('',(0.,1.,-1.33440267382831E-16));
#9927=DIRECTION('',(-1.,0.,0.));
#9928=DIRECTION('',(-1.,0.,0.));
#9929=DIRECTION('',(0.,1.33440267382831E-16,1.));
#9930=DIRECTION('',(0.,-1.,1.33573707650214E-16));
#9931=DIRECTION('',(1.,0.,0.));
#9932=DIRECTION('',(-1.,0.,0.));
#9933=DIRECTION('',(0.,1.,0.));
#9934=DIRECTION('',(0.,0.,1.));
#9935=DIRECTION('',(0.,0.,-1.));
#9936=DIRECTION('',(-1.,0.,0.));
#9937=DIRECTION('',(-1.,0.,0.));
#9938=DIRECTION('',(0.,0.,1.));
#9939=DIRECTION('',(-1.,0.,0.));
#9940=DIRECTION('',(0.,0.,1.));
#9941=DIRECTION('',(-1.,0.,0.));
#9942=DIRECTION('',(0.,0.,1.));
#9943=DIRECTION('',(-1.,0.,0.));
#9944=DIRECTION('',(0.,0.,0.999999999999999));
#9945=DIRECTION('',(-1.,0.,0.));
#9946=DIRECTION('',(0.,0.,-1.));
#9947=DIRECTION('',(1.,0.,0.));
#9948=DIRECTION('',(0.,0.,-1.));
#9949=DIRECTION('',(1.,0.,0.));
#9950=DIRECTION('',(0.,0.,-1.));
#9951=DIRECTION('',(-1.,0.,0.));
#9952=DIRECTION('',(0.,0.,1.));
#9953=DIRECTION('',(-1.,0.,0.));
#9954=DIRECTION('',(0.,0.,-1.));
#9955=DIRECTION('',(1.,0.,0.));
#9956=DIRECTION('',(0.,0.,-1.));
#9957=DIRECTION('',(1.,0.,0.));
#9958=DIRECTION('',(0.,0.,-1.));
#9959=DIRECTION('',(-1.,0.,0.));
#9960=DIRECTION('',(0.,0.,1.));
#9961=DIRECTION('',(1.,0.,0.));
#9962=DIRECTION('',(0.,0.,-1.));
#9963=DIRECTION('',(-1.,0.,0.));
#9964=DIRECTION('',(0.,0.,1.));
#9965=DIRECTION('',(1.,0.,0.));
#9966=DIRECTION('',(0.,0.,-1.));
#9967=DIRECTION('',(-1.,0.,0.));
#9968=DIRECTION('',(0.,0.,1.));
#9969=DIRECTION('',(1.,0.,0.));
#9970=DIRECTION('',(0.,0.,-1.));
#9971=DIRECTION('',(-1.,0.,0.));
#9972=DIRECTION('',(0.,0.,1.));
#9973=DIRECTION('',(1.,0.,0.));
#9974=DIRECTION('',(0.,0.,-1.));
#9975=DIRECTION('',(-1.,0.,0.));
#9976=DIRECTION('',(0.,0.,1.));
#9977=DIRECTION('',(1.,0.,0.));
#9978=DIRECTION('',(0.,0.,-1.));
#9979=DIRECTION('',(-1.,0.,0.));
#9980=DIRECTION('',(0.,0.,1.));
#9981=DIRECTION('',(1.,0.,0.));
#9982=DIRECTION('',(0.,0.,-1.));
#9983=DIRECTION('',(1.,0.,0.));
#9984=DIRECTION('',(0.,0.,-1.));
#9985=DIRECTION('',(1.,0.,0.));
#9986=DIRECTION('',(0.,0.,-1.));
#9987=DIRECTION('',(-1.,0.,0.));
#9988=DIRECTION('',(0.,0.,1.));
#9989=DIRECTION('',(1.,0.,0.));
#9990=DIRECTION('',(0.,0.,-1.));
#9991=DIRECTION('',(-1.,0.,0.));
#9992=DIRECTION('',(0.,0.,1.));
#9993=DIRECTION('',(2.24237410495852E-15,-0.763066202090594,-0.646320331745054));
#9994=DIRECTION('',(0.,0.646320331745054,-0.763066202090594));
#9995=DIRECTION('',(1.,0.,0.));
#9996=DIRECTION('',(0.,0.,-1.));
#9997=DIRECTION('',(0.,0.763066202090594,-0.646320331745054));
#9998=DIRECTION('',(0.,0.646320331745054,0.763066202090594));
#9999=DIRECTION('',(1.,0.,0.));
#10000=DIRECTION('',(0.,0.,-1.));
#10001=DIRECTION('',(1.,0.,0.));
#10002=DIRECTION('',(0.,0.,-0.999999999999999));
#10003=DIRECTION('',(1.,0.,0.));
#10004=DIRECTION('',(0.,0.,-1.));
#10005=DIRECTION('',(-2.64741770898216E-15,0.646320331745011,-0.763066202090631));
#10006=DIRECTION('',(0.,0.763066202090629,0.64632033174501));
#10007=DIRECTION('',(1.,0.,0.));
#10008=DIRECTION('',(0.,0.,-1.));
#10009=DIRECTION('',(0.,0.646320331745029,0.763066202090616));
#10010=DIRECTION('',(0.,-0.763066202090615,0.646320331745028));
#10011=DIRECTION('',(1.,0.,0.));
#10012=DIRECTION('',(0.,0.,-1.));
#10013=DIRECTION('',(1.,0.,0.));
#10014=DIRECTION('',(0.,0.,-1.));
#10015=DIRECTION('',(-2.64741770898216E-15,0.646320331745011,-0.763066202090631));
#10016=DIRECTION('',(0.,0.763066202090629,0.64632033174501));
#10017=DIRECTION('',(1.,0.,0.));
#10018=DIRECTION('',(0.,0.,-1.));
#10019=DIRECTION('',(0.,0.646320331745029,0.763066202090616));
#10020=DIRECTION('',(0.,-0.763066202090615,0.646320331745028));
#10021=DIRECTION('',(1.,0.,0.));
#10022=DIRECTION('',(0.,0.,-1.));
#10023=DIRECTION('',(1.,0.,0.));
#10024=DIRECTION('',(0.,0.,-1.));
#10025=DIRECTION('',(-2.64741770898216E-15,0.646320331745011,-0.763066202090631));
#10026=DIRECTION('',(0.,0.763066202090629,0.64632033174501));
#10027=DIRECTION('',(1.,0.,0.));
#10028=DIRECTION('',(0.,0.,-1.));
#10029=DIRECTION('',(0.,0.646320331745029,0.763066202090616));
#10030=DIRECTION('',(0.,-0.763066202090615,0.646320331745028));
#10031=DIRECTION('',(1.,0.,0.));
#10032=DIRECTION('',(0.,0.,-1.));
#10033=DIRECTION('',(1.,0.,0.));
#10034=DIRECTION('',(0.,0.,-1.));
#10035=DIRECTION('',(1.,0.,0.));
#10036=DIRECTION('',(0.,0.,-1.));
#10037=DIRECTION('',(2.24237410495852E-15,0.763066202090594,0.646320331745054));
#10038=DIRECTION('',(0.,-0.646320331745054,0.763066202090594));
#10039=DIRECTION('',(1.,0.,0.));
#10040=DIRECTION('',(0.,0.,-1.));
#10041=DIRECTION('',(-2.24237410495848E-15,-0.763066202090605,0.646320331745041));
#10042=DIRECTION('',(0.,-0.64632033174504,-0.763066202090604));
#10043=DIRECTION('',(1.,0.,0.));
#10044=DIRECTION('',(0.,0.,-1.));
#10045=DIRECTION('',(1.,0.,0.));
#10046=DIRECTION('',(0.,0.,-1.));
#10047=DIRECTION('',(3.67466100186943E-15,-0.646320331745024,0.76306620209062));
#10048=DIRECTION('',(0.,-0.763066202090615,-0.646320331745026));
#10049=DIRECTION('',(1.,0.,0.));
#10050=DIRECTION('',(0.,0.,-1.));
#10051=DIRECTION('',(-1.42643318377979E-14,-0.646320331745028,-0.763066202090616));
#10052=DIRECTION('',(0.,0.763066202090615,-0.646320331745026));
#10053=DIRECTION('',(1.,0.,0.));
#10054=DIRECTION('',(0.,0.,-1.));
#10055=DIRECTION('',(1.,0.,0.));
#10056=DIRECTION('',(0.,0.,-1.));
#10057=DIRECTION('',(1.,0.,0.));
#10058=DIRECTION('',(0.,0.,-1.));
#10059=DIRECTION('',(0.,0.646320331745028,0.763066202090616));
#10060=DIRECTION('',(0.,-0.763066202090615,0.646320331745026));
#10061=DIRECTION('',(1.,0.,0.));
#10062=DIRECTION('',(0.,0.,-1.));
#10063=DIRECTION('',(0.,0.646320331745017,-0.763066202090626));
#10064=DIRECTION('',(0.,0.763066202090629,0.646320331745019));
#10065=DIRECTION('',(1.,0.,0.));
#10066=DIRECTION('',(0.,0.,-1.));
#10067=DIRECTION('',(1.,0.,0.));
#10068=DIRECTION('',(0.,0.,-1.));
#10069=DIRECTION('',(5.29483541796421E-15,-0.646320331745028,0.763066202090616));
#10070=DIRECTION('',(0.,-0.763066202090615,-0.646320331745026));
#10071=DIRECTION('',(1.,0.,0.));
#10072=DIRECTION('',(0.,0.,-0.999999999999999));
#10073=DIRECTION('',(1.42643318377979E-14,-0.646320331745017,-0.763066202090626));
#10074=DIRECTION('',(0.,0.763066202090629,-0.646320331745019));
#10075=DIRECTION('',(1.,0.,0.));
#10076=DIRECTION('',(0.,0.,-1.));
#10077=DIRECTION('',(1.,0.,0.));
#10078=DIRECTION('',(0.,0.,-0.999999999999999));
#10079=DIRECTION('',(1.,0.,0.));
#10080=DIRECTION('',(0.,0.,-0.999999999999999));
#10081=DIRECTION('',(0.,0.,1.));
#10082=DIRECTION('',(0.,-1.,0.));
#10083=DIRECTION('',(0.,0.,-1.));
#10084=DIRECTION('',(0.,0.,-1.));
#10085=DIRECTION('',(0.,1.,0.));
#10086=DIRECTION('',(0.,0.,1.));
#10087=DIRECTION('',(0.,0.,1.));
#10088=DIRECTION('',(0.,-1.,0.));
#10089=DIRECTION('',(0.,0.,-1.));
#10090=DIRECTION('',(0.,0.,-1.));
#10091=DIRECTION('',(2.77555756156289E-15,1.,0.));
#10092=DIRECTION('',(-1.,2.77555756156289E-15,0.));
#10093=DIRECTION('',(0.,0.,1.));
#10094=DIRECTION('',(0.,-1.,0.));
#10095=DIRECTION('',(0.,0.,-1.));
#10096=DIRECTION('',(0.,0.,-1.));
#10097=DIRECTION('',(0.,1.,0.));
#10098=DIRECTION('',(0.,0.,1.));
#10099=DIRECTION('',(0.,0.,-1.));
#10100=DIRECTION('',(0.,-1.,0.));
#10101=DIRECTION('',(0.,0.,-1.));
#10102=DIRECTION('',(0.,0.,1.));
#10103=DIRECTION('',(-1.,-7.2280144832367E-16,0.));
#10104=DIRECTION('',(0.,1.,0.));
#10105=DIRECTION('',(-7.2280144832367E-16,1.,0.));
#10106=DIRECTION('',(-1.,-7.2280144832367E-16,0.));
#10107=DIRECTION('',(0.,1.,0.));
#10108=DIRECTION('',(0.,0.,-1.));
#10109=DIRECTION('',(0.,0.,1.));
#10110=DIRECTION('',(0.,0.,-1.));
#10111=DIRECTION('',(0.,0.,1.));
#10112=DIRECTION('',(0.,0.,-1.));
#10113=DIRECTION('',(0.,0.,1.));
#10114=DIRECTION('',(0.,0.,-1.));
#10115=DIRECTION('',(1.,7.2280144832367E-16,0.));
#10116=DIRECTION('',(-7.21644966006352E-16,1.,0.));
#10117=DIRECTION('',(0.,0.,1.));
#10118=DIRECTION('',(0.,1.,0.));
#10119=DIRECTION('',(0.,0.,1.));
#10120=DIRECTION('',(0.,0.,1.));
#10121=DIRECTION('',(0.,-1.,0.));
#10122=DIRECTION('',(0.,0.,-1.));
#10123=DIRECTION('',(0.,0.,-1.));
#10124=DIRECTION('',(0.,0.,1.));
#10125=DIRECTION('',(-1.,-3.61400724161835E-16,0.));
#10126=DIRECTION('',(3.60822483003176E-16,-1.,0.));
#10127=DIRECTION('',(0.,0.,-1.));
#10128=DIRECTION('',(0.,1.,0.));
#10129=DIRECTION('',(0.,0.,1.));
#10130=DIRECTION('',(0.,0.,1.));
#10131=DIRECTION('',(0.,-1.,0.));
#10132=DIRECTION('',(0.,0.,-1.));
#10133=DIRECTION('',(0.,0.,-1.));
#10134=DIRECTION('',(0.,0.,1.));
#10135=DIRECTION('',(-1.,0.,0.));
#10136=DIRECTION('',(0.,0.,1.));
#10137=DIRECTION('',(0.,0.,-1.));
#10138=DIRECTION('',(2.77555756156289E-15,1.,0.));
#10139=DIRECTION('',(-1.,2.77555756156289E-15,0.));
#10140=DIRECTION('',(0.,0.,1.));
#10141=DIRECTION('',(0.,-1.,0.));
#10142=DIRECTION('',(0.,0.,-1.));
#10143=DIRECTION('',(0.,0.,-1.));
#10144=DIRECTION('',(0.,0.,1.));
#10145=DIRECTION('',(-1.,-3.61400724161835E-16,0.));
#10146=DIRECTION('',(3.60822483003176E-16,-1.,0.));
#10147=DIRECTION('',(0.,0.,-1.));
#10148=DIRECTION('',(0.,1.,0.));
#10149=DIRECTION('',(0.,0.,1.));
#10150=DIRECTION('',(0.,0.,1.));
#10151=DIRECTION('',(0.,-1.,0.));
#10152=DIRECTION('',(0.,0.,-1.));
#10153=DIRECTION('',(0.,0.,-1.));
#10154=DIRECTION('',(0.,0.,1.));
#10155=DIRECTION('',(-1.,0.,0.));
#10156=DIRECTION('',(0.,0.,1.));
#10157=DIRECTION('',(0.,0.,-1.));
#10158=DIRECTION('',(0.,1.,0.));
#10159=DIRECTION('',(0.,0.,1.));
#10160=DIRECTION('',(0.,0.,1.));
#10161=DIRECTION('',(1.,0.,0.));
#10162=DIRECTION('',(0.,0.,1.));
#10163=DIRECTION('',(1.,0.,0.));
#10164=DIRECTION('',(0.,0.,1.));
#10165=DIRECTION('',(1.,0.,0.));
#10166=DIRECTION('',(0.,0.,1.));
#10167=DIRECTION('',(1.,0.,0.));
#10168=DIRECTION('',(0.,0.,1.));
#10169=DIRECTION('',(1.,0.,0.));
#10170=DIRECTION('',(0.,0.,1.));
#10171=DIRECTION('',(1.,0.,0.));
#10172=DIRECTION('',(0.,0.,1.));
#10173=DIRECTION('',(1.,0.,0.));
#10174=DIRECTION('',(0.,0.,1.));
#10175=DIRECTION('',(1.,0.,0.));
#10176=DIRECTION('',(0.,0.,1.));
#10177=DIRECTION('',(1.,0.,0.));
#10178=DIRECTION('',(0.,0.,1.));
#10179=DIRECTION('',(1.,0.,0.));
#10180=DIRECTION('',(0.,0.,1.));
#10181=DIRECTION('',(1.,0.,0.));
#10182=DIRECTION('',(0.,0.,1.));
#10183=DIRECTION('',(1.,0.,0.));
#10184=DIRECTION('',(0.,0.,1.));
#10185=DIRECTION('',(1.,0.,0.));
#10186=DIRECTION('',(0.,0.,1.));
#10187=DIRECTION('',(1.,0.,0.));
#10188=DIRECTION('',(0.,0.,1.));
#10189=DIRECTION('',(1.,0.,0.));
#10190=DIRECTION('',(0.,0.,1.));
#10191=DIRECTION('',(1.,0.,0.));
#10192=DIRECTION('',(0.,-2.77555756156289E-15,1.));
#10193=DIRECTION('',(1.,0.,0.));
#10194=DIRECTION('',(0.,-1.,-2.77555756156289E-15));
#10195=DIRECTION('',(0.,2.77555756156289E-15,-1.));
#10196=DIRECTION('',(0.,1.,0.));
#10197=DIRECTION('',(0.,0.,1.));
#10198=DIRECTION('',(1.,0.,0.));
#10199=DIRECTION('',(0.,-1.,0.));
#10200=DIRECTION('',(0.,0.,-1.));
#10201=DIRECTION('',(0.,1.,0.));
#10202=DIRECTION('',(0.,0.,1.));
#10203=DIRECTION('',(0.,0.,-1.));
#10204=DIRECTION('',(-1.,0.,0.));
#10205=DIRECTION('',(1.,0.,0.));
#10206=DIRECTION('',(0.,0.,-1.));
#10207=DIRECTION('',(0.,-0.707106781186547,-0.707106781186547));
#10208=DIRECTION('',(0.,-0.707106781186547,0.707106781186547));
#10209=DIRECTION('',(0.,0.,-1.));
#10210=DIRECTION('',(-1.,0.,0.));
#10211=DIRECTION('',(-0.499999999999989,0.866025403784445,2.40370335797947E-15));
#10212=DIRECTION('',(-0.866025403784445,-0.499999999999989,4.16333634234448E-15));
#10213=DIRECTION('',(0.,-1.,0.));
#10214=DIRECTION('',(0.,0.,-1.));
#10215=DIRECTION('',(0.,0.,-1.));
#10216=DIRECTION('',(-1.,0.,0.));
#10217=DIRECTION('',(0.,0.,1.));
#10218=DIRECTION('',(1.,0.,0.));
#10219=DIRECTION('',(0.,-1.,0.));
#10220=DIRECTION('',(0.,0.,-1.));
#10221=DIRECTION('',(1.,0.,0.));
#10222=DIRECTION('',(0.,0.,-1.));
#10223=DIRECTION('',(0.,1.,0.));
#10224=DIRECTION('',(0.,0.,1.));
#10225=DIRECTION('',(0.,0.,1.));
#10226=DIRECTION('',(-0.86602540378444,0.,0.499999999999997));
#10227=DIRECTION('',(0.,1.,0.));
#10228=DIRECTION('',(0.,0.,1.));
#10229=DIRECTION('',(0.86602540378444,2.168404344971E-15,-0.499999999999997));
#10230=DIRECTION('',(0.,4.33680868994202E-15,-1.));
#10231=DIRECTION('',(0.,-1.,-4.33680868994202E-15));
#10232=DIRECTION('',(0.,4.34374758384592E-15,-1.));
#10233=DIRECTION('',(0.866025403784441,0.,0.499999999999996));
#10234=DIRECTION('',(0.,0.,1.));
#10235=DIRECTION('',(0.,1.,0.));
#10236=DIRECTION('',(0.,0.,1.));
#10237=DIRECTION('',(0.,0.,-1.));
#10238=DIRECTION('',(-0.866025403784441,0.,-0.499999999999996));
#10239=DIRECTION('',(0.,-1.,0.));
#10240=DIRECTION('',(0.,0.,-1.));
#10241=DIRECTION('',(-0.499999999999989,0.866025403784445,2.40370335797947E-15));
#10242=DIRECTION('',(0.,2.77555756156289E-15,-1.));
#10243=DIRECTION('',(0.499999999999997,1.1556266144132E-16,0.866025403784441));
#10244=DIRECTION('',(-0.86602540378444,-2.00160401074249E-16,0.499999999999997));
#10245=DIRECTION('',(0.499999999999997,1.15562661441321E-16,0.866025403784441));
#10246=DIRECTION('',(0.86602540378444,8.87377778095833E-15,-0.499999999999997));
#10247=DIRECTION('',(-0.499999999999997,-1.1556266144132E-16,-0.86602540378444));
#10248=DIRECTION('',(0.,-1.,1.33573707650214E-16));
#10249=DIRECTION('',(0.499999999999996,0.,-0.866025403784441));
#10250=DIRECTION('',(0.866025403784441,0.,0.499999999999996));
#10251=DIRECTION('',(0.499999999999996,0.,-0.866025403784441));
#10252=DIRECTION('',(-0.866025403784441,0.,-0.499999999999996));
#10253=DIRECTION('',(-0.499999999999996,0.,0.866025403784441));
#10254=DIRECTION('',(0.,1.,0.));
#10255=DIRECTION('',(0.,0.,1.));
#10256=DIRECTION('',(1.00000000000003,0.,0.));
#10257=DIRECTION('',(0.,0.,-1.));
#10258=DIRECTION('',(-1.00000000000003,0.,0.));
#10259=DIRECTION('',(0.,0.,1.));
#10260=DIRECTION('',(1.00000000000003,0.,0.));
#10261=DIRECTION('',(0.,4.33680868994202E-15,-1.));
#10262=DIRECTION('',(0.,1.00000000000003,4.33680868994202E-15));
#10263=DIRECTION('',(1.,-9.97034613304781E-65,-1.11022302462516E-16));
#10264=DIRECTION('',(0.,0.,-0.999999999999994));
#10265=DIRECTION('',(1.,7.2280144832367E-16,0.));
#10266=DIRECTION('',(-7.21644966006352E-16,1.,0.));
#10267=DIRECTION('',(1.,7.2280144832367E-16,0.));
#10268=DIRECTION('',(-7.21644966006352E-16,1.,0.));
#10269=DIRECTION('',(1.,0.,0.));
#10270=DIRECTION('',(0.,0.,-1.));
#10271=DIRECTION('',(1.,0.,0.));
#10272=DIRECTION('',(0.,0.,-1.));
#10273=DIRECTION('',(1.,7.2280144832367E-16,0.));
#10274=DIRECTION('',(-7.21644966006352E-16,1.,0.));
#10275=DIRECTION('',(1.,0.,0.));
#10276=DIRECTION('',(0.,0.,-1.));
#10277=DIRECTION('',(1.,7.2280144832367E-16,0.));
#10278=DIRECTION('',(-7.21644966006352E-16,1.,0.));
#10279=DIRECTION('',(1.,7.2280144832367E-16,0.));
#10280=DIRECTION('',(-7.21644966006352E-16,1.,0.));
#10281=DIRECTION('',(1.,7.2280144832367E-16,0.));
#10282=DIRECTION('',(-7.21644966006352E-16,1.,0.));
#10283=DIRECTION('',(1.,0.,0.));
#10284=DIRECTION('',(1.,0.,0.));
#10285=DIRECTION('',(0.,0.,-1.));
#10286=DIRECTION('',(1.,0.,0.));
#10287=DIRECTION('',(0.,0.,1.));
#10288=DIRECTION('',(1.,0.,0.));
#10289=DIRECTION('',(1.,0.,0.));
#10290=DIRECTION('',(0.,0.,-1.));
#10291=DIRECTION('',(1.,0.,0.));
#10292=DIRECTION('',(0.,0.,-1.));
#10293=DIRECTION('',(1.,0.,0.));
#10294=DIRECTION('',(0.,0.,-1.));
#10295=DIRECTION('',(1.,0.,0.));
#10296=DIRECTION('',(0.,0.,-1.));
#10297=DIRECTION('',(1.,0.,0.));
#10298=DIRECTION('',(0.,0.,-1.));
#10299=DIRECTION('',(1.,0.,0.));
#10300=DIRECTION('',(0.,0.,-1.));
#10301=DIRECTION('',(1.,0.,0.));
#10302=DIRECTION('',(0.,0.,-1.));
#10303=DIRECTION('',(1.,0.,0.));
#10304=DIRECTION('',(0.,0.,-1.));
#10305=DIRECTION('',(1.,0.,0.));
#10306=DIRECTION('',(0.,0.,-1.));
#10307=DIRECTION('',(1.,0.,0.));
#10308=DIRECTION('',(0.,0.,-1.));
#10309=DIRECTION('',(1.,0.,0.));
#10310=DIRECTION('',(0.,0.,-1.));
#10311=DIRECTION('',(1.,0.,0.));
#10312=DIRECTION('',(0.,0.,-1.));
#10313=DIRECTION('',(1.,0.,0.));
#10314=DIRECTION('',(0.,0.,-1.));
#10315=DIRECTION('',(1.,0.,0.));
#10316=DIRECTION('',(0.,0.,-1.));
#10317=DIRECTION('',(1.,0.,0.));
#10318=DIRECTION('',(0.,0.,-1.));
#10319=DIRECTION('',(1.,0.,0.));
#10320=DIRECTION('',(0.,0.,-1.));
#10321=DIRECTION('',(1.,0.,0.));
#10322=DIRECTION('',(0.,0.,-1.));
#10323=DIRECTION('',(-1.,0.,0.));
#10324=DIRECTION('',(0.,0.,-0.999999999999999));
#10325=DIRECTION('',(0.999999999999996,0.,0.));
#10326=DIRECTION('',(0.,0.,1.));
#10327=DIRECTION('',(-1.,0.,0.));
#10328=DIRECTION('',(0.,0.,-1.));
#10329=DIRECTION('',(-1.,0.,0.));
#10330=DIRECTION('',(0.,0.,-0.999999999999999));
#10331=DIRECTION('',(0.999999999999996,0.,0.));
#10332=DIRECTION('',(0.,0.,1.));
#10333=DIRECTION('',(-1.,0.,0.));
#10334=DIRECTION('',(0.,0.,-1.));
#10335=DIRECTION('',(-1.,0.,0.));
#10336=DIRECTION('',(0.,0.,-0.999999999999999));
#10337=DIRECTION('',(0.999999999999996,0.,0.));
#10338=DIRECTION('',(0.,0.,1.));
#10339=DIRECTION('',(-1.,0.,0.));
#10340=DIRECTION('',(0.,0.,-1.));
#10341=DIRECTION('',(-1.,0.,0.));
#10342=DIRECTION('',(0.,0.,-0.999999999999999));
#10343=DIRECTION('',(0.999999999999996,0.,0.));
#10344=DIRECTION('',(0.,0.,1.));
#10345=DIRECTION('',(-1.,0.,0.));
#10346=DIRECTION('',(0.,0.,-1.));
#10347=DIRECTION('',(-1.,0.,0.));
#10348=DIRECTION('',(0.,0.,-0.999999999999999));
#10349=DIRECTION('',(0.999999999999996,0.,0.));
#10350=DIRECTION('',(0.,0.,1.));
#10351=DIRECTION('',(-1.,0.,0.));
#10352=DIRECTION('',(0.,0.,-1.));
#10353=DIRECTION('',(-1.,0.,0.));
#10354=DIRECTION('',(0.,0.,-0.999999999999999));
#10355=DIRECTION('',(0.999999999999996,0.,0.));
#10356=DIRECTION('',(0.,0.,1.));
#10357=DIRECTION('',(-1.,0.,0.));
#10358=DIRECTION('',(0.,0.,-1.));
#10359=DIRECTION('',(-1.,0.,0.));
#10360=DIRECTION('',(0.,0.,-0.999999999999999));
#10361=DIRECTION('',(0.999999999999996,0.,0.));
#10362=DIRECTION('',(0.,0.,1.));
#10363=DIRECTION('',(-1.,0.,0.));
#10364=DIRECTION('',(0.,0.,-1.));
#10365=DIRECTION('',(-1.,3.51436609374757E-15,0.));
#10366=DIRECTION('',(0.,0.,-0.999999999999999));
#10367=DIRECTION('',(0.999999999999996,0.,0.));
#10368=DIRECTION('',(0.,0.,1.));
#10369=DIRECTION('',(-1.,3.51436609374757E-15,0.));
#10370=DIRECTION('',(0.,0.,-1.));
#10371=CARTESIAN_POINT('',(0.,0.,0.));
#10372=CARTESIAN_POINT('',(43.6271030207489,96.3315241586991,-24.0440635782979));
#10373=CARTESIAN_POINT('',(43.6271030207489,97.3315241586991,-24.0440635782979));
#10374=CARTESIAN_POINT('',(43.6271030207489,64.156524158699,-18.5690635782946));
#10375=CARTESIAN_POINT('',(34.0021030207506,97.506524158699,-24.1190635782968));
#10376=CARTESIAN_POINT('',(34.5021030207506,97.506524158699,-23.5190635782967));
#10377=CARTESIAN_POINT('',(34.4219129529231,97.2349369335773,-23.6152916596897));
#10378=CARTESIAN_POINT('',(34.0646030207497,96.3315241586991,-24.0440635782979));
#10379=CARTESIAN_POINT('',(34.421912952923,95.4281113838209,-23.6152916596898));
#10380=CARTESIAN_POINT('',(34.0021030207506,95.156524158699,-24.1190635782968));
#10381=CARTESIAN_POINT('',(34.5021030207506,95.156524158699,-23.5190635782967));
#10382=CARTESIAN_POINT('',(34.5021030207506,-355.948475841314,-23.5190635782967));
#10383=CARTESIAN_POINT('',(34.5021030207506,86.556524158699,-23.5190635782967));
#10384=CARTESIAN_POINT('',(34.0021030207506,86.556524158699,-24.1190635782968));
#10385=CARTESIAN_POINT('',(34.4219129529231,86.2849369335773,-23.6152916596898));
#10386=CARTESIAN_POINT('',(34.0646030207497,85.3815241586991,-24.0440635782979));
#10387=CARTESIAN_POINT('',(34.421912952923,84.4781113838208,-23.6152916596899));
#10388=CARTESIAN_POINT('',(34.0021030207506,84.206524158699,-24.1190635782968));
#10389=CARTESIAN_POINT('',(34.5021030207506,84.206524158699,-23.5190635782967));
#10390=CARTESIAN_POINT('',(34.5021030207507,-355.948475841314,-23.5190635782965));
#10391=CARTESIAN_POINT('',(34.5021030207506,75.606524158699,-23.5190635782967));
#10392=CARTESIAN_POINT('',(34.0021030207506,75.606524158699,-24.1190635782968));
#10393=CARTESIAN_POINT('',(34.4219129529231,75.3349369335773,-23.6152916596898));
#10394=CARTESIAN_POINT('',(34.0646030207497,74.4315241586991,-24.0440635782979));
#10395=CARTESIAN_POINT('',(34.421912952923,73.5281113838209,-23.6152916596898));
#10396=CARTESIAN_POINT('',(34.0021030207506,73.256524158699,-24.1190635782968));
#10397=CARTESIAN_POINT('',(34.5021030207506,73.256524158699,-23.5190635782967));
#10398=CARTESIAN_POINT('',(34.5021030207506,-355.948475841314,-23.5190635782967));
#10399=CARTESIAN_POINT('',(34.5021030207506,64.656524158699,-23.5190635782967));
#10400=CARTESIAN_POINT('',(34.0021030207506,64.656524158699,-24.1190635782968));
#10401=CARTESIAN_POINT('',(34.0021030207506,64.156524158699,-24.1190635782968));
#10402=CARTESIAN_POINT('',(44.5021030207504,64.156524158699,-11.5190635782946));
#10403=CARTESIAN_POINT('',(29.5021030207506,64.156524158699,-29.5190635782946));
#10404=CARTESIAN_POINT('',(29.5021030207504,-355.948475841314,-29.5190635782981));
#10405=CARTESIAN_POINT('',(29.5021030207504,61.906524158699,-29.5190635782981));
#10406=CARTESIAN_POINT('',(44.5021030207504,61.906524158699,-11.5190635782946));
#10407=CARTESIAN_POINT('',(41.1687696874177,61.906524158699,-15.5190635782946));
#10408=CARTESIAN_POINT('',(41.1687696874177,65.906524158699,-15.5190635782946));
#10409=CARTESIAN_POINT('',(44.5021030207504,65.906524158699,-11.5190635782946));
#10410=CARTESIAN_POINT('',(44.5021030207504,-355.948475841314,-11.5190635782946));
#10411=CARTESIAN_POINT('',(44.5021030207504,104.8565241587,-11.5190635782946));
#10412=CARTESIAN_POINT('',(41.1687696874177,104.8565241587,-15.5190635782946));
#10413=CARTESIAN_POINT('',(41.1687696874177,108.8565241587,-15.5190635782946));
#10414=CARTESIAN_POINT('',(44.5021030207504,108.8565241587,-11.5190635782946));
#10415=CARTESIAN_POINT('',(29.5021030207504,108.8565241587,-29.5190635782981));
#10416=CARTESIAN_POINT('',(29.5021030207504,-355.948475841314,-29.5190635782981));
#10417=CARTESIAN_POINT('',(29.5021030207504,106.6065241587,-29.5190635782981));
#10418=CARTESIAN_POINT('',(44.5021030207504,106.606524158699,-11.5190635782946));
#10419=CARTESIAN_POINT('',(34.0021030207506,106.606524158699,-24.1190635782968));
#10420=CARTESIAN_POINT('',(34.0021030207506,106.106524158699,-24.1190635782968));
#10421=CARTESIAN_POINT('',(34.5021030207506,106.106524158699,-23.5190635782967));
#10422=CARTESIAN_POINT('',(34.5021030207507,-355.948475841314,-23.5190635782965));
#10423=CARTESIAN_POINT('',(43.6271030207492,-355.948475841314,-12.5690635782963));
#10424=CARTESIAN_POINT('',(43.6271030207489,95.156524158699,-12.5690635782966));
#10425=CARTESIAN_POINT('',(43.6271030207489,97.506524158699,-12.5690635782966));
#10426=CARTESIAN_POINT('',(43.1271030207489,97.506524158699,-13.1690635782967));
#10427=CARTESIAN_POINT('',(43.1271030207489,97.006524158699,-13.1690635782967));
#10428=CARTESIAN_POINT('',(44.5021030207504,97.006524158699,-11.5190635782946));
#10429=CARTESIAN_POINT('',(38.6271030207515,97.0065241587003,-18.5690635782946));
#10430=CARTESIAN_POINT('',(38.6271030207486,101.8065241587,-18.5690635782981));
#10431=CARTESIAN_POINT('',(38.6271030207489,106.606524158699,-18.5690635782946));
#10432=CARTESIAN_POINT('',(44.5021030207504,106.606524158699,-11.5190635782946));
#10433=CARTESIAN_POINT('',(43.1271030207489,106.606524158699,-13.1690635782967));
#10434=CARTESIAN_POINT('',(43.1271030207489,106.106524158699,-13.1690635782967));
#10435=CARTESIAN_POINT('',(43.6271030207489,106.106524158699,-12.5690635782966));
#10436=CARTESIAN_POINT('',(43.6271030207492,-355.948475841314,-12.5690635782963));
#10437=CARTESIAN_POINT('',(43.6271030207489,106.740004978887,-12.5690635782966));
#10438=CARTESIAN_POINT('',(41.1687696874177,104.8565241587,-15.5190635782946));
#10439=CARTESIAN_POINT('',(44.0854363540838,104.8565241587,-12.0190635782946));
#10440=CARTESIAN_POINT('',(44.0854363540838,-355.948475841314,-12.0190635782946));
#10441=CARTESIAN_POINT('',(44.0854363540838,65.906524158699,-12.0190635782946));
#10442=CARTESIAN_POINT('',(41.1687696874177,65.906524158699,-15.5190635782946));
#10443=CARTESIAN_POINT('',(43.6271030207489,64.0230433385121,-12.5690635782966));
#10444=CARTESIAN_POINT('',(43.6271030207492,-355.948475841314,-12.5690635782963));
#10445=CARTESIAN_POINT('',(43.6271030207489,64.656524158699,-12.5690635782966));
#10446=CARTESIAN_POINT('',(43.1271030207489,64.656524158699,-13.1690635782967));
#10447=CARTESIAN_POINT('',(43.1271030207489,64.156524158699,-13.1690635782967));
#10448=CARTESIAN_POINT('',(44.5021030207504,64.156524158699,-11.5190635782946));
#10449=CARTESIAN_POINT('',(38.6271030207489,64.156524158699,-18.5690635782946));
#10450=CARTESIAN_POINT('',(38.6271030207489,68.956524158699,-18.5690635782978));
#10451=CARTESIAN_POINT('',(38.6271030207489,73.756524158699,-18.5690635782946));
#10452=CARTESIAN_POINT('',(44.5021030207504,73.756524158699,-11.5190635782946));
#10453=CARTESIAN_POINT('',(43.1271030207489,73.756524158699,-13.1690635782967));
#10454=CARTESIAN_POINT('',(43.1271030207489,73.256524158699,-13.1690635782967));
#10455=CARTESIAN_POINT('',(43.6271030207489,73.256524158699,-12.5690635782966));
#10456=CARTESIAN_POINT('',(43.6271030207492,-355.948475841314,-12.5690635782963));
#10457=CARTESIAN_POINT('',(43.6271030207489,75.606524158699,-12.5690635782966));
#10458=CARTESIAN_POINT('',(43.1271030207489,75.606524158699,-13.1690635782967));
#10459=CARTESIAN_POINT('',(43.1271030207489,75.106524158699,-13.1690635782967));
#10460=CARTESIAN_POINT('',(44.5021030207504,75.106524158699,-11.5190635782946));
#10461=CARTESIAN_POINT('',(38.6271030207515,75.1065241586993,-18.5690635782946));
#10462=CARTESIAN_POINT('',(38.6271030207488,79.9065241586995,-18.5690635782979));
#10463=CARTESIAN_POINT('',(38.6271030207489,84.706524158699,-18.5690635782946));
#10464=CARTESIAN_POINT('',(44.5021030207504,84.706524158699,-11.5190635782946));
#10465=CARTESIAN_POINT('',(43.1271030207489,84.706524158699,-13.1690635782967));
#10466=CARTESIAN_POINT('',(43.1271030207489,84.206524158699,-13.1690635782967));
#10467=CARTESIAN_POINT('',(43.6271030207489,84.206524158699,-12.5690635782966));
#10468=CARTESIAN_POINT('',(43.6271030207492,-355.948475841314,-12.5690635782963));
#10469=CARTESIAN_POINT('',(43.6271030207489,86.556524158699,-12.5690635782966));
#10470=CARTESIAN_POINT('',(43.1271030207489,86.556524158699,-13.1690635782967));
#10471=CARTESIAN_POINT('',(43.1271030207489,86.056524158699,-13.1690635782967));
#10472=CARTESIAN_POINT('',(44.5021030207509,86.056524158699,-11.519063578294));
#10473=CARTESIAN_POINT('',(38.6271030207515,86.0565241586999,-18.5690635782946));
#10474=CARTESIAN_POINT('',(38.6271030207487,90.8565241587,-18.569063578298));
#10475=CARTESIAN_POINT('',(38.6271030207489,95.656524158699,-18.5690635782946));
#10476=CARTESIAN_POINT('',(44.5021030207504,95.656524158699,-11.5190635782946));
#10477=CARTESIAN_POINT('',(43.1271030207489,95.656524158699,-13.1690635782967));
#10478=CARTESIAN_POINT('',(43.1271030207489,95.156524158699,-13.1690635782967));
#10479=CARTESIAN_POINT('',(44.5021030207504,-355.948475841314,-11.5190635782946));
#10480=CARTESIAN_POINT('',(43.6271030207489,68.956524158699,-18.5690635782978));
#10481=CARTESIAN_POINT('',(43.6271030207489,64.656524158699,-16.4359906775276));
#10482=CARTESIAN_POINT('',(43.6271030207489,73.256524158699,-16.4359906775276));
#10483=CARTESIAN_POINT('',(43.6271030207489,73.256524158699,-16.4359906775276));
#10484=CARTESIAN_POINT('',(43.6271030207489,73.3933262331392,-16.711766024859));
#10485=CARTESIAN_POINT('',(43.5745145208708,73.5034227738285,-17.0019887667196));
#10486=CARTESIAN_POINT('',(43.5055480912298,73.5832952232514,-17.2911787962376));
#10487=CARTESIAN_POINT('',(43.4062110523336,73.6983409441384,-17.7077188630522));
#10488=CARTESIAN_POINT('',(43.267546591245,73.7553467932586,-18.1339047094759));
#10489=CARTESIAN_POINT('',(43.1313589509217,73.7565060454296,-18.5558769540733));
#10490=CARTESIAN_POINT('',(43.1299403320368,73.7565181209529,-18.5602724909493));
#10491=CARTESIAN_POINT('',(43.1285216653516,73.756524158699,-18.5646680331318));
#10492=CARTESIAN_POINT('',(43.1271030207489,73.756524158699,-18.5690635782946));
#10493=CARTESIAN_POINT('',(43.1271030207489,73.756524158699,-18.5690635782946));
#10494=CARTESIAN_POINT('',(43.6271030207489,73.756524158699,-18.5690635782946));
#10495=CARTESIAN_POINT('',(38.6271030207489,64.156524158699,-18.5690635782946));
#10496=CARTESIAN_POINT('',(43.1271030207489,64.156524158699,-18.5690635782946));
#10497=CARTESIAN_POINT('',(43.1271030207489,64.156524158699,-18.5690635782946));
#10498=CARTESIAN_POINT('',(43.1285216653516,64.156524158699,-18.5646680331318));
#10499=CARTESIAN_POINT('',(43.1299403320368,64.1565301964451,-18.5602724909493));
#10500=CARTESIAN_POINT('',(43.1313589509217,64.1565422719684,-18.5558769540733));
#10501=CARTESIAN_POINT('',(43.267546591245,64.1577015241394,-18.1339047094759));
#10502=CARTESIAN_POINT('',(43.4062110523336,64.2147073732596,-17.7077188630522));
#10503=CARTESIAN_POINT('',(43.5055480912298,64.3297530941466,-17.2911787962376));
#10504=CARTESIAN_POINT('',(43.5745145208708,64.4096255435695,-17.0019887667196));
#10505=CARTESIAN_POINT('',(43.6271030207489,64.5197220842588,-16.711766024859));
#10506=CARTESIAN_POINT('',(43.6271030207489,64.656524158699,-16.4359906775276));
#10507=CARTESIAN_POINT('',(70.5021030207504,68.956524158699,-18.5690635782978));
#10508=CARTESIAN_POINT('',(29.5021030207504,68.9565241586991,-29.5190635782979));
#10509=CARTESIAN_POINT('',(29.5021030207504,73.756524158699,-29.5190635782981));
#10510=CARTESIAN_POINT('',(34.5021030207506,64.156524158699,-29.5190635782946));
#10511=CARTESIAN_POINT('',(34.0021030207506,64.156524158699,-29.5190635782946));
#10512=CARTESIAN_POINT('',(34.0021030207506,64.156524158699,-29.5190635782946));
#10513=CARTESIAN_POINT('',(34.0035216653563,64.156524158699,-29.5146680331328));
#10514=CARTESIAN_POINT('',(34.0049403320504,64.1565301964452,-29.5102724909532));
#10515=CARTESIAN_POINT('',(34.0063589509323,64.1565422719685,-29.5058769540763));
#10516=CARTESIAN_POINT('',(34.142546590972,64.1577015241394,-29.0839047093873));
#10517=CARTESIAN_POINT('',(34.2812110523353,64.2147073732596,-28.6577188630526));
#10518=CARTESIAN_POINT('',(34.3805480912315,64.3297530941466,-28.241178796238));
#10519=CARTESIAN_POINT('',(34.4495145208725,64.4096255435695,-27.95198876672));
#10520=CARTESIAN_POINT('',(34.5021030207506,64.5197220842588,-27.6617660248593));
#10521=CARTESIAN_POINT('',(34.5021030207506,64.656524158699,-27.3859906775279));
#10522=CARTESIAN_POINT('',(34.5021030207506,64.656524158699,-27.3859906775279));
#10523=CARTESIAN_POINT('',(34.5021030207506,68.9565241586991,-29.5190635782979));
#10524=CARTESIAN_POINT('',(34.5021030207506,73.256524158699,-27.3859906775276));
#10525=CARTESIAN_POINT('',(34.5021030207506,73.256524158699,-27.3859906775276));
#10526=CARTESIAN_POINT('',(34.5021030207506,73.3933262331392,-27.6617660248589));
#10527=CARTESIAN_POINT('',(34.4495145208725,73.5034227738285,-27.9519887667195));
#10528=CARTESIAN_POINT('',(34.3805480912315,73.5832952232514,-28.2411787962374));
#10529=CARTESIAN_POINT('',(34.2812110523352,73.6983409441384,-28.6577188630521));
#10530=CARTESIAN_POINT('',(34.1425465915244,73.7553467932587,-29.0839047095656));
#10531=CARTESIAN_POINT('',(34.0063589509145,73.7565060454296,-29.5058769540705));
#10532=CARTESIAN_POINT('',(34.0049403320266,73.7565181209529,-29.5102724909455));
#10533=CARTESIAN_POINT('',(34.0035216653503,73.756524158699,-29.5146680331309));
#10534=CARTESIAN_POINT('',(34.0021030207506,73.756524158699,-29.5190635782946));
#10535=CARTESIAN_POINT('',(34.0021030207506,73.756524158699,-29.5190635782946));
#10536=CARTESIAN_POINT('',(29.5021030207506,73.756524158699,-29.5190635782946));
#10537=CARTESIAN_POINT('',(43.6271030207489,68.9565241586991,-29.5190635782979));
#10538=CARTESIAN_POINT('',(43.6271030207489,73.7565241586991,-29.5190635782979));
#10539=CARTESIAN_POINT('',(70.5021030207504,68.9565241586991,-29.5190635782979));
#10540=CARTESIAN_POINT('',(29.5021030207504,101.8065241587,-29.5190635782981));
#10541=CARTESIAN_POINT('',(29.5021030207504,101.8065241587,-34.3190635782981));
#10542=CARTESIAN_POINT('',(29.5021030207506,97.006524158699,-29.5190635782946));
#10543=CARTESIAN_POINT('',(34.5021030207506,97.006524158699,-29.5190635782946));
#10544=CARTESIAN_POINT('',(34.0021030207506,97.006524158699,-29.5190635782946));
#10545=CARTESIAN_POINT('',(34.0021030207506,97.006524158699,-29.5190635782946));
#10546=CARTESIAN_POINT('',(34.0035216654055,97.006524158699,-29.5146680331488));
#10547=CARTESIAN_POINT('',(34.0049403322473,97.0065301964465,-29.5102724910168));
#10548=CARTESIAN_POINT('',(34.0063589510799,97.0065422719697,-29.5058769541242));
#10549=CARTESIAN_POINT('',(34.1425465863945,97.0077015241407,-29.0839047079107));
#10550=CARTESIAN_POINT('',(34.2812110523357,97.0647073732601,-28.6577188630578));
#10551=CARTESIAN_POINT('',(34.3805480912315,97.1797530941466,-28.2411787962433));
#10552=CARTESIAN_POINT('',(34.4495145208724,97.2596255435693,-27.9519887667244));
#10553=CARTESIAN_POINT('',(34.5021030207506,97.3697220842586,-27.661766024863));
#10554=CARTESIAN_POINT('',(34.5021030207506,97.506524158699,-27.3859906775309));
#10555=CARTESIAN_POINT('',(34.5021030207506,97.506524158699,-27.3859906775309));
#10556=CARTESIAN_POINT('',(34.5021030207506,101.8065241587,-29.5190635782981));
#10557=CARTESIAN_POINT('',(34.5021030207506,106.106524158699,-27.385990677525));
#10558=CARTESIAN_POINT('',(34.5021030207506,106.106524158699,-27.385990677525));
#10559=CARTESIAN_POINT('',(34.5021030207506,106.243326233139,-27.6617660248556));
#10560=CARTESIAN_POINT('',(34.4495145208726,106.353422773828,-27.9519887667154));
#10561=CARTESIAN_POINT('',(34.3805480912315,106.433295223251,-28.2411787962325));
#10562=CARTESIAN_POINT('',(34.2812110523348,106.548340944139,-28.6577188630474));
#10563=CARTESIAN_POINT('',(34.1425465961018,106.60534679326,-29.0839047110427));
#10564=CARTESIAN_POINT('',(34.0063589507668,106.606506045431,-29.5058769540231));
#10565=CARTESIAN_POINT('',(34.0049403318298,106.606518120954,-29.5102724908821));
#10566=CARTESIAN_POINT('',(34.0035216653011,106.606524158699,-29.5146680331151));
#10567=CARTESIAN_POINT('',(34.0021030207506,106.606524158699,-29.5190635782946));
#10568=CARTESIAN_POINT('',(34.0021030207506,106.606524158699,-29.5190635782946));
#10569=CARTESIAN_POINT('',(29.5021030207506,106.606524158699,-29.5190635782946));
#10570=CARTESIAN_POINT('',(29.5021030207504,101.8065241587,-29.5190635782981));
#10571=CARTESIAN_POINT('',(43.6271030207489,101.8065241587,-29.5190635782981));
#10572=CARTESIAN_POINT('',(43.6271030207488,106.6065241587,-29.5190635782981));
#10573=CARTESIAN_POINT('',(70.5021030207504,101.8065241587,-29.5190635782981));
#10574=CARTESIAN_POINT('',(43.6271030207489,101.8065241587,-18.5690635782981));
#10575=CARTESIAN_POINT('',(43.6271030207489,106.106524158699,-16.435990677525));
#10576=CARTESIAN_POINT('',(43.6271030207489,97.506524158699,-16.4359906775309));
#10577=CARTESIAN_POINT('',(43.6271030207489,106.106524158699,-16.435990677525));
#10578=CARTESIAN_POINT('',(43.6271030207489,106.243326233139,-16.7117660248555));
#10579=CARTESIAN_POINT('',(43.5745145208709,106.353422773828,-17.0019887667154));
#10580=CARTESIAN_POINT('',(43.5055480912298,106.433295223251,-17.2911787962326));
#10581=CARTESIAN_POINT('',(43.4062110523331,106.548340944139,-17.7077188630474));
#10582=CARTESIAN_POINT('',(43.2675465961001,106.60534679326,-18.1339047110427));
#10583=CARTESIAN_POINT('',(43.1313589507651,106.606506045431,-18.5558769540231));
#10584=CARTESIAN_POINT('',(43.1299403318281,106.606518120954,-18.5602724908821));
#10585=CARTESIAN_POINT('',(43.1285216652994,106.606524158699,-18.5646680331151));
#10586=CARTESIAN_POINT('',(43.1271030207489,106.606524158699,-18.5690635782946));
#10587=CARTESIAN_POINT('',(43.1271030207489,106.606524158699,-18.5690635782946));
#10588=CARTESIAN_POINT('',(38.6271030207489,106.606524158699,-18.5690635782946));
#10589=CARTESIAN_POINT('',(43.6271030207489,97.006524158699,-18.5690635782946));
#10590=CARTESIAN_POINT('',(43.1271030207489,97.006524158699,-18.5690635782946));
#10591=CARTESIAN_POINT('',(43.1271030207489,97.006524158699,-18.5690635782946));
#10592=CARTESIAN_POINT('',(43.1285216654038,97.006524158699,-18.5646680331488));
#10593=CARTESIAN_POINT('',(43.1299403322456,97.0065301964465,-18.5602724910168));
#10594=CARTESIAN_POINT('',(43.1313589510783,97.0065422719697,-18.5558769541241));
#10595=CARTESIAN_POINT('',(43.2675465863928,97.0077015241407,-18.1339047079107));
#10596=CARTESIAN_POINT('',(43.406211052334,97.0647073732601,-17.7077188630577));
#10597=CARTESIAN_POINT('',(43.5055480912298,97.1797530941466,-17.2911787962433));
#10598=CARTESIAN_POINT('',(43.5745145208707,97.2596255435693,-17.0019887667244));
#10599=CARTESIAN_POINT('',(43.6271030207489,97.3697220842586,-16.711766024863));
#10600=CARTESIAN_POINT('',(43.6271030207489,97.506524158699,-16.4359906775309));
#10601=CARTESIAN_POINT('',(70.5021030207504,101.8065241587,-18.5690635782981));
#10602=CARTESIAN_POINT('',(29.5021030207504,90.8565241587001,-29.5190635782981));
#10603=CARTESIAN_POINT('',(29.5021030207504,95.6565241587,-29.5190635782981));
#10604=CARTESIAN_POINT('',(29.5021030207506,86.056524158699,-29.5190635782946));
#10605=CARTESIAN_POINT('',(34.5021030207506,86.056524158699,-29.5190635782946));
#10606=CARTESIAN_POINT('',(34.0021030207506,86.056524158699,-29.5190635782946));
#10607=CARTESIAN_POINT('',(34.0021030207506,86.056524158699,-29.5190635782946));
#10608=CARTESIAN_POINT('',(34.0035216653917,86.056524158699,-29.5146680331443));
#10609=CARTESIAN_POINT('',(34.0049403321921,86.0565301964461,-29.510272490999));
#10610=CARTESIAN_POINT('',(34.0063589510386,86.0565422719694,-29.5058769541108));
#10611=CARTESIAN_POINT('',(34.1425465876773,86.0577015241403,-29.0839047083245));
#10612=CARTESIAN_POINT('',(34.2812110523356,86.11470737326,-28.6577188630564));
#10613=CARTESIAN_POINT('',(34.3805480912315,86.2297530941466,-28.2411787962419));
#10614=CARTESIAN_POINT('',(34.4495145208724,86.3096255435694,-27.9519887667233));
#10615=CARTESIAN_POINT('',(34.5021030207506,86.4197220842587,-27.661766024862));
#10616=CARTESIAN_POINT('',(34.5021030207506,86.556524158699,-27.3859906775301));
#10617=CARTESIAN_POINT('',(34.5021030207506,86.556524158699,-27.3859906775301));
#10618=CARTESIAN_POINT('',(34.5021030207506,90.8565241587001,-29.5190635782981));
#10619=CARTESIAN_POINT('',(34.5021030207506,95.156524158699,-27.3859906775258));
#10620=CARTESIAN_POINT('',(34.5021030207506,95.156524158699,-27.3859906775258));
#10621=CARTESIAN_POINT('',(34.5021030207506,95.2933262331391,-27.6617660248566));
#10622=CARTESIAN_POINT('',(34.4495145208726,95.4034227738284,-27.9519887667166));
#10623=CARTESIAN_POINT('',(34.3805480912315,95.4832952232514,-28.241178796234));
#10624=CARTESIAN_POINT('',(34.2812110523349,95.5983409441388,-28.6577188630488));
#10625=CARTESIAN_POINT('',(34.1425465947745,95.6553467932596,-29.0839047106144));
#10626=CARTESIAN_POINT('',(34.0063589508096,95.6565060454305,-29.5058769540369));
#10627=CARTESIAN_POINT('',(34.0049403318868,95.6565181209538,-29.5102724909005));
#10628=CARTESIAN_POINT('',(34.0035216653153,95.656524158699,-29.5146680331197));
#10629=CARTESIAN_POINT('',(34.0021030207506,95.656524158699,-29.5190635782946));
#10630=CARTESIAN_POINT('',(34.0021030207506,95.656524158699,-29.5190635782946));
#10631=CARTESIAN_POINT('',(29.5021030207506,95.656524158699,-29.5190635782946));
#10632=CARTESIAN_POINT('',(43.6271030207489,90.8565241587001,-29.5190635782981));
#10633=CARTESIAN_POINT('',(43.6271030207489,95.6565241587001,-29.5190635782981));
#10634=CARTESIAN_POINT('',(70.5021030207504,90.8565241587001,-29.5190635782981));
#10635=CARTESIAN_POINT('',(43.6271030207489,90.8565241587,-18.569063578298));
#10636=CARTESIAN_POINT('',(43.6271030207489,95.156524158699,-16.4359906775259));
#10637=CARTESIAN_POINT('',(43.6271030207489,86.556524158699,-16.4359906775298));
#10638=CARTESIAN_POINT('',(43.6271030207489,95.156524158699,-16.4359906775259));
#10639=CARTESIAN_POINT('',(43.6271030207489,95.2933262331391,-16.7117660248567));
#10640=CARTESIAN_POINT('',(43.5745145208709,95.4034227738284,-17.0019887667168));
#10641=CARTESIAN_POINT('',(43.5055480912298,95.4832952232514,-17.2911787962343));
#10642=CARTESIAN_POINT('',(43.4062110523332,95.5983409441388,-17.707718863049));
#10643=CARTESIAN_POINT('',(43.2675465944509,95.6553467932595,-18.1339047105105));
#10644=CARTESIAN_POINT('',(43.1313589508183,95.6565060454304,-18.5558769540402));
#10645=CARTESIAN_POINT('',(43.129940331899,95.6565181209537,-18.5602724909049));
#10646=CARTESIAN_POINT('',(43.1285216653171,95.656524158699,-18.5646680331208));
#10647=CARTESIAN_POINT('',(43.1271030207489,95.656524158699,-18.5690635782946));
#10648=CARTESIAN_POINT('',(43.1271030207489,95.656524158699,-18.5690635782946));
#10649=CARTESIAN_POINT('',(38.6271030207489,95.656524158699,-18.5690635782946));
#10650=CARTESIAN_POINT('',(43.6271030207489,86.056524158699,-18.5690635782946));
#10651=CARTESIAN_POINT('',(43.1271030207489,86.056524158699,-18.5690635782946));
#10652=CARTESIAN_POINT('',(43.1271030207489,86.056524158699,-18.5690635782946));
#10653=CARTESIAN_POINT('',(43.1285216653866,86.056524158699,-18.5646680331432));
#10654=CARTESIAN_POINT('',(43.1299403321767,86.056530196446,-18.5602724909945));
#10655=CARTESIAN_POINT('',(43.1313589510266,86.0565422719693,-18.5558769541074));
#10656=CARTESIAN_POINT('',(43.2675465879945,86.0577015241402,-18.1339047084273));
#10657=CARTESIAN_POINT('',(43.4062110523339,86.1147073732599,-17.7077188630559));
#10658=CARTESIAN_POINT('',(43.5055480912298,86.2297530941466,-17.2911787962414));
#10659=CARTESIAN_POINT('',(43.5745145208707,86.3096255435694,-17.0019887667228));
#10660=CARTESIAN_POINT('',(43.6271030207489,86.4197220842587,-16.7117660248617));
#10661=CARTESIAN_POINT('',(43.6271030207489,86.556524158699,-16.4359906775298));
#10662=CARTESIAN_POINT('',(70.5021030207504,90.8565241587,-18.569063578298));
#10663=CARTESIAN_POINT('',(29.5021030207504,79.9065241586995,-29.5190635782979));
#10664=CARTESIAN_POINT('',(29.5021030207504,84.7065241586994,-29.5190635782981));
#10665=CARTESIAN_POINT('',(29.5021030207506,75.106524158699,-29.5190635782946));
#10666=CARTESIAN_POINT('',(34.5021030207506,75.106524158699,-29.5190635782946));
#10667=CARTESIAN_POINT('',(34.0021030207506,75.106524158699,-29.5190635782946));
#10668=CARTESIAN_POINT('',(34.0021030207506,75.106524158699,-29.5190635782946));
#10669=CARTESIAN_POINT('',(34.0035216653705,75.106524158699,-29.5146680331374));
#10670=CARTESIAN_POINT('',(34.0049403321074,75.1065301964456,-29.5102724909716));
#10671=CARTESIAN_POINT('',(34.0063589509751,75.1065422719689,-29.5058769540901));
#10672=CARTESIAN_POINT('',(34.1425465896451,75.1077015241398,-29.0839047089592));
#10673=CARTESIAN_POINT('',(34.2812110523354,75.1647073732598,-28.6577188630541));
#10674=CARTESIAN_POINT('',(34.3805480912315,75.2797530941466,-28.2411787962395));
#10675=CARTESIAN_POINT('',(34.4495145208725,75.3596255435694,-27.9519887667212));
#10676=CARTESIAN_POINT('',(34.5021030207506,75.4697220842587,-27.6617660248603));
#10677=CARTESIAN_POINT('',(34.5021030207506,75.606524158699,-27.3859906775287));
#10678=CARTESIAN_POINT('',(34.5021030207506,75.606524158699,-27.3859906775287));
#10679=CARTESIAN_POINT('',(34.5021030207506,79.9065241586995,-29.5190635782979));
#10680=CARTESIAN_POINT('',(34.5021030207506,84.206524158699,-27.3859906775268));
#10681=CARTESIAN_POINT('',(34.5021030207506,84.206524158699,-27.3859906775268));
#10682=CARTESIAN_POINT('',(34.5021030207506,84.3433262331392,-27.6617660248578));
#10683=CARTESIAN_POINT('',(34.4495145208726,84.4534227738285,-27.9519887667182));
#10684=CARTESIAN_POINT('',(34.3805480912315,84.5332952232514,-28.2411787962359));
#10685=CARTESIAN_POINT('',(34.2812110523351,84.6483409441386,-28.6577188630506));
#10686=CARTESIAN_POINT('',(34.1425465928509,84.7053467932591,-29.0839047099936));
#10687=CARTESIAN_POINT('',(34.0063589508717,84.70650604543,-29.5058769540567));
#10688=CARTESIAN_POINT('',(34.0049403319696,84.7065181209533,-29.5102724909271));
#10689=CARTESIAN_POINT('',(34.0035216653361,84.706524158699,-29.5146680331263));
#10690=CARTESIAN_POINT('',(34.0021030207506,84.706524158699,-29.5190635782946));
#10691=CARTESIAN_POINT('',(34.0021030207506,84.706524158699,-29.5190635782946));
#10692=CARTESIAN_POINT('',(29.5021030207506,84.706524158699,-29.5190635782946));
#10693=CARTESIAN_POINT('',(43.6271030207489,79.9065241586995,-29.5190635782979));
#10694=CARTESIAN_POINT('',(43.6271030207489,84.7065241586995,-29.5190635782979));
#10695=CARTESIAN_POINT('',(70.5021030207504,79.9065241586995,-29.5190635782979));
#10696=CARTESIAN_POINT('',(43.6271030207489,79.9065241586995,-18.5690635782979));
#10697=CARTESIAN_POINT('',(43.6271030207489,84.206524158699,-16.4359906775268));
#10698=CARTESIAN_POINT('',(43.6271030207489,75.606524158699,-16.4359906775287));
#10699=CARTESIAN_POINT('',(43.6271030207489,84.206524158699,-16.4359906775268));
#10700=CARTESIAN_POINT('',(43.6271030207489,84.3433262331392,-16.7117660248578));
#10701=CARTESIAN_POINT('',(43.5745145208709,84.4534227738285,-17.0019887667182));
#10702=CARTESIAN_POINT('',(43.5055480912298,84.5332952232514,-17.2911787962359));
#10703=CARTESIAN_POINT('',(43.4062110523334,84.6483409441386,-17.7077188630506));
#10704=CARTESIAN_POINT('',(43.2675465928492,84.7053467932591,-18.1339047099936));
#10705=CARTESIAN_POINT('',(43.13135895087,84.70650604543,-18.5558769540567));
#10706=CARTESIAN_POINT('',(43.1299403319679,84.7065181209533,-18.5602724909271));
#10707=CARTESIAN_POINT('',(43.1285216653344,84.706524158699,-18.5646680331263));
#10708=CARTESIAN_POINT('',(43.1271030207489,84.706524158699,-18.5690635782946));
#10709=CARTESIAN_POINT('',(43.1271030207489,84.706524158699,-18.5690635782946));
#10710=CARTESIAN_POINT('',(38.6271030207489,84.706524158699,-18.5690635782946));
#10711=CARTESIAN_POINT('',(43.6271030207489,75.106524158699,-18.5690635782946));
#10712=CARTESIAN_POINT('',(43.1271030207489,75.106524158699,-18.5690635782946));
#10713=CARTESIAN_POINT('',(43.1271030207489,75.106524158699,-18.5690635782946));
#10714=CARTESIAN_POINT('',(43.1285216653688,75.106524158699,-18.5646680331374));
#10715=CARTESIAN_POINT('',(43.1299403321057,75.1065301964456,-18.5602724909716));
#10716=CARTESIAN_POINT('',(43.1313589509734,75.1065422719689,-18.5558769540901));
#10717=CARTESIAN_POINT('',(43.2675465896434,75.1077015241398,-18.1339047089592));
#10718=CARTESIAN_POINT('',(43.4062110523337,75.1647073732598,-17.7077188630541));
#10719=CARTESIAN_POINT('',(43.5055480912298,75.2797530941466,-17.2911787962395));
#10720=CARTESIAN_POINT('',(43.5745145208708,75.3596255435694,-17.0019887667212));
#10721=CARTESIAN_POINT('',(43.6271030207489,75.4697220842587,-16.7117660248603));
#10722=CARTESIAN_POINT('',(43.6271030207489,75.606524158699,-16.4359906775287));
#10723=CARTESIAN_POINT('',(70.5021030207504,79.9065241586995,-18.5690635782979));
#10724=CARTESIAN_POINT('',(16.2021030207504,73.756524158699,-24.7818813064665));
#10725=CARTESIAN_POINT('',(33.4497549139426,73.756524158699,-24.7818813064665));
#10726=CARTESIAN_POINT('',(34.0021030207506,73.756524158699,-24.7818813064665));
#10727=CARTESIAN_POINT('',(34.421912952923,73.5281113838209,-23.6152916596898));
#10728=CARTESIAN_POINT('',(34.4444848399378,73.4932205587741,-23.688805842185));
#10729=CARTESIAN_POINT('',(34.4563952143754,73.4661038850478,-23.7701124626823));
#10730=CARTESIAN_POINT('',(34.4631536357779,73.4499985249158,-23.8527328953788));
#10731=CARTESIAN_POINT('',(34.4704190667814,73.4326849577588,-23.9415514252533));
#10732=CARTESIAN_POINT('',(34.4720396307047,73.4274648945929,-24.0341388739756));
#10733=CARTESIAN_POINT('',(34.4692518446378,73.4347711119432,-24.124582916241));
#10734=CARTESIAN_POINT('',(34.4660598141426,73.4431367712967,-24.2281418458322));
#10735=CARTESIAN_POINT('',(34.4571369010828,73.468539452862,-24.3320920868859));
#10736=CARTESIAN_POINT('',(34.4346722671522,73.5072906777359,-24.4258913832921));
#10737=CARTESIAN_POINT('',(34.4201014609776,73.5324251441336,-24.4867306282791));
#10738=CARTESIAN_POINT('',(34.3991494035976,73.5637526453557,-24.5446386849584));
#10739=CARTESIAN_POINT('',(34.3684471765493,73.5968063350059,-24.5947414830743));
#10740=CARTESIAN_POINT('',(34.3444577206556,73.6226331269432,-24.633889746282));
#10741=CARTESIAN_POINT('',(34.3137912120476,73.650003113805,-24.6690597913808));
#10742=CARTESIAN_POINT('',(34.2766469835903,73.6744064536916,-24.6973420646758));
#10743=CARTESIAN_POINT('',(34.2392534510161,73.698973583576,-24.72581416254));
#10744=CARTESIAN_POINT('',(34.1939341251619,73.7210810927322,-24.7481119032918));
#10745=CARTESIAN_POINT('',(34.1449536535551,73.7356835233235,-24.7622597981154));
#10746=CARTESIAN_POINT('',(34.1001010834516,73.7490553125344,-24.775215358231));
#10747=CARTESIAN_POINT('',(34.0506664260008,73.756524158699,-24.7818813064665));
#10748=CARTESIAN_POINT('',(34.0021030207506,73.756524158699,-24.7818813064665));
#10749=CARTESIAN_POINT('',(34.0021030207506,75.106524158699,-24.7818813064667));
#10750=CARTESIAN_POINT('',(34.0449877521153,75.106524158699,-24.7818813064667));
#10751=CARTESIAN_POINT('',(34.0884843548243,75.1122820461309,-24.7767178834971));
#10752=CARTESIAN_POINT('',(34.1288014474358,75.1228429530733,-24.7666134551541));
#10753=CARTESIAN_POINT('',(34.1690657848085,75.1333900409844,-24.7565222485366));
#10754=CARTESIAN_POINT('',(34.2072466129279,75.1489629710358,-24.7411998066781));
#10755=CARTESIAN_POINT('',(34.2406669661751,75.1671072223578,-24.7214981186473));
#10756=CARTESIAN_POINT('',(34.2747964698508,75.1856364786947,-24.7013783781679));
#10757=CARTESIAN_POINT('',(34.3048046915173,75.2071933950048,-24.6762237022546));
#10758=CARTESIAN_POINT('',(34.3297801564096,75.2288633389595,-24.6475950452668));
#10759=CARTESIAN_POINT('',(34.3649150090853,75.2593480683379,-24.6073209742973));
#10760=CARTESIAN_POINT('',(34.3911322982979,75.290681016883,-24.5591054875669));
#10761=CARTESIAN_POINT('',(34.4102922075475,75.3177654570431,-24.507287456255));
#10762=CARTESIAN_POINT('',(34.4365557492512,75.354891589239,-24.4362576299322));
#10763=CARTESIAN_POINT('',(34.4509459472601,75.3851923073624,-24.3564053114459));
#10764=CARTESIAN_POINT('',(34.4594936663271,75.4045494143891,-24.2747621950894));
#10765=CARTESIAN_POINT('',(34.4683038549673,75.4245009082431,-24.1906121135728));
#10766=CARTESIAN_POINT('',(34.4712541944041,75.4335959080871,-24.102443925138));
#10767=CARTESIAN_POINT('',(34.4703257918534,75.4311176690219,-24.0155536831659));
#10768=CARTESIAN_POINT('',(34.4692249033367,75.4281790031101,-23.9125202850805));
#10769=CARTESIAN_POINT('',(34.4628437054833,75.408630522672,-23.8083112257271));
#10770=CARTESIAN_POINT('',(34.4452451096605,75.3749532429135,-23.71248920797));
#10771=CARTESIAN_POINT('',(34.4391177072735,75.3632276344356,-23.6791263154847));
#10772=CARTESIAN_POINT('',(34.4315061743037,75.3497657960737,-23.6465357389654));
#10773=CARTESIAN_POINT('',(34.4219129529231,75.3349369335773,-23.6152916596898));
#10774=CARTESIAN_POINT('',(34.0021030207506,75.106524158699,-24.7818813064667));
#10775=CARTESIAN_POINT('',(16.2021030207504,75.106524158699,-24.7818813064667));
#10776=CARTESIAN_POINT('',(33.4497549139425,75.106524158699,-24.7818813064666));
#10777=CARTESIAN_POINT('',(34.0646030207497,74.4315241586991,-24.0440635782979));
#10778=CARTESIAN_POINT('',(43.6271030207489,74.4315241586991,-24.0440635782979));
#10779=CARTESIAN_POINT('',(43.6271030207489,75.4315241586991,-24.0440635782979));
#10780=CARTESIAN_POINT('',(8.20210302075039,74.4315241586991,-24.0440635782979));
#10781=CARTESIAN_POINT('',(16.2021030207504,84.706524158699,-24.7818813064665));
#10782=CARTESIAN_POINT('',(33.4497549139426,84.706524158699,-24.7818813064665));
#10783=CARTESIAN_POINT('',(34.0021030207506,84.706524158699,-24.7818813064665));
#10784=CARTESIAN_POINT('',(34.421912952923,84.4781113838208,-23.6152916596899));
#10785=CARTESIAN_POINT('',(34.4444848399378,84.443220558774,-23.6888058421851));
#10786=CARTESIAN_POINT('',(34.4563952143754,84.4161038850478,-23.7701124626823));
#10787=CARTESIAN_POINT('',(34.4631536357779,84.3999985249158,-23.8527328953789));
#10788=CARTESIAN_POINT('',(34.4704190667814,84.3826849577588,-23.9415514252534));
#10789=CARTESIAN_POINT('',(34.4720396307047,84.3774648945929,-24.0341388739757));
#10790=CARTESIAN_POINT('',(34.4692518446378,84.3847711119432,-24.1245829162412));
#10791=CARTESIAN_POINT('',(34.4660598141426,84.3931367712967,-24.2281418458323));
#10792=CARTESIAN_POINT('',(34.4571369010828,84.418539452862,-24.332092086886));
#10793=CARTESIAN_POINT('',(34.4346722671522,84.457290677736,-24.4258913832922));
#10794=CARTESIAN_POINT('',(34.4201014609776,84.4824251441336,-24.4867306282792));
#10795=CARTESIAN_POINT('',(34.3991494035976,84.5137526453557,-24.5446386849585));
#10796=CARTESIAN_POINT('',(34.3684471765493,84.5468063350059,-24.5947414830744));
#10797=CARTESIAN_POINT('',(34.3444577206555,84.5726331269432,-24.6338897462821));
#10798=CARTESIAN_POINT('',(34.3137912120475,84.6000031138051,-24.6690597913809));
#10799=CARTESIAN_POINT('',(34.2766469835903,84.6244064536916,-24.6973420646758));
#10800=CARTESIAN_POINT('',(34.239253451016,84.6489735835761,-24.72581416254));
#10801=CARTESIAN_POINT('',(34.1939341251618,84.6710810927323,-24.7481119032919));
#10802=CARTESIAN_POINT('',(34.1449536535551,84.6856835233235,-24.7622597981154));
#10803=CARTESIAN_POINT('',(34.1001010834516,84.6990553125344,-24.775215358231));
#10804=CARTESIAN_POINT('',(34.0506664260008,84.706524158699,-24.7818813064665));
#10805=CARTESIAN_POINT('',(34.0021030207506,84.706524158699,-24.7818813064665));
#10806=CARTESIAN_POINT('',(34.0021030207506,86.056524158699,-24.7818813064667));
#10807=CARTESIAN_POINT('',(34.0449877521153,86.056524158699,-24.7818813064667));
#10808=CARTESIAN_POINT('',(34.0884843548243,86.0622820461309,-24.7767178834971));
#10809=CARTESIAN_POINT('',(34.1288014474358,86.0728429530733,-24.7666134551541));
#10810=CARTESIAN_POINT('',(34.1690657848085,86.0833900409844,-24.7565222485366));
#10811=CARTESIAN_POINT('',(34.2072466129279,86.0989629710357,-24.7411998066782));
#10812=CARTESIAN_POINT('',(34.2406669661751,86.1171072223578,-24.7214981186474));
#10813=CARTESIAN_POINT('',(34.2747964698508,86.1356364786947,-24.7013783781679));
#10814=CARTESIAN_POINT('',(34.3048046915173,86.1571933950047,-24.6762237022546));
#10815=CARTESIAN_POINT('',(34.3297801564096,86.1788633389595,-24.6475950452668));
#10816=CARTESIAN_POINT('',(34.3649150090853,86.2093480683379,-24.6073209742973));
#10817=CARTESIAN_POINT('',(34.3911322982979,86.240681016883,-24.5591054875669));
#10818=CARTESIAN_POINT('',(34.4102922075475,86.2677654570431,-24.507287456255));
#10819=CARTESIAN_POINT('',(34.4365557492512,86.304891589239,-24.4362576299322));
#10820=CARTESIAN_POINT('',(34.4509459472601,86.3351923073624,-24.3564053114459));
#10821=CARTESIAN_POINT('',(34.4594936663271,86.354549414389,-24.2747621950894));
#10822=CARTESIAN_POINT('',(34.4683038549673,86.3745009082431,-24.1906121135728));
#10823=CARTESIAN_POINT('',(34.4712541944041,86.3835959080871,-24.102443925138));
#10824=CARTESIAN_POINT('',(34.4703257918534,86.3811176690219,-24.0155536831659));
#10825=CARTESIAN_POINT('',(34.4692249033367,86.3781790031101,-23.9125202850805));
#10826=CARTESIAN_POINT('',(34.4628437054834,86.358630522672,-23.8083112257271));
#10827=CARTESIAN_POINT('',(34.4452451096605,86.3249532429135,-23.71248920797));
#10828=CARTESIAN_POINT('',(34.4391177072735,86.3132276344356,-23.6791263154847));
#10829=CARTESIAN_POINT('',(34.4315061743037,86.2997657960737,-23.6465357389654));
#10830=CARTESIAN_POINT('',(34.4219129529231,86.2849369335773,-23.6152916596898));
#10831=CARTESIAN_POINT('',(34.0021030207506,86.056524158699,-24.7818813064667));
#10832=CARTESIAN_POINT('',(16.2021030207504,86.056524158699,-24.7818813064666));
#10833=CARTESIAN_POINT('',(33.4497549139425,86.056524158699,-24.7818813064666));
#10834=CARTESIAN_POINT('',(34.0646030207497,85.3815241586991,-24.0440635782979));
#10835=CARTESIAN_POINT('',(43.6271030207489,85.3815241586991,-24.0440635782979));
#10836=CARTESIAN_POINT('',(43.6271030207489,86.3815241586991,-24.0440635782979));
#10837=CARTESIAN_POINT('',(8.20210302075039,85.3815241586991,-24.0440635782979));
#10838=CARTESIAN_POINT('',(16.2021030207504,95.656524158699,-24.7818813064665));
#10839=CARTESIAN_POINT('',(33.4497549139426,95.656524158699,-24.7818813064665));
#10840=CARTESIAN_POINT('',(34.0021030207506,95.656524158699,-24.7818813064665));
#10841=CARTESIAN_POINT('',(34.421912952923,95.4281113838209,-23.6152916596898));
#10842=CARTESIAN_POINT('',(34.4444848399378,95.3932205587741,-23.688805842185));
#10843=CARTESIAN_POINT('',(34.4563952143754,95.3661038850478,-23.7701124626823));
#10844=CARTESIAN_POINT('',(34.4631536357779,95.3499985249158,-23.8527328953788));
#10845=CARTESIAN_POINT('',(34.4704190667814,95.3326849577588,-23.9415514252533));
#10846=CARTESIAN_POINT('',(34.4720396307047,95.3274648945929,-24.0341388739756));
#10847=CARTESIAN_POINT('',(34.4692518446378,95.3347711119432,-24.124582916241));
#10848=CARTESIAN_POINT('',(34.4660598141426,95.3431367712967,-24.2281418458322));
#10849=CARTESIAN_POINT('',(34.4571369010828,95.368539452862,-24.3320920868859));
#10850=CARTESIAN_POINT('',(34.4346722671522,95.4072906777359,-24.4258913832921));
#10851=CARTESIAN_POINT('',(34.4201014609776,95.4324251441336,-24.4867306282791));
#10852=CARTESIAN_POINT('',(34.3991494035976,95.4637526453557,-24.5446386849584));
#10853=CARTESIAN_POINT('',(34.3684471765493,95.4968063350059,-24.5947414830743));
#10854=CARTESIAN_POINT('',(34.3444577206556,95.5226331269432,-24.633889746282));
#10855=CARTESIAN_POINT('',(34.3137912120476,95.550003113805,-24.6690597913808));
#10856=CARTESIAN_POINT('',(34.2766469835903,95.5744064536916,-24.6973420646758));
#10857=CARTESIAN_POINT('',(34.2392534510161,95.598973583576,-24.72581416254));
#10858=CARTESIAN_POINT('',(34.1939341251619,95.6210810927323,-24.7481119032918));
#10859=CARTESIAN_POINT('',(34.1449536535551,95.6356835233235,-24.7622597981154));
#10860=CARTESIAN_POINT('',(34.1001010834516,95.6490553125344,-24.775215358231));
#10861=CARTESIAN_POINT('',(34.0506664260008,95.656524158699,-24.7818813064665));
#10862=CARTESIAN_POINT('',(34.0021030207506,95.656524158699,-24.7818813064665));
#10863=CARTESIAN_POINT('',(34.0021030207506,97.006524158699,-24.7818813064667));
#10864=CARTESIAN_POINT('',(34.0449877521153,97.006524158699,-24.7818813064667));
#10865=CARTESIAN_POINT('',(34.0884843548243,97.0122820461309,-24.7767178834971));
#10866=CARTESIAN_POINT('',(34.1288014474358,97.0228429530733,-24.7666134551541));
#10867=CARTESIAN_POINT('',(34.1690657848085,97.0333900409844,-24.7565222485366));
#10868=CARTESIAN_POINT('',(34.2072466129279,97.0489629710357,-24.7411998066782));
#10869=CARTESIAN_POINT('',(34.2406669661751,97.0671072223578,-24.7214981186474));
#10870=CARTESIAN_POINT('',(34.2747964698508,97.0856364786947,-24.7013783781679));
#10871=CARTESIAN_POINT('',(34.3048046915173,97.1071933950047,-24.6762237022546));
#10872=CARTESIAN_POINT('',(34.3297801564096,97.1288633389595,-24.6475950452668));
#10873=CARTESIAN_POINT('',(34.3649150090853,97.1593480683379,-24.6073209742973));
#10874=CARTESIAN_POINT('',(34.3911322982979,97.190681016883,-24.5591054875669));
#10875=CARTESIAN_POINT('',(34.4102922075475,97.2177654570431,-24.507287456255));
#10876=CARTESIAN_POINT('',(34.4365557492512,97.254891589239,-24.4362576299322));
#10877=CARTESIAN_POINT('',(34.4509459472601,97.2851923073624,-24.3564053114459));
#10878=CARTESIAN_POINT('',(34.4594936663271,97.304549414389,-24.2747621950894));
#10879=CARTESIAN_POINT('',(34.4683038549673,97.3245009082431,-24.1906121135728));
#10880=CARTESIAN_POINT('',(34.4712541944041,97.3335959080871,-24.102443925138));
#10881=CARTESIAN_POINT('',(34.4703257918534,97.3311176690219,-24.0155536831659));
#10882=CARTESIAN_POINT('',(34.4692249033367,97.3281790031101,-23.9125202850805));
#10883=CARTESIAN_POINT('',(34.4628437054834,97.3086305226719,-23.8083112257271));
#10884=CARTESIAN_POINT('',(34.4452451096605,97.2749532429135,-23.71248920797));
#10885=CARTESIAN_POINT('',(34.4391177072735,97.2632276344356,-23.6791263154847));
#10886=CARTESIAN_POINT('',(34.4315061743037,97.2497657960737,-23.6465357389654));
#10887=CARTESIAN_POINT('',(34.4219129529231,97.2349369335773,-23.6152916596897));
#10888=CARTESIAN_POINT('',(34.0021030207506,97.006524158699,-24.7818813064667));
#10889=CARTESIAN_POINT('',(16.2021030207504,97.006524158699,-24.7818813064667));
#10890=CARTESIAN_POINT('',(33.4497549139425,97.006524158699,-24.7818813064667));
#10891=CARTESIAN_POINT('',(34.0646030207497,96.3315241586991,-24.0440635782979));
#10892=CARTESIAN_POINT('',(8.20210302075039,96.3315241586991,-24.0440635782979));
#10893=CARTESIAN_POINT('',(104.00210302075,77.3246849648717,-24.0440635782978));
#10894=CARTESIAN_POINT('',(72.0021030207504,77.3246849648718,-24.0440635782978));
#10895=CARTESIAN_POINT('',(70.7021030207504,77.3246849648717,-24.0440635782978));
#10896=CARTESIAN_POINT('',(70.7021030207504,77.6651155446604,-24.6337066389419));
#10897=CARTESIAN_POINT('',(70.7021030207504,78.4575122932456,-26.0061780672438));
#10898=CARTESIAN_POINT('',(71.3021030207504,78.4575122932456,-26.0061780672438));
#10899=CARTESIAN_POINT('',(72.0021030207504,78.4575122932456,-26.0061780672438));
#10900=CARTESIAN_POINT('',(72.0021030207504,75.1234705434963,-20.2314483621221));
#10901=CARTESIAN_POINT('',(104.00210302075,77.6651155446604,-24.6337066389419));
#10902=CARTESIAN_POINT('',(70.7021030207504,82.1479327727382,-24.633706638942));
#10903=CARTESIAN_POINT('',(70.7021030207504,82.4883633525267,-24.0440635782978));
#10904=CARTESIAN_POINT('',(70.7021030207504,81.3555360241531,-26.0061780672437));
#10905=CARTESIAN_POINT('',(36.5021030207504,82.4883633525269,-24.0440635782978));
#10906=CARTESIAN_POINT('',(72.0021030207504,82.4883633525268,-24.0440635782978));
#10907=CARTESIAN_POINT('',(72.0021030207504,84.6895777739023,-20.2314483621222));
#10908=CARTESIAN_POINT('',(72.0021030207504,81.3555360241531,-26.0061780672437));
#10909=CARTESIAN_POINT('',(104.00210302075,81.3555360241531,-26.0061780672437));
#10910=CARTESIAN_POINT('',(104.00210302075,82.1479327727382,-24.633706638942));
#10911=CARTESIAN_POINT('',(60.9221030207586,74.3269361697257,-36.569063578298));
#10912=CARTESIAN_POINT('',(60.9221030207504,62.5315241587721,-36.5690635782979));
#10913=CARTESIAN_POINT('',(60.9221030207586,60.0655270127706,-36.5690635782979));
#10914=CARTESIAN_POINT('',(52.0021030207504,62.5315241587721,-36.5690635782979));
#10915=CARTESIAN_POINT('',(70.2021030207504,62.5315241587721,-36.5690635782979));
#10916=CARTESIAN_POINT('',(70.2021030207504,60.456524158699,-36.5690635782979));
#10917=CARTESIAN_POINT('',(70.2021030207504,60.0655270127706,-36.5690635782979));
#10918=CARTESIAN_POINT('',(-26.1198969792496,60.0655270127706,-36.5690635782979));
#10919=CARTESIAN_POINT('',(52.0021030207504,60.456524158699,-36.5690635782979));
#10920=CARTESIAN_POINT('',(48.7021030207505,96.4361121477257,-36.5690635782979));
#10921=CARTESIAN_POINT('',(48.7021030207505,95.4361121477257,-36.5690635782979));
#10922=CARTESIAN_POINT('',(48.7021030207505,96.5161121477234,-36.5690635782979));
#10923=CARTESIAN_POINT('',(50.6021030207504,95.4361121477257,-36.5690635782979));
#10924=CARTESIAN_POINT('',(50.6021030207504,95.4361121477257,-36.5690635782979));
#10925=CARTESIAN_POINT('',(50.6021030207504,96.3269361697257,-36.5690635782979));
#10926=CARTESIAN_POINT('',(50.6021030207504,97.0589692905805,-36.5690635782979));
#10927=CARTESIAN_POINT('',(35.3413483037699,92.6987536571575,-36.5690635782979));
#10928=CARTESIAN_POINT('',(48.7021030207504,74.3269361697257,-36.569063578298));
#10929=CARTESIAN_POINT('',(48.7021030207504,74.246936169728,-36.5690635782979));
#10930=CARTESIAN_POINT('',(48.7021030207504,75.3269361697256,-36.5690635782979));
#10931=CARTESIAN_POINT('',(36.5300275490529,77.7246720187844,-36.569063578298));
#10932=CARTESIAN_POINT('',(50.6021030207503,73.7040790268709,-36.5690635782979));
#10933=CARTESIAN_POINT('',(50.6021030207503,74.8269361697256,-36.569063578298));
#10934=CARTESIAN_POINT('',(50.6021030207503,75.3269361697256,-36.569063578298));
#10935=CARTESIAN_POINT('',(48.5414332473026,75.3269361697256,-36.569063578298));
#10936=CARTESIAN_POINT('',(70.2021030207504,60.456524158699,-36.5690635782979));
#10937=CARTESIAN_POINT('',(70.2021030207504,75.8315241586998,-36.5690635782979));
#10938=CARTESIAN_POINT('',(70.2021030207504,65.2315241587721,-36.5690635782979));
#10939=CARTESIAN_POINT('',(52.0021030207504,65.2315241587721,-36.5690635782979));
#10940=CARTESIAN_POINT('',(60.9221030207504,65.2315241587721,-36.5690635782979));
#10941=CARTESIAN_POINT('',(60.9221030207586,74.3269361697257,-36.569063578298));
#10942=CARTESIAN_POINT('',(60.9221030207586,75.3269361697256,-36.569063578298));
#10943=CARTESIAN_POINT('',(48.5414332473026,75.3269361697256,-36.569063578298));
#10944=CARTESIAN_POINT('',(58.9221030207586,75.3269361697256,-36.5690635782979));
#10945=CARTESIAN_POINT('',(58.9221030207586,76.3269361697256,-36.569063578298));
#10946=CARTESIAN_POINT('',(58.9221030207586,65.906524158699,-36.569063578298));
#10947=CARTESIAN_POINT('',(52.0021030207504,65.906524158699,-36.5690635782979));
#10948=CARTESIAN_POINT('',(29.5021030207504,65.906524158699,-36.5690635782979));
#10949=CARTESIAN_POINT('',(29.5021030207504,60.456524158699,-36.5690635782979));
#10950=CARTESIAN_POINT('',(29.5021030207504,104.8565241587,-36.5690635782979));
#10951=CARTESIAN_POINT('',(52.0021030207504,104.8565241587,-36.5690635782979));
#10952=CARTESIAN_POINT('',(58.9221030207586,104.8565241587,-36.5690635782979));
#10953=CARTESIAN_POINT('',(58.9221030207586,91.3269361697257,-36.5690635782979));
#10954=CARTESIAN_POINT('',(58.9221030207586,95.4361121477257,-36.5690635782979));
#10955=CARTESIAN_POINT('',(60.9221030207586,95.4361121477257,-36.5690635782979));
#10956=CARTESIAN_POINT('',(60.9221030207586,95.4361121477257,-36.5690635782979));
#10957=CARTESIAN_POINT('',(60.9221030207586,96.3269361697257,-36.5690635782979));
#10958=CARTESIAN_POINT('',(60.9221030207586,104.8565241587,-36.5690635782979));
#10959=CARTESIAN_POINT('',(52.0021030207504,104.8565241587,-36.5690635782979));
#10960=CARTESIAN_POINT('',(70.2021030207504,104.8565241587,-36.5690635782979));
#10961=CARTESIAN_POINT('',(70.2021030207504,60.456524158699,-36.5690635782979));
#10962=CARTESIAN_POINT('',(70.2021030207504,94.9315241586997,-36.5690635782979));
#10963=CARTESIAN_POINT('',(35.7021030207504,94.9315241586997,-36.5690635782979));
#10964=CARTESIAN_POINT('',(68.6021030207505,94.9315241586997,-36.5690636113507));
#10965=CARTESIAN_POINT('',(68.6021030207505,84.8815241586997,-36.5690636444036));
#10966=CARTESIAN_POINT('',(68.6021030207505,85.3269361697257,-36.5690636113507));
#10967=CARTESIAN_POINT('',(35.7021030207504,85.3269361697257,-36.5690635782979));
#10968=CARTESIAN_POINT('',(68.7021030207504,85.3269361697257,-36.5690635782979));
#10969=CARTESIAN_POINT('',(68.7021030207504,85.3269361697257,-36.5690635782979));
#10970=CARTESIAN_POINT('',(68.7021030207504,75.8315241586998,-36.5690635782979));
#10971=CARTESIAN_POINT('',(55.1771030207504,75.8315241586998,-36.5690635782979));
#10972=CARTESIAN_POINT('',(52.0021030207504,60.456524158699,-36.5690635782979));
#10973=CARTESIAN_POINT('',(60.9221030207504,62.5315241587721,-35.4690635782979));
#10974=CARTESIAN_POINT('',(60.9221030207504,62.5315241587721,-39.0690635782979));
#10975=CARTESIAN_POINT('',(60.9221030207586,60.0655270127706,-34.069063578298));
#10976=CARTESIAN_POINT('',(60.9221030207586,60.0655270127706,-34.0690635782979));
#10977=CARTESIAN_POINT('',(60.9221030207586,64.5655270127706,-34.0690635782979));
#10978=CARTESIAN_POINT('',(60.9221030207504,61.906524158699,-34.0690635782979));
#10979=CARTESIAN_POINT('',(60.9221030207504,61.906524158699,-30.5690635782979));
#10980=CARTESIAN_POINT('',(60.9221030207504,61.906524158699,-30.5690635782979));
#10981=CARTESIAN_POINT('',(60.9221030207504,59.406524158699,-30.5690635782979));
#10982=CARTESIAN_POINT('',(60.9221030207504,59.406524158699,-30.5690635782979));
#10983=CARTESIAN_POINT('',(60.9221030207504,59.406524158699,-39.0690635782979));
#10984=CARTESIAN_POINT('',(60.9221030207504,59.406524158699,-38.0690635782979));
#10985=CARTESIAN_POINT('',(60.9221030207586,60.406524158699,-38.0690635782979));
#10986=CARTESIAN_POINT('',(60.9221030207504,60.406524158699,-39.0690635782979));
#10987=CARTESIAN_POINT('',(60.9221030207504,72.406524158699,-39.0690635782979));
#10988=CARTESIAN_POINT('',(60.9221030207586,74.3269361697257,-13.3812626444036));
#10989=CARTESIAN_POINT('',(70.7021030207504,-2.5,-36.0690635782979));
#10990=CARTESIAN_POINT('',(70.7021030207504,60.3542021473654,-36.0690635782979));
#10991=CARTESIAN_POINT('',(70.7021030207504,62.7315241587721,-36.0690635782979));
#10992=CARTESIAN_POINT('',(70.2021030207504,60.0655270127706,-36.0690635782979));
#10993=CARTESIAN_POINT('',(70.2021030207504,62.5315241587721,-36.0690635782979));
#10994=CARTESIAN_POINT('',(70.5021030207504,62.5315241587721,-36.4690635782979));
#10995=CARTESIAN_POINT('',(70.5021030207504,62.5315241587721,-36.4690635782979));
#10996=CARTESIAN_POINT('',(70.5291704359019,62.5315241587721,-36.4487630169343));
#10997=CARTESIAN_POINT('',(70.5543260785657,62.5370531349216,-36.4254468278167));
#10998=CARTESIAN_POINT('',(70.5760417898848,62.5456934335813,-36.4009819371437));
#10999=CARTESIAN_POINT('',(70.6069200051382,62.5579793310106,-36.3661945820692));
#11000=CARTESIAN_POINT('',(70.6319773084514,62.5767851706189,-36.3280479656907));
#11001=CARTESIAN_POINT('',(70.6509966058273,62.597992513368,-36.2892783581765));
#11002=CARTESIAN_POINT('',(70.6779535636924,62.6280506923649,-36.2343283431707));
#11003=CARTESIAN_POINT('',(70.6938679857958,62.6639393293891,-36.1763411521606));
#11004=CARTESIAN_POINT('',(70.6996207092031,62.700111378708,-36.1188245035051));
#11005=CARTESIAN_POINT('',(70.7011513812062,62.7097359581055,-36.1035206000193));
#11006=CARTESIAN_POINT('',(70.7019728181051,62.7194360584068,-36.0881770819068));
#11007=CARTESIAN_POINT('',(70.7020887347508,62.7291337190582,-36.0728432341024));
#11008=CARTESIAN_POINT('',(70.7020982588033,62.7299305073763,-36.0715833600729));
#11009=CARTESIAN_POINT('',(70.7021030207504,62.7307273414686,-36.0703234699943));
#11010=CARTESIAN_POINT('',(70.7021030207504,62.7315241587721,-36.0690635782979));
#11011=CARTESIAN_POINT('',(70.2021030207504,-2.5,-36.0690635782979));
#11012=CARTESIAN_POINT('',(70.7021030207504,-2.5,-36.0690635782979));
#11013=CARTESIAN_POINT('',(70.7021030207504,65.0315241587721,-36.0690635782979));
#11014=CARTESIAN_POINT('',(70.7021030207504,75.8315241586997,-36.0690635782979));
#11015=CARTESIAN_POINT('',(70.7021030207504,65.0315241587721,-36.0690635782979));
#11016=CARTESIAN_POINT('',(70.7021030207504,65.0323209760755,-36.0703234699943));
#11017=CARTESIAN_POINT('',(70.7020982588033,65.0331178101679,-36.0715833600729));
#11018=CARTESIAN_POINT('',(70.7020887347508,65.0339145984859,-36.0728432341024));
#11019=CARTESIAN_POINT('',(70.7019728181051,65.0436122591373,-36.0881770819068));
#11020=CARTESIAN_POINT('',(70.7011513812062,65.0533123594386,-36.1035206000193));
#11021=CARTESIAN_POINT('',(70.6996207092031,65.0629369388361,-36.1188245035051));
#11022=CARTESIAN_POINT('',(70.6938679857958,65.099108988155,-36.1763411521606));
#11023=CARTESIAN_POINT('',(70.6779535636924,65.1349976251792,-36.2343283431707));
#11024=CARTESIAN_POINT('',(70.6509966058273,65.1650558041761,-36.2892783581765));
#11025=CARTESIAN_POINT('',(70.6319773084514,65.1862631469252,-36.3280479656907));
#11026=CARTESIAN_POINT('',(70.6069200051382,65.2050689865335,-36.3661945820692));
#11027=CARTESIAN_POINT('',(70.5760417898848,65.2173548839628,-36.4009819371437));
#11028=CARTESIAN_POINT('',(70.5543260785657,65.2259951826226,-36.4254468278167));
#11029=CARTESIAN_POINT('',(70.5291704359019,65.2315241587721,-36.4487630169343));
#11030=CARTESIAN_POINT('',(70.5021030207504,65.2315241587721,-36.4690635782979));
#11031=CARTESIAN_POINT('',(70.5021030207504,65.2315241587721,-36.4690635782979));
#11032=CARTESIAN_POINT('',(70.2021030207504,65.2315241587721,-36.0690635782979));
#11033=CARTESIAN_POINT('',(70.2021030207504,75.8315241586998,-36.0690635782979));
#11034=CARTESIAN_POINT('',(70.2021030207504,-2.5,-36.0690635782979));
#11035=CARTESIAN_POINT('',(48.7021030207505,74.3269361696738,-11.5190635782946));
#11036=CARTESIAN_POINT('',(48.7021030207505,75.3269361696738,-11.5190635782946));
#11037=CARTESIAN_POINT('',(48.7021030207505,74.2469361696761,-11.5190635782946));
#11038=CARTESIAN_POINT('',(50.6021030207504,75.3269361696738,-11.5190635782946));
#11039=CARTESIAN_POINT('',(50.6021030207504,75.3269361696738,-11.5190635782946));
#11040=CARTESIAN_POINT('',(50.6021030207504,74.4361121476738,-11.5190635782946));
#11041=CARTESIAN_POINT('',(50.6021030207504,73.704079026819,-11.5190635782946));
#11042=CARTESIAN_POINT('',(35.3413483037699,78.064294660242,-11.5190635782946));
#11043=CARTESIAN_POINT('',(48.7021030207504,96.4361121476738,-11.5190635782945));
#11044=CARTESIAN_POINT('',(48.7021030207504,96.5161121476715,-11.5190635782946));
#11045=CARTESIAN_POINT('',(48.7021030207504,95.4361121476738,-11.5190635782946));
#11046=CARTESIAN_POINT('',(36.5300275490529,93.0383762986151,-11.5190635782945));
#11047=CARTESIAN_POINT('',(50.6021030207503,97.0589692905286,-11.5190635782946));
#11048=CARTESIAN_POINT('',(50.6021030207503,95.9361121476738,-11.5190635782945));
#11049=CARTESIAN_POINT('',(50.6021030207503,95.4361121476739,-11.5190635782945));
#11050=CARTESIAN_POINT('',(48.5414332473026,95.4361121476738,-11.5190635782945));
#11051=CARTESIAN_POINT('',(70.2021030207504,112.5665241587,-11.5190635782946));
#11052=CARTESIAN_POINT('',(70.2021030207504,94.9315241586997,-11.5190635782946));
#11053=CARTESIAN_POINT('',(70.2021030207504,103.481524158701,-11.5190635782946));
#11054=CARTESIAN_POINT('',(52.0021030207504,103.481524158701,-11.5190635782946));
#11055=CARTESIAN_POINT('',(60.9221030207504,103.481524158701,-11.5190635782945));
#11056=CARTESIAN_POINT('',(60.9221030207586,96.4361121476738,-11.5190635782945));
#11057=CARTESIAN_POINT('',(60.9221030207586,95.4361121476739,-11.5190635782945));
#11058=CARTESIAN_POINT('',(48.5414332473026,95.4361121476738,-11.5190635782945));
#11059=CARTESIAN_POINT('',(58.9221030207586,95.4361121476738,-11.5190635782946));
#11060=CARTESIAN_POINT('',(58.9221030207586,94.4361121476739,-11.5190635782945));
#11061=CARTESIAN_POINT('',(58.9221030207586,104.8565241587,-11.5190635782945));
#11062=CARTESIAN_POINT('',(52.0021030207504,104.8565241587,-11.5190635782946));
#11063=CARTESIAN_POINT('',(52.0021030207504,65.906524158699,-11.5190635782946));
#11064=CARTESIAN_POINT('',(58.9221030207586,65.906524158699,-11.5190635782946));
#11065=CARTESIAN_POINT('',(58.9221030207586,79.4361121476738,-11.5190635782946));
#11066=CARTESIAN_POINT('',(58.9221030207586,75.3269361696738,-11.5190635782946));
#11067=CARTESIAN_POINT('',(60.9221030207586,75.3269361696738,-11.5190635782946));
#11068=CARTESIAN_POINT('',(60.9221030207586,75.3269361696738,-11.5190635782946));
#11069=CARTESIAN_POINT('',(60.9221030207586,74.4361121476738,-11.5190635782946));
#11070=CARTESIAN_POINT('',(60.9221030207586,65.906524158699,-11.5190635782946));
#11071=CARTESIAN_POINT('',(52.0021030207504,65.906524158699,-11.5190635782946));
#11072=CARTESIAN_POINT('',(70.2021030207504,65.906524158699,-11.5190635782946));
#11073=CARTESIAN_POINT('',(70.2021030207504,112.5665241587,-11.5190635782946));
#11074=CARTESIAN_POINT('',(70.2021030207504,75.8315241586997,-11.5190635782946));
#11075=CARTESIAN_POINT('',(35.7021030207504,75.8315241586997,-11.5190635782946));
#11076=CARTESIAN_POINT('',(68.6021030207505,75.8315241586997,-11.5190635452418));
#11077=CARTESIAN_POINT('',(68.6021030207505,85.8815241586997,-11.5190635121889));
#11078=CARTESIAN_POINT('',(68.6021030207505,85.4361121476738,-11.5190635452418));
#11079=CARTESIAN_POINT('',(35.7021030207504,85.4361121476738,-11.5190635782946));
#11080=CARTESIAN_POINT('',(68.7021030207504,85.4361121476738,-11.5190635782946));
#11081=CARTESIAN_POINT('',(68.7021030207504,85.4361121476738,-11.5190635782946));
#11082=CARTESIAN_POINT('',(68.7021030207504,94.9315241586997,-11.5190635782946));
#11083=CARTESIAN_POINT('',(55.1771030207504,94.9315241586997,-11.5190635782946));
#11084=CARTESIAN_POINT('',(52.0021030207504,112.5665241587,-11.5190635782946));
#11085=CARTESIAN_POINT('',(60.9221030207504,103.481524158701,-9.0190635782946));
#11086=CARTESIAN_POINT('',(60.9221030207504,103.481524158701,-9.0190635782946));
#11087=CARTESIAN_POINT('',(60.9221030207504,98.3565241587005,-9.0190635782946));
#11088=CARTESIAN_POINT('',(60.9221030207586,99.4361121476738,-9.0190635782946));
#11089=CARTESIAN_POINT('',(60.9221030207586,99.4361121476739,-29.6190635782945));
#11090=CARTESIAN_POINT('',(60.9221030207586,99.4361121476738,-6.9312626444002));
#11091=CARTESIAN_POINT('',(60.9221030207586,96.4361121476739,-6.9312626444002));
#11092=CARTESIAN_POINT('',(60.9221030207586,95.4361121476739,-6.9312626444002));
#11093=CARTESIAN_POINT('',(60.9221030207586,95.4361121476738,2.24194430608362));
#11094=CARTESIAN_POINT('',(60.9221030207586,96.4361121476738,-34.7068645121889));
#11095=CARTESIAN_POINT('',(60.9221030207586,104.8565241587,-15.5190635782946));
#11096=CARTESIAN_POINT('',(60.9221030207504,106.181524158701,-11.7448914836492));
#11097=CARTESIAN_POINT('',(60.9221030207504,108.8565241587,-15.5190635782946));
#11098=CARTESIAN_POINT('',(52.0021030207504,106.181524158701,-11.7448914836492));
#11099=CARTESIAN_POINT('',(70.2021030207511,106.181524158701,-11.7448914836461));
#11100=CARTESIAN_POINT('',(70.2021030207504,104.8565241587,-15.5190635782946));
#11101=CARTESIAN_POINT('',(70.2021030207504,108.8565241587,-15.5190635782946));
#11102=CARTESIAN_POINT('',(252.25210302075,108.8565241587,-15.5190635782946));
#11103=CARTESIAN_POINT('',(52.0021030207504,104.8565241587,-15.5190635782946));
#11104=CARTESIAN_POINT('',(70.7021030207504,-2.5,-12.0190635782946));
#11105=CARTESIAN_POINT('',(70.7021030207504,103.681524158701,-12.0190635782946));
#11106=CARTESIAN_POINT('',(70.7021030207504,94.9315241586997,-12.0190635782946));
#11107=CARTESIAN_POINT('',(70.7021030207504,103.681524158701,-12.0190635782946));
#11108=CARTESIAN_POINT('',(70.7021030207504,103.680727341397,-12.0178036865982));
#11109=CARTESIAN_POINT('',(70.7020982588033,103.679930507305,-12.0165437965196));
#11110=CARTESIAN_POINT('',(70.7020887347508,103.679133718987,-12.0152839224901));
#11111=CARTESIAN_POINT('',(70.7019728181051,103.669436058335,-11.9999500746857));
#11112=CARTESIAN_POINT('',(70.7011513812062,103.659735958034,-11.9846065565732));
#11113=CARTESIAN_POINT('',(70.6996207092031,103.650111378637,-11.9693026530873));
#11114=CARTESIAN_POINT('',(70.6938679857958,103.613939329318,-11.9117860044319));
#11115=CARTESIAN_POINT('',(70.6779535636924,103.578050692293,-11.8537988134218));
#11116=CARTESIAN_POINT('',(70.6509966058273,103.547992513297,-11.798848798416));
#11117=CARTESIAN_POINT('',(70.6319773084514,103.526785170547,-11.7600791909018));
#11118=CARTESIAN_POINT('',(70.6069200051382,103.507979330939,-11.7219325745233));
#11119=CARTESIAN_POINT('',(70.5760417898848,103.49569343351,-11.6871452194488));
#11120=CARTESIAN_POINT('',(70.5543260785657,103.48705313485,-11.6626803287758));
#11121=CARTESIAN_POINT('',(70.5291704359019,103.481524158701,-11.6393641396582));
#11122=CARTESIAN_POINT('',(70.5021030207504,103.481524158701,-11.6190635782946));
#11123=CARTESIAN_POINT('',(70.5021030207504,103.481524158701,-11.6190635782946));
#11124=CARTESIAN_POINT('',(70.2021030207504,103.481524158701,-12.0190635782946));
#11125=CARTESIAN_POINT('',(70.2021030207504,94.9315241586997,-12.0190635782946));
#11126=CARTESIAN_POINT('',(70.2021030207504,112.5665241587,-12.0190635782946));
#11127=CARTESIAN_POINT('',(70.2021030207511,106.181524158701,-11.7448914836461));
#11128=CARTESIAN_POINT('',(70.2191660026122,106.181524158701,-11.7448914836461));
#11129=CARTESIAN_POINT('',(70.2362539686622,106.181524158701,-11.7458201639031));
#11130=CARTESIAN_POINT('',(70.253216622214,106.181524158701,-11.7476677933231));
#11131=CARTESIAN_POINT('',(70.3058074570146,106.181524158701,-11.7533961643766));
#11132=CARTESIAN_POINT('',(70.3580997223946,106.181524158701,-11.7682945519552));
#11133=CARTESIAN_POINT('',(70.4059083276528,106.181524158701,-11.7909428941289));
#11134=CARTESIAN_POINT('',(70.4400768311425,106.181524158701,-11.807129518993));
#11135=CARTESIAN_POINT('',(70.4725424490919,106.181524158701,-11.8274704248902));
#11136=CARTESIAN_POINT('',(70.5021030207529,106.181524158701,-11.8510429949302));
#11137=CARTESIAN_POINT('',(70.5021030207529,106.181524158701,-11.8510429949302));
#11138=CARTESIAN_POINT('',(70.5021030207529,106.181524158701,-11.8510429949302));
#11139=CARTESIAN_POINT('',(70.5284824762452,106.1815241587,-11.8720788385307));
#11140=CARTESIAN_POINT('',(70.5538267060594,106.1762173638,-11.8948891928335));
#11141=CARTESIAN_POINT('',(70.5762106935171,106.167287591155,-11.9185027197628));
#11142=CARTESIAN_POINT('',(70.6066508285511,106.155143933298,-11.9506149137904));
#11143=CARTESIAN_POINT('',(70.6324875332883,106.136050575917,-11.9851170516211));
#11144=CARTESIAN_POINT('',(70.6520941057258,106.113821832255,-12.0201417361273));
#11145=CARTESIAN_POINT('',(70.6719959599186,106.091258316033,-12.0556939044841));
#11146=CARTESIAN_POINT('',(70.6860717475966,106.064948600501,-12.0926189640844));
#11147=CARTESIAN_POINT('',(70.6940415708847,106.037734415526,-12.1295651789431));
#11148=CARTESIAN_POINT('',(70.6991535808312,106.020278672876,-12.1532632473965));
#11149=CARTESIAN_POINT('',(70.7018326252656,106.002269879458,-12.1772000642558));
#11150=CARTESIAN_POINT('',(70.7020834930606,105.98431892088,-12.201077547311));
#11151=CARTESIAN_POINT('',(70.7020965122157,105.983387329343,-12.2023167045984));
#11152=CARTESIAN_POINT('',(70.7021030207504,105.982455754305,-12.2035559597836));
#11153=CARTESIAN_POINT('',(70.7021030207504,105.981524158701,-12.2047951824039));
#11154=CARTESIAN_POINT('',(70.7021030207504,105.981524158701,-12.2047951824039));
#11155=CARTESIAN_POINT('',(70.7021030207504,104.8565241587,-15.5190635782946));
#11156=CARTESIAN_POINT('',(70.7021030207504,108.3565241587,-15.5190635782946));
#11157=CARTESIAN_POINT('',(70.2021030207504,108.3565241587,-15.5190635782946));
#11158=CARTESIAN_POINT('',(70.2021030207504,104.8565241587,-15.5190635782946));
#11159=CARTESIAN_POINT('',(44.5021030207504,95.656524158699,-11.5190635782946));
#11160=CARTESIAN_POINT('',(44.5021030207504,97.006524158699,-11.5190635782946));
#11161=CARTESIAN_POINT('',(29.5021030207504,-355.948475841314,-29.5190635782981));
#11162=CARTESIAN_POINT('',(44.5021030207504,-355.948475841314,-11.5190635782946));
#11163=CARTESIAN_POINT('',(44.5021030207504,84.706524158699,-11.5190635782946));
#11164=CARTESIAN_POINT('',(44.5021030207509,86.056524158699,-11.519063578294));
#11165=CARTESIAN_POINT('',(29.5021030207504,-355.948475841314,-29.5190635782981));
#11166=CARTESIAN_POINT('',(44.5021030207504,-355.948475841314,-11.5190635782946));
#11167=CARTESIAN_POINT('',(44.5021030207504,73.756524158699,-11.5190635782946));
#11168=CARTESIAN_POINT('',(44.5021030207504,75.106524158699,-11.5190635782946));
#11169=CARTESIAN_POINT('',(29.5021030207504,-355.948475841314,-29.5190635782981));
#11170=CARTESIAN_POINT('',(44.5021030207504,-355.948475841314,-11.5190635782946));
#11171=CARTESIAN_POINT('',(252.25210302075,61.906524158699,-34.0690635782979));
#11172=CARTESIAN_POINT('',(70.2021030207504,61.906524158699,-34.0690635782979));
#11173=CARTESIAN_POINT('',(70.2021030207504,61.906524158699,-24.0940635782908));
#11174=CARTESIAN_POINT('',(70.2021030207504,61.906524158699,-15.5190635782946));
#11175=CARTESIAN_POINT('',(252.25210302075,61.906524158699,-15.5190635782946));
#11176=CARTESIAN_POINT('',(60.9221030207504,61.906524158699,-15.5190635782946));
#11177=CARTESIAN_POINT('',(60.9221030207504,61.906524158699,-11.5190635782946));
#11178=CARTESIAN_POINT('',(60.9221030207504,61.906524158699,-17.5190635782946));
#11179=CARTESIAN_POINT('',(60.9221030207504,61.906524158699,-17.5190635782946));
#11180=CARTESIAN_POINT('',(58.9221030207504,61.906524158699,-17.5190635782946));
#11181=CARTESIAN_POINT('',(58.9221030207504,61.906524158699,-11.5190635782946));
#11182=CARTESIAN_POINT('',(58.9221030207504,61.906524158699,-15.5190635782946));
#11183=CARTESIAN_POINT('',(252.25210302075,61.906524158699,-15.5190635782946));
#11184=CARTESIAN_POINT('',(29.5021030207504,61.906524158699,-24.8440635782946));
#11185=CARTESIAN_POINT('',(29.5021030207504,61.906524158699,-32.5690635782979));
#11186=CARTESIAN_POINT('',(252.25210302075,61.906524158699,-32.5690635782979));
#11187=CARTESIAN_POINT('',(58.9221030207504,61.906524158699,-32.5690635782979));
#11188=CARTESIAN_POINT('',(58.9221030207504,61.906524158699,-30.5690635782979));
#11189=CARTESIAN_POINT('',(58.9221030207504,61.906524158699,-30.5690635782979));
#11190=CARTESIAN_POINT('',(60.9221030207504,61.906524158699,-30.5690635782979));
#11191=CARTESIAN_POINT('',(252.25210302075,61.906524158699,-24.0940635782908));
#11192=CARTESIAN_POINT('',(70.2021030207504,108.8565241587,-20.1690635782981));
#11193=CARTESIAN_POINT('',(70.2021030207504,108.8565241587,-32.5690635782979));
#11194=CARTESIAN_POINT('',(252.25210302075,108.8565241587,-32.5690635782979));
#11195=CARTESIAN_POINT('',(60.9221030207504,108.8565241587,-32.5690635782979));
#11196=CARTESIAN_POINT('',(60.9221030207504,108.8565241587,-36.5690635782979));
#11197=CARTESIAN_POINT('',(60.9221030207504,108.8565241587,-30.5690635782979));
#11198=CARTESIAN_POINT('',(60.9221030207504,108.8565241587,-30.5690635782979));
#11199=CARTESIAN_POINT('',(58.9221030207504,108.8565241587,-30.5690635782979));
#11200=CARTESIAN_POINT('',(58.9221030207504,108.8565241587,-36.5690635782979));
#11201=CARTESIAN_POINT('',(58.9221030207504,108.8565241587,-32.5690635782979));
#11202=CARTESIAN_POINT('',(252.25210302075,108.8565241587,-32.5690635782979));
#11203=CARTESIAN_POINT('',(29.5021030207504,108.8565241587,-32.5690635782979));
#11204=CARTESIAN_POINT('',(29.5021030207504,108.8565241587,-24.8440635782946));
#11205=CARTESIAN_POINT('',(252.25210302075,108.8565241587,-15.5190635782946));
#11206=CARTESIAN_POINT('',(58.9221030207504,108.8565241587,-15.5190635782946));
#11207=CARTESIAN_POINT('',(58.9221030207504,108.8565241587,-17.5190635782946));
#11208=CARTESIAN_POINT('',(58.9221030207504,108.8565241587,-17.5190635782946));
#11209=CARTESIAN_POINT('',(60.9221030207504,108.8565241587,-17.5190635782946));
#11210=CARTESIAN_POINT('',(60.9221030207504,108.8565241587,-17.5190635782946));
#11211=CARTESIAN_POINT('',(60.9221030207504,108.8565241587,-17.5190635782946));
#11212=CARTESIAN_POINT('',(252.25210302075,108.8565241587,-20.1690635782981));
#11213=CARTESIAN_POINT('',(29.5021030207504,104.8565241587,-32.5690635782979));
#11214=CARTESIAN_POINT('',(29.5021030207504,65.906524158699,-32.5690635782979));
#11215=CARTESIAN_POINT('',(29.5021030207504,99.2665241587,-24.8440635782946));
#11216=CARTESIAN_POINT('',(70.7021030207504,68.9565241586991,-29.5190635782979));
#11217=CARTESIAN_POINT('',(70.7021030207504,68.9565241586991,-31.5190635782979));
#11218=CARTESIAN_POINT('',(72.0021030207504,68.9565241586991,-29.5190635782979));
#11219=CARTESIAN_POINT('',(72.0021030207504,68.9565241586991,-31.5190635782979));
#11220=CARTESIAN_POINT('',(27.0521030207504,68.9565241586991,-29.5190635782979));
#11221=CARTESIAN_POINT('',(70.7021030207504,68.9565241586991,-29.5190635782979));
#11222=CARTESIAN_POINT('',(70.7021030207504,70.4055360241526,-26.0061780672437));
#11223=CARTESIAN_POINT('',(70.7021030207504,72.4694096697533,-28.0700517128443));
#11224=CARTESIAN_POINT('',(104.00210302075,70.4055360241526,-26.0061780672437));
#11225=CARTESIAN_POINT('',(72.0021030207504,70.4055360241525,-26.0061780672436));
#11226=CARTESIAN_POINT('',(72.0021030207504,68.9565241586991,-29.5190635782979));
#11227=CARTESIAN_POINT('',(72.0021030207504,72.4694096697532,-28.0700517128441));
#11228=CARTESIAN_POINT('',(104.00210302075,72.4694096697533,-28.0700517128443));
#11229=CARTESIAN_POINT('',(104.00210302075,68.9565241586991,-29.5190635782979));
#11230=CARTESIAN_POINT('',(70.7021030207504,71.7688137127499,-28.4745409772134));
#11231=CARTESIAN_POINT('',(70.7021030207504,74.4315241586991,-26.9372243844706));
#11232=CARTESIAN_POINT('',(72.0021030207504,76.7622237562205,-25.5915943444412));
#11233=CARTESIAN_POINT('',(72.0021030207504,74.4315241586991,-26.9372243844706));
#11234=CARTESIAN_POINT('',(36.5021030207504,74.4315241586991,-26.9372243844706));
#11235=CARTESIAN_POINT('',(104.00210302075,71.7688137127499,-28.4745409772134));
#11236=CARTESIAN_POINT('',(70.7021030207504,72.0666630677166,-33.9028588479946));
#11237=CARTESIAN_POINT('',(70.7021030207504,72.4681876704818,-34.5983198604729));
#11238=CARTESIAN_POINT('',(70.7021030207504,71.2742663191315,-32.5303874196929));
#11239=CARTESIAN_POINT('',(72.0021030207504,72.4681876704818,-34.5983198604729));
#11240=CARTESIAN_POINT('',(71.0021030207504,72.4681876704818,-34.5983198604729));
#11241=CARTESIAN_POINT('',(71.0021030207504,72.4681876704818,-34.5983198604729));
#11242=CARTESIAN_POINT('',(71.1137389848559,72.4681876704818,-34.5983198604729));
#11243=CARTESIAN_POINT('',(71.2269142714351,72.4585419686305,-34.5816130147917));
#11244=CARTESIAN_POINT('',(71.3322518572674,72.4400583171189,-34.5495983912643));
#11245=CARTESIAN_POINT('',(71.4375846560752,72.4215755055895,-34.5175852226286));
#11246=CARTESIAN_POINT('',(71.5379814761499,72.3937484438517,-34.4693873378734));
#11247=CARTESIAN_POINT('',(71.6251744918869,72.3588957760932,-34.4090207465364));
#11248=CARTESIAN_POINT('',(71.7124837976019,72.3239966250708,-34.3485736438245));
#11249=CARTESIAN_POINT('',(71.7889545227279,72.2810969356616,-34.2742692021389));
#11250=CARTESIAN_POINT('',(71.8483453334242,72.2337486267224,-34.1922595254036));
#11251=CARTESIAN_POINT('',(71.9079267193575,72.1862483849321,-34.1099866932511));
#11252=CARTESIAN_POINT('',(71.9519568579792,72.132969331795,-34.0177046662385));
#11253=CARTESIAN_POINT('',(71.9768807718883,72.0783025412689,-33.9230190075605));
#11254=CARTESIAN_POINT('',(71.9935950245489,72.0416423861931,-33.859521756356));
#11255=CARTESIAN_POINT('',(72.0021030207504,72.003808421724,-33.7939914076435));
#11256=CARTESIAN_POINT('',(72.0021030207504,71.9662077763748,-33.7288651795013));
#11257=CARTESIAN_POINT('',(72.0021030207504,71.9662077763748,-33.7288651795013));
#11258=CARTESIAN_POINT('',(72.0021030207504,66.5109705434963,-24.2801171248143));
#11259=CARTESIAN_POINT('',(72.0021030207504,71.2742663191316,-32.5303874196929));
#11260=CARTESIAN_POINT('',(71.3021030207504,71.2742663191315,-32.5303874196929));
#11261=CARTESIAN_POINT('',(104.00210302075,72.0666630677166,-33.9028588479946));
#11262=CARTESIAN_POINT('',(70.7021030207504,68.9565241586991,-29.5190635782979));
#11263=CARTESIAN_POINT('',(70.7021030207504,68.4549624890398,-33.2858176041839));
#11264=CARTESIAN_POINT('',(72.0021030207504,68.9565241586991,-29.5190635782979));
#11265=CARTESIAN_POINT('',(72.0021030207504,68.4549624890398,-33.2858176041839));
#11266=CARTESIAN_POINT('',(104.00210302075,68.4549624890398,-33.2858176041839));
#11267=CARTESIAN_POINT('',(104.00210302075,68.9565241586991,-29.5190635782979));
#11268=CARTESIAN_POINT('',(70.7021030207504,68.4549624890398,-32.4768390754458));
#11269=CARTESIAN_POINT('',(70.7021030207504,68.4549624890398,-35.6736603068845));
#11270=CARTESIAN_POINT('',(72.0021030207504,68.4549624890399,-20.1690635782978));
#11271=CARTESIAN_POINT('',(72.0021030207504,68.4549624890398,-34.6697005186703));
#11272=CARTESIAN_POINT('',(72.0021030207504,68.4549624890398,-34.6697005186703));
#11273=CARTESIAN_POINT('',(72.0021030207504,68.4549624890398,-34.7824349601768));
#11274=CARTESIAN_POINT('',(71.9826857013467,68.4549624890398,-34.8967260368203));
#11275=CARTESIAN_POINT('',(71.9454029309855,68.4549624890398,-35.0031170577571));
#11276=CARTESIAN_POINT('',(71.9081163747231,68.4549624890398,-35.109518882234));
#11277=CARTESIAN_POINT('',(71.8519218734361,68.4549624890398,-35.2109578922527));
#11278=CARTESIAN_POINT('',(71.7814350398637,68.4549624890398,-35.2989535843225));
#11279=CARTESIAN_POINT('',(71.7111336470057,68.4549624890398,-35.3867177723911));
#11280=CARTESIAN_POINT('',(71.6246622688194,68.4549624890398,-35.4635386007342));
#11281=CARTESIAN_POINT('',(71.5291944173408,68.4549624890398,-35.5229585290342));
#11282=CARTESIAN_POINT('',(71.4340886642257,68.4549624890398,-35.5821530845154));
#11283=CARTESIAN_POINT('',(71.3274199353882,68.4549624890398,-35.6257163322682));
#11284=CARTESIAN_POINT('',(71.2180575920703,68.4549624890398,-35.6499851917021));
#11285=CARTESIAN_POINT('',(71.1473612489449,68.4549624890398,-35.6656735864617));
#11286=CARTESIAN_POINT('',(71.074519169926,68.4549624890398,-35.6736603068845));
#11287=CARTESIAN_POINT('',(71.0021030207504,68.4549624890398,-35.6736603068845));
#11288=CARTESIAN_POINT('',(71.0021030207504,68.4549624890398,-35.6736603068845));
#11289=CARTESIAN_POINT('',(72.0021030207504,68.4549624890398,-35.6736603068845));
#11290=CARTESIAN_POINT('',(104.00210302075,68.4549624890398,-32.4768390754458));
#11291=CARTESIAN_POINT('',(70.7021030207504,63.6049766356429,-30.0206252479571));
#11292=CARTESIAN_POINT('',(70.7021030207504,62.8019274301125,-30.0206252479571));
#11293=CARTESIAN_POINT('',(70.7021030207504,65.1897701328131,-30.0206252479571));
#11294=CARTESIAN_POINT('',(72.0021030207504,62.8019274301125,-30.0206252479571));
#11295=CARTESIAN_POINT('',(71.0021030207504,62.8019274301125,-30.0206252479571));
#11296=CARTESIAN_POINT('',(71.0021030207504,62.8019274301125,-30.0206252479571));
#11297=CARTESIAN_POINT('',(71.1137389848559,62.8019274301125,-30.0206252479571));
#11298=CARTESIAN_POINT('',(71.2269142714351,62.8212188338151,-30.0206252479571));
#11299=CARTESIAN_POINT('',(71.3322518572674,62.8581861368383,-30.0206252479571));
#11300=CARTESIAN_POINT('',(71.4375846560752,62.8951517598972,-30.0206252479571));
#11301=CARTESIAN_POINT('',(71.5379814761499,62.9508058833727,-30.0206252479571));
#11302=CARTESIAN_POINT('',(71.6251744918869,63.0205112188896,-30.0206252479571));
#11303=CARTESIAN_POINT('',(71.7124837976019,63.0903095209345,-30.0206252479571));
#11304=CARTESIAN_POINT('',(71.7889545227279,63.1761088997529,-30.0206252479571));
#11305=CARTESIAN_POINT('',(71.8483453334242,63.2708055176314,-30.0206252479571));
#11306=CARTESIAN_POINT('',(71.9079267193575,63.365806001212,-30.0206252479571));
#11307=CARTESIAN_POINT('',(71.9519568579792,63.4723641074861,-30.0206252479571));
#11308=CARTESIAN_POINT('',(71.9768807718883,63.5816976885384,-30.0206252479571));
#11309=CARTESIAN_POINT('',(71.9935950245489,63.6550179986898,-30.0206252479571));
#11310=CARTESIAN_POINT('',(72.0021030207504,63.7306859276283,-30.0206252479571));
#11311=CARTESIAN_POINT('',(72.0021030207504,63.8058872183267,-30.0206252479571));
#11312=CARTESIAN_POINT('',(72.0021030207504,63.8058872183267,-30.0206252479571));
#11313=CARTESIAN_POINT('',(72.0021030207504,73.631524158699,-30.0206252479571));
#11314=CARTESIAN_POINT('',(72.0021030207504,65.1897701328131,-30.0206252479571));
#11315=CARTESIAN_POINT('',(104.00210302075,65.1897701328131,-30.0206252479571));
#11316=CARTESIAN_POINT('',(104.00210302075,63.6049766356429,-30.0206252479571));
#11317=CARTESIAN_POINT('',(70.7021030207504,68.9565241586991,-29.5190635782979));
#11318=CARTESIAN_POINT('',(70.7021030207504,65.9452003173041,-27.2013214178654));
#11319=CARTESIAN_POINT('',(72.0021030207504,68.9565241586991,-29.5190635782979));
#11320=CARTESIAN_POINT('',(72.0021030207504,65.9452003173041,-27.2013214178654));
#11321=CARTESIAN_POINT('',(104.00210302075,65.9452003173041,-27.2013214178654));
#11322=CARTESIAN_POINT('',(104.00210302075,68.9565241586991,-29.5190635782979));
#11323=CARTESIAN_POINT('',(70.7021030207504,66.6457962743074,-27.6058106822344));
#11324=CARTESIAN_POINT('',(70.7021030207504,63.8772678765242,-26.0074000665151));
#11325=CARTESIAN_POINT('',(72.0021030207504,68.6648862308364,-28.7715328121545));
#11326=CARTESIAN_POINT('',(72.0021030207504,64.7467225574957,-26.5093799606222));
#11327=CARTESIAN_POINT('',(72.0021030207504,64.7467225574957,-26.5093799606222));
#11328=CARTESIAN_POINT('',(72.0021030207504,64.6490916672696,-26.453012739869));
#11329=CARTESIAN_POINT('',(71.9826857013467,64.5501126914704,-26.3958672015472));
#11330=CARTESIAN_POINT('',(71.9454029309855,64.4579753646046,-26.3426716910788));
#11331=CARTESIAN_POINT('',(71.9081163747231,64.3658286815986,-26.2894707788404));
#11332=CARTESIAN_POINT('',(71.8519218734361,64.2779799219877,-26.238751273831));
#11333=CARTESIAN_POINT('',(71.7814350398637,64.2017734172316,-26.1947534277961));
#11334=CARTESIAN_POINT('',(71.7111336470057,64.1257674008217,-26.1508713337618));
#11335=CARTESIAN_POINT('',(71.6246622688194,64.0592386119369,-26.1124609195903));
#11336=CARTESIAN_POINT('',(71.5291944173408,64.007779444538,-26.0827509554403));
#11337=CARTESIAN_POINT('',(71.4340886642257,63.9565154557255,-26.0531536776996));
#11338=CARTESIAN_POINT('',(71.3274199353882,63.9187885765003,-26.0313720538233));
#11339=CARTESIAN_POINT('',(71.2180575920703,63.8977711277096,-26.0192376241063));
#11340=CARTESIAN_POINT('',(71.1473612489449,63.8841845793032,-26.0113934267265));
#11341=CARTESIAN_POINT('',(71.074519169926,63.8772678765242,-26.0074000665151));
#11342=CARTESIAN_POINT('',(71.0021030207504,63.8772678765242,-26.0074000665151));
#11343=CARTESIAN_POINT('',(71.0021030207504,63.8772678765242,-26.0074000665151));
#11344=CARTESIAN_POINT('',(72.0021030207504,63.8772678765242,-26.0074000665151));
#11345=CARTESIAN_POINT('',(104.00210302075,66.6457962743074,-27.6058106822344));
#11346=CARTESIAN_POINT('',(71.0021030207504,68.9565241586991,-29.5190635782979));
#11347=CARTESIAN_POINT('',(70.7021030207504,68.9565241586991,-29.5190635782979));
#11348=CARTESIAN_POINT('',(72.0021030207504,68.9565241586991,-29.5190635782979));
#11349=CARTESIAN_POINT('',(72.0021030207504,73.6684579566087,-33.5100916268234));
#11350=CARTESIAN_POINT('',(70.7021030207504,73.6684579566087,-33.5100916268234));
#11351=CARTESIAN_POINT('',(71.0021030207504,73.6684579566087,-33.5100916268234));
#11352=CARTESIAN_POINT('',(71.0021030207504,68.9565241586991,-29.5190635782979));
#11353=CARTESIAN_POINT('',(70.7021030207504,68.9565241586991,-29.5190635782979));
#11354=CARTESIAN_POINT('',(72.0021030207504,68.9565241586991,-29.5190635782979));
#11355=CARTESIAN_POINT('',(70.7021030207504,75.8315241586997,-26.7640635121889));
#11356=CARTESIAN_POINT('',(70.7021030207504,75.8315241586997,-11.2190635121889));
#11357=CARTESIAN_POINT('',(70.7021030207504,75.8315241586997,-12.0190635782946));
#11358=CARTESIAN_POINT('',(70.7021030207504,-2.5,-12.0190635782946));
#11359=CARTESIAN_POINT('',(70.7021030207504,65.906524158699,-12.0190635782946));
#11360=CARTESIAN_POINT('',(70.7021030207504,65.906524158699,-15.5190635782946));
#11361=CARTESIAN_POINT('',(70.7021030207504,62.406524158699,-15.5190635782946));
#11362=CARTESIAN_POINT('',(70.7021030207504,62.406524158699,-0.800000000000001));
#11363=CARTESIAN_POINT('',(70.7021030207504,62.406524158699,-34.5690635782979));
#11364=CARTESIAN_POINT('',(70.7021030207504,-2.5,-34.5690635782979));
#11365=CARTESIAN_POINT('',(70.7021030207504,60.3542021473654,-34.5690635782979));
#11366=CARTESIAN_POINT('',(70.7021030207504,60.3542021473653,-0.799999999999826));
#11367=CARTESIAN_POINT('',(70.7021030207504,62.7315241587721,-38.7803884437031));
#11368=CARTESIAN_POINT('',(70.7021030207504,62.7315241587721,-38.7803884437031));
#11369=CARTESIAN_POINT('',(70.7021030207504,-2.5,-38.7803884437031));
#11370=CARTESIAN_POINT('',(70.7021030207504,65.0315241587721,-38.7803884437031));
#11371=CARTESIAN_POINT('',(70.7021030207504,65.0315241587721,-36.0690635782979));
#11372=CARTESIAN_POINT('',(70.7021030207504,75.8315241586997,-33.7690636444035));
#11373=CARTESIAN_POINT('',(70.7021030207504,75.8315241586998,-36.8690636444036));
#11374=CARTESIAN_POINT('',(70.7021030207504,84.8815241586997,-36.8690636444036));
#11375=CARTESIAN_POINT('',(70.7021030207504,94.9315241586997,-36.8690636444036));
#11376=CARTESIAN_POINT('',(70.7021030207504,94.9315241586997,-21.3240636444036));
#11377=CARTESIAN_POINT('',(70.7021030207504,94.9315241586997,-36.0690635782979));
#11378=CARTESIAN_POINT('',(70.7021030207504,-2.5,-36.0690635782979));
#11379=CARTESIAN_POINT('',(70.7021030207504,104.8565241587,-36.0690635782979));
#11380=CARTESIAN_POINT('',(70.7021030207504,104.8565241587,-32.5690635782979));
#11381=CARTESIAN_POINT('',(70.7021030207504,108.3565241587,-32.5690635782979));
#11382=CARTESIAN_POINT('',(70.7021030207504,108.3565241587,-0.800000000000001));
#11383=CARTESIAN_POINT('',(70.7021030207504,105.981524158701,-0.79999999999953));
#11384=CARTESIAN_POINT('',(70.7021030207504,105.981524158701,-9.30773871288941));
#11385=CARTESIAN_POINT('',(70.7021030207504,-2.5,-9.3077387128894));
#11386=CARTESIAN_POINT('',(70.7021030207504,103.681524158701,-9.30773871288941));
#11387=CARTESIAN_POINT('',(70.7021030207504,103.681524158701,-12.0190635782946));
#11388=CARTESIAN_POINT('',(70.7021030207504,94.9315241586997,-14.319063512189));
#11389=CARTESIAN_POINT('',(70.7021030207504,94.9315241586997,-11.2190635121889));
#11390=CARTESIAN_POINT('',(70.7021030207504,85.8815241586997,-11.2190635121889));
#11391=CARTESIAN_POINT('',(70.7021030207504,101.8065241587,-18.5690635782981));
#11392=CARTESIAN_POINT('',(70.7021030207504,105.797552207226,-23.2809973762075));
#11393=CARTESIAN_POINT('',(70.7021030207504,106.885780440875,-22.0807270900811));
#11394=CARTESIAN_POINT('',(70.7021030207504,106.443872538971,-24.0440635782981));
#11395=CARTESIAN_POINT('',(70.7021030207504,105.797552207226,-24.8071297803887));
#11396=CARTESIAN_POINT('',(70.7021030207504,101.8065241587,-29.5190635782981));
#11397=CARTESIAN_POINT('',(70.7021030207504,106.885780440875,-26.007400066515));
#11398=CARTESIAN_POINT('',(70.7021030207504,104.117252043091,-27.6058106822346));
#11399=CARTESIAN_POINT('',(70.7021030207504,104.817848000095,-27.2013214178653));
#11400=CARTESIAN_POINT('',(70.7021030207504,101.8065241587,-29.5190635782981));
#11401=CARTESIAN_POINT('',(70.7021030207504,105.573278184586,-30.0206252479573));
#11402=CARTESIAN_POINT('',(70.7021030207504,107.158071681756,-30.0206252479573));
#11403=CARTESIAN_POINT('',(70.7021030207504,107.961120887287,-30.0206252479573));
#11404=CARTESIAN_POINT('',(70.7021030207504,101.8065241587,-29.5190635782981));
#11405=CARTESIAN_POINT('',(70.7021030207504,102.308085828359,-35.6736603068847));
#11406=CARTESIAN_POINT('',(70.7021030207504,102.308085828359,-32.476839075446));
#11407=CARTESIAN_POINT('',(70.7021030207504,102.308085828359,-33.2858176041842));
#11408=CARTESIAN_POINT('',(70.7021030207504,101.8065241587,-29.5190635782981));
#11409=CARTESIAN_POINT('',(70.7021030207504,99.4887819982676,-32.5303874196927));
#11410=CARTESIAN_POINT('',(70.7021030207504,98.6963852496825,-33.9028588479948));
#11411=CARTESIAN_POINT('',(70.7021030207504,98.2948606469174,-34.5983198604728));
#11412=CARTESIAN_POINT('',(70.7021030207504,101.8065241587,-29.5190635782981));
#11413=CARTESIAN_POINT('',(70.7021030207504,97.0945903607909,-33.5100916268236));
#11414=CARTESIAN_POINT('',(70.7021030207504,96.3315241587003,-34.1564119585687));
#11415=CARTESIAN_POINT('',(70.7021030207504,95.5684579566096,-33.5100916268236));
#11416=CARTESIAN_POINT('',(70.7021030207504,90.8565241587001,-29.5190635782981));
#11417=CARTESIAN_POINT('',(70.7021030207504,94.3681876704828,-34.5983198604731));
#11418=CARTESIAN_POINT('',(70.7021030207504,93.9666630677176,-33.9028588479948));
#11419=CARTESIAN_POINT('',(70.7021030207504,93.1742663191325,-32.5303874196931));
#11420=CARTESIAN_POINT('',(70.7021030207504,90.8565241587001,-29.5190635782981));
#11421=CARTESIAN_POINT('',(70.7021030207504,88.5387819982672,-32.5303874196927));
#11422=CARTESIAN_POINT('',(70.7021030207504,87.746385249682,-33.9028588479947));
#11423=CARTESIAN_POINT('',(70.7021030207504,87.3448606469169,-34.5983198604727));
#11424=CARTESIAN_POINT('',(70.7021030207504,90.8565241587,-29.519063578298));
#11425=CARTESIAN_POINT('',(70.7021030207504,86.1445903607904,-33.5100916268235));
#11426=CARTESIAN_POINT('',(70.7021030207504,85.3815241586998,-34.1564119585685));
#11427=CARTESIAN_POINT('',(70.7021030207504,84.6184579566092,-33.5100916268235));
#11428=CARTESIAN_POINT('',(70.7021030207504,79.9065241586996,-29.519063578298));
#11429=CARTESIAN_POINT('',(70.7021030207504,83.4181876704823,-34.598319860473));
#11430=CARTESIAN_POINT('',(70.7021030207504,83.0166630677171,-33.9028588479947));
#11431=CARTESIAN_POINT('',(70.7021030207504,82.224266319132,-32.5303874196929));
#11432=CARTESIAN_POINT('',(70.7021030207504,79.9065241586995,-29.5190635782979));
#11433=CARTESIAN_POINT('',(70.7021030207504,77.5887819982667,-32.5303874196926));
#11434=CARTESIAN_POINT('',(70.7021030207504,76.7963852496815,-33.9028588479946));
#11435=CARTESIAN_POINT('',(70.7021030207504,76.3948606469164,-34.5983198604726));
#11436=CARTESIAN_POINT('',(70.7021030207504,79.9065241586995,-29.5190635782979));
#11437=CARTESIAN_POINT('',(70.7021030207504,75.1945903607899,-33.5100916268234));
#11438=CARTESIAN_POINT('',(70.7021030207504,74.4315241586993,-34.1564119585684));
#11439=CARTESIAN_POINT('',(70.7021030207504,68.9565241586991,-29.5190635782979));
#11440=CARTESIAN_POINT('',(70.7021030207504,64.9654961101734,-24.8071297803885));
#11441=CARTESIAN_POINT('',(70.7021030207504,64.3191757784283,-24.0440635782979));
#11442=CARTESIAN_POINT('',(70.7021030207504,64.9654961101734,-23.2809973762073));
#11443=CARTESIAN_POINT('',(70.7021030207504,68.956524158699,-18.5690635782978));
#11444=CARTESIAN_POINT('',(70.7021030207504,63.8772678765241,-22.0807270900806));
#11445=CARTESIAN_POINT('',(70.7021030207504,66.6457962743074,-20.4823164743613));
#11446=CARTESIAN_POINT('',(70.7021030207504,65.9452003173041,-20.8868057387303));
#11447=CARTESIAN_POINT('',(70.7021030207504,68.9565241586991,-18.5690635782979));
#11448=CARTESIAN_POINT('',(70.7021030207504,65.1897701328131,-18.0675019086386));
#11449=CARTESIAN_POINT('',(70.7021030207504,63.6049766356429,-18.0675019086386));
#11450=CARTESIAN_POINT('',(70.7021030207504,62.8019274301125,-18.0675019086386));
#11451=CARTESIAN_POINT('',(70.7021030207504,68.956524158699,-18.5690635782978));
#11452=CARTESIAN_POINT('',(70.7021030207504,68.4549624890398,-12.4144668497112));
#11453=CARTESIAN_POINT('',(70.7021030207504,68.4549624890398,-15.6112880811499));
#11454=CARTESIAN_POINT('',(70.7021030207504,68.4549624890398,-14.8023095524119));
#11455=CARTESIAN_POINT('',(70.7021030207504,68.9565241586991,-18.5690635782979));
#11456=CARTESIAN_POINT('',(70.7021030207504,71.2742663191315,-15.5577397369029));
#11457=CARTESIAN_POINT('',(70.7021030207504,72.0666630677166,-14.1852683086012));
#11458=CARTESIAN_POINT('',(70.7021030207504,72.4681876704818,-13.4898072961229));
#11459=CARTESIAN_POINT('',(70.7021030207504,68.956524158699,-18.5690635782978));
#11460=CARTESIAN_POINT('',(70.7021030207504,73.6684579566087,-14.5780355297724));
#11461=CARTESIAN_POINT('',(70.7021030207504,74.4315241586993,-13.9317151980274));
#11462=CARTESIAN_POINT('',(70.7021030207504,75.1945903607899,-14.5780355297724));
#11463=CARTESIAN_POINT('',(70.7021030207504,79.9065241586995,-18.5690635782979));
#11464=CARTESIAN_POINT('',(70.7021030207504,76.3948606469164,-13.4898072961232));
#11465=CARTESIAN_POINT('',(70.7021030207504,76.7963852496815,-14.1852683086012));
#11466=CARTESIAN_POINT('',(70.7021030207504,77.5887819982667,-15.5577397369032));
#11467=CARTESIAN_POINT('',(70.7021030207504,79.9065241586995,-18.5690635782979));
#11468=CARTESIAN_POINT('',(70.7021030207504,82.224266319132,-15.557739736903));
#11469=CARTESIAN_POINT('',(70.7021030207504,83.0166630677171,-14.1852683086013));
#11470=CARTESIAN_POINT('',(70.7021030207504,83.4181876704823,-13.489807296123));
#11471=CARTESIAN_POINT('',(70.7021030207504,79.9065241586995,-18.5690635782979));
#11472=CARTESIAN_POINT('',(70.7021030207504,84.6184579566091,-14.5780355297725));
#11473=CARTESIAN_POINT('',(70.7021030207504,85.3815241586998,-13.9317151980275));
#11474=CARTESIAN_POINT('',(70.7021030207504,86.1445903607904,-14.5780355297725));
#11475=CARTESIAN_POINT('',(70.7021030207504,90.8565241587,-18.569063578298));
#11476=CARTESIAN_POINT('',(70.7021030207504,87.3448606469169,-13.4898072961233));
#11477=CARTESIAN_POINT('',(70.7021030207504,87.746385249682,-14.1852683086013));
#11478=CARTESIAN_POINT('',(70.7021030207504,88.5387819982673,-15.5577397369034));
#11479=CARTESIAN_POINT('',(70.7021030207504,90.8565241587001,-18.5690635782981));
#11480=CARTESIAN_POINT('',(70.7021030207504,93.1742663191325,-15.5577397369031));
#11481=CARTESIAN_POINT('',(70.7021030207504,93.9666630677176,-14.1852683086014));
#11482=CARTESIAN_POINT('',(70.7021030207504,94.3681876704828,-13.4898072961231));
#11483=CARTESIAN_POINT('',(70.7021030207504,90.8565241587,-18.569063578298));
#11484=CARTESIAN_POINT('',(70.7021030207504,95.5684579566096,-14.5780355297726));
#11485=CARTESIAN_POINT('',(70.7021030207504,96.3315241587003,-13.9317151980276));
#11486=CARTESIAN_POINT('',(70.7021030207504,97.0945903607909,-14.5780355297726));
#11487=CARTESIAN_POINT('',(70.7021030207504,101.8065241587,-18.5690635782981));
#11488=CARTESIAN_POINT('',(70.7021030207504,98.2948606469174,-13.4898072961234));
#11489=CARTESIAN_POINT('',(70.7021030207504,98.6963852496825,-14.1852683086014));
#11490=CARTESIAN_POINT('',(70.7021030207504,99.4887819982677,-15.5577397369034));
#11491=CARTESIAN_POINT('',(70.7021030207504,101.8065241587,-18.5690635782981));
#11492=CARTESIAN_POINT('',(70.7021030207504,102.308085828359,-14.802309552412));
#11493=CARTESIAN_POINT('',(70.7021030207504,102.308085828359,-15.6112880811501));
#11494=CARTESIAN_POINT('',(70.7021030207504,102.308085828359,-12.4144668497115));
#11495=CARTESIAN_POINT('',(70.7021030207504,101.8065241587,-18.5690635782981));
#11496=CARTESIAN_POINT('',(70.7021030207504,107.961120887287,-18.0675019086388));
#11497=CARTESIAN_POINT('',(70.7021030207504,107.158071681756,-18.0675019086388));
#11498=CARTESIAN_POINT('',(70.7021030207504,105.573278184586,-18.0675019086388));
#11499=CARTESIAN_POINT('',(70.7021030207504,101.8065241587,-18.5690635782981));
#11500=CARTESIAN_POINT('',(70.7021030207504,104.817848000095,-20.8868057387308));
#11501=CARTESIAN_POINT('',(70.7021030207504,104.117252043091,-20.4823164743615));
#11502=CARTESIAN_POINT('',(70.7021030207504,-2.5,-0.800000000000001));
#11503=CARTESIAN_POINT('',(72.0021030207504,102.098162086562,-28.7715328121547));
#11504=CARTESIAN_POINT('',(72.0021030207504,106.016325759904,-26.5093799606222));
#11505=CARTESIAN_POINT('',(72.0021030207504,104.817848000095,-27.2013214178653));
#11506=CARTESIAN_POINT('',(72.0021030207504,101.8065241587,-29.5190635782981));
#11507=CARTESIAN_POINT('',(72.0021030207504,105.151231875481,-25.5701959824793));
#11508=CARTESIAN_POINT('',(72.0021030207504,106.443872538971,-24.0440635782981));
#11509=CARTESIAN_POINT('',(72.0021030207504,105.151231875481,-22.5179311741169));
#11510=CARTESIAN_POINT('',(72.0021030207504,101.8065241587,-18.5690635782981));
#11511=CARTESIAN_POINT('',(72.0021030207504,106.016325759904,-21.5787471959739));
#11512=CARTESIAN_POINT('',(72.0021030207504,98.0494933238704,-16.9790943444414));
#11513=CARTESIAN_POINT('',(72.0021030207504,104.817848000095,-20.8868057387307));
#11514=CARTESIAN_POINT('',(72.0021030207504,101.8065241587,-18.5690635782981));
#11515=CARTESIAN_POINT('',(72.0021030207504,105.573278184586,-18.0675019086388));
#11516=CARTESIAN_POINT('',(72.0021030207504,97.1315241587,-18.0675019086388));
#11517=CARTESIAN_POINT('',(72.0021030207504,106.957161099073,-18.0675019086388));
#11518=CARTESIAN_POINT('',(72.0021030207504,101.8065241587,-18.5690635782981));
#11519=CARTESIAN_POINT('',(72.0021030207504,102.308085828359,-13.4184266379257));
#11520=CARTESIAN_POINT('',(72.0021030207504,102.308085828359,-18.5690635782981));
#11521=CARTESIAN_POINT('',(72.0021030207504,102.308085828359,-14.802309552412));
#11522=CARTESIAN_POINT('',(72.0021030207504,101.8065241587,-18.5690635782981));
#11523=CARTESIAN_POINT('',(72.0021030207504,99.4887819982676,-15.5577397369034));
#11524=CARTESIAN_POINT('',(72.0021030207504,100.20340901121,-16.7955100317816));
#11525=CARTESIAN_POINT('',(72.0021030207504,98.7968405410244,-14.359261977095));
#11526=CARTESIAN_POINT('',(72.0021030207504,101.8065241587,-18.5690635782981));
#11527=CARTESIAN_POINT('',(72.0021030207504,97.8576565628815,-15.2243558615176));
#11528=CARTESIAN_POINT('',(72.0021030207504,96.3315241587003,-13.9317151980276));
#11529=CARTESIAN_POINT('',(72.0021030207504,94.805391754519,-15.2243558615176));
#11530=CARTESIAN_POINT('',(72.0021030207504,90.8565241587,-18.569063578298));
#11531=CARTESIAN_POINT('',(72.0021030207504,93.8662077763757,-14.3592619770946));
#11532=CARTESIAN_POINT('',(72.0021030207504,92.4596393061895,-16.7955100317816));
#11533=CARTESIAN_POINT('',(72.0021030207504,93.1742663191325,-15.5577397369031));
#11534=CARTESIAN_POINT('',(72.0021030207504,90.8565241587001,-18.5690635782981));
#11535=CARTESIAN_POINT('',(72.0021030207504,88.5387819982672,-15.5577397369034));
#11536=CARTESIAN_POINT('',(72.0021030207504,89.25340901121,-16.7955100317815));
#11537=CARTESIAN_POINT('',(72.0021030207504,87.8468405410239,-14.3592619770949));
#11538=CARTESIAN_POINT('',(72.0021030207504,90.8565241587,-18.569063578298));
#11539=CARTESIAN_POINT('',(72.0021030207504,86.907656562881,-15.2243558615175));
#11540=CARTESIAN_POINT('',(72.0021030207504,85.3815241586998,-13.9317151980275));
#11541=CARTESIAN_POINT('',(72.0021030207504,83.8553917545185,-15.2243558615175));
#11542=CARTESIAN_POINT('',(72.0021030207504,79.9065241586995,-18.5690635782979));
#11543=CARTESIAN_POINT('',(72.0021030207504,82.9162077763752,-14.3592619770945));
#11544=CARTESIAN_POINT('',(72.0021030207504,81.509639306189,-16.7955100317815));
#11545=CARTESIAN_POINT('',(72.0021030207504,82.224266319132,-15.557739736903));
#11546=CARTESIAN_POINT('',(72.0021030207504,79.9065241586995,-18.5690635782979));
#11547=CARTESIAN_POINT('',(72.0021030207504,77.5887819982666,-15.5577397369032));
#11548=CARTESIAN_POINT('',(72.0021030207504,78.3034090112095,-16.7955100317814));
#11549=CARTESIAN_POINT('',(72.0021030207504,76.8968405410235,-14.3592619770948));
#11550=CARTESIAN_POINT('',(72.0021030207504,79.9065241586995,-18.5690635782979));
#11551=CARTESIAN_POINT('',(72.0021030207504,75.9576565628805,-15.2243558615174));
#11552=CARTESIAN_POINT('',(72.0021030207504,74.4315241586993,-13.9317151980274));
#11553=CARTESIAN_POINT('',(72.0021030207504,72.905391754518,-15.2243558615174));
#11554=CARTESIAN_POINT('',(72.0021030207504,68.956524158699,-18.5690635782978));
#11555=CARTESIAN_POINT('',(72.0021030207504,71.9662077763747,-14.3592619770944));
#11556=CARTESIAN_POINT('',(72.0021030207504,70.5596393061885,-16.7955100317814));
#11557=CARTESIAN_POINT('',(72.0021030207504,71.2742663191315,-15.5577397369029));
#11558=CARTESIAN_POINT('',(72.0021030207504,68.9565241586991,-18.5690635782979));
#11559=CARTESIAN_POINT('',(72.0021030207504,68.4549624890398,-14.8023095524119));
#11560=CARTESIAN_POINT('',(72.0021030207504,68.4549624890398,-18.5690635782979));
#11561=CARTESIAN_POINT('',(72.0021030207504,68.4549624890398,-13.4184266379254));
#11562=CARTESIAN_POINT('',(72.0021030207504,68.956524158699,-18.5690635782978));
#11563=CARTESIAN_POINT('',(72.0021030207504,63.8058872183266,-18.0675019086386));
#11564=CARTESIAN_POINT('',(72.0021030207504,73.631524158699,-18.0675019086386));
#11565=CARTESIAN_POINT('',(72.0021030207504,65.1897701328131,-18.0675019086386));
#11566=CARTESIAN_POINT('',(72.0021030207504,68.9565241586991,-18.5690635782979));
#11567=CARTESIAN_POINT('',(72.0021030207504,65.9452003173041,-20.8868057387303));
#11568=CARTESIAN_POINT('',(72.0021030207504,72.7135549935287,-16.9790943444412));
#11569=CARTESIAN_POINT('',(72.0021030207504,64.7467225574956,-21.5787471959735));
#11570=CARTESIAN_POINT('',(72.0021030207504,68.956524158699,-18.5690635782978));
#11571=CARTESIAN_POINT('',(72.0021030207504,65.6118164419184,-22.5179311741167));
#11572=CARTESIAN_POINT('',(72.0021030207504,64.3191757784283,-24.0440635782979));
#11573=CARTESIAN_POINT('',(72.0021030207504,65.6118164419184,-25.5701959824791));
#11574=CARTESIAN_POINT('',(72.0021030207504,68.9565241586991,-29.5190635782979));
#11575=CARTESIAN_POINT('',(72.0021030207504,68.9565241586991,-29.5190635782979));
#11576=CARTESIAN_POINT('',(72.0021030207504,68.9565241586991,-29.5190635782979));
#11577=CARTESIAN_POINT('',(72.0021030207504,72.905391754518,-32.8637712950784));
#11578=CARTESIAN_POINT('',(72.0021030207504,74.4315241586993,-34.1564119585684));
#11579=CARTESIAN_POINT('',(72.0021030207504,75.9576565628805,-32.8637712950784));
#11580=CARTESIAN_POINT('',(72.0021030207504,79.9065241586995,-29.5190635782979));
#11581=CARTESIAN_POINT('',(72.0021030207504,76.8968405410233,-33.7288651795009));
#11582=CARTESIAN_POINT('',(72.0021030207504,82.3520777739015,-24.2801171248143));
#11583=CARTESIAN_POINT('',(72.0021030207504,77.5887819982664,-32.5303874196924));
#11584=CARTESIAN_POINT('',(72.0021030207504,79.9065241586995,-29.5190635782979));
#11585=CARTESIAN_POINT('',(72.0021030207504,82.224266319132,-32.5303874196929));
#11586=CARTESIAN_POINT('',(72.0021030207504,77.4609705434968,-24.2801171248144));
#11587=CARTESIAN_POINT('',(72.0021030207504,82.9162077763752,-33.7288651795014));
#11588=CARTESIAN_POINT('',(72.0021030207504,79.9065241586996,-29.519063578298));
#11589=CARTESIAN_POINT('',(72.0021030207504,83.8553917545185,-32.8637712950785));
#11590=CARTESIAN_POINT('',(72.0021030207504,85.3815241586998,-34.1564119585685));
#11591=CARTESIAN_POINT('',(72.0021030207504,86.907656562881,-32.8637712950785));
#11592=CARTESIAN_POINT('',(72.0021030207504,90.8565241587,-29.519063578298));
#11593=CARTESIAN_POINT('',(72.0021030207504,87.8468405410237,-33.728865179501));
#11594=CARTESIAN_POINT('',(72.0021030207504,93.302077773902,-24.2801171248144));
#11595=CARTESIAN_POINT('',(72.0021030207504,88.5387819982669,-32.5303874196926));
#11596=CARTESIAN_POINT('',(72.0021030207504,90.8565241587001,-29.5190635782981));
#11597=CARTESIAN_POINT('',(72.0021030207504,93.1742663191326,-32.5303874196931));
#11598=CARTESIAN_POINT('',(72.0021030207504,88.4109705434973,-24.2801171248145));
#11599=CARTESIAN_POINT('',(72.0021030207504,93.8662077763757,-33.7288651795015));
#11600=CARTESIAN_POINT('',(72.0021030207504,90.8565241587001,-29.5190635782981));
#11601=CARTESIAN_POINT('',(72.0021030207504,94.805391754519,-32.8637712950786));
#11602=CARTESIAN_POINT('',(72.0021030207504,96.3315241587003,-34.1564119585687));
#11603=CARTESIAN_POINT('',(72.0021030207504,97.8576565628815,-32.8637712950786));
#11604=CARTESIAN_POINT('',(72.0021030207504,101.8065241587,-29.5190635782981));
#11605=CARTESIAN_POINT('',(72.0021030207504,98.7968405410242,-33.7288651795011));
#11606=CARTESIAN_POINT('',(72.0021030207504,104.252077773902,-24.2801171248145));
#11607=CARTESIAN_POINT('',(72.0021030207504,99.4887819982674,-32.5303874196927));
#11608=CARTESIAN_POINT('',(72.0021030207504,101.8065241587,-29.5190635782981));
#11609=CARTESIAN_POINT('',(72.0021030207504,102.30808582836,-33.2858176041842));
#11610=CARTESIAN_POINT('',(72.0021030207504,102.308085828359,-20.169063578298));
#11611=CARTESIAN_POINT('',(72.0021030207504,102.30808582836,-34.6697005186705));
#11612=CARTESIAN_POINT('',(72.0021030207504,101.8065241587,-29.5190635782981));
#11613=CARTESIAN_POINT('',(72.0021030207504,106.957161099073,-30.0206252479573));
#11614=CARTESIAN_POINT('',(72.0021030207504,97.1315241587001,-30.0206252479573));
#11615=CARTESIAN_POINT('',(72.0021030207504,105.573278184586,-30.0206252479573));
#11616=CARTESIAN_POINT('',(72.0021030207504,101.8065241587,-29.5190635782981));
#11617=CARTESIAN_POINT('',(72.0021030207504,73.7395777739018,-20.2314483621221));
#11618=CARTESIAN_POINT('',(72.0021030207504,71.5383633525263,-24.0440635782978));
#11619=CARTESIAN_POINT('',(72.0021030207504,69.6909090112096,-20.8441787944736));
#11620=CARTESIAN_POINT('',(72.0021030207504,70.4055360241526,-22.0819490893521));
#11621=CARTESIAN_POINT('',(72.0021030207504,68.9565241586991,-18.5690635782979));
#11622=CARTESIAN_POINT('',(72.0021030207504,72.4694096697533,-20.0180754437514));
#11623=CARTESIAN_POINT('',(72.0021030207504,72.7135549935287,-20.1590328121545));
#11624=CARTESIAN_POINT('',(72.0021030207504,74.4315241586991,-21.1509027721251));
#11625=CARTESIAN_POINT('',(72.0021030207504,76.1494933238694,-20.1590328121545));
#11626=CARTESIAN_POINT('',(72.0021030207504,76.3936386476451,-20.0180754437512));
#11627=CARTESIAN_POINT('',(72.0021030207504,79.9065241586995,-18.5690635782979));
#11628=CARTESIAN_POINT('',(72.0021030207504,78.4575122932455,-22.081949089352));
#11629=CARTESIAN_POINT('',(72.0021030207504,79.1721393061885,-20.8441787944736));
#11630=CARTESIAN_POINT('',(72.0021030207504,79.9065241586995,-29.5190635782979));
#11631=CARTESIAN_POINT('',(72.0021030207504,76.3936386476452,-28.0700517128445));
#11632=CARTESIAN_POINT('',(72.0021030207504,72.1008245611772,-25.5915943444412));
#11633=CARTESIAN_POINT('',(72.0021030207504,94.0008245611782,-25.5915943444414));
#11634=CARTESIAN_POINT('',(72.0021030207504,96.3315241587001,-26.9372243844708));
#11635=CARTESIAN_POINT('',(72.0021030207504,98.2936386476462,-28.0700517128447));
#11636=CARTESIAN_POINT('',(72.0021030207504,98.6622237562215,-25.5915943444414));
#11637=CARTESIAN_POINT('',(72.0021030207504,94.3694096697542,-28.0700517128443));
#11638=CARTESIAN_POINT('',(72.0021030207504,90.8565241587001,-29.5190635782981));
#11639=CARTESIAN_POINT('',(72.0021030207504,92.3055360241535,-26.0061780672438));
#11640=CARTESIAN_POINT('',(72.0021030207504,95.6395777739028,-20.2314483621223));
#11641=CARTESIAN_POINT('',(72.0021030207504,93.4383633525274,-24.0440635782978));
#11642=CARTESIAN_POINT('',(72.0021030207504,91.5909090112106,-20.8441787944738));
#11643=CARTESIAN_POINT('',(72.0021030207504,92.3055360241536,-22.0819490893523));
#11644=CARTESIAN_POINT('',(72.0021030207504,90.8565241587001,-18.5690635782981));
#11645=CARTESIAN_POINT('',(72.0021030207504,94.3694096697543,-20.0180754437516));
#11646=CARTESIAN_POINT('',(72.0021030207504,94.6135549935297,-20.1590328121547));
#11647=CARTESIAN_POINT('',(72.0021030207504,96.3315241587001,-21.1509027721253));
#11648=CARTESIAN_POINT('',(72.0021030207504,98.0494933238704,-20.1590328121547));
#11649=CARTESIAN_POINT('',(72.0021030207504,98.2936386476461,-20.0180754437514));
#11650=CARTESIAN_POINT('',(72.0021030207504,101.8065241587,-18.5690635782981));
#11651=CARTESIAN_POINT('',(72.0021030207504,100.357512293247,-22.0819490893522));
#11652=CARTESIAN_POINT('',(72.0021030207504,101.072139306189,-20.8441787944738));
#11653=CARTESIAN_POINT('',(72.0021030207504,99.2246849648727,-24.0440635782978));
#11654=CARTESIAN_POINT('',(72.0021030207504,97.0234705434973,-20.2314483621223));
#11655=CARTESIAN_POINT('',(72.0021030207504,100.357512293247,-26.006178067244));
#11656=CARTESIAN_POINT('',(72.0021030207504,101.8065241587,-29.5190635782981));
#11657=CARTESIAN_POINT('',(72.0021030207504,101.8065241587,-29.5190635782981));
#11658=CARTESIAN_POINT('',(72.0021030207504,101.8065241587,-31.5190635782981));
#11659=CARTESIAN_POINT('',(72.0021030207504,101.8065241587,-18.5690635782981));
#11660=CARTESIAN_POINT('',(72.0021030207504,101.8065241587,-20.5690635782981));
#11661=CARTESIAN_POINT('',(72.0021030207504,68.956524158699,-18.5690635782978));
#11662=CARTESIAN_POINT('',(72.0021030207504,68.956524158699,-20.5690635782978));
#11663=CARTESIAN_POINT('',(72.0021030207504,83.0508245611777,-25.5915943444413));
#11664=CARTESIAN_POINT('',(72.0021030207504,85.3815241586995,-26.9372243844705));
#11665=CARTESIAN_POINT('',(72.0021030207504,87.3436386476458,-28.0700517128447));
#11666=CARTESIAN_POINT('',(72.0021030207504,87.712223756221,-25.5915943444413));
#11667=CARTESIAN_POINT('',(72.0021030207504,83.4194096697537,-28.0700517128442));
#11668=CARTESIAN_POINT('',(72.0021030207504,79.9065241586995,-29.5190635782979));
#11669=CARTESIAN_POINT('',(72.0021030207504,80.6409090112101,-20.8441787944737));
#11670=CARTESIAN_POINT('',(72.0021030207504,81.3555360241531,-22.0819490893521));
#11671=CARTESIAN_POINT('',(72.0021030207504,79.9065241586995,-18.5690635782979));
#11672=CARTESIAN_POINT('',(72.0021030207504,83.4194096697537,-20.0180754437514));
#11673=CARTESIAN_POINT('',(72.0021030207504,83.6635549935292,-20.1590328121546));
#11674=CARTESIAN_POINT('',(72.0021030207504,85.3815241586995,-21.1509027721252));
#11675=CARTESIAN_POINT('',(72.0021030207504,87.0994933238699,-20.1590328121546));
#11676=CARTESIAN_POINT('',(72.0021030207504,87.3436386476457,-20.0180754437513));
#11677=CARTESIAN_POINT('',(72.0021030207504,90.8565241587001,-18.5690635782981));
#11678=CARTESIAN_POINT('',(72.0021030207504,89.407512293246,-22.0819490893521));
#11679=CARTESIAN_POINT('',(72.0021030207504,90.122139306189,-20.8441787944737));
#11680=CARTESIAN_POINT('',(72.0021030207504,88.2746849648723,-24.0440635782978));
#11681=CARTESIAN_POINT('',(72.0021030207504,86.0734705434968,-20.2314483621222));
#11682=CARTESIAN_POINT('',(72.0021030207504,89.4075122932462,-26.006178067244));
#11683=CARTESIAN_POINT('',(72.0021030207504,90.8565241587001,-29.5190635782981));
#11684=CARTESIAN_POINT('',(72.0021030207504,90.8565241587001,-29.5190635782981));
#11685=CARTESIAN_POINT('',(72.0021030207504,90.8565241587001,-31.5190635782981));
#11686=CARTESIAN_POINT('',(72.0021030207504,90.8565241587,-18.569063578298));
#11687=CARTESIAN_POINT('',(72.0021030207504,90.8565241587,-20.569063578298));
#11688=CARTESIAN_POINT('',(72.0021030207504,79.9065241586995,-29.5190635782979));
#11689=CARTESIAN_POINT('',(72.0021030207504,79.9065241586995,-31.5190635782979));
#11690=CARTESIAN_POINT('',(72.0021030207504,79.9065241586995,-18.5690635782979));
#11691=CARTESIAN_POINT('',(72.0021030207504,79.9065241586995,-20.5690635782979));
#11692=CARTESIAN_POINT('',(72.0021030207504,73.631524158699,-20.1690635782979));
#11693=CARTESIAN_POINT('',(70.7021030207504,71.1979327727377,-24.6337066389419));
#11694=CARTESIAN_POINT('',(70.7021030207504,71.5383633525264,-24.0440635782978));
#11695=CARTESIAN_POINT('',(36.5021030207504,71.5383633525264,-24.0440635782978));
#11696=CARTESIAN_POINT('',(104.00210302075,71.1979327727377,-24.6337066389419));
#11697=CARTESIAN_POINT('',(71.0021030207504,68.9565241586991,-29.5190635782979));
#11698=CARTESIAN_POINT('',(71.0021030207504,64.9654961101734,-24.8071297803885));
#11699=CARTESIAN_POINT('',(72.0021030207504,64.9654961101734,-24.8071297803885));
#11700=CARTESIAN_POINT('',(72.0021030207504,68.9565241586991,-29.5190635782979));
#11701=CARTESIAN_POINT('',(72.0021030207504,107.961120887287,-30.0206252479573));
#11702=CARTESIAN_POINT('',(71.0021030207504,107.961120887287,-30.0206252479573));
#11703=CARTESIAN_POINT('',(71.3021030207504,105.573278184586,-30.0206252479573));
#11704=CARTESIAN_POINT('',(72.0021030207504,106.957161099073,-30.0206252479573));
#11705=CARTESIAN_POINT('',(72.0021030207504,107.069895540579,-30.0206252479573));
#11706=CARTESIAN_POINT('',(71.9826857013467,107.184186617223,-30.0206252479573));
#11707=CARTESIAN_POINT('',(71.9454029309855,107.29057763816,-30.0206252479573));
#11708=CARTESIAN_POINT('',(71.9081163747231,107.396979462637,-30.0206252479573));
#11709=CARTESIAN_POINT('',(71.8519218734361,107.498418472655,-30.0206252479573));
#11710=CARTESIAN_POINT('',(71.7814350398637,107.586414164725,-30.0206252479573));
#11711=CARTESIAN_POINT('',(71.7111336470057,107.674178352794,-30.0206252479573));
#11712=CARTESIAN_POINT('',(71.6246622688194,107.750999181137,-30.0206252479573));
#11713=CARTESIAN_POINT('',(71.5291944173408,107.810419109437,-30.0206252479573));
#11714=CARTESIAN_POINT('',(71.4340886642257,107.869613664918,-30.0206252479573));
#11715=CARTESIAN_POINT('',(71.3274199353882,107.913176912671,-30.0206252479573));
#11716=CARTESIAN_POINT('',(71.2180575920703,107.937445772105,-30.0206252479573));
#11717=CARTESIAN_POINT('',(71.1473612489449,107.953134166864,-30.0206252479573));
#11718=CARTESIAN_POINT('',(71.074519169926,107.961120887287,-30.0206252479573));
#11719=CARTESIAN_POINT('',(71.0021030207504,107.961120887287,-30.0206252479573));
#11720=CARTESIAN_POINT('',(104.00210302075,107.158071681756,-30.0206252479573));
#11721=CARTESIAN_POINT('',(104.00210302075,104.817848000095,-27.2013214178653));
#11722=CARTESIAN_POINT('',(72.0021030207504,106.885780440875,-26.007400066515));
#11723=CARTESIAN_POINT('',(71.0021030207504,106.885780440875,-26.007400066515));
#11724=CARTESIAN_POINT('',(71.0021030207504,106.885780440875,-26.007400066515));
#11725=CARTESIAN_POINT('',(71.1137389848559,106.885780440875,-26.007400066515));
#11726=CARTESIAN_POINT('',(71.2269142714351,106.869073595194,-26.0170457683664));
#11727=CARTESIAN_POINT('',(71.3322518572674,106.837058971667,-26.0355294198779));
#11728=CARTESIAN_POINT('',(71.4375846560752,106.805045803031,-26.0540122314074));
#11729=CARTESIAN_POINT('',(71.5379814761499,106.756847918276,-26.0818392931452));
#11730=CARTESIAN_POINT('',(71.6251744918869,106.696481326939,-26.1166919609036));
#11731=CARTESIAN_POINT('',(71.7124837976019,106.636034224227,-26.1515911119261));
#11732=CARTESIAN_POINT('',(71.7889545227279,106.561729782541,-26.1944908013352));
#11733=CARTESIAN_POINT('',(71.8483453334242,106.479720105806,-26.2418391102745));
#11734=CARTESIAN_POINT('',(71.9079267193575,106.397447273653,-26.2893393520648));
#11735=CARTESIAN_POINT('',(71.9519568579792,106.305165246641,-26.3426184052019));
#11736=CARTESIAN_POINT('',(71.9768807718883,106.210479587963,-26.397285195728));
#11737=CARTESIAN_POINT('',(71.9935950245489,106.146982336758,-26.4339453508037));
#11738=CARTESIAN_POINT('',(72.0021030207504,106.081451988046,-26.471779315273));
#11739=CARTESIAN_POINT('',(72.0021030207504,106.016325759904,-26.5093799606222));
#11740=CARTESIAN_POINT('',(104.00210302075,104.117252043091,-27.6058106822346));
#11741=CARTESIAN_POINT('',(104.00210302075,101.8065241587,-29.5190635782981));
#11742=CARTESIAN_POINT('',(104.00210302075,102.308085828359,-33.2858176041842));
#11743=CARTESIAN_POINT('',(72.0021030207504,102.308085828359,-35.6736603068847));
#11744=CARTESIAN_POINT('',(71.0021030207504,102.308085828359,-35.6736603068847));
#11745=CARTESIAN_POINT('',(71.0021030207504,102.308085828359,-35.6736603068847));
#11746=CARTESIAN_POINT('',(71.1137389848559,102.308085828359,-35.6736603068847));
#11747=CARTESIAN_POINT('',(71.2269142714351,102.308085828359,-35.6543689031821));
#11748=CARTESIAN_POINT('',(71.3322518572674,102.308085828359,-35.6174016001589));
#11749=CARTESIAN_POINT('',(71.4375846560752,102.308085828359,-35.5804359771001));
#11750=CARTESIAN_POINT('',(71.5379814761499,102.308085828359,-35.5247818536245));
#11751=CARTESIAN_POINT('',(71.6251744918869,102.308085828359,-35.4550765181076));
#11752=CARTESIAN_POINT('',(71.7124837976019,102.308085828359,-35.3852782160627));
#11753=CARTESIAN_POINT('',(71.7889545227279,102.308085828359,-35.2994788372443));
#11754=CARTESIAN_POINT('',(71.8483453334242,102.308085828359,-35.2047822193658));
#11755=CARTESIAN_POINT('',(71.9079267193575,102.308085828359,-35.1097817357852));
#11756=CARTESIAN_POINT('',(71.9519568579792,102.308085828359,-35.0032236295111));
#11757=CARTESIAN_POINT('',(71.9768807718883,102.308085828359,-34.8938900484588));
#11758=CARTESIAN_POINT('',(71.9935950245489,102.308085828359,-34.8205697383073));
#11759=CARTESIAN_POINT('',(72.0021030207504,102.30808582836,-34.7449018093689));
#11760=CARTESIAN_POINT('',(72.0021030207504,102.30808582836,-34.6697005186705));
#11761=CARTESIAN_POINT('',(104.00210302075,102.308085828359,-32.476839075446));
#11762=CARTESIAN_POINT('',(72.0021030207504,98.2948606469174,-34.5983198604728));
#11763=CARTESIAN_POINT('',(71.0021030207504,98.2948606469174,-34.5983198604728));
#11764=CARTESIAN_POINT('',(71.3021030207504,99.4887819982677,-32.5303874196928));
#11765=CARTESIAN_POINT('',(72.0021030207504,98.7968405410242,-33.7288651795011));
#11766=CARTESIAN_POINT('',(72.0021030207504,98.740473320271,-33.8264960697272));
#11767=CARTESIAN_POINT('',(71.9826857013467,98.6833277819495,-33.9254750455265));
#11768=CARTESIAN_POINT('',(71.9454029309855,98.6301322714811,-34.0176123723924));
#11769=CARTESIAN_POINT('',(71.9081163747231,98.5769313592426,-34.1097590553983));
#11770=CARTESIAN_POINT('',(71.8519218734361,98.5262118542333,-34.1976078150093));
#11771=CARTESIAN_POINT('',(71.7814350398637,98.4822140081984,-34.2738143197653));
#11772=CARTESIAN_POINT('',(71.7111336470057,98.4383319141641,-34.3498203361753));
#11773=CARTESIAN_POINT('',(71.6246622688193,98.3999214999925,-34.4163491250601));
#11774=CARTESIAN_POINT('',(71.5291944173408,98.3702115358425,-34.467808292459));
#11775=CARTESIAN_POINT('',(71.4340886642257,98.3406142581019,-34.5190722812715));
#11776=CARTESIAN_POINT('',(71.3274199353882,98.3188326342255,-34.5567991604967));
#11777=CARTESIAN_POINT('',(71.2180575920703,98.3066982045086,-34.5778166092874));
#11778=CARTESIAN_POINT('',(71.1473612489449,98.2988540071288,-34.5914031576937));
#11779=CARTESIAN_POINT('',(71.074519169926,98.2948606469174,-34.5983198604728));
#11780=CARTESIAN_POINT('',(71.0021030207504,98.2948606469174,-34.5983198604728));
#11781=CARTESIAN_POINT('',(104.00210302075,98.6963852496825,-33.9028588479948));
#11782=CARTESIAN_POINT('',(104.00210302075,101.8065241587,-29.5190635782981));
#11783=CARTESIAN_POINT('',(104.00210302075,99.2246849648726,-24.0440635782978));
#11784=CARTESIAN_POINT('',(70.7021030207504,99.2246849648729,-24.0440635782978));
#11785=CARTESIAN_POINT('',(70.7021030207504,99.5651155446614,-24.6337066389421));
#11786=CARTESIAN_POINT('',(70.7021030207504,100.357512293247,-26.006178067244));
#11787=CARTESIAN_POINT('',(71.3021030207504,100.357512293247,-26.006178067244));
#11788=CARTESIAN_POINT('',(104.00210302075,99.5651155446614,-24.6337066389421));
#11789=CARTESIAN_POINT('',(70.7021030207504,101.8065241587,-29.5190635782981));
#11790=CARTESIAN_POINT('',(70.7021030207504,98.2936386476462,-28.0700517128447));
#11791=CARTESIAN_POINT('',(104.00210302075,98.2936386476461,-28.0700517128447));
#11792=CARTESIAN_POINT('',(104.00210302075,101.8065241587,-29.5190635782981));
#11793=CARTESIAN_POINT('',(70.7021030207504,101.8065241587,-29.5190635782981));
#11794=CARTESIAN_POINT('',(70.7021030207504,101.8065241587,-31.5190635782981));
#11795=CARTESIAN_POINT('',(27.0521030207504,101.8065241587,-29.5190635782981));
#11796=CARTESIAN_POINT('',(72.0021030207504,105.797552207226,-24.8071297803887));
#11797=CARTESIAN_POINT('',(71.0021030207504,105.797552207226,-24.8071297803887));
#11798=CARTESIAN_POINT('',(71.0021030207504,101.8065241587,-29.5190635782981));
#11799=CARTESIAN_POINT('',(72.0021030207504,101.8065241587,-29.5190635782981));
#11800=CARTESIAN_POINT('',(71.0021030207504,101.8065241587,-29.5190635782981));
#11801=CARTESIAN_POINT('',(71.0021030207504,97.0945903607909,-33.5100916268236));
#11802=CARTESIAN_POINT('',(72.0021030207504,97.0945903607909,-33.5100916268236));
#11803=CARTESIAN_POINT('',(72.0021030207504,101.8065241587,-29.5190635782981));
#11804=CARTESIAN_POINT('',(71.0021030207504,101.8065241587,-29.5190635782981));
#11805=CARTESIAN_POINT('',(72.0021030207504,101.8065241587,-29.5190635782981));
#11806=CARTESIAN_POINT('',(70.7021030207504,98.9942346046492,-28.4745409772136));
#11807=CARTESIAN_POINT('',(70.7021030207504,96.3315241587001,-26.9372243844708));
#11808=CARTESIAN_POINT('',(36.5021030207504,96.3315241587001,-26.9372243844708));
#11809=CARTESIAN_POINT('',(104.00210302075,98.9942346046492,-28.4745409772136));
#11810=CARTESIAN_POINT('',(70.7021030207504,101.8065241587,-18.5690635782981));
#11811=CARTESIAN_POINT('',(70.7021030207504,101.8065241587,-20.5690635782981));
#11812=CARTESIAN_POINT('',(27.0521030207504,101.8065241587,-18.5690635782981));
#11813=CARTESIAN_POINT('',(72.0021030207504,98.2948606469174,-13.4898072961234));
#11814=CARTESIAN_POINT('',(71.0021030207504,98.2948606469174,-13.4898072961234));
#11815=CARTESIAN_POINT('',(71.0021030207504,98.2948606469174,-13.4898072961234));
#11816=CARTESIAN_POINT('',(71.1137389848559,98.2948606469174,-13.4898072961234));
#11817=CARTESIAN_POINT('',(71.2269142714351,98.3045063487687,-13.5065141418045));
#11818=CARTESIAN_POINT('',(71.3322518572674,98.3229900002803,-13.538528765332));
#11819=CARTESIAN_POINT('',(71.4375846560752,98.3414728118097,-13.5705419339677));
#11820=CARTESIAN_POINT('',(71.5379814761499,98.3692998735475,-13.6187398187229));
#11821=CARTESIAN_POINT('',(71.6251744918869,98.4041525413059,-13.6791064100598));
#11822=CARTESIAN_POINT('',(71.7124837976019,98.4390516923284,-13.7395535127717));
#11823=CARTESIAN_POINT('',(71.7889545227279,98.4819513817376,-13.8138579544574));
#11824=CARTESIAN_POINT('',(71.8483453334242,98.5292996906768,-13.8958676311926));
#11825=CARTESIAN_POINT('',(71.9079267193575,98.5767999324671,-13.9781404633452));
#11826=CARTESIAN_POINT('',(71.9519568579792,98.6300789856042,-14.0704224903577));
#11827=CARTESIAN_POINT('',(71.9768807718882,98.6847457761303,-14.1651081490358));
#11828=CARTESIAN_POINT('',(71.9935950245489,98.7214059312061,-14.2286054002403));
#11829=CARTESIAN_POINT('',(72.0021030207504,98.7592398956752,-14.2941357489528));
#11830=CARTESIAN_POINT('',(72.0021030207504,98.7968405410244,-14.359261977095));
#11831=CARTESIAN_POINT('',(104.00210302075,99.4887819982677,-15.5577397369034));
#11832=CARTESIAN_POINT('',(104.00210302075,98.6963852496825,-14.1852683086014));
#11833=CARTESIAN_POINT('',(104.00210302075,102.308085828359,-14.802309552412));
#11834=CARTESIAN_POINT('',(104.00210302075,101.8065241587,-18.5690635782981));
#11835=CARTESIAN_POINT('',(72.0021030207504,102.308085828359,-13.4184266379257));
#11836=CARTESIAN_POINT('',(72.0021030207504,102.308085828359,-13.3056921964192));
#11837=CARTESIAN_POINT('',(71.9826857013467,102.308085828359,-13.1914011197756));
#11838=CARTESIAN_POINT('',(71.9454029309855,102.308085828359,-13.0850100988388));
#11839=CARTESIAN_POINT('',(71.9081163747231,102.308085828359,-12.978608274362));
#11840=CARTESIAN_POINT('',(71.8519218734361,102.308085828359,-12.8771692643433));
#11841=CARTESIAN_POINT('',(71.7814350398637,102.308085828359,-12.7891735722735));
#11842=CARTESIAN_POINT('',(71.7111336470057,102.308085828359,-12.7014093842049));
#11843=CARTESIAN_POINT('',(71.6246622688194,102.308085828359,-12.6245885558618));
#11844=CARTESIAN_POINT('',(71.5291944173408,102.308085828359,-12.5651686275618));
#11845=CARTESIAN_POINT('',(71.4340886642257,102.308085828359,-12.5059740720805));
#11846=CARTESIAN_POINT('',(71.3274199353882,102.308085828359,-12.4624108243278));
#11847=CARTESIAN_POINT('',(71.2180575920703,102.308085828359,-12.4381419648939));
#11848=CARTESIAN_POINT('',(71.1473612489449,102.308085828359,-12.4224535701343));
#11849=CARTESIAN_POINT('',(71.074519169926,102.308085828359,-12.4144668497115));
#11850=CARTESIAN_POINT('',(71.0021030207504,102.308085828359,-12.4144668497115));
#11851=CARTESIAN_POINT('',(71.0021030207504,102.308085828359,-12.4144668497115));
#11852=CARTESIAN_POINT('',(72.0021030207504,102.308085828359,-12.4144668497115));
#11853=CARTESIAN_POINT('',(104.00210302075,102.308085828359,-15.6112880811501));
#11854=CARTESIAN_POINT('',(71.0021030207504,101.8065241587,-18.5690635782981));
#11855=CARTESIAN_POINT('',(71.0021030207504,107.961120887287,-18.0675019086388));
#11856=CARTESIAN_POINT('',(72.0021030207504,107.961120887287,-18.0675019086388));
#11857=CARTESIAN_POINT('',(72.0021030207504,101.8065241587,-18.5690635782981));
#11858=CARTESIAN_POINT('',(71.0021030207504,107.961120887287,-18.0675019086388));
#11859=CARTESIAN_POINT('',(71.1137389848559,107.961120887287,-18.0675019086388));
#11860=CARTESIAN_POINT('',(71.2269142714351,107.941829483584,-18.0675019086388));
#11861=CARTESIAN_POINT('',(71.3322518572674,107.904862180561,-18.0675019086388));
#11862=CARTESIAN_POINT('',(71.4375846560752,107.867896557502,-18.0675019086388));
#11863=CARTESIAN_POINT('',(71.5379814761499,107.812242434027,-18.0675019086388));
#11864=CARTESIAN_POINT('',(71.6251744918869,107.74253709851,-18.0675019086388));
#11865=CARTESIAN_POINT('',(71.7124837976019,107.672738796465,-18.0675019086388));
#11866=CARTESIAN_POINT('',(71.7889545227279,107.586939417647,-18.0675019086388));
#11867=CARTESIAN_POINT('',(71.8483453334242,107.492242799768,-18.0675019086388));
#11868=CARTESIAN_POINT('',(71.9079267193575,107.397242316188,-18.0675019086388));
#11869=CARTESIAN_POINT('',(71.9519568579792,107.290684209913,-18.0675019086388));
#11870=CARTESIAN_POINT('',(71.9768807718883,107.181350628861,-18.0675019086388));
#11871=CARTESIAN_POINT('',(71.9935950245489,107.10803031871,-18.0675019086388));
#11872=CARTESIAN_POINT('',(72.0021030207504,107.032362389771,-18.0675019086388));
#11873=CARTESIAN_POINT('',(72.0021030207504,106.957161099073,-18.0675019086388));
#11874=CARTESIAN_POINT('',(104.00210302075,105.573278184586,-18.0675019086388));
#11875=CARTESIAN_POINT('',(104.00210302075,107.158071681756,-18.0675019086388));
#11876=CARTESIAN_POINT('',(104.00210302075,104.817848000095,-20.8868057387308));
#11877=CARTESIAN_POINT('',(104.00210302075,101.8065241587,-18.5690635782981));
#11878=CARTESIAN_POINT('',(72.0021030207504,106.016325759904,-21.5787471959739));
#11879=CARTESIAN_POINT('',(72.0021030207504,106.11395665013,-21.6351144167271));
#11880=CARTESIAN_POINT('',(71.9826857013467,106.212935625929,-21.692259955049));
#11881=CARTESIAN_POINT('',(71.9454029309855,106.305072952795,-21.7454554655174));
#11882=CARTESIAN_POINT('',(71.9081163747231,106.397219635801,-21.7986563777558));
#11883=CARTESIAN_POINT('',(71.8519218734361,106.485068395412,-21.8493758827652));
#11884=CARTESIAN_POINT('',(71.7814350398637,106.561274900168,-21.8933737288001));
#11885=CARTESIAN_POINT('',(71.7111336470057,106.637280916578,-21.9372558228344));
#11886=CARTESIAN_POINT('',(71.6246622688194,106.703809705463,-21.9756662370059));
#11887=CARTESIAN_POINT('',(71.5291944173408,106.755268872861,-22.0053762011559));
#11888=CARTESIAN_POINT('',(71.4340886642257,106.806532861674,-22.0349734788966));
#11889=CARTESIAN_POINT('',(71.3274199353882,106.844259740899,-22.0567551027729));
#11890=CARTESIAN_POINT('',(71.2180575920703,106.86527718969,-22.0688895324899));
#11891=CARTESIAN_POINT('',(71.1473612489449,106.878863738096,-22.0767337298697));
#11892=CARTESIAN_POINT('',(71.074519169926,106.885780440875,-22.0807270900811));
#11893=CARTESIAN_POINT('',(71.0021030207504,106.885780440875,-22.0807270900811));
#11894=CARTESIAN_POINT('',(71.0021030207504,106.885780440875,-22.0807270900811));
#11895=CARTESIAN_POINT('',(72.0021030207504,106.885780440875,-22.0807270900811));
#11896=CARTESIAN_POINT('',(104.00210302075,104.117252043091,-20.4823164743615));
#11897=CARTESIAN_POINT('',(71.0021030207504,101.8065241587,-18.5690635782981));
#11898=CARTESIAN_POINT('',(71.0021030207504,105.797552207226,-23.2809973762075));
#11899=CARTESIAN_POINT('',(72.0021030207504,105.797552207226,-23.2809973762075));
#11900=CARTESIAN_POINT('',(72.0021030207504,101.8065241587,-18.5690635782981));
#11901=CARTESIAN_POINT('',(70.7021030207504,99.5651155446614,-23.454420517654));
#11902=CARTESIAN_POINT('',(70.7021030207504,100.357512293247,-22.0819490893522));
#11903=CARTESIAN_POINT('',(104.00210302075,100.357512293247,-22.0819490893522));
#11904=CARTESIAN_POINT('',(104.00210302075,99.5651155446614,-23.454420517654));
#11905=CARTESIAN_POINT('',(70.7021030207504,101.8065241587,-18.5690635782981));
#11906=CARTESIAN_POINT('',(70.7021030207504,98.2936386476461,-20.0180754437515));
#11907=CARTESIAN_POINT('',(104.00210302075,98.2936386476461,-20.0180754437515));
#11908=CARTESIAN_POINT('',(104.00210302075,101.8065241587,-18.5690635782981));
#11909=CARTESIAN_POINT('',(72.0021030207504,97.0945903607909,-14.5780355297726));
#11910=CARTESIAN_POINT('',(71.0021030207504,97.0945903607909,-14.5780355297726));
#11911=CARTESIAN_POINT('',(71.0021030207504,101.8065241587,-18.5690635782981));
#11912=CARTESIAN_POINT('',(72.0021030207504,101.8065241587,-18.5690635782981));
#11913=CARTESIAN_POINT('',(70.7021030207504,98.9942346046492,-19.6135861793826));
#11914=CARTESIAN_POINT('',(70.7021030207504,96.3315241587001,-21.1509027721254));
#11915=CARTESIAN_POINT('',(104.00210302075,96.3315241587001,-21.1509027721253));
#11916=CARTESIAN_POINT('',(104.00210302075,98.9942346046492,-19.6135861793826));
#11917=CARTESIAN_POINT('',(72.0021030207504,64.9654961101734,-23.2809973762073));
#11918=CARTESIAN_POINT('',(71.0021030207504,64.9654961101734,-23.2809973762073));
#11919=CARTESIAN_POINT('',(71.0021030207504,68.956524158699,-18.5690635782978));
#11920=CARTESIAN_POINT('',(71.0021030207504,63.8772678765241,-22.0807270900806));
#11921=CARTESIAN_POINT('',(72.0021030207504,63.8772678765241,-22.0807270900806));
#11922=CARTESIAN_POINT('',(72.0021030207504,68.956524158699,-18.5690635782978));
#11923=CARTESIAN_POINT('',(104.00210302075,65.9452003173041,-20.8868057387303));
#11924=CARTESIAN_POINT('',(71.0021030207504,63.8772678765241,-22.0807270900806));
#11925=CARTESIAN_POINT('',(71.1137389848559,63.8772678765241,-22.0807270900806));
#11926=CARTESIAN_POINT('',(71.2269142714351,63.8939747222052,-22.0710813882293));
#11927=CARTESIAN_POINT('',(71.3322518572674,63.9259893457327,-22.0525977367177));
#11928=CARTESIAN_POINT('',(71.4375846560752,63.9580025143684,-22.0341149251883));
#11929=CARTESIAN_POINT('',(71.5379814761499,64.0062003991236,-22.0062878634505));
#11930=CARTESIAN_POINT('',(71.6251744918869,64.0665669904605,-21.971435195692));
#11931=CARTESIAN_POINT('',(71.7124837976019,64.1270140931724,-21.9365360446696));
#11932=CARTESIAN_POINT('',(71.7889545227279,64.2013185348581,-21.8936363552604));
#11933=CARTESIAN_POINT('',(71.8483453334242,64.2833282115933,-21.8462880463212));
#11934=CARTESIAN_POINT('',(71.9079267193575,64.3656010437459,-21.7987878045309));
#11935=CARTESIAN_POINT('',(71.9519568579792,64.4578830707585,-21.7455087513938));
#11936=CARTESIAN_POINT('',(71.9768807718883,64.5525687294365,-21.6908419608676));
#11937=CARTESIAN_POINT('',(71.9935950245489,64.616065980641,-21.6541818057919));
#11938=CARTESIAN_POINT('',(72.0021030207504,64.6815963293534,-21.6163478413227));
#11939=CARTESIAN_POINT('',(72.0021030207504,64.7467225574956,-21.5787471959735));
#11940=CARTESIAN_POINT('',(104.00210302075,66.6457962743074,-20.4823164743613));
#11941=CARTESIAN_POINT('',(71.3021030207504,65.1897701328131,-18.0675019086386));
#11942=CARTESIAN_POINT('',(104.00210302075,68.9565241586991,-18.5690635782979));
#11943=CARTESIAN_POINT('',(72.0021030207504,62.8019274301124,-18.0675019086386));
#11944=CARTESIAN_POINT('',(71.0021030207504,62.8019274301124,-18.0675019086386));
#11945=CARTESIAN_POINT('',(72.0021030207504,63.8058872183266,-18.0675019086386));
#11946=CARTESIAN_POINT('',(72.0021030207504,63.6931527768201,-18.0675019086386));
#11947=CARTESIAN_POINT('',(71.9826857013467,63.5788617001766,-18.0675019086386));
#11948=CARTESIAN_POINT('',(71.9454029309855,63.4724706792398,-18.0675019086386));
#11949=CARTESIAN_POINT('',(71.9081163747231,63.3660688547629,-18.0675019086386));
#11950=CARTESIAN_POINT('',(71.8519218734361,63.2646298447443,-18.0675019086386));
#11951=CARTESIAN_POINT('',(71.7814350398637,63.1766341526745,-18.0675019086386));
#11952=CARTESIAN_POINT('',(71.7111336470057,63.0888699646058,-18.0675019086386));
#11953=CARTESIAN_POINT('',(71.6246622688194,63.0120491362627,-18.0675019086386));
#11954=CARTESIAN_POINT('',(71.5291944173408,62.9526292079627,-18.0675019086386));
#11955=CARTESIAN_POINT('',(71.4340886642257,62.8934346524815,-18.0675019086386));
#11956=CARTESIAN_POINT('',(71.3274199353882,62.8498714047287,-18.0675019086386));
#11957=CARTESIAN_POINT('',(71.2180575920703,62.8256025452948,-18.0675019086386));
#11958=CARTESIAN_POINT('',(71.1473612489449,62.8099141505352,-18.0675019086386));
#11959=CARTESIAN_POINT('',(71.074519169926,62.8019274301124,-18.0675019086386));
#11960=CARTESIAN_POINT('',(71.0021030207504,62.8019274301124,-18.0675019086386));
#11961=CARTESIAN_POINT('',(104.00210302075,63.6049766356429,-18.0675019086386));
#11962=CARTESIAN_POINT('',(71.0021030207504,68.956524158699,-18.5690635782978));
#11963=CARTESIAN_POINT('',(71.0021030207504,68.4549624890398,-12.4144668497112));
#11964=CARTESIAN_POINT('',(72.0021030207504,68.4549624890398,-12.4144668497112));
#11965=CARTESIAN_POINT('',(72.0021030207504,68.956524158699,-18.5690635782978));
#11966=CARTESIAN_POINT('',(104.00210302075,68.4549624890398,-14.8023095524119));
#11967=CARTESIAN_POINT('',(71.0021030207504,68.4549624890398,-12.4144668497112));
#11968=CARTESIAN_POINT('',(71.1137389848559,68.4549624890398,-12.4144668497112));
#11969=CARTESIAN_POINT('',(71.2269142714351,68.4549624890398,-12.4337582534138));
#11970=CARTESIAN_POINT('',(71.3322518572674,68.4549624890398,-12.470725556437));
#11971=CARTESIAN_POINT('',(71.4375846560752,68.4549624890398,-12.5076911794959));
#11972=CARTESIAN_POINT('',(71.5379814761499,68.4549624890398,-12.5633453029714));
#11973=CARTESIAN_POINT('',(71.6251744918869,68.4549624890398,-12.6330506384883));
#11974=CARTESIAN_POINT('',(71.7124837976019,68.4549624890398,-12.7028489405332));
#11975=CARTESIAN_POINT('',(71.7889545227279,68.4549624890398,-12.7886483193516));
#11976=CARTESIAN_POINT('',(71.8483453334242,68.4549624890398,-12.8833449372301));
#11977=CARTESIAN_POINT('',(71.9079267193575,68.4549624890398,-12.9783454208107));
#11978=CARTESIAN_POINT('',(71.9519568579792,68.4549624890398,-13.0849035270848));
#11979=CARTESIAN_POINT('',(71.9768807718883,68.4549624890398,-13.1942371081371));
#11980=CARTESIAN_POINT('',(71.9935950245489,68.4549624890398,-13.2675574182886));
#11981=CARTESIAN_POINT('',(72.0021030207504,68.4549624890398,-13.343225347227));
#11982=CARTESIAN_POINT('',(72.0021030207504,68.4549624890398,-13.4184266379254));
#11983=CARTESIAN_POINT('',(104.00210302075,68.4549624890398,-15.6112880811499));
#11984=CARTESIAN_POINT('',(71.3021030207504,71.2742663191315,-15.5577397369029));
#11985=CARTESIAN_POINT('',(104.00210302075,68.9565241586991,-18.5690635782979));
#11986=CARTESIAN_POINT('',(70.7021030207504,68.956524158699,-18.5690635782978));
#11987=CARTESIAN_POINT('',(70.7021030207504,68.956524158699,-20.5690635782978));
#11988=CARTESIAN_POINT('',(27.0521030207504,68.956524158699,-18.5690635782978));
#11989=CARTESIAN_POINT('',(70.7021030207504,68.9565241586991,-18.5690635782979));
#11990=CARTESIAN_POINT('',(70.7021030207504,72.4694096697533,-20.0180754437515));
#11991=CARTESIAN_POINT('',(70.7021030207504,70.4055360241527,-22.0819490893521));
#11992=CARTESIAN_POINT('',(104.00210302075,72.4694096697533,-20.0180754437515));
#11993=CARTESIAN_POINT('',(71.3021030207504,70.4055360241527,-22.0819490893521));
#11994=CARTESIAN_POINT('',(104.00210302075,68.9565241586991,-18.5690635782979));
#11995=CARTESIAN_POINT('',(70.7021030207504,71.1979327727377,-23.4544205176538));
#11996=CARTESIAN_POINT('',(104.00210302075,71.1979327727377,-23.4544205176538));
#11997=CARTESIAN_POINT('',(72.0021030207504,72.4681876704818,-13.4898072961229));
#11998=CARTESIAN_POINT('',(71.0021030207504,72.4681876704818,-13.4898072961229));
#11999=CARTESIAN_POINT('',(72.0021030207504,71.9662077763747,-14.3592619770944));
#12000=CARTESIAN_POINT('',(72.0021030207504,72.022574997128,-14.2616310868684));
#12001=CARTESIAN_POINT('',(71.9826857013467,72.0797205354498,-14.1626521110692));
#12002=CARTESIAN_POINT('',(71.9454029309855,72.1329160459182,-14.0705147842033));
#12003=CARTESIAN_POINT('',(71.9081163747231,72.1861169581566,-13.9783681011974));
#12004=CARTESIAN_POINT('',(71.8519218734361,72.2368364631659,-13.8905193415865));
#12005=CARTESIAN_POINT('',(71.7814350398637,72.2808343092008,-13.8143128368304));
#12006=CARTESIAN_POINT('',(71.7111336470057,72.3247164032351,-13.7383068204205));
#12007=CARTESIAN_POINT('',(71.6246622688194,72.3631268174067,-13.6717780315356));
#12008=CARTESIAN_POINT('',(71.5291944173408,72.3928367815567,-13.6203188641367));
#12009=CARTESIAN_POINT('',(71.4340886642257,72.4224340592973,-13.5690548753242));
#12010=CARTESIAN_POINT('',(71.3274199353882,72.4442156831737,-13.531327996099));
#12011=CARTESIAN_POINT('',(71.2180575920703,72.4563501128906,-13.5103105473084));
#12012=CARTESIAN_POINT('',(71.1473612489449,72.4641943102704,-13.496723998902));
#12013=CARTESIAN_POINT('',(71.074519169926,72.4681876704818,-13.4898072961229));
#12014=CARTESIAN_POINT('',(71.0021030207504,72.4681876704818,-13.4898072961229));
#12015=CARTESIAN_POINT('',(104.00210302075,72.0666630677166,-14.1852683086012));
#12016=CARTESIAN_POINT('',(71.0021030207504,68.956524158699,-18.5690635782978));
#12017=CARTESIAN_POINT('',(71.0021030207504,73.6684579566087,-14.5780355297724));
#12018=CARTESIAN_POINT('',(72.0021030207504,73.6684579566087,-14.5780355297724));
#12019=CARTESIAN_POINT('',(72.0021030207504,68.956524158699,-18.5690635782978));
#12020=CARTESIAN_POINT('',(70.7021030207504,71.7688137127499,-19.6135861793824));
#12021=CARTESIAN_POINT('',(70.7021030207504,74.4315241586991,-21.1509027721252));
#12022=CARTESIAN_POINT('',(104.00210302075,74.4315241586991,-21.1509027721252));
#12023=CARTESIAN_POINT('',(104.00210302075,71.7688137127499,-19.6135861793824));
#12024=CARTESIAN_POINT('',(104.00210302075,93.1742663191325,-32.5303874196931));
#12025=CARTESIAN_POINT('',(71.3021030207504,88.5387819982672,-32.5303874196927));
#12026=CARTESIAN_POINT('',(104.00210302075,90.8565241587001,-29.5190635782981));
#12027=CARTESIAN_POINT('',(72.0021030207504,87.3448606469169,-34.5983198604727));
#12028=CARTESIAN_POINT('',(71.0021030207504,87.3448606469169,-34.5983198604727));
#12029=CARTESIAN_POINT('',(72.0021030207504,87.8468405410237,-33.728865179501));
#12030=CARTESIAN_POINT('',(72.0021030207504,87.7904733202705,-33.8264960697271));
#12031=CARTESIAN_POINT('',(71.9826857013467,87.733327781949,-33.9254750455264));
#12032=CARTESIAN_POINT('',(71.9454029309855,87.6801322714806,-34.0176123723923));
#12033=CARTESIAN_POINT('',(71.9081163747231,87.6269313592421,-34.1097590553982));
#12034=CARTESIAN_POINT('',(71.8519218734361,87.5762118542328,-34.1976078150092));
#12035=CARTESIAN_POINT('',(71.7814350398637,87.5322140081979,-34.2738143197652));
#12036=CARTESIAN_POINT('',(71.7111336470057,87.4883319141636,-34.3498203361752));
#12037=CARTESIAN_POINT('',(71.6246622688193,87.449921499992,-34.41634912506));
#12038=CARTESIAN_POINT('',(71.5291944173408,87.420211535842,-34.4678082924589));
#12039=CARTESIAN_POINT('',(71.4340886642256,87.3906142581014,-34.5190722812714));
#12040=CARTESIAN_POINT('',(71.3274199353882,87.368832634225,-34.5567991604966));
#12041=CARTESIAN_POINT('',(71.2180575920703,87.3566982045081,-34.5778166092873));
#12042=CARTESIAN_POINT('',(71.1473612489449,87.3488540071283,-34.5914031576936));
#12043=CARTESIAN_POINT('',(71.074519169926,87.3448606469169,-34.5983198604727));
#12044=CARTESIAN_POINT('',(71.0021030207504,87.3448606469169,-34.5983198604727));
#12045=CARTESIAN_POINT('',(104.00210302075,87.746385249682,-33.9028588479947));
#12046=CARTESIAN_POINT('',(71.0021030207504,90.8565241587,-29.519063578298));
#12047=CARTESIAN_POINT('',(71.0021030207504,86.1445903607904,-33.5100916268235));
#12048=CARTESIAN_POINT('',(72.0021030207504,86.1445903607904,-33.5100916268235));
#12049=CARTESIAN_POINT('',(72.0021030207504,90.8565241587,-29.519063578298));
#12050=CARTESIAN_POINT('',(104.00210302075,87.3436386476458,-28.0700517128447));
#12051=CARTESIAN_POINT('',(70.7021030207504,87.3436386476458,-28.0700517128447));
#12052=CARTESIAN_POINT('',(70.7021030207504,88.0442346046487,-28.4745409772135));
#12053=CARTESIAN_POINT('',(70.7021030207504,85.3815241586995,-26.9372243844707));
#12054=CARTESIAN_POINT('',(36.5021030207504,85.3815241586995,-26.9372243844707));
#12055=CARTESIAN_POINT('',(104.00210302075,88.0442346046487,-28.4745409772135));
#12056=CARTESIAN_POINT('',(70.7021030207504,90.8565241587001,-29.5190635782981));
#12057=CARTESIAN_POINT('',(70.7021030207504,89.4075122932461,-26.006178067244));
#12058=CARTESIAN_POINT('',(71.3021030207504,89.4075122932461,-26.006178067244));
#12059=CARTESIAN_POINT('',(104.00210302075,90.8565241587001,-29.5190635782981));
#12060=CARTESIAN_POINT('',(104.00210302075,88.2746849648722,-24.0440635782978));
#12061=CARTESIAN_POINT('',(70.7021030207504,88.2746849648723,-24.0440635782978));
#12062=CARTESIAN_POINT('',(70.7021030207504,88.6151155446609,-24.633706638942));
#12063=CARTESIAN_POINT('',(104.00210302075,88.6151155446609,-24.633706638942));
#12064=CARTESIAN_POINT('',(70.7021030207504,90.8565241587001,-29.5190635782981));
#12065=CARTESIAN_POINT('',(70.7021030207504,90.8565241587001,-31.5190635782981));
#12066=CARTESIAN_POINT('',(27.0521030207504,90.8565241587001,-29.5190635782981));
#12067=CARTESIAN_POINT('',(72.0021030207504,94.3681876704828,-34.5983198604731));
#12068=CARTESIAN_POINT('',(71.0021030207504,94.3681876704828,-34.5983198604731));
#12069=CARTESIAN_POINT('',(71.0021030207504,94.3681876704828,-34.5983198604731));
#12070=CARTESIAN_POINT('',(71.1137389848559,94.3681876704828,-34.5983198604731));
#12071=CARTESIAN_POINT('',(71.2269142714351,94.3585419686315,-34.581613014792));
#12072=CARTESIAN_POINT('',(71.3322518572674,94.3400583171199,-34.5495983912645));
#12073=CARTESIAN_POINT('',(71.4375846560752,94.3215755055905,-34.5175852226288));
#12074=CARTESIAN_POINT('',(71.5379814761499,94.2937484438527,-34.4693873378736));
#12075=CARTESIAN_POINT('',(71.6251744918869,94.2588957760942,-34.4090207465366));
#12076=CARTESIAN_POINT('',(71.7124837976019,94.2239966250718,-34.3485736438247));
#12077=CARTESIAN_POINT('',(71.7889545227279,94.1810969356626,-34.2742692021391));
#12078=CARTESIAN_POINT('',(71.8483453334242,94.1337486267233,-34.1922595254038));
#12079=CARTESIAN_POINT('',(71.9079267193575,94.0862483849331,-34.1099866932513));
#12080=CARTESIAN_POINT('',(71.9519568579792,94.032969331796,-34.0177046662387));
#12081=CARTESIAN_POINT('',(71.9768807718883,93.9783025412698,-33.9230190075607));
#12082=CARTESIAN_POINT('',(71.9935950245489,93.9416423861941,-33.8595217563562));
#12083=CARTESIAN_POINT('',(72.0021030207504,93.9038084217249,-33.7939914076437));
#12084=CARTESIAN_POINT('',(72.0021030207504,93.8662077763757,-33.7288651795015));
#12085=CARTESIAN_POINT('',(104.00210302075,93.9666630677176,-33.9028588479948));
#12086=CARTESIAN_POINT('',(70.7021030207504,90.8565241587001,-29.5190635782981));
#12087=CARTESIAN_POINT('',(70.7021030207504,92.3055360241536,-26.0061780672439));
#12088=CARTESIAN_POINT('',(70.7021030207504,94.3694096697542,-28.0700517128444));
#12089=CARTESIAN_POINT('',(104.00210302075,92.3055360241536,-26.0061780672439));
#12090=CARTESIAN_POINT('',(104.00210302075,94.3694096697543,-28.0700517128445));
#12091=CARTESIAN_POINT('',(104.00210302075,90.8565241587001,-29.5190635782981));
#12092=CARTESIAN_POINT('',(70.7021030207504,93.0979327727387,-24.6337066389421));
#12093=CARTESIAN_POINT('',(70.7021030207504,93.4383633525272,-24.0440635782978));
#12094=CARTESIAN_POINT('',(36.5021030207504,93.4383633525275,-24.0440635782978));
#12095=CARTESIAN_POINT('',(104.00210302075,93.0979327727387,-24.6337066389421));
#12096=CARTESIAN_POINT('',(70.7021030207504,93.6688137127509,-28.4745409772136));
#12097=CARTESIAN_POINT('',(104.00210302075,93.6688137127509,-28.4745409772136));
#12098=CARTESIAN_POINT('',(72.0021030207504,95.5684579566096,-33.5100916268236));
#12099=CARTESIAN_POINT('',(71.0021030207504,95.5684579566096,-33.5100916268236));
#12100=CARTESIAN_POINT('',(71.0021030207504,90.8565241587001,-29.5190635782981));
#12101=CARTESIAN_POINT('',(72.0021030207504,90.8565241587001,-29.5190635782981));
#12102=CARTESIAN_POINT('',(70.7021030207504,90.8565241587,-18.569063578298));
#12103=CARTESIAN_POINT('',(70.7021030207504,90.8565241587,-20.569063578298));
#12104=CARTESIAN_POINT('',(27.0521030207504,90.8565241587,-18.569063578298));
#12105=CARTESIAN_POINT('',(72.0021030207504,87.3448606469169,-13.4898072961233));
#12106=CARTESIAN_POINT('',(71.0021030207504,87.3448606469169,-13.4898072961233));
#12107=CARTESIAN_POINT('',(71.0021030207504,87.3448606469169,-13.4898072961233));
#12108=CARTESIAN_POINT('',(71.1137389848559,87.3448606469169,-13.4898072961233));
#12109=CARTESIAN_POINT('',(71.2269142714351,87.3545063487682,-13.5065141418044));
#12110=CARTESIAN_POINT('',(71.3322518572674,87.3729900002798,-13.5385287653319));
#12111=CARTESIAN_POINT('',(71.4375846560752,87.3914728118092,-13.5705419339676));
#12112=CARTESIAN_POINT('',(71.5379814761499,87.419299873547,-13.6187398187228));
#12113=CARTESIAN_POINT('',(71.6251744918869,87.4541525413054,-13.6791064100597));
#12114=CARTESIAN_POINT('',(71.7124837976019,87.4890516923279,-13.7395535127716));
#12115=CARTESIAN_POINT('',(71.7889545227279,87.5319513817371,-13.8138579544573));
#12116=CARTESIAN_POINT('',(71.8483453334242,87.5792996906764,-13.8958676311925));
#12117=CARTESIAN_POINT('',(71.9079267193575,87.6267999324666,-13.9781404633451));
#12118=CARTESIAN_POINT('',(71.9519568579792,87.6800789856037,-14.0704224903577));
#12119=CARTESIAN_POINT('',(71.9768807718883,87.7347457761298,-14.1651081490357));
#12120=CARTESIAN_POINT('',(71.9935950245489,87.7714059312056,-14.2286054002402));
#12121=CARTESIAN_POINT('',(72.0021030207504,87.8092398956747,-14.2941357489527));
#12122=CARTESIAN_POINT('',(72.0021030207504,87.8468405410239,-14.3592619770949));
#12123=CARTESIAN_POINT('',(71.3021030207504,88.5387819982673,-15.5577397369034));
#12124=CARTESIAN_POINT('',(104.00210302075,87.746385249682,-14.1852683086013));
#12125=CARTESIAN_POINT('',(104.00210302075,93.1742663191325,-15.5577397369031));
#12126=CARTESIAN_POINT('',(104.00210302075,90.8565241587001,-18.5690635782981));
#12127=CARTESIAN_POINT('',(72.0021030207504,94.3681876704828,-13.4898072961231));
#12128=CARTESIAN_POINT('',(71.0021030207504,94.3681876704828,-13.4898072961231));
#12129=CARTESIAN_POINT('',(72.0021030207504,93.8662077763757,-14.3592619770946));
#12130=CARTESIAN_POINT('',(72.0021030207504,93.9225749971289,-14.2616310868686));
#12131=CARTESIAN_POINT('',(71.9826857013467,93.9797205354507,-14.1626521110694));
#12132=CARTESIAN_POINT('',(71.9454029309855,94.0329160459191,-14.0705147842035));
#12133=CARTESIAN_POINT('',(71.9081163747231,94.0861169581575,-13.9783681011976));
#12134=CARTESIAN_POINT('',(71.8519218734361,94.1368364631669,-13.8905193415867));
#12135=CARTESIAN_POINT('',(71.7814350398637,94.1808343092018,-13.8143128368306));
#12136=CARTESIAN_POINT('',(71.7111336470057,94.2247164032361,-13.7383068204207));
#12137=CARTESIAN_POINT('',(71.6246622688193,94.2631268174076,-13.6717780315358));
#12138=CARTESIAN_POINT('',(71.5291944173408,94.2928367815577,-13.6203188641369));
#12139=CARTESIAN_POINT('',(71.4340886642257,94.3224340592983,-13.5690548753244));
#12140=CARTESIAN_POINT('',(71.3274199353882,94.3442156831747,-13.5313279960992));
#12141=CARTESIAN_POINT('',(71.2180575920703,94.3563501128916,-13.5103105473086));
#12142=CARTESIAN_POINT('',(71.1473612489449,94.3641943102714,-13.4967239989022));
#12143=CARTESIAN_POINT('',(71.074519169926,94.3681876704828,-13.4898072961231));
#12144=CARTESIAN_POINT('',(71.0021030207504,94.3681876704828,-13.4898072961231));
#12145=CARTESIAN_POINT('',(104.00210302075,93.9666630677176,-14.1852683086014));
#12146=CARTESIAN_POINT('',(104.00210302075,94.3694096697543,-20.0180754437517));
#12147=CARTESIAN_POINT('',(70.7021030207504,94.3694096697543,-20.0180754437516));
#12148=CARTESIAN_POINT('',(70.7021030207504,93.6688137127509,-19.6135861793826));
#12149=CARTESIAN_POINT('',(104.00210302075,93.6688137127509,-19.6135861793826));
#12150=CARTESIAN_POINT('',(70.7021030207504,90.8565241587001,-18.5690635782981));
#12151=CARTESIAN_POINT('',(70.7021030207504,92.3055360241537,-22.0819490893523));
#12152=CARTESIAN_POINT('',(71.3021030207504,92.3055360241537,-22.0819490893523));
#12153=CARTESIAN_POINT('',(104.00210302075,90.8565241587001,-18.5690635782981));
#12154=CARTESIAN_POINT('',(70.7021030207504,93.0979327727387,-23.454420517654));
#12155=CARTESIAN_POINT('',(104.00210302075,93.0979327727387,-23.454420517654));
#12156=CARTESIAN_POINT('',(70.7021030207504,88.6151155446609,-23.4544205176539));
#12157=CARTESIAN_POINT('',(70.7021030207504,89.407512293246,-22.0819490893521));
#12158=CARTESIAN_POINT('',(104.00210302075,89.407512293246,-22.0819490893521));
#12159=CARTESIAN_POINT('',(104.00210302075,88.6151155446609,-23.4544205176539));
#12160=CARTESIAN_POINT('',(70.7021030207504,90.8565241587001,-18.5690635782981));
#12161=CARTESIAN_POINT('',(70.7021030207504,87.3436386476457,-20.0180754437513));
#12162=CARTESIAN_POINT('',(104.00210302075,87.3436386476457,-20.0180754437513));
#12163=CARTESIAN_POINT('',(104.00210302075,90.8565241587001,-18.5690635782981));
#12164=CARTESIAN_POINT('',(71.0021030207504,90.8565241587,-18.569063578298));
#12165=CARTESIAN_POINT('',(71.0021030207504,95.5684579566096,-14.5780355297726));
#12166=CARTESIAN_POINT('',(72.0021030207504,95.5684579566096,-14.5780355297726));
#12167=CARTESIAN_POINT('',(72.0021030207504,90.8565241587,-18.569063578298));
#12168=CARTESIAN_POINT('',(70.7021030207504,88.0442346046487,-19.6135861793825));
#12169=CARTESIAN_POINT('',(70.7021030207504,85.3815241586995,-21.1509027721252));
#12170=CARTESIAN_POINT('',(104.00210302075,85.3815241586995,-21.1509027721253));
#12171=CARTESIAN_POINT('',(104.00210302075,88.0442346046487,-19.6135861793825));
#12172=CARTESIAN_POINT('',(72.0021030207504,86.1445903607904,-14.5780355297725));
#12173=CARTESIAN_POINT('',(71.0021030207504,86.1445903607904,-14.5780355297725));
#12174=CARTESIAN_POINT('',(71.0021030207504,90.8565241587,-18.569063578298));
#12175=CARTESIAN_POINT('',(72.0021030207504,90.8565241587,-18.569063578298));
#12176=CARTESIAN_POINT('',(71.3021030207504,82.224266319132,-32.5303874196929));
#12177=CARTESIAN_POINT('',(104.00210302075,77.5887819982667,-32.5303874196926));
#12178=CARTESIAN_POINT('',(104.00210302075,79.9065241586995,-29.5190635782979));
#12179=CARTESIAN_POINT('',(72.0021030207504,76.3948606469164,-34.5983198604726));
#12180=CARTESIAN_POINT('',(71.0021030207504,76.3948606469164,-34.5983198604726));
#12181=CARTESIAN_POINT('',(72.0021030207504,76.8968405410233,-33.7288651795009));
#12182=CARTESIAN_POINT('',(72.0021030207504,76.84047332027,-33.826496069727));
#12183=CARTESIAN_POINT('',(71.9826857013467,76.7833277819485,-33.9254750455263));
#12184=CARTESIAN_POINT('',(71.9454029309855,76.7301322714801,-34.0176123723922));
#12185=CARTESIAN_POINT('',(71.9081163747231,76.6769313592416,-34.1097590553981));
#12186=CARTESIAN_POINT('',(71.8519218734361,76.6262118542323,-34.1976078150091));
#12187=CARTESIAN_POINT('',(71.7814350398637,76.5822140081974,-34.2738143197651));
#12188=CARTESIAN_POINT('',(71.7111336470057,76.5383319141631,-34.3498203361751));
#12189=CARTESIAN_POINT('',(71.6246622688193,76.4999214999916,-34.4163491250599));
#12190=CARTESIAN_POINT('',(71.5291944173408,76.4702115358415,-34.4678082924588));
#12191=CARTESIAN_POINT('',(71.4340886642256,76.4406142581009,-34.5190722812713));
#12192=CARTESIAN_POINT('',(71.3274199353882,76.4188326342246,-34.5567991604965));
#12193=CARTESIAN_POINT('',(71.2180575920703,76.4066982045076,-34.5778166092872));
#12194=CARTESIAN_POINT('',(71.1473612489449,76.3988540071278,-34.5914031576935));
#12195=CARTESIAN_POINT('',(71.074519169926,76.3948606469164,-34.5983198604726));
#12196=CARTESIAN_POINT('',(71.0021030207504,76.3948606469164,-34.5983198604726));
#12197=CARTESIAN_POINT('',(104.00210302075,76.7963852496815,-33.9028588479946));
#12198=CARTESIAN_POINT('',(71.0021030207504,79.9065241586995,-29.5190635782979));
#12199=CARTESIAN_POINT('',(71.0021030207504,75.1945903607899,-33.5100916268234));
#12200=CARTESIAN_POINT('',(72.0021030207504,75.1945903607899,-33.5100916268234));
#12201=CARTESIAN_POINT('',(72.0021030207504,79.9065241586995,-29.5190635782979));
#12202=CARTESIAN_POINT('',(104.00210302075,76.3936386476452,-28.0700517128445));
#12203=CARTESIAN_POINT('',(70.7021030207504,76.3936386476452,-28.0700517128445));
#12204=CARTESIAN_POINT('',(70.7021030207504,77.0942346046482,-28.4745409772134));
#12205=CARTESIAN_POINT('',(104.00210302075,77.0942346046482,-28.4745409772134));
#12206=CARTESIAN_POINT('',(70.7021030207504,79.9065241586995,-29.5190635782979));
#12207=CARTESIAN_POINT('',(104.00210302075,79.9065241586995,-29.5190635782979));
#12208=CARTESIAN_POINT('',(70.7021030207504,79.9065241586995,-29.5190635782979));
#12209=CARTESIAN_POINT('',(70.7021030207504,79.9065241586995,-31.5190635782979));
#12210=CARTESIAN_POINT('',(27.0521030207504,79.9065241586995,-29.5190635782979));
#12211=CARTESIAN_POINT('',(70.7021030207504,79.9065241586995,-29.5190635782979));
#12212=CARTESIAN_POINT('',(70.7021030207504,83.4194096697537,-28.0700517128443));
#12213=CARTESIAN_POINT('',(104.00210302075,83.4194096697538,-28.0700517128444));
#12214=CARTESIAN_POINT('',(104.00210302075,79.9065241586995,-29.5190635782979));
#12215=CARTESIAN_POINT('',(72.0021030207504,83.4181876704823,-34.598319860473));
#12216=CARTESIAN_POINT('',(71.0021030207504,83.4181876704823,-34.598319860473));
#12217=CARTESIAN_POINT('',(71.0021030207504,83.4181876704823,-34.598319860473));
#12218=CARTESIAN_POINT('',(71.1137389848559,83.4181876704823,-34.598319860473));
#12219=CARTESIAN_POINT('',(71.2269142714351,83.408541968631,-34.5816130147918));
#12220=CARTESIAN_POINT('',(71.3322518572674,83.3900583171194,-34.5495983912644));
#12221=CARTESIAN_POINT('',(71.4375846560752,83.37157550559,-34.5175852226287));
#12222=CARTESIAN_POINT('',(71.5379814761499,83.3437484438522,-34.4693873378735));
#12223=CARTESIAN_POINT('',(71.6251744918869,83.3088957760937,-34.4090207465365));
#12224=CARTESIAN_POINT('',(71.7124837976019,83.2739966250713,-34.3485736438246));
#12225=CARTESIAN_POINT('',(71.7889545227279,83.2310969356621,-34.274269202139));
#12226=CARTESIAN_POINT('',(71.8483453334242,83.1837486267229,-34.1922595254037));
#12227=CARTESIAN_POINT('',(71.9079267193575,83.1362483849326,-34.1099866932512));
#12228=CARTESIAN_POINT('',(71.9519568579792,83.0829693317955,-34.0177046662386));
#12229=CARTESIAN_POINT('',(71.9768807718883,83.0283025412693,-33.9230190075606));
#12230=CARTESIAN_POINT('',(71.9935950245489,82.9916423861936,-33.8595217563561));
#12231=CARTESIAN_POINT('',(72.0021030207504,82.9538084217244,-33.7939914076436));
#12232=CARTESIAN_POINT('',(72.0021030207504,82.9162077763752,-33.7288651795014));
#12233=CARTESIAN_POINT('',(104.00210302075,83.0166630677171,-33.9028588479947));
#12234=CARTESIAN_POINT('',(70.7021030207504,82.7188137127504,-28.4745409772135));
#12235=CARTESIAN_POINT('',(104.00210302075,82.7188137127504,-28.4745409772135));
#12236=CARTESIAN_POINT('',(72.0021030207504,84.6184579566092,-33.5100916268235));
#12237=CARTESIAN_POINT('',(71.0021030207504,84.6184579566092,-33.5100916268235));
#12238=CARTESIAN_POINT('',(71.0021030207504,79.9065241586996,-29.519063578298));
#12239=CARTESIAN_POINT('',(72.0021030207504,79.9065241586996,-29.519063578298));
#12240=CARTESIAN_POINT('',(72.0021030207504,75.1945903607899,-14.5780355297724));
#12241=CARTESIAN_POINT('',(71.0021030207504,75.1945903607899,-14.5780355297724));
#12242=CARTESIAN_POINT('',(71.0021030207504,79.9065241586995,-18.5690635782979));
#12243=CARTESIAN_POINT('',(71.0021030207504,76.3948606469164,-13.4898072961232));
#12244=CARTESIAN_POINT('',(72.0021030207504,76.3948606469164,-13.4898072961232));
#12245=CARTESIAN_POINT('',(72.0021030207504,79.9065241586995,-18.5690635782979));
#12246=CARTESIAN_POINT('',(71.0021030207504,76.3948606469164,-13.4898072961232));
#12247=CARTESIAN_POINT('',(71.1137389848559,76.3948606469164,-13.4898072961232));
#12248=CARTESIAN_POINT('',(71.2269142714351,76.4045063487677,-13.5065141418043));
#12249=CARTESIAN_POINT('',(71.3322518572674,76.4229900002793,-13.5385287653318));
#12250=CARTESIAN_POINT('',(71.4375846560752,76.4414728118087,-13.5705419339675));
#12251=CARTESIAN_POINT('',(71.5379814761499,76.4692998735465,-13.6187398187227));
#12252=CARTESIAN_POINT('',(71.6251744918869,76.504152541305,-13.6791064100596));
#12253=CARTESIAN_POINT('',(71.7124837976019,76.5390516923274,-13.7395535127715));
#12254=CARTESIAN_POINT('',(71.7889545227279,76.5819513817366,-13.8138579544572));
#12255=CARTESIAN_POINT('',(71.8483453334242,76.6292996906759,-13.8958676311924));
#12256=CARTESIAN_POINT('',(71.9079267193575,76.6767999324661,-13.978140463345));
#12257=CARTESIAN_POINT('',(71.9519568579792,76.7300789856032,-14.0704224903575));
#12258=CARTESIAN_POINT('',(71.9768807718883,76.7847457761294,-14.1651081490356));
#12259=CARTESIAN_POINT('',(71.9935950245489,76.8214059312051,-14.2286054002401));
#12260=CARTESIAN_POINT('',(72.0021030207504,76.8592398956742,-14.2941357489526));
#12261=CARTESIAN_POINT('',(72.0021030207504,76.8968405410235,-14.3592619770948));
#12262=CARTESIAN_POINT('',(104.00210302075,77.5887819982667,-15.5577397369032));
#12263=CARTESIAN_POINT('',(104.00210302075,76.7963852496815,-14.1852683086012));
#12264=CARTESIAN_POINT('',(71.3021030207504,82.224266319132,-15.557739736903));
#12265=CARTESIAN_POINT('',(104.00210302075,79.9065241586995,-18.5690635782979));
#12266=CARTESIAN_POINT('',(72.0021030207504,83.4181876704823,-13.489807296123));
#12267=CARTESIAN_POINT('',(71.0021030207504,83.4181876704823,-13.489807296123));
#12268=CARTESIAN_POINT('',(72.0021030207504,82.9162077763752,-14.3592619770945));
#12269=CARTESIAN_POINT('',(72.0021030207504,82.9725749971284,-14.2616310868685));
#12270=CARTESIAN_POINT('',(71.9826857013467,83.0297205354502,-14.1626521110693));
#12271=CARTESIAN_POINT('',(71.9454029309855,83.0829160459187,-14.0705147842034));
#12272=CARTESIAN_POINT('',(71.9081163747231,83.1361169581571,-13.9783681011975));
#12273=CARTESIAN_POINT('',(71.8519218734361,83.1868364631664,-13.8905193415866));
#12274=CARTESIAN_POINT('',(71.7814350398637,83.2308343092013,-13.8143128368305));
#12275=CARTESIAN_POINT('',(71.7111336470057,83.2747164032356,-13.7383068204206));
#12276=CARTESIAN_POINT('',(71.6246622688194,83.3131268174072,-13.6717780315357));
#12277=CARTESIAN_POINT('',(71.5291944173408,83.3428367815572,-13.6203188641368));
#12278=CARTESIAN_POINT('',(71.4340886642257,83.3724340592978,-13.5690548753243));
#12279=CARTESIAN_POINT('',(71.3274199353882,83.3942156831742,-13.5313279960991));
#12280=CARTESIAN_POINT('',(71.2180575920703,83.4063501128911,-13.5103105473085));
#12281=CARTESIAN_POINT('',(71.1473612489449,83.4141943102709,-13.4967239989021));
#12282=CARTESIAN_POINT('',(71.074519169926,83.4181876704823,-13.489807296123));
#12283=CARTESIAN_POINT('',(71.0021030207504,83.4181876704823,-13.489807296123));
#12284=CARTESIAN_POINT('',(104.00210302075,83.0166630677171,-14.1852683086013));
#12285=CARTESIAN_POINT('',(71.0021030207504,79.9065241586995,-18.5690635782979));
#12286=CARTESIAN_POINT('',(71.0021030207504,84.6184579566091,-14.5780355297725));
#12287=CARTESIAN_POINT('',(72.0021030207504,84.6184579566091,-14.5780355297725));
#12288=CARTESIAN_POINT('',(72.0021030207504,79.9065241586995,-18.5690635782979));
#12289=CARTESIAN_POINT('',(70.7021030207504,79.9065241586995,-18.5690635782979));
#12290=CARTESIAN_POINT('',(70.7021030207504,79.9065241586995,-20.5690635782979));
#12291=CARTESIAN_POINT('',(27.0521030207504,79.9065241586995,-18.5690635782979));
#12292=CARTESIAN_POINT('',(70.7021030207504,77.0942346046482,-19.6135861793824));
#12293=CARTESIAN_POINT('',(70.7021030207504,76.3936386476452,-20.0180754437513));
#12294=CARTESIAN_POINT('',(104.00210302075,76.3936386476452,-20.0180754437513));
#12295=CARTESIAN_POINT('',(104.00210302075,77.0942346046482,-19.6135861793824));
#12296=CARTESIAN_POINT('',(70.7021030207504,79.9065241586995,-18.5690635782979));
#12297=CARTESIAN_POINT('',(70.7021030207504,78.4575122932455,-22.081949089352));
#12298=CARTESIAN_POINT('',(104.00210302075,78.4575122932455,-22.081949089352));
#12299=CARTESIAN_POINT('',(104.00210302075,79.9065241586995,-18.5690635782979));
#12300=CARTESIAN_POINT('',(70.7021030207504,79.9065241586995,-18.5690635782979));
#12301=CARTESIAN_POINT('',(70.7021030207504,83.4194096697537,-20.0180754437515));
#12302=CARTESIAN_POINT('',(70.7021030207504,81.3555360241531,-22.0819490893521));
#12303=CARTESIAN_POINT('',(104.00210302075,83.4194096697537,-20.0180754437515));
#12304=CARTESIAN_POINT('',(71.3021030207504,81.3555360241531,-22.0819490893521));
#12305=CARTESIAN_POINT('',(104.00210302075,79.9065241586995,-18.5690635782979));
#12306=CARTESIAN_POINT('',(70.7021030207504,82.7188137127504,-19.6135861793825));
#12307=CARTESIAN_POINT('',(104.00210302075,82.7188137127504,-19.6135861793825));
#12308=CARTESIAN_POINT('',(70.7021030207504,77.6651155446604,-23.4544205176538));
#12309=CARTESIAN_POINT('',(104.00210302075,77.6651155446604,-23.4544205176538));
#12310=CARTESIAN_POINT('',(70.7021030207504,82.1479327727382,-23.4544205176539));
#12311=CARTESIAN_POINT('',(104.00210302075,82.1479327727382,-23.4544205176539));
#12312=CARTESIAN_POINT('',(58.9221030207586,71.3269361697256,-40.3568645121923));
#12313=CARTESIAN_POINT('',(50.6021030207503,73.7040790268709,-40.3568645121923));
#12314=CARTESIAN_POINT('',(54.4221030207586,72.6126504554399,-40.3568645121923));
#12315=CARTESIAN_POINT('',(54.4221030207586,74.3269361697256,-40.3568645121923));
#12316=CARTESIAN_POINT('',(54.4221030207586,75.3269361697256,-40.3568645121923));
#12317=CARTESIAN_POINT('',(48.5414332473026,75.3269361697256,-40.3568645121923));
#12318=CARTESIAN_POINT('',(50.6021030207504,75.3269361697256,-40.3568645121923));
#12319=CARTESIAN_POINT('',(50.6021030207503,74.3269361697256,-40.3568645121923));
#12320=CARTESIAN_POINT('',(50.6021030207504,74.3269361697256,-40.3568645121923));
#12321=CARTESIAN_POINT('',(59.6592831296606,71.1163132814679,-38.6111378092249));
#12322=CARTESIAN_POINT('',(58.9221030207586,71.3269361697256,-38.8568645121923));
#12323=CARTESIAN_POINT('',(58.9221030207586,44.6269361697253,-38.8568645121922));
#12324=CARTESIAN_POINT('',(58.9221030207586,75.3269361697256,-38.8568645121923));
#12325=CARTESIAN_POINT('',(54.4221030207586,75.3269361697256,-40.3568645121923));
#12326=CARTESIAN_POINT('',(54.4221030207586,74.3269361697256,-40.3568645121923));
#12327=CARTESIAN_POINT('',(48.5414332473026,75.3269361697256,-41.1568645121923));
#12328=CARTESIAN_POINT('',(60.9221030207586,75.3269361697256,-41.1568645121923));
#12329=CARTESIAN_POINT('',(48.7021030207505,75.3269361697256,-41.1568645121923));
#12330=CARTESIAN_POINT('',(60.9221030207586,74.3269361697256,-41.1568645121923));
#12331=CARTESIAN_POINT('',(60.9221030207586,71.3269361697256,-41.1568645121923));
#12332=CARTESIAN_POINT('',(58.9221030207586,71.3269361697256,-41.1568645121923));
#12333=CARTESIAN_POINT('',(58.9221030207586,71.3269361697256,-41.1568645121923));
#12334=CARTESIAN_POINT('',(58.9221030207586,71.3269361697256,-41.1568645121923));
#12335=CARTESIAN_POINT('',(48.7021030207504,74.246936169728,-41.1568645121923));
#12336=CARTESIAN_POINT('',(48.7021030207504,74.3269361697256,-41.1568645121923));
#12337=CARTESIAN_POINT('',(60.9221030207586,74.3269361697256,-41.1568645121923));
#12338=CARTESIAN_POINT('',(60.9221030207504,65.2315241587721,-39.0690635782979));
#12339=CARTESIAN_POINT('',(60.9221030207504,65.2315241587721,-39.0690635782979));
#12340=CARTESIAN_POINT('',(60.9221030207504,72.406524158699,-39.0690635782979));
#12341=CARTESIAN_POINT('',(60.9221030207586,71.3269361697256,-39.0690635782979));
#12342=CARTESIAN_POINT('',(60.9221030207586,71.3269361697256,-18.469063578298));
#12343=CARTESIAN_POINT('',(60.9221030207586,75.3269361697256,-50.3300714626761));
#12344=CARTESIAN_POINT('',(60.9221030207586,74.3269361697257,-13.3812626444036));
#12345=CARTESIAN_POINT('',(48.7021030207504,74.246936169728,-36.219063578298));
#12346=CARTESIAN_POINT('',(58.9221030207586,71.3269361697256,-36.219063578298));
#12347=CARTESIAN_POINT('',(58.9221030207504,71.3269361697256,-39.0690635782979));
#12348=CARTESIAN_POINT('',(58.9221030207586,71.3269361697256,-36.219063578298));
#12349=CARTESIAN_POINT('',(50.6021030207503,73.7040790268709,-36.219063578298));
#12350=CARTESIAN_POINT('',(58.9221030207586,71.3269361697257,-36.219063578298));
#12351=CARTESIAN_POINT('',(35.7021030207504,71.3269361697256,-39.0690635782979));
#12352=CARTESIAN_POINT('',(35.7021030207504,71.3269361697256,-18.469063578298));
#12353=CARTESIAN_POINT('',(58.9221030207504,72.406524158699,-39.0690635782979));
#12354=CARTESIAN_POINT('',(58.9221030207504,60.406524158699,-39.0690635782979));
#12355=CARTESIAN_POINT('',(58.9221030207586,60.406524158699,-38.0690635782979));
#12356=CARTESIAN_POINT('',(58.9221030207504,59.406524158699,-38.0690635782979));
#12357=CARTESIAN_POINT('',(58.9221030207504,59.406524158699,-39.0690635782979));
#12358=CARTESIAN_POINT('',(58.9221030207504,59.406524158699,-30.5690635782979));
#12359=CARTESIAN_POINT('',(58.9221030207504,59.406524158699,-30.5690635782979));
#12360=CARTESIAN_POINT('',(58.9221030207586,65.906524158699,-32.5690635782979));
#12361=CARTESIAN_POINT('',(58.9221030207586,75.3269361697256,-50.3300714626761));
#12362=CARTESIAN_POINT('',(58.9221030207586,44.6269361697253,-36.219063578298));
#12363=CARTESIAN_POINT('',(48.7021030207504,75.3269361697256,-50.3300714626761));
#12364=CARTESIAN_POINT('',(48.7021030207505,74.3269361697257,-17.9690635782979));
#12365=CARTESIAN_POINT('',(50.6021030207503,75.3269361697256,-50.3300714626761));
#12366=CARTESIAN_POINT('',(50.6021030207504,74.3269361697257,-14.1812626444036));
#12367=CARTESIAN_POINT('',(48.5414332473026,75.3269361697256,-50.3300714626761));
#12368=CARTESIAN_POINT('',(51.4521030207504,94.9315241586997,-38.6643202254751));
#12369=CARTESIAN_POINT('',(51.4521030207504,94.9315241586997,-40.1690636444036));
#12370=CARTESIAN_POINT('',(51.4521030207504,94.9315241586997,-39.2690636444036));
#12371=CARTESIAN_POINT('',(53.9521030207504,94.9315241586997,-40.1690636444036));
#12372=CARTESIAN_POINT('',(53.9521030207505,94.9315241586997,-40.1690636444036));
#12373=CARTESIAN_POINT('',(53.9521030207505,94.9315241586997,-39.2690636444036));
#12374=CARTESIAN_POINT('',(53.9521030207505,94.9315241586997,-39.2690636444036));
#12375=CARTESIAN_POINT('',(51.4521030207504,94.9315241586997,-39.2690636444036));
#12376=CARTESIAN_POINT('',(56.6021030207505,94.9315241586997,-39.2690636444036));
#12377=CARTESIAN_POINT('',(58.5575205487498,94.9315241586997,-38.2913548804039));
#12378=CARTESIAN_POINT('',(58.1352293127495,94.9315241586997,-38.5025004984041));
#12379=CARTESIAN_POINT('',(60.8185108857492,94.9315241586997,-43.8690636444036));
#12380=CARTESIAN_POINT('',(60.8185108857492,94.9315241586997,-37.8690636444036));
#12381=CARTESIAN_POINT('',(64.57423897575,94.9315241586997,-37.8690636444036));
#12382=CARTESIAN_POINT('',(68.9021030207505,94.9315241586997,-37.8690636444036));
#12383=CARTESIAN_POINT('',(68.9021030207505,94.9315241586997,-37.4690636444036));
#12384=CARTESIAN_POINT('',(69.3021030207505,94.9315241586997,-37.4690636444036));
#12385=CARTESIAN_POINT('',(69.3021030207505,94.9315241586997,-21.3240636444036));
#12386=CARTESIAN_POINT('',(69.3021030207505,94.9315241586997,-37.2690636444036));
#12387=CARTESIAN_POINT('',(68.6021030207505,94.9315241586997,-37.2690636444036));
#12388=CARTESIAN_POINT('',(70.2021030207504,94.9315241586997,-36.0690635782979));
#12389=CARTESIAN_POINT('',(68.7021030207505,94.9315241586997,-36.8690636444036));
#12390=CARTESIAN_POINT('',(68.7021030207505,94.9315241586997,-38.8690636444036));
#12391=CARTESIAN_POINT('',(57.5971030207504,94.9315241586997,-38.8690636444036));
#12392=CARTESIAN_POINT('',(65.9521030207505,94.9315241586997,-38.8690636444036));
#12393=CARTESIAN_POINT('',(57.6971030207504,94.9315241586997,-42.4069207872607));
#12394=CARTESIAN_POINT('',(64.2294262139995,94.9315241586997,-39.6073537044397));
#12395=CARTESIAN_POINT('',(63.4415876168412,94.9315241586997,-37.7690636444036));
#12396=CARTESIAN_POINT('',(63.4415876168412,94.9315241586997,-39.7690636444036));
#12397=CARTESIAN_POINT('',(57.6971030207504,94.9315241586997,-39.7690636444036));
#12398=CARTESIAN_POINT('',(62.3521030207505,94.9315241586997,-39.7690636444036));
#12399=CARTESIAN_POINT('',(62.3521030207505,94.9315241586997,-21.3240636444036));
#12400=CARTESIAN_POINT('',(62.3521030207504,94.9315241586997,-38.9957851608987));
#12401=CARTESIAN_POINT('',(62.2840569785788,94.9315241586997,-39.0690636444036));
#12402=CARTESIAN_POINT('',(62.2840569785788,94.9315241586997,-38.9690636444036));
#12403=CARTESIAN_POINT('',(62.2101226304786,94.9315241586997,-38.9690636444036));
#12404=CARTESIAN_POINT('',(60.3521030207586,94.9315241586997,-38.9690636444036));
#12405=CARTESIAN_POINT('',(60.3521030207586,94.9315241586997,-39.1690636444036));
#12406=CARTESIAN_POINT('',(60.1521030207585,94.9315241586997,-39.1690636444036));
#12407=CARTESIAN_POINT('',(60.1521030207585,94.9315241586997,-39.1690636444036));
#12408=CARTESIAN_POINT('',(60.1521030207585,94.9315241586997,-40.3276725351349));
#12409=CARTESIAN_POINT('',(59.6521030207585,94.9315241586997,-40.3276725351349));
#12410=CARTESIAN_POINT('',(59.7141203880532,94.9315241586997,-40.8238114734917));
#12411=CARTESIAN_POINT('',(64.7652514587721,94.9315241586997,-40.1924200896519));
#12412=CARTESIAN_POINT('',(52.1521030207585,94.9315241586997,-41.7690636444036));
#12413=CARTESIAN_POINT('',(59.1521030207585,94.9315241586997,-41.7690636444036));
#12414=CARTESIAN_POINT('',(46.2021057570011,94.9315241586997,-41.7690636444036));
#12415=CARTESIAN_POINT('',(46.2021030207505,94.9315241586997,-38.6643202254751));
#12416=CARTESIAN_POINT('',(46.2021056245079,94.9315241586997,-40.469063049259));
#12417=CARTESIAN_POINT('',(47.2021030207505,94.9315241586997,-40.2404922158321));
#12418=CARTESIAN_POINT('',(64.57423897575,94.9315241586997,-38.6643202254751));
#12419=CARTESIAN_POINT('',(53.9521030207504,83.2815241586997,-39.9690636444036));
#12420=CARTESIAN_POINT('',(53.9521030207504,95.1315241586997,-39.9690636444036));
#12421=CARTESIAN_POINT('',(53.9521030207505,97.2315241586997,-39.9690636444036));
#12422=CARTESIAN_POINT('',(51.4521030207504,95.1315241586997,-39.9690636444036));
#12423=CARTESIAN_POINT('',(51.4521030207504,95.1315241586997,-39.9690636444036));
#12424=CARTESIAN_POINT('',(51.4521030207504,83.2815241586997,-39.9690636444036));
#12425=CARTESIAN_POINT('',(51.4521030207505,97.2315241586997,-39.9690636444036));
#12426=CARTESIAN_POINT('',(57.5971030207504,97.2315241586997,-39.9690636444036));
#12427=CARTESIAN_POINT('',(53.9521030207504,83.2815241586997,-39.9690636444036));
#12428=CARTESIAN_POINT('',(45.2021030207505,84.8815241586997,-41.7690636444036));
#12429=CARTESIAN_POINT('',(45.2021030207505,93.9315241586997,-41.7690636444036));
#12430=CARTESIAN_POINT('',(45.2021030207505,76.8315241586998,-41.7690636444036));
#12431=CARTESIAN_POINT('',(45.2021030207505,76.8315241586998,-33.7690636444035));
#12432=CARTESIAN_POINT('',(45.2021030207505,76.8315241586998,-40.697635072975));
#12433=CARTESIAN_POINT('',(45.2021030207505,85.7815241586997,-40.697635072975));
#12434=CARTESIAN_POINT('',(45.2021030207505,93.9315241586997,-40.697635072975));
#12435=CARTESIAN_POINT('',(45.2021030207505,93.9315241586997,-41.2333493586893));
#12436=CARTESIAN_POINT('',(45.2021030207505,84.8815241586997,-41.2333493586893));
#12437=CARTESIAN_POINT('',(46.2021030207505,93.9315241586997,-41.7690636444036));
#12438=CARTESIAN_POINT('',(46.2021030207505,93.9315241586997,-40.4690636444035));
#12439=CARTESIAN_POINT('',(46.2021030207505,93.9315241586997,-38.6643202254751));
#12440=CARTESIAN_POINT('',(57.5971030207504,75.6315241586997,-39.9690636444036));
#12441=CARTESIAN_POINT('',(53.9521030207504,75.6315241586997,-39.9690636444036));
#12442=CARTESIAN_POINT('',(51.4521030207504,75.6315241586997,-39.9690636444036));
#12443=CARTESIAN_POINT('',(53.9521030207504,71.2815241586997,-39.9690636444036));
#12444=CARTESIAN_POINT('',(53.9521030207504,73.5315241586997,-39.9690636444036));
#12445=CARTESIAN_POINT('',(52.8271030207545,73.5315241586997,-39.9690636444036));
#12446=CARTESIAN_POINT('',(51.4521030207504,73.5315241586997,-39.9690636444036));
#12447=CARTESIAN_POINT('',(51.4521030207504,71.2815241586997,-39.9690636444036));
#12448=CARTESIAN_POINT('',(53.9521030207504,71.2815241586997,-39.9690636444036));
#12449=CARTESIAN_POINT('',(53.9521030207505,73.5315241586997,-40.6690636444036));
#12450=CARTESIAN_POINT('',(53.9521030207505,73.5315241586997,-39.2690636444036));
#12451=CARTESIAN_POINT('',(51.4521030207504,73.5315241586997,-39.2690636444036));
#12452=CARTESIAN_POINT('',(51.4521030207504,73.5315241586997,-39.2690636444036));
#12453=CARTESIAN_POINT('',(51.4521030207504,73.5315241586997,-40.6690636444036));
#12454=CARTESIAN_POINT('',(52.8271030207545,73.5315241586997,-40.6690636444036));
#12455=CARTESIAN_POINT('',(51.4521030207504,83.2815241586997,-39.2690636444036));
#12456=CARTESIAN_POINT('',(51.4521030207505,97.2315241586997,-39.2690636444036));
#12457=CARTESIAN_POINT('',(51.4521030207505,97.2315241586997,-20.4240636444037));
#12458=CARTESIAN_POINT('',(51.4521030207504,95.1315241586997,-40.1690636444036));
#12459=CARTESIAN_POINT('',(51.4521030207504,83.2815241586997,-40.0690636444036));
#12460=CARTESIAN_POINT('',(57.5971030207504,97.2315241586997,-39.2690636444036));
#12461=CARTESIAN_POINT('',(53.9521030207505,97.2315241586997,-39.2690636444036));
#12462=CARTESIAN_POINT('',(53.9521030207505,97.2315241586997,-21.3240636444036));
#12463=CARTESIAN_POINT('',(52.8271030207545,97.2315241586997,-40.6690636444036));
#12464=CARTESIAN_POINT('',(53.9521030207505,95.1315241586997,-40.1690636444036));
#12465=CARTESIAN_POINT('',(53.9521030207505,83.2815241586997,-39.2690636444036));
#12466=CARTESIAN_POINT('',(53.9521030207505,83.2815241586997,-39.2690636444036));
#12467=CARTESIAN_POINT('',(62.3521030207504,94.8815241586998,-38.9957851608987));
#12468=CARTESIAN_POINT('',(62.3521030207504,94.8815241586998,-38.9957851608987));
#12469=CARTESIAN_POINT('',(62.3521030207505,94.8815241586998,-39.2690636444036));
#12470=CARTESIAN_POINT('',(62.3521030207504,94.8815241586998,-39.2690636444036));
#12471=CARTESIAN_POINT('',(62.382696370962,94.8815241586998,-39.0855035431341));
#12472=CARTESIAN_POINT('',(62.2840569785788,94.8815241586998,-39.0690636444036));
#12473=CARTESIAN_POINT('',(53.9521030207505,94.8815241586998,-48.9690636444036));
#12474=CARTESIAN_POINT('',(62.3521030207505,85.7815241586997,-39.2690636444036));
#12475=CARTESIAN_POINT('',(62.3521030207505,75.8315241586998,-39.2690636444036));
#12476=CARTESIAN_POINT('',(63.2687696874171,75.8315241586998,-33.7690636444035));
#12477=CARTESIAN_POINT('',(62.382696370962,75.8315241586998,-39.0855035431341));
#12478=CARTESIAN_POINT('',(62.382696370962,85.7815241586997,-39.0855035431341));
#12479=CARTESIAN_POINT('',(62.4021030207504,106.0255265587,-38.9690636444036));
#12480=CARTESIAN_POINT('',(62.3521030207504,88.8815241586997,-38.9957851608987));
#12481=CARTESIAN_POINT('',(62.2840569785788,75.8315241586998,-39.0690636444036));
#12482=CARTESIAN_POINT('',(62.2840569785788,75.8315241586998,-38.9690636444036));
#12483=CARTESIAN_POINT('',(62.2840569785788,85.7815241586997,-38.9690636444036));
#12484=CARTESIAN_POINT('',(62.2840569785788,85.7815241586997,-39.0690636444036));
#12485=CARTESIAN_POINT('',(60.3521030207586,84.8815241586997,-38.9690636444036));
#12486=CARTESIAN_POINT('',(60.3521030207586,75.8315241586998,-38.9690636444036));
#12487=CARTESIAN_POINT('',(57.5971030207504,75.8315241586998,-38.9690636444036));
#12488=CARTESIAN_POINT('',(62.2101226304786,84.8815241586997,-38.9690636444036));
#12489=CARTESIAN_POINT('',(60.1521030207585,84.8815241586997,-39.1690636444036));
#12490=CARTESIAN_POINT('',(60.1521030207585,75.8315241586998,-39.1690636444036));
#12491=CARTESIAN_POINT('',(60.3521030207586,75.8315241586998,-39.1690636444036));
#12492=CARTESIAN_POINT('',(60.3521030207586,84.8815241586997,-39.1690636444036));
#12493=CARTESIAN_POINT('',(60.1521030207585,85.7815241586997,-40.3276725351349));
#12494=CARTESIAN_POINT('',(60.1521030207585,75.8315241586998,-40.3276725351349));
#12495=CARTESIAN_POINT('',(60.1521030207585,75.8315241586998,-38.8690636444036));
#12496=CARTESIAN_POINT('',(60.1521030207585,84.8815241586997,-39.1690636444036));
#12497=CARTESIAN_POINT('',(59.6521030207585,75.8315241586998,-40.3276725351349));
#12498=CARTESIAN_POINT('',(59.7141203880532,75.8315241586998,-40.8238114734917));
#12499=CARTESIAN_POINT('',(59.7141203880532,85.7815241586997,-40.8238114734917));
#12500=CARTESIAN_POINT('',(59.6521030207585,85.7815241586997,-40.3276725351349));
#12501=CARTESIAN_POINT('',(57.5971030207504,75.8315241586998,-41.0884386444046));
#12502=CARTESIAN_POINT('',(52.1521030207585,75.8315241586998,-41.7690636444036));
#12503=CARTESIAN_POINT('',(52.1521030207585,85.7815241586997,-41.7690636444036));
#12504=CARTESIAN_POINT('',(52.1521030207585,84.8815241586997,-41.7690636444036));
#12505=CARTESIAN_POINT('',(60.4257098185004,75.8315241586998,-41.7690636444036));
#12506=CARTESIAN_POINT('',(46.2021030207505,75.8315241586998,-41.7690636444036));
#12507=CARTESIAN_POINT('',(46.2021030207505,76.8315241586998,-41.7690636444036));
#12508=CARTESIAN_POINT('',(59.1521030207585,84.8815241586997,-41.7690636444036));
#12509=CARTESIAN_POINT('',(46.2021030207505,75.8315241586998,-33.7690636444035));
#12510=CARTESIAN_POINT('',(46.2021030207504,75.8315241586998,-40.4690636444036));
#12511=CARTESIAN_POINT('',(46.2021030207505,76.8315241586998,-40.4690636444036));
#12512=CARTESIAN_POINT('',(46.2021030207505,76.8315241586998,-33.7690636444035));
#12513=CARTESIAN_POINT('',(57.5971030207504,75.8315241586998,-37.8644922158321));
#12514=CARTESIAN_POINT('',(51.4521030207504,75.8315241586998,-39.2690636444036));
#12515=CARTESIAN_POINT('',(51.4521030207504,85.7815241586997,-39.2690636444036));
#12516=CARTESIAN_POINT('',(47.2021030207505,84.8815241586997,-40.2404922158321));
#12517=CARTESIAN_POINT('',(51.4521030207505,75.8315241586998,-33.7690636444035));
#12518=CARTESIAN_POINT('',(51.4521030207504,75.8315241586998,-40.1690636444036));
#12519=CARTESIAN_POINT('',(51.4521030207504,75.6315241586997,-40.1690636444036));
#12520=CARTESIAN_POINT('',(51.4521030207504,71.2815241586997,-39.2690636444036));
#12521=CARTESIAN_POINT('',(51.4521030207504,71.2815241586997,-40.0690636444036));
#12522=CARTESIAN_POINT('',(57.5971030207504,75.8315241586998,-40.1690636444036));
#12523=CARTESIAN_POINT('',(53.9521030207504,75.8315241586998,-40.1690636444036));
#12524=CARTESIAN_POINT('',(53.9521030207504,75.6315241586997,-40.1690636444036));
#12525=CARTESIAN_POINT('',(57.5971030207504,75.6315241586997,-40.1690636444036));
#12526=CARTESIAN_POINT('',(53.9521030207505,75.8315241586998,-33.7690636444035));
#12527=CARTESIAN_POINT('',(53.9521030207505,75.8315241586998,-39.2690636444036));
#12528=CARTESIAN_POINT('',(53.9521030207505,71.2815241586997,-39.2690636444036));
#12529=CARTESIAN_POINT('',(53.9521030207505,71.2815241586997,-39.2690636444036));
#12530=CARTESIAN_POINT('',(57.5971030207504,75.8315241586998,-39.2690636444036));
#12531=CARTESIAN_POINT('',(56.6021030207505,75.8315241586998,-39.2690636444036));
#12532=CARTESIAN_POINT('',(56.6021030207505,84.8815241586997,-39.2690636444036));
#12533=CARTESIAN_POINT('',(51.4521030207504,77.2815241586997,-39.2690636444036));
#12534=CARTESIAN_POINT('',(58.1352293127495,85.7815241586997,-38.5025004984041));
#12535=CARTESIAN_POINT('',(58.1352293127495,75.8315241586998,-38.5025004984041));
#12536=CARTESIAN_POINT('',(57.5971030207504,75.8315241586998,-38.7715636444036));
#12537=CARTESIAN_POINT('',(58.5575205487498,79.8815241586998,-38.2913548804039));
#12538=CARTESIAN_POINT('',(60.8185108857492,75.8315241586998,-43.8690636444036));
#12539=CARTESIAN_POINT('',(60.8185108857492,75.8315241586998,-37.8690636444036));
#12540=CARTESIAN_POINT('',(60.8185108857492,85.7815241586997,-37.8690636444036));
#12541=CARTESIAN_POINT('',(60.8185108857492,85.7815241586997,-43.8690636444036));
#12542=CARTESIAN_POINT('',(69.3021030207505,84.8815241586997,-37.2690636444036));
#12543=CARTESIAN_POINT('',(69.3021030207505,75.8315241586998,-37.2690636444036));
#12544=CARTESIAN_POINT('',(69.3021030207505,84.8815241586997,-37.4690636444036));
#12545=CARTESIAN_POINT('',(69.3021030207505,75.8315241586998,-37.4690636444036));
#12546=CARTESIAN_POINT('',(69.3021030207505,75.8315241586998,-21.3240636444036));
#12547=CARTESIAN_POINT('',(69.3021030207505,84.8815241586997,-37.4690636444036));
#12548=CARTESIAN_POINT('',(68.9021030207505,84.8815241586997,-37.8690636444036));
#12549=CARTESIAN_POINT('',(68.9021030207505,75.8315241586998,-37.8690636444036));
#12550=CARTESIAN_POINT('',(68.9021030207505,75.8315241586998,-37.4690636444036));
#12551=CARTESIAN_POINT('',(68.9021030207505,84.8815241586997,-37.4690636444036));
#12552=CARTESIAN_POINT('',(57.5971030207504,75.8315241586998,-37.8690636444036));
#12553=CARTESIAN_POINT('',(59.4021030207505,79.8815241586998,-37.8690636444036));
#12554=CARTESIAN_POINT('',(62.3521030207505,84.8815241586997,-39.7690636444036));
#12555=CARTESIAN_POINT('',(62.3521030207505,75.8315241586998,-39.7690636444036));
#12556=CARTESIAN_POINT('',(62.3521030207505,75.8315241586998,-21.3240636444036));
#12557=CARTESIAN_POINT('',(62.3521030207505,79.8815241586998,-39.3690636444036));
#12558=CARTESIAN_POINT('',(63.4415876168412,85.7815241586997,-39.7690636444036));
#12559=CARTESIAN_POINT('',(63.4415876168412,75.8315241586998,-39.7690636444036));
#12560=CARTESIAN_POINT('',(57.6971030207504,75.8315241586998,-39.7690636444036));
#12561=CARTESIAN_POINT('',(63.8521030207505,84.8815241586997,-39.7690636444036));
#12562=CARTESIAN_POINT('',(64.2294262139995,85.7815241586997,-39.6073537044397));
#12563=CARTESIAN_POINT('',(64.2294262139995,75.8315241586998,-39.6073537044397));
#12564=CARTESIAN_POINT('',(63.4415876168412,75.8315241586998,-37.7690636444036));
#12565=CARTESIAN_POINT('',(63.4415876168412,85.7815241586997,-37.7690636444036));
#12566=CARTESIAN_POINT('',(65.9521030207505,84.8815241586997,-38.8690636444036));
#12567=CARTESIAN_POINT('',(65.9521030207505,75.8315241586998,-38.8690636444036));
#12568=CARTESIAN_POINT('',(57.6971030207504,75.8315241586998,-42.4069207872607));
#12569=CARTESIAN_POINT('',(65.9521030207505,84.8815241586997,-38.8690636444036));
#12570=CARTESIAN_POINT('',(68.7021030207505,84.8815241586997,-38.8690636444036));
#12571=CARTESIAN_POINT('',(68.7021030207505,75.8315241586998,-38.8690636444036));
#12572=CARTESIAN_POINT('',(57.5971030207504,75.8315241586998,-38.8690636444036));
#12573=CARTESIAN_POINT('',(68.7021030207505,84.8815241586997,-38.8690636444036));
#12574=CARTESIAN_POINT('',(68.7021030207505,75.8315241586998,-36.8690636444036));
#12575=CARTESIAN_POINT('',(68.7021030207505,84.8815241586997,-36.8690636444036));
#12576=CARTESIAN_POINT('',(68.6021030207505,85.3269361697257,-37.2690636444036));
#12577=CARTESIAN_POINT('',(68.7021030207504,85.3269361697257,-36.576243321376));
#12578=CARTESIAN_POINT('',(68.7021030207504,85.3269361697257,-25.7940635782979));
#12579=CARTESIAN_POINT('',(35.7021030207504,85.3269361697257,-25.7940635782979));
#12580=CARTESIAN_POINT('',(68.7021030207504,84.8815241586997,-36.576243321376));
#12581=CARTESIAN_POINT('',(68.7021030207504,75.8315241586998,-36.576243321376));
#12582=CARTESIAN_POINT('',(68.7021030207504,75.8315241586998,-31.6440635782979));
#12583=CARTESIAN_POINT('',(68.7021030207504,85.3269361697257,-31.6440635782979));
#12584=CARTESIAN_POINT('',(68.6021030207505,75.8315241586998,-37.2690636444036));
#12585=CARTESIAN_POINT('',(55.1771030207504,75.8315241586998,-31.3440636444035));
#12586=CARTESIAN_POINT('',(68.6021030207505,84.8815241586997,-37.2690636444036));
#12587=CARTESIAN_POINT('',(67.3027241942995,101.830575340166,-36.063324121012));
#12588=CARTESIAN_POINT('',(54.4221030207586,98.1503978620114,-40.3568645121922));
#12589=CARTESIAN_POINT('',(58.9221030207586,99.4361121477257,-38.8568645121922));
#12590=CARTESIAN_POINT('',(54.4221030207586,99.3269361697257,-40.3568645121922));
#12591=CARTESIAN_POINT('',(54.4221030207586,95.4361121477257,-40.3568645121922));
#12592=CARTESIAN_POINT('',(58.9221030207586,95.4361121477257,-38.8568645121922));
#12593=CARTESIAN_POINT('',(58.9221030207586,95.4361121477257,-38.8568645121922));
#12594=CARTESIAN_POINT('',(58.9221030207586,95.3269361697257,-38.8568645121922));
#12595=CARTESIAN_POINT('',(58.9221030207586,126.026936169726,-38.8568645121923));
#12596=CARTESIAN_POINT('',(54.4521030207504,95.4361121477257,-40.3568645121922));
#12597=CARTESIAN_POINT('',(50.6021030207504,95.4361121477257,-40.3568645121922));
#12598=CARTESIAN_POINT('',(58.9221030207586,99.4361121477257,-40.3568645121922));
#12599=CARTESIAN_POINT('',(50.6021030207504,97.0589692905805,-40.3568645121922));
#12600=CARTESIAN_POINT('',(50.6021030207504,96.3269361697257,-40.3568645121922));
#12601=CARTESIAN_POINT('',(54.4521030207504,96.3269361697257,-40.3568645121922));
#12602=CARTESIAN_POINT('',(48.7021030207505,95.4361121477257,-41.1568645121923));
#12603=CARTESIAN_POINT('',(48.7021030207505,95.4361121477257,-41.1568645121923));
#12604=CARTESIAN_POINT('',(60.9221030207586,95.4361121477257,-41.1568645121922));
#12605=CARTESIAN_POINT('',(48.7021030207505,96.4361121477257,-41.1568645121923));
#12606=CARTESIAN_POINT('',(48.7021030207505,96.5161121477234,-41.1568645121923));
#12607=CARTESIAN_POINT('',(58.9221030207586,99.4361121477257,-41.1568645121923));
#12608=CARTESIAN_POINT('',(58.9221030207586,99.4361121477257,-41.1568645121922));
#12609=CARTESIAN_POINT('',(60.9221030207586,99.4361121477257,-41.1568645121922));
#12610=CARTESIAN_POINT('',(60.9221030207586,99.4361121477257,-41.1568645121922));
#12611=CARTESIAN_POINT('',(60.9221030207586,96.4361121477257,-41.1568645121922));
#12612=CARTESIAN_POINT('',(48.7021030207505,96.4361121477257,-41.1568645121923));
#12613=CARTESIAN_POINT('',(48.7021030207504,96.5161121477234,-8.86906357829788));
#12614=CARTESIAN_POINT('',(50.6021030207503,97.0589692905805,-8.86906357829787));
#12615=CARTESIAN_POINT('',(58.9221030207586,99.4361121477257,-35.7190635782978));
#12616=CARTESIAN_POINT('',(58.9221030207545,99.4361121477245,-39.0690635782979));
#12617=CARTESIAN_POINT('',(58.9221030207586,99.4361121477257,-35.7190635782978));
#12618=CARTESIAN_POINT('',(58.9221030207586,99.4361121477257,-8.86906357829785));
#12619=CARTESIAN_POINT('',(60.9221030207504,111.3565241587,-39.0690635782979));
#12620=CARTESIAN_POINT('',(60.9221030207586,99.4361121477257,-39.0690635782979));
#12621=CARTESIAN_POINT('',(60.9221030207504,110.3565241587,-39.0690635782979));
#12622=CARTESIAN_POINT('',(60.9221030207586,110.3565241587,-38.0690635782979));
#12623=CARTESIAN_POINT('',(60.9221030207504,111.3565241587,-38.0690635782979));
#12624=CARTESIAN_POINT('',(60.9221030207504,111.3565241587,-30.5690635782979));
#12625=CARTESIAN_POINT('',(60.9221030207504,111.3565241587,-30.5690635782979));
#12626=CARTESIAN_POINT('',(60.9221030207504,108.8565241587,-30.5690635782979));
#12627=CARTESIAN_POINT('',(60.9221030207586,104.8565241587,-32.5690635782979));
#12628=CARTESIAN_POINT('',(60.9221030207586,95.4361121477257,-40.8068645121922));
#12629=CARTESIAN_POINT('',(60.9221030207586,99.4361121477257,-36.2190635782979));
#12630=CARTESIAN_POINT('',(60.9221030207586,96.3269361697257,-40.8068645121922));
#12631=CARTESIAN_POINT('',(58.9221030207586,95.4361121477257,-3.85805569391972));
#12632=CARTESIAN_POINT('',(50.6021030207504,95.4361121477257,-40.0068645121922));
#12633=CARTESIAN_POINT('',(48.7021030207505,95.4361121477257,-36.2190635782979));
#12634=CARTESIAN_POINT('',(48.5414332473026,95.4361121477257,-3.85805569391974));
#12635=CARTESIAN_POINT('',(48.7021030207505,96.4361121477257,-36.2190635782979));
#12636=CARTESIAN_POINT('',(50.6021030207504,96.3269361697257,-40.0068645121922));
#12637=CARTESIAN_POINT('',(58.9221030207504,111.3565241587,-30.5690635782979));
#12638=CARTESIAN_POINT('',(58.9221030207504,111.3565241587,-30.5690635782979));
#12639=CARTESIAN_POINT('',(58.9221030207504,111.3565241587,-38.0690635782979));
#12640=CARTESIAN_POINT('',(58.9221030207586,110.3565241587,-38.0690635782979));
#12641=CARTESIAN_POINT('',(58.9221030207504,110.3565241587,-39.0690635782979));
#12642=CARTESIAN_POINT('',(58.9221030207504,111.3565241587,-39.0690635782979));
#12643=CARTESIAN_POINT('',(58.9221030207586,104.8565241587,-32.5690635782979));
#12644=CARTESIAN_POINT('',(58.9221030207504,108.8565241587,-30.5690635782979));
#12645=CARTESIAN_POINT('',(58.9221030207586,126.026936169726,-8.86906357829788));
#12646=CARTESIAN_POINT('',(35.7021030207504,99.4361121477257,-39.0690635782979));
#12647=CARTESIAN_POINT('',(35.7021030207504,99.4361121477257,-35.7190635782979));
#12648=CARTESIAN_POINT('',(67.3027241942995,68.9324729772336,-12.0248030355805));
#12649=CARTESIAN_POINT('',(54.4221030207586,72.6126504553881,-7.73126264440023));
#12650=CARTESIAN_POINT('',(58.9221030207586,71.3269361696738,-9.23126264440024));
#12651=CARTESIAN_POINT('',(54.4221030207586,71.4361121476738,-7.73126264440023));
#12652=CARTESIAN_POINT('',(54.4221030207586,75.3269361696738,-7.73126264440023));
#12653=CARTESIAN_POINT('',(58.9221030207586,75.3269361696738,-9.23126264440024));
#12654=CARTESIAN_POINT('',(58.9221030207586,75.3269361696738,-9.23126264440024));
#12655=CARTESIAN_POINT('',(58.9221030207586,75.4361121476738,-9.23126264440024));
#12656=CARTESIAN_POINT('',(58.9221030207586,44.7361121476735,-9.23126264440021));
#12657=CARTESIAN_POINT('',(54.4521030207504,75.3269361696738,-7.73126264440023));
#12658=CARTESIAN_POINT('',(50.6021030207504,75.3269361696738,-7.73126264440023));
#12659=CARTESIAN_POINT('',(58.9221030207586,71.3269361696738,-7.73126264440023));
#12660=CARTESIAN_POINT('',(50.6021030207504,73.704079026819,-7.73126264440023));
#12661=CARTESIAN_POINT('',(50.6021030207504,74.4361121476738,-7.73126264440023));
#12662=CARTESIAN_POINT('',(54.4521030207504,74.4361121476738,-7.73126264440023));
#12663=CARTESIAN_POINT('',(48.7021030207505,75.3269361696738,-6.93126264440024));
#12664=CARTESIAN_POINT('',(48.7021030207505,75.3269361696738,-6.93126264440024));
#12665=CARTESIAN_POINT('',(60.9221030207586,75.3269361696738,-6.93126264440024));
#12666=CARTESIAN_POINT('',(48.7021030207505,74.3269361696738,-6.93126264440024));
#12667=CARTESIAN_POINT('',(48.7021030207505,74.2469361696761,-6.93126264440024));
#12668=CARTESIAN_POINT('',(58.9221030207586,71.3269361696738,-6.93126264440024));
#12669=CARTESIAN_POINT('',(58.9221030207586,71.3269361696738,-6.93126264440024));
#12670=CARTESIAN_POINT('',(60.9221030207586,71.3269361696738,-6.93126264440024));
#12671=CARTESIAN_POINT('',(60.9221030207586,71.3269361696738,-6.93126264440024));
#12672=CARTESIAN_POINT('',(60.9221030207586,74.3269361696738,-6.93126264440024));
#12673=CARTESIAN_POINT('',(48.7021030207505,74.3269361696738,-6.93126264440024));
#12674=CARTESIAN_POINT('',(48.7021030207504,74.2469361696761,-39.2190635782946));
#12675=CARTESIAN_POINT('',(50.6021030207503,73.704079026819,-39.2190635782946));
#12676=CARTESIAN_POINT('',(58.9221030207586,71.3269361696738,-12.3690635782946));
#12677=CARTESIAN_POINT('',(58.9221030207545,71.326936169675,-9.01906357829459));
#12678=CARTESIAN_POINT('',(58.9221030207586,71.3269361696738,-12.3690635782946));
#12679=CARTESIAN_POINT('',(58.9221030207586,71.3269361696738,-39.2190635782946));
#12680=CARTESIAN_POINT('',(60.9221030207504,59.406524158699,-9.01906357829459));
#12681=CARTESIAN_POINT('',(60.9221030207586,71.3269361696738,-9.01906357829459));
#12682=CARTESIAN_POINT('',(60.9221030207504,60.406524158699,-9.01906357829459));
#12683=CARTESIAN_POINT('',(60.9221030207586,60.406524158699,-10.0190635782946));
#12684=CARTESIAN_POINT('',(60.9221030207504,59.406524158699,-10.0190635782946));
#12685=CARTESIAN_POINT('',(60.9221030207504,59.406524158699,-17.5190635782946));
#12686=CARTESIAN_POINT('',(60.9221030207504,59.406524158699,-17.5190635782946));
#12687=CARTESIAN_POINT('',(60.9221030207504,61.906524158699,-17.5190635782946));
#12688=CARTESIAN_POINT('',(60.9221030207586,65.906524158699,-15.5190635782946));
#12689=CARTESIAN_POINT('',(60.9221030207586,75.3269361696738,-7.28126264440025));
#12690=CARTESIAN_POINT('',(60.9221030207586,71.3269361696738,-11.8690635782946));
#12691=CARTESIAN_POINT('',(60.9221030207586,74.4361121476738,-7.28126264440025));
#12692=CARTESIAN_POINT('',(58.9221030207586,75.3269361696738,-44.2300714626728));
#12693=CARTESIAN_POINT('',(50.6021030207504,75.3269361696738,-8.08126264440025));
#12694=CARTESIAN_POINT('',(48.7021030207505,75.3269361696738,-11.8690635782946));
#12695=CARTESIAN_POINT('',(48.5414332473026,75.3269361696738,-44.2300714626727));
#12696=CARTESIAN_POINT('',(48.7021030207505,74.3269361696738,-11.8690635782946));
#12697=CARTESIAN_POINT('',(50.6021030207504,74.4361121476738,-8.08126264440025));
#12698=CARTESIAN_POINT('',(58.9221030207504,59.406524158699,-17.5190635782946));
#12699=CARTESIAN_POINT('',(58.9221030207504,59.406524158699,-17.5190635782946));
#12700=CARTESIAN_POINT('',(58.9221030207504,59.406524158699,-10.0190635782946));
#12701=CARTESIAN_POINT('',(58.9221030207586,60.406524158699,-10.0190635782946));
#12702=CARTESIAN_POINT('',(58.9221030207504,60.406524158699,-9.01906357829459));
#12703=CARTESIAN_POINT('',(58.9221030207504,59.406524158699,-9.01906357829459));
#12704=CARTESIAN_POINT('',(58.9221030207586,65.906524158699,-15.5190635782946));
#12705=CARTESIAN_POINT('',(58.9221030207504,61.906524158699,-17.5190635782946));
#12706=CARTESIAN_POINT('',(58.9221030207586,44.7361121476734,-39.2190635782946));
#12707=CARTESIAN_POINT('',(35.7021030207504,71.3269361696738,-9.01906357829459));
#12708=CARTESIAN_POINT('',(35.7021030207504,71.3269361696738,-12.3690635782946));
#12709=CARTESIAN_POINT('',(53.9521030207504,75.6315241586997,-8.11906351218894));
#12710=CARTESIAN_POINT('',(53.9521030207504,75.6315241586997,-8.11906351218894));
#12711=CARTESIAN_POINT('',(51.4521030207504,75.6315241586997,-8.11906351218894));
#12712=CARTESIAN_POINT('',(53.9521030207505,75.6315241586997,-7.91906351218893));
#12713=CARTESIAN_POINT('',(53.9521030207505,75.8315241586997,-7.91906351218893));
#12714=CARTESIAN_POINT('',(64.57423897575,75.8315241586997,-7.91906351218893));
#12715=CARTESIAN_POINT('',(51.4521030207504,75.8315241586997,-7.91906351218893));
#12716=CARTESIAN_POINT('',(51.4521030207504,75.6315241586997,-7.91906351218893));
#12717=CARTESIAN_POINT('',(53.9521030207504,75.6315241586997,-7.91906351218893));
#12718=CARTESIAN_POINT('',(51.4521030207504,87.4815241586997,-8.11906351218894));
#12719=CARTESIAN_POINT('',(51.4521030207505,73.5315241586997,-8.11906351218894));
#12720=CARTESIAN_POINT('',(57.5971030207504,73.5315241586997,-8.11906351218894));
#12721=CARTESIAN_POINT('',(53.9521030207505,73.5315241586997,-8.11906351218894));
#12722=CARTESIAN_POINT('',(53.9521030207504,87.4815241586997,-8.11906351218894));
#12723=CARTESIAN_POINT('',(53.9521030207504,87.4815241586997,-8.11906351218894));
#12724=CARTESIAN_POINT('',(59.1521030207585,75.8315241586997,-6.31906351218891));
#12725=CARTESIAN_POINT('',(52.1521030207585,75.8315241586997,-6.31906351218891));
#12726=CARTESIAN_POINT('',(46.2021057570011,75.8315241586997,-6.31906351218891));
#12727=CARTESIAN_POINT('',(46.2021030207505,75.8315241586997,-9.42380693111742));
#12728=CARTESIAN_POINT('',(46.2021056245079,75.8315241586997,-7.6190641073335));
#12729=CARTESIAN_POINT('',(47.2021030207505,75.8315241586997,-7.84763494076037));
#12730=CARTESIAN_POINT('',(51.4521030207504,75.8315241586997,-8.81906351218893));
#12731=CARTESIAN_POINT('',(51.4521030207504,75.8315241586997,-9.42380693111742));
#12732=CARTESIAN_POINT('',(53.9521030207505,75.8315241586997,-8.81906351218894));
#12733=CARTESIAN_POINT('',(53.9521030207505,75.8315241586997,-8.81906351218894));
#12734=CARTESIAN_POINT('',(51.4521030207504,75.8315241586997,-8.81906351218894));
#12735=CARTESIAN_POINT('',(56.6021030207505,75.8315241586997,-8.81906351218891));
#12736=CARTESIAN_POINT('',(58.5575205487498,75.8315241586997,-9.79677227618861));
#12737=CARTESIAN_POINT('',(58.1352293127495,75.8315241586997,-9.58562665818844));
#12738=CARTESIAN_POINT('',(60.8185108857492,75.8315241586997,-4.21906351218892));
#12739=CARTESIAN_POINT('',(60.8185108857492,75.8315241586997,-10.2190635121889));
#12740=CARTESIAN_POINT('',(64.57423897575,75.8315241586997,-10.2190635121889));
#12741=CARTESIAN_POINT('',(68.9021030207505,75.8315241586997,-10.2190635121889));
#12742=CARTESIAN_POINT('',(68.9021030207505,75.8315241586997,-10.6190635121889));
#12743=CARTESIAN_POINT('',(69.3021030207505,75.8315241586997,-10.6190635121889));
#12744=CARTESIAN_POINT('',(69.3021030207505,75.8315241586997,-26.7640635121889));
#12745=CARTESIAN_POINT('',(69.3021030207505,75.8315241586997,-10.8190635121889));
#12746=CARTESIAN_POINT('',(68.6021030207505,75.8315241586997,-10.8190635121889));
#12747=CARTESIAN_POINT('',(70.2021030207504,75.8315241586997,-12.0190635782946));
#12748=CARTESIAN_POINT('',(68.7021030207505,75.8315241586997,-11.2190635121889));
#12749=CARTESIAN_POINT('',(68.7021030207505,75.8315241586997,-9.21906351218893));
#12750=CARTESIAN_POINT('',(57.5971030207504,75.8315241586997,-9.21906351218893));
#12751=CARTESIAN_POINT('',(65.9521030207505,75.8315241586997,-9.21906351218893));
#12752=CARTESIAN_POINT('',(57.6971030207504,75.8315241586997,-5.68120636933175));
#12753=CARTESIAN_POINT('',(64.2294262139995,75.8315241586997,-8.48077345215281));
#12754=CARTESIAN_POINT('',(63.4415876168412,75.8315241586997,-10.3190635121889));
#12755=CARTESIAN_POINT('',(63.4415876168412,75.8315241586997,-8.31906351218891));
#12756=CARTESIAN_POINT('',(57.6971030207504,75.8315241586997,-8.31906351218891));
#12757=CARTESIAN_POINT('',(62.3521030207505,75.8315241586997,-8.31906351218891));
#12758=CARTESIAN_POINT('',(62.3521030207505,75.8315241586997,-26.7640635121889));
#12759=CARTESIAN_POINT('',(62.3521030207504,75.8315241586997,-9.09234199569384));
#12760=CARTESIAN_POINT('',(62.2840569785788,75.8315241586997,-9.01906351218893));
#12761=CARTESIAN_POINT('',(62.2840569785788,75.8315241586997,-9.11906351218894));
#12762=CARTESIAN_POINT('',(62.2101226304786,75.8315241586997,-9.11906351218894));
#12763=CARTESIAN_POINT('',(60.3521030207586,75.8315241586997,-9.11906351218894));
#12764=CARTESIAN_POINT('',(60.3521030207586,75.8315241586997,-8.91906351218894));
#12765=CARTESIAN_POINT('',(60.1521030207585,75.8315241586997,-8.91906351218894));
#12766=CARTESIAN_POINT('',(60.1521030207585,75.8315241586997,-8.91906351218894));
#12767=CARTESIAN_POINT('',(60.1521030207585,75.8315241586997,-7.7604546214576));
#12768=CARTESIAN_POINT('',(59.6521030207585,75.8315241586997,-7.7604546214576));
#12769=CARTESIAN_POINT('',(59.7141203880532,75.8315241586997,-7.26431568310076));
#12770=CARTESIAN_POINT('',(52.1521030207585,75.8315241586997,-6.31906351218894));
#12771=CARTESIAN_POINT('',(64.57423897575,75.8315241586997,-9.42380693111741));
#12772=CARTESIAN_POINT('',(45.2021030207505,85.8815241586997,-6.31906351218894));
#12773=CARTESIAN_POINT('',(45.2021030207505,76.8315241586997,-6.31906351218894));
#12774=CARTESIAN_POINT('',(45.2021030207505,93.9315241586997,-6.31906351218894));
#12775=CARTESIAN_POINT('',(45.2021030207505,93.9315241586997,-14.319063512189));
#12776=CARTESIAN_POINT('',(45.2021030207505,93.9315241586997,-7.39049208361749));
#12777=CARTESIAN_POINT('',(45.2021030207505,84.9815241586998,-7.39049208361749));
#12778=CARTESIAN_POINT('',(45.2021030207505,76.8315241586997,-7.39049208361749));
#12779=CARTESIAN_POINT('',(45.2021030207505,76.8315241586997,-6.85477779790321));
#12780=CARTESIAN_POINT('',(45.2021030207505,85.8815241586997,-6.85477779790321));
#12781=CARTESIAN_POINT('',(46.2021030207505,76.8315241586997,-6.31906351218891));
#12782=CARTESIAN_POINT('',(46.2021030207505,76.8315241586997,-7.61906351218895));
#12783=CARTESIAN_POINT('',(46.2021030207505,76.8315241586997,-9.42380693111742));
#12784=CARTESIAN_POINT('',(57.5971030207504,95.1315241586997,-8.11906351218894));
#12785=CARTESIAN_POINT('',(53.9521030207504,95.1315241586997,-8.11906351218894));
#12786=CARTESIAN_POINT('',(51.4521030207504,95.1315241586997,-8.11906351218894));
#12787=CARTESIAN_POINT('',(53.9521030207504,99.4815241586997,-8.11906351218894));
#12788=CARTESIAN_POINT('',(53.9521030207504,97.2315241586997,-8.11906351218894));
#12789=CARTESIAN_POINT('',(57.5971030207504,97.2315241586997,-8.11906351218894));
#12790=CARTESIAN_POINT('',(51.4521030207504,97.2315241586997,-8.11906351218894));
#12791=CARTESIAN_POINT('',(51.4521030207504,99.4815241586997,-8.11906351218894));
#12792=CARTESIAN_POINT('',(53.9521030207504,99.4815241586997,-8.11906351218894));
#12793=CARTESIAN_POINT('',(53.9521030207505,97.2315241586997,-26.7640635121889));
#12794=CARTESIAN_POINT('',(53.9521030207504,97.2315241586997,-8.81906351218894));
#12795=CARTESIAN_POINT('',(57.5971030207504,97.2315241586997,-8.81906351218894));
#12796=CARTESIAN_POINT('',(51.4521030207504,97.2315241586997,-8.81906351218894));
#12797=CARTESIAN_POINT('',(51.4521030207505,97.2315241586997,-27.6640635121888));
#12798=CARTESIAN_POINT('',(52.8271030207545,97.2315241586997,-7.41906351218893));
#12799=CARTESIAN_POINT('',(51.4521030207504,87.4815241586997,-8.81906351218894));
#12800=CARTESIAN_POINT('',(51.4521030207505,73.5315241586997,-8.81906351218894));
#12801=CARTESIAN_POINT('',(51.4521030207505,73.5315241586997,-27.6640635121888));
#12802=CARTESIAN_POINT('',(51.4521030207504,87.4815241586997,-8.01906351218895));
#12803=CARTESIAN_POINT('',(57.5971030207504,73.5315241586997,-8.81906351218894));
#12804=CARTESIAN_POINT('',(53.9521030207505,73.5315241586997,-8.81906351218894));
#12805=CARTESIAN_POINT('',(53.9521030207505,73.5315241586997,-26.7640635121889));
#12806=CARTESIAN_POINT('',(52.8271030207545,73.5315241586997,-7.41906351218893));
#12807=CARTESIAN_POINT('',(53.9521030207505,87.4815241586997,-8.81906351218894));
#12808=CARTESIAN_POINT('',(53.9521030207505,87.4815241586997,-8.81906351218894));
#12809=CARTESIAN_POINT('',(62.3521030207504,75.8815241586997,-9.09234199569375));
#12810=CARTESIAN_POINT('',(62.3521030207504,75.8815241586997,-9.09234199569384));
#12811=CARTESIAN_POINT('',(62.3521030207505,75.8815241586997,-8.81906351218891));
#12812=CARTESIAN_POINT('',(62.3521030207504,75.8815241586997,-8.81906351218894));
#12813=CARTESIAN_POINT('',(62.382696370962,75.8815241586997,-9.00262361345838));
#12814=CARTESIAN_POINT('',(62.2840569785788,75.8815241586997,-9.01906351218893));
#12815=CARTESIAN_POINT('',(53.9521030207505,75.8815241586997,0.880936487811081));
#12816=CARTESIAN_POINT('',(62.3521030207505,84.9815241586998,-8.81906351218891));
#12817=CARTESIAN_POINT('',(62.3521030207505,94.9315241586997,-8.81906351218891));
#12818=CARTESIAN_POINT('',(63.2687696874171,94.9315241586997,-14.319063512189));
#12819=CARTESIAN_POINT('',(62.382696370962,94.9315241586997,-9.00262361345838));
#12820=CARTESIAN_POINT('',(62.382696370962,84.9815241586998,-9.00262361345838));
#12821=CARTESIAN_POINT('',(62.4021030207504,64.7375217586997,-9.11906351218894));
#12822=CARTESIAN_POINT('',(62.3521030207504,81.8815241586997,-9.09234199569384));
#12823=CARTESIAN_POINT('',(62.2840569785788,94.9315241586997,-9.01906351218893));
#12824=CARTESIAN_POINT('',(62.2840569785788,94.9315241586997,-9.11906351218894));
#12825=CARTESIAN_POINT('',(62.2840569785788,84.9815241586998,-9.11906351218894));
#12826=CARTESIAN_POINT('',(62.2840569785788,84.9815241586998,-9.01906351218893));
#12827=CARTESIAN_POINT('',(60.3521030207586,85.8815241586997,-9.11906351218894));
#12828=CARTESIAN_POINT('',(60.3521030207586,94.9315241586997,-9.11906351218894));
#12829=CARTESIAN_POINT('',(57.5971030207504,94.9315241586997,-9.11906351218894));
#12830=CARTESIAN_POINT('',(62.2101226304786,85.8815241586997,-9.11906351218894));
#12831=CARTESIAN_POINT('',(60.1521030207585,85.8815241586997,-8.91906351218894));
#12832=CARTESIAN_POINT('',(60.1521030207585,94.9315241586997,-8.91906351218894));
#12833=CARTESIAN_POINT('',(60.3521030207586,94.9315241586997,-8.91906351218894));
#12834=CARTESIAN_POINT('',(60.3521030207586,85.8815241586997,-8.91906351218894));
#12835=CARTESIAN_POINT('',(60.1521030207585,84.9815241586998,-7.7604546214576));
#12836=CARTESIAN_POINT('',(60.1521030207585,94.9315241586997,-7.7604546214576));
#12837=CARTESIAN_POINT('',(60.1521030207585,94.9315241586997,-9.21906351218893));
#12838=CARTESIAN_POINT('',(60.1521030207585,85.8815241586997,-8.91906351218894));
#12839=CARTESIAN_POINT('',(59.6521030207585,94.9315241586997,-7.7604546214576));
#12840=CARTESIAN_POINT('',(59.7141203880532,94.9315241586997,-7.26431568310076));
#12841=CARTESIAN_POINT('',(59.7141203880532,84.9815241586998,-7.26431568310076));
#12842=CARTESIAN_POINT('',(59.6521030207585,84.9815241586998,-7.7604546214576));
#12843=CARTESIAN_POINT('',(52.1521030207585,84.9815241586998,-6.31906351218891));
#12844=CARTESIAN_POINT('',(52.1521030207585,94.9315241586997,-6.31906351218891));
#12845=CARTESIAN_POINT('',(57.5971030207504,94.9315241586997,-6.9996885121879));
#12846=CARTESIAN_POINT('',(52.1521030207585,85.8815241586997,-6.31906351218894));
#12847=CARTESIAN_POINT('',(60.4257098185004,94.9315241586997,-6.31906351218891));
#12848=CARTESIAN_POINT('',(46.2021030207505,94.9315241586997,-6.31906351218891));
#12849=CARTESIAN_POINT('',(46.2021030207505,93.9315241586997,-6.31906351218894));
#12850=CARTESIAN_POINT('',(59.1521030207585,85.8815241586997,-6.31906351218891));
#12851=CARTESIAN_POINT('',(46.2021030207505,94.9315241586997,-14.319063512189));
#12852=CARTESIAN_POINT('',(46.2021030207504,94.9315241586997,-7.61906351218893));
#12853=CARTESIAN_POINT('',(46.2021030207505,93.9315241586997,-7.61906351218893));
#12854=CARTESIAN_POINT('',(46.2021030207505,93.9315241586997,-14.319063512189));
#12855=CARTESIAN_POINT('',(57.5971030207504,94.9315241586997,-10.2236349407604));
#12856=CARTESIAN_POINT('',(51.4521030207504,94.9315241586997,-8.81906351218894));
#12857=CARTESIAN_POINT('',(51.4521030207504,84.9815241586998,-8.81906351218894));
#12858=CARTESIAN_POINT('',(47.2021030207505,85.8815241586997,-7.84763494076037));
#12859=CARTESIAN_POINT('',(51.4521030207505,94.9315241586997,-14.319063512189));
#12860=CARTESIAN_POINT('',(51.4521030207504,94.9315241586997,-7.91906351218893));
#12861=CARTESIAN_POINT('',(51.4521030207504,95.1315241586997,-7.91906351218893));
#12862=CARTESIAN_POINT('',(51.4521030207504,99.4815241586997,-8.81906351218894));
#12863=CARTESIAN_POINT('',(51.4521030207504,99.4815241586997,-8.01906351218895));
#12864=CARTESIAN_POINT('',(57.5971030207504,94.9315241586997,-7.91906351218893));
#12865=CARTESIAN_POINT('',(53.9521030207504,94.9315241586997,-7.91906351218893));
#12866=CARTESIAN_POINT('',(53.9521030207504,95.1315241586997,-7.91906351218893));
#12867=CARTESIAN_POINT('',(57.5971030207504,95.1315241586997,-7.91906351218893));
#12868=CARTESIAN_POINT('',(53.9521030207505,94.9315241586997,-14.319063512189));
#12869=CARTESIAN_POINT('',(53.9521030207505,94.9315241586997,-8.81906351218894));
#12870=CARTESIAN_POINT('',(53.9521030207505,99.4815241586997,-8.81906351218894));
#12871=CARTESIAN_POINT('',(53.9521030207505,99.4815241586997,-8.81906351218894));
#12872=CARTESIAN_POINT('',(57.5971030207504,94.9315241586997,-8.81906351218891));
#12873=CARTESIAN_POINT('',(56.6021030207505,94.9315241586997,-8.81906351218891));
#12874=CARTESIAN_POINT('',(56.6021030207505,85.8815241586997,-8.81906351218891));
#12875=CARTESIAN_POINT('',(51.4521030207504,93.4815241586997,-8.81906351218894));
#12876=CARTESIAN_POINT('',(58.1352293127495,84.9815241586998,-9.58562665818844));
#12877=CARTESIAN_POINT('',(58.1352293127495,94.9315241586997,-9.58562665818844));
#12878=CARTESIAN_POINT('',(57.5971030207504,94.9315241586997,-9.3165635121889));
#12879=CARTESIAN_POINT('',(58.5575205487498,90.8815241586997,-9.79677227618861));
#12880=CARTESIAN_POINT('',(60.8185108857492,94.9315241586997,-4.21906351218892));
#12881=CARTESIAN_POINT('',(60.8185108857492,94.9315241586997,-10.2190635121889));
#12882=CARTESIAN_POINT('',(60.8185108857492,84.9815241586998,-10.2190635121889));
#12883=CARTESIAN_POINT('',(60.8185108857492,84.9815241586998,-4.21906351218892));
#12884=CARTESIAN_POINT('',(69.3021030207505,85.8815241586997,-10.8190635121889));
#12885=CARTESIAN_POINT('',(69.3021030207505,94.9315241586997,-10.8190635121889));
#12886=CARTESIAN_POINT('',(69.3021030207505,85.8815241586997,-10.6190635121889));
#12887=CARTESIAN_POINT('',(69.3021030207505,94.9315241586997,-10.6190635121889));
#12888=CARTESIAN_POINT('',(69.3021030207505,94.9315241586997,-26.7640635121889));
#12889=CARTESIAN_POINT('',(69.3021030207505,85.8815241586997,-10.6190635121889));
#12890=CARTESIAN_POINT('',(68.9021030207505,85.8815241586997,-10.2190635121889));
#12891=CARTESIAN_POINT('',(68.9021030207505,94.9315241586997,-10.2190635121889));
#12892=CARTESIAN_POINT('',(68.9021030207505,94.9315241586997,-10.6190635121889));
#12893=CARTESIAN_POINT('',(68.9021030207505,85.8815241586997,-10.6190635121889));
#12894=CARTESIAN_POINT('',(57.5971030207504,94.9315241586997,-10.2190635121889));
#12895=CARTESIAN_POINT('',(59.4021030207505,90.8815241586997,-10.2190635121889));
#12896=CARTESIAN_POINT('',(62.3521030207505,85.8815241586997,-8.31906351218891));
#12897=CARTESIAN_POINT('',(62.3521030207505,94.9315241586997,-8.31906351218891));
#12898=CARTESIAN_POINT('',(62.3521030207505,94.9315241586997,-26.7640635121889));
#12899=CARTESIAN_POINT('',(62.3521030207505,90.8815241586997,-8.71906351218892));
#12900=CARTESIAN_POINT('',(63.4415876168412,84.9815241586998,-8.31906351218891));
#12901=CARTESIAN_POINT('',(63.4415876168412,94.9315241586997,-8.31906351218891));
#12902=CARTESIAN_POINT('',(57.6971030207504,94.9315241586997,-8.31906351218891));
#12903=CARTESIAN_POINT('',(63.8521030207505,85.8815241586997,-8.31906351218891));
#12904=CARTESIAN_POINT('',(64.2294262139995,84.9815241586998,-8.48077345215281));
#12905=CARTESIAN_POINT('',(64.2294262139995,94.9315241586997,-8.48077345215281));
#12906=CARTESIAN_POINT('',(63.4415876168412,94.9315241586997,-10.3190635121889));
#12907=CARTESIAN_POINT('',(63.4415876168412,84.9815241586998,-10.3190635121889));
#12908=CARTESIAN_POINT('',(65.9521030207505,85.8815241586997,-9.21906351218893));
#12909=CARTESIAN_POINT('',(65.9521030207505,94.9315241586997,-9.21906351218893));
#12910=CARTESIAN_POINT('',(57.6971030207504,94.9315241586997,-5.68120636933175));
#12911=CARTESIAN_POINT('',(65.9521030207505,85.8815241586997,-9.21906351218893));
#12912=CARTESIAN_POINT('',(68.7021030207505,85.8815241586997,-9.21906351218893));
#12913=CARTESIAN_POINT('',(68.7021030207505,94.9315241586997,-9.21906351218893));
#12914=CARTESIAN_POINT('',(57.5971030207504,94.9315241586997,-9.21906351218893));
#12915=CARTESIAN_POINT('',(68.7021030207505,85.8815241586997,-9.21906351218893));
#12916=CARTESIAN_POINT('',(68.7021030207505,94.9315241586997,-11.2190635121889));
#12917=CARTESIAN_POINT('',(68.7021030207505,85.8815241586997,-11.2190635121889));
#12918=CARTESIAN_POINT('',(68.6021030207505,85.4361121476738,-10.8190635121889));
#12919=CARTESIAN_POINT('',(68.7021030207504,85.4361121476738,-11.5118838352165));
#12920=CARTESIAN_POINT('',(68.7021030207504,85.4361121476738,-22.2940635782946));
#12921=CARTESIAN_POINT('',(35.7021030207504,85.4361121476738,-22.2940635782946));
#12922=CARTESIAN_POINT('',(68.7021030207504,85.8815241586997,-11.5118838352165));
#12923=CARTESIAN_POINT('',(68.7021030207504,94.9315241586997,-11.5118838352165));
#12924=CARTESIAN_POINT('',(68.7021030207504,94.9315241586997,-16.4440635782946));
#12925=CARTESIAN_POINT('',(68.7021030207504,85.4361121476738,-16.4440635782946));
#12926=CARTESIAN_POINT('',(68.6021030207505,94.9315241586997,-10.8190635121889));
#12927=CARTESIAN_POINT('',(55.1771030207504,94.9315241586997,-16.744063512189));
#12928=CARTESIAN_POINT('',(68.6021030207505,85.8815241586997,-10.8190635121889));
#12929=CARTESIAN_POINT('',(58.9221030207586,99.4361121476738,-7.73126264440021));
#12930=CARTESIAN_POINT('',(50.6021030207503,97.0589692905286,-7.73126264440021));
#12931=CARTESIAN_POINT('',(54.4221030207586,98.1503978619596,-7.73126264440021));
#12932=CARTESIAN_POINT('',(54.4221030207586,96.4361121476739,-7.73126264440021));
#12933=CARTESIAN_POINT('',(54.4221030207586,95.4361121476738,-7.73126264440019));
#12934=CARTESIAN_POINT('',(48.5414332473026,95.4361121476738,-7.73126264440019));
#12935=CARTESIAN_POINT('',(50.6021030207504,95.4361121476739,-7.73126264440019));
#12936=CARTESIAN_POINT('',(50.6021030207503,96.4361121476739,-7.73126264440021));
#12937=CARTESIAN_POINT('',(50.6021030207504,96.4361121476739,-7.73126264440021));
#12938=CARTESIAN_POINT('',(59.6592831296606,99.6467350359316,-9.47698934736754));
#12939=CARTESIAN_POINT('',(58.9221030207586,99.4361121476738,-9.23126264440019));
#12940=CARTESIAN_POINT('',(58.9221030207586,126.136112147674,-9.23126264440024));
#12941=CARTESIAN_POINT('',(58.9221030207586,95.4361121476738,-9.23126264440019));
#12942=CARTESIAN_POINT('',(54.4221030207586,95.4361121476738,-7.73126264440019));
#12943=CARTESIAN_POINT('',(54.4221030207586,96.4361121476739,-7.73126264440021));
#12944=CARTESIAN_POINT('',(48.5414332473026,95.4361121476738,-6.93126264440018));
#12945=CARTESIAN_POINT('',(48.7021030207505,95.4361121476739,-6.93126264440018));
#12946=CARTESIAN_POINT('',(58.9221030207586,99.4361121476738,-6.9312626444002));
#12947=CARTESIAN_POINT('',(58.9221030207586,99.4361121476738,-6.93126264440021));
#12948=CARTESIAN_POINT('',(58.9221030207586,99.4361121476738,-6.93126264440021));
#12949=CARTESIAN_POINT('',(48.7021030207504,96.5161121476715,-6.9312626444002));
#12950=CARTESIAN_POINT('',(48.7021030207504,96.4361121476739,-6.9312626444002));
#12951=CARTESIAN_POINT('',(60.9221030207586,96.4361121476739,-6.9312626444002));
#12952=CARTESIAN_POINT('',(60.9221030207504,106.181524158701,-12.2190635782946));
#12953=CARTESIAN_POINT('',(60.9221030207504,106.181524158701,-9.0190635782946));
#12954=CARTESIAN_POINT('',(60.9221030207504,111.3565241587,-17.5190635782946));
#12955=CARTESIAN_POINT('',(60.9221030207504,111.3565241587,-17.5190635782946));
#12956=CARTESIAN_POINT('',(60.9221030207504,111.3565241587,-9.0190635782946));
#12957=CARTESIAN_POINT('',(60.9221030207504,111.3565241587,-10.0190635782946));
#12958=CARTESIAN_POINT('',(60.9221030207586,110.3565241587,-10.0190635782946));
#12959=CARTESIAN_POINT('',(60.9221030207504,110.3565241587,-9.0190635782946));
#12960=CARTESIAN_POINT('',(60.9221030207504,98.3565241587005,-9.0190635782946));
#12961=CARTESIAN_POINT('',(60.9221030207586,96.4361121476738,-34.7068645121889));
#12962=CARTESIAN_POINT('',(48.7021030207504,96.5161121476715,-11.8690635782945));
#12963=CARTESIAN_POINT('',(58.9221030207586,99.4361121476738,-11.8690635782945));
#12964=CARTESIAN_POINT('',(58.9221030207504,99.4361121476738,-9.0190635782946));
#12965=CARTESIAN_POINT('',(58.9221030207586,99.4361121476738,-11.8690635782945));
#12966=CARTESIAN_POINT('',(50.6021030207503,97.0589692905286,-11.8690635782945));
#12967=CARTESIAN_POINT('',(58.9221030207586,99.4361121476738,-11.8690635782945));
#12968=CARTESIAN_POINT('',(35.7021030207504,99.4361121476738,-9.0190635782946));
#12969=CARTESIAN_POINT('',(35.7021030207504,99.4361121476739,-29.6190635782945));
#12970=CARTESIAN_POINT('',(58.9221030207504,98.3565241587005,-9.0190635782946));
#12971=CARTESIAN_POINT('',(58.9221030207504,110.3565241587,-9.0190635782946));
#12972=CARTESIAN_POINT('',(58.9221030207586,110.3565241587,-10.0190635782946));
#12973=CARTESIAN_POINT('',(58.9221030207504,111.3565241587,-10.0190635782946));
#12974=CARTESIAN_POINT('',(58.9221030207504,111.3565241587,-9.0190635782946));
#12975=CARTESIAN_POINT('',(58.9221030207504,111.3565241587,-17.5190635782946));
#12976=CARTESIAN_POINT('',(58.9221030207504,111.3565241587,-17.5190635782946));
#12977=CARTESIAN_POINT('',(58.9221030207586,104.8565241587,-15.5190635782946));
#12978=CARTESIAN_POINT('',(58.9221030207586,95.4361121476738,2.24194430608364));
#12979=CARTESIAN_POINT('',(58.9221030207586,126.136112147674,-11.8690635782945));
#12980=CARTESIAN_POINT('',(48.7021030207504,95.4361121476738,2.24194430608362));
#12981=CARTESIAN_POINT('',(48.7021030207505,96.4361121476738,-30.1190635782946));
#12982=CARTESIAN_POINT('',(50.6021030207503,95.4361121476738,2.24194430608362));
#12983=CARTESIAN_POINT('',(50.6021030207504,96.4361121476738,-33.9068645121889));
#12984=CARTESIAN_POINT('',(48.5414332473026,95.4361121476738,2.24194430608362));
#12985=CARTESIAN_POINT('',(60.9221030207504,59.406524158699,-38.0690635782979));
#12986=CARTESIAN_POINT('',(60.9221030207504,59.406524158699,-30.5690635782979));
#12987=CARTESIAN_POINT('',(60.9221030207504,59.406524158699,-39.0690635782979));
#12988=CARTESIAN_POINT('',(60.9221030207504,59.406524158699,-30.5690635782979));
#12989=CARTESIAN_POINT('',(157.74410302075,65.2315241587721,-39.0690635782979));
#12990=CARTESIAN_POINT('',(70.2021030207504,65.2315241587721,-39.0690635782979));
#12991=CARTESIAN_POINT('',(70.2021030207504,72.406524158699,-39.0690635782979));
#12992=CARTESIAN_POINT('',(70.2021030207504,62.5315241587721,-39.0690635782979));
#12993=CARTESIAN_POINT('',(157.74410302075,62.5315241587721,-39.0690635782979));
#12994=CARTESIAN_POINT('',(60.9221030207504,60.406524158699,-39.0690635782979));
#12995=CARTESIAN_POINT('',(60.9221030207504,72.406524158699,-39.0690635782979));
#12996=CARTESIAN_POINT('',(60.9221030207504,59.406524158699,-10.0190635782946));
#12997=CARTESIAN_POINT('',(60.9221030207504,59.406524158699,-17.5190635782946));
#12998=CARTESIAN_POINT('',(60.9221030207504,59.406524158699,-17.5190635782946));
#12999=CARTESIAN_POINT('',(60.9221030207504,60.406524158699,-9.01906357829459));
#13000=CARTESIAN_POINT('',(60.9221030207504,59.406524158699,-9.01906357829459));
#13001=CARTESIAN_POINT('',(60.9221030207504,61.906524158699,-17.5190635782946));
#13002=CARTESIAN_POINT('',(60.9221030207504,111.3565241587,-30.5690635782979));
#13003=CARTESIAN_POINT('',(60.9221030207504,108.8565241587,-30.5690635782979));
#13004=CARTESIAN_POINT('',(60.9221030207504,111.3565241587,-38.0690635782979));
#13005=CARTESIAN_POINT('',(60.9221030207504,111.3565241587,-30.5690635782979));
#13006=CARTESIAN_POINT('',(60.9221030207504,110.3565241587,-39.0690635782979));
#13007=CARTESIAN_POINT('',(60.9221030207504,111.3565241587,-39.0690635782979));
#13008=CARTESIAN_POINT('',(157.74410302075,103.481524158701,-9.0190635782946));
#13009=CARTESIAN_POINT('',(70.2021030207504,103.481524158701,-9.0190635782946));
#13010=CARTESIAN_POINT('',(70.2021030207504,98.3565241587005,-9.0190635782946));
#13011=CARTESIAN_POINT('',(70.2021030207504,106.181524158701,-9.0190635782946));
#13012=CARTESIAN_POINT('',(157.74410302075,106.181524158701,-9.0190635782946));
#13013=CARTESIAN_POINT('',(60.9221030207504,110.3565241587,-9.0190635782946));
#13014=CARTESIAN_POINT('',(60.9221030207504,98.3565241587005,-9.0190635782946));
#13015=CARTESIAN_POINT('',(60.9221030207504,111.3565241587,-10.0190635782946));
#13016=CARTESIAN_POINT('',(60.9221030207504,111.3565241587,-17.5190635782946));
#13017=CARTESIAN_POINT('',(60.9221030207504,111.3565241587,-9.0190635782946));
#13018=CARTESIAN_POINT('',(60.9221030207504,111.3565241587,-17.5190635782946));
#13019=CARTESIAN_POINT('',(60.9221030207504,60.406524158699,-38.0690635782979));
#13020=CARTESIAN_POINT('',(60.9221030207504,110.3565241587,-38.0690635782979));
#13021=CARTESIAN_POINT('',(60.9221030207504,60.406524158699,-10.0190635782946));
#13022=CARTESIAN_POINT('',(60.9221030207504,110.3565241587,-10.0190635782946));
#13023=CARTESIAN_POINT('',(70.2021030207504,65.906524158699,-15.5190635782946));
#13024=CARTESIAN_POINT('',(52.0021030207504,65.906524158699,-15.5190635782946));
#13025=CARTESIAN_POINT('',(52.0021030207504,65.906524158699,-15.5190635782946));
#13026=CARTESIAN_POINT('',(52.0021030207504,104.8565241587,-15.5190635782946));
#13027=CARTESIAN_POINT('',(70.2021030207504,104.8565241587,-32.5690635782979));
#13028=CARTESIAN_POINT('',(52.0021030207504,104.8565241587,-32.5690635782979));
#13029=CARTESIAN_POINT('',(52.0021030207504,104.8565241587,-32.5690635782979));
#13030=CARTESIAN_POINT('',(52.0021030207504,65.906524158699,-32.5690635782979));
#13031=CARTESIAN_POINT('',(71.0021030207504,106.443872538971,-24.0440635782981));
#13032=CARTESIAN_POINT('',(72.0021030207504,106.443872538971,-24.0440635782981));
#13033=CARTESIAN_POINT('',(71.0021030207504,96.3315241587003,-34.1564119585687));
#13034=CARTESIAN_POINT('',(72.0021030207504,96.3315241587003,-34.1564119585687));
#13035=CARTESIAN_POINT('',(71.0021030207504,85.3815241586998,-34.1564119585685));
#13036=CARTESIAN_POINT('',(72.0021030207504,85.3815241586998,-34.1564119585685));
#13037=CARTESIAN_POINT('',(71.0021030207504,74.4315241586993,-34.1564119585684));
#13038=CARTESIAN_POINT('',(72.0021030207504,74.4315241586993,-34.1564119585684));
#13039=CARTESIAN_POINT('',(71.0021030207504,64.3191757784283,-24.0440635782979));
#13040=CARTESIAN_POINT('',(72.0021030207504,64.3191757784283,-24.0440635782979));
#13041=CARTESIAN_POINT('',(71.0021030207504,74.4315241586993,-13.9317151980274));
#13042=CARTESIAN_POINT('',(72.0021030207504,74.4315241586993,-13.9317151980274));
#13043=CARTESIAN_POINT('',(71.0021030207504,85.3815241586998,-13.9317151980275));
#13044=CARTESIAN_POINT('',(72.0021030207504,85.3815241586998,-13.9317151980275));
#13045=CARTESIAN_POINT('',(71.0021030207504,96.3315241587003,-13.9317151980276));
#13046=CARTESIAN_POINT('',(72.0021030207504,96.3315241587003,-13.9317151980276));
#13047=CARTESIAN_POINT('',(71.0021030207504,105.151231875481,-22.5179311741169));
#13048=CARTESIAN_POINT('',(71.0021030207504,101.8065241587,-18.5690635782981));
#13049=CARTESIAN_POINT('',(71.0021030207504,105.151231875481,-25.5701959824793));
#13050=CARTESIAN_POINT('',(71.0021030207504,106.443872538971,-24.0440635782981));
#13051=CARTESIAN_POINT('',(71.0021030207504,101.8065241587,-29.5190635782981));
#13052=CARTESIAN_POINT('',(71.0021030207504,101.8065241587,-18.5690635782981));
#13053=CARTESIAN_POINT('',(71.0021030207504,94.805391754519,-15.2243558615176));
#13054=CARTESIAN_POINT('',(71.0021030207504,90.8565241587,-18.569063578298));
#13055=CARTESIAN_POINT('',(71.0021030207504,97.8576565628815,-15.2243558615176));
#13056=CARTESIAN_POINT('',(71.0021030207504,96.3315241587003,-13.9317151980276));
#13057=CARTESIAN_POINT('',(71.0021030207504,101.8065241587,-18.5690635782981));
#13058=CARTESIAN_POINT('',(71.0021030207504,83.8553917545185,-15.2243558615175));
#13059=CARTESIAN_POINT('',(71.0021030207504,79.9065241586995,-18.5690635782979));
#13060=CARTESIAN_POINT('',(71.0021030207504,86.907656562881,-15.2243558615175));
#13061=CARTESIAN_POINT('',(71.0021030207504,85.3815241586998,-13.9317151980275));
#13062=CARTESIAN_POINT('',(71.0021030207504,90.8565241587,-18.569063578298));
#13063=CARTESIAN_POINT('',(71.0021030207504,72.905391754518,-15.2243558615174));
#13064=CARTESIAN_POINT('',(71.0021030207504,68.956524158699,-18.5690635782978));
#13065=CARTESIAN_POINT('',(71.0021030207504,75.9576565628805,-15.2243558615174));
#13066=CARTESIAN_POINT('',(71.0021030207504,74.4315241586993,-13.9317151980274));
#13067=CARTESIAN_POINT('',(71.0021030207504,79.9065241586995,-18.5690635782979));
#13068=CARTESIAN_POINT('',(71.0021030207504,68.956524158699,-18.5690635782978));
#13069=CARTESIAN_POINT('',(71.0021030207504,65.6118164419184,-25.5701959824791));
#13070=CARTESIAN_POINT('',(71.0021030207504,68.9565241586991,-29.5190635782979));
#13071=CARTESIAN_POINT('',(71.0021030207504,65.6118164419184,-22.5179311741167));
#13072=CARTESIAN_POINT('',(71.0021030207504,64.3191757784283,-24.0440635782979));
#13073=CARTESIAN_POINT('',(71.0021030207504,68.956524158699,-18.5690635782978));
#13074=CARTESIAN_POINT('',(71.0021030207504,75.9576565628805,-32.8637712950784));
#13075=CARTESIAN_POINT('',(71.0021030207504,79.9065241586995,-29.5190635782979));
#13076=CARTESIAN_POINT('',(71.0021030207504,72.9053917545181,-32.8637712950784));
#13077=CARTESIAN_POINT('',(71.0021030207504,74.4315241586993,-34.1564119585684));
#13078=CARTESIAN_POINT('',(71.0021030207504,68.9565241586991,-29.5190635782979));
#13079=CARTESIAN_POINT('',(71.0021030207504,68.9565241586991,-29.5190635782979));
#13080=CARTESIAN_POINT('',(71.0021030207504,83.8553917545185,-32.8637712950785));
#13081=CARTESIAN_POINT('',(71.0021030207504,79.9065241586996,-29.519063578298));
#13082=CARTESIAN_POINT('',(71.0021030207504,86.907656562881,-32.8637712950785));
#13083=CARTESIAN_POINT('',(71.0021030207504,85.3815241586998,-34.1564119585685));
#13084=CARTESIAN_POINT('',(71.0021030207504,90.8565241587,-29.519063578298));
#13085=CARTESIAN_POINT('',(71.0021030207504,97.8576565628815,-32.8637712950786));
#13086=CARTESIAN_POINT('',(71.0021030207504,101.8065241587,-29.5190635782981));
#13087=CARTESIAN_POINT('',(71.0021030207504,94.805391754519,-32.8637712950786));
#13088=CARTESIAN_POINT('',(71.0021030207504,96.3315241587003,-34.1564119585687));
#13089=CARTESIAN_POINT('',(71.0021030207504,90.8565241587001,-29.5190635782981));
#13090=CARTESIAN_POINT('',(71.0021030207504,101.8065241587,-29.5190635782981));
#13091=CARTESIAN_POINT('',(43.1271030207489,106.606524158699,-12.5690635782966));
#13092=CARTESIAN_POINT('',(38.6271030207489,106.606524158699,-18.5690635782946));
#13093=CARTESIAN_POINT('',(43.1271030207489,97.006524158699,-18.5690635782946));
#13094=CARTESIAN_POINT('',(43.6271030207489,97.006524158699,-18.5690635782946));
#13095=CARTESIAN_POINT('',(43.1271030207489,95.656524158699,-12.5690635782966));
#13096=CARTESIAN_POINT('',(38.6271030207489,95.656524158699,-18.5690635782946));
#13097=CARTESIAN_POINT('',(43.1271030207489,86.056524158699,-18.5690635782946));
#13098=CARTESIAN_POINT('',(43.6271030207489,86.056524158699,-18.5690635782946));
#13099=CARTESIAN_POINT('',(43.1271030207489,84.706524158699,-12.5690635782966));
#13100=CARTESIAN_POINT('',(38.6271030207489,84.706524158699,-18.5690635782946));
#13101=CARTESIAN_POINT('',(43.1271030207489,75.106524158699,-18.5690635782946));
#13102=CARTESIAN_POINT('',(43.6271030207489,75.106524158699,-18.5690635782946));
#13103=CARTESIAN_POINT('',(43.1271030207489,64.156524158699,-18.5690635782946));
#13104=CARTESIAN_POINT('',(38.6271030207489,64.156524158699,-18.5690635782946));
#13105=CARTESIAN_POINT('',(43.6271030207489,64.656524158699,-12.5690635782966));
#13106=CARTESIAN_POINT('',(43.6271030207489,65.906524158699,-15.5190635782946));
#13107=CARTESIAN_POINT('',(43.6271030207489,65.906524158699,-12.0190635782946));
#13108=CARTESIAN_POINT('',(43.6271030207489,104.856524158701,-12.0190635782946));
#13109=CARTESIAN_POINT('',(43.6271030207489,104.8565241587,-12.0190635782946));
#13110=CARTESIAN_POINT('',(43.6271030207489,104.8565241587,-15.5190635782946));
#13111=CARTESIAN_POINT('',(43.6271030207489,106.106524158699,-18.5690635782946));
#13112=CARTESIAN_POINT('',(43.6271030207489,97.506524158699,-12.5690635782966));
#13113=CARTESIAN_POINT('',(43.6271030207489,95.156524158699,-18.5690635782946));
#13114=CARTESIAN_POINT('',(43.6271030207489,86.556524158699,-12.5690635782966));
#13115=CARTESIAN_POINT('',(43.6271030207489,84.206524158699,-18.5690635782946));
#13116=CARTESIAN_POINT('',(43.6271030207489,75.606524158699,-12.5690635782966));
#13117=CARTESIAN_POINT('',(43.6271030207489,73.256524158699,-18.5690635782946));
#13118=CARTESIAN_POINT('',(43.6271030207489,64.156524158699,-18.5690635782946));
#13119=CARTESIAN_POINT('',(43.1271030207489,73.756524158699,-12.5690635782966));
#13120=CARTESIAN_POINT('',(43.6271030207489,73.756524158699,-18.5690635782946));
#13121=CARTESIAN_POINT('',(34.0021030207506,84.706524158699,-23.5190635782967));
#13122=CARTESIAN_POINT('',(29.5021030207506,84.706524158699,-29.5190635782946));
#13123=CARTESIAN_POINT('',(34.5021030207506,84.206524158699,-29.5190635782946));
#13124=CARTESIAN_POINT('',(34.5021030207506,75.606524158699,-23.5190635782967));
#13125=CARTESIAN_POINT('',(34.5021030207506,84.706524158699,-29.5190635782946));
#13126=CARTESIAN_POINT('',(34.0021030207506,75.106524158699,-29.5190635782946));
#13127=CARTESIAN_POINT('',(34.5021030207506,75.106524158699,-29.5190635782946));
#13128=CARTESIAN_POINT('',(34.0021030207506,95.656524158699,-23.5190635782967));
#13129=CARTESIAN_POINT('',(29.5021030207506,95.656524158699,-29.5190635782946));
#13130=CARTESIAN_POINT('',(34.5021030207506,95.156524158699,-29.5190635782946));
#13131=CARTESIAN_POINT('',(34.5021030207506,86.556524158699,-23.5190635782967));
#13132=CARTESIAN_POINT('',(34.5021030207506,95.656524158699,-29.5190635782946));
#13133=CARTESIAN_POINT('',(34.0021030207506,86.056524158699,-29.5190635782946));
#13134=CARTESIAN_POINT('',(34.5021030207506,86.056524158699,-29.5190635782946));
#13135=CARTESIAN_POINT('',(34.0021030207506,106.606524158699,-23.5190635782967));
#13136=CARTESIAN_POINT('',(29.5021030207506,106.606524158699,-29.5190635782946));
#13137=CARTESIAN_POINT('',(34.5021030207506,106.106524158699,-29.5190635782946));
#13138=CARTESIAN_POINT('',(34.5021030207506,97.506524158699,-23.5190635782967));
#13139=CARTESIAN_POINT('',(34.5021030207506,106.606524158699,-29.5190635782946));
#13140=CARTESIAN_POINT('',(34.0021030207506,97.006524158699,-29.5190635782946));
#13141=CARTESIAN_POINT('',(34.5021030207506,97.006524158699,-29.5190635782946));
#13142=CARTESIAN_POINT('',(34.0021030207506,73.756524158699,-23.5190635782967));
#13143=CARTESIAN_POINT('',(29.5021030207506,73.756524158699,-29.5190635782946));
#13144=CARTESIAN_POINT('',(34.5021030207506,73.256524158699,-29.5190635782946));
#13145=CARTESIAN_POINT('',(34.5021030207506,64.656524158699,-23.5190635782967));
#13146=CARTESIAN_POINT('',(34.5021030207506,73.756524158699,-29.5190635782946));
#13147=CARTESIAN_POINT('',(34.0021030207506,64.156524158699,-29.5190635782946));
#13148=CARTESIAN_POINT('',(34.5021030207506,64.156524158699,-29.5190635782946));
#13149=CARTESIAN_POINT('',(34.0021030207506,73.256524158699,-29.5190635782946));
#13150=CARTESIAN_POINT('',(43.1271030207489,73.256524158699,-18.5690635782946));
#13151=CARTESIAN_POINT('',(34.0021030207506,84.206524158699,-29.5190635782946));
#13152=CARTESIAN_POINT('',(43.1271030207489,84.206524158699,-18.5690635782946));
#13153=CARTESIAN_POINT('',(34.0021030207506,95.156524158699,-29.5190635782946));
#13154=CARTESIAN_POINT('',(43.1271030207489,95.156524158699,-18.5690635782946));
#13155=CARTESIAN_POINT('',(34.0021030207506,106.106524158699,-29.5190635782946));
#13156=CARTESIAN_POINT('',(43.1271030207489,106.106524158699,-18.5690635782946));
#13157=CARTESIAN_POINT('',(34.0021030207506,97.506524158699,-29.5190635782946));
#13158=CARTESIAN_POINT('',(43.1271030207489,97.506524158699,-18.5690635782946));
#13159=CARTESIAN_POINT('',(34.0021030207506,86.556524158699,-29.5190635782946));
#13160=CARTESIAN_POINT('',(43.1271030207489,86.556524158699,-18.5690635782946));
#13161=CARTESIAN_POINT('',(43.1271030207489,75.606524158699,-18.5690635782946));
#13162=CARTESIAN_POINT('',(34.0021030207506,75.606524158699,-29.5190635782946));
#13163=CARTESIAN_POINT('',(34.0021030207506,64.656524158699,-29.5190635782946));
#13164=CARTESIAN_POINT('',(43.1271030207489,64.656524158699,-18.5690635782946));
#13165=CARTESIAN_POINT('',(70.2021030207504,60.0655270127706,-34.0690635782979));
#13166=CARTESIAN_POINT('',(70.2021030207504,60.0655270127706,-34.0690635782979));
#13167=CARTESIAN_POINT('',(-26.1198969792496,60.0655270127706,-34.0690635782979));
#13168=CARTESIAN_POINT('',(-26.1198969792496,60.0655270127706,-34.0690635782979));
#13169=CARTESIAN_POINT('',(70.2021030207504,64.5655270127706,-34.0690635782979));
#13170=CARTESIAN_POINT('',(-26.1198969792496,64.5655270127706,-34.0690635782979));
#13171=CARTESIAN_POINT('',(70.2021030207504,65.906524158699,-12.0190635782946));
#13172=CARTESIAN_POINT('',(70.2021030207504,112.5665241587,-12.0190635782946));
#13173=CARTESIAN_POINT('',(70.2021030207504,62.406524158699,-15.5190635782946));
#13174=CARTESIAN_POINT('',(70.2021030207504,65.906524158699,-15.5190635782946));
#13175=CARTESIAN_POINT('',(70.2021030207504,62.406524158699,-34.5690635782979));
#13176=CARTESIAN_POINT('',(70.2021030207504,62.406524158699,-0.800000000000001));
#13177=CARTESIAN_POINT('',(70.2021030207504,60.0655270127706,-34.5690635782979));
#13178=CARTESIAN_POINT('',(70.2021030207504,-2.5,-34.5690635782979));
#13179=CARTESIAN_POINT('',(70.2021030207504,108.3565241587,-32.5690635782979));
#13180=CARTESIAN_POINT('',(70.2021030207504,108.3565241587,-0.800000000000001));
#13181=CARTESIAN_POINT('',(70.2021030207504,104.8565241587,-36.0690635782979));
#13182=CARTESIAN_POINT('',(70.2021030207504,104.8565241587,-32.5690635782979));
#13183=CARTESIAN_POINT('',(70.2021030207504,-2.5,-36.0690635782979));
#13184=CARTESIAN_POINT('',(70.5021030207504,103.481524158701,-9.30773871288941));
#13185=CARTESIAN_POINT('',(70.5021030207504,103.481524158701,-9.19226865905148));
#13186=CARTESIAN_POINT('',(70.7021030207504,103.481524158701,-9.30773871288941));
#13187=CARTESIAN_POINT('',(157.74410302075,103.481524158701,-9.0190635782946));
#13188=CARTESIAN_POINT('',(70.7021030207502,106.181524158701,-9.30773871288929));
#13189=CARTESIAN_POINT('',(70.5021030207504,106.181524158701,-9.19226865905148));
#13190=CARTESIAN_POINT('',(70.5021030207504,106.181524158701,-0.799999999999529));
#13191=CARTESIAN_POINT('',(157.74410302075,106.181524158701,-12.2190635782946));
#13192=CARTESIAN_POINT('',(70.7021030207504,62.5315241587721,-38.7803884437031));
#13193=CARTESIAN_POINT('',(70.5021030207504,62.5315241587721,-38.895858497541));
#13194=CARTESIAN_POINT('',(70.5021030207504,62.5315241587721,-36.0690635782979));
#13195=CARTESIAN_POINT('',(157.74410302075,62.5315241587721,-35.4690635782979));
#13196=CARTESIAN_POINT('',(70.5021030207504,65.2315241587721,-38.7803884437031));
#13197=CARTESIAN_POINT('',(70.5021030207504,65.2315241587721,-38.895858497541));
#13198=CARTESIAN_POINT('',(70.7021030207504,65.2315241587721,-38.7803884437031));
#13199=CARTESIAN_POINT('',(157.74410302075,65.2315241587721,-39.0690635782979));
#13200=CARTESIAN_POINT('',(70.7021030207504,60.3542021473653,-0.799999999999826));
#13201=CARTESIAN_POINT('',(70.5021030207504,103.681524158701,-9.19226865905148));
#13202=CARTESIAN_POINT('',(70.5021030207504,105.981524158701,-9.19226865905148));
#13203=CARTESIAN_POINT('',(70.7021030207504,-2.5,-9.3077387128894));
#13204=CARTESIAN_POINT('',(70.5021030207504,62.7315241587721,-38.895858497541));
#13205=CARTESIAN_POINT('',(70.5021030207504,65.0315241587721,-38.895858497541));
#13206=CARTESIAN_POINT('',(70.7021030207504,-2.5,-38.7803884437031));
#13207=CARTESIAN_POINT('',(70.5021030207504,62.7315241587721,-0.800000000000001));
#13208=CARTESIAN_POINT('',(70.5021030207504,65.0315241587721,-0.800000000000001));
#13209=CARTESIAN_POINT('',(70.5021030207504,103.681524158701,-0.800000000000001));
#13210=CARTESIAN_POINT('',(70.5021030207504,105.981524158701,-0.79999999999953));
#13211=CARTESIAN_POINT('',(53.9521030207504,95.1315241586997,-40.1690636444036));
#13212=CARTESIAN_POINT('',(43.6271030207489,64.156524158699,-18.5690635782946));
#13213=CARTESIAN_POINT('',(43.6271030207489,64.156524158699,-18.5690635782946));
#13214=CARTESIAN_POINT('',(70.7021030207504,65.906524158699,-32.5690635782979));
#13215=CARTESIAN_POINT('',(70.7021030207504,65.906524158699,-32.5690635782979));
#13216=CARTESIAN_POINT('',(43.6271030207489,64.156524158699,-18.5690635782946));
#13217=CARTESIAN_POINT('',(70.7021030207504,65.906524158699,-32.5690635782979));
#13218=CARTESIAN_POINT('',(43.6271030207489,64.156524158699,-18.5690635782946));
#13219=CARTESIAN_POINT('',(43.6271030207489,64.156524158699,-18.5690635782946));
#13220=CARTESIAN_POINT('',(43.6271030207489,64.156524158699,-18.5690635782946));
#13221=CARTESIAN_POINT('',(-197.340396979265,65.906524158699,-12.0190635782946));
#13222=CARTESIAN_POINT('',(-197.340396979265,65.906524158699,-15.5190635782946));
#13223=CARTESIAN_POINT('',(-197.340396979265,104.8565241587,-12.0190635782946));
#13224=CARTESIAN_POINT('',(-197.340396979265,104.8565241587,-12.0190635782946));
#13225=CARTESIAN_POINT('',(-197.340396979265,104.8565241587,-15.5190635782946));
#13226=CARTESIAN_POINT('',(70.7021030207504,68.9565241586991,-29.5190635782979));
#13227=CARTESIAN_POINT('',(70.7021030207504,68.9565241586991,-31.2190635782979));
#13228=CARTESIAN_POINT('',(70.7021030207504,65.906524158699,-32.5690635782979));
#13229=CARTESIAN_POINT('',(70.7021030207504,79.9065241586991,-29.5190635782979));
#13230=CARTESIAN_POINT('',(70.7021030207504,79.9065241586991,-31.2190635782979));
#13231=CARTESIAN_POINT('',(70.7021030207504,65.906524158699,-32.5690635782979));
#13232=CARTESIAN_POINT('',(70.7021030207504,90.856524158699,-29.5190635782979));
#13233=CARTESIAN_POINT('',(70.7021030207504,90.856524158699,-31.2190635782979));
#13234=CARTESIAN_POINT('',(70.7021030207504,65.906524158699,-32.5690635782979));
#13235=CARTESIAN_POINT('',(70.7021030207504,101.806524158699,-29.5190635782979));
#13236=CARTESIAN_POINT('',(70.7021030207504,101.806524158699,-31.2190635782979));
#13237=CARTESIAN_POINT('',(70.7021030207504,65.906524158699,-32.5690635782979));
#13238=CARTESIAN_POINT('',(70.7021030207504,101.806524158699,-18.5690635782978));
#13239=CARTESIAN_POINT('',(70.7021030207504,101.806524158699,-20.2690635782978));
#13240=CARTESIAN_POINT('',(70.7021030207504,65.906524158699,-32.5690635782979));
#13241=CARTESIAN_POINT('',(70.7021030207504,90.856524158699,-18.5690635782978));
#13242=CARTESIAN_POINT('',(70.7021030207504,90.856524158699,-20.2690635782978));
#13243=CARTESIAN_POINT('',(70.7021030207504,65.906524158699,-32.5690635782979));
#13244=CARTESIAN_POINT('',(70.7021030207504,79.906524158699,-18.5690635782978));
#13245=CARTESIAN_POINT('',(70.7021030207504,79.906524158699,-20.2690635782978));
#13246=CARTESIAN_POINT('',(70.7021030207504,65.906524158699,-32.5690635782979));
#13247=CARTESIAN_POINT('',(70.7021030207504,68.956524158699,-18.5690635782978));
#13248=CARTESIAN_POINT('',(70.7021030207504,68.956524158699,-20.2690635782978));
#13249=CARTESIAN_POINT('',(70.7021030207504,65.906524158699,-32.5690635782979));
#13250=CARTESIAN_POINT('',(80.3021030207504,68.9565241586991,-29.5190635782979));
#13251=CARTESIAN_POINT('',(80.3021030207504,68.9565241586991,-31.2190635782977));
#13252=CARTESIAN_POINT('',(80.3021030207504,68.9565241586991,-29.5190635782979));
#13253=CARTESIAN_POINT('',(86.0021030207504,68.9565241586991,-29.5190635782979));
#13254=CARTESIAN_POINT('',(80.3021030207504,79.9065241586991,-29.5190635782979));
#13255=CARTESIAN_POINT('',(80.3021030207504,79.9065241586991,-31.2190635782977));
#13256=CARTESIAN_POINT('',(80.3021030207504,79.9065241586991,-29.5190635782979));
#13257=CARTESIAN_POINT('',(86.0021030207504,79.9065241586991,-29.5190635782979));
#13258=CARTESIAN_POINT('',(80.3021030207504,90.856524158699,-29.5190635782979));
#13259=CARTESIAN_POINT('',(80.3021030207504,90.856524158699,-31.2190635782977));
#13260=CARTESIAN_POINT('',(80.3021030207504,90.856524158699,-29.5190635782979));
#13261=CARTESIAN_POINT('',(86.0021030207504,90.856524158699,-29.5190635782979));
#13262=CARTESIAN_POINT('',(80.3021030207504,101.806524158699,-29.5190635782979));
#13263=CARTESIAN_POINT('',(80.3021030207504,101.806524158699,-31.2190635782977));
#13264=CARTESIAN_POINT('',(80.3021030207504,101.806524158699,-29.5190635782979));
#13265=CARTESIAN_POINT('',(86.0021030207504,101.806524158699,-29.5190635782979));
#13266=CARTESIAN_POINT('',(80.3021030207504,101.806524158699,-18.5690635782978));
#13267=CARTESIAN_POINT('',(80.3021030207504,101.806524158699,-20.2690635782976));
#13268=CARTESIAN_POINT('',(80.3021030207504,101.806524158699,-18.5690635782978));
#13269=CARTESIAN_POINT('',(86.0021030207504,101.806524158699,-18.5690635782978));
#13270=CARTESIAN_POINT('',(80.3021030207504,90.856524158699,-18.5690635782978));
#13271=CARTESIAN_POINT('',(80.3021030207504,90.856524158699,-20.2690635782976));
#13272=CARTESIAN_POINT('',(80.3021030207504,90.856524158699,-18.5690635782978));
#13273=CARTESIAN_POINT('',(86.0021030207504,90.856524158699,-18.5690635782978));
#13274=CARTESIAN_POINT('',(80.3021030207504,79.906524158699,-18.5690635782978));
#13275=CARTESIAN_POINT('',(80.3021030207504,79.906524158699,-20.2690635782976));
#13276=CARTESIAN_POINT('',(80.3021030207504,79.906524158699,-18.5690635782978));
#13277=CARTESIAN_POINT('',(86.0021030207504,79.906524158699,-18.5690635782978));
#13278=CARTESIAN_POINT('',(80.3021030207504,68.956524158699,-18.5690635782978));
#13279=CARTESIAN_POINT('',(80.3021030207504,68.956524158699,-20.2690635782976));
#13280=CARTESIAN_POINT('',(80.3021030207504,68.956524158699,-18.5690635782978));
#13281=CARTESIAN_POINT('',(86.0021030207504,68.956524158699,-18.5690635782978));
#13282=MECHANICAL_DESIGN_GEOMETRIC_PRESENTATION_REPRESENTATION('',(#24),
#13283);
#13283=(
GEOMETRIC_REPRESENTATION_CONTEXT(3)
GLOBAL_UNCERTAINTY_ASSIGNED_CONTEXT((#13284))
GLOBAL_UNIT_ASSIGNED_CONTEXT((#13290,#13286,#13285))
REPRESENTATION_CONTEXT('2203670001-cmpdm000_01',
'TOP_LEVEL_ASSEMBLY_PART')
);
#13284=UNCERTAINTY_MEASURE_WITH_UNIT(LENGTH_MEASURE(0.0508),#13290,
'DISTANCE_ACCURACY_VALUE','Maximum Tolerance applied to model');
#13285=(
NAMED_UNIT(*)
SI_UNIT($,.STERADIAN.)
SOLID_ANGLE_UNIT()
);
#13286=(
CONVERSION_BASED_UNIT('DEGREE',#13288)
NAMED_UNIT(#13287)
PLANE_ANGLE_UNIT()
);
#13287=DIMENSIONAL_EXPONENTS(0.,0.,0.,0.,0.,0.,0.);
#13288=PLANE_ANGLE_MEASURE_WITH_UNIT(PLANE_ANGLE_MEASURE(0.0174532925),
#13289);
#13289=(
NAMED_UNIT(*)
PLANE_ANGLE_UNIT()
SI_UNIT($,.RADIAN.)
);
#13290=(
LENGTH_UNIT()
NAMED_UNIT(*)
SI_UNIT(.MILLI.,.METRE.)
);
ENDSEC;
END-ISO-10303-21;
