ISO-10303-21;
HEADER;
/* Generated by software containing ST-Developer
 * from STEP Tools, Inc. (www.steptools.com) 
 */
/* OPTION: using custom schema-name function */

FILE_DESCRIPTION(
/* description */ (''),
/* implementation_level */ '2;1');

FILE_NAME(
/* name */ '2203670006-cmpdm000_01.stp',
/* time_stamp */ '2022-03-16T15:05:38-05:00',
/* author */ (''),
/* organization */ (''),
/* preprocessor_version */ 'ST-DEVELOPER v16.7',
/* originating_system */ 'SIEMENS PLM Software NX 1919',
/* authorisation */ '');

FILE_SCHEMA (('AUTOMOTIVE_DESIGN { 1 0 10303 214 3 1 1 1 }'));
ENDSEC;

DATA;
#10=SHAPE_REPRESENTATION_RELATIONSHIP('None',
'relationship between 2203670006-cmpdm000_01-None and 2203670006-cmpdm
000_01-None',#22,#11);
#11=ADVANCED_BREP_SHAPE_REPRESENTATION('2203670006-cmpdm000_01-None',(#32),
#13362);
#12=SHAPE_DEFINITION_REPRESENTATION(#13,#22);
#13=PRODUCT_DEFINITION_SHAPE('','',#14);
#14=PRODUCT_DEFINITION(' ','',#16,#15);
#15=PRODUCT_DEFINITION_CONTEXT('part definition',#21,'design');
#16=PRODUCT_DEFINITION_FORMATION_WITH_SPECIFIED_SOURCE(' ',' ',#18,
 .NOT_KNOWN.);
#17=PRODUCT_RELATED_PRODUCT_CATEGORY('part','',(#18));
#18=PRODUCT('2203670006-cmpdm000_01','2203670006-cmpdm000_01',' ',(#19));
#19=PRODUCT_CONTEXT(' ',#21,'mechanical');
#20=APPLICATION_PROTOCOL_DEFINITION('international standard',
'automotive_design',2010,#21);
#21=APPLICATION_CONTEXT(
'core data for automotive mechanical design processes');
#22=SHAPE_REPRESENTATION('2203670006-cmpdm000_01-None',(#7503),#13362);
#23=PRESENTATION_LAYER_ASSIGNMENT('1','Layer 1',(#32));
#24=STYLED_ITEM('',(#25),#32);
#25=PRESENTATION_STYLE_ASSIGNMENT((#26));
#26=SURFACE_STYLE_USAGE(.BOTH.,#27);
#27=SURFACE_SIDE_STYLE('',(#28));
#28=SURFACE_STYLE_FILL_AREA(#29);
#29=FILL_AREA_STYLE('',(#30));
#30=FILL_AREA_STYLE_COLOUR('',#31);
#31=COLOUR_RGB('Pale Leaf',0.619592584115358,0.792156862745098,0.23921568627451);
#32=MANIFOLD_SOLID_BREP('',#33);
#33=CLOSED_SHELL('',(#1794,#1795,#1796,#1797,#1798,#1799,#1800,#1801,#1802,
#1803,#1804,#1805,#1806,#1807,#1808,#1809,#1810,#1811,#1812,#1813,#1814,
#1815,#1816,#1817,#1818,#1819,#1820,#1821,#1822,#1823,#1824,#1825,#1826,
#1827,#1828,#1829,#1830,#1831,#1832,#1833,#1834,#1835,#1836,#1837,#1838,
#1839,#1840,#1841,#1842,#1843,#1844,#1845,#1846,#1847,#1848,#1849,#1850,
#1851,#1852,#1853,#1854,#1855,#1856,#1857,#1858,#1859,#1860,#1861,#1862,
#1863,#1864,#1865,#1866,#1867,#1868,#1869,#1870,#1871,#1872,#1873,#1874,
#1875,#1876,#1877,#1878,#1879,#1880,#1881,#1882,#1883,#1884,#1885,#1886,
#1887,#1888,#1889,#1890,#1891,#1892,#1893,#1894,#1895,#1896,#1897,#1898,
#1899,#1900,#1901,#1902,#1903,#1904,#1905,#1906,#1907,#1908,#1909,#1910,
#1911,#1912,#1913,#1914,#1915,#1916,#1917,#1918,#1919,#1920,#1921,#1922,
#1923,#1924,#1925,#1926,#1927,#1928,#1929,#1930,#1931,#1932,#1933,#1934,
#1935,#1936,#1937,#1938,#1939,#1940,#1941,#1942,#1943,#1944,#1945,#1946,
#1947,#1948,#1949,#1950,#1951,#1952,#1953,#1954,#1955,#1956,#1957,#1958,
#1959,#1960,#1961,#1962,#1963,#1964,#1965,#1966,#1967,#1968,#1969,#1970,
#1971,#1972,#1973,#1974,#1975,#1976,#1977,#1978,#1979,#1980,#1981,#1982,
#1983,#1984,#1985,#1986,#1987,#1988,#1989,#1990,#1991,#1992,#1993,#1994,
#1995,#1996,#1997,#1998,#1999,#2000,#2001,#2002,#2003,#2004,#2005,#2006,
#2007,#2008,#2009,#2010,#2011,#2012,#2013,#2014,#2015,#2016,#2017,#2018,
#2019,#2020,#2021,#2022,#2023,#2024,#2025,#2026,#2027,#2028,#2029,#2030,
#2031,#2032,#2033,#2034,#2035,#2036,#2037,#2038,#2039,#2040,#2041,#2042,
#2043,#2044,#2045,#2046,#2047,#2048,#2049,#2050,#2051,#2052,#2053,#2054,
#2055,#2056,#2057,#2058,#2059,#2060,#2061,#2062,#2063,#2064,#2065,#2066,
#2067,#2068,#2069,#2070,#2071,#2072,#2073,#2074,#2075,#2076,#2077,#2078,
#2079,#2080,#2081,#2082,#2083,#2084,#2085,#2086,#2087,#2088,#2089,#2090,
#2091,#2092,#2093,#2094,#2095,#2096,#2097,#2098,#2099,#2100,#2101,#2102,
#2103,#2104,#2105,#2106,#2107,#2108,#2109,#2110,#2111,#2112,#2113,#2114,
#2115,#2116,#2117,#2118,#2119,#2120,#2121,#2122,#2123,#2124,#2125,#2126,
#2127,#2128,#2129,#2130,#2131,#2132,#2133,#2134,#2135,#2136,#2137,#2138,
#2139,#2140,#2141,#2142,#2143,#2144,#2145,#2146,#2147,#2148,#2149,#2150,
#2151,#2152,#2153,#2154,#2155,#2156,#2157,#2158,#2159,#2160,#2161,#2162,
#2163,#2164,#2165,#2166,#2167,#2168,#2169,#2170,#2171,#2172,#2173,#2174,
#2175,#2176,#2177,#2178,#2179,#2180,#2181,#2182,#2183,#2184,#2185,#2186,
#2187,#2188,#2189,#2190,#2191,#2192,#2193,#2194,#2195,#2196,#2197));
#34=SPHERICAL_SURFACE('',#8214,1.7);
#35=SPHERICAL_SURFACE('',#8217,1.7);
#36=SPHERICAL_SURFACE('',#8220,1.7);
#37=SPHERICAL_SURFACE('',#8223,1.7);
#38=SPHERICAL_SURFACE('',#8226,1.7);
#39=SPHERICAL_SURFACE('',#8229,1.7);
#40=SPHERICAL_SURFACE('',#8232,1.7);
#41=SPHERICAL_SURFACE('',#8235,1.7);
#42=(
BOUNDED_SURFACE()
B_SPLINE_SURFACE(3,2,((#13272,#13273,#13274),(#13275,#13276,#13277),(#13278,
#13279,#13280),(#13281,#13282,#13283),(#13284,#13285,#13286),(#13287,#13288,
#13289)),.UNSPECIFIED.,.F.,.F.,.F.)
B_SPLINE_SURFACE_WITH_KNOTS((4,2,4),(3,3),(0.,0.5,1.),(0.,1.),
 .UNSPECIFIED.)
GEOMETRIC_REPRESENTATION_ITEM()
RATIONAL_B_SPLINE_SURFACE(((1.,0.707106781186548,1.),(1.,0.844731099639377,
1.),(1.,0.912734810304317,1.),(1.,0.987937492070192,1.),(1.,0.99675583421248,
1.),(1.,0.99957923611055,1.)))
REPRESENTATION_ITEM('')
SURFACE()
);
#43=TOROIDAL_SURFACE('',#7579,3.5,0.5);
#44=TOROIDAL_SURFACE('',#8074,5.175,1.);
#45=TOROIDAL_SURFACE('',#8076,2.,1.);
#46=TOROIDAL_SURFACE('',#8077,5.175,1.);
#47=TOROIDAL_SURFACE('',#8078,5.175,1.);
#48=TOROIDAL_SURFACE('',#8080,5.175,1.);
#49=TOROIDAL_SURFACE('',#8082,2.,1.);
#50=TOROIDAL_SURFACE('',#8083,5.175,1.);
#51=TOROIDAL_SURFACE('',#8085,5.175,1.);
#52=TOROIDAL_SURFACE('',#8087,2.,1.);
#53=TOROIDAL_SURFACE('',#8088,5.175,1.);
#54=TOROIDAL_SURFACE('',#8090,5.175,1.);
#55=TOROIDAL_SURFACE('',#8092,2.,1.);
#56=TOROIDAL_SURFACE('',#8093,5.175,1.);
#57=TOROIDAL_SURFACE('',#8094,5.175,1.);
#58=TOROIDAL_SURFACE('',#8096,5.175,1.);
#59=TOROIDAL_SURFACE('',#8098,2.,1.);
#60=TOROIDAL_SURFACE('',#8099,5.175,1.);
#61=TOROIDAL_SURFACE('',#8101,5.175,1.);
#62=TOROIDAL_SURFACE('',#8103,2.,1.);
#63=TOROIDAL_SURFACE('',#8104,5.175,1.);
#64=TOROIDAL_SURFACE('',#8105,5.175,1.);
#65=TOROIDAL_SURFACE('',#8107,5.175,1.);
#66=TOROIDAL_SURFACE('',#8109,2.,1.);
#67=TOROIDAL_SURFACE('',#8110,5.175,1.);
#68=TOROIDAL_SURFACE('',#8112,5.175,1.);
#69=TOROIDAL_SURFACE('',#8114,2.,1.);
#70=TOROIDAL_SURFACE('',#8115,5.175,1.);
#71=TOROIDAL_SURFACE('',#8116,5.175,1.);
#72=TOROIDAL_SURFACE('',#8160,3.5,0.5);
#73=TOROIDAL_SURFACE('',#8168,3.5,0.5);
#74=TOROIDAL_SURFACE('',#8172,3.5,0.5);
#75=CYLINDRICAL_SURFACE('',#7535,4.8);
#76=CYLINDRICAL_SURFACE('',#7539,4.8);
#77=CYLINDRICAL_SURFACE('',#7544,4.8);
#78=CYLINDRICAL_SURFACE('',#7546,4.8);
#79=CYLINDRICAL_SURFACE('',#7550,4.8);
#80=CYLINDRICAL_SURFACE('',#7552,4.8);
#81=CYLINDRICAL_SURFACE('',#7556,4.8);
#82=CYLINDRICAL_SURFACE('',#7558,4.8);
#83=CYLINDRICAL_SURFACE('',#7561,1.);
#84=CYLINDRICAL_SURFACE('',#7564,1.);
#85=CYLINDRICAL_SURFACE('',#7566,1.);
#86=CYLINDRICAL_SURFACE('',#7573,4.);
#87=CYLINDRICAL_SURFACE('',#7576,4.);
#88=CYLINDRICAL_SURFACE('',#7585,0.5);
#89=CYLINDRICAL_SURFACE('',#7588,0.5);
#90=CYLINDRICAL_SURFACE('',#7602,2.);
#91=CYLINDRICAL_SURFACE('',#7605,3.8);
#92=CYLINDRICAL_SURFACE('',#7610,3.8);
#93=CYLINDRICAL_SURFACE('',#7615,3.8);
#94=CYLINDRICAL_SURFACE('',#7619,6.175);
#95=CYLINDRICAL_SURFACE('',#7622,6.175);
#96=CYLINDRICAL_SURFACE('',#7722,6.175);
#97=CYLINDRICAL_SURFACE('',#7725,3.8);
#98=CYLINDRICAL_SURFACE('',#7728,3.8);
#99=CYLINDRICAL_SURFACE('',#7731,3.8);
#100=CYLINDRICAL_SURFACE('',#7733,2.);
#101=CYLINDRICAL_SURFACE('',#7735,6.175);
#102=CYLINDRICAL_SURFACE('',#7737,6.175);
#103=CYLINDRICAL_SURFACE('',#7739,6.175);
#104=CYLINDRICAL_SURFACE('',#7742,2.);
#105=CYLINDRICAL_SURFACE('',#7744,3.8);
#106=CYLINDRICAL_SURFACE('',#7747,6.175);
#107=CYLINDRICAL_SURFACE('',#7749,3.8);
#108=CYLINDRICAL_SURFACE('',#7752,6.175);
#109=CYLINDRICAL_SURFACE('',#7755,3.8);
#110=CYLINDRICAL_SURFACE('',#7757,6.175);
#111=CYLINDRICAL_SURFACE('',#7760,6.175);
#112=CYLINDRICAL_SURFACE('',#7762,3.8);
#113=CYLINDRICAL_SURFACE('',#7765,6.175);
#114=CYLINDRICAL_SURFACE('',#7767,3.8);
#115=CYLINDRICAL_SURFACE('',#7769,2.);
#116=CYLINDRICAL_SURFACE('',#7771,3.8);
#117=CYLINDRICAL_SURFACE('',#7775,6.175);
#118=CYLINDRICAL_SURFACE('',#7777,3.8);
#119=CYLINDRICAL_SURFACE('',#7780,6.175);
#120=CYLINDRICAL_SURFACE('',#7783,3.8);
#121=CYLINDRICAL_SURFACE('',#7786,2.);
#122=CYLINDRICAL_SURFACE('',#7789,3.8);
#123=CYLINDRICAL_SURFACE('',#7793,6.175);
#124=CYLINDRICAL_SURFACE('',#7795,2.);
#125=CYLINDRICAL_SURFACE('',#7797,3.8);
#126=CYLINDRICAL_SURFACE('',#7801,3.8);
#127=CYLINDRICAL_SURFACE('',#7805,3.8);
#128=CYLINDRICAL_SURFACE('',#7807,6.175);
#129=CYLINDRICAL_SURFACE('',#7810,6.175);
#130=CYLINDRICAL_SURFACE('',#7811,3.8);
#131=CYLINDRICAL_SURFACE('',#7814,6.175);
#132=CYLINDRICAL_SURFACE('',#7817,3.8);
#133=CYLINDRICAL_SURFACE('',#7819,2.);
#134=CYLINDRICAL_SURFACE('',#7821,3.8);
#135=CYLINDRICAL_SURFACE('',#7825,6.175);
#136=CYLINDRICAL_SURFACE('',#7827,6.175);
#137=CYLINDRICAL_SURFACE('',#7829,3.8);
#138=CYLINDRICAL_SURFACE('',#7832,6.175);
#139=CYLINDRICAL_SURFACE('',#7834,2.);
#140=CYLINDRICAL_SURFACE('',#7837,3.8);
#141=CYLINDRICAL_SURFACE('',#7839,3.8);
#142=CYLINDRICAL_SURFACE('',#7857,0.2);
#143=CYLINDRICAL_SURFACE('',#7872,1.);
#144=CYLINDRICAL_SURFACE('',#7882,0.1);
#145=CYLINDRICAL_SURFACE('',#7885,0.2);
#146=CYLINDRICAL_SURFACE('',#7888,0.5);
#147=CYLINDRICAL_SURFACE('',#7893,1.);
#148=CYLINDRICAL_SURFACE('',#7898,0.2);
#149=CYLINDRICAL_SURFACE('',#7903,6.);
#150=CYLINDRICAL_SURFACE('',#7906,0.4);
#151=CYLINDRICAL_SURFACE('',#7911,2.);
#152=CYLINDRICAL_SURFACE('',#7915,2.);
#153=CYLINDRICAL_SURFACE('',#7922,0.7);
#154=CYLINDRICAL_SURFACE('',#7950,0.2);
#155=CYLINDRICAL_SURFACE('',#7965,1.);
#156=CYLINDRICAL_SURFACE('',#7975,0.1);
#157=CYLINDRICAL_SURFACE('',#7978,0.2);
#158=CYLINDRICAL_SURFACE('',#7981,0.5);
#159=CYLINDRICAL_SURFACE('',#7986,1.);
#160=CYLINDRICAL_SURFACE('',#7991,0.2);
#161=CYLINDRICAL_SURFACE('',#7996,6.);
#162=CYLINDRICAL_SURFACE('',#7999,0.4);
#163=CYLINDRICAL_SURFACE('',#8004,2.);
#164=CYLINDRICAL_SURFACE('',#8008,2.);
#165=CYLINDRICAL_SURFACE('',#8014,0.7);
#166=CYLINDRICAL_SURFACE('',#8045,1.);
#167=CYLINDRICAL_SURFACE('',#8046,1.);
#168=CYLINDRICAL_SURFACE('',#8047,1.);
#169=CYLINDRICAL_SURFACE('',#8048,1.);
#170=CYLINDRICAL_SURFACE('',#8049,4.);
#171=CYLINDRICAL_SURFACE('',#8051,4.);
#172=CYLINDRICAL_SURFACE('',#8052,4.);
#173=CYLINDRICAL_SURFACE('',#8054,4.);
#174=CYLINDRICAL_SURFACE('',#8055,4.);
#175=CYLINDRICAL_SURFACE('',#8056,4.);
#176=CYLINDRICAL_SURFACE('',#8058,1.);
#177=CYLINDRICAL_SURFACE('',#8060,1.);
#178=CYLINDRICAL_SURFACE('',#8062,1.);
#179=CYLINDRICAL_SURFACE('',#8064,1.);
#180=CYLINDRICAL_SURFACE('',#8066,1.);
#181=CYLINDRICAL_SURFACE('',#8068,1.);
#182=CYLINDRICAL_SURFACE('',#8070,1.);
#183=CYLINDRICAL_SURFACE('',#8072,1.);
#184=CYLINDRICAL_SURFACE('',#8140,0.5);
#185=CYLINDRICAL_SURFACE('',#8141,0.5);
#186=CYLINDRICAL_SURFACE('',#8142,0.5);
#187=CYLINDRICAL_SURFACE('',#8143,0.5);
#188=CYLINDRICAL_SURFACE('',#8144,0.5);
#189=CYLINDRICAL_SURFACE('',#8145,0.5);
#190=CYLINDRICAL_SURFACE('',#8146,0.5);
#191=CYLINDRICAL_SURFACE('',#8147,0.5);
#192=CYLINDRICAL_SURFACE('',#8148,0.5);
#193=CYLINDRICAL_SURFACE('',#8149,0.5);
#194=CYLINDRICAL_SURFACE('',#8150,0.5);
#195=CYLINDRICAL_SURFACE('',#8151,0.5);
#196=CYLINDRICAL_SURFACE('',#8152,0.5);
#197=CYLINDRICAL_SURFACE('',#8153,0.5);
#198=CYLINDRICAL_SURFACE('',#8154,0.5);
#199=CYLINDRICAL_SURFACE('',#8155,0.5);
#200=CYLINDRICAL_SURFACE('',#8158,0.5);
#201=CYLINDRICAL_SURFACE('',#8162,0.5);
#202=CYLINDRICAL_SURFACE('',#8164,0.5);
#203=CYLINDRICAL_SURFACE('',#8166,0.5);
#204=CYLINDRICAL_SURFACE('',#8170,0.5);
#205=CYLINDRICAL_SURFACE('',#8173,0.5);
#206=CYLINDRICAL_SURFACE('',#8180,0.2);
#207=CYLINDRICAL_SURFACE('',#8181,0.2);
#208=CYLINDRICAL_SURFACE('',#8183,0.2);
#209=CYLINDRICAL_SURFACE('',#8184,0.2);
#210=CYLINDRICAL_SURFACE('',#8194,3.5);
#211=CYLINDRICAL_SURFACE('',#8195,3.5);
#212=CYLINDRICAL_SURFACE('',#8215,1.7);
#213=CYLINDRICAL_SURFACE('',#8218,1.7);
#214=CYLINDRICAL_SURFACE('',#8221,1.7);
#215=CYLINDRICAL_SURFACE('',#8224,1.7);
#216=CYLINDRICAL_SURFACE('',#8227,1.7);
#217=CYLINDRICAL_SURFACE('',#8230,1.7);
#218=CYLINDRICAL_SURFACE('',#8233,1.7);
#219=CYLINDRICAL_SURFACE('',#8236,1.7);
#220=B_SPLINE_CURVE_WITH_KNOTS('',3,(#10516,#10517,#10518,#10519,#10520,
#10521,#10522,#10523,#10524,#10525),.UNSPECIFIED.,.F.,.F.,(4,3,3,4),(0.,
0.406970369606815,0.993893894561123,1.),.UNSPECIFIED.);
#221=B_SPLINE_CURVE_WITH_KNOTS('',3,(#10530,#10531,#10532,#10533,#10534,
#10535,#10536,#10537,#10538,#10539),.UNSPECIFIED.,.F.,.F.,(4,3,3,4),(0.,
0.00610610543887737,0.593029630393183,1.),.UNSPECIFIED.);
#222=B_SPLINE_CURVE_WITH_KNOTS('',3,(#10545,#10546,#10547,#10548,#10549,
#10550,#10551,#10552,#10553,#10554),.UNSPECIFIED.,.F.,.F.,(4,3,3,4),(0.,
0.00610610543887737,0.593029630393059,1.),.UNSPECIFIED.);
#223=B_SPLINE_CURVE_WITH_KNOTS('',3,(#10558,#10559,#10560,#10561,#10562,
#10563,#10564,#10565,#10566,#10567),.UNSPECIFIED.,.F.,.F.,(4,3,3,4),(0.,
0.406970369606685,0.993893894561127,1.),.UNSPECIFIED.);
#224=B_SPLINE_CURVE_WITH_KNOTS('',3,(#10578,#10579,#10580,#10581,#10582,
#10583,#10584,#10585,#10586,#10587),.UNSPECIFIED.,.F.,.F.,(4,3,3,4),(0.,
0.00610610543889504,0.593029630390852,1.),.UNSPECIFIED.);
#225=B_SPLINE_CURVE_WITH_KNOTS('',3,(#10591,#10592,#10593,#10594,#10595,
#10596,#10597,#10598,#10599,#10600),.UNSPECIFIED.,.F.,.F.,(4,3,3,4),(0.,
0.406970369604482,0.993893894561147,1.),.UNSPECIFIED.);
#226=B_SPLINE_CURVE_WITH_KNOTS('',3,(#10610,#10611,#10612,#10613,#10614,
#10615,#10616,#10617,#10618,#10619),.UNSPECIFIED.,.F.,.F.,(4,3,3,4),(0.,
0.406970369604482,0.993893894561147,1.),.UNSPECIFIED.);
#227=B_SPLINE_CURVE_WITH_KNOTS('',3,(#10624,#10625,#10626,#10627,#10628,
#10629,#10630,#10631,#10632,#10633),.UNSPECIFIED.,.F.,.F.,(4,3,3,4),(0.,
0.00610610543889504,0.593029630390852,1.),.UNSPECIFIED.);
#228=B_SPLINE_CURVE_WITH_KNOTS('',3,(#10640,#10641,#10642,#10643,#10644,
#10645,#10646,#10647,#10648,#10649),.UNSPECIFIED.,.F.,.F.,(4,3,3,4),(0.,
0.00610610543888799,0.593029630391465,1.),.UNSPECIFIED.);
#229=B_SPLINE_CURVE_WITH_KNOTS('',3,(#10653,#10654,#10655,#10656,#10657,
#10658,#10659,#10660,#10661,#10662),.UNSPECIFIED.,.F.,.F.,(4,3,3,4),(0.,
0.406970369605111,0.993893894561147,1.),.UNSPECIFIED.);
#230=B_SPLINE_CURVE_WITH_KNOTS('',3,(#10671,#10672,#10673,#10674,#10675,
#10676,#10677,#10678,#10679,#10680),.UNSPECIFIED.,.F.,.F.,(4,3,3,4),(0.,
0.406970369605281,0.993893894561141,1.),.UNSPECIFIED.);
#231=B_SPLINE_CURVE_WITH_KNOTS('',3,(#10685,#10686,#10687,#10688,#10689,
#10690,#10691,#10692,#10693,#10694),.UNSPECIFIED.,.F.,.F.,(4,3,3,4),(0.,
0.00610610543889298,0.593029630391627,1.),.UNSPECIFIED.);
#232=B_SPLINE_CURVE_WITH_KNOTS('',3,(#10701,#10702,#10703,#10704,#10705,
#10706,#10707,#10708,#10709,#10710),.UNSPECIFIED.,.F.,.F.,(4,3,3,4),(0.,
0.00610610543888364,0.593029630392404,1.),.UNSPECIFIED.);
#233=B_SPLINE_CURVE_WITH_KNOTS('',3,(#10714,#10715,#10716,#10717,#10718,
#10719,#10720,#10721,#10722,#10723),.UNSPECIFIED.,.F.,.F.,(4,3,3,4),(0.,
0.406970369606033,0.99389389456113,1.),.UNSPECIFIED.);
#234=B_SPLINE_CURVE_WITH_KNOTS('',3,(#10732,#10733,#10734,#10735,#10736,
#10737,#10738,#10739,#10740,#10741),.UNSPECIFIED.,.F.,.F.,(4,3,3,4),(0.,
0.406970369606033,0.99389389456113,1.),.UNSPECIFIED.);
#235=B_SPLINE_CURVE_WITH_KNOTS('',3,(#10746,#10747,#10748,#10749,#10750,
#10751,#10752,#10753,#10754,#10755),.UNSPECIFIED.,.F.,.F.,(4,3,3,4),(0.,
0.00610610543888212,0.593029630392403,1.),.UNSPECIFIED.);
#236=B_SPLINE_CURVE_WITH_KNOTS('',3,(#10760,#10761,#10762,#10763,#10764,
#10765,#10766,#10767,#10768,#10769,#10770,#10771,#10772,#10773,#10774,#10775,
#10776,#10777,#10778,#10779,#10780,#10781),.UNSPECIFIED.,.F.,.F.,(4,3,3,
3,3,3,3,4),(0.,0.168559510268589,0.349719577306152,0.558100103780405,0.692370051067204,
0.797151244279986,0.903115036361377,1.),.UNSPECIFIED.);
#237=B_SPLINE_CURVE_WITH_KNOTS('',3,(#10782,#10783,#10784,#10785,#10786,
#10787,#10788,#10789,#10790,#10791,#10792,#10793,#10794,#10795,#10796,#10797,
#10798,#10799,#10800,#10801,#10802,#10803,#10804,#10805,#10806),
 .UNSPECIFIED.,.F.,.F.,(4,3,3,3,3,3,3,3,4),(0.,0.0853790128091003,0.170555082621458,
0.257398822644709,0.380118680160502,0.54876466568049,0.72228971630668,0.92899573664808,
1.),.UNSPECIFIED.);
#238=B_SPLINE_CURVE_WITH_KNOTS('',3,(#10817,#10818,#10819,#10820,#10821,
#10822,#10823,#10824,#10825,#10826,#10827,#10828,#10829,#10830,#10831,#10832,
#10833,#10834,#10835,#10836,#10837,#10838),.UNSPECIFIED.,.F.,.F.,(4,3,3,
3,3,3,3,4),(0.,0.168559510268598,0.349719577306219,0.558100103780484,0.692370051067265,
0.797151244280048,0.903115036361427,1.),.UNSPECIFIED.);
#239=B_SPLINE_CURVE_WITH_KNOTS('',3,(#10839,#10840,#10841,#10842,#10843,
#10844,#10845,#10846,#10847,#10848,#10849,#10850,#10851,#10852,#10853,#10854,
#10855,#10856,#10857,#10858,#10859,#10860,#10861,#10862,#10863),
 .UNSPECIFIED.,.F.,.F.,(4,3,3,3,3,3,3,3,4),(0.,0.0853790128090987,0.17055508262146,
0.257398822644711,0.380118680160492,0.548764665680484,0.722289716306662,
0.928995736648062,1.),.UNSPECIFIED.);
#240=B_SPLINE_CURVE_WITH_KNOTS('',3,(#10874,#10875,#10876,#10877,#10878,
#10879,#10880,#10881,#10882,#10883,#10884,#10885,#10886,#10887,#10888,#10889,
#10890,#10891,#10892,#10893,#10894,#10895),.UNSPECIFIED.,.F.,.F.,(4,3,3,
3,3,3,3,4),(0.,0.168559510268588,0.349719577306112,0.558100103780363,0.692370051067179,
0.797151244279966,0.903115036361355,1.),.UNSPECIFIED.);
#241=B_SPLINE_CURVE_WITH_KNOTS('',3,(#10896,#10897,#10898,#10899,#10900,
#10901,#10902,#10903,#10904,#10905,#10906,#10907,#10908,#10909,#10910,#10911,
#10912,#10913,#10914,#10915,#10916,#10917,#10918,#10919,#10920),
 .UNSPECIFIED.,.F.,.F.,(4,3,3,3,3,3,3,3,4),(0.,0.0853790128091003,0.170555082621458,
0.257398822644709,0.380118680160502,0.54876466568049,0.72228971630668,0.92899573664808,
1.),.UNSPECIFIED.);
#242=B_SPLINE_CURVE_WITH_KNOTS('',3,(#10977,#10978,#10979,#10980,#10981,
#10982,#10983,#10984,#10985,#10986,#10987,#10988,#10989,#10990,#10991,#10992),
 .UNSPECIFIED.,.F.,.F.,(4,3,3,3,3,4),(0.,0.00825905179997346,0.10035438548689,
0.540763964589835,0.816664613188844,1.),.UNSPECIFIED.);
#243=B_SPLINE_CURVE_WITH_KNOTS('',3,(#10994,#10995,#10996,#10997,#10998,
#10999,#11000,#11001,#11002,#11003),.UNSPECIFIED.,.F.,.F.,(4,3,3,4),(0.,
0.475956090982458,0.800014196110078,1.),.UNSPECIFIED.);
#244=B_SPLINE_CURVE_WITH_KNOTS('',3,(#11078,#11079,#11080,#11081,#11082,
#11083,#11084,#11085,#11086,#11087,#11088,#11089,#11090,#11091,#11092,#11093),
 .UNSPECIFIED.,.F.,.F.,(4,3,3,3,3,4),(0.,0.00875822985028289,0.114758605645706,
0.517790471510666,0.801217944817573,1.),.UNSPECIFIED.);
#245=B_SPLINE_CURVE_WITH_KNOTS('',3,(#11100,#11101,#11102,#11103,#11104,
#11105,#11106,#11107,#11108,#11109,#11110,#11111,#11112,#11113,#11114,#11115),
 .UNSPECIFIED.,.F.,.F.,(4,3,3,3,3,4),(0.,0.198782055182427,0.482209528489334,
0.885241394354294,0.991241770149717,1.),.UNSPECIFIED.);
#246=B_SPLINE_CURVE_WITH_KNOTS('',3,(#11271,#11272,#11273,#11274,#11275,
#11276,#11277,#11278,#11279,#11280,#11281,#11282,#11283,#11284,#11285,#11286),
 .UNSPECIFIED.,.F.,.F.,(4,3,3,3,3,4),(0.,0.213952944390215,0.427888361019688,
0.642103881962053,0.857010532094772,1.),.UNSPECIFIED.);
#247=B_SPLINE_CURVE_WITH_KNOTS('',3,(#11302,#11303,#11304,#11305,#11306,
#11307,#11308,#11309,#11310,#11311,#11312,#11313,#11314,#11315,#11316,#11317),
 .UNSPECIFIED.,.F.,.F.,(4,3,3,3,3,4),(0.,0.216057211019108,0.43215218114417,
0.647678123532644,0.8623746592954,1.),.UNSPECIFIED.);
#248=B_SPLINE_CURVE_WITH_KNOTS('',3,(#11326,#11327,#11328,#11329,#11330,
#11331,#11332,#11333,#11334,#11335,#11336,#11337,#11338,#11339,#11340,#11341),
 .UNSPECIFIED.,.F.,.F.,(4,3,3,3,3,4),(0.,0.213952944390215,0.427888361019688,
0.642103881962051,0.857010532094774,1.),.UNSPECIFIED.);
#249=B_SPLINE_CURVE_WITH_KNOTS('',3,(#11357,#11358,#11359,#11360,#11361,
#11362,#11363,#11364,#11365,#11366,#11367,#11368,#11369,#11370,#11371,#11372),
 .UNSPECIFIED.,.F.,.F.,(4,3,3,3,3,4),(0.,0.216057211019111,0.432152181144181,
0.647678123532642,0.862374659295409,1.),.UNSPECIFIED.);
#250=B_SPLINE_CURVE_WITH_KNOTS('',3,(#11392,#11393,#11394,#11395,#11396,
#11397,#11398,#11399,#11400,#11401),.UNSPECIFIED.,.F.,.F.,(4,3,3,4),(0.,
0.107405738609846,0.522946674594396,1.),.UNSPECIFIED.);
#251=B_SPLINE_CURVE_WITH_KNOTS('',3,(#11752,#11753,#11754,#11755,#11756,
#11757,#11758,#11759,#11760,#11761,#11762,#11763,#11764,#11765,#11766,#11767),
 .UNSPECIFIED.,.F.,.F.,(4,3,3,3,3,4),(0.,0.216057211019103,0.432152181144154,
0.647678123532654,0.862374659295392,1.),.UNSPECIFIED.);
#252=B_SPLINE_CURVE_WITH_KNOTS('',3,(#11772,#11773,#11774,#11775,#11776,
#11777,#11778,#11779,#11780,#11781,#11782,#11783,#11784,#11785,#11786,#11787),
 .UNSPECIFIED.,.F.,.F.,(4,3,3,3,3,4),(0.,0.213952944390216,0.42788836101969,
0.642103881962056,0.857010532094777,1.),.UNSPECIFIED.);
#253=B_SPLINE_CURVE_WITH_KNOTS('',3,(#11793,#11794,#11795,#11796,#11797,
#11798,#11799,#11800,#11801,#11802,#11803,#11804,#11805,#11806,#11807,#11808),
 .UNSPECIFIED.,.F.,.F.,(4,3,3,3,3,4),(0.,0.213952944390214,0.427888361019688,
0.642103881962052,0.857010532094774,1.),.UNSPECIFIED.);
#254=B_SPLINE_CURVE_WITH_KNOTS('',3,(#11813,#11814,#11815,#11816,#11817,
#11818,#11819,#11820,#11821,#11822,#11823,#11824,#11825,#11826,#11827,#11828),
 .UNSPECIFIED.,.F.,.F.,(4,3,3,3,3,4),(0.,0.216057211019117,0.432152181144188,
0.647678123532662,0.862374659295412,1.),.UNSPECIFIED.);
#255=B_SPLINE_CURVE_WITH_KNOTS('',3,(#11863,#11864,#11865,#11866,#11867,
#11868,#11869,#11870,#11871,#11872,#11873,#11874,#11875,#11876,#11877,#11878),
 .UNSPECIFIED.,.F.,.F.,(4,3,3,3,3,4),(0.,0.213952944390213,0.427888361019687,
0.642103881962044,0.857010532094762,1.),.UNSPECIFIED.);
#256=B_SPLINE_CURVE_WITH_KNOTS('',3,(#11883,#11884,#11885,#11886,#11887,
#11888,#11889,#11890,#11891,#11892,#11893,#11894,#11895,#11896,#11897,#11898),
 .UNSPECIFIED.,.F.,.F.,(4,3,3,3,3,4),(0.,0.216057211019108,0.43215218114417,
0.647678123532643,0.8623746592954,1.),.UNSPECIFIED.);
#257=B_SPLINE_CURVE_WITH_KNOTS('',3,(#11906,#11907,#11908,#11909,#11910,
#11911,#11912,#11913,#11914,#11915,#11916,#11917,#11918,#11919,#11920,#11921),
 .UNSPECIFIED.,.F.,.F.,(4,3,3,3,3,4),(0.,0.213952944390216,0.427888361019689,
0.642103881962056,0.857010532094774,1.),.UNSPECIFIED.);
#258=B_SPLINE_CURVE_WITH_KNOTS('',3,(#11926,#11927,#11928,#11929,#11930,
#11931,#11932,#11933,#11934,#11935,#11936,#11937,#11938,#11939,#11940,#11941),
 .UNSPECIFIED.,.F.,.F.,(4,3,3,3,3,4),(0.,0.216057211019103,0.432152181144174,
0.647678123532642,0.8623746592954,1.),.UNSPECIFIED.);
#259=B_SPLINE_CURVE_WITH_KNOTS('',3,(#11972,#11973,#11974,#11975,#11976,
#11977,#11978,#11979,#11980,#11981,#11982,#11983,#11984,#11985,#11986,#11987),
 .UNSPECIFIED.,.F.,.F.,(4,3,3,3,3,4),(0.,0.213952944390216,0.427888361019689,
0.642103881962051,0.857010532094776,1.),.UNSPECIFIED.);
#260=B_SPLINE_CURVE_WITH_KNOTS('',3,(#11993,#11994,#11995,#11996,#11997,
#11998,#11999,#12000,#12001,#12002,#12003,#12004,#12005,#12006,#12007,#12008),
 .UNSPECIFIED.,.F.,.F.,(4,3,3,3,3,4),(0.,0.216057211019103,0.432152181144154,
0.647678123532654,0.862374659295391,1.),.UNSPECIFIED.);
#261=B_SPLINE_CURVE_WITH_KNOTS('',3,(#12015,#12016,#12017,#12018,#12019,
#12020,#12021,#12022,#12023,#12024,#12025,#12026,#12027,#12028,#12029,#12030),
 .UNSPECIFIED.,.F.,.F.,(4,3,3,3,3,4),(0.,0.213952944390215,0.427888361019689,
0.642103881962055,0.857010532094776,1.),.UNSPECIFIED.);
#262=B_SPLINE_CURVE_WITH_KNOTS('',3,(#12047,#12048,#12049,#12050,#12051,
#12052,#12053,#12054,#12055,#12056,#12057,#12058,#12059,#12060,#12061,#12062),
 .UNSPECIFIED.,.F.,.F.,(4,3,3,3,3,4),(0.,0.216057211019108,0.432152181144169,
0.647678123532653,0.862374659295391,1.),.UNSPECIFIED.);
#263=B_SPLINE_CURVE_WITH_KNOTS('',3,(#12077,#12078,#12079,#12080,#12081,
#12082,#12083,#12084,#12085,#12086,#12087,#12088,#12089,#12090,#12091,#12092),
 .UNSPECIFIED.,.F.,.F.,(4,3,3,3,3,4),(0.,0.216057211019121,0.432152181144198,
0.647678123532672,0.862374659295412,1.),.UNSPECIFIED.);
#264=B_SPLINE_CURVE_WITH_KNOTS('',3,(#12117,#12118,#12119,#12120,#12121,
#12122,#12123,#12124,#12125,#12126,#12127,#12128,#12129,#12130,#12131,#12132),
 .UNSPECIFIED.,.F.,.F.,(4,3,3,3,3,4),(0.,0.213952944390214,0.427888361019686,
0.642103881962048,0.857010532094769,1.),.UNSPECIFIED.);
#265=B_SPLINE_CURVE_WITH_KNOTS('',3,(#12155,#12156,#12157,#12158,#12159,
#12160,#12161,#12162,#12163,#12164,#12165,#12166,#12167,#12168,#12169,#12170),
 .UNSPECIFIED.,.F.,.F.,(4,3,3,3,3,4),(0.,0.213952944390213,0.427888361019683,
0.642103881962053,0.857010532094766,1.),.UNSPECIFIED.);
#266=B_SPLINE_CURVE_WITH_KNOTS('',3,(#12177,#12178,#12179,#12180,#12181,
#12182,#12183,#12184,#12185,#12186,#12187,#12188,#12189,#12190,#12191,#12192),
 .UNSPECIFIED.,.F.,.F.,(4,3,3,3,3,4),(0.,0.216057211019109,0.432152181144171,
0.647678123532654,0.862374659295391,1.),.UNSPECIFIED.);
#267=B_SPLINE_CURVE_WITH_KNOTS('',3,(#12229,#12230,#12231,#12232,#12233,
#12234,#12235,#12236,#12237,#12238,#12239,#12240,#12241,#12242,#12243,#12244),
 .UNSPECIFIED.,.F.,.F.,(4,3,3,3,3,4),(0.,0.216057211019121,0.432152181144197,
0.647678123532671,0.862374659295413,1.),.UNSPECIFIED.);
#268=B_SPLINE_CURVE_WITH_KNOTS('',3,(#12265,#12266,#12267,#12268,#12269,
#12270,#12271,#12272,#12273,#12274,#12275,#12276,#12277,#12278,#12279,#12280),
 .UNSPECIFIED.,.F.,.F.,(4,3,3,3,3,4),(0.,0.213952944390213,0.427888361019687,
0.64210388196205,0.857010532094765,1.),.UNSPECIFIED.);
#269=B_SPLINE_CURVE_WITH_KNOTS('',3,(#12294,#12295,#12296,#12297,#12298,
#12299,#12300,#12301,#12302,#12303,#12304,#12305,#12306,#12307,#12308,#12309),
 .UNSPECIFIED.,.F.,.F.,(4,3,3,3,3,4),(0.,0.213952944390213,0.427888361019684,
0.642103881962051,0.857010532094767,1.),.UNSPECIFIED.);
#270=B_SPLINE_CURVE_WITH_KNOTS('',3,(#12316,#12317,#12318,#12319,#12320,
#12321,#12322,#12323,#12324,#12325,#12326,#12327,#12328,#12329,#12330,#12331),
 .UNSPECIFIED.,.F.,.F.,(4,3,3,3,3,4),(0.,0.216057211019109,0.43215218114417,
0.647678123532654,0.862374659295391,1.),.UNSPECIFIED.);
#271=B_SPLINE_CURVE_WITH_KNOTS('',3,(#13210,#13211,#13212,#13213,#13214,
#13215,#13216,#13217,#13218,#13219,#13220,#13221,#13222),.UNSPECIFIED.,
 .F.,.F.,(4,3,3,3,4),(0.,0.126330681109321,0.371278927817142,0.719963515752958,
1.),.UNSPECIFIED.);
#272=B_SPLINE_CURVE_WITH_KNOTS('',3,(#13224,#13225,#13226,#13227,#13228,
#13229,#13230,#13231,#13232,#13233),.UNSPECIFIED.,.F.,.F.,(4,3,3,4),(0.,
0.0990522606459647,0.48208601364049,1.),.UNSPECIFIED.);
#273=B_SPLINE_CURVE_WITH_KNOTS('',3,(#13235,#13236,#13237,#13238),
 .UNSPECIFIED.,.F.,.F.,(4,4),(0.,1.),.UNSPECIFIED.);
#274=B_SPLINE_CURVE_WITH_KNOTS('',3,(#13262,#13263,#13264,#13265),
 .UNSPECIFIED.,.F.,.F.,(4,4),(0.,1.),.UNSPECIFIED.);
#275=FACE_BOUND('',#2785,.T.);
#276=FACE_BOUND('',#2786,.T.);
#277=FACE_BOUND('',#2788,.T.);
#278=FACE_BOUND('',#2789,.T.);
#279=FACE_BOUND('',#2790,.T.);
#280=FACE_BOUND('',#2791,.T.);
#281=FACE_BOUND('',#2793,.T.);
#282=FACE_BOUND('',#2794,.T.);
#283=FACE_BOUND('',#2796,.T.);
#284=FACE_BOUND('',#2797,.T.);
#285=FACE_BOUND('',#2799,.T.);
#286=FACE_BOUND('',#2800,.T.);
#287=FACE_BOUND('',#2801,.T.);
#288=FACE_BOUND('',#2802,.T.);
#289=FACE_BOUND('',#2803,.T.);
#290=FACE_BOUND('',#2804,.T.);
#291=FACE_BOUND('',#2811,.T.);
#292=FACE_BOUND('',#2812,.T.);
#293=FACE_BOUND('',#2813,.T.);
#294=FACE_BOUND('',#2823,.T.);
#295=FACE_BOUND('',#2824,.T.);
#296=FACE_BOUND('',#2825,.T.);
#297=FACE_BOUND('',#2828,.T.);
#298=FACE_BOUND('',#2829,.T.);
#299=FACE_BOUND('',#2840,.T.);
#300=FACE_BOUND('',#2841,.T.);
#301=FACE_BOUND('',#2842,.T.);
#302=FACE_BOUND('',#2843,.T.);
#303=FACE_BOUND('',#2844,.T.);
#304=FACE_BOUND('',#2845,.T.);
#305=FACE_BOUND('',#2846,.T.);
#306=FACE_BOUND('',#2847,.T.);
#307=FACE_BOUND('',#2848,.T.);
#308=FACE_BOUND('',#2849,.T.);
#309=FACE_BOUND('',#2850,.T.);
#310=FACE_BOUND('',#2851,.T.);
#311=FACE_BOUND('',#2852,.T.);
#312=FACE_BOUND('',#2853,.T.);
#313=FACE_BOUND('',#2864,.T.);
#314=FACE_BOUND('',#2865,.T.);
#315=FACE_BOUND('',#2870,.T.);
#316=FACE_BOUND('',#2871,.T.);
#317=FACE_BOUND('',#2891,.T.);
#318=FACE_BOUND('',#2892,.T.);
#319=FACE_BOUND('',#2904,.T.);
#320=FACE_BOUND('',#2905,.T.);
#321=FACE_BOUND('',#2911,.T.);
#322=FACE_BOUND('',#2912,.T.);
#323=FACE_BOUND('',#2929,.T.);
#324=FACE_BOUND('',#2930,.T.);
#325=FACE_BOUND('',#2940,.T.);
#326=FACE_BOUND('',#2941,.T.);
#327=FACE_BOUND('',#3196,.T.);
#328=FACE_BOUND('',#3197,.T.);
#329=FACE_BOUND('',#3198,.T.);
#330=FACE_BOUND('',#3199,.T.);
#331=FACE_BOUND('',#3200,.T.);
#332=FACE_BOUND('',#3201,.T.);
#333=FACE_BOUND('',#3202,.T.);
#334=FACE_BOUND('',#3203,.T.);
#335=FACE_BOUND('',#3204,.T.);
#336=FACE_BOUND('',#3205,.T.);
#337=FACE_BOUND('',#3206,.T.);
#338=FACE_BOUND('',#3207,.T.);
#339=FACE_BOUND('',#3208,.T.);
#340=FACE_BOUND('',#3209,.T.);
#341=FACE_BOUND('',#3210,.T.);
#342=FACE_BOUND('',#3211,.T.);
#343=FACE_BOUND('',#3213,.T.);
#344=FACE_BOUND('',#3214,.T.);
#345=FACE_BOUND('',#3216,.T.);
#346=FACE_BOUND('',#3217,.T.);
#347=FACE_BOUND('',#3219,.T.);
#348=FACE_BOUND('',#3220,.T.);
#349=FACE_BOUND('',#3222,.T.);
#350=FACE_BOUND('',#3223,.T.);
#351=FACE_BOUND('',#3225,.T.);
#352=FACE_BOUND('',#3226,.T.);
#353=FACE_BOUND('',#3228,.T.);
#354=FACE_BOUND('',#3229,.T.);
#355=FACE_BOUND('',#3231,.T.);
#356=FACE_BOUND('',#3232,.T.);
#357=FACE_BOUND('',#3234,.T.);
#358=FACE_BOUND('',#3235,.T.);
#359=LINE('',#10415,#1058);
#360=LINE('',#10423,#1059);
#361=LINE('',#10431,#1060);
#362=LINE('',#10435,#1061);
#363=LINE('',#10437,#1062);
#364=LINE('',#10439,#1063);
#365=LINE('',#10443,#1064);
#366=LINE('',#10447,#1065);
#367=LINE('',#10449,#1066);
#368=LINE('',#10451,#1067);
#369=LINE('',#10455,#1068);
#370=LINE('',#10456,#1069);
#371=LINE('',#10461,#1070);
#372=LINE('',#10465,#1071);
#373=LINE('',#10469,#1072);
#374=LINE('',#10473,#1073);
#375=LINE('',#10477,#1074);
#376=LINE('',#10481,#1075);
#377=LINE('',#10485,#1076);
#378=LINE('',#10489,#1077);
#379=LINE('',#10493,#1078);
#380=LINE('',#10497,#1079);
#381=LINE('',#10501,#1080);
#382=LINE('',#10505,#1081);
#383=LINE('',#10509,#1082);
#384=LINE('',#10527,#1083);
#385=LINE('',#10528,#1084);
#386=LINE('',#10543,#1085);
#387=LINE('',#10569,#1086);
#388=LINE('',#10576,#1087);
#389=LINE('',#10602,#1088);
#390=LINE('',#10621,#1089);
#391=LINE('',#10622,#1090);
#392=LINE('',#10638,#1091);
#393=LINE('',#10664,#1092);
#394=LINE('',#10682,#1093);
#395=LINE('',#10683,#1094);
#396=LINE('',#10699,#1095);
#397=LINE('',#10725,#1096);
#398=LINE('',#10743,#1097);
#399=LINE('',#10744,#1098);
#400=LINE('',#10757,#1099);
#401=LINE('',#10808,#1100);
#402=LINE('',#10814,#1101);
#403=LINE('',#10865,#1102);
#404=LINE('',#10871,#1103);
#405=LINE('',#10922,#1104);
#406=LINE('',#10926,#1105);
#407=LINE('',#10929,#1106);
#408=LINE('',#10931,#1107);
#409=LINE('',#10933,#1108);
#410=LINE('',#10935,#1109);
#411=LINE('',#10938,#1110);
#412=LINE('',#10940,#1111);
#413=LINE('',#10942,#1112);
#414=LINE('',#10944,#1113);
#415=LINE('',#10949,#1114);
#416=LINE('',#10951,#1115);
#417=LINE('',#10953,#1116);
#418=LINE('',#10957,#1117);
#419=LINE('',#10959,#1118);
#420=LINE('',#10963,#1119);
#421=LINE('',#10968,#1120);
#422=LINE('',#10972,#1121);
#423=LINE('',#11006,#1122);
#424=LINE('',#11009,#1123);
#425=LINE('',#11011,#1124);
#426=LINE('',#11013,#1125);
#427=LINE('',#11014,#1126);
#428=LINE('',#11017,#1127);
#429=LINE('',#11019,#1128);
#430=LINE('',#11021,#1129);
#431=LINE('',#11022,#1130);
#432=LINE('',#11025,#1131);
#433=LINE('',#11027,#1132);
#434=LINE('',#11029,#1133);
#435=LINE('',#11031,#1134);
#436=LINE('',#11033,#1135);
#437=LINE('',#11034,#1136);
#438=LINE('',#11036,#1137);
#439=LINE('',#11038,#1138);
#440=LINE('',#11040,#1139);
#441=LINE('',#11042,#1140);
#442=LINE('',#11044,#1141);
#443=LINE('',#11046,#1142);
#444=LINE('',#11048,#1143);
#445=LINE('',#11050,#1144);
#446=LINE('',#11052,#1145);
#447=LINE('',#11054,#1146);
#448=LINE('',#11056,#1147);
#449=LINE('',#11059,#1148);
#450=LINE('',#11061,#1149);
#451=LINE('',#11063,#1150);
#452=LINE('',#11065,#1151);
#453=LINE('',#11067,#1152);
#454=LINE('',#11069,#1153);
#455=LINE('',#11071,#1154);
#456=LINE('',#11073,#1155);
#457=LINE('',#11075,#1156);
#458=LINE('',#11117,#1157);
#459=LINE('',#11121,#1158);
#460=LINE('',#11122,#1159);
#461=LINE('',#11123,#1160);
#462=LINE('',#11125,#1161);
#463=LINE('',#11126,#1162);
#464=LINE('',#11127,#1163);
#465=LINE('',#11129,#1164);
#466=LINE('',#11130,#1165);
#467=LINE('',#11131,#1166);
#468=LINE('',#11133,#1167);
#469=LINE('',#11135,#1168);
#470=LINE('',#11137,#1169);
#471=LINE('',#11139,#1170);
#472=LINE('',#11141,#1171);
#473=LINE('',#11145,#1172);
#474=LINE('',#11147,#1173);
#475=LINE('',#11149,#1174);
#476=LINE('',#11151,#1175);
#477=LINE('',#11153,#1176);
#478=LINE('',#11155,#1177);
#479=LINE('',#11156,#1178);
#480=LINE('',#11158,#1179);
#481=LINE('',#11160,#1180);
#482=LINE('',#11161,#1181);
#483=LINE('',#11163,#1182);
#484=LINE('',#11165,#1183);
#485=LINE('',#11167,#1184);
#486=LINE('',#11169,#1185);
#487=LINE('',#11172,#1186);
#488=LINE('',#11174,#1187);
#489=LINE('',#11176,#1188);
#490=LINE('',#11177,#1189);
#491=LINE('',#11180,#1190);
#492=LINE('',#11182,#1191);
#493=LINE('',#11184,#1192);
#494=LINE('',#11185,#1193);
#495=LINE('',#11188,#1194);
#496=LINE('',#11190,#1195);
#497=LINE('',#11192,#1196);
#498=LINE('',#11194,#1197);
#499=LINE('',#11196,#1198);
#500=LINE('',#11198,#1199);
#501=LINE('',#11200,#1200);
#502=LINE('',#11201,#1201);
#503=LINE('',#11203,#1202);
#504=LINE('',#11205,#1203);
#505=LINE('',#11207,#1204);
#506=LINE('',#11209,#1205);
#507=LINE('',#11211,#1206);
#508=LINE('',#11213,#1207);
#509=LINE('',#11215,#1208);
#510=LINE('',#11217,#1209);
#511=LINE('',#11219,#1210);
#512=LINE('',#11222,#1211);
#513=LINE('',#11224,#1212);
#514=LINE('',#11226,#1213);
#515=LINE('',#11228,#1214);
#516=LINE('',#11230,#1215);
#517=LINE('',#11232,#1216);
#518=LINE('',#11234,#1217);
#519=LINE('',#11235,#1218);
#520=LINE('',#11237,#1219);
#521=LINE('',#11239,#1220);
#522=LINE('',#11241,#1221);
#523=LINE('',#11254,#1222);
#524=LINE('',#11258,#1223);
#525=LINE('',#11260,#1224);
#526=LINE('',#11262,#1225);
#527=LINE('',#11264,#1226);
#528=LINE('',#11266,#1227);
#529=LINE('',#11269,#1228);
#530=LINE('',#11288,#1229);
#531=LINE('',#11290,#1230);
#532=LINE('',#11296,#1231);
#533=LINE('',#11298,#1232);
#534=LINE('',#11300,#1233);
#535=LINE('',#11319,#1234);
#536=LINE('',#11321,#1235);
#537=LINE('',#11324,#1236);
#538=LINE('',#11343,#1237);
#539=LINE('',#11345,#1238);
#540=LINE('',#11351,#1239);
#541=LINE('',#11353,#1240);
#542=LINE('',#11355,#1241);
#543=LINE('',#11374,#1242);
#544=LINE('',#11379,#1243);
#545=LINE('',#11385,#1244);
#546=LINE('',#11390,#1245);
#547=LINE('',#11403,#1246);
#548=LINE('',#11405,#1247);
#549=LINE('',#11407,#1248);
#550=LINE('',#11408,#1249);
#551=LINE('',#11410,#1250);
#552=LINE('',#11412,#1251);
#553=LINE('',#11414,#1252);
#554=LINE('',#11416,#1253);
#555=LINE('',#11420,#1254);
#556=LINE('',#11423,#1255);
#557=LINE('',#11425,#1256);
#558=LINE('',#11427,#1257);
#559=LINE('',#11428,#1258);
#560=LINE('',#11430,#1259);
#561=LINE('',#11432,#1260);
#562=LINE('',#11434,#1261);
#563=LINE('',#11436,#1262);
#564=LINE('',#11438,#1263);
#565=LINE('',#11446,#1264);
#566=LINE('',#11450,#1265);
#567=LINE('',#11454,#1266);
#568=LINE('',#11458,#1267);
#569=LINE('',#11466,#1268);
#570=LINE('',#11470,#1269);
#571=LINE('',#11478,#1270);
#572=LINE('',#11482,#1271);
#573=LINE('',#11493,#1272);
#574=LINE('',#11497,#1273);
#575=LINE('',#11501,#1274);
#576=LINE('',#11505,#1275);
#577=LINE('',#11513,#1276);
#578=LINE('',#11517,#1277);
#579=LINE('',#11525,#1278);
#580=LINE('',#11529,#1279);
#581=LINE('',#11537,#1280);
#582=LINE('',#11541,#1281);
#583=LINE('',#11545,#1282);
#584=LINE('',#11549,#1283);
#585=LINE('',#11551,#1284);
#586=LINE('',#11560,#1285);
#587=LINE('',#11564,#1286);
#588=LINE('',#11568,#1287);
#589=LINE('',#11572,#1288);
#590=LINE('',#11580,#1289);
#591=LINE('',#11584,#1290);
#592=LINE('',#11592,#1291);
#593=LINE('',#11596,#1292);
#594=LINE('',#11604,#1293);
#595=LINE('',#11608,#1294);
#596=LINE('',#11612,#1295);
#597=LINE('',#11616,#1296);
#598=LINE('',#11630,#1297);
#599=LINE('',#11634,#1298);
#600=LINE('',#11642,#1299);
#601=LINE('',#11646,#1300);
#602=LINE('',#11654,#1301);
#603=LINE('',#11658,#1302);
#604=LINE('',#11662,#1303);
#605=LINE('',#11665,#1304);
#606=LINE('',#11667,#1305);
#607=LINE('',#11671,#1306);
#608=LINE('',#11673,#1307);
#609=LINE('',#11677,#1308);
#610=LINE('',#11680,#1309);
#611=LINE('',#11681,#1310);
#612=LINE('',#11684,#1311);
#613=LINE('',#11688,#1312);
#614=LINE('',#11690,#1313);
#615=LINE('',#11694,#1314);
#616=LINE('',#11696,#1315);
#617=LINE('',#11700,#1316);
#618=LINE('',#11702,#1317);
#619=LINE('',#11711,#1318);
#620=LINE('',#11714,#1319);
#621=LINE('',#11717,#1320);
#622=LINE('',#11721,#1321);
#623=LINE('',#11723,#1322);
#624=LINE('',#11727,#1323);
#625=LINE('',#11729,#1324);
#626=LINE('',#11741,#1325);
#627=LINE('',#11743,#1326);
#628=LINE('',#11747,#1327);
#629=LINE('',#11749,#1328);
#630=LINE('',#11751,#1329);
#631=LINE('',#11769,#1330);
#632=LINE('',#11770,#1331);
#633=LINE('',#11790,#1332);
#634=LINE('',#11791,#1333);
#635=LINE('',#11810,#1334);
#636=LINE('',#11812,#1335);
#637=LINE('',#11831,#1336);
#638=LINE('',#11833,#1337);
#639=LINE('',#11835,#1338);
#640=LINE('',#11839,#1339);
#641=LINE('',#11844,#1340);
#642=LINE('',#11850,#1341);
#643=LINE('',#11854,#1342);
#644=LINE('',#11856,#1343);
#645=LINE('',#11861,#1344);
#646=LINE('',#11879,#1345);
#647=LINE('',#11881,#1346);
#648=LINE('',#11900,#1347);
#649=LINE('',#11904,#1348);
#650=LINE('',#11922,#1349);
#651=LINE('',#11924,#1350);
#652=LINE('',#11943,#1351);
#653=LINE('',#11947,#1352);
#654=LINE('',#11949,#1353);
#655=LINE('',#11951,#1354);
#656=LINE('',#11955,#1355);
#657=LINE('',#11957,#1356);
#658=LINE('',#11961,#1357);
#659=LINE('',#11963,#1358);
#660=LINE('',#11965,#1359);
#661=LINE('',#11969,#1360);
#662=LINE('',#11971,#1361);
#663=LINE('',#11989,#1362);
#664=LINE('',#11991,#1363);
#665=LINE('',#12012,#1364);
#666=LINE('',#12014,#1365);
#667=LINE('',#12032,#1366);
#668=LINE('',#12040,#1367);
#669=LINE('',#12041,#1368);
#670=LINE('',#12043,#1369);
#671=LINE('',#12045,#1370);
#672=LINE('',#12066,#1371);
#673=LINE('',#12068,#1372);
#674=LINE('',#12070,#1373);
#675=LINE('',#12072,#1374);
#676=LINE('',#12073,#1375);
#677=LINE('',#12075,#1376);
#678=LINE('',#12096,#1377);
#679=LINE('',#12098,#1378);
#680=LINE('',#12100,#1379);
#681=LINE('',#12102,#1380);
#682=LINE('',#12106,#1381);
#683=LINE('',#12108,#1382);
#684=LINE('',#12110,#1383);
#685=LINE('',#12115,#1384);
#686=LINE('',#12137,#1385);
#687=LINE('',#12138,#1386);
#688=LINE('',#12140,#1387);
#689=LINE('',#12142,#1388);
#690=LINE('',#12144,#1389);
#691=LINE('',#12146,#1390);
#692=LINE('',#12153,#1391);
#693=LINE('',#12171,#1392);
#694=LINE('',#12173,#1393);
#695=LINE('',#12175,#1394);
#696=LINE('',#12194,#1395);
#697=LINE('',#12196,#1396);
#698=LINE('',#12200,#1397);
#699=LINE('',#12202,#1398);
#700=LINE('',#12204,#1399);
#701=LINE('',#12206,#1400);
#702=LINE('',#12210,#1401);
#703=LINE('',#12214,#1402);
#704=LINE('',#12216,#1403);
#705=LINE('',#12218,#1404);
#706=LINE('',#12220,#1405);
#707=LINE('',#12224,#1406);
#708=LINE('',#12225,#1407);
#709=LINE('',#12227,#1408);
#710=LINE('',#12248,#1409);
#711=LINE('',#12250,#1410);
#712=LINE('',#12252,#1411);
#713=LINE('',#12261,#1412);
#714=LINE('',#12263,#1413);
#715=LINE('',#12282,#1414);
#716=LINE('',#12284,#1415);
#717=LINE('',#12288,#1416);
#718=LINE('',#12292,#1417);
#719=LINE('',#12310,#1418);
#720=LINE('',#12312,#1419);
#721=LINE('',#12314,#1420);
#722=LINE('',#12335,#1421);
#723=LINE('',#12340,#1422);
#724=LINE('',#12342,#1423);
#725=LINE('',#12346,#1424);
#726=LINE('',#12351,#1425);
#727=LINE('',#12352,#1426);
#728=LINE('',#12354,#1427);
#729=LINE('',#12356,#1428);
#730=LINE('',#12358,#1429);
#731=LINE('',#12360,#1430);
#732=LINE('',#12363,#1431);
#733=LINE('',#12365,#1432);
#734=LINE('',#12367,#1433);
#735=LINE('',#12369,#1434);
#736=LINE('',#12371,#1435);
#737=LINE('',#12373,#1436);
#738=LINE('',#12375,#1437);
#739=LINE('',#12378,#1438);
#740=LINE('',#12380,#1439);
#741=LINE('',#12382,#1440);
#742=LINE('',#12384,#1441);
#743=LINE('',#12386,#1442);
#744=LINE('',#12388,#1443);
#745=LINE('',#12390,#1444);
#746=LINE('',#12391,#1445);
#747=LINE('',#12393,#1446);
#748=LINE('',#12394,#1447);
#749=LINE('',#12396,#1448);
#750=LINE('',#12397,#1449);
#751=LINE('',#12399,#1450);
#752=LINE('',#12401,#1451);
#753=LINE('',#12405,#1452);
#754=LINE('',#12407,#1453);
#755=LINE('',#12409,#1454);
#756=LINE('',#12411,#1455);
#757=LINE('',#12413,#1456);
#758=LINE('',#12416,#1457);
#759=LINE('',#12421,#1458);
#760=LINE('',#12425,#1459);
#761=LINE('',#12427,#1460);
#762=LINE('',#12429,#1461);
#763=LINE('',#12431,#1462);
#764=LINE('',#12434,#1463);
#765=LINE('',#12436,#1464);
#766=LINE('',#12438,#1465);
#767=LINE('',#12439,#1466);
#768=LINE('',#12441,#1467);
#769=LINE('',#12443,#1468);
#770=LINE('',#12447,#1469);
#771=LINE('',#12451,#1470);
#772=LINE('',#12457,#1471);
#773=LINE('',#12459,#1472);
#774=LINE('',#12463,#1473);
#775=LINE('',#12465,#1474);
#776=LINE('',#12469,#1475);
#777=LINE('',#12473,#1476);
#778=LINE('',#12477,#1477);
#779=LINE('',#12479,#1478);
#780=LINE('',#12482,#1479);
#781=LINE('',#12484,#1480);
#782=LINE('',#12486,#1481);
#783=LINE('',#12491,#1482);
#784=LINE('',#12494,#1483);
#785=LINE('',#12496,#1484);
#786=LINE('',#12498,#1485);
#787=LINE('',#12500,#1486);
#788=LINE('',#12502,#1487);
#789=LINE('',#12504,#1488);
#790=LINE('',#12506,#1489);
#791=LINE('',#12508,#1490);
#792=LINE('',#12510,#1491);
#793=LINE('',#12512,#1492);
#794=LINE('',#12514,#1493);
#795=LINE('',#12516,#1494);
#796=LINE('',#12519,#1495);
#797=LINE('',#12523,#1496);
#798=LINE('',#12525,#1497);
#799=LINE('',#12527,#1498);
#800=LINE('',#12529,#1499);
#801=LINE('',#12532,#1500);
#802=LINE('',#12534,#1501);
#803=LINE('',#12536,#1502);
#804=LINE('',#12538,#1503);
#805=LINE('',#12542,#1504);
#806=LINE('',#12544,#1505);
#807=LINE('',#12548,#1506);
#808=LINE('',#12550,#1507);
#809=LINE('',#12552,#1508);
#810=LINE('',#12554,#1509);
#811=LINE('',#12558,#1510);
#812=LINE('',#12562,#1511);
#813=LINE('',#12564,#1512);
#814=LINE('',#12566,#1513);
#815=LINE('',#12569,#1514);
#816=LINE('',#12571,#1515);
#817=LINE('',#12575,#1516);
#818=LINE('',#12577,#1517);
#819=LINE('',#12579,#1518);
#820=LINE('',#12581,#1519);
#821=LINE('',#12583,#1520);
#822=LINE('',#12585,#1521);
#823=LINE('',#12589,#1522);
#824=LINE('',#12591,#1523);
#825=LINE('',#12593,#1524);
#826=LINE('',#12595,#1525);
#827=LINE('',#12597,#1526);
#828=LINE('',#12601,#1527);
#829=LINE('',#12603,#1528);
#830=LINE('',#12605,#1529);
#831=LINE('',#12607,#1530);
#832=LINE('',#12609,#1531);
#833=LINE('',#12611,#1532);
#834=LINE('',#12615,#1533);
#835=LINE('',#12617,#1534);
#836=LINE('',#12619,#1535);
#837=LINE('',#12621,#1536);
#838=LINE('',#12627,#1537);
#839=LINE('',#12629,#1538);
#840=LINE('',#12631,#1539);
#841=LINE('',#12637,#1540);
#842=LINE('',#12640,#1541);
#843=LINE('',#12642,#1542);
#844=LINE('',#12644,#1543);
#845=LINE('',#12646,#1544);
#846=LINE('',#12648,#1545);
#847=LINE('',#12650,#1546);
#848=LINE('',#12652,#1547);
#849=LINE('',#12655,#1548);
#850=LINE('',#12657,#1549);
#851=LINE('',#12659,#1550);
#852=LINE('',#12661,#1551);
#853=LINE('',#12663,#1552);
#854=LINE('',#12664,#1553);
#855=LINE('',#12665,#1554);
#856=LINE('',#12667,#1555);
#857=LINE('',#12669,#1556);
#858=LINE('',#12674,#1557);
#859=LINE('',#12676,#1558);
#860=LINE('',#12678,#1559);
#861=LINE('',#12679,#1560);
#862=LINE('',#12681,#1561);
#863=LINE('',#12682,#1562);
#864=LINE('',#12683,#1563);
#865=LINE('',#12687,#1564);
#866=LINE('',#12692,#1565);
#867=LINE('',#12694,#1566);
#868=LINE('',#12696,#1567);
#869=LINE('',#12698,#1568);
#870=LINE('',#12701,#1569);
#871=LINE('',#12703,#1570);
#872=LINE('',#12705,#1571);
#873=LINE('',#12707,#1572);
#874=LINE('',#12709,#1573);
#875=LINE('',#12711,#1574);
#876=LINE('',#12713,#1575);
#877=LINE('',#12715,#1576);
#878=LINE('',#12717,#1577);
#879=LINE('',#12719,#1578);
#880=LINE('',#12721,#1579);
#881=LINE('',#12722,#1580);
#882=LINE('',#12723,#1581);
#883=LINE('',#12725,#1582);
#884=LINE('',#12727,#1583);
#885=LINE('',#12728,#1584);
#886=LINE('',#12729,#1585);
#887=LINE('',#12733,#1586);
#888=LINE('',#12738,#1587);
#889=LINE('',#12740,#1588);
#890=LINE('',#12742,#1589);
#891=LINE('',#12744,#1590);
#892=LINE('',#12749,#1591);
#893=LINE('',#12753,#1592);
#894=LINE('',#12755,#1593);
#895=LINE('',#12757,#1594);
#896=LINE('',#12759,#1595);
#897=LINE('',#12762,#1596);
#898=LINE('',#12764,#1597);
#899=LINE('',#12766,#1598);
#900=LINE('',#12767,#1599);
#901=LINE('',#12769,#1600);
#902=LINE('',#12771,#1601);
#903=LINE('',#12775,#1602);
#904=LINE('',#12779,#1603);
#905=LINE('',#12785,#1604);
#906=LINE('',#12787,#1605);
#907=LINE('',#12791,#1606);
#908=LINE('',#12793,#1607);
#909=LINE('',#12797,#1608);
#910=LINE('',#12801,#1609);
#911=LINE('',#12805,#1610);
#912=LINE('',#12807,#1611);
#913=LINE('',#12810,#1612);
#914=LINE('',#12812,#1613);
#915=LINE('',#12814,#1614);
#916=LINE('',#12819,#1615);
#917=LINE('',#12822,#1616);
#918=LINE('',#12824,#1617);
#919=LINE('',#12826,#1618);
#920=LINE('',#12828,#1619);
#921=LINE('',#12830,#1620);
#922=LINE('',#12832,#1621);
#923=LINE('',#12834,#1622);
#924=LINE('',#12836,#1623);
#925=LINE('',#12838,#1624);
#926=LINE('',#12840,#1625);
#927=LINE('',#12842,#1626);
#928=LINE('',#12844,#1627);
#929=LINE('',#12847,#1628);
#930=LINE('',#12851,#1629);
#931=LINE('',#12853,#1630);
#932=LINE('',#12855,#1631);
#933=LINE('',#12857,#1632);
#934=LINE('',#12860,#1633);
#935=LINE('',#12862,#1634);
#936=LINE('',#12864,#1635);
#937=LINE('',#12866,#1636);
#938=LINE('',#12870,#1637);
#939=LINE('',#12872,#1638);
#940=LINE('',#12876,#1639);
#941=LINE('',#12878,#1640);
#942=LINE('',#12880,#1641);
#943=LINE('',#12882,#1642);
#944=LINE('',#12886,#1643);
#945=LINE('',#12890,#1644);
#946=LINE('',#12892,#1645);
#947=LINE('',#12894,#1646);
#948=LINE('',#12897,#1647);
#949=LINE('',#12899,#1648);
#950=LINE('',#12903,#1649);
#951=LINE('',#12905,#1650);
#952=LINE('',#12907,#1651);
#953=LINE('',#12909,#1652);
#954=LINE('',#12911,#1653);
#955=LINE('',#12913,#1654);
#956=LINE('',#12917,#1655);
#957=LINE('',#12919,#1656);
#958=LINE('',#12921,#1657);
#959=LINE('',#12923,#1658);
#960=LINE('',#12925,#1659);
#961=LINE('',#12929,#1660);
#962=LINE('',#12931,#1661);
#963=LINE('',#12933,#1662);
#964=LINE('',#12935,#1663);
#965=LINE('',#12937,#1664);
#966=LINE('',#12939,#1665);
#967=LINE('',#12943,#1666);
#968=LINE('',#12945,#1667);
#969=LINE('',#12947,#1668);
#970=LINE('',#12949,#1669);
#971=LINE('',#12955,#1670);
#972=LINE('',#12957,#1671);
#973=LINE('',#12959,#1672);
#974=LINE('',#12964,#1673);
#975=LINE('',#12967,#1674);
#976=LINE('',#12969,#1675);
#977=LINE('',#12971,#1676);
#978=LINE('',#12973,#1677);
#979=LINE('',#12975,#1678);
#980=LINE('',#12977,#1679);
#981=LINE('',#12979,#1680);
#982=LINE('',#12981,#1681);
#983=LINE('',#12983,#1682);
#984=LINE('',#12985,#1683);
#985=LINE('',#12987,#1684);
#986=LINE('',#12990,#1685);
#987=LINE('',#12992,#1686);
#988=LINE('',#12996,#1687);
#989=LINE('',#12998,#1688);
#990=LINE('',#12999,#1689);
#991=LINE('',#13001,#1690);
#992=LINE('',#13002,#1691);
#993=LINE('',#13004,#1692);
#994=LINE('',#13006,#1693);
#995=LINE('',#13010,#1694);
#996=LINE('',#13012,#1695);
#997=LINE('',#13014,#1696);
#998=LINE('',#13016,#1697);
#999=LINE('',#13018,#1698);
#1000=LINE('',#13021,#1699);
#1001=LINE('',#13022,#1700);
#1002=LINE('',#13027,#1701);
#1003=LINE('',#13028,#1702);
#1004=LINE('',#13029,#1703);
#1005=LINE('',#13033,#1704);
#1006=LINE('',#13034,#1705);
#1007=LINE('',#13036,#1706);
#1008=LINE('',#13039,#1707);
#1009=LINE('',#13041,#1708);
#1010=LINE('',#13043,#1709);
#1011=LINE('',#13047,#1710);
#1012=LINE('',#13048,#1711);
#1013=LINE('',#13049,#1712);
#1014=LINE('',#13053,#1713);
#1015=LINE('',#13054,#1714);
#1016=LINE('',#13129,#1715);
#1017=LINE('',#13131,#1716);
#1018=LINE('',#13133,#1717);
#1019=LINE('',#13135,#1718);
#1020=LINE('',#13137,#1719);
#1021=LINE('',#13139,#1720);
#1022=LINE('',#13141,#1721);
#1023=LINE('',#13143,#1722);
#1024=LINE('',#13146,#1723);
#1025=LINE('',#13149,#1724);
#1026=LINE('',#13150,#1725);
#1027=LINE('',#13151,#1726);
#1028=LINE('',#13152,#1727);
#1029=LINE('',#13153,#1728);
#1030=LINE('',#13154,#1729);
#1031=LINE('',#13155,#1730);
#1032=LINE('',#13157,#1731);
#1033=LINE('',#13159,#1732);
#1034=LINE('',#13161,#1733);
#1035=LINE('',#13162,#1734);
#1036=LINE('',#13164,#1735);
#1037=LINE('',#13166,#1736);
#1038=LINE('',#13168,#1737);
#1039=LINE('',#13169,#1738);
#1040=LINE('',#13171,#1739);
#1041=LINE('',#13173,#1740);
#1042=LINE('',#13175,#1741);
#1043=LINE('',#13176,#1742);
#1044=LINE('',#13178,#1743);
#1045=LINE('',#13180,#1744);
#1046=LINE('',#13182,#1745);
#1047=LINE('',#13183,#1746);
#1048=LINE('',#13185,#1747);
#1049=LINE('',#13203,#1748);
#1050=LINE('',#13205,#1749);
#1051=LINE('',#13207,#1750);
#1052=LINE('',#13254,#1751);
#1053=LINE('',#13256,#1752);
#1054=LINE('',#13258,#1753);
#1055=LINE('',#13260,#1754);
#1056=LINE('',#13300,#1755);
#1057=LINE('',#13302,#1756);
#1058=VECTOR('',#8249,1.);
#1059=VECTOR('',#8256,1.);
#1060=VECTOR('',#8263,1.);
#1061=VECTOR('',#8266,1.);
#1062=VECTOR('',#8267,1.);
#1063=VECTOR('',#8268,1.);
#1064=VECTOR('',#8271,1.);
#1065=VECTOR('',#8274,1.);
#1066=VECTOR('',#8275,1.);
#1067=VECTOR('',#8276,1.);
#1068=VECTOR('',#8279,1.);
#1069=VECTOR('',#8280,1.);
#1070=VECTOR('',#8283,1.);
#1071=VECTOR('',#8286,1.);
#1072=VECTOR('',#8289,1.);
#1073=VECTOR('',#8292,1.);
#1074=VECTOR('',#8295,1.);
#1075=VECTOR('',#8298,1.);
#1076=VECTOR('',#8301,1.);
#1077=VECTOR('',#8304,1.);
#1078=VECTOR('',#8307,1.);
#1079=VECTOR('',#8310,1.);
#1080=VECTOR('',#8313,1.);
#1081=VECTOR('',#8316,1.);
#1082=VECTOR('',#8319,1.);
#1083=VECTOR('',#8326,1.);
#1084=VECTOR('',#8327,1.);
#1085=VECTOR('',#8332,1.);
#1086=VECTOR('',#8335,1.);
#1087=VECTOR('',#8342,1.);
#1088=VECTOR('',#8345,1.);
#1089=VECTOR('',#8354,1.);
#1090=VECTOR('',#8355,1.);
#1091=VECTOR('',#8360,1.);
#1092=VECTOR('',#8363,1.);
#1093=VECTOR('',#8370,1.);
#1094=VECTOR('',#8371,1.);
#1095=VECTOR('',#8376,1.);
#1096=VECTOR('',#8379,1.);
#1097=VECTOR('',#8386,1.);
#1098=VECTOR('',#8387,1.);
#1099=VECTOR('',#8390,1.);
#1100=VECTOR('',#8391,1.);
#1101=VECTOR('',#8398,1.);
#1102=VECTOR('',#8399,1.);
#1103=VECTOR('',#8406,1.);
#1104=VECTOR('',#8407,1.);
#1105=VECTOR('',#8412,1.);
#1106=VECTOR('',#8413,1.);
#1107=VECTOR('',#8414,1.);
#1108=VECTOR('',#8415,1.);
#1109=VECTOR('',#8418,1.);
#1110=VECTOR('',#8419,1.);
#1111=VECTOR('',#8420,1.);
#1112=VECTOR('',#8421,1.);
#1113=VECTOR('',#8424,1.);
#1114=VECTOR('',#8427,1.);
#1115=VECTOR('',#8428,1.);
#1116=VECTOR('',#8429,1.);
#1117=VECTOR('',#8432,1.);
#1118=VECTOR('',#8435,1.);
#1119=VECTOR('',#8438,1.);
#1120=VECTOR('',#8443,1.);
#1121=VECTOR('',#8446,1.);
#1122=VECTOR('',#8455,1.);
#1123=VECTOR('',#8456,1.);
#1124=VECTOR('',#8457,1.);
#1125=VECTOR('',#8458,1.);
#1126=VECTOR('',#8459,1.);
#1127=VECTOR('',#8460,1.);
#1128=VECTOR('',#8461,1.);
#1129=VECTOR('',#8462,1.);
#1130=VECTOR('',#8463,1.);
#1131=VECTOR('',#8464,1.);
#1132=VECTOR('',#8465,1.);
#1133=VECTOR('',#8466,1.);
#1134=VECTOR('',#8467,1.);
#1135=VECTOR('',#8468,1.);
#1136=VECTOR('',#8469,1.);
#1137=VECTOR('',#8470,1.);
#1138=VECTOR('',#8471,1.);
#1139=VECTOR('',#8472,1.);
#1140=VECTOR('',#8473,1.);
#1141=VECTOR('',#8474,1.);
#1142=VECTOR('',#8475,1.);
#1143=VECTOR('',#8476,1.);
#1144=VECTOR('',#8477,1.);
#1145=VECTOR('',#8478,1.);
#1146=VECTOR('',#8479,1.);
#1147=VECTOR('',#8482,1.);
#1148=VECTOR('',#8483,1.);
#1149=VECTOR('',#8484,1.);
#1150=VECTOR('',#8485,1.);
#1151=VECTOR('',#8488,1.);
#1152=VECTOR('',#8489,1.);
#1153=VECTOR('',#8490,1.);
#1154=VECTOR('',#8491,1.);
#1155=VECTOR('',#8492,1.);
#1156=VECTOR('',#8495,1.);
#1157=VECTOR('',#8504,1.);
#1158=VECTOR('',#8509,1.);
#1159=VECTOR('',#8510,1.);
#1160=VECTOR('',#8511,1.);
#1161=VECTOR('',#8514,1.);
#1162=VECTOR('',#8515,1.);
#1163=VECTOR('',#8516,1.);
#1164=VECTOR('',#8519,1.);
#1165=VECTOR('',#8520,1.);
#1166=VECTOR('',#8521,1.);
#1167=VECTOR('',#8524,1.);
#1168=VECTOR('',#8525,1.);
#1169=VECTOR('',#8526,1.);
#1170=VECTOR('',#8527,1.);
#1171=VECTOR('',#8528,1.);
#1172=VECTOR('',#8531,1.);
#1173=VECTOR('',#8532,1.);
#1174=VECTOR('',#8533,1.);
#1175=VECTOR('',#8534,1.);
#1176=VECTOR('',#8537,1.);
#1177=VECTOR('',#8538,1.);
#1178=VECTOR('',#8539,1.);
#1179=VECTOR('',#8540,1.);
#1180=VECTOR('',#8541,1.);
#1181=VECTOR('',#8542,1.);
#1182=VECTOR('',#8543,1.);
#1183=VECTOR('',#8544,1.);
#1184=VECTOR('',#8545,1.);
#1185=VECTOR('',#8548,1.);
#1186=VECTOR('',#8549,1.);
#1187=VECTOR('',#8550,1.);
#1188=VECTOR('',#8551,1.);
#1189=VECTOR('',#8552,1.);
#1190=VECTOR('',#8553,1.);
#1191=VECTOR('',#8554,1.);
#1192=VECTOR('',#8555,1.);
#1193=VECTOR('',#8556,1.);
#1194=VECTOR('',#8557,1.);
#1195=VECTOR('',#8558,1.);
#1196=VECTOR('',#8559,1.);
#1197=VECTOR('',#8560,1.);
#1198=VECTOR('',#8561,1.);
#1199=VECTOR('',#8562,1.);
#1200=VECTOR('',#8563,1.);
#1201=VECTOR('',#8564,1.);
#1202=VECTOR('',#8565,1.);
#1203=VECTOR('',#8566,1.);
#1204=VECTOR('',#8567,1.);
#1205=VECTOR('',#8568,1.);
#1206=VECTOR('',#8569,1.);
#1207=VECTOR('',#8570,1.);
#1208=VECTOR('',#8571,1.);
#1209=VECTOR('',#8572,1.);
#1210=VECTOR('',#8575,1.);
#1211=VECTOR('',#8576,1.);
#1212=VECTOR('',#8577,1.);
#1213=VECTOR('',#8578,1.);
#1214=VECTOR('',#8579,1.);
#1215=VECTOR('',#8580,1.);
#1216=VECTOR('',#8581,1.);
#1217=VECTOR('',#8582,1.);
#1218=VECTOR('',#8583,1.);
#1219=VECTOR('',#8584,1.);
#1220=VECTOR('',#8585,1.);
#1221=VECTOR('',#8586,1.);
#1222=VECTOR('',#8603,1.);
#1223=VECTOR('',#8606,1.);
#1224=VECTOR('',#8609,1.);
#1225=VECTOR('',#8610,1.);
#1226=VECTOR('',#8611,1.);
#1227=VECTOR('',#8614,1.);
#1228=VECTOR('',#8615,1.);
#1229=VECTOR('',#8616,1.);
#1230=VECTOR('',#8617,1.);
#1231=VECTOR('',#8624,1.);
#1232=VECTOR('',#8627,1.);
#1233=VECTOR('',#8628,1.);
#1234=VECTOR('',#8629,1.);
#1235=VECTOR('',#8632,1.);
#1236=VECTOR('',#8633,1.);
#1237=VECTOR('',#8634,1.);
#1238=VECTOR('',#8635,1.);
#1239=VECTOR('',#8642,1.);
#1240=VECTOR('',#8645,1.);
#1241=VECTOR('',#8646,1.);
#1242=VECTOR('',#8647,1.);
#1243=VECTOR('',#8656,1.);
#1244=VECTOR('',#8663,1.);
#1245=VECTOR('',#8666,1.);
#1246=VECTOR('',#8667,1.);
#1247=VECTOR('',#8668,1.);
#1248=VECTOR('',#8669,1.);
#1249=VECTOR('',#8670,1.);
#1250=VECTOR('',#8671,1.);
#1251=VECTOR('',#8672,1.);
#1252=VECTOR('',#8673,1.);
#1253=VECTOR('',#8674,1.);
#1254=VECTOR('',#8677,1.);
#1255=VECTOR('',#8680,1.);
#1256=VECTOR('',#8681,1.);
#1257=VECTOR('',#8682,1.);
#1258=VECTOR('',#8683,1.);
#1259=VECTOR('',#8684,1.);
#1260=VECTOR('',#8685,1.);
#1261=VECTOR('',#8686,1.);
#1262=VECTOR('',#8687,1.);
#1263=VECTOR('',#8688,1.);
#1264=VECTOR('',#8695,1.);
#1265=VECTOR('',#8698,1.);
#1266=VECTOR('',#8701,1.);
#1267=VECTOR('',#8704,1.);
#1268=VECTOR('',#8711,1.);
#1269=VECTOR('',#8714,1.);
#1270=VECTOR('',#8721,1.);
#1271=VECTOR('',#8724,1.);
#1272=VECTOR('',#8735,1.);
#1273=VECTOR('',#8738,1.);
#1274=VECTOR('',#8741,1.);
#1275=VECTOR('',#8744,1.);
#1276=VECTOR('',#8751,1.);
#1277=VECTOR('',#8754,1.);
#1278=VECTOR('',#8761,1.);
#1279=VECTOR('',#8764,1.);
#1280=VECTOR('',#8771,1.);
#1281=VECTOR('',#8774,1.);
#1282=VECTOR('',#8777,1.);
#1283=VECTOR('',#8780,1.);
#1284=VECTOR('',#8783,1.);
#1285=VECTOR('',#8790,1.);
#1286=VECTOR('',#8793,1.);
#1287=VECTOR('',#8796,1.);
#1288=VECTOR('',#8799,1.);
#1289=VECTOR('',#8806,1.);
#1290=VECTOR('',#8809,1.);
#1291=VECTOR('',#8816,1.);
#1292=VECTOR('',#8819,1.);
#1293=VECTOR('',#8826,1.);
#1294=VECTOR('',#8829,1.);
#1295=VECTOR('',#8832,1.);
#1296=VECTOR('',#8835,1.);
#1297=VECTOR('',#8850,1.);
#1298=VECTOR('',#8853,1.);
#1299=VECTOR('',#8860,1.);
#1300=VECTOR('',#8863,1.);
#1301=VECTOR('',#8870,1.);
#1302=VECTOR('',#8873,1.);
#1303=VECTOR('',#8876,1.);
#1304=VECTOR('',#8879,1.);
#1305=VECTOR('',#8880,1.);
#1306=VECTOR('',#8883,1.);
#1307=VECTOR('',#8884,1.);
#1308=VECTOR('',#8887,1.);
#1309=VECTOR('',#8890,1.);
#1310=VECTOR('',#8891,1.);
#1311=VECTOR('',#8892,1.);
#1312=VECTOR('',#8895,1.);
#1313=VECTOR('',#8896,1.);
#1314=VECTOR('',#8899,1.);
#1315=VECTOR('',#8900,1.);
#1316=VECTOR('',#8903,1.);
#1317=VECTOR('',#8904,1.);
#1318=VECTOR('',#8913,1.);
#1319=VECTOR('',#8914,1.);
#1320=VECTOR('',#8917,1.);
#1321=VECTOR('',#8920,1.);
#1322=VECTOR('',#8921,1.);
#1323=VECTOR('',#8924,1.);
#1324=VECTOR('',#8925,1.);
#1325=VECTOR('',#8938,1.);
#1326=VECTOR('',#8939,1.);
#1327=VECTOR('',#8944,1.);
#1328=VECTOR('',#8947,1.);
#1329=VECTOR('',#8948,1.);
#1330=VECTOR('',#8951,1.);
#1331=VECTOR('',#8952,1.);
#1332=VECTOR('',#8957,1.);
#1333=VECTOR('',#8958,1.);
#1334=VECTOR('',#8961,1.);
#1335=VECTOR('',#8962,1.);
#1336=VECTOR('',#8967,1.);
#1337=VECTOR('',#8968,1.);
#1338=VECTOR('',#8969,1.);
#1339=VECTOR('',#8974,1.);
#1340=VECTOR('',#8981,1.);
#1341=VECTOR('',#8988,1.);
#1342=VECTOR('',#8995,1.);
#1343=VECTOR('',#8996,1.);
#1344=VECTOR('',#9003,1.);
#1345=VECTOR('',#9004,1.);
#1346=VECTOR('',#9007,1.);
#1347=VECTOR('',#9010,1.);
#1348=VECTOR('',#9015,1.);
#1349=VECTOR('',#9018,1.);
#1350=VECTOR('',#9021,1.);
#1351=VECTOR('',#9024,1.);
#1352=VECTOR('',#9029,1.);
#1353=VECTOR('',#9032,1.);
#1354=VECTOR('',#9033,1.);
#1355=VECTOR('',#9038,1.);
#1356=VECTOR('',#9041,1.);
#1357=VECTOR('',#9046,1.);
#1358=VECTOR('',#9047,1.);
#1359=VECTOR('',#9050,1.);
#1360=VECTOR('',#9053,1.);
#1361=VECTOR('',#9056,1.);
#1362=VECTOR('',#9059,1.);
#1363=VECTOR('',#9062,1.);
#1364=VECTOR('',#9067,1.);
#1365=VECTOR('',#9070,1.);
#1366=VECTOR('',#9073,1.);
#1367=VECTOR('',#9082,1.);
#1368=VECTOR('',#9083,1.);
#1369=VECTOR('',#9086,1.);
#1370=VECTOR('',#9089,1.);
#1371=VECTOR('',#9094,1.);
#1372=VECTOR('',#9097,1.);
#1373=VECTOR('',#9098,1.);
#1374=VECTOR('',#9101,1.);
#1375=VECTOR('',#9102,1.);
#1376=VECTOR('',#9105,1.);
#1377=VECTOR('',#9110,1.);
#1378=VECTOR('',#9113,1.);
#1379=VECTOR('',#9114,1.);
#1380=VECTOR('',#9115,1.);
#1381=VECTOR('',#9120,1.);
#1382=VECTOR('',#9123,1.);
#1383=VECTOR('',#9124,1.);
#1384=VECTOR('',#9131,1.);
#1385=VECTOR('',#9136,1.);
#1386=VECTOR('',#9137,1.);
#1387=VECTOR('',#9140,1.);
#1388=VECTOR('',#9141,1.);
#1389=VECTOR('',#9144,1.);
#1390=VECTOR('',#9147,1.);
#1391=VECTOR('',#9156,1.);
#1392=VECTOR('',#9157,1.);
#1393=VECTOR('',#9160,1.);
#1394=VECTOR('',#9163,1.);
#1395=VECTOR('',#9166,1.);
#1396=VECTOR('',#9167,1.);
#1397=VECTOR('',#9172,1.);
#1398=VECTOR('',#9175,1.);
#1399=VECTOR('',#9178,1.);
#1400=VECTOR('',#9179,1.);
#1401=VECTOR('',#9184,1.);
#1402=VECTOR('',#9189,1.);
#1403=VECTOR('',#9192,1.);
#1404=VECTOR('',#9193,1.);
#1405=VECTOR('',#9196,1.);
#1406=VECTOR('',#9201,1.);
#1407=VECTOR('',#9202,1.);
#1408=VECTOR('',#9205,1.);
#1409=VECTOR('',#9210,1.);
#1410=VECTOR('',#9213,1.);
#1411=VECTOR('',#9214,1.);
#1412=VECTOR('',#9227,1.);
#1413=VECTOR('',#9230,1.);
#1414=VECTOR('',#9233,1.);
#1415=VECTOR('',#9236,1.);
#1416=VECTOR('',#9241,1.);
#1417=VECTOR('',#9244,1.);
#1418=VECTOR('',#9247,1.);
#1419=VECTOR('',#9250,1.);
#1420=VECTOR('',#9253,1.);
#1421=VECTOR('',#9258,1.);
#1422=VECTOR('',#9265,1.);
#1423=VECTOR('',#9266,1.);
#1424=VECTOR('',#9271,1.);
#1425=VECTOR('',#9276,1.);
#1426=VECTOR('',#9277,1.);
#1427=VECTOR('',#9280,1.);
#1428=VECTOR('',#9283,1.);
#1429=VECTOR('',#9286,1.);
#1430=VECTOR('',#9289,1.);
#1431=VECTOR('',#9290,1.);
#1432=VECTOR('',#9291,1.);
#1433=VECTOR('',#9292,1.);
#1434=VECTOR('',#9295,1.);
#1435=VECTOR('',#9296,1.);
#1436=VECTOR('',#9297,1.);
#1437=VECTOR('',#9300,1.);
#1438=VECTOR('',#9301,1.);
#1439=VECTOR('',#9302,1.);
#1440=VECTOR('',#9303,1.);
#1441=VECTOR('',#9304,1.);
#1442=VECTOR('',#9307,1.);
#1443=VECTOR('',#9308,1.);
#1444=VECTOR('',#9309,1.);
#1445=VECTOR('',#9310,1.);
#1446=VECTOR('',#9313,1.);
#1447=VECTOR('',#9314,1.);
#1448=VECTOR('',#9315,1.);
#1449=VECTOR('',#9316,1.);
#1450=VECTOR('',#9319,1.);
#1451=VECTOR('',#9322,1.);
#1452=VECTOR('',#9325,1.);
#1453=VECTOR('',#9326,1.);
#1454=VECTOR('',#9329,1.);
#1455=VECTOR('',#9332,1.);
#1456=VECTOR('',#9335,1.);
#1457=VECTOR('',#9340,1.);
#1458=VECTOR('',#9343,1.);
#1459=VECTOR('',#9348,1.);
#1460=VECTOR('',#9349,1.);
#1461=VECTOR('',#9350,1.);
#1462=VECTOR('',#9353,1.);
#1463=VECTOR('',#9354,1.);
#1464=VECTOR('',#9355,1.);
#1465=VECTOR('',#9356,1.);
#1466=VECTOR('',#9357,1.);
#1467=VECTOR('',#9358,1.);
#1468=VECTOR('',#9359,1.);
#1469=VECTOR('',#9362,1.);
#1470=VECTOR('',#9365,1.);
#1471=VECTOR('',#9372,1.);
#1472=VECTOR('',#9373,1.);
#1473=VECTOR('',#9376,1.);
#1474=VECTOR('',#9377,1.);
#1475=VECTOR('',#9380,1.);
#1476=VECTOR('',#9383,1.);
#1477=VECTOR('',#9386,1.);
#1478=VECTOR('',#9389,1.);
#1479=VECTOR('',#9390,1.);
#1480=VECTOR('',#9391,1.);
#1481=VECTOR('',#9392,1.);
#1482=VECTOR('',#9401,1.);
#1483=VECTOR('',#9402,1.);
#1484=VECTOR('',#9403,1.);
#1485=VECTOR('',#9404,1.);
#1486=VECTOR('',#9407,1.);
#1487=VECTOR('',#9408,1.);
#1488=VECTOR('',#9409,1.);
#1489=VECTOR('',#9412,1.);
#1490=VECTOR('',#9413,1.);
#1491=VECTOR('',#9416,1.);
#1492=VECTOR('',#9417,1.);
#1493=VECTOR('',#9420,1.);
#1494=VECTOR('',#9423,1.);
#1495=VECTOR('',#9424,1.);
#1496=VECTOR('',#9429,1.);
#1497=VECTOR('',#9430,1.);
#1498=VECTOR('',#9431,1.);
#1499=VECTOR('',#9434,1.);
#1500=VECTOR('',#9437,1.);
#1501=VECTOR('',#9440,1.);
#1502=VECTOR('',#9441,1.);
#1503=VECTOR('',#9444,1.);
#1504=VECTOR('',#9449,1.);
#1505=VECTOR('',#9450,1.);
#1506=VECTOR('',#9455,1.);
#1507=VECTOR('',#9458,1.);
#1508=VECTOR('',#9459,1.);
#1509=VECTOR('',#9462,1.);
#1510=VECTOR('',#9467,1.);
#1511=VECTOR('',#9472,1.);
#1512=VECTOR('',#9473,1.);
#1513=VECTOR('',#9476,1.);
#1514=VECTOR('',#9479,1.);
#1515=VECTOR('',#9482,1.);
#1516=VECTOR('',#9487,1.);
#1517=VECTOR('',#9488,1.);
#1518=VECTOR('',#9491,1.);
#1519=VECTOR('',#9492,1.);
#1520=VECTOR('',#9495,1.);
#1521=VECTOR('',#9496,1.);
#1522=VECTOR('',#9501,1.);
#1523=VECTOR('',#9504,1.);
#1524=VECTOR('',#9505,1.);
#1525=VECTOR('',#9506,1.);
#1526=VECTOR('',#9509,1.);
#1527=VECTOR('',#9514,1.);
#1528=VECTOR('',#9517,1.);
#1529=VECTOR('',#9518,1.);
#1530=VECTOR('',#9521,1.);
#1531=VECTOR('',#9522,1.);
#1532=VECTOR('',#9525,1.);
#1533=VECTOR('',#9530,1.);
#1534=VECTOR('',#9531,1.);
#1535=VECTOR('',#9534,1.);
#1536=VECTOR('',#9535,1.);
#1537=VECTOR('',#9544,1.);
#1538=VECTOR('',#9547,1.);
#1539=VECTOR('',#9548,1.);
#1540=VECTOR('',#9559,1.);
#1541=VECTOR('',#9560,1.);
#1542=VECTOR('',#9561,1.);
#1543=VECTOR('',#9562,1.);
#1544=VECTOR('',#9565,1.);
#1545=VECTOR('',#9566,1.);
#1546=VECTOR('',#9567,1.);
#1547=VECTOR('',#9570,1.);
#1548=VECTOR('',#9571,1.);
#1549=VECTOR('',#9572,1.);
#1550=VECTOR('',#9573,1.);
#1551=VECTOR('',#9574,1.);
#1552=VECTOR('',#9577,1.);
#1553=VECTOR('',#9578,1.);
#1554=VECTOR('',#9579,1.);
#1555=VECTOR('',#9580,1.);
#1556=VECTOR('',#9583,1.);
#1557=VECTOR('',#9586,1.);
#1558=VECTOR('',#9587,1.);
#1559=VECTOR('',#9590,1.);
#1560=VECTOR('',#9591,1.);
#1561=VECTOR('',#9594,1.);
#1562=VECTOR('',#9595,1.);
#1563=VECTOR('',#9596,1.);
#1564=VECTOR('',#9603,1.);
#1565=VECTOR('',#9606,1.);
#1566=VECTOR('',#9609,1.);
#1567=VECTOR('',#9612,1.);
#1568=VECTOR('',#9615,1.);
#1569=VECTOR('',#9616,1.);
#1570=VECTOR('',#9617,1.);
#1571=VECTOR('',#9618,1.);
#1572=VECTOR('',#9621,1.);
#1573=VECTOR('',#9622,1.);
#1574=VECTOR('',#9623,1.);
#1575=VECTOR('',#9626,1.);
#1576=VECTOR('',#9627,1.);
#1577=VECTOR('',#9628,1.);
#1578=VECTOR('',#9629,1.);
#1579=VECTOR('',#9632,1.);
#1580=VECTOR('',#9633,1.);
#1581=VECTOR('',#9634,1.);
#1582=VECTOR('',#9635,1.);
#1583=VECTOR('',#9638,1.);
#1584=VECTOR('',#9639,1.);
#1585=VECTOR('',#9640,1.);
#1586=VECTOR('',#9647,1.);
#1587=VECTOR('',#9650,1.);
#1588=VECTOR('',#9653,1.);
#1589=VECTOR('',#9656,1.);
#1590=VECTOR('',#9659,1.);
#1591=VECTOR('',#9662,1.);
#1592=VECTOR('',#9667,1.);
#1593=VECTOR('',#9668,1.);
#1594=VECTOR('',#9669,1.);
#1595=VECTOR('',#9672,1.);
#1596=VECTOR('',#9673,1.);
#1597=VECTOR('',#9674,1.);
#1598=VECTOR('',#9675,1.);
#1599=VECTOR('',#9676,1.);
#1600=VECTOR('',#9677,1.);
#1601=VECTOR('',#9678,1.);
#1602=VECTOR('',#9681,1.);
#1603=VECTOR('',#9684,1.);
#1604=VECTOR('',#9691,1.);
#1605=VECTOR('',#9692,1.);
#1606=VECTOR('',#9695,1.);
#1607=VECTOR('',#9696,1.);
#1608=VECTOR('',#9699,1.);
#1609=VECTOR('',#9702,1.);
#1610=VECTOR('',#9705,1.);
#1611=VECTOR('',#9708,1.);
#1612=VECTOR('',#9709,1.);
#1613=VECTOR('',#9710,1.);
#1614=VECTOR('',#9711,1.);
#1615=VECTOR('',#9720,1.);
#1616=VECTOR('',#9721,1.);
#1617=VECTOR('',#9722,1.);
#1618=VECTOR('',#9723,1.);
#1619=VECTOR('',#9726,1.);
#1620=VECTOR('',#9727,1.);
#1621=VECTOR('',#9728,1.);
#1622=VECTOR('',#9731,1.);
#1623=VECTOR('',#9732,1.);
#1624=VECTOR('',#9735,1.);
#1625=VECTOR('',#9736,1.);
#1626=VECTOR('',#9739,1.);
#1627=VECTOR('',#9742,1.);
#1628=VECTOR('',#9743,1.);
#1629=VECTOR('',#9748,1.);
#1630=VECTOR('',#9749,1.);
#1631=VECTOR('',#9750,1.);
#1632=VECTOR('',#9753,1.);
#1633=VECTOR('',#9756,1.);
#1634=VECTOR('',#9759,1.);
#1635=VECTOR('',#9760,1.);
#1636=VECTOR('',#9763,1.);
#1637=VECTOR('',#9768,1.);
#1638=VECTOR('',#9769,1.);
#1639=VECTOR('',#9774,1.);
#1640=VECTOR('',#9777,1.);
#1641=VECTOR('',#9778,1.);
#1642=VECTOR('',#9781,1.);
#1643=VECTOR('',#9786,1.);
#1644=VECTOR('',#9791,1.);
#1645=VECTOR('',#9792,1.);
#1646=VECTOR('',#9795,1.);
#1647=VECTOR('',#9798,1.);
#1648=VECTOR('',#9801,1.);
#1649=VECTOR('',#9806,1.);
#1650=VECTOR('',#9807,1.);
#1651=VECTOR('',#9810,1.);
#1652=VECTOR('',#9811,1.);
#1653=VECTOR('',#9814,1.);
#1654=VECTOR('',#9815,1.);
#1655=VECTOR('',#9820,1.);
#1656=VECTOR('',#9823,1.);
#1657=VECTOR('',#9824,1.);
#1658=VECTOR('',#9825,1.);
#1659=VECTOR('',#9828,1.);
#1660=VECTOR('',#9833,1.);
#1661=VECTOR('',#9836,1.);
#1662=VECTOR('',#9837,1.);
#1663=VECTOR('',#9840,1.);
#1664=VECTOR('',#9841,1.);
#1665=VECTOR('',#9844,1.);
#1666=VECTOR('',#9849,1.);
#1667=VECTOR('',#9850,1.);
#1668=VECTOR('',#9853,1.);
#1669=VECTOR('',#9854,1.);
#1670=VECTOR('',#9863,1.);
#1671=VECTOR('',#9866,1.);
#1672=VECTOR('',#9867,1.);
#1673=VECTOR('',#9876,1.);
#1674=VECTOR('',#9877,1.);
#1675=VECTOR('',#9878,1.);
#1676=VECTOR('',#9879,1.);
#1677=VECTOR('',#9882,1.);
#1678=VECTOR('',#9883,1.);
#1679=VECTOR('',#9884,1.);
#1680=VECTOR('',#9887,1.);
#1681=VECTOR('',#9888,1.);
#1682=VECTOR('',#9889,1.);
#1683=VECTOR('',#9890,1.);
#1684=VECTOR('',#9893,1.);
#1685=VECTOR('',#9896,1.);
#1686=VECTOR('',#9897,1.);
#1687=VECTOR('',#9900,1.);
#1688=VECTOR('',#9903,1.);
#1689=VECTOR('',#9904,1.);
#1690=VECTOR('',#9905,1.);
#1691=VECTOR('',#9906,1.);
#1692=VECTOR('',#9909,1.);
#1693=VECTOR('',#9912,1.);
#1694=VECTOR('',#9915,1.);
#1695=VECTOR('',#9916,1.);
#1696=VECTOR('',#9919,1.);
#1697=VECTOR('',#9922,1.);
#1698=VECTOR('',#9925,1.);
#1699=VECTOR('',#9930,1.);
#1700=VECTOR('',#9931,1.);
#1701=VECTOR('',#9938,1.);
#1702=VECTOR('',#9939,1.);
#1703=VECTOR('',#9940,1.);
#1704=VECTOR('',#9945,1.);
#1705=VECTOR('',#9946,1.);
#1706=VECTOR('',#9949,1.);
#1707=VECTOR('',#9954,1.);
#1708=VECTOR('',#9957,1.);
#1709=VECTOR('',#9960,1.);
#1710=VECTOR('',#9965,1.);
#1711=VECTOR('',#9966,1.);
#1712=VECTOR('',#9967,1.);
#1713=VECTOR('',#9972,1.);
#1714=VECTOR('',#9973,1.);
#1715=VECTOR('',#10122,1.);
#1716=VECTOR('',#10125,1.);
#1717=VECTOR('',#10128,1.);
#1718=VECTOR('',#10131,1.);
#1719=VECTOR('',#10134,1.);
#1720=VECTOR('',#10137,1.);
#1721=VECTOR('',#10140,1.);
#1722=VECTOR('',#10143,1.);
#1723=VECTOR('',#10146,1.);
#1724=VECTOR('',#10149,1.);
#1725=VECTOR('',#10150,1.);
#1726=VECTOR('',#10151,1.);
#1727=VECTOR('',#10152,1.);
#1728=VECTOR('',#10153,1.);
#1729=VECTOR('',#10154,1.);
#1730=VECTOR('',#10155,1.);
#1731=VECTOR('',#10158,1.);
#1732=VECTOR('',#10161,1.);
#1733=VECTOR('',#10164,1.);
#1734=VECTOR('',#10165,1.);
#1735=VECTOR('',#10168,1.);
#1736=VECTOR('',#10171,1.);
#1737=VECTOR('',#10174,1.);
#1738=VECTOR('',#10175,1.);
#1739=VECTOR('',#10178,1.);
#1740=VECTOR('',#10181,1.);
#1741=VECTOR('',#10184,1.);
#1742=VECTOR('',#10185,1.);
#1743=VECTOR('',#10188,1.);
#1744=VECTOR('',#10191,1.);
#1745=VECTOR('',#10194,1.);
#1746=VECTOR('',#10195,1.);
#1747=VECTOR('',#10198,1.);
#1748=VECTOR('',#10233,1.);
#1749=VECTOR('',#10234,1.);
#1750=VECTOR('',#10237,1.);
#1751=VECTOR('',#10272,1.);
#1752=VECTOR('',#10275,1.);
#1753=VECTOR('',#10278,1.);
#1754=VECTOR('',#10281,1.);
#1755=VECTOR('',#10316,1.);
#1756=VECTOR('',#10319,1.);
#1757=ELLIPSE('',#7506,0.781024967590755,0.5);
#1758=ELLIPSE('',#7507,1.30170827931767,1.);
#1759=ELLIPSE('',#7508,0.781024967590755,0.5);
#1760=ELLIPSE('',#7509,0.781024967590755,0.5);
#1761=ELLIPSE('',#7510,1.30170827931767,1.);
#1762=ELLIPSE('',#7511,0.781024967590755,0.5);
#1763=ELLIPSE('',#7512,0.781024967590755,0.5);
#1764=ELLIPSE('',#7513,1.30170827931767,1.);
#1765=ELLIPSE('',#7514,0.781024967590755,0.5);
#1766=ELLIPSE('',#7515,0.781024967590755,0.5);
#1767=ELLIPSE('',#7516,5.20683311727069,4.);
#1768=ELLIPSE('',#7517,5.20683311727069,4.);
#1769=ELLIPSE('',#7518,0.781024967590755,0.5);
#1770=ELLIPSE('',#7519,0.781024967590755,0.5);
#1771=ELLIPSE('',#7520,6.24819974072483,4.8);
#1772=ELLIPSE('',#7521,0.781024967590755,0.5);
#1773=ELLIPSE('',#7522,4.55597897761185,3.5);
#1774=ELLIPSE('',#7523,4.55597897761185,3.5);
#1775=ELLIPSE('',#7524,0.781024967590755,0.5);
#1776=ELLIPSE('',#7525,6.24819974072483,4.8);
#1777=ELLIPSE('',#7526,0.781024967590755,0.5);
#1778=ELLIPSE('',#7527,0.781024967590755,0.5);
#1779=ELLIPSE('',#7528,6.24819974072483,4.8);
#1780=ELLIPSE('',#7529,0.781024967590755,0.5);
#1781=ELLIPSE('',#7530,0.781024967590755,0.5);
#1782=ELLIPSE('',#7531,6.24819974072483,4.8);
#1783=ELLIPSE('',#7532,0.781024967590755,0.5);
#1784=ELLIPSE('',#7559,1.30170827931767,1.);
#1785=ELLIPSE('',#7562,1.30170827931767,1.);
#1786=ELLIPSE('',#7565,1.30170827931767,1.);
#1787=ELLIPSE('',#7871,1.02578988977236,1.);
#1788=ELLIPSE('',#7892,1.02578988977236,1.);
#1789=ELLIPSE('',#7964,1.02578988977236,1.);
#1790=ELLIPSE('',#7985,1.02578988977236,1.);
#1791=ELLIPSE('',#8161,0.707106781186547,0.5);
#1792=ELLIPSE('',#8163,0.577350269189628,0.5);
#1793=ELLIPSE('',#8165,0.577350269189628,0.5);
#1794=ADVANCED_FACE('',(#2416),#2198,.F.);
#1795=ADVANCED_FACE('',(#275,#276),#2199,.F.);
#1796=ADVANCED_FACE('',(#2417),#75,.F.);
#1797=ADVANCED_FACE('',(#277,#278),#76,.F.);
#1798=ADVANCED_FACE('',(#279,#280),#77,.F.);
#1799=ADVANCED_FACE('',(#2418),#78,.F.);
#1800=ADVANCED_FACE('',(#281,#282),#79,.F.);
#1801=ADVANCED_FACE('',(#2419),#80,.F.);
#1802=ADVANCED_FACE('',(#283,#284),#81,.F.);
#1803=ADVANCED_FACE('',(#2420),#82,.F.);
#1804=ADVANCED_FACE('',(#285,#286),#83,.F.);
#1805=ADVANCED_FACE('',(#287,#288),#84,.F.);
#1806=ADVANCED_FACE('',(#289,#290),#85,.F.);
#1807=ADVANCED_FACE('',(#2421),#2200,.F.);
#1808=ADVANCED_FACE('',(#2422),#2201,.T.);
#1809=ADVANCED_FACE('',(#2423),#2202,.T.);
#1810=ADVANCED_FACE('',(#2424),#86,.T.);
#1811=ADVANCED_FACE('',(#2425),#87,.T.);
#1812=ADVANCED_FACE('',(#2426),#43,.T.);
#1813=ADVANCED_FACE('',(#291,#292,#293),#2203,.T.);
#1814=ADVANCED_FACE('',(#2427),#2204,.T.);
#1815=ADVANCED_FACE('',(#2428),#2205,.T.);
#1816=ADVANCED_FACE('',(#2429),#88,.T.);
#1817=ADVANCED_FACE('',(#2430),#89,.T.);
#1818=ADVANCED_FACE('',(#2431),#2206,.F.);
#1819=ADVANCED_FACE('',(#2432),#2207,.F.);
#1820=ADVANCED_FACE('',(#2433),#2208,.F.);
#1821=ADVANCED_FACE('',(#2434),#2209,.T.);
#1822=ADVANCED_FACE('',(#2435),#2210,.T.);
#1823=ADVANCED_FACE('',(#294,#295,#296),#2211,.T.);
#1824=ADVANCED_FACE('',(#2436),#2212,.T.);
#1825=ADVANCED_FACE('',(#2437),#2213,.F.);
#1826=ADVANCED_FACE('',(#297,#298),#90,.F.);
#1827=ADVANCED_FACE('',(#2438),#91,.T.);
#1828=ADVANCED_FACE('',(#2439),#2214,.T.);
#1829=ADVANCED_FACE('',(#2440),#2215,.T.);
#1830=ADVANCED_FACE('',(#2441),#92,.T.);
#1831=ADVANCED_FACE('',(#2442),#2216,.T.);
#1832=ADVANCED_FACE('',(#2443),#2217,.T.);
#1833=ADVANCED_FACE('',(#2444),#93,.T.);
#1834=ADVANCED_FACE('',(#2445),#2218,.T.);
#1835=ADVANCED_FACE('',(#2446),#94,.T.);
#1836=ADVANCED_FACE('',(#2447),#95,.T.);
#1837=ADVANCED_FACE('',(#299,#300),#2219,.T.);
#1838=ADVANCED_FACE('',(#301,#302,#303,#304,#305,#306,#307,#308,#309,#310,
#311,#312),#2220,.T.);
#1839=ADVANCED_FACE('',(#2448),#2221,.T.);
#1840=ADVANCED_FACE('',(#2449),#96,.T.);
#1841=ADVANCED_FACE('',(#2450),#2222,.F.);
#1842=ADVANCED_FACE('',(#2451),#2223,.F.);
#1843=ADVANCED_FACE('',(#2452),#97,.T.);
#1844=ADVANCED_FACE('',(#2453),#2224,.F.);
#1845=ADVANCED_FACE('',(#2454),#2225,.F.);
#1846=ADVANCED_FACE('',(#2455),#98,.T.);
#1847=ADVANCED_FACE('',(#2456),#2226,.F.);
#1848=ADVANCED_FACE('',(#2457),#99,.T.);
#1849=ADVANCED_FACE('',(#313,#314),#100,.F.);
#1850=ADVANCED_FACE('',(#2458),#101,.T.);
#1851=ADVANCED_FACE('',(#2459),#102,.T.);
#1852=ADVANCED_FACE('',(#2460),#103,.T.);
#1853=ADVANCED_FACE('',(#2461),#2227,.F.);
#1854=ADVANCED_FACE('',(#315,#316),#104,.F.);
#1855=ADVANCED_FACE('',(#2462),#2228,.T.);
#1856=ADVANCED_FACE('',(#2463),#105,.T.);
#1857=ADVANCED_FACE('',(#2464),#2229,.T.);
#1858=ADVANCED_FACE('',(#2465),#106,.T.);
#1859=ADVANCED_FACE('',(#2466),#2230,.T.);
#1860=ADVANCED_FACE('',(#2467),#107,.T.);
#1861=ADVANCED_FACE('',(#2468),#2231,.T.);
#1862=ADVANCED_FACE('',(#2469),#108,.T.);
#1863=ADVANCED_FACE('',(#2470),#2232,.T.);
#1864=ADVANCED_FACE('',(#2471),#109,.T.);
#1865=ADVANCED_FACE('',(#2472),#110,.T.);
#1866=ADVANCED_FACE('',(#2473),#2233,.T.);
#1867=ADVANCED_FACE('',(#2474),#111,.T.);
#1868=ADVANCED_FACE('',(#2475),#2234,.F.);
#1869=ADVANCED_FACE('',(#2476),#112,.T.);
#1870=ADVANCED_FACE('',(#2477),#2235,.F.);
#1871=ADVANCED_FACE('',(#2478),#113,.T.);
#1872=ADVANCED_FACE('',(#2479),#2236,.F.);
#1873=ADVANCED_FACE('',(#2480),#114,.T.);
#1874=ADVANCED_FACE('',(#317,#318),#115,.F.);
#1875=ADVANCED_FACE('',(#2481),#116,.T.);
#1876=ADVANCED_FACE('',(#2482),#2237,.F.);
#1877=ADVANCED_FACE('',(#2483),#2238,.F.);
#1878=ADVANCED_FACE('',(#2484),#117,.T.);
#1879=ADVANCED_FACE('',(#2485),#2239,.F.);
#1880=ADVANCED_FACE('',(#2486),#118,.T.);
#1881=ADVANCED_FACE('',(#2487),#2240,.F.);
#1882=ADVANCED_FACE('',(#2488),#119,.T.);
#1883=ADVANCED_FACE('',(#2489),#2241,.F.);
#1884=ADVANCED_FACE('',(#2490),#120,.T.);
#1885=ADVANCED_FACE('',(#2491),#2242,.F.);
#1886=ADVANCED_FACE('',(#319,#320),#121,.F.);
#1887=ADVANCED_FACE('',(#2492),#2243,.T.);
#1888=ADVANCED_FACE('',(#2493),#122,.T.);
#1889=ADVANCED_FACE('',(#2494),#2244,.T.);
#1890=ADVANCED_FACE('',(#2495),#2245,.T.);
#1891=ADVANCED_FACE('',(#2496),#123,.T.);
#1892=ADVANCED_FACE('',(#321,#322),#124,.F.);
#1893=ADVANCED_FACE('',(#2497),#2246,.T.);
#1894=ADVANCED_FACE('',(#2498),#125,.T.);
#1895=ADVANCED_FACE('',(#2499),#2247,.F.);
#1896=ADVANCED_FACE('',(#2500),#2248,.F.);
#1897=ADVANCED_FACE('',(#2501),#126,.T.);
#1898=ADVANCED_FACE('',(#2502),#2249,.F.);
#1899=ADVANCED_FACE('',(#2503),#2250,.T.);
#1900=ADVANCED_FACE('',(#2504),#127,.T.);
#1901=ADVANCED_FACE('',(#2505),#128,.T.);
#1902=ADVANCED_FACE('',(#2506),#2251,.T.);
#1903=ADVANCED_FACE('',(#2507),#129,.T.);
#1904=ADVANCED_FACE('',(#2508),#130,.T.);
#1905=ADVANCED_FACE('',(#2509),#2252,.F.);
#1906=ADVANCED_FACE('',(#2510),#131,.T.);
#1907=ADVANCED_FACE('',(#2511),#2253,.F.);
#1908=ADVANCED_FACE('',(#2512),#132,.T.);
#1909=ADVANCED_FACE('',(#323,#324),#133,.F.);
#1910=ADVANCED_FACE('',(#2513),#134,.T.);
#1911=ADVANCED_FACE('',(#2514),#2254,.T.);
#1912=ADVANCED_FACE('',(#2515),#2255,.T.);
#1913=ADVANCED_FACE('',(#2516),#135,.T.);
#1914=ADVANCED_FACE('',(#2517),#136,.T.);
#1915=ADVANCED_FACE('',(#2518),#2256,.T.);
#1916=ADVANCED_FACE('',(#2519),#137,.T.);
#1917=ADVANCED_FACE('',(#2520),#2257,.F.);
#1918=ADVANCED_FACE('',(#2521),#138,.T.);
#1919=ADVANCED_FACE('',(#325,#326),#139,.F.);
#1920=ADVANCED_FACE('',(#2522),#2258,.T.);
#1921=ADVANCED_FACE('',(#2523),#140,.T.);
#1922=ADVANCED_FACE('',(#2524),#141,.T.);
#1923=ADVANCED_FACE('',(#2525),#2259,.F.);
#1924=ADVANCED_FACE('',(#2526),#2260,.T.);
#1925=ADVANCED_FACE('',(#2527),#2261,.F.);
#1926=ADVANCED_FACE('',(#2528),#2262,.T.);
#1927=ADVANCED_FACE('',(#2529),#2263,.F.);
#1928=ADVANCED_FACE('',(#2530),#2264,.T.);
#1929=ADVANCED_FACE('',(#2531),#2265,.T.);
#1930=ADVANCED_FACE('',(#2532),#2266,.T.);
#1931=ADVANCED_FACE('',(#2533),#2267,.T.);
#1932=ADVANCED_FACE('',(#2534),#2268,.F.);
#1933=ADVANCED_FACE('',(#2535),#2269,.T.);
#1934=ADVANCED_FACE('',(#2536),#2270,.T.);
#1935=ADVANCED_FACE('',(#2537),#2271,.T.);
#1936=ADVANCED_FACE('',(#2538),#142,.F.);
#1937=ADVANCED_FACE('',(#2539),#2272,.F.);
#1938=ADVANCED_FACE('',(#2540),#2273,.F.);
#1939=ADVANCED_FACE('',(#2541),#2274,.T.);
#1940=ADVANCED_FACE('',(#2542),#143,.T.);
#1941=ADVANCED_FACE('',(#2543),#2275,.F.);
#1942=ADVANCED_FACE('',(#2544),#2276,.T.);
#1943=ADVANCED_FACE('',(#2545),#2277,.F.);
#1944=ADVANCED_FACE('',(#2546),#2278,.F.);
#1945=ADVANCED_FACE('',(#2547),#2279,.F.);
#1946=ADVANCED_FACE('',(#2548),#2280,.T.);
#1947=ADVANCED_FACE('',(#2549),#2281,.F.);
#1948=ADVANCED_FACE('',(#2550),#144,.F.);
#1949=ADVANCED_FACE('',(#2551),#2282,.F.);
#1950=ADVANCED_FACE('',(#2552),#145,.F.);
#1951=ADVANCED_FACE('',(#2553),#2283,.F.);
#1952=ADVANCED_FACE('',(#2554),#146,.T.);
#1953=ADVANCED_FACE('',(#2555),#2284,.T.);
#1954=ADVANCED_FACE('',(#2556),#2285,.T.);
#1955=ADVANCED_FACE('',(#2557),#147,.T.);
#1956=ADVANCED_FACE('',(#2558),#2286,.F.);
#1957=ADVANCED_FACE('',(#2559),#2287,.F.);
#1958=ADVANCED_FACE('',(#2560),#148,.F.);
#1959=ADVANCED_FACE('',(#2561),#2288,.F.);
#1960=ADVANCED_FACE('',(#2562),#2289,.F.);
#1961=ADVANCED_FACE('',(#2563),#2290,.F.);
#1962=ADVANCED_FACE('',(#2564),#149,.T.);
#1963=ADVANCED_FACE('',(#2565),#2291,.F.);
#1964=ADVANCED_FACE('',(#2566),#150,.F.);
#1965=ADVANCED_FACE('',(#2567),#2292,.F.);
#1966=ADVANCED_FACE('',(#2568),#2293,.F.);
#1967=ADVANCED_FACE('',(#2569),#2294,.T.);
#1968=ADVANCED_FACE('',(#2570),#151,.T.);
#1969=ADVANCED_FACE('',(#2571),#2295,.F.);
#1970=ADVANCED_FACE('',(#2572),#2296,.F.);
#1971=ADVANCED_FACE('',(#2573),#152,.T.);
#1972=ADVANCED_FACE('',(#2574),#2297,.T.);
#1973=ADVANCED_FACE('',(#2575),#2298,.T.);
#1974=ADVANCED_FACE('',(#2576),#2299,.T.);
#1975=ADVANCED_FACE('',(#2577),#153,.F.);
#1976=ADVANCED_FACE('',(#2578),#2300,.F.);
#1977=ADVANCED_FACE('',(#2579),#2301,.T.);
#1978=ADVANCED_FACE('',(#2580),#2302,.T.);
#1979=ADVANCED_FACE('',(#2581),#2303,.T.);
#1980=ADVANCED_FACE('',(#2582),#2304,.T.);
#1981=ADVANCED_FACE('',(#2583),#2305,.T.);
#1982=ADVANCED_FACE('',(#2584),#2306,.T.);
#1983=ADVANCED_FACE('',(#2585),#2307,.T.);
#1984=ADVANCED_FACE('',(#2586),#2308,.F.);
#1985=ADVANCED_FACE('',(#2587),#2309,.T.);
#1986=ADVANCED_FACE('',(#2588),#2310,.F.);
#1987=ADVANCED_FACE('',(#2589),#2311,.T.);
#1988=ADVANCED_FACE('',(#2590),#2312,.T.);
#1989=ADVANCED_FACE('',(#2591),#2313,.T.);
#1990=ADVANCED_FACE('',(#2592),#2314,.T.);
#1991=ADVANCED_FACE('',(#2593),#2315,.T.);
#1992=ADVANCED_FACE('',(#2594),#2316,.T.);
#1993=ADVANCED_FACE('',(#2595),#2317,.F.);
#1994=ADVANCED_FACE('',(#2596),#2318,.T.);
#1995=ADVANCED_FACE('',(#2597),#154,.F.);
#1996=ADVANCED_FACE('',(#2598),#2319,.F.);
#1997=ADVANCED_FACE('',(#2599),#2320,.F.);
#1998=ADVANCED_FACE('',(#2600),#2321,.T.);
#1999=ADVANCED_FACE('',(#2601),#155,.T.);
#2000=ADVANCED_FACE('',(#2602),#2322,.F.);
#2001=ADVANCED_FACE('',(#2603),#2323,.T.);
#2002=ADVANCED_FACE('',(#2604),#2324,.F.);
#2003=ADVANCED_FACE('',(#2605),#2325,.F.);
#2004=ADVANCED_FACE('',(#2606),#2326,.F.);
#2005=ADVANCED_FACE('',(#2607),#2327,.T.);
#2006=ADVANCED_FACE('',(#2608),#2328,.F.);
#2007=ADVANCED_FACE('',(#2609),#156,.F.);
#2008=ADVANCED_FACE('',(#2610),#2329,.F.);
#2009=ADVANCED_FACE('',(#2611),#157,.F.);
#2010=ADVANCED_FACE('',(#2612),#2330,.F.);
#2011=ADVANCED_FACE('',(#2613),#158,.T.);
#2012=ADVANCED_FACE('',(#2614),#2331,.T.);
#2013=ADVANCED_FACE('',(#2615),#2332,.T.);
#2014=ADVANCED_FACE('',(#2616),#159,.T.);
#2015=ADVANCED_FACE('',(#2617),#2333,.F.);
#2016=ADVANCED_FACE('',(#2618),#2334,.F.);
#2017=ADVANCED_FACE('',(#2619),#160,.F.);
#2018=ADVANCED_FACE('',(#2620),#2335,.F.);
#2019=ADVANCED_FACE('',(#2621),#2336,.F.);
#2020=ADVANCED_FACE('',(#2622),#2337,.F.);
#2021=ADVANCED_FACE('',(#2623),#161,.T.);
#2022=ADVANCED_FACE('',(#2624),#2338,.F.);
#2023=ADVANCED_FACE('',(#2625),#162,.F.);
#2024=ADVANCED_FACE('',(#2626),#2339,.F.);
#2025=ADVANCED_FACE('',(#2627),#2340,.F.);
#2026=ADVANCED_FACE('',(#2628),#2341,.T.);
#2027=ADVANCED_FACE('',(#2629),#163,.T.);
#2028=ADVANCED_FACE('',(#2630),#2342,.F.);
#2029=ADVANCED_FACE('',(#2631),#2343,.F.);
#2030=ADVANCED_FACE('',(#2632),#164,.T.);
#2031=ADVANCED_FACE('',(#2633),#2344,.T.);
#2032=ADVANCED_FACE('',(#2634),#2345,.T.);
#2033=ADVANCED_FACE('',(#2635),#2346,.T.);
#2034=ADVANCED_FACE('',(#2636),#165,.F.);
#2035=ADVANCED_FACE('',(#2637),#2347,.T.);
#2036=ADVANCED_FACE('',(#2638),#2348,.F.);
#2037=ADVANCED_FACE('',(#2639),#2349,.T.);
#2038=ADVANCED_FACE('',(#2640),#2350,.T.);
#2039=ADVANCED_FACE('',(#2641),#2351,.T.);
#2040=ADVANCED_FACE('',(#2642),#2352,.T.);
#2041=ADVANCED_FACE('',(#2643),#2353,.F.);
#2042=ADVANCED_FACE('',(#2644),#2354,.T.);
#2043=ADVANCED_FACE('',(#2645),#2355,.T.);
#2044=ADVANCED_FACE('',(#2646),#2356,.T.);
#2045=ADVANCED_FACE('',(#2647),#2357,.T.);
#2046=ADVANCED_FACE('',(#2648),#2358,.T.);
#2047=ADVANCED_FACE('',(#2649),#2359,.T.);
#2048=ADVANCED_FACE('',(#2650),#2360,.T.);
#2049=ADVANCED_FACE('',(#2651),#2361,.T.);
#2050=ADVANCED_FACE('',(#2652),#2362,.T.);
#2051=ADVANCED_FACE('',(#2653),#2363,.T.);
#2052=ADVANCED_FACE('',(#2654),#2364,.T.);
#2053=ADVANCED_FACE('',(#2655),#2365,.T.);
#2054=ADVANCED_FACE('',(#2656),#2366,.T.);
#2055=ADVANCED_FACE('',(#2657),#2367,.T.);
#2056=ADVANCED_FACE('',(#2658),#2368,.T.);
#2057=ADVANCED_FACE('',(#2659),#166,.T.);
#2058=ADVANCED_FACE('',(#2660),#167,.T.);
#2059=ADVANCED_FACE('',(#2661),#168,.T.);
#2060=ADVANCED_FACE('',(#2662),#169,.T.);
#2061=ADVANCED_FACE('',(#2663),#170,.T.);
#2062=ADVANCED_FACE('',(#2664),#171,.T.);
#2063=ADVANCED_FACE('',(#2665),#172,.T.);
#2064=ADVANCED_FACE('',(#2666),#173,.T.);
#2065=ADVANCED_FACE('',(#2667),#174,.T.);
#2066=ADVANCED_FACE('',(#2668),#175,.T.);
#2067=ADVANCED_FACE('',(#2669),#176,.F.);
#2068=ADVANCED_FACE('',(#2670),#177,.F.);
#2069=ADVANCED_FACE('',(#2671),#178,.F.);
#2070=ADVANCED_FACE('',(#2672),#179,.F.);
#2071=ADVANCED_FACE('',(#2673),#180,.F.);
#2072=ADVANCED_FACE('',(#2674),#181,.F.);
#2073=ADVANCED_FACE('',(#2675),#182,.F.);
#2074=ADVANCED_FACE('',(#2676),#183,.F.);
#2075=ADVANCED_FACE('',(#2677),#44,.T.);
#2076=ADVANCED_FACE('',(#2678),#45,.T.);
#2077=ADVANCED_FACE('',(#2679),#46,.T.);
#2078=ADVANCED_FACE('',(#2680),#47,.T.);
#2079=ADVANCED_FACE('',(#2681),#48,.T.);
#2080=ADVANCED_FACE('',(#2682),#49,.T.);
#2081=ADVANCED_FACE('',(#2683),#50,.T.);
#2082=ADVANCED_FACE('',(#2684),#51,.T.);
#2083=ADVANCED_FACE('',(#2685),#52,.T.);
#2084=ADVANCED_FACE('',(#2686),#53,.T.);
#2085=ADVANCED_FACE('',(#2687),#54,.T.);
#2086=ADVANCED_FACE('',(#2688),#55,.T.);
#2087=ADVANCED_FACE('',(#2689),#56,.T.);
#2088=ADVANCED_FACE('',(#2690),#57,.T.);
#2089=ADVANCED_FACE('',(#2691),#58,.T.);
#2090=ADVANCED_FACE('',(#2692),#59,.T.);
#2091=ADVANCED_FACE('',(#2693),#60,.T.);
#2092=ADVANCED_FACE('',(#2694),#61,.T.);
#2093=ADVANCED_FACE('',(#2695),#62,.T.);
#2094=ADVANCED_FACE('',(#2696),#63,.T.);
#2095=ADVANCED_FACE('',(#2697),#64,.T.);
#2096=ADVANCED_FACE('',(#2698),#65,.T.);
#2097=ADVANCED_FACE('',(#2699),#66,.T.);
#2098=ADVANCED_FACE('',(#2700),#67,.T.);
#2099=ADVANCED_FACE('',(#2701),#68,.T.);
#2100=ADVANCED_FACE('',(#2702),#69,.T.);
#2101=ADVANCED_FACE('',(#2703),#70,.T.);
#2102=ADVANCED_FACE('',(#2704),#71,.T.);
#2103=ADVANCED_FACE('',(#2705),#2369,.T.);
#2104=ADVANCED_FACE('',(#2706),#2370,.T.);
#2105=ADVANCED_FACE('',(#2707),#2371,.T.);
#2106=ADVANCED_FACE('',(#2708),#2372,.T.);
#2107=ADVANCED_FACE('',(#2709),#2373,.T.);
#2108=ADVANCED_FACE('',(#2710),#2374,.T.);
#2109=ADVANCED_FACE('',(#2711),#2375,.F.);
#2110=ADVANCED_FACE('',(#2712),#2376,.F.);
#2111=ADVANCED_FACE('',(#2713),#2377,.F.);
#2112=ADVANCED_FACE('',(#2714),#2378,.T.);
#2113=ADVANCED_FACE('',(#2715),#2379,.T.);
#2114=ADVANCED_FACE('',(#2716),#2380,.T.);
#2115=ADVANCED_FACE('',(#2717),#2381,.T.);
#2116=ADVANCED_FACE('',(#2718),#2382,.T.);
#2117=ADVANCED_FACE('',(#2719),#2383,.T.);
#2118=ADVANCED_FACE('',(#2720),#2384,.T.);
#2119=ADVANCED_FACE('',(#2721),#2385,.T.);
#2120=ADVANCED_FACE('',(#2722),#2386,.T.);
#2121=ADVANCED_FACE('',(#2723),#2387,.T.);
#2122=ADVANCED_FACE('',(#2724),#2388,.T.);
#2123=ADVANCED_FACE('',(#2725),#2389,.T.);
#2124=ADVANCED_FACE('',(#2726),#184,.F.);
#2125=ADVANCED_FACE('',(#2727),#185,.F.);
#2126=ADVANCED_FACE('',(#2728),#186,.F.);
#2127=ADVANCED_FACE('',(#2729),#187,.F.);
#2128=ADVANCED_FACE('',(#2730),#188,.F.);
#2129=ADVANCED_FACE('',(#2731),#189,.F.);
#2130=ADVANCED_FACE('',(#2732),#190,.F.);
#2131=ADVANCED_FACE('',(#2733),#191,.F.);
#2132=ADVANCED_FACE('',(#2734),#192,.F.);
#2133=ADVANCED_FACE('',(#2735),#193,.F.);
#2134=ADVANCED_FACE('',(#2736),#194,.F.);
#2135=ADVANCED_FACE('',(#2737),#195,.F.);
#2136=ADVANCED_FACE('',(#2738),#196,.F.);
#2137=ADVANCED_FACE('',(#2739),#197,.F.);
#2138=ADVANCED_FACE('',(#2740),#198,.F.);
#2139=ADVANCED_FACE('',(#2741),#199,.F.);
#2140=ADVANCED_FACE('',(#2742),#2390,.T.);
#2141=ADVANCED_FACE('',(#2743),#2391,.T.);
#2142=ADVANCED_FACE('',(#2744),#200,.T.);
#2143=ADVANCED_FACE('',(#2745),#72,.T.);
#2144=ADVANCED_FACE('',(#2746),#201,.T.);
#2145=ADVANCED_FACE('',(#2747),#202,.T.);
#2146=ADVANCED_FACE('',(#2748),#203,.T.);
#2147=ADVANCED_FACE('',(#2749),#73,.T.);
#2148=ADVANCED_FACE('',(#2750),#204,.T.);
#2149=ADVANCED_FACE('',(#2751),#74,.T.);
#2150=ADVANCED_FACE('',(#2752),#205,.T.);
#2151=ADVANCED_FACE('',(#2753),#2392,.F.);
#2152=ADVANCED_FACE('',(#2754),#2393,.F.);
#2153=ADVANCED_FACE('',(#2755),#2394,.F.);
#2154=ADVANCED_FACE('',(#2756),#2395,.F.);
#2155=ADVANCED_FACE('',(#2757),#2396,.F.);
#2156=ADVANCED_FACE('',(#2758),#2397,.F.);
#2157=ADVANCED_FACE('',(#2759),#206,.T.);
#2158=ADVANCED_FACE('',(#2760),#207,.T.);
#2159=ADVANCED_FACE('',(#2761),#208,.T.);
#2160=ADVANCED_FACE('',(#2762),#42,.T.);
#2161=ADVANCED_FACE('',(#2763),#209,.T.);
#2162=ADVANCED_FACE('',(#2764),#2398,.F.);
#2163=ADVANCED_FACE('',(#2765),#2399,.F.);
#2164=ADVANCED_FACE('',(#2766),#2400,.T.);
#2165=ADVANCED_FACE('',(#2767),#2401,.T.);
#2166=ADVANCED_FACE('',(#2768),#2402,.F.);
#2167=ADVANCED_FACE('',(#2769),#2403,.T.);
#2168=ADVANCED_FACE('',(#2770),#2404,.F.);
#2169=ADVANCED_FACE('',(#2771),#2405,.F.);
#2170=ADVANCED_FACE('',(#2772),#2406,.F.);
#2171=ADVANCED_FACE('',(#2773),#210,.T.);
#2172=ADVANCED_FACE('',(#2774),#211,.T.);
#2173=ADVANCED_FACE('',(#2775),#2407,.T.);
#2174=ADVANCED_FACE('',(#327,#328),#2408,.T.);
#2175=ADVANCED_FACE('',(#329,#330),#2409,.T.);
#2176=ADVANCED_FACE('',(#331,#332),#2410,.T.);
#2177=ADVANCED_FACE('',(#333,#334),#2411,.T.);
#2178=ADVANCED_FACE('',(#335,#336),#2412,.T.);
#2179=ADVANCED_FACE('',(#337,#338),#2413,.T.);
#2180=ADVANCED_FACE('',(#339,#340),#2414,.T.);
#2181=ADVANCED_FACE('',(#341,#342),#2415,.T.);
#2182=ADVANCED_FACE('',(#2776),#34,.T.);
#2183=ADVANCED_FACE('',(#343,#344),#212,.T.);
#2184=ADVANCED_FACE('',(#2777),#35,.T.);
#2185=ADVANCED_FACE('',(#345,#346),#213,.T.);
#2186=ADVANCED_FACE('',(#2778),#36,.T.);
#2187=ADVANCED_FACE('',(#347,#348),#214,.T.);
#2188=ADVANCED_FACE('',(#2779),#37,.T.);
#2189=ADVANCED_FACE('',(#349,#350),#215,.T.);
#2190=ADVANCED_FACE('',(#2780),#38,.T.);
#2191=ADVANCED_FACE('',(#351,#352),#216,.T.);
#2192=ADVANCED_FACE('',(#2781),#39,.T.);
#2193=ADVANCED_FACE('',(#353,#354),#217,.T.);
#2194=ADVANCED_FACE('',(#2782),#40,.T.);
#2195=ADVANCED_FACE('',(#355,#356),#218,.T.);
#2196=ADVANCED_FACE('',(#2783),#41,.T.);
#2197=ADVANCED_FACE('',(#357,#358),#219,.T.);
#2198=PLANE('',#7505);
#2199=PLANE('',#7533);
#2200=PLANE('',#7567);
#2201=PLANE('',#7568);
#2202=PLANE('',#7571);
#2203=PLANE('',#7580);
#2204=PLANE('',#7581);
#2205=PLANE('',#7582);
#2206=PLANE('',#7589);
#2207=PLANE('',#7590);
#2208=PLANE('',#7591);
#2209=PLANE('',#7593);
#2210=PLANE('',#7594);
#2211=PLANE('',#7595);
#2212=PLANE('',#7596);
#2213=PLANE('',#7599);
#2214=PLANE('',#7606);
#2215=PLANE('',#7607);
#2216=PLANE('',#7611);
#2217=PLANE('',#7612);
#2218=PLANE('',#7616);
#2219=PLANE('',#7662);
#2220=PLANE('',#7719);
#2221=PLANE('',#7720);
#2222=PLANE('',#7723);
#2223=PLANE('',#7724);
#2224=PLANE('',#7726);
#2225=PLANE('',#7727);
#2226=PLANE('',#7729);
#2227=PLANE('',#7740);
#2228=PLANE('',#7743);
#2229=PLANE('',#7745);
#2230=PLANE('',#7748);
#2231=PLANE('',#7750);
#2232=PLANE('',#7753);
#2233=PLANE('',#7758);
#2234=PLANE('',#7761);
#2235=PLANE('',#7763);
#2236=PLANE('',#7766);
#2237=PLANE('',#7772);
#2238=PLANE('',#7773);
#2239=PLANE('',#7776);
#2240=PLANE('',#7778);
#2241=PLANE('',#7781);
#2242=PLANE('',#7784);
#2243=PLANE('',#7787);
#2244=PLANE('',#7790);
#2245=PLANE('',#7791);
#2246=PLANE('',#7796);
#2247=PLANE('',#7798);
#2248=PLANE('',#7799);
#2249=PLANE('',#7802);
#2250=PLANE('',#7803);
#2251=PLANE('',#7808);
#2252=PLANE('',#7812);
#2253=PLANE('',#7815);
#2254=PLANE('',#7822);
#2255=PLANE('',#7823);
#2256=PLANE('',#7828);
#2257=PLANE('',#7830);
#2258=PLANE('',#7835);
#2259=PLANE('',#7840);
#2260=PLANE('',#7841);
#2261=PLANE('',#7842);
#2262=PLANE('',#7843);
#2263=PLANE('',#7844);
#2264=PLANE('',#7845);
#2265=PLANE('',#7846);
#2266=PLANE('',#7847);
#2267=PLANE('',#7848);
#2268=PLANE('',#7851);
#2269=PLANE('',#7852);
#2270=PLANE('',#7853);
#2271=PLANE('',#7854);
#2272=PLANE('',#7858);
#2273=PLANE('',#7868);
#2274=PLANE('',#7869);
#2275=PLANE('',#7873);
#2276=PLANE('',#7874);
#2277=PLANE('',#7875);
#2278=PLANE('',#7876);
#2279=PLANE('',#7877);
#2280=PLANE('',#7879);
#2281=PLANE('',#7880);
#2282=PLANE('',#7883);
#2283=PLANE('',#7886);
#2284=PLANE('',#7889);
#2285=PLANE('',#7891);
#2286=PLANE('',#7894);
#2287=PLANE('',#7896);
#2288=PLANE('',#7899);
#2289=PLANE('',#7900);
#2290=PLANE('',#7901);
#2291=PLANE('',#7904);
#2292=PLANE('',#7907);
#2293=PLANE('',#7908);
#2294=PLANE('',#7909);
#2295=PLANE('',#7912);
#2296=PLANE('',#7913);
#2297=PLANE('',#7917);
#2298=PLANE('',#7918);
#2299=PLANE('',#7921);
#2300=PLANE('',#7923);
#2301=PLANE('',#7924);
#2302=PLANE('',#7925);
#2303=PLANE('',#7926);
#2304=PLANE('',#7929);
#2305=PLANE('',#7930);
#2306=PLANE('',#7931);
#2307=PLANE('',#7932);
#2308=PLANE('',#7935);
#2309=PLANE('',#7936);
#2310=PLANE('',#7937);
#2311=PLANE('',#7938);
#2312=PLANE('',#7939);
#2313=PLANE('',#7940);
#2314=PLANE('',#7941);
#2315=PLANE('',#7942);
#2316=PLANE('',#7943);
#2317=PLANE('',#7946);
#2318=PLANE('',#7947);
#2319=PLANE('',#7951);
#2320=PLANE('',#7961);
#2321=PLANE('',#7962);
#2322=PLANE('',#7966);
#2323=PLANE('',#7967);
#2324=PLANE('',#7968);
#2325=PLANE('',#7969);
#2326=PLANE('',#7970);
#2327=PLANE('',#7972);
#2328=PLANE('',#7973);
#2329=PLANE('',#7976);
#2330=PLANE('',#7979);
#2331=PLANE('',#7982);
#2332=PLANE('',#7984);
#2333=PLANE('',#7987);
#2334=PLANE('',#7989);
#2335=PLANE('',#7992);
#2336=PLANE('',#7993);
#2337=PLANE('',#7994);
#2338=PLANE('',#7997);
#2339=PLANE('',#8000);
#2340=PLANE('',#8001);
#2341=PLANE('',#8002);
#2342=PLANE('',#8005);
#2343=PLANE('',#8006);
#2344=PLANE('',#8010);
#2345=PLANE('',#8011);
#2346=PLANE('',#8013);
#2347=PLANE('',#8015);
#2348=PLANE('',#8016);
#2349=PLANE('',#8017);
#2350=PLANE('',#8020);
#2351=PLANE('',#8021);
#2352=PLANE('',#8022);
#2353=PLANE('',#8025);
#2354=PLANE('',#8026);
#2355=PLANE('',#8027);
#2356=PLANE('',#8028);
#2357=PLANE('',#8029);
#2358=PLANE('',#8030);
#2359=PLANE('',#8033);
#2360=PLANE('',#8034);
#2361=PLANE('',#8035);
#2362=PLANE('',#8036);
#2363=PLANE('',#8037);
#2364=PLANE('',#8038);
#2365=PLANE('',#8039);
#2366=PLANE('',#8042);
#2367=PLANE('',#8043);
#2368=PLANE('',#8044);
#2369=PLANE('',#8117);
#2370=PLANE('',#8118);
#2371=PLANE('',#8119);
#2372=PLANE('',#8120);
#2373=PLANE('',#8121);
#2374=PLANE('',#8122);
#2375=PLANE('',#8123);
#2376=PLANE('',#8126);
#2377=PLANE('',#8127);
#2378=PLANE('',#8128);
#2379=PLANE('',#8129);
#2380=PLANE('',#8130);
#2381=PLANE('',#8131);
#2382=PLANE('',#8132);
#2383=PLANE('',#8133);
#2384=PLANE('',#8134);
#2385=PLANE('',#8135);
#2386=PLANE('',#8136);
#2387=PLANE('',#8137);
#2388=PLANE('',#8138);
#2389=PLANE('',#8139);
#2390=PLANE('',#8156);
#2391=PLANE('',#8157);
#2392=PLANE('',#8174);
#2393=PLANE('',#8175);
#2394=PLANE('',#8176);
#2395=PLANE('',#8177);
#2396=PLANE('',#8178);
#2397=PLANE('',#8179);
#2398=PLANE('',#8185);
#2399=PLANE('',#8186);
#2400=PLANE('',#8187);
#2401=PLANE('',#8188);
#2402=PLANE('',#8189);
#2403=PLANE('',#8190);
#2404=PLANE('',#8191);
#2405=PLANE('',#8192);
#2406=PLANE('',#8193);
#2407=PLANE('',#8196);
#2408=PLANE('',#8198);
#2409=PLANE('',#8200);
#2410=PLANE('',#8202);
#2411=PLANE('',#8204);
#2412=PLANE('',#8206);
#2413=PLANE('',#8208);
#2414=PLANE('',#8210);
#2415=PLANE('',#8212);
#2416=FACE_OUTER_BOUND('',#2784,.T.);
#2417=FACE_OUTER_BOUND('',#2787,.T.);
#2418=FACE_OUTER_BOUND('',#2792,.T.);
#2419=FACE_OUTER_BOUND('',#2795,.T.);
#2420=FACE_OUTER_BOUND('',#2798,.T.);
#2421=FACE_OUTER_BOUND('',#2805,.T.);
#2422=FACE_OUTER_BOUND('',#2806,.T.);
#2423=FACE_OUTER_BOUND('',#2807,.T.);
#2424=FACE_OUTER_BOUND('',#2808,.T.);
#2425=FACE_OUTER_BOUND('',#2809,.T.);
#2426=FACE_OUTER_BOUND('',#2810,.T.);
#2427=FACE_OUTER_BOUND('',#2814,.T.);
#2428=FACE_OUTER_BOUND('',#2815,.T.);
#2429=FACE_OUTER_BOUND('',#2816,.T.);
#2430=FACE_OUTER_BOUND('',#2817,.T.);
#2431=FACE_OUTER_BOUND('',#2818,.T.);
#2432=FACE_OUTER_BOUND('',#2819,.T.);
#2433=FACE_OUTER_BOUND('',#2820,.T.);
#2434=FACE_OUTER_BOUND('',#2821,.T.);
#2435=FACE_OUTER_BOUND('',#2822,.T.);
#2436=FACE_OUTER_BOUND('',#2826,.T.);
#2437=FACE_OUTER_BOUND('',#2827,.T.);
#2438=FACE_OUTER_BOUND('',#2830,.T.);
#2439=FACE_OUTER_BOUND('',#2831,.T.);
#2440=FACE_OUTER_BOUND('',#2832,.T.);
#2441=FACE_OUTER_BOUND('',#2833,.T.);
#2442=FACE_OUTER_BOUND('',#2834,.T.);
#2443=FACE_OUTER_BOUND('',#2835,.T.);
#2444=FACE_OUTER_BOUND('',#2836,.T.);
#2445=FACE_OUTER_BOUND('',#2837,.T.);
#2446=FACE_OUTER_BOUND('',#2838,.T.);
#2447=FACE_OUTER_BOUND('',#2839,.T.);
#2448=FACE_OUTER_BOUND('',#2854,.T.);
#2449=FACE_OUTER_BOUND('',#2855,.T.);
#2450=FACE_OUTER_BOUND('',#2856,.T.);
#2451=FACE_OUTER_BOUND('',#2857,.T.);
#2452=FACE_OUTER_BOUND('',#2858,.T.);
#2453=FACE_OUTER_BOUND('',#2859,.T.);
#2454=FACE_OUTER_BOUND('',#2860,.T.);
#2455=FACE_OUTER_BOUND('',#2861,.T.);
#2456=FACE_OUTER_BOUND('',#2862,.T.);
#2457=FACE_OUTER_BOUND('',#2863,.T.);
#2458=FACE_OUTER_BOUND('',#2866,.T.);
#2459=FACE_OUTER_BOUND('',#2867,.T.);
#2460=FACE_OUTER_BOUND('',#2868,.T.);
#2461=FACE_OUTER_BOUND('',#2869,.T.);
#2462=FACE_OUTER_BOUND('',#2872,.T.);
#2463=FACE_OUTER_BOUND('',#2873,.T.);
#2464=FACE_OUTER_BOUND('',#2874,.T.);
#2465=FACE_OUTER_BOUND('',#2875,.T.);
#2466=FACE_OUTER_BOUND('',#2876,.T.);
#2467=FACE_OUTER_BOUND('',#2877,.T.);
#2468=FACE_OUTER_BOUND('',#2878,.T.);
#2469=FACE_OUTER_BOUND('',#2879,.T.);
#2470=FACE_OUTER_BOUND('',#2880,.T.);
#2471=FACE_OUTER_BOUND('',#2881,.T.);
#2472=FACE_OUTER_BOUND('',#2882,.T.);
#2473=FACE_OUTER_BOUND('',#2883,.T.);
#2474=FACE_OUTER_BOUND('',#2884,.T.);
#2475=FACE_OUTER_BOUND('',#2885,.T.);
#2476=FACE_OUTER_BOUND('',#2886,.T.);
#2477=FACE_OUTER_BOUND('',#2887,.T.);
#2478=FACE_OUTER_BOUND('',#2888,.T.);
#2479=FACE_OUTER_BOUND('',#2889,.T.);
#2480=FACE_OUTER_BOUND('',#2890,.T.);
#2481=FACE_OUTER_BOUND('',#2893,.T.);
#2482=FACE_OUTER_BOUND('',#2894,.T.);
#2483=FACE_OUTER_BOUND('',#2895,.T.);
#2484=FACE_OUTER_BOUND('',#2896,.T.);
#2485=FACE_OUTER_BOUND('',#2897,.T.);
#2486=FACE_OUTER_BOUND('',#2898,.T.);
#2487=FACE_OUTER_BOUND('',#2899,.T.);
#2488=FACE_OUTER_BOUND('',#2900,.T.);
#2489=FACE_OUTER_BOUND('',#2901,.T.);
#2490=FACE_OUTER_BOUND('',#2902,.T.);
#2491=FACE_OUTER_BOUND('',#2903,.T.);
#2492=FACE_OUTER_BOUND('',#2906,.T.);
#2493=FACE_OUTER_BOUND('',#2907,.T.);
#2494=FACE_OUTER_BOUND('',#2908,.T.);
#2495=FACE_OUTER_BOUND('',#2909,.T.);
#2496=FACE_OUTER_BOUND('',#2910,.T.);
#2497=FACE_OUTER_BOUND('',#2913,.T.);
#2498=FACE_OUTER_BOUND('',#2914,.T.);
#2499=FACE_OUTER_BOUND('',#2915,.T.);
#2500=FACE_OUTER_BOUND('',#2916,.T.);
#2501=FACE_OUTER_BOUND('',#2917,.T.);
#2502=FACE_OUTER_BOUND('',#2918,.T.);
#2503=FACE_OUTER_BOUND('',#2919,.T.);
#2504=FACE_OUTER_BOUND('',#2920,.T.);
#2505=FACE_OUTER_BOUND('',#2921,.T.);
#2506=FACE_OUTER_BOUND('',#2922,.T.);
#2507=FACE_OUTER_BOUND('',#2923,.T.);
#2508=FACE_OUTER_BOUND('',#2924,.T.);
#2509=FACE_OUTER_BOUND('',#2925,.T.);
#2510=FACE_OUTER_BOUND('',#2926,.T.);
#2511=FACE_OUTER_BOUND('',#2927,.T.);
#2512=FACE_OUTER_BOUND('',#2928,.T.);
#2513=FACE_OUTER_BOUND('',#2931,.T.);
#2514=FACE_OUTER_BOUND('',#2932,.T.);
#2515=FACE_OUTER_BOUND('',#2933,.T.);
#2516=FACE_OUTER_BOUND('',#2934,.T.);
#2517=FACE_OUTER_BOUND('',#2935,.T.);
#2518=FACE_OUTER_BOUND('',#2936,.T.);
#2519=FACE_OUTER_BOUND('',#2937,.T.);
#2520=FACE_OUTER_BOUND('',#2938,.T.);
#2521=FACE_OUTER_BOUND('',#2939,.T.);
#2522=FACE_OUTER_BOUND('',#2942,.T.);
#2523=FACE_OUTER_BOUND('',#2943,.T.);
#2524=FACE_OUTER_BOUND('',#2944,.T.);
#2525=FACE_OUTER_BOUND('',#2945,.T.);
#2526=FACE_OUTER_BOUND('',#2946,.T.);
#2527=FACE_OUTER_BOUND('',#2947,.T.);
#2528=FACE_OUTER_BOUND('',#2948,.T.);
#2529=FACE_OUTER_BOUND('',#2949,.T.);
#2530=FACE_OUTER_BOUND('',#2950,.T.);
#2531=FACE_OUTER_BOUND('',#2951,.T.);
#2532=FACE_OUTER_BOUND('',#2952,.T.);
#2533=FACE_OUTER_BOUND('',#2953,.T.);
#2534=FACE_OUTER_BOUND('',#2954,.T.);
#2535=FACE_OUTER_BOUND('',#2955,.T.);
#2536=FACE_OUTER_BOUND('',#2956,.T.);
#2537=FACE_OUTER_BOUND('',#2957,.T.);
#2538=FACE_OUTER_BOUND('',#2958,.T.);
#2539=FACE_OUTER_BOUND('',#2959,.T.);
#2540=FACE_OUTER_BOUND('',#2960,.T.);
#2541=FACE_OUTER_BOUND('',#2961,.T.);
#2542=FACE_OUTER_BOUND('',#2962,.T.);
#2543=FACE_OUTER_BOUND('',#2963,.T.);
#2544=FACE_OUTER_BOUND('',#2964,.T.);
#2545=FACE_OUTER_BOUND('',#2965,.T.);
#2546=FACE_OUTER_BOUND('',#2966,.T.);
#2547=FACE_OUTER_BOUND('',#2967,.T.);
#2548=FACE_OUTER_BOUND('',#2968,.T.);
#2549=FACE_OUTER_BOUND('',#2969,.T.);
#2550=FACE_OUTER_BOUND('',#2970,.T.);
#2551=FACE_OUTER_BOUND('',#2971,.T.);
#2552=FACE_OUTER_BOUND('',#2972,.T.);
#2553=FACE_OUTER_BOUND('',#2973,.T.);
#2554=FACE_OUTER_BOUND('',#2974,.T.);
#2555=FACE_OUTER_BOUND('',#2975,.T.);
#2556=FACE_OUTER_BOUND('',#2976,.T.);
#2557=FACE_OUTER_BOUND('',#2977,.T.);
#2558=FACE_OUTER_BOUND('',#2978,.T.);
#2559=FACE_OUTER_BOUND('',#2979,.T.);
#2560=FACE_OUTER_BOUND('',#2980,.T.);
#2561=FACE_OUTER_BOUND('',#2981,.T.);
#2562=FACE_OUTER_BOUND('',#2982,.T.);
#2563=FACE_OUTER_BOUND('',#2983,.T.);
#2564=FACE_OUTER_BOUND('',#2984,.T.);
#2565=FACE_OUTER_BOUND('',#2985,.T.);
#2566=FACE_OUTER_BOUND('',#2986,.T.);
#2567=FACE_OUTER_BOUND('',#2987,.T.);
#2568=FACE_OUTER_BOUND('',#2988,.T.);
#2569=FACE_OUTER_BOUND('',#2989,.T.);
#2570=FACE_OUTER_BOUND('',#2990,.T.);
#2571=FACE_OUTER_BOUND('',#2991,.T.);
#2572=FACE_OUTER_BOUND('',#2992,.T.);
#2573=FACE_OUTER_BOUND('',#2993,.T.);
#2574=FACE_OUTER_BOUND('',#2994,.T.);
#2575=FACE_OUTER_BOUND('',#2995,.T.);
#2576=FACE_OUTER_BOUND('',#2996,.T.);
#2577=FACE_OUTER_BOUND('',#2997,.T.);
#2578=FACE_OUTER_BOUND('',#2998,.T.);
#2579=FACE_OUTER_BOUND('',#2999,.T.);
#2580=FACE_OUTER_BOUND('',#3000,.T.);
#2581=FACE_OUTER_BOUND('',#3001,.T.);
#2582=FACE_OUTER_BOUND('',#3002,.T.);
#2583=FACE_OUTER_BOUND('',#3003,.T.);
#2584=FACE_OUTER_BOUND('',#3004,.T.);
#2585=FACE_OUTER_BOUND('',#3005,.T.);
#2586=FACE_OUTER_BOUND('',#3006,.T.);
#2587=FACE_OUTER_BOUND('',#3007,.T.);
#2588=FACE_OUTER_BOUND('',#3008,.T.);
#2589=FACE_OUTER_BOUND('',#3009,.T.);
#2590=FACE_OUTER_BOUND('',#3010,.T.);
#2591=FACE_OUTER_BOUND('',#3011,.T.);
#2592=FACE_OUTER_BOUND('',#3012,.T.);
#2593=FACE_OUTER_BOUND('',#3013,.T.);
#2594=FACE_OUTER_BOUND('',#3014,.T.);
#2595=FACE_OUTER_BOUND('',#3015,.T.);
#2596=FACE_OUTER_BOUND('',#3016,.T.);
#2597=FACE_OUTER_BOUND('',#3017,.T.);
#2598=FACE_OUTER_BOUND('',#3018,.T.);
#2599=FACE_OUTER_BOUND('',#3019,.T.);
#2600=FACE_OUTER_BOUND('',#3020,.T.);
#2601=FACE_OUTER_BOUND('',#3021,.T.);
#2602=FACE_OUTER_BOUND('',#3022,.T.);
#2603=FACE_OUTER_BOUND('',#3023,.T.);
#2604=FACE_OUTER_BOUND('',#3024,.T.);
#2605=FACE_OUTER_BOUND('',#3025,.T.);
#2606=FACE_OUTER_BOUND('',#3026,.T.);
#2607=FACE_OUTER_BOUND('',#3027,.T.);
#2608=FACE_OUTER_BOUND('',#3028,.T.);
#2609=FACE_OUTER_BOUND('',#3029,.T.);
#2610=FACE_OUTER_BOUND('',#3030,.T.);
#2611=FACE_OUTER_BOUND('',#3031,.T.);
#2612=FACE_OUTER_BOUND('',#3032,.T.);
#2613=FACE_OUTER_BOUND('',#3033,.T.);
#2614=FACE_OUTER_BOUND('',#3034,.T.);
#2615=FACE_OUTER_BOUND('',#3035,.T.);
#2616=FACE_OUTER_BOUND('',#3036,.T.);
#2617=FACE_OUTER_BOUND('',#3037,.T.);
#2618=FACE_OUTER_BOUND('',#3038,.T.);
#2619=FACE_OUTER_BOUND('',#3039,.T.);
#2620=FACE_OUTER_BOUND('',#3040,.T.);
#2621=FACE_OUTER_BOUND('',#3041,.T.);
#2622=FACE_OUTER_BOUND('',#3042,.T.);
#2623=FACE_OUTER_BOUND('',#3043,.T.);
#2624=FACE_OUTER_BOUND('',#3044,.T.);
#2625=FACE_OUTER_BOUND('',#3045,.T.);
#2626=FACE_OUTER_BOUND('',#3046,.T.);
#2627=FACE_OUTER_BOUND('',#3047,.T.);
#2628=FACE_OUTER_BOUND('',#3048,.T.);
#2629=FACE_OUTER_BOUND('',#3049,.T.);
#2630=FACE_OUTER_BOUND('',#3050,.T.);
#2631=FACE_OUTER_BOUND('',#3051,.T.);
#2632=FACE_OUTER_BOUND('',#3052,.T.);
#2633=FACE_OUTER_BOUND('',#3053,.T.);
#2634=FACE_OUTER_BOUND('',#3054,.T.);
#2635=FACE_OUTER_BOUND('',#3055,.T.);
#2636=FACE_OUTER_BOUND('',#3056,.T.);
#2637=FACE_OUTER_BOUND('',#3057,.T.);
#2638=FACE_OUTER_BOUND('',#3058,.T.);
#2639=FACE_OUTER_BOUND('',#3059,.T.);
#2640=FACE_OUTER_BOUND('',#3060,.T.);
#2641=FACE_OUTER_BOUND('',#3061,.T.);
#2642=FACE_OUTER_BOUND('',#3062,.T.);
#2643=FACE_OUTER_BOUND('',#3063,.T.);
#2644=FACE_OUTER_BOUND('',#3064,.T.);
#2645=FACE_OUTER_BOUND('',#3065,.T.);
#2646=FACE_OUTER_BOUND('',#3066,.T.);
#2647=FACE_OUTER_BOUND('',#3067,.T.);
#2648=FACE_OUTER_BOUND('',#3068,.T.);
#2649=FACE_OUTER_BOUND('',#3069,.T.);
#2650=FACE_OUTER_BOUND('',#3070,.T.);
#2651=FACE_OUTER_BOUND('',#3071,.T.);
#2652=FACE_OUTER_BOUND('',#3072,.T.);
#2653=FACE_OUTER_BOUND('',#3073,.T.);
#2654=FACE_OUTER_BOUND('',#3074,.T.);
#2655=FACE_OUTER_BOUND('',#3075,.T.);
#2656=FACE_OUTER_BOUND('',#3076,.T.);
#2657=FACE_OUTER_BOUND('',#3077,.T.);
#2658=FACE_OUTER_BOUND('',#3078,.T.);
#2659=FACE_OUTER_BOUND('',#3079,.T.);
#2660=FACE_OUTER_BOUND('',#3080,.T.);
#2661=FACE_OUTER_BOUND('',#3081,.T.);
#2662=FACE_OUTER_BOUND('',#3082,.T.);
#2663=FACE_OUTER_BOUND('',#3083,.T.);
#2664=FACE_OUTER_BOUND('',#3084,.T.);
#2665=FACE_OUTER_BOUND('',#3085,.T.);
#2666=FACE_OUTER_BOUND('',#3086,.T.);
#2667=FACE_OUTER_BOUND('',#3087,.T.);
#2668=FACE_OUTER_BOUND('',#3088,.T.);
#2669=FACE_OUTER_BOUND('',#3089,.T.);
#2670=FACE_OUTER_BOUND('',#3090,.T.);
#2671=FACE_OUTER_BOUND('',#3091,.T.);
#2672=FACE_OUTER_BOUND('',#3092,.T.);
#2673=FACE_OUTER_BOUND('',#3093,.T.);
#2674=FACE_OUTER_BOUND('',#3094,.T.);
#2675=FACE_OUTER_BOUND('',#3095,.T.);
#2676=FACE_OUTER_BOUND('',#3096,.T.);
#2677=FACE_OUTER_BOUND('',#3097,.T.);
#2678=FACE_OUTER_BOUND('',#3098,.T.);
#2679=FACE_OUTER_BOUND('',#3099,.T.);
#2680=FACE_OUTER_BOUND('',#3100,.T.);
#2681=FACE_OUTER_BOUND('',#3101,.T.);
#2682=FACE_OUTER_BOUND('',#3102,.T.);
#2683=FACE_OUTER_BOUND('',#3103,.T.);
#2684=FACE_OUTER_BOUND('',#3104,.T.);
#2685=FACE_OUTER_BOUND('',#3105,.T.);
#2686=FACE_OUTER_BOUND('',#3106,.T.);
#2687=FACE_OUTER_BOUND('',#3107,.T.);
#2688=FACE_OUTER_BOUND('',#3108,.T.);
#2689=FACE_OUTER_BOUND('',#3109,.T.);
#2690=FACE_OUTER_BOUND('',#3110,.T.);
#2691=FACE_OUTER_BOUND('',#3111,.T.);
#2692=FACE_OUTER_BOUND('',#3112,.T.);
#2693=FACE_OUTER_BOUND('',#3113,.T.);
#2694=FACE_OUTER_BOUND('',#3114,.T.);
#2695=FACE_OUTER_BOUND('',#3115,.T.);
#2696=FACE_OUTER_BOUND('',#3116,.T.);
#2697=FACE_OUTER_BOUND('',#3117,.T.);
#2698=FACE_OUTER_BOUND('',#3118,.T.);
#2699=FACE_OUTER_BOUND('',#3119,.T.);
#2700=FACE_OUTER_BOUND('',#3120,.T.);
#2701=FACE_OUTER_BOUND('',#3121,.T.);
#2702=FACE_OUTER_BOUND('',#3122,.T.);
#2703=FACE_OUTER_BOUND('',#3123,.T.);
#2704=FACE_OUTER_BOUND('',#3124,.T.);
#2705=FACE_OUTER_BOUND('',#3125,.T.);
#2706=FACE_OUTER_BOUND('',#3126,.T.);
#2707=FACE_OUTER_BOUND('',#3127,.T.);
#2708=FACE_OUTER_BOUND('',#3128,.T.);
#2709=FACE_OUTER_BOUND('',#3129,.T.);
#2710=FACE_OUTER_BOUND('',#3130,.T.);
#2711=FACE_OUTER_BOUND('',#3131,.T.);
#2712=FACE_OUTER_BOUND('',#3132,.T.);
#2713=FACE_OUTER_BOUND('',#3133,.T.);
#2714=FACE_OUTER_BOUND('',#3134,.T.);
#2715=FACE_OUTER_BOUND('',#3135,.T.);
#2716=FACE_OUTER_BOUND('',#3136,.T.);
#2717=FACE_OUTER_BOUND('',#3137,.T.);
#2718=FACE_OUTER_BOUND('',#3138,.T.);
#2719=FACE_OUTER_BOUND('',#3139,.T.);
#2720=FACE_OUTER_BOUND('',#3140,.T.);
#2721=FACE_OUTER_BOUND('',#3141,.T.);
#2722=FACE_OUTER_BOUND('',#3142,.T.);
#2723=FACE_OUTER_BOUND('',#3143,.T.);
#2724=FACE_OUTER_BOUND('',#3144,.T.);
#2725=FACE_OUTER_BOUND('',#3145,.T.);
#2726=FACE_OUTER_BOUND('',#3146,.T.);
#2727=FACE_OUTER_BOUND('',#3147,.T.);
#2728=FACE_OUTER_BOUND('',#3148,.T.);
#2729=FACE_OUTER_BOUND('',#3149,.T.);
#2730=FACE_OUTER_BOUND('',#3150,.T.);
#2731=FACE_OUTER_BOUND('',#3151,.T.);
#2732=FACE_OUTER_BOUND('',#3152,.T.);
#2733=FACE_OUTER_BOUND('',#3153,.T.);
#2734=FACE_OUTER_BOUND('',#3154,.T.);
#2735=FACE_OUTER_BOUND('',#3155,.T.);
#2736=FACE_OUTER_BOUND('',#3156,.T.);
#2737=FACE_OUTER_BOUND('',#3157,.T.);
#2738=FACE_OUTER_BOUND('',#3158,.T.);
#2739=FACE_OUTER_BOUND('',#3159,.T.);
#2740=FACE_OUTER_BOUND('',#3160,.T.);
#2741=FACE_OUTER_BOUND('',#3161,.T.);
#2742=FACE_OUTER_BOUND('',#3162,.T.);
#2743=FACE_OUTER_BOUND('',#3163,.T.);
#2744=FACE_OUTER_BOUND('',#3164,.T.);
#2745=FACE_OUTER_BOUND('',#3165,.T.);
#2746=FACE_OUTER_BOUND('',#3166,.T.);
#2747=FACE_OUTER_BOUND('',#3167,.T.);
#2748=FACE_OUTER_BOUND('',#3168,.T.);
#2749=FACE_OUTER_BOUND('',#3169,.T.);
#2750=FACE_OUTER_BOUND('',#3170,.T.);
#2751=FACE_OUTER_BOUND('',#3171,.T.);
#2752=FACE_OUTER_BOUND('',#3172,.T.);
#2753=FACE_OUTER_BOUND('',#3173,.T.);
#2754=FACE_OUTER_BOUND('',#3174,.T.);
#2755=FACE_OUTER_BOUND('',#3175,.T.);
#2756=FACE_OUTER_BOUND('',#3176,.T.);
#2757=FACE_OUTER_BOUND('',#3177,.T.);
#2758=FACE_OUTER_BOUND('',#3178,.T.);
#2759=FACE_OUTER_BOUND('',#3179,.T.);
#2760=FACE_OUTER_BOUND('',#3180,.T.);
#2761=FACE_OUTER_BOUND('',#3181,.T.);
#2762=FACE_OUTER_BOUND('',#3182,.T.);
#2763=FACE_OUTER_BOUND('',#3183,.T.);
#2764=FACE_OUTER_BOUND('',#3184,.T.);
#2765=FACE_OUTER_BOUND('',#3185,.T.);
#2766=FACE_OUTER_BOUND('',#3186,.T.);
#2767=FACE_OUTER_BOUND('',#3187,.T.);
#2768=FACE_OUTER_BOUND('',#3188,.T.);
#2769=FACE_OUTER_BOUND('',#3189,.T.);
#2770=FACE_OUTER_BOUND('',#3190,.T.);
#2771=FACE_OUTER_BOUND('',#3191,.T.);
#2772=FACE_OUTER_BOUND('',#3192,.T.);
#2773=FACE_OUTER_BOUND('',#3193,.T.);
#2774=FACE_OUTER_BOUND('',#3194,.T.);
#2775=FACE_OUTER_BOUND('',#3195,.T.);
#2776=FACE_OUTER_BOUND('',#3212,.T.);
#2777=FACE_OUTER_BOUND('',#3215,.T.);
#2778=FACE_OUTER_BOUND('',#3218,.T.);
#2779=FACE_OUTER_BOUND('',#3221,.T.);
#2780=FACE_OUTER_BOUND('',#3224,.T.);
#2781=FACE_OUTER_BOUND('',#3227,.T.);
#2782=FACE_OUTER_BOUND('',#3230,.T.);
#2783=FACE_OUTER_BOUND('',#3233,.T.);
#2784=EDGE_LOOP('',(#3236));
#2785=EDGE_LOOP('',(#3237,#3238,#3239,#3240,#3241,#3242,#3243,#3244,#3245,
#3246,#3247,#3248,#3249,#3250,#3251,#3252,#3253,#3254,#3255,#3256,#3257,
#3258,#3259,#3260));
#2786=EDGE_LOOP('',(#3261,#3262,#3263,#3264,#3265,#3266,#3267,#3268,#3269,
#3270,#3271,#3272,#3273,#3274,#3275,#3276,#3277,#3278,#3279,#3280,#3281,
#3282,#3283,#3284,#3285,#3286,#3287,#3288));
#2787=EDGE_LOOP('',(#3289,#3290,#3291,#3292,#3293,#3294));
#2788=EDGE_LOOP('',(#3295,#3296,#3297,#3298,#3299,#3300));
#2789=EDGE_LOOP('',(#3301));
#2790=EDGE_LOOP('',(#3302,#3303,#3304,#3305,#3306,#3307,#3308));
#2791=EDGE_LOOP('',(#3309));
#2792=EDGE_LOOP('',(#3310,#3311,#3312,#3313,#3314,#3315));
#2793=EDGE_LOOP('',(#3316,#3317,#3318,#3319,#3320,#3321));
#2794=EDGE_LOOP('',(#3322));
#2795=EDGE_LOOP('',(#3323,#3324,#3325,#3326,#3327,#3328));
#2796=EDGE_LOOP('',(#3329,#3330,#3331,#3332,#3333,#3334));
#2797=EDGE_LOOP('',(#3335));
#2798=EDGE_LOOP('',(#3336,#3337,#3338,#3339,#3340,#3341));
#2799=EDGE_LOOP('',(#3342,#3343,#3344,#3345,#3346,#3347));
#2800=EDGE_LOOP('',(#3348));
#2801=EDGE_LOOP('',(#3349,#3350,#3351,#3352,#3353,#3354));
#2802=EDGE_LOOP('',(#3355));
#2803=EDGE_LOOP('',(#3356,#3357,#3358,#3359,#3360,#3361));
#2804=EDGE_LOOP('',(#3362));
#2805=EDGE_LOOP('',(#3363,#3364,#3365,#3366));
#2806=EDGE_LOOP('',(#3367,#3368,#3369,#3370));
#2807=EDGE_LOOP('',(#3371,#3372,#3373,#3374,#3375,#3376,#3377));
#2808=EDGE_LOOP('',(#3378,#3379,#3380,#3381));
#2809=EDGE_LOOP('',(#3382,#3383,#3384,#3385));
#2810=EDGE_LOOP('',(#3386,#3387,#3388,#3389,#3390));
#2811=EDGE_LOOP('',(#3391,#3392,#3393,#3394));
#2812=EDGE_LOOP('',(#3395,#3396,#3397,#3398));
#2813=EDGE_LOOP('',(#3399,#3400,#3401,#3402,#3403,#3404,#3405,#3406,#3407,
#3408,#3409,#3410,#3411,#3412,#3413,#3414,#3415,#3416));
#2814=EDGE_LOOP('',(#3417,#3418,#3419,#3420));
#2815=EDGE_LOOP('',(#3421,#3422,#3423,#3424,#3425,#3426));
#2816=EDGE_LOOP('',(#3427,#3428,#3429,#3430,#3431));
#2817=EDGE_LOOP('',(#3432,#3433,#3434,#3435,#3436));
#2818=EDGE_LOOP('',(#3437,#3438,#3439,#3440));
#2819=EDGE_LOOP('',(#3441,#3442,#3443,#3444));
#2820=EDGE_LOOP('',(#3445,#3446,#3447,#3448));
#2821=EDGE_LOOP('',(#3449,#3450,#3451,#3452,#3453,#3454,#3455,#3456,#3457,
#3458,#3459));
#2822=EDGE_LOOP('',(#3460,#3461,#3462,#3463,#3464,#3465,#3466,#3467,#3468,
#3469,#3470,#3471,#3472));
#2823=EDGE_LOOP('',(#3473,#3474,#3475,#3476));
#2824=EDGE_LOOP('',(#3477,#3478,#3479,#3480));
#2825=EDGE_LOOP('',(#3481,#3482,#3483,#3484,#3485,#3486,#3487,#3488,#3489,
#3490,#3491,#3492,#3493,#3494,#3495,#3496,#3497,#3498));
#2826=EDGE_LOOP('',(#3499,#3500,#3501,#3502,#3503,#3504,#3505,#3506,#3507,
#3508,#3509,#3510,#3511));
#2827=EDGE_LOOP('',(#3512,#3513,#3514,#3515,#3516,#3517,#3518,#3519,#3520,
#3521,#3522,#3523,#3524,#3525,#3526));
#2828=EDGE_LOOP('',(#3527));
#2829=EDGE_LOOP('',(#3528));
#2830=EDGE_LOOP('',(#3529,#3530,#3531,#3532));
#2831=EDGE_LOOP('',(#3533,#3534,#3535,#3536));
#2832=EDGE_LOOP('',(#3537,#3538,#3539,#3540,#3541));
#2833=EDGE_LOOP('',(#3542,#3543,#3544,#3545));
#2834=EDGE_LOOP('',(#3546,#3547,#3548,#3549,#3550));
#2835=EDGE_LOOP('',(#3551,#3552,#3553,#3554,#3555));
#2836=EDGE_LOOP('',(#3556,#3557,#3558,#3559));
#2837=EDGE_LOOP('',(#3560,#3561,#3562,#3563,#3564));
#2838=EDGE_LOOP('',(#3565,#3566,#3567,#3568));
#2839=EDGE_LOOP('',(#3569,#3570,#3571,#3572));
#2840=EDGE_LOOP('',(#3573,#3574,#3575,#3576,#3577,#3578,#3579,#3580,#3581,
#3582,#3583,#3584,#3585,#3586,#3587,#3588,#3589,#3590,#3591,#3592,#3593,
#3594,#3595,#3596,#3597,#3598,#3599));
#2841=EDGE_LOOP('',(#3600,#3601,#3602,#3603,#3604,#3605,#3606,#3607,#3608,
#3609,#3610,#3611,#3612,#3613,#3614,#3615,#3616,#3617,#3618,#3619,#3620,
#3621,#3622,#3623,#3624,#3625,#3626,#3627,#3628,#3629,#3630,#3631,#3632,
#3633,#3634,#3635,#3636,#3637,#3638,#3639,#3640,#3641,#3642,#3643,#3644,
#3645,#3646,#3647,#3648,#3649,#3650,#3651,#3652,#3653,#3654,#3655,#3656,
#3657,#3658,#3659,#3660,#3661,#3662,#3663));
#2842=EDGE_LOOP('',(#3664,#3665,#3666,#3667,#3668,#3669,#3670,#3671,#3672,
#3673,#3674,#3675,#3676,#3677,#3678,#3679,#3680,#3681,#3682,#3683,#3684,
#3685,#3686,#3687,#3688,#3689,#3690,#3691,#3692,#3693,#3694,#3695,#3696,
#3697,#3698,#3699,#3700,#3701,#3702,#3703,#3704,#3705,#3706,#3707,#3708,
#3709,#3710,#3711,#3712,#3713,#3714,#3715,#3716,#3717,#3718,#3719,#3720,
#3721,#3722,#3723,#3724,#3725,#3726,#3727));
#2843=EDGE_LOOP('',(#3728,#3729,#3730,#3731,#3732,#3733,#3734,#3735,#3736,
#3737,#3738,#3739));
#2844=EDGE_LOOP('',(#3740));
#2845=EDGE_LOOP('',(#3741,#3742,#3743,#3744,#3745,#3746,#3747,#3748,#3749,
#3750,#3751,#3752));
#2846=EDGE_LOOP('',(#3753));
#2847=EDGE_LOOP('',(#3754));
#2848=EDGE_LOOP('',(#3755));
#2849=EDGE_LOOP('',(#3756,#3757,#3758,#3759,#3760,#3761,#3762,#3763,#3764,
#3765,#3766,#3767));
#2850=EDGE_LOOP('',(#3768));
#2851=EDGE_LOOP('',(#3769));
#2852=EDGE_LOOP('',(#3770));
#2853=EDGE_LOOP('',(#3771));
#2854=EDGE_LOOP('',(#3772,#3773,#3774,#3775));
#2855=EDGE_LOOP('',(#3776,#3777,#3778,#3779));
#2856=EDGE_LOOP('',(#3780,#3781,#3782,#3783,#3784));
#2857=EDGE_LOOP('',(#3785,#3786,#3787,#3788,#3789));
#2858=EDGE_LOOP('',(#3790,#3791,#3792,#3793));
#2859=EDGE_LOOP('',(#3794,#3795,#3796,#3797,#3798));
#2860=EDGE_LOOP('',(#3799,#3800,#3801,#3802,#3803));
#2861=EDGE_LOOP('',(#3804,#3805,#3806,#3807));
#2862=EDGE_LOOP('',(#3808,#3809,#3810,#3811));
#2863=EDGE_LOOP('',(#3812,#3813,#3814,#3815));
#2864=EDGE_LOOP('',(#3816));
#2865=EDGE_LOOP('',(#3817));
#2866=EDGE_LOOP('',(#3818,#3819,#3820,#3821));
#2867=EDGE_LOOP('',(#3822,#3823,#3824,#3825));
#2868=EDGE_LOOP('',(#3826,#3827,#3828,#3829));
#2869=EDGE_LOOP('',(#3830,#3831,#3832,#3833));
#2870=EDGE_LOOP('',(#3834));
#2871=EDGE_LOOP('',(#3835));
#2872=EDGE_LOOP('',(#3836,#3837,#3838,#3839,#3840));
#2873=EDGE_LOOP('',(#3841,#3842,#3843,#3844));
#2874=EDGE_LOOP('',(#3845,#3846,#3847,#3848,#3849));
#2875=EDGE_LOOP('',(#3850,#3851,#3852,#3853));
#2876=EDGE_LOOP('',(#3854,#3855,#3856,#3857,#3858));
#2877=EDGE_LOOP('',(#3859,#3860,#3861,#3862));
#2878=EDGE_LOOP('',(#3863,#3864,#3865,#3866,#3867));
#2879=EDGE_LOOP('',(#3868,#3869,#3870,#3871));
#2880=EDGE_LOOP('',(#3872,#3873,#3874,#3875));
#2881=EDGE_LOOP('',(#3876,#3877,#3878,#3879));
#2882=EDGE_LOOP('',(#3880,#3881,#3882,#3883));
#2883=EDGE_LOOP('',(#3884,#3885,#3886,#3887));
#2884=EDGE_LOOP('',(#3888,#3889,#3890,#3891));
#2885=EDGE_LOOP('',(#3892,#3893,#3894,#3895,#3896));
#2886=EDGE_LOOP('',(#3897,#3898,#3899,#3900));
#2887=EDGE_LOOP('',(#3901,#3902,#3903,#3904,#3905));
#2888=EDGE_LOOP('',(#3906,#3907,#3908,#3909));
#2889=EDGE_LOOP('',(#3910,#3911,#3912,#3913,#3914));
#2890=EDGE_LOOP('',(#3915,#3916,#3917,#3918));
#2891=EDGE_LOOP('',(#3919));
#2892=EDGE_LOOP('',(#3920));
#2893=EDGE_LOOP('',(#3921,#3922,#3923,#3924));
#2894=EDGE_LOOP('',(#3925,#3926,#3927,#3928));
#2895=EDGE_LOOP('',(#3929,#3930,#3931,#3932,#3933));
#2896=EDGE_LOOP('',(#3934,#3935,#3936,#3937));
#2897=EDGE_LOOP('',(#3938,#3939,#3940,#3941));
#2898=EDGE_LOOP('',(#3942,#3943,#3944,#3945));
#2899=EDGE_LOOP('',(#3946,#3947,#3948,#3949,#3950));
#2900=EDGE_LOOP('',(#3951,#3952,#3953,#3954));
#2901=EDGE_LOOP('',(#3955,#3956,#3957,#3958));
#2902=EDGE_LOOP('',(#3959,#3960,#3961,#3962));
#2903=EDGE_LOOP('',(#3963,#3964,#3965,#3966));
#2904=EDGE_LOOP('',(#3967));
#2905=EDGE_LOOP('',(#3968));
#2906=EDGE_LOOP('',(#3969,#3970,#3971,#3972,#3973));
#2907=EDGE_LOOP('',(#3974,#3975,#3976,#3977));
#2908=EDGE_LOOP('',(#3978,#3979,#3980,#3981));
#2909=EDGE_LOOP('',(#3982,#3983,#3984,#3985));
#2910=EDGE_LOOP('',(#3986,#3987,#3988,#3989));
#2911=EDGE_LOOP('',(#3990));
#2912=EDGE_LOOP('',(#3991));
#2913=EDGE_LOOP('',(#3992,#3993,#3994,#3995,#3996));
#2914=EDGE_LOOP('',(#3997,#3998,#3999,#4000));
#2915=EDGE_LOOP('',(#4001,#4002,#4003,#4004,#4005));
#2916=EDGE_LOOP('',(#4006,#4007,#4008,#4009));
#2917=EDGE_LOOP('',(#4010,#4011,#4012,#4013));
#2918=EDGE_LOOP('',(#4014,#4015,#4016,#4017));
#2919=EDGE_LOOP('',(#4018,#4019,#4020,#4021));
#2920=EDGE_LOOP('',(#4022,#4023,#4024,#4025));
#2921=EDGE_LOOP('',(#4026,#4027,#4028,#4029));
#2922=EDGE_LOOP('',(#4030,#4031,#4032,#4033));
#2923=EDGE_LOOP('',(#4034,#4035,#4036,#4037));
#2924=EDGE_LOOP('',(#4038,#4039,#4040,#4041));
#2925=EDGE_LOOP('',(#4042,#4043,#4044,#4045,#4046));
#2926=EDGE_LOOP('',(#4047,#4048,#4049,#4050));
#2927=EDGE_LOOP('',(#4051,#4052,#4053,#4054));
#2928=EDGE_LOOP('',(#4055,#4056,#4057,#4058));
#2929=EDGE_LOOP('',(#4059));
#2930=EDGE_LOOP('',(#4060));
#2931=EDGE_LOOP('',(#4061,#4062,#4063,#4064));
#2932=EDGE_LOOP('',(#4065,#4066,#4067,#4068,#4069));
#2933=EDGE_LOOP('',(#4070,#4071,#4072,#4073));
#2934=EDGE_LOOP('',(#4074,#4075,#4076,#4077));
#2935=EDGE_LOOP('',(#4078,#4079,#4080,#4081));
#2936=EDGE_LOOP('',(#4082,#4083,#4084,#4085,#4086));
#2937=EDGE_LOOP('',(#4087,#4088,#4089,#4090));
#2938=EDGE_LOOP('',(#4091,#4092,#4093,#4094,#4095));
#2939=EDGE_LOOP('',(#4096,#4097,#4098,#4099));
#2940=EDGE_LOOP('',(#4100));
#2941=EDGE_LOOP('',(#4101));
#2942=EDGE_LOOP('',(#4102,#4103,#4104,#4105));
#2943=EDGE_LOOP('',(#4106,#4107,#4108,#4109));
#2944=EDGE_LOOP('',(#4110,#4111,#4112,#4113));
#2945=EDGE_LOOP('',(#4114,#4115,#4116,#4117));
#2946=EDGE_LOOP('',(#4118,#4119,#4120,#4121));
#2947=EDGE_LOOP('',(#4122,#4123,#4124,#4125));
#2948=EDGE_LOOP('',(#4126,#4127,#4128,#4129));
#2949=EDGE_LOOP('',(#4130,#4131,#4132,#4133));
#2950=EDGE_LOOP('',(#4134,#4135,#4136,#4137,#4138));
#2951=EDGE_LOOP('',(#4139,#4140,#4141,#4142,#4143,#4144,#4145));
#2952=EDGE_LOOP('',(#4146,#4147,#4148,#4149,#4150,#4151,#4152,#4153));
#2953=EDGE_LOOP('',(#4154,#4155,#4156,#4157));
#2954=EDGE_LOOP('',(#4158,#4159,#4160,#4161,#4162,#4163,#4164,#4165,#4166,
#4167));
#2955=EDGE_LOOP('',(#4168,#4169,#4170,#4171));
#2956=EDGE_LOOP('',(#4172,#4173,#4174,#4175));
#2957=EDGE_LOOP('',(#4176,#4177,#4178,#4179,#4180,#4181,#4182,#4183,#4184));
#2958=EDGE_LOOP('',(#4185,#4186,#4187,#4188));
#2959=EDGE_LOOP('',(#4189,#4190,#4191,#4192));
#2960=EDGE_LOOP('',(#4193,#4194,#4195,#4196,#4197,#4198,#4199,#4200,#4201,
#4202,#4203,#4204,#4205,#4206,#4207,#4208,#4209,#4210,#4211,#4212,#4213,
#4214,#4215,#4216,#4217,#4218,#4219,#4220));
#2961=EDGE_LOOP('',(#4221,#4222,#4223,#4224));
#2962=EDGE_LOOP('',(#4225,#4226,#4227,#4228));
#2963=EDGE_LOOP('',(#4229,#4230,#4231,#4232));
#2964=EDGE_LOOP('',(#4233,#4234,#4235,#4236));
#2965=EDGE_LOOP('',(#4237,#4238,#4239,#4240,#4241));
#2966=EDGE_LOOP('',(#4242,#4243,#4244,#4245));
#2967=EDGE_LOOP('',(#4246,#4247,#4248,#4249,#4250));
#2968=EDGE_LOOP('',(#4251,#4252,#4253));
#2969=EDGE_LOOP('',(#4254,#4255,#4256,#4257));
#2970=EDGE_LOOP('',(#4258,#4259,#4260,#4261,#4262,#4263));
#2971=EDGE_LOOP('',(#4264,#4265,#4266,#4267));
#2972=EDGE_LOOP('',(#4268,#4269,#4270,#4271));
#2973=EDGE_LOOP('',(#4272,#4273,#4274,#4275));
#2974=EDGE_LOOP('',(#4276,#4277,#4278,#4279));
#2975=EDGE_LOOP('',(#4280,#4281,#4282,#4283));
#2976=EDGE_LOOP('',(#4284,#4285,#4286,#4287,#4288,#4289));
#2977=EDGE_LOOP('',(#4290,#4291,#4292,#4293));
#2978=EDGE_LOOP('',(#4294,#4295,#4296,#4297,#4298,#4299));
#2979=EDGE_LOOP('',(#4300,#4301,#4302,#4303,#4304));
#2980=EDGE_LOOP('',(#4305,#4306,#4307,#4308));
#2981=EDGE_LOOP('',(#4309,#4310,#4311,#4312,#4313));
#2982=EDGE_LOOP('',(#4314,#4315,#4316,#4317,#4318,#4319,#4320,#4321,#4322,
#4323));
#2983=EDGE_LOOP('',(#4324,#4325,#4326,#4327));
#2984=EDGE_LOOP('',(#4328,#4329,#4330,#4331));
#2985=EDGE_LOOP('',(#4332,#4333,#4334,#4335));
#2986=EDGE_LOOP('',(#4336,#4337,#4338,#4339));
#2987=EDGE_LOOP('',(#4340,#4341,#4342,#4343));
#2988=EDGE_LOOP('',(#4344,#4345,#4346,#4347,#4348,#4349));
#2989=EDGE_LOOP('',(#4350,#4351,#4352,#4353));
#2990=EDGE_LOOP('',(#4354,#4355,#4356,#4357));
#2991=EDGE_LOOP('',(#4358,#4359,#4360,#4361));
#2992=EDGE_LOOP('',(#4362,#4363,#4364,#4365));
#2993=EDGE_LOOP('',(#4366,#4367,#4368,#4369));
#2994=EDGE_LOOP('',(#4370,#4371,#4372));
#2995=EDGE_LOOP('',(#4373,#4374,#4375,#4376));
#2996=EDGE_LOOP('',(#4377,#4378,#4379,#4380,#4381,#4382,#4383,#4384,#4385,
#4386,#4387,#4388,#4389,#4390,#4391,#4392,#4393,#4394,#4395,#4396,#4397,
#4398,#4399,#4400,#4401,#4402,#4403,#4404,#4405,#4406));
#2997=EDGE_LOOP('',(#4407,#4408,#4409,#4410,#4411,#4412));
#2998=EDGE_LOOP('',(#4413,#4414,#4415,#4416));
#2999=EDGE_LOOP('',(#4417,#4418,#4419,#4420));
#3000=EDGE_LOOP('',(#4421,#4422,#4423,#4424,#4425));
#3001=EDGE_LOOP('',(#4426,#4427,#4428,#4429,#4430,#4431,#4432,#4433));
#3002=EDGE_LOOP('',(#4434,#4435,#4436,#4437,#4438,#4439,#4440,#4441,#4442,
#4443));
#3003=EDGE_LOOP('',(#4444,#4445,#4446,#4447,#4448,#4449,#4450,#4451,#4452));
#3004=EDGE_LOOP('',(#4453,#4454,#4455,#4456));
#3005=EDGE_LOOP('',(#4457,#4458,#4459,#4460));
#3006=EDGE_LOOP('',(#4461,#4462,#4463,#4464,#4465,#4466,#4467,#4468,#4469,
#4470));
#3007=EDGE_LOOP('',(#4471,#4472,#4473,#4474));
#3008=EDGE_LOOP('',(#4475,#4476,#4477,#4478));
#3009=EDGE_LOOP('',(#4479,#4480,#4481,#4482));
#3010=EDGE_LOOP('',(#4483,#4484,#4485,#4486,#4487));
#3011=EDGE_LOOP('',(#4488,#4489,#4490,#4491,#4492,#4493,#4494,#4495));
#3012=EDGE_LOOP('',(#4496,#4497,#4498,#4499,#4500,#4501,#4502,#4503,#4504));
#3013=EDGE_LOOP('',(#4505,#4506,#4507,#4508));
#3014=EDGE_LOOP('',(#4509,#4510,#4511,#4512));
#3015=EDGE_LOOP('',(#4513,#4514,#4515,#4516,#4517,#4518,#4519,#4520,#4521,
#4522));
#3016=EDGE_LOOP('',(#4523,#4524,#4525,#4526));
#3017=EDGE_LOOP('',(#4527,#4528,#4529,#4530));
#3018=EDGE_LOOP('',(#4531,#4532,#4533,#4534));
#3019=EDGE_LOOP('',(#4535,#4536,#4537,#4538,#4539,#4540,#4541,#4542,#4543,
#4544,#4545,#4546,#4547,#4548,#4549,#4550,#4551,#4552,#4553,#4554,#4555,
#4556,#4557,#4558,#4559,#4560,#4561,#4562));
#3020=EDGE_LOOP('',(#4563,#4564,#4565,#4566));
#3021=EDGE_LOOP('',(#4567,#4568,#4569,#4570));
#3022=EDGE_LOOP('',(#4571,#4572,#4573,#4574));
#3023=EDGE_LOOP('',(#4575,#4576,#4577,#4578));
#3024=EDGE_LOOP('',(#4579,#4580,#4581,#4582,#4583));
#3025=EDGE_LOOP('',(#4584,#4585,#4586,#4587));
#3026=EDGE_LOOP('',(#4588,#4589,#4590,#4591,#4592));
#3027=EDGE_LOOP('',(#4593,#4594,#4595));
#3028=EDGE_LOOP('',(#4596,#4597,#4598,#4599));
#3029=EDGE_LOOP('',(#4600,#4601,#4602,#4603,#4604,#4605));
#3030=EDGE_LOOP('',(#4606,#4607,#4608,#4609));
#3031=EDGE_LOOP('',(#4610,#4611,#4612,#4613));
#3032=EDGE_LOOP('',(#4614,#4615,#4616,#4617));
#3033=EDGE_LOOP('',(#4618,#4619,#4620,#4621));
#3034=EDGE_LOOP('',(#4622,#4623,#4624,#4625));
#3035=EDGE_LOOP('',(#4626,#4627,#4628,#4629,#4630,#4631));
#3036=EDGE_LOOP('',(#4632,#4633,#4634,#4635));
#3037=EDGE_LOOP('',(#4636,#4637,#4638,#4639,#4640,#4641));
#3038=EDGE_LOOP('',(#4642,#4643,#4644,#4645,#4646));
#3039=EDGE_LOOP('',(#4647,#4648,#4649,#4650));
#3040=EDGE_LOOP('',(#4651,#4652,#4653,#4654,#4655));
#3041=EDGE_LOOP('',(#4656,#4657,#4658,#4659,#4660,#4661,#4662,#4663,#4664,
#4665));
#3042=EDGE_LOOP('',(#4666,#4667,#4668,#4669));
#3043=EDGE_LOOP('',(#4670,#4671,#4672,#4673));
#3044=EDGE_LOOP('',(#4674,#4675,#4676,#4677));
#3045=EDGE_LOOP('',(#4678,#4679,#4680,#4681));
#3046=EDGE_LOOP('',(#4682,#4683,#4684,#4685));
#3047=EDGE_LOOP('',(#4686,#4687,#4688,#4689,#4690,#4691));
#3048=EDGE_LOOP('',(#4692,#4693,#4694,#4695));
#3049=EDGE_LOOP('',(#4696,#4697,#4698,#4699));
#3050=EDGE_LOOP('',(#4700,#4701,#4702,#4703));
#3051=EDGE_LOOP('',(#4704,#4705,#4706,#4707));
#3052=EDGE_LOOP('',(#4708,#4709,#4710,#4711));
#3053=EDGE_LOOP('',(#4712,#4713,#4714));
#3054=EDGE_LOOP('',(#4715,#4716,#4717,#4718));
#3055=EDGE_LOOP('',(#4719,#4720,#4721,#4722,#4723,#4724,#4725,#4726,#4727,
#4728,#4729,#4730,#4731,#4732,#4733,#4734,#4735,#4736,#4737,#4738,#4739,
#4740,#4741,#4742,#4743,#4744,#4745,#4746,#4747,#4748));
#3056=EDGE_LOOP('',(#4749,#4750,#4751,#4752,#4753,#4754));
#3057=EDGE_LOOP('',(#4755,#4756,#4757,#4758));
#3058=EDGE_LOOP('',(#4759,#4760,#4761,#4762));
#3059=EDGE_LOOP('',(#4763,#4764,#4765,#4766,#4767));
#3060=EDGE_LOOP('',(#4768,#4769,#4770,#4771,#4772,#4773,#4774,#4775));
#3061=EDGE_LOOP('',(#4776,#4777,#4778,#4779,#4780,#4781,#4782,#4783));
#3062=EDGE_LOOP('',(#4784,#4785,#4786,#4787));
#3063=EDGE_LOOP('',(#4788,#4789,#4790,#4791,#4792,#4793,#4794,#4795,#4796,
#4797));
#3064=EDGE_LOOP('',(#4798,#4799,#4800,#4801));
#3065=EDGE_LOOP('',(#4802,#4803,#4804,#4805));
#3066=EDGE_LOOP('',(#4806,#4807,#4808,#4809,#4810,#4811,#4812,#4813,#4814));
#3067=EDGE_LOOP('',(#4815,#4816,#4817,#4818));
#3068=EDGE_LOOP('',(#4819,#4820,#4821,#4822));
#3069=EDGE_LOOP('',(#4823,#4824,#4825,#4826,#4827,#4828,#4829,#4830,#4831,
#4832));
#3070=EDGE_LOOP('',(#4833,#4834,#4835,#4836));
#3071=EDGE_LOOP('',(#4837,#4838,#4839,#4840));
#3072=EDGE_LOOP('',(#4841,#4842,#4843,#4844));
#3073=EDGE_LOOP('',(#4845,#4846,#4847,#4848));
#3074=EDGE_LOOP('',(#4849,#4850,#4851,#4852));
#3075=EDGE_LOOP('',(#4853,#4854,#4855,#4856));
#3076=EDGE_LOOP('',(#4857,#4858,#4859,#4860,#4861,#4862,#4863,#4864,#4865,
#4866));
#3077=EDGE_LOOP('',(#4867,#4868,#4869,#4870));
#3078=EDGE_LOOP('',(#4871,#4872,#4873,#4874));
#3079=EDGE_LOOP('',(#4875,#4876,#4877,#4878));
#3080=EDGE_LOOP('',(#4879,#4880,#4881,#4882));
#3081=EDGE_LOOP('',(#4883,#4884,#4885,#4886));
#3082=EDGE_LOOP('',(#4887,#4888,#4889,#4890));
#3083=EDGE_LOOP('',(#4891,#4892,#4893,#4894));
#3084=EDGE_LOOP('',(#4895,#4896,#4897,#4898));
#3085=EDGE_LOOP('',(#4899,#4900,#4901,#4902));
#3086=EDGE_LOOP('',(#4903,#4904,#4905,#4906));
#3087=EDGE_LOOP('',(#4907,#4908,#4909,#4910));
#3088=EDGE_LOOP('',(#4911,#4912,#4913,#4914));
#3089=EDGE_LOOP('',(#4915,#4916,#4917,#4918));
#3090=EDGE_LOOP('',(#4919,#4920,#4921,#4922));
#3091=EDGE_LOOP('',(#4923,#4924,#4925,#4926));
#3092=EDGE_LOOP('',(#4927,#4928,#4929,#4930));
#3093=EDGE_LOOP('',(#4931,#4932,#4933,#4934));
#3094=EDGE_LOOP('',(#4935,#4936,#4937,#4938));
#3095=EDGE_LOOP('',(#4939,#4940,#4941,#4942));
#3096=EDGE_LOOP('',(#4943,#4944,#4945,#4946));
#3097=EDGE_LOOP('',(#4947,#4948,#4949,#4950));
#3098=EDGE_LOOP('',(#4951,#4952,#4953,#4954));
#3099=EDGE_LOOP('',(#4955,#4956,#4957,#4958));
#3100=EDGE_LOOP('',(#4959,#4960,#4961,#4962));
#3101=EDGE_LOOP('',(#4963,#4964,#4965,#4966));
#3102=EDGE_LOOP('',(#4967,#4968,#4969,#4970));
#3103=EDGE_LOOP('',(#4971,#4972,#4973,#4974));
#3104=EDGE_LOOP('',(#4975,#4976,#4977,#4978));
#3105=EDGE_LOOP('',(#4979,#4980,#4981,#4982));
#3106=EDGE_LOOP('',(#4983,#4984,#4985,#4986));
#3107=EDGE_LOOP('',(#4987,#4988,#4989,#4990));
#3108=EDGE_LOOP('',(#4991,#4992,#4993,#4994));
#3109=EDGE_LOOP('',(#4995,#4996,#4997,#4998));
#3110=EDGE_LOOP('',(#4999,#5000,#5001,#5002));
#3111=EDGE_LOOP('',(#5003,#5004,#5005,#5006));
#3112=EDGE_LOOP('',(#5007,#5008,#5009,#5010));
#3113=EDGE_LOOP('',(#5011,#5012,#5013,#5014));
#3114=EDGE_LOOP('',(#5015,#5016,#5017,#5018));
#3115=EDGE_LOOP('',(#5019,#5020,#5021,#5022));
#3116=EDGE_LOOP('',(#5023,#5024,#5025,#5026));
#3117=EDGE_LOOP('',(#5027,#5028,#5029,#5030));
#3118=EDGE_LOOP('',(#5031,#5032,#5033,#5034));
#3119=EDGE_LOOP('',(#5035,#5036,#5037,#5038));
#3120=EDGE_LOOP('',(#5039,#5040,#5041,#5042));
#3121=EDGE_LOOP('',(#5043,#5044,#5045,#5046));
#3122=EDGE_LOOP('',(#5047,#5048,#5049,#5050));
#3123=EDGE_LOOP('',(#5051,#5052,#5053,#5054));
#3124=EDGE_LOOP('',(#5055,#5056,#5057,#5058));
#3125=EDGE_LOOP('',(#5059,#5060,#5061));
#3126=EDGE_LOOP('',(#5062,#5063,#5064));
#3127=EDGE_LOOP('',(#5065,#5066,#5067));
#3128=EDGE_LOOP('',(#5068,#5069,#5070));
#3129=EDGE_LOOP('',(#5071,#5072,#5073));
#3130=EDGE_LOOP('',(#5074,#5075,#5076));
#3131=EDGE_LOOP('',(#5077,#5078,#5079));
#3132=EDGE_LOOP('',(#5080,#5081,#5082,#5083,#5084,#5085,#5086,#5087,#5088,
#5089,#5090,#5091,#5092,#5093,#5094,#5095,#5096,#5097,#5098,#5099));
#3133=EDGE_LOOP('',(#5100,#5101,#5102));
#3134=EDGE_LOOP('',(#5103,#5104,#5105,#5106));
#3135=EDGE_LOOP('',(#5107,#5108,#5109,#5110));
#3136=EDGE_LOOP('',(#5111,#5112,#5113,#5114));
#3137=EDGE_LOOP('',(#5115,#5116,#5117,#5118));
#3138=EDGE_LOOP('',(#5119,#5120,#5121,#5122));
#3139=EDGE_LOOP('',(#5123,#5124,#5125,#5126));
#3140=EDGE_LOOP('',(#5127,#5128,#5129));
#3141=EDGE_LOOP('',(#5130,#5131,#5132,#5133));
#3142=EDGE_LOOP('',(#5134,#5135,#5136,#5137));
#3143=EDGE_LOOP('',(#5138,#5139,#5140,#5141));
#3144=EDGE_LOOP('',(#5142,#5143,#5144,#5145));
#3145=EDGE_LOOP('',(#5146,#5147,#5148));
#3146=EDGE_LOOP('',(#5149,#5150,#5151,#5152,#5153));
#3147=EDGE_LOOP('',(#5154,#5155,#5156,#5157));
#3148=EDGE_LOOP('',(#5158,#5159,#5160,#5161,#5162));
#3149=EDGE_LOOP('',(#5163,#5164,#5165,#5166));
#3150=EDGE_LOOP('',(#5167,#5168,#5169,#5170,#5171));
#3151=EDGE_LOOP('',(#5172,#5173,#5174,#5175));
#3152=EDGE_LOOP('',(#5176,#5177,#5178,#5179));
#3153=EDGE_LOOP('',(#5180,#5181,#5182,#5183));
#3154=EDGE_LOOP('',(#5184,#5185,#5186,#5187,#5188));
#3155=EDGE_LOOP('',(#5189,#5190,#5191,#5192));
#3156=EDGE_LOOP('',(#5193,#5194,#5195,#5196,#5197));
#3157=EDGE_LOOP('',(#5198,#5199,#5200,#5201));
#3158=EDGE_LOOP('',(#5202,#5203,#5204,#5205));
#3159=EDGE_LOOP('',(#5206,#5207,#5208,#5209,#5210));
#3160=EDGE_LOOP('',(#5211,#5212,#5213,#5214));
#3161=EDGE_LOOP('',(#5215,#5216,#5217,#5218));
#3162=EDGE_LOOP('',(#5219,#5220,#5221,#5222));
#3163=EDGE_LOOP('',(#5223,#5224,#5225,#5226));
#3164=EDGE_LOOP('',(#5227,#5228,#5229,#5230));
#3165=EDGE_LOOP('',(#5231,#5232,#5233,#5234,#5235,#5236));
#3166=EDGE_LOOP('',(#5237,#5238,#5239,#5240));
#3167=EDGE_LOOP('',(#5241,#5242,#5243,#5244));
#3168=EDGE_LOOP('',(#5245,#5246,#5247,#5248));
#3169=EDGE_LOOP('',(#5249,#5250,#5251,#5252));
#3170=EDGE_LOOP('',(#5253,#5254,#5255,#5256));
#3171=EDGE_LOOP('',(#5257,#5258,#5259,#5260));
#3172=EDGE_LOOP('',(#5261,#5262,#5263,#5264));
#3173=EDGE_LOOP('',(#5265,#5266,#5267,#5268,#5269));
#3174=EDGE_LOOP('',(#5270,#5271,#5272,#5273,#5274));
#3175=EDGE_LOOP('',(#5275,#5276,#5277,#5278,#5279));
#3176=EDGE_LOOP('',(#5280,#5281,#5282,#5283,#5284));
#3177=EDGE_LOOP('',(#5285,#5286,#5287));
#3178=EDGE_LOOP('',(#5288,#5289,#5290,#5291));
#3179=EDGE_LOOP('',(#5292,#5293,#5294,#5295));
#3180=EDGE_LOOP('',(#5296,#5297,#5298,#5299));
#3181=EDGE_LOOP('',(#5300,#5301,#5302,#5303));
#3182=EDGE_LOOP('',(#5304,#5305,#5306,#5307));
#3183=EDGE_LOOP('',(#5308,#5309,#5310,#5311));
#3184=EDGE_LOOP('',(#5312));
#3185=EDGE_LOOP('',(#5313));
#3186=EDGE_LOOP('',(#5314,#5315,#5316,#5317,#5318,#5319,#5320,#5321,#5322,
#5323,#5324,#5325));
#3187=EDGE_LOOP('',(#5326,#5327,#5328,#5329,#5330,#5331,#5332,#5333,#5334,
#5335,#5336,#5337));
#3188=EDGE_LOOP('',(#5338));
#3189=EDGE_LOOP('',(#5339,#5340,#5341,#5342,#5343,#5344,#5345,#5346,#5347,
#5348,#5349,#5350));
#3190=EDGE_LOOP('',(#5351));
#3191=EDGE_LOOP('',(#5352));
#3192=EDGE_LOOP('',(#5353));
#3193=EDGE_LOOP('',(#5354,#5355,#5356));
#3194=EDGE_LOOP('',(#5357,#5358,#5359));
#3195=EDGE_LOOP('',(#5360,#5361,#5362,#5363));
#3196=EDGE_LOOP('',(#5364));
#3197=EDGE_LOOP('',(#5365));
#3198=EDGE_LOOP('',(#5366));
#3199=EDGE_LOOP('',(#5367));
#3200=EDGE_LOOP('',(#5368));
#3201=EDGE_LOOP('',(#5369));
#3202=EDGE_LOOP('',(#5370));
#3203=EDGE_LOOP('',(#5371));
#3204=EDGE_LOOP('',(#5372));
#3205=EDGE_LOOP('',(#5373));
#3206=EDGE_LOOP('',(#5374));
#3207=EDGE_LOOP('',(#5375));
#3208=EDGE_LOOP('',(#5376));
#3209=EDGE_LOOP('',(#5377));
#3210=EDGE_LOOP('',(#5378));
#3211=EDGE_LOOP('',(#5379));
#3212=EDGE_LOOP('',(#5380));
#3213=EDGE_LOOP('',(#5381));
#3214=EDGE_LOOP('',(#5382));
#3215=EDGE_LOOP('',(#5383));
#3216=EDGE_LOOP('',(#5384));
#3217=EDGE_LOOP('',(#5385));
#3218=EDGE_LOOP('',(#5386));
#3219=EDGE_LOOP('',(#5387));
#3220=EDGE_LOOP('',(#5388));
#3221=EDGE_LOOP('',(#5389));
#3222=EDGE_LOOP('',(#5390));
#3223=EDGE_LOOP('',(#5391));
#3224=EDGE_LOOP('',(#5392));
#3225=EDGE_LOOP('',(#5393));
#3226=EDGE_LOOP('',(#5394));
#3227=EDGE_LOOP('',(#5395));
#3228=EDGE_LOOP('',(#5396));
#3229=EDGE_LOOP('',(#5397));
#3230=EDGE_LOOP('',(#5398));
#3231=EDGE_LOOP('',(#5399));
#3232=EDGE_LOOP('',(#5400));
#3233=EDGE_LOOP('',(#5401));
#3234=EDGE_LOOP('',(#5402));
#3235=EDGE_LOOP('',(#5403));
#3236=ORIENTED_EDGE('',*,*,#6126,.T.);
#3237=ORIENTED_EDGE('',*,*,#6127,.T.);
#3238=ORIENTED_EDGE('',*,*,#6128,.T.);
#3239=ORIENTED_EDGE('',*,*,#6129,.T.);
#3240=ORIENTED_EDGE('',*,*,#6130,.F.);
#3241=ORIENTED_EDGE('',*,*,#6131,.T.);
#3242=ORIENTED_EDGE('',*,*,#6132,.T.);
#3243=ORIENTED_EDGE('',*,*,#6133,.T.);
#3244=ORIENTED_EDGE('',*,*,#6134,.F.);
#3245=ORIENTED_EDGE('',*,*,#6135,.T.);
#3246=ORIENTED_EDGE('',*,*,#6136,.T.);
#3247=ORIENTED_EDGE('',*,*,#6137,.T.);
#3248=ORIENTED_EDGE('',*,*,#6138,.F.);
#3249=ORIENTED_EDGE('',*,*,#6139,.T.);
#3250=ORIENTED_EDGE('',*,*,#6140,.F.);
#3251=ORIENTED_EDGE('',*,*,#6141,.F.);
#3252=ORIENTED_EDGE('',*,*,#6142,.F.);
#3253=ORIENTED_EDGE('',*,*,#6143,.T.);
#3254=ORIENTED_EDGE('',*,*,#6144,.T.);
#3255=ORIENTED_EDGE('',*,*,#6145,.T.);
#3256=ORIENTED_EDGE('',*,*,#6146,.T.);
#3257=ORIENTED_EDGE('',*,*,#6147,.F.);
#3258=ORIENTED_EDGE('',*,*,#6148,.F.);
#3259=ORIENTED_EDGE('',*,*,#6149,.T.);
#3260=ORIENTED_EDGE('',*,*,#6150,.F.);
#3261=ORIENTED_EDGE('',*,*,#6151,.T.);
#3262=ORIENTED_EDGE('',*,*,#6152,.T.);
#3263=ORIENTED_EDGE('',*,*,#6153,.F.);
#3264=ORIENTED_EDGE('',*,*,#6154,.F.);
#3265=ORIENTED_EDGE('',*,*,#6155,.F.);
#3266=ORIENTED_EDGE('',*,*,#6156,.T.);
#3267=ORIENTED_EDGE('',*,*,#6157,.T.);
#3268=ORIENTED_EDGE('',*,*,#6158,.T.);
#3269=ORIENTED_EDGE('',*,*,#6159,.T.);
#3270=ORIENTED_EDGE('',*,*,#6160,.T.);
#3271=ORIENTED_EDGE('',*,*,#6161,.T.);
#3272=ORIENTED_EDGE('',*,*,#6162,.T.);
#3273=ORIENTED_EDGE('',*,*,#6163,.T.);
#3274=ORIENTED_EDGE('',*,*,#6164,.F.);
#3275=ORIENTED_EDGE('',*,*,#6165,.T.);
#3276=ORIENTED_EDGE('',*,*,#6166,.T.);
#3277=ORIENTED_EDGE('',*,*,#6167,.T.);
#3278=ORIENTED_EDGE('',*,*,#6168,.T.);
#3279=ORIENTED_EDGE('',*,*,#6169,.F.);
#3280=ORIENTED_EDGE('',*,*,#6170,.F.);
#3281=ORIENTED_EDGE('',*,*,#6171,.F.);
#3282=ORIENTED_EDGE('',*,*,#6172,.T.);
#3283=ORIENTED_EDGE('',*,*,#6173,.T.);
#3284=ORIENTED_EDGE('',*,*,#6174,.T.);
#3285=ORIENTED_EDGE('',*,*,#6175,.F.);
#3286=ORIENTED_EDGE('',*,*,#6176,.F.);
#3287=ORIENTED_EDGE('',*,*,#6177,.F.);
#3288=ORIENTED_EDGE('',*,*,#6178,.T.);
#3289=ORIENTED_EDGE('',*,*,#6179,.T.);
#3290=ORIENTED_EDGE('',*,*,#6180,.T.);
#3291=ORIENTED_EDGE('',*,*,#6181,.T.);
#3292=ORIENTED_EDGE('',*,*,#6164,.T.);
#3293=ORIENTED_EDGE('',*,*,#6182,.T.);
#3294=ORIENTED_EDGE('',*,*,#6183,.T.);
#3295=ORIENTED_EDGE('',*,*,#6184,.T.);
#3296=ORIENTED_EDGE('',*,*,#6185,.F.);
#3297=ORIENTED_EDGE('',*,*,#6186,.T.);
#3298=ORIENTED_EDGE('',*,*,#6187,.F.);
#3299=ORIENTED_EDGE('',*,*,#6188,.T.);
#3300=ORIENTED_EDGE('',*,*,#6189,.F.);
#3301=ORIENTED_EDGE('',*,*,#6190,.F.);
#3302=ORIENTED_EDGE('',*,*,#6191,.T.);
#3303=ORIENTED_EDGE('',*,*,#6192,.F.);
#3304=ORIENTED_EDGE('',*,*,#6193,.T.);
#3305=ORIENTED_EDGE('',*,*,#6194,.F.);
#3306=ORIENTED_EDGE('',*,*,#6195,.T.);
#3307=ORIENTED_EDGE('',*,*,#6196,.F.);
#3308=ORIENTED_EDGE('',*,*,#6197,.T.);
#3309=ORIENTED_EDGE('',*,*,#6198,.F.);
#3310=ORIENTED_EDGE('',*,*,#6199,.F.);
#3311=ORIENTED_EDGE('',*,*,#6200,.T.);
#3312=ORIENTED_EDGE('',*,*,#6201,.F.);
#3313=ORIENTED_EDGE('',*,*,#6154,.T.);
#3314=ORIENTED_EDGE('',*,*,#6202,.F.);
#3315=ORIENTED_EDGE('',*,*,#6203,.T.);
#3316=ORIENTED_EDGE('',*,*,#6204,.T.);
#3317=ORIENTED_EDGE('',*,*,#6205,.F.);
#3318=ORIENTED_EDGE('',*,*,#6206,.T.);
#3319=ORIENTED_EDGE('',*,*,#6207,.F.);
#3320=ORIENTED_EDGE('',*,*,#6208,.T.);
#3321=ORIENTED_EDGE('',*,*,#6209,.F.);
#3322=ORIENTED_EDGE('',*,*,#6210,.F.);
#3323=ORIENTED_EDGE('',*,*,#6211,.F.);
#3324=ORIENTED_EDGE('',*,*,#6212,.T.);
#3325=ORIENTED_EDGE('',*,*,#6213,.F.);
#3326=ORIENTED_EDGE('',*,*,#6176,.T.);
#3327=ORIENTED_EDGE('',*,*,#6214,.F.);
#3328=ORIENTED_EDGE('',*,*,#6215,.T.);
#3329=ORIENTED_EDGE('',*,*,#6216,.T.);
#3330=ORIENTED_EDGE('',*,*,#6217,.F.);
#3331=ORIENTED_EDGE('',*,*,#6218,.T.);
#3332=ORIENTED_EDGE('',*,*,#6219,.F.);
#3333=ORIENTED_EDGE('',*,*,#6220,.T.);
#3334=ORIENTED_EDGE('',*,*,#6221,.F.);
#3335=ORIENTED_EDGE('',*,*,#6222,.F.);
#3336=ORIENTED_EDGE('',*,*,#6223,.F.);
#3337=ORIENTED_EDGE('',*,*,#6224,.T.);
#3338=ORIENTED_EDGE('',*,*,#6225,.F.);
#3339=ORIENTED_EDGE('',*,*,#6170,.T.);
#3340=ORIENTED_EDGE('',*,*,#6226,.F.);
#3341=ORIENTED_EDGE('',*,*,#6227,.T.);
#3342=ORIENTED_EDGE('',*,*,#6228,.T.);
#3343=ORIENTED_EDGE('',*,*,#6229,.F.);
#3344=ORIENTED_EDGE('',*,*,#6136,.F.);
#3345=ORIENTED_EDGE('',*,*,#6230,.F.);
#3346=ORIENTED_EDGE('',*,*,#6231,.T.);
#3347=ORIENTED_EDGE('',*,*,#6232,.F.);
#3348=ORIENTED_EDGE('',*,*,#6233,.F.);
#3349=ORIENTED_EDGE('',*,*,#6234,.T.);
#3350=ORIENTED_EDGE('',*,*,#6235,.F.);
#3351=ORIENTED_EDGE('',*,*,#6132,.F.);
#3352=ORIENTED_EDGE('',*,*,#6236,.F.);
#3353=ORIENTED_EDGE('',*,*,#6237,.T.);
#3354=ORIENTED_EDGE('',*,*,#6238,.F.);
#3355=ORIENTED_EDGE('',*,*,#6239,.F.);
#3356=ORIENTED_EDGE('',*,*,#6240,.T.);
#3357=ORIENTED_EDGE('',*,*,#6241,.F.);
#3358=ORIENTED_EDGE('',*,*,#6128,.F.);
#3359=ORIENTED_EDGE('',*,*,#6242,.F.);
#3360=ORIENTED_EDGE('',*,*,#6243,.T.);
#3361=ORIENTED_EDGE('',*,*,#6244,.F.);
#3362=ORIENTED_EDGE('',*,*,#6126,.F.);
#3363=ORIENTED_EDGE('',*,*,#6245,.T.);
#3364=ORIENTED_EDGE('',*,*,#6246,.T.);
#3365=ORIENTED_EDGE('',*,*,#6247,.T.);
#3366=ORIENTED_EDGE('',*,*,#6248,.T.);
#3367=ORIENTED_EDGE('',*,*,#6249,.F.);
#3368=ORIENTED_EDGE('',*,*,#6250,.T.);
#3369=ORIENTED_EDGE('',*,*,#6251,.F.);
#3370=ORIENTED_EDGE('',*,*,#6252,.F.);
#3371=ORIENTED_EDGE('',*,*,#6253,.F.);
#3372=ORIENTED_EDGE('',*,*,#6254,.T.);
#3373=ORIENTED_EDGE('',*,*,#6255,.T.);
#3374=ORIENTED_EDGE('',*,*,#6256,.T.);
#3375=ORIENTED_EDGE('',*,*,#6257,.T.);
#3376=ORIENTED_EDGE('',*,*,#6258,.T.);
#3377=ORIENTED_EDGE('',*,*,#6259,.T.);
#3378=ORIENTED_EDGE('',*,*,#6254,.F.);
#3379=ORIENTED_EDGE('',*,*,#6260,.T.);
#3380=ORIENTED_EDGE('',*,*,#6261,.T.);
#3381=ORIENTED_EDGE('',*,*,#6262,.F.);
#3382=ORIENTED_EDGE('',*,*,#6263,.T.);
#3383=ORIENTED_EDGE('',*,*,#6264,.T.);
#3384=ORIENTED_EDGE('',*,*,#6265,.F.);
#3385=ORIENTED_EDGE('',*,*,#6266,.F.);
#3386=ORIENTED_EDGE('',*,*,#6267,.F.);
#3387=ORIENTED_EDGE('',*,*,#6268,.T.);
#3388=ORIENTED_EDGE('',*,*,#6269,.T.);
#3389=ORIENTED_EDGE('',*,*,#6263,.F.);
#3390=ORIENTED_EDGE('',*,*,#6270,.T.);
#3391=ORIENTED_EDGE('',*,*,#6271,.F.);
#3392=ORIENTED_EDGE('',*,*,#6272,.F.);
#3393=ORIENTED_EDGE('',*,*,#6273,.F.);
#3394=ORIENTED_EDGE('',*,*,#6274,.T.);
#3395=ORIENTED_EDGE('',*,*,#6275,.F.);
#3396=ORIENTED_EDGE('',*,*,#6276,.T.);
#3397=ORIENTED_EDGE('',*,*,#6277,.F.);
#3398=ORIENTED_EDGE('',*,*,#6278,.F.);
#3399=ORIENTED_EDGE('',*,*,#6279,.T.);
#3400=ORIENTED_EDGE('',*,*,#6280,.T.);
#3401=ORIENTED_EDGE('',*,*,#6281,.F.);
#3402=ORIENTED_EDGE('',*,*,#6282,.F.);
#3403=ORIENTED_EDGE('',*,*,#6283,.T.);
#3404=ORIENTED_EDGE('',*,*,#6284,.T.);
#3405=ORIENTED_EDGE('',*,*,#6144,.F.);
#3406=ORIENTED_EDGE('',*,*,#6285,.T.);
#3407=ORIENTED_EDGE('',*,*,#6286,.F.);
#3408=ORIENTED_EDGE('',*,*,#6287,.F.);
#3409=ORIENTED_EDGE('',*,*,#6288,.T.);
#3410=ORIENTED_EDGE('',*,*,#6289,.T.);
#3411=ORIENTED_EDGE('',*,*,#6290,.T.);
#3412=ORIENTED_EDGE('',*,*,#6291,.T.);
#3413=ORIENTED_EDGE('',*,*,#6292,.F.);
#3414=ORIENTED_EDGE('',*,*,#6293,.T.);
#3415=ORIENTED_EDGE('',*,*,#6294,.T.);
#3416=ORIENTED_EDGE('',*,*,#6295,.T.);
#3417=ORIENTED_EDGE('',*,*,#6296,.F.);
#3418=ORIENTED_EDGE('',*,*,#6297,.T.);
#3419=ORIENTED_EDGE('',*,*,#6298,.T.);
#3420=ORIENTED_EDGE('',*,*,#6299,.T.);
#3421=ORIENTED_EDGE('',*,*,#6300,.F.);
#3422=ORIENTED_EDGE('',*,*,#6301,.T.);
#3423=ORIENTED_EDGE('',*,*,#6302,.F.);
#3424=ORIENTED_EDGE('',*,*,#6303,.T.);
#3425=ORIENTED_EDGE('',*,*,#6304,.F.);
#3426=ORIENTED_EDGE('',*,*,#6281,.T.);
#3427=ORIENTED_EDGE('',*,*,#6305,.F.);
#3428=ORIENTED_EDGE('',*,*,#6306,.T.);
#3429=ORIENTED_EDGE('',*,*,#6307,.T.);
#3430=ORIENTED_EDGE('',*,*,#6279,.F.);
#3431=ORIENTED_EDGE('',*,*,#6308,.F.);
#3432=ORIENTED_EDGE('',*,*,#6298,.F.);
#3433=ORIENTED_EDGE('',*,*,#6309,.T.);
#3434=ORIENTED_EDGE('',*,*,#6310,.T.);
#3435=ORIENTED_EDGE('',*,*,#6311,.F.);
#3436=ORIENTED_EDGE('',*,*,#6312,.F.);
#3437=ORIENTED_EDGE('',*,*,#6313,.F.);
#3438=ORIENTED_EDGE('',*,*,#6244,.T.);
#3439=ORIENTED_EDGE('',*,*,#6314,.F.);
#3440=ORIENTED_EDGE('',*,*,#6315,.F.);
#3441=ORIENTED_EDGE('',*,*,#6316,.F.);
#3442=ORIENTED_EDGE('',*,*,#6238,.T.);
#3443=ORIENTED_EDGE('',*,*,#6317,.F.);
#3444=ORIENTED_EDGE('',*,*,#6318,.F.);
#3445=ORIENTED_EDGE('',*,*,#6319,.F.);
#3446=ORIENTED_EDGE('',*,*,#6232,.T.);
#3447=ORIENTED_EDGE('',*,*,#6320,.F.);
#3448=ORIENTED_EDGE('',*,*,#6321,.F.);
#3449=ORIENTED_EDGE('',*,*,#6322,.F.);
#3450=ORIENTED_EDGE('',*,*,#6288,.F.);
#3451=ORIENTED_EDGE('',*,*,#6323,.F.);
#3452=ORIENTED_EDGE('',*,*,#6324,.F.);
#3453=ORIENTED_EDGE('',*,*,#6325,.F.);
#3454=ORIENTED_EDGE('',*,*,#6326,.T.);
#3455=ORIENTED_EDGE('',*,*,#6327,.T.);
#3456=ORIENTED_EDGE('',*,*,#6328,.T.);
#3457=ORIENTED_EDGE('',*,*,#6329,.T.);
#3458=ORIENTED_EDGE('',*,*,#6330,.T.);
#3459=ORIENTED_EDGE('',*,*,#6331,.T.);
#3460=ORIENTED_EDGE('',*,*,#6262,.T.);
#3461=ORIENTED_EDGE('',*,*,#6332,.T.);
#3462=ORIENTED_EDGE('',*,*,#6333,.F.);
#3463=ORIENTED_EDGE('',*,*,#6330,.F.);
#3464=ORIENTED_EDGE('',*,*,#6334,.T.);
#3465=ORIENTED_EDGE('',*,*,#6335,.F.);
#3466=ORIENTED_EDGE('',*,*,#6336,.T.);
#3467=ORIENTED_EDGE('',*,*,#6142,.T.);
#3468=ORIENTED_EDGE('',*,*,#6337,.T.);
#3469=ORIENTED_EDGE('',*,*,#6338,.T.);
#3470=ORIENTED_EDGE('',*,*,#6339,.F.);
#3471=ORIENTED_EDGE('',*,*,#6340,.F.);
#3472=ORIENTED_EDGE('',*,*,#6255,.F.);
#3473=ORIENTED_EDGE('',*,*,#6341,.F.);
#3474=ORIENTED_EDGE('',*,*,#6342,.F.);
#3475=ORIENTED_EDGE('',*,*,#6343,.F.);
#3476=ORIENTED_EDGE('',*,*,#6344,.T.);
#3477=ORIENTED_EDGE('',*,*,#6345,.F.);
#3478=ORIENTED_EDGE('',*,*,#6346,.T.);
#3479=ORIENTED_EDGE('',*,*,#6347,.F.);
#3480=ORIENTED_EDGE('',*,*,#6348,.F.);
#3481=ORIENTED_EDGE('',*,*,#6349,.T.);
#3482=ORIENTED_EDGE('',*,*,#6350,.T.);
#3483=ORIENTED_EDGE('',*,*,#6351,.T.);
#3484=ORIENTED_EDGE('',*,*,#6352,.T.);
#3485=ORIENTED_EDGE('',*,*,#6353,.T.);
#3486=ORIENTED_EDGE('',*,*,#6354,.T.);
#3487=ORIENTED_EDGE('',*,*,#6355,.F.);
#3488=ORIENTED_EDGE('',*,*,#6356,.T.);
#3489=ORIENTED_EDGE('',*,*,#6266,.T.);
#3490=ORIENTED_EDGE('',*,*,#6357,.F.);
#3491=ORIENTED_EDGE('',*,*,#6358,.F.);
#3492=ORIENTED_EDGE('',*,*,#6359,.T.);
#3493=ORIENTED_EDGE('',*,*,#6360,.T.);
#3494=ORIENTED_EDGE('',*,*,#6361,.F.);
#3495=ORIENTED_EDGE('',*,*,#6362,.T.);
#3496=ORIENTED_EDGE('',*,*,#6363,.F.);
#3497=ORIENTED_EDGE('',*,*,#6364,.F.);
#3498=ORIENTED_EDGE('',*,*,#6365,.T.);
#3499=ORIENTED_EDGE('',*,*,#6366,.T.);
#3500=ORIENTED_EDGE('',*,*,#6367,.T.);
#3501=ORIENTED_EDGE('',*,*,#6368,.T.);
#3502=ORIENTED_EDGE('',*,*,#6369,.F.);
#3503=ORIENTED_EDGE('',*,*,#6370,.T.);
#3504=ORIENTED_EDGE('',*,*,#6371,.F.);
#3505=ORIENTED_EDGE('',*,*,#6372,.T.);
#3506=ORIENTED_EDGE('',*,*,#6373,.T.);
#3507=ORIENTED_EDGE('',*,*,#6146,.F.);
#3508=ORIENTED_EDGE('',*,*,#6374,.T.);
#3509=ORIENTED_EDGE('',*,*,#6375,.F.);
#3510=ORIENTED_EDGE('',*,*,#6376,.F.);
#3511=ORIENTED_EDGE('',*,*,#6377,.F.);
#3512=ORIENTED_EDGE('',*,*,#6337,.F.);
#3513=ORIENTED_EDGE('',*,*,#6141,.T.);
#3514=ORIENTED_EDGE('',*,*,#6184,.F.);
#3515=ORIENTED_EDGE('',*,*,#6321,.T.);
#3516=ORIENTED_EDGE('',*,*,#6216,.F.);
#3517=ORIENTED_EDGE('',*,*,#6318,.T.);
#3518=ORIENTED_EDGE('',*,*,#6204,.F.);
#3519=ORIENTED_EDGE('',*,*,#6315,.T.);
#3520=ORIENTED_EDGE('',*,*,#6191,.F.);
#3521=ORIENTED_EDGE('',*,*,#6197,.F.);
#3522=ORIENTED_EDGE('',*,*,#6147,.T.);
#3523=ORIENTED_EDGE('',*,*,#6373,.F.);
#3524=ORIENTED_EDGE('',*,*,#6378,.T.);
#3525=ORIENTED_EDGE('',*,*,#6361,.T.);
#3526=ORIENTED_EDGE('',*,*,#6379,.T.);
#3527=ORIENTED_EDGE('',*,*,#6380,.T.);
#3528=ORIENTED_EDGE('',*,*,#6381,.T.);
#3529=ORIENTED_EDGE('',*,*,#6382,.F.);
#3530=ORIENTED_EDGE('',*,*,#6383,.T.);
#3531=ORIENTED_EDGE('',*,*,#6384,.F.);
#3532=ORIENTED_EDGE('',*,*,#6385,.F.);
#3533=ORIENTED_EDGE('',*,*,#6386,.F.);
#3534=ORIENTED_EDGE('',*,*,#6385,.T.);
#3535=ORIENTED_EDGE('',*,*,#6387,.F.);
#3536=ORIENTED_EDGE('',*,*,#6388,.F.);
#3537=ORIENTED_EDGE('',*,*,#6389,.F.);
#3538=ORIENTED_EDGE('',*,*,#6390,.F.);
#3539=ORIENTED_EDGE('',*,*,#6391,.T.);
#3540=ORIENTED_EDGE('',*,*,#6392,.F.);
#3541=ORIENTED_EDGE('',*,*,#6393,.F.);
#3542=ORIENTED_EDGE('',*,*,#6394,.F.);
#3543=ORIENTED_EDGE('',*,*,#6393,.T.);
#3544=ORIENTED_EDGE('',*,*,#6395,.F.);
#3545=ORIENTED_EDGE('',*,*,#6396,.F.);
#3546=ORIENTED_EDGE('',*,*,#6397,.F.);
#3547=ORIENTED_EDGE('',*,*,#6396,.T.);
#3548=ORIENTED_EDGE('',*,*,#6398,.F.);
#3549=ORIENTED_EDGE('',*,*,#6399,.T.);
#3550=ORIENTED_EDGE('',*,*,#6400,.T.);
#3551=ORIENTED_EDGE('',*,*,#6401,.F.);
#3552=ORIENTED_EDGE('',*,*,#6402,.F.);
#3553=ORIENTED_EDGE('',*,*,#6403,.T.);
#3554=ORIENTED_EDGE('',*,*,#6404,.F.);
#3555=ORIENTED_EDGE('',*,*,#6405,.F.);
#3556=ORIENTED_EDGE('',*,*,#6406,.F.);
#3557=ORIENTED_EDGE('',*,*,#6405,.T.);
#3558=ORIENTED_EDGE('',*,*,#6407,.F.);
#3559=ORIENTED_EDGE('',*,*,#6408,.F.);
#3560=ORIENTED_EDGE('',*,*,#6409,.F.);
#3561=ORIENTED_EDGE('',*,*,#6408,.T.);
#3562=ORIENTED_EDGE('',*,*,#6410,.F.);
#3563=ORIENTED_EDGE('',*,*,#6411,.T.);
#3564=ORIENTED_EDGE('',*,*,#6412,.T.);
#3565=ORIENTED_EDGE('',*,*,#6400,.F.);
#3566=ORIENTED_EDGE('',*,*,#6413,.T.);
#3567=ORIENTED_EDGE('',*,*,#6402,.T.);
#3568=ORIENTED_EDGE('',*,*,#6414,.T.);
#3569=ORIENTED_EDGE('',*,*,#6415,.T.);
#3570=ORIENTED_EDGE('',*,*,#6416,.T.);
#3571=ORIENTED_EDGE('',*,*,#6390,.T.);
#3572=ORIENTED_EDGE('',*,*,#6417,.T.);
#3573=ORIENTED_EDGE('',*,*,#6418,.T.);
#3574=ORIENTED_EDGE('',*,*,#6419,.T.);
#3575=ORIENTED_EDGE('',*,*,#6420,.T.);
#3576=ORIENTED_EDGE('',*,*,#6421,.T.);
#3577=ORIENTED_EDGE('',*,*,#6422,.T.);
#3578=ORIENTED_EDGE('',*,*,#6423,.T.);
#3579=ORIENTED_EDGE('',*,*,#6424,.T.);
#3580=ORIENTED_EDGE('',*,*,#6267,.T.);
#3581=ORIENTED_EDGE('',*,*,#6425,.T.);
#3582=ORIENTED_EDGE('',*,*,#6426,.T.);
#3583=ORIENTED_EDGE('',*,*,#6427,.F.);
#3584=ORIENTED_EDGE('',*,*,#6428,.T.);
#3585=ORIENTED_EDGE('',*,*,#6429,.T.);
#3586=ORIENTED_EDGE('',*,*,#6430,.T.);
#3587=ORIENTED_EDGE('',*,*,#6431,.T.);
#3588=ORIENTED_EDGE('',*,*,#6432,.T.);
#3589=ORIENTED_EDGE('',*,*,#6311,.T.);
#3590=ORIENTED_EDGE('',*,*,#6433,.T.);
#3591=ORIENTED_EDGE('',*,*,#6434,.T.);
#3592=ORIENTED_EDGE('',*,*,#6435,.T.);
#3593=ORIENTED_EDGE('',*,*,#6305,.T.);
#3594=ORIENTED_EDGE('',*,*,#6436,.T.);
#3595=ORIENTED_EDGE('',*,*,#6437,.F.);
#3596=ORIENTED_EDGE('',*,*,#6438,.T.);
#3597=ORIENTED_EDGE('',*,*,#6439,.T.);
#3598=ORIENTED_EDGE('',*,*,#6440,.T.);
#3599=ORIENTED_EDGE('',*,*,#6441,.T.);
#3600=ORIENTED_EDGE('',*,*,#6442,.F.);
#3601=ORIENTED_EDGE('',*,*,#6443,.T.);
#3602=ORIENTED_EDGE('',*,*,#6444,.F.);
#3603=ORIENTED_EDGE('',*,*,#6445,.F.);
#3604=ORIENTED_EDGE('',*,*,#6446,.T.);
#3605=ORIENTED_EDGE('',*,*,#6447,.T.);
#3606=ORIENTED_EDGE('',*,*,#6448,.F.);
#3607=ORIENTED_EDGE('',*,*,#6449,.F.);
#3608=ORIENTED_EDGE('',*,*,#6450,.T.);
#3609=ORIENTED_EDGE('',*,*,#6451,.T.);
#3610=ORIENTED_EDGE('',*,*,#6452,.F.);
#3611=ORIENTED_EDGE('',*,*,#6453,.T.);
#3612=ORIENTED_EDGE('',*,*,#6454,.F.);
#3613=ORIENTED_EDGE('',*,*,#6455,.T.);
#3614=ORIENTED_EDGE('',*,*,#6456,.T.);
#3615=ORIENTED_EDGE('',*,*,#6457,.F.);
#3616=ORIENTED_EDGE('',*,*,#6458,.F.);
#3617=ORIENTED_EDGE('',*,*,#6459,.T.);
#3618=ORIENTED_EDGE('',*,*,#6460,.F.);
#3619=ORIENTED_EDGE('',*,*,#6461,.T.);
#3620=ORIENTED_EDGE('',*,*,#6462,.T.);
#3621=ORIENTED_EDGE('',*,*,#6463,.F.);
#3622=ORIENTED_EDGE('',*,*,#6464,.F.);
#3623=ORIENTED_EDGE('',*,*,#6465,.T.);
#3624=ORIENTED_EDGE('',*,*,#6417,.F.);
#3625=ORIENTED_EDGE('',*,*,#6389,.T.);
#3626=ORIENTED_EDGE('',*,*,#6394,.T.);
#3627=ORIENTED_EDGE('',*,*,#6397,.T.);
#3628=ORIENTED_EDGE('',*,*,#6414,.F.);
#3629=ORIENTED_EDGE('',*,*,#6401,.T.);
#3630=ORIENTED_EDGE('',*,*,#6406,.T.);
#3631=ORIENTED_EDGE('',*,*,#6409,.T.);
#3632=ORIENTED_EDGE('',*,*,#6466,.F.);
#3633=ORIENTED_EDGE('',*,*,#6467,.T.);
#3634=ORIENTED_EDGE('',*,*,#6468,.F.);
#3635=ORIENTED_EDGE('',*,*,#6469,.F.);
#3636=ORIENTED_EDGE('',*,*,#6470,.T.);
#3637=ORIENTED_EDGE('',*,*,#6471,.F.);
#3638=ORIENTED_EDGE('',*,*,#6472,.F.);
#3639=ORIENTED_EDGE('',*,*,#6473,.F.);
#3640=ORIENTED_EDGE('',*,*,#6474,.T.);
#3641=ORIENTED_EDGE('',*,*,#6475,.F.);
#3642=ORIENTED_EDGE('',*,*,#6476,.F.);
#3643=ORIENTED_EDGE('',*,*,#6477,.T.);
#3644=ORIENTED_EDGE('',*,*,#6478,.F.);
#3645=ORIENTED_EDGE('',*,*,#6479,.T.);
#3646=ORIENTED_EDGE('',*,*,#6480,.T.);
#3647=ORIENTED_EDGE('',*,*,#6481,.F.);
#3648=ORIENTED_EDGE('',*,*,#6482,.F.);
#3649=ORIENTED_EDGE('',*,*,#6483,.T.);
#3650=ORIENTED_EDGE('',*,*,#6484,.F.);
#3651=ORIENTED_EDGE('',*,*,#6485,.T.);
#3652=ORIENTED_EDGE('',*,*,#6486,.T.);
#3653=ORIENTED_EDGE('',*,*,#6487,.F.);
#3654=ORIENTED_EDGE('',*,*,#6488,.F.);
#3655=ORIENTED_EDGE('',*,*,#6489,.T.);
#3656=ORIENTED_EDGE('',*,*,#6490,.F.);
#3657=ORIENTED_EDGE('',*,*,#6491,.T.);
#3658=ORIENTED_EDGE('',*,*,#6492,.T.);
#3659=ORIENTED_EDGE('',*,*,#6493,.T.);
#3660=ORIENTED_EDGE('',*,*,#6494,.F.);
#3661=ORIENTED_EDGE('',*,*,#6495,.T.);
#3662=ORIENTED_EDGE('',*,*,#6496,.T.);
#3663=ORIENTED_EDGE('',*,*,#6497,.T.);
#3664=ORIENTED_EDGE('',*,*,#6498,.F.);
#3665=ORIENTED_EDGE('',*,*,#6499,.T.);
#3666=ORIENTED_EDGE('',*,*,#6500,.T.);
#3667=ORIENTED_EDGE('',*,*,#6501,.T.);
#3668=ORIENTED_EDGE('',*,*,#6502,.T.);
#3669=ORIENTED_EDGE('',*,*,#6503,.T.);
#3670=ORIENTED_EDGE('',*,*,#6504,.T.);
#3671=ORIENTED_EDGE('',*,*,#6505,.T.);
#3672=ORIENTED_EDGE('',*,*,#6506,.T.);
#3673=ORIENTED_EDGE('',*,*,#6507,.T.);
#3674=ORIENTED_EDGE('',*,*,#6508,.T.);
#3675=ORIENTED_EDGE('',*,*,#6509,.T.);
#3676=ORIENTED_EDGE('',*,*,#6510,.T.);
#3677=ORIENTED_EDGE('',*,*,#6511,.T.);
#3678=ORIENTED_EDGE('',*,*,#6512,.F.);
#3679=ORIENTED_EDGE('',*,*,#6513,.F.);
#3680=ORIENTED_EDGE('',*,*,#6514,.T.);
#3681=ORIENTED_EDGE('',*,*,#6515,.T.);
#3682=ORIENTED_EDGE('',*,*,#6516,.T.);
#3683=ORIENTED_EDGE('',*,*,#6517,.T.);
#3684=ORIENTED_EDGE('',*,*,#6518,.F.);
#3685=ORIENTED_EDGE('',*,*,#6519,.T.);
#3686=ORIENTED_EDGE('',*,*,#6520,.T.);
#3687=ORIENTED_EDGE('',*,*,#6521,.T.);
#3688=ORIENTED_EDGE('',*,*,#6522,.T.);
#3689=ORIENTED_EDGE('',*,*,#6523,.T.);
#3690=ORIENTED_EDGE('',*,*,#6524,.F.);
#3691=ORIENTED_EDGE('',*,*,#6525,.F.);
#3692=ORIENTED_EDGE('',*,*,#6526,.F.);
#3693=ORIENTED_EDGE('',*,*,#6527,.T.);
#3694=ORIENTED_EDGE('',*,*,#6528,.F.);
#3695=ORIENTED_EDGE('',*,*,#6529,.F.);
#3696=ORIENTED_EDGE('',*,*,#6530,.F.);
#3697=ORIENTED_EDGE('',*,*,#6531,.T.);
#3698=ORIENTED_EDGE('',*,*,#6532,.T.);
#3699=ORIENTED_EDGE('',*,*,#6533,.T.);
#3700=ORIENTED_EDGE('',*,*,#6410,.T.);
#3701=ORIENTED_EDGE('',*,*,#6407,.T.);
#3702=ORIENTED_EDGE('',*,*,#6404,.T.);
#3703=ORIENTED_EDGE('',*,*,#6534,.T.);
#3704=ORIENTED_EDGE('',*,*,#6398,.T.);
#3705=ORIENTED_EDGE('',*,*,#6395,.T.);
#3706=ORIENTED_EDGE('',*,*,#6392,.T.);
#3707=ORIENTED_EDGE('',*,*,#6535,.T.);
#3708=ORIENTED_EDGE('',*,*,#6536,.T.);
#3709=ORIENTED_EDGE('',*,*,#6537,.T.);
#3710=ORIENTED_EDGE('',*,*,#6538,.F.);
#3711=ORIENTED_EDGE('',*,*,#6539,.F.);
#3712=ORIENTED_EDGE('',*,*,#6540,.T.);
#3713=ORIENTED_EDGE('',*,*,#6541,.T.);
#3714=ORIENTED_EDGE('',*,*,#6542,.T.);
#3715=ORIENTED_EDGE('',*,*,#6543,.T.);
#3716=ORIENTED_EDGE('',*,*,#6544,.F.);
#3717=ORIENTED_EDGE('',*,*,#6545,.T.);
#3718=ORIENTED_EDGE('',*,*,#6546,.T.);
#3719=ORIENTED_EDGE('',*,*,#6547,.T.);
#3720=ORIENTED_EDGE('',*,*,#6548,.T.);
#3721=ORIENTED_EDGE('',*,*,#6549,.T.);
#3722=ORIENTED_EDGE('',*,*,#6550,.F.);
#3723=ORIENTED_EDGE('',*,*,#6551,.F.);
#3724=ORIENTED_EDGE('',*,*,#6552,.F.);
#3725=ORIENTED_EDGE('',*,*,#6553,.T.);
#3726=ORIENTED_EDGE('',*,*,#6554,.F.);
#3727=ORIENTED_EDGE('',*,*,#6555,.F.);
#3728=ORIENTED_EDGE('',*,*,#6556,.T.);
#3729=ORIENTED_EDGE('',*,*,#6557,.F.);
#3730=ORIENTED_EDGE('',*,*,#6558,.F.);
#3731=ORIENTED_EDGE('',*,*,#6559,.F.);
#3732=ORIENTED_EDGE('',*,*,#6560,.T.);
#3733=ORIENTED_EDGE('',*,*,#6561,.T.);
#3734=ORIENTED_EDGE('',*,*,#6562,.T.);
#3735=ORIENTED_EDGE('',*,*,#6248,.F.);
#3736=ORIENTED_EDGE('',*,*,#6563,.F.);
#3737=ORIENTED_EDGE('',*,*,#6564,.F.);
#3738=ORIENTED_EDGE('',*,*,#6387,.T.);
#3739=ORIENTED_EDGE('',*,*,#6384,.T.);
#3740=ORIENTED_EDGE('',*,*,#6381,.F.);
#3741=ORIENTED_EDGE('',*,*,#6565,.F.);
#3742=ORIENTED_EDGE('',*,*,#6566,.T.);
#3743=ORIENTED_EDGE('',*,*,#6567,.T.);
#3744=ORIENTED_EDGE('',*,*,#6568,.T.);
#3745=ORIENTED_EDGE('',*,*,#6569,.F.);
#3746=ORIENTED_EDGE('',*,*,#6570,.F.);
#3747=ORIENTED_EDGE('',*,*,#6571,.F.);
#3748=ORIENTED_EDGE('',*,*,#6572,.T.);
#3749=ORIENTED_EDGE('',*,*,#6573,.T.);
#3750=ORIENTED_EDGE('',*,*,#6574,.T.);
#3751=ORIENTED_EDGE('',*,*,#6575,.F.);
#3752=ORIENTED_EDGE('',*,*,#6576,.F.);
#3753=ORIENTED_EDGE('',*,*,#6577,.F.);
#3754=ORIENTED_EDGE('',*,*,#6578,.F.);
#3755=ORIENTED_EDGE('',*,*,#6579,.F.);
#3756=ORIENTED_EDGE('',*,*,#6580,.F.);
#3757=ORIENTED_EDGE('',*,*,#6581,.T.);
#3758=ORIENTED_EDGE('',*,*,#6582,.T.);
#3759=ORIENTED_EDGE('',*,*,#6251,.T.);
#3760=ORIENTED_EDGE('',*,*,#6583,.F.);
#3761=ORIENTED_EDGE('',*,*,#6584,.F.);
#3762=ORIENTED_EDGE('',*,*,#6585,.F.);
#3763=ORIENTED_EDGE('',*,*,#6586,.T.);
#3764=ORIENTED_EDGE('',*,*,#6587,.T.);
#3765=ORIENTED_EDGE('',*,*,#6588,.T.);
#3766=ORIENTED_EDGE('',*,*,#6589,.F.);
#3767=ORIENTED_EDGE('',*,*,#6590,.F.);
#3768=ORIENTED_EDGE('',*,*,#6591,.F.);
#3769=ORIENTED_EDGE('',*,*,#6592,.F.);
#3770=ORIENTED_EDGE('',*,*,#6593,.F.);
#3771=ORIENTED_EDGE('',*,*,#6594,.F.);
#3772=ORIENTED_EDGE('',*,*,#6595,.F.);
#3773=ORIENTED_EDGE('',*,*,#6596,.T.);
#3774=ORIENTED_EDGE('',*,*,#6556,.F.);
#3775=ORIENTED_EDGE('',*,*,#6383,.F.);
#3776=ORIENTED_EDGE('',*,*,#6412,.F.);
#3777=ORIENTED_EDGE('',*,*,#6597,.T.);
#3778=ORIENTED_EDGE('',*,*,#6598,.T.);
#3779=ORIENTED_EDGE('',*,*,#6466,.T.);
#3780=ORIENTED_EDGE('',*,*,#6599,.T.);
#3781=ORIENTED_EDGE('',*,*,#6447,.F.);
#3782=ORIENTED_EDGE('',*,*,#6600,.T.);
#3783=ORIENTED_EDGE('',*,*,#6554,.T.);
#3784=ORIENTED_EDGE('',*,*,#6601,.T.);
#3785=ORIENTED_EDGE('',*,*,#6602,.F.);
#3786=ORIENTED_EDGE('',*,*,#6445,.T.);
#3787=ORIENTED_EDGE('',*,*,#6603,.F.);
#3788=ORIENTED_EDGE('',*,*,#6604,.T.);
#3789=ORIENTED_EDGE('',*,*,#6498,.T.);
#3790=ORIENTED_EDGE('',*,*,#6446,.F.);
#3791=ORIENTED_EDGE('',*,*,#6602,.T.);
#3792=ORIENTED_EDGE('',*,*,#6555,.T.);
#3793=ORIENTED_EDGE('',*,*,#6600,.F.);
#3794=ORIENTED_EDGE('',*,*,#6605,.F.);
#3795=ORIENTED_EDGE('',*,*,#6449,.T.);
#3796=ORIENTED_EDGE('',*,*,#6606,.F.);
#3797=ORIENTED_EDGE('',*,*,#6607,.T.);
#3798=ORIENTED_EDGE('',*,*,#6552,.T.);
#3799=ORIENTED_EDGE('',*,*,#6608,.T.);
#3800=ORIENTED_EDGE('',*,*,#6451,.F.);
#3801=ORIENTED_EDGE('',*,*,#6609,.T.);
#3802=ORIENTED_EDGE('',*,*,#6550,.T.);
#3803=ORIENTED_EDGE('',*,*,#6610,.T.);
#3804=ORIENTED_EDGE('',*,*,#6450,.F.);
#3805=ORIENTED_EDGE('',*,*,#6605,.T.);
#3806=ORIENTED_EDGE('',*,*,#6551,.T.);
#3807=ORIENTED_EDGE('',*,*,#6609,.F.);
#3808=ORIENTED_EDGE('',*,*,#6611,.T.);
#3809=ORIENTED_EDGE('',*,*,#6612,.T.);
#3810=ORIENTED_EDGE('',*,*,#6613,.T.);
#3811=ORIENTED_EDGE('',*,*,#6575,.T.);
#3812=ORIENTED_EDGE('',*,*,#6614,.F.);
#3813=ORIENTED_EDGE('',*,*,#6615,.T.);
#3814=ORIENTED_EDGE('',*,*,#6576,.T.);
#3815=ORIENTED_EDGE('',*,*,#6613,.F.);
#3816=ORIENTED_EDGE('',*,*,#6616,.T.);
#3817=ORIENTED_EDGE('',*,*,#6577,.T.);
#3818=ORIENTED_EDGE('',*,*,#6617,.T.);
#3819=ORIENTED_EDGE('',*,*,#6618,.T.);
#3820=ORIENTED_EDGE('',*,*,#6603,.T.);
#3821=ORIENTED_EDGE('',*,*,#6444,.T.);
#3822=ORIENTED_EDGE('',*,*,#6608,.F.);
#3823=ORIENTED_EDGE('',*,*,#6619,.T.);
#3824=ORIENTED_EDGE('',*,*,#6620,.T.);
#3825=ORIENTED_EDGE('',*,*,#6452,.T.);
#3826=ORIENTED_EDGE('',*,*,#6599,.F.);
#3827=ORIENTED_EDGE('',*,*,#6621,.T.);
#3828=ORIENTED_EDGE('',*,*,#6606,.T.);
#3829=ORIENTED_EDGE('',*,*,#6448,.T.);
#3830=ORIENTED_EDGE('',*,*,#6615,.F.);
#3831=ORIENTED_EDGE('',*,*,#6622,.T.);
#3832=ORIENTED_EDGE('',*,*,#6623,.F.);
#3833=ORIENTED_EDGE('',*,*,#6565,.T.);
#3834=ORIENTED_EDGE('',*,*,#6624,.T.);
#3835=ORIENTED_EDGE('',*,*,#6578,.T.);
#3836=ORIENTED_EDGE('',*,*,#6491,.F.);
#3837=ORIENTED_EDGE('',*,*,#6625,.F.);
#3838=ORIENTED_EDGE('',*,*,#6626,.T.);
#3839=ORIENTED_EDGE('',*,*,#6508,.F.);
#3840=ORIENTED_EDGE('',*,*,#6627,.F.);
#3841=ORIENTED_EDGE('',*,*,#6492,.F.);
#3842=ORIENTED_EDGE('',*,*,#6627,.T.);
#3843=ORIENTED_EDGE('',*,*,#6507,.F.);
#3844=ORIENTED_EDGE('',*,*,#6628,.F.);
#3845=ORIENTED_EDGE('',*,*,#6493,.F.);
#3846=ORIENTED_EDGE('',*,*,#6628,.T.);
#3847=ORIENTED_EDGE('',*,*,#6506,.F.);
#3848=ORIENTED_EDGE('',*,*,#6629,.T.);
#3849=ORIENTED_EDGE('',*,*,#6630,.T.);
#3850=ORIENTED_EDGE('',*,*,#6630,.F.);
#3851=ORIENTED_EDGE('',*,*,#6631,.T.);
#3852=ORIENTED_EDGE('',*,*,#6632,.T.);
#3853=ORIENTED_EDGE('',*,*,#6494,.T.);
#3854=ORIENTED_EDGE('',*,*,#6495,.F.);
#3855=ORIENTED_EDGE('',*,*,#6632,.F.);
#3856=ORIENTED_EDGE('',*,*,#6633,.T.);
#3857=ORIENTED_EDGE('',*,*,#6504,.F.);
#3858=ORIENTED_EDGE('',*,*,#6634,.F.);
#3859=ORIENTED_EDGE('',*,*,#6496,.F.);
#3860=ORIENTED_EDGE('',*,*,#6634,.T.);
#3861=ORIENTED_EDGE('',*,*,#6503,.F.);
#3862=ORIENTED_EDGE('',*,*,#6635,.F.);
#3863=ORIENTED_EDGE('',*,*,#6497,.F.);
#3864=ORIENTED_EDGE('',*,*,#6635,.T.);
#3865=ORIENTED_EDGE('',*,*,#6502,.F.);
#3866=ORIENTED_EDGE('',*,*,#6636,.T.);
#3867=ORIENTED_EDGE('',*,*,#6637,.T.);
#3868=ORIENTED_EDGE('',*,*,#6637,.F.);
#3869=ORIENTED_EDGE('',*,*,#6638,.T.);
#3870=ORIENTED_EDGE('',*,*,#6639,.T.);
#3871=ORIENTED_EDGE('',*,*,#6442,.T.);
#3872=ORIENTED_EDGE('',*,*,#6640,.F.);
#3873=ORIENTED_EDGE('',*,*,#6611,.F.);
#3874=ORIENTED_EDGE('',*,*,#6574,.F.);
#3875=ORIENTED_EDGE('',*,*,#6641,.F.);
#3876=ORIENTED_EDGE('',*,*,#6642,.F.);
#3877=ORIENTED_EDGE('',*,*,#6641,.T.);
#3878=ORIENTED_EDGE('',*,*,#6573,.F.);
#3879=ORIENTED_EDGE('',*,*,#6643,.F.);
#3880=ORIENTED_EDGE('',*,*,#6644,.T.);
#3881=ORIENTED_EDGE('',*,*,#6645,.T.);
#3882=ORIENTED_EDGE('',*,*,#6625,.T.);
#3883=ORIENTED_EDGE('',*,*,#6490,.T.);
#3884=ORIENTED_EDGE('',*,*,#6646,.F.);
#3885=ORIENTED_EDGE('',*,*,#6643,.T.);
#3886=ORIENTED_EDGE('',*,*,#6572,.F.);
#3887=ORIENTED_EDGE('',*,*,#6647,.F.);
#3888=ORIENTED_EDGE('',*,*,#6648,.T.);
#3889=ORIENTED_EDGE('',*,*,#6649,.T.);
#3890=ORIENTED_EDGE('',*,*,#6650,.T.);
#3891=ORIENTED_EDGE('',*,*,#6468,.T.);
#3892=ORIENTED_EDGE('',*,*,#6651,.F.);
#3893=ORIENTED_EDGE('',*,*,#6469,.T.);
#3894=ORIENTED_EDGE('',*,*,#6650,.F.);
#3895=ORIENTED_EDGE('',*,*,#6652,.T.);
#3896=ORIENTED_EDGE('',*,*,#6530,.T.);
#3897=ORIENTED_EDGE('',*,*,#6470,.F.);
#3898=ORIENTED_EDGE('',*,*,#6651,.T.);
#3899=ORIENTED_EDGE('',*,*,#6529,.T.);
#3900=ORIENTED_EDGE('',*,*,#6653,.F.);
#3901=ORIENTED_EDGE('',*,*,#6654,.T.);
#3902=ORIENTED_EDGE('',*,*,#6471,.T.);
#3903=ORIENTED_EDGE('',*,*,#6653,.T.);
#3904=ORIENTED_EDGE('',*,*,#6528,.T.);
#3905=ORIENTED_EDGE('',*,*,#6655,.T.);
#3906=ORIENTED_EDGE('',*,*,#6654,.F.);
#3907=ORIENTED_EDGE('',*,*,#6656,.T.);
#3908=ORIENTED_EDGE('',*,*,#6657,.T.);
#3909=ORIENTED_EDGE('',*,*,#6472,.T.);
#3910=ORIENTED_EDGE('',*,*,#6658,.F.);
#3911=ORIENTED_EDGE('',*,*,#6473,.T.);
#3912=ORIENTED_EDGE('',*,*,#6657,.F.);
#3913=ORIENTED_EDGE('',*,*,#6659,.T.);
#3914=ORIENTED_EDGE('',*,*,#6526,.T.);
#3915=ORIENTED_EDGE('',*,*,#6474,.F.);
#3916=ORIENTED_EDGE('',*,*,#6658,.T.);
#3917=ORIENTED_EDGE('',*,*,#6525,.T.);
#3918=ORIENTED_EDGE('',*,*,#6660,.F.);
#3919=ORIENTED_EDGE('',*,*,#6661,.T.);
#3920=ORIENTED_EDGE('',*,*,#6579,.T.);
#3921=ORIENTED_EDGE('',*,*,#6662,.F.);
#3922=ORIENTED_EDGE('',*,*,#6663,.T.);
#3923=ORIENTED_EDGE('',*,*,#6558,.T.);
#3924=ORIENTED_EDGE('',*,*,#6664,.F.);
#3925=ORIENTED_EDGE('',*,*,#6596,.F.);
#3926=ORIENTED_EDGE('',*,*,#6665,.T.);
#3927=ORIENTED_EDGE('',*,*,#6664,.T.);
#3928=ORIENTED_EDGE('',*,*,#6557,.T.);
#3929=ORIENTED_EDGE('',*,*,#6666,.T.);
#3930=ORIENTED_EDGE('',*,*,#6475,.T.);
#3931=ORIENTED_EDGE('',*,*,#6660,.T.);
#3932=ORIENTED_EDGE('',*,*,#6524,.T.);
#3933=ORIENTED_EDGE('',*,*,#6667,.T.);
#3934=ORIENTED_EDGE('',*,*,#6666,.F.);
#3935=ORIENTED_EDGE('',*,*,#6668,.T.);
#3936=ORIENTED_EDGE('',*,*,#6669,.T.);
#3937=ORIENTED_EDGE('',*,*,#6476,.T.);
#3938=ORIENTED_EDGE('',*,*,#6663,.F.);
#3939=ORIENTED_EDGE('',*,*,#6670,.T.);
#3940=ORIENTED_EDGE('',*,*,#6671,.F.);
#3941=ORIENTED_EDGE('',*,*,#6559,.T.);
#3942=ORIENTED_EDGE('',*,*,#6456,.F.);
#3943=ORIENTED_EDGE('',*,*,#6672,.T.);
#3944=ORIENTED_EDGE('',*,*,#6545,.F.);
#3945=ORIENTED_EDGE('',*,*,#6673,.F.);
#3946=ORIENTED_EDGE('',*,*,#6674,.T.);
#3947=ORIENTED_EDGE('',*,*,#6457,.T.);
#3948=ORIENTED_EDGE('',*,*,#6673,.T.);
#3949=ORIENTED_EDGE('',*,*,#6544,.T.);
#3950=ORIENTED_EDGE('',*,*,#6675,.T.);
#3951=ORIENTED_EDGE('',*,*,#6674,.F.);
#3952=ORIENTED_EDGE('',*,*,#6676,.T.);
#3953=ORIENTED_EDGE('',*,*,#6677,.T.);
#3954=ORIENTED_EDGE('',*,*,#6458,.T.);
#3955=ORIENTED_EDGE('',*,*,#6678,.F.);
#3956=ORIENTED_EDGE('',*,*,#6679,.T.);
#3957=ORIENTED_EDGE('',*,*,#6680,.F.);
#3958=ORIENTED_EDGE('',*,*,#6580,.T.);
#3959=ORIENTED_EDGE('',*,*,#6681,.F.);
#3960=ORIENTED_EDGE('',*,*,#6678,.T.);
#3961=ORIENTED_EDGE('',*,*,#6590,.T.);
#3962=ORIENTED_EDGE('',*,*,#6682,.F.);
#3963=ORIENTED_EDGE('',*,*,#6683,.T.);
#3964=ORIENTED_EDGE('',*,*,#6684,.T.);
#3965=ORIENTED_EDGE('',*,*,#6682,.T.);
#3966=ORIENTED_EDGE('',*,*,#6589,.T.);
#3967=ORIENTED_EDGE('',*,*,#6685,.T.);
#3968=ORIENTED_EDGE('',*,*,#6591,.T.);
#3969=ORIENTED_EDGE('',*,*,#6455,.F.);
#3970=ORIENTED_EDGE('',*,*,#6686,.F.);
#3971=ORIENTED_EDGE('',*,*,#6687,.T.);
#3972=ORIENTED_EDGE('',*,*,#6546,.F.);
#3973=ORIENTED_EDGE('',*,*,#6672,.F.);
#3974=ORIENTED_EDGE('',*,*,#6688,.F.);
#3975=ORIENTED_EDGE('',*,*,#6689,.T.);
#3976=ORIENTED_EDGE('',*,*,#6567,.F.);
#3977=ORIENTED_EDGE('',*,*,#6690,.F.);
#3978=ORIENTED_EDGE('',*,*,#6691,.F.);
#3979=ORIENTED_EDGE('',*,*,#6692,.T.);
#3980=ORIENTED_EDGE('',*,*,#6568,.F.);
#3981=ORIENTED_EDGE('',*,*,#6689,.F.);
#3982=ORIENTED_EDGE('',*,*,#6693,.F.);
#3983=ORIENTED_EDGE('',*,*,#6690,.T.);
#3984=ORIENTED_EDGE('',*,*,#6566,.F.);
#3985=ORIENTED_EDGE('',*,*,#6623,.T.);
#3986=ORIENTED_EDGE('',*,*,#6694,.T.);
#3987=ORIENTED_EDGE('',*,*,#6695,.T.);
#3988=ORIENTED_EDGE('',*,*,#6686,.T.);
#3989=ORIENTED_EDGE('',*,*,#6454,.T.);
#3990=ORIENTED_EDGE('',*,*,#6696,.T.);
#3991=ORIENTED_EDGE('',*,*,#6592,.T.);
#3992=ORIENTED_EDGE('',*,*,#6485,.F.);
#3993=ORIENTED_EDGE('',*,*,#6697,.F.);
#3994=ORIENTED_EDGE('',*,*,#6698,.T.);
#3995=ORIENTED_EDGE('',*,*,#6514,.F.);
#3996=ORIENTED_EDGE('',*,*,#6699,.F.);
#3997=ORIENTED_EDGE('',*,*,#6486,.F.);
#3998=ORIENTED_EDGE('',*,*,#6699,.T.);
#3999=ORIENTED_EDGE('',*,*,#6513,.T.);
#4000=ORIENTED_EDGE('',*,*,#6700,.F.);
#4001=ORIENTED_EDGE('',*,*,#6701,.T.);
#4002=ORIENTED_EDGE('',*,*,#6487,.T.);
#4003=ORIENTED_EDGE('',*,*,#6700,.T.);
#4004=ORIENTED_EDGE('',*,*,#6512,.T.);
#4005=ORIENTED_EDGE('',*,*,#6702,.T.);
#4006=ORIENTED_EDGE('',*,*,#6703,.F.);
#4007=ORIENTED_EDGE('',*,*,#6704,.T.);
#4008=ORIENTED_EDGE('',*,*,#6647,.T.);
#4009=ORIENTED_EDGE('',*,*,#6571,.T.);
#4010=ORIENTED_EDGE('',*,*,#6705,.F.);
#4011=ORIENTED_EDGE('',*,*,#6703,.T.);
#4012=ORIENTED_EDGE('',*,*,#6570,.T.);
#4013=ORIENTED_EDGE('',*,*,#6706,.F.);
#4014=ORIENTED_EDGE('',*,*,#6692,.F.);
#4015=ORIENTED_EDGE('',*,*,#6707,.T.);
#4016=ORIENTED_EDGE('',*,*,#6706,.T.);
#4017=ORIENTED_EDGE('',*,*,#6569,.T.);
#4018=ORIENTED_EDGE('',*,*,#6708,.F.);
#4019=ORIENTED_EDGE('',*,*,#6683,.F.);
#4020=ORIENTED_EDGE('',*,*,#6588,.F.);
#4021=ORIENTED_EDGE('',*,*,#6709,.F.);
#4022=ORIENTED_EDGE('',*,*,#6710,.F.);
#4023=ORIENTED_EDGE('',*,*,#6709,.T.);
#4024=ORIENTED_EDGE('',*,*,#6587,.F.);
#4025=ORIENTED_EDGE('',*,*,#6711,.F.);
#4026=ORIENTED_EDGE('',*,*,#6701,.F.);
#4027=ORIENTED_EDGE('',*,*,#6712,.T.);
#4028=ORIENTED_EDGE('',*,*,#6713,.T.);
#4029=ORIENTED_EDGE('',*,*,#6488,.T.);
#4030=ORIENTED_EDGE('',*,*,#6714,.F.);
#4031=ORIENTED_EDGE('',*,*,#6711,.T.);
#4032=ORIENTED_EDGE('',*,*,#6586,.F.);
#4033=ORIENTED_EDGE('',*,*,#6715,.F.);
#4034=ORIENTED_EDGE('',*,*,#6716,.T.);
#4035=ORIENTED_EDGE('',*,*,#6717,.T.);
#4036=ORIENTED_EDGE('',*,*,#6697,.T.);
#4037=ORIENTED_EDGE('',*,*,#6484,.T.);
#4038=ORIENTED_EDGE('',*,*,#6462,.F.);
#4039=ORIENTED_EDGE('',*,*,#6718,.T.);
#4040=ORIENTED_EDGE('',*,*,#6539,.T.);
#4041=ORIENTED_EDGE('',*,*,#6719,.F.);
#4042=ORIENTED_EDGE('',*,*,#6720,.T.);
#4043=ORIENTED_EDGE('',*,*,#6463,.T.);
#4044=ORIENTED_EDGE('',*,*,#6719,.T.);
#4045=ORIENTED_EDGE('',*,*,#6538,.T.);
#4046=ORIENTED_EDGE('',*,*,#6721,.T.);
#4047=ORIENTED_EDGE('',*,*,#6720,.F.);
#4048=ORIENTED_EDGE('',*,*,#6722,.T.);
#4049=ORIENTED_EDGE('',*,*,#6723,.T.);
#4050=ORIENTED_EDGE('',*,*,#6464,.T.);
#4051=ORIENTED_EDGE('',*,*,#6724,.F.);
#4052=ORIENTED_EDGE('',*,*,#6725,.T.);
#4053=ORIENTED_EDGE('',*,*,#6388,.T.);
#4054=ORIENTED_EDGE('',*,*,#6564,.T.);
#4055=ORIENTED_EDGE('',*,*,#6726,.F.);
#4056=ORIENTED_EDGE('',*,*,#6724,.T.);
#4057=ORIENTED_EDGE('',*,*,#6563,.T.);
#4058=ORIENTED_EDGE('',*,*,#6247,.F.);
#4059=ORIENTED_EDGE('',*,*,#6727,.T.);
#4060=ORIENTED_EDGE('',*,*,#6593,.T.);
#4061=ORIENTED_EDGE('',*,*,#6728,.F.);
#4062=ORIENTED_EDGE('',*,*,#6252,.T.);
#4063=ORIENTED_EDGE('',*,*,#6582,.F.);
#4064=ORIENTED_EDGE('',*,*,#6729,.F.);
#4065=ORIENTED_EDGE('',*,*,#6461,.F.);
#4066=ORIENTED_EDGE('',*,*,#6730,.F.);
#4067=ORIENTED_EDGE('',*,*,#6731,.T.);
#4068=ORIENTED_EDGE('',*,*,#6540,.F.);
#4069=ORIENTED_EDGE('',*,*,#6718,.F.);
#4070=ORIENTED_EDGE('',*,*,#6732,.F.);
#4071=ORIENTED_EDGE('',*,*,#6729,.T.);
#4072=ORIENTED_EDGE('',*,*,#6581,.F.);
#4073=ORIENTED_EDGE('',*,*,#6680,.T.);
#4074=ORIENTED_EDGE('',*,*,#6733,.T.);
#4075=ORIENTED_EDGE('',*,*,#6734,.T.);
#4076=ORIENTED_EDGE('',*,*,#6730,.T.);
#4077=ORIENTED_EDGE('',*,*,#6460,.T.);
#4078=ORIENTED_EDGE('',*,*,#6735,.T.);
#4079=ORIENTED_EDGE('',*,*,#6736,.T.);
#4080=ORIENTED_EDGE('',*,*,#6737,.T.);
#4081=ORIENTED_EDGE('',*,*,#6478,.T.);
#4082=ORIENTED_EDGE('',*,*,#6479,.F.);
#4083=ORIENTED_EDGE('',*,*,#6737,.F.);
#4084=ORIENTED_EDGE('',*,*,#6738,.T.);
#4085=ORIENTED_EDGE('',*,*,#6520,.F.);
#4086=ORIENTED_EDGE('',*,*,#6739,.F.);
#4087=ORIENTED_EDGE('',*,*,#6480,.F.);
#4088=ORIENTED_EDGE('',*,*,#6739,.T.);
#4089=ORIENTED_EDGE('',*,*,#6519,.F.);
#4090=ORIENTED_EDGE('',*,*,#6740,.F.);
#4091=ORIENTED_EDGE('',*,*,#6741,.T.);
#4092=ORIENTED_EDGE('',*,*,#6481,.T.);
#4093=ORIENTED_EDGE('',*,*,#6740,.T.);
#4094=ORIENTED_EDGE('',*,*,#6518,.T.);
#4095=ORIENTED_EDGE('',*,*,#6742,.T.);
#4096=ORIENTED_EDGE('',*,*,#6741,.F.);
#4097=ORIENTED_EDGE('',*,*,#6743,.T.);
#4098=ORIENTED_EDGE('',*,*,#6744,.T.);
#4099=ORIENTED_EDGE('',*,*,#6482,.T.);
#4100=ORIENTED_EDGE('',*,*,#6745,.T.);
#4101=ORIENTED_EDGE('',*,*,#6594,.T.);
#4102=ORIENTED_EDGE('',*,*,#6746,.F.);
#4103=ORIENTED_EDGE('',*,*,#6747,.T.);
#4104=ORIENTED_EDGE('',*,*,#6560,.F.);
#4105=ORIENTED_EDGE('',*,*,#6671,.T.);
#4106=ORIENTED_EDGE('',*,*,#6748,.F.);
#4107=ORIENTED_EDGE('',*,*,#6749,.T.);
#4108=ORIENTED_EDGE('',*,*,#6561,.F.);
#4109=ORIENTED_EDGE('',*,*,#6747,.F.);
#4110=ORIENTED_EDGE('',*,*,#6750,.F.);
#4111=ORIENTED_EDGE('',*,*,#6751,.T.);
#4112=ORIENTED_EDGE('',*,*,#6584,.T.);
#4113=ORIENTED_EDGE('',*,*,#6752,.F.);
#4114=ORIENTED_EDGE('',*,*,#6751,.F.);
#4115=ORIENTED_EDGE('',*,*,#6753,.T.);
#4116=ORIENTED_EDGE('',*,*,#6715,.T.);
#4117=ORIENTED_EDGE('',*,*,#6585,.T.);
#4118=ORIENTED_EDGE('',*,*,#6754,.F.);
#4119=ORIENTED_EDGE('',*,*,#6245,.F.);
#4120=ORIENTED_EDGE('',*,*,#6562,.F.);
#4121=ORIENTED_EDGE('',*,*,#6749,.F.);
#4122=ORIENTED_EDGE('',*,*,#6250,.F.);
#4123=ORIENTED_EDGE('',*,*,#6755,.T.);
#4124=ORIENTED_EDGE('',*,*,#6752,.T.);
#4125=ORIENTED_EDGE('',*,*,#6583,.T.);
#4126=ORIENTED_EDGE('',*,*,#6756,.T.);
#4127=ORIENTED_EDGE('',*,*,#6757,.T.);
#4128=ORIENTED_EDGE('',*,*,#6758,.F.);
#4129=ORIENTED_EDGE('',*,*,#6759,.F.);
#4130=ORIENTED_EDGE('',*,*,#6760,.F.);
#4131=ORIENTED_EDGE('',*,*,#6761,.F.);
#4132=ORIENTED_EDGE('',*,*,#6762,.F.);
#4133=ORIENTED_EDGE('',*,*,#6757,.F.);
#4134=ORIENTED_EDGE('',*,*,#6763,.F.);
#4135=ORIENTED_EDGE('',*,*,#6764,.F.);
#4136=ORIENTED_EDGE('',*,*,#6765,.F.);
#4137=ORIENTED_EDGE('',*,*,#6766,.T.);
#4138=ORIENTED_EDGE('',*,*,#6767,.T.);
#4139=ORIENTED_EDGE('',*,*,#6768,.F.);
#4140=ORIENTED_EDGE('',*,*,#6769,.T.);
#4141=ORIENTED_EDGE('',*,*,#6770,.F.);
#4142=ORIENTED_EDGE('',*,*,#6764,.T.);
#4143=ORIENTED_EDGE('',*,*,#6771,.F.);
#4144=ORIENTED_EDGE('',*,*,#6357,.T.);
#4145=ORIENTED_EDGE('',*,*,#6265,.T.);
#4146=ORIENTED_EDGE('',*,*,#6346,.F.);
#4147=ORIENTED_EDGE('',*,*,#6772,.F.);
#4148=ORIENTED_EDGE('',*,*,#6766,.F.);
#4149=ORIENTED_EDGE('',*,*,#6773,.F.);
#4150=ORIENTED_EDGE('',*,*,#6774,.F.);
#4151=ORIENTED_EDGE('',*,*,#6760,.T.);
#4152=ORIENTED_EDGE('',*,*,#6756,.F.);
#4153=ORIENTED_EDGE('',*,*,#6775,.F.);
#4154=ORIENTED_EDGE('',*,*,#6776,.F.);
#4155=ORIENTED_EDGE('',*,*,#6773,.T.);
#4156=ORIENTED_EDGE('',*,*,#6765,.T.);
#4157=ORIENTED_EDGE('',*,*,#6770,.T.);
#4158=ORIENTED_EDGE('',*,*,#6777,.T.);
#4159=ORIENTED_EDGE('',*,*,#6778,.T.);
#4160=ORIENTED_EDGE('',*,*,#6779,.T.);
#4161=ORIENTED_EDGE('',*,*,#6780,.T.);
#4162=ORIENTED_EDGE('',*,*,#6339,.T.);
#4163=ORIENTED_EDGE('',*,*,#6781,.T.);
#4164=ORIENTED_EDGE('',*,*,#6359,.F.);
#4165=ORIENTED_EDGE('',*,*,#6782,.F.);
#4166=ORIENTED_EDGE('',*,*,#6761,.T.);
#4167=ORIENTED_EDGE('',*,*,#6774,.T.);
#4168=ORIENTED_EDGE('',*,*,#6783,.F.);
#4169=ORIENTED_EDGE('',*,*,#6767,.F.);
#4170=ORIENTED_EDGE('',*,*,#6772,.T.);
#4171=ORIENTED_EDGE('',*,*,#6345,.T.);
#4172=ORIENTED_EDGE('',*,*,#6784,.F.);
#4173=ORIENTED_EDGE('',*,*,#6347,.T.);
#4174=ORIENTED_EDGE('',*,*,#6775,.T.);
#4175=ORIENTED_EDGE('',*,*,#6759,.T.);
#4176=ORIENTED_EDGE('',*,*,#6782,.T.);
#4177=ORIENTED_EDGE('',*,*,#6358,.T.);
#4178=ORIENTED_EDGE('',*,*,#6771,.T.);
#4179=ORIENTED_EDGE('',*,*,#6763,.T.);
#4180=ORIENTED_EDGE('',*,*,#6783,.T.);
#4181=ORIENTED_EDGE('',*,*,#6348,.T.);
#4182=ORIENTED_EDGE('',*,*,#6784,.T.);
#4183=ORIENTED_EDGE('',*,*,#6758,.T.);
#4184=ORIENTED_EDGE('',*,*,#6762,.T.);
#4185=ORIENTED_EDGE('',*,*,#6785,.F.);
#4186=ORIENTED_EDGE('',*,*,#6786,.T.);
#4187=ORIENTED_EDGE('',*,*,#6787,.T.);
#4188=ORIENTED_EDGE('',*,*,#6788,.F.);
#4189=ORIENTED_EDGE('',*,*,#6785,.T.);
#4190=ORIENTED_EDGE('',*,*,#6789,.T.);
#4191=ORIENTED_EDGE('',*,*,#6790,.F.);
#4192=ORIENTED_EDGE('',*,*,#6791,.F.);
#4193=ORIENTED_EDGE('',*,*,#6792,.T.);
#4194=ORIENTED_EDGE('',*,*,#6793,.T.);
#4195=ORIENTED_EDGE('',*,*,#6794,.F.);
#4196=ORIENTED_EDGE('',*,*,#6795,.F.);
#4197=ORIENTED_EDGE('',*,*,#6787,.F.);
#4198=ORIENTED_EDGE('',*,*,#6796,.F.);
#4199=ORIENTED_EDGE('',*,*,#6797,.F.);
#4200=ORIENTED_EDGE('',*,*,#6798,.F.);
#4201=ORIENTED_EDGE('',*,*,#6799,.T.);
#4202=ORIENTED_EDGE('',*,*,#6800,.T.);
#4203=ORIENTED_EDGE('',*,*,#6801,.T.);
#4204=ORIENTED_EDGE('',*,*,#6802,.F.);
#4205=ORIENTED_EDGE('',*,*,#6803,.F.);
#4206=ORIENTED_EDGE('',*,*,#6351,.F.);
#4207=ORIENTED_EDGE('',*,*,#6804,.T.);
#4208=ORIENTED_EDGE('',*,*,#6428,.F.);
#4209=ORIENTED_EDGE('',*,*,#6805,.F.);
#4210=ORIENTED_EDGE('',*,*,#6806,.F.);
#4211=ORIENTED_EDGE('',*,*,#6807,.T.);
#4212=ORIENTED_EDGE('',*,*,#6808,.T.);
#4213=ORIENTED_EDGE('',*,*,#6809,.F.);
#4214=ORIENTED_EDGE('',*,*,#6810,.T.);
#4215=ORIENTED_EDGE('',*,*,#6811,.F.);
#4216=ORIENTED_EDGE('',*,*,#6812,.F.);
#4217=ORIENTED_EDGE('',*,*,#6813,.F.);
#4218=ORIENTED_EDGE('',*,*,#6814,.F.);
#4219=ORIENTED_EDGE('',*,*,#6815,.T.);
#4220=ORIENTED_EDGE('',*,*,#6816,.F.);
#4221=ORIENTED_EDGE('',*,*,#6817,.T.);
#4222=ORIENTED_EDGE('',*,*,#6818,.T.);
#4223=ORIENTED_EDGE('',*,*,#6819,.T.);
#4224=ORIENTED_EDGE('',*,*,#6820,.F.);
#4225=ORIENTED_EDGE('',*,*,#6793,.F.);
#4226=ORIENTED_EDGE('',*,*,#6821,.F.);
#4227=ORIENTED_EDGE('',*,*,#6820,.T.);
#4228=ORIENTED_EDGE('',*,*,#6822,.T.);
#4229=ORIENTED_EDGE('',*,*,#6823,.F.);
#4230=ORIENTED_EDGE('',*,*,#6824,.F.);
#4231=ORIENTED_EDGE('',*,*,#6825,.T.);
#4232=ORIENTED_EDGE('',*,*,#6826,.T.);
#4233=ORIENTED_EDGE('',*,*,#6827,.F.);
#4234=ORIENTED_EDGE('',*,*,#6828,.T.);
#4235=ORIENTED_EDGE('',*,*,#6829,.F.);
#4236=ORIENTED_EDGE('',*,*,#6825,.F.);
#4237=ORIENTED_EDGE('',*,*,#6830,.T.);
#4238=ORIENTED_EDGE('',*,*,#6831,.F.);
#4239=ORIENTED_EDGE('',*,*,#6789,.F.);
#4240=ORIENTED_EDGE('',*,*,#6788,.T.);
#4241=ORIENTED_EDGE('',*,*,#6795,.T.);
#4242=ORIENTED_EDGE('',*,*,#6790,.T.);
#4243=ORIENTED_EDGE('',*,*,#6831,.T.);
#4244=ORIENTED_EDGE('',*,*,#6832,.F.);
#4245=ORIENTED_EDGE('',*,*,#6833,.T.);
#4246=ORIENTED_EDGE('',*,*,#6791,.T.);
#4247=ORIENTED_EDGE('',*,*,#6833,.F.);
#4248=ORIENTED_EDGE('',*,*,#6834,.F.);
#4249=ORIENTED_EDGE('',*,*,#6796,.T.);
#4250=ORIENTED_EDGE('',*,*,#6786,.F.);
#4251=ORIENTED_EDGE('',*,*,#6835,.T.);
#4252=ORIENTED_EDGE('',*,*,#6836,.T.);
#4253=ORIENTED_EDGE('',*,*,#6837,.T.);
#4254=ORIENTED_EDGE('',*,*,#6836,.F.);
#4255=ORIENTED_EDGE('',*,*,#6838,.F.);
#4256=ORIENTED_EDGE('',*,*,#6839,.T.);
#4257=ORIENTED_EDGE('',*,*,#6840,.F.);
#4258=ORIENTED_EDGE('',*,*,#6811,.T.);
#4259=ORIENTED_EDGE('',*,*,#6841,.F.);
#4260=ORIENTED_EDGE('',*,*,#6837,.F.);
#4261=ORIENTED_EDGE('',*,*,#6840,.T.);
#4262=ORIENTED_EDGE('',*,*,#6842,.T.);
#4263=ORIENTED_EDGE('',*,*,#6843,.F.);
#4264=ORIENTED_EDGE('',*,*,#6844,.T.);
#4265=ORIENTED_EDGE('',*,*,#6812,.T.);
#4266=ORIENTED_EDGE('',*,*,#6843,.T.);
#4267=ORIENTED_EDGE('',*,*,#6845,.T.);
#4268=ORIENTED_EDGE('',*,*,#6846,.T.);
#4269=ORIENTED_EDGE('',*,*,#6813,.T.);
#4270=ORIENTED_EDGE('',*,*,#6844,.F.);
#4271=ORIENTED_EDGE('',*,*,#6847,.F.);
#4272=ORIENTED_EDGE('',*,*,#6848,.F.);
#4273=ORIENTED_EDGE('',*,*,#6814,.T.);
#4274=ORIENTED_EDGE('',*,*,#6846,.F.);
#4275=ORIENTED_EDGE('',*,*,#6849,.T.);
#4276=ORIENTED_EDGE('',*,*,#6815,.F.);
#4277=ORIENTED_EDGE('',*,*,#6848,.T.);
#4278=ORIENTED_EDGE('',*,*,#6850,.T.);
#4279=ORIENTED_EDGE('',*,*,#6851,.F.);
#4280=ORIENTED_EDGE('',*,*,#6852,.F.);
#4281=ORIENTED_EDGE('',*,*,#6816,.T.);
#4282=ORIENTED_EDGE('',*,*,#6851,.T.);
#4283=ORIENTED_EDGE('',*,*,#6853,.T.);
#4284=ORIENTED_EDGE('',*,*,#6821,.T.);
#4285=ORIENTED_EDGE('',*,*,#6792,.F.);
#4286=ORIENTED_EDGE('',*,*,#6852,.T.);
#4287=ORIENTED_EDGE('',*,*,#6854,.T.);
#4288=ORIENTED_EDGE('',*,*,#6855,.T.);
#4289=ORIENTED_EDGE('',*,*,#6817,.F.);
#4290=ORIENTED_EDGE('',*,*,#6856,.T.);
#4291=ORIENTED_EDGE('',*,*,#6857,.T.);
#4292=ORIENTED_EDGE('',*,*,#6818,.F.);
#4293=ORIENTED_EDGE('',*,*,#6855,.F.);
#4294=ORIENTED_EDGE('',*,*,#6794,.T.);
#4295=ORIENTED_EDGE('',*,*,#6822,.F.);
#4296=ORIENTED_EDGE('',*,*,#6819,.F.);
#4297=ORIENTED_EDGE('',*,*,#6857,.F.);
#4298=ORIENTED_EDGE('',*,*,#6858,.F.);
#4299=ORIENTED_EDGE('',*,*,#6859,.T.);
#4300=ORIENTED_EDGE('',*,*,#6860,.F.);
#4301=ORIENTED_EDGE('',*,*,#6861,.F.);
#4302=ORIENTED_EDGE('',*,*,#6826,.F.);
#4303=ORIENTED_EDGE('',*,*,#6829,.T.);
#4304=ORIENTED_EDGE('',*,*,#6862,.T.);
#4305=ORIENTED_EDGE('',*,*,#6863,.F.);
#4306=ORIENTED_EDGE('',*,*,#6864,.F.);
#4307=ORIENTED_EDGE('',*,*,#6823,.T.);
#4308=ORIENTED_EDGE('',*,*,#6861,.T.);
#4309=ORIENTED_EDGE('',*,*,#6865,.F.);
#4310=ORIENTED_EDGE('',*,*,#6866,.F.);
#4311=ORIENTED_EDGE('',*,*,#6827,.T.);
#4312=ORIENTED_EDGE('',*,*,#6824,.T.);
#4313=ORIENTED_EDGE('',*,*,#6864,.T.);
#4314=ORIENTED_EDGE('',*,*,#6797,.T.);
#4315=ORIENTED_EDGE('',*,*,#6834,.T.);
#4316=ORIENTED_EDGE('',*,*,#6832,.T.);
#4317=ORIENTED_EDGE('',*,*,#6830,.F.);
#4318=ORIENTED_EDGE('',*,*,#6859,.F.);
#4319=ORIENTED_EDGE('',*,*,#6862,.F.);
#4320=ORIENTED_EDGE('',*,*,#6828,.F.);
#4321=ORIENTED_EDGE('',*,*,#6866,.T.);
#4322=ORIENTED_EDGE('',*,*,#6867,.F.);
#4323=ORIENTED_EDGE('',*,*,#6868,.F.);
#4324=ORIENTED_EDGE('',*,*,#6869,.F.);
#4325=ORIENTED_EDGE('',*,*,#6798,.T.);
#4326=ORIENTED_EDGE('',*,*,#6868,.T.);
#4327=ORIENTED_EDGE('',*,*,#6870,.T.);
#4328=ORIENTED_EDGE('',*,*,#6799,.F.);
#4329=ORIENTED_EDGE('',*,*,#6869,.T.);
#4330=ORIENTED_EDGE('',*,*,#6871,.F.);
#4331=ORIENTED_EDGE('',*,*,#6872,.F.);
#4332=ORIENTED_EDGE('',*,*,#6873,.F.);
#4333=ORIENTED_EDGE('',*,*,#6802,.T.);
#4334=ORIENTED_EDGE('',*,*,#6874,.F.);
#4335=ORIENTED_EDGE('',*,*,#6875,.F.);
#4336=ORIENTED_EDGE('',*,*,#6876,.T.);
#4337=ORIENTED_EDGE('',*,*,#6877,.T.);
#4338=ORIENTED_EDGE('',*,*,#6874,.T.);
#4339=ORIENTED_EDGE('',*,*,#6801,.F.);
#4340=ORIENTED_EDGE('',*,*,#6800,.F.);
#4341=ORIENTED_EDGE('',*,*,#6872,.T.);
#4342=ORIENTED_EDGE('',*,*,#6878,.T.);
#4343=ORIENTED_EDGE('',*,*,#6876,.F.);
#4344=ORIENTED_EDGE('',*,*,#6879,.T.);
#4345=ORIENTED_EDGE('',*,*,#6880,.T.);
#4346=ORIENTED_EDGE('',*,*,#6838,.T.);
#4347=ORIENTED_EDGE('',*,*,#6835,.F.);
#4348=ORIENTED_EDGE('',*,*,#6841,.T.);
#4349=ORIENTED_EDGE('',*,*,#6810,.F.);
#4350=ORIENTED_EDGE('',*,*,#6881,.F.);
#4351=ORIENTED_EDGE('',*,*,#6882,.F.);
#4352=ORIENTED_EDGE('',*,*,#6879,.F.);
#4353=ORIENTED_EDGE('',*,*,#6809,.T.);
#4354=ORIENTED_EDGE('',*,*,#6881,.T.);
#4355=ORIENTED_EDGE('',*,*,#6808,.F.);
#4356=ORIENTED_EDGE('',*,*,#6883,.F.);
#4357=ORIENTED_EDGE('',*,*,#6884,.T.);
#4358=ORIENTED_EDGE('',*,*,#6883,.T.);
#4359=ORIENTED_EDGE('',*,*,#6807,.F.);
#4360=ORIENTED_EDGE('',*,*,#6885,.T.);
#4361=ORIENTED_EDGE('',*,*,#6886,.T.);
#4362=ORIENTED_EDGE('',*,*,#6885,.F.);
#4363=ORIENTED_EDGE('',*,*,#6806,.T.);
#4364=ORIENTED_EDGE('',*,*,#6887,.F.);
#4365=ORIENTED_EDGE('',*,*,#6888,.F.);
#4366=ORIENTED_EDGE('',*,*,#6887,.T.);
#4367=ORIENTED_EDGE('',*,*,#6805,.T.);
#4368=ORIENTED_EDGE('',*,*,#6427,.T.);
#4369=ORIENTED_EDGE('',*,*,#6889,.F.);
#4370=ORIENTED_EDGE('',*,*,#6353,.F.);
#4371=ORIENTED_EDGE('',*,*,#6890,.T.);
#4372=ORIENTED_EDGE('',*,*,#6891,.T.);
#4373=ORIENTED_EDGE('',*,*,#6892,.T.);
#4374=ORIENTED_EDGE('',*,*,#6893,.T.);
#4375=ORIENTED_EDGE('',*,*,#6354,.F.);
#4376=ORIENTED_EDGE('',*,*,#6891,.F.);
#4377=ORIENTED_EDGE('',*,*,#6893,.F.);
#4378=ORIENTED_EDGE('',*,*,#6894,.T.);
#4379=ORIENTED_EDGE('',*,*,#6875,.T.);
#4380=ORIENTED_EDGE('',*,*,#6877,.F.);
#4381=ORIENTED_EDGE('',*,*,#6878,.F.);
#4382=ORIENTED_EDGE('',*,*,#6871,.T.);
#4383=ORIENTED_EDGE('',*,*,#6870,.F.);
#4384=ORIENTED_EDGE('',*,*,#6867,.T.);
#4385=ORIENTED_EDGE('',*,*,#6865,.T.);
#4386=ORIENTED_EDGE('',*,*,#6863,.T.);
#4387=ORIENTED_EDGE('',*,*,#6860,.T.);
#4388=ORIENTED_EDGE('',*,*,#6858,.T.);
#4389=ORIENTED_EDGE('',*,*,#6856,.F.);
#4390=ORIENTED_EDGE('',*,*,#6854,.F.);
#4391=ORIENTED_EDGE('',*,*,#6853,.F.);
#4392=ORIENTED_EDGE('',*,*,#6850,.F.);
#4393=ORIENTED_EDGE('',*,*,#6849,.F.);
#4394=ORIENTED_EDGE('',*,*,#6847,.T.);
#4395=ORIENTED_EDGE('',*,*,#6845,.F.);
#4396=ORIENTED_EDGE('',*,*,#6842,.F.);
#4397=ORIENTED_EDGE('',*,*,#6839,.F.);
#4398=ORIENTED_EDGE('',*,*,#6880,.F.);
#4399=ORIENTED_EDGE('',*,*,#6882,.T.);
#4400=ORIENTED_EDGE('',*,*,#6884,.F.);
#4401=ORIENTED_EDGE('',*,*,#6886,.F.);
#4402=ORIENTED_EDGE('',*,*,#6888,.T.);
#4403=ORIENTED_EDGE('',*,*,#6889,.T.);
#4404=ORIENTED_EDGE('',*,*,#6426,.F.);
#4405=ORIENTED_EDGE('',*,*,#6895,.T.);
#4406=ORIENTED_EDGE('',*,*,#6355,.T.);
#4407=ORIENTED_EDGE('',*,*,#6894,.F.);
#4408=ORIENTED_EDGE('',*,*,#6892,.F.);
#4409=ORIENTED_EDGE('',*,*,#6890,.F.);
#4410=ORIENTED_EDGE('',*,*,#6352,.F.);
#4411=ORIENTED_EDGE('',*,*,#6803,.T.);
#4412=ORIENTED_EDGE('',*,*,#6873,.T.);
#4413=ORIENTED_EDGE('',*,*,#6896,.F.);
#4414=ORIENTED_EDGE('',*,*,#6897,.F.);
#4415=ORIENTED_EDGE('',*,*,#6898,.F.);
#4416=ORIENTED_EDGE('',*,*,#6899,.F.);
#4417=ORIENTED_EDGE('',*,*,#6900,.F.);
#4418=ORIENTED_EDGE('',*,*,#6897,.T.);
#4419=ORIENTED_EDGE('',*,*,#6901,.T.);
#4420=ORIENTED_EDGE('',*,*,#6902,.T.);
#4421=ORIENTED_EDGE('',*,*,#6903,.F.);
#4422=ORIENTED_EDGE('',*,*,#6904,.F.);
#4423=ORIENTED_EDGE('',*,*,#6905,.T.);
#4424=ORIENTED_EDGE('',*,*,#6906,.F.);
#4425=ORIENTED_EDGE('',*,*,#6907,.T.);
#4426=ORIENTED_EDGE('',*,*,#6905,.F.);
#4427=ORIENTED_EDGE('',*,*,#6908,.F.);
#4428=ORIENTED_EDGE('',*,*,#6344,.F.);
#4429=ORIENTED_EDGE('',*,*,#6909,.F.);
#4430=ORIENTED_EDGE('',*,*,#6901,.F.);
#4431=ORIENTED_EDGE('',*,*,#6896,.T.);
#4432=ORIENTED_EDGE('',*,*,#6910,.F.);
#4433=ORIENTED_EDGE('',*,*,#6911,.F.);
#4434=ORIENTED_EDGE('',*,*,#6912,.T.);
#4435=ORIENTED_EDGE('',*,*,#6913,.T.);
#4436=ORIENTED_EDGE('',*,*,#6914,.T.);
#4437=ORIENTED_EDGE('',*,*,#6915,.T.);
#4438=ORIENTED_EDGE('',*,*,#6369,.T.);
#4439=ORIENTED_EDGE('',*,*,#6916,.T.);
#4440=ORIENTED_EDGE('',*,*,#6365,.F.);
#4441=ORIENTED_EDGE('',*,*,#6917,.F.);
#4442=ORIENTED_EDGE('',*,*,#6907,.F.);
#4443=ORIENTED_EDGE('',*,*,#6918,.F.);
#4444=ORIENTED_EDGE('',*,*,#6903,.T.);
#4445=ORIENTED_EDGE('',*,*,#6917,.T.);
#4446=ORIENTED_EDGE('',*,*,#6364,.T.);
#4447=ORIENTED_EDGE('',*,*,#6919,.T.);
#4448=ORIENTED_EDGE('',*,*,#6898,.T.);
#4449=ORIENTED_EDGE('',*,*,#6900,.T.);
#4450=ORIENTED_EDGE('',*,*,#6920,.T.);
#4451=ORIENTED_EDGE('',*,*,#6342,.T.);
#4452=ORIENTED_EDGE('',*,*,#6921,.T.);
#4453=ORIENTED_EDGE('',*,*,#6921,.F.);
#4454=ORIENTED_EDGE('',*,*,#6341,.T.);
#4455=ORIENTED_EDGE('',*,*,#6908,.T.);
#4456=ORIENTED_EDGE('',*,*,#6904,.T.);
#4457=ORIENTED_EDGE('',*,*,#6920,.F.);
#4458=ORIENTED_EDGE('',*,*,#6902,.F.);
#4459=ORIENTED_EDGE('',*,*,#6909,.T.);
#4460=ORIENTED_EDGE('',*,*,#6343,.T.);
#4461=ORIENTED_EDGE('',*,*,#6922,.T.);
#4462=ORIENTED_EDGE('',*,*,#6923,.T.);
#4463=ORIENTED_EDGE('',*,*,#6924,.T.);
#4464=ORIENTED_EDGE('',*,*,#6910,.T.);
#4465=ORIENTED_EDGE('',*,*,#6899,.T.);
#4466=ORIENTED_EDGE('',*,*,#6919,.F.);
#4467=ORIENTED_EDGE('',*,*,#6363,.T.);
#4468=ORIENTED_EDGE('',*,*,#6925,.T.);
#4469=ORIENTED_EDGE('',*,*,#6371,.T.);
#4470=ORIENTED_EDGE('',*,*,#6926,.T.);
#4471=ORIENTED_EDGE('',*,*,#6927,.F.);
#4472=ORIENTED_EDGE('',*,*,#6918,.T.);
#4473=ORIENTED_EDGE('',*,*,#6906,.T.);
#4474=ORIENTED_EDGE('',*,*,#6911,.T.);
#4475=ORIENTED_EDGE('',*,*,#6928,.F.);
#4476=ORIENTED_EDGE('',*,*,#6929,.F.);
#4477=ORIENTED_EDGE('',*,*,#6930,.F.);
#4478=ORIENTED_EDGE('',*,*,#6931,.F.);
#4479=ORIENTED_EDGE('',*,*,#6932,.F.);
#4480=ORIENTED_EDGE('',*,*,#6929,.T.);
#4481=ORIENTED_EDGE('',*,*,#6933,.T.);
#4482=ORIENTED_EDGE('',*,*,#6934,.T.);
#4483=ORIENTED_EDGE('',*,*,#6935,.F.);
#4484=ORIENTED_EDGE('',*,*,#6936,.F.);
#4485=ORIENTED_EDGE('',*,*,#6937,.T.);
#4486=ORIENTED_EDGE('',*,*,#6938,.F.);
#4487=ORIENTED_EDGE('',*,*,#6324,.T.);
#4488=ORIENTED_EDGE('',*,*,#6937,.F.);
#4489=ORIENTED_EDGE('',*,*,#6939,.F.);
#4490=ORIENTED_EDGE('',*,*,#6274,.F.);
#4491=ORIENTED_EDGE('',*,*,#6940,.F.);
#4492=ORIENTED_EDGE('',*,*,#6933,.F.);
#4493=ORIENTED_EDGE('',*,*,#6928,.T.);
#4494=ORIENTED_EDGE('',*,*,#6941,.F.);
#4495=ORIENTED_EDGE('',*,*,#6942,.F.);
#4496=ORIENTED_EDGE('',*,*,#6935,.T.);
#4497=ORIENTED_EDGE('',*,*,#6323,.T.);
#4498=ORIENTED_EDGE('',*,*,#6287,.T.);
#4499=ORIENTED_EDGE('',*,*,#6943,.T.);
#4500=ORIENTED_EDGE('',*,*,#6930,.T.);
#4501=ORIENTED_EDGE('',*,*,#6932,.T.);
#4502=ORIENTED_EDGE('',*,*,#6944,.T.);
#4503=ORIENTED_EDGE('',*,*,#6272,.T.);
#4504=ORIENTED_EDGE('',*,*,#6945,.T.);
#4505=ORIENTED_EDGE('',*,*,#6945,.F.);
#4506=ORIENTED_EDGE('',*,*,#6271,.T.);
#4507=ORIENTED_EDGE('',*,*,#6939,.T.);
#4508=ORIENTED_EDGE('',*,*,#6936,.T.);
#4509=ORIENTED_EDGE('',*,*,#6944,.F.);
#4510=ORIENTED_EDGE('',*,*,#6934,.F.);
#4511=ORIENTED_EDGE('',*,*,#6940,.T.);
#4512=ORIENTED_EDGE('',*,*,#6273,.T.);
#4513=ORIENTED_EDGE('',*,*,#6946,.T.);
#4514=ORIENTED_EDGE('',*,*,#6947,.T.);
#4515=ORIENTED_EDGE('',*,*,#6948,.T.);
#4516=ORIENTED_EDGE('',*,*,#6941,.T.);
#4517=ORIENTED_EDGE('',*,*,#6931,.T.);
#4518=ORIENTED_EDGE('',*,*,#6943,.F.);
#4519=ORIENTED_EDGE('',*,*,#6286,.T.);
#4520=ORIENTED_EDGE('',*,*,#6949,.T.);
#4521=ORIENTED_EDGE('',*,*,#6335,.T.);
#4522=ORIENTED_EDGE('',*,*,#6950,.T.);
#4523=ORIENTED_EDGE('',*,*,#6951,.F.);
#4524=ORIENTED_EDGE('',*,*,#6325,.T.);
#4525=ORIENTED_EDGE('',*,*,#6938,.T.);
#4526=ORIENTED_EDGE('',*,*,#6942,.T.);
#4527=ORIENTED_EDGE('',*,*,#6952,.F.);
#4528=ORIENTED_EDGE('',*,*,#6953,.T.);
#4529=ORIENTED_EDGE('',*,*,#6954,.T.);
#4530=ORIENTED_EDGE('',*,*,#6955,.F.);
#4531=ORIENTED_EDGE('',*,*,#6952,.T.);
#4532=ORIENTED_EDGE('',*,*,#6956,.T.);
#4533=ORIENTED_EDGE('',*,*,#6957,.F.);
#4534=ORIENTED_EDGE('',*,*,#6958,.F.);
#4535=ORIENTED_EDGE('',*,*,#6959,.T.);
#4536=ORIENTED_EDGE('',*,*,#6960,.T.);
#4537=ORIENTED_EDGE('',*,*,#6961,.F.);
#4538=ORIENTED_EDGE('',*,*,#6962,.F.);
#4539=ORIENTED_EDGE('',*,*,#6954,.F.);
#4540=ORIENTED_EDGE('',*,*,#6963,.F.);
#4541=ORIENTED_EDGE('',*,*,#6964,.F.);
#4542=ORIENTED_EDGE('',*,*,#6965,.F.);
#4543=ORIENTED_EDGE('',*,*,#6966,.T.);
#4544=ORIENTED_EDGE('',*,*,#6967,.T.);
#4545=ORIENTED_EDGE('',*,*,#6968,.T.);
#4546=ORIENTED_EDGE('',*,*,#6969,.F.);
#4547=ORIENTED_EDGE('',*,*,#6970,.F.);
#4548=ORIENTED_EDGE('',*,*,#6291,.F.);
#4549=ORIENTED_EDGE('',*,*,#6971,.T.);
#4550=ORIENTED_EDGE('',*,*,#6438,.F.);
#4551=ORIENTED_EDGE('',*,*,#6972,.F.);
#4552=ORIENTED_EDGE('',*,*,#6973,.F.);
#4553=ORIENTED_EDGE('',*,*,#6974,.T.);
#4554=ORIENTED_EDGE('',*,*,#6975,.T.);
#4555=ORIENTED_EDGE('',*,*,#6976,.F.);
#4556=ORIENTED_EDGE('',*,*,#6977,.T.);
#4557=ORIENTED_EDGE('',*,*,#6978,.F.);
#4558=ORIENTED_EDGE('',*,*,#6979,.F.);
#4559=ORIENTED_EDGE('',*,*,#6980,.F.);
#4560=ORIENTED_EDGE('',*,*,#6981,.F.);
#4561=ORIENTED_EDGE('',*,*,#6982,.T.);
#4562=ORIENTED_EDGE('',*,*,#6983,.F.);
#4563=ORIENTED_EDGE('',*,*,#6984,.T.);
#4564=ORIENTED_EDGE('',*,*,#6985,.T.);
#4565=ORIENTED_EDGE('',*,*,#6986,.T.);
#4566=ORIENTED_EDGE('',*,*,#6987,.F.);
#4567=ORIENTED_EDGE('',*,*,#6960,.F.);
#4568=ORIENTED_EDGE('',*,*,#6988,.F.);
#4569=ORIENTED_EDGE('',*,*,#6987,.T.);
#4570=ORIENTED_EDGE('',*,*,#6989,.T.);
#4571=ORIENTED_EDGE('',*,*,#6990,.F.);
#4572=ORIENTED_EDGE('',*,*,#6991,.F.);
#4573=ORIENTED_EDGE('',*,*,#6992,.T.);
#4574=ORIENTED_EDGE('',*,*,#6993,.T.);
#4575=ORIENTED_EDGE('',*,*,#6994,.F.);
#4576=ORIENTED_EDGE('',*,*,#6995,.T.);
#4577=ORIENTED_EDGE('',*,*,#6996,.F.);
#4578=ORIENTED_EDGE('',*,*,#6992,.F.);
#4579=ORIENTED_EDGE('',*,*,#6997,.T.);
#4580=ORIENTED_EDGE('',*,*,#6998,.F.);
#4581=ORIENTED_EDGE('',*,*,#6956,.F.);
#4582=ORIENTED_EDGE('',*,*,#6955,.T.);
#4583=ORIENTED_EDGE('',*,*,#6962,.T.);
#4584=ORIENTED_EDGE('',*,*,#6957,.T.);
#4585=ORIENTED_EDGE('',*,*,#6998,.T.);
#4586=ORIENTED_EDGE('',*,*,#6999,.F.);
#4587=ORIENTED_EDGE('',*,*,#7000,.T.);
#4588=ORIENTED_EDGE('',*,*,#6958,.T.);
#4589=ORIENTED_EDGE('',*,*,#7000,.F.);
#4590=ORIENTED_EDGE('',*,*,#7001,.F.);
#4591=ORIENTED_EDGE('',*,*,#6963,.T.);
#4592=ORIENTED_EDGE('',*,*,#6953,.F.);
#4593=ORIENTED_EDGE('',*,*,#7002,.T.);
#4594=ORIENTED_EDGE('',*,*,#7003,.T.);
#4595=ORIENTED_EDGE('',*,*,#7004,.T.);
#4596=ORIENTED_EDGE('',*,*,#7003,.F.);
#4597=ORIENTED_EDGE('',*,*,#7005,.F.);
#4598=ORIENTED_EDGE('',*,*,#7006,.T.);
#4599=ORIENTED_EDGE('',*,*,#7007,.F.);
#4600=ORIENTED_EDGE('',*,*,#6978,.T.);
#4601=ORIENTED_EDGE('',*,*,#7008,.F.);
#4602=ORIENTED_EDGE('',*,*,#7004,.F.);
#4603=ORIENTED_EDGE('',*,*,#7007,.T.);
#4604=ORIENTED_EDGE('',*,*,#7009,.T.);
#4605=ORIENTED_EDGE('',*,*,#7010,.F.);
#4606=ORIENTED_EDGE('',*,*,#7011,.T.);
#4607=ORIENTED_EDGE('',*,*,#6979,.T.);
#4608=ORIENTED_EDGE('',*,*,#7010,.T.);
#4609=ORIENTED_EDGE('',*,*,#7012,.T.);
#4610=ORIENTED_EDGE('',*,*,#7013,.T.);
#4611=ORIENTED_EDGE('',*,*,#6980,.T.);
#4612=ORIENTED_EDGE('',*,*,#7011,.F.);
#4613=ORIENTED_EDGE('',*,*,#7014,.F.);
#4614=ORIENTED_EDGE('',*,*,#7015,.F.);
#4615=ORIENTED_EDGE('',*,*,#6981,.T.);
#4616=ORIENTED_EDGE('',*,*,#7013,.F.);
#4617=ORIENTED_EDGE('',*,*,#7016,.T.);
#4618=ORIENTED_EDGE('',*,*,#6982,.F.);
#4619=ORIENTED_EDGE('',*,*,#7015,.T.);
#4620=ORIENTED_EDGE('',*,*,#7017,.T.);
#4621=ORIENTED_EDGE('',*,*,#7018,.F.);
#4622=ORIENTED_EDGE('',*,*,#7019,.F.);
#4623=ORIENTED_EDGE('',*,*,#6983,.T.);
#4624=ORIENTED_EDGE('',*,*,#7018,.T.);
#4625=ORIENTED_EDGE('',*,*,#7020,.T.);
#4626=ORIENTED_EDGE('',*,*,#6988,.T.);
#4627=ORIENTED_EDGE('',*,*,#6959,.F.);
#4628=ORIENTED_EDGE('',*,*,#7019,.T.);
#4629=ORIENTED_EDGE('',*,*,#7021,.T.);
#4630=ORIENTED_EDGE('',*,*,#7022,.T.);
#4631=ORIENTED_EDGE('',*,*,#6984,.F.);
#4632=ORIENTED_EDGE('',*,*,#7023,.T.);
#4633=ORIENTED_EDGE('',*,*,#7024,.T.);
#4634=ORIENTED_EDGE('',*,*,#6985,.F.);
#4635=ORIENTED_EDGE('',*,*,#7022,.F.);
#4636=ORIENTED_EDGE('',*,*,#6961,.T.);
#4637=ORIENTED_EDGE('',*,*,#6989,.F.);
#4638=ORIENTED_EDGE('',*,*,#6986,.F.);
#4639=ORIENTED_EDGE('',*,*,#7024,.F.);
#4640=ORIENTED_EDGE('',*,*,#7025,.F.);
#4641=ORIENTED_EDGE('',*,*,#7026,.T.);
#4642=ORIENTED_EDGE('',*,*,#7027,.F.);
#4643=ORIENTED_EDGE('',*,*,#7028,.F.);
#4644=ORIENTED_EDGE('',*,*,#6993,.F.);
#4645=ORIENTED_EDGE('',*,*,#6996,.T.);
#4646=ORIENTED_EDGE('',*,*,#7029,.T.);
#4647=ORIENTED_EDGE('',*,*,#7030,.F.);
#4648=ORIENTED_EDGE('',*,*,#7031,.F.);
#4649=ORIENTED_EDGE('',*,*,#6990,.T.);
#4650=ORIENTED_EDGE('',*,*,#7028,.T.);
#4651=ORIENTED_EDGE('',*,*,#7032,.F.);
#4652=ORIENTED_EDGE('',*,*,#7033,.F.);
#4653=ORIENTED_EDGE('',*,*,#6994,.T.);
#4654=ORIENTED_EDGE('',*,*,#6991,.T.);
#4655=ORIENTED_EDGE('',*,*,#7031,.T.);
#4656=ORIENTED_EDGE('',*,*,#6964,.T.);
#4657=ORIENTED_EDGE('',*,*,#7001,.T.);
#4658=ORIENTED_EDGE('',*,*,#6999,.T.);
#4659=ORIENTED_EDGE('',*,*,#6997,.F.);
#4660=ORIENTED_EDGE('',*,*,#7026,.F.);
#4661=ORIENTED_EDGE('',*,*,#7029,.F.);
#4662=ORIENTED_EDGE('',*,*,#6995,.F.);
#4663=ORIENTED_EDGE('',*,*,#7033,.T.);
#4664=ORIENTED_EDGE('',*,*,#7034,.F.);
#4665=ORIENTED_EDGE('',*,*,#7035,.F.);
#4666=ORIENTED_EDGE('',*,*,#7036,.F.);
#4667=ORIENTED_EDGE('',*,*,#6965,.T.);
#4668=ORIENTED_EDGE('',*,*,#7035,.T.);
#4669=ORIENTED_EDGE('',*,*,#7037,.T.);
#4670=ORIENTED_EDGE('',*,*,#6966,.F.);
#4671=ORIENTED_EDGE('',*,*,#7036,.T.);
#4672=ORIENTED_EDGE('',*,*,#7038,.F.);
#4673=ORIENTED_EDGE('',*,*,#7039,.F.);
#4674=ORIENTED_EDGE('',*,*,#7040,.F.);
#4675=ORIENTED_EDGE('',*,*,#6969,.T.);
#4676=ORIENTED_EDGE('',*,*,#7041,.F.);
#4677=ORIENTED_EDGE('',*,*,#7042,.F.);
#4678=ORIENTED_EDGE('',*,*,#7043,.T.);
#4679=ORIENTED_EDGE('',*,*,#7044,.T.);
#4680=ORIENTED_EDGE('',*,*,#7041,.T.);
#4681=ORIENTED_EDGE('',*,*,#6968,.F.);
#4682=ORIENTED_EDGE('',*,*,#6967,.F.);
#4683=ORIENTED_EDGE('',*,*,#7039,.T.);
#4684=ORIENTED_EDGE('',*,*,#7045,.T.);
#4685=ORIENTED_EDGE('',*,*,#7043,.F.);
#4686=ORIENTED_EDGE('',*,*,#7046,.T.);
#4687=ORIENTED_EDGE('',*,*,#7047,.T.);
#4688=ORIENTED_EDGE('',*,*,#7005,.T.);
#4689=ORIENTED_EDGE('',*,*,#7002,.F.);
#4690=ORIENTED_EDGE('',*,*,#7008,.T.);
#4691=ORIENTED_EDGE('',*,*,#6977,.F.);
#4692=ORIENTED_EDGE('',*,*,#7048,.F.);
#4693=ORIENTED_EDGE('',*,*,#7049,.F.);
#4694=ORIENTED_EDGE('',*,*,#7046,.F.);
#4695=ORIENTED_EDGE('',*,*,#6976,.T.);
#4696=ORIENTED_EDGE('',*,*,#7048,.T.);
#4697=ORIENTED_EDGE('',*,*,#6975,.F.);
#4698=ORIENTED_EDGE('',*,*,#7050,.F.);
#4699=ORIENTED_EDGE('',*,*,#7051,.T.);
#4700=ORIENTED_EDGE('',*,*,#7050,.T.);
#4701=ORIENTED_EDGE('',*,*,#6974,.F.);
#4702=ORIENTED_EDGE('',*,*,#7052,.T.);
#4703=ORIENTED_EDGE('',*,*,#7053,.T.);
#4704=ORIENTED_EDGE('',*,*,#7052,.F.);
#4705=ORIENTED_EDGE('',*,*,#6973,.T.);
#4706=ORIENTED_EDGE('',*,*,#7054,.F.);
#4707=ORIENTED_EDGE('',*,*,#7055,.F.);
#4708=ORIENTED_EDGE('',*,*,#7054,.T.);
#4709=ORIENTED_EDGE('',*,*,#6972,.T.);
#4710=ORIENTED_EDGE('',*,*,#6437,.T.);
#4711=ORIENTED_EDGE('',*,*,#7056,.F.);
#4712=ORIENTED_EDGE('',*,*,#6293,.F.);
#4713=ORIENTED_EDGE('',*,*,#7057,.T.);
#4714=ORIENTED_EDGE('',*,*,#7058,.T.);
#4715=ORIENTED_EDGE('',*,*,#7059,.T.);
#4716=ORIENTED_EDGE('',*,*,#7060,.T.);
#4717=ORIENTED_EDGE('',*,*,#6294,.F.);
#4718=ORIENTED_EDGE('',*,*,#7058,.F.);
#4719=ORIENTED_EDGE('',*,*,#7060,.F.);
#4720=ORIENTED_EDGE('',*,*,#7061,.T.);
#4721=ORIENTED_EDGE('',*,*,#7042,.T.);
#4722=ORIENTED_EDGE('',*,*,#7044,.F.);
#4723=ORIENTED_EDGE('',*,*,#7045,.F.);
#4724=ORIENTED_EDGE('',*,*,#7038,.T.);
#4725=ORIENTED_EDGE('',*,*,#7037,.F.);
#4726=ORIENTED_EDGE('',*,*,#7034,.T.);
#4727=ORIENTED_EDGE('',*,*,#7032,.T.);
#4728=ORIENTED_EDGE('',*,*,#7030,.T.);
#4729=ORIENTED_EDGE('',*,*,#7027,.T.);
#4730=ORIENTED_EDGE('',*,*,#7025,.T.);
#4731=ORIENTED_EDGE('',*,*,#7023,.F.);
#4732=ORIENTED_EDGE('',*,*,#7021,.F.);
#4733=ORIENTED_EDGE('',*,*,#7020,.F.);
#4734=ORIENTED_EDGE('',*,*,#7017,.F.);
#4735=ORIENTED_EDGE('',*,*,#7016,.F.);
#4736=ORIENTED_EDGE('',*,*,#7014,.T.);
#4737=ORIENTED_EDGE('',*,*,#7012,.F.);
#4738=ORIENTED_EDGE('',*,*,#7009,.F.);
#4739=ORIENTED_EDGE('',*,*,#7006,.F.);
#4740=ORIENTED_EDGE('',*,*,#7047,.F.);
#4741=ORIENTED_EDGE('',*,*,#7049,.T.);
#4742=ORIENTED_EDGE('',*,*,#7051,.F.);
#4743=ORIENTED_EDGE('',*,*,#7053,.F.);
#4744=ORIENTED_EDGE('',*,*,#7055,.T.);
#4745=ORIENTED_EDGE('',*,*,#7056,.T.);
#4746=ORIENTED_EDGE('',*,*,#6436,.F.);
#4747=ORIENTED_EDGE('',*,*,#6308,.T.);
#4748=ORIENTED_EDGE('',*,*,#6295,.F.);
#4749=ORIENTED_EDGE('',*,*,#7061,.F.);
#4750=ORIENTED_EDGE('',*,*,#7059,.F.);
#4751=ORIENTED_EDGE('',*,*,#7057,.F.);
#4752=ORIENTED_EDGE('',*,*,#6292,.T.);
#4753=ORIENTED_EDGE('',*,*,#6970,.T.);
#4754=ORIENTED_EDGE('',*,*,#7040,.T.);
#4755=ORIENTED_EDGE('',*,*,#7062,.T.);
#4756=ORIENTED_EDGE('',*,*,#7063,.T.);
#4757=ORIENTED_EDGE('',*,*,#7064,.F.);
#4758=ORIENTED_EDGE('',*,*,#7065,.F.);
#4759=ORIENTED_EDGE('',*,*,#7066,.F.);
#4760=ORIENTED_EDGE('',*,*,#7067,.F.);
#4761=ORIENTED_EDGE('',*,*,#7068,.F.);
#4762=ORIENTED_EDGE('',*,*,#7063,.F.);
#4763=ORIENTED_EDGE('',*,*,#7069,.F.);
#4764=ORIENTED_EDGE('',*,*,#6303,.F.);
#4765=ORIENTED_EDGE('',*,*,#7070,.F.);
#4766=ORIENTED_EDGE('',*,*,#7071,.T.);
#4767=ORIENTED_EDGE('',*,*,#7072,.T.);
#4768=ORIENTED_EDGE('',*,*,#7073,.F.);
#4769=ORIENTED_EDGE('',*,*,#6296,.T.);
#4770=ORIENTED_EDGE('',*,*,#7074,.T.);
#4771=ORIENTED_EDGE('',*,*,#6377,.T.);
#4772=ORIENTED_EDGE('',*,*,#7075,.T.);
#4773=ORIENTED_EDGE('',*,*,#7076,.T.);
#4774=ORIENTED_EDGE('',*,*,#7077,.T.);
#4775=ORIENTED_EDGE('',*,*,#7078,.T.);
#4776=ORIENTED_EDGE('',*,*,#6276,.F.);
#4777=ORIENTED_EDGE('',*,*,#7079,.F.);
#4778=ORIENTED_EDGE('',*,*,#7071,.F.);
#4779=ORIENTED_EDGE('',*,*,#7080,.F.);
#4780=ORIENTED_EDGE('',*,*,#7081,.F.);
#4781=ORIENTED_EDGE('',*,*,#7066,.T.);
#4782=ORIENTED_EDGE('',*,*,#7062,.F.);
#4783=ORIENTED_EDGE('',*,*,#7082,.F.);
#4784=ORIENTED_EDGE('',*,*,#7083,.F.);
#4785=ORIENTED_EDGE('',*,*,#7080,.T.);
#4786=ORIENTED_EDGE('',*,*,#7070,.T.);
#4787=ORIENTED_EDGE('',*,*,#6302,.T.);
#4788=ORIENTED_EDGE('',*,*,#7084,.T.);
#4789=ORIENTED_EDGE('',*,*,#7085,.T.);
#4790=ORIENTED_EDGE('',*,*,#7086,.T.);
#4791=ORIENTED_EDGE('',*,*,#7087,.T.);
#4792=ORIENTED_EDGE('',*,*,#6375,.T.);
#4793=ORIENTED_EDGE('',*,*,#7088,.T.);
#4794=ORIENTED_EDGE('',*,*,#6283,.F.);
#4795=ORIENTED_EDGE('',*,*,#7089,.F.);
#4796=ORIENTED_EDGE('',*,*,#7067,.T.);
#4797=ORIENTED_EDGE('',*,*,#7081,.T.);
#4798=ORIENTED_EDGE('',*,*,#7090,.F.);
#4799=ORIENTED_EDGE('',*,*,#7072,.F.);
#4800=ORIENTED_EDGE('',*,*,#7079,.T.);
#4801=ORIENTED_EDGE('',*,*,#6275,.T.);
#4802=ORIENTED_EDGE('',*,*,#7091,.F.);
#4803=ORIENTED_EDGE('',*,*,#6277,.T.);
#4804=ORIENTED_EDGE('',*,*,#7082,.T.);
#4805=ORIENTED_EDGE('',*,*,#7065,.T.);
#4806=ORIENTED_EDGE('',*,*,#7089,.T.);
#4807=ORIENTED_EDGE('',*,*,#6282,.T.);
#4808=ORIENTED_EDGE('',*,*,#6304,.T.);
#4809=ORIENTED_EDGE('',*,*,#7069,.T.);
#4810=ORIENTED_EDGE('',*,*,#7090,.T.);
#4811=ORIENTED_EDGE('',*,*,#6278,.T.);
#4812=ORIENTED_EDGE('',*,*,#7091,.T.);
#4813=ORIENTED_EDGE('',*,*,#7064,.T.);
#4814=ORIENTED_EDGE('',*,*,#7068,.T.);
#4815=ORIENTED_EDGE('',*,*,#6779,.F.);
#4816=ORIENTED_EDGE('',*,*,#7092,.T.);
#4817=ORIENTED_EDGE('',*,*,#6257,.F.);
#4818=ORIENTED_EDGE('',*,*,#7093,.T.);
#4819=ORIENTED_EDGE('',*,*,#6780,.F.);
#4820=ORIENTED_EDGE('',*,*,#7093,.F.);
#4821=ORIENTED_EDGE('',*,*,#6256,.F.);
#4822=ORIENTED_EDGE('',*,*,#6340,.T.);
#4823=ORIENTED_EDGE('',*,*,#6423,.F.);
#4824=ORIENTED_EDGE('',*,*,#7094,.T.);
#4825=ORIENTED_EDGE('',*,*,#7095,.T.);
#4826=ORIENTED_EDGE('',*,*,#6259,.F.);
#4827=ORIENTED_EDGE('',*,*,#7096,.T.);
#4828=ORIENTED_EDGE('',*,*,#6777,.F.);
#4829=ORIENTED_EDGE('',*,*,#6776,.T.);
#4830=ORIENTED_EDGE('',*,*,#6769,.F.);
#4831=ORIENTED_EDGE('',*,*,#7097,.F.);
#4832=ORIENTED_EDGE('',*,*,#7098,.T.);
#4833=ORIENTED_EDGE('',*,*,#6328,.F.);
#4834=ORIENTED_EDGE('',*,*,#7099,.T.);
#4835=ORIENTED_EDGE('',*,*,#6946,.F.);
#4836=ORIENTED_EDGE('',*,*,#7100,.F.);
#4837=ORIENTED_EDGE('',*,*,#6948,.F.);
#4838=ORIENTED_EDGE('',*,*,#7101,.T.);
#4839=ORIENTED_EDGE('',*,*,#6326,.F.);
#4840=ORIENTED_EDGE('',*,*,#6951,.T.);
#4841=ORIENTED_EDGE('',*,*,#6950,.F.);
#4842=ORIENTED_EDGE('',*,*,#6334,.F.);
#4843=ORIENTED_EDGE('',*,*,#6329,.F.);
#4844=ORIENTED_EDGE('',*,*,#7100,.T.);
#4845=ORIENTED_EDGE('',*,*,#6926,.F.);
#4846=ORIENTED_EDGE('',*,*,#6370,.F.);
#4847=ORIENTED_EDGE('',*,*,#6915,.F.);
#4848=ORIENTED_EDGE('',*,*,#7102,.T.);
#4849=ORIENTED_EDGE('',*,*,#6914,.F.);
#4850=ORIENTED_EDGE('',*,*,#7103,.T.);
#4851=ORIENTED_EDGE('',*,*,#6922,.F.);
#4852=ORIENTED_EDGE('',*,*,#7102,.F.);
#4853=ORIENTED_EDGE('',*,*,#6924,.F.);
#4854=ORIENTED_EDGE('',*,*,#7104,.T.);
#4855=ORIENTED_EDGE('',*,*,#6912,.F.);
#4856=ORIENTED_EDGE('',*,*,#6927,.T.);
#4857=ORIENTED_EDGE('',*,*,#6434,.F.);
#4858=ORIENTED_EDGE('',*,*,#7105,.T.);
#4859=ORIENTED_EDGE('',*,*,#7106,.T.);
#4860=ORIENTED_EDGE('',*,*,#7078,.F.);
#4861=ORIENTED_EDGE('',*,*,#7107,.T.);
#4862=ORIENTED_EDGE('',*,*,#7084,.F.);
#4863=ORIENTED_EDGE('',*,*,#7083,.T.);
#4864=ORIENTED_EDGE('',*,*,#6301,.F.);
#4865=ORIENTED_EDGE('',*,*,#7108,.F.);
#4866=ORIENTED_EDGE('',*,*,#7109,.T.);
#4867=ORIENTED_EDGE('',*,*,#7086,.F.);
#4868=ORIENTED_EDGE('',*,*,#7110,.T.);
#4869=ORIENTED_EDGE('',*,*,#7076,.F.);
#4870=ORIENTED_EDGE('',*,*,#7111,.T.);
#4871=ORIENTED_EDGE('',*,*,#7087,.F.);
#4872=ORIENTED_EDGE('',*,*,#7111,.F.);
#4873=ORIENTED_EDGE('',*,*,#7075,.F.);
#4874=ORIENTED_EDGE('',*,*,#6376,.T.);
#4875=ORIENTED_EDGE('',*,*,#6258,.F.);
#4876=ORIENTED_EDGE('',*,*,#7092,.F.);
#4877=ORIENTED_EDGE('',*,*,#6778,.F.);
#4878=ORIENTED_EDGE('',*,*,#7096,.F.);
#4879=ORIENTED_EDGE('',*,*,#6913,.F.);
#4880=ORIENTED_EDGE('',*,*,#7104,.F.);
#4881=ORIENTED_EDGE('',*,*,#6923,.F.);
#4882=ORIENTED_EDGE('',*,*,#7103,.F.);
#4883=ORIENTED_EDGE('',*,*,#6327,.F.);
#4884=ORIENTED_EDGE('',*,*,#7101,.F.);
#4885=ORIENTED_EDGE('',*,*,#6947,.F.);
#4886=ORIENTED_EDGE('',*,*,#7099,.F.);
#4887=ORIENTED_EDGE('',*,*,#7077,.F.);
#4888=ORIENTED_EDGE('',*,*,#7110,.F.);
#4889=ORIENTED_EDGE('',*,*,#7085,.F.);
#4890=ORIENTED_EDGE('',*,*,#7107,.F.);
#4891=ORIENTED_EDGE('',*,*,#6143,.F.);
#4892=ORIENTED_EDGE('',*,*,#6336,.F.);
#4893=ORIENTED_EDGE('',*,*,#6949,.F.);
#4894=ORIENTED_EDGE('',*,*,#6285,.F.);
#4895=ORIENTED_EDGE('',*,*,#6299,.F.);
#4896=ORIENTED_EDGE('',*,*,#7112,.T.);
#4897=ORIENTED_EDGE('',*,*,#6366,.F.);
#4898=ORIENTED_EDGE('',*,*,#7074,.F.);
#4899=ORIENTED_EDGE('',*,*,#6145,.F.);
#4900=ORIENTED_EDGE('',*,*,#6284,.F.);
#4901=ORIENTED_EDGE('',*,*,#7088,.F.);
#4902=ORIENTED_EDGE('',*,*,#6374,.F.);
#4903=ORIENTED_EDGE('',*,*,#6368,.F.);
#4904=ORIENTED_EDGE('',*,*,#7113,.T.);
#4905=ORIENTED_EDGE('',*,*,#6349,.F.);
#4906=ORIENTED_EDGE('',*,*,#6916,.F.);
#4907=ORIENTED_EDGE('',*,*,#6378,.F.);
#4908=ORIENTED_EDGE('',*,*,#6372,.F.);
#4909=ORIENTED_EDGE('',*,*,#6925,.F.);
#4910=ORIENTED_EDGE('',*,*,#6362,.F.);
#4911=ORIENTED_EDGE('',*,*,#6781,.F.);
#4912=ORIENTED_EDGE('',*,*,#6338,.F.);
#4913=ORIENTED_EDGE('',*,*,#6379,.F.);
#4914=ORIENTED_EDGE('',*,*,#6360,.F.);
#4915=ORIENTED_EDGE('',*,*,#6639,.F.);
#4916=ORIENTED_EDGE('',*,*,#7114,.T.);
#4917=ORIENTED_EDGE('',*,*,#6617,.F.);
#4918=ORIENTED_EDGE('',*,*,#6443,.F.);
#4919=ORIENTED_EDGE('',*,*,#6620,.F.);
#4920=ORIENTED_EDGE('',*,*,#7115,.T.);
#4921=ORIENTED_EDGE('',*,*,#6694,.F.);
#4922=ORIENTED_EDGE('',*,*,#6453,.F.);
#4923=ORIENTED_EDGE('',*,*,#6677,.F.);
#4924=ORIENTED_EDGE('',*,*,#7116,.T.);
#4925=ORIENTED_EDGE('',*,*,#6733,.F.);
#4926=ORIENTED_EDGE('',*,*,#6459,.F.);
#4927=ORIENTED_EDGE('',*,*,#6723,.F.);
#4928=ORIENTED_EDGE('',*,*,#7117,.T.);
#4929=ORIENTED_EDGE('',*,*,#6415,.F.);
#4930=ORIENTED_EDGE('',*,*,#6465,.F.);
#4931=ORIENTED_EDGE('',*,*,#6598,.F.);
#4932=ORIENTED_EDGE('',*,*,#7118,.T.);
#4933=ORIENTED_EDGE('',*,*,#6648,.F.);
#4934=ORIENTED_EDGE('',*,*,#6467,.F.);
#4935=ORIENTED_EDGE('',*,*,#6669,.F.);
#4936=ORIENTED_EDGE('',*,*,#7119,.T.);
#4937=ORIENTED_EDGE('',*,*,#6735,.F.);
#4938=ORIENTED_EDGE('',*,*,#6477,.F.);
#4939=ORIENTED_EDGE('',*,*,#6744,.F.);
#4940=ORIENTED_EDGE('',*,*,#7120,.T.);
#4941=ORIENTED_EDGE('',*,*,#6716,.F.);
#4942=ORIENTED_EDGE('',*,*,#6483,.F.);
#4943=ORIENTED_EDGE('',*,*,#6713,.F.);
#4944=ORIENTED_EDGE('',*,*,#7121,.T.);
#4945=ORIENTED_EDGE('',*,*,#6644,.F.);
#4946=ORIENTED_EDGE('',*,*,#6489,.F.);
#4947=ORIENTED_EDGE('',*,*,#6636,.F.);
#4948=ORIENTED_EDGE('',*,*,#6501,.F.);
#4949=ORIENTED_EDGE('',*,*,#7122,.F.);
#4950=ORIENTED_EDGE('',*,*,#6638,.F.);
#4951=ORIENTED_EDGE('',*,*,#7122,.T.);
#4952=ORIENTED_EDGE('',*,*,#6500,.F.);
#4953=ORIENTED_EDGE('',*,*,#7123,.F.);
#4954=ORIENTED_EDGE('',*,*,#7114,.F.);
#4955=ORIENTED_EDGE('',*,*,#6604,.F.);
#4956=ORIENTED_EDGE('',*,*,#6618,.F.);
#4957=ORIENTED_EDGE('',*,*,#7123,.T.);
#4958=ORIENTED_EDGE('',*,*,#6499,.F.);
#4959=ORIENTED_EDGE('',*,*,#6633,.F.);
#4960=ORIENTED_EDGE('',*,*,#6631,.F.);
#4961=ORIENTED_EDGE('',*,*,#6629,.F.);
#4962=ORIENTED_EDGE('',*,*,#6505,.F.);
#4963=ORIENTED_EDGE('',*,*,#6702,.F.);
#4964=ORIENTED_EDGE('',*,*,#6511,.F.);
#4965=ORIENTED_EDGE('',*,*,#7124,.F.);
#4966=ORIENTED_EDGE('',*,*,#6712,.F.);
#4967=ORIENTED_EDGE('',*,*,#7124,.T.);
#4968=ORIENTED_EDGE('',*,*,#6510,.F.);
#4969=ORIENTED_EDGE('',*,*,#7125,.F.);
#4970=ORIENTED_EDGE('',*,*,#7121,.F.);
#4971=ORIENTED_EDGE('',*,*,#6626,.F.);
#4972=ORIENTED_EDGE('',*,*,#6645,.F.);
#4973=ORIENTED_EDGE('',*,*,#7125,.T.);
#4974=ORIENTED_EDGE('',*,*,#6509,.F.);
#4975=ORIENTED_EDGE('',*,*,#6742,.F.);
#4976=ORIENTED_EDGE('',*,*,#6517,.F.);
#4977=ORIENTED_EDGE('',*,*,#7126,.F.);
#4978=ORIENTED_EDGE('',*,*,#6743,.F.);
#4979=ORIENTED_EDGE('',*,*,#7126,.T.);
#4980=ORIENTED_EDGE('',*,*,#6516,.F.);
#4981=ORIENTED_EDGE('',*,*,#7127,.F.);
#4982=ORIENTED_EDGE('',*,*,#7120,.F.);
#4983=ORIENTED_EDGE('',*,*,#6698,.F.);
#4984=ORIENTED_EDGE('',*,*,#6717,.F.);
#4985=ORIENTED_EDGE('',*,*,#7127,.T.);
#4986=ORIENTED_EDGE('',*,*,#6515,.F.);
#4987=ORIENTED_EDGE('',*,*,#6667,.F.);
#4988=ORIENTED_EDGE('',*,*,#6523,.F.);
#4989=ORIENTED_EDGE('',*,*,#7128,.F.);
#4990=ORIENTED_EDGE('',*,*,#6668,.F.);
#4991=ORIENTED_EDGE('',*,*,#7128,.T.);
#4992=ORIENTED_EDGE('',*,*,#6522,.F.);
#4993=ORIENTED_EDGE('',*,*,#7129,.F.);
#4994=ORIENTED_EDGE('',*,*,#7119,.F.);
#4995=ORIENTED_EDGE('',*,*,#6738,.F.);
#4996=ORIENTED_EDGE('',*,*,#6736,.F.);
#4997=ORIENTED_EDGE('',*,*,#7129,.T.);
#4998=ORIENTED_EDGE('',*,*,#6521,.F.);
#4999=ORIENTED_EDGE('',*,*,#6659,.F.);
#5000=ORIENTED_EDGE('',*,*,#6656,.F.);
#5001=ORIENTED_EDGE('',*,*,#6655,.F.);
#5002=ORIENTED_EDGE('',*,*,#6527,.F.);
#5003=ORIENTED_EDGE('',*,*,#6411,.F.);
#5004=ORIENTED_EDGE('',*,*,#6533,.F.);
#5005=ORIENTED_EDGE('',*,*,#7130,.F.);
#5006=ORIENTED_EDGE('',*,*,#6597,.F.);
#5007=ORIENTED_EDGE('',*,*,#7130,.T.);
#5008=ORIENTED_EDGE('',*,*,#6532,.F.);
#5009=ORIENTED_EDGE('',*,*,#7131,.F.);
#5010=ORIENTED_EDGE('',*,*,#7118,.F.);
#5011=ORIENTED_EDGE('',*,*,#6652,.F.);
#5012=ORIENTED_EDGE('',*,*,#6649,.F.);
#5013=ORIENTED_EDGE('',*,*,#7131,.T.);
#5014=ORIENTED_EDGE('',*,*,#6531,.F.);
#5015=ORIENTED_EDGE('',*,*,#6721,.F.);
#5016=ORIENTED_EDGE('',*,*,#6537,.F.);
#5017=ORIENTED_EDGE('',*,*,#7132,.F.);
#5018=ORIENTED_EDGE('',*,*,#6722,.F.);
#5019=ORIENTED_EDGE('',*,*,#7132,.T.);
#5020=ORIENTED_EDGE('',*,*,#6536,.F.);
#5021=ORIENTED_EDGE('',*,*,#7133,.F.);
#5022=ORIENTED_EDGE('',*,*,#7117,.F.);
#5023=ORIENTED_EDGE('',*,*,#6391,.F.);
#5024=ORIENTED_EDGE('',*,*,#6416,.F.);
#5025=ORIENTED_EDGE('',*,*,#7133,.T.);
#5026=ORIENTED_EDGE('',*,*,#6535,.F.);
#5027=ORIENTED_EDGE('',*,*,#6399,.F.);
#5028=ORIENTED_EDGE('',*,*,#6534,.F.);
#5029=ORIENTED_EDGE('',*,*,#6403,.F.);
#5030=ORIENTED_EDGE('',*,*,#6413,.F.);
#5031=ORIENTED_EDGE('',*,*,#6731,.F.);
#5032=ORIENTED_EDGE('',*,*,#6734,.F.);
#5033=ORIENTED_EDGE('',*,*,#7134,.F.);
#5034=ORIENTED_EDGE('',*,*,#6541,.F.);
#5035=ORIENTED_EDGE('',*,*,#7134,.T.);
#5036=ORIENTED_EDGE('',*,*,#7116,.F.);
#5037=ORIENTED_EDGE('',*,*,#7135,.F.);
#5038=ORIENTED_EDGE('',*,*,#6542,.F.);
#5039=ORIENTED_EDGE('',*,*,#7135,.T.);
#5040=ORIENTED_EDGE('',*,*,#6676,.F.);
#5041=ORIENTED_EDGE('',*,*,#6675,.F.);
#5042=ORIENTED_EDGE('',*,*,#6543,.F.);
#5043=ORIENTED_EDGE('',*,*,#6610,.F.);
#5044=ORIENTED_EDGE('',*,*,#6549,.F.);
#5045=ORIENTED_EDGE('',*,*,#7136,.F.);
#5046=ORIENTED_EDGE('',*,*,#6619,.F.);
#5047=ORIENTED_EDGE('',*,*,#7136,.T.);
#5048=ORIENTED_EDGE('',*,*,#6548,.F.);
#5049=ORIENTED_EDGE('',*,*,#7137,.F.);
#5050=ORIENTED_EDGE('',*,*,#7115,.F.);
#5051=ORIENTED_EDGE('',*,*,#6687,.F.);
#5052=ORIENTED_EDGE('',*,*,#6695,.F.);
#5053=ORIENTED_EDGE('',*,*,#7137,.T.);
#5054=ORIENTED_EDGE('',*,*,#6547,.F.);
#5055=ORIENTED_EDGE('',*,*,#6607,.F.);
#5056=ORIENTED_EDGE('',*,*,#6621,.F.);
#5057=ORIENTED_EDGE('',*,*,#6601,.F.);
#5058=ORIENTED_EDGE('',*,*,#6553,.F.);
#5059=ORIENTED_EDGE('',*,*,#6201,.T.);
#5060=ORIENTED_EDGE('',*,*,#7138,.T.);
#5061=ORIENTED_EDGE('',*,*,#6155,.T.);
#5062=ORIENTED_EDGE('',*,*,#6153,.T.);
#5063=ORIENTED_EDGE('',*,*,#7139,.T.);
#5064=ORIENTED_EDGE('',*,*,#6202,.T.);
#5065=ORIENTED_EDGE('',*,*,#6213,.T.);
#5066=ORIENTED_EDGE('',*,*,#7140,.T.);
#5067=ORIENTED_EDGE('',*,*,#6177,.T.);
#5068=ORIENTED_EDGE('',*,*,#6175,.T.);
#5069=ORIENTED_EDGE('',*,*,#7141,.T.);
#5070=ORIENTED_EDGE('',*,*,#6214,.T.);
#5071=ORIENTED_EDGE('',*,*,#6225,.T.);
#5072=ORIENTED_EDGE('',*,*,#7142,.T.);
#5073=ORIENTED_EDGE('',*,*,#6171,.T.);
#5074=ORIENTED_EDGE('',*,*,#6169,.T.);
#5075=ORIENTED_EDGE('',*,*,#7143,.T.);
#5076=ORIENTED_EDGE('',*,*,#6226,.T.);
#5077=ORIENTED_EDGE('',*,*,#6163,.F.);
#5078=ORIENTED_EDGE('',*,*,#7144,.T.);
#5079=ORIENTED_EDGE('',*,*,#6182,.F.);
#5080=ORIENTED_EDGE('',*,*,#7145,.T.);
#5081=ORIENTED_EDGE('',*,*,#6161,.F.);
#5082=ORIENTED_EDGE('',*,*,#7146,.T.);
#5083=ORIENTED_EDGE('',*,*,#7147,.T.);
#5084=ORIENTED_EDGE('',*,*,#7148,.T.);
#5085=ORIENTED_EDGE('',*,*,#6157,.F.);
#5086=ORIENTED_EDGE('',*,*,#7149,.T.);
#5087=ORIENTED_EDGE('',*,*,#6199,.T.);
#5088=ORIENTED_EDGE('',*,*,#7150,.T.);
#5089=ORIENTED_EDGE('',*,*,#6151,.F.);
#5090=ORIENTED_EDGE('',*,*,#7151,.T.);
#5091=ORIENTED_EDGE('',*,*,#6211,.T.);
#5092=ORIENTED_EDGE('',*,*,#7152,.T.);
#5093=ORIENTED_EDGE('',*,*,#6173,.F.);
#5094=ORIENTED_EDGE('',*,*,#7153,.T.);
#5095=ORIENTED_EDGE('',*,*,#6223,.T.);
#5096=ORIENTED_EDGE('',*,*,#7154,.T.);
#5097=ORIENTED_EDGE('',*,*,#6167,.F.);
#5098=ORIENTED_EDGE('',*,*,#7155,.T.);
#5099=ORIENTED_EDGE('',*,*,#6179,.F.);
#5100=ORIENTED_EDGE('',*,*,#6181,.F.);
#5101=ORIENTED_EDGE('',*,*,#7156,.T.);
#5102=ORIENTED_EDGE('',*,*,#6165,.F.);
#5103=ORIENTED_EDGE('',*,*,#6234,.F.);
#5104=ORIENTED_EDGE('',*,*,#6316,.T.);
#5105=ORIENTED_EDGE('',*,*,#6221,.T.);
#5106=ORIENTED_EDGE('',*,*,#7157,.T.);
#5107=ORIENTED_EDGE('',*,*,#6134,.T.);
#5108=ORIENTED_EDGE('',*,*,#7158,.T.);
#5109=ORIENTED_EDGE('',*,*,#6219,.T.);
#5110=ORIENTED_EDGE('',*,*,#7159,.T.);
#5111=ORIENTED_EDGE('',*,*,#6231,.F.);
#5112=ORIENTED_EDGE('',*,*,#7160,.T.);
#5113=ORIENTED_EDGE('',*,*,#6217,.T.);
#5114=ORIENTED_EDGE('',*,*,#6320,.T.);
#5115=ORIENTED_EDGE('',*,*,#6240,.F.);
#5116=ORIENTED_EDGE('',*,*,#6313,.T.);
#5117=ORIENTED_EDGE('',*,*,#6209,.T.);
#5118=ORIENTED_EDGE('',*,*,#7161,.T.);
#5119=ORIENTED_EDGE('',*,*,#6130,.T.);
#5120=ORIENTED_EDGE('',*,*,#7162,.T.);
#5121=ORIENTED_EDGE('',*,*,#6207,.T.);
#5122=ORIENTED_EDGE('',*,*,#7163,.T.);
#5123=ORIENTED_EDGE('',*,*,#6237,.F.);
#5124=ORIENTED_EDGE('',*,*,#7164,.T.);
#5125=ORIENTED_EDGE('',*,*,#6205,.T.);
#5126=ORIENTED_EDGE('',*,*,#6317,.T.);
#5127=ORIENTED_EDGE('',*,*,#6196,.T.);
#5128=ORIENTED_EDGE('',*,*,#7165,.T.);
#5129=ORIENTED_EDGE('',*,*,#6148,.T.);
#5130=ORIENTED_EDGE('',*,*,#6150,.T.);
#5131=ORIENTED_EDGE('',*,*,#7166,.T.);
#5132=ORIENTED_EDGE('',*,*,#6194,.T.);
#5133=ORIENTED_EDGE('',*,*,#7167,.T.);
#5134=ORIENTED_EDGE('',*,*,#6243,.F.);
#5135=ORIENTED_EDGE('',*,*,#7168,.T.);
#5136=ORIENTED_EDGE('',*,*,#6192,.T.);
#5137=ORIENTED_EDGE('',*,*,#6314,.T.);
#5138=ORIENTED_EDGE('',*,*,#6228,.F.);
#5139=ORIENTED_EDGE('',*,*,#6319,.T.);
#5140=ORIENTED_EDGE('',*,*,#6189,.T.);
#5141=ORIENTED_EDGE('',*,*,#7169,.T.);
#5142=ORIENTED_EDGE('',*,*,#6138,.T.);
#5143=ORIENTED_EDGE('',*,*,#7170,.T.);
#5144=ORIENTED_EDGE('',*,*,#6187,.T.);
#5145=ORIENTED_EDGE('',*,*,#7171,.T.);
#5146=ORIENTED_EDGE('',*,*,#6140,.T.);
#5147=ORIENTED_EDGE('',*,*,#7172,.T.);
#5148=ORIENTED_EDGE('',*,*,#6185,.T.);
#5149=ORIENTED_EDGE('',*,*,#6137,.F.);
#5150=ORIENTED_EDGE('',*,*,#6229,.T.);
#5151=ORIENTED_EDGE('',*,*,#7169,.F.);
#5152=ORIENTED_EDGE('',*,*,#6188,.F.);
#5153=ORIENTED_EDGE('',*,*,#7170,.F.);
#5154=ORIENTED_EDGE('',*,*,#6166,.F.);
#5155=ORIENTED_EDGE('',*,*,#7156,.F.);
#5156=ORIENTED_EDGE('',*,*,#6180,.F.);
#5157=ORIENTED_EDGE('',*,*,#7155,.F.);
#5158=ORIENTED_EDGE('',*,*,#6133,.F.);
#5159=ORIENTED_EDGE('',*,*,#6235,.T.);
#5160=ORIENTED_EDGE('',*,*,#7157,.F.);
#5161=ORIENTED_EDGE('',*,*,#6220,.F.);
#5162=ORIENTED_EDGE('',*,*,#7158,.F.);
#5163=ORIENTED_EDGE('',*,*,#6172,.F.);
#5164=ORIENTED_EDGE('',*,*,#7142,.F.);
#5165=ORIENTED_EDGE('',*,*,#6224,.F.);
#5166=ORIENTED_EDGE('',*,*,#7153,.F.);
#5167=ORIENTED_EDGE('',*,*,#6129,.F.);
#5168=ORIENTED_EDGE('',*,*,#6241,.T.);
#5169=ORIENTED_EDGE('',*,*,#7161,.F.);
#5170=ORIENTED_EDGE('',*,*,#6208,.F.);
#5171=ORIENTED_EDGE('',*,*,#7162,.F.);
#5172=ORIENTED_EDGE('',*,*,#6178,.F.);
#5173=ORIENTED_EDGE('',*,*,#7140,.F.);
#5174=ORIENTED_EDGE('',*,*,#6212,.F.);
#5175=ORIENTED_EDGE('',*,*,#7151,.F.);
#5176=ORIENTED_EDGE('',*,*,#6149,.F.);
#5177=ORIENTED_EDGE('',*,*,#7165,.F.);
#5178=ORIENTED_EDGE('',*,*,#6195,.F.);
#5179=ORIENTED_EDGE('',*,*,#7166,.F.);
#5180=ORIENTED_EDGE('',*,*,#6156,.F.);
#5181=ORIENTED_EDGE('',*,*,#7138,.F.);
#5182=ORIENTED_EDGE('',*,*,#6200,.F.);
#5183=ORIENTED_EDGE('',*,*,#7149,.F.);
#5184=ORIENTED_EDGE('',*,*,#7168,.F.);
#5185=ORIENTED_EDGE('',*,*,#6242,.T.);
#5186=ORIENTED_EDGE('',*,*,#6127,.F.);
#5187=ORIENTED_EDGE('',*,*,#7167,.F.);
#5188=ORIENTED_EDGE('',*,*,#6193,.F.);
#5189=ORIENTED_EDGE('',*,*,#6152,.F.);
#5190=ORIENTED_EDGE('',*,*,#7150,.F.);
#5191=ORIENTED_EDGE('',*,*,#6203,.F.);
#5192=ORIENTED_EDGE('',*,*,#7139,.F.);
#5193=ORIENTED_EDGE('',*,*,#7164,.F.);
#5194=ORIENTED_EDGE('',*,*,#6236,.T.);
#5195=ORIENTED_EDGE('',*,*,#6131,.F.);
#5196=ORIENTED_EDGE('',*,*,#7163,.F.);
#5197=ORIENTED_EDGE('',*,*,#6206,.F.);
#5198=ORIENTED_EDGE('',*,*,#6174,.F.);
#5199=ORIENTED_EDGE('',*,*,#7152,.F.);
#5200=ORIENTED_EDGE('',*,*,#6215,.F.);
#5201=ORIENTED_EDGE('',*,*,#7141,.F.);
#5202=ORIENTED_EDGE('',*,*,#6168,.F.);
#5203=ORIENTED_EDGE('',*,*,#7154,.F.);
#5204=ORIENTED_EDGE('',*,*,#6227,.F.);
#5205=ORIENTED_EDGE('',*,*,#7143,.F.);
#5206=ORIENTED_EDGE('',*,*,#7160,.F.);
#5207=ORIENTED_EDGE('',*,*,#6230,.T.);
#5208=ORIENTED_EDGE('',*,*,#6135,.F.);
#5209=ORIENTED_EDGE('',*,*,#7159,.F.);
#5210=ORIENTED_EDGE('',*,*,#6218,.F.);
#5211=ORIENTED_EDGE('',*,*,#6139,.F.);
#5212=ORIENTED_EDGE('',*,*,#7171,.F.);
#5213=ORIENTED_EDGE('',*,*,#6186,.F.);
#5214=ORIENTED_EDGE('',*,*,#7172,.F.);
#5215=ORIENTED_EDGE('',*,*,#6162,.F.);
#5216=ORIENTED_EDGE('',*,*,#7145,.F.);
#5217=ORIENTED_EDGE('',*,*,#6183,.F.);
#5218=ORIENTED_EDGE('',*,*,#7144,.F.);
#5219=ORIENTED_EDGE('',*,*,#6333,.T.);
#5220=ORIENTED_EDGE('',*,*,#7173,.T.);
#5221=ORIENTED_EDGE('',*,*,#7174,.F.);
#5222=ORIENTED_EDGE('',*,*,#6331,.F.);
#5223=ORIENTED_EDGE('',*,*,#7174,.T.);
#5224=ORIENTED_EDGE('',*,*,#7175,.T.);
#5225=ORIENTED_EDGE('',*,*,#6289,.F.);
#5226=ORIENTED_EDGE('',*,*,#6322,.T.);
#5227=ORIENTED_EDGE('',*,*,#6895,.F.);
#5228=ORIENTED_EDGE('',*,*,#6425,.F.);
#5229=ORIENTED_EDGE('',*,*,#6270,.F.);
#5230=ORIENTED_EDGE('',*,*,#6356,.F.);
#5231=ORIENTED_EDGE('',*,*,#6261,.F.);
#5232=ORIENTED_EDGE('',*,*,#7176,.T.);
#5233=ORIENTED_EDGE('',*,*,#7177,.T.);
#5234=ORIENTED_EDGE('',*,*,#7178,.T.);
#5235=ORIENTED_EDGE('',*,*,#6419,.F.);
#5236=ORIENTED_EDGE('',*,*,#7179,.F.);
#5237=ORIENTED_EDGE('',*,*,#7179,.T.);
#5238=ORIENTED_EDGE('',*,*,#6418,.F.);
#5239=ORIENTED_EDGE('',*,*,#7180,.F.);
#5240=ORIENTED_EDGE('',*,*,#6332,.F.);
#5241=ORIENTED_EDGE('',*,*,#6441,.F.);
#5242=ORIENTED_EDGE('',*,*,#7181,.T.);
#5243=ORIENTED_EDGE('',*,*,#7173,.F.);
#5244=ORIENTED_EDGE('',*,*,#7180,.T.);
#5245=ORIENTED_EDGE('',*,*,#6290,.F.);
#5246=ORIENTED_EDGE('',*,*,#7182,.T.);
#5247=ORIENTED_EDGE('',*,*,#6439,.F.);
#5248=ORIENTED_EDGE('',*,*,#6971,.F.);
#5249=ORIENTED_EDGE('',*,*,#6312,.T.);
#5250=ORIENTED_EDGE('',*,*,#6432,.F.);
#5251=ORIENTED_EDGE('',*,*,#7183,.F.);
#5252=ORIENTED_EDGE('',*,*,#7112,.F.);
#5253=ORIENTED_EDGE('',*,*,#7183,.T.);
#5254=ORIENTED_EDGE('',*,*,#6431,.F.);
#5255=ORIENTED_EDGE('',*,*,#7184,.F.);
#5256=ORIENTED_EDGE('',*,*,#6367,.F.);
#5257=ORIENTED_EDGE('',*,*,#7184,.T.);
#5258=ORIENTED_EDGE('',*,*,#6430,.F.);
#5259=ORIENTED_EDGE('',*,*,#7185,.F.);
#5260=ORIENTED_EDGE('',*,*,#7113,.F.);
#5261=ORIENTED_EDGE('',*,*,#6804,.F.);
#5262=ORIENTED_EDGE('',*,*,#6350,.F.);
#5263=ORIENTED_EDGE('',*,*,#7185,.T.);
#5264=ORIENTED_EDGE('',*,*,#6429,.F.);
#5265=ORIENTED_EDGE('',*,*,#6307,.F.);
#5266=ORIENTED_EDGE('',*,*,#7186,.T.);
#5267=ORIENTED_EDGE('',*,*,#7108,.T.);
#5268=ORIENTED_EDGE('',*,*,#6300,.T.);
#5269=ORIENTED_EDGE('',*,*,#6280,.F.);
#5270=ORIENTED_EDGE('',*,*,#7106,.F.);
#5271=ORIENTED_EDGE('',*,*,#7187,.T.);
#5272=ORIENTED_EDGE('',*,*,#6309,.F.);
#5273=ORIENTED_EDGE('',*,*,#6297,.F.);
#5274=ORIENTED_EDGE('',*,*,#7073,.T.);
#5275=ORIENTED_EDGE('',*,*,#7095,.F.);
#5276=ORIENTED_EDGE('',*,*,#7188,.T.);
#5277=ORIENTED_EDGE('',*,*,#7176,.F.);
#5278=ORIENTED_EDGE('',*,*,#6260,.F.);
#5279=ORIENTED_EDGE('',*,*,#6253,.T.);
#5280=ORIENTED_EDGE('',*,*,#6269,.F.);
#5281=ORIENTED_EDGE('',*,*,#7189,.T.);
#5282=ORIENTED_EDGE('',*,*,#7097,.T.);
#5283=ORIENTED_EDGE('',*,*,#6768,.T.);
#5284=ORIENTED_EDGE('',*,*,#6264,.F.);
#5285=ORIENTED_EDGE('',*,*,#7178,.F.);
#5286=ORIENTED_EDGE('',*,*,#7190,.T.);
#5287=ORIENTED_EDGE('',*,*,#6420,.F.);
#5288=ORIENTED_EDGE('',*,*,#7182,.F.);
#5289=ORIENTED_EDGE('',*,*,#7175,.F.);
#5290=ORIENTED_EDGE('',*,*,#7181,.F.);
#5291=ORIENTED_EDGE('',*,*,#6440,.F.);
#5292=ORIENTED_EDGE('',*,*,#6310,.F.);
#5293=ORIENTED_EDGE('',*,*,#7187,.F.);
#5294=ORIENTED_EDGE('',*,*,#7105,.F.);
#5295=ORIENTED_EDGE('',*,*,#6433,.F.);
#5296=ORIENTED_EDGE('',*,*,#7109,.F.);
#5297=ORIENTED_EDGE('',*,*,#7186,.F.);
#5298=ORIENTED_EDGE('',*,*,#6306,.F.);
#5299=ORIENTED_EDGE('',*,*,#6435,.F.);
#5300=ORIENTED_EDGE('',*,*,#7094,.F.);
#5301=ORIENTED_EDGE('',*,*,#6422,.F.);
#5302=ORIENTED_EDGE('',*,*,#7191,.F.);
#5303=ORIENTED_EDGE('',*,*,#7188,.F.);
#5304=ORIENTED_EDGE('',*,*,#7190,.F.);
#5305=ORIENTED_EDGE('',*,*,#7177,.F.);
#5306=ORIENTED_EDGE('',*,*,#7191,.T.);
#5307=ORIENTED_EDGE('',*,*,#6421,.F.);
#5308=ORIENTED_EDGE('',*,*,#7098,.F.);
#5309=ORIENTED_EDGE('',*,*,#7189,.F.);
#5310=ORIENTED_EDGE('',*,*,#6268,.F.);
#5311=ORIENTED_EDGE('',*,*,#6424,.F.);
#5312=ORIENTED_EDGE('',*,*,#6239,.T.);
#5313=ORIENTED_EDGE('',*,*,#6233,.T.);
#5314=ORIENTED_EDGE('',*,*,#6728,.T.);
#5315=ORIENTED_EDGE('',*,*,#6732,.T.);
#5316=ORIENTED_EDGE('',*,*,#6679,.F.);
#5317=ORIENTED_EDGE('',*,*,#6681,.T.);
#5318=ORIENTED_EDGE('',*,*,#6684,.F.);
#5319=ORIENTED_EDGE('',*,*,#6708,.T.);
#5320=ORIENTED_EDGE('',*,*,#6710,.T.);
#5321=ORIENTED_EDGE('',*,*,#6714,.T.);
#5322=ORIENTED_EDGE('',*,*,#6753,.F.);
#5323=ORIENTED_EDGE('',*,*,#6750,.T.);
#5324=ORIENTED_EDGE('',*,*,#6755,.F.);
#5325=ORIENTED_EDGE('',*,*,#6249,.T.);
#5326=ORIENTED_EDGE('',*,*,#6595,.T.);
#5327=ORIENTED_EDGE('',*,*,#6382,.T.);
#5328=ORIENTED_EDGE('',*,*,#6386,.T.);
#5329=ORIENTED_EDGE('',*,*,#6725,.F.);
#5330=ORIENTED_EDGE('',*,*,#6726,.T.);
#5331=ORIENTED_EDGE('',*,*,#6246,.F.);
#5332=ORIENTED_EDGE('',*,*,#6754,.T.);
#5333=ORIENTED_EDGE('',*,*,#6748,.T.);
#5334=ORIENTED_EDGE('',*,*,#6746,.T.);
#5335=ORIENTED_EDGE('',*,*,#6670,.F.);
#5336=ORIENTED_EDGE('',*,*,#6662,.T.);
#5337=ORIENTED_EDGE('',*,*,#6665,.F.);
#5338=ORIENTED_EDGE('',*,*,#6222,.T.);
#5339=ORIENTED_EDGE('',*,*,#6622,.F.);
#5340=ORIENTED_EDGE('',*,*,#6614,.T.);
#5341=ORIENTED_EDGE('',*,*,#6612,.F.);
#5342=ORIENTED_EDGE('',*,*,#6640,.T.);
#5343=ORIENTED_EDGE('',*,*,#6642,.T.);
#5344=ORIENTED_EDGE('',*,*,#6646,.T.);
#5345=ORIENTED_EDGE('',*,*,#6704,.F.);
#5346=ORIENTED_EDGE('',*,*,#6705,.T.);
#5347=ORIENTED_EDGE('',*,*,#6707,.F.);
#5348=ORIENTED_EDGE('',*,*,#6691,.T.);
#5349=ORIENTED_EDGE('',*,*,#6688,.T.);
#5350=ORIENTED_EDGE('',*,*,#6693,.T.);
#5351=ORIENTED_EDGE('',*,*,#6210,.T.);
#5352=ORIENTED_EDGE('',*,*,#6198,.T.);
#5353=ORIENTED_EDGE('',*,*,#6190,.T.);
#5354=ORIENTED_EDGE('',*,*,#6160,.F.);
#5355=ORIENTED_EDGE('',*,*,#7192,.F.);
#5356=ORIENTED_EDGE('',*,*,#7146,.F.);
#5357=ORIENTED_EDGE('',*,*,#6158,.F.);
#5358=ORIENTED_EDGE('',*,*,#7148,.F.);
#5359=ORIENTED_EDGE('',*,*,#7193,.T.);
#5360=ORIENTED_EDGE('',*,*,#6159,.F.);
#5361=ORIENTED_EDGE('',*,*,#7193,.F.);
#5362=ORIENTED_EDGE('',*,*,#7147,.F.);
#5363=ORIENTED_EDGE('',*,*,#7192,.T.);
#5364=ORIENTED_EDGE('',*,*,#6661,.F.);
#5365=ORIENTED_EDGE('',*,*,#7194,.F.);
#5366=ORIENTED_EDGE('',*,*,#6696,.F.);
#5367=ORIENTED_EDGE('',*,*,#7195,.F.);
#5368=ORIENTED_EDGE('',*,*,#6745,.F.);
#5369=ORIENTED_EDGE('',*,*,#7196,.F.);
#5370=ORIENTED_EDGE('',*,*,#6727,.F.);
#5371=ORIENTED_EDGE('',*,*,#7197,.F.);
#5372=ORIENTED_EDGE('',*,*,#6624,.F.);
#5373=ORIENTED_EDGE('',*,*,#7198,.F.);
#5374=ORIENTED_EDGE('',*,*,#6685,.F.);
#5375=ORIENTED_EDGE('',*,*,#7199,.F.);
#5376=ORIENTED_EDGE('',*,*,#6616,.F.);
#5377=ORIENTED_EDGE('',*,*,#7200,.F.);
#5378=ORIENTED_EDGE('',*,*,#6380,.F.);
#5379=ORIENTED_EDGE('',*,*,#7201,.F.);
#5380=ORIENTED_EDGE('',*,*,#7202,.F.);
#5381=ORIENTED_EDGE('',*,*,#7194,.T.);
#5382=ORIENTED_EDGE('',*,*,#7202,.T.);
#5383=ORIENTED_EDGE('',*,*,#7203,.F.);
#5384=ORIENTED_EDGE('',*,*,#7195,.T.);
#5385=ORIENTED_EDGE('',*,*,#7203,.T.);
#5386=ORIENTED_EDGE('',*,*,#7204,.F.);
#5387=ORIENTED_EDGE('',*,*,#7196,.T.);
#5388=ORIENTED_EDGE('',*,*,#7204,.T.);
#5389=ORIENTED_EDGE('',*,*,#7205,.F.);
#5390=ORIENTED_EDGE('',*,*,#7197,.T.);
#5391=ORIENTED_EDGE('',*,*,#7205,.T.);
#5392=ORIENTED_EDGE('',*,*,#7206,.F.);
#5393=ORIENTED_EDGE('',*,*,#7198,.T.);
#5394=ORIENTED_EDGE('',*,*,#7206,.T.);
#5395=ORIENTED_EDGE('',*,*,#7207,.F.);
#5396=ORIENTED_EDGE('',*,*,#7199,.T.);
#5397=ORIENTED_EDGE('',*,*,#7207,.T.);
#5398=ORIENTED_EDGE('',*,*,#7208,.F.);
#5399=ORIENTED_EDGE('',*,*,#7200,.T.);
#5400=ORIENTED_EDGE('',*,*,#7208,.T.);
#5401=ORIENTED_EDGE('',*,*,#7209,.F.);
#5402=ORIENTED_EDGE('',*,*,#7201,.T.);
#5403=ORIENTED_EDGE('',*,*,#7209,.T.);
#5404=VERTEX_POINT('',#10406);
#5405=VERTEX_POINT('',#10409);
#5406=VERTEX_POINT('',#10410);
#5407=VERTEX_POINT('',#10412);
#5408=VERTEX_POINT('',#10414);
#5409=VERTEX_POINT('',#10416);
#5410=VERTEX_POINT('',#10418);
#5411=VERTEX_POINT('',#10420);
#5412=VERTEX_POINT('',#10422);
#5413=VERTEX_POINT('',#10424);
#5414=VERTEX_POINT('',#10426);
#5415=VERTEX_POINT('',#10428);
#5416=VERTEX_POINT('',#10430);
#5417=VERTEX_POINT('',#10432);
#5418=VERTEX_POINT('',#10434);
#5419=VERTEX_POINT('',#10436);
#5420=VERTEX_POINT('',#10438);
#5421=VERTEX_POINT('',#10440);
#5422=VERTEX_POINT('',#10442);
#5423=VERTEX_POINT('',#10444);
#5424=VERTEX_POINT('',#10446);
#5425=VERTEX_POINT('',#10448);
#5426=VERTEX_POINT('',#10450);
#5427=VERTEX_POINT('',#10452);
#5428=VERTEX_POINT('',#10454);
#5429=VERTEX_POINT('',#10457);
#5430=VERTEX_POINT('',#10458);
#5431=VERTEX_POINT('',#10460);
#5432=VERTEX_POINT('',#10462);
#5433=VERTEX_POINT('',#10464);
#5434=VERTEX_POINT('',#10466);
#5435=VERTEX_POINT('',#10468);
#5436=VERTEX_POINT('',#10470);
#5437=VERTEX_POINT('',#10472);
#5438=VERTEX_POINT('',#10474);
#5439=VERTEX_POINT('',#10476);
#5440=VERTEX_POINT('',#10478);
#5441=VERTEX_POINT('',#10480);
#5442=VERTEX_POINT('',#10482);
#5443=VERTEX_POINT('',#10484);
#5444=VERTEX_POINT('',#10486);
#5445=VERTEX_POINT('',#10488);
#5446=VERTEX_POINT('',#10490);
#5447=VERTEX_POINT('',#10492);
#5448=VERTEX_POINT('',#10494);
#5449=VERTEX_POINT('',#10496);
#5450=VERTEX_POINT('',#10498);
#5451=VERTEX_POINT('',#10500);
#5452=VERTEX_POINT('',#10502);
#5453=VERTEX_POINT('',#10504);
#5454=VERTEX_POINT('',#10506);
#5455=VERTEX_POINT('',#10508);
#5456=VERTEX_POINT('',#10510);
#5457=VERTEX_POINT('',#10514);
#5458=VERTEX_POINT('',#10515);
#5459=VERTEX_POINT('',#10526);
#5460=VERTEX_POINT('',#10529);
#5461=VERTEX_POINT('',#10542);
#5462=VERTEX_POINT('',#10544);
#5463=VERTEX_POINT('',#10555);
#5464=VERTEX_POINT('',#10557);
#5465=VERTEX_POINT('',#10568);
#5466=VERTEX_POINT('',#10571);
#5467=VERTEX_POINT('',#10574);
#5468=VERTEX_POINT('',#10575);
#5469=VERTEX_POINT('',#10577);
#5470=VERTEX_POINT('',#10588);
#5471=VERTEX_POINT('',#10590);
#5472=VERTEX_POINT('',#10601);
#5473=VERTEX_POINT('',#10605);
#5474=VERTEX_POINT('',#10608);
#5475=VERTEX_POINT('',#10609);
#5476=VERTEX_POINT('',#10620);
#5477=VERTEX_POINT('',#10623);
#5478=VERTEX_POINT('',#10636);
#5479=VERTEX_POINT('',#10637);
#5480=VERTEX_POINT('',#10639);
#5481=VERTEX_POINT('',#10650);
#5482=VERTEX_POINT('',#10652);
#5483=VERTEX_POINT('',#10663);
#5484=VERTEX_POINT('',#10666);
#5485=VERTEX_POINT('',#10669);
#5486=VERTEX_POINT('',#10670);
#5487=VERTEX_POINT('',#10681);
#5488=VERTEX_POINT('',#10684);
#5489=VERTEX_POINT('',#10697);
#5490=VERTEX_POINT('',#10698);
#5491=VERTEX_POINT('',#10700);
#5492=VERTEX_POINT('',#10711);
#5493=VERTEX_POINT('',#10713);
#5494=VERTEX_POINT('',#10724);
#5495=VERTEX_POINT('',#10727);
#5496=VERTEX_POINT('',#10730);
#5497=VERTEX_POINT('',#10731);
#5498=VERTEX_POINT('',#10742);
#5499=VERTEX_POINT('',#10745);
#5500=VERTEX_POINT('',#10758);
#5501=VERTEX_POINT('',#10759);
#5502=VERTEX_POINT('',#10807);
#5503=VERTEX_POINT('',#10809);
#5504=VERTEX_POINT('',#10812);
#5505=VERTEX_POINT('',#10815);
#5506=VERTEX_POINT('',#10816);
#5507=VERTEX_POINT('',#10864);
#5508=VERTEX_POINT('',#10866);
#5509=VERTEX_POINT('',#10869);
#5510=VERTEX_POINT('',#10872);
#5511=VERTEX_POINT('',#10873);
#5512=VERTEX_POINT('',#10921);
#5513=VERTEX_POINT('',#10923);
#5514=VERTEX_POINT('',#10927);
#5515=VERTEX_POINT('',#10928);
#5516=VERTEX_POINT('',#10930);
#5517=VERTEX_POINT('',#10932);
#5518=VERTEX_POINT('',#10936);
#5519=VERTEX_POINT('',#10937);
#5520=VERTEX_POINT('',#10939);
#5521=VERTEX_POINT('',#10941);
#5522=VERTEX_POINT('',#10945);
#5523=VERTEX_POINT('',#10946);
#5524=VERTEX_POINT('',#10948);
#5525=VERTEX_POINT('',#10950);
#5526=VERTEX_POINT('',#10952);
#5527=VERTEX_POINT('',#10954);
#5528=VERTEX_POINT('',#10956);
#5529=VERTEX_POINT('',#10960);
#5530=VERTEX_POINT('',#10962);
#5531=VERTEX_POINT('',#10966);
#5532=VERTEX_POINT('',#10967);
#5533=VERTEX_POINT('',#10969);
#5534=VERTEX_POINT('',#10971);
#5535=VERTEX_POINT('',#10975);
#5536=VERTEX_POINT('',#10976);
#5537=VERTEX_POINT('',#10993);
#5538=VERTEX_POINT('',#11007);
#5539=VERTEX_POINT('',#11008);
#5540=VERTEX_POINT('',#11010);
#5541=VERTEX_POINT('',#11012);
#5542=VERTEX_POINT('',#11015);
#5543=VERTEX_POINT('',#11016);
#5544=VERTEX_POINT('',#11018);
#5545=VERTEX_POINT('',#11020);
#5546=VERTEX_POINT('',#11023);
#5547=VERTEX_POINT('',#11024);
#5548=VERTEX_POINT('',#11026);
#5549=VERTEX_POINT('',#11028);
#5550=VERTEX_POINT('',#11030);
#5551=VERTEX_POINT('',#11032);
#5552=VERTEX_POINT('',#11035);
#5553=VERTEX_POINT('',#11037);
#5554=VERTEX_POINT('',#11039);
#5555=VERTEX_POINT('',#11041);
#5556=VERTEX_POINT('',#11043);
#5557=VERTEX_POINT('',#11045);
#5558=VERTEX_POINT('',#11047);
#5559=VERTEX_POINT('',#11049);
#5560=VERTEX_POINT('',#11051);
#5561=VERTEX_POINT('',#11053);
#5562=VERTEX_POINT('',#11057);
#5563=VERTEX_POINT('',#11058);
#5564=VERTEX_POINT('',#11060);
#5565=VERTEX_POINT('',#11062);
#5566=VERTEX_POINT('',#11066);
#5567=VERTEX_POINT('',#11068);
#5568=VERTEX_POINT('',#11070);
#5569=VERTEX_POINT('',#11072);
#5570=VERTEX_POINT('',#11076);
#5571=VERTEX_POINT('',#11077);
#5572=VERTEX_POINT('',#11094);
#5573=VERTEX_POINT('',#11099);
#5574=VERTEX_POINT('',#11116);
#5575=VERTEX_POINT('',#11118);
#5576=VERTEX_POINT('',#11134);
#5577=VERTEX_POINT('',#11136);
#5578=VERTEX_POINT('',#11138);
#5579=VERTEX_POINT('',#11140);
#5580=VERTEX_POINT('',#11142);
#5581=VERTEX_POINT('',#11144);
#5582=VERTEX_POINT('',#11146);
#5583=VERTEX_POINT('',#11148);
#5584=VERTEX_POINT('',#11150);
#5585=VERTEX_POINT('',#11154);
#5586=VERTEX_POINT('',#11157);
#5587=VERTEX_POINT('',#11159);
#5588=VERTEX_POINT('',#11162);
#5589=VERTEX_POINT('',#11164);
#5590=VERTEX_POINT('',#11166);
#5591=VERTEX_POINT('',#11170);
#5592=VERTEX_POINT('',#11171);
#5593=VERTEX_POINT('',#11173);
#5594=VERTEX_POINT('',#11175);
#5595=VERTEX_POINT('',#11178);
#5596=VERTEX_POINT('',#11179);
#5597=VERTEX_POINT('',#11181);
#5598=VERTEX_POINT('',#11183);
#5599=VERTEX_POINT('',#11186);
#5600=VERTEX_POINT('',#11187);
#5601=VERTEX_POINT('',#11189);
#5602=VERTEX_POINT('',#11191);
#5603=VERTEX_POINT('',#11193);
#5604=VERTEX_POINT('',#11195);
#5605=VERTEX_POINT('',#11197);
#5606=VERTEX_POINT('',#11199);
#5607=VERTEX_POINT('',#11202);
#5608=VERTEX_POINT('',#11204);
#5609=VERTEX_POINT('',#11206);
#5610=VERTEX_POINT('',#11208);
#5611=VERTEX_POINT('',#11210);
#5612=VERTEX_POINT('',#11212);
#5613=VERTEX_POINT('',#11214);
#5614=VERTEX_POINT('',#11216);
#5615=VERTEX_POINT('',#11220);
#5616=VERTEX_POINT('',#11221);
#5617=VERTEX_POINT('',#11223);
#5618=VERTEX_POINT('',#11225);
#5619=VERTEX_POINT('',#11227);
#5620=VERTEX_POINT('',#11229);
#5621=VERTEX_POINT('',#11231);
#5622=VERTEX_POINT('',#11233);
#5623=VERTEX_POINT('',#11236);
#5624=VERTEX_POINT('',#11238);
#5625=VERTEX_POINT('',#11240);
#5626=VERTEX_POINT('',#11247);
#5627=VERTEX_POINT('',#11249);
#5628=VERTEX_POINT('',#11252);
#5629=VERTEX_POINT('',#11253);
#5630=VERTEX_POINT('',#11255);
#5631=VERTEX_POINT('',#11257);
#5632=VERTEX_POINT('',#11261);
#5633=VERTEX_POINT('',#11263);
#5634=VERTEX_POINT('',#11267);
#5635=VERTEX_POINT('',#11268);
#5636=VERTEX_POINT('',#11270);
#5637=VERTEX_POINT('',#11287);
#5638=VERTEX_POINT('',#11289);
#5639=VERTEX_POINT('',#11293);
#5640=VERTEX_POINT('',#11295);
#5641=VERTEX_POINT('',#11299);
#5642=VERTEX_POINT('',#11301);
#5643=VERTEX_POINT('',#11318);
#5644=VERTEX_POINT('',#11322);
#5645=VERTEX_POINT('',#11323);
#5646=VERTEX_POINT('',#11325);
#5647=VERTEX_POINT('',#11342);
#5648=VERTEX_POINT('',#11344);
#5649=VERTEX_POINT('',#11348);
#5650=VERTEX_POINT('',#11350);
#5651=VERTEX_POINT('',#11354);
#5652=VERTEX_POINT('',#11356);
#5653=VERTEX_POINT('',#11373);
#5654=VERTEX_POINT('',#11380);
#5655=VERTEX_POINT('',#11381);
#5656=VERTEX_POINT('',#11386);
#5657=VERTEX_POINT('',#11387);
#5658=VERTEX_POINT('',#11389);
#5659=VERTEX_POINT('',#11391);
#5660=VERTEX_POINT('',#11402);
#5661=VERTEX_POINT('',#11404);
#5662=VERTEX_POINT('',#11406);
#5663=VERTEX_POINT('',#11409);
#5664=VERTEX_POINT('',#11411);
#5665=VERTEX_POINT('',#11413);
#5666=VERTEX_POINT('',#11415);
#5667=VERTEX_POINT('',#11417);
#5668=VERTEX_POINT('',#11419);
#5669=VERTEX_POINT('',#11421);
#5670=VERTEX_POINT('',#11424);
#5671=VERTEX_POINT('',#11426);
#5672=VERTEX_POINT('',#11429);
#5673=VERTEX_POINT('',#11431);
#5674=VERTEX_POINT('',#11433);
#5675=VERTEX_POINT('',#11435);
#5676=VERTEX_POINT('',#11437);
#5677=VERTEX_POINT('',#11440);
#5678=VERTEX_POINT('',#11441);
#5679=VERTEX_POINT('',#11443);
#5680=VERTEX_POINT('',#11445);
#5681=VERTEX_POINT('',#11447);
#5682=VERTEX_POINT('',#11449);
#5683=VERTEX_POINT('',#11451);
#5684=VERTEX_POINT('',#11453);
#5685=VERTEX_POINT('',#11455);
#5686=VERTEX_POINT('',#11457);
#5687=VERTEX_POINT('',#11459);
#5688=VERTEX_POINT('',#11461);
#5689=VERTEX_POINT('',#11463);
#5690=VERTEX_POINT('',#11465);
#5691=VERTEX_POINT('',#11467);
#5692=VERTEX_POINT('',#11469);
#5693=VERTEX_POINT('',#11471);
#5694=VERTEX_POINT('',#11473);
#5695=VERTEX_POINT('',#11475);
#5696=VERTEX_POINT('',#11477);
#5697=VERTEX_POINT('',#11479);
#5698=VERTEX_POINT('',#11481);
#5699=VERTEX_POINT('',#11483);
#5700=VERTEX_POINT('',#11485);
#5701=VERTEX_POINT('',#11488);
#5702=VERTEX_POINT('',#11490);
#5703=VERTEX_POINT('',#11492);
#5704=VERTEX_POINT('',#11494);
#5705=VERTEX_POINT('',#11496);
#5706=VERTEX_POINT('',#11498);
#5707=VERTEX_POINT('',#11500);
#5708=VERTEX_POINT('',#11502);
#5709=VERTEX_POINT('',#11504);
#5710=VERTEX_POINT('',#11506);
#5711=VERTEX_POINT('',#11508);
#5712=VERTEX_POINT('',#11510);
#5713=VERTEX_POINT('',#11512);
#5714=VERTEX_POINT('',#11514);
#5715=VERTEX_POINT('',#11516);
#5716=VERTEX_POINT('',#11518);
#5717=VERTEX_POINT('',#11520);
#5718=VERTEX_POINT('',#11522);
#5719=VERTEX_POINT('',#11524);
#5720=VERTEX_POINT('',#11526);
#5721=VERTEX_POINT('',#11528);
#5722=VERTEX_POINT('',#11530);
#5723=VERTEX_POINT('',#11532);
#5724=VERTEX_POINT('',#11534);
#5725=VERTEX_POINT('',#11536);
#5726=VERTEX_POINT('',#11538);
#5727=VERTEX_POINT('',#11540);
#5728=VERTEX_POINT('',#11542);
#5729=VERTEX_POINT('',#11544);
#5730=VERTEX_POINT('',#11546);
#5731=VERTEX_POINT('',#11548);
#5732=VERTEX_POINT('',#11552);
#5733=VERTEX_POINT('',#11553);
#5734=VERTEX_POINT('',#11555);
#5735=VERTEX_POINT('',#11557);
#5736=VERTEX_POINT('',#11559);
#5737=VERTEX_POINT('',#11561);
#5738=VERTEX_POINT('',#11563);
#5739=VERTEX_POINT('',#11565);
#5740=VERTEX_POINT('',#11567);
#5741=VERTEX_POINT('',#11569);
#5742=VERTEX_POINT('',#11571);
#5743=VERTEX_POINT('',#11573);
#5744=VERTEX_POINT('',#11575);
#5745=VERTEX_POINT('',#11577);
#5746=VERTEX_POINT('',#11579);
#5747=VERTEX_POINT('',#11581);
#5748=VERTEX_POINT('',#11583);
#5749=VERTEX_POINT('',#11585);
#5750=VERTEX_POINT('',#11587);
#5751=VERTEX_POINT('',#11589);
#5752=VERTEX_POINT('',#11591);
#5753=VERTEX_POINT('',#11593);
#5754=VERTEX_POINT('',#11595);
#5755=VERTEX_POINT('',#11597);
#5756=VERTEX_POINT('',#11599);
#5757=VERTEX_POINT('',#11601);
#5758=VERTEX_POINT('',#11603);
#5759=VERTEX_POINT('',#11605);
#5760=VERTEX_POINT('',#11607);
#5761=VERTEX_POINT('',#11609);
#5762=VERTEX_POINT('',#11611);
#5763=VERTEX_POINT('',#11613);
#5764=VERTEX_POINT('',#11615);
#5765=VERTEX_POINT('',#11617);
#5766=VERTEX_POINT('',#11619);
#5767=VERTEX_POINT('',#11621);
#5768=VERTEX_POINT('',#11625);
#5769=VERTEX_POINT('',#11627);
#5770=VERTEX_POINT('',#11629);
#5771=VERTEX_POINT('',#11631);
#5772=VERTEX_POINT('',#11633);
#5773=VERTEX_POINT('',#11635);
#5774=VERTEX_POINT('',#11637);
#5775=VERTEX_POINT('',#11639);
#5776=VERTEX_POINT('',#11641);
#5777=VERTEX_POINT('',#11643);
#5778=VERTEX_POINT('',#11645);
#5779=VERTEX_POINT('',#11647);
#5780=VERTEX_POINT('',#11649);
#5781=VERTEX_POINT('',#11651);
#5782=VERTEX_POINT('',#11653);
#5783=VERTEX_POINT('',#11655);
#5784=VERTEX_POINT('',#11657);
#5785=VERTEX_POINT('',#11659);
#5786=VERTEX_POINT('',#11661);
#5787=VERTEX_POINT('',#11663);
#5788=VERTEX_POINT('',#11666);
#5789=VERTEX_POINT('',#11668);
#5790=VERTEX_POINT('',#11670);
#5791=VERTEX_POINT('',#11672);
#5792=VERTEX_POINT('',#11674);
#5793=VERTEX_POINT('',#11676);
#5794=VERTEX_POINT('',#11679);
#5795=VERTEX_POINT('',#11682);
#5796=VERTEX_POINT('',#11683);
#5797=VERTEX_POINT('',#11685);
#5798=VERTEX_POINT('',#11687);
#5799=VERTEX_POINT('',#11689);
#5800=VERTEX_POINT('',#11691);
#5801=VERTEX_POINT('',#11693);
#5802=VERTEX_POINT('',#11695);
#5803=VERTEX_POINT('',#11697);
#5804=VERTEX_POINT('',#11699);
#5805=VERTEX_POINT('',#11701);
#5806=VERTEX_POINT('',#11703);
#5807=VERTEX_POINT('',#11706);
#5808=VERTEX_POINT('',#11708);
#5809=VERTEX_POINT('',#11710);
#5810=VERTEX_POINT('',#11712);
#5811=VERTEX_POINT('',#11713);
#5812=VERTEX_POINT('',#11715);
#5813=VERTEX_POINT('',#11718);
#5814=VERTEX_POINT('',#11720);
#5815=VERTEX_POINT('',#11722);
#5816=VERTEX_POINT('',#11724);
#5817=VERTEX_POINT('',#11726);
#5818=VERTEX_POINT('',#11728);
#5819=VERTEX_POINT('',#11730);
#5820=VERTEX_POINT('',#11733);
#5821=VERTEX_POINT('',#11735);
#5822=VERTEX_POINT('',#11737);
#5823=VERTEX_POINT('',#11739);
#5824=VERTEX_POINT('',#11742);
#5825=VERTEX_POINT('',#11746);
#5826=VERTEX_POINT('',#11750);
#5827=VERTEX_POINT('',#11771);
#5828=VERTEX_POINT('',#11792);
#5829=VERTEX_POINT('',#11811);
#5830=VERTEX_POINT('',#11832);
#5831=VERTEX_POINT('',#11834);
#5832=VERTEX_POINT('',#11838);
#5833=VERTEX_POINT('',#11842);
#5834=VERTEX_POINT('',#11845);
#5835=VERTEX_POINT('',#11849);
#5836=VERTEX_POINT('',#11855);
#5837=VERTEX_POINT('',#11859);
#5838=VERTEX_POINT('',#11862);
#5839=VERTEX_POINT('',#11899);
#5840=VERTEX_POINT('',#11903);
#5841=VERTEX_POINT('',#11942);
#5842=VERTEX_POINT('',#11946);
#5843=VERTEX_POINT('',#11950);
#5844=VERTEX_POINT('',#11954);
#5845=VERTEX_POINT('',#11958);
#5846=VERTEX_POINT('',#11962);
#5847=VERTEX_POINT('',#11966);
#5848=VERTEX_POINT('',#11968);
#5849=VERTEX_POINT('',#11992);
#5850=VERTEX_POINT('',#12011);
#5851=VERTEX_POINT('',#12035);
#5852=VERTEX_POINT('',#12038);
#5853=VERTEX_POINT('',#12039);
#5854=VERTEX_POINT('',#12046);
#5855=VERTEX_POINT('',#12065);
#5856=VERTEX_POINT('',#12069);
#5857=VERTEX_POINT('',#12076);
#5858=VERTEX_POINT('',#12095);
#5859=VERTEX_POINT('',#12099);
#5860=VERTEX_POINT('',#12101);
#5861=VERTEX_POINT('',#12105);
#5862=VERTEX_POINT('',#12109);
#5863=VERTEX_POINT('',#12113);
#5864=VERTEX_POINT('',#12116);
#5865=VERTEX_POINT('',#12135);
#5866=VERTEX_POINT('',#12136);
#5867=VERTEX_POINT('',#12141);
#5868=VERTEX_POINT('',#12147);
#5869=VERTEX_POINT('',#12151);
#5870=VERTEX_POINT('',#12154);
#5871=VERTEX_POINT('',#12176);
#5872=VERTEX_POINT('',#12195);
#5873=VERTEX_POINT('',#12199);
#5874=VERTEX_POINT('',#12205);
#5875=VERTEX_POINT('',#12209);
#5876=VERTEX_POINT('',#12213);
#5877=VERTEX_POINT('',#12217);
#5878=VERTEX_POINT('',#12221);
#5879=VERTEX_POINT('',#12228);
#5880=VERTEX_POINT('',#12247);
#5881=VERTEX_POINT('',#12251);
#5882=VERTEX_POINT('',#12257);
#5883=VERTEX_POINT('',#12260);
#5884=VERTEX_POINT('',#12264);
#5885=VERTEX_POINT('',#12285);
#5886=VERTEX_POINT('',#12289);
#5887=VERTEX_POINT('',#12291);
#5888=VERTEX_POINT('',#12315);
#5889=VERTEX_POINT('',#12334);
#5890=VERTEX_POINT('',#12338);
#5891=VERTEX_POINT('',#12341);
#5892=VERTEX_POINT('',#12345);
#5893=VERTEX_POINT('',#12349);
#5894=VERTEX_POINT('',#12350);
#5895=VERTEX_POINT('',#12361);
#5896=VERTEX_POINT('',#12362);
#5897=VERTEX_POINT('',#12364);
#5898=VERTEX_POINT('',#12366);
#5899=VERTEX_POINT('',#12370);
#5900=VERTEX_POINT('',#12372);
#5901=VERTEX_POINT('',#12376);
#5902=VERTEX_POINT('',#12377);
#5903=VERTEX_POINT('',#12379);
#5904=VERTEX_POINT('',#12381);
#5905=VERTEX_POINT('',#12383);
#5906=VERTEX_POINT('',#12387);
#5907=VERTEX_POINT('',#12389);
#5908=VERTEX_POINT('',#12395);
#5909=VERTEX_POINT('',#12402);
#5910=VERTEX_POINT('',#12404);
#5911=VERTEX_POINT('',#12406);
#5912=VERTEX_POINT('',#12417);
#5913=VERTEX_POINT('',#12418);
#5914=VERTEX_POINT('',#12420);
#5915=VERTEX_POINT('',#12422);
#5916=VERTEX_POINT('',#12426);
#5917=VERTEX_POINT('',#12428);
#5918=VERTEX_POINT('',#12432);
#5919=VERTEX_POINT('',#12433);
#5920=VERTEX_POINT('',#12435);
#5921=VERTEX_POINT('',#12437);
#5922=VERTEX_POINT('',#12440);
#5923=VERTEX_POINT('',#12442);
#5924=VERTEX_POINT('',#12444);
#5925=VERTEX_POINT('',#12446);
#5926=VERTEX_POINT('',#12448);
#5927=VERTEX_POINT('',#12450);
#5928=VERTEX_POINT('',#12452);
#5929=VERTEX_POINT('',#12456);
#5930=VERTEX_POINT('',#12458);
#5931=VERTEX_POINT('',#12460);
#5932=VERTEX_POINT('',#12462);
#5933=VERTEX_POINT('',#12464);
#5934=VERTEX_POINT('',#12466);
#5935=VERTEX_POINT('',#12468);
#5936=VERTEX_POINT('',#12470);
#5937=VERTEX_POINT('',#12472);
#5938=VERTEX_POINT('',#12474);
#5939=VERTEX_POINT('',#12476);
#5940=VERTEX_POINT('',#12480);
#5941=VERTEX_POINT('',#12481);
#5942=VERTEX_POINT('',#12483);
#5943=VERTEX_POINT('',#12485);
#5944=VERTEX_POINT('',#12492);
#5945=VERTEX_POINT('',#12493);
#5946=VERTEX_POINT('',#12495);
#5947=VERTEX_POINT('',#12497);
#5948=VERTEX_POINT('',#12501);
#5949=VERTEX_POINT('',#12503);
#5950=VERTEX_POINT('',#12507);
#5951=VERTEX_POINT('',#12511);
#5952=VERTEX_POINT('',#12517);
#5953=VERTEX_POINT('',#12518);
#5954=VERTEX_POINT('',#12520);
#5955=VERTEX_POINT('',#12524);
#5956=VERTEX_POINT('',#12526);
#5957=VERTEX_POINT('',#12531);
#5958=VERTEX_POINT('',#12535);
#5959=VERTEX_POINT('',#12539);
#5960=VERTEX_POINT('',#12543);
#5961=VERTEX_POINT('',#12547);
#5962=VERTEX_POINT('',#12551);
#5963=VERTEX_POINT('',#12555);
#5964=VERTEX_POINT('',#12559);
#5965=VERTEX_POINT('',#12563);
#5966=VERTEX_POINT('',#12567);
#5967=VERTEX_POINT('',#12572);
#5968=VERTEX_POINT('',#12576);
#5969=VERTEX_POINT('',#12580);
#5970=VERTEX_POINT('',#12584);
#5971=VERTEX_POINT('',#12588);
#5972=VERTEX_POINT('',#12592);
#5973=VERTEX_POINT('',#12594);
#5974=VERTEX_POINT('',#12598);
#5975=VERTEX_POINT('',#12604);
#5976=VERTEX_POINT('',#12608);
#5977=VERTEX_POINT('',#12612);
#5978=VERTEX_POINT('',#12616);
#5979=VERTEX_POINT('',#12620);
#5980=VERTEX_POINT('',#12626);
#5981=VERTEX_POINT('',#12630);
#5982=VERTEX_POINT('',#12638);
#5983=VERTEX_POINT('',#12639);
#5984=VERTEX_POINT('',#12641);
#5985=VERTEX_POINT('',#12643);
#5986=VERTEX_POINT('',#12647);
#5987=VERTEX_POINT('',#12649);
#5988=VERTEX_POINT('',#12653);
#5989=VERTEX_POINT('',#12654);
#5990=VERTEX_POINT('',#12656);
#5991=VERTEX_POINT('',#12658);
#5992=VERTEX_POINT('',#12660);
#5993=VERTEX_POINT('',#12666);
#5994=VERTEX_POINT('',#12670);
#5995=VERTEX_POINT('',#12671);
#5996=VERTEX_POINT('',#12673);
#5997=VERTEX_POINT('',#12675);
#5998=VERTEX_POINT('',#12688);
#5999=VERTEX_POINT('',#12689);
#6000=VERTEX_POINT('',#12691);
#6001=VERTEX_POINT('',#12699);
#6002=VERTEX_POINT('',#12700);
#6003=VERTEX_POINT('',#12702);
#6004=VERTEX_POINT('',#12704);
#6005=VERTEX_POINT('',#12708);
#6006=VERTEX_POINT('',#12710);
#6007=VERTEX_POINT('',#12714);
#6008=VERTEX_POINT('',#12716);
#6009=VERTEX_POINT('',#12718);
#6010=VERTEX_POINT('',#12724);
#6011=VERTEX_POINT('',#12734);
#6012=VERTEX_POINT('',#12735);
#6013=VERTEX_POINT('',#12737);
#6014=VERTEX_POINT('',#12745);
#6015=VERTEX_POINT('',#12746);
#6016=VERTEX_POINT('',#12748);
#6017=VERTEX_POINT('',#12750);
#6018=VERTEX_POINT('',#12754);
#6019=VERTEX_POINT('',#12756);
#6020=VERTEX_POINT('',#12760);
#6021=VERTEX_POINT('',#12761);
#6022=VERTEX_POINT('',#12763);
#6023=VERTEX_POINT('',#12765);
#6024=VERTEX_POINT('',#12768);
#6025=VERTEX_POINT('',#12770);
#6026=VERTEX_POINT('',#12772);
#6027=VERTEX_POINT('',#12774);
#6028=VERTEX_POINT('',#12776);
#6029=VERTEX_POINT('',#12778);
#6030=VERTEX_POINT('',#12780);
#6031=VERTEX_POINT('',#12784);
#6032=VERTEX_POINT('',#12786);
#6033=VERTEX_POINT('',#12788);
#6034=VERTEX_POINT('',#12790);
#6035=VERTEX_POINT('',#12792);
#6036=VERTEX_POINT('',#12794);
#6037=VERTEX_POINT('',#12796);
#6038=VERTEX_POINT('',#12798);
#6039=VERTEX_POINT('',#12800);
#6040=VERTEX_POINT('',#12802);
#6041=VERTEX_POINT('',#12804);
#6042=VERTEX_POINT('',#12808);
#6043=VERTEX_POINT('',#12809);
#6044=VERTEX_POINT('',#12811);
#6045=VERTEX_POINT('',#12813);
#6046=VERTEX_POINT('',#12820);
#6047=VERTEX_POINT('',#12821);
#6048=VERTEX_POINT('',#12823);
#6049=VERTEX_POINT('',#12825);
#6050=VERTEX_POINT('',#12829);
#6051=VERTEX_POINT('',#12831);
#6052=VERTEX_POINT('',#12835);
#6053=VERTEX_POINT('',#12839);
#6054=VERTEX_POINT('',#12845);
#6055=VERTEX_POINT('',#12846);
#6056=VERTEX_POINT('',#12848);
#6057=VERTEX_POINT('',#12852);
#6058=VERTEX_POINT('',#12854);
#6059=VERTEX_POINT('',#12859);
#6060=VERTEX_POINT('',#12863);
#6061=VERTEX_POINT('',#12867);
#6062=VERTEX_POINT('',#12871);
#6063=VERTEX_POINT('',#12875);
#6064=VERTEX_POINT('',#12879);
#6065=VERTEX_POINT('',#12883);
#6066=VERTEX_POINT('',#12887);
#6067=VERTEX_POINT('',#12891);
#6068=VERTEX_POINT('',#12895);
#6069=VERTEX_POINT('',#12900);
#6070=VERTEX_POINT('',#12904);
#6071=VERTEX_POINT('',#12908);
#6072=VERTEX_POINT('',#12912);
#6073=VERTEX_POINT('',#12916);
#6074=VERTEX_POINT('',#12920);
#6075=VERTEX_POINT('',#12922);
#6076=VERTEX_POINT('',#12926);
#6077=VERTEX_POINT('',#12932);
#6078=VERTEX_POINT('',#12936);
#6079=VERTEX_POINT('',#12940);
#6080=VERTEX_POINT('',#12944);
#6081=VERTEX_POINT('',#12948);
#6082=VERTEX_POINT('',#12954);
#6083=VERTEX_POINT('',#12958);
#6084=VERTEX_POINT('',#12965);
#6085=VERTEX_POINT('',#12966);
#6086=VERTEX_POINT('',#12968);
#6087=VERTEX_POINT('',#12970);
#6088=VERTEX_POINT('',#12974);
#6089=VERTEX_POINT('',#12976);
#6090=VERTEX_POINT('',#12980);
#6091=VERTEX_POINT('',#12982);
#6092=VERTEX_POINT('',#12984);
#6093=VERTEX_POINT('',#12988);
#6094=VERTEX_POINT('',#12991);
#6095=VERTEX_POINT('',#12993);
#6096=VERTEX_POINT('',#12995);
#6097=VERTEX_POINT('',#13000);
#6098=VERTEX_POINT('',#13007);
#6099=VERTEX_POINT('',#13009);
#6100=VERTEX_POINT('',#13011);
#6101=VERTEX_POINT('',#13026);
#6102=VERTEX_POINT('',#13030);
#6103=VERTEX_POINT('',#13046);
#6104=VERTEX_POINT('',#13050);
#6105=VERTEX_POINT('',#13145);
#6106=VERTEX_POINT('',#13147);
#6107=VERTEX_POINT('',#13204);
#6108=VERTEX_POINT('',#13223);
#6109=VERTEX_POINT('',#13234);
#6110=VERTEX_POINT('',#13306);
#6111=VERTEX_POINT('',#13309);
#6112=VERTEX_POINT('',#13312);
#6113=VERTEX_POINT('',#13315);
#6114=VERTEX_POINT('',#13318);
#6115=VERTEX_POINT('',#13321);
#6116=VERTEX_POINT('',#13324);
#6117=VERTEX_POINT('',#13327);
#6118=VERTEX_POINT('',#13330);
#6119=VERTEX_POINT('',#13334);
#6120=VERTEX_POINT('',#13338);
#6121=VERTEX_POINT('',#13342);
#6122=VERTEX_POINT('',#13346);
#6123=VERTEX_POINT('',#13350);
#6124=VERTEX_POINT('',#13354);
#6125=VERTEX_POINT('',#13358);
#6126=EDGE_CURVE('',#5404,#5404,#7210,.T.);
#6127=EDGE_CURVE('',#5405,#5406,#1757,.T.);
#6128=EDGE_CURVE('',#5406,#5407,#1758,.T.);
#6129=EDGE_CURVE('',#5407,#5408,#1759,.T.);
#6130=EDGE_CURVE('',#5409,#5408,#359,.T.);
#6131=EDGE_CURVE('',#5409,#5410,#1760,.T.);
#6132=EDGE_CURVE('',#5410,#5411,#1761,.T.);
#6133=EDGE_CURVE('',#5411,#5412,#1762,.T.);
#6134=EDGE_CURVE('',#5413,#5412,#360,.T.);
#6135=EDGE_CURVE('',#5413,#5414,#1763,.T.);
#6136=EDGE_CURVE('',#5414,#5415,#1764,.T.);
#6137=EDGE_CURVE('',#5415,#5416,#1765,.T.);
#6138=EDGE_CURVE('',#5417,#5416,#361,.T.);
#6139=EDGE_CURVE('',#5417,#5418,#1766,.T.);
#6140=EDGE_CURVE('',#5419,#5418,#362,.T.);
#6141=EDGE_CURVE('',#5420,#5419,#363,.T.);
#6142=EDGE_CURVE('',#5421,#5420,#364,.T.);
#6143=EDGE_CURVE('',#5421,#5422,#1767,.T.);
#6144=EDGE_CURVE('',#5422,#5423,#365,.T.);
#6145=EDGE_CURVE('',#5423,#5424,#1768,.T.);
#6146=EDGE_CURVE('',#5424,#5425,#366,.T.);
#6147=EDGE_CURVE('',#5426,#5425,#367,.T.);
#6148=EDGE_CURVE('',#5427,#5426,#368,.T.);
#6149=EDGE_CURVE('',#5427,#5428,#1769,.T.);
#6150=EDGE_CURVE('',#5405,#5428,#369,.T.);
#6151=EDGE_CURVE('',#5429,#5430,#370,.T.);
#6152=EDGE_CURVE('',#5430,#5431,#1770,.T.);
#6153=EDGE_CURVE('',#5432,#5431,#371,.T.);
#6154=EDGE_CURVE('',#5433,#5432,#1771,.T.);
#6155=EDGE_CURVE('',#5434,#5433,#372,.T.);
#6156=EDGE_CURVE('',#5434,#5435,#1772,.T.);
#6157=EDGE_CURVE('',#5435,#5436,#373,.T.);
#6158=EDGE_CURVE('',#5436,#5437,#1773,.T.);
#6159=EDGE_CURVE('',#5437,#5438,#374,.T.);
#6160=EDGE_CURVE('',#5438,#5439,#1774,.T.);
#6161=EDGE_CURVE('',#5439,#5440,#375,.T.);
#6162=EDGE_CURVE('',#5440,#5441,#1775,.T.);
#6163=EDGE_CURVE('',#5441,#5442,#376,.T.);
#6164=EDGE_CURVE('',#5443,#5442,#1776,.T.);
#6165=EDGE_CURVE('',#5443,#5444,#377,.T.);
#6166=EDGE_CURVE('',#5444,#5445,#1777,.T.);
#6167=EDGE_CURVE('',#5445,#5446,#378,.T.);
#6168=EDGE_CURVE('',#5446,#5447,#1778,.T.);
#6169=EDGE_CURVE('',#5448,#5447,#379,.T.);
#6170=EDGE_CURVE('',#5449,#5448,#1779,.T.);
#6171=EDGE_CURVE('',#5450,#5449,#380,.T.);
#6172=EDGE_CURVE('',#5450,#5451,#1780,.T.);
#6173=EDGE_CURVE('',#5451,#5452,#381,.T.);
#6174=EDGE_CURVE('',#5452,#5453,#1781,.T.);
#6175=EDGE_CURVE('',#5454,#5453,#382,.T.);
#6176=EDGE_CURVE('',#5455,#5454,#1782,.T.);
#6177=EDGE_CURVE('',#5456,#5455,#383,.T.);
#6178=EDGE_CURVE('',#5456,#5429,#1783,.T.);
#6179=EDGE_CURVE('',#5457,#5458,#7211,.T.);
#6180=EDGE_CURVE('',#5458,#5459,#220,.T.);
#6181=EDGE_CURVE('',#5459,#5443,#384,.T.);
#6182=EDGE_CURVE('',#5442,#5460,#385,.T.);
#6183=EDGE_CURVE('',#5460,#5457,#221,.T.);
#6184=EDGE_CURVE('',#5461,#5419,#7212,.T.);
#6185=EDGE_CURVE('',#5462,#5419,#386,.T.);
#6186=EDGE_CURVE('',#5462,#5463,#222,.T.);
#6187=EDGE_CURVE('',#5464,#5463,#7213,.T.);
#6188=EDGE_CURVE('',#5464,#5465,#223,.T.);
#6189=EDGE_CURVE('',#5461,#5465,#387,.T.);
#6190=EDGE_CURVE('',#5466,#5466,#7214,.T.);
#6191=EDGE_CURVE('',#5467,#5468,#7215,.T.);
#6192=EDGE_CURVE('',#5469,#5468,#388,.T.);
#6193=EDGE_CURVE('',#5469,#5470,#224,.T.);
#6194=EDGE_CURVE('',#5471,#5470,#7216,.T.);
#6195=EDGE_CURVE('',#5471,#5472,#225,.T.);
#6196=EDGE_CURVE('',#5426,#5472,#389,.T.);
#6197=EDGE_CURVE('',#5426,#5467,#7217,.T.);
#6198=EDGE_CURVE('',#5473,#5473,#7218,.T.);
#6199=EDGE_CURVE('',#5474,#5475,#7219,.T.);
#6200=EDGE_CURVE('',#5474,#5476,#226,.T.);
#6201=EDGE_CURVE('',#5433,#5476,#390,.T.);
#6202=EDGE_CURVE('',#5477,#5432,#391,.T.);
#6203=EDGE_CURVE('',#5477,#5475,#227,.T.);
#6204=EDGE_CURVE('',#5478,#5479,#7220,.T.);
#6205=EDGE_CURVE('',#5480,#5479,#392,.T.);
#6206=EDGE_CURVE('',#5480,#5481,#228,.T.);
#6207=EDGE_CURVE('',#5482,#5481,#7221,.T.);
#6208=EDGE_CURVE('',#5482,#5483,#229,.T.);
#6209=EDGE_CURVE('',#5478,#5483,#393,.T.);
#6210=EDGE_CURVE('',#5484,#5484,#7222,.T.);
#6211=EDGE_CURVE('',#5485,#5486,#7223,.T.);
#6212=EDGE_CURVE('',#5485,#5487,#230,.T.);
#6213=EDGE_CURVE('',#5455,#5487,#394,.T.);
#6214=EDGE_CURVE('',#5488,#5454,#395,.T.);
#6215=EDGE_CURVE('',#5488,#5486,#231,.T.);
#6216=EDGE_CURVE('',#5489,#5490,#7224,.T.);
#6217=EDGE_CURVE('',#5491,#5490,#396,.T.);
#6218=EDGE_CURVE('',#5491,#5492,#232,.T.);
#6219=EDGE_CURVE('',#5493,#5492,#7225,.T.);
#6220=EDGE_CURVE('',#5493,#5494,#233,.T.);
#6221=EDGE_CURVE('',#5489,#5494,#397,.T.);
#6222=EDGE_CURVE('',#5495,#5495,#7226,.T.);
#6223=EDGE_CURVE('',#5496,#5497,#7227,.T.);
#6224=EDGE_CURVE('',#5496,#5498,#234,.T.);
#6225=EDGE_CURVE('',#5449,#5498,#398,.T.);
#6226=EDGE_CURVE('',#5499,#5448,#399,.T.);
#6227=EDGE_CURVE('',#5499,#5497,#235,.T.);
#6228=EDGE_CURVE('',#5500,#5501,#400,.T.);
#6229=EDGE_CURVE('',#5415,#5501,#236,.T.);
#6230=EDGE_CURVE('',#5502,#5414,#237,.T.);
#6231=EDGE_CURVE('',#5502,#5503,#401,.T.);
#6232=EDGE_CURVE('',#5500,#5503,#1784,.T.);
#6233=EDGE_CURVE('',#5504,#5504,#7228,.T.);
#6234=EDGE_CURVE('',#5505,#5506,#402,.T.);
#6235=EDGE_CURVE('',#5411,#5506,#238,.T.);
#6236=EDGE_CURVE('',#5507,#5410,#239,.T.);
#6237=EDGE_CURVE('',#5507,#5508,#403,.T.);
#6238=EDGE_CURVE('',#5505,#5508,#1785,.T.);
#6239=EDGE_CURVE('',#5509,#5509,#7229,.T.);
#6240=EDGE_CURVE('',#5510,#5511,#404,.T.);
#6241=EDGE_CURVE('',#5407,#5511,#240,.T.);
#6242=EDGE_CURVE('',#5512,#5406,#241,.T.);
#6243=EDGE_CURVE('',#5512,#5513,#405,.T.);
#6244=EDGE_CURVE('',#5510,#5513,#1786,.T.);
#6245=EDGE_CURVE('',#5514,#5515,#406,.T.);
#6246=EDGE_CURVE('',#5515,#5516,#407,.T.);
#6247=EDGE_CURVE('',#5516,#5517,#408,.T.);
#6248=EDGE_CURVE('',#5517,#5514,#409,.T.);
#6249=EDGE_CURVE('',#5518,#5519,#410,.T.);
#6250=EDGE_CURVE('',#5518,#5520,#411,.T.);
#6251=EDGE_CURVE('',#5521,#5520,#412,.T.);
#6252=EDGE_CURVE('',#5519,#5521,#413,.T.);
#6253=EDGE_CURVE('',#5522,#5523,#414,.T.);
#6254=EDGE_CURVE('',#5522,#5524,#7230,.T.);
#6255=EDGE_CURVE('',#5524,#5525,#415,.T.);
#6256=EDGE_CURVE('',#5525,#5526,#416,.T.);
#6257=EDGE_CURVE('',#5526,#5527,#417,.T.);
#6258=EDGE_CURVE('',#5527,#5528,#7231,.T.);
#6259=EDGE_CURVE('',#5528,#5523,#418,.T.);
#6260=EDGE_CURVE('',#5522,#5529,#419,.T.);
#6261=EDGE_CURVE('',#5529,#5530,#7232,.T.);
#6262=EDGE_CURVE('',#5524,#5530,#420,.T.);
#6263=EDGE_CURVE('',#5531,#5532,#7233,.T.);
#6264=EDGE_CURVE('',#5532,#5533,#421,.T.);
#6265=EDGE_CURVE('',#5534,#5533,#7234,.T.);
#6266=EDGE_CURVE('',#5531,#5534,#422,.T.);
#6267=EDGE_CURVE('',#5535,#5536,#7235,.T.);
#6268=EDGE_CURVE('',#5535,#5537,#242,.T.);
#6269=EDGE_CURVE('',#5537,#5532,#243,.T.);
#6270=EDGE_CURVE('',#5531,#5536,#7236,.T.);
#6271=EDGE_CURVE('',#5538,#5539,#423,.T.);
#6272=EDGE_CURVE('',#5540,#5538,#424,.T.);
#6273=EDGE_CURVE('',#5541,#5540,#425,.T.);
#6274=EDGE_CURVE('',#5541,#5539,#426,.T.);
#6275=EDGE_CURVE('',#5542,#5543,#427,.T.);
#6276=EDGE_CURVE('',#5542,#5544,#428,.T.);
#6277=EDGE_CURVE('',#5545,#5544,#429,.T.);
#6278=EDGE_CURVE('',#5543,#5545,#430,.T.);
#6279=EDGE_CURVE('',#5546,#5547,#431,.T.);
#6280=EDGE_CURVE('',#5547,#5548,#432,.T.);
#6281=EDGE_CURVE('',#5549,#5548,#433,.T.);
#6282=EDGE_CURVE('',#5550,#5549,#434,.T.);
#6283=EDGE_CURVE('',#5550,#5551,#435,.T.);
#6284=EDGE_CURVE('',#5551,#5423,#436,.T.);
#6285=EDGE_CURVE('',#5422,#5552,#437,.T.);
#6286=EDGE_CURVE('',#5553,#5552,#438,.T.);
#6287=EDGE_CURVE('',#5554,#5553,#439,.T.);
#6288=EDGE_CURVE('',#5554,#5555,#440,.T.);
#6289=EDGE_CURVE('',#5555,#5556,#441,.T.);
#6290=EDGE_CURVE('',#5556,#5557,#442,.T.);
#6291=EDGE_CURVE('',#5557,#5558,#443,.T.);
#6292=EDGE_CURVE('',#5559,#5558,#444,.T.);
#6293=EDGE_CURVE('',#5559,#5560,#445,.T.);
#6294=EDGE_CURVE('',#5560,#5561,#446,.T.);
#6295=EDGE_CURVE('',#5561,#5546,#447,.T.);
#6296=EDGE_CURVE('',#5562,#5563,#448,.T.);
#6297=EDGE_CURVE('',#5562,#5564,#449,.T.);
#6298=EDGE_CURVE('',#5564,#5565,#450,.T.);
#6299=EDGE_CURVE('',#5565,#5563,#451,.T.);
#6300=EDGE_CURVE('',#5566,#5548,#452,.T.);
#6301=EDGE_CURVE('',#5566,#5567,#453,.T.);
#6302=EDGE_CURVE('',#5568,#5567,#454,.T.);
#6303=EDGE_CURVE('',#5568,#5569,#455,.T.);
#6304=EDGE_CURVE('',#5549,#5569,#456,.T.);
#6305=EDGE_CURVE('',#5570,#5571,#457,.T.);
#6306=EDGE_CURVE('',#5570,#5572,#244,.T.);
#6307=EDGE_CURVE('',#5572,#5547,#7237,.T.);
#6308=EDGE_CURVE('',#5571,#5546,#7238,.T.);
#6309=EDGE_CURVE('',#5564,#5573,#7239,.T.);
#6310=EDGE_CURVE('',#5573,#5574,#245,.T.);
#6311=EDGE_CURVE('',#5575,#5574,#458,.T.);
#6312=EDGE_CURVE('',#5565,#5575,#7240,.T.);
#6313=EDGE_CURVE('',#5510,#5478,#459,.T.);
#6314=EDGE_CURVE('',#5468,#5513,#460,.T.);
#6315=EDGE_CURVE('',#5478,#5468,#461,.T.);
#6316=EDGE_CURVE('',#5505,#5489,#462,.T.);
#6317=EDGE_CURVE('',#5479,#5508,#463,.T.);
#6318=EDGE_CURVE('',#5489,#5479,#464,.T.);
#6319=EDGE_CURVE('',#5500,#5461,#465,.T.);
#6320=EDGE_CURVE('',#5490,#5503,#466,.T.);
#6321=EDGE_CURVE('',#5461,#5490,#467,.T.);
#6322=EDGE_CURVE('',#5555,#5576,#468,.T.);
#6323=EDGE_CURVE('',#5577,#5554,#469,.T.);
#6324=EDGE_CURVE('',#5578,#5577,#470,.T.);
#6325=EDGE_CURVE('',#5579,#5578,#471,.T.);
#6326=EDGE_CURVE('',#5579,#5580,#472,.T.);
#6327=EDGE_CURVE('',#5580,#5581,#7241,.T.);
#6328=EDGE_CURVE('',#5581,#5582,#473,.T.);
#6329=EDGE_CURVE('',#5582,#5583,#474,.T.);
#6330=EDGE_CURVE('',#5583,#5584,#475,.T.);
#6331=EDGE_CURVE('',#5584,#5576,#476,.T.);
#6332=EDGE_CURVE('',#5530,#5585,#477,.T.);
#6333=EDGE_CURVE('',#5584,#5585,#478,.T.);
#6334=EDGE_CURVE('',#5583,#5586,#479,.T.);
#6335=EDGE_CURVE('',#5587,#5586,#480,.T.);
#6336=EDGE_CURVE('',#5587,#5421,#481,.T.);
#6337=EDGE_CURVE('',#5420,#5588,#482,.T.);
#6338=EDGE_CURVE('',#5588,#5589,#483,.T.);
#6339=EDGE_CURVE('',#5590,#5589,#484,.T.);
#6340=EDGE_CURVE('',#5525,#5590,#485,.T.);
#6341=EDGE_CURVE('',#5591,#5592,#486,.T.);
#6342=EDGE_CURVE('',#5593,#5591,#487,.T.);
#6343=EDGE_CURVE('',#5594,#5593,#488,.T.);
#6344=EDGE_CURVE('',#5594,#5592,#489,.T.);
#6345=EDGE_CURVE('',#5595,#5596,#490,.T.);
#6346=EDGE_CURVE('',#5595,#5597,#491,.T.);
#6347=EDGE_CURVE('',#5598,#5597,#492,.T.);
#6348=EDGE_CURVE('',#5596,#5598,#493,.T.);
#6349=EDGE_CURVE('',#5599,#5600,#494,.T.);
#6350=EDGE_CURVE('',#5600,#5601,#495,.T.);
#6351=EDGE_CURVE('',#5601,#5602,#496,.T.);
#6352=EDGE_CURVE('',#5602,#5603,#497,.T.);
#6353=EDGE_CURVE('',#5603,#5604,#498,.T.);
#6354=EDGE_CURVE('',#5604,#5605,#499,.T.);
#6355=EDGE_CURVE('',#5606,#5605,#500,.T.);
#6356=EDGE_CURVE('',#5606,#5531,#501,.T.);
#6357=EDGE_CURVE('',#5607,#5534,#502,.T.);
#6358=EDGE_CURVE('',#5608,#5607,#503,.T.);
#6359=EDGE_CURVE('',#5608,#5609,#504,.T.);
#6360=EDGE_CURVE('',#5609,#5610,#505,.T.);
#6361=EDGE_CURVE('',#5611,#5610,#506,.T.);
#6362=EDGE_CURVE('',#5611,#5612,#507,.T.);
#6363=EDGE_CURVE('',#5613,#5612,#508,.T.);
#6364=EDGE_CURVE('',#5614,#5613,#509,.T.);
#6365=EDGE_CURVE('',#5614,#5599,#510,.T.);
#6366=EDGE_CURVE('',#5615,#5616,#511,.T.);
#6367=EDGE_CURVE('',#5616,#5617,#512,.T.);
#6368=EDGE_CURVE('',#5617,#5618,#513,.T.);
#6369=EDGE_CURVE('',#5619,#5618,#514,.T.);
#6370=EDGE_CURVE('',#5619,#5620,#515,.T.);
#6371=EDGE_CURVE('',#5621,#5620,#516,.T.);
#6372=EDGE_CURVE('',#5621,#5622,#517,.T.);
#6373=EDGE_CURVE('',#5622,#5425,#518,.T.);
#6374=EDGE_CURVE('',#5424,#5623,#519,.T.);
#6375=EDGE_CURVE('',#5624,#5623,#520,.T.);
#6376=EDGE_CURVE('',#5625,#5624,#521,.T.);
#6377=EDGE_CURVE('',#5615,#5625,#522,.T.);
#6378=EDGE_CURVE('',#5622,#5611,#7242,.T.);
#6379=EDGE_CURVE('',#5610,#5588,#7243,.T.);
#6380=EDGE_CURVE('',#5626,#5626,#7244,.T.);
#6381=EDGE_CURVE('',#5627,#5627,#7245,.T.);
#6382=EDGE_CURVE('',#5628,#5629,#7246,.T.);
#6383=EDGE_CURVE('',#5628,#5630,#523,.T.);
#6384=EDGE_CURVE('',#5631,#5630,#7247,.T.);
#6385=EDGE_CURVE('',#5629,#5631,#524,.T.);
#6386=EDGE_CURVE('',#5629,#5632,#525,.T.);
#6387=EDGE_CURVE('',#5633,#5631,#526,.T.);
#6388=EDGE_CURVE('',#5632,#5633,#527,.T.);
#6389=EDGE_CURVE('',#5634,#5635,#528,.T.);
#6390=EDGE_CURVE('',#5636,#5634,#529,.T.);
#6391=EDGE_CURVE('',#5636,#5637,#246,.T.);
#6392=EDGE_CURVE('',#5638,#5637,#530,.T.);
#6393=EDGE_CURVE('',#5635,#5638,#531,.T.);
#6394=EDGE_CURVE('',#5635,#5639,#7248,.T.);
#6395=EDGE_CURVE('',#5640,#5638,#7249,.T.);
#6396=EDGE_CURVE('',#5639,#5640,#532,.T.);
#6397=EDGE_CURVE('',#5639,#5641,#533,.T.);
#6398=EDGE_CURVE('',#5642,#5640,#534,.T.);
#6399=EDGE_CURVE('',#5642,#5643,#247,.T.);
#6400=EDGE_CURVE('',#5643,#5641,#535,.T.);
#6401=EDGE_CURVE('',#5644,#5645,#536,.T.);
#6402=EDGE_CURVE('',#5646,#5644,#537,.T.);
#6403=EDGE_CURVE('',#5646,#5647,#248,.T.);
#6404=EDGE_CURVE('',#5648,#5647,#538,.T.);
#6405=EDGE_CURVE('',#5645,#5648,#539,.T.);
#6406=EDGE_CURVE('',#5645,#5649,#7250,.T.);
#6407=EDGE_CURVE('',#5650,#5648,#7251,.T.);
#6408=EDGE_CURVE('',#5649,#5650,#540,.T.);
#6409=EDGE_CURVE('',#5649,#5651,#541,.T.);
#6410=EDGE_CURVE('',#5652,#5650,#542,.T.);
#6411=EDGE_CURVE('',#5652,#5653,#249,.T.);
#6412=EDGE_CURVE('',#5653,#5651,#543,.T.);
#6413=EDGE_CURVE('',#5643,#5646,#7252,.T.);
#6414=EDGE_CURVE('',#5644,#5641,#7253,.T.);
#6415=EDGE_CURVE('',#5654,#5655,#544,.T.);
#6416=EDGE_CURVE('',#5655,#5636,#7254,.T.);
#6417=EDGE_CURVE('',#5634,#5654,#7255,.T.);
#6418=EDGE_CURVE('',#5656,#5657,#545,.T.);
#6419=EDGE_CURVE('',#5657,#5658,#7256,.T.);
#6420=EDGE_CURVE('',#5658,#5659,#546,.T.);
#6421=EDGE_CURVE('',#5659,#5660,#250,.T.);
#6422=EDGE_CURVE('',#5660,#5661,#547,.T.);
#6423=EDGE_CURVE('',#5661,#5662,#548,.T.);
#6424=EDGE_CURVE('',#5662,#5535,#549,.T.);
#6425=EDGE_CURVE('',#5536,#5663,#550,.T.);
#6426=EDGE_CURVE('',#5663,#5664,#551,.T.);
#6427=EDGE_CURVE('',#5665,#5664,#552,.T.);
#6428=EDGE_CURVE('',#5665,#5666,#553,.T.);
#6429=EDGE_CURVE('',#5666,#5667,#554,.T.);
#6430=EDGE_CURVE('',#5667,#5668,#7257,.T.);
#6431=EDGE_CURVE('',#5668,#5669,#555,.T.);
#6432=EDGE_CURVE('',#5669,#5575,#7258,.T.);
#6433=EDGE_CURVE('',#5574,#5670,#556,.T.);
#6434=EDGE_CURVE('',#5670,#5671,#557,.T.);
#6435=EDGE_CURVE('',#5671,#5570,#558,.T.);
#6436=EDGE_CURVE('',#5571,#5672,#559,.T.);
#6437=EDGE_CURVE('',#5673,#5672,#560,.T.);
#6438=EDGE_CURVE('',#5673,#5674,#561,.T.);
#6439=EDGE_CURVE('',#5674,#5675,#562,.T.);
#6440=EDGE_CURVE('',#5675,#5676,#563,.T.);
#6441=EDGE_CURVE('',#5676,#5656,#564,.T.);
#6442=EDGE_CURVE('',#5677,#5678,#7259,.T.);
#6443=EDGE_CURVE('',#5677,#5679,#7260,.T.);
#6444=EDGE_CURVE('',#5680,#5679,#7261,.T.);
#6445=EDGE_CURVE('',#5681,#5680,#565,.T.);
#6446=EDGE_CURVE('',#5681,#5682,#7262,.T.);
#6447=EDGE_CURVE('',#5682,#5683,#566,.T.);
#6448=EDGE_CURVE('',#5684,#5683,#7263,.T.);
#6449=EDGE_CURVE('',#5685,#5684,#567,.T.);
#6450=EDGE_CURVE('',#5685,#5686,#7264,.T.);
#6451=EDGE_CURVE('',#5686,#5687,#568,.T.);
#6452=EDGE_CURVE('',#5688,#5687,#7265,.T.);
#6453=EDGE_CURVE('',#5688,#5689,#7266,.T.);
#6454=EDGE_CURVE('',#5690,#5689,#7267,.T.);
#6455=EDGE_CURVE('',#5690,#5691,#569,.T.);
#6456=EDGE_CURVE('',#5691,#5692,#7268,.T.);
#6457=EDGE_CURVE('',#5693,#5692,#570,.T.);
#6458=EDGE_CURVE('',#5694,#5693,#7269,.T.);
#6459=EDGE_CURVE('',#5694,#5695,#7270,.T.);
#6460=EDGE_CURVE('',#5696,#5695,#7271,.T.);
#6461=EDGE_CURVE('',#5696,#5697,#571,.T.);
#6462=EDGE_CURVE('',#5697,#5698,#7272,.T.);
#6463=EDGE_CURVE('',#5699,#5698,#572,.T.);
#6464=EDGE_CURVE('',#5700,#5699,#7273,.T.);
#6465=EDGE_CURVE('',#5700,#5654,#7274,.T.);
#6466=EDGE_CURVE('',#5701,#5651,#7275,.T.);
#6467=EDGE_CURVE('',#5701,#5702,#7276,.T.);
#6468=EDGE_CURVE('',#5703,#5702,#7277,.T.);
#6469=EDGE_CURVE('',#5704,#5703,#573,.T.);
#6470=EDGE_CURVE('',#5704,#5705,#7278,.T.);
#6471=EDGE_CURVE('',#5706,#5705,#574,.T.);
#6472=EDGE_CURVE('',#5707,#5706,#7279,.T.);
#6473=EDGE_CURVE('',#5708,#5707,#575,.T.);
#6474=EDGE_CURVE('',#5708,#5709,#7280,.T.);
#6475=EDGE_CURVE('',#5710,#5709,#576,.T.);
#6476=EDGE_CURVE('',#5711,#5710,#7281,.T.);
#6477=EDGE_CURVE('',#5711,#5712,#7282,.T.);
#6478=EDGE_CURVE('',#5713,#5712,#7283,.T.);
#6479=EDGE_CURVE('',#5713,#5714,#577,.T.);
#6480=EDGE_CURVE('',#5714,#5715,#7284,.T.);
#6481=EDGE_CURVE('',#5716,#5715,#578,.T.);
#6482=EDGE_CURVE('',#5717,#5716,#7285,.T.);
#6483=EDGE_CURVE('',#5717,#5718,#7286,.T.);
#6484=EDGE_CURVE('',#5719,#5718,#7287,.T.);
#6485=EDGE_CURVE('',#5719,#5720,#579,.T.);
#6486=EDGE_CURVE('',#5720,#5721,#7288,.T.);
#6487=EDGE_CURVE('',#5722,#5721,#580,.T.);
#6488=EDGE_CURVE('',#5723,#5722,#7289,.T.);
#6489=EDGE_CURVE('',#5723,#5724,#7290,.T.);
#6490=EDGE_CURVE('',#5725,#5724,#7291,.T.);
#6491=EDGE_CURVE('',#5725,#5726,#581,.T.);
#6492=EDGE_CURVE('',#5726,#5727,#7292,.T.);
#6493=EDGE_CURVE('',#5727,#5728,#582,.T.);
#6494=EDGE_CURVE('',#5729,#5728,#7293,.T.);
#6495=EDGE_CURVE('',#5729,#5730,#583,.T.);
#6496=EDGE_CURVE('',#5730,#5731,#7294,.T.);
#6497=EDGE_CURVE('',#5731,#5678,#584,.T.);
#6498=EDGE_CURVE('',#5732,#5733,#585,.T.);
#6499=EDGE_CURVE('',#5732,#5734,#7295,.T.);
#6500=EDGE_CURVE('',#5734,#5735,#7296,.T.);
#6501=EDGE_CURVE('',#5735,#5736,#7297,.T.);
#6502=EDGE_CURVE('',#5736,#5737,#586,.T.);
#6503=EDGE_CURVE('',#5737,#5738,#7298,.T.);
#6504=EDGE_CURVE('',#5738,#5739,#587,.T.);
#6505=EDGE_CURVE('',#5739,#5740,#7299,.T.);
#6506=EDGE_CURVE('',#5740,#5741,#588,.T.);
#6507=EDGE_CURVE('',#5741,#5742,#7300,.T.);
#6508=EDGE_CURVE('',#5742,#5743,#589,.T.);
#6509=EDGE_CURVE('',#5743,#5744,#7301,.T.);
#6510=EDGE_CURVE('',#5744,#5745,#7302,.T.);
#6511=EDGE_CURVE('',#5745,#5746,#7303,.T.);
#6512=EDGE_CURVE('',#5747,#5746,#590,.T.);
#6513=EDGE_CURVE('',#5748,#5747,#7304,.T.);
#6514=EDGE_CURVE('',#5748,#5749,#591,.T.);
#6515=EDGE_CURVE('',#5749,#5750,#7305,.T.);
#6516=EDGE_CURVE('',#5750,#5751,#7306,.T.);
#6517=EDGE_CURVE('',#5751,#5752,#7307,.T.);
#6518=EDGE_CURVE('',#5753,#5752,#592,.T.);
#6519=EDGE_CURVE('',#5753,#5754,#7308,.T.);
#6520=EDGE_CURVE('',#5754,#5755,#593,.T.);
#6521=EDGE_CURVE('',#5755,#5756,#7309,.T.);
#6522=EDGE_CURVE('',#5756,#5757,#7310,.T.);
#6523=EDGE_CURVE('',#5757,#5758,#7311,.T.);
#6524=EDGE_CURVE('',#5759,#5758,#594,.T.);
#6525=EDGE_CURVE('',#5760,#5759,#7312,.T.);
#6526=EDGE_CURVE('',#5761,#5760,#595,.T.);
#6527=EDGE_CURVE('',#5761,#5762,#7313,.T.);
#6528=EDGE_CURVE('',#5763,#5762,#596,.T.);
#6529=EDGE_CURVE('',#5764,#5763,#7314,.T.);
#6530=EDGE_CURVE('',#5765,#5764,#597,.T.);
#6531=EDGE_CURVE('',#5765,#5766,#7315,.T.);
#6532=EDGE_CURVE('',#5766,#5767,#7316,.T.);
#6533=EDGE_CURVE('',#5767,#5652,#7317,.T.);
#6534=EDGE_CURVE('',#5647,#5642,#7318,.T.);
#6535=EDGE_CURVE('',#5637,#5768,#7319,.T.);
#6536=EDGE_CURVE('',#5768,#5769,#7320,.T.);
#6537=EDGE_CURVE('',#5769,#5770,#7321,.T.);
#6538=EDGE_CURVE('',#5771,#5770,#598,.T.);
#6539=EDGE_CURVE('',#5772,#5771,#7322,.T.);
#6540=EDGE_CURVE('',#5772,#5773,#599,.T.);
#6541=EDGE_CURVE('',#5773,#5774,#7323,.T.);
#6542=EDGE_CURVE('',#5774,#5775,#7324,.T.);
#6543=EDGE_CURVE('',#5775,#5776,#7325,.T.);
#6544=EDGE_CURVE('',#5777,#5776,#600,.T.);
#6545=EDGE_CURVE('',#5777,#5778,#7326,.T.);
#6546=EDGE_CURVE('',#5778,#5779,#601,.T.);
#6547=EDGE_CURVE('',#5779,#5780,#7327,.T.);
#6548=EDGE_CURVE('',#5780,#5781,#7328,.T.);
#6549=EDGE_CURVE('',#5781,#5782,#7329,.T.);
#6550=EDGE_CURVE('',#5783,#5782,#602,.T.);
#6551=EDGE_CURVE('',#5784,#5783,#7330,.T.);
#6552=EDGE_CURVE('',#5785,#5784,#603,.T.);
#6553=EDGE_CURVE('',#5785,#5786,#7331,.T.);
#6554=EDGE_CURVE('',#5787,#5786,#604,.T.);
#6555=EDGE_CURVE('',#5733,#5787,#7332,.T.);
#6556=EDGE_CURVE('',#5630,#5788,#605,.T.);
#6557=EDGE_CURVE('',#5789,#5788,#606,.T.);
#6558=EDGE_CURVE('',#5790,#5789,#7333,.T.);
#6559=EDGE_CURVE('',#5791,#5790,#607,.T.);
#6560=EDGE_CURVE('',#5791,#5792,#608,.T.);
#6561=EDGE_CURVE('',#5792,#5793,#7334,.T.);
#6562=EDGE_CURVE('',#5793,#5514,#609,.T.);
#6563=EDGE_CURVE('',#5794,#5517,#7335,.T.);
#6564=EDGE_CURVE('',#5633,#5794,#610,.T.);
#6565=EDGE_CURVE('',#5795,#5796,#611,.T.);
#6566=EDGE_CURVE('',#5795,#5797,#612,.T.);
#6567=EDGE_CURVE('',#5797,#5798,#7336,.T.);
#6568=EDGE_CURVE('',#5798,#5799,#613,.T.);
#6569=EDGE_CURVE('',#5800,#5799,#614,.T.);
#6570=EDGE_CURVE('',#5801,#5800,#7337,.T.);
#6571=EDGE_CURVE('',#5802,#5801,#615,.T.);
#6572=EDGE_CURVE('',#5802,#5803,#616,.T.);
#6573=EDGE_CURVE('',#5803,#5804,#7338,.T.);
#6574=EDGE_CURVE('',#5804,#5805,#617,.T.);
#6575=EDGE_CURVE('',#5806,#5805,#618,.T.);
#6576=EDGE_CURVE('',#5796,#5806,#7339,.T.);
#6577=EDGE_CURVE('',#5807,#5807,#7340,.T.);
#6578=EDGE_CURVE('',#5808,#5808,#7341,.T.);
#6579=EDGE_CURVE('',#5809,#5809,#7342,.T.);
#6580=EDGE_CURVE('',#5810,#5811,#619,.T.);
#6581=EDGE_CURVE('',#5810,#5812,#620,.T.);
#6582=EDGE_CURVE('',#5812,#5521,#7343,.T.);
#6583=EDGE_CURVE('',#5813,#5520,#621,.T.);
#6584=EDGE_CURVE('',#5814,#5813,#7344,.T.);
#6585=EDGE_CURVE('',#5815,#5814,#622,.T.);
#6586=EDGE_CURVE('',#5815,#5816,#623,.T.);
#6587=EDGE_CURVE('',#5816,#5817,#7345,.T.);
#6588=EDGE_CURVE('',#5817,#5818,#624,.T.);
#6589=EDGE_CURVE('',#5819,#5818,#625,.T.);
#6590=EDGE_CURVE('',#5811,#5819,#7346,.T.);
#6591=EDGE_CURVE('',#5820,#5820,#7347,.T.);
#6592=EDGE_CURVE('',#5821,#5821,#7348,.T.);
#6593=EDGE_CURVE('',#5822,#5822,#7349,.T.);
#6594=EDGE_CURVE('',#5823,#5823,#7350,.T.);
#6595=EDGE_CURVE('',#5824,#5628,#626,.T.);
#6596=EDGE_CURVE('',#5824,#5788,#627,.T.);
#6597=EDGE_CURVE('',#5653,#5825,#7351,.T.);
#6598=EDGE_CURVE('',#5825,#5701,#628,.T.);
#6599=EDGE_CURVE('',#5826,#5683,#629,.T.);
#6600=EDGE_CURVE('',#5682,#5787,#630,.T.);
#6601=EDGE_CURVE('',#5786,#5826,#251,.T.);
#6602=EDGE_CURVE('',#5681,#5733,#631,.T.);
#6603=EDGE_CURVE('',#5827,#5680,#632,.T.);
#6604=EDGE_CURVE('',#5827,#5732,#252,.T.);
#6605=EDGE_CURVE('',#5685,#5784,#633,.T.);
#6606=EDGE_CURVE('',#5828,#5684,#634,.T.);
#6607=EDGE_CURVE('',#5828,#5785,#253,.T.);
#6608=EDGE_CURVE('',#5829,#5687,#635,.T.);
#6609=EDGE_CURVE('',#5686,#5783,#636,.T.);
#6610=EDGE_CURVE('',#5782,#5829,#254,.T.);
#6611=EDGE_CURVE('',#5805,#5830,#637,.T.);
#6612=EDGE_CURVE('',#5830,#5831,#638,.T.);
#6613=EDGE_CURVE('',#5831,#5806,#639,.T.);
#6614=EDGE_CURVE('',#5832,#5831,#7352,.T.);
#6615=EDGE_CURVE('',#5832,#5796,#640,.T.);
#6616=EDGE_CURVE('',#5833,#5833,#7353,.T.);
#6617=EDGE_CURVE('',#5679,#5834,#641,.T.);
#6618=EDGE_CURVE('',#5834,#5827,#7354,.T.);
#6619=EDGE_CURVE('',#5829,#5835,#7355,.T.);
#6620=EDGE_CURVE('',#5835,#5688,#642,.T.);
#6621=EDGE_CURVE('',#5826,#5828,#7356,.T.);
#6622=EDGE_CURVE('',#5832,#5836,#643,.T.);
#6623=EDGE_CURVE('',#5795,#5836,#644,.T.);
#6624=EDGE_CURVE('',#5837,#5837,#7357,.T.);
#6625=EDGE_CURVE('',#5838,#5725,#645,.T.);
#6626=EDGE_CURVE('',#5838,#5743,#255,.T.);
#6627=EDGE_CURVE('',#5726,#5742,#646,.T.);
#6628=EDGE_CURVE('',#5727,#5741,#647,.T.);
#6629=EDGE_CURVE('',#5740,#5839,#256,.T.);
#6630=EDGE_CURVE('',#5839,#5728,#648,.T.);
#6631=EDGE_CURVE('',#5839,#5840,#7358,.T.);
#6632=EDGE_CURVE('',#5840,#5729,#649,.T.);
#6633=EDGE_CURVE('',#5840,#5739,#257,.T.);
#6634=EDGE_CURVE('',#5730,#5738,#650,.T.);
#6635=EDGE_CURVE('',#5731,#5737,#651,.T.);
#6636=EDGE_CURVE('',#5736,#5841,#258,.T.);
#6637=EDGE_CURVE('',#5841,#5678,#652,.T.);
#6638=EDGE_CURVE('',#5841,#5842,#7359,.T.);
#6639=EDGE_CURVE('',#5842,#5677,#653,.T.);
#6640=EDGE_CURVE('',#5830,#5843,#654,.T.);
#6641=EDGE_CURVE('',#5843,#5804,#655,.T.);
#6642=EDGE_CURVE('',#5843,#5844,#7360,.T.);
#6643=EDGE_CURVE('',#5844,#5803,#656,.T.);
#6644=EDGE_CURVE('',#5724,#5845,#657,.T.);
#6645=EDGE_CURVE('',#5845,#5838,#7361,.T.);
#6646=EDGE_CURVE('',#5844,#5846,#658,.T.);
#6647=EDGE_CURVE('',#5846,#5802,#659,.T.);
#6648=EDGE_CURVE('',#5702,#5847,#660,.T.);
#6649=EDGE_CURVE('',#5847,#5848,#7362,.T.);
#6650=EDGE_CURVE('',#5848,#5703,#661,.T.);
#6651=EDGE_CURVE('',#5704,#5764,#662,.T.);
#6652=EDGE_CURVE('',#5848,#5765,#259,.T.);
#6653=EDGE_CURVE('',#5705,#5763,#663,.T.);
#6654=EDGE_CURVE('',#5849,#5706,#664,.T.);
#6655=EDGE_CURVE('',#5762,#5849,#260,.T.);
#6656=EDGE_CURVE('',#5849,#5850,#7363,.T.);
#6657=EDGE_CURVE('',#5850,#5707,#665,.T.);
#6658=EDGE_CURVE('',#5708,#5760,#666,.T.);
#6659=EDGE_CURVE('',#5850,#5761,#261,.T.);
#6660=EDGE_CURVE('',#5709,#5759,#667,.T.);
#6661=EDGE_CURVE('',#5851,#5851,#7364,.T.);
#6662=EDGE_CURVE('',#5852,#5853,#7365,.T.);
#6663=EDGE_CURVE('',#5852,#5790,#668,.T.);
#6664=EDGE_CURVE('',#5853,#5789,#669,.T.);
#6665=EDGE_CURVE('',#5824,#5853,#670,.T.);
#6666=EDGE_CURVE('',#5854,#5710,#671,.T.);
#6667=EDGE_CURVE('',#5758,#5854,#262,.T.);
#6668=EDGE_CURVE('',#5854,#5855,#7366,.T.);
#6669=EDGE_CURVE('',#5855,#5711,#672,.T.);
#6670=EDGE_CURVE('',#5852,#5856,#673,.T.);
#6671=EDGE_CURVE('',#5791,#5856,#674,.T.);
#6672=EDGE_CURVE('',#5691,#5778,#675,.T.);
#6673=EDGE_CURVE('',#5692,#5777,#676,.T.);
#6674=EDGE_CURVE('',#5857,#5693,#677,.T.);
#6675=EDGE_CURVE('',#5776,#5857,#263,.T.);
#6676=EDGE_CURVE('',#5857,#5858,#7367,.T.);
#6677=EDGE_CURVE('',#5858,#5694,#678,.T.);
#6678=EDGE_CURVE('',#5859,#5811,#679,.T.);
#6679=EDGE_CURVE('',#5859,#5860,#680,.T.);
#6680=EDGE_CURVE('',#5810,#5860,#681,.T.);
#6681=EDGE_CURVE('',#5859,#5861,#7368,.T.);
#6682=EDGE_CURVE('',#5861,#5819,#682,.T.);
#6683=EDGE_CURVE('',#5818,#5862,#683,.T.);
#6684=EDGE_CURVE('',#5862,#5861,#684,.T.);
#6685=EDGE_CURVE('',#5863,#5863,#7369,.T.);
#6686=EDGE_CURVE('',#5864,#5690,#685,.T.);
#6687=EDGE_CURVE('',#5864,#5779,#264,.T.);
#6688=EDGE_CURVE('',#5865,#5866,#7370,.T.);
#6689=EDGE_CURVE('',#5865,#5798,#686,.T.);
#6690=EDGE_CURVE('',#5866,#5797,#687,.T.);
#6691=EDGE_CURVE('',#5867,#5865,#688,.T.);
#6692=EDGE_CURVE('',#5867,#5799,#689,.T.);
#6693=EDGE_CURVE('',#5866,#5836,#690,.T.);
#6694=EDGE_CURVE('',#5689,#5868,#691,.T.);
#6695=EDGE_CURVE('',#5868,#5864,#7371,.T.);
#6696=EDGE_CURVE('',#5869,#5869,#7372,.T.);
#6697=EDGE_CURVE('',#5870,#5719,#692,.T.);
#6698=EDGE_CURVE('',#5870,#5749,#265,.T.);
#6699=EDGE_CURVE('',#5720,#5748,#693,.T.);
#6700=EDGE_CURVE('',#5721,#5747,#694,.T.);
#6701=EDGE_CURVE('',#5871,#5722,#695,.T.);
#6702=EDGE_CURVE('',#5746,#5871,#266,.T.);
#6703=EDGE_CURVE('',#5872,#5801,#696,.T.);
#6704=EDGE_CURVE('',#5872,#5846,#697,.T.);
#6705=EDGE_CURVE('',#5872,#5873,#7373,.T.);
#6706=EDGE_CURVE('',#5873,#5800,#698,.T.);
#6707=EDGE_CURVE('',#5867,#5873,#699,.T.);
#6708=EDGE_CURVE('',#5862,#5874,#700,.T.);
#6709=EDGE_CURVE('',#5874,#5817,#701,.T.);
#6710=EDGE_CURVE('',#5874,#5875,#7374,.T.);
#6711=EDGE_CURVE('',#5875,#5816,#702,.T.);
#6712=EDGE_CURVE('',#5871,#5876,#7375,.T.);
#6713=EDGE_CURVE('',#5876,#5723,#703,.T.);
#6714=EDGE_CURVE('',#5875,#5877,#704,.T.);
#6715=EDGE_CURVE('',#5877,#5815,#705,.T.);
#6716=EDGE_CURVE('',#5718,#5878,#706,.T.);
#6717=EDGE_CURVE('',#5878,#5870,#7376,.T.);
#6718=EDGE_CURVE('',#5697,#5772,#707,.T.);
#6719=EDGE_CURVE('',#5698,#5771,#708,.T.);
#6720=EDGE_CURVE('',#5879,#5699,#709,.T.);
#6721=EDGE_CURVE('',#5770,#5879,#267,.T.);
#6722=EDGE_CURVE('',#5879,#5880,#7377,.T.);
#6723=EDGE_CURVE('',#5880,#5700,#710,.T.);
#6724=EDGE_CURVE('',#5881,#5794,#711,.T.);
#6725=EDGE_CURVE('',#5881,#5632,#712,.T.);
#6726=EDGE_CURVE('',#5881,#5516,#7378,.T.);
#6727=EDGE_CURVE('',#5882,#5882,#7379,.T.);
#6728=EDGE_CURVE('',#5519,#5883,#7380,.T.);
#6729=EDGE_CURVE('',#5883,#5812,#713,.T.);
#6730=EDGE_CURVE('',#5884,#5696,#714,.T.);
#6731=EDGE_CURVE('',#5884,#5773,#268,.T.);
#6732=EDGE_CURVE('',#5883,#5860,#715,.T.);
#6733=EDGE_CURVE('',#5695,#5885,#716,.T.);
#6734=EDGE_CURVE('',#5885,#5884,#7381,.T.);
#6735=EDGE_CURVE('',#5712,#5886,#717,.T.);
#6736=EDGE_CURVE('',#5886,#5887,#7382,.T.);
#6737=EDGE_CURVE('',#5887,#5713,#718,.T.);
#6738=EDGE_CURVE('',#5887,#5755,#269,.T.);
#6739=EDGE_CURVE('',#5714,#5754,#719,.T.);
#6740=EDGE_CURVE('',#5715,#5753,#720,.T.);
#6741=EDGE_CURVE('',#5888,#5716,#721,.T.);
#6742=EDGE_CURVE('',#5752,#5888,#270,.T.);
#6743=EDGE_CURVE('',#5888,#5889,#7383,.T.);
#6744=EDGE_CURVE('',#5889,#5717,#722,.T.);
#6745=EDGE_CURVE('',#5890,#5890,#7384,.T.);
#6746=EDGE_CURVE('',#5891,#5856,#723,.T.);
#6747=EDGE_CURVE('',#5891,#5792,#724,.T.);
#6748=EDGE_CURVE('',#5892,#5891,#7385,.T.);
#6749=EDGE_CURVE('',#5892,#5793,#725,.T.);
#6750=EDGE_CURVE('',#5893,#5894,#7386,.T.);
#6751=EDGE_CURVE('',#5893,#5814,#726,.T.);
#6752=EDGE_CURVE('',#5894,#5813,#727,.T.);
#6753=EDGE_CURVE('',#5893,#5877,#728,.T.);
#6754=EDGE_CURVE('',#5515,#5892,#729,.T.);
#6755=EDGE_CURVE('',#5518,#5894,#730,.T.);
#6756=EDGE_CURVE('',#5895,#5896,#731,.T.);
#6757=EDGE_CURVE('',#5896,#5897,#732,.T.);
#6758=EDGE_CURVE('',#5898,#5897,#733,.T.);
#6759=EDGE_CURVE('',#5895,#5898,#734,.T.);
#6760=EDGE_CURVE('',#5899,#5896,#735,.T.);
#6761=EDGE_CURVE('',#5900,#5899,#736,.T.);
#6762=EDGE_CURVE('',#5897,#5900,#737,.T.);
#6763=EDGE_CURVE('',#5901,#5902,#738,.T.);
#6764=EDGE_CURVE('',#5903,#5901,#739,.T.);
#6765=EDGE_CURVE('',#5904,#5903,#740,.T.);
#6766=EDGE_CURVE('',#5904,#5905,#741,.T.);
#6767=EDGE_CURVE('',#5905,#5902,#742,.T.);
#6768=EDGE_CURVE('',#5906,#5533,#743,.T.);
#6769=EDGE_CURVE('',#5906,#5907,#744,.T.);
#6770=EDGE_CURVE('',#5903,#5907,#745,.T.);
#6771=EDGE_CURVE('',#5607,#5901,#746,.T.);
#6772=EDGE_CURVE('',#5905,#5595,#747,.T.);
#6773=EDGE_CURVE('',#5908,#5904,#748,.T.);
#6774=EDGE_CURVE('',#5899,#5908,#749,.T.);
#6775=EDGE_CURVE('',#5597,#5895,#750,.T.);
#6776=EDGE_CURVE('',#5908,#5907,#751,.T.);
#6777=EDGE_CURVE('',#5908,#5909,#752,.T.);
#6778=EDGE_CURVE('',#5909,#5910,#7387,.T.);
#6779=EDGE_CURVE('',#5910,#5911,#753,.T.);
#6780=EDGE_CURVE('',#5911,#5590,#754,.T.);
#6781=EDGE_CURVE('',#5589,#5609,#7388,.T.);
#6782=EDGE_CURVE('',#5900,#5608,#755,.T.);
#6783=EDGE_CURVE('',#5902,#5596,#756,.T.);
#6784=EDGE_CURVE('',#5598,#5898,#757,.T.);
#6785=EDGE_CURVE('',#5912,#5913,#758,.T.);
#6786=EDGE_CURVE('',#5912,#5914,#7389,.T.);
#6787=EDGE_CURVE('',#5914,#5915,#759,.T.);
#6788=EDGE_CURVE('',#5913,#5915,#7390,.T.);
#6789=EDGE_CURVE('',#5913,#5916,#760,.T.);
#6790=EDGE_CURVE('',#5917,#5916,#761,.T.);
#6791=EDGE_CURVE('',#5912,#5917,#762,.T.);
#6792=EDGE_CURVE('',#5918,#5919,#763,.T.);
#6793=EDGE_CURVE('',#5919,#5920,#764,.T.);
#6794=EDGE_CURVE('',#5921,#5920,#765,.T.);
#6795=EDGE_CURVE('',#5915,#5921,#766,.T.);
#6796=EDGE_CURVE('',#5922,#5914,#767,.T.);
#6797=EDGE_CURVE('',#5923,#5922,#768,.T.);
#6798=EDGE_CURVE('',#5924,#5923,#769,.T.);
#6799=EDGE_CURVE('',#5924,#5925,#7391,.T.);
#6800=EDGE_CURVE('',#5925,#5926,#770,.T.);
#6801=EDGE_CURVE('',#5926,#5927,#7392,.T.);
#6802=EDGE_CURVE('',#5928,#5927,#771,.T.);
#6803=EDGE_CURVE('',#5602,#5928,#7393,.T.);
#6804=EDGE_CURVE('',#5601,#5666,#7394,.T.);
#6805=EDGE_CURVE('',#5929,#5665,#7395,.T.);
#6806=EDGE_CURVE('',#5930,#5929,#772,.T.);
#6807=EDGE_CURVE('',#5930,#5931,#773,.T.);
#6808=EDGE_CURVE('',#5931,#5932,#7396,.T.);
#6809=EDGE_CURVE('',#5933,#5932,#774,.T.);
#6810=EDGE_CURVE('',#5933,#5934,#775,.T.);
#6811=EDGE_CURVE('',#5935,#5934,#7397,.T.);
#6812=EDGE_CURVE('',#5936,#5935,#776,.T.);
#6813=EDGE_CURVE('',#5937,#5936,#7398,.T.);
#6814=EDGE_CURVE('',#5938,#5937,#777,.T.);
#6815=EDGE_CURVE('',#5938,#5939,#7399,.T.);
#6816=EDGE_CURVE('',#5918,#5939,#778,.T.);
#6817=EDGE_CURVE('',#5940,#5941,#779,.T.);
#6818=EDGE_CURVE('',#5941,#5942,#780,.T.);
#6819=EDGE_CURVE('',#5942,#5943,#781,.T.);
#6820=EDGE_CURVE('',#5940,#5943,#782,.T.);
#6821=EDGE_CURVE('',#5940,#5919,#7400,.T.);
#6822=EDGE_CURVE('',#5943,#5920,#1787,.T.);
#6823=EDGE_CURVE('',#5944,#5945,#783,.T.);
#6824=EDGE_CURVE('',#5946,#5944,#784,.T.);
#6825=EDGE_CURVE('',#5946,#5947,#785,.T.);
#6826=EDGE_CURVE('',#5947,#5945,#786,.T.);
#6827=EDGE_CURVE('',#5948,#5946,#787,.T.);
#6828=EDGE_CURVE('',#5948,#5949,#788,.T.);
#6829=EDGE_CURVE('',#5947,#5949,#789,.T.);
#6830=EDGE_CURVE('',#5921,#5950,#790,.T.);
#6831=EDGE_CURVE('',#5916,#5950,#791,.T.);
#6832=EDGE_CURVE('',#5951,#5950,#792,.T.);
#6833=EDGE_CURVE('',#5951,#5917,#793,.T.);
#6834=EDGE_CURVE('',#5922,#5951,#794,.T.);
#6835=EDGE_CURVE('',#5952,#5953,#795,.T.);
#6836=EDGE_CURVE('',#5953,#5954,#796,.T.);
#6837=EDGE_CURVE('',#5954,#5952,#7401,.T.);
#6838=EDGE_CURVE('',#5955,#5953,#797,.T.);
#6839=EDGE_CURVE('',#5955,#5956,#798,.T.);
#6840=EDGE_CURVE('',#5954,#5956,#799,.T.);
#6841=EDGE_CURVE('',#5952,#5934,#800,.T.);
#6842=EDGE_CURVE('',#5956,#5957,#7402,.T.);
#6843=EDGE_CURVE('',#5935,#5957,#801,.T.);
#6844=EDGE_CURVE('',#5958,#5936,#802,.T.);
#6845=EDGE_CURVE('',#5957,#5958,#803,.T.);
#6846=EDGE_CURVE('',#5959,#5937,#804,.T.);
#6847=EDGE_CURVE('',#5959,#5958,#7403,.T.);
#6848=EDGE_CURVE('',#5938,#5960,#805,.T.);
#6849=EDGE_CURVE('',#5959,#5960,#806,.T.);
#6850=EDGE_CURVE('',#5960,#5961,#7404,.T.);
#6851=EDGE_CURVE('',#5939,#5961,#807,.T.);
#6852=EDGE_CURVE('',#5918,#5962,#808,.T.);
#6853=EDGE_CURVE('',#5961,#5962,#809,.T.);
#6854=EDGE_CURVE('',#5962,#5963,#810,.T.);
#6855=EDGE_CURVE('',#5963,#5941,#7405,.T.);
#6856=EDGE_CURVE('',#5963,#5964,#811,.T.);
#6857=EDGE_CURVE('',#5964,#5942,#1788,.T.);
#6858=EDGE_CURVE('',#5965,#5964,#812,.T.);
#6859=EDGE_CURVE('',#5965,#5921,#813,.T.);
#6860=EDGE_CURVE('',#5966,#5965,#814,.T.);
#6861=EDGE_CURVE('',#5945,#5966,#7406,.T.);
#6862=EDGE_CURVE('',#5949,#5965,#815,.T.);
#6863=EDGE_CURVE('',#5967,#5966,#816,.T.);
#6864=EDGE_CURVE('',#5944,#5967,#7407,.T.);
#6865=EDGE_CURVE('',#5968,#5967,#817,.T.);
#6866=EDGE_CURVE('',#5948,#5968,#818,.T.);
#6867=EDGE_CURVE('',#5969,#5968,#819,.T.);
#6868=EDGE_CURVE('',#5923,#5969,#820,.T.);
#6869=EDGE_CURVE('',#5924,#5970,#821,.T.);
#6870=EDGE_CURVE('',#5969,#5970,#822,.T.);
#6871=EDGE_CURVE('',#5971,#5970,#7408,.T.);
#6872=EDGE_CURVE('',#5925,#5971,#823,.T.);
#6873=EDGE_CURVE('',#5928,#5972,#824,.T.);
#6874=EDGE_CURVE('',#5973,#5927,#825,.T.);
#6875=EDGE_CURVE('',#5972,#5973,#826,.T.);
#6876=EDGE_CURVE('',#5926,#5974,#827,.T.);
#6877=EDGE_CURVE('',#5974,#5973,#7409,.T.);
#6878=EDGE_CURVE('',#5971,#5974,#828,.T.);
#6879=EDGE_CURVE('',#5933,#5975,#829,.T.);
#6880=EDGE_CURVE('',#5975,#5955,#830,.T.);
#6881=EDGE_CURVE('',#5976,#5932,#831,.T.);
#6882=EDGE_CURVE('',#5975,#5976,#832,.T.);
#6883=EDGE_CURVE('',#5977,#5931,#833,.T.);
#6884=EDGE_CURVE('',#5977,#5976,#7410,.T.);
#6885=EDGE_CURVE('',#5930,#5978,#834,.T.);
#6886=EDGE_CURVE('',#5978,#5977,#835,.T.);
#6887=EDGE_CURVE('',#5979,#5929,#836,.T.);
#6888=EDGE_CURVE('',#5978,#5979,#837,.T.);
#6889=EDGE_CURVE('',#5979,#5664,#7411,.T.);
#6890=EDGE_CURVE('',#5603,#5980,#7412,.T.);
#6891=EDGE_CURVE('',#5980,#5604,#838,.T.);
#6892=EDGE_CURVE('',#5980,#5981,#839,.T.);
#6893=EDGE_CURVE('',#5981,#5605,#840,.T.);
#6894=EDGE_CURVE('',#5981,#5972,#7413,.T.);
#6895=EDGE_CURVE('',#5663,#5606,#7414,.T.);
#6896=EDGE_CURVE('',#5982,#5983,#841,.T.);
#6897=EDGE_CURVE('',#5984,#5982,#842,.T.);
#6898=EDGE_CURVE('',#5985,#5984,#843,.T.);
#6899=EDGE_CURVE('',#5983,#5985,#844,.T.);
#6900=EDGE_CURVE('',#5984,#5986,#845,.T.);
#6901=EDGE_CURVE('',#5982,#5987,#846,.T.);
#6902=EDGE_CURVE('',#5987,#5986,#847,.T.);
#6903=EDGE_CURVE('',#5988,#5989,#848,.T.);
#6904=EDGE_CURVE('',#5990,#5988,#849,.T.);
#6905=EDGE_CURVE('',#5990,#5991,#850,.T.);
#6906=EDGE_CURVE('',#5992,#5991,#851,.T.);
#6907=EDGE_CURVE('',#5992,#5989,#852,.T.);
#6908=EDGE_CURVE('',#5592,#5990,#853,.T.);
#6909=EDGE_CURVE('',#5987,#5594,#854,.T.);
#6910=EDGE_CURVE('',#5993,#5983,#855,.T.);
#6911=EDGE_CURVE('',#5991,#5993,#856,.T.);
#6912=EDGE_CURVE('',#5994,#5995,#857,.T.);
#6913=EDGE_CURVE('',#5995,#5996,#7415,.T.);
#6914=EDGE_CURVE('',#5996,#5997,#858,.T.);
#6915=EDGE_CURVE('',#5997,#5619,#859,.T.);
#6916=EDGE_CURVE('',#5618,#5599,#7416,.T.);
#6917=EDGE_CURVE('',#5989,#5614,#860,.T.);
#6918=EDGE_CURVE('',#5994,#5992,#861,.T.);
#6919=EDGE_CURVE('',#5613,#5985,#862,.T.);
#6920=EDGE_CURVE('',#5986,#5593,#863,.T.);
#6921=EDGE_CURVE('',#5591,#5988,#864,.T.);
#6922=EDGE_CURVE('',#5998,#5999,#865,.T.);
#6923=EDGE_CURVE('',#5999,#6000,#7417,.T.);
#6924=EDGE_CURVE('',#6000,#5993,#866,.T.);
#6925=EDGE_CURVE('',#5612,#5621,#7418,.T.);
#6926=EDGE_CURVE('',#5620,#5998,#867,.T.);
#6927=EDGE_CURVE('',#5994,#5993,#868,.T.);
#6928=EDGE_CURVE('',#6001,#6002,#869,.T.);
#6929=EDGE_CURVE('',#6003,#6001,#870,.T.);
#6930=EDGE_CURVE('',#6004,#6003,#871,.T.);
#6931=EDGE_CURVE('',#6002,#6004,#872,.T.);
#6932=EDGE_CURVE('',#6003,#6005,#873,.T.);
#6933=EDGE_CURVE('',#6001,#6006,#874,.T.);
#6934=EDGE_CURVE('',#6006,#6005,#875,.T.);
#6935=EDGE_CURVE('',#6007,#5577,#876,.T.);
#6936=EDGE_CURVE('',#6008,#6007,#877,.T.);
#6937=EDGE_CURVE('',#6008,#6009,#878,.T.);
#6938=EDGE_CURVE('',#5578,#6009,#879,.T.);
#6939=EDGE_CURVE('',#5539,#6008,#880,.T.);
#6940=EDGE_CURVE('',#6006,#5541,#881,.T.);
#6941=EDGE_CURVE('',#6010,#6002,#882,.T.);
#6942=EDGE_CURVE('',#6009,#6010,#883,.T.);
#6943=EDGE_CURVE('',#5553,#6004,#884,.T.);
#6944=EDGE_CURVE('',#6005,#5540,#885,.T.);
#6945=EDGE_CURVE('',#5538,#6007,#886,.T.);
#6946=EDGE_CURVE('',#6011,#6012,#887,.T.);
#6947=EDGE_CURVE('',#6012,#6013,#7419,.T.);
#6948=EDGE_CURVE('',#6013,#6010,#888,.T.);
#6949=EDGE_CURVE('',#5552,#5587,#7420,.T.);
#6950=EDGE_CURVE('',#5586,#6011,#889,.T.);
#6951=EDGE_CURVE('',#5579,#6010,#890,.T.);
#6952=EDGE_CURVE('',#6014,#6015,#891,.T.);
#6953=EDGE_CURVE('',#6014,#6016,#7421,.T.);
#6954=EDGE_CURVE('',#6016,#6017,#892,.T.);
#6955=EDGE_CURVE('',#6015,#6017,#7422,.T.);
#6956=EDGE_CURVE('',#6015,#6018,#893,.T.);
#6957=EDGE_CURVE('',#6019,#6018,#894,.T.);
#6958=EDGE_CURVE('',#6014,#6019,#895,.T.);
#6959=EDGE_CURVE('',#6020,#6021,#896,.T.);
#6960=EDGE_CURVE('',#6021,#6022,#897,.T.);
#6961=EDGE_CURVE('',#6023,#6022,#898,.T.);
#6962=EDGE_CURVE('',#6017,#6023,#899,.T.);
#6963=EDGE_CURVE('',#6024,#6016,#900,.T.);
#6964=EDGE_CURVE('',#6025,#6024,#901,.T.);
#6965=EDGE_CURVE('',#6026,#6025,#902,.T.);
#6966=EDGE_CURVE('',#6026,#6027,#7423,.T.);
#6967=EDGE_CURVE('',#6027,#6028,#903,.T.);
#6968=EDGE_CURVE('',#6028,#6029,#7424,.T.);
#6969=EDGE_CURVE('',#6030,#6029,#904,.T.);
#6970=EDGE_CURVE('',#5558,#6030,#7425,.T.);
#6971=EDGE_CURVE('',#5557,#5674,#7426,.T.);
#6972=EDGE_CURVE('',#6031,#5673,#7427,.T.);
#6973=EDGE_CURVE('',#6032,#6031,#905,.T.);
#6974=EDGE_CURVE('',#6032,#6033,#906,.T.);
#6975=EDGE_CURVE('',#6033,#6034,#7428,.T.);
#6976=EDGE_CURVE('',#6035,#6034,#907,.T.);
#6977=EDGE_CURVE('',#6035,#6036,#908,.T.);
#6978=EDGE_CURVE('',#6037,#6036,#7429,.T.);
#6979=EDGE_CURVE('',#6038,#6037,#909,.T.);
#6980=EDGE_CURVE('',#6039,#6038,#7430,.T.);
#6981=EDGE_CURVE('',#6040,#6039,#910,.T.);
#6982=EDGE_CURVE('',#6040,#6041,#7431,.T.);
#6983=EDGE_CURVE('',#6020,#6041,#911,.T.);
#6984=EDGE_CURVE('',#6042,#6043,#912,.T.);
#6985=EDGE_CURVE('',#6043,#6044,#913,.T.);
#6986=EDGE_CURVE('',#6044,#6045,#914,.T.);
#6987=EDGE_CURVE('',#6042,#6045,#915,.T.);
#6988=EDGE_CURVE('',#6042,#6021,#7432,.T.);
#6989=EDGE_CURVE('',#6045,#6022,#1789,.T.);
#6990=EDGE_CURVE('',#6046,#6047,#916,.T.);
#6991=EDGE_CURVE('',#6048,#6046,#917,.T.);
#6992=EDGE_CURVE('',#6048,#6049,#918,.T.);
#6993=EDGE_CURVE('',#6049,#6047,#919,.T.);
#6994=EDGE_CURVE('',#6050,#6048,#920,.T.);
#6995=EDGE_CURVE('',#6050,#6051,#921,.T.);
#6996=EDGE_CURVE('',#6049,#6051,#922,.T.);
#6997=EDGE_CURVE('',#6023,#6052,#923,.T.);
#6998=EDGE_CURVE('',#6018,#6052,#924,.T.);
#6999=EDGE_CURVE('',#6053,#6052,#925,.T.);
#7000=EDGE_CURVE('',#6053,#6019,#926,.T.);
#7001=EDGE_CURVE('',#6024,#6053,#927,.T.);
#7002=EDGE_CURVE('',#6054,#6055,#928,.T.);
#7003=EDGE_CURVE('',#6055,#6056,#929,.T.);
#7004=EDGE_CURVE('',#6056,#6054,#7433,.T.);
#7005=EDGE_CURVE('',#6057,#6055,#930,.T.);
#7006=EDGE_CURVE('',#6057,#6058,#931,.T.);
#7007=EDGE_CURVE('',#6056,#6058,#932,.T.);
#7008=EDGE_CURVE('',#6054,#6036,#933,.T.);
#7009=EDGE_CURVE('',#6058,#6059,#7434,.T.);
#7010=EDGE_CURVE('',#6037,#6059,#934,.T.);
#7011=EDGE_CURVE('',#6060,#6038,#935,.T.);
#7012=EDGE_CURVE('',#6059,#6060,#936,.T.);
#7013=EDGE_CURVE('',#6061,#6039,#937,.T.);
#7014=EDGE_CURVE('',#6061,#6060,#7435,.T.);
#7015=EDGE_CURVE('',#6040,#6062,#938,.T.);
#7016=EDGE_CURVE('',#6061,#6062,#939,.T.);
#7017=EDGE_CURVE('',#6062,#6063,#7436,.T.);
#7018=EDGE_CURVE('',#6041,#6063,#940,.T.);
#7019=EDGE_CURVE('',#6020,#6064,#941,.T.);
#7020=EDGE_CURVE('',#6063,#6064,#942,.T.);
#7021=EDGE_CURVE('',#6064,#6065,#943,.T.);
#7022=EDGE_CURVE('',#6065,#6043,#7437,.T.);
#7023=EDGE_CURVE('',#6065,#6066,#944,.T.);
#7024=EDGE_CURVE('',#6066,#6044,#1790,.T.);
#7025=EDGE_CURVE('',#6067,#6066,#945,.T.);
#7026=EDGE_CURVE('',#6067,#6023,#946,.T.);
#7027=EDGE_CURVE('',#6068,#6067,#947,.T.);
#7028=EDGE_CURVE('',#6047,#6068,#7438,.T.);
#7029=EDGE_CURVE('',#6051,#6067,#948,.T.);
#7030=EDGE_CURVE('',#6069,#6068,#949,.T.);
#7031=EDGE_CURVE('',#6046,#6069,#7439,.T.);
#7032=EDGE_CURVE('',#6070,#6069,#950,.T.);
#7033=EDGE_CURVE('',#6050,#6070,#951,.T.);
#7034=EDGE_CURVE('',#6071,#6070,#952,.T.);
#7035=EDGE_CURVE('',#6025,#6071,#953,.T.);
#7036=EDGE_CURVE('',#6026,#6072,#954,.T.);
#7037=EDGE_CURVE('',#6071,#6072,#955,.T.);
#7038=EDGE_CURVE('',#6073,#6072,#7440,.T.);
#7039=EDGE_CURVE('',#6027,#6073,#956,.T.);
#7040=EDGE_CURVE('',#6030,#6074,#957,.T.);
#7041=EDGE_CURVE('',#6075,#6029,#958,.T.);
#7042=EDGE_CURVE('',#6074,#6075,#959,.T.);
#7043=EDGE_CURVE('',#6028,#6076,#960,.T.);
#7044=EDGE_CURVE('',#6076,#6075,#7441,.T.);
#7045=EDGE_CURVE('',#6073,#6076,#961,.T.);
#7046=EDGE_CURVE('',#6035,#6077,#962,.T.);
#7047=EDGE_CURVE('',#6077,#6057,#963,.T.);
#7048=EDGE_CURVE('',#6078,#6034,#964,.T.);
#7049=EDGE_CURVE('',#6077,#6078,#965,.T.);
#7050=EDGE_CURVE('',#6079,#6033,#966,.T.);
#7051=EDGE_CURVE('',#6079,#6078,#7442,.T.);
#7052=EDGE_CURVE('',#6032,#6080,#967,.T.);
#7053=EDGE_CURVE('',#6080,#6079,#968,.T.);
#7054=EDGE_CURVE('',#6081,#6031,#969,.T.);
#7055=EDGE_CURVE('',#6080,#6081,#970,.T.);
#7056=EDGE_CURVE('',#6081,#5672,#7443,.T.);
#7057=EDGE_CURVE('',#5559,#6082,#7444,.T.);
#7058=EDGE_CURVE('',#6082,#5560,#971,.T.);
#7059=EDGE_CURVE('',#6082,#6083,#972,.T.);
#7060=EDGE_CURVE('',#6083,#5561,#973,.T.);
#7061=EDGE_CURVE('',#6083,#6074,#7445,.T.);
#7062=EDGE_CURVE('',#6084,#6085,#974,.T.);
#7063=EDGE_CURVE('',#6085,#6086,#975,.T.);
#7064=EDGE_CURVE('',#6087,#6086,#976,.T.);
#7065=EDGE_CURVE('',#6084,#6087,#977,.T.);
#7066=EDGE_CURVE('',#6088,#6085,#978,.T.);
#7067=EDGE_CURVE('',#6089,#6088,#979,.T.);
#7068=EDGE_CURVE('',#6086,#6089,#980,.T.);
#7069=EDGE_CURVE('',#5569,#6090,#981,.T.);
#7070=EDGE_CURVE('',#6091,#5568,#982,.T.);
#7071=EDGE_CURVE('',#6091,#6092,#983,.T.);
#7072=EDGE_CURVE('',#6092,#6090,#984,.T.);
#7073=EDGE_CURVE('',#5562,#6093,#985,.T.);
#7074=EDGE_CURVE('',#5563,#5615,#7446,.T.);
#7075=EDGE_CURVE('',#5625,#6094,#986,.T.);
#7076=EDGE_CURVE('',#6094,#6095,#987,.T.);
#7077=EDGE_CURVE('',#6095,#6096,#7447,.T.);
#7078=EDGE_CURVE('',#6096,#6093,#988,.T.);
#7079=EDGE_CURVE('',#6092,#5542,#989,.T.);
#7080=EDGE_CURVE('',#6097,#6091,#990,.T.);
#7081=EDGE_CURVE('',#6088,#6097,#991,.T.);
#7082=EDGE_CURVE('',#5544,#6084,#992,.T.);
#7083=EDGE_CURVE('',#6097,#5567,#993,.T.);
#7084=EDGE_CURVE('',#6097,#6098,#994,.T.);
#7085=EDGE_CURVE('',#6098,#6099,#7448,.T.);
#7086=EDGE_CURVE('',#6099,#6100,#995,.T.);
#7087=EDGE_CURVE('',#6100,#5624,#996,.T.);
#7088=EDGE_CURVE('',#5623,#5551,#7449,.T.);
#7089=EDGE_CURVE('',#6089,#5550,#997,.T.);
#7090=EDGE_CURVE('',#6090,#5543,#998,.T.);
#7091=EDGE_CURVE('',#5545,#6087,#999,.T.);
#7092=EDGE_CURVE('',#5910,#5527,#1000,.T.);
#7093=EDGE_CURVE('',#5526,#5911,#1001,.T.);
#7094=EDGE_CURVE('',#5661,#6101,#7450,.T.);
#7095=EDGE_CURVE('',#6101,#5523,#1002,.T.);
#7096=EDGE_CURVE('',#5528,#5909,#1003,.T.);
#7097=EDGE_CURVE('',#6102,#5906,#1004,.T.);
#7098=EDGE_CURVE('',#6102,#5662,#7451,.T.);
#7099=EDGE_CURVE('',#5581,#6012,#1005,.T.);
#7100=EDGE_CURVE('',#5582,#6011,#1006,.T.);
#7101=EDGE_CURVE('',#6013,#5580,#1007,.T.);
#7102=EDGE_CURVE('',#5997,#5998,#1008,.T.);
#7103=EDGE_CURVE('',#5996,#5999,#1009,.T.);
#7104=EDGE_CURVE('',#6000,#5995,#1010,.T.);
#7105=EDGE_CURVE('',#5670,#6103,#7452,.T.);
#7106=EDGE_CURVE('',#6103,#6093,#1011,.T.);
#7107=EDGE_CURVE('',#6096,#6098,#1012,.T.);
#7108=EDGE_CURVE('',#6104,#5566,#1013,.T.);
#7109=EDGE_CURVE('',#6104,#5671,#7453,.T.);
#7110=EDGE_CURVE('',#6099,#6095,#1014,.T.);
#7111=EDGE_CURVE('',#6094,#6100,#1015,.T.);
#7112=EDGE_CURVE('',#5565,#5616,#7454,.T.);
#7113=EDGE_CURVE('',#5617,#5600,#7455,.T.);
#7114=EDGE_CURVE('',#5842,#5834,#7456,.T.);
#7115=EDGE_CURVE('',#5835,#5868,#7457,.T.);
#7116=EDGE_CURVE('',#5858,#5885,#7458,.T.);
#7117=EDGE_CURVE('',#5880,#5655,#7459,.T.);
#7118=EDGE_CURVE('',#5825,#5847,#7460,.T.);
#7119=EDGE_CURVE('',#5855,#5886,#7461,.T.);
#7120=EDGE_CURVE('',#5889,#5878,#7462,.T.);
#7121=EDGE_CURVE('',#5876,#5845,#7463,.T.);
#7122=EDGE_CURVE('',#5842,#5735,#7464,.T.);
#7123=EDGE_CURVE('',#5834,#5734,#7465,.T.);
#7124=EDGE_CURVE('',#5876,#5745,#7466,.T.);
#7125=EDGE_CURVE('',#5845,#5744,#7467,.T.);
#7126=EDGE_CURVE('',#5889,#5751,#7468,.T.);
#7127=EDGE_CURVE('',#5878,#5750,#7469,.T.);
#7128=EDGE_CURVE('',#5855,#5757,#7470,.T.);
#7129=EDGE_CURVE('',#5886,#5756,#7471,.T.);
#7130=EDGE_CURVE('',#5825,#5767,#7472,.T.);
#7131=EDGE_CURVE('',#5847,#5766,#7473,.T.);
#7132=EDGE_CURVE('',#5880,#5769,#7474,.T.);
#7133=EDGE_CURVE('',#5655,#5768,#7475,.T.);
#7134=EDGE_CURVE('',#5774,#5885,#7476,.T.);
#7135=EDGE_CURVE('',#5775,#5858,#7477,.T.);
#7136=EDGE_CURVE('',#5835,#5781,#7478,.T.);
#7137=EDGE_CURVE('',#5868,#5780,#7479,.T.);
#7138=EDGE_CURVE('',#5476,#5434,#1016,.T.);
#7139=EDGE_CURVE('',#5431,#5477,#1017,.T.);
#7140=EDGE_CURVE('',#5487,#5456,#1018,.T.);
#7141=EDGE_CURVE('',#5453,#5488,#1019,.T.);
#7142=EDGE_CURVE('',#5498,#5450,#1020,.T.);
#7143=EDGE_CURVE('',#5447,#5499,#1021,.T.);
#7144=EDGE_CURVE('',#5441,#5460,#1022,.T.);
#7145=EDGE_CURVE('',#5457,#5440,#1023,.T.);
#7146=EDGE_CURVE('',#5439,#6105,#7480,.T.);
#7147=EDGE_CURVE('',#6105,#6106,#1024,.T.);
#7148=EDGE_CURVE('',#6106,#5436,#7481,.T.);
#7149=EDGE_CURVE('',#5435,#5474,#1025,.T.);
#7150=EDGE_CURVE('',#5475,#5430,#1026,.T.);
#7151=EDGE_CURVE('',#5429,#5485,#1027,.T.);
#7152=EDGE_CURVE('',#5486,#5452,#1028,.T.);
#7153=EDGE_CURVE('',#5451,#5496,#1029,.T.);
#7154=EDGE_CURVE('',#5497,#5446,#1030,.T.);
#7155=EDGE_CURVE('',#5445,#5458,#1031,.T.);
#7156=EDGE_CURVE('',#5459,#5444,#1032,.T.);
#7157=EDGE_CURVE('',#5494,#5506,#1033,.T.);
#7158=EDGE_CURVE('',#5412,#5493,#1034,.T.);
#7159=EDGE_CURVE('',#5492,#5413,#1035,.T.);
#7160=EDGE_CURVE('',#5502,#5491,#1036,.T.);
#7161=EDGE_CURVE('',#5483,#5511,#1037,.T.);
#7162=EDGE_CURVE('',#5408,#5482,#1038,.T.);
#7163=EDGE_CURVE('',#5481,#5409,#1039,.T.);
#7164=EDGE_CURVE('',#5507,#5480,#1040,.T.);
#7165=EDGE_CURVE('',#5472,#5427,#1041,.T.);
#7166=EDGE_CURVE('',#5428,#5471,#1042,.T.);
#7167=EDGE_CURVE('',#5470,#5405,#1043,.T.);
#7168=EDGE_CURVE('',#5512,#5469,#1044,.T.);
#7169=EDGE_CURVE('',#5465,#5501,#1045,.T.);
#7170=EDGE_CURVE('',#5416,#5464,#1046,.T.);
#7171=EDGE_CURVE('',#5463,#5417,#1047,.T.);
#7172=EDGE_CURVE('',#5418,#5462,#1048,.T.);
#7173=EDGE_CURVE('',#5585,#6107,#1049,.T.);
#7174=EDGE_CURVE('',#5576,#6107,#1050,.T.);
#7175=EDGE_CURVE('',#6107,#5556,#1051,.T.);
#7176=EDGE_CURVE('',#5529,#6108,#271,.T.);
#7177=EDGE_CURVE('',#6108,#6109,#272,.T.);
#7178=EDGE_CURVE('',#6109,#5658,#273,.T.);
#7179=EDGE_CURVE('',#5530,#5657,#7482,.T.);
#7180=EDGE_CURVE('',#5585,#5656,#1791,.T.);
#7181=EDGE_CURVE('',#5676,#6107,#1792,.T.);
#7182=EDGE_CURVE('',#5556,#5675,#1793,.T.);
#7183=EDGE_CURVE('',#5616,#5669,#7483,.T.);
#7184=EDGE_CURVE('',#5617,#5668,#7484,.T.);
#7185=EDGE_CURVE('',#5600,#5667,#7485,.T.);
#7186=EDGE_CURVE('',#5572,#6104,#1052,.T.);
#7187=EDGE_CURVE('',#6103,#5573,#1053,.T.);
#7188=EDGE_CURVE('',#6101,#6108,#1054,.T.);
#7189=EDGE_CURVE('',#5537,#6102,#1055,.T.);
#7190=EDGE_CURVE('',#6109,#5659,#274,.T.);
#7191=EDGE_CURVE('',#6108,#5660,#7486,.T.);
#7192=EDGE_CURVE('',#6105,#5438,#1056,.T.);
#7193=EDGE_CURVE('',#6106,#5437,#1057,.T.);
#7194=EDGE_CURVE('',#6110,#6110,#7487,.T.);
#7195=EDGE_CURVE('',#6111,#6111,#7488,.T.);
#7196=EDGE_CURVE('',#6112,#6112,#7489,.T.);
#7197=EDGE_CURVE('',#6113,#6113,#7490,.T.);
#7198=EDGE_CURVE('',#6114,#6114,#7491,.T.);
#7199=EDGE_CURVE('',#6115,#6115,#7492,.T.);
#7200=EDGE_CURVE('',#6116,#6116,#7493,.T.);
#7201=EDGE_CURVE('',#6117,#6117,#7494,.T.);
#7202=EDGE_CURVE('',#6118,#6118,#7495,.T.);
#7203=EDGE_CURVE('',#6119,#6119,#7496,.T.);
#7204=EDGE_CURVE('',#6120,#6120,#7497,.T.);
#7205=EDGE_CURVE('',#6121,#6121,#7498,.T.);
#7206=EDGE_CURVE('',#6122,#6122,#7499,.T.);
#7207=EDGE_CURVE('',#6123,#6123,#7500,.T.);
#7208=EDGE_CURVE('',#6124,#6124,#7501,.T.);
#7209=EDGE_CURVE('',#6125,#6125,#7502,.T.);
#7210=CIRCLE('',#7504,1.);
#7211=CIRCLE('',#7534,4.8);
#7212=CIRCLE('',#7536,4.8);
#7213=CIRCLE('',#7537,4.8);
#7214=CIRCLE('',#7538,4.8);
#7215=CIRCLE('',#7540,4.8);
#7216=CIRCLE('',#7541,4.8);
#7217=CIRCLE('',#7542,4.8);
#7218=CIRCLE('',#7543,4.8);
#7219=CIRCLE('',#7545,4.8);
#7220=CIRCLE('',#7547,4.8);
#7221=CIRCLE('',#7548,4.8);
#7222=CIRCLE('',#7549,4.8);
#7223=CIRCLE('',#7551,4.8);
#7224=CIRCLE('',#7553,4.8);
#7225=CIRCLE('',#7554,4.8);
#7226=CIRCLE('',#7555,4.8);
#7227=CIRCLE('',#7557,4.8);
#7228=CIRCLE('',#7560,1.);
#7229=CIRCLE('',#7563,1.);
#7230=CIRCLE('',#7569,4.);
#7231=CIRCLE('',#7570,1.);
#7232=CIRCLE('',#7572,4.);
#7233=CIRCLE('',#7574,4.);
#7234=CIRCLE('',#7575,4.);
#7235=CIRCLE('',#7577,3.5);
#7236=CIRCLE('',#7578,0.5);
#7237=CIRCLE('',#7583,0.5);
#7238=CIRCLE('',#7584,0.5);
#7239=CIRCLE('',#7586,0.5);
#7240=CIRCLE('',#7587,0.5);
#7241=CIRCLE('',#7592,1.);
#7242=CIRCLE('',#7597,4.);
#7243=CIRCLE('',#7598,4.);
#7244=CIRCLE('',#7600,2.);
#7245=CIRCLE('',#7601,2.);
#7246=CIRCLE('',#7603,3.8);
#7247=CIRCLE('',#7604,3.8);
#7248=CIRCLE('',#7608,3.8);
#7249=CIRCLE('',#7609,3.8);
#7250=CIRCLE('',#7613,3.8);
#7251=CIRCLE('',#7614,3.8);
#7252=CIRCLE('',#7617,6.175);
#7253=CIRCLE('',#7618,6.175);
#7254=CIRCLE('',#7620,6.175);
#7255=CIRCLE('',#7621,6.175);
#7256=CIRCLE('',#7623,3.5);
#7257=CIRCLE('',#7624,3.5);
#7258=CIRCLE('',#7625,3.5);
#7259=CIRCLE('',#7626,6.175);
#7260=CIRCLE('',#7627,1.);
#7261=CIRCLE('',#7628,6.175);
#7262=CIRCLE('',#7629,3.8);
#7263=CIRCLE('',#7630,6.175);
#7264=CIRCLE('',#7631,3.8);
#7265=CIRCLE('',#7632,6.175);
#7266=CIRCLE('',#7633,1.);
#7267=CIRCLE('',#7634,6.175);
#7268=CIRCLE('',#7635,3.8);
#7269=CIRCLE('',#7636,6.175);
#7270=CIRCLE('',#7637,1.);
#7271=CIRCLE('',#7638,6.175);
#7272=CIRCLE('',#7639,3.8);
#7273=CIRCLE('',#7640,6.175);
#7274=CIRCLE('',#7641,1.);
#7275=CIRCLE('',#7642,6.175);
#7276=CIRCLE('',#7643,1.);
#7277=CIRCLE('',#7644,6.175);
#7278=CIRCLE('',#7645,3.8);
#7279=CIRCLE('',#7646,6.175);
#7280=CIRCLE('',#7647,3.8);
#7281=CIRCLE('',#7648,6.175);
#7282=CIRCLE('',#7649,1.);
#7283=CIRCLE('',#7650,6.175);
#7284=CIRCLE('',#7651,3.8);
#7285=CIRCLE('',#7652,6.175);
#7286=CIRCLE('',#7653,1.);
#7287=CIRCLE('',#7654,6.175);
#7288=CIRCLE('',#7655,3.8);
#7289=CIRCLE('',#7656,6.175);
#7290=CIRCLE('',#7657,1.);
#7291=CIRCLE('',#7658,6.175);
#7292=CIRCLE('',#7659,3.8);
#7293=CIRCLE('',#7660,6.175);
#7294=CIRCLE('',#7661,3.8);
#7295=CIRCLE('',#7663,5.175);
#7296=CIRCLE('',#7664,2.);
#7297=CIRCLE('',#7665,5.175);
#7298=CIRCLE('',#7666,3.8);
#7299=CIRCLE('',#7667,5.175);
#7300=CIRCLE('',#7668,3.8);
#7301=CIRCLE('',#7669,5.175);
#7302=CIRCLE('',#7670,2.);
#7303=CIRCLE('',#7671,5.175);
#7304=CIRCLE('',#7672,3.8);
#7305=CIRCLE('',#7673,5.175);
#7306=CIRCLE('',#7674,2.);
#7307=CIRCLE('',#7675,5.175);
#7308=CIRCLE('',#7676,3.8);
#7309=CIRCLE('',#7677,5.175);
#7310=CIRCLE('',#7678,2.);
#7311=CIRCLE('',#7679,5.175);
#7312=CIRCLE('',#7680,3.8);
#7313=CIRCLE('',#7681,5.175);
#7314=CIRCLE('',#7682,3.8);
#7315=CIRCLE('',#7683,5.175);
#7316=CIRCLE('',#7684,2.);
#7317=CIRCLE('',#7685,5.175);
#7318=CIRCLE('',#7686,5.175);
#7319=CIRCLE('',#7687,5.175);
#7320=CIRCLE('',#7688,2.);
#7321=CIRCLE('',#7689,5.175);
#7322=CIRCLE('',#7690,3.8);
#7323=CIRCLE('',#7691,5.175);
#7324=CIRCLE('',#7692,2.);
#7325=CIRCLE('',#7693,5.175);
#7326=CIRCLE('',#7694,3.8);
#7327=CIRCLE('',#7695,5.175);
#7328=CIRCLE('',#7696,2.);
#7329=CIRCLE('',#7697,5.175);
#7330=CIRCLE('',#7698,3.8);
#7331=CIRCLE('',#7699,5.175);
#7332=CIRCLE('',#7700,3.8);
#7333=CIRCLE('',#7701,3.8);
#7334=CIRCLE('',#7702,3.8);
#7335=CIRCLE('',#7703,3.8);
#7336=CIRCLE('',#7704,3.8);
#7337=CIRCLE('',#7705,3.8);
#7338=CIRCLE('',#7706,3.8);
#7339=CIRCLE('',#7707,3.8);
#7340=CIRCLE('',#7708,2.);
#7341=CIRCLE('',#7709,2.);
#7342=CIRCLE('',#7710,2.);
#7343=CIRCLE('',#7711,3.8);
#7344=CIRCLE('',#7712,3.8);
#7345=CIRCLE('',#7713,3.8);
#7346=CIRCLE('',#7714,3.8);
#7347=CIRCLE('',#7715,2.);
#7348=CIRCLE('',#7716,2.);
#7349=CIRCLE('',#7717,2.);
#7350=CIRCLE('',#7718,2.);
#7351=CIRCLE('',#7721,6.175);
#7352=CIRCLE('',#7730,3.8);
#7353=CIRCLE('',#7732,2.);
#7354=CIRCLE('',#7734,6.175);
#7355=CIRCLE('',#7736,6.175);
#7356=CIRCLE('',#7738,6.175);
#7357=CIRCLE('',#7741,2.);
#7358=CIRCLE('',#7746,6.175);
#7359=CIRCLE('',#7751,6.175);
#7360=CIRCLE('',#7754,3.8);
#7361=CIRCLE('',#7756,6.175);
#7362=CIRCLE('',#7759,6.175);
#7363=CIRCLE('',#7764,6.175);
#7364=CIRCLE('',#7768,2.);
#7365=CIRCLE('',#7770,3.8);
#7366=CIRCLE('',#7774,6.175);
#7367=CIRCLE('',#7779,6.175);
#7368=CIRCLE('',#7782,3.8);
#7369=CIRCLE('',#7785,2.);
#7370=CIRCLE('',#7788,3.8);
#7371=CIRCLE('',#7792,6.175);
#7372=CIRCLE('',#7794,2.);
#7373=CIRCLE('',#7800,3.8);
#7374=CIRCLE('',#7804,3.8);
#7375=CIRCLE('',#7806,6.175);
#7376=CIRCLE('',#7809,6.175);
#7377=CIRCLE('',#7813,6.175);
#7378=CIRCLE('',#7816,3.8);
#7379=CIRCLE('',#7818,2.);
#7380=CIRCLE('',#7820,3.8);
#7381=CIRCLE('',#7824,6.175);
#7382=CIRCLE('',#7826,6.175);
#7383=CIRCLE('',#7831,6.175);
#7384=CIRCLE('',#7833,2.);
#7385=CIRCLE('',#7836,3.8);
#7386=CIRCLE('',#7838,3.8);
#7387=CIRCLE('',#7849,1.);
#7388=CIRCLE('',#7850,4.);
#7389=CIRCLE('',#7855,0.2);
#7390=CIRCLE('',#7856,0.2);
#7391=CIRCLE('',#7859,6.);
#7392=CIRCLE('',#7860,0.4);
#7393=CIRCLE('',#7861,0.7);
#7394=CIRCLE('',#7862,0.5);
#7395=CIRCLE('',#7863,2.);
#7396=CIRCLE('',#7864,2.);
#7397=CIRCLE('',#7865,0.1);
#7398=CIRCLE('',#7866,0.2);
#7399=CIRCLE('',#7867,0.5);
#7400=CIRCLE('',#7870,1.);
#7401=CIRCLE('',#7878,0.1);
#7402=CIRCLE('',#7881,0.1);
#7403=CIRCLE('',#7884,0.2);
#7404=CIRCLE('',#7887,0.5);
#7405=CIRCLE('',#7890,1.);
#7406=CIRCLE('',#7895,0.2);
#7407=CIRCLE('',#7897,0.2);
#7408=CIRCLE('',#7902,6.);
#7409=CIRCLE('',#7905,0.4);
#7410=CIRCLE('',#7910,2.);
#7411=CIRCLE('',#7914,2.);
#7412=CIRCLE('',#7916,0.7);
#7413=CIRCLE('',#7919,0.7);
#7414=CIRCLE('',#7920,0.5);
#7415=CIRCLE('',#7927,1.);
#7416=CIRCLE('',#7928,4.);
#7417=CIRCLE('',#7933,1.);
#7418=CIRCLE('',#7934,4.);
#7419=CIRCLE('',#7944,1.);
#7420=CIRCLE('',#7945,4.);
#7421=CIRCLE('',#7948,0.2);
#7422=CIRCLE('',#7949,0.2);
#7423=CIRCLE('',#7952,6.);
#7424=CIRCLE('',#7953,0.4);
#7425=CIRCLE('',#7954,0.7);
#7426=CIRCLE('',#7955,0.5);
#7427=CIRCLE('',#7956,2.);
#7428=CIRCLE('',#7957,2.);
#7429=CIRCLE('',#7958,0.1);
#7430=CIRCLE('',#7959,0.2);
#7431=CIRCLE('',#7960,0.5);
#7432=CIRCLE('',#7963,1.);
#7433=CIRCLE('',#7971,0.1);
#7434=CIRCLE('',#7974,0.1);
#7435=CIRCLE('',#7977,0.2);
#7436=CIRCLE('',#7980,0.5);
#7437=CIRCLE('',#7983,1.);
#7438=CIRCLE('',#7988,0.2);
#7439=CIRCLE('',#7990,0.2);
#7440=CIRCLE('',#7995,6.);
#7441=CIRCLE('',#7998,0.4);
#7442=CIRCLE('',#8003,2.);
#7443=CIRCLE('',#8007,2.);
#7444=CIRCLE('',#8009,0.7);
#7445=CIRCLE('',#8012,0.7);
#7446=CIRCLE('',#8018,4.);
#7447=CIRCLE('',#8019,1.);
#7448=CIRCLE('',#8023,1.);
#7449=CIRCLE('',#8024,4.);
#7450=CIRCLE('',#8031,0.2);
#7451=CIRCLE('',#8032,0.2);
#7452=CIRCLE('',#8040,0.2);
#7453=CIRCLE('',#8041,0.2);
#7454=CIRCLE('',#8050,4.);
#7455=CIRCLE('',#8053,4.);
#7456=CIRCLE('',#8057,1.);
#7457=CIRCLE('',#8059,1.);
#7458=CIRCLE('',#8061,1.);
#7459=CIRCLE('',#8063,1.);
#7460=CIRCLE('',#8065,1.);
#7461=CIRCLE('',#8067,1.);
#7462=CIRCLE('',#8069,1.);
#7463=CIRCLE('',#8071,1.);
#7464=CIRCLE('',#8073,1.);
#7465=CIRCLE('',#8075,1.);
#7466=CIRCLE('',#8079,1.);
#7467=CIRCLE('',#8081,1.);
#7468=CIRCLE('',#8084,1.);
#7469=CIRCLE('',#8086,1.);
#7470=CIRCLE('',#8089,1.);
#7471=CIRCLE('',#8091,1.);
#7472=CIRCLE('',#8095,1.);
#7473=CIRCLE('',#8097,1.);
#7474=CIRCLE('',#8100,1.);
#7475=CIRCLE('',#8102,1.);
#7476=CIRCLE('',#8106,1.);
#7477=CIRCLE('',#8108,1.);
#7478=CIRCLE('',#8111,1.);
#7479=CIRCLE('',#8113,1.);
#7480=CIRCLE('',#8124,3.5);
#7481=CIRCLE('',#8125,3.5);
#7482=CIRCLE('',#8159,0.5);
#7483=CIRCLE('',#8167,0.5);
#7484=CIRCLE('',#8169,0.5);
#7485=CIRCLE('',#8171,0.5);
#7486=CIRCLE('',#8182,0.2);
#7487=CIRCLE('',#8197,1.7);
#7488=CIRCLE('',#8199,1.7);
#7489=CIRCLE('',#8201,1.7);
#7490=CIRCLE('',#8203,1.7);
#7491=CIRCLE('',#8205,1.7);
#7492=CIRCLE('',#8207,1.7);
#7493=CIRCLE('',#8209,1.7);
#7494=CIRCLE('',#8211,1.7);
#7495=CIRCLE('',#8213,1.69999999999982);
#7496=CIRCLE('',#8216,1.69999999999982);
#7497=CIRCLE('',#8219,1.69999999999982);
#7498=CIRCLE('',#8222,1.69999999999982);
#7499=CIRCLE('',#8225,1.69999999999982);
#7500=CIRCLE('',#8228,1.69999999999982);
#7501=CIRCLE('',#8231,1.69999999999982);
#7502=CIRCLE('',#8234,1.69999999999982);
#7503=AXIS2_PLACEMENT_3D('',#10404,#8237,#8238);
#7504=AXIS2_PLACEMENT_3D('',#10405,#8239,#8240);
#7505=AXIS2_PLACEMENT_3D('',#10407,#8241,#8242);
#7506=AXIS2_PLACEMENT_3D('',#10408,#8243,#8244);
#7507=AXIS2_PLACEMENT_3D('',#10411,#8245,#8246);
#7508=AXIS2_PLACEMENT_3D('',#10413,#8247,#8248);
#7509=AXIS2_PLACEMENT_3D('',#10417,#8250,#8251);
#7510=AXIS2_PLACEMENT_3D('',#10419,#8252,#8253);
#7511=AXIS2_PLACEMENT_3D('',#10421,#8254,#8255);
#7512=AXIS2_PLACEMENT_3D('',#10425,#8257,#8258);
#7513=AXIS2_PLACEMENT_3D('',#10427,#8259,#8260);
#7514=AXIS2_PLACEMENT_3D('',#10429,#8261,#8262);
#7515=AXIS2_PLACEMENT_3D('',#10433,#8264,#8265);
#7516=AXIS2_PLACEMENT_3D('',#10441,#8269,#8270);
#7517=AXIS2_PLACEMENT_3D('',#10445,#8272,#8273);
#7518=AXIS2_PLACEMENT_3D('',#10453,#8277,#8278);
#7519=AXIS2_PLACEMENT_3D('',#10459,#8281,#8282);
#7520=AXIS2_PLACEMENT_3D('',#10463,#8284,#8285);
#7521=AXIS2_PLACEMENT_3D('',#10467,#8287,#8288);
#7522=AXIS2_PLACEMENT_3D('',#10471,#8290,#8291);
#7523=AXIS2_PLACEMENT_3D('',#10475,#8293,#8294);
#7524=AXIS2_PLACEMENT_3D('',#10479,#8296,#8297);
#7525=AXIS2_PLACEMENT_3D('',#10483,#8299,#8300);
#7526=AXIS2_PLACEMENT_3D('',#10487,#8302,#8303);
#7527=AXIS2_PLACEMENT_3D('',#10491,#8305,#8306);
#7528=AXIS2_PLACEMENT_3D('',#10495,#8308,#8309);
#7529=AXIS2_PLACEMENT_3D('',#10499,#8311,#8312);
#7530=AXIS2_PLACEMENT_3D('',#10503,#8314,#8315);
#7531=AXIS2_PLACEMENT_3D('',#10507,#8317,#8318);
#7532=AXIS2_PLACEMENT_3D('',#10511,#8320,#8321);
#7533=AXIS2_PLACEMENT_3D('',#10512,#8322,#8323);
#7534=AXIS2_PLACEMENT_3D('',#10513,#8324,#8325);
#7535=AXIS2_PLACEMENT_3D('',#10540,#8328,#8329);
#7536=AXIS2_PLACEMENT_3D('',#10541,#8330,#8331);
#7537=AXIS2_PLACEMENT_3D('',#10556,#8333,#8334);
#7538=AXIS2_PLACEMENT_3D('',#10570,#8336,#8337);
#7539=AXIS2_PLACEMENT_3D('',#10572,#8338,#8339);
#7540=AXIS2_PLACEMENT_3D('',#10573,#8340,#8341);
#7541=AXIS2_PLACEMENT_3D('',#10589,#8343,#8344);
#7542=AXIS2_PLACEMENT_3D('',#10603,#8346,#8347);
#7543=AXIS2_PLACEMENT_3D('',#10604,#8348,#8349);
#7544=AXIS2_PLACEMENT_3D('',#10606,#8350,#8351);
#7545=AXIS2_PLACEMENT_3D('',#10607,#8352,#8353);
#7546=AXIS2_PLACEMENT_3D('',#10634,#8356,#8357);
#7547=AXIS2_PLACEMENT_3D('',#10635,#8358,#8359);
#7548=AXIS2_PLACEMENT_3D('',#10651,#8361,#8362);
#7549=AXIS2_PLACEMENT_3D('',#10665,#8364,#8365);
#7550=AXIS2_PLACEMENT_3D('',#10667,#8366,#8367);
#7551=AXIS2_PLACEMENT_3D('',#10668,#8368,#8369);
#7552=AXIS2_PLACEMENT_3D('',#10695,#8372,#8373);
#7553=AXIS2_PLACEMENT_3D('',#10696,#8374,#8375);
#7554=AXIS2_PLACEMENT_3D('',#10712,#8377,#8378);
#7555=AXIS2_PLACEMENT_3D('',#10726,#8380,#8381);
#7556=AXIS2_PLACEMENT_3D('',#10728,#8382,#8383);
#7557=AXIS2_PLACEMENT_3D('',#10729,#8384,#8385);
#7558=AXIS2_PLACEMENT_3D('',#10756,#8388,#8389);
#7559=AXIS2_PLACEMENT_3D('',#10810,#8392,#8393);
#7560=AXIS2_PLACEMENT_3D('',#10811,#8394,#8395);
#7561=AXIS2_PLACEMENT_3D('',#10813,#8396,#8397);
#7562=AXIS2_PLACEMENT_3D('',#10867,#8400,#8401);
#7563=AXIS2_PLACEMENT_3D('',#10868,#8402,#8403);
#7564=AXIS2_PLACEMENT_3D('',#10870,#8404,#8405);
#7565=AXIS2_PLACEMENT_3D('',#10924,#8408,#8409);
#7566=AXIS2_PLACEMENT_3D('',#10925,#8410,#8411);
#7567=AXIS2_PLACEMENT_3D('',#10934,#8416,#8417);
#7568=AXIS2_PLACEMENT_3D('',#10943,#8422,#8423);
#7569=AXIS2_PLACEMENT_3D('',#10947,#8425,#8426);
#7570=AXIS2_PLACEMENT_3D('',#10955,#8430,#8431);
#7571=AXIS2_PLACEMENT_3D('',#10958,#8433,#8434);
#7572=AXIS2_PLACEMENT_3D('',#10961,#8436,#8437);
#7573=AXIS2_PLACEMENT_3D('',#10964,#8439,#8440);
#7574=AXIS2_PLACEMENT_3D('',#10965,#8441,#8442);
#7575=AXIS2_PLACEMENT_3D('',#10970,#8444,#8445);
#7576=AXIS2_PLACEMENT_3D('',#10973,#8447,#8448);
#7577=AXIS2_PLACEMENT_3D('',#10974,#8449,#8450);
#7578=AXIS2_PLACEMENT_3D('',#11004,#8451,#8452);
#7579=AXIS2_PLACEMENT_3D('',#11005,#8453,#8454);
#7580=AXIS2_PLACEMENT_3D('',#11055,#8480,#8481);
#7581=AXIS2_PLACEMENT_3D('',#11064,#8486,#8487);
#7582=AXIS2_PLACEMENT_3D('',#11074,#8493,#8494);
#7583=AXIS2_PLACEMENT_3D('',#11095,#8496,#8497);
#7584=AXIS2_PLACEMENT_3D('',#11096,#8498,#8499);
#7585=AXIS2_PLACEMENT_3D('',#11097,#8500,#8501);
#7586=AXIS2_PLACEMENT_3D('',#11098,#8502,#8503);
#7587=AXIS2_PLACEMENT_3D('',#11119,#8505,#8506);
#7588=AXIS2_PLACEMENT_3D('',#11120,#8507,#8508);
#7589=AXIS2_PLACEMENT_3D('',#11124,#8512,#8513);
#7590=AXIS2_PLACEMENT_3D('',#11128,#8517,#8518);
#7591=AXIS2_PLACEMENT_3D('',#11132,#8522,#8523);
#7592=AXIS2_PLACEMENT_3D('',#11143,#8529,#8530);
#7593=AXIS2_PLACEMENT_3D('',#11152,#8535,#8536);
#7594=AXIS2_PLACEMENT_3D('',#11168,#8546,#8547);
#7595=AXIS2_PLACEMENT_3D('',#11218,#8573,#8574);
#7596=AXIS2_PLACEMENT_3D('',#11242,#8587,#8588);
#7597=AXIS2_PLACEMENT_3D('',#11243,#8589,#8590);
#7598=AXIS2_PLACEMENT_3D('',#11244,#8591,#8592);
#7599=AXIS2_PLACEMENT_3D('',#11245,#8593,#8594);
#7600=AXIS2_PLACEMENT_3D('',#11246,#8595,#8596);
#7601=AXIS2_PLACEMENT_3D('',#11248,#8597,#8598);
#7602=AXIS2_PLACEMENT_3D('',#11250,#8599,#8600);
#7603=AXIS2_PLACEMENT_3D('',#11251,#8601,#8602);
#7604=AXIS2_PLACEMENT_3D('',#11256,#8604,#8605);
#7605=AXIS2_PLACEMENT_3D('',#11259,#8607,#8608);
#7606=AXIS2_PLACEMENT_3D('',#11265,#8612,#8613);
#7607=AXIS2_PLACEMENT_3D('',#11291,#8618,#8619);
#7608=AXIS2_PLACEMENT_3D('',#11292,#8620,#8621);
#7609=AXIS2_PLACEMENT_3D('',#11294,#8622,#8623);
#7610=AXIS2_PLACEMENT_3D('',#11297,#8625,#8626);
#7611=AXIS2_PLACEMENT_3D('',#11320,#8630,#8631);
#7612=AXIS2_PLACEMENT_3D('',#11346,#8636,#8637);
#7613=AXIS2_PLACEMENT_3D('',#11347,#8638,#8639);
#7614=AXIS2_PLACEMENT_3D('',#11349,#8640,#8641);
#7615=AXIS2_PLACEMENT_3D('',#11352,#8643,#8644);
#7616=AXIS2_PLACEMENT_3D('',#11375,#8648,#8649);
#7617=AXIS2_PLACEMENT_3D('',#11376,#8650,#8651);
#7618=AXIS2_PLACEMENT_3D('',#11377,#8652,#8653);
#7619=AXIS2_PLACEMENT_3D('',#11378,#8654,#8655);
#7620=AXIS2_PLACEMENT_3D('',#11382,#8657,#8658);
#7621=AXIS2_PLACEMENT_3D('',#11383,#8659,#8660);
#7622=AXIS2_PLACEMENT_3D('',#11384,#8661,#8662);
#7623=AXIS2_PLACEMENT_3D('',#11388,#8664,#8665);
#7624=AXIS2_PLACEMENT_3D('',#11418,#8675,#8676);
#7625=AXIS2_PLACEMENT_3D('',#11422,#8678,#8679);
#7626=AXIS2_PLACEMENT_3D('',#11439,#8689,#8690);
#7627=AXIS2_PLACEMENT_3D('',#11442,#8691,#8692);
#7628=AXIS2_PLACEMENT_3D('',#11444,#8693,#8694);
#7629=AXIS2_PLACEMENT_3D('',#11448,#8696,#8697);
#7630=AXIS2_PLACEMENT_3D('',#11452,#8699,#8700);
#7631=AXIS2_PLACEMENT_3D('',#11456,#8702,#8703);
#7632=AXIS2_PLACEMENT_3D('',#11460,#8705,#8706);
#7633=AXIS2_PLACEMENT_3D('',#11462,#8707,#8708);
#7634=AXIS2_PLACEMENT_3D('',#11464,#8709,#8710);
#7635=AXIS2_PLACEMENT_3D('',#11468,#8712,#8713);
#7636=AXIS2_PLACEMENT_3D('',#11472,#8715,#8716);
#7637=AXIS2_PLACEMENT_3D('',#11474,#8717,#8718);
#7638=AXIS2_PLACEMENT_3D('',#11476,#8719,#8720);
#7639=AXIS2_PLACEMENT_3D('',#11480,#8722,#8723);
#7640=AXIS2_PLACEMENT_3D('',#11484,#8725,#8726);
#7641=AXIS2_PLACEMENT_3D('',#11486,#8727,#8728);
#7642=AXIS2_PLACEMENT_3D('',#11487,#8729,#8730);
#7643=AXIS2_PLACEMENT_3D('',#11489,#8731,#8732);
#7644=AXIS2_PLACEMENT_3D('',#11491,#8733,#8734);
#7645=AXIS2_PLACEMENT_3D('',#11495,#8736,#8737);
#7646=AXIS2_PLACEMENT_3D('',#11499,#8739,#8740);
#7647=AXIS2_PLACEMENT_3D('',#11503,#8742,#8743);
#7648=AXIS2_PLACEMENT_3D('',#11507,#8745,#8746);
#7649=AXIS2_PLACEMENT_3D('',#11509,#8747,#8748);
#7650=AXIS2_PLACEMENT_3D('',#11511,#8749,#8750);
#7651=AXIS2_PLACEMENT_3D('',#11515,#8752,#8753);
#7652=AXIS2_PLACEMENT_3D('',#11519,#8755,#8756);
#7653=AXIS2_PLACEMENT_3D('',#11521,#8757,#8758);
#7654=AXIS2_PLACEMENT_3D('',#11523,#8759,#8760);
#7655=AXIS2_PLACEMENT_3D('',#11527,#8762,#8763);
#7656=AXIS2_PLACEMENT_3D('',#11531,#8765,#8766);
#7657=AXIS2_PLACEMENT_3D('',#11533,#8767,#8768);
#7658=AXIS2_PLACEMENT_3D('',#11535,#8769,#8770);
#7659=AXIS2_PLACEMENT_3D('',#11539,#8772,#8773);
#7660=AXIS2_PLACEMENT_3D('',#11543,#8775,#8776);
#7661=AXIS2_PLACEMENT_3D('',#11547,#8778,#8779);
#7662=AXIS2_PLACEMENT_3D('',#11550,#8781,#8782);
#7663=AXIS2_PLACEMENT_3D('',#11554,#8784,#8785);
#7664=AXIS2_PLACEMENT_3D('',#11556,#8786,#8787);
#7665=AXIS2_PLACEMENT_3D('',#11558,#8788,#8789);
#7666=AXIS2_PLACEMENT_3D('',#11562,#8791,#8792);
#7667=AXIS2_PLACEMENT_3D('',#11566,#8794,#8795);
#7668=AXIS2_PLACEMENT_3D('',#11570,#8797,#8798);
#7669=AXIS2_PLACEMENT_3D('',#11574,#8800,#8801);
#7670=AXIS2_PLACEMENT_3D('',#11576,#8802,#8803);
#7671=AXIS2_PLACEMENT_3D('',#11578,#8804,#8805);
#7672=AXIS2_PLACEMENT_3D('',#11582,#8807,#8808);
#7673=AXIS2_PLACEMENT_3D('',#11586,#8810,#8811);
#7674=AXIS2_PLACEMENT_3D('',#11588,#8812,#8813);
#7675=AXIS2_PLACEMENT_3D('',#11590,#8814,#8815);
#7676=AXIS2_PLACEMENT_3D('',#11594,#8817,#8818);
#7677=AXIS2_PLACEMENT_3D('',#11598,#8820,#8821);
#7678=AXIS2_PLACEMENT_3D('',#11600,#8822,#8823);
#7679=AXIS2_PLACEMENT_3D('',#11602,#8824,#8825);
#7680=AXIS2_PLACEMENT_3D('',#11606,#8827,#8828);
#7681=AXIS2_PLACEMENT_3D('',#11610,#8830,#8831);
#7682=AXIS2_PLACEMENT_3D('',#11614,#8833,#8834);
#7683=AXIS2_PLACEMENT_3D('',#11618,#8836,#8837);
#7684=AXIS2_PLACEMENT_3D('',#11620,#8838,#8839);
#7685=AXIS2_PLACEMENT_3D('',#11622,#8840,#8841);
#7686=AXIS2_PLACEMENT_3D('',#11623,#8842,#8843);
#7687=AXIS2_PLACEMENT_3D('',#11624,#8844,#8845);
#7688=AXIS2_PLACEMENT_3D('',#11626,#8846,#8847);
#7689=AXIS2_PLACEMENT_3D('',#11628,#8848,#8849);
#7690=AXIS2_PLACEMENT_3D('',#11632,#8851,#8852);
#7691=AXIS2_PLACEMENT_3D('',#11636,#8854,#8855);
#7692=AXIS2_PLACEMENT_3D('',#11638,#8856,#8857);
#7693=AXIS2_PLACEMENT_3D('',#11640,#8858,#8859);
#7694=AXIS2_PLACEMENT_3D('',#11644,#8861,#8862);
#7695=AXIS2_PLACEMENT_3D('',#11648,#8864,#8865);
#7696=AXIS2_PLACEMENT_3D('',#11650,#8866,#8867);
#7697=AXIS2_PLACEMENT_3D('',#11652,#8868,#8869);
#7698=AXIS2_PLACEMENT_3D('',#11656,#8871,#8872);
#7699=AXIS2_PLACEMENT_3D('',#11660,#8874,#8875);
#7700=AXIS2_PLACEMENT_3D('',#11664,#8877,#8878);
#7701=AXIS2_PLACEMENT_3D('',#11669,#8881,#8882);
#7702=AXIS2_PLACEMENT_3D('',#11675,#8885,#8886);
#7703=AXIS2_PLACEMENT_3D('',#11678,#8888,#8889);
#7704=AXIS2_PLACEMENT_3D('',#11686,#8893,#8894);
#7705=AXIS2_PLACEMENT_3D('',#11692,#8897,#8898);
#7706=AXIS2_PLACEMENT_3D('',#11698,#8901,#8902);
#7707=AXIS2_PLACEMENT_3D('',#11704,#8905,#8906);
#7708=AXIS2_PLACEMENT_3D('',#11705,#8907,#8908);
#7709=AXIS2_PLACEMENT_3D('',#11707,#8909,#8910);
#7710=AXIS2_PLACEMENT_3D('',#11709,#8911,#8912);
#7711=AXIS2_PLACEMENT_3D('',#11716,#8915,#8916);
#7712=AXIS2_PLACEMENT_3D('',#11719,#8918,#8919);
#7713=AXIS2_PLACEMENT_3D('',#11725,#8922,#8923);
#7714=AXIS2_PLACEMENT_3D('',#11731,#8926,#8927);
#7715=AXIS2_PLACEMENT_3D('',#11732,#8928,#8929);
#7716=AXIS2_PLACEMENT_3D('',#11734,#8930,#8931);
#7717=AXIS2_PLACEMENT_3D('',#11736,#8932,#8933);
#7718=AXIS2_PLACEMENT_3D('',#11738,#8934,#8935);
#7719=AXIS2_PLACEMENT_3D('',#11740,#8936,#8937);
#7720=AXIS2_PLACEMENT_3D('',#11744,#8940,#8941);
#7721=AXIS2_PLACEMENT_3D('',#11745,#8942,#8943);
#7722=AXIS2_PLACEMENT_3D('',#11748,#8945,#8946);
#7723=AXIS2_PLACEMENT_3D('',#11768,#8949,#8950);
#7724=AXIS2_PLACEMENT_3D('',#11788,#8953,#8954);
#7725=AXIS2_PLACEMENT_3D('',#11789,#8955,#8956);
#7726=AXIS2_PLACEMENT_3D('',#11809,#8959,#8960);
#7727=AXIS2_PLACEMENT_3D('',#11829,#8963,#8964);
#7728=AXIS2_PLACEMENT_3D('',#11830,#8965,#8966);
#7729=AXIS2_PLACEMENT_3D('',#11836,#8970,#8971);
#7730=AXIS2_PLACEMENT_3D('',#11837,#8972,#8973);
#7731=AXIS2_PLACEMENT_3D('',#11840,#8975,#8976);
#7732=AXIS2_PLACEMENT_3D('',#11841,#8977,#8978);
#7733=AXIS2_PLACEMENT_3D('',#11843,#8979,#8980);
#7734=AXIS2_PLACEMENT_3D('',#11846,#8982,#8983);
#7735=AXIS2_PLACEMENT_3D('',#11847,#8984,#8985);
#7736=AXIS2_PLACEMENT_3D('',#11848,#8986,#8987);
#7737=AXIS2_PLACEMENT_3D('',#11851,#8989,#8990);
#7738=AXIS2_PLACEMENT_3D('',#11852,#8991,#8992);
#7739=AXIS2_PLACEMENT_3D('',#11853,#8993,#8994);
#7740=AXIS2_PLACEMENT_3D('',#11857,#8997,#8998);
#7741=AXIS2_PLACEMENT_3D('',#11858,#8999,#9000);
#7742=AXIS2_PLACEMENT_3D('',#11860,#9001,#9002);
#7743=AXIS2_PLACEMENT_3D('',#11880,#9005,#9006);
#7744=AXIS2_PLACEMENT_3D('',#11882,#9008,#9009);
#7745=AXIS2_PLACEMENT_3D('',#11901,#9011,#9012);
#7746=AXIS2_PLACEMENT_3D('',#11902,#9013,#9014);
#7747=AXIS2_PLACEMENT_3D('',#11905,#9016,#9017);
#7748=AXIS2_PLACEMENT_3D('',#11923,#9019,#9020);
#7749=AXIS2_PLACEMENT_3D('',#11925,#9022,#9023);
#7750=AXIS2_PLACEMENT_3D('',#11944,#9025,#9026);
#7751=AXIS2_PLACEMENT_3D('',#11945,#9027,#9028);
#7752=AXIS2_PLACEMENT_3D('',#11948,#9030,#9031);
#7753=AXIS2_PLACEMENT_3D('',#11952,#9034,#9035);
#7754=AXIS2_PLACEMENT_3D('',#11953,#9036,#9037);
#7755=AXIS2_PLACEMENT_3D('',#11956,#9039,#9040);
#7756=AXIS2_PLACEMENT_3D('',#11959,#9042,#9043);
#7757=AXIS2_PLACEMENT_3D('',#11960,#9044,#9045);
#7758=AXIS2_PLACEMENT_3D('',#11964,#9048,#9049);
#7759=AXIS2_PLACEMENT_3D('',#11967,#9051,#9052);
#7760=AXIS2_PLACEMENT_3D('',#11970,#9054,#9055);
#7761=AXIS2_PLACEMENT_3D('',#11988,#9057,#9058);
#7762=AXIS2_PLACEMENT_3D('',#11990,#9060,#9061);
#7763=AXIS2_PLACEMENT_3D('',#12009,#9063,#9064);
#7764=AXIS2_PLACEMENT_3D('',#12010,#9065,#9066);
#7765=AXIS2_PLACEMENT_3D('',#12013,#9068,#9069);
#7766=AXIS2_PLACEMENT_3D('',#12031,#9071,#9072);
#7767=AXIS2_PLACEMENT_3D('',#12033,#9074,#9075);
#7768=AXIS2_PLACEMENT_3D('',#12034,#9076,#9077);
#7769=AXIS2_PLACEMENT_3D('',#12036,#9078,#9079);
#7770=AXIS2_PLACEMENT_3D('',#12037,#9080,#9081);
#7771=AXIS2_PLACEMENT_3D('',#12042,#9084,#9085);
#7772=AXIS2_PLACEMENT_3D('',#12044,#9087,#9088);
#7773=AXIS2_PLACEMENT_3D('',#12063,#9090,#9091);
#7774=AXIS2_PLACEMENT_3D('',#12064,#9092,#9093);
#7775=AXIS2_PLACEMENT_3D('',#12067,#9095,#9096);
#7776=AXIS2_PLACEMENT_3D('',#12071,#9099,#9100);
#7777=AXIS2_PLACEMENT_3D('',#12074,#9103,#9104);
#7778=AXIS2_PLACEMENT_3D('',#12093,#9106,#9107);
#7779=AXIS2_PLACEMENT_3D('',#12094,#9108,#9109);
#7780=AXIS2_PLACEMENT_3D('',#12097,#9111,#9112);
#7781=AXIS2_PLACEMENT_3D('',#12103,#9116,#9117);
#7782=AXIS2_PLACEMENT_3D('',#12104,#9118,#9119);
#7783=AXIS2_PLACEMENT_3D('',#12107,#9121,#9122);
#7784=AXIS2_PLACEMENT_3D('',#12111,#9125,#9126);
#7785=AXIS2_PLACEMENT_3D('',#12112,#9127,#9128);
#7786=AXIS2_PLACEMENT_3D('',#12114,#9129,#9130);
#7787=AXIS2_PLACEMENT_3D('',#12133,#9132,#9133);
#7788=AXIS2_PLACEMENT_3D('',#12134,#9134,#9135);
#7789=AXIS2_PLACEMENT_3D('',#12139,#9138,#9139);
#7790=AXIS2_PLACEMENT_3D('',#12143,#9142,#9143);
#7791=AXIS2_PLACEMENT_3D('',#12145,#9145,#9146);
#7792=AXIS2_PLACEMENT_3D('',#12148,#9148,#9149);
#7793=AXIS2_PLACEMENT_3D('',#12149,#9150,#9151);
#7794=AXIS2_PLACEMENT_3D('',#12150,#9152,#9153);
#7795=AXIS2_PLACEMENT_3D('',#12152,#9154,#9155);
#7796=AXIS2_PLACEMENT_3D('',#12172,#9158,#9159);
#7797=AXIS2_PLACEMENT_3D('',#12174,#9161,#9162);
#7798=AXIS2_PLACEMENT_3D('',#12193,#9164,#9165);
#7799=AXIS2_PLACEMENT_3D('',#12197,#9168,#9169);
#7800=AXIS2_PLACEMENT_3D('',#12198,#9170,#9171);
#7801=AXIS2_PLACEMENT_3D('',#12201,#9173,#9174);
#7802=AXIS2_PLACEMENT_3D('',#12203,#9176,#9177);
#7803=AXIS2_PLACEMENT_3D('',#12207,#9180,#9181);
#7804=AXIS2_PLACEMENT_3D('',#12208,#9182,#9183);
#7805=AXIS2_PLACEMENT_3D('',#12211,#9185,#9186);
#7806=AXIS2_PLACEMENT_3D('',#12212,#9187,#9188);
#7807=AXIS2_PLACEMENT_3D('',#12215,#9190,#9191);
#7808=AXIS2_PLACEMENT_3D('',#12219,#9194,#9195);
#7809=AXIS2_PLACEMENT_3D('',#12222,#9197,#9198);
#7810=AXIS2_PLACEMENT_3D('',#12223,#9199,#9200);
#7811=AXIS2_PLACEMENT_3D('',#12226,#9203,#9204);
#7812=AXIS2_PLACEMENT_3D('',#12245,#9206,#9207);
#7813=AXIS2_PLACEMENT_3D('',#12246,#9208,#9209);
#7814=AXIS2_PLACEMENT_3D('',#12249,#9211,#9212);
#7815=AXIS2_PLACEMENT_3D('',#12253,#9215,#9216);
#7816=AXIS2_PLACEMENT_3D('',#12254,#9217,#9218);
#7817=AXIS2_PLACEMENT_3D('',#12255,#9219,#9220);
#7818=AXIS2_PLACEMENT_3D('',#12256,#9221,#9222);
#7819=AXIS2_PLACEMENT_3D('',#12258,#9223,#9224);
#7820=AXIS2_PLACEMENT_3D('',#12259,#9225,#9226);
#7821=AXIS2_PLACEMENT_3D('',#12262,#9228,#9229);
#7822=AXIS2_PLACEMENT_3D('',#12281,#9231,#9232);
#7823=AXIS2_PLACEMENT_3D('',#12283,#9234,#9235);
#7824=AXIS2_PLACEMENT_3D('',#12286,#9237,#9238);
#7825=AXIS2_PLACEMENT_3D('',#12287,#9239,#9240);
#7826=AXIS2_PLACEMENT_3D('',#12290,#9242,#9243);
#7827=AXIS2_PLACEMENT_3D('',#12293,#9245,#9246);
#7828=AXIS2_PLACEMENT_3D('',#12311,#9248,#9249);
#7829=AXIS2_PLACEMENT_3D('',#12313,#9251,#9252);
#7830=AXIS2_PLACEMENT_3D('',#12332,#9254,#9255);
#7831=AXIS2_PLACEMENT_3D('',#12333,#9256,#9257);
#7832=AXIS2_PLACEMENT_3D('',#12336,#9259,#9260);
#7833=AXIS2_PLACEMENT_3D('',#12337,#9261,#9262);
#7834=AXIS2_PLACEMENT_3D('',#12339,#9263,#9264);
#7835=AXIS2_PLACEMENT_3D('',#12343,#9267,#9268);
#7836=AXIS2_PLACEMENT_3D('',#12344,#9269,#9270);
#7837=AXIS2_PLACEMENT_3D('',#12347,#9272,#9273);
#7838=AXIS2_PLACEMENT_3D('',#12348,#9274,#9275);
#7839=AXIS2_PLACEMENT_3D('',#12353,#9278,#9279);
#7840=AXIS2_PLACEMENT_3D('',#12355,#9281,#9282);
#7841=AXIS2_PLACEMENT_3D('',#12357,#9284,#9285);
#7842=AXIS2_PLACEMENT_3D('',#12359,#9287,#9288);
#7843=AXIS2_PLACEMENT_3D('',#12368,#9293,#9294);
#7844=AXIS2_PLACEMENT_3D('',#12374,#9298,#9299);
#7845=AXIS2_PLACEMENT_3D('',#12385,#9305,#9306);
#7846=AXIS2_PLACEMENT_3D('',#12392,#9311,#9312);
#7847=AXIS2_PLACEMENT_3D('',#12398,#9317,#9318);
#7848=AXIS2_PLACEMENT_3D('',#12400,#9320,#9321);
#7849=AXIS2_PLACEMENT_3D('',#12403,#9323,#9324);
#7850=AXIS2_PLACEMENT_3D('',#12408,#9327,#9328);
#7851=AXIS2_PLACEMENT_3D('',#12410,#9330,#9331);
#7852=AXIS2_PLACEMENT_3D('',#12412,#9333,#9334);
#7853=AXIS2_PLACEMENT_3D('',#12414,#9336,#9337);
#7854=AXIS2_PLACEMENT_3D('',#12415,#9338,#9339);
#7855=AXIS2_PLACEMENT_3D('',#12419,#9341,#9342);
#7856=AXIS2_PLACEMENT_3D('',#12423,#9344,#9345);
#7857=AXIS2_PLACEMENT_3D('',#12424,#9346,#9347);
#7858=AXIS2_PLACEMENT_3D('',#12430,#9351,#9352);
#7859=AXIS2_PLACEMENT_3D('',#12445,#9360,#9361);
#7860=AXIS2_PLACEMENT_3D('',#12449,#9363,#9364);
#7861=AXIS2_PLACEMENT_3D('',#12453,#9366,#9367);
#7862=AXIS2_PLACEMENT_3D('',#12454,#9368,#9369);
#7863=AXIS2_PLACEMENT_3D('',#12455,#9370,#9371);
#7864=AXIS2_PLACEMENT_3D('',#12461,#9374,#9375);
#7865=AXIS2_PLACEMENT_3D('',#12467,#9378,#9379);
#7866=AXIS2_PLACEMENT_3D('',#12471,#9381,#9382);
#7867=AXIS2_PLACEMENT_3D('',#12475,#9384,#9385);
#7868=AXIS2_PLACEMENT_3D('',#12478,#9387,#9388);
#7869=AXIS2_PLACEMENT_3D('',#12487,#9393,#9394);
#7870=AXIS2_PLACEMENT_3D('',#12488,#9395,#9396);
#7871=AXIS2_PLACEMENT_3D('',#12489,#9397,#9398);
#7872=AXIS2_PLACEMENT_3D('',#12490,#9399,#9400);
#7873=AXIS2_PLACEMENT_3D('',#12499,#9405,#9406);
#7874=AXIS2_PLACEMENT_3D('',#12505,#9410,#9411);
#7875=AXIS2_PLACEMENT_3D('',#12509,#9414,#9415);
#7876=AXIS2_PLACEMENT_3D('',#12513,#9418,#9419);
#7877=AXIS2_PLACEMENT_3D('',#12515,#9421,#9422);
#7878=AXIS2_PLACEMENT_3D('',#12521,#9425,#9426);
#7879=AXIS2_PLACEMENT_3D('',#12522,#9427,#9428);
#7880=AXIS2_PLACEMENT_3D('',#12528,#9432,#9433);
#7881=AXIS2_PLACEMENT_3D('',#12530,#9435,#9436);
#7882=AXIS2_PLACEMENT_3D('',#12533,#9438,#9439);
#7883=AXIS2_PLACEMENT_3D('',#12537,#9442,#9443);
#7884=AXIS2_PLACEMENT_3D('',#12540,#9445,#9446);
#7885=AXIS2_PLACEMENT_3D('',#12541,#9447,#9448);
#7886=AXIS2_PLACEMENT_3D('',#12545,#9451,#9452);
#7887=AXIS2_PLACEMENT_3D('',#12546,#9453,#9454);
#7888=AXIS2_PLACEMENT_3D('',#12549,#9456,#9457);
#7889=AXIS2_PLACEMENT_3D('',#12553,#9460,#9461);
#7890=AXIS2_PLACEMENT_3D('',#12556,#9463,#9464);
#7891=AXIS2_PLACEMENT_3D('',#12557,#9465,#9466);
#7892=AXIS2_PLACEMENT_3D('',#12560,#9468,#9469);
#7893=AXIS2_PLACEMENT_3D('',#12561,#9470,#9471);
#7894=AXIS2_PLACEMENT_3D('',#12565,#9474,#9475);
#7895=AXIS2_PLACEMENT_3D('',#12568,#9477,#9478);
#7896=AXIS2_PLACEMENT_3D('',#12570,#9480,#9481);
#7897=AXIS2_PLACEMENT_3D('',#12573,#9483,#9484);
#7898=AXIS2_PLACEMENT_3D('',#12574,#9485,#9486);
#7899=AXIS2_PLACEMENT_3D('',#12578,#9489,#9490);
#7900=AXIS2_PLACEMENT_3D('',#12582,#9493,#9494);
#7901=AXIS2_PLACEMENT_3D('',#12586,#9497,#9498);
#7902=AXIS2_PLACEMENT_3D('',#12587,#9499,#9500);
#7903=AXIS2_PLACEMENT_3D('',#12590,#9502,#9503);
#7904=AXIS2_PLACEMENT_3D('',#12596,#9507,#9508);
#7905=AXIS2_PLACEMENT_3D('',#12599,#9510,#9511);
#7906=AXIS2_PLACEMENT_3D('',#12600,#9512,#9513);
#7907=AXIS2_PLACEMENT_3D('',#12602,#9515,#9516);
#7908=AXIS2_PLACEMENT_3D('',#12606,#9519,#9520);
#7909=AXIS2_PLACEMENT_3D('',#12610,#9523,#9524);
#7910=AXIS2_PLACEMENT_3D('',#12613,#9526,#9527);
#7911=AXIS2_PLACEMENT_3D('',#12614,#9528,#9529);
#7912=AXIS2_PLACEMENT_3D('',#12618,#9532,#9533);
#7913=AXIS2_PLACEMENT_3D('',#12622,#9536,#9537);
#7914=AXIS2_PLACEMENT_3D('',#12623,#9538,#9539);
#7915=AXIS2_PLACEMENT_3D('',#12624,#9540,#9541);
#7916=AXIS2_PLACEMENT_3D('',#12625,#9542,#9543);
#7917=AXIS2_PLACEMENT_3D('',#12628,#9545,#9546);
#7918=AXIS2_PLACEMENT_3D('',#12632,#9549,#9550);
#7919=AXIS2_PLACEMENT_3D('',#12633,#9551,#9552);
#7920=AXIS2_PLACEMENT_3D('',#12634,#9553,#9554);
#7921=AXIS2_PLACEMENT_3D('',#12635,#9555,#9556);
#7922=AXIS2_PLACEMENT_3D('',#12636,#9557,#9558);
#7923=AXIS2_PLACEMENT_3D('',#12645,#9563,#9564);
#7924=AXIS2_PLACEMENT_3D('',#12651,#9568,#9569);
#7925=AXIS2_PLACEMENT_3D('',#12662,#9575,#9576);
#7926=AXIS2_PLACEMENT_3D('',#12668,#9581,#9582);
#7927=AXIS2_PLACEMENT_3D('',#12672,#9584,#9585);
#7928=AXIS2_PLACEMENT_3D('',#12677,#9588,#9589);
#7929=AXIS2_PLACEMENT_3D('',#12680,#9592,#9593);
#7930=AXIS2_PLACEMENT_3D('',#12684,#9597,#9598);
#7931=AXIS2_PLACEMENT_3D('',#12685,#9599,#9600);
#7932=AXIS2_PLACEMENT_3D('',#12686,#9601,#9602);
#7933=AXIS2_PLACEMENT_3D('',#12690,#9604,#9605);
#7934=AXIS2_PLACEMENT_3D('',#12693,#9607,#9608);
#7935=AXIS2_PLACEMENT_3D('',#12695,#9610,#9611);
#7936=AXIS2_PLACEMENT_3D('',#12697,#9613,#9614);
#7937=AXIS2_PLACEMENT_3D('',#12706,#9619,#9620);
#7938=AXIS2_PLACEMENT_3D('',#12712,#9624,#9625);
#7939=AXIS2_PLACEMENT_3D('',#12720,#9630,#9631);
#7940=AXIS2_PLACEMENT_3D('',#12726,#9636,#9637);
#7941=AXIS2_PLACEMENT_3D('',#12730,#9641,#9642);
#7942=AXIS2_PLACEMENT_3D('',#12731,#9643,#9644);
#7943=AXIS2_PLACEMENT_3D('',#12732,#9645,#9646);
#7944=AXIS2_PLACEMENT_3D('',#12736,#9648,#9649);
#7945=AXIS2_PLACEMENT_3D('',#12739,#9651,#9652);
#7946=AXIS2_PLACEMENT_3D('',#12741,#9654,#9655);
#7947=AXIS2_PLACEMENT_3D('',#12743,#9657,#9658);
#7948=AXIS2_PLACEMENT_3D('',#12747,#9660,#9661);
#7949=AXIS2_PLACEMENT_3D('',#12751,#9663,#9664);
#7950=AXIS2_PLACEMENT_3D('',#12752,#9665,#9666);
#7951=AXIS2_PLACEMENT_3D('',#12758,#9670,#9671);
#7952=AXIS2_PLACEMENT_3D('',#12773,#9679,#9680);
#7953=AXIS2_PLACEMENT_3D('',#12777,#9682,#9683);
#7954=AXIS2_PLACEMENT_3D('',#12781,#9685,#9686);
#7955=AXIS2_PLACEMENT_3D('',#12782,#9687,#9688);
#7956=AXIS2_PLACEMENT_3D('',#12783,#9689,#9690);
#7957=AXIS2_PLACEMENT_3D('',#12789,#9693,#9694);
#7958=AXIS2_PLACEMENT_3D('',#12795,#9697,#9698);
#7959=AXIS2_PLACEMENT_3D('',#12799,#9700,#9701);
#7960=AXIS2_PLACEMENT_3D('',#12803,#9703,#9704);
#7961=AXIS2_PLACEMENT_3D('',#12806,#9706,#9707);
#7962=AXIS2_PLACEMENT_3D('',#12815,#9712,#9713);
#7963=AXIS2_PLACEMENT_3D('',#12816,#9714,#9715);
#7964=AXIS2_PLACEMENT_3D('',#12817,#9716,#9717);
#7965=AXIS2_PLACEMENT_3D('',#12818,#9718,#9719);
#7966=AXIS2_PLACEMENT_3D('',#12827,#9724,#9725);
#7967=AXIS2_PLACEMENT_3D('',#12833,#9729,#9730);
#7968=AXIS2_PLACEMENT_3D('',#12837,#9733,#9734);
#7969=AXIS2_PLACEMENT_3D('',#12841,#9737,#9738);
#7970=AXIS2_PLACEMENT_3D('',#12843,#9740,#9741);
#7971=AXIS2_PLACEMENT_3D('',#12849,#9744,#9745);
#7972=AXIS2_PLACEMENT_3D('',#12850,#9746,#9747);
#7973=AXIS2_PLACEMENT_3D('',#12856,#9751,#9752);
#7974=AXIS2_PLACEMENT_3D('',#12858,#9754,#9755);
#7975=AXIS2_PLACEMENT_3D('',#12861,#9757,#9758);
#7976=AXIS2_PLACEMENT_3D('',#12865,#9761,#9762);
#7977=AXIS2_PLACEMENT_3D('',#12868,#9764,#9765);
#7978=AXIS2_PLACEMENT_3D('',#12869,#9766,#9767);
#7979=AXIS2_PLACEMENT_3D('',#12873,#9770,#9771);
#7980=AXIS2_PLACEMENT_3D('',#12874,#9772,#9773);
#7981=AXIS2_PLACEMENT_3D('',#12877,#9775,#9776);
#7982=AXIS2_PLACEMENT_3D('',#12881,#9779,#9780);
#7983=AXIS2_PLACEMENT_3D('',#12884,#9782,#9783);
#7984=AXIS2_PLACEMENT_3D('',#12885,#9784,#9785);
#7985=AXIS2_PLACEMENT_3D('',#12888,#9787,#9788);
#7986=AXIS2_PLACEMENT_3D('',#12889,#9789,#9790);
#7987=AXIS2_PLACEMENT_3D('',#12893,#9793,#9794);
#7988=AXIS2_PLACEMENT_3D('',#12896,#9796,#9797);
#7989=AXIS2_PLACEMENT_3D('',#12898,#9799,#9800);
#7990=AXIS2_PLACEMENT_3D('',#12901,#9802,#9803);
#7991=AXIS2_PLACEMENT_3D('',#12902,#9804,#9805);
#7992=AXIS2_PLACEMENT_3D('',#12906,#9808,#9809);
#7993=AXIS2_PLACEMENT_3D('',#12910,#9812,#9813);
#7994=AXIS2_PLACEMENT_3D('',#12914,#9816,#9817);
#7995=AXIS2_PLACEMENT_3D('',#12915,#9818,#9819);
#7996=AXIS2_PLACEMENT_3D('',#12918,#9821,#9822);
#7997=AXIS2_PLACEMENT_3D('',#12924,#9826,#9827);
#7998=AXIS2_PLACEMENT_3D('',#12927,#9829,#9830);
#7999=AXIS2_PLACEMENT_3D('',#12928,#9831,#9832);
#8000=AXIS2_PLACEMENT_3D('',#12930,#9834,#9835);
#8001=AXIS2_PLACEMENT_3D('',#12934,#9838,#9839);
#8002=AXIS2_PLACEMENT_3D('',#12938,#9842,#9843);
#8003=AXIS2_PLACEMENT_3D('',#12941,#9845,#9846);
#8004=AXIS2_PLACEMENT_3D('',#12942,#9847,#9848);
#8005=AXIS2_PLACEMENT_3D('',#12946,#9851,#9852);
#8006=AXIS2_PLACEMENT_3D('',#12950,#9855,#9856);
#8007=AXIS2_PLACEMENT_3D('',#12951,#9857,#9858);
#8008=AXIS2_PLACEMENT_3D('',#12952,#9859,#9860);
#8009=AXIS2_PLACEMENT_3D('',#12953,#9861,#9862);
#8010=AXIS2_PLACEMENT_3D('',#12956,#9864,#9865);
#8011=AXIS2_PLACEMENT_3D('',#12960,#9868,#9869);
#8012=AXIS2_PLACEMENT_3D('',#12961,#9870,#9871);
#8013=AXIS2_PLACEMENT_3D('',#12962,#9872,#9873);
#8014=AXIS2_PLACEMENT_3D('',#12963,#9874,#9875);
#8015=AXIS2_PLACEMENT_3D('',#12972,#9880,#9881);
#8016=AXIS2_PLACEMENT_3D('',#12978,#9885,#9886);
#8017=AXIS2_PLACEMENT_3D('',#12986,#9891,#9892);
#8018=AXIS2_PLACEMENT_3D('',#12989,#9894,#9895);
#8019=AXIS2_PLACEMENT_3D('',#12994,#9898,#9899);
#8020=AXIS2_PLACEMENT_3D('',#12997,#9901,#9902);
#8021=AXIS2_PLACEMENT_3D('',#13003,#9907,#9908);
#8022=AXIS2_PLACEMENT_3D('',#13005,#9910,#9911);
#8023=AXIS2_PLACEMENT_3D('',#13008,#9913,#9914);
#8024=AXIS2_PLACEMENT_3D('',#13013,#9917,#9918);
#8025=AXIS2_PLACEMENT_3D('',#13015,#9920,#9921);
#8026=AXIS2_PLACEMENT_3D('',#13017,#9923,#9924);
#8027=AXIS2_PLACEMENT_3D('',#13019,#9926,#9927);
#8028=AXIS2_PLACEMENT_3D('',#13020,#9928,#9929);
#8029=AXIS2_PLACEMENT_3D('',#13023,#9932,#9933);
#8030=AXIS2_PLACEMENT_3D('',#13024,#9934,#9935);
#8031=AXIS2_PLACEMENT_3D('',#13025,#9936,#9937);
#8032=AXIS2_PLACEMENT_3D('',#13031,#9941,#9942);
#8033=AXIS2_PLACEMENT_3D('',#13032,#9943,#9944);
#8034=AXIS2_PLACEMENT_3D('',#13035,#9947,#9948);
#8035=AXIS2_PLACEMENT_3D('',#13037,#9950,#9951);
#8036=AXIS2_PLACEMENT_3D('',#13038,#9952,#9953);
#8037=AXIS2_PLACEMENT_3D('',#13040,#9955,#9956);
#8038=AXIS2_PLACEMENT_3D('',#13042,#9958,#9959);
#8039=AXIS2_PLACEMENT_3D('',#13044,#9961,#9962);
#8040=AXIS2_PLACEMENT_3D('',#13045,#9963,#9964);
#8041=AXIS2_PLACEMENT_3D('',#13051,#9968,#9969);
#8042=AXIS2_PLACEMENT_3D('',#13052,#9970,#9971);
#8043=AXIS2_PLACEMENT_3D('',#13055,#9974,#9975);
#8044=AXIS2_PLACEMENT_3D('',#13056,#9976,#9977);
#8045=AXIS2_PLACEMENT_3D('',#13057,#9978,#9979);
#8046=AXIS2_PLACEMENT_3D('',#13058,#9980,#9981);
#8047=AXIS2_PLACEMENT_3D('',#13059,#9982,#9983);
#8048=AXIS2_PLACEMENT_3D('',#13060,#9984,#9985);
#8049=AXIS2_PLACEMENT_3D('',#13061,#9986,#9987);
#8050=AXIS2_PLACEMENT_3D('',#13062,#9988,#9989);
#8051=AXIS2_PLACEMENT_3D('',#13063,#9990,#9991);
#8052=AXIS2_PLACEMENT_3D('',#13064,#9992,#9993);
#8053=AXIS2_PLACEMENT_3D('',#13065,#9994,#9995);
#8054=AXIS2_PLACEMENT_3D('',#13066,#9996,#9997);
#8055=AXIS2_PLACEMENT_3D('',#13067,#9998,#9999);
#8056=AXIS2_PLACEMENT_3D('',#13068,#10000,#10001);
#8057=AXIS2_PLACEMENT_3D('',#13069,#10002,#10003);
#8058=AXIS2_PLACEMENT_3D('',#13070,#10004,#10005);
#8059=AXIS2_PLACEMENT_3D('',#13071,#10006,#10007);
#8060=AXIS2_PLACEMENT_3D('',#13072,#10008,#10009);
#8061=AXIS2_PLACEMENT_3D('',#13073,#10010,#10011);
#8062=AXIS2_PLACEMENT_3D('',#13074,#10012,#10013);
#8063=AXIS2_PLACEMENT_3D('',#13075,#10014,#10015);
#8064=AXIS2_PLACEMENT_3D('',#13076,#10016,#10017);
#8065=AXIS2_PLACEMENT_3D('',#13077,#10018,#10019);
#8066=AXIS2_PLACEMENT_3D('',#13078,#10020,#10021);
#8067=AXIS2_PLACEMENT_3D('',#13079,#10022,#10023);
#8068=AXIS2_PLACEMENT_3D('',#13080,#10024,#10025);
#8069=AXIS2_PLACEMENT_3D('',#13081,#10026,#10027);
#8070=AXIS2_PLACEMENT_3D('',#13082,#10028,#10029);
#8071=AXIS2_PLACEMENT_3D('',#13083,#10030,#10031);
#8072=AXIS2_PLACEMENT_3D('',#13084,#10032,#10033);
#8073=AXIS2_PLACEMENT_3D('',#13085,#10034,#10035);
#8074=AXIS2_PLACEMENT_3D('',#13086,#10036,#10037);
#8075=AXIS2_PLACEMENT_3D('',#13087,#10038,#10039);
#8076=AXIS2_PLACEMENT_3D('',#13088,#10040,#10041);
#8077=AXIS2_PLACEMENT_3D('',#13089,#10042,#10043);
#8078=AXIS2_PLACEMENT_3D('',#13090,#10044,#10045);
#8079=AXIS2_PLACEMENT_3D('',#13091,#10046,#10047);
#8080=AXIS2_PLACEMENT_3D('',#13092,#10048,#10049);
#8081=AXIS2_PLACEMENT_3D('',#13093,#10050,#10051);
#8082=AXIS2_PLACEMENT_3D('',#13094,#10052,#10053);
#8083=AXIS2_PLACEMENT_3D('',#13095,#10054,#10055);
#8084=AXIS2_PLACEMENT_3D('',#13096,#10056,#10057);
#8085=AXIS2_PLACEMENT_3D('',#13097,#10058,#10059);
#8086=AXIS2_PLACEMENT_3D('',#13098,#10060,#10061);
#8087=AXIS2_PLACEMENT_3D('',#13099,#10062,#10063);
#8088=AXIS2_PLACEMENT_3D('',#13100,#10064,#10065);
#8089=AXIS2_PLACEMENT_3D('',#13101,#10066,#10067);
#8090=AXIS2_PLACEMENT_3D('',#13102,#10068,#10069);
#8091=AXIS2_PLACEMENT_3D('',#13103,#10070,#10071);
#8092=AXIS2_PLACEMENT_3D('',#13104,#10072,#10073);
#8093=AXIS2_PLACEMENT_3D('',#13105,#10074,#10075);
#8094=AXIS2_PLACEMENT_3D('',#13106,#10076,#10077);
#8095=AXIS2_PLACEMENT_3D('',#13107,#10078,#10079);
#8096=AXIS2_PLACEMENT_3D('',#13108,#10080,#10081);
#8097=AXIS2_PLACEMENT_3D('',#13109,#10082,#10083);
#8098=AXIS2_PLACEMENT_3D('',#13110,#10084,#10085);
#8099=AXIS2_PLACEMENT_3D('',#13111,#10086,#10087);
#8100=AXIS2_PLACEMENT_3D('',#13112,#10088,#10089);
#8101=AXIS2_PLACEMENT_3D('',#13113,#10090,#10091);
#8102=AXIS2_PLACEMENT_3D('',#13114,#10092,#10093);
#8103=AXIS2_PLACEMENT_3D('',#13115,#10094,#10095);
#8104=AXIS2_PLACEMENT_3D('',#13116,#10096,#10097);
#8105=AXIS2_PLACEMENT_3D('',#13117,#10098,#10099);
#8106=AXIS2_PLACEMENT_3D('',#13118,#10100,#10101);
#8107=AXIS2_PLACEMENT_3D('',#13119,#10102,#10103);
#8108=AXIS2_PLACEMENT_3D('',#13120,#10104,#10105);
#8109=AXIS2_PLACEMENT_3D('',#13121,#10106,#10107);
#8110=AXIS2_PLACEMENT_3D('',#13122,#10108,#10109);
#8111=AXIS2_PLACEMENT_3D('',#13123,#10110,#10111);
#8112=AXIS2_PLACEMENT_3D('',#13124,#10112,#10113);
#8113=AXIS2_PLACEMENT_3D('',#13125,#10114,#10115);
#8114=AXIS2_PLACEMENT_3D('',#13126,#10116,#10117);
#8115=AXIS2_PLACEMENT_3D('',#13127,#10118,#10119);
#8116=AXIS2_PLACEMENT_3D('',#13128,#10120,#10121);
#8117=AXIS2_PLACEMENT_3D('',#13130,#10123,#10124);
#8118=AXIS2_PLACEMENT_3D('',#13132,#10126,#10127);
#8119=AXIS2_PLACEMENT_3D('',#13134,#10129,#10130);
#8120=AXIS2_PLACEMENT_3D('',#13136,#10132,#10133);
#8121=AXIS2_PLACEMENT_3D('',#13138,#10135,#10136);
#8122=AXIS2_PLACEMENT_3D('',#13140,#10138,#10139);
#8123=AXIS2_PLACEMENT_3D('',#13142,#10141,#10142);
#8124=AXIS2_PLACEMENT_3D('',#13144,#10144,#10145);
#8125=AXIS2_PLACEMENT_3D('',#13148,#10147,#10148);
#8126=AXIS2_PLACEMENT_3D('',#13156,#10156,#10157);
#8127=AXIS2_PLACEMENT_3D('',#13158,#10159,#10160);
#8128=AXIS2_PLACEMENT_3D('',#13160,#10162,#10163);
#8129=AXIS2_PLACEMENT_3D('',#13163,#10166,#10167);
#8130=AXIS2_PLACEMENT_3D('',#13165,#10169,#10170);
#8131=AXIS2_PLACEMENT_3D('',#13167,#10172,#10173);
#8132=AXIS2_PLACEMENT_3D('',#13170,#10176,#10177);
#8133=AXIS2_PLACEMENT_3D('',#13172,#10179,#10180);
#8134=AXIS2_PLACEMENT_3D('',#13174,#10182,#10183);
#8135=AXIS2_PLACEMENT_3D('',#13177,#10186,#10187);
#8136=AXIS2_PLACEMENT_3D('',#13179,#10189,#10190);
#8137=AXIS2_PLACEMENT_3D('',#13181,#10192,#10193);
#8138=AXIS2_PLACEMENT_3D('',#13184,#10196,#10197);
#8139=AXIS2_PLACEMENT_3D('',#13186,#10199,#10200);
#8140=AXIS2_PLACEMENT_3D('',#13187,#10201,#10202);
#8141=AXIS2_PLACEMENT_3D('',#13188,#10203,#10204);
#8142=AXIS2_PLACEMENT_3D('',#13189,#10205,#10206);
#8143=AXIS2_PLACEMENT_3D('',#13190,#10207,#10208);
#8144=AXIS2_PLACEMENT_3D('',#13191,#10209,#10210);
#8145=AXIS2_PLACEMENT_3D('',#13192,#10211,#10212);
#8146=AXIS2_PLACEMENT_3D('',#13193,#10213,#10214);
#8147=AXIS2_PLACEMENT_3D('',#13194,#10215,#10216);
#8148=AXIS2_PLACEMENT_3D('',#13195,#10217,#10218);
#8149=AXIS2_PLACEMENT_3D('',#13196,#10219,#10220);
#8150=AXIS2_PLACEMENT_3D('',#13197,#10221,#10222);
#8151=AXIS2_PLACEMENT_3D('',#13198,#10223,#10224);
#8152=AXIS2_PLACEMENT_3D('',#13199,#10225,#10226);
#8153=AXIS2_PLACEMENT_3D('',#13200,#10227,#10228);
#8154=AXIS2_PLACEMENT_3D('',#13201,#10229,#10230);
#8155=AXIS2_PLACEMENT_3D('',#13202,#10231,#10232);
#8156=AXIS2_PLACEMENT_3D('',#13206,#10235,#10236);
#8157=AXIS2_PLACEMENT_3D('',#13208,#10238,#10239);
#8158=AXIS2_PLACEMENT_3D('',#13209,#10240,#10241);
#8159=AXIS2_PLACEMENT_3D('',#13239,#10242,#10243);
#8160=AXIS2_PLACEMENT_3D('',#13240,#10244,#10245);
#8161=AXIS2_PLACEMENT_3D('',#13241,#10246,#10247);
#8162=AXIS2_PLACEMENT_3D('',#13242,#10248,#10249);
#8163=AXIS2_PLACEMENT_3D('',#13243,#10250,#10251);
#8164=AXIS2_PLACEMENT_3D('',#13244,#10252,#10253);
#8165=AXIS2_PLACEMENT_3D('',#13245,#10254,#10255);
#8166=AXIS2_PLACEMENT_3D('',#13246,#10256,#10257);
#8167=AXIS2_PLACEMENT_3D('',#13247,#10258,#10259);
#8168=AXIS2_PLACEMENT_3D('',#13248,#10260,#10261);
#8169=AXIS2_PLACEMENT_3D('',#13249,#10262,#10263);
#8170=AXIS2_PLACEMENT_3D('',#13250,#10264,#10265);
#8171=AXIS2_PLACEMENT_3D('',#13251,#10266,#10267);
#8172=AXIS2_PLACEMENT_3D('',#13252,#10268,#10269);
#8173=AXIS2_PLACEMENT_3D('',#13253,#10270,#10271);
#8174=AXIS2_PLACEMENT_3D('',#13255,#10273,#10274);
#8175=AXIS2_PLACEMENT_3D('',#13257,#10276,#10277);
#8176=AXIS2_PLACEMENT_3D('',#13259,#10279,#10280);
#8177=AXIS2_PLACEMENT_3D('',#13261,#10282,#10283);
#8178=AXIS2_PLACEMENT_3D('',#13266,#10284,#10285);
#8179=AXIS2_PLACEMENT_3D('',#13267,#10286,#10287);
#8180=AXIS2_PLACEMENT_3D('',#13268,#10288,#10289);
#8181=AXIS2_PLACEMENT_3D('',#13269,#10290,#10291);
#8182=AXIS2_PLACEMENT_3D('',#13270,#10292,#10293);
#8183=AXIS2_PLACEMENT_3D('',#13271,#10294,#10295);
#8184=AXIS2_PLACEMENT_3D('',#13290,#10296,#10297);
#8185=AXIS2_PLACEMENT_3D('',#13291,#10298,#10299);
#8186=AXIS2_PLACEMENT_3D('',#13292,#10300,#10301);
#8187=AXIS2_PLACEMENT_3D('',#13293,#10302,#10303);
#8188=AXIS2_PLACEMENT_3D('',#13294,#10304,#10305);
#8189=AXIS2_PLACEMENT_3D('',#13295,#10306,#10307);
#8190=AXIS2_PLACEMENT_3D('',#13296,#10308,#10309);
#8191=AXIS2_PLACEMENT_3D('',#13297,#10310,#10311);
#8192=AXIS2_PLACEMENT_3D('',#13298,#10312,#10313);
#8193=AXIS2_PLACEMENT_3D('',#13299,#10314,#10315);
#8194=AXIS2_PLACEMENT_3D('',#13301,#10317,#10318);
#8195=AXIS2_PLACEMENT_3D('',#13303,#10320,#10321);
#8196=AXIS2_PLACEMENT_3D('',#13304,#10322,#10323);
#8197=AXIS2_PLACEMENT_3D('',#13305,#10324,#10325);
#8198=AXIS2_PLACEMENT_3D('',#13307,#10326,#10327);
#8199=AXIS2_PLACEMENT_3D('',#13308,#10328,#10329);
#8200=AXIS2_PLACEMENT_3D('',#13310,#10330,#10331);
#8201=AXIS2_PLACEMENT_3D('',#13311,#10332,#10333);
#8202=AXIS2_PLACEMENT_3D('',#13313,#10334,#10335);
#8203=AXIS2_PLACEMENT_3D('',#13314,#10336,#10337);
#8204=AXIS2_PLACEMENT_3D('',#13316,#10338,#10339);
#8205=AXIS2_PLACEMENT_3D('',#13317,#10340,#10341);
#8206=AXIS2_PLACEMENT_3D('',#13319,#10342,#10343);
#8207=AXIS2_PLACEMENT_3D('',#13320,#10344,#10345);
#8208=AXIS2_PLACEMENT_3D('',#13322,#10346,#10347);
#8209=AXIS2_PLACEMENT_3D('',#13323,#10348,#10349);
#8210=AXIS2_PLACEMENT_3D('',#13325,#10350,#10351);
#8211=AXIS2_PLACEMENT_3D('',#13326,#10352,#10353);
#8212=AXIS2_PLACEMENT_3D('',#13328,#10354,#10355);
#8213=AXIS2_PLACEMENT_3D('',#13329,#10356,#10357);
#8214=AXIS2_PLACEMENT_3D('',#13331,#10358,#10359);
#8215=AXIS2_PLACEMENT_3D('',#13332,#10360,#10361);
#8216=AXIS2_PLACEMENT_3D('',#13333,#10362,#10363);
#8217=AXIS2_PLACEMENT_3D('',#13335,#10364,#10365);
#8218=AXIS2_PLACEMENT_3D('',#13336,#10366,#10367);
#8219=AXIS2_PLACEMENT_3D('',#13337,#10368,#10369);
#8220=AXIS2_PLACEMENT_3D('',#13339,#10370,#10371);
#8221=AXIS2_PLACEMENT_3D('',#13340,#10372,#10373);
#8222=AXIS2_PLACEMENT_3D('',#13341,#10374,#10375);
#8223=AXIS2_PLACEMENT_3D('',#13343,#10376,#10377);
#8224=AXIS2_PLACEMENT_3D('',#13344,#10378,#10379);
#8225=AXIS2_PLACEMENT_3D('',#13345,#10380,#10381);
#8226=AXIS2_PLACEMENT_3D('',#13347,#10382,#10383);
#8227=AXIS2_PLACEMENT_3D('',#13348,#10384,#10385);
#8228=AXIS2_PLACEMENT_3D('',#13349,#10386,#10387);
#8229=AXIS2_PLACEMENT_3D('',#13351,#10388,#10389);
#8230=AXIS2_PLACEMENT_3D('',#13352,#10390,#10391);
#8231=AXIS2_PLACEMENT_3D('',#13353,#10392,#10393);
#8232=AXIS2_PLACEMENT_3D('',#13355,#10394,#10395);
#8233=AXIS2_PLACEMENT_3D('',#13356,#10396,#10397);
#8234=AXIS2_PLACEMENT_3D('',#13357,#10398,#10399);
#8235=AXIS2_PLACEMENT_3D('',#13359,#10400,#10401);
#8236=AXIS2_PLACEMENT_3D('',#13360,#10402,#10403);
#8237=DIRECTION('',(0.,0.,1.));
#8238=DIRECTION('',(1.,0.,0.));
#8239=DIRECTION('',(-1.,-7.2280144832367E-16,0.));
#8240=DIRECTION('',(0.,1.,0.));
#8241=DIRECTION('',(1.,7.2280144832367E-16,0.));
#8242=DIRECTION('',(-7.21644966006352E-16,1.,0.));
#8243=DIRECTION('',(0.768221279597437,0.,-0.640184399664406));
#8244=DIRECTION('',(0.640184399664406,0.,0.768221279597437));
#8245=DIRECTION('',(0.768221279597437,0.,-0.640184399664406));
#8246=DIRECTION('',(0.640184399664406,0.,0.768221279597437));
#8247=DIRECTION('',(0.768221279597437,0.,-0.640184399664406));
#8248=DIRECTION('',(0.640184399664406,0.,0.768221279597437));
#8249=DIRECTION('',(0.,1.,0.));
#8250=DIRECTION('',(0.768221279597437,0.,-0.640184399664406));
#8251=DIRECTION('',(0.640184399664406,0.,0.768221279597437));
#8252=DIRECTION('',(0.768221279597437,0.,-0.640184399664406));
#8253=DIRECTION('',(0.640184399664406,0.,0.768221279597437));
#8254=DIRECTION('',(0.768221279597437,0.,-0.640184399664406));
#8255=DIRECTION('',(0.640184399664406,0.,0.768221279597437));
#8256=DIRECTION('',(-3.61400724161835E-16,1.,-4.33680868994286E-16));
#8257=DIRECTION('',(0.768221279597437,0.,-0.640184399664406));
#8258=DIRECTION('',(0.640184399664406,0.,0.768221279597437));
#8259=DIRECTION('',(0.768221279597437,0.,-0.640184399664406));
#8260=DIRECTION('',(0.640184399664406,0.,0.768221279597437));
#8261=DIRECTION('',(0.768221279597437,0.,-0.640184399664406));
#8262=DIRECTION('',(0.640184399664406,0.,0.768221279597437));
#8263=DIRECTION('',(0.,1.,0.));
#8264=DIRECTION('',(0.768221279597437,0.,-0.640184399664406));
#8265=DIRECTION('',(0.640184399664406,0.,0.768221279597437));
#8266=DIRECTION('',(0.640184399664406,0.,0.768221279597437));
#8267=DIRECTION('',(0.,1.,0.));
#8268=DIRECTION('',(-0.640184399664406,0.,-0.768221279597437));
#8269=DIRECTION('',(-0.768221279597437,0.,0.640184399664406));
#8270=DIRECTION('',(0.640184399664406,0.,0.768221279597437));
#8271=DIRECTION('',(0.,1.,0.));
#8272=DIRECTION('',(-0.768221279597437,0.,0.640184399664406));
#8273=DIRECTION('',(-0.640184399664406,0.,-0.768221279597437));
#8274=DIRECTION('',(-0.640184399664406,0.,-0.768221279597437));
#8275=DIRECTION('',(0.,1.,0.));
#8276=DIRECTION('',(-0.640184399664406,0.,-0.768221279597437));
#8277=DIRECTION('',(0.768221279597437,0.,-0.640184399664406));
#8278=DIRECTION('',(0.640184399664406,0.,0.768221279597437));
#8279=DIRECTION('',(-3.61400724161835E-16,1.,-4.33680868994286E-16));
#8280=DIRECTION('',(-7.2280144832367E-16,1.,-8.67361737988573E-16));
#8281=DIRECTION('',(0.768221279597437,0.,-0.640184399664406));
#8282=DIRECTION('',(0.640184399664406,0.,0.768221279597437));
#8283=DIRECTION('',(0.640184399664406,0.,0.768221279597437));
#8284=DIRECTION('',(-0.768221279597437,0.,0.640184399664406));
#8285=DIRECTION('',(-0.640184399664406,0.,-0.768221279597437));
#8286=DIRECTION('',(-0.640184399664406,0.,-0.768221279597437));
#8287=DIRECTION('',(0.768221279597437,0.,-0.640184399664406));
#8288=DIRECTION('',(0.640184399664406,0.,0.768221279597437));
#8289=DIRECTION('',(-7.2280144832367E-16,1.,-8.67361737988573E-16));
#8290=DIRECTION('',(0.768221279597437,0.,-0.640184399664406));
#8291=DIRECTION('',(0.640184399664406,0.,0.768221279597437));
#8292=DIRECTION('',(0.,-1.,0.));
#8293=DIRECTION('',(0.768221279597437,0.,-0.640184399664406));
#8294=DIRECTION('',(0.640184399664406,0.,0.768221279597437));
#8295=DIRECTION('',(-7.2280144832367E-16,1.,-8.67361737988573E-16));
#8296=DIRECTION('',(0.768221279597437,0.,-0.640184399664406));
#8297=DIRECTION('',(0.640184399664406,0.,0.768221279597437));
#8298=DIRECTION('',(-0.640184399664406,0.,-0.768221279597437));
#8299=DIRECTION('',(-0.768221279597437,0.,0.640184399664406));
#8300=DIRECTION('',(-0.640184399664406,0.,-0.768221279597437));
#8301=DIRECTION('',(0.640184399664406,0.,0.768221279597437));
#8302=DIRECTION('',(0.768221279597437,0.,-0.640184399664406));
#8303=DIRECTION('',(0.640184399664406,0.,0.768221279597437));
#8304=DIRECTION('',(-7.2280144832367E-16,1.,-8.67361737988573E-16));
#8305=DIRECTION('',(0.768221279597437,0.,-0.640184399664406));
#8306=DIRECTION('',(0.640184399664406,0.,0.768221279597437));
#8307=DIRECTION('',(0.640184399664406,0.,0.768221279597437));
#8308=DIRECTION('',(-0.768221279597437,0.,0.640184399664406));
#8309=DIRECTION('',(-0.640184399664406,0.,-0.768221279597437));
#8310=DIRECTION('',(-0.640184399664406,0.,-0.768221279597437));
#8311=DIRECTION('',(0.768221279597437,0.,-0.640184399664406));
#8312=DIRECTION('',(0.640184399664406,0.,0.768221279597437));
#8313=DIRECTION('',(-7.2280144832367E-16,1.,-8.67361737988573E-16));
#8314=DIRECTION('',(0.768221279597437,0.,-0.640184399664406));
#8315=DIRECTION('',(0.640184399664406,0.,0.768221279597437));
#8316=DIRECTION('',(0.640184399664406,-1.77686865128314E-15,0.768221279597437));
#8317=DIRECTION('',(-0.768221279597437,0.,0.640184399664406));
#8318=DIRECTION('',(-0.640184399664406,0.,-0.768221279597437));
#8319=DIRECTION('',(-0.640184399664406,0.,-0.768221279597437));
#8320=DIRECTION('',(0.768221279597437,0.,-0.640184399664406));
#8321=DIRECTION('',(0.640184399664406,0.,0.768221279597437));
#8322=DIRECTION('',(0.768221279597437,0.,-0.640184399664406));
#8323=DIRECTION('',(-0.640184399664406,0.,-0.768221279597437));
#8324=DIRECTION('',(1.,7.2280144832367E-16,0.));
#8325=DIRECTION('',(-1.44560289664734E-15,1.,0.));
#8326=DIRECTION('',(-1.,0.,0.));
#8327=DIRECTION('',(1.,0.,0.));
#8328=DIRECTION('',(-1.,0.,0.));
#8329=DIRECTION('',(0.,0.,1.));
#8330=DIRECTION('',(-1.,0.,0.));
#8331=DIRECTION('',(0.,0.,-1.));
#8332=DIRECTION('',(-1.,0.,0.));
#8333=DIRECTION('',(1.,0.,0.));
#8334=DIRECTION('',(0.,0.,1.));
#8335=DIRECTION('',(1.,0.,0.));
#8336=DIRECTION('',(-1.,-7.2280144832367E-16,0.));
#8337=DIRECTION('',(-1.44560289664734E-15,1.,0.));
#8338=DIRECTION('',(-1.,0.,0.));
#8339=DIRECTION('',(0.,0.,1.));
#8340=DIRECTION('',(-1.,0.,0.));
#8341=DIRECTION('',(0.,0.,-1.));
#8342=DIRECTION('',(-1.,0.,0.));
#8343=DIRECTION('',(1.,3.61400724161835E-16,0.));
#8344=DIRECTION('',(0.,-1.,0.));
#8345=DIRECTION('',(1.,0.,0.));
#8346=DIRECTION('',(-1.,0.,0.));
#8347=DIRECTION('',(0.,0.,-1.));
#8348=DIRECTION('',(-1.,-7.2280144832367E-16,0.));
#8349=DIRECTION('',(-1.44560289664734E-15,1.,0.));
#8350=DIRECTION('',(-1.,0.,0.));
#8351=DIRECTION('',(0.,0.,1.));
#8352=DIRECTION('',(-1.,-7.2280144832367E-16,0.));
#8353=DIRECTION('',(-1.44560289664734E-15,1.,0.));
#8354=DIRECTION('',(1.,0.,0.));
#8355=DIRECTION('',(-1.,0.,0.));
#8356=DIRECTION('',(-1.,0.,0.));
#8357=DIRECTION('',(0.,0.,1.));
#8358=DIRECTION('',(-1.,0.,0.));
#8359=DIRECTION('',(0.,0.,-1.));
#8360=DIRECTION('',(-1.,2.77555756156289E-15,0.));
#8361=DIRECTION('',(1.,0.,0.));
#8362=DIRECTION('',(0.,0.,1.));
#8363=DIRECTION('',(1.,0.,0.));
#8364=DIRECTION('',(-1.,-7.2280144832367E-16,0.));
#8365=DIRECTION('',(-1.44560289664734E-15,1.,0.));
#8366=DIRECTION('',(-1.,0.,0.));
#8367=DIRECTION('',(0.,0.,1.));
#8368=DIRECTION('',(-1.,-7.2280144832367E-16,0.));
#8369=DIRECTION('',(-1.44560289664734E-15,1.,0.));
#8370=DIRECTION('',(1.,0.,0.));
#8371=DIRECTION('',(-1.,2.77555756156289E-15,0.));
#8372=DIRECTION('',(-1.,0.,0.));
#8373=DIRECTION('',(0.,0.,1.));
#8374=DIRECTION('',(-1.,0.,0.));
#8375=DIRECTION('',(0.,0.,-1.));
#8376=DIRECTION('',(-1.,0.,0.));
#8377=DIRECTION('',(1.,3.61400724161835E-16,0.));
#8378=DIRECTION('',(0.,-1.,0.));
#8379=DIRECTION('',(1.,0.,0.));
#8380=DIRECTION('',(-1.,-7.2280144832367E-16,0.));
#8381=DIRECTION('',(-1.44560289664734E-15,1.,0.));
#8382=DIRECTION('',(-1.,0.,0.));
#8383=DIRECTION('',(0.,0.,1.));
#8384=DIRECTION('',(-1.,-7.2280144832367E-16,0.));
#8385=DIRECTION('',(-1.44560289664734E-15,1.,0.));
#8386=DIRECTION('',(1.,0.,0.));
#8387=DIRECTION('',(-1.,0.,0.));
#8388=DIRECTION('',(-1.,0.,0.));
#8389=DIRECTION('',(0.,0.,1.));
#8390=DIRECTION('',(1.,0.,0.));
#8391=DIRECTION('',(-1.,0.,0.));
#8392=DIRECTION('',(0.768221279597437,0.,-0.640184399664406));
#8393=DIRECTION('',(0.640184399664406,0.,0.768221279597437));
#8394=DIRECTION('',(-1.,-7.2280144832367E-16,0.));
#8395=DIRECTION('',(0.,1.,0.));
#8396=DIRECTION('',(1.,0.,0.));
#8397=DIRECTION('',(0.,0.,-1.));
#8398=DIRECTION('',(1.,0.,0.));
#8399=DIRECTION('',(-1.,0.,0.));
#8400=DIRECTION('',(0.768221279597437,0.,-0.640184399664406));
#8401=DIRECTION('',(0.640184399664406,0.,0.768221279597437));
#8402=DIRECTION('',(-1.,-7.2280144832367E-16,0.));
#8403=DIRECTION('',(0.,1.,0.));
#8404=DIRECTION('',(1.,0.,0.));
#8405=DIRECTION('',(0.,0.,-1.));
#8406=DIRECTION('',(1.,0.,0.));
#8407=DIRECTION('',(-1.,0.,0.));
#8408=DIRECTION('',(0.768221279597437,0.,-0.640184399664406));
#8409=DIRECTION('',(0.640184399664406,0.,0.768221279597437));
#8410=DIRECTION('',(1.,0.,0.));
#8411=DIRECTION('',(0.,0.,-1.));
#8412=DIRECTION('',(-1.,0.,0.));
#8413=DIRECTION('',(0.,0.499999999999999,-0.866025403784439));
#8414=DIRECTION('',(1.,0.,0.));
#8415=DIRECTION('',(0.,-0.499999999999999,0.866025403784439));
#8416=DIRECTION('',(0.,0.866025403784439,0.499999999999999));
#8417=DIRECTION('',(0.,-0.499999999999999,0.866025403784439));
#8418=DIRECTION('',(0.,-0.499999999999999,-0.866025403784439));
#8419=DIRECTION('',(1.,0.,0.));
#8420=DIRECTION('',(0.,0.499999999999999,0.866025403784439));
#8421=DIRECTION('',(1.,0.,0.));
#8422=DIRECTION('',(0.,0.866025403784439,-0.499999999999999));
#8423=DIRECTION('',(0.,0.499999999999999,0.866025403784439));
#8424=DIRECTION('',(0.,2.52323414687535E-15,-1.));
#8425=DIRECTION('',(-1.,1.26443886558765E-30,7.5623310643703E-16));
#8426=DIRECTION('',(0.,0.,-1.));
#8427=DIRECTION('',(0.,1.15648231731787E-15,1.));
#8428=DIRECTION('',(5.55111512312578E-15,-1.,-2.77555756156289E-15));
#8429=DIRECTION('',(0.,-8.16340459283204E-16,-1.));
#8430=DIRECTION('',(1.,-1.26443886558765E-30,-7.5623310643703E-16));
#8431=DIRECTION('',(0.,0.,-1.));
#8432=DIRECTION('',(-1.06752213906265E-15,1.,0.));
#8433=DIRECTION('',(1.,-1.26443886558765E-30,-7.5623310643703E-16));
#8434=DIRECTION('',(7.56339435525888E-16,0.,1.));
#8435=DIRECTION('',(1.,0.,0.));
#8436=DIRECTION('',(-1.,0.,0.));
#8437=DIRECTION('',(0.,0.,-1.));
#8438=DIRECTION('',(1.,0.,0.));
#8439=DIRECTION('',(-1.,0.,0.));
#8440=DIRECTION('',(0.,0.,1.));
#8441=DIRECTION('',(-1.,0.,0.));
#8442=DIRECTION('',(0.,0.,-1.));
#8443=DIRECTION('',(-1.,0.,0.));
#8444=DIRECTION('',(-1.,1.26443886558765E-30,7.5623310643703E-16));
#8445=DIRECTION('',(0.,0.,-1.));
#8446=DIRECTION('',(-1.,0.,0.));
#8447=DIRECTION('',(-1.,0.,0.));
#8448=DIRECTION('',(0.,0.,1.));
#8449=DIRECTION('',(1.,0.,0.));
#8450=DIRECTION('',(0.,0.,-1.));
#8451=DIRECTION('',(0.,-1.,0.));
#8452=DIRECTION('',(0.,0.,-1.));
#8453=DIRECTION('',(1.,0.,0.));
#8454=DIRECTION('',(0.,0.,-1.));
#8455=DIRECTION('',(0.,-1.,1.67202262744752E-15));
#8456=DIRECTION('',(-1.,0.,0.));
#8457=DIRECTION('',(0.,1.,-1.67202262744752E-15));
#8458=DIRECTION('',(-0.961523947640823,0.274721127897378,0.));
#8459=DIRECTION('',(5.16718649958937E-30,-1.,-7.70988211545248E-16));
#8460=DIRECTION('',(0.961523947640823,0.274721127897378,2.11806751071293E-16));
#8461=DIRECTION('',(-5.31449634234599E-30,1.,7.70988211545248E-16));
#8462=DIRECTION('',(1.,-4.29412544368679E-31,-3.31072009597902E-46));
#8463=DIRECTION('',(0.,1.,0.));
#8464=DIRECTION('',(-1.,0.,0.));
#8465=DIRECTION('',(-1.84748567583084E-30,1.,7.70988211545248E-16));
#8466=DIRECTION('',(1.,-4.29412544368679E-31,-3.31072009597902E-46));
#8467=DIRECTION('',(-1.62807719751592E-30,1.,7.70988211545248E-16));
#8468=DIRECTION('',(-1.,0.,0.));
#8469=DIRECTION('',(1.,0.,0.));
#8470=DIRECTION('',(0.,-1.,0.));
#8471=DIRECTION('',(-1.,0.,0.));
#8472=DIRECTION('',(-1.26443886558765E-30,-1.,0.));
#8473=DIRECTION('',(1.,0.,0.));
#8474=DIRECTION('',(0.,1.,0.));
#8475=DIRECTION('',(-1.,-4.9851730665239E-65,0.));
#8476=DIRECTION('',(4.9851730665239E-65,-1.,4.49024471295489E-49));
#8477=DIRECTION('',(1.,0.,0.));
#8478=DIRECTION('',(0.,1.,0.));
#8479=DIRECTION('',(1.,4.9851730665239E-65,0.));
#8480=DIRECTION('',(0.,0.,1.));
#8481=DIRECTION('',(1.,0.,0.));
#8482=DIRECTION('',(-1.84748567583084E-30,1.,7.70988211545248E-16));
#8483=DIRECTION('',(1.,0.,0.));
#8484=DIRECTION('',(0.,1.,0.));
#8485=DIRECTION('',(-1.,0.,0.));
#8486=DIRECTION('',(0.,0.,1.));
#8487=DIRECTION('',(1.,0.,0.));
#8488=DIRECTION('',(0.,0.,-1.));
#8489=DIRECTION('',(0.,-1.,1.33440267382831E-16));
#8490=DIRECTION('',(7.5623310643703E-16,6.50521303491303E-16,-1.));
#8491=DIRECTION('',(0.,-1.,1.67202262744752E-15));
#8492=DIRECTION('',(-7.5623310643703E-16,7.5623310643703E-16,1.));
#8493=DIRECTION('',(1.,1.26443886558765E-30,7.5623310643703E-16));
#8494=DIRECTION('',(7.56339435525888E-16,0.,-1.));
#8495=DIRECTION('',(0.,-1.,0.));
#8496=DIRECTION('',(0.,-1.,0.));
#8497=DIRECTION('',(0.,0.,1.));
#8498=DIRECTION('',(4.9851730665239E-65,-1.,4.49024471295489E-49));
#8499=DIRECTION('',(0.,0.,1.));
#8500=DIRECTION('',(0.,1.,0.));
#8501=DIRECTION('',(0.,0.,1.));
#8502=DIRECTION('',(0.,1.,0.));
#8503=DIRECTION('',(0.,0.,-1.));
#8504=DIRECTION('',(0.,-1.,0.));
#8505=DIRECTION('',(0.,1.,0.));
#8506=DIRECTION('',(0.,0.,1.));
#8507=DIRECTION('',(0.,1.,0.));
#8508=DIRECTION('',(0.,0.,1.));
#8509=DIRECTION('',(-0.640184399664406,0.,-0.768221279597437));
#8510=DIRECTION('',(0.640184399664406,0.,0.768221279597437));
#8511=DIRECTION('',(0.,1.,0.));
#8512=DIRECTION('',(0.768221279597437,0.,-0.640184399664406));
#8513=DIRECTION('',(-0.640184399664406,0.,-0.768221279597437));
#8514=DIRECTION('',(-0.640184399664406,0.,-0.768221279597437));
#8515=DIRECTION('',(0.640184399664406,-1.77686865128314E-15,0.768221279597437));
#8516=DIRECTION('',(0.,1.,0.));
#8517=DIRECTION('',(0.768221279597437,0.,-0.640184399664406));
#8518=DIRECTION('',(-0.640184399664406,0.,-0.768221279597437));
#8519=DIRECTION('',(-0.640184399664406,0.,-0.768221279597437));
#8520=DIRECTION('',(0.640184399664406,0.,0.768221279597437));
#8521=DIRECTION('',(0.,1.,0.));
#8522=DIRECTION('',(0.768221279597437,0.,-0.640184399664406));
#8523=DIRECTION('',(-0.640184399664406,0.,-0.768221279597437));
#8524=DIRECTION('',(-7.5623310643703E-16,0.,-1.));
#8525=DIRECTION('',(-7.5623310643703E-16,-7.5623310643703E-16,-1.));
#8526=DIRECTION('',(0.,1.,-1.67202262744752E-15));
#8527=DIRECTION('',(7.56233106437026E-16,-6.50521303491303E-16,1.));
#8528=DIRECTION('',(1.06752213906265E-15,-1.,2.66880534765663E-16));
#8529=DIRECTION('',(1.,-1.26443886558765E-30,-7.5623310643703E-16));
#8530=DIRECTION('',(0.,0.,-1.));
#8531=DIRECTION('',(0.,0.,-1.));
#8532=DIRECTION('',(-5.55111512312578E-15,1.,-2.77555756156289E-15));
#8533=DIRECTION('',(0.,-1.15648231731787E-15,1.));
#8534=DIRECTION('',(-1.26443886558765E-30,-1.,0.));
#8535=DIRECTION('',(1.,-1.26443886558765E-30,-7.5623310643703E-16));
#8536=DIRECTION('',(7.56339435525888E-16,0.,1.));
#8537=DIRECTION('',(0.,0.,1.));
#8538=DIRECTION('',(1.,0.,0.));
#8539=DIRECTION('',(-1.,0.,0.));
#8540=DIRECTION('',(0.,1.15648231731787E-15,-1.));
#8541=DIRECTION('',(-1.,0.,0.));
#8542=DIRECTION('',(0.,0.,-1.));
#8543=DIRECTION('',(1.,0.,0.));
#8544=DIRECTION('',(0.,-1.15648231731787E-15,-1.));
#8545=DIRECTION('',(-1.,0.,0.));
#8546=DIRECTION('',(0.,-1.,0.));
#8547=DIRECTION('',(0.,0.,-1.));
#8548=DIRECTION('',(0.,1.,-1.67202262744752E-15));
#8549=DIRECTION('',(-1.,0.,0.));
#8550=DIRECTION('',(0.,-1.,1.67202262744752E-15));
#8551=DIRECTION('',(-0.961523947640823,-0.274721127897378,0.));
#8552=DIRECTION('',(5.16718649958937E-30,1.,7.70988211545248E-16));
#8553=DIRECTION('',(0.961523947640823,-0.274721127897378,-2.11806751071293E-16));
#8554=DIRECTION('',(-5.31449634234599E-30,-1.,-7.70988211545248E-16));
#8555=DIRECTION('',(1.,4.29412544368679E-31,3.31072009597902E-46));
#8556=DIRECTION('',(1.,0.,0.));
#8557=DIRECTION('',(0.,-1.,0.));
#8558=DIRECTION('',(-1.,4.9851730665239E-65,0.));
#8559=DIRECTION('',(-4.9851730665239E-65,-1.,4.49024471295489E-49));
#8560=DIRECTION('',(1.,0.,0.));
#8561=DIRECTION('',(0.,-1.,0.));
#8562=DIRECTION('',(-1.,4.9851730665239E-65,0.));
#8563=DIRECTION('',(0.,-1.,0.));
#8564=DIRECTION('',(-1.84748567583084E-30,-1.,-7.70988211545247E-16));
#8565=DIRECTION('',(1.,4.29412544368679E-31,3.31072009597902E-46));
#8566=DIRECTION('',(-1.62807719751592E-30,-1.,-7.70988211545247E-16));
#8567=DIRECTION('',(-1.,0.,0.));
#8568=DIRECTION('',(0.,-1.,0.));
#8569=DIRECTION('',(1.,0.,0.));
#8570=DIRECTION('',(0.,1.,0.));
#8571=DIRECTION('',(-1.,0.,0.));
#8572=DIRECTION('',(-1.26443886558765E-30,1.,0.));
#8573=DIRECTION('',(0.,0.,-1.));
#8574=DIRECTION('',(-1.,0.,0.));
#8575=DIRECTION('',(1.,0.,0.));
#8576=DIRECTION('',(0.,0.,-1.));
#8577=DIRECTION('',(-1.,0.,0.));
#8578=DIRECTION('',(0.,0.,-1.));
#8579=DIRECTION('',(-1.,0.,0.));
#8580=DIRECTION('',(0.,0.,1.));
#8581=DIRECTION('',(-1.,0.,0.));
#8582=DIRECTION('',(0.,0.,1.));
#8583=DIRECTION('',(1.,0.,0.));
#8584=DIRECTION('',(0.,0.,1.));
#8585=DIRECTION('',(-1.,0.,0.));
#8586=DIRECTION('',(0.,0.,-1.));
#8587=DIRECTION('',(0.,1.,0.));
#8588=DIRECTION('',(0.,0.,1.));
#8589=DIRECTION('',(-1.,0.,0.));
#8590=DIRECTION('',(0.,0.,-1.));
#8591=DIRECTION('',(-1.,0.,0.));
#8592=DIRECTION('',(0.,0.,-1.));
#8593=DIRECTION('',(1.,0.,0.));
#8594=DIRECTION('',(0.,0.,-1.));
#8595=DIRECTION('',(-1.,0.,0.));
#8596=DIRECTION('',(0.,0.,-1.));
#8597=DIRECTION('',(1.,0.,0.));
#8598=DIRECTION('',(0.,0.,-1.));
#8599=DIRECTION('',(1.,0.,0.));
#8600=DIRECTION('',(0.,0.,-1.));
#8601=DIRECTION('',(-1.,0.,0.));
#8602=DIRECTION('',(0.,0.,-0.999999999999999));
#8603=DIRECTION('',(1.,0.,0.));
#8604=DIRECTION('',(1.,0.,0.));
#8605=DIRECTION('',(0.,0.,-0.999999999999999));
#8606=DIRECTION('',(1.,0.,0.));
#8607=DIRECTION('',(-1.,0.,0.));
#8608=DIRECTION('',(0.,0.,1.));
#8609=DIRECTION('',(0.,0.866025403784438,0.500000000000002));
#8610=DIRECTION('',(0.,-0.866025403784438,-0.500000000000002));
#8611=DIRECTION('',(1.,0.,0.));
#8612=DIRECTION('',(0.,-0.500000000000002,0.866025403784438));
#8613=DIRECTION('',(0.,-0.866025403784438,-0.500000000000002));
#8614=DIRECTION('',(0.,-0.499999999999998,0.86602540378444));
#8615=DIRECTION('',(-1.,0.,0.));
#8616=DIRECTION('',(0.,0.499999999999998,-0.86602540378444));
#8617=DIRECTION('',(1.,0.,0.));
#8618=DIRECTION('',(0.,-0.86602540378444,-0.499999999999998));
#8619=DIRECTION('',(0.,0.499999999999998,-0.86602540378444));
#8620=DIRECTION('',(-1.,0.,0.));
#8621=DIRECTION('',(0.,0.,-0.999999999999999));
#8622=DIRECTION('',(1.,0.,0.));
#8623=DIRECTION('',(0.,0.,-0.999999999999999));
#8624=DIRECTION('',(1.,0.,0.));
#8625=DIRECTION('',(-1.,0.,0.));
#8626=DIRECTION('',(0.,0.,1.));
#8627=DIRECTION('',(0.,-5.79745592212314E-15,-1.));
#8628=DIRECTION('',(0.,5.79745592212314E-15,1.));
#8629=DIRECTION('',(-1.,0.,0.));
#8630=DIRECTION('',(0.,1.,-5.79745592212314E-15));
#8631=DIRECTION('',(0.,5.80091530366644E-15,1.));
#8632=DIRECTION('',(0.,1.,-1.44936398053078E-15));
#8633=DIRECTION('',(-1.,0.,0.));
#8634=DIRECTION('',(0.,-1.,1.44936398053078E-15));
#8635=DIRECTION('',(1.,0.,0.));
#8636=DIRECTION('',(0.,1.44936398053078E-15,1.));
#8637=DIRECTION('',(0.,-1.,1.45022882591661E-15));
#8638=DIRECTION('',(-1.,0.,0.));
#8639=DIRECTION('',(0.,0.,-0.999999999999999));
#8640=DIRECTION('',(1.,0.,0.));
#8641=DIRECTION('',(0.,0.,-0.999999999999999));
#8642=DIRECTION('',(1.,0.,0.));
#8643=DIRECTION('',(-1.,0.,0.));
#8644=DIRECTION('',(0.,0.,1.));
#8645=DIRECTION('',(0.,-0.86602540378444,0.499999999999998));
#8646=DIRECTION('',(0.,0.86602540378444,-0.499999999999998));
#8647=DIRECTION('',(-1.,0.,0.));
#8648=DIRECTION('',(0.,-0.499999999999998,-0.86602540378444));
#8649=DIRECTION('',(0.,0.86602540378444,-0.499999999999998));
#8650=DIRECTION('',(-1.,0.,0.));
#8651=DIRECTION('',(0.,0.,-1.));
#8652=DIRECTION('',(1.,0.,0.));
#8653=DIRECTION('',(0.,0.,-1.));
#8654=DIRECTION('',(-1.,0.,0.));
#8655=DIRECTION('',(0.,0.,1.));
#8656=DIRECTION('',(1.,0.,0.));
#8657=DIRECTION('',(-1.,0.,0.));
#8658=DIRECTION('',(0.,0.,-1.));
#8659=DIRECTION('',(1.,0.,0.));
#8660=DIRECTION('',(0.,0.,-1.));
#8661=DIRECTION('',(-1.,0.,0.));
#8662=DIRECTION('',(0.,0.,1.));
#8663=DIRECTION('',(0.,0.,-1.));
#8664=DIRECTION('',(1.,0.,0.));
#8665=DIRECTION('',(0.,0.,-1.));
#8666=DIRECTION('',(0.,-0.747409318683661,0.664363838829919));
#8667=DIRECTION('',(0.,2.52323414687535E-15,-1.));
#8668=DIRECTION('',(0.,1.,0.));
#8669=DIRECTION('',(0.,0.,1.));
#8670=DIRECTION('',(0.,1.,0.));
#8671=DIRECTION('',(-4.66293670342566E-16,1.23259516440783E-31,-1.));
#8672=DIRECTION('',(-4.9851730665239E-65,-1.,4.49024471295489E-49));
#8673=DIRECTION('',(1.11022302462516E-16,4.49024471295489E-49,1.));
#8674=DIRECTION('',(0.,1.,0.));
#8675=DIRECTION('',(1.,0.,0.));
#8676=DIRECTION('',(0.,0.,-1.));
#8677=DIRECTION('',(0.,0.,1.));
#8678=DIRECTION('',(1.,0.,0.));
#8679=DIRECTION('',(0.,0.,-1.));
#8680=DIRECTION('',(0.,0.,1.));
#8681=DIRECTION('',(0.,-1.,0.));
#8682=DIRECTION('',(0.,0.,-1.));
#8683=DIRECTION('',(-4.66293670342566E-16,-1.23259516440783E-31,1.));
#8684=DIRECTION('',(-4.9851730665239E-65,1.,-4.49024471295489E-49));
#8685=DIRECTION('',(1.11022302462516E-16,-4.49024471295489E-49,-1.));
#8686=DIRECTION('',(0.,-1.,0.));
#8687=DIRECTION('',(0.,0.,-1.));
#8688=DIRECTION('',(0.,1.,0.));
#8689=DIRECTION('',(1.,0.,0.));
#8690=DIRECTION('',(0.,0.,-1.));
#8691=DIRECTION('',(1.,0.,0.));
#8692=DIRECTION('',(0.,0.,-1.));
#8693=DIRECTION('',(1.,0.,0.));
#8694=DIRECTION('',(0.,0.,-0.999999999999999));
#8695=DIRECTION('',(0.,0.86602540378444,0.499999999999998));
#8696=DIRECTION('',(-1.,0.,0.));
#8697=DIRECTION('',(0.,0.,-1.));
#8698=DIRECTION('',(0.,1.,1.44936398053078E-15));
#8699=DIRECTION('',(1.,0.,0.));
#8700=DIRECTION('',(0.,0.,-0.999999999999999));
#8701=DIRECTION('',(0.,5.79745592212314E-15,-1.));
#8702=DIRECTION('',(-1.,0.,0.));
#8703=DIRECTION('',(0.,0.,-1.));
#8704=DIRECTION('',(0.,-0.499999999999998,-0.86602540378444));
#8705=DIRECTION('',(1.,0.,0.));
#8706=DIRECTION('',(0.,0.,-0.999999999999999));
#8707=DIRECTION('',(1.,0.,0.));
#8708=DIRECTION('',(0.,0.,-1.));
#8709=DIRECTION('',(1.,0.,0.));
#8710=DIRECTION('',(0.,0.,-0.999999999999999));
#8711=DIRECTION('',(0.,-0.499999999999998,0.86602540378444));
#8712=DIRECTION('',(-1.,0.,0.));
#8713=DIRECTION('',(0.,0.,-1.));
#8714=DIRECTION('',(0.,0.499999999999998,0.86602540378444));
#8715=DIRECTION('',(1.,0.,0.));
#8716=DIRECTION('',(0.,0.,-1.));
#8717=DIRECTION('',(1.,0.,0.));
#8718=DIRECTION('',(0.,0.,-1.));
#8719=DIRECTION('',(1.,0.,0.));
#8720=DIRECTION('',(0.,0.,-1.));
#8721=DIRECTION('',(0.,-0.499999999999998,0.86602540378444));
#8722=DIRECTION('',(-1.,0.,0.));
#8723=DIRECTION('',(0.,0.,-0.999999999999999));
#8724=DIRECTION('',(0.,0.499999999999998,0.86602540378444));
#8725=DIRECTION('',(1.,0.,0.));
#8726=DIRECTION('',(0.,0.,-1.));
#8727=DIRECTION('',(1.,0.,0.));
#8728=DIRECTION('',(0.,0.,-1.));
#8729=DIRECTION('',(1.,0.,0.));
#8730=DIRECTION('',(0.,0.,-1.));
#8731=DIRECTION('',(1.,0.,0.));
#8732=DIRECTION('',(0.,0.,-1.));
#8733=DIRECTION('',(1.,0.,0.));
#8734=DIRECTION('',(0.,0.,-1.));
#8735=DIRECTION('',(0.,-0.866025403784439,-0.499999999999999));
#8736=DIRECTION('',(-1.,0.,0.));
#8737=DIRECTION('',(0.,0.,-1.));
#8738=DIRECTION('',(0.,1.,1.44936398053078E-15));
#8739=DIRECTION('',(1.,0.,0.));
#8740=DIRECTION('',(0.,0.,-1.));
#8741=DIRECTION('',(0.,-5.79745592212312E-15,1.));
#8742=DIRECTION('',(-1.,0.,0.));
#8743=DIRECTION('',(0.,0.,-1.));
#8744=DIRECTION('',(0.,-0.499999999999998,-0.86602540378444));
#8745=DIRECTION('',(1.,0.,0.));
#8746=DIRECTION('',(0.,0.,-1.));
#8747=DIRECTION('',(1.,0.,0.));
#8748=DIRECTION('',(0.,0.,-1.));
#8749=DIRECTION('',(1.,0.,0.));
#8750=DIRECTION('',(0.,0.,-1.));
#8751=DIRECTION('',(0.,0.499999999999998,-0.86602540378444));
#8752=DIRECTION('',(-1.,0.,0.));
#8753=DIRECTION('',(0.,0.,-1.));
#8754=DIRECTION('',(0.,-0.499999999999998,-0.86602540378444));
#8755=DIRECTION('',(1.,0.,0.));
#8756=DIRECTION('',(0.,0.,-1.));
#8757=DIRECTION('',(1.,0.,0.));
#8758=DIRECTION('',(0.,0.,-1.));
#8759=DIRECTION('',(1.,0.,0.));
#8760=DIRECTION('',(0.,0.,-1.));
#8761=DIRECTION('',(0.,0.499999999999998,-0.86602540378444));
#8762=DIRECTION('',(-1.,0.,0.));
#8763=DIRECTION('',(0.,0.,-1.));
#8764=DIRECTION('',(0.,-0.499999999999998,-0.86602540378444));
#8765=DIRECTION('',(1.,0.,0.));
#8766=DIRECTION('',(0.,0.,-1.));
#8767=DIRECTION('',(1.,0.,0.));
#8768=DIRECTION('',(0.,0.,-1.));
#8769=DIRECTION('',(1.,0.,0.));
#8770=DIRECTION('',(0.,0.,-1.));
#8771=DIRECTION('',(0.,0.499999999999998,-0.86602540378444));
#8772=DIRECTION('',(-1.,0.,0.));
#8773=DIRECTION('',(0.,0.,-1.));
#8774=DIRECTION('',(0.,5.79745592212312E-15,1.));
#8775=DIRECTION('',(1.,0.,0.));
#8776=DIRECTION('',(0.,0.,-1.));
#8777=DIRECTION('',(0.,-1.,1.44936398053078E-15));
#8778=DIRECTION('',(-1.,0.,0.));
#8779=DIRECTION('',(0.,0.,-1.));
#8780=DIRECTION('',(0.,0.866025403784439,-0.499999999999999));
#8781=DIRECTION('',(1.,0.,0.));
#8782=DIRECTION('',(0.,0.,-1.));
#8783=DIRECTION('',(0.,-0.86602540378444,-0.499999999999998));
#8784=DIRECTION('',(1.,0.,0.));
#8785=DIRECTION('',(0.,0.,-1.));
#8786=DIRECTION('',(-1.,0.,0.));
#8787=DIRECTION('',(0.,0.,-1.));
#8788=DIRECTION('',(1.,0.,0.));
#8789=DIRECTION('',(0.,0.,-1.));
#8790=DIRECTION('',(0.,-0.866025403784439,0.499999999999999));
#8791=DIRECTION('',(1.,0.,0.));
#8792=DIRECTION('',(0.,0.,-1.));
#8793=DIRECTION('',(0.,1.,-1.44936398053078E-15));
#8794=DIRECTION('',(1.,0.,0.));
#8795=DIRECTION('',(0.,0.,-1.));
#8796=DIRECTION('',(0.,-5.79745592212312E-15,-1.));
#8797=DIRECTION('',(1.,0.,0.));
#8798=DIRECTION('',(0.,0.,-1.));
#8799=DIRECTION('',(0.,-0.499999999999998,0.86602540378444));
#8800=DIRECTION('',(1.,0.,0.));
#8801=DIRECTION('',(0.,0.,-1.));
#8802=DIRECTION('',(-1.,0.,0.));
#8803=DIRECTION('',(0.,0.,-1.));
#8804=DIRECTION('',(1.,0.,0.));
#8805=DIRECTION('',(0.,0.,-1.));
#8806=DIRECTION('',(0.,0.499999999999998,0.86602540378444));
#8807=DIRECTION('',(-1.,0.,0.));
#8808=DIRECTION('',(0.,0.,-1.));
#8809=DIRECTION('',(0.,-0.499999999999998,0.86602540378444));
#8810=DIRECTION('',(1.,0.,0.));
#8811=DIRECTION('',(0.,0.,-1.));
#8812=DIRECTION('',(-1.,0.,0.));
#8813=DIRECTION('',(0.,0.,-1.));
#8814=DIRECTION('',(1.,0.,0.));
#8815=DIRECTION('',(0.,0.,-1.));
#8816=DIRECTION('',(0.,0.499999999999998,0.86602540378444));
#8817=DIRECTION('',(1.,0.,0.));
#8818=DIRECTION('',(0.,0.,-1.));
#8819=DIRECTION('',(0.,-0.499999999999998,0.86602540378444));
#8820=DIRECTION('',(1.,0.,0.));
#8821=DIRECTION('',(0.,0.,-1.));
#8822=DIRECTION('',(-1.,0.,0.));
#8823=DIRECTION('',(0.,0.,-1.));
#8824=DIRECTION('',(1.,0.,0.));
#8825=DIRECTION('',(0.,0.,-1.));
#8826=DIRECTION('',(0.,0.499999999999998,0.86602540378444));
#8827=DIRECTION('',(-1.,0.,0.));
#8828=DIRECTION('',(0.,0.,-1.));
#8829=DIRECTION('',(0.,5.79745592212312E-15,-1.));
#8830=DIRECTION('',(1.,0.,0.));
#8831=DIRECTION('',(0.,0.,-1.));
#8832=DIRECTION('',(0.,-1.,-1.44936398053078E-15));
#8833=DIRECTION('',(-1.,0.,0.));
#8834=DIRECTION('',(0.,0.,-1.));
#8835=DIRECTION('',(0.,0.866025403784439,0.499999999999999));
#8836=DIRECTION('',(1.,0.,0.));
#8837=DIRECTION('',(0.,0.,-1.));
#8838=DIRECTION('',(-1.,0.,0.));
#8839=DIRECTION('',(0.,0.,-0.999999999999999));
#8840=DIRECTION('',(1.,0.,0.));
#8841=DIRECTION('',(0.,0.,-1.));
#8842=DIRECTION('',(1.,0.,0.));
#8843=DIRECTION('',(0.,0.,-1.));
#8844=DIRECTION('',(1.,0.,0.));
#8845=DIRECTION('',(0.,0.,-1.));
#8846=DIRECTION('',(-1.,0.,0.));
#8847=DIRECTION('',(0.,0.,-1.));
#8848=DIRECTION('',(1.,0.,0.));
#8849=DIRECTION('',(0.,0.,-1.));
#8850=DIRECTION('',(0.,-0.499999999999998,-0.86602540378444));
#8851=DIRECTION('',(-1.,0.,0.));
#8852=DIRECTION('',(0.,0.,-0.999999999999999));
#8853=DIRECTION('',(0.,0.499999999999998,-0.86602540378444));
#8854=DIRECTION('',(1.,0.,0.));
#8855=DIRECTION('',(0.,0.,-1.));
#8856=DIRECTION('',(-1.,0.,0.));
#8857=DIRECTION('',(0.,0.,-1.));
#8858=DIRECTION('',(1.,0.,0.));
#8859=DIRECTION('',(0.,0.,-1.));
#8860=DIRECTION('',(0.,-0.499999999999998,-0.86602540378444));
#8861=DIRECTION('',(1.,0.,0.));
#8862=DIRECTION('',(0.,0.,-1.));
#8863=DIRECTION('',(0.,0.499999999999998,-0.86602540378444));
#8864=DIRECTION('',(1.,0.,0.));
#8865=DIRECTION('',(0.,0.,-1.));
#8866=DIRECTION('',(-1.,0.,0.));
#8867=DIRECTION('',(0.,0.,-1.));
#8868=DIRECTION('',(1.,0.,0.));
#8869=DIRECTION('',(0.,0.,-1.));
#8870=DIRECTION('',(0.,-0.499999999999998,-0.86602540378444));
#8871=DIRECTION('',(-1.,0.,0.));
#8872=DIRECTION('',(0.,0.,-1.));
#8873=DIRECTION('',(0.,-5.79745592212314E-15,1.));
#8874=DIRECTION('',(1.,0.,0.));
#8875=DIRECTION('',(0.,0.,-1.));
#8876=DIRECTION('',(0.,1.,1.44936398053078E-15));
#8877=DIRECTION('',(-1.,0.,0.));
#8878=DIRECTION('',(0.,0.,-1.));
#8879=DIRECTION('',(0.,0.499999999999999,0.866025403784439));
#8880=DIRECTION('',(0.,0.499999999999999,-0.866025403784439));
#8881=DIRECTION('',(-1.,0.,0.));
#8882=DIRECTION('',(0.,0.,-1.));
#8883=DIRECTION('',(0.,-0.866025403784438,0.500000000000001));
#8884=DIRECTION('',(0.,0.866025403784438,0.500000000000001));
#8885=DIRECTION('',(1.,0.,0.));
#8886=DIRECTION('',(0.,0.,-1.));
#8887=DIRECTION('',(0.,-0.499999999999999,-0.866025403784439));
#8888=DIRECTION('',(-1.,0.,0.));
#8889=DIRECTION('',(0.,0.,-0.999999999999999));
#8890=DIRECTION('',(0.,0.866025403784438,-0.500000000000002));
#8891=DIRECTION('',(0.,0.866025403784438,-0.500000000000002));
#8892=DIRECTION('',(0.,-0.866025403784438,-0.500000000000002));
#8893=DIRECTION('',(1.,0.,0.));
#8894=DIRECTION('',(0.,0.,-1.));
#8895=DIRECTION('',(0.,0.499999999999999,0.866025403784439));
#8896=DIRECTION('',(0.,0.499999999999999,-0.866025403784439));
#8897=DIRECTION('',(-1.,0.,0.));
#8898=DIRECTION('',(0.,0.,-1.));
#8899=DIRECTION('',(0.,-0.866025403784438,0.500000000000001));
#8900=DIRECTION('',(0.,0.866025403784438,0.500000000000001));
#8901=DIRECTION('',(1.,0.,0.));
#8902=DIRECTION('',(0.,0.,-1.));
#8903=DIRECTION('',(0.,-0.499999999999999,-0.866025403784439));
#8904=DIRECTION('',(0.,-0.499999999999999,0.866025403784439));
#8905=DIRECTION('',(-1.,0.,0.));
#8906=DIRECTION('',(0.,0.,-1.));
#8907=DIRECTION('',(1.,0.,0.));
#8908=DIRECTION('',(0.,0.,-0.999999999999999));
#8909=DIRECTION('',(1.,0.,0.));
#8910=DIRECTION('',(0.,0.,-1.));
#8911=DIRECTION('',(1.,0.,0.));
#8912=DIRECTION('',(0.,0.,-1.));
#8913=DIRECTION('',(0.,0.866025403784438,-0.500000000000002));
#8914=DIRECTION('',(0.,-0.866025403784438,-0.500000000000002));
#8915=DIRECTION('',(1.,0.,0.));
#8916=DIRECTION('',(0.,0.,-0.999999999999999));
#8917=DIRECTION('',(0.,0.499999999999999,-0.866025403784439));
#8918=DIRECTION('',(-1.,0.,0.));
#8919=DIRECTION('',(0.,0.,-1.));
#8920=DIRECTION('',(0.,-0.866025403784438,0.500000000000001));
#8921=DIRECTION('',(0.,0.866025403784438,0.500000000000001));
#8922=DIRECTION('',(1.,0.,0.));
#8923=DIRECTION('',(0.,0.,-1.));
#8924=DIRECTION('',(0.,-0.499999999999999,-0.866025403784439));
#8925=DIRECTION('',(0.,-0.499999999999999,0.866025403784439));
#8926=DIRECTION('',(-1.,0.,0.));
#8927=DIRECTION('',(0.,0.,-1.));
#8928=DIRECTION('',(1.,0.,0.));
#8929=DIRECTION('',(0.,0.,-0.999999999999999));
#8930=DIRECTION('',(1.,0.,0.));
#8931=DIRECTION('',(0.,0.,-0.999999999999999));
#8932=DIRECTION('',(1.,0.,0.));
#8933=DIRECTION('',(0.,0.,-1.));
#8934=DIRECTION('',(1.,0.,0.));
#8935=DIRECTION('',(0.,0.,-0.999999999999999));
#8936=DIRECTION('',(1.,0.,0.));
#8937=DIRECTION('',(0.,0.,-1.));
#8938=DIRECTION('',(0.,-0.499999999999999,-0.866025403784439));
#8939=DIRECTION('',(1.,0.,0.));
#8940=DIRECTION('',(0.,0.866025403784439,-0.499999999999999));
#8941=DIRECTION('',(0.,0.499999999999999,0.866025403784439));
#8942=DIRECTION('',(-1.,0.,0.));
#8943=DIRECTION('',(0.,0.,-1.));
#8944=DIRECTION('',(-1.,0.,0.));
#8945=DIRECTION('',(-1.,0.,0.));
#8946=DIRECTION('',(0.,0.,1.));
#8947=DIRECTION('',(-1.,0.,0.));
#8948=DIRECTION('',(1.,0.,0.));
#8949=DIRECTION('',(0.,1.44936398053078E-15,-1.));
#8950=DIRECTION('',(0.,1.,1.45022882591661E-15));
#8951=DIRECTION('',(1.,0.,0.));
#8952=DIRECTION('',(-1.,0.,0.));
#8953=DIRECTION('',(0.,-0.499999999999998,0.86602540378444));
#8954=DIRECTION('',(0.,-0.86602540378444,-0.499999999999998));
#8955=DIRECTION('',(-1.,0.,0.));
#8956=DIRECTION('',(0.,0.,1.));
#8957=DIRECTION('',(1.,0.,0.));
#8958=DIRECTION('',(-1.,0.,0.));
#8959=DIRECTION('',(0.,1.,5.79745592212314E-15));
#8960=DIRECTION('',(0.,-5.80091530366644E-15,1.));
#8961=DIRECTION('',(-1.,0.,0.));
#8962=DIRECTION('',(1.,0.,0.));
#8963=DIRECTION('',(0.,-0.86602540378444,0.499999999999998));
#8964=DIRECTION('',(0.,-0.499999999999998,-0.86602540378444));
#8965=DIRECTION('',(-1.,0.,0.));
#8966=DIRECTION('',(0.,0.,1.));
#8967=DIRECTION('',(-1.,0.,0.));
#8968=DIRECTION('',(0.,0.499999999999999,-0.866025403784439));
#8969=DIRECTION('',(1.,0.,0.));
#8970=DIRECTION('',(0.,0.866025403784439,0.499999999999999));
#8971=DIRECTION('',(0.,-0.499999999999999,0.866025403784439));
#8972=DIRECTION('',(-1.,0.,0.));
#8973=DIRECTION('',(0.,0.,-1.));
#8974=DIRECTION('',(1.,0.,0.));
#8975=DIRECTION('',(-1.,0.,0.));
#8976=DIRECTION('',(0.,0.,1.));
#8977=DIRECTION('',(-1.,0.,0.));
#8978=DIRECTION('',(0.,0.,-0.999999999999999));
#8979=DIRECTION('',(1.,0.,0.));
#8980=DIRECTION('',(0.,0.,-0.999999999999999));
#8981=DIRECTION('',(1.,0.,0.));
#8982=DIRECTION('',(-1.,0.,0.));
#8983=DIRECTION('',(0.,0.,-0.999999999999999));
#8984=DIRECTION('',(-1.,0.,0.));
#8985=DIRECTION('',(0.,0.,1.));
#8986=DIRECTION('',(-1.,0.,0.));
#8987=DIRECTION('',(0.,0.,-0.999999999999999));
#8988=DIRECTION('',(-1.,0.,0.));
#8989=DIRECTION('',(-1.,0.,0.));
#8990=DIRECTION('',(0.,0.,1.));
#8991=DIRECTION('',(-1.,0.,0.));
#8992=DIRECTION('',(0.,0.,-0.999999999999999));
#8993=DIRECTION('',(-1.,0.,0.));
#8994=DIRECTION('',(0.,0.,1.));
#8995=DIRECTION('',(0.,-0.866025403784438,0.500000000000002));
#8996=DIRECTION('',(-1.,0.,0.));
#8997=DIRECTION('',(0.,-0.500000000000002,-0.866025403784438));
#8998=DIRECTION('',(0.,0.866025403784438,-0.500000000000002));
#8999=DIRECTION('',(-1.,0.,0.));
#9000=DIRECTION('',(0.,0.,-1.));
#9001=DIRECTION('',(1.,0.,0.));
#9002=DIRECTION('',(0.,0.,-1.));
#9003=DIRECTION('',(-1.,0.,0.));
#9004=DIRECTION('',(1.,0.,0.));
#9005=DIRECTION('',(0.,0.86602540378444,0.499999999999998));
#9006=DIRECTION('',(0.,-0.499999999999998,0.86602540378444));
#9007=DIRECTION('',(1.,0.,0.));
#9008=DIRECTION('',(-1.,0.,0.));
#9009=DIRECTION('',(0.,0.,1.));
#9010=DIRECTION('',(-1.,0.,0.));
#9011=DIRECTION('',(0.,-1.,5.79745592212312E-15));
#9012=DIRECTION('',(0.,-5.80091530366644E-15,-1.));
#9013=DIRECTION('',(-1.,0.,0.));
#9014=DIRECTION('',(0.,0.,-1.));
#9015=DIRECTION('',(-1.,0.,0.));
#9016=DIRECTION('',(-1.,0.,0.));
#9017=DIRECTION('',(0.,0.,1.));
#9018=DIRECTION('',(1.,0.,0.));
#9019=DIRECTION('',(0.,-1.44936398053078E-15,-1.));
#9020=DIRECTION('',(0.,1.,-1.45022882591661E-15));
#9021=DIRECTION('',(1.,0.,0.));
#9022=DIRECTION('',(-1.,0.,0.));
#9023=DIRECTION('',(0.,0.,1.));
#9024=DIRECTION('',(-1.,0.,0.));
#9025=DIRECTION('',(0.,0.499999999999999,0.866025403784439));
#9026=DIRECTION('',(0.,-0.866025403784439,0.499999999999999));
#9027=DIRECTION('',(-1.,0.,0.));
#9028=DIRECTION('',(0.,0.,-1.));
#9029=DIRECTION('',(-1.,0.,0.));
#9030=DIRECTION('',(-1.,0.,0.));
#9031=DIRECTION('',(0.,0.,1.));
#9032=DIRECTION('',(0.,0.499999999999999,0.866025403784439));
#9033=DIRECTION('',(1.,0.,0.));
#9034=DIRECTION('',(0.,-0.866025403784439,0.499999999999999));
#9035=DIRECTION('',(0.,-0.499999999999999,-0.866025403784439));
#9036=DIRECTION('',(-1.,0.,0.));
#9037=DIRECTION('',(0.,0.,-1.));
#9038=DIRECTION('',(1.,0.,0.));
#9039=DIRECTION('',(-1.,0.,0.));
#9040=DIRECTION('',(0.,0.,1.));
#9041=DIRECTION('',(1.,0.,0.));
#9042=DIRECTION('',(-1.,0.,0.));
#9043=DIRECTION('',(0.,0.,-1.));
#9044=DIRECTION('',(-1.,0.,0.));
#9045=DIRECTION('',(0.,0.,1.));
#9046=DIRECTION('',(0.,-0.866025403784438,-0.500000000000001));
#9047=DIRECTION('',(1.,0.,0.));
#9048=DIRECTION('',(0.,0.500000000000001,-0.866025403784438));
#9049=DIRECTION('',(0.,0.866025403784438,0.500000000000001));
#9050=DIRECTION('',(1.,0.,0.));
#9051=DIRECTION('',(-1.,0.,0.));
#9052=DIRECTION('',(0.,0.,-1.));
#9053=DIRECTION('',(-1.,0.,0.));
#9054=DIRECTION('',(-1.,0.,0.));
#9055=DIRECTION('',(0.,0.,1.));
#9056=DIRECTION('',(1.,0.,0.));
#9057=DIRECTION('',(0.,0.499999999999999,-0.866025403784439));
#9058=DIRECTION('',(0.,0.866025403784439,0.499999999999999));
#9059=DIRECTION('',(1.,0.,0.));
#9060=DIRECTION('',(-1.,0.,0.));
#9061=DIRECTION('',(0.,0.,1.));
#9062=DIRECTION('',(-1.,0.,0.));
#9063=DIRECTION('',(0.,-1.44936398053078E-15,1.));
#9064=DIRECTION('',(0.,-1.,-1.45022882591661E-15));
#9065=DIRECTION('',(-1.,0.,0.));
#9066=DIRECTION('',(0.,0.,-1.));
#9067=DIRECTION('',(-1.,0.,0.));
#9068=DIRECTION('',(-1.,0.,0.));
#9069=DIRECTION('',(0.,0.,1.));
#9070=DIRECTION('',(1.,0.,0.));
#9071=DIRECTION('',(0.,-1.,-5.79745592212312E-15));
#9072=DIRECTION('',(0.,5.80091530366644E-15,-1.));
#9073=DIRECTION('',(1.,0.,0.));
#9074=DIRECTION('',(-1.,0.,0.));
#9075=DIRECTION('',(0.,0.,1.));
#9076=DIRECTION('',(-1.,0.,0.));
#9077=DIRECTION('',(0.,0.,-1.));
#9078=DIRECTION('',(1.,0.,0.));
#9079=DIRECTION('',(0.,0.,-1.));
#9080=DIRECTION('',(-1.,0.,0.));
#9081=DIRECTION('',(0.,0.,-1.));
#9082=DIRECTION('',(1.,0.,0.));
#9083=DIRECTION('',(1.,0.,0.));
#9084=DIRECTION('',(-1.,0.,0.));
#9085=DIRECTION('',(0.,0.,1.));
#9086=DIRECTION('',(0.,-0.499999999999999,0.866025403784439));
#9087=DIRECTION('',(0.,-0.866025403784439,-0.499999999999999));
#9088=DIRECTION('',(0.,0.499999999999999,-0.866025403784439));
#9089=DIRECTION('',(-1.,0.,0.));
#9090=DIRECTION('',(0.,0.86602540378444,-0.499999999999998));
#9091=DIRECTION('',(0.,0.499999999999998,0.86602540378444));
#9092=DIRECTION('',(-1.,0.,0.));
#9093=DIRECTION('',(0.,0.,-1.));
#9094=DIRECTION('',(-1.,0.,0.));
#9095=DIRECTION('',(-1.,0.,0.));
#9096=DIRECTION('',(0.,0.,1.));
#9097=DIRECTION('',(0.,0.866025403784438,-0.500000000000001));
#9098=DIRECTION('',(-1.,0.,0.));
#9099=DIRECTION('',(0.,0.500000000000001,0.866025403784438));
#9100=DIRECTION('',(0.,-0.866025403784438,0.500000000000001));
#9101=DIRECTION('',(1.,0.,0.));
#9102=DIRECTION('',(1.,0.,0.));
#9103=DIRECTION('',(-1.,0.,0.));
#9104=DIRECTION('',(0.,0.,1.));
#9105=DIRECTION('',(-1.,0.,0.));
#9106=DIRECTION('',(0.,-0.86602540378444,0.499999999999998));
#9107=DIRECTION('',(0.,-0.499999999999998,-0.86602540378444));
#9108=DIRECTION('',(-1.,0.,0.));
#9109=DIRECTION('',(0.,0.,-1.));
#9110=DIRECTION('',(-1.,0.,0.));
#9111=DIRECTION('',(-1.,0.,0.));
#9112=DIRECTION('',(0.,0.,1.));
#9113=DIRECTION('',(1.,0.,0.));
#9114=DIRECTION('',(0.,-0.866025403784438,0.500000000000002));
#9115=DIRECTION('',(-1.,0.,0.));
#9116=DIRECTION('',(0.,-0.500000000000002,-0.866025403784438));
#9117=DIRECTION('',(0.,0.866025403784438,-0.500000000000002));
#9118=DIRECTION('',(-1.,0.,0.));
#9119=DIRECTION('',(0.,0.,-1.));
#9120=DIRECTION('',(1.,0.,0.));
#9121=DIRECTION('',(-1.,0.,0.));
#9122=DIRECTION('',(0.,0.,1.));
#9123=DIRECTION('',(-1.,0.,0.));
#9124=DIRECTION('',(0.,0.499999999999999,-0.866025403784439));
#9125=DIRECTION('',(0.,0.866025403784439,0.499999999999999));
#9126=DIRECTION('',(0.,-0.499999999999999,0.866025403784439));
#9127=DIRECTION('',(-1.,0.,0.));
#9128=DIRECTION('',(0.,0.,-0.999999999999999));
#9129=DIRECTION('',(1.,0.,0.));
#9130=DIRECTION('',(0.,0.,-0.999999999999999));
#9131=DIRECTION('',(-1.,0.,0.));
#9132=DIRECTION('',(0.,-0.86602540378444,-0.499999999999998));
#9133=DIRECTION('',(0.,0.499999999999998,-0.86602540378444));
#9134=DIRECTION('',(-1.,0.,0.));
#9135=DIRECTION('',(0.,0.,-1.));
#9136=DIRECTION('',(1.,0.,0.));
#9137=DIRECTION('',(1.,0.,0.));
#9138=DIRECTION('',(-1.,0.,0.));
#9139=DIRECTION('',(0.,0.,1.));
#9140=DIRECTION('',(0.,-0.499999999999999,-0.866025403784439));
#9141=DIRECTION('',(1.,0.,0.));
#9142=DIRECTION('',(0.,0.866025403784439,-0.499999999999999));
#9143=DIRECTION('',(0.,0.499999999999999,0.866025403784439));
#9144=DIRECTION('',(0.,0.866025403784438,0.500000000000002));
#9145=DIRECTION('',(0.,-0.500000000000002,0.866025403784438));
#9146=DIRECTION('',(0.,-0.866025403784438,-0.500000000000002));
#9147=DIRECTION('',(1.,0.,0.));
#9148=DIRECTION('',(-1.,0.,0.));
#9149=DIRECTION('',(0.,0.,-0.999999999999999));
#9150=DIRECTION('',(-1.,0.,0.));
#9151=DIRECTION('',(0.,0.,1.));
#9152=DIRECTION('',(-1.,0.,0.));
#9153=DIRECTION('',(0.,0.,-0.999999999999999));
#9154=DIRECTION('',(1.,0.,0.));
#9155=DIRECTION('',(0.,0.,-0.999999999999999));
#9156=DIRECTION('',(-1.,0.,0.));
#9157=DIRECTION('',(1.,0.,0.));
#9158=DIRECTION('',(0.,0.86602540378444,0.499999999999998));
#9159=DIRECTION('',(0.,-0.499999999999998,0.86602540378444));
#9160=DIRECTION('',(1.,0.,0.));
#9161=DIRECTION('',(-1.,0.,0.));
#9162=DIRECTION('',(0.,0.,1.));
#9163=DIRECTION('',(-1.,0.,0.));
#9164=DIRECTION('',(0.,0.86602540378444,-0.499999999999998));
#9165=DIRECTION('',(0.,0.499999999999998,0.86602540378444));
#9166=DIRECTION('',(1.,0.,0.));
#9167=DIRECTION('',(0.,0.866025403784438,-0.500000000000001));
#9168=DIRECTION('',(0.,0.500000000000001,0.866025403784438));
#9169=DIRECTION('',(0.,-0.866025403784438,0.500000000000001));
#9170=DIRECTION('',(-1.,0.,0.));
#9171=DIRECTION('',(0.,0.,-1.));
#9172=DIRECTION('',(1.,0.,0.));
#9173=DIRECTION('',(-1.,0.,0.));
#9174=DIRECTION('',(0.,0.,1.));
#9175=DIRECTION('',(0.,-0.499999999999999,0.866025403784439));
#9176=DIRECTION('',(0.,-0.866025403784439,-0.499999999999999));
#9177=DIRECTION('',(0.,0.499999999999999,-0.866025403784439));
#9178=DIRECTION('',(0.,0.499999999999999,0.866025403784439));
#9179=DIRECTION('',(1.,0.,0.));
#9180=DIRECTION('',(0.,-0.866025403784439,0.499999999999999));
#9181=DIRECTION('',(0.,-0.499999999999999,-0.866025403784439));
#9182=DIRECTION('',(-1.,0.,0.));
#9183=DIRECTION('',(0.,0.,-1.));
#9184=DIRECTION('',(1.,0.,0.));
#9185=DIRECTION('',(-1.,0.,0.));
#9186=DIRECTION('',(0.,0.,1.));
#9187=DIRECTION('',(-1.,0.,0.));
#9188=DIRECTION('',(0.,0.,-1.));
#9189=DIRECTION('',(-1.,0.,0.));
#9190=DIRECTION('',(-1.,0.,0.));
#9191=DIRECTION('',(0.,0.,1.));
#9192=DIRECTION('',(0.,-0.866025403784438,-0.500000000000001));
#9193=DIRECTION('',(1.,0.,0.));
#9194=DIRECTION('',(0.,0.500000000000001,-0.866025403784438));
#9195=DIRECTION('',(0.,0.866025403784438,0.500000000000001));
#9196=DIRECTION('',(1.,0.,0.));
#9197=DIRECTION('',(-1.,0.,0.));
#9198=DIRECTION('',(0.,0.,-1.));
#9199=DIRECTION('',(-1.,0.,0.));
#9200=DIRECTION('',(0.,0.,1.));
#9201=DIRECTION('',(1.,0.,0.));
#9202=DIRECTION('',(1.,0.,0.));
#9203=DIRECTION('',(-1.,0.,0.));
#9204=DIRECTION('',(0.,0.,1.));
#9205=DIRECTION('',(-1.,0.,0.));
#9206=DIRECTION('',(0.,-0.86602540378444,0.499999999999998));
#9207=DIRECTION('',(0.,-0.499999999999998,-0.86602540378444));
#9208=DIRECTION('',(-1.,0.,0.));
#9209=DIRECTION('',(0.,0.,-1.));
#9210=DIRECTION('',(-1.,0.,0.));
#9211=DIRECTION('',(-1.,0.,0.));
#9212=DIRECTION('',(0.,0.,1.));
#9213=DIRECTION('',(1.,0.,0.));
#9214=DIRECTION('',(0.,-0.866025403784438,0.500000000000002));
#9215=DIRECTION('',(0.,-0.500000000000002,-0.866025403784438));
#9216=DIRECTION('',(0.,0.866025403784438,-0.500000000000002));
#9217=DIRECTION('',(-1.,0.,0.));
#9218=DIRECTION('',(0.,0.,-0.999999999999999));
#9219=DIRECTION('',(-1.,0.,0.));
#9220=DIRECTION('',(0.,0.,1.));
#9221=DIRECTION('',(-1.,0.,0.));
#9222=DIRECTION('',(0.,0.,-1.));
#9223=DIRECTION('',(1.,0.,0.));
#9224=DIRECTION('',(0.,0.,-1.));
#9225=DIRECTION('',(-1.,0.,0.));
#9226=DIRECTION('',(0.,0.,-0.999999999999999));
#9227=DIRECTION('',(1.,0.,0.));
#9228=DIRECTION('',(-1.,0.,0.));
#9229=DIRECTION('',(0.,0.,1.));
#9230=DIRECTION('',(-1.,0.,0.));
#9231=DIRECTION('',(0.,-0.86602540378444,-0.499999999999998));
#9232=DIRECTION('',(0.,0.499999999999998,-0.86602540378444));
#9233=DIRECTION('',(0.,0.866025403784438,0.500000000000002));
#9234=DIRECTION('',(0.,-0.500000000000002,0.866025403784438));
#9235=DIRECTION('',(0.,-0.866025403784438,-0.500000000000002));
#9236=DIRECTION('',(1.,0.,0.));
#9237=DIRECTION('',(-1.,0.,0.));
#9238=DIRECTION('',(0.,0.,-1.));
#9239=DIRECTION('',(-1.,0.,0.));
#9240=DIRECTION('',(0.,0.,1.));
#9241=DIRECTION('',(1.,0.,0.));
#9242=DIRECTION('',(-1.,0.,0.));
#9243=DIRECTION('',(0.,0.,-1.));
#9244=DIRECTION('',(-1.,0.,0.));
#9245=DIRECTION('',(-1.,0.,0.));
#9246=DIRECTION('',(0.,0.,1.));
#9247=DIRECTION('',(1.,0.,0.));
#9248=DIRECTION('',(0.,0.86602540378444,0.499999999999998));
#9249=DIRECTION('',(0.,-0.499999999999998,0.86602540378444));
#9250=DIRECTION('',(1.,0.,0.));
#9251=DIRECTION('',(-1.,0.,0.));
#9252=DIRECTION('',(0.,0.,1.));
#9253=DIRECTION('',(-1.,0.,0.));
#9254=DIRECTION('',(0.,0.86602540378444,-0.499999999999998));
#9255=DIRECTION('',(0.,0.499999999999998,0.86602540378444));
#9256=DIRECTION('',(-1.,0.,0.));
#9257=DIRECTION('',(0.,0.,-1.));
#9258=DIRECTION('',(-1.,0.,0.));
#9259=DIRECTION('',(-1.,0.,0.));
#9260=DIRECTION('',(0.,0.,1.));
#9261=DIRECTION('',(-1.,0.,0.));
#9262=DIRECTION('',(0.,0.,-0.999999999999999));
#9263=DIRECTION('',(1.,0.,0.));
#9264=DIRECTION('',(0.,0.,-0.999999999999999));
#9265=DIRECTION('',(0.,-0.866025403784438,-0.500000000000001));
#9266=DIRECTION('',(1.,0.,0.));
#9267=DIRECTION('',(0.,0.500000000000001,-0.866025403784438));
#9268=DIRECTION('',(0.,0.866025403784438,0.500000000000001));
#9269=DIRECTION('',(-1.,0.,0.));
#9270=DIRECTION('',(0.,0.,-1.));
#9271=DIRECTION('',(1.,0.,0.));
#9272=DIRECTION('',(-1.,0.,0.));
#9273=DIRECTION('',(0.,0.,1.));
#9274=DIRECTION('',(-1.,0.,0.));
#9275=DIRECTION('',(0.,0.,-1.));
#9276=DIRECTION('',(1.,0.,0.));
#9277=DIRECTION('',(1.,0.,0.));
#9278=DIRECTION('',(-1.,0.,0.));
#9279=DIRECTION('',(0.,0.,1.));
#9280=DIRECTION('',(0.,0.866025403784438,-0.500000000000001));
#9281=DIRECTION('',(0.,0.500000000000001,0.866025403784438));
#9282=DIRECTION('',(0.,-0.866025403784438,0.500000000000001));
#9283=DIRECTION('',(0.,0.499999999999999,0.866025403784439));
#9284=DIRECTION('',(0.,-0.866025403784439,0.499999999999999));
#9285=DIRECTION('',(0.,-0.499999999999999,-0.866025403784439));
#9286=DIRECTION('',(0.,-0.499999999999999,0.866025403784439));
#9287=DIRECTION('',(0.,-0.866025403784439,-0.499999999999999));
#9288=DIRECTION('',(0.,0.499999999999999,-0.866025403784439));
#9289=DIRECTION('',(0.961523947640823,-0.274721127897378,4.59339942082322E-16));
#9290=DIRECTION('',(-3.53076982593813E-30,1.,-1.67202262744752E-15));
#9291=DIRECTION('',(1.,4.29412544368679E-31,-7.17987490694245E-46));
#9292=DIRECTION('',(0.,1.,-1.67202262744752E-15));
#9293=DIRECTION('',(0.,1.67202262744752E-15,1.));
#9294=DIRECTION('',(0.,-1.,1.67227343084164E-15));
#9295=DIRECTION('',(-0.91564351241359,0.261612432118168,-0.305214504137862));
#9296=DIRECTION('',(3.53076982593813E-30,-1.,1.67202262744752E-15));
#9297=DIRECTION('',(0.948683298050514,2.39141905836555E-16,0.316227766016836));
#9298=DIRECTION('',(0.316227766016836,-1.586219940622E-15,-0.948683298050514));
#9299=DIRECTION('',(0.,1.,-1.67227343084164E-15));
#9300=DIRECTION('',(-1.,-9.66178224829527E-31,-7.09788656291185E-16));
#9301=DIRECTION('',(0.,1.,-1.67202262744752E-15));
#9302=DIRECTION('',(1.,0.,0.));
#9303=DIRECTION('',(-0.961523947640823,0.274721127897378,-1.1418187328701E-15));
#9304=DIRECTION('',(0.,1.,-1.67202262744752E-15));
#9305=DIRECTION('',(7.09788656291185E-16,-1.67202262744752E-15,-1.));
#9306=DIRECTION('',(0.,1.,-1.67227343084164E-15));
#9307=DIRECTION('',(0.,0.,1.));
#9308=DIRECTION('',(-1.06752213906265E-15,1.,0.));
#9309=DIRECTION('',(7.5623310643703E-16,-6.50521303491303E-16,1.));
#9310=DIRECTION('',(-7.5623310643703E-16,-7.5623310643703E-16,-1.));
#9311=DIRECTION('',(1.,-1.26443886558765E-30,-7.5623310643703E-16));
#9312=DIRECTION('',(7.56339435525888E-16,0.,1.));
#9313=DIRECTION('',(2.11508946956607E-15,7.55257790474773E-16,1.));
#9314=DIRECTION('',(-2.11167586369817E-15,6.50521303491303E-16,-1.));
#9315=DIRECTION('',(-2.11167586369817E-15,6.50521303491303E-16,-1.));
#9316=DIRECTION('',(-2.17538795060652E-15,-7.38029653034644E-16,-1.));
#9317=DIRECTION('',(-0.274721127897378,-0.961523947640823,1.30725821686685E-15));
#9318=DIRECTION('',(2.1094237467878E-15,7.49400541621981E-16,1.));
#9319=DIRECTION('',(1.,0.,0.));
#9320=DIRECTION('',(0.,-1.,-6.50521303491303E-16));
#9321=DIRECTION('',(0.,6.52256026967279E-16,-1.));
#9322=DIRECTION('',(1.06752213906265E-15,-1.,0.));
#9323=DIRECTION('',(-1.,0.,2.11167586369817E-15));
#9324=DIRECTION('',(0.,0.,-1.));
#9325=DIRECTION('',(0.,8.16340459283204E-16,1.));
#9326=DIRECTION('',(-5.55111512312578E-15,1.,2.77555756156289E-15));
#9327=DIRECTION('',(1.,0.,-2.11167586369817E-15));
#9328=DIRECTION('',(-1.73472347597681E-15,0.,-1.));
#9329=DIRECTION('',(2.11167586369817E-15,7.5623310643703E-16,1.));
#9330=DIRECTION('',(1.,0.,-2.11167586369817E-15));
#9331=DIRECTION('',(2.1094237467878E-15,0.,1.));
#9332=DIRECTION('',(2.11508946956607E-15,7.5623310643703E-16,1.));
#9333=DIRECTION('',(-1.,3.53647745219044E-30,2.11508946956607E-15));
#9334=DIRECTION('',(-2.1163626406917E-15,0.,-1.));
#9335=DIRECTION('',(-2.17538795060652E-15,-7.5623310643703E-16,-1.));
#9336=DIRECTION('',(1.,-3.63729787689079E-30,-2.17538795060652E-15));
#9337=DIRECTION('',(2.17881268582687E-15,0.,1.));
#9338=DIRECTION('',(-4.29412544368679E-31,1.,-7.5623310643703E-16));
#9339=DIRECTION('',(0.,7.49400541621981E-16,1.));
#9340=DIRECTION('',(-1.,9.97034613304781E-65,1.11022302462516E-16));
#9341=DIRECTION('',(1.,-7.89491928621766E-17,-1.11022302462516E-16));
#9342=DIRECTION('',(0.,0.,0.999999999999994));
#9343=DIRECTION('',(-1.,9.97034613304781E-65,1.11022302462516E-16));
#9344=DIRECTION('',(1.,-7.89491928621766E-17,-1.11022302462516E-16));
#9345=DIRECTION('',(0.,0.,-0.999999999999994));
#9346=DIRECTION('',(1.,-9.97034613304781E-65,-1.11022302462516E-16));
#9347=DIRECTION('',(0.,0.,-0.999999999999994));
#9348=DIRECTION('',(7.89491928621766E-17,1.,-8.76512116911605E-33));
#9349=DIRECTION('',(-1.,7.89491928621766E-17,1.11022302462516E-16));
#9350=DIRECTION('',(7.89491928621766E-17,1.,-8.76512116911605E-33));
#9351=DIRECTION('',(1.11022302462516E-16,0.,1.));
#9352=DIRECTION('',(-1.,8.32667268468867E-17,1.11022302462516E-16));
#9353=DIRECTION('',(-1.,9.97034613304781E-65,1.11022302462516E-16));
#9354=DIRECTION('',(1.11022302462516E-16,4.49024471295489E-49,1.));
#9355=DIRECTION('',(-0.974858506571867,-1.00053788686021E-49,-0.222824801502141));
#9356=DIRECTION('',(1.11022302462516E-16,4.49024471295489E-49,1.));
#9357=DIRECTION('',(-1.11022302462516E-16,-4.49024471295489E-49,-1.));
#9358=DIRECTION('',(-1.,9.97034613304781E-65,1.11022302462516E-16));
#9359=DIRECTION('',(-0.894427190999915,-2.00809848275524E-49,-0.44721359549996));
#9360=DIRECTION('',(4.9851730665239E-65,1.,-4.49024471295489E-49));
#9361=DIRECTION('',(0.,0.,-1.));
#9362=DIRECTION('',(1.,-9.97034613304781E-65,-1.11022302462516E-16));
#9363=DIRECTION('',(-4.9851730665239E-65,-1.,4.49024471295489E-49));
#9364=DIRECTION('',(0.999999999999994,0.,0.));
#9365=DIRECTION('',(-1.11022302462516E-16,-4.49024471295489E-49,-1.));
#9366=DIRECTION('',(4.9851730665239E-65,1.,-4.49024471295489E-49));
#9367=DIRECTION('',(-1.00000000000001,0.,0.));
#9368=DIRECTION('',(-4.9851730665239E-65,-1.,4.49024471295489E-49));
#9369=DIRECTION('',(0.,0.,-1.));
#9370=DIRECTION('',(-4.9851730665239E-65,-1.,4.49024471295489E-49));
#9371=DIRECTION('',(1.,0.,0.));
#9372=DIRECTION('',(1.,-9.97034613304779E-65,-1.11022302462516E-16));
#9373=DIRECTION('',(-0.919145030018057,-1.76879404777601E-49,-0.393919298579169));
#9374=DIRECTION('',(4.9851730665239E-65,1.,-4.49024471295489E-49));
#9375=DIRECTION('',(-1.,0.,0.));
#9376=DIRECTION('',(1.,-9.97034613304779E-65,-1.11022302462516E-16));
#9377=DIRECTION('',(1.11022302462516E-16,4.49024471295489E-49,1.));
#9378=DIRECTION('',(4.9851730665239E-65,1.,-4.49024471295489E-49));
#9379=DIRECTION('',(0.,0.,-1.00000000000003));
#9380=DIRECTION('',(1.,-9.97034613304781E-65,-1.11022302462516E-16));
#9381=DIRECTION('',(4.9851730665239E-65,1.,-4.49024471295489E-49));
#9382=DIRECTION('',(0.,0.,-0.999999999999994));
#9383=DIRECTION('',(-4.21119078306096E-17,4.49024471295489E-49,1.));
#9384=DIRECTION('',(4.9851730665239E-65,1.,-4.49024471295489E-49));
#9385=DIRECTION('',(0.,0.,-1.));
#9386=DIRECTION('',(0.992277876713668,5.56946311211954E-50,0.124034734589208));
#9387=DIRECTION('',(-4.9851730665239E-65,-1.,4.49024471295489E-49));
#9388=DIRECTION('',(1.,0.,-1.11022302462516E-16));
#9389=DIRECTION('',(-4.9851730665239E-65,-1.,4.49024471295489E-49));
#9390=DIRECTION('',(1.11022302462516E-16,4.49024471295489E-49,1.));
#9391=DIRECTION('',(4.9851730665239E-65,1.,-4.49024471295489E-49));
#9392=DIRECTION('',(1.11022302462516E-16,4.49024471295489E-49,1.));
#9393=DIRECTION('',(-1.,9.97034613304779E-65,1.11022302462516E-16));
#9394=DIRECTION('',(0.,-1.,0.));
#9395=DIRECTION('',(-1.11022302462516E-16,-4.49024471295489E-49,-1.));
#9396=DIRECTION('',(-1.,0.,0.));
#9397=DIRECTION('',(0.222824801502141,-4.37735325501343E-49,-0.974858506571867));
#9398=DIRECTION('',(-0.974858506571867,-1.00053788686019E-49,-0.222824801502141));
#9399=DIRECTION('',(-1.11022302462516E-16,-4.49024471295489E-49,-1.));
#9400=DIRECTION('',(-1.,0.,0.));
#9401=DIRECTION('',(-1.,9.97034613304779E-65,1.11022302462516E-16));
#9402=DIRECTION('',(7.89491928621766E-17,1.,-8.76512116911605E-33));
#9403=DIRECTION('',(-1.,7.89491928621766E-17,1.11022302462516E-16));
#9404=DIRECTION('',(7.89491928621766E-17,1.,-8.76512116911605E-33));
#9405=DIRECTION('',(1.11022302462516E-16,0.,1.));
#9406=DIRECTION('',(-1.,8.32667268468867E-17,1.11022302462516E-16));
#9407=DIRECTION('',(-1.11022302462516E-16,0.,-1.));
#9408=DIRECTION('',(-1.,7.89491928621766E-17,1.11022302462516E-16));
#9409=DIRECTION('',(1.11022302462516E-16,0.,1.));
#9410=DIRECTION('',(-7.89491928621766E-17,-1.,8.76512116911605E-33));
#9411=DIRECTION('',(1.,-8.32667268468867E-17,-1.11022302462516E-16));
#9412=DIRECTION('',(7.89491928621766E-17,1.,-8.76512116911605E-33));
#9413=DIRECTION('',(1.11022302462516E-16,0.,1.));
#9414=DIRECTION('',(1.,-7.89491928621766E-17,-1.11022302462516E-16));
#9415=DIRECTION('',(1.11022302462516E-16,0.,1.));
#9416=DIRECTION('',(-1.,7.89491928621766E-17,1.11022302462516E-16));
#9417=DIRECTION('',(-1.11022302462516E-16,0.,-1.));
#9418=DIRECTION('',(-7.89491928621766E-17,-1.,8.76512116911605E-33));
#9419=DIRECTION('',(1.,-8.32667268468867E-17,-1.11022302462516E-16));
#9420=DIRECTION('',(7.89491928621766E-17,1.,-8.76512116911605E-33));
#9421=DIRECTION('',(-1.,7.89491928621766E-17,1.11022302462516E-16));
#9422=DIRECTION('',(-1.11022302462516E-16,0.,-1.));
#9423=DIRECTION('',(0.,0.,-1.));
#9424=DIRECTION('',(0.164398987305328,-1.69754037324622E-17,0.986393923832149));
#9425=DIRECTION('',(-1.03257349760524E-16,-1.,0.));
#9426=DIRECTION('',(1.00000000000003,0.,0.));
#9427=DIRECTION('',(-1.03257349760524E-16,-1.,0.));
#9428=DIRECTION('',(1.,-9.71445146547012E-17,0.));
#9429=DIRECTION('',(7.59645419660784E-65,1.,-4.49024471295489E-49));
#9430=DIRECTION('',(0.164398987305361,4.42915010137811E-49,0.986393923832143));
#9431=DIRECTION('',(-4.9851730665239E-65,-1.,4.49024471295489E-49));
#9432=DIRECTION('',(0.986393923832143,-7.38191683563037E-50,-0.164398987305361));
#9433=DIRECTION('',(0.164398987305361,0.,0.986393923832143));
#9434=DIRECTION('',(4.9851730665239E-65,1.,-4.49024471295489E-49));
#9435=DIRECTION('',(-4.9851730665239E-65,-1.,4.49024471295489E-49));
#9436=DIRECTION('',(1.00000000000003,0.,0.));
#9437=DIRECTION('',(-4.9851730665239E-65,-1.,4.49024471295489E-49));
#9438=DIRECTION('',(-4.9851730665239E-65,-1.,4.49024471295489E-49));
#9439=DIRECTION('',(-1.00000000000003,0.,0.));
#9440=DIRECTION('',(4.9851730665239E-65,1.,-4.49024471295489E-49));
#9441=DIRECTION('',(-1.,9.97034613304779E-65,1.11022302462516E-16));
#9442=DIRECTION('',(1.11022302462516E-16,4.49024471295489E-49,1.));
#9443=DIRECTION('',(-1.,0.,1.11022302462516E-16));
#9444=DIRECTION('',(4.9851730665239E-65,1.,-4.49024471295489E-49));
#9445=DIRECTION('',(4.9851730665239E-65,1.,-4.49024471295489E-49));
#9446=DIRECTION('',(-0.999999999999994,0.,0.));
#9447=DIRECTION('',(4.9851730665239E-65,1.,-4.49024471295489E-49));
#9448=DIRECTION('',(0.999999999999994,0.,0.));
#9449=DIRECTION('',(-4.9851730665239E-65,-1.,4.49024471295489E-49));
#9450=DIRECTION('',(4.21119078306096E-17,-4.49024471295489E-49,-1.));
#9451=DIRECTION('',(-1.,3.09424535163551E-65,-4.21119078306096E-17));
#9452=DIRECTION('',(4.16333634234434E-17,0.,-1.));
#9453=DIRECTION('',(4.9851730665239E-65,1.,-4.49024471295489E-49));
#9454=DIRECTION('',(-1.,0.,0.));
#9455=DIRECTION('',(-4.9851730665239E-65,-1.,4.49024471295489E-49));
#9456=DIRECTION('',(4.9851730665239E-65,1.,-4.49024471295489E-49));
#9457=DIRECTION('',(1.,0.,0.));
#9458=DIRECTION('',(-4.9851730665239E-65,-1.,4.49024471295489E-49));
#9459=DIRECTION('',(-0.992277876713668,-5.56946311211956E-50,-0.124034734589208));
#9460=DIRECTION('',(0.124034734589208,-4.45557048969565E-49,-0.992277876713668));
#9461=DIRECTION('',(0.992277876713668,0.,0.124034734589208));
#9462=DIRECTION('',(-1.,9.97034613304779E-65,1.11022302462516E-16));
#9463=DIRECTION('',(-1.11022302462516E-16,-4.49024471295489E-49,-1.));
#9464=DIRECTION('',(-1.,0.,0.));
#9465=DIRECTION('',(-1.11022302462516E-16,-4.49024471295489E-49,-1.));
#9466=DIRECTION('',(1.,0.,-1.11022302462516E-16));
#9467=DIRECTION('',(1.11022302462516E-16,4.49024471295489E-49,1.));
#9468=DIRECTION('',(0.222824801502141,-4.37735325501343E-49,-0.974858506571866));
#9469=DIRECTION('',(-0.974858506571867,-1.00053788686021E-49,-0.222824801502141));
#9470=DIRECTION('',(-1.11022302462516E-16,-4.49024471295489E-49,-1.));
#9471=DIRECTION('',(1.,0.,0.));
#9472=DIRECTION('',(-0.974858506571867,-1.00053788686021E-49,-0.222824801502141));
#9473=DIRECTION('',(1.96448206191777E-48,1.,-2.27893625898235E-64));
#9474=DIRECTION('',(0.222824801502141,-4.37735325501343E-49,-0.974858506571867));
#9475=DIRECTION('',(0.974858506571867,0.,0.222824801502141));
#9476=DIRECTION('',(1.11022302462516E-16,4.49024471295489E-49,1.));
#9477=DIRECTION('',(-1.,9.97034613304779E-65,1.11022302462516E-16));
#9478=DIRECTION('',(0.,-1.00000000000003,0.));
#9479=DIRECTION('',(7.89491928621766E-17,1.,-8.76512116911605E-33));
#9480=DIRECTION('',(1.,-7.89491928621766E-17,-1.11022302462516E-16));
#9481=DIRECTION('',(1.11022302462516E-16,0.,1.));
#9482=DIRECTION('',(-1.,9.97034613304779E-65,1.11022302462516E-16));
#9483=DIRECTION('',(-1.,9.97034613304779E-65,1.11022302462516E-16));
#9484=DIRECTION('',(0.,-1.00000000000003,0.));
#9485=DIRECTION('',(-1.,9.97034613304779E-65,1.11022302462516E-16));
#9486=DIRECTION('',(0.,1.00000000000003,0.));
#9487=DIRECTION('',(-1.11022302462516E-16,-4.49024471295489E-49,-1.));
#9488=DIRECTION('',(7.89491928621766E-17,1.,-8.76512116911605E-33));
#9489=DIRECTION('',(-1.,7.89491928621766E-17,1.11022302462516E-16));
#9490=DIRECTION('',(-1.11022302462516E-16,0.,-1.));
#9491=DIRECTION('',(-1.,9.97034613304779E-65,1.11022302462516E-16));
#9492=DIRECTION('',(-4.9851730665239E-65,-1.,4.49024471295489E-49));
#9493=DIRECTION('',(-1.11022302462516E-16,0.,-1.));
#9494=DIRECTION('',(1.,-8.32667268468867E-17,-1.11022302462516E-16));
#9495=DIRECTION('',(-4.9851730665239E-65,-1.,4.49024471295489E-49));
#9496=DIRECTION('',(0.894427190999915,2.00809848275524E-49,0.44721359549996));
#9497=DIRECTION('',(0.44721359549996,-4.01619696551047E-49,-0.894427190999915));
#9498=DIRECTION('',(0.894427190999915,0.,0.44721359549996));
#9499=DIRECTION('',(-4.9851730665239E-65,-1.,4.49024471295489E-49));
#9500=DIRECTION('',(1.,0.,0.));
#9501=DIRECTION('',(-4.9851730665239E-65,-1.,4.49024471295489E-49));
#9502=DIRECTION('',(-4.9851730665239E-65,-1.,4.49024471295489E-49));
#9503=DIRECTION('',(-1.,0.,0.));
#9504=DIRECTION('',(-4.9851730665239E-65,-1.,4.49024471295489E-49));
#9505=DIRECTION('',(4.9851730665239E-65,1.,-4.49024471295489E-49));
#9506=DIRECTION('',(-1.11022302462516E-16,-4.49024471295489E-49,-1.));
#9507=DIRECTION('',(1.,-9.97034613304779E-65,-1.11022302462516E-16));
#9508=DIRECTION('',(1.11022302462516E-16,0.,1.));
#9509=DIRECTION('',(-4.9851730665239E-65,-1.,4.49024471295489E-49));
#9510=DIRECTION('',(-4.9851730665239E-65,-1.,4.49024471295489E-49));
#9511=DIRECTION('',(0.999999999999994,0.,0.));
#9512=DIRECTION('',(-4.9851730665239E-65,-1.,4.49024471295489E-49));
#9513=DIRECTION('',(-0.999999999999994,0.,0.));
#9514=DIRECTION('',(1.,-9.97034613304779E-65,-1.11022302462516E-16));
#9515=DIRECTION('',(-1.11022302462516E-16,-4.49024471295489E-49,-1.));
#9516=DIRECTION('',(1.,0.,-1.11022302462516E-16));
#9517=DIRECTION('',(-4.9851730665239E-65,-1.,4.49024471295489E-49));
#9518=DIRECTION('',(1.11022302462516E-16,4.49024471295489E-49,1.));
#9519=DIRECTION('',(1.,-1.25816272631317E-64,-1.11022302462516E-16));
#9520=DIRECTION('',(1.11022302462516E-16,0.,1.));
#9521=DIRECTION('',(4.9851730665239E-65,1.,-4.49024471295489E-49));
#9522=DIRECTION('',(1.,-9.97034613304779E-65,-1.11022302462516E-16));
#9523=DIRECTION('',(-1.11022302462516E-16,-4.49024471295489E-49,-1.));
#9524=DIRECTION('',(1.,0.,-1.11022302462516E-16));
#9525=DIRECTION('',(4.9851730665239E-65,1.,-4.49024471295489E-49));
#9526=DIRECTION('',(4.9851730665239E-65,1.,-4.49024471295489E-49));
#9527=DIRECTION('',(-1.,0.,0.));
#9528=DIRECTION('',(4.9851730665239E-65,1.,-4.49024471295489E-49));
#9529=DIRECTION('',(1.,0.,0.));
#9530=DIRECTION('',(-4.9851730665239E-65,-1.,4.49024471295489E-49));
#9531=DIRECTION('',(-0.919145030018057,-1.76879404777601E-49,-0.393919298579169));
#9532=DIRECTION('',(-0.393919298579169,4.12718611147735E-49,0.919145030018057));
#9533=DIRECTION('',(-0.919145030018057,0.,-0.393919298579169));
#9534=DIRECTION('',(4.9851730665239E-65,1.,-4.49024471295489E-49));
#9535=DIRECTION('',(1.,-9.97034613304779E-65,-1.11022302462516E-16));
#9536=DIRECTION('',(1.11022302462516E-16,4.49024471295489E-49,1.));
#9537=DIRECTION('',(-1.,0.,1.11022302462516E-16));
#9538=DIRECTION('',(-4.9851730665239E-65,-1.,4.49024471295489E-49));
#9539=DIRECTION('',(1.,0.,0.));
#9540=DIRECTION('',(-4.9851730665239E-65,-1.,4.49024471295489E-49));
#9541=DIRECTION('',(-1.,0.,0.));
#9542=DIRECTION('',(0.,1.,-1.80231010491097E-15));
#9543=DIRECTION('',(0.,0.,-0.999999999999999));
#9544=DIRECTION('',(0.,1.80231010491097E-15,1.));
#9545=DIRECTION('',(0.,-1.,1.80231010491097E-15));
#9546=DIRECTION('',(0.,-1.80411241501588E-15,-1.));
#9547=DIRECTION('',(-4.9851730665239E-65,-1.,4.49024471295489E-49));
#9548=DIRECTION('',(0.,4.49024471295489E-49,1.));
#9549=DIRECTION('',(-1.,0.,0.));
#9550=DIRECTION('',(0.,-1.,0.));
#9551=DIRECTION('',(4.9851730665239E-65,1.,-4.49024471295489E-49));
#9552=DIRECTION('',(-1.00000000000001,0.,0.));
#9553=DIRECTION('',(4.9851730665239E-65,1.,-4.49024471295489E-49));
#9554=DIRECTION('',(0.,0.,-1.));
#9555=DIRECTION('',(-4.9851730665239E-65,-1.,4.49024471295489E-49));
#9556=DIRECTION('',(1.,0.,-1.11022302462516E-16));
#9557=DIRECTION('',(4.9851730665239E-65,1.,-4.49024471295489E-49));
#9558=DIRECTION('',(1.00000000000001,0.,0.));
#9559=DIRECTION('',(0.915643512413589,0.261612432118169,0.305214504137864));
#9560=DIRECTION('',(3.53076982593813E-30,1.,-1.67202262744752E-15));
#9561=DIRECTION('',(-0.948683298050513,-2.39141905836557E-16,-0.31622776601684));
#9562=DIRECTION('',(-3.53076982593813E-30,-1.,1.67202262744752E-15));
#9563=DIRECTION('',(0.31622776601684,-1.586219940622E-15,-0.948683298050513));
#9564=DIRECTION('',(0.,-1.,1.67227343084164E-15));
#9565=DIRECTION('',(-1.,0.,0.));
#9566=DIRECTION('',(-0.961523947640823,-0.274721127897378,4.59339942082322E-16));
#9567=DIRECTION('',(0.,-1.,1.67202262744752E-15));
#9568=DIRECTION('',(0.,1.67202262744752E-15,1.));
#9569=DIRECTION('',(0.,-1.,1.67227343084164E-15));
#9570=DIRECTION('',(1.,0.,5.67830925032948E-16));
#9571=DIRECTION('',(0.,-1.,1.67202262744752E-15));
#9572=DIRECTION('',(0.961523947640823,0.274721127897378,8.66430905478992E-17));
#9573=DIRECTION('',(-1.,0.,0.));
#9574=DIRECTION('',(0.,-1.,1.67202262744752E-15));
#9575=DIRECTION('',(5.67830925032948E-16,-1.67202262744752E-15,-1.));
#9576=DIRECTION('',(0.,1.,-1.67227343084164E-15));
#9577=DIRECTION('',(2.11508946956607E-15,-7.55257790474773E-16,-1.));
#9578=DIRECTION('',(-2.17538795060652E-15,7.38029653034644E-16,1.));
#9579=DIRECTION('',(-2.11167586369817E-15,-6.50521303491303E-16,1.));
#9580=DIRECTION('',(-2.11167586369817E-15,-6.50521303491303E-16,1.));
#9581=DIRECTION('',(-0.274721127897378,0.961523947640823,-1.30725821686685E-15));
#9582=DIRECTION('',(2.1094237467878E-15,-7.49400541621981E-16,-1.));
#9583=DIRECTION('',(0.,1.,0.));
#9584=DIRECTION('',(1.,1.26443886558765E-30,7.5623310643703E-16));
#9585=DIRECTION('',(0.,0.,-1.));
#9586=DIRECTION('',(0.,0.,1.));
#9587=DIRECTION('',(0.,-1.,2.77555756156289E-15));
#9588=DIRECTION('',(-1.,-1.26443886558765E-30,-7.5623310643703E-16));
#9589=DIRECTION('',(0.,0.,-1.));
#9590=DIRECTION('',(-7.5623310643703E-16,7.5623310643703E-16,1.));
#9591=DIRECTION('',(7.56233106437026E-16,6.50521303491303E-16,-1.));
#9592=DIRECTION('',(1.,1.26443886558765E-30,7.5623310643703E-16));
#9593=DIRECTION('',(7.56339435525888E-16,0.,-1.));
#9594=DIRECTION('',(2.11167586369817E-15,-7.5623310643703E-16,-1.));
#9595=DIRECTION('',(-2.17538795060652E-15,9.15952821308007E-16,1.));
#9596=DIRECTION('',(2.11508946956607E-15,-7.56233106437029E-16,-1.));
#9597=DIRECTION('',(-4.29412544368679E-31,-1.,7.5623310643703E-16));
#9598=DIRECTION('',(0.,-7.49400541621981E-16,-1.));
#9599=DIRECTION('',(-1.,-3.53647745219044E-30,-2.11508946956607E-15));
#9600=DIRECTION('',(-2.1163626406917E-15,0.,1.));
#9601=DIRECTION('',(1.,3.63729787689079E-30,2.17538795060652E-15));
#9602=DIRECTION('',(2.17881268582687E-15,0.,-1.));
#9603=DIRECTION('',(0.,0.,-1.));
#9604=DIRECTION('',(-1.,0.,-2.11167586369817E-15));
#9605=DIRECTION('',(0.,0.,-1.));
#9606=DIRECTION('',(0.,-1.,0.));
#9607=DIRECTION('',(1.,0.,2.11167586369817E-15));
#9608=DIRECTION('',(1.73472347597681E-15,0.,-1.));
#9609=DIRECTION('',(0.,1.,-2.77555756156289E-15));
#9610=DIRECTION('',(1.,0.,2.11167586369817E-15));
#9611=DIRECTION('',(2.1094237467878E-15,0.,-1.));
#9612=DIRECTION('',(-1.,0.,0.));
#9613=DIRECTION('',(0.,1.,6.50521303491303E-16));
#9614=DIRECTION('',(0.,-6.52256026967279E-16,1.));
#9615=DIRECTION('',(0.915643512413589,-0.261612432118169,-0.305214504137864));
#9616=DIRECTION('',(3.53076982593813E-30,-1.,1.67202262744752E-15));
#9617=DIRECTION('',(-0.948683298050513,2.39141905836557E-16,0.31622776601684));
#9618=DIRECTION('',(-3.53076982593813E-30,1.,-1.67202262744752E-15));
#9619=DIRECTION('',(0.31622776601684,1.586219940622E-15,0.948683298050513));
#9620=DIRECTION('',(0.,1.,-1.67227343084164E-15));
#9621=DIRECTION('',(-1.,0.,0.));
#9622=DIRECTION('',(-0.961523947640823,0.274721127897378,-4.59339942082322E-16));
#9623=DIRECTION('',(0.,1.,-1.67202262744752E-15));
#9624=DIRECTION('',(0.,-1.67202262744752E-15,-1.));
#9625=DIRECTION('',(0.,1.,-1.67227343084164E-15));
#9626=DIRECTION('',(1.,0.,-5.67830925032948E-16));
#9627=DIRECTION('',(0.,1.,-1.67202262744752E-15));
#9628=DIRECTION('',(0.961523947640823,-0.274721127897378,-8.66430905478992E-17));
#9629=DIRECTION('',(-1.,0.,0.));
#9630=DIRECTION('',(5.67830925032948E-16,1.67202262744752E-15,1.));
#9631=DIRECTION('',(0.,-1.,1.67227343084164E-15));
#9632=DIRECTION('',(2.11508946956607E-15,7.55257790474773E-16,1.));
#9633=DIRECTION('',(-2.17538795060652E-15,-7.38029653034644E-16,-1.));
#9634=DIRECTION('',(-2.11167586369817E-15,6.50521303491303E-16,-1.));
#9635=DIRECTION('',(-2.11167586369817E-15,6.50521303491303E-16,-1.));
#9636=DIRECTION('',(-0.274721127897378,-0.961523947640823,1.30725821686685E-15));
#9637=DIRECTION('',(2.1094237467878E-15,7.49400541621981E-16,1.));
#9638=DIRECTION('',(2.11167586369817E-15,7.5623310643703E-16,1.));
#9639=DIRECTION('',(-2.17538795060652E-15,-9.15952821308007E-16,-1.));
#9640=DIRECTION('',(2.11508946956607E-15,7.56233106437029E-16,1.));
#9641=DIRECTION('',(-4.29412544368679E-31,1.,-7.5623310643703E-16));
#9642=DIRECTION('',(0.,7.49400541621981E-16,1.));
#9643=DIRECTION('',(-1.,3.53647745219044E-30,2.11508946956607E-15));
#9644=DIRECTION('',(-2.1163626406917E-15,0.,-1.));
#9645=DIRECTION('',(1.,-3.63729787689079E-30,-2.17538795060652E-15));
#9646=DIRECTION('',(2.17881268582687E-15,0.,1.));
#9647=DIRECTION('',(0.,0.,1.));
#9648=DIRECTION('',(-1.,0.,2.11167586369817E-15));
#9649=DIRECTION('',(0.,0.,-1.));
#9650=DIRECTION('',(-1.06752213906265E-15,1.,-2.66880534765663E-16));
#9651=DIRECTION('',(1.,0.,-2.11167586369817E-15));
#9652=DIRECTION('',(-1.73472347597681E-15,0.,-1.));
#9653=DIRECTION('',(5.55111512312578E-15,-1.,2.77555756156289E-15));
#9654=DIRECTION('',(1.,0.,-2.11167586369817E-15));
#9655=DIRECTION('',(2.1094237467878E-15,0.,1.));
#9656=DIRECTION('',(-1.,0.,0.));
#9657=DIRECTION('',(0.,-1.,-6.50521303491303E-16));
#9658=DIRECTION('',(0.,6.52256026967279E-16,-1.));
#9659=DIRECTION('',(-1.,-9.97034613304781E-65,-1.11022302462516E-16));
#9660=DIRECTION('',(1.,7.89491928621766E-17,1.11022302462516E-16));
#9661=DIRECTION('',(0.,0.,0.999999999999998));
#9662=DIRECTION('',(-1.,-9.97034613304781E-65,-1.11022302462516E-16));
#9663=DIRECTION('',(1.,7.89491928621766E-17,1.11022302462516E-16));
#9664=DIRECTION('',(0.,0.,-1.));
#9665=DIRECTION('',(1.,9.97034613304781E-65,1.11022302462516E-16));
#9666=DIRECTION('',(0.,0.,-1.));
#9667=DIRECTION('',(7.89491928621766E-17,-1.,8.76512116911605E-33));
#9668=DIRECTION('',(-1.,-7.89491928621766E-17,-1.11022302462516E-16));
#9669=DIRECTION('',(7.89491928621766E-17,-1.,8.76512116911605E-33));
#9670=DIRECTION('',(1.11022302462516E-16,0.,-1.));
#9671=DIRECTION('',(-1.,-8.32667268468867E-17,-1.11022302462516E-16));
#9672=DIRECTION('',(-1.,-9.97034613304781E-65,-1.11022302462516E-16));
#9673=DIRECTION('',(1.11022302462516E-16,-4.49024471295489E-49,-1.));
#9674=DIRECTION('',(-0.974858506571867,1.00053788686021E-49,0.222824801502141));
#9675=DIRECTION('',(1.11022302462516E-16,-4.49024471295489E-49,-1.));
#9676=DIRECTION('',(-1.11022302462516E-16,4.49024471295489E-49,1.));
#9677=DIRECTION('',(-1.,-9.97034613304781E-65,-1.11022302462516E-16));
#9678=DIRECTION('',(-0.894427190999915,2.00809848275524E-49,0.44721359549996));
#9679=DIRECTION('',(4.9851730665239E-65,-1.,4.49024471295489E-49));
#9680=DIRECTION('',(0.,0.,1.));
#9681=DIRECTION('',(1.,9.97034613304781E-65,1.11022302462516E-16));
#9682=DIRECTION('',(-4.9851730665239E-65,1.,-4.49024471295489E-49));
#9683=DIRECTION('',(0.999999999999994,0.,0.));
#9684=DIRECTION('',(-1.11022302462516E-16,4.49024471295489E-49,1.));
#9685=DIRECTION('',(4.9851730665239E-65,-1.,4.49024471295489E-49));
#9686=DIRECTION('',(-1.00000000000001,0.,0.));
#9687=DIRECTION('',(-4.9851730665239E-65,1.,-4.49024471295489E-49));
#9688=DIRECTION('',(0.,0.,1.));
#9689=DIRECTION('',(-4.9851730665239E-65,1.,-4.49024471295489E-49));
#9690=DIRECTION('',(1.,0.,0.));
#9691=DIRECTION('',(1.,9.97034613304779E-65,1.11022302462516E-16));
#9692=DIRECTION('',(-0.919145030018057,1.76879404777601E-49,0.393919298579169));
#9693=DIRECTION('',(4.9851730665239E-65,-1.,4.49024471295489E-49));
#9694=DIRECTION('',(-1.,0.,0.));
#9695=DIRECTION('',(1.,9.97034613304779E-65,1.11022302462516E-16));
#9696=DIRECTION('',(1.11022302462516E-16,-4.49024471295489E-49,-1.));
#9697=DIRECTION('',(4.9851730665239E-65,-1.,4.49024471295489E-49));
#9698=DIRECTION('',(0.,0.,0.999999999999994));
#9699=DIRECTION('',(1.,9.97034613304781E-65,1.11022302462516E-16));
#9700=DIRECTION('',(4.9851730665239E-65,-1.,4.49024471295489E-49));
#9701=DIRECTION('',(0.,0.,1.));
#9702=DIRECTION('',(-4.21119078306096E-17,-4.49024471295489E-49,-1.));
#9703=DIRECTION('',(4.9851730665239E-65,-1.,4.49024471295489E-49));
#9704=DIRECTION('',(0.,0.,1.));
#9705=DIRECTION('',(0.992277876713668,-5.56946311211954E-50,-0.124034734589208));
#9706=DIRECTION('',(-4.9851730665239E-65,1.,-4.49024471295489E-49));
#9707=DIRECTION('',(1.,0.,1.11022302462516E-16));
#9708=DIRECTION('',(-4.9851730665239E-65,1.,-4.49024471295489E-49));
#9709=DIRECTION('',(1.11022302462516E-16,-4.49024471295489E-49,-1.));
#9710=DIRECTION('',(4.9851730665239E-65,-1.,4.49024471295489E-49));
#9711=DIRECTION('',(1.11022302462516E-16,-4.49024471295489E-49,-1.));
#9712=DIRECTION('',(-1.,-9.97034613304779E-65,-1.11022302462516E-16));
#9713=DIRECTION('',(0.,1.,0.));
#9714=DIRECTION('',(-1.11022302462516E-16,4.49024471295489E-49,1.));
#9715=DIRECTION('',(1.,0.,0.));
#9716=DIRECTION('',(0.222824801502141,4.37735325501343E-49,0.974858506571867));
#9717=DIRECTION('',(-0.974858506571867,1.00053788686019E-49,0.222824801502141));
#9718=DIRECTION('',(-1.11022302462516E-16,4.49024471295489E-49,1.));
#9719=DIRECTION('',(1.,0.,0.));
#9720=DIRECTION('',(-1.,-9.97034613304779E-65,-1.11022302462516E-16));
#9721=DIRECTION('',(7.89491928621766E-17,-1.,8.76512116911605E-33));
#9722=DIRECTION('',(-1.,-7.89491928621766E-17,-1.11022302462516E-16));
#9723=DIRECTION('',(7.89491928621766E-17,-1.,8.76512116911605E-33));
#9724=DIRECTION('',(1.11022302462516E-16,0.,-1.));
#9725=DIRECTION('',(-1.,-8.32667268468867E-17,-1.11022302462516E-16));
#9726=DIRECTION('',(-1.11022302462516E-16,0.,1.));
#9727=DIRECTION('',(-1.,-7.89491928621766E-17,-1.11022302462516E-16));
#9728=DIRECTION('',(1.11022302462516E-16,0.,-1.));
#9729=DIRECTION('',(-7.89491928621766E-17,1.,-8.76512116911605E-33));
#9730=DIRECTION('',(1.,8.32667268468867E-17,1.11022302462516E-16));
#9731=DIRECTION('',(7.89491928621766E-17,-1.,8.76512116911605E-33));
#9732=DIRECTION('',(1.11022302462516E-16,0.,-1.));
#9733=DIRECTION('',(1.,7.89491928621766E-17,1.11022302462516E-16));
#9734=DIRECTION('',(1.11022302462516E-16,0.,-1.));
#9735=DIRECTION('',(-1.,-7.89491928621766E-17,-1.11022302462516E-16));
#9736=DIRECTION('',(-1.11022302462516E-16,0.,1.));
#9737=DIRECTION('',(-7.89491928621766E-17,1.,-8.76512116911605E-33));
#9738=DIRECTION('',(1.,8.32667268468867E-17,1.11022302462516E-16));
#9739=DIRECTION('',(7.89491928621766E-17,-1.,8.76512116911605E-33));
#9740=DIRECTION('',(-1.,-7.89491928621766E-17,-1.11022302462516E-16));
#9741=DIRECTION('',(-1.11022302462516E-16,0.,1.));
#9742=DIRECTION('',(0.,0.,1.));
#9743=DIRECTION('',(0.164398987305328,1.69754037324622E-17,-0.986393923832149));
#9744=DIRECTION('',(-1.03257349760524E-16,1.,0.));
#9745=DIRECTION('',(1.00000000000003,0.,0.));
#9746=DIRECTION('',(-1.03257349760524E-16,1.,0.));
#9747=DIRECTION('',(1.,9.71445146547012E-17,0.));
#9748=DIRECTION('',(7.59645419660784E-65,-1.,4.49024471295489E-49));
#9749=DIRECTION('',(0.164398987305361,-4.42915010137811E-49,-0.986393923832143));
#9750=DIRECTION('',(-4.9851730665239E-65,1.,-4.49024471295489E-49));
#9751=DIRECTION('',(0.986393923832143,7.38191683563037E-50,0.164398987305361));
#9752=DIRECTION('',(0.164398987305361,0.,-0.986393923832143));
#9753=DIRECTION('',(4.9851730665239E-65,-1.,4.49024471295489E-49));
#9754=DIRECTION('',(-4.9851730665239E-65,1.,-4.49024471295489E-49));
#9755=DIRECTION('',(1.00000000000003,0.,0.));
#9756=DIRECTION('',(-4.9851730665239E-65,1.,-4.49024471295489E-49));
#9757=DIRECTION('',(-4.9851730665239E-65,1.,-4.49024471295489E-49));
#9758=DIRECTION('',(-1.00000000000003,0.,0.));
#9759=DIRECTION('',(4.9851730665239E-65,-1.,4.49024471295489E-49));
#9760=DIRECTION('',(-1.,-9.97034613304779E-65,-1.11022302462516E-16));
#9761=DIRECTION('',(1.11022302462516E-16,-4.49024471295489E-49,-1.));
#9762=DIRECTION('',(-1.,0.,-1.11022302462516E-16));
#9763=DIRECTION('',(4.9851730665239E-65,-1.,4.49024471295489E-49));
#9764=DIRECTION('',(4.9851730665239E-65,-1.,4.49024471295489E-49));
#9765=DIRECTION('',(-0.999999999999994,0.,0.));
#9766=DIRECTION('',(4.9851730665239E-65,-1.,4.49024471295489E-49));
#9767=DIRECTION('',(0.999999999999994,0.,0.));
#9768=DIRECTION('',(-4.9851730665239E-65,1.,-4.49024471295489E-49));
#9769=DIRECTION('',(4.21119078306096E-17,4.49024471295489E-49,1.));
#9770=DIRECTION('',(-1.,-3.09424535163551E-65,4.21119078306096E-17));
#9771=DIRECTION('',(4.16333634234434E-17,0.,1.));
#9772=DIRECTION('',(4.9851730665239E-65,-1.,4.49024471295489E-49));
#9773=DIRECTION('',(-1.,0.,0.));
#9774=DIRECTION('',(-4.9851730665239E-65,1.,-4.49024471295489E-49));
#9775=DIRECTION('',(4.9851730665239E-65,-1.,4.49024471295489E-49));
#9776=DIRECTION('',(1.,0.,0.));
#9777=DIRECTION('',(-4.9851730665239E-65,1.,-4.49024471295489E-49));
#9778=DIRECTION('',(-0.992277876713668,5.56946311211956E-50,0.124034734589208));
#9779=DIRECTION('',(0.124034734589208,4.45557048969565E-49,0.992277876713668));
#9780=DIRECTION('',(0.992277876713668,0.,-0.124034734589208));
#9781=DIRECTION('',(-1.,-9.97034613304779E-65,-1.11022302462516E-16));
#9782=DIRECTION('',(-1.11022302462516E-16,4.49024471295489E-49,1.));
#9783=DIRECTION('',(-1.,0.,0.));
#9784=DIRECTION('',(-1.11022302462516E-16,4.49024471295489E-49,1.));
#9785=DIRECTION('',(1.,0.,1.11022302462516E-16));
#9786=DIRECTION('',(1.11022302462516E-16,-4.49024471295489E-49,-1.));
#9787=DIRECTION('',(0.222824801502141,4.37735325501343E-49,0.974858506571866));
#9788=DIRECTION('',(-0.974858506571867,1.00053788686021E-49,0.222824801502141));
#9789=DIRECTION('',(-1.11022302462516E-16,4.49024471295489E-49,1.));
#9790=DIRECTION('',(1.,0.,0.));
#9791=DIRECTION('',(-0.974858506571867,1.00053788686021E-49,0.222824801502141));
#9792=DIRECTION('',(1.96448206191777E-48,-1.,2.27893625898235E-64));
#9793=DIRECTION('',(0.222824801502141,4.37735325501343E-49,0.974858506571867));
#9794=DIRECTION('',(0.974858506571867,0.,-0.222824801502141));
#9795=DIRECTION('',(1.11022302462516E-16,-4.49024471295489E-49,-1.));
#9796=DIRECTION('',(-1.,-9.97034613304779E-65,-1.11022302462516E-16));
#9797=DIRECTION('',(0.,1.00000000000003,0.));
#9798=DIRECTION('',(7.89491928621766E-17,-1.,8.76512116911605E-33));
#9799=DIRECTION('',(1.,7.89491928621766E-17,1.11022302462516E-16));
#9800=DIRECTION('',(1.11022302462516E-16,0.,-1.));
#9801=DIRECTION('',(-1.,-9.97034613304779E-65,-1.11022302462516E-16));
#9802=DIRECTION('',(-1.,-9.97034613304779E-65,-1.11022302462516E-16));
#9803=DIRECTION('',(0.,1.00000000000003,0.));
#9804=DIRECTION('',(-1.,-9.97034613304779E-65,-1.11022302462516E-16));
#9805=DIRECTION('',(0.,-1.00000000000003,0.));
#9806=DIRECTION('',(-1.11022302462516E-16,4.49024471295489E-49,1.));
#9807=DIRECTION('',(7.89491928621766E-17,-1.,8.76512116911605E-33));
#9808=DIRECTION('',(-1.,-7.89491928621766E-17,-1.11022302462516E-16));
#9809=DIRECTION('',(-1.11022302462516E-16,0.,1.));
#9810=DIRECTION('',(-1.,-9.97034613304779E-65,-1.11022302462516E-16));
#9811=DIRECTION('',(-4.9851730665239E-65,1.,-4.49024471295489E-49));
#9812=DIRECTION('',(-1.11022302462516E-16,0.,1.));
#9813=DIRECTION('',(1.,8.32667268468867E-17,1.11022302462516E-16));
#9814=DIRECTION('',(-4.9851730665239E-65,1.,-4.49024471295489E-49));
#9815=DIRECTION('',(0.894427190999915,-2.00809848275524E-49,-0.44721359549996));
#9816=DIRECTION('',(0.44721359549996,4.01619696551047E-49,0.894427190999915));
#9817=DIRECTION('',(0.894427190999915,0.,-0.44721359549996));
#9818=DIRECTION('',(-4.9851730665239E-65,1.,-4.49024471295489E-49));
#9819=DIRECTION('',(1.,0.,1.44560289664734E-16));
#9820=DIRECTION('',(-4.9851730665239E-65,1.,-4.49024471295489E-49));
#9821=DIRECTION('',(-4.9851730665239E-65,1.,-4.49024471295489E-49));
#9822=DIRECTION('',(-1.,0.,-1.44560289664734E-16));
#9823=DIRECTION('',(-4.9851730665239E-65,1.,-4.49024471295489E-49));
#9824=DIRECTION('',(4.9851730665239E-65,-1.,4.49024471295489E-49));
#9825=DIRECTION('',(-1.11022302462516E-16,4.49024471295489E-49,1.));
#9826=DIRECTION('',(1.,9.97034613304779E-65,1.11022302462516E-16));
#9827=DIRECTION('',(1.11022302462516E-16,0.,-1.));
#9828=DIRECTION('',(-4.9851730665239E-65,1.,-4.49024471295489E-49));
#9829=DIRECTION('',(-4.9851730665239E-65,1.,-4.49024471295489E-49));
#9830=DIRECTION('',(0.999999999999994,0.,0.));
#9831=DIRECTION('',(-4.9851730665239E-65,1.,-4.49024471295489E-49));
#9832=DIRECTION('',(-0.999999999999994,0.,0.));
#9833=DIRECTION('',(1.,9.97034613304779E-65,1.11022302462516E-16));
#9834=DIRECTION('',(-1.11022302462516E-16,4.49024471295489E-49,1.));
#9835=DIRECTION('',(1.,0.,1.11022302462516E-16));
#9836=DIRECTION('',(-4.9851730665239E-65,1.,-4.49024471295489E-49));
#9837=DIRECTION('',(1.11022302462516E-16,-4.49024471295489E-49,-1.));
#9838=DIRECTION('',(1.,1.25816272631317E-64,1.11022302462516E-16));
#9839=DIRECTION('',(1.11022302462516E-16,0.,-1.));
#9840=DIRECTION('',(4.9851730665239E-65,-1.,4.49024471295489E-49));
#9841=DIRECTION('',(1.,9.97034613304779E-65,1.11022302462516E-16));
#9842=DIRECTION('',(-1.11022302462516E-16,4.49024471295489E-49,1.));
#9843=DIRECTION('',(1.,0.,1.11022302462516E-16));
#9844=DIRECTION('',(4.9851730665239E-65,-1.,4.49024471295489E-49));
#9845=DIRECTION('',(4.9851730665239E-65,-1.,4.49024471295489E-49));
#9846=DIRECTION('',(-1.,0.,0.));
#9847=DIRECTION('',(4.9851730665239E-65,-1.,4.49024471295489E-49));
#9848=DIRECTION('',(1.,0.,0.));
#9849=DIRECTION('',(-4.9851730665239E-65,1.,-4.49024471295489E-49));
#9850=DIRECTION('',(-0.919145030018057,1.76879404777601E-49,0.393919298579169));
#9851=DIRECTION('',(-0.393919298579169,-4.12718611147735E-49,-0.919145030018057));
#9852=DIRECTION('',(-0.919145030018057,0.,0.393919298579169));
#9853=DIRECTION('',(4.9851730665239E-65,-1.,4.49024471295489E-49));
#9854=DIRECTION('',(1.,9.97034613304779E-65,1.11022302462516E-16));
#9855=DIRECTION('',(1.11022302462516E-16,-4.49024471295489E-49,-1.));
#9856=DIRECTION('',(-1.,0.,-1.11022302462516E-16));
#9857=DIRECTION('',(-4.9851730665239E-65,1.,-4.49024471295489E-49));
#9858=DIRECTION('',(1.,0.,0.));
#9859=DIRECTION('',(-4.9851730665239E-65,1.,-4.49024471295489E-49));
#9860=DIRECTION('',(-1.,0.,0.));
#9861=DIRECTION('',(0.,-1.,1.80231010491097E-15));
#9862=DIRECTION('',(0.,0.,0.999999999999999));
#9863=DIRECTION('',(0.,-1.80231010491097E-15,-1.));
#9864=DIRECTION('',(0.,1.,-1.80231010491097E-15));
#9865=DIRECTION('',(0.,1.80411241501588E-15,1.));
#9866=DIRECTION('',(-4.9851730665239E-65,1.,-4.49024471295489E-49));
#9867=DIRECTION('',(0.,-4.49024471295489E-49,-1.));
#9868=DIRECTION('',(-1.,0.,0.));
#9869=DIRECTION('',(0.,1.,0.));
#9870=DIRECTION('',(4.9851730665239E-65,-1.,4.49024471295489E-49));
#9871=DIRECTION('',(-1.00000000000001,0.,0.));
#9872=DIRECTION('',(-4.9851730665239E-65,1.,-4.49024471295489E-49));
#9873=DIRECTION('',(1.,0.,1.11022302462516E-16));
#9874=DIRECTION('',(4.9851730665239E-65,-1.,4.49024471295489E-49));
#9875=DIRECTION('',(1.00000000000001,0.,0.));
#9876=DIRECTION('',(0.961523947640823,0.274721127897378,-4.59339942082322E-16));
#9877=DIRECTION('',(-3.53076982593813E-30,-1.,1.67202262744752E-15));
#9878=DIRECTION('',(1.,-4.29412544368679E-31,7.17987490694245E-46));
#9879=DIRECTION('',(0.,-1.,1.67202262744752E-15));
#9880=DIRECTION('',(0.,-1.67202262744752E-15,-1.));
#9881=DIRECTION('',(0.,1.,-1.67227343084164E-15));
#9882=DIRECTION('',(-0.91564351241359,-0.261612432118168,0.305214504137862));
#9883=DIRECTION('',(3.53076982593813E-30,1.,-1.67202262744752E-15));
#9884=DIRECTION('',(0.948683298050514,-2.39141905836555E-16,-0.316227766016836));
#9885=DIRECTION('',(0.316227766016836,1.586219940622E-15,0.948683298050514));
#9886=DIRECTION('',(0.,-1.,1.67227343084164E-15));
#9887=DIRECTION('',(-1.,9.66178224829527E-31,7.09788656291185E-16));
#9888=DIRECTION('',(1.,0.,0.));
#9889=DIRECTION('',(-0.961523947640823,-0.274721127897378,1.1418187328701E-15));
#9890=DIRECTION('',(0.,-1.,1.67202262744752E-15));
#9891=DIRECTION('',(7.09788656291185E-16,1.67202262744752E-15,1.));
#9892=DIRECTION('',(0.,-1.,1.67227343084164E-15));
#9893=DIRECTION('',(0.,0.,1.));
#9894=DIRECTION('',(-1.,-1.26443886558765E-30,-7.5623310643703E-16));
#9895=DIRECTION('',(0.,0.,-1.));
#9896=DIRECTION('',(0.,1.,0.));
#9897=DIRECTION('',(0.,0.,1.));
#9898=DIRECTION('',(1.,1.26443886558765E-30,7.5623310643703E-16));
#9899=DIRECTION('',(0.,0.,-0.999999999999999));
#9900=DIRECTION('',(0.,-1.,1.33440267382831E-16));
#9901=DIRECTION('',(1.,1.26443886558765E-30,7.5623310643703E-16));
#9902=DIRECTION('',(7.56339435525888E-16,0.,-1.));
#9903=DIRECTION('',(2.11508946956607E-15,-7.55257790474773E-16,-1.));
#9904=DIRECTION('',(-2.11167586369817E-15,-6.50521303491303E-16,1.));
#9905=DIRECTION('',(-2.11167586369817E-15,-6.50521303491303E-16,1.));
#9906=DIRECTION('',(-2.17538795060652E-15,7.38029653034644E-16,1.));
#9907=DIRECTION('',(-0.274721127897378,0.961523947640823,-1.30725821686685E-15));
#9908=DIRECTION('',(2.1094237467878E-15,-7.49400541621981E-16,-1.));
#9909=DIRECTION('',(1.,0.,0.));
#9910=DIRECTION('',(0.,1.,6.50521303491303E-16));
#9911=DIRECTION('',(0.,-6.52256026967279E-16,1.));
#9912=DIRECTION('',(0.,1.,-1.33440267382831E-16));
#9913=DIRECTION('',(-1.,0.,-2.11167586369817E-15));
#9914=DIRECTION('',(0.,0.,-0.999999999999999));
#9915=DIRECTION('',(0.,0.,-1.));
#9916=DIRECTION('',(0.,-1.,0.));
#9917=DIRECTION('',(1.,0.,2.11167586369817E-15));
#9918=DIRECTION('',(1.73472347597681E-15,0.,-1.));
#9919=DIRECTION('',(2.11167586369817E-15,-7.5623310643703E-16,-1.));
#9920=DIRECTION('',(1.,0.,2.11167586369817E-15));
#9921=DIRECTION('',(2.1094237467878E-15,0.,-1.));
#9922=DIRECTION('',(2.11508946956607E-15,-7.5623310643703E-16,-1.));
#9923=DIRECTION('',(-1.,-3.53647745219044E-30,-2.11508946956607E-15));
#9924=DIRECTION('',(-2.1163626406917E-15,0.,1.));
#9925=DIRECTION('',(-2.17538795060652E-15,7.5623310643703E-16,1.));
#9926=DIRECTION('',(1.,3.63729787689079E-30,2.17538795060652E-15));
#9927=DIRECTION('',(2.17881268582687E-15,0.,-1.));
#9928=DIRECTION('',(-4.29412544368679E-31,-1.,7.5623310643703E-16));
#9929=DIRECTION('',(0.,-7.49400541621981E-16,-1.));
#9930=DIRECTION('',(1.,0.,0.));
#9931=DIRECTION('',(-1.,0.,0.));
#9932=DIRECTION('',(0.,-1.,8.16340459283204E-16));
#9933=DIRECTION('',(0.,-8.18789480661053E-16,-1.));
#9934=DIRECTION('',(0.,-2.77555756156289E-15,1.));
#9935=DIRECTION('',(0.,-1.,-2.77555756156289E-15));
#9936=DIRECTION('',(0.,0.,-1.));
#9937=DIRECTION('',(-1.00000000000003,0.,0.));
#9938=DIRECTION('',(-1.,0.,0.));
#9939=DIRECTION('',(-1.,0.,0.));
#9940=DIRECTION('',(-1.,0.,0.));
#9941=DIRECTION('',(0.,0.,-1.));
#9942=DIRECTION('',(-1.00000000000003,0.,0.));
#9943=DIRECTION('',(0.,0.,-1.));
#9944=DIRECTION('',(-1.,0.,0.));
#9945=DIRECTION('',(-1.,0.,0.));
#9946=DIRECTION('',(-1.,0.,0.));
#9947=DIRECTION('',(0.,-1.,0.));
#9948=DIRECTION('',(0.,0.,-1.));
#9949=DIRECTION('',(1.,0.,0.));
#9950=DIRECTION('',(0.,2.66880534765663E-16,1.));
#9951=DIRECTION('',(0.,-1.,2.67147415300428E-16));
#9952=DIRECTION('',(0.,-2.77555756156289E-15,-1.));
#9953=DIRECTION('',(0.,1.,-2.77555756156289E-15));
#9954=DIRECTION('',(-1.,0.,0.));
#9955=DIRECTION('',(0.,2.77555756156289E-15,1.));
#9956=DIRECTION('',(0.,-1.,2.77555756156289E-15));
#9957=DIRECTION('',(-1.,0.,0.));
#9958=DIRECTION('',(0.,1.,0.));
#9959=DIRECTION('',(0.,0.,1.));
#9960=DIRECTION('',(1.,0.,0.));
#9961=DIRECTION('',(0.,0.,-1.));
#9962=DIRECTION('',(-1.,0.,0.));
#9963=DIRECTION('',(0.,1.33440267382831E-16,1.));
#9964=DIRECTION('',(0.,-1.00000000000003,0.));
#9965=DIRECTION('',(-1.,0.,0.));
#9966=DIRECTION('',(-1.,0.,0.));
#9967=DIRECTION('',(-1.,0.,0.));
#9968=DIRECTION('',(0.,1.33440267382831E-16,1.));
#9969=DIRECTION('',(0.,-1.00000000000003,0.));
#9970=DIRECTION('',(0.,1.33440267382831E-16,1.));
#9971=DIRECTION('',(0.,-1.,1.33573707650214E-16));
#9972=DIRECTION('',(1.,0.,0.));
#9973=DIRECTION('',(-1.,0.,0.));
#9974=DIRECTION('',(0.,1.,0.));
#9975=DIRECTION('',(0.,0.,1.));
#9976=DIRECTION('',(0.,0.,-1.));
#9977=DIRECTION('',(-1.,0.,0.));
#9978=DIRECTION('',(-1.,0.,0.));
#9979=DIRECTION('',(0.,0.,1.));
#9980=DIRECTION('',(-1.,0.,0.));
#9981=DIRECTION('',(0.,0.,1.));
#9982=DIRECTION('',(-1.,0.,0.));
#9983=DIRECTION('',(0.,0.,1.));
#9984=DIRECTION('',(-1.,0.,0.));
#9985=DIRECTION('',(0.,0.,0.999999999999999));
#9986=DIRECTION('',(1.,0.,0.));
#9987=DIRECTION('',(0.,0.,-1.));
#9988=DIRECTION('',(-1.,0.,0.));
#9989=DIRECTION('',(0.,0.,-1.));
#9990=DIRECTION('',(-1.,0.,0.));
#9991=DIRECTION('',(0.,0.,1.));
#9992=DIRECTION('',(-1.,0.,0.));
#9993=DIRECTION('',(0.,0.,1.));
#9994=DIRECTION('',(-1.,0.,0.));
#9995=DIRECTION('',(0.,0.,-1.));
#9996=DIRECTION('',(1.,0.,0.));
#9997=DIRECTION('',(0.,0.,-1.));
#9998=DIRECTION('',(1.,0.,0.));
#9999=DIRECTION('',(0.,0.,-1.));
#10000=DIRECTION('',(-1.,0.,0.));
#10001=DIRECTION('',(0.,0.,1.));
#10002=DIRECTION('',(1.,0.,0.));
#10003=DIRECTION('',(0.,0.,-1.));
#10004=DIRECTION('',(-1.,0.,0.));
#10005=DIRECTION('',(0.,0.,1.));
#10006=DIRECTION('',(1.,0.,0.));
#10007=DIRECTION('',(0.,0.,-1.));
#10008=DIRECTION('',(-1.,0.,0.));
#10009=DIRECTION('',(0.,0.,1.));
#10010=DIRECTION('',(1.,0.,0.));
#10011=DIRECTION('',(0.,0.,-1.));
#10012=DIRECTION('',(-1.,0.,0.));
#10013=DIRECTION('',(0.,0.,1.));
#10014=DIRECTION('',(1.,0.,0.));
#10015=DIRECTION('',(0.,0.,-1.));
#10016=DIRECTION('',(-1.,0.,0.));
#10017=DIRECTION('',(0.,0.,1.));
#10018=DIRECTION('',(1.,0.,0.));
#10019=DIRECTION('',(0.,0.,-1.));
#10020=DIRECTION('',(-1.,0.,0.));
#10021=DIRECTION('',(0.,0.,1.));
#10022=DIRECTION('',(1.,0.,0.));
#10023=DIRECTION('',(0.,0.,-1.));
#10024=DIRECTION('',(1.,0.,0.));
#10025=DIRECTION('',(0.,0.,-1.));
#10026=DIRECTION('',(1.,0.,0.));
#10027=DIRECTION('',(0.,0.,-1.));
#10028=DIRECTION('',(-1.,0.,0.));
#10029=DIRECTION('',(0.,0.,1.));
#10030=DIRECTION('',(1.,0.,0.));
#10031=DIRECTION('',(0.,0.,-1.));
#10032=DIRECTION('',(-1.,0.,0.));
#10033=DIRECTION('',(0.,0.,1.));
#10034=DIRECTION('',(2.24237410495852E-15,-0.763066202090594,-0.646320331745054));
#10035=DIRECTION('',(0.,0.646320331745054,-0.763066202090594));
#10036=DIRECTION('',(1.,0.,0.));
#10037=DIRECTION('',(0.,0.,-1.));
#10038=DIRECTION('',(0.,0.763066202090594,-0.646320331745054));
#10039=DIRECTION('',(0.,0.646320331745054,0.763066202090594));
#10040=DIRECTION('',(1.,0.,0.));
#10041=DIRECTION('',(0.,0.,-1.));
#10042=DIRECTION('',(1.,0.,0.));
#10043=DIRECTION('',(0.,0.,-0.999999999999999));
#10044=DIRECTION('',(1.,0.,0.));
#10045=DIRECTION('',(0.,0.,-1.));
#10046=DIRECTION('',(-2.64741770898216E-15,0.646320331745011,-0.763066202090631));
#10047=DIRECTION('',(0.,0.763066202090629,0.64632033174501));
#10048=DIRECTION('',(1.,0.,0.));
#10049=DIRECTION('',(0.,0.,-1.));
#10050=DIRECTION('',(0.,0.646320331745029,0.763066202090616));
#10051=DIRECTION('',(0.,-0.763066202090615,0.646320331745028));
#10052=DIRECTION('',(1.,0.,0.));
#10053=DIRECTION('',(0.,0.,-1.));
#10054=DIRECTION('',(1.,0.,0.));
#10055=DIRECTION('',(0.,0.,-1.));
#10056=DIRECTION('',(-2.64741770898216E-15,0.646320331745011,-0.763066202090631));
#10057=DIRECTION('',(0.,0.763066202090629,0.64632033174501));
#10058=DIRECTION('',(1.,0.,0.));
#10059=DIRECTION('',(0.,0.,-1.));
#10060=DIRECTION('',(0.,0.646320331745029,0.763066202090616));
#10061=DIRECTION('',(0.,-0.763066202090615,0.646320331745028));
#10062=DIRECTION('',(1.,0.,0.));
#10063=DIRECTION('',(0.,0.,-1.));
#10064=DIRECTION('',(1.,0.,0.));
#10065=DIRECTION('',(0.,0.,-1.));
#10066=DIRECTION('',(-2.64741770898216E-15,0.646320331745011,-0.763066202090631));
#10067=DIRECTION('',(0.,0.763066202090629,0.64632033174501));
#10068=DIRECTION('',(1.,0.,0.));
#10069=DIRECTION('',(0.,0.,-1.));
#10070=DIRECTION('',(0.,0.646320331745029,0.763066202090616));
#10071=DIRECTION('',(0.,-0.763066202090615,0.646320331745028));
#10072=DIRECTION('',(1.,0.,0.));
#10073=DIRECTION('',(0.,0.,-1.));
#10074=DIRECTION('',(1.,0.,0.));
#10075=DIRECTION('',(0.,0.,-1.));
#10076=DIRECTION('',(1.,0.,0.));
#10077=DIRECTION('',(0.,0.,-1.));
#10078=DIRECTION('',(2.24237410495852E-15,0.763066202090594,0.646320331745054));
#10079=DIRECTION('',(0.,-0.646320331745054,0.763066202090594));
#10080=DIRECTION('',(1.,0.,0.));
#10081=DIRECTION('',(0.,0.,-1.));
#10082=DIRECTION('',(-2.24237410495848E-15,-0.763066202090605,0.646320331745041));
#10083=DIRECTION('',(0.,-0.64632033174504,-0.763066202090604));
#10084=DIRECTION('',(1.,0.,0.));
#10085=DIRECTION('',(0.,0.,-1.));
#10086=DIRECTION('',(1.,0.,0.));
#10087=DIRECTION('',(0.,0.,-1.));
#10088=DIRECTION('',(3.67466100186943E-15,-0.646320331745024,0.76306620209062));
#10089=DIRECTION('',(0.,-0.763066202090615,-0.646320331745026));
#10090=DIRECTION('',(1.,0.,0.));
#10091=DIRECTION('',(0.,0.,-1.));
#10092=DIRECTION('',(-1.42643318377979E-14,-0.646320331745028,-0.763066202090616));
#10093=DIRECTION('',(0.,0.763066202090615,-0.646320331745026));
#10094=DIRECTION('',(1.,0.,0.));
#10095=DIRECTION('',(0.,0.,-1.));
#10096=DIRECTION('',(1.,0.,0.));
#10097=DIRECTION('',(0.,0.,-1.));
#10098=DIRECTION('',(1.,0.,0.));
#10099=DIRECTION('',(0.,0.,-1.));
#10100=DIRECTION('',(0.,0.646320331745028,0.763066202090616));
#10101=DIRECTION('',(0.,-0.763066202090615,0.646320331745026));
#10102=DIRECTION('',(1.,0.,0.));
#10103=DIRECTION('',(0.,0.,-1.));
#10104=DIRECTION('',(0.,0.646320331745017,-0.763066202090626));
#10105=DIRECTION('',(0.,0.763066202090629,0.646320331745019));
#10106=DIRECTION('',(1.,0.,0.));
#10107=DIRECTION('',(0.,0.,-1.));
#10108=DIRECTION('',(1.,0.,0.));
#10109=DIRECTION('',(0.,0.,-1.));
#10110=DIRECTION('',(5.29483541796421E-15,-0.646320331745028,0.763066202090616));
#10111=DIRECTION('',(0.,-0.763066202090615,-0.646320331745026));
#10112=DIRECTION('',(1.,0.,0.));
#10113=DIRECTION('',(0.,0.,-0.999999999999999));
#10114=DIRECTION('',(1.42643318377979E-14,-0.646320331745017,-0.763066202090626));
#10115=DIRECTION('',(0.,0.763066202090629,-0.646320331745019));
#10116=DIRECTION('',(1.,0.,0.));
#10117=DIRECTION('',(0.,0.,-1.));
#10118=DIRECTION('',(1.,0.,0.));
#10119=DIRECTION('',(0.,0.,-0.999999999999999));
#10120=DIRECTION('',(1.,0.,0.));
#10121=DIRECTION('',(0.,0.,-0.999999999999999));
#10122=DIRECTION('',(0.,0.,1.));
#10123=DIRECTION('',(0.,-1.,0.));
#10124=DIRECTION('',(0.,0.,-1.));
#10125=DIRECTION('',(0.,0.,-1.));
#10126=DIRECTION('',(0.,1.,0.));
#10127=DIRECTION('',(0.,0.,1.));
#10128=DIRECTION('',(0.,0.,1.));
#10129=DIRECTION('',(0.,-1.,0.));
#10130=DIRECTION('',(0.,0.,-1.));
#10131=DIRECTION('',(0.,0.,-1.));
#10132=DIRECTION('',(2.77555756156289E-15,1.,0.));
#10133=DIRECTION('',(-1.,2.77555756156289E-15,0.));
#10134=DIRECTION('',(0.,0.,1.));
#10135=DIRECTION('',(0.,-1.,0.));
#10136=DIRECTION('',(0.,0.,-1.));
#10137=DIRECTION('',(0.,0.,-1.));
#10138=DIRECTION('',(0.,1.,0.));
#10139=DIRECTION('',(0.,0.,1.));
#10140=DIRECTION('',(0.,0.,-1.));
#10141=DIRECTION('',(0.,-1.,0.));
#10142=DIRECTION('',(0.,0.,-1.));
#10143=DIRECTION('',(0.,0.,1.));
#10144=DIRECTION('',(-1.,-7.2280144832367E-16,0.));
#10145=DIRECTION('',(0.,1.,0.));
#10146=DIRECTION('',(-7.2280144832367E-16,1.,0.));
#10147=DIRECTION('',(-1.,-7.2280144832367E-16,0.));
#10148=DIRECTION('',(0.,1.,0.));
#10149=DIRECTION('',(0.,0.,-1.));
#10150=DIRECTION('',(0.,0.,1.));
#10151=DIRECTION('',(0.,0.,-1.));
#10152=DIRECTION('',(0.,0.,1.));
#10153=DIRECTION('',(0.,0.,-1.));
#10154=DIRECTION('',(0.,0.,1.));
#10155=DIRECTION('',(0.,0.,-1.));
#10156=DIRECTION('',(1.,7.2280144832367E-16,0.));
#10157=DIRECTION('',(-7.21644966006352E-16,1.,0.));
#10158=DIRECTION('',(0.,0.,1.));
#10159=DIRECTION('',(0.,1.,0.));
#10160=DIRECTION('',(0.,0.,1.));
#10161=DIRECTION('',(0.,0.,1.));
#10162=DIRECTION('',(0.,-1.,0.));
#10163=DIRECTION('',(0.,0.,-1.));
#10164=DIRECTION('',(0.,0.,-1.));
#10165=DIRECTION('',(0.,0.,1.));
#10166=DIRECTION('',(-1.,-3.61400724161835E-16,0.));
#10167=DIRECTION('',(3.60822483003176E-16,-1.,0.));
#10168=DIRECTION('',(0.,0.,-1.));
#10169=DIRECTION('',(0.,1.,0.));
#10170=DIRECTION('',(0.,0.,1.));
#10171=DIRECTION('',(0.,0.,1.));
#10172=DIRECTION('',(0.,-1.,0.));
#10173=DIRECTION('',(0.,0.,-1.));
#10174=DIRECTION('',(0.,0.,-1.));
#10175=DIRECTION('',(0.,0.,1.));
#10176=DIRECTION('',(-1.,0.,0.));
#10177=DIRECTION('',(0.,0.,1.));
#10178=DIRECTION('',(0.,0.,-1.));
#10179=DIRECTION('',(2.77555756156289E-15,1.,0.));
#10180=DIRECTION('',(-1.,2.77555756156289E-15,0.));
#10181=DIRECTION('',(0.,0.,1.));
#10182=DIRECTION('',(0.,-1.,0.));
#10183=DIRECTION('',(0.,0.,-1.));
#10184=DIRECTION('',(0.,0.,-1.));
#10185=DIRECTION('',(0.,0.,1.));
#10186=DIRECTION('',(-1.,-3.61400724161835E-16,0.));
#10187=DIRECTION('',(3.60822483003176E-16,-1.,0.));
#10188=DIRECTION('',(0.,0.,-1.));
#10189=DIRECTION('',(0.,1.,0.));
#10190=DIRECTION('',(0.,0.,1.));
#10191=DIRECTION('',(0.,0.,1.));
#10192=DIRECTION('',(0.,-1.,0.));
#10193=DIRECTION('',(0.,0.,-1.));
#10194=DIRECTION('',(0.,0.,-1.));
#10195=DIRECTION('',(0.,0.,1.));
#10196=DIRECTION('',(-1.,0.,0.));
#10197=DIRECTION('',(0.,0.,1.));
#10198=DIRECTION('',(0.,0.,-1.));
#10199=DIRECTION('',(0.,1.,0.));
#10200=DIRECTION('',(0.,0.,1.));
#10201=DIRECTION('',(0.,0.,1.));
#10202=DIRECTION('',(1.,0.,0.));
#10203=DIRECTION('',(0.,0.,1.));
#10204=DIRECTION('',(1.,0.,0.));
#10205=DIRECTION('',(0.,0.,1.));
#10206=DIRECTION('',(1.,0.,0.));
#10207=DIRECTION('',(0.,0.,1.));
#10208=DIRECTION('',(1.,0.,0.));
#10209=DIRECTION('',(0.,0.,1.));
#10210=DIRECTION('',(1.,0.,0.));
#10211=DIRECTION('',(0.,0.,1.));
#10212=DIRECTION('',(1.,0.,0.));
#10213=DIRECTION('',(0.,0.,1.));
#10214=DIRECTION('',(1.,0.,0.));
#10215=DIRECTION('',(0.,0.,1.));
#10216=DIRECTION('',(1.,0.,0.));
#10217=DIRECTION('',(0.,0.,1.));
#10218=DIRECTION('',(1.,0.,0.));
#10219=DIRECTION('',(0.,0.,1.));
#10220=DIRECTION('',(1.,0.,0.));
#10221=DIRECTION('',(0.,0.,1.));
#10222=DIRECTION('',(1.,0.,0.));
#10223=DIRECTION('',(0.,0.,1.));
#10224=DIRECTION('',(1.,0.,0.));
#10225=DIRECTION('',(0.,0.,1.));
#10226=DIRECTION('',(1.,0.,0.));
#10227=DIRECTION('',(0.,0.,1.));
#10228=DIRECTION('',(1.,0.,0.));
#10229=DIRECTION('',(0.,0.,1.));
#10230=DIRECTION('',(1.,0.,0.));
#10231=DIRECTION('',(0.,0.,1.));
#10232=DIRECTION('',(1.,0.,0.));
#10233=DIRECTION('',(0.,-1.,0.));
#10234=DIRECTION('',(1.,0.,0.));
#10235=DIRECTION('',(0.,0.,-1.));
#10236=DIRECTION('',(-1.,0.,0.));
#10237=DIRECTION('',(0.,0.,1.));
#10238=DIRECTION('',(0.,-1.,0.));
#10239=DIRECTION('',(0.,0.,-1.));
#10240=DIRECTION('',(0.,1.,0.));
#10241=DIRECTION('',(0.,0.,1.));
#10242=DIRECTION('',(0.,0.,1.));
#10243=DIRECTION('',(1.,0.,0.));
#10244=DIRECTION('',(1.,0.,0.));
#10245=DIRECTION('',(0.,0.,-1.));
#10246=DIRECTION('',(0.,-0.707106781186547,0.707106781186547));
#10247=DIRECTION('',(0.,-0.707106781186547,-0.707106781186547));
#10248=DIRECTION('',(0.,0.,-1.));
#10249=DIRECTION('',(-1.,0.,0.));
#10250=DIRECTION('',(-0.500000000000005,0.866025403784436,0.));
#10251=DIRECTION('',(-0.866025403784436,-0.500000000000005,0.));
#10252=DIRECTION('',(0.,-1.,0.));
#10253=DIRECTION('',(0.,0.,-1.));
#10254=DIRECTION('',(-0.500000000000005,0.866025403784436,0.));
#10255=DIRECTION('',(0.866025403784436,0.500000000000005,0.));
#10256=DIRECTION('',(0.,1.,0.));
#10257=DIRECTION('',(0.,0.,1.));
#10258=DIRECTION('',(0.,0.,-1.));
#10259=DIRECTION('',(-1.,0.,0.));
#10260=DIRECTION('',(1.,0.,0.));
#10261=DIRECTION('',(0.,0.,-1.));
#10262=DIRECTION('',(0.,0.,-1.));
#10263=DIRECTION('',(-1.,0.,0.));
#10264=DIRECTION('',(0.,0.,1.));
#10265=DIRECTION('',(1.,0.,0.));
#10266=DIRECTION('',(0.,-1.,0.));
#10267=DIRECTION('',(0.,0.,-1.));
#10268=DIRECTION('',(1.,0.,0.));
#10269=DIRECTION('',(0.,0.,-1.));
#10270=DIRECTION('',(0.,1.,0.));
#10271=DIRECTION('',(0.,0.,1.));
#10272=DIRECTION('',(0.,0.,1.));
#10273=DIRECTION('',(0.,1.,0.));
#10274=DIRECTION('',(0.,0.,1.));
#10275=DIRECTION('',(0.,0.,-1.));
#10276=DIRECTION('',(0.,-1.,0.));
#10277=DIRECTION('',(0.,0.,-1.));
#10278=DIRECTION('',(0.,-2.52323414687535E-15,1.));
#10279=DIRECTION('',(0.,1.,2.52323414687535E-15));
#10280=DIRECTION('',(0.,-2.52575738102223E-15,1.));
#10281=DIRECTION('',(0.,0.,-1.));
#10282=DIRECTION('',(0.,-1.,0.));
#10283=DIRECTION('',(0.,0.,-1.));
#10284=DIRECTION('',(0.,-0.664363838829919,-0.747409318683661));
#10285=DIRECTION('',(0.,0.747409318683661,-0.664363838829919));
#10286=DIRECTION('',(-0.500000000000004,0.866025403784436,0.));
#10287=DIRECTION('',(0.,0.,-1.));
#10288=DIRECTION('',(0.,0.,-1.));
#10289=DIRECTION('',(-1.00000000000003,0.,0.));
#10290=DIRECTION('',(0.,0.,1.));
#10291=DIRECTION('',(1.00000000000003,0.,0.));
#10292=DIRECTION('',(0.,0.,1.));
#10293=DIRECTION('',(1.00000000000003,0.,0.));
#10294=DIRECTION('',(0.,-2.52323414687535E-15,1.));
#10295=DIRECTION('',(0.,-1.00000000000003,-2.71050543121376E-15));
#10296=DIRECTION('',(0.,0.,-1.));
#10297=DIRECTION('',(-1.00000000000003,0.,0.));
#10298=DIRECTION('',(1.,7.2280144832367E-16,0.));
#10299=DIRECTION('',(-7.21644966006352E-16,1.,0.));
#10300=DIRECTION('',(1.,7.2280144832367E-16,0.));
#10301=DIRECTION('',(-7.21644966006352E-16,1.,0.));
#10302=DIRECTION('',(1.,0.,0.));
#10303=DIRECTION('',(0.,0.,-1.));
#10304=DIRECTION('',(1.,0.,0.));
#10305=DIRECTION('',(0.,0.,-1.));
#10306=DIRECTION('',(1.,7.2280144832367E-16,0.));
#10307=DIRECTION('',(-7.21644966006352E-16,1.,0.));
#10308=DIRECTION('',(1.,0.,0.));
#10309=DIRECTION('',(0.,0.,-1.));
#10310=DIRECTION('',(1.,7.2280144832367E-16,0.));
#10311=DIRECTION('',(-7.21644966006352E-16,1.,0.));
#10312=DIRECTION('',(1.,7.2280144832367E-16,0.));
#10313=DIRECTION('',(-7.21644966006352E-16,1.,0.));
#10314=DIRECTION('',(1.,7.2280144832367E-16,0.));
#10315=DIRECTION('',(-7.21644966006352E-16,1.,0.));
#10316=DIRECTION('',(1.,0.,0.));
#10317=DIRECTION('',(1.,0.,0.));
#10318=DIRECTION('',(0.,0.,-1.));
#10319=DIRECTION('',(1.,0.,0.));
#10320=DIRECTION('',(1.,0.,0.));
#10321=DIRECTION('',(0.,0.,-1.));
#10322=DIRECTION('',(0.,0.,1.));
#10323=DIRECTION('',(1.,0.,0.));
#10324=DIRECTION('',(1.,0.,0.));
#10325=DIRECTION('',(0.,0.,-1.));
#10326=DIRECTION('',(1.,0.,0.));
#10327=DIRECTION('',(0.,0.,-1.));
#10328=DIRECTION('',(1.,0.,0.));
#10329=DIRECTION('',(0.,0.,-1.));
#10330=DIRECTION('',(1.,0.,0.));
#10331=DIRECTION('',(0.,0.,-1.));
#10332=DIRECTION('',(1.,0.,0.));
#10333=DIRECTION('',(0.,0.,-1.));
#10334=DIRECTION('',(1.,0.,0.));
#10335=DIRECTION('',(0.,0.,-1.));
#10336=DIRECTION('',(1.,0.,0.));
#10337=DIRECTION('',(0.,0.,-1.));
#10338=DIRECTION('',(1.,0.,0.));
#10339=DIRECTION('',(0.,0.,-1.));
#10340=DIRECTION('',(1.,0.,0.));
#10341=DIRECTION('',(0.,0.,-1.));
#10342=DIRECTION('',(1.,0.,0.));
#10343=DIRECTION('',(0.,0.,-1.));
#10344=DIRECTION('',(1.,0.,0.));
#10345=DIRECTION('',(0.,0.,-1.));
#10346=DIRECTION('',(1.,0.,0.));
#10347=DIRECTION('',(0.,0.,-1.));
#10348=DIRECTION('',(1.,0.,0.));
#10349=DIRECTION('',(0.,0.,-1.));
#10350=DIRECTION('',(1.,0.,0.));
#10351=DIRECTION('',(0.,0.,-1.));
#10352=DIRECTION('',(1.,0.,0.));
#10353=DIRECTION('',(0.,0.,-1.));
#10354=DIRECTION('',(1.,0.,0.));
#10355=DIRECTION('',(0.,0.,-1.));
#10356=DIRECTION('',(-1.,3.51436609374757E-15,0.));
#10357=DIRECTION('',(0.,0.,-0.999999999999999));
#10358=DIRECTION('',(0.999999999999996,0.,0.));
#10359=DIRECTION('',(0.,0.,1.));
#10360=DIRECTION('',(-1.,3.51436609374757E-15,0.));
#10361=DIRECTION('',(0.,0.,-1.));
#10362=DIRECTION('',(-1.,0.,0.));
#10363=DIRECTION('',(0.,0.,-0.999999999999999));
#10364=DIRECTION('',(0.999999999999996,0.,0.));
#10365=DIRECTION('',(0.,0.,1.));
#10366=DIRECTION('',(-1.,0.,0.));
#10367=DIRECTION('',(0.,0.,-1.));
#10368=DIRECTION('',(-1.,0.,0.));
#10369=DIRECTION('',(0.,0.,-0.999999999999999));
#10370=DIRECTION('',(0.999999999999996,0.,0.));
#10371=DIRECTION('',(0.,0.,1.));
#10372=DIRECTION('',(-1.,0.,0.));
#10373=DIRECTION('',(0.,0.,-1.));
#10374=DIRECTION('',(-1.,0.,0.));
#10375=DIRECTION('',(0.,0.,-0.999999999999999));
#10376=DIRECTION('',(0.999999999999996,0.,0.));
#10377=DIRECTION('',(0.,0.,1.));
#10378=DIRECTION('',(-1.,0.,0.));
#10379=DIRECTION('',(0.,0.,-1.));
#10380=DIRECTION('',(-1.,0.,0.));
#10381=DIRECTION('',(0.,0.,-0.999999999999999));
#10382=DIRECTION('',(0.999999999999996,0.,0.));
#10383=DIRECTION('',(0.,0.,1.));
#10384=DIRECTION('',(-1.,0.,0.));
#10385=DIRECTION('',(0.,0.,-1.));
#10386=DIRECTION('',(-1.,0.,0.));
#10387=DIRECTION('',(0.,0.,-0.999999999999999));
#10388=DIRECTION('',(0.999999999999996,0.,0.));
#10389=DIRECTION('',(0.,0.,1.));
#10390=DIRECTION('',(-1.,0.,0.));
#10391=DIRECTION('',(0.,0.,-1.));
#10392=DIRECTION('',(-1.,0.,0.));
#10393=DIRECTION('',(0.,0.,-0.999999999999999));
#10394=DIRECTION('',(0.999999999999996,0.,0.));
#10395=DIRECTION('',(0.,0.,1.));
#10396=DIRECTION('',(-1.,0.,0.));
#10397=DIRECTION('',(0.,0.,-1.));
#10398=DIRECTION('',(-1.,0.,0.));
#10399=DIRECTION('',(0.,0.,-0.999999999999999));
#10400=DIRECTION('',(0.999999999999996,0.,0.));
#10401=DIRECTION('',(0.,0.,1.));
#10402=DIRECTION('',(-1.,0.,0.));
#10403=DIRECTION('',(0.,0.,-1.));
#10404=CARTESIAN_POINT('',(0.,0.,0.));
#10405=CARTESIAN_POINT('',(43.6271030207489,96.3315241586991,-24.0440635782979));
#10406=CARTESIAN_POINT('',(43.6271030207489,97.3315241586991,-24.0440635782979));
#10407=CARTESIAN_POINT('',(43.6271030207489,64.156524158699,-18.5690635782946));
#10408=CARTESIAN_POINT('',(34.0021030207506,97.506524158699,-24.1190635782968));
#10409=CARTESIAN_POINT('',(34.5021030207506,97.506524158699,-23.5190635782967));
#10410=CARTESIAN_POINT('',(34.4219129529231,97.2349369335772,-23.6152916596898));
#10411=CARTESIAN_POINT('',(34.0646030207497,96.3315241586991,-24.0440635782979));
#10412=CARTESIAN_POINT('',(34.4219129529231,95.428111383821,-23.6152916596898));
#10413=CARTESIAN_POINT('',(34.0021030207506,95.156524158699,-24.1190635782968));
#10414=CARTESIAN_POINT('',(34.5021030207506,95.156524158699,-23.5190635782967));
#10415=CARTESIAN_POINT('',(34.5021030207506,-355.948475841314,-23.5190635782967));
#10416=CARTESIAN_POINT('',(34.5021030207506,86.556524158699,-23.5190635782967));
#10417=CARTESIAN_POINT('',(34.0021030207506,86.556524158699,-24.1190635782968));
#10418=CARTESIAN_POINT('',(34.4219129529231,86.2849369335773,-23.6152916596898));
#10419=CARTESIAN_POINT('',(34.0646030207497,85.3815241586991,-24.0440635782979));
#10420=CARTESIAN_POINT('',(34.421912952923,84.4781113838209,-23.6152916596898));
#10421=CARTESIAN_POINT('',(34.0021030207506,84.206524158699,-24.1190635782968));
#10422=CARTESIAN_POINT('',(34.5021030207506,84.206524158699,-23.5190635782967));
#10423=CARTESIAN_POINT('',(34.5021030207507,-355.948475841314,-23.5190635782965));
#10424=CARTESIAN_POINT('',(34.5021030207506,75.606524158699,-23.5190635782967));
#10425=CARTESIAN_POINT('',(34.0021030207506,75.606524158699,-24.1190635782968));
#10426=CARTESIAN_POINT('',(34.4219129529231,75.3349369335773,-23.6152916596898));
#10427=CARTESIAN_POINT('',(34.0646030207497,74.4315241586991,-24.0440635782979));
#10428=CARTESIAN_POINT('',(34.421912952923,73.528111383821,-23.6152916596898));
#10429=CARTESIAN_POINT('',(34.0021030207506,73.256524158699,-24.1190635782968));
#10430=CARTESIAN_POINT('',(34.5021030207506,73.256524158699,-23.5190635782967));
#10431=CARTESIAN_POINT('',(34.5021030207506,-355.948475841314,-23.5190635782967));
#10432=CARTESIAN_POINT('',(34.5021030207506,64.656524158699,-23.5190635782967));
#10433=CARTESIAN_POINT('',(34.0021030207506,64.656524158699,-24.1190635782968));
#10434=CARTESIAN_POINT('',(34.0021030207506,64.156524158699,-24.1190635782968));
#10435=CARTESIAN_POINT('',(44.5021030207504,64.156524158699,-11.5190635782946));
#10436=CARTESIAN_POINT('',(29.5021030207506,64.156524158699,-29.5190635782946));
#10437=CARTESIAN_POINT('',(29.5021030207504,-355.948475841314,-29.5190635782981));
#10438=CARTESIAN_POINT('',(29.5021030207504,61.906524158699,-29.5190635782981));
#10439=CARTESIAN_POINT('',(44.5021030207504,61.906524158699,-11.5190635782946));
#10440=CARTESIAN_POINT('',(41.1687696874177,61.906524158699,-15.5190635782946));
#10441=CARTESIAN_POINT('',(41.1687696874177,65.906524158699,-15.5190635782946));
#10442=CARTESIAN_POINT('',(44.5021030207504,65.906524158699,-11.5190635782946));
#10443=CARTESIAN_POINT('',(44.5021030207504,-355.948475841314,-11.5190635782946));
#10444=CARTESIAN_POINT('',(44.5021030207504,104.8565241587,-11.5190635782946));
#10445=CARTESIAN_POINT('',(41.1687696874177,104.8565241587,-15.5190635782946));
#10446=CARTESIAN_POINT('',(41.1687696874177,108.8565241587,-15.5190635782946));
#10447=CARTESIAN_POINT('',(44.5021030207504,108.8565241587,-11.5190635782946));
#10448=CARTESIAN_POINT('',(29.5021030207504,108.8565241587,-29.5190635782981));
#10449=CARTESIAN_POINT('',(29.5021030207504,-355.948475841314,-29.5190635782981));
#10450=CARTESIAN_POINT('',(29.5021030207504,106.6065241587,-29.5190635782981));
#10451=CARTESIAN_POINT('',(44.5021030207504,106.606524158699,-11.5190635782946));
#10452=CARTESIAN_POINT('',(34.0021030207506,106.606524158699,-24.1190635782968));
#10453=CARTESIAN_POINT('',(34.0021030207506,106.106524158699,-24.1190635782968));
#10454=CARTESIAN_POINT('',(34.5021030207506,106.106524158699,-23.5190635782967));
#10455=CARTESIAN_POINT('',(34.5021030207507,-355.948475841314,-23.5190635782965));
#10456=CARTESIAN_POINT('',(43.6271030207492,-355.948475841314,-12.5690635782963));
#10457=CARTESIAN_POINT('',(43.6271030207489,95.156524158699,-12.5690635782966));
#10458=CARTESIAN_POINT('',(43.6271030207489,97.506524158699,-12.5690635782966));
#10459=CARTESIAN_POINT('',(43.1271030207489,97.506524158699,-13.1690635782967));
#10460=CARTESIAN_POINT('',(43.1271030207489,97.006524158699,-13.1690635782967));
#10461=CARTESIAN_POINT('',(44.5021030207504,97.006524158699,-11.5190635782946));
#10462=CARTESIAN_POINT('',(38.6271030207515,97.0065241587003,-18.5690635782946));
#10463=CARTESIAN_POINT('',(38.6271030207486,101.8065241587,-18.5690635782981));
#10464=CARTESIAN_POINT('',(38.6271030207489,106.606524158699,-18.5690635782946));
#10465=CARTESIAN_POINT('',(44.5021030207504,106.606524158699,-11.5190635782946));
#10466=CARTESIAN_POINT('',(43.1271030207489,106.606524158699,-13.1690635782967));
#10467=CARTESIAN_POINT('',(43.1271030207489,106.106524158699,-13.1690635782967));
#10468=CARTESIAN_POINT('',(43.6271030207489,106.106524158699,-12.5690635782966));
#10469=CARTESIAN_POINT('',(43.6271030207492,-355.948475841314,-12.5690635782963));
#10470=CARTESIAN_POINT('',(43.6271030207489,106.740004978887,-12.5690635782966));
#10471=CARTESIAN_POINT('',(41.1687696874177,104.8565241587,-15.5190635782946));
#10472=CARTESIAN_POINT('',(44.0854363540838,104.8565241587,-12.0190635782946));
#10473=CARTESIAN_POINT('',(44.0854363540838,-355.948475841314,-12.0190635782946));
#10474=CARTESIAN_POINT('',(44.0854363540838,65.906524158699,-12.0190635782946));
#10475=CARTESIAN_POINT('',(41.1687696874177,65.906524158699,-15.5190635782946));
#10476=CARTESIAN_POINT('',(43.6271030207489,64.0230433385121,-12.5690635782966));
#10477=CARTESIAN_POINT('',(43.6271030207492,-355.948475841314,-12.5690635782963));
#10478=CARTESIAN_POINT('',(43.6271030207489,64.656524158699,-12.5690635782966));
#10479=CARTESIAN_POINT('',(43.1271030207489,64.656524158699,-13.1690635782967));
#10480=CARTESIAN_POINT('',(43.1271030207489,64.156524158699,-13.1690635782967));
#10481=CARTESIAN_POINT('',(44.5021030207504,64.156524158699,-11.5190635782946));
#10482=CARTESIAN_POINT('',(38.6271030207489,64.156524158699,-18.5690635782946));
#10483=CARTESIAN_POINT('',(38.6271030207489,68.956524158699,-18.5690635782978));
#10484=CARTESIAN_POINT('',(38.6271030207489,73.756524158699,-18.5690635782946));
#10485=CARTESIAN_POINT('',(44.5021030207504,73.756524158699,-11.5190635782946));
#10486=CARTESIAN_POINT('',(43.1271030207489,73.756524158699,-13.1690635782967));
#10487=CARTESIAN_POINT('',(43.1271030207489,73.256524158699,-13.1690635782967));
#10488=CARTESIAN_POINT('',(43.6271030207489,73.256524158699,-12.5690635782966));
#10489=CARTESIAN_POINT('',(43.6271030207492,-355.948475841314,-12.5690635782963));
#10490=CARTESIAN_POINT('',(43.6271030207489,75.606524158699,-12.5690635782966));
#10491=CARTESIAN_POINT('',(43.1271030207489,75.606524158699,-13.1690635782967));
#10492=CARTESIAN_POINT('',(43.1271030207489,75.106524158699,-13.1690635782967));
#10493=CARTESIAN_POINT('',(44.5021030207504,75.106524158699,-11.5190635782946));
#10494=CARTESIAN_POINT('',(38.6271030207515,75.1065241586993,-18.5690635782946));
#10495=CARTESIAN_POINT('',(38.6271030207488,79.9065241586995,-18.5690635782979));
#10496=CARTESIAN_POINT('',(38.6271030207489,84.706524158699,-18.5690635782946));
#10497=CARTESIAN_POINT('',(44.5021030207504,84.706524158699,-11.5190635782946));
#10498=CARTESIAN_POINT('',(43.1271030207489,84.706524158699,-13.1690635782967));
#10499=CARTESIAN_POINT('',(43.1271030207489,84.206524158699,-13.1690635782967));
#10500=CARTESIAN_POINT('',(43.6271030207489,84.206524158699,-12.5690635782966));
#10501=CARTESIAN_POINT('',(43.6271030207492,-355.948475841314,-12.5690635782963));
#10502=CARTESIAN_POINT('',(43.6271030207489,86.556524158699,-12.5690635782966));
#10503=CARTESIAN_POINT('',(43.1271030207489,86.556524158699,-13.1690635782967));
#10504=CARTESIAN_POINT('',(43.1271030207489,86.056524158699,-13.1690635782967));
#10505=CARTESIAN_POINT('',(44.5021030207509,86.056524158699,-11.519063578294));
#10506=CARTESIAN_POINT('',(38.6271030207515,86.0565241586999,-18.5690635782946));
#10507=CARTESIAN_POINT('',(38.6271030207487,90.8565241587,-18.569063578298));
#10508=CARTESIAN_POINT('',(38.6271030207489,95.656524158699,-18.5690635782946));
#10509=CARTESIAN_POINT('',(44.5021030207504,95.656524158699,-11.5190635782946));
#10510=CARTESIAN_POINT('',(43.1271030207489,95.656524158699,-13.1690635782967));
#10511=CARTESIAN_POINT('',(43.1271030207489,95.156524158699,-13.1690635782967));
#10512=CARTESIAN_POINT('',(44.5021030207504,-355.948475841314,-11.5190635782946));
#10513=CARTESIAN_POINT('',(43.6271030207489,68.956524158699,-18.5690635782978));
#10514=CARTESIAN_POINT('',(43.6271030207489,64.656524158699,-16.4359906775276));
#10515=CARTESIAN_POINT('',(43.6271030207489,73.256524158699,-16.4359906775276));
#10516=CARTESIAN_POINT('',(43.6271030207489,73.256524158699,-16.4359906775276));
#10517=CARTESIAN_POINT('',(43.6271030207489,73.3933262331392,-16.711766024859));
#10518=CARTESIAN_POINT('',(43.5745145208708,73.5034227738285,-17.0019887667196));
#10519=CARTESIAN_POINT('',(43.5055480912298,73.5832952232514,-17.2911787962376));
#10520=CARTESIAN_POINT('',(43.4062110523336,73.6983409441384,-17.7077188630522));
#10521=CARTESIAN_POINT('',(43.267546591245,73.7553467932586,-18.1339047094759));
#10522=CARTESIAN_POINT('',(43.1313589509217,73.7565060454296,-18.5558769540733));
#10523=CARTESIAN_POINT('',(43.1299403320368,73.7565181209529,-18.5602724909493));
#10524=CARTESIAN_POINT('',(43.1285216653516,73.756524158699,-18.5646680331318));
#10525=CARTESIAN_POINT('',(43.1271030207489,73.756524158699,-18.5690635782946));
#10526=CARTESIAN_POINT('',(43.1271030207489,73.756524158699,-18.5690635782946));
#10527=CARTESIAN_POINT('',(43.6271030207489,73.756524158699,-18.5690635782946));
#10528=CARTESIAN_POINT('',(38.6271030207489,64.156524158699,-18.5690635782946));
#10529=CARTESIAN_POINT('',(43.1271030207489,64.156524158699,-18.5690635782946));
#10530=CARTESIAN_POINT('',(43.1271030207489,64.156524158699,-18.5690635782946));
#10531=CARTESIAN_POINT('',(43.1285216653516,64.156524158699,-18.5646680331318));
#10532=CARTESIAN_POINT('',(43.1299403320368,64.1565301964451,-18.5602724909493));
#10533=CARTESIAN_POINT('',(43.1313589509217,64.1565422719684,-18.5558769540733));
#10534=CARTESIAN_POINT('',(43.267546591245,64.1577015241394,-18.1339047094759));
#10535=CARTESIAN_POINT('',(43.4062110523336,64.2147073732596,-17.7077188630522));
#10536=CARTESIAN_POINT('',(43.5055480912298,64.3297530941466,-17.2911787962376));
#10537=CARTESIAN_POINT('',(43.5745145208708,64.4096255435695,-17.0019887667196));
#10538=CARTESIAN_POINT('',(43.6271030207489,64.5197220842588,-16.711766024859));
#10539=CARTESIAN_POINT('',(43.6271030207489,64.656524158699,-16.4359906775276));
#10540=CARTESIAN_POINT('',(70.5021030207504,68.956524158699,-18.5690635782978));
#10541=CARTESIAN_POINT('',(29.5021030207504,68.9565241586991,-29.5190635782979));
#10542=CARTESIAN_POINT('',(29.5021030207504,73.756524158699,-29.5190635782981));
#10543=CARTESIAN_POINT('',(34.5021030207506,64.156524158699,-29.5190635782946));
#10544=CARTESIAN_POINT('',(34.0021030207506,64.156524158699,-29.5190635782946));
#10545=CARTESIAN_POINT('',(34.0021030207506,64.156524158699,-29.5190635782946));
#10546=CARTESIAN_POINT('',(34.0035216653563,64.156524158699,-29.5146680331328));
#10547=CARTESIAN_POINT('',(34.0049403320504,64.1565301964452,-29.5102724909532));
#10548=CARTESIAN_POINT('',(34.0063589509323,64.1565422719685,-29.5058769540763));
#10549=CARTESIAN_POINT('',(34.142546590972,64.1577015241394,-29.0839047093873));
#10550=CARTESIAN_POINT('',(34.2812110523353,64.2147073732596,-28.6577188630526));
#10551=CARTESIAN_POINT('',(34.3805480912315,64.3297530941466,-28.241178796238));
#10552=CARTESIAN_POINT('',(34.4495145208725,64.4096255435695,-27.95198876672));
#10553=CARTESIAN_POINT('',(34.5021030207506,64.5197220842588,-27.6617660248593));
#10554=CARTESIAN_POINT('',(34.5021030207506,64.656524158699,-27.3859906775279));
#10555=CARTESIAN_POINT('',(34.5021030207506,64.656524158699,-27.3859906775279));
#10556=CARTESIAN_POINT('',(34.5021030207506,68.9565241586991,-29.5190635782979));
#10557=CARTESIAN_POINT('',(34.5021030207506,73.256524158699,-27.3859906775276));
#10558=CARTESIAN_POINT('',(34.5021030207506,73.256524158699,-27.3859906775276));
#10559=CARTESIAN_POINT('',(34.5021030207506,73.3933262331392,-27.6617660248589));
#10560=CARTESIAN_POINT('',(34.4495145208725,73.5034227738285,-27.9519887667195));
#10561=CARTESIAN_POINT('',(34.3805480912315,73.5832952232514,-28.2411787962374));
#10562=CARTESIAN_POINT('',(34.2812110523352,73.6983409441384,-28.6577188630521));
#10563=CARTESIAN_POINT('',(34.1425465915244,73.7553467932587,-29.0839047095656));
#10564=CARTESIAN_POINT('',(34.0063589509145,73.7565060454296,-29.5058769540705));
#10565=CARTESIAN_POINT('',(34.0049403320266,73.7565181209529,-29.5102724909455));
#10566=CARTESIAN_POINT('',(34.0035216653503,73.756524158699,-29.5146680331309));
#10567=CARTESIAN_POINT('',(34.0021030207506,73.756524158699,-29.5190635782946));
#10568=CARTESIAN_POINT('',(34.0021030207506,73.756524158699,-29.5190635782946));
#10569=CARTESIAN_POINT('',(29.5021030207506,73.756524158699,-29.5190635782946));
#10570=CARTESIAN_POINT('',(43.6271030207489,68.9565241586991,-29.5190635782979));
#10571=CARTESIAN_POINT('',(43.6271030207489,73.7565241586991,-29.5190635782979));
#10572=CARTESIAN_POINT('',(70.5021030207504,68.9565241586991,-29.5190635782979));
#10573=CARTESIAN_POINT('',(29.5021030207504,101.8065241587,-29.5190635782981));
#10574=CARTESIAN_POINT('',(29.5021030207504,101.8065241587,-34.3190635782981));
#10575=CARTESIAN_POINT('',(29.5021030207506,97.006524158699,-29.5190635782946));
#10576=CARTESIAN_POINT('',(34.5021030207506,97.006524158699,-29.5190635782946));
#10577=CARTESIAN_POINT('',(34.0021030207506,97.006524158699,-29.5190635782946));
#10578=CARTESIAN_POINT('',(34.0021030207506,97.006524158699,-29.5190635782946));
#10579=CARTESIAN_POINT('',(34.0035216654055,97.006524158699,-29.5146680331488));
#10580=CARTESIAN_POINT('',(34.0049403322473,97.0065301964465,-29.5102724910168));
#10581=CARTESIAN_POINT('',(34.0063589510799,97.0065422719697,-29.5058769541242));
#10582=CARTESIAN_POINT('',(34.1425465863945,97.0077015241407,-29.0839047079107));
#10583=CARTESIAN_POINT('',(34.2812110523357,97.0647073732601,-28.6577188630578));
#10584=CARTESIAN_POINT('',(34.3805480912315,97.1797530941466,-28.2411787962433));
#10585=CARTESIAN_POINT('',(34.4495145208724,97.2596255435693,-27.9519887667244));
#10586=CARTESIAN_POINT('',(34.5021030207506,97.3697220842586,-27.661766024863));
#10587=CARTESIAN_POINT('',(34.5021030207506,97.506524158699,-27.3859906775309));
#10588=CARTESIAN_POINT('',(34.5021030207506,97.506524158699,-27.3859906775309));
#10589=CARTESIAN_POINT('',(34.5021030207506,101.8065241587,-29.5190635782981));
#10590=CARTESIAN_POINT('',(34.5021030207506,106.106524158699,-27.385990677525));
#10591=CARTESIAN_POINT('',(34.5021030207506,106.106524158699,-27.385990677525));
#10592=CARTESIAN_POINT('',(34.5021030207506,106.243326233139,-27.6617660248556));
#10593=CARTESIAN_POINT('',(34.4495145208726,106.353422773828,-27.9519887667154));
#10594=CARTESIAN_POINT('',(34.3805480912315,106.433295223251,-28.2411787962325));
#10595=CARTESIAN_POINT('',(34.2812110523348,106.548340944139,-28.6577188630474));
#10596=CARTESIAN_POINT('',(34.1425465961018,106.60534679326,-29.0839047110427));
#10597=CARTESIAN_POINT('',(34.0063589507668,106.606506045431,-29.5058769540231));
#10598=CARTESIAN_POINT('',(34.0049403318298,106.606518120954,-29.5102724908821));
#10599=CARTESIAN_POINT('',(34.0035216653011,106.606524158699,-29.5146680331151));
#10600=CARTESIAN_POINT('',(34.0021030207506,106.606524158699,-29.5190635782946));
#10601=CARTESIAN_POINT('',(34.0021030207506,106.606524158699,-29.5190635782946));
#10602=CARTESIAN_POINT('',(29.5021030207506,106.606524158699,-29.5190635782946));
#10603=CARTESIAN_POINT('',(29.5021030207504,101.8065241587,-29.5190635782981));
#10604=CARTESIAN_POINT('',(43.6271030207489,101.8065241587,-29.5190635782981));
#10605=CARTESIAN_POINT('',(43.6271030207488,106.6065241587,-29.5190635782981));
#10606=CARTESIAN_POINT('',(70.5021030207504,101.8065241587,-29.5190635782981));
#10607=CARTESIAN_POINT('',(43.6271030207489,101.8065241587,-18.5690635782981));
#10608=CARTESIAN_POINT('',(43.6271030207489,106.106524158699,-16.435990677525));
#10609=CARTESIAN_POINT('',(43.6271030207489,97.506524158699,-16.4359906775309));
#10610=CARTESIAN_POINT('',(43.6271030207489,106.106524158699,-16.435990677525));
#10611=CARTESIAN_POINT('',(43.6271030207489,106.243326233139,-16.7117660248555));
#10612=CARTESIAN_POINT('',(43.5745145208709,106.353422773828,-17.0019887667154));
#10613=CARTESIAN_POINT('',(43.5055480912298,106.433295223251,-17.2911787962326));
#10614=CARTESIAN_POINT('',(43.4062110523331,106.548340944139,-17.7077188630474));
#10615=CARTESIAN_POINT('',(43.2675465961001,106.60534679326,-18.1339047110427));
#10616=CARTESIAN_POINT('',(43.1313589507651,106.606506045431,-18.5558769540231));
#10617=CARTESIAN_POINT('',(43.1299403318281,106.606518120954,-18.5602724908821));
#10618=CARTESIAN_POINT('',(43.1285216652994,106.606524158699,-18.5646680331151));
#10619=CARTESIAN_POINT('',(43.1271030207489,106.606524158699,-18.5690635782946));
#10620=CARTESIAN_POINT('',(43.1271030207489,106.606524158699,-18.5690635782946));
#10621=CARTESIAN_POINT('',(38.6271030207489,106.606524158699,-18.5690635782946));
#10622=CARTESIAN_POINT('',(43.6271030207489,97.006524158699,-18.5690635782946));
#10623=CARTESIAN_POINT('',(43.1271030207489,97.006524158699,-18.5690635782946));
#10624=CARTESIAN_POINT('',(43.1271030207489,97.006524158699,-18.5690635782946));
#10625=CARTESIAN_POINT('',(43.1285216654038,97.006524158699,-18.5646680331488));
#10626=CARTESIAN_POINT('',(43.1299403322456,97.0065301964465,-18.5602724910168));
#10627=CARTESIAN_POINT('',(43.1313589510783,97.0065422719697,-18.5558769541241));
#10628=CARTESIAN_POINT('',(43.2675465863928,97.0077015241407,-18.1339047079107));
#10629=CARTESIAN_POINT('',(43.406211052334,97.0647073732601,-17.7077188630577));
#10630=CARTESIAN_POINT('',(43.5055480912298,97.1797530941466,-17.2911787962433));
#10631=CARTESIAN_POINT('',(43.5745145208707,97.2596255435693,-17.0019887667244));
#10632=CARTESIAN_POINT('',(43.6271030207489,97.3697220842586,-16.711766024863));
#10633=CARTESIAN_POINT('',(43.6271030207489,97.506524158699,-16.4359906775309));
#10634=CARTESIAN_POINT('',(70.5021030207504,101.8065241587,-18.5690635782981));
#10635=CARTESIAN_POINT('',(29.5021030207504,90.8565241587001,-29.5190635782981));
#10636=CARTESIAN_POINT('',(29.5021030207504,95.6565241587,-29.5190635782981));
#10637=CARTESIAN_POINT('',(29.5021030207506,86.056524158699,-29.5190635782946));
#10638=CARTESIAN_POINT('',(34.5021030207506,86.056524158699,-29.5190635782946));
#10639=CARTESIAN_POINT('',(34.0021030207506,86.056524158699,-29.5190635782946));
#10640=CARTESIAN_POINT('',(34.0021030207506,86.056524158699,-29.5190635782946));
#10641=CARTESIAN_POINT('',(34.0035216653917,86.056524158699,-29.5146680331443));
#10642=CARTESIAN_POINT('',(34.0049403321921,86.0565301964461,-29.510272490999));
#10643=CARTESIAN_POINT('',(34.0063589510386,86.0565422719694,-29.5058769541108));
#10644=CARTESIAN_POINT('',(34.1425465876773,86.0577015241403,-29.0839047083245));
#10645=CARTESIAN_POINT('',(34.2812110523356,86.11470737326,-28.6577188630564));
#10646=CARTESIAN_POINT('',(34.3805480912315,86.2297530941466,-28.2411787962419));
#10647=CARTESIAN_POINT('',(34.4495145208724,86.3096255435694,-27.9519887667233));
#10648=CARTESIAN_POINT('',(34.5021030207506,86.4197220842587,-27.661766024862));
#10649=CARTESIAN_POINT('',(34.5021030207506,86.556524158699,-27.3859906775301));
#10650=CARTESIAN_POINT('',(34.5021030207506,86.556524158699,-27.3859906775301));
#10651=CARTESIAN_POINT('',(34.5021030207506,90.8565241587001,-29.5190635782981));
#10652=CARTESIAN_POINT('',(34.5021030207506,95.156524158699,-27.3859906775258));
#10653=CARTESIAN_POINT('',(34.5021030207506,95.156524158699,-27.3859906775258));
#10654=CARTESIAN_POINT('',(34.5021030207506,95.2933262331391,-27.6617660248566));
#10655=CARTESIAN_POINT('',(34.4495145208726,95.4034227738284,-27.9519887667166));
#10656=CARTESIAN_POINT('',(34.3805480912315,95.4832952232514,-28.241178796234));
#10657=CARTESIAN_POINT('',(34.2812110523349,95.5983409441388,-28.6577188630488));
#10658=CARTESIAN_POINT('',(34.1425465947745,95.6553467932596,-29.0839047106144));
#10659=CARTESIAN_POINT('',(34.0063589508096,95.6565060454305,-29.5058769540369));
#10660=CARTESIAN_POINT('',(34.0049403318868,95.6565181209538,-29.5102724909005));
#10661=CARTESIAN_POINT('',(34.0035216653153,95.656524158699,-29.5146680331197));
#10662=CARTESIAN_POINT('',(34.0021030207506,95.656524158699,-29.5190635782946));
#10663=CARTESIAN_POINT('',(34.0021030207506,95.656524158699,-29.5190635782946));
#10664=CARTESIAN_POINT('',(29.5021030207506,95.656524158699,-29.5190635782946));
#10665=CARTESIAN_POINT('',(43.6271030207489,90.8565241587001,-29.5190635782981));
#10666=CARTESIAN_POINT('',(43.6271030207489,95.6565241587001,-29.5190635782981));
#10667=CARTESIAN_POINT('',(70.5021030207504,90.8565241587001,-29.5190635782981));
#10668=CARTESIAN_POINT('',(43.6271030207489,90.8565241587,-18.569063578298));
#10669=CARTESIAN_POINT('',(43.6271030207489,95.156524158699,-16.4359906775259));
#10670=CARTESIAN_POINT('',(43.6271030207489,86.556524158699,-16.4359906775298));
#10671=CARTESIAN_POINT('',(43.6271030207489,95.156524158699,-16.4359906775259));
#10672=CARTESIAN_POINT('',(43.6271030207489,95.2933262331391,-16.7117660248567));
#10673=CARTESIAN_POINT('',(43.5745145208709,95.4034227738284,-17.0019887667168));
#10674=CARTESIAN_POINT('',(43.5055480912298,95.4832952232514,-17.2911787962343));
#10675=CARTESIAN_POINT('',(43.4062110523332,95.5983409441388,-17.707718863049));
#10676=CARTESIAN_POINT('',(43.2675465944509,95.6553467932595,-18.1339047105105));
#10677=CARTESIAN_POINT('',(43.1313589508183,95.6565060454304,-18.5558769540402));
#10678=CARTESIAN_POINT('',(43.129940331899,95.6565181209537,-18.5602724909049));
#10679=CARTESIAN_POINT('',(43.1285216653171,95.656524158699,-18.5646680331208));
#10680=CARTESIAN_POINT('',(43.1271030207489,95.656524158699,-18.5690635782946));
#10681=CARTESIAN_POINT('',(43.1271030207489,95.656524158699,-18.5690635782946));
#10682=CARTESIAN_POINT('',(38.6271030207489,95.656524158699,-18.5690635782946));
#10683=CARTESIAN_POINT('',(43.6271030207489,86.056524158699,-18.5690635782946));
#10684=CARTESIAN_POINT('',(43.1271030207489,86.056524158699,-18.5690635782946));
#10685=CARTESIAN_POINT('',(43.1271030207489,86.056524158699,-18.5690635782946));
#10686=CARTESIAN_POINT('',(43.1285216653866,86.056524158699,-18.5646680331432));
#10687=CARTESIAN_POINT('',(43.1299403321767,86.056530196446,-18.5602724909945));
#10688=CARTESIAN_POINT('',(43.1313589510266,86.0565422719693,-18.5558769541074));
#10689=CARTESIAN_POINT('',(43.2675465879945,86.0577015241402,-18.1339047084273));
#10690=CARTESIAN_POINT('',(43.4062110523339,86.1147073732599,-17.7077188630559));
#10691=CARTESIAN_POINT('',(43.5055480912298,86.2297530941466,-17.2911787962414));
#10692=CARTESIAN_POINT('',(43.5745145208707,86.3096255435694,-17.0019887667228));
#10693=CARTESIAN_POINT('',(43.6271030207489,86.4197220842587,-16.7117660248617));
#10694=CARTESIAN_POINT('',(43.6271030207489,86.556524158699,-16.4359906775298));
#10695=CARTESIAN_POINT('',(70.5021030207504,90.8565241587,-18.569063578298));
#10696=CARTESIAN_POINT('',(29.5021030207504,79.9065241586995,-29.5190635782979));
#10697=CARTESIAN_POINT('',(29.5021030207504,84.7065241586994,-29.5190635782981));
#10698=CARTESIAN_POINT('',(29.5021030207506,75.106524158699,-29.5190635782946));
#10699=CARTESIAN_POINT('',(34.5021030207506,75.106524158699,-29.5190635782946));
#10700=CARTESIAN_POINT('',(34.0021030207506,75.106524158699,-29.5190635782946));
#10701=CARTESIAN_POINT('',(34.0021030207506,75.106524158699,-29.5190635782946));
#10702=CARTESIAN_POINT('',(34.0035216653705,75.106524158699,-29.5146680331374));
#10703=CARTESIAN_POINT('',(34.0049403321074,75.1065301964456,-29.5102724909716));
#10704=CARTESIAN_POINT('',(34.0063589509751,75.1065422719689,-29.5058769540901));
#10705=CARTESIAN_POINT('',(34.1425465896451,75.1077015241398,-29.0839047089592));
#10706=CARTESIAN_POINT('',(34.2812110523354,75.1647073732598,-28.6577188630541));
#10707=CARTESIAN_POINT('',(34.3805480912315,75.2797530941466,-28.2411787962395));
#10708=CARTESIAN_POINT('',(34.4495145208725,75.3596255435694,-27.9519887667212));
#10709=CARTESIAN_POINT('',(34.5021030207506,75.4697220842587,-27.6617660248603));
#10710=CARTESIAN_POINT('',(34.5021030207506,75.606524158699,-27.3859906775287));
#10711=CARTESIAN_POINT('',(34.5021030207506,75.606524158699,-27.3859906775287));
#10712=CARTESIAN_POINT('',(34.5021030207506,79.9065241586995,-29.5190635782979));
#10713=CARTESIAN_POINT('',(34.5021030207506,84.206524158699,-27.3859906775268));
#10714=CARTESIAN_POINT('',(34.5021030207506,84.206524158699,-27.3859906775268));
#10715=CARTESIAN_POINT('',(34.5021030207506,84.3433262331392,-27.6617660248578));
#10716=CARTESIAN_POINT('',(34.4495145208726,84.4534227738285,-27.9519887667182));
#10717=CARTESIAN_POINT('',(34.3805480912315,84.5332952232514,-28.2411787962359));
#10718=CARTESIAN_POINT('',(34.2812110523351,84.6483409441386,-28.6577188630506));
#10719=CARTESIAN_POINT('',(34.1425465928509,84.7053467932591,-29.0839047099936));
#10720=CARTESIAN_POINT('',(34.0063589508717,84.70650604543,-29.5058769540567));
#10721=CARTESIAN_POINT('',(34.0049403319696,84.7065181209533,-29.5102724909271));
#10722=CARTESIAN_POINT('',(34.0035216653361,84.706524158699,-29.5146680331263));
#10723=CARTESIAN_POINT('',(34.0021030207506,84.706524158699,-29.5190635782946));
#10724=CARTESIAN_POINT('',(34.0021030207506,84.706524158699,-29.5190635782946));
#10725=CARTESIAN_POINT('',(29.5021030207506,84.706524158699,-29.5190635782946));
#10726=CARTESIAN_POINT('',(43.6271030207489,79.9065241586995,-29.5190635782979));
#10727=CARTESIAN_POINT('',(43.6271030207489,84.7065241586995,-29.5190635782979));
#10728=CARTESIAN_POINT('',(70.5021030207504,79.9065241586995,-29.5190635782979));
#10729=CARTESIAN_POINT('',(43.6271030207489,79.9065241586995,-18.5690635782979));
#10730=CARTESIAN_POINT('',(43.6271030207489,84.206524158699,-16.4359906775268));
#10731=CARTESIAN_POINT('',(43.6271030207489,75.606524158699,-16.4359906775287));
#10732=CARTESIAN_POINT('',(43.6271030207489,84.206524158699,-16.4359906775268));
#10733=CARTESIAN_POINT('',(43.6271030207489,84.3433262331392,-16.7117660248578));
#10734=CARTESIAN_POINT('',(43.5745145208709,84.4534227738285,-17.0019887667182));
#10735=CARTESIAN_POINT('',(43.5055480912298,84.5332952232514,-17.2911787962359));
#10736=CARTESIAN_POINT('',(43.4062110523334,84.6483409441386,-17.7077188630506));
#10737=CARTESIAN_POINT('',(43.2675465928492,84.7053467932591,-18.1339047099936));
#10738=CARTESIAN_POINT('',(43.13135895087,84.70650604543,-18.5558769540567));
#10739=CARTESIAN_POINT('',(43.1299403319679,84.7065181209533,-18.5602724909271));
#10740=CARTESIAN_POINT('',(43.1285216653344,84.706524158699,-18.5646680331263));
#10741=CARTESIAN_POINT('',(43.1271030207489,84.706524158699,-18.5690635782946));
#10742=CARTESIAN_POINT('',(43.1271030207489,84.706524158699,-18.5690635782946));
#10743=CARTESIAN_POINT('',(38.6271030207489,84.706524158699,-18.5690635782946));
#10744=CARTESIAN_POINT('',(43.6271030207489,75.106524158699,-18.5690635782946));
#10745=CARTESIAN_POINT('',(43.1271030207489,75.106524158699,-18.5690635782946));
#10746=CARTESIAN_POINT('',(43.1271030207489,75.106524158699,-18.5690635782946));
#10747=CARTESIAN_POINT('',(43.1285216653688,75.106524158699,-18.5646680331374));
#10748=CARTESIAN_POINT('',(43.1299403321057,75.1065301964456,-18.5602724909716));
#10749=CARTESIAN_POINT('',(43.1313589509734,75.1065422719689,-18.5558769540901));
#10750=CARTESIAN_POINT('',(43.2675465896434,75.1077015241398,-18.1339047089592));
#10751=CARTESIAN_POINT('',(43.4062110523337,75.1647073732598,-17.7077188630541));
#10752=CARTESIAN_POINT('',(43.5055480912298,75.2797530941466,-17.2911787962395));
#10753=CARTESIAN_POINT('',(43.5745145208708,75.3596255435694,-17.0019887667212));
#10754=CARTESIAN_POINT('',(43.6271030207489,75.4697220842587,-16.7117660248603));
#10755=CARTESIAN_POINT('',(43.6271030207489,75.606524158699,-16.4359906775287));
#10756=CARTESIAN_POINT('',(70.5021030207504,79.9065241586995,-18.5690635782979));
#10757=CARTESIAN_POINT('',(16.2021030207504,73.756524158699,-24.7818813064665));
#10758=CARTESIAN_POINT('',(33.4497549139426,73.756524158699,-24.7818813064665));
#10759=CARTESIAN_POINT('',(34.0021030207506,73.756524158699,-24.7818813064665));
#10760=CARTESIAN_POINT('',(34.421912952923,73.528111383821,-23.6152916596898));
#10761=CARTESIAN_POINT('',(34.4444848399379,73.4932205587741,-23.688805842185));
#10762=CARTESIAN_POINT('',(34.4563952143753,73.4661038850478,-23.7701124626822));
#10763=CARTESIAN_POINT('',(34.4631536357779,73.4499985249158,-23.8527328953788));
#10764=CARTESIAN_POINT('',(34.4704190667814,73.4326849577588,-23.9415514252533));
#10765=CARTESIAN_POINT('',(34.4720396307047,73.4274648945929,-24.0341388739755));
#10766=CARTESIAN_POINT('',(34.4692518446378,73.4347711119431,-24.1245829162409));
#10767=CARTESIAN_POINT('',(34.4660598141426,73.4431367712967,-24.2281418458321));
#10768=CARTESIAN_POINT('',(34.4571369010828,73.468539452862,-24.3320920868858));
#10769=CARTESIAN_POINT('',(34.4346722671522,73.5072906777359,-24.4258913832921));
#10770=CARTESIAN_POINT('',(34.4201014609777,73.5324251441335,-24.486730628279));
#10771=CARTESIAN_POINT('',(34.3991494035976,73.5637526453556,-24.5446386849584));
#10772=CARTESIAN_POINT('',(34.3684471765493,73.5968063350058,-24.5947414830742));
#10773=CARTESIAN_POINT('',(34.3444577206556,73.6226331269431,-24.633889746282));
#10774=CARTESIAN_POINT('',(34.3137912120476,73.650003113805,-24.6690597913808));
#10775=CARTESIAN_POINT('',(34.2766469835904,73.6744064536915,-24.6973420646757));
#10776=CARTESIAN_POINT('',(34.2392534510162,73.698973583576,-24.72581416254));
#10777=CARTESIAN_POINT('',(34.1939341251619,73.7210810927322,-24.7481119032918));
#10778=CARTESIAN_POINT('',(34.1449536535552,73.7356835233235,-24.7622597981154));
#10779=CARTESIAN_POINT('',(34.1001010834517,73.7490553125344,-24.775215358231));
#10780=CARTESIAN_POINT('',(34.0506664260008,73.756524158699,-24.7818813064665));
#10781=CARTESIAN_POINT('',(34.0021030207506,73.756524158699,-24.7818813064665));
#10782=CARTESIAN_POINT('',(34.0021030207506,75.106524158699,-24.7818813064666));
#10783=CARTESIAN_POINT('',(34.0449877521153,75.106524158699,-24.7818813064666));
#10784=CARTESIAN_POINT('',(34.0884843548243,75.1122820461309,-24.7767178834971));
#10785=CARTESIAN_POINT('',(34.1288014474358,75.1228429530733,-24.7666134551541));
#10786=CARTESIAN_POINT('',(34.1690657848085,75.1333900409844,-24.7565222485366));
#10787=CARTESIAN_POINT('',(34.2072466129279,75.1489629710358,-24.7411998066781));
#10788=CARTESIAN_POINT('',(34.2406669661751,75.1671072223578,-24.7214981186473));
#10789=CARTESIAN_POINT('',(34.2747964698508,75.1856364786947,-24.7013783781679));
#10790=CARTESIAN_POINT('',(34.3048046915173,75.2071933950048,-24.6762237022545));
#10791=CARTESIAN_POINT('',(34.3297801564096,75.2288633389595,-24.6475950452668));
#10792=CARTESIAN_POINT('',(34.3649150090853,75.2593480683379,-24.6073209742973));
#10793=CARTESIAN_POINT('',(34.3911322982979,75.290681016883,-24.5591054875668));
#10794=CARTESIAN_POINT('',(34.4102922075475,75.3177654570431,-24.507287456255));
#10795=CARTESIAN_POINT('',(34.4365557492512,75.354891589239,-24.4362576299322));
#10796=CARTESIAN_POINT('',(34.4509459472601,75.3851923073624,-24.3564053114458));
#10797=CARTESIAN_POINT('',(34.4594936663271,75.404549414389,-24.2747621950893));
#10798=CARTESIAN_POINT('',(34.4683038549673,75.4245009082431,-24.1906121135727));
#10799=CARTESIAN_POINT('',(34.4712541944041,75.4335959080871,-24.102443925138));
#10800=CARTESIAN_POINT('',(34.4703257918534,75.4311176690219,-24.0155536831659));
#10801=CARTESIAN_POINT('',(34.4692249033367,75.42817900311,-23.9125202850804));
#10802=CARTESIAN_POINT('',(34.4628437054833,75.4086305226719,-23.8083112257271));
#10803=CARTESIAN_POINT('',(34.4452451096605,75.3749532429135,-23.71248920797));
#10804=CARTESIAN_POINT('',(34.4391177072735,75.3632276344356,-23.6791263154847));
#10805=CARTESIAN_POINT('',(34.4315061743037,75.3497657960737,-23.6465357389654));
#10806=CARTESIAN_POINT('',(34.4219129529231,75.3349369335773,-23.6152916596898));
#10807=CARTESIAN_POINT('',(34.0021030207506,75.106524158699,-24.7818813064666));
#10808=CARTESIAN_POINT('',(16.2021030207504,75.106524158699,-24.7818813064666));
#10809=CARTESIAN_POINT('',(33.4497549139425,75.106524158699,-24.7818813064666));
#10810=CARTESIAN_POINT('',(34.0646030207497,74.4315241586991,-24.0440635782979));
#10811=CARTESIAN_POINT('',(43.6271030207489,74.4315241586991,-24.0440635782979));
#10812=CARTESIAN_POINT('',(43.6271030207489,75.4315241586991,-24.0440635782979));
#10813=CARTESIAN_POINT('',(8.20210302075039,74.4315241586991,-24.0440635782979));
#10814=CARTESIAN_POINT('',(16.2021030207504,84.706524158699,-24.7818813064665));
#10815=CARTESIAN_POINT('',(33.4497549139426,84.706524158699,-24.7818813064665));
#10816=CARTESIAN_POINT('',(34.0021030207506,84.706524158699,-24.7818813064665));
#10817=CARTESIAN_POINT('',(34.421912952923,84.4781113838209,-23.6152916596898));
#10818=CARTESIAN_POINT('',(34.4444848399378,84.443220558774,-23.688805842185));
#10819=CARTESIAN_POINT('',(34.4563952143754,84.4161038850478,-23.7701124626823));
#10820=CARTESIAN_POINT('',(34.4631536357779,84.3999985249158,-23.8527328953788));
#10821=CARTESIAN_POINT('',(34.4704190667814,84.3826849577588,-23.9415514252534));
#10822=CARTESIAN_POINT('',(34.4720396307047,84.3774648945929,-24.0341388739756));
#10823=CARTESIAN_POINT('',(34.4692518446378,84.3847711119432,-24.1245829162411));
#10824=CARTESIAN_POINT('',(34.4660598141426,84.3931367712967,-24.2281418458323));
#10825=CARTESIAN_POINT('',(34.4571369010828,84.418539452862,-24.3320920868859));
#10826=CARTESIAN_POINT('',(34.4346722671522,84.4572906777359,-24.4258913832922));
#10827=CARTESIAN_POINT('',(34.4201014609776,84.4824251441336,-24.4867306282791));
#10828=CARTESIAN_POINT('',(34.3991494035976,84.5137526453557,-24.5446386849585));
#10829=CARTESIAN_POINT('',(34.3684471765493,84.5468063350059,-24.5947414830743));
#10830=CARTESIAN_POINT('',(34.3444577206556,84.5726331269432,-24.6338897462821));
#10831=CARTESIAN_POINT('',(34.3137912120476,84.600003113805,-24.6690597913809));
#10832=CARTESIAN_POINT('',(34.2766469835903,84.6244064536916,-24.6973420646758));
#10833=CARTESIAN_POINT('',(34.2392534510161,84.6489735835761,-24.72581416254));
#10834=CARTESIAN_POINT('',(34.1939341251619,84.6710810927323,-24.7481119032919));
#10835=CARTESIAN_POINT('',(34.1449536535551,84.6856835233235,-24.7622597981154));
#10836=CARTESIAN_POINT('',(34.1001010834516,84.6990553125344,-24.775215358231));
#10837=CARTESIAN_POINT('',(34.0506664260008,84.706524158699,-24.7818813064665));
#10838=CARTESIAN_POINT('',(34.0021030207506,84.706524158699,-24.7818813064665));
#10839=CARTESIAN_POINT('',(34.0021030207506,86.056524158699,-24.7818813064667));
#10840=CARTESIAN_POINT('',(34.0449877521153,86.056524158699,-24.7818813064667));
#10841=CARTESIAN_POINT('',(34.0884843548243,86.0622820461309,-24.7767178834971));
#10842=CARTESIAN_POINT('',(34.1288014474358,86.0728429530733,-24.7666134551541));
#10843=CARTESIAN_POINT('',(34.1690657848085,86.0833900409844,-24.7565222485366));
#10844=CARTESIAN_POINT('',(34.2072466129279,86.0989629710357,-24.7411998066781));
#10845=CARTESIAN_POINT('',(34.2406669661751,86.1171072223578,-24.7214981186473));
#10846=CARTESIAN_POINT('',(34.2747964698508,86.1356364786947,-24.7013783781679));
#10847=CARTESIAN_POINT('',(34.3048046915173,86.1571933950047,-24.6762237022546));
#10848=CARTESIAN_POINT('',(34.3297801564096,86.1788633389595,-24.6475950452668));
#10849=CARTESIAN_POINT('',(34.3649150090853,86.2093480683379,-24.6073209742973));
#10850=CARTESIAN_POINT('',(34.3911322982979,86.240681016883,-24.5591054875669));
#10851=CARTESIAN_POINT('',(34.4102922075475,86.267765457043,-24.507287456255));
#10852=CARTESIAN_POINT('',(34.4365557492512,86.304891589239,-24.4362576299322));
#10853=CARTESIAN_POINT('',(34.4509459472601,86.3351923073624,-24.3564053114459));
#10854=CARTESIAN_POINT('',(34.4594936663271,86.354549414389,-24.2747621950894));
#10855=CARTESIAN_POINT('',(34.4683038549673,86.3745009082431,-24.1906121135728));
#10856=CARTESIAN_POINT('',(34.4712541944041,86.3835959080871,-24.102443925138));
#10857=CARTESIAN_POINT('',(34.4703257918534,86.3811176690219,-24.0155536831659));
#10858=CARTESIAN_POINT('',(34.4692249033367,86.37817900311,-23.9125202850805));
#10859=CARTESIAN_POINT('',(34.4628437054833,86.3586305226719,-23.8083112257271));
#10860=CARTESIAN_POINT('',(34.4452451096605,86.3249532429135,-23.71248920797));
#10861=CARTESIAN_POINT('',(34.4391177072735,86.3132276344356,-23.6791263154847));
#10862=CARTESIAN_POINT('',(34.4315061743037,86.2997657960737,-23.6465357389654));
#10863=CARTESIAN_POINT('',(34.4219129529231,86.2849369335773,-23.6152916596898));
#10864=CARTESIAN_POINT('',(34.0021030207506,86.056524158699,-24.7818813064667));
#10865=CARTESIAN_POINT('',(16.2021030207504,86.056524158699,-24.7818813064666));
#10866=CARTESIAN_POINT('',(33.4497549139425,86.056524158699,-24.7818813064666));
#10867=CARTESIAN_POINT('',(34.0646030207497,85.3815241586991,-24.0440635782979));
#10868=CARTESIAN_POINT('',(43.6271030207489,85.3815241586991,-24.0440635782979));
#10869=CARTESIAN_POINT('',(43.6271030207489,86.3815241586991,-24.0440635782979));
#10870=CARTESIAN_POINT('',(8.20210302075039,85.3815241586991,-24.0440635782979));
#10871=CARTESIAN_POINT('',(16.2021030207504,95.656524158699,-24.7818813064665));
#10872=CARTESIAN_POINT('',(33.4497549139426,95.656524158699,-24.7818813064666));
#10873=CARTESIAN_POINT('',(34.0021030207506,95.656524158699,-24.7818813064665));
#10874=CARTESIAN_POINT('',(34.4219129529231,95.428111383821,-23.6152916596898));
#10875=CARTESIAN_POINT('',(34.4444848399379,95.3932205587741,-23.688805842185));
#10876=CARTESIAN_POINT('',(34.4563952143754,95.3661038850478,-23.7701124626822));
#10877=CARTESIAN_POINT('',(34.4631536357779,95.3499985249158,-23.8527328953788));
#10878=CARTESIAN_POINT('',(34.4704190667814,95.3326849577588,-23.9415514252532));
#10879=CARTESIAN_POINT('',(34.4720396307047,95.3274648945929,-24.0341388739755));
#10880=CARTESIAN_POINT('',(34.4692518446378,95.3347711119431,-24.1245829162409));
#10881=CARTESIAN_POINT('',(34.4660598141426,95.3431367712967,-24.228141845832));
#10882=CARTESIAN_POINT('',(34.4571369010828,95.3685394528619,-24.3320920868857));
#10883=CARTESIAN_POINT('',(34.4346722671522,95.4072906777358,-24.425891383292));
#10884=CARTESIAN_POINT('',(34.4201014609777,95.4324251441335,-24.4867306282789));
#10885=CARTESIAN_POINT('',(34.3991494035977,95.4637526453556,-24.5446386849584));
#10886=CARTESIAN_POINT('',(34.3684471765494,95.4968063350058,-24.5947414830742));
#10887=CARTESIAN_POINT('',(34.3444577206557,95.5226331269431,-24.633889746282));
#10888=CARTESIAN_POINT('',(34.3137912120477,95.5500031138049,-24.6690597913808));
#10889=CARTESIAN_POINT('',(34.2766469835904,95.5744064536915,-24.6973420646757));
#10890=CARTESIAN_POINT('',(34.2392534510162,95.598973583576,-24.72581416254));
#10891=CARTESIAN_POINT('',(34.193934125162,95.6210810927322,-24.7481119032918));
#10892=CARTESIAN_POINT('',(34.1449536535552,95.6356835233235,-24.7622597981154));
#10893=CARTESIAN_POINT('',(34.1001010834517,95.6490553125344,-24.775215358231));
#10894=CARTESIAN_POINT('',(34.0506664260008,95.656524158699,-24.7818813064665));
#10895=CARTESIAN_POINT('',(34.0021030207506,95.656524158699,-24.7818813064665));
#10896=CARTESIAN_POINT('',(34.0021030207506,97.006524158699,-24.7818813064666));
#10897=CARTESIAN_POINT('',(34.0449877521153,97.006524158699,-24.7818813064666));
#10898=CARTESIAN_POINT('',(34.0884843548243,97.0122820461309,-24.7767178834971));
#10899=CARTESIAN_POINT('',(34.1288014474358,97.0228429530733,-24.7666134551541));
#10900=CARTESIAN_POINT('',(34.1690657848085,97.0333900409844,-24.7565222485366));
#10901=CARTESIAN_POINT('',(34.2072466129279,97.0489629710357,-24.7411998066781));
#10902=CARTESIAN_POINT('',(34.2406669661751,97.0671072223578,-24.7214981186473));
#10903=CARTESIAN_POINT('',(34.2747964698508,97.0856364786947,-24.7013783781679));
#10904=CARTESIAN_POINT('',(34.3048046915173,97.1071933950047,-24.6762237022545));
#10905=CARTESIAN_POINT('',(34.3297801564096,97.1288633389595,-24.6475950452668));
#10906=CARTESIAN_POINT('',(34.3649150090853,97.1593480683379,-24.6073209742973));
#10907=CARTESIAN_POINT('',(34.3911322982979,97.1906810168829,-24.5591054875668));
#10908=CARTESIAN_POINT('',(34.4102922075475,97.217765457043,-24.507287456255));
#10909=CARTESIAN_POINT('',(34.4365557492512,97.254891589239,-24.4362576299322));
#10910=CARTESIAN_POINT('',(34.4509459472601,97.2851923073624,-24.3564053114458));
#10911=CARTESIAN_POINT('',(34.4594936663271,97.304549414389,-24.2747621950893));
#10912=CARTESIAN_POINT('',(34.4683038549673,97.3245009082431,-24.1906121135727));
#10913=CARTESIAN_POINT('',(34.4712541944041,97.3335959080871,-24.102443925138));
#10914=CARTESIAN_POINT('',(34.4703257918534,97.3311176690219,-24.0155536831659));
#10915=CARTESIAN_POINT('',(34.4692249033367,97.32817900311,-23.9125202850804));
#10916=CARTESIAN_POINT('',(34.4628437054833,97.3086305226719,-23.8083112257271));
#10917=CARTESIAN_POINT('',(34.4452451096605,97.2749532429135,-23.71248920797));
#10918=CARTESIAN_POINT('',(34.4391177072735,97.2632276344356,-23.6791263154847));
#10919=CARTESIAN_POINT('',(34.4315061743037,97.2497657960736,-23.6465357389654));
#10920=CARTESIAN_POINT('',(34.4219129529231,97.2349369335772,-23.6152916596898));
#10921=CARTESIAN_POINT('',(34.0021030207506,97.006524158699,-24.7818813064666));
#10922=CARTESIAN_POINT('',(16.2021030207504,97.006524158699,-24.7818813064666));
#10923=CARTESIAN_POINT('',(33.4497549139425,97.006524158699,-24.7818813064666));
#10924=CARTESIAN_POINT('',(34.0646030207497,96.3315241586991,-24.0440635782979));
#10925=CARTESIAN_POINT('',(8.20210302075039,96.3315241586991,-24.0440635782979));
#10926=CARTESIAN_POINT('',(104.00210302075,77.3246849648717,-24.0440635782978));
#10927=CARTESIAN_POINT('',(72.0021030207504,77.3246849648718,-24.0440635782978));
#10928=CARTESIAN_POINT('',(70.7021030207504,77.3246849648717,-24.0440635782978));
#10929=CARTESIAN_POINT('',(70.7021030207504,77.6651155446604,-24.6337066389419));
#10930=CARTESIAN_POINT('',(70.7021030207504,78.4575122932456,-26.0061780672438));
#10931=CARTESIAN_POINT('',(71.3021030207504,78.4575122932456,-26.0061780672438));
#10932=CARTESIAN_POINT('',(72.0021030207504,78.4575122932456,-26.0061780672438));
#10933=CARTESIAN_POINT('',(72.0021030207504,75.1234705434963,-20.2314483621221));
#10934=CARTESIAN_POINT('',(104.00210302075,77.6651155446604,-24.6337066389419));
#10935=CARTESIAN_POINT('',(70.7021030207504,82.1479327727382,-24.633706638942));
#10936=CARTESIAN_POINT('',(70.7021030207504,82.4883633525267,-24.0440635782978));
#10937=CARTESIAN_POINT('',(70.7021030207504,81.3555360241531,-26.0061780672437));
#10938=CARTESIAN_POINT('',(36.5021030207504,82.4883633525269,-24.0440635782978));
#10939=CARTESIAN_POINT('',(72.0021030207504,82.4883633525268,-24.0440635782978));
#10940=CARTESIAN_POINT('',(72.0021030207504,84.6895777739023,-20.2314483621222));
#10941=CARTESIAN_POINT('',(72.0021030207504,81.3555360241531,-26.0061780672437));
#10942=CARTESIAN_POINT('',(104.00210302075,81.3555360241531,-26.0061780672437));
#10943=CARTESIAN_POINT('',(104.00210302075,82.1479327727382,-24.633706638942));
#10944=CARTESIAN_POINT('',(60.9221030207504,62.531524158772,-33.5690635782979));
#10945=CARTESIAN_POINT('',(60.9221030207504,62.531524158772,-34.7160090830774));
#10946=CARTESIAN_POINT('',(60.9221030207504,62.531524158772,-39.0690635782979));
#10947=CARTESIAN_POINT('',(60.9221030207586,65.906524158699,-32.5690635782979));
#10948=CARTESIAN_POINT('',(60.9221030207504,61.906524158699,-32.5690635782979));
#10949=CARTESIAN_POINT('',(60.9221030207504,61.906524158699,-30.5690635782979));
#10950=CARTESIAN_POINT('',(60.9221030207504,61.906524158699,-30.5690635782979));
#10951=CARTESIAN_POINT('',(60.9221030207504,59.406524158699,-30.5690635782979));
#10952=CARTESIAN_POINT('',(60.9221030207504,59.406524158699,-30.5690635782979));
#10953=CARTESIAN_POINT('',(60.9221030207504,59.406524158699,-39.0690635782979));
#10954=CARTESIAN_POINT('',(60.9221030207504,59.406524158699,-38.0690635782979));
#10955=CARTESIAN_POINT('',(60.9221030207586,60.406524158699,-38.0690635782979));
#10956=CARTESIAN_POINT('',(60.9221030207504,60.406524158699,-39.0690635782979));
#10957=CARTESIAN_POINT('',(60.9221030207504,72.406524158699,-39.0690635782979));
#10958=CARTESIAN_POINT('',(60.9221030207586,74.3269361697257,-13.3812626444036));
#10959=CARTESIAN_POINT('',(52.0021030207504,62.531524158772,-34.7160090830774));
#10960=CARTESIAN_POINT('',(70.2021030207504,62.531524158772,-34.7160090830774));
#10961=CARTESIAN_POINT('',(70.2021030207504,65.906524158699,-32.5690635782979));
#10962=CARTESIAN_POINT('',(70.2021030207504,61.906524158699,-32.5690635782979));
#10963=CARTESIAN_POINT('',(252.25210302075,61.906524158699,-32.5690635782979));
#10964=CARTESIAN_POINT('',(52.0021030207504,65.906524158699,-32.5690635782979));
#10965=CARTESIAN_POINT('',(70.2021030207504,65.906524158699,-32.5690635782979));
#10966=CARTESIAN_POINT('',(70.2021030207504,65.906524158699,-36.5690635782979));
#10967=CARTESIAN_POINT('',(70.2021030207538,65.231524158772,-36.5116991181706));
#10968=CARTESIAN_POINT('',(52.0021030207504,65.231524158772,-36.5116991181492));
#10969=CARTESIAN_POINT('',(60.9221030207504,65.231524158772,-36.5116991181492));
#10970=CARTESIAN_POINT('',(60.9221030207586,65.906524158699,-32.5690635782979));
#10971=CARTESIAN_POINT('',(60.9221030207586,65.906524158699,-36.569063578298));
#10972=CARTESIAN_POINT('',(52.0021030207504,65.906524158699,-36.5690635782979));
#10973=CARTESIAN_POINT('',(52.0021030207504,65.906524158699,-32.5690635782979));
#10974=CARTESIAN_POINT('',(70.7021030207504,65.906524158699,-32.5690635782979));
#10975=CARTESIAN_POINT('',(70.7021030207504,65.031524158772,-35.9579240062482));
#10976=CARTESIAN_POINT('',(70.7021030207504,65.906524158699,-36.0690635782979));
#10977=CARTESIAN_POINT('',(70.7021030207504,65.031524158772,-35.9579240062482));
#10978=CARTESIAN_POINT('',(70.7021030207504,65.0322374851839,-35.9592725863316));
#10979=CARTESIAN_POINT('',(70.7020992065283,65.0329506292286,-35.9606212683057));
#10980=CARTESIAN_POINT('',(70.7020915717169,65.0336641313121,-35.9619697338402));
#10981=CARTESIAN_POINT('',(70.7020060633873,65.0416552090535,-35.9770722726649));
#10982=CARTESIAN_POINT('',(70.7014415241932,65.0496712418403,-35.9921668920391));
#10983=CARTESIAN_POINT('',(70.7003861356879,65.0576738496461,-36.0072266309979));
#10984=CARTESIAN_POINT('',(70.6953934996269,65.09553110137,-36.0784684489776));
#10985=CARTESIAN_POINT('',(70.6794353799089,65.1340180809368,-36.1501500752389));
#10986=CARTESIAN_POINT('',(70.6495981549417,65.1665988987861,-36.2178385149203));
#10987=CARTESIAN_POINT('',(70.6308313845357,65.1870913114984,-36.2604126285666));
#10988=CARTESIAN_POINT('',(70.6060561578839,65.2056954897009,-36.3023115418298));
#10989=CARTESIAN_POINT('',(70.5745595997689,65.2179377960332,-36.3402954669243));
#10990=CARTESIAN_POINT('',(70.5535788774871,65.2260927324649,-36.3655976024996));
#10991=CARTESIAN_POINT('',(70.529046302229,65.231524158772,-36.3896888876932));
#10992=CARTESIAN_POINT('',(70.5021030207504,65.231524158772,-36.4102059865013));
#10993=CARTESIAN_POINT('',(70.5021030207504,65.231524158772,-36.4102059865013));
#10994=CARTESIAN_POINT('',(70.5021030207504,65.231524158772,-36.4102059865013));
#10995=CARTESIAN_POINT('',(70.461684024167,65.231524158772,-36.4409847373109));
#10996=CARTESIAN_POINT('',(70.4159906464344,65.231524158772,-36.4658143720877));
#10997=CARTESIAN_POINT('',(70.3681484934718,65.231524158772,-36.4829069197651));
#10998=CARTESIAN_POINT('',(70.3352804888242,65.231524158772,-36.4946496592054));
#10999=CARTESIAN_POINT('',(70.300972291871,65.231524158772,-36.5029412834057));
#11000=CARTESIAN_POINT('',(70.2663674896974,65.231524158772,-36.5074915939004));
#11001=CARTESIAN_POINT('',(70.2450833554475,65.231524158772,-36.5102903216308));
#11002=CARTESIAN_POINT('',(70.2235703738202,65.231524158772,-36.5116991181704));
#11003=CARTESIAN_POINT('',(70.2021030207538,65.231524158772,-36.5116991181706));
#11004=CARTESIAN_POINT('',(70.2021030207504,65.906524158699,-36.0690635782979));
#11005=CARTESIAN_POINT('',(70.2021030207504,65.906524158699,-32.5690635782979));
#11006=CARTESIAN_POINT('',(48.7021030207505,74.3269361696738,-11.5190635782946));
#11007=CARTESIAN_POINT('',(48.7021030207505,75.3269361696738,-11.5190635782946));
#11008=CARTESIAN_POINT('',(48.7021030207505,74.2469361696761,-11.5190635782946));
#11009=CARTESIAN_POINT('',(50.6021030207504,75.3269361696738,-11.5190635782946));
#11010=CARTESIAN_POINT('',(50.6021030207504,75.3269361696738,-11.5190635782946));
#11011=CARTESIAN_POINT('',(50.6021030207504,74.4361121476738,-11.5190635782946));
#11012=CARTESIAN_POINT('',(50.6021030207504,73.704079026819,-11.5190635782946));
#11013=CARTESIAN_POINT('',(35.3413483037699,78.064294660242,-11.5190635782946));
#11014=CARTESIAN_POINT('',(48.7021030207504,96.4361121476738,-11.5190635782945));
#11015=CARTESIAN_POINT('',(48.7021030207504,96.5161121476715,-11.5190635782946));
#11016=CARTESIAN_POINT('',(48.7021030207504,95.4361121476738,-11.5190635782946));
#11017=CARTESIAN_POINT('',(36.5300275490529,93.0383762986151,-11.5190635782945));
#11018=CARTESIAN_POINT('',(50.6021030207503,97.0589692905286,-11.5190635782946));
#11019=CARTESIAN_POINT('',(50.6021030207503,95.9361121476738,-11.5190635782945));
#11020=CARTESIAN_POINT('',(50.6021030207503,95.4361121476739,-11.5190635782945));
#11021=CARTESIAN_POINT('',(48.5414332473026,95.4361121476738,-11.5190635782945));
#11022=CARTESIAN_POINT('',(70.2021030207504,112.5665241587,-11.5190635782946));
#11023=CARTESIAN_POINT('',(70.2021030207504,94.9315241586997,-11.5190635782946));
#11024=CARTESIAN_POINT('',(70.2021030207504,101.5315241587,-11.5190635782946));
#11025=CARTESIAN_POINT('',(52.0021030207504,101.5315241587,-11.5190635782946));
#11026=CARTESIAN_POINT('',(60.9221030207504,101.5315241587,-11.5190635782945));
#11027=CARTESIAN_POINT('',(60.9221030207586,96.4361121476738,-11.5190635782945));
#11028=CARTESIAN_POINT('',(60.9221030207586,95.4361121476739,-11.5190635782945));
#11029=CARTESIAN_POINT('',(48.5414332473026,95.4361121476738,-11.5190635782945));
#11030=CARTESIAN_POINT('',(58.9221030207586,95.4361121476738,-11.5190635782946));
#11031=CARTESIAN_POINT('',(58.9221030207586,94.4361121476739,-11.5190635782945));
#11032=CARTESIAN_POINT('',(58.9221030207586,104.8565241587,-11.5190635782945));
#11033=CARTESIAN_POINT('',(52.0021030207504,104.8565241587,-11.5190635782946));
#11034=CARTESIAN_POINT('',(52.0021030207504,65.906524158699,-11.5190635782946));
#11035=CARTESIAN_POINT('',(58.9221030207586,65.906524158699,-11.5190635782946));
#11036=CARTESIAN_POINT('',(58.9221030207586,79.4361121476738,-11.5190635782946));
#11037=CARTESIAN_POINT('',(58.9221030207586,75.3269361696738,-11.5190635782946));
#11038=CARTESIAN_POINT('',(60.9221030207586,75.3269361696738,-11.5190635782946));
#11039=CARTESIAN_POINT('',(60.9221030207586,75.3269361696738,-11.5190635782946));
#11040=CARTESIAN_POINT('',(60.9221030207586,74.4361121476738,-11.5190635782946));
#11041=CARTESIAN_POINT('',(60.9221030207586,60.0655270127706,-11.5190635782946));
#11042=CARTESIAN_POINT('',(-26.1198969792495,60.0655270127706,-11.5190635782946));
#11043=CARTESIAN_POINT('',(70.2021030207504,60.0655270127706,-11.5190635782946));
#11044=CARTESIAN_POINT('',(70.2021030207504,112.5665241587,-11.5190635782946));
#11045=CARTESIAN_POINT('',(70.2021030207504,75.8315241586997,-11.5190635782946));
#11046=CARTESIAN_POINT('',(35.7021030207504,75.8315241586997,-11.5190635782946));
#11047=CARTESIAN_POINT('',(68.6021030207505,75.8315241586997,-11.5190635452418));
#11048=CARTESIAN_POINT('',(68.6021030207505,85.8815241586997,-11.5190635121889));
#11049=CARTESIAN_POINT('',(68.6021030207505,85.4361121476738,-11.5190635452418));
#11050=CARTESIAN_POINT('',(35.7021030207504,85.4361121476738,-11.5190635782946));
#11051=CARTESIAN_POINT('',(68.7021030207504,85.4361121476738,-11.5190635782946));
#11052=CARTESIAN_POINT('',(68.7021030207504,85.4361121476738,-11.5190635782946));
#11053=CARTESIAN_POINT('',(68.7021030207504,94.9315241586997,-11.5190635782946));
#11054=CARTESIAN_POINT('',(55.1771030207504,94.9315241586997,-11.5190635782946));
#11055=CARTESIAN_POINT('',(52.0021030207504,112.5665241587,-11.5190635782946));
#11056=CARTESIAN_POINT('',(60.9221030207586,96.4361121476738,-11.5190635782945));
#11057=CARTESIAN_POINT('',(60.9221030207504,104.2315241587,-11.5190635782945));
#11058=CARTESIAN_POINT('',(60.9221030207586,104.8565241587,-11.5190635782945));
#11059=CARTESIAN_POINT('',(52.0021030207504,104.2315241587,-11.5190635782946));
#11060=CARTESIAN_POINT('',(70.2021030207504,104.2315241587,-11.5190635782946));
#11061=CARTESIAN_POINT('',(70.2021030207504,112.5665241587,-11.5190635782946));
#11062=CARTESIAN_POINT('',(70.2021030207504,104.8565241587,-11.5190635782946));
#11063=CARTESIAN_POINT('',(52.0021030207504,104.8565241587,-11.5190635782946));
#11064=CARTESIAN_POINT('',(52.0021030207504,112.5665241587,-11.5190635782946));
#11065=CARTESIAN_POINT('',(60.9221030207504,101.5315241587,-9.01906357829459));
#11066=CARTESIAN_POINT('',(60.9221030207504,101.5315241587,-9.01906357829459));
#11067=CARTESIAN_POINT('',(60.9221030207504,98.3565241587005,-9.0190635782946));
#11068=CARTESIAN_POINT('',(60.9221030207586,99.4361121476738,-9.0190635782946));
#11069=CARTESIAN_POINT('',(60.9221030207586,99.4361121476739,-29.6190635782945));
#11070=CARTESIAN_POINT('',(60.9221030207586,99.4361121476738,-6.9312626444002));
#11071=CARTESIAN_POINT('',(60.9221030207586,96.4361121476739,-6.9312626444002));
#11072=CARTESIAN_POINT('',(60.9221030207586,95.4361121476739,-6.9312626444002));
#11073=CARTESIAN_POINT('',(60.9221030207586,95.4361121476738,2.24194430608362));
#11074=CARTESIAN_POINT('',(60.9221030207586,96.4361121476738,-34.7068645121889));
#11075=CARTESIAN_POINT('',(70.7021030207504,-2.5,-12.0190635782946));
#11076=CARTESIAN_POINT('',(70.7021030207504,101.7315241587,-12.0190635782946));
#11077=CARTESIAN_POINT('',(70.7021030207504,94.9315241586997,-12.0190635782946));
#11078=CARTESIAN_POINT('',(70.7021030207504,101.7315241587,-12.0190635782946));
#11079=CARTESIAN_POINT('',(70.7021030207504,101.730727341397,-12.0178036865982));
#11080=CARTESIAN_POINT('',(70.7020982588033,101.729930507305,-12.0165437965196));
#11081=CARTESIAN_POINT('',(70.7020887347508,101.729133718987,-12.0152839224901));
#11082=CARTESIAN_POINT('',(70.7019728181051,101.719436058335,-11.9999500746857));
#11083=CARTESIAN_POINT('',(70.7011513812062,101.709735958034,-11.9846065565732));
#11084=CARTESIAN_POINT('',(70.6996207092031,101.700111378636,-11.9693026530873));
#11085=CARTESIAN_POINT('',(70.6938679857958,101.663939329318,-11.9117860044319));
#11086=CARTESIAN_POINT('',(70.6779535636924,101.628050692293,-11.8537988134218));
#11087=CARTESIAN_POINT('',(70.6509966058273,101.597992513296,-11.798848798416));
#11088=CARTESIAN_POINT('',(70.6319773084514,101.576785170547,-11.7600791909018));
#11089=CARTESIAN_POINT('',(70.6069200051382,101.557979330939,-11.7219325745233));
#11090=CARTESIAN_POINT('',(70.5760417898848,101.54569343351,-11.6871452194488));
#11091=CARTESIAN_POINT('',(70.5543260785657,101.53705313485,-11.6626803287758));
#11092=CARTESIAN_POINT('',(70.5291704359019,101.5315241587,-11.6393641396582));
#11093=CARTESIAN_POINT('',(70.5021030207504,101.5315241587,-11.6190635782946));
#11094=CARTESIAN_POINT('',(70.5021030207504,101.5315241587,-11.6190635782946));
#11095=CARTESIAN_POINT('',(70.2021030207504,101.5315241587,-12.0190635782946));
#11096=CARTESIAN_POINT('',(70.2021030207504,94.9315241586997,-12.0190635782946));
#11097=CARTESIAN_POINT('',(70.2021030207504,112.5665241587,-12.0190635782946));
#11098=CARTESIAN_POINT('',(70.2021030207504,104.2315241587,-12.0190635782946));
#11099=CARTESIAN_POINT('',(70.5021030207504,104.2315241587,-11.6190635782946));
#11100=CARTESIAN_POINT('',(70.5021030207504,104.2315241587,-11.6190635782946));
#11101=CARTESIAN_POINT('',(70.5291704359019,104.2315241587,-11.6393641396582));
#11102=CARTESIAN_POINT('',(70.5543260785657,104.225995182551,-11.6626803287758));
#11103=CARTESIAN_POINT('',(70.5760417898848,104.217354883891,-11.6871452194488));
#11104=CARTESIAN_POINT('',(70.6069200051382,104.205068986462,-11.7219325745233));
#11105=CARTESIAN_POINT('',(70.6319773084514,104.186263146854,-11.7600791909018));
#11106=CARTESIAN_POINT('',(70.6509966058273,104.165055804104,-11.798848798416));
#11107=CARTESIAN_POINT('',(70.6779535636924,104.134997625108,-11.8537988134218));
#11108=CARTESIAN_POINT('',(70.6938679857958,104.099108988083,-11.9117860044319));
#11109=CARTESIAN_POINT('',(70.6996207092031,104.062936938765,-11.9693026530873));
#11110=CARTESIAN_POINT('',(70.7011513812062,104.053312359367,-11.9846065565732));
#11111=CARTESIAN_POINT('',(70.7019728181051,104.043612259066,-11.9999500746857));
#11112=CARTESIAN_POINT('',(70.7020887347508,104.033914598414,-12.0152839224901));
#11113=CARTESIAN_POINT('',(70.7020982588033,104.033117810096,-12.0165437965196));
#11114=CARTESIAN_POINT('',(70.7021030207504,104.032320976004,-12.0178036865982));
#11115=CARTESIAN_POINT('',(70.7021030207504,104.0315241587,-12.0190635782946));
#11116=CARTESIAN_POINT('',(70.7021030207504,104.0315241587,-12.0190635782946));
#11117=CARTESIAN_POINT('',(70.7021030207504,-2.5,-12.0190635782946));
#11118=CARTESIAN_POINT('',(70.7021030207504,104.8565241587,-12.0190635782946));
#11119=CARTESIAN_POINT('',(70.2021030207504,104.8565241587,-12.0190635782946));
#11120=CARTESIAN_POINT('',(70.2021030207504,112.5665241587,-12.0190635782946));
#11121=CARTESIAN_POINT('',(44.5021030207504,95.656524158699,-11.5190635782946));
#11122=CARTESIAN_POINT('',(44.5021030207504,97.006524158699,-11.5190635782946));
#11123=CARTESIAN_POINT('',(29.5021030207504,-355.948475841314,-29.5190635782981));
#11124=CARTESIAN_POINT('',(44.5021030207504,-355.948475841314,-11.5190635782946));
#11125=CARTESIAN_POINT('',(44.5021030207504,84.706524158699,-11.5190635782946));
#11126=CARTESIAN_POINT('',(44.5021030207509,86.056524158699,-11.519063578294));
#11127=CARTESIAN_POINT('',(29.5021030207504,-355.948475841314,-29.5190635782981));
#11128=CARTESIAN_POINT('',(44.5021030207504,-355.948475841314,-11.5190635782946));
#11129=CARTESIAN_POINT('',(44.5021030207504,73.756524158699,-11.5190635782946));
#11130=CARTESIAN_POINT('',(44.5021030207504,75.106524158699,-11.5190635782946));
#11131=CARTESIAN_POINT('',(29.5021030207504,-355.948475841314,-29.5190635782981));
#11132=CARTESIAN_POINT('',(44.5021030207504,-355.948475841314,-11.5190635782946));
#11133=CARTESIAN_POINT('',(60.9221030207586,60.0655270127706,-11.5190635782947));
#11134=CARTESIAN_POINT('',(60.9221030207586,60.0655270127706,-14.0190635782946));
#11135=CARTESIAN_POINT('',(60.9221030207586,75.3269361696738,-7.28126264440025));
#11136=CARTESIAN_POINT('',(60.9221030207586,75.3269361696738,-6.93126264440024));
#11137=CARTESIAN_POINT('',(60.9221030207586,74.3269361696738,-6.93126264440024));
#11138=CARTESIAN_POINT('',(60.9221030207586,71.3269361696738,-6.93126264440024));
#11139=CARTESIAN_POINT('',(60.9221030207586,71.3269361696738,-11.8690635782946));
#11140=CARTESIAN_POINT('',(60.9221030207586,71.3269361696738,-9.01906357829459));
#11141=CARTESIAN_POINT('',(60.9221030207504,59.406524158699,-9.01906357829459));
#11142=CARTESIAN_POINT('',(60.9221030207504,60.406524158699,-9.01906357829459));
#11143=CARTESIAN_POINT('',(60.9221030207586,60.406524158699,-10.0190635782946));
#11144=CARTESIAN_POINT('',(60.9221030207504,59.406524158699,-10.0190635782946));
#11145=CARTESIAN_POINT('',(60.9221030207504,59.406524158699,-17.5190635782946));
#11146=CARTESIAN_POINT('',(60.9221030207504,59.406524158699,-17.5190635782946));
#11147=CARTESIAN_POINT('',(60.9221030207504,61.906524158699,-17.5190635782946));
#11148=CARTESIAN_POINT('',(60.9221030207504,61.906524158699,-17.5190635782946));
#11149=CARTESIAN_POINT('',(60.9221030207504,61.906524158699,-11.5190635782946));
#11150=CARTESIAN_POINT('',(60.9221030207586,61.906524158699,-14.0190635782946));
#11151=CARTESIAN_POINT('',(60.9221030207586,60.0655270127706,-14.0190635782946));
#11152=CARTESIAN_POINT('',(60.9221030207586,74.4361121476738,-7.28126264440025));
#11153=CARTESIAN_POINT('',(70.2021030207504,61.906524158699,-24.0940635782908));
#11154=CARTESIAN_POINT('',(70.2021030207504,61.906524158699,-14.0190635782946));
#11155=CARTESIAN_POINT('',(252.25210302075,61.906524158699,-14.0190635782946));
#11156=CARTESIAN_POINT('',(60.9221030207504,61.906524158699,-17.5190635782946));
#11157=CARTESIAN_POINT('',(58.9221030207504,61.906524158699,-17.5190635782946));
#11158=CARTESIAN_POINT('',(58.9221030207504,61.906524158699,-11.5190635782946));
#11159=CARTESIAN_POINT('',(58.9221030207504,61.906524158699,-15.5190635782946));
#11160=CARTESIAN_POINT('',(252.25210302075,61.906524158699,-15.5190635782946));
#11161=CARTESIAN_POINT('',(29.5021030207504,61.906524158699,-24.8440635782946));
#11162=CARTESIAN_POINT('',(29.5021030207504,61.906524158699,-32.5690635782979));
#11163=CARTESIAN_POINT('',(252.25210302075,61.906524158699,-32.5690635782979));
#11164=CARTESIAN_POINT('',(58.9221030207504,61.906524158699,-32.5690635782979));
#11165=CARTESIAN_POINT('',(58.9221030207504,61.906524158699,-30.5690635782979));
#11166=CARTESIAN_POINT('',(58.9221030207504,61.906524158699,-30.5690635782979));
#11167=CARTESIAN_POINT('',(60.9221030207504,61.906524158699,-30.5690635782979));
#11168=CARTESIAN_POINT('',(252.25210302075,61.906524158699,-24.0940635782908));
#11169=CARTESIAN_POINT('',(48.7021030207505,96.4361121477257,-36.5690635782979));
#11170=CARTESIAN_POINT('',(48.7021030207505,95.4361121477257,-36.5690635782979));
#11171=CARTESIAN_POINT('',(48.7021030207505,96.5161121477234,-36.5690635782979));
#11172=CARTESIAN_POINT('',(50.6021030207504,95.4361121477257,-36.5690635782979));
#11173=CARTESIAN_POINT('',(50.6021030207504,95.4361121477257,-36.5690635782979));
#11174=CARTESIAN_POINT('',(50.6021030207504,96.3269361697257,-36.5690635782979));
#11175=CARTESIAN_POINT('',(50.6021030207504,97.0589692905805,-36.5690635782979));
#11176=CARTESIAN_POINT('',(35.3413483037699,92.6987536571575,-36.5690635782979));
#11177=CARTESIAN_POINT('',(48.7021030207504,74.3269361697257,-36.569063578298));
#11178=CARTESIAN_POINT('',(48.7021030207504,74.246936169728,-36.5690635782979));
#11179=CARTESIAN_POINT('',(48.7021030207504,75.3269361697256,-36.5690635782979));
#11180=CARTESIAN_POINT('',(36.5300275490529,77.7246720187844,-36.569063578298));
#11181=CARTESIAN_POINT('',(50.6021030207503,73.7040790268709,-36.5690635782979));
#11182=CARTESIAN_POINT('',(50.6021030207503,74.8269361697256,-36.569063578298));
#11183=CARTESIAN_POINT('',(50.6021030207503,75.3269361697256,-36.569063578298));
#11184=CARTESIAN_POINT('',(48.5414332473026,75.3269361697256,-36.569063578298));
#11185=CARTESIAN_POINT('',(52.0021030207504,104.8565241587,-36.5690635782979));
#11186=CARTESIAN_POINT('',(60.9221030207586,104.8565241587,-36.5690635782979));
#11187=CARTESIAN_POINT('',(70.2021030207504,104.8565241587,-36.5690635782979));
#11188=CARTESIAN_POINT('',(70.2021030207504,60.456524158699,-36.5690635782979));
#11189=CARTESIAN_POINT('',(70.2021030207504,94.9315241586997,-36.5690635782979));
#11190=CARTESIAN_POINT('',(35.7021030207504,94.9315241586997,-36.5690635782979));
#11191=CARTESIAN_POINT('',(68.6021030207505,94.9315241586997,-36.5690636113507));
#11192=CARTESIAN_POINT('',(68.6021030207505,84.8815241586997,-36.5690636444036));
#11193=CARTESIAN_POINT('',(68.6021030207505,85.3269361697257,-36.5690636113507));
#11194=CARTESIAN_POINT('',(35.7021030207504,85.3269361697257,-36.5690635782979));
#11195=CARTESIAN_POINT('',(68.7021030207504,85.3269361697257,-36.5690635782979));
#11196=CARTESIAN_POINT('',(68.7021030207504,85.3269361697257,-36.5690635782979));
#11197=CARTESIAN_POINT('',(68.7021030207504,75.8315241586998,-36.5690635782979));
#11198=CARTESIAN_POINT('',(55.1771030207504,75.8315241586998,-36.5690635782979));
#11199=CARTESIAN_POINT('',(70.2021030207504,75.8315241586998,-36.5690635782979));
#11200=CARTESIAN_POINT('',(70.2021030207504,60.456524158699,-36.5690635782979));
#11201=CARTESIAN_POINT('',(60.9221030207586,74.3269361697257,-36.569063578298));
#11202=CARTESIAN_POINT('',(60.9221030207586,75.3269361697256,-36.569063578298));
#11203=CARTESIAN_POINT('',(48.5414332473026,75.3269361697256,-36.569063578298));
#11204=CARTESIAN_POINT('',(58.9221030207586,75.3269361697256,-36.5690635782979));
#11205=CARTESIAN_POINT('',(58.9221030207586,76.3269361697256,-36.569063578298));
#11206=CARTESIAN_POINT('',(58.9221030207586,65.906524158699,-36.569063578298));
#11207=CARTESIAN_POINT('',(52.0021030207504,65.906524158699,-36.5690635782979));
#11208=CARTESIAN_POINT('',(29.5021030207504,65.906524158699,-36.5690635782979));
#11209=CARTESIAN_POINT('',(29.5021030207504,60.456524158699,-36.5690635782979));
#11210=CARTESIAN_POINT('',(29.5021030207504,104.8565241587,-36.5690635782979));
#11211=CARTESIAN_POINT('',(52.0021030207504,104.8565241587,-36.5690635782979));
#11212=CARTESIAN_POINT('',(58.9221030207586,104.8565241587,-36.5690635782979));
#11213=CARTESIAN_POINT('',(58.9221030207586,91.3269361697257,-36.5690635782979));
#11214=CARTESIAN_POINT('',(58.9221030207586,95.4361121477257,-36.5690635782979));
#11215=CARTESIAN_POINT('',(60.9221030207586,95.4361121477257,-36.5690635782979));
#11216=CARTESIAN_POINT('',(60.9221030207586,95.4361121477257,-36.5690635782979));
#11217=CARTESIAN_POINT('',(60.9221030207586,96.3269361697257,-36.5690635782979));
#11218=CARTESIAN_POINT('',(52.0021030207504,60.456524158699,-36.5690635782979));
#11219=CARTESIAN_POINT('',(252.25210302075,108.8565241587,-15.5190635782946));
#11220=CARTESIAN_POINT('',(60.9221030207504,108.8565241587,-15.5190635782946));
#11221=CARTESIAN_POINT('',(70.2021030207504,108.8565241587,-15.5190635782946));
#11222=CARTESIAN_POINT('',(70.2021030207504,108.8565241587,-20.1690635782981));
#11223=CARTESIAN_POINT('',(70.2021030207504,108.8565241587,-32.5690635782979));
#11224=CARTESIAN_POINT('',(252.25210302075,108.8565241587,-32.5690635782979));
#11225=CARTESIAN_POINT('',(60.9221030207504,108.8565241587,-32.5690635782979));
#11226=CARTESIAN_POINT('',(60.9221030207504,108.8565241587,-36.5690635782979));
#11227=CARTESIAN_POINT('',(60.9221030207504,108.8565241587,-30.5690635782979));
#11228=CARTESIAN_POINT('',(60.9221030207504,108.8565241587,-30.5690635782979));
#11229=CARTESIAN_POINT('',(58.9221030207504,108.8565241587,-30.5690635782979));
#11230=CARTESIAN_POINT('',(58.9221030207504,108.8565241587,-36.5690635782979));
#11231=CARTESIAN_POINT('',(58.9221030207504,108.8565241587,-32.5690635782979));
#11232=CARTESIAN_POINT('',(252.25210302075,108.8565241587,-32.5690635782979));
#11233=CARTESIAN_POINT('',(29.5021030207504,108.8565241587,-32.5690635782979));
#11234=CARTESIAN_POINT('',(29.5021030207504,108.8565241587,-24.8440635782946));
#11235=CARTESIAN_POINT('',(252.25210302075,108.8565241587,-15.5190635782946));
#11236=CARTESIAN_POINT('',(58.9221030207504,108.8565241587,-15.5190635782946));
#11237=CARTESIAN_POINT('',(58.9221030207504,108.8565241587,-17.5190635782946));
#11238=CARTESIAN_POINT('',(58.9221030207504,108.8565241587,-17.5190635782946));
#11239=CARTESIAN_POINT('',(60.9221030207504,108.8565241587,-17.5190635782946));
#11240=CARTESIAN_POINT('',(60.9221030207504,108.8565241587,-17.5190635782946));
#11241=CARTESIAN_POINT('',(60.9221030207504,108.8565241587,-17.5190635782946));
#11242=CARTESIAN_POINT('',(252.25210302075,108.8565241587,-20.1690635782981));
#11243=CARTESIAN_POINT('',(29.5021030207504,104.8565241587,-32.5690635782979));
#11244=CARTESIAN_POINT('',(29.5021030207504,65.906524158699,-32.5690635782979));
#11245=CARTESIAN_POINT('',(29.5021030207504,99.2665241587,-24.8440635782946));
#11246=CARTESIAN_POINT('',(70.7021030207504,68.9565241586991,-29.5190635782979));
#11247=CARTESIAN_POINT('',(70.7021030207504,68.9565241586991,-31.5190635782979));
#11248=CARTESIAN_POINT('',(72.0021030207504,68.9565241586991,-29.5190635782979));
#11249=CARTESIAN_POINT('',(72.0021030207504,68.9565241586991,-31.5190635782979));
#11250=CARTESIAN_POINT('',(27.0521030207504,68.9565241586991,-29.5190635782979));
#11251=CARTESIAN_POINT('',(70.7021030207504,68.9565241586991,-29.5190635782979));
#11252=CARTESIAN_POINT('',(70.7021030207504,70.4055360241526,-26.0061780672437));
#11253=CARTESIAN_POINT('',(70.7021030207504,72.4694096697533,-28.0700517128443));
#11254=CARTESIAN_POINT('',(104.00210302075,70.4055360241526,-26.0061780672437));
#11255=CARTESIAN_POINT('',(72.0021030207504,70.4055360241525,-26.0061780672436));
#11256=CARTESIAN_POINT('',(72.0021030207504,68.9565241586991,-29.5190635782979));
#11257=CARTESIAN_POINT('',(72.0021030207504,72.4694096697532,-28.0700517128441));
#11258=CARTESIAN_POINT('',(104.00210302075,72.4694096697533,-28.0700517128443));
#11259=CARTESIAN_POINT('',(104.00210302075,68.9565241586991,-29.5190635782979));
#11260=CARTESIAN_POINT('',(70.7021030207504,71.7688137127499,-28.4745409772134));
#11261=CARTESIAN_POINT('',(70.7021030207504,74.4315241586991,-26.9372243844706));
#11262=CARTESIAN_POINT('',(72.0021030207504,76.7622237562205,-25.5915943444412));
#11263=CARTESIAN_POINT('',(72.0021030207504,74.4315241586991,-26.9372243844706));
#11264=CARTESIAN_POINT('',(36.5021030207504,74.4315241586991,-26.9372243844706));
#11265=CARTESIAN_POINT('',(104.00210302075,71.7688137127499,-28.4745409772134));
#11266=CARTESIAN_POINT('',(70.7021030207504,72.0666630677166,-33.9028588479946));
#11267=CARTESIAN_POINT('',(70.7021030207504,72.4681876704818,-34.5983198604729));
#11268=CARTESIAN_POINT('',(70.7021030207504,71.2742663191315,-32.5303874196929));
#11269=CARTESIAN_POINT('',(72.0021030207504,72.4681876704818,-34.5983198604729));
#11270=CARTESIAN_POINT('',(71.0021030207504,72.4681876704818,-34.5983198604729));
#11271=CARTESIAN_POINT('',(71.0021030207504,72.4681876704818,-34.5983198604729));
#11272=CARTESIAN_POINT('',(71.1137389848559,72.4681876704818,-34.5983198604729));
#11273=CARTESIAN_POINT('',(71.2269142714351,72.4585419686305,-34.5816130147917));
#11274=CARTESIAN_POINT('',(71.3322518572674,72.4400583171189,-34.5495983912643));
#11275=CARTESIAN_POINT('',(71.4375846560752,72.4215755055895,-34.5175852226286));
#11276=CARTESIAN_POINT('',(71.5379814761499,72.3937484438517,-34.4693873378734));
#11277=CARTESIAN_POINT('',(71.6251744918869,72.3588957760932,-34.4090207465364));
#11278=CARTESIAN_POINT('',(71.7124837976019,72.3239966250708,-34.3485736438245));
#11279=CARTESIAN_POINT('',(71.7889545227279,72.2810969356616,-34.2742692021389));
#11280=CARTESIAN_POINT('',(71.8483453334242,72.2337486267224,-34.1922595254036));
#11281=CARTESIAN_POINT('',(71.9079267193575,72.1862483849321,-34.1099866932511));
#11282=CARTESIAN_POINT('',(71.9519568579792,72.132969331795,-34.0177046662385));
#11283=CARTESIAN_POINT('',(71.9768807718883,72.0783025412689,-33.9230190075605));
#11284=CARTESIAN_POINT('',(71.9935950245489,72.0416423861931,-33.859521756356));
#11285=CARTESIAN_POINT('',(72.0021030207504,72.003808421724,-33.7939914076435));
#11286=CARTESIAN_POINT('',(72.0021030207504,71.9662077763748,-33.7288651795013));
#11287=CARTESIAN_POINT('',(72.0021030207504,71.9662077763748,-33.7288651795013));
#11288=CARTESIAN_POINT('',(72.0021030207504,66.5109705434963,-24.2801171248143));
#11289=CARTESIAN_POINT('',(72.0021030207504,71.2742663191316,-32.5303874196929));
#11290=CARTESIAN_POINT('',(71.3021030207504,71.2742663191315,-32.5303874196929));
#11291=CARTESIAN_POINT('',(104.00210302075,72.0666630677166,-33.9028588479946));
#11292=CARTESIAN_POINT('',(70.7021030207504,68.9565241586991,-29.5190635782979));
#11293=CARTESIAN_POINT('',(70.7021030207504,68.4549624890398,-33.2858176041839));
#11294=CARTESIAN_POINT('',(72.0021030207504,68.9565241586991,-29.5190635782979));
#11295=CARTESIAN_POINT('',(72.0021030207504,68.4549624890398,-33.2858176041839));
#11296=CARTESIAN_POINT('',(104.00210302075,68.4549624890398,-33.2858176041839));
#11297=CARTESIAN_POINT('',(104.00210302075,68.9565241586991,-29.5190635782979));
#11298=CARTESIAN_POINT('',(70.7021030207504,68.4549624890398,-32.4768390754458));
#11299=CARTESIAN_POINT('',(70.7021030207504,68.4549624890398,-35.6736603068845));
#11300=CARTESIAN_POINT('',(72.0021030207504,68.4549624890399,-20.1690635782978));
#11301=CARTESIAN_POINT('',(72.0021030207504,68.4549624890398,-34.6697005186703));
#11302=CARTESIAN_POINT('',(72.0021030207504,68.4549624890398,-34.6697005186703));
#11303=CARTESIAN_POINT('',(72.0021030207504,68.4549624890398,-34.7824349601768));
#11304=CARTESIAN_POINT('',(71.9826857013467,68.4549624890398,-34.8967260368203));
#11305=CARTESIAN_POINT('',(71.9454029309855,68.4549624890398,-35.0031170577571));
#11306=CARTESIAN_POINT('',(71.9081163747231,68.4549624890398,-35.109518882234));
#11307=CARTESIAN_POINT('',(71.8519218734361,68.4549624890398,-35.2109578922527));
#11308=CARTESIAN_POINT('',(71.7814350398637,68.4549624890398,-35.2989535843225));
#11309=CARTESIAN_POINT('',(71.7111336470057,68.4549624890398,-35.3867177723911));
#11310=CARTESIAN_POINT('',(71.6246622688194,68.4549624890398,-35.4635386007342));
#11311=CARTESIAN_POINT('',(71.5291944173408,68.4549624890398,-35.5229585290342));
#11312=CARTESIAN_POINT('',(71.4340886642257,68.4549624890398,-35.5821530845154));
#11313=CARTESIAN_POINT('',(71.3274199353882,68.4549624890398,-35.6257163322682));
#11314=CARTESIAN_POINT('',(71.2180575920703,68.4549624890398,-35.6499851917021));
#11315=CARTESIAN_POINT('',(71.1473612489449,68.4549624890398,-35.6656735864617));
#11316=CARTESIAN_POINT('',(71.074519169926,68.4549624890398,-35.6736603068845));
#11317=CARTESIAN_POINT('',(71.0021030207504,68.4549624890398,-35.6736603068845));
#11318=CARTESIAN_POINT('',(71.0021030207504,68.4549624890398,-35.6736603068845));
#11319=CARTESIAN_POINT('',(72.0021030207504,68.4549624890398,-35.6736603068845));
#11320=CARTESIAN_POINT('',(104.00210302075,68.4549624890398,-32.4768390754458));
#11321=CARTESIAN_POINT('',(70.7021030207504,63.6049766356429,-30.0206252479571));
#11322=CARTESIAN_POINT('',(70.7021030207504,62.8019274301125,-30.0206252479571));
#11323=CARTESIAN_POINT('',(70.7021030207504,65.1897701328131,-30.0206252479571));
#11324=CARTESIAN_POINT('',(72.0021030207504,62.8019274301125,-30.0206252479571));
#11325=CARTESIAN_POINT('',(71.0021030207504,62.8019274301125,-30.0206252479571));
#11326=CARTESIAN_POINT('',(71.0021030207504,62.8019274301125,-30.0206252479571));
#11327=CARTESIAN_POINT('',(71.1137389848559,62.8019274301125,-30.0206252479571));
#11328=CARTESIAN_POINT('',(71.2269142714351,62.8212188338151,-30.0206252479571));
#11329=CARTESIAN_POINT('',(71.3322518572674,62.8581861368383,-30.0206252479571));
#11330=CARTESIAN_POINT('',(71.4375846560752,62.8951517598972,-30.0206252479571));
#11331=CARTESIAN_POINT('',(71.5379814761499,62.9508058833727,-30.0206252479571));
#11332=CARTESIAN_POINT('',(71.6251744918869,63.0205112188896,-30.0206252479571));
#11333=CARTESIAN_POINT('',(71.7124837976019,63.0903095209345,-30.0206252479571));
#11334=CARTESIAN_POINT('',(71.7889545227279,63.1761088997529,-30.0206252479571));
#11335=CARTESIAN_POINT('',(71.8483453334242,63.2708055176314,-30.0206252479571));
#11336=CARTESIAN_POINT('',(71.9079267193575,63.365806001212,-30.0206252479571));
#11337=CARTESIAN_POINT('',(71.9519568579792,63.4723641074861,-30.0206252479571));
#11338=CARTESIAN_POINT('',(71.9768807718883,63.5816976885384,-30.0206252479571));
#11339=CARTESIAN_POINT('',(71.9935950245489,63.6550179986898,-30.0206252479571));
#11340=CARTESIAN_POINT('',(72.0021030207504,63.7306859276283,-30.0206252479571));
#11341=CARTESIAN_POINT('',(72.0021030207504,63.8058872183267,-30.0206252479571));
#11342=CARTESIAN_POINT('',(72.0021030207504,63.8058872183267,-30.0206252479571));
#11343=CARTESIAN_POINT('',(72.0021030207504,73.631524158699,-30.0206252479571));
#11344=CARTESIAN_POINT('',(72.0021030207504,65.1897701328131,-30.0206252479571));
#11345=CARTESIAN_POINT('',(104.00210302075,65.1897701328131,-30.0206252479571));
#11346=CARTESIAN_POINT('',(104.00210302075,63.6049766356429,-30.0206252479571));
#11347=CARTESIAN_POINT('',(70.7021030207504,68.9565241586991,-29.5190635782979));
#11348=CARTESIAN_POINT('',(70.7021030207504,65.9452003173041,-27.2013214178654));
#11349=CARTESIAN_POINT('',(72.0021030207504,68.9565241586991,-29.5190635782979));
#11350=CARTESIAN_POINT('',(72.0021030207504,65.9452003173041,-27.2013214178654));
#11351=CARTESIAN_POINT('',(104.00210302075,65.9452003173041,-27.2013214178654));
#11352=CARTESIAN_POINT('',(104.00210302075,68.9565241586991,-29.5190635782979));
#11353=CARTESIAN_POINT('',(70.7021030207504,66.6457962743074,-27.6058106822344));
#11354=CARTESIAN_POINT('',(70.7021030207504,63.8772678765242,-26.0074000665151));
#11355=CARTESIAN_POINT('',(72.0021030207504,68.6648862308364,-28.7715328121545));
#11356=CARTESIAN_POINT('',(72.0021030207504,64.7467225574957,-26.5093799606222));
#11357=CARTESIAN_POINT('',(72.0021030207504,64.7467225574957,-26.5093799606222));
#11358=CARTESIAN_POINT('',(72.0021030207504,64.6490916672696,-26.453012739869));
#11359=CARTESIAN_POINT('',(71.9826857013467,64.5501126914704,-26.3958672015472));
#11360=CARTESIAN_POINT('',(71.9454029309855,64.4579753646046,-26.3426716910788));
#11361=CARTESIAN_POINT('',(71.9081163747231,64.3658286815986,-26.2894707788404));
#11362=CARTESIAN_POINT('',(71.8519218734361,64.2779799219877,-26.238751273831));
#11363=CARTESIAN_POINT('',(71.7814350398637,64.2017734172316,-26.1947534277961));
#11364=CARTESIAN_POINT('',(71.7111336470057,64.1257674008217,-26.1508713337618));
#11365=CARTESIAN_POINT('',(71.6246622688194,64.0592386119369,-26.1124609195903));
#11366=CARTESIAN_POINT('',(71.5291944173408,64.007779444538,-26.0827509554403));
#11367=CARTESIAN_POINT('',(71.4340886642257,63.9565154557255,-26.0531536776996));
#11368=CARTESIAN_POINT('',(71.3274199353882,63.9187885765003,-26.0313720538233));
#11369=CARTESIAN_POINT('',(71.2180575920703,63.8977711277096,-26.0192376241063));
#11370=CARTESIAN_POINT('',(71.1473612489449,63.8841845793032,-26.0113934267265));
#11371=CARTESIAN_POINT('',(71.074519169926,63.8772678765242,-26.0074000665151));
#11372=CARTESIAN_POINT('',(71.0021030207504,63.8772678765242,-26.0074000665151));
#11373=CARTESIAN_POINT('',(71.0021030207504,63.8772678765242,-26.0074000665151));
#11374=CARTESIAN_POINT('',(72.0021030207504,63.8772678765242,-26.0074000665151));
#11375=CARTESIAN_POINT('',(104.00210302075,66.6457962743074,-27.6058106822344));
#11376=CARTESIAN_POINT('',(71.0021030207504,68.9565241586991,-29.5190635782979));
#11377=CARTESIAN_POINT('',(70.7021030207504,68.9565241586991,-29.5190635782979));
#11378=CARTESIAN_POINT('',(72.0021030207504,68.9565241586991,-29.5190635782979));
#11379=CARTESIAN_POINT('',(72.0021030207504,73.6684579566087,-33.5100916268234));
#11380=CARTESIAN_POINT('',(70.7021030207504,73.6684579566087,-33.5100916268234));
#11381=CARTESIAN_POINT('',(71.0021030207504,73.6684579566087,-33.5100916268234));
#11382=CARTESIAN_POINT('',(71.0021030207504,68.9565241586991,-29.5190635782979));
#11383=CARTESIAN_POINT('',(70.7021030207504,68.9565241586991,-29.5190635782979));
#11384=CARTESIAN_POINT('',(72.0021030207504,68.9565241586991,-29.5190635782979));
#11385=CARTESIAN_POINT('',(70.7021030207504,62.406524158699,-0.800000000000001));
#11386=CARTESIAN_POINT('',(70.7021030207504,62.406524158699,-13.5190635782946));
#11387=CARTESIAN_POINT('',(70.7021030207504,62.406524158699,-32.5690635782979));
#11388=CARTESIAN_POINT('',(70.7021030207504,65.906524158699,-32.5690635782979));
#11389=CARTESIAN_POINT('',(70.7021030207504,62.5601002758627,-33.5944645712674));
#11390=CARTESIAN_POINT('',(70.7021030207503,65.231524158772,-35.9690635782979));
#11391=CARTESIAN_POINT('',(70.7021030207503,62.5469177869305,-33.5827468033277));
#11392=CARTESIAN_POINT('',(70.7021030207503,62.5469177869305,-33.5827468033277));
#11393=CARTESIAN_POINT('',(70.7021030207503,62.5531778069047,-33.6165399164352));
#11394=CARTESIAN_POINT('',(70.7021030207504,62.559725040746,-33.650280861173));
#11395=CARTESIAN_POINT('',(70.7021030207504,62.5665319519035,-33.6839680739408));
#11396=CARTESIAN_POINT('',(70.7021030207504,62.5928613500497,-33.8142715283088));
#11397=CARTESIAN_POINT('',(70.7021030207504,62.6235298401747,-33.943674061588));
#11398=CARTESIAN_POINT('',(70.7021030207504,62.654268884888,-34.0730082742198));
#11399=CARTESIAN_POINT('',(70.7021030207504,62.6894895258121,-34.2211987565461));
#11400=CARTESIAN_POINT('',(70.7021030207504,62.7315241587715,-34.3710672537018));
#11401=CARTESIAN_POINT('',(70.7021030207504,62.731524158772,-34.5233857115433));
#11402=CARTESIAN_POINT('',(70.7021030207504,62.731524158772,-34.5233857115433));
#11403=CARTESIAN_POINT('',(70.7021030207504,62.731524158772,-39.0690635782979));
#11404=CARTESIAN_POINT('',(70.7021030207503,62.731524158772,-39.0690635782979));
#11405=CARTESIAN_POINT('',(70.7021030207503,62.531524158772,-39.0690635782979));
#11406=CARTESIAN_POINT('',(70.7021030207503,65.031524158772,-39.0690635782979));
#11407=CARTESIAN_POINT('',(70.7021030207504,65.031524158772,-36.0033575377747));
#11408=CARTESIAN_POINT('',(70.7021030207504,-2.5,-36.0690635782979));
#11409=CARTESIAN_POINT('',(70.7021030207504,75.8315241586997,-36.0690635782979));
#11410=CARTESIAN_POINT('',(70.7021030207504,75.8315241586997,-33.7690636444035));
#11411=CARTESIAN_POINT('',(70.7021030207504,75.8315241586998,-36.8690636444036));
#11412=CARTESIAN_POINT('',(70.7021030207504,84.8815241586997,-36.8690636444036));
#11413=CARTESIAN_POINT('',(70.7021030207504,94.9315241586997,-36.8690636444036));
#11414=CARTESIAN_POINT('',(70.7021030207504,94.9315241586997,-21.3240636444036));
#11415=CARTESIAN_POINT('',(70.7021030207504,94.9315241586997,-36.0690635782979));
#11416=CARTESIAN_POINT('',(70.7021030207504,-2.5,-36.0690635782979));
#11417=CARTESIAN_POINT('',(70.7021030207504,104.8565241587,-36.0690635782979));
#11418=CARTESIAN_POINT('',(70.7021030207504,104.8565241587,-32.5690635782979));
#11419=CARTESIAN_POINT('',(70.7021030207504,108.3565241587,-32.5690635782979));
#11420=CARTESIAN_POINT('',(70.7021030207504,108.3565241587,-0.800000000000001));
#11421=CARTESIAN_POINT('',(70.7021030207504,108.3565241587,-15.5190635782946));
#11422=CARTESIAN_POINT('',(70.7021030207504,104.8565241587,-15.5190635782946));
#11423=CARTESIAN_POINT('',(70.7021030207504,104.0315241587,-9.01906357829459));
#11424=CARTESIAN_POINT('',(70.7021030207503,104.0315241587,-9.01906357829459));
#11425=CARTESIAN_POINT('',(70.7021030207503,104.2315241587,-9.01906357829459));
#11426=CARTESIAN_POINT('',(70.7021030207503,101.7315241587,-9.01906357829459));
#11427=CARTESIAN_POINT('',(70.7021030207504,101.7315241587,-12.0190635782946));
#11428=CARTESIAN_POINT('',(70.7021030207504,94.9315241586997,-14.319063512189));
#11429=CARTESIAN_POINT('',(70.7021030207504,94.9315241586997,-11.2190635121889));
#11430=CARTESIAN_POINT('',(70.7021030207504,85.8815241586997,-11.2190635121889));
#11431=CARTESIAN_POINT('',(70.7021030207504,75.8315241586997,-11.2190635121889));
#11432=CARTESIAN_POINT('',(70.7021030207504,75.8315241586997,-26.7640635121889));
#11433=CARTESIAN_POINT('',(70.7021030207504,75.8315241586997,-12.0190635782946));
#11434=CARTESIAN_POINT('',(70.7021030207504,-2.5,-12.0190635782946));
#11435=CARTESIAN_POINT('',(70.7021030207504,60.3542021473654,-12.0190635782946));
#11436=CARTESIAN_POINT('',(70.7021030207504,60.3542021473654,-0.800000000000001));
#11437=CARTESIAN_POINT('',(70.7021030207504,60.3542021473654,-13.5190635782946));
#11438=CARTESIAN_POINT('',(70.7021030207504,-2.5,-13.5190635782946));
#11439=CARTESIAN_POINT('',(70.7021030207504,101.8065241587,-18.5690635782981));
#11440=CARTESIAN_POINT('',(70.7021030207504,105.797552207226,-23.2809973762075));
#11441=CARTESIAN_POINT('',(70.7021030207504,106.885780440875,-22.0807270900811));
#11442=CARTESIAN_POINT('',(70.7021030207504,106.443872538971,-24.0440635782981));
#11443=CARTESIAN_POINT('',(70.7021030207504,105.797552207226,-24.8071297803887));
#11444=CARTESIAN_POINT('',(70.7021030207504,101.8065241587,-29.5190635782981));
#11445=CARTESIAN_POINT('',(70.7021030207504,106.885780440875,-26.007400066515));
#11446=CARTESIAN_POINT('',(70.7021030207504,104.117252043091,-27.6058106822346));
#11447=CARTESIAN_POINT('',(70.7021030207504,104.817848000095,-27.2013214178653));
#11448=CARTESIAN_POINT('',(70.7021030207504,101.8065241587,-29.5190635782981));
#11449=CARTESIAN_POINT('',(70.7021030207504,105.573278184586,-30.0206252479573));
#11450=CARTESIAN_POINT('',(70.7021030207504,107.158071681756,-30.0206252479573));
#11451=CARTESIAN_POINT('',(70.7021030207504,107.961120887287,-30.0206252479573));
#11452=CARTESIAN_POINT('',(70.7021030207504,101.8065241587,-29.5190635782981));
#11453=CARTESIAN_POINT('',(70.7021030207504,102.308085828359,-35.6736603068847));
#11454=CARTESIAN_POINT('',(70.7021030207504,102.308085828359,-32.476839075446));
#11455=CARTESIAN_POINT('',(70.7021030207504,102.308085828359,-33.2858176041842));
#11456=CARTESIAN_POINT('',(70.7021030207504,101.8065241587,-29.5190635782981));
#11457=CARTESIAN_POINT('',(70.7021030207504,99.4887819982676,-32.5303874196927));
#11458=CARTESIAN_POINT('',(70.7021030207504,98.6963852496825,-33.9028588479948));
#11459=CARTESIAN_POINT('',(70.7021030207504,98.2948606469174,-34.5983198604728));
#11460=CARTESIAN_POINT('',(70.7021030207504,101.8065241587,-29.5190635782981));
#11461=CARTESIAN_POINT('',(70.7021030207504,97.0945903607909,-33.5100916268236));
#11462=CARTESIAN_POINT('',(70.7021030207504,96.3315241587003,-34.1564119585687));
#11463=CARTESIAN_POINT('',(70.7021030207504,95.5684579566096,-33.5100916268236));
#11464=CARTESIAN_POINT('',(70.7021030207504,90.8565241587001,-29.5190635782981));
#11465=CARTESIAN_POINT('',(70.7021030207504,94.3681876704828,-34.5983198604731));
#11466=CARTESIAN_POINT('',(70.7021030207504,93.9666630677176,-33.9028588479948));
#11467=CARTESIAN_POINT('',(70.7021030207504,93.1742663191325,-32.5303874196931));
#11468=CARTESIAN_POINT('',(70.7021030207504,90.8565241587001,-29.5190635782981));
#11469=CARTESIAN_POINT('',(70.7021030207504,88.5387819982672,-32.5303874196927));
#11470=CARTESIAN_POINT('',(70.7021030207504,87.746385249682,-33.9028588479947));
#11471=CARTESIAN_POINT('',(70.7021030207504,87.3448606469169,-34.5983198604727));
#11472=CARTESIAN_POINT('',(70.7021030207504,90.8565241587,-29.519063578298));
#11473=CARTESIAN_POINT('',(70.7021030207504,86.1445903607904,-33.5100916268235));
#11474=CARTESIAN_POINT('',(70.7021030207504,85.3815241586998,-34.1564119585685));
#11475=CARTESIAN_POINT('',(70.7021030207504,84.6184579566092,-33.5100916268235));
#11476=CARTESIAN_POINT('',(70.7021030207504,79.9065241586996,-29.519063578298));
#11477=CARTESIAN_POINT('',(70.7021030207504,83.4181876704823,-34.598319860473));
#11478=CARTESIAN_POINT('',(70.7021030207504,83.0166630677171,-33.9028588479947));
#11479=CARTESIAN_POINT('',(70.7021030207504,82.224266319132,-32.5303874196929));
#11480=CARTESIAN_POINT('',(70.7021030207504,79.9065241586995,-29.5190635782979));
#11481=CARTESIAN_POINT('',(70.7021030207504,77.5887819982667,-32.5303874196926));
#11482=CARTESIAN_POINT('',(70.7021030207504,76.7963852496815,-33.9028588479946));
#11483=CARTESIAN_POINT('',(70.7021030207504,76.3948606469164,-34.5983198604726));
#11484=CARTESIAN_POINT('',(70.7021030207504,79.9065241586995,-29.5190635782979));
#11485=CARTESIAN_POINT('',(70.7021030207504,75.1945903607899,-33.5100916268234));
#11486=CARTESIAN_POINT('',(70.7021030207504,74.4315241586993,-34.1564119585684));
#11487=CARTESIAN_POINT('',(70.7021030207504,68.9565241586991,-29.5190635782979));
#11488=CARTESIAN_POINT('',(70.7021030207504,64.9654961101734,-24.8071297803885));
#11489=CARTESIAN_POINT('',(70.7021030207504,64.3191757784283,-24.0440635782979));
#11490=CARTESIAN_POINT('',(70.7021030207504,64.9654961101734,-23.2809973762073));
#11491=CARTESIAN_POINT('',(70.7021030207504,68.956524158699,-18.5690635782978));
#11492=CARTESIAN_POINT('',(70.7021030207504,63.8772678765241,-22.0807270900806));
#11493=CARTESIAN_POINT('',(70.7021030207504,66.6457962743074,-20.4823164743613));
#11494=CARTESIAN_POINT('',(70.7021030207504,65.9452003173041,-20.8868057387303));
#11495=CARTESIAN_POINT('',(70.7021030207504,68.9565241586991,-18.5690635782979));
#11496=CARTESIAN_POINT('',(70.7021030207504,65.1897701328131,-18.0675019086386));
#11497=CARTESIAN_POINT('',(70.7021030207504,63.6049766356429,-18.0675019086386));
#11498=CARTESIAN_POINT('',(70.7021030207504,62.8019274301125,-18.0675019086386));
#11499=CARTESIAN_POINT('',(70.7021030207504,68.956524158699,-18.5690635782978));
#11500=CARTESIAN_POINT('',(70.7021030207504,68.4549624890398,-12.4144668497112));
#11501=CARTESIAN_POINT('',(70.7021030207504,68.4549624890398,-15.6112880811499));
#11502=CARTESIAN_POINT('',(70.7021030207504,68.4549624890398,-14.8023095524119));
#11503=CARTESIAN_POINT('',(70.7021030207504,68.9565241586991,-18.5690635782979));
#11504=CARTESIAN_POINT('',(70.7021030207504,71.2742663191315,-15.5577397369029));
#11505=CARTESIAN_POINT('',(70.7021030207504,72.0666630677166,-14.1852683086012));
#11506=CARTESIAN_POINT('',(70.7021030207504,72.4681876704818,-13.4898072961229));
#11507=CARTESIAN_POINT('',(70.7021030207504,68.956524158699,-18.5690635782978));
#11508=CARTESIAN_POINT('',(70.7021030207504,73.6684579566087,-14.5780355297724));
#11509=CARTESIAN_POINT('',(70.7021030207504,74.4315241586993,-13.9317151980274));
#11510=CARTESIAN_POINT('',(70.7021030207504,75.1945903607899,-14.5780355297724));
#11511=CARTESIAN_POINT('',(70.7021030207504,79.9065241586995,-18.5690635782979));
#11512=CARTESIAN_POINT('',(70.7021030207504,76.3948606469164,-13.4898072961232));
#11513=CARTESIAN_POINT('',(70.7021030207504,76.7963852496815,-14.1852683086012));
#11514=CARTESIAN_POINT('',(70.7021030207504,77.5887819982667,-15.5577397369032));
#11515=CARTESIAN_POINT('',(70.7021030207504,79.9065241586995,-18.5690635782979));
#11516=CARTESIAN_POINT('',(70.7021030207504,82.224266319132,-15.557739736903));
#11517=CARTESIAN_POINT('',(70.7021030207504,83.0166630677171,-14.1852683086013));
#11518=CARTESIAN_POINT('',(70.7021030207504,83.4181876704823,-13.489807296123));
#11519=CARTESIAN_POINT('',(70.7021030207504,79.9065241586995,-18.5690635782979));
#11520=CARTESIAN_POINT('',(70.7021030207504,84.6184579566091,-14.5780355297725));
#11521=CARTESIAN_POINT('',(70.7021030207504,85.3815241586998,-13.9317151980275));
#11522=CARTESIAN_POINT('',(70.7021030207504,86.1445903607904,-14.5780355297725));
#11523=CARTESIAN_POINT('',(70.7021030207504,90.8565241587,-18.569063578298));
#11524=CARTESIAN_POINT('',(70.7021030207504,87.3448606469169,-13.4898072961233));
#11525=CARTESIAN_POINT('',(70.7021030207504,87.746385249682,-14.1852683086013));
#11526=CARTESIAN_POINT('',(70.7021030207504,88.5387819982673,-15.5577397369034));
#11527=CARTESIAN_POINT('',(70.7021030207504,90.8565241587001,-18.5690635782981));
#11528=CARTESIAN_POINT('',(70.7021030207504,93.1742663191325,-15.5577397369031));
#11529=CARTESIAN_POINT('',(70.7021030207504,93.9666630677176,-14.1852683086014));
#11530=CARTESIAN_POINT('',(70.7021030207504,94.3681876704828,-13.4898072961231));
#11531=CARTESIAN_POINT('',(70.7021030207504,90.8565241587,-18.569063578298));
#11532=CARTESIAN_POINT('',(70.7021030207504,95.5684579566096,-14.5780355297726));
#11533=CARTESIAN_POINT('',(70.7021030207504,96.3315241587003,-13.9317151980276));
#11534=CARTESIAN_POINT('',(70.7021030207504,97.0945903607909,-14.5780355297726));
#11535=CARTESIAN_POINT('',(70.7021030207504,101.8065241587,-18.5690635782981));
#11536=CARTESIAN_POINT('',(70.7021030207504,98.2948606469174,-13.4898072961234));
#11537=CARTESIAN_POINT('',(70.7021030207504,98.6963852496825,-14.1852683086014));
#11538=CARTESIAN_POINT('',(70.7021030207504,99.4887819982677,-15.5577397369034));
#11539=CARTESIAN_POINT('',(70.7021030207504,101.8065241587,-18.5690635782981));
#11540=CARTESIAN_POINT('',(70.7021030207504,102.308085828359,-14.802309552412));
#11541=CARTESIAN_POINT('',(70.7021030207504,102.308085828359,-15.6112880811501));
#11542=CARTESIAN_POINT('',(70.7021030207504,102.308085828359,-12.4144668497115));
#11543=CARTESIAN_POINT('',(70.7021030207504,101.8065241587,-18.5690635782981));
#11544=CARTESIAN_POINT('',(70.7021030207504,107.961120887287,-18.0675019086388));
#11545=CARTESIAN_POINT('',(70.7021030207504,107.158071681756,-18.0675019086388));
#11546=CARTESIAN_POINT('',(70.7021030207504,105.573278184586,-18.0675019086388));
#11547=CARTESIAN_POINT('',(70.7021030207504,101.8065241587,-18.5690635782981));
#11548=CARTESIAN_POINT('',(70.7021030207504,104.817848000095,-20.8868057387308));
#11549=CARTESIAN_POINT('',(70.7021030207504,104.117252043091,-20.4823164743615));
#11550=CARTESIAN_POINT('',(70.7021030207504,-2.5,-0.800000000000001));
#11551=CARTESIAN_POINT('',(72.0021030207504,102.098162086562,-28.7715328121547));
#11552=CARTESIAN_POINT('',(72.0021030207504,106.016325759904,-26.5093799606222));
#11553=CARTESIAN_POINT('',(72.0021030207504,104.817848000095,-27.2013214178653));
#11554=CARTESIAN_POINT('',(72.0021030207504,101.8065241587,-29.5190635782981));
#11555=CARTESIAN_POINT('',(72.0021030207504,105.151231875481,-25.5701959824793));
#11556=CARTESIAN_POINT('',(72.0021030207504,106.443872538971,-24.0440635782981));
#11557=CARTESIAN_POINT('',(72.0021030207504,105.151231875481,-22.5179311741169));
#11558=CARTESIAN_POINT('',(72.0021030207504,101.8065241587,-18.5690635782981));
#11559=CARTESIAN_POINT('',(72.0021030207504,106.016325759904,-21.5787471959739));
#11560=CARTESIAN_POINT('',(72.0021030207504,98.0494933238704,-16.9790943444414));
#11561=CARTESIAN_POINT('',(72.0021030207504,104.817848000095,-20.8868057387307));
#11562=CARTESIAN_POINT('',(72.0021030207504,101.8065241587,-18.5690635782981));
#11563=CARTESIAN_POINT('',(72.0021030207504,105.573278184586,-18.0675019086388));
#11564=CARTESIAN_POINT('',(72.0021030207504,97.1315241587,-18.0675019086388));
#11565=CARTESIAN_POINT('',(72.0021030207504,106.957161099073,-18.0675019086388));
#11566=CARTESIAN_POINT('',(72.0021030207504,101.8065241587,-18.5690635782981));
#11567=CARTESIAN_POINT('',(72.0021030207504,102.308085828359,-13.4184266379257));
#11568=CARTESIAN_POINT('',(72.0021030207504,102.308085828359,-18.5690635782981));
#11569=CARTESIAN_POINT('',(72.0021030207504,102.308085828359,-14.802309552412));
#11570=CARTESIAN_POINT('',(72.0021030207504,101.8065241587,-18.5690635782981));
#11571=CARTESIAN_POINT('',(72.0021030207504,99.4887819982676,-15.5577397369034));
#11572=CARTESIAN_POINT('',(72.0021030207504,100.20340901121,-16.7955100317816));
#11573=CARTESIAN_POINT('',(72.0021030207504,98.7968405410244,-14.359261977095));
#11574=CARTESIAN_POINT('',(72.0021030207504,101.8065241587,-18.5690635782981));
#11575=CARTESIAN_POINT('',(72.0021030207504,97.8576565628815,-15.2243558615176));
#11576=CARTESIAN_POINT('',(72.0021030207504,96.3315241587003,-13.9317151980276));
#11577=CARTESIAN_POINT('',(72.0021030207504,94.805391754519,-15.2243558615176));
#11578=CARTESIAN_POINT('',(72.0021030207504,90.8565241587,-18.569063578298));
#11579=CARTESIAN_POINT('',(72.0021030207504,93.8662077763757,-14.3592619770946));
#11580=CARTESIAN_POINT('',(72.0021030207504,92.4596393061895,-16.7955100317816));
#11581=CARTESIAN_POINT('',(72.0021030207504,93.1742663191325,-15.5577397369031));
#11582=CARTESIAN_POINT('',(72.0021030207504,90.8565241587001,-18.5690635782981));
#11583=CARTESIAN_POINT('',(72.0021030207504,88.5387819982672,-15.5577397369034));
#11584=CARTESIAN_POINT('',(72.0021030207504,89.25340901121,-16.7955100317815));
#11585=CARTESIAN_POINT('',(72.0021030207504,87.8468405410239,-14.3592619770949));
#11586=CARTESIAN_POINT('',(72.0021030207504,90.8565241587,-18.569063578298));
#11587=CARTESIAN_POINT('',(72.0021030207504,86.907656562881,-15.2243558615175));
#11588=CARTESIAN_POINT('',(72.0021030207504,85.3815241586998,-13.9317151980275));
#11589=CARTESIAN_POINT('',(72.0021030207504,83.8553917545185,-15.2243558615175));
#11590=CARTESIAN_POINT('',(72.0021030207504,79.9065241586995,-18.5690635782979));
#11591=CARTESIAN_POINT('',(72.0021030207504,82.9162077763752,-14.3592619770945));
#11592=CARTESIAN_POINT('',(72.0021030207504,81.509639306189,-16.7955100317815));
#11593=CARTESIAN_POINT('',(72.0021030207504,82.224266319132,-15.557739736903));
#11594=CARTESIAN_POINT('',(72.0021030207504,79.9065241586995,-18.5690635782979));
#11595=CARTESIAN_POINT('',(72.0021030207504,77.5887819982666,-15.5577397369032));
#11596=CARTESIAN_POINT('',(72.0021030207504,78.3034090112095,-16.7955100317814));
#11597=CARTESIAN_POINT('',(72.0021030207504,76.8968405410235,-14.3592619770948));
#11598=CARTESIAN_POINT('',(72.0021030207504,79.9065241586995,-18.5690635782979));
#11599=CARTESIAN_POINT('',(72.0021030207504,75.9576565628805,-15.2243558615174));
#11600=CARTESIAN_POINT('',(72.0021030207504,74.4315241586993,-13.9317151980274));
#11601=CARTESIAN_POINT('',(72.0021030207504,72.905391754518,-15.2243558615174));
#11602=CARTESIAN_POINT('',(72.0021030207504,68.956524158699,-18.5690635782978));
#11603=CARTESIAN_POINT('',(72.0021030207504,71.9662077763747,-14.3592619770944));
#11604=CARTESIAN_POINT('',(72.0021030207504,70.5596393061885,-16.7955100317814));
#11605=CARTESIAN_POINT('',(72.0021030207504,71.2742663191315,-15.5577397369029));
#11606=CARTESIAN_POINT('',(72.0021030207504,68.9565241586991,-18.5690635782979));
#11607=CARTESIAN_POINT('',(72.0021030207504,68.4549624890398,-14.8023095524119));
#11608=CARTESIAN_POINT('',(72.0021030207504,68.4549624890398,-18.5690635782979));
#11609=CARTESIAN_POINT('',(72.0021030207504,68.4549624890398,-13.4184266379254));
#11610=CARTESIAN_POINT('',(72.0021030207504,68.956524158699,-18.5690635782978));
#11611=CARTESIAN_POINT('',(72.0021030207504,63.8058872183266,-18.0675019086386));
#11612=CARTESIAN_POINT('',(72.0021030207504,73.631524158699,-18.0675019086386));
#11613=CARTESIAN_POINT('',(72.0021030207504,65.1897701328131,-18.0675019086386));
#11614=CARTESIAN_POINT('',(72.0021030207504,68.9565241586991,-18.5690635782979));
#11615=CARTESIAN_POINT('',(72.0021030207504,65.9452003173041,-20.8868057387303));
#11616=CARTESIAN_POINT('',(72.0021030207504,72.7135549935287,-16.9790943444412));
#11617=CARTESIAN_POINT('',(72.0021030207504,64.7467225574956,-21.5787471959735));
#11618=CARTESIAN_POINT('',(72.0021030207504,68.956524158699,-18.5690635782978));
#11619=CARTESIAN_POINT('',(72.0021030207504,65.6118164419184,-22.5179311741167));
#11620=CARTESIAN_POINT('',(72.0021030207504,64.3191757784283,-24.0440635782979));
#11621=CARTESIAN_POINT('',(72.0021030207504,65.6118164419184,-25.5701959824791));
#11622=CARTESIAN_POINT('',(72.0021030207504,68.9565241586991,-29.5190635782979));
#11623=CARTESIAN_POINT('',(72.0021030207504,68.9565241586991,-29.5190635782979));
#11624=CARTESIAN_POINT('',(72.0021030207504,68.9565241586991,-29.5190635782979));
#11625=CARTESIAN_POINT('',(72.0021030207504,72.905391754518,-32.8637712950784));
#11626=CARTESIAN_POINT('',(72.0021030207504,74.4315241586993,-34.1564119585684));
#11627=CARTESIAN_POINT('',(72.0021030207504,75.9576565628805,-32.8637712950784));
#11628=CARTESIAN_POINT('',(72.0021030207504,79.9065241586995,-29.5190635782979));
#11629=CARTESIAN_POINT('',(72.0021030207504,76.8968405410233,-33.7288651795009));
#11630=CARTESIAN_POINT('',(72.0021030207504,82.3520777739015,-24.2801171248143));
#11631=CARTESIAN_POINT('',(72.0021030207504,77.5887819982664,-32.5303874196924));
#11632=CARTESIAN_POINT('',(72.0021030207504,79.9065241586995,-29.5190635782979));
#11633=CARTESIAN_POINT('',(72.0021030207504,82.224266319132,-32.5303874196929));
#11634=CARTESIAN_POINT('',(72.0021030207504,77.4609705434968,-24.2801171248144));
#11635=CARTESIAN_POINT('',(72.0021030207504,82.9162077763752,-33.7288651795014));
#11636=CARTESIAN_POINT('',(72.0021030207504,79.9065241586996,-29.519063578298));
#11637=CARTESIAN_POINT('',(72.0021030207504,83.8553917545185,-32.8637712950785));
#11638=CARTESIAN_POINT('',(72.0021030207504,85.3815241586998,-34.1564119585685));
#11639=CARTESIAN_POINT('',(72.0021030207504,86.907656562881,-32.8637712950785));
#11640=CARTESIAN_POINT('',(72.0021030207504,90.8565241587,-29.519063578298));
#11641=CARTESIAN_POINT('',(72.0021030207504,87.8468405410237,-33.728865179501));
#11642=CARTESIAN_POINT('',(72.0021030207504,93.302077773902,-24.2801171248144));
#11643=CARTESIAN_POINT('',(72.0021030207504,88.5387819982669,-32.5303874196926));
#11644=CARTESIAN_POINT('',(72.0021030207504,90.8565241587001,-29.5190635782981));
#11645=CARTESIAN_POINT('',(72.0021030207504,93.1742663191326,-32.5303874196931));
#11646=CARTESIAN_POINT('',(72.0021030207504,88.4109705434973,-24.2801171248145));
#11647=CARTESIAN_POINT('',(72.0021030207504,93.8662077763757,-33.7288651795015));
#11648=CARTESIAN_POINT('',(72.0021030207504,90.8565241587001,-29.5190635782981));
#11649=CARTESIAN_POINT('',(72.0021030207504,94.805391754519,-32.8637712950786));
#11650=CARTESIAN_POINT('',(72.0021030207504,96.3315241587003,-34.1564119585687));
#11651=CARTESIAN_POINT('',(72.0021030207504,97.8576565628815,-32.8637712950786));
#11652=CARTESIAN_POINT('',(72.0021030207504,101.8065241587,-29.5190635782981));
#11653=CARTESIAN_POINT('',(72.0021030207504,98.7968405410242,-33.7288651795011));
#11654=CARTESIAN_POINT('',(72.0021030207504,104.252077773902,-24.2801171248145));
#11655=CARTESIAN_POINT('',(72.0021030207504,99.4887819982674,-32.5303874196927));
#11656=CARTESIAN_POINT('',(72.0021030207504,101.8065241587,-29.5190635782981));
#11657=CARTESIAN_POINT('',(72.0021030207504,102.30808582836,-33.2858176041842));
#11658=CARTESIAN_POINT('',(72.0021030207504,102.308085828359,-20.169063578298));
#11659=CARTESIAN_POINT('',(72.0021030207504,102.30808582836,-34.6697005186705));
#11660=CARTESIAN_POINT('',(72.0021030207504,101.8065241587,-29.5190635782981));
#11661=CARTESIAN_POINT('',(72.0021030207504,106.957161099073,-30.0206252479573));
#11662=CARTESIAN_POINT('',(72.0021030207504,97.1315241587001,-30.0206252479573));
#11663=CARTESIAN_POINT('',(72.0021030207504,105.573278184586,-30.0206252479573));
#11664=CARTESIAN_POINT('',(72.0021030207504,101.8065241587,-29.5190635782981));
#11665=CARTESIAN_POINT('',(72.0021030207504,73.7395777739018,-20.2314483621221));
#11666=CARTESIAN_POINT('',(72.0021030207504,71.5383633525263,-24.0440635782978));
#11667=CARTESIAN_POINT('',(72.0021030207504,69.6909090112096,-20.8441787944736));
#11668=CARTESIAN_POINT('',(72.0021030207504,70.4055360241526,-22.0819490893521));
#11669=CARTESIAN_POINT('',(72.0021030207504,68.9565241586991,-18.5690635782979));
#11670=CARTESIAN_POINT('',(72.0021030207504,72.4694096697533,-20.0180754437514));
#11671=CARTESIAN_POINT('',(72.0021030207504,72.7135549935287,-20.1590328121545));
#11672=CARTESIAN_POINT('',(72.0021030207504,74.4315241586991,-21.1509027721251));
#11673=CARTESIAN_POINT('',(72.0021030207504,76.1494933238694,-20.1590328121545));
#11674=CARTESIAN_POINT('',(72.0021030207504,76.3936386476451,-20.0180754437512));
#11675=CARTESIAN_POINT('',(72.0021030207504,79.9065241586995,-18.5690635782979));
#11676=CARTESIAN_POINT('',(72.0021030207504,78.4575122932455,-22.081949089352));
#11677=CARTESIAN_POINT('',(72.0021030207504,79.1721393061885,-20.8441787944736));
#11678=CARTESIAN_POINT('',(72.0021030207504,79.9065241586995,-29.5190635782979));
#11679=CARTESIAN_POINT('',(72.0021030207504,76.3936386476452,-28.0700517128445));
#11680=CARTESIAN_POINT('',(72.0021030207504,72.1008245611772,-25.5915943444412));
#11681=CARTESIAN_POINT('',(72.0021030207504,94.0008245611782,-25.5915943444414));
#11682=CARTESIAN_POINT('',(72.0021030207504,96.3315241587001,-26.9372243844708));
#11683=CARTESIAN_POINT('',(72.0021030207504,98.2936386476462,-28.0700517128447));
#11684=CARTESIAN_POINT('',(72.0021030207504,98.6622237562215,-25.5915943444414));
#11685=CARTESIAN_POINT('',(72.0021030207504,94.3694096697542,-28.0700517128443));
#11686=CARTESIAN_POINT('',(72.0021030207504,90.8565241587001,-29.5190635782981));
#11687=CARTESIAN_POINT('',(72.0021030207504,92.3055360241535,-26.0061780672438));
#11688=CARTESIAN_POINT('',(72.0021030207504,95.6395777739028,-20.2314483621223));
#11689=CARTESIAN_POINT('',(72.0021030207504,93.4383633525274,-24.0440635782978));
#11690=CARTESIAN_POINT('',(72.0021030207504,91.5909090112106,-20.8441787944738));
#11691=CARTESIAN_POINT('',(72.0021030207504,92.3055360241536,-22.0819490893523));
#11692=CARTESIAN_POINT('',(72.0021030207504,90.8565241587001,-18.5690635782981));
#11693=CARTESIAN_POINT('',(72.0021030207504,94.3694096697543,-20.0180754437516));
#11694=CARTESIAN_POINT('',(72.0021030207504,94.6135549935297,-20.1590328121547));
#11695=CARTESIAN_POINT('',(72.0021030207504,96.3315241587001,-21.1509027721253));
#11696=CARTESIAN_POINT('',(72.0021030207504,98.0494933238704,-20.1590328121547));
#11697=CARTESIAN_POINT('',(72.0021030207504,98.2936386476461,-20.0180754437514));
#11698=CARTESIAN_POINT('',(72.0021030207504,101.8065241587,-18.5690635782981));
#11699=CARTESIAN_POINT('',(72.0021030207504,100.357512293247,-22.0819490893522));
#11700=CARTESIAN_POINT('',(72.0021030207504,101.072139306189,-20.8441787944738));
#11701=CARTESIAN_POINT('',(72.0021030207504,99.2246849648727,-24.0440635782978));
#11702=CARTESIAN_POINT('',(72.0021030207504,97.0234705434973,-20.2314483621223));
#11703=CARTESIAN_POINT('',(72.0021030207504,100.357512293247,-26.006178067244));
#11704=CARTESIAN_POINT('',(72.0021030207504,101.8065241587,-29.5190635782981));
#11705=CARTESIAN_POINT('',(72.0021030207504,101.8065241587,-29.5190635782981));
#11706=CARTESIAN_POINT('',(72.0021030207504,101.8065241587,-31.5190635782981));
#11707=CARTESIAN_POINT('',(72.0021030207504,101.8065241587,-18.5690635782981));
#11708=CARTESIAN_POINT('',(72.0021030207504,101.8065241587,-20.5690635782981));
#11709=CARTESIAN_POINT('',(72.0021030207504,68.956524158699,-18.5690635782978));
#11710=CARTESIAN_POINT('',(72.0021030207504,68.956524158699,-20.5690635782978));
#11711=CARTESIAN_POINT('',(72.0021030207504,83.0508245611777,-25.5915943444413));
#11712=CARTESIAN_POINT('',(72.0021030207504,85.3815241586995,-26.9372243844705));
#11713=CARTESIAN_POINT('',(72.0021030207504,87.3436386476458,-28.0700517128447));
#11714=CARTESIAN_POINT('',(72.0021030207504,87.712223756221,-25.5915943444413));
#11715=CARTESIAN_POINT('',(72.0021030207504,83.4194096697537,-28.0700517128442));
#11716=CARTESIAN_POINT('',(72.0021030207504,79.9065241586995,-29.5190635782979));
#11717=CARTESIAN_POINT('',(72.0021030207504,80.6409090112101,-20.8441787944737));
#11718=CARTESIAN_POINT('',(72.0021030207504,81.3555360241531,-22.0819490893521));
#11719=CARTESIAN_POINT('',(72.0021030207504,79.9065241586995,-18.5690635782979));
#11720=CARTESIAN_POINT('',(72.0021030207504,83.4194096697537,-20.0180754437514));
#11721=CARTESIAN_POINT('',(72.0021030207504,83.6635549935292,-20.1590328121546));
#11722=CARTESIAN_POINT('',(72.0021030207504,85.3815241586995,-21.1509027721252));
#11723=CARTESIAN_POINT('',(72.0021030207504,87.0994933238699,-20.1590328121546));
#11724=CARTESIAN_POINT('',(72.0021030207504,87.3436386476457,-20.0180754437513));
#11725=CARTESIAN_POINT('',(72.0021030207504,90.8565241587001,-18.5690635782981));
#11726=CARTESIAN_POINT('',(72.0021030207504,89.407512293246,-22.0819490893521));
#11727=CARTESIAN_POINT('',(72.0021030207504,90.122139306189,-20.8441787944737));
#11728=CARTESIAN_POINT('',(72.0021030207504,88.2746849648723,-24.0440635782978));
#11729=CARTESIAN_POINT('',(72.0021030207504,86.0734705434968,-20.2314483621222));
#11730=CARTESIAN_POINT('',(72.0021030207504,89.4075122932462,-26.006178067244));
#11731=CARTESIAN_POINT('',(72.0021030207504,90.8565241587001,-29.5190635782981));
#11732=CARTESIAN_POINT('',(72.0021030207504,90.8565241587001,-29.5190635782981));
#11733=CARTESIAN_POINT('',(72.0021030207504,90.8565241587001,-31.5190635782981));
#11734=CARTESIAN_POINT('',(72.0021030207504,90.8565241587,-18.569063578298));
#11735=CARTESIAN_POINT('',(72.0021030207504,90.8565241587,-20.569063578298));
#11736=CARTESIAN_POINT('',(72.0021030207504,79.9065241586995,-29.5190635782979));
#11737=CARTESIAN_POINT('',(72.0021030207504,79.9065241586995,-31.5190635782979));
#11738=CARTESIAN_POINT('',(72.0021030207504,79.9065241586995,-18.5690635782979));
#11739=CARTESIAN_POINT('',(72.0021030207504,79.9065241586995,-20.5690635782979));
#11740=CARTESIAN_POINT('',(72.0021030207504,73.631524158699,-20.1690635782979));
#11741=CARTESIAN_POINT('',(70.7021030207504,71.1979327727377,-24.6337066389419));
#11742=CARTESIAN_POINT('',(70.7021030207504,71.5383633525264,-24.0440635782978));
#11743=CARTESIAN_POINT('',(36.5021030207504,71.5383633525264,-24.0440635782978));
#11744=CARTESIAN_POINT('',(104.00210302075,71.1979327727377,-24.6337066389419));
#11745=CARTESIAN_POINT('',(71.0021030207504,68.9565241586991,-29.5190635782979));
#11746=CARTESIAN_POINT('',(71.0021030207504,64.9654961101734,-24.8071297803885));
#11747=CARTESIAN_POINT('',(72.0021030207504,64.9654961101734,-24.8071297803885));
#11748=CARTESIAN_POINT('',(72.0021030207504,68.9565241586991,-29.5190635782979));
#11749=CARTESIAN_POINT('',(72.0021030207504,107.961120887287,-30.0206252479573));
#11750=CARTESIAN_POINT('',(71.0021030207504,107.961120887287,-30.0206252479573));
#11751=CARTESIAN_POINT('',(71.3021030207504,105.573278184586,-30.0206252479573));
#11752=CARTESIAN_POINT('',(72.0021030207504,106.957161099073,-30.0206252479573));
#11753=CARTESIAN_POINT('',(72.0021030207504,107.069895540579,-30.0206252479573));
#11754=CARTESIAN_POINT('',(71.9826857013467,107.184186617223,-30.0206252479573));
#11755=CARTESIAN_POINT('',(71.9454029309855,107.29057763816,-30.0206252479573));
#11756=CARTESIAN_POINT('',(71.9081163747231,107.396979462637,-30.0206252479573));
#11757=CARTESIAN_POINT('',(71.8519218734361,107.498418472655,-30.0206252479573));
#11758=CARTESIAN_POINT('',(71.7814350398637,107.586414164725,-30.0206252479573));
#11759=CARTESIAN_POINT('',(71.7111336470057,107.674178352794,-30.0206252479573));
#11760=CARTESIAN_POINT('',(71.6246622688194,107.750999181137,-30.0206252479573));
#11761=CARTESIAN_POINT('',(71.5291944173408,107.810419109437,-30.0206252479573));
#11762=CARTESIAN_POINT('',(71.4340886642257,107.869613664918,-30.0206252479573));
#11763=CARTESIAN_POINT('',(71.3274199353882,107.913176912671,-30.0206252479573));
#11764=CARTESIAN_POINT('',(71.2180575920703,107.937445772105,-30.0206252479573));
#11765=CARTESIAN_POINT('',(71.1473612489449,107.953134166864,-30.0206252479573));
#11766=CARTESIAN_POINT('',(71.074519169926,107.961120887287,-30.0206252479573));
#11767=CARTESIAN_POINT('',(71.0021030207504,107.961120887287,-30.0206252479573));
#11768=CARTESIAN_POINT('',(104.00210302075,107.158071681756,-30.0206252479573));
#11769=CARTESIAN_POINT('',(104.00210302075,104.817848000095,-27.2013214178653));
#11770=CARTESIAN_POINT('',(72.0021030207504,106.885780440875,-26.007400066515));
#11771=CARTESIAN_POINT('',(71.0021030207504,106.885780440875,-26.007400066515));
#11772=CARTESIAN_POINT('',(71.0021030207504,106.885780440875,-26.007400066515));
#11773=CARTESIAN_POINT('',(71.1137389848559,106.885780440875,-26.007400066515));
#11774=CARTESIAN_POINT('',(71.2269142714351,106.869073595194,-26.0170457683664));
#11775=CARTESIAN_POINT('',(71.3322518572674,106.837058971667,-26.0355294198779));
#11776=CARTESIAN_POINT('',(71.4375846560752,106.805045803031,-26.0540122314074));
#11777=CARTESIAN_POINT('',(71.5379814761499,106.756847918276,-26.0818392931452));
#11778=CARTESIAN_POINT('',(71.6251744918869,106.696481326939,-26.1166919609036));
#11779=CARTESIAN_POINT('',(71.7124837976019,106.636034224227,-26.1515911119261));
#11780=CARTESIAN_POINT('',(71.7889545227279,106.561729782541,-26.1944908013352));
#11781=CARTESIAN_POINT('',(71.8483453334242,106.479720105806,-26.2418391102745));
#11782=CARTESIAN_POINT('',(71.9079267193575,106.397447273653,-26.2893393520648));
#11783=CARTESIAN_POINT('',(71.9519568579792,106.305165246641,-26.3426184052019));
#11784=CARTESIAN_POINT('',(71.9768807718883,106.210479587963,-26.397285195728));
#11785=CARTESIAN_POINT('',(71.9935950245489,106.146982336758,-26.4339453508037));
#11786=CARTESIAN_POINT('',(72.0021030207504,106.081451988046,-26.471779315273));
#11787=CARTESIAN_POINT('',(72.0021030207504,106.016325759904,-26.5093799606222));
#11788=CARTESIAN_POINT('',(104.00210302075,104.117252043091,-27.6058106822346));
#11789=CARTESIAN_POINT('',(104.00210302075,101.8065241587,-29.5190635782981));
#11790=CARTESIAN_POINT('',(104.00210302075,102.308085828359,-33.2858176041842));
#11791=CARTESIAN_POINT('',(72.0021030207504,102.308085828359,-35.6736603068847));
#11792=CARTESIAN_POINT('',(71.0021030207504,102.308085828359,-35.6736603068847));
#11793=CARTESIAN_POINT('',(71.0021030207504,102.308085828359,-35.6736603068847));
#11794=CARTESIAN_POINT('',(71.1137389848559,102.308085828359,-35.6736603068847));
#11795=CARTESIAN_POINT('',(71.2269142714351,102.308085828359,-35.6543689031821));
#11796=CARTESIAN_POINT('',(71.3322518572674,102.308085828359,-35.6174016001589));
#11797=CARTESIAN_POINT('',(71.4375846560752,102.308085828359,-35.5804359771001));
#11798=CARTESIAN_POINT('',(71.5379814761499,102.308085828359,-35.5247818536245));
#11799=CARTESIAN_POINT('',(71.6251744918869,102.308085828359,-35.4550765181076));
#11800=CARTESIAN_POINT('',(71.7124837976019,102.308085828359,-35.3852782160627));
#11801=CARTESIAN_POINT('',(71.7889545227279,102.308085828359,-35.2994788372443));
#11802=CARTESIAN_POINT('',(71.8483453334242,102.308085828359,-35.2047822193658));
#11803=CARTESIAN_POINT('',(71.9079267193575,102.308085828359,-35.1097817357852));
#11804=CARTESIAN_POINT('',(71.9519568579792,102.308085828359,-35.0032236295111));
#11805=CARTESIAN_POINT('',(71.9768807718883,102.308085828359,-34.8938900484588));
#11806=CARTESIAN_POINT('',(71.9935950245489,102.308085828359,-34.8205697383073));
#11807=CARTESIAN_POINT('',(72.0021030207504,102.30808582836,-34.7449018093689));
#11808=CARTESIAN_POINT('',(72.0021030207504,102.30808582836,-34.6697005186705));
#11809=CARTESIAN_POINT('',(104.00210302075,102.308085828359,-32.476839075446));
#11810=CARTESIAN_POINT('',(72.0021030207504,98.2948606469174,-34.5983198604728));
#11811=CARTESIAN_POINT('',(71.0021030207504,98.2948606469174,-34.5983198604728));
#11812=CARTESIAN_POINT('',(71.3021030207504,99.4887819982677,-32.5303874196928));
#11813=CARTESIAN_POINT('',(72.0021030207504,98.7968405410242,-33.7288651795011));
#11814=CARTESIAN_POINT('',(72.0021030207504,98.740473320271,-33.8264960697272));
#11815=CARTESIAN_POINT('',(71.9826857013467,98.6833277819495,-33.9254750455265));
#11816=CARTESIAN_POINT('',(71.9454029309855,98.6301322714811,-34.0176123723924));
#11817=CARTESIAN_POINT('',(71.9081163747231,98.5769313592426,-34.1097590553983));
#11818=CARTESIAN_POINT('',(71.8519218734361,98.5262118542333,-34.1976078150093));
#11819=CARTESIAN_POINT('',(71.7814350398637,98.4822140081984,-34.2738143197653));
#11820=CARTESIAN_POINT('',(71.7111336470057,98.4383319141641,-34.3498203361753));
#11821=CARTESIAN_POINT('',(71.6246622688193,98.3999214999925,-34.4163491250601));
#11822=CARTESIAN_POINT('',(71.5291944173408,98.3702115358425,-34.467808292459));
#11823=CARTESIAN_POINT('',(71.4340886642257,98.3406142581019,-34.5190722812715));
#11824=CARTESIAN_POINT('',(71.3274199353882,98.3188326342255,-34.5567991604967));
#11825=CARTESIAN_POINT('',(71.2180575920703,98.3066982045086,-34.5778166092874));
#11826=CARTESIAN_POINT('',(71.1473612489449,98.2988540071288,-34.5914031576937));
#11827=CARTESIAN_POINT('',(71.074519169926,98.2948606469174,-34.5983198604728));
#11828=CARTESIAN_POINT('',(71.0021030207504,98.2948606469174,-34.5983198604728));
#11829=CARTESIAN_POINT('',(104.00210302075,98.6963852496825,-33.9028588479948));
#11830=CARTESIAN_POINT('',(104.00210302075,101.8065241587,-29.5190635782981));
#11831=CARTESIAN_POINT('',(104.00210302075,99.2246849648726,-24.0440635782978));
#11832=CARTESIAN_POINT('',(70.7021030207504,99.2246849648729,-24.0440635782978));
#11833=CARTESIAN_POINT('',(70.7021030207504,99.5651155446614,-24.6337066389421));
#11834=CARTESIAN_POINT('',(70.7021030207504,100.357512293247,-26.006178067244));
#11835=CARTESIAN_POINT('',(71.3021030207504,100.357512293247,-26.006178067244));
#11836=CARTESIAN_POINT('',(104.00210302075,99.5651155446614,-24.6337066389421));
#11837=CARTESIAN_POINT('',(70.7021030207504,101.8065241587,-29.5190635782981));
#11838=CARTESIAN_POINT('',(70.7021030207504,98.2936386476462,-28.0700517128447));
#11839=CARTESIAN_POINT('',(104.00210302075,98.2936386476461,-28.0700517128447));
#11840=CARTESIAN_POINT('',(104.00210302075,101.8065241587,-29.5190635782981));
#11841=CARTESIAN_POINT('',(70.7021030207504,101.8065241587,-29.5190635782981));
#11842=CARTESIAN_POINT('',(70.7021030207504,101.8065241587,-31.5190635782981));
#11843=CARTESIAN_POINT('',(27.0521030207504,101.8065241587,-29.5190635782981));
#11844=CARTESIAN_POINT('',(72.0021030207504,105.797552207226,-24.8071297803887));
#11845=CARTESIAN_POINT('',(71.0021030207504,105.797552207226,-24.8071297803887));
#11846=CARTESIAN_POINT('',(71.0021030207504,101.8065241587,-29.5190635782981));
#11847=CARTESIAN_POINT('',(72.0021030207504,101.8065241587,-29.5190635782981));
#11848=CARTESIAN_POINT('',(71.0021030207504,101.8065241587,-29.5190635782981));
#11849=CARTESIAN_POINT('',(71.0021030207504,97.0945903607909,-33.5100916268236));
#11850=CARTESIAN_POINT('',(72.0021030207504,97.0945903607909,-33.5100916268236));
#11851=CARTESIAN_POINT('',(72.0021030207504,101.8065241587,-29.5190635782981));
#11852=CARTESIAN_POINT('',(71.0021030207504,101.8065241587,-29.5190635782981));
#11853=CARTESIAN_POINT('',(72.0021030207504,101.8065241587,-29.5190635782981));
#11854=CARTESIAN_POINT('',(70.7021030207504,98.9942346046492,-28.4745409772136));
#11855=CARTESIAN_POINT('',(70.7021030207504,96.3315241587001,-26.9372243844708));
#11856=CARTESIAN_POINT('',(36.5021030207504,96.3315241587001,-26.9372243844708));
#11857=CARTESIAN_POINT('',(104.00210302075,98.9942346046492,-28.4745409772136));
#11858=CARTESIAN_POINT('',(70.7021030207504,101.8065241587,-18.5690635782981));
#11859=CARTESIAN_POINT('',(70.7021030207504,101.8065241587,-20.5690635782981));
#11860=CARTESIAN_POINT('',(27.0521030207504,101.8065241587,-18.5690635782981));
#11861=CARTESIAN_POINT('',(72.0021030207504,98.2948606469174,-13.4898072961234));
#11862=CARTESIAN_POINT('',(71.0021030207504,98.2948606469174,-13.4898072961234));
#11863=CARTESIAN_POINT('',(71.0021030207504,98.2948606469174,-13.4898072961234));
#11864=CARTESIAN_POINT('',(71.1137389848559,98.2948606469174,-13.4898072961234));
#11865=CARTESIAN_POINT('',(71.2269142714351,98.3045063487687,-13.5065141418045));
#11866=CARTESIAN_POINT('',(71.3322518572674,98.3229900002803,-13.538528765332));
#11867=CARTESIAN_POINT('',(71.4375846560752,98.3414728118097,-13.5705419339677));
#11868=CARTESIAN_POINT('',(71.5379814761499,98.3692998735475,-13.6187398187229));
#11869=CARTESIAN_POINT('',(71.6251744918869,98.4041525413059,-13.6791064100598));
#11870=CARTESIAN_POINT('',(71.7124837976019,98.4390516923284,-13.7395535127717));
#11871=CARTESIAN_POINT('',(71.7889545227279,98.4819513817376,-13.8138579544574));
#11872=CARTESIAN_POINT('',(71.8483453334242,98.5292996906768,-13.8958676311926));
#11873=CARTESIAN_POINT('',(71.9079267193575,98.5767999324671,-13.9781404633452));
#11874=CARTESIAN_POINT('',(71.9519568579792,98.6300789856042,-14.0704224903577));
#11875=CARTESIAN_POINT('',(71.9768807718882,98.6847457761303,-14.1651081490358));
#11876=CARTESIAN_POINT('',(71.9935950245489,98.7214059312061,-14.2286054002403));
#11877=CARTESIAN_POINT('',(72.0021030207504,98.7592398956752,-14.2941357489528));
#11878=CARTESIAN_POINT('',(72.0021030207504,98.7968405410244,-14.359261977095));
#11879=CARTESIAN_POINT('',(104.00210302075,99.4887819982677,-15.5577397369034));
#11880=CARTESIAN_POINT('',(104.00210302075,98.6963852496825,-14.1852683086014));
#11881=CARTESIAN_POINT('',(104.00210302075,102.308085828359,-14.802309552412));
#11882=CARTESIAN_POINT('',(104.00210302075,101.8065241587,-18.5690635782981));
#11883=CARTESIAN_POINT('',(72.0021030207504,102.308085828359,-13.4184266379257));
#11884=CARTESIAN_POINT('',(72.0021030207504,102.308085828359,-13.3056921964192));
#11885=CARTESIAN_POINT('',(71.9826857013467,102.308085828359,-13.1914011197756));
#11886=CARTESIAN_POINT('',(71.9454029309855,102.308085828359,-13.0850100988388));
#11887=CARTESIAN_POINT('',(71.9081163747231,102.308085828359,-12.978608274362));
#11888=CARTESIAN_POINT('',(71.8519218734361,102.308085828359,-12.8771692643433));
#11889=CARTESIAN_POINT('',(71.7814350398637,102.308085828359,-12.7891735722735));
#11890=CARTESIAN_POINT('',(71.7111336470057,102.308085828359,-12.7014093842049));
#11891=CARTESIAN_POINT('',(71.6246622688194,102.308085828359,-12.6245885558618));
#11892=CARTESIAN_POINT('',(71.5291944173408,102.308085828359,-12.5651686275618));
#11893=CARTESIAN_POINT('',(71.4340886642257,102.308085828359,-12.5059740720805));
#11894=CARTESIAN_POINT('',(71.3274199353882,102.308085828359,-12.4624108243278));
#11895=CARTESIAN_POINT('',(71.2180575920703,102.308085828359,-12.4381419648939));
#11896=CARTESIAN_POINT('',(71.1473612489449,102.308085828359,-12.4224535701343));
#11897=CARTESIAN_POINT('',(71.074519169926,102.308085828359,-12.4144668497115));
#11898=CARTESIAN_POINT('',(71.0021030207504,102.308085828359,-12.4144668497115));
#11899=CARTESIAN_POINT('',(71.0021030207504,102.308085828359,-12.4144668497115));
#11900=CARTESIAN_POINT('',(72.0021030207504,102.308085828359,-12.4144668497115));
#11901=CARTESIAN_POINT('',(104.00210302075,102.308085828359,-15.6112880811501));
#11902=CARTESIAN_POINT('',(71.0021030207504,101.8065241587,-18.5690635782981));
#11903=CARTESIAN_POINT('',(71.0021030207504,107.961120887287,-18.0675019086388));
#11904=CARTESIAN_POINT('',(72.0021030207504,107.961120887287,-18.0675019086388));
#11905=CARTESIAN_POINT('',(72.0021030207504,101.8065241587,-18.5690635782981));
#11906=CARTESIAN_POINT('',(71.0021030207504,107.961120887287,-18.0675019086388));
#11907=CARTESIAN_POINT('',(71.1137389848559,107.961120887287,-18.0675019086388));
#11908=CARTESIAN_POINT('',(71.2269142714351,107.941829483584,-18.0675019086388));
#11909=CARTESIAN_POINT('',(71.3322518572674,107.904862180561,-18.0675019086388));
#11910=CARTESIAN_POINT('',(71.4375846560752,107.867896557502,-18.0675019086388));
#11911=CARTESIAN_POINT('',(71.5379814761499,107.812242434027,-18.0675019086388));
#11912=CARTESIAN_POINT('',(71.6251744918869,107.74253709851,-18.0675019086388));
#11913=CARTESIAN_POINT('',(71.7124837976019,107.672738796465,-18.0675019086388));
#11914=CARTESIAN_POINT('',(71.7889545227279,107.586939417647,-18.0675019086388));
#11915=CARTESIAN_POINT('',(71.8483453334242,107.492242799768,-18.0675019086388));
#11916=CARTESIAN_POINT('',(71.9079267193575,107.397242316188,-18.0675019086388));
#11917=CARTESIAN_POINT('',(71.9519568579792,107.290684209913,-18.0675019086388));
#11918=CARTESIAN_POINT('',(71.9768807718883,107.181350628861,-18.0675019086388));
#11919=CARTESIAN_POINT('',(71.9935950245489,107.10803031871,-18.0675019086388));
#11920=CARTESIAN_POINT('',(72.0021030207504,107.032362389771,-18.0675019086388));
#11921=CARTESIAN_POINT('',(72.0021030207504,106.957161099073,-18.0675019086388));
#11922=CARTESIAN_POINT('',(104.00210302075,105.573278184586,-18.0675019086388));
#11923=CARTESIAN_POINT('',(104.00210302075,107.158071681756,-18.0675019086388));
#11924=CARTESIAN_POINT('',(104.00210302075,104.817848000095,-20.8868057387308));
#11925=CARTESIAN_POINT('',(104.00210302075,101.8065241587,-18.5690635782981));
#11926=CARTESIAN_POINT('',(72.0021030207504,106.016325759904,-21.5787471959739));
#11927=CARTESIAN_POINT('',(72.0021030207504,106.11395665013,-21.6351144167271));
#11928=CARTESIAN_POINT('',(71.9826857013467,106.212935625929,-21.692259955049));
#11929=CARTESIAN_POINT('',(71.9454029309855,106.305072952795,-21.7454554655174));
#11930=CARTESIAN_POINT('',(71.9081163747231,106.397219635801,-21.7986563777558));
#11931=CARTESIAN_POINT('',(71.8519218734361,106.485068395412,-21.8493758827652));
#11932=CARTESIAN_POINT('',(71.7814350398637,106.561274900168,-21.8933737288001));
#11933=CARTESIAN_POINT('',(71.7111336470057,106.637280916578,-21.9372558228344));
#11934=CARTESIAN_POINT('',(71.6246622688194,106.703809705463,-21.9756662370059));
#11935=CARTESIAN_POINT('',(71.5291944173408,106.755268872861,-22.0053762011559));
#11936=CARTESIAN_POINT('',(71.4340886642257,106.806532861674,-22.0349734788966));
#11937=CARTESIAN_POINT('',(71.3274199353882,106.844259740899,-22.0567551027729));
#11938=CARTESIAN_POINT('',(71.2180575920703,106.86527718969,-22.0688895324899));
#11939=CARTESIAN_POINT('',(71.1473612489449,106.878863738096,-22.0767337298697));
#11940=CARTESIAN_POINT('',(71.074519169926,106.885780440875,-22.0807270900811));
#11941=CARTESIAN_POINT('',(71.0021030207504,106.885780440875,-22.0807270900811));
#11942=CARTESIAN_POINT('',(71.0021030207504,106.885780440875,-22.0807270900811));
#11943=CARTESIAN_POINT('',(72.0021030207504,106.885780440875,-22.0807270900811));
#11944=CARTESIAN_POINT('',(104.00210302075,104.117252043091,-20.4823164743615));
#11945=CARTESIAN_POINT('',(71.0021030207504,101.8065241587,-18.5690635782981));
#11946=CARTESIAN_POINT('',(71.0021030207504,105.797552207226,-23.2809973762075));
#11947=CARTESIAN_POINT('',(72.0021030207504,105.797552207226,-23.2809973762075));
#11948=CARTESIAN_POINT('',(72.0021030207504,101.8065241587,-18.5690635782981));
#11949=CARTESIAN_POINT('',(70.7021030207504,99.5651155446614,-23.454420517654));
#11950=CARTESIAN_POINT('',(70.7021030207504,100.357512293247,-22.0819490893522));
#11951=CARTESIAN_POINT('',(104.00210302075,100.357512293247,-22.0819490893522));
#11952=CARTESIAN_POINT('',(104.00210302075,99.5651155446614,-23.454420517654));
#11953=CARTESIAN_POINT('',(70.7021030207504,101.8065241587,-18.5690635782981));
#11954=CARTESIAN_POINT('',(70.7021030207504,98.2936386476461,-20.0180754437515));
#11955=CARTESIAN_POINT('',(104.00210302075,98.2936386476461,-20.0180754437515));
#11956=CARTESIAN_POINT('',(104.00210302075,101.8065241587,-18.5690635782981));
#11957=CARTESIAN_POINT('',(72.0021030207504,97.0945903607909,-14.5780355297726));
#11958=CARTESIAN_POINT('',(71.0021030207504,97.0945903607909,-14.5780355297726));
#11959=CARTESIAN_POINT('',(71.0021030207504,101.8065241587,-18.5690635782981));
#11960=CARTESIAN_POINT('',(72.0021030207504,101.8065241587,-18.5690635782981));
#11961=CARTESIAN_POINT('',(70.7021030207504,98.9942346046492,-19.6135861793826));
#11962=CARTESIAN_POINT('',(70.7021030207504,96.3315241587001,-21.1509027721254));
#11963=CARTESIAN_POINT('',(104.00210302075,96.3315241587001,-21.1509027721253));
#11964=CARTESIAN_POINT('',(104.00210302075,98.9942346046492,-19.6135861793826));
#11965=CARTESIAN_POINT('',(72.0021030207504,64.9654961101734,-23.2809973762073));
#11966=CARTESIAN_POINT('',(71.0021030207504,64.9654961101734,-23.2809973762073));
#11967=CARTESIAN_POINT('',(71.0021030207504,68.956524158699,-18.5690635782978));
#11968=CARTESIAN_POINT('',(71.0021030207504,63.8772678765241,-22.0807270900806));
#11969=CARTESIAN_POINT('',(72.0021030207504,63.8772678765241,-22.0807270900806));
#11970=CARTESIAN_POINT('',(72.0021030207504,68.956524158699,-18.5690635782978));
#11971=CARTESIAN_POINT('',(104.00210302075,65.9452003173041,-20.8868057387303));
#11972=CARTESIAN_POINT('',(71.0021030207504,63.8772678765241,-22.0807270900806));
#11973=CARTESIAN_POINT('',(71.1137389848559,63.8772678765241,-22.0807270900806));
#11974=CARTESIAN_POINT('',(71.2269142714351,63.8939747222052,-22.0710813882293));
#11975=CARTESIAN_POINT('',(71.3322518572674,63.9259893457327,-22.0525977367177));
#11976=CARTESIAN_POINT('',(71.4375846560752,63.9580025143684,-22.0341149251883));
#11977=CARTESIAN_POINT('',(71.5379814761499,64.0062003991236,-22.0062878634505));
#11978=CARTESIAN_POINT('',(71.6251744918869,64.0665669904605,-21.971435195692));
#11979=CARTESIAN_POINT('',(71.7124837976019,64.1270140931724,-21.9365360446696));
#11980=CARTESIAN_POINT('',(71.7889545227279,64.2013185348581,-21.8936363552604));
#11981=CARTESIAN_POINT('',(71.8483453334242,64.2833282115933,-21.8462880463212));
#11982=CARTESIAN_POINT('',(71.9079267193575,64.3656010437459,-21.7987878045309));
#11983=CARTESIAN_POINT('',(71.9519568579792,64.4578830707585,-21.7455087513938));
#11984=CARTESIAN_POINT('',(71.9768807718883,64.5525687294365,-21.6908419608676));
#11985=CARTESIAN_POINT('',(71.9935950245489,64.616065980641,-21.6541818057919));
#11986=CARTESIAN_POINT('',(72.0021030207504,64.6815963293534,-21.6163478413227));
#11987=CARTESIAN_POINT('',(72.0021030207504,64.7467225574956,-21.5787471959735));
#11988=CARTESIAN_POINT('',(104.00210302075,66.6457962743074,-20.4823164743613));
#11989=CARTESIAN_POINT('',(71.3021030207504,65.1897701328131,-18.0675019086386));
#11990=CARTESIAN_POINT('',(104.00210302075,68.9565241586991,-18.5690635782979));
#11991=CARTESIAN_POINT('',(72.0021030207504,62.8019274301124,-18.0675019086386));
#11992=CARTESIAN_POINT('',(71.0021030207504,62.8019274301124,-18.0675019086386));
#11993=CARTESIAN_POINT('',(72.0021030207504,63.8058872183266,-18.0675019086386));
#11994=CARTESIAN_POINT('',(72.0021030207504,63.6931527768201,-18.0675019086386));
#11995=CARTESIAN_POINT('',(71.9826857013467,63.5788617001766,-18.0675019086386));
#11996=CARTESIAN_POINT('',(71.9454029309855,63.4724706792398,-18.0675019086386));
#11997=CARTESIAN_POINT('',(71.9081163747231,63.3660688547629,-18.0675019086386));
#11998=CARTESIAN_POINT('',(71.8519218734361,63.2646298447443,-18.0675019086386));
#11999=CARTESIAN_POINT('',(71.7814350398637,63.1766341526745,-18.0675019086386));
#12000=CARTESIAN_POINT('',(71.7111336470057,63.0888699646058,-18.0675019086386));
#12001=CARTESIAN_POINT('',(71.6246622688194,63.0120491362627,-18.0675019086386));
#12002=CARTESIAN_POINT('',(71.5291944173408,62.9526292079627,-18.0675019086386));
#12003=CARTESIAN_POINT('',(71.4340886642257,62.8934346524815,-18.0675019086386));
#12004=CARTESIAN_POINT('',(71.3274199353882,62.8498714047287,-18.0675019086386));
#12005=CARTESIAN_POINT('',(71.2180575920703,62.8256025452948,-18.0675019086386));
#12006=CARTESIAN_POINT('',(71.1473612489449,62.8099141505352,-18.0675019086386));
#12007=CARTESIAN_POINT('',(71.074519169926,62.8019274301124,-18.0675019086386));
#12008=CARTESIAN_POINT('',(71.0021030207504,62.8019274301124,-18.0675019086386));
#12009=CARTESIAN_POINT('',(104.00210302075,63.6049766356429,-18.0675019086386));
#12010=CARTESIAN_POINT('',(71.0021030207504,68.956524158699,-18.5690635782978));
#12011=CARTESIAN_POINT('',(71.0021030207504,68.4549624890398,-12.4144668497112));
#12012=CARTESIAN_POINT('',(72.0021030207504,68.4549624890398,-12.4144668497112));
#12013=CARTESIAN_POINT('',(72.0021030207504,68.956524158699,-18.5690635782978));
#12014=CARTESIAN_POINT('',(104.00210302075,68.4549624890398,-14.8023095524119));
#12015=CARTESIAN_POINT('',(71.0021030207504,68.4549624890398,-12.4144668497112));
#12016=CARTESIAN_POINT('',(71.1137389848559,68.4549624890398,-12.4144668497112));
#12017=CARTESIAN_POINT('',(71.2269142714351,68.4549624890398,-12.4337582534138));
#12018=CARTESIAN_POINT('',(71.3322518572674,68.4549624890398,-12.470725556437));
#12019=CARTESIAN_POINT('',(71.4375846560752,68.4549624890398,-12.5076911794959));
#12020=CARTESIAN_POINT('',(71.5379814761499,68.4549624890398,-12.5633453029714));
#12021=CARTESIAN_POINT('',(71.6251744918869,68.4549624890398,-12.6330506384883));
#12022=CARTESIAN_POINT('',(71.7124837976019,68.4549624890398,-12.7028489405332));
#12023=CARTESIAN_POINT('',(71.7889545227279,68.4549624890398,-12.7886483193516));
#12024=CARTESIAN_POINT('',(71.8483453334242,68.4549624890398,-12.8833449372301));
#12025=CARTESIAN_POINT('',(71.9079267193575,68.4549624890398,-12.9783454208107));
#12026=CARTESIAN_POINT('',(71.9519568579792,68.4549624890398,-13.0849035270848));
#12027=CARTESIAN_POINT('',(71.9768807718883,68.4549624890398,-13.1942371081371));
#12028=CARTESIAN_POINT('',(71.9935950245489,68.4549624890398,-13.2675574182886));
#12029=CARTESIAN_POINT('',(72.0021030207504,68.4549624890398,-13.343225347227));
#12030=CARTESIAN_POINT('',(72.0021030207504,68.4549624890398,-13.4184266379254));
#12031=CARTESIAN_POINT('',(104.00210302075,68.4549624890398,-15.6112880811499));
#12032=CARTESIAN_POINT('',(71.3021030207504,71.2742663191315,-15.5577397369029));
#12033=CARTESIAN_POINT('',(104.00210302075,68.9565241586991,-18.5690635782979));
#12034=CARTESIAN_POINT('',(70.7021030207504,68.956524158699,-18.5690635782978));
#12035=CARTESIAN_POINT('',(70.7021030207504,68.956524158699,-20.5690635782978));
#12036=CARTESIAN_POINT('',(27.0521030207504,68.956524158699,-18.5690635782978));
#12037=CARTESIAN_POINT('',(70.7021030207504,68.9565241586991,-18.5690635782979));
#12038=CARTESIAN_POINT('',(70.7021030207504,72.4694096697533,-20.0180754437515));
#12039=CARTESIAN_POINT('',(70.7021030207504,70.4055360241527,-22.0819490893521));
#12040=CARTESIAN_POINT('',(104.00210302075,72.4694096697533,-20.0180754437515));
#12041=CARTESIAN_POINT('',(71.3021030207504,70.4055360241527,-22.0819490893521));
#12042=CARTESIAN_POINT('',(104.00210302075,68.9565241586991,-18.5690635782979));
#12043=CARTESIAN_POINT('',(70.7021030207504,71.1979327727377,-23.4544205176538));
#12044=CARTESIAN_POINT('',(104.00210302075,71.1979327727377,-23.4544205176538));
#12045=CARTESIAN_POINT('',(72.0021030207504,72.4681876704818,-13.4898072961229));
#12046=CARTESIAN_POINT('',(71.0021030207504,72.4681876704818,-13.4898072961229));
#12047=CARTESIAN_POINT('',(72.0021030207504,71.9662077763747,-14.3592619770944));
#12048=CARTESIAN_POINT('',(72.0021030207504,72.022574997128,-14.2616310868684));
#12049=CARTESIAN_POINT('',(71.9826857013467,72.0797205354498,-14.1626521110692));
#12050=CARTESIAN_POINT('',(71.9454029309855,72.1329160459182,-14.0705147842033));
#12051=CARTESIAN_POINT('',(71.9081163747231,72.1861169581566,-13.9783681011974));
#12052=CARTESIAN_POINT('',(71.8519218734361,72.2368364631659,-13.8905193415865));
#12053=CARTESIAN_POINT('',(71.7814350398637,72.2808343092008,-13.8143128368304));
#12054=CARTESIAN_POINT('',(71.7111336470057,72.3247164032351,-13.7383068204205));
#12055=CARTESIAN_POINT('',(71.6246622688194,72.3631268174067,-13.6717780315356));
#12056=CARTESIAN_POINT('',(71.5291944173408,72.3928367815567,-13.6203188641367));
#12057=CARTESIAN_POINT('',(71.4340886642257,72.4224340592973,-13.5690548753242));
#12058=CARTESIAN_POINT('',(71.3274199353882,72.4442156831737,-13.531327996099));
#12059=CARTESIAN_POINT('',(71.2180575920703,72.4563501128906,-13.5103105473084));
#12060=CARTESIAN_POINT('',(71.1473612489449,72.4641943102704,-13.496723998902));
#12061=CARTESIAN_POINT('',(71.074519169926,72.4681876704818,-13.4898072961229));
#12062=CARTESIAN_POINT('',(71.0021030207504,72.4681876704818,-13.4898072961229));
#12063=CARTESIAN_POINT('',(104.00210302075,72.0666630677166,-14.1852683086012));
#12064=CARTESIAN_POINT('',(71.0021030207504,68.956524158699,-18.5690635782978));
#12065=CARTESIAN_POINT('',(71.0021030207504,73.6684579566087,-14.5780355297724));
#12066=CARTESIAN_POINT('',(72.0021030207504,73.6684579566087,-14.5780355297724));
#12067=CARTESIAN_POINT('',(72.0021030207504,68.956524158699,-18.5690635782978));
#12068=CARTESIAN_POINT('',(70.7021030207504,71.7688137127499,-19.6135861793824));
#12069=CARTESIAN_POINT('',(70.7021030207504,74.4315241586991,-21.1509027721252));
#12070=CARTESIAN_POINT('',(104.00210302075,74.4315241586991,-21.1509027721252));
#12071=CARTESIAN_POINT('',(104.00210302075,71.7688137127499,-19.6135861793824));
#12072=CARTESIAN_POINT('',(104.00210302075,93.1742663191325,-32.5303874196931));
#12073=CARTESIAN_POINT('',(71.3021030207504,88.5387819982672,-32.5303874196927));
#12074=CARTESIAN_POINT('',(104.00210302075,90.8565241587001,-29.5190635782981));
#12075=CARTESIAN_POINT('',(72.0021030207504,87.3448606469169,-34.5983198604727));
#12076=CARTESIAN_POINT('',(71.0021030207504,87.3448606469169,-34.5983198604727));
#12077=CARTESIAN_POINT('',(72.0021030207504,87.8468405410237,-33.728865179501));
#12078=CARTESIAN_POINT('',(72.0021030207504,87.7904733202705,-33.8264960697271));
#12079=CARTESIAN_POINT('',(71.9826857013467,87.733327781949,-33.9254750455264));
#12080=CARTESIAN_POINT('',(71.9454029309855,87.6801322714806,-34.0176123723923));
#12081=CARTESIAN_POINT('',(71.9081163747231,87.6269313592421,-34.1097590553982));
#12082=CARTESIAN_POINT('',(71.8519218734361,87.5762118542328,-34.1976078150092));
#12083=CARTESIAN_POINT('',(71.7814350398637,87.5322140081979,-34.2738143197652));
#12084=CARTESIAN_POINT('',(71.7111336470057,87.4883319141636,-34.3498203361752));
#12085=CARTESIAN_POINT('',(71.6246622688193,87.449921499992,-34.41634912506));
#12086=CARTESIAN_POINT('',(71.5291944173408,87.420211535842,-34.4678082924589));
#12087=CARTESIAN_POINT('',(71.4340886642256,87.3906142581014,-34.5190722812714));
#12088=CARTESIAN_POINT('',(71.3274199353882,87.368832634225,-34.5567991604966));
#12089=CARTESIAN_POINT('',(71.2180575920703,87.3566982045081,-34.5778166092873));
#12090=CARTESIAN_POINT('',(71.1473612489449,87.3488540071283,-34.5914031576936));
#12091=CARTESIAN_POINT('',(71.074519169926,87.3448606469169,-34.5983198604727));
#12092=CARTESIAN_POINT('',(71.0021030207504,87.3448606469169,-34.5983198604727));
#12093=CARTESIAN_POINT('',(104.00210302075,87.746385249682,-33.9028588479947));
#12094=CARTESIAN_POINT('',(71.0021030207504,90.8565241587,-29.519063578298));
#12095=CARTESIAN_POINT('',(71.0021030207504,86.1445903607904,-33.5100916268235));
#12096=CARTESIAN_POINT('',(72.0021030207504,86.1445903607904,-33.5100916268235));
#12097=CARTESIAN_POINT('',(72.0021030207504,90.8565241587,-29.519063578298));
#12098=CARTESIAN_POINT('',(104.00210302075,87.3436386476458,-28.0700517128447));
#12099=CARTESIAN_POINT('',(70.7021030207504,87.3436386476458,-28.0700517128447));
#12100=CARTESIAN_POINT('',(70.7021030207504,88.0442346046487,-28.4745409772135));
#12101=CARTESIAN_POINT('',(70.7021030207504,85.3815241586995,-26.9372243844707));
#12102=CARTESIAN_POINT('',(36.5021030207504,85.3815241586995,-26.9372243844707));
#12103=CARTESIAN_POINT('',(104.00210302075,88.0442346046487,-28.4745409772135));
#12104=CARTESIAN_POINT('',(70.7021030207504,90.8565241587001,-29.5190635782981));
#12105=CARTESIAN_POINT('',(70.7021030207504,89.4075122932461,-26.006178067244));
#12106=CARTESIAN_POINT('',(71.3021030207504,89.4075122932461,-26.006178067244));
#12107=CARTESIAN_POINT('',(104.00210302075,90.8565241587001,-29.5190635782981));
#12108=CARTESIAN_POINT('',(104.00210302075,88.2746849648722,-24.0440635782978));
#12109=CARTESIAN_POINT('',(70.7021030207504,88.2746849648723,-24.0440635782978));
#12110=CARTESIAN_POINT('',(70.7021030207504,88.6151155446609,-24.633706638942));
#12111=CARTESIAN_POINT('',(104.00210302075,88.6151155446609,-24.633706638942));
#12112=CARTESIAN_POINT('',(70.7021030207504,90.8565241587001,-29.5190635782981));
#12113=CARTESIAN_POINT('',(70.7021030207504,90.8565241587001,-31.5190635782981));
#12114=CARTESIAN_POINT('',(27.0521030207504,90.8565241587001,-29.5190635782981));
#12115=CARTESIAN_POINT('',(72.0021030207504,94.3681876704828,-34.5983198604731));
#12116=CARTESIAN_POINT('',(71.0021030207504,94.3681876704828,-34.5983198604731));
#12117=CARTESIAN_POINT('',(71.0021030207504,94.3681876704828,-34.5983198604731));
#12118=CARTESIAN_POINT('',(71.1137389848559,94.3681876704828,-34.5983198604731));
#12119=CARTESIAN_POINT('',(71.2269142714351,94.3585419686315,-34.581613014792));
#12120=CARTESIAN_POINT('',(71.3322518572674,94.3400583171199,-34.5495983912645));
#12121=CARTESIAN_POINT('',(71.4375846560752,94.3215755055905,-34.5175852226288));
#12122=CARTESIAN_POINT('',(71.5379814761499,94.2937484438527,-34.4693873378736));
#12123=CARTESIAN_POINT('',(71.6251744918869,94.2588957760942,-34.4090207465366));
#12124=CARTESIAN_POINT('',(71.7124837976019,94.2239966250718,-34.3485736438247));
#12125=CARTESIAN_POINT('',(71.7889545227279,94.1810969356626,-34.2742692021391));
#12126=CARTESIAN_POINT('',(71.8483453334242,94.1337486267233,-34.1922595254038));
#12127=CARTESIAN_POINT('',(71.9079267193575,94.0862483849331,-34.1099866932513));
#12128=CARTESIAN_POINT('',(71.9519568579792,94.032969331796,-34.0177046662387));
#12129=CARTESIAN_POINT('',(71.9768807718883,93.9783025412698,-33.9230190075607));
#12130=CARTESIAN_POINT('',(71.9935950245489,93.9416423861941,-33.8595217563562));
#12131=CARTESIAN_POINT('',(72.0021030207504,93.9038084217249,-33.7939914076437));
#12132=CARTESIAN_POINT('',(72.0021030207504,93.8662077763757,-33.7288651795015));
#12133=CARTESIAN_POINT('',(104.00210302075,93.9666630677176,-33.9028588479948));
#12134=CARTESIAN_POINT('',(70.7021030207504,90.8565241587001,-29.5190635782981));
#12135=CARTESIAN_POINT('',(70.7021030207504,92.3055360241536,-26.0061780672439));
#12136=CARTESIAN_POINT('',(70.7021030207504,94.3694096697542,-28.0700517128444));
#12137=CARTESIAN_POINT('',(104.00210302075,92.3055360241536,-26.0061780672439));
#12138=CARTESIAN_POINT('',(104.00210302075,94.3694096697543,-28.0700517128445));
#12139=CARTESIAN_POINT('',(104.00210302075,90.8565241587001,-29.5190635782981));
#12140=CARTESIAN_POINT('',(70.7021030207504,93.0979327727387,-24.6337066389421));
#12141=CARTESIAN_POINT('',(70.7021030207504,93.4383633525272,-24.0440635782978));
#12142=CARTESIAN_POINT('',(36.5021030207504,93.4383633525275,-24.0440635782978));
#12143=CARTESIAN_POINT('',(104.00210302075,93.0979327727387,-24.6337066389421));
#12144=CARTESIAN_POINT('',(70.7021030207504,93.6688137127509,-28.4745409772136));
#12145=CARTESIAN_POINT('',(104.00210302075,93.6688137127509,-28.4745409772136));
#12146=CARTESIAN_POINT('',(72.0021030207504,95.5684579566096,-33.5100916268236));
#12147=CARTESIAN_POINT('',(71.0021030207504,95.5684579566096,-33.5100916268236));
#12148=CARTESIAN_POINT('',(71.0021030207504,90.8565241587001,-29.5190635782981));
#12149=CARTESIAN_POINT('',(72.0021030207504,90.8565241587001,-29.5190635782981));
#12150=CARTESIAN_POINT('',(70.7021030207504,90.8565241587,-18.569063578298));
#12151=CARTESIAN_POINT('',(70.7021030207504,90.8565241587,-20.569063578298));
#12152=CARTESIAN_POINT('',(27.0521030207504,90.8565241587,-18.569063578298));
#12153=CARTESIAN_POINT('',(72.0021030207504,87.3448606469169,-13.4898072961233));
#12154=CARTESIAN_POINT('',(71.0021030207504,87.3448606469169,-13.4898072961233));
#12155=CARTESIAN_POINT('',(71.0021030207504,87.3448606469169,-13.4898072961233));
#12156=CARTESIAN_POINT('',(71.1137389848559,87.3448606469169,-13.4898072961233));
#12157=CARTESIAN_POINT('',(71.2269142714351,87.3545063487682,-13.5065141418044));
#12158=CARTESIAN_POINT('',(71.3322518572674,87.3729900002798,-13.5385287653319));
#12159=CARTESIAN_POINT('',(71.4375846560752,87.3914728118092,-13.5705419339676));
#12160=CARTESIAN_POINT('',(71.5379814761499,87.419299873547,-13.6187398187228));
#12161=CARTESIAN_POINT('',(71.6251744918869,87.4541525413054,-13.6791064100597));
#12162=CARTESIAN_POINT('',(71.7124837976019,87.4890516923279,-13.7395535127716));
#12163=CARTESIAN_POINT('',(71.7889545227279,87.5319513817371,-13.8138579544573));
#12164=CARTESIAN_POINT('',(71.8483453334242,87.5792996906764,-13.8958676311925));
#12165=CARTESIAN_POINT('',(71.9079267193575,87.6267999324666,-13.9781404633451));
#12166=CARTESIAN_POINT('',(71.9519568579792,87.6800789856037,-14.0704224903577));
#12167=CARTESIAN_POINT('',(71.9768807718883,87.7347457761298,-14.1651081490357));
#12168=CARTESIAN_POINT('',(71.9935950245489,87.7714059312056,-14.2286054002402));
#12169=CARTESIAN_POINT('',(72.0021030207504,87.8092398956747,-14.2941357489527));
#12170=CARTESIAN_POINT('',(72.0021030207504,87.8468405410239,-14.3592619770949));
#12171=CARTESIAN_POINT('',(71.3021030207504,88.5387819982673,-15.5577397369034));
#12172=CARTESIAN_POINT('',(104.00210302075,87.746385249682,-14.1852683086013));
#12173=CARTESIAN_POINT('',(104.00210302075,93.1742663191325,-15.5577397369031));
#12174=CARTESIAN_POINT('',(104.00210302075,90.8565241587001,-18.5690635782981));
#12175=CARTESIAN_POINT('',(72.0021030207504,94.3681876704828,-13.4898072961231));
#12176=CARTESIAN_POINT('',(71.0021030207504,94.3681876704828,-13.4898072961231));
#12177=CARTESIAN_POINT('',(72.0021030207504,93.8662077763757,-14.3592619770946));
#12178=CARTESIAN_POINT('',(72.0021030207504,93.9225749971289,-14.2616310868686));
#12179=CARTESIAN_POINT('',(71.9826857013467,93.9797205354507,-14.1626521110694));
#12180=CARTESIAN_POINT('',(71.9454029309855,94.0329160459191,-14.0705147842035));
#12181=CARTESIAN_POINT('',(71.9081163747231,94.0861169581575,-13.9783681011976));
#12182=CARTESIAN_POINT('',(71.8519218734361,94.1368364631669,-13.8905193415867));
#12183=CARTESIAN_POINT('',(71.7814350398637,94.1808343092018,-13.8143128368306));
#12184=CARTESIAN_POINT('',(71.7111336470057,94.2247164032361,-13.7383068204207));
#12185=CARTESIAN_POINT('',(71.6246622688193,94.2631268174076,-13.6717780315358));
#12186=CARTESIAN_POINT('',(71.5291944173408,94.2928367815577,-13.6203188641369));
#12187=CARTESIAN_POINT('',(71.4340886642257,94.3224340592983,-13.5690548753244));
#12188=CARTESIAN_POINT('',(71.3274199353882,94.3442156831747,-13.5313279960992));
#12189=CARTESIAN_POINT('',(71.2180575920703,94.3563501128916,-13.5103105473086));
#12190=CARTESIAN_POINT('',(71.1473612489449,94.3641943102714,-13.4967239989022));
#12191=CARTESIAN_POINT('',(71.074519169926,94.3681876704828,-13.4898072961231));
#12192=CARTESIAN_POINT('',(71.0021030207504,94.3681876704828,-13.4898072961231));
#12193=CARTESIAN_POINT('',(104.00210302075,93.9666630677176,-14.1852683086014));
#12194=CARTESIAN_POINT('',(104.00210302075,94.3694096697543,-20.0180754437517));
#12195=CARTESIAN_POINT('',(70.7021030207504,94.3694096697543,-20.0180754437516));
#12196=CARTESIAN_POINT('',(70.7021030207504,93.6688137127509,-19.6135861793826));
#12197=CARTESIAN_POINT('',(104.00210302075,93.6688137127509,-19.6135861793826));
#12198=CARTESIAN_POINT('',(70.7021030207504,90.8565241587001,-18.5690635782981));
#12199=CARTESIAN_POINT('',(70.7021030207504,92.3055360241537,-22.0819490893523));
#12200=CARTESIAN_POINT('',(71.3021030207504,92.3055360241537,-22.0819490893523));
#12201=CARTESIAN_POINT('',(104.00210302075,90.8565241587001,-18.5690635782981));
#12202=CARTESIAN_POINT('',(70.7021030207504,93.0979327727387,-23.454420517654));
#12203=CARTESIAN_POINT('',(104.00210302075,93.0979327727387,-23.454420517654));
#12204=CARTESIAN_POINT('',(70.7021030207504,88.6151155446609,-23.4544205176539));
#12205=CARTESIAN_POINT('',(70.7021030207504,89.407512293246,-22.0819490893521));
#12206=CARTESIAN_POINT('',(104.00210302075,89.407512293246,-22.0819490893521));
#12207=CARTESIAN_POINT('',(104.00210302075,88.6151155446609,-23.4544205176539));
#12208=CARTESIAN_POINT('',(70.7021030207504,90.8565241587001,-18.5690635782981));
#12209=CARTESIAN_POINT('',(70.7021030207504,87.3436386476457,-20.0180754437513));
#12210=CARTESIAN_POINT('',(104.00210302075,87.3436386476457,-20.0180754437513));
#12211=CARTESIAN_POINT('',(104.00210302075,90.8565241587001,-18.5690635782981));
#12212=CARTESIAN_POINT('',(71.0021030207504,90.8565241587,-18.569063578298));
#12213=CARTESIAN_POINT('',(71.0021030207504,95.5684579566096,-14.5780355297726));
#12214=CARTESIAN_POINT('',(72.0021030207504,95.5684579566096,-14.5780355297726));
#12215=CARTESIAN_POINT('',(72.0021030207504,90.8565241587,-18.569063578298));
#12216=CARTESIAN_POINT('',(70.7021030207504,88.0442346046487,-19.6135861793825));
#12217=CARTESIAN_POINT('',(70.7021030207504,85.3815241586995,-21.1509027721252));
#12218=CARTESIAN_POINT('',(104.00210302075,85.3815241586995,-21.1509027721253));
#12219=CARTESIAN_POINT('',(104.00210302075,88.0442346046487,-19.6135861793825));
#12220=CARTESIAN_POINT('',(72.0021030207504,86.1445903607904,-14.5780355297725));
#12221=CARTESIAN_POINT('',(71.0021030207504,86.1445903607904,-14.5780355297725));
#12222=CARTESIAN_POINT('',(71.0021030207504,90.8565241587,-18.569063578298));
#12223=CARTESIAN_POINT('',(72.0021030207504,90.8565241587,-18.569063578298));
#12224=CARTESIAN_POINT('',(71.3021030207504,82.224266319132,-32.5303874196929));
#12225=CARTESIAN_POINT('',(104.00210302075,77.5887819982667,-32.5303874196926));
#12226=CARTESIAN_POINT('',(104.00210302075,79.9065241586995,-29.5190635782979));
#12227=CARTESIAN_POINT('',(72.0021030207504,76.3948606469164,-34.5983198604726));
#12228=CARTESIAN_POINT('',(71.0021030207504,76.3948606469164,-34.5983198604726));
#12229=CARTESIAN_POINT('',(72.0021030207504,76.8968405410233,-33.7288651795009));
#12230=CARTESIAN_POINT('',(72.0021030207504,76.84047332027,-33.826496069727));
#12231=CARTESIAN_POINT('',(71.9826857013467,76.7833277819485,-33.9254750455263));
#12232=CARTESIAN_POINT('',(71.9454029309855,76.7301322714801,-34.0176123723922));
#12233=CARTESIAN_POINT('',(71.9081163747231,76.6769313592416,-34.1097590553981));
#12234=CARTESIAN_POINT('',(71.8519218734361,76.6262118542323,-34.1976078150091));
#12235=CARTESIAN_POINT('',(71.7814350398637,76.5822140081974,-34.2738143197651));
#12236=CARTESIAN_POINT('',(71.7111336470057,76.5383319141631,-34.3498203361751));
#12237=CARTESIAN_POINT('',(71.6246622688193,76.4999214999916,-34.4163491250599));
#12238=CARTESIAN_POINT('',(71.5291944173408,76.4702115358415,-34.4678082924588));
#12239=CARTESIAN_POINT('',(71.4340886642256,76.4406142581009,-34.5190722812713));
#12240=CARTESIAN_POINT('',(71.3274199353882,76.4188326342246,-34.5567991604965));
#12241=CARTESIAN_POINT('',(71.2180575920703,76.4066982045076,-34.5778166092872));
#12242=CARTESIAN_POINT('',(71.1473612489449,76.3988540071278,-34.5914031576935));
#12243=CARTESIAN_POINT('',(71.074519169926,76.3948606469164,-34.5983198604726));
#12244=CARTESIAN_POINT('',(71.0021030207504,76.3948606469164,-34.5983198604726));
#12245=CARTESIAN_POINT('',(104.00210302075,76.7963852496815,-33.9028588479946));
#12246=CARTESIAN_POINT('',(71.0021030207504,79.9065241586995,-29.5190635782979));
#12247=CARTESIAN_POINT('',(71.0021030207504,75.1945903607899,-33.5100916268234));
#12248=CARTESIAN_POINT('',(72.0021030207504,75.1945903607899,-33.5100916268234));
#12249=CARTESIAN_POINT('',(72.0021030207504,79.9065241586995,-29.5190635782979));
#12250=CARTESIAN_POINT('',(104.00210302075,76.3936386476452,-28.0700517128445));
#12251=CARTESIAN_POINT('',(70.7021030207504,76.3936386476452,-28.0700517128445));
#12252=CARTESIAN_POINT('',(70.7021030207504,77.0942346046482,-28.4745409772134));
#12253=CARTESIAN_POINT('',(104.00210302075,77.0942346046482,-28.4745409772134));
#12254=CARTESIAN_POINT('',(70.7021030207504,79.9065241586995,-29.5190635782979));
#12255=CARTESIAN_POINT('',(104.00210302075,79.9065241586995,-29.5190635782979));
#12256=CARTESIAN_POINT('',(70.7021030207504,79.9065241586995,-29.5190635782979));
#12257=CARTESIAN_POINT('',(70.7021030207504,79.9065241586995,-31.5190635782979));
#12258=CARTESIAN_POINT('',(27.0521030207504,79.9065241586995,-29.5190635782979));
#12259=CARTESIAN_POINT('',(70.7021030207504,79.9065241586995,-29.5190635782979));
#12260=CARTESIAN_POINT('',(70.7021030207504,83.4194096697537,-28.0700517128443));
#12261=CARTESIAN_POINT('',(104.00210302075,83.4194096697538,-28.0700517128444));
#12262=CARTESIAN_POINT('',(104.00210302075,79.9065241586995,-29.5190635782979));
#12263=CARTESIAN_POINT('',(72.0021030207504,83.4181876704823,-34.598319860473));
#12264=CARTESIAN_POINT('',(71.0021030207504,83.4181876704823,-34.598319860473));
#12265=CARTESIAN_POINT('',(71.0021030207504,83.4181876704823,-34.598319860473));
#12266=CARTESIAN_POINT('',(71.1137389848559,83.4181876704823,-34.598319860473));
#12267=CARTESIAN_POINT('',(71.2269142714351,83.408541968631,-34.5816130147918));
#12268=CARTESIAN_POINT('',(71.3322518572674,83.3900583171194,-34.5495983912644));
#12269=CARTESIAN_POINT('',(71.4375846560752,83.37157550559,-34.5175852226287));
#12270=CARTESIAN_POINT('',(71.5379814761499,83.3437484438522,-34.4693873378735));
#12271=CARTESIAN_POINT('',(71.6251744918869,83.3088957760937,-34.4090207465365));
#12272=CARTESIAN_POINT('',(71.7124837976019,83.2739966250713,-34.3485736438246));
#12273=CARTESIAN_POINT('',(71.7889545227279,83.2310969356621,-34.274269202139));
#12274=CARTESIAN_POINT('',(71.8483453334242,83.1837486267229,-34.1922595254037));
#12275=CARTESIAN_POINT('',(71.9079267193575,83.1362483849326,-34.1099866932512));
#12276=CARTESIAN_POINT('',(71.9519568579792,83.0829693317955,-34.0177046662386));
#12277=CARTESIAN_POINT('',(71.9768807718883,83.0283025412693,-33.9230190075606));
#12278=CARTESIAN_POINT('',(71.9935950245489,82.9916423861936,-33.8595217563561));
#12279=CARTESIAN_POINT('',(72.0021030207504,82.9538084217244,-33.7939914076436));
#12280=CARTESIAN_POINT('',(72.0021030207504,82.9162077763752,-33.7288651795014));
#12281=CARTESIAN_POINT('',(104.00210302075,83.0166630677171,-33.9028588479947));
#12282=CARTESIAN_POINT('',(70.7021030207504,82.7188137127504,-28.4745409772135));
#12283=CARTESIAN_POINT('',(104.00210302075,82.7188137127504,-28.4745409772135));
#12284=CARTESIAN_POINT('',(72.0021030207504,84.6184579566092,-33.5100916268235));
#12285=CARTESIAN_POINT('',(71.0021030207504,84.6184579566092,-33.5100916268235));
#12286=CARTESIAN_POINT('',(71.0021030207504,79.9065241586996,-29.519063578298));
#12287=CARTESIAN_POINT('',(72.0021030207504,79.9065241586996,-29.519063578298));
#12288=CARTESIAN_POINT('',(72.0021030207504,75.1945903607899,-14.5780355297724));
#12289=CARTESIAN_POINT('',(71.0021030207504,75.1945903607899,-14.5780355297724));
#12290=CARTESIAN_POINT('',(71.0021030207504,79.9065241586995,-18.5690635782979));
#12291=CARTESIAN_POINT('',(71.0021030207504,76.3948606469164,-13.4898072961232));
#12292=CARTESIAN_POINT('',(72.0021030207504,76.3948606469164,-13.4898072961232));
#12293=CARTESIAN_POINT('',(72.0021030207504,79.9065241586995,-18.5690635782979));
#12294=CARTESIAN_POINT('',(71.0021030207504,76.3948606469164,-13.4898072961232));
#12295=CARTESIAN_POINT('',(71.1137389848559,76.3948606469164,-13.4898072961232));
#12296=CARTESIAN_POINT('',(71.2269142714351,76.4045063487677,-13.5065141418043));
#12297=CARTESIAN_POINT('',(71.3322518572674,76.4229900002793,-13.5385287653318));
#12298=CARTESIAN_POINT('',(71.4375846560752,76.4414728118087,-13.5705419339675));
#12299=CARTESIAN_POINT('',(71.5379814761499,76.4692998735465,-13.6187398187227));
#12300=CARTESIAN_POINT('',(71.6251744918869,76.504152541305,-13.6791064100596));
#12301=CARTESIAN_POINT('',(71.7124837976019,76.5390516923274,-13.7395535127715));
#12302=CARTESIAN_POINT('',(71.7889545227279,76.5819513817366,-13.8138579544572));
#12303=CARTESIAN_POINT('',(71.8483453334242,76.6292996906759,-13.8958676311924));
#12304=CARTESIAN_POINT('',(71.9079267193575,76.6767999324661,-13.978140463345));
#12305=CARTESIAN_POINT('',(71.9519568579792,76.7300789856032,-14.0704224903575));
#12306=CARTESIAN_POINT('',(71.9768807718883,76.7847457761294,-14.1651081490356));
#12307=CARTESIAN_POINT('',(71.9935950245489,76.8214059312051,-14.2286054002401));
#12308=CARTESIAN_POINT('',(72.0021030207504,76.8592398956742,-14.2941357489526));
#12309=CARTESIAN_POINT('',(72.0021030207504,76.8968405410235,-14.3592619770948));
#12310=CARTESIAN_POINT('',(104.00210302075,77.5887819982667,-15.5577397369032));
#12311=CARTESIAN_POINT('',(104.00210302075,76.7963852496815,-14.1852683086012));
#12312=CARTESIAN_POINT('',(71.3021030207504,82.224266319132,-15.557739736903));
#12313=CARTESIAN_POINT('',(104.00210302075,79.9065241586995,-18.5690635782979));
#12314=CARTESIAN_POINT('',(72.0021030207504,83.4181876704823,-13.489807296123));
#12315=CARTESIAN_POINT('',(71.0021030207504,83.4181876704823,-13.489807296123));
#12316=CARTESIAN_POINT('',(72.0021030207504,82.9162077763752,-14.3592619770945));
#12317=CARTESIAN_POINT('',(72.0021030207504,82.9725749971284,-14.2616310868685));
#12318=CARTESIAN_POINT('',(71.9826857013467,83.0297205354502,-14.1626521110693));
#12319=CARTESIAN_POINT('',(71.9454029309855,83.0829160459187,-14.0705147842034));
#12320=CARTESIAN_POINT('',(71.9081163747231,83.1361169581571,-13.9783681011975));
#12321=CARTESIAN_POINT('',(71.8519218734361,83.1868364631664,-13.8905193415866));
#12322=CARTESIAN_POINT('',(71.7814350398637,83.2308343092013,-13.8143128368305));
#12323=CARTESIAN_POINT('',(71.7111336470057,83.2747164032356,-13.7383068204206));
#12324=CARTESIAN_POINT('',(71.6246622688194,83.3131268174072,-13.6717780315357));
#12325=CARTESIAN_POINT('',(71.5291944173408,83.3428367815572,-13.6203188641368));
#12326=CARTESIAN_POINT('',(71.4340886642257,83.3724340592978,-13.5690548753243));
#12327=CARTESIAN_POINT('',(71.3274199353882,83.3942156831742,-13.5313279960991));
#12328=CARTESIAN_POINT('',(71.2180575920703,83.4063501128911,-13.5103105473085));
#12329=CARTESIAN_POINT('',(71.1473612489449,83.4141943102709,-13.4967239989021));
#12330=CARTESIAN_POINT('',(71.074519169926,83.4181876704823,-13.489807296123));
#12331=CARTESIAN_POINT('',(71.0021030207504,83.4181876704823,-13.489807296123));
#12332=CARTESIAN_POINT('',(104.00210302075,83.0166630677171,-14.1852683086013));
#12333=CARTESIAN_POINT('',(71.0021030207504,79.9065241586995,-18.5690635782979));
#12334=CARTESIAN_POINT('',(71.0021030207504,84.6184579566091,-14.5780355297725));
#12335=CARTESIAN_POINT('',(72.0021030207504,84.6184579566091,-14.5780355297725));
#12336=CARTESIAN_POINT('',(72.0021030207504,79.9065241586995,-18.5690635782979));
#12337=CARTESIAN_POINT('',(70.7021030207504,79.9065241586995,-18.5690635782979));
#12338=CARTESIAN_POINT('',(70.7021030207504,79.9065241586995,-20.5690635782979));
#12339=CARTESIAN_POINT('',(27.0521030207504,79.9065241586995,-18.5690635782979));
#12340=CARTESIAN_POINT('',(70.7021030207504,77.0942346046482,-19.6135861793824));
#12341=CARTESIAN_POINT('',(70.7021030207504,76.3936386476452,-20.0180754437513));
#12342=CARTESIAN_POINT('',(104.00210302075,76.3936386476452,-20.0180754437513));
#12343=CARTESIAN_POINT('',(104.00210302075,77.0942346046482,-19.6135861793824));
#12344=CARTESIAN_POINT('',(70.7021030207504,79.9065241586995,-18.5690635782979));
#12345=CARTESIAN_POINT('',(70.7021030207504,78.4575122932455,-22.081949089352));
#12346=CARTESIAN_POINT('',(104.00210302075,78.4575122932455,-22.081949089352));
#12347=CARTESIAN_POINT('',(104.00210302075,79.9065241586995,-18.5690635782979));
#12348=CARTESIAN_POINT('',(70.7021030207504,79.9065241586995,-18.5690635782979));
#12349=CARTESIAN_POINT('',(70.7021030207504,83.4194096697537,-20.0180754437515));
#12350=CARTESIAN_POINT('',(70.7021030207504,81.3555360241531,-22.0819490893521));
#12351=CARTESIAN_POINT('',(104.00210302075,83.4194096697537,-20.0180754437515));
#12352=CARTESIAN_POINT('',(71.3021030207504,81.3555360241531,-22.0819490893521));
#12353=CARTESIAN_POINT('',(104.00210302075,79.9065241586995,-18.5690635782979));
#12354=CARTESIAN_POINT('',(70.7021030207504,82.7188137127504,-19.6135861793825));
#12355=CARTESIAN_POINT('',(104.00210302075,82.7188137127504,-19.6135861793825));
#12356=CARTESIAN_POINT('',(70.7021030207504,77.6651155446604,-23.4544205176538));
#12357=CARTESIAN_POINT('',(104.00210302075,77.6651155446604,-23.4544205176538));
#12358=CARTESIAN_POINT('',(70.7021030207504,82.1479327727382,-23.4544205176539));
#12359=CARTESIAN_POINT('',(104.00210302075,82.1479327727382,-23.4544205176539));
#12360=CARTESIAN_POINT('',(58.9221030207586,71.3269361697256,-40.3568645121923));
#12361=CARTESIAN_POINT('',(50.6021030207503,73.7040790268709,-40.3568645121923));
#12362=CARTESIAN_POINT('',(54.4221030207586,72.6126504554399,-40.3568645121923));
#12363=CARTESIAN_POINT('',(54.4221030207586,74.3269361697256,-40.3568645121923));
#12364=CARTESIAN_POINT('',(54.4221030207586,75.3269361697256,-40.3568645121923));
#12365=CARTESIAN_POINT('',(48.5414332473026,75.3269361697256,-40.3568645121923));
#12366=CARTESIAN_POINT('',(50.6021030207504,75.3269361697256,-40.3568645121923));
#12367=CARTESIAN_POINT('',(50.6021030207503,74.3269361697256,-40.3568645121923));
#12368=CARTESIAN_POINT('',(50.6021030207504,74.3269361697256,-40.3568645121923));
#12369=CARTESIAN_POINT('',(59.6592831296606,71.1163132814679,-38.6111378092249));
#12370=CARTESIAN_POINT('',(58.9221030207586,71.3269361697256,-38.8568645121923));
#12371=CARTESIAN_POINT('',(58.9221030207586,44.6269361697253,-38.8568645121922));
#12372=CARTESIAN_POINT('',(58.9221030207586,75.3269361697256,-38.8568645121923));
#12373=CARTESIAN_POINT('',(54.4221030207586,75.3269361697256,-40.3568645121923));
#12374=CARTESIAN_POINT('',(54.4221030207586,74.3269361697256,-40.3568645121923));
#12375=CARTESIAN_POINT('',(48.5414332473026,75.3269361697256,-41.1568645121923));
#12376=CARTESIAN_POINT('',(60.9221030207586,75.3269361697256,-41.1568645121923));
#12377=CARTESIAN_POINT('',(48.7021030207505,75.3269361697256,-41.1568645121923));
#12378=CARTESIAN_POINT('',(60.9221030207586,74.3269361697256,-41.1568645121923));
#12379=CARTESIAN_POINT('',(60.9221030207586,71.3269361697256,-41.1568645121923));
#12380=CARTESIAN_POINT('',(58.9221030207586,71.3269361697256,-41.1568645121923));
#12381=CARTESIAN_POINT('',(58.9221030207586,71.3269361697256,-41.1568645121923));
#12382=CARTESIAN_POINT('',(58.9221030207586,71.3269361697256,-41.1568645121923));
#12383=CARTESIAN_POINT('',(48.7021030207504,74.246936169728,-41.1568645121923));
#12384=CARTESIAN_POINT('',(48.7021030207504,74.3269361697256,-41.1568645121923));
#12385=CARTESIAN_POINT('',(60.9221030207586,74.3269361697256,-41.1568645121923));
#12386=CARTESIAN_POINT('',(60.9221030207504,65.231524158772,-39.0690635782979));
#12387=CARTESIAN_POINT('',(60.9221030207504,65.231524158772,-39.0690635782979));
#12388=CARTESIAN_POINT('',(60.9221030207504,72.406524158699,-39.0690635782979));
#12389=CARTESIAN_POINT('',(60.9221030207586,71.3269361697256,-39.0690635782979));
#12390=CARTESIAN_POINT('',(60.9221030207586,71.3269361697256,-18.469063578298));
#12391=CARTESIAN_POINT('',(60.9221030207586,75.3269361697256,-50.3300714626761));
#12392=CARTESIAN_POINT('',(60.9221030207586,74.3269361697257,-13.3812626444036));
#12393=CARTESIAN_POINT('',(48.7021030207504,74.246936169728,-36.219063578298));
#12394=CARTESIAN_POINT('',(58.9221030207586,71.3269361697256,-36.219063578298));
#12395=CARTESIAN_POINT('',(58.9221030207504,71.3269361697256,-39.0690635782979));
#12396=CARTESIAN_POINT('',(58.9221030207586,71.3269361697256,-36.219063578298));
#12397=CARTESIAN_POINT('',(50.6021030207503,73.7040790268709,-36.219063578298));
#12398=CARTESIAN_POINT('',(58.9221030207586,71.3269361697257,-36.219063578298));
#12399=CARTESIAN_POINT('',(35.7021030207504,71.3269361697256,-39.0690635782979));
#12400=CARTESIAN_POINT('',(35.7021030207504,71.3269361697256,-18.469063578298));
#12401=CARTESIAN_POINT('',(58.9221030207504,72.406524158699,-39.0690635782979));
#12402=CARTESIAN_POINT('',(58.9221030207504,60.406524158699,-39.0690635782979));
#12403=CARTESIAN_POINT('',(58.9221030207586,60.406524158699,-38.0690635782979));
#12404=CARTESIAN_POINT('',(58.9221030207504,59.406524158699,-38.0690635782979));
#12405=CARTESIAN_POINT('',(58.9221030207504,59.406524158699,-39.0690635782979));
#12406=CARTESIAN_POINT('',(58.9221030207504,59.406524158699,-30.5690635782979));
#12407=CARTESIAN_POINT('',(58.9221030207504,59.406524158699,-30.5690635782979));
#12408=CARTESIAN_POINT('',(58.9221030207586,65.906524158699,-32.5690635782979));
#12409=CARTESIAN_POINT('',(58.9221030207586,75.3269361697256,-50.3300714626761));
#12410=CARTESIAN_POINT('',(58.9221030207586,44.6269361697253,-36.219063578298));
#12411=CARTESIAN_POINT('',(48.7021030207504,75.3269361697256,-50.3300714626761));
#12412=CARTESIAN_POINT('',(48.7021030207505,74.3269361697257,-17.9690635782979));
#12413=CARTESIAN_POINT('',(50.6021030207503,75.3269361697256,-50.3300714626761));
#12414=CARTESIAN_POINT('',(50.6021030207504,74.3269361697257,-14.1812626444036));
#12415=CARTESIAN_POINT('',(48.5414332473026,75.3269361697256,-50.3300714626761));
#12416=CARTESIAN_POINT('',(53.9521030207504,95.1315241586997,-39.9690636444036));
#12417=CARTESIAN_POINT('',(53.9521030207504,95.1315241586997,-39.9690636444036));
#12418=CARTESIAN_POINT('',(51.4521030207504,95.1315241586997,-39.9690636444036));
#12419=CARTESIAN_POINT('',(53.9521030207505,95.1315241586997,-40.1690636444036));
#12420=CARTESIAN_POINT('',(53.9521030207505,94.9315241586997,-40.1690636444036));
#12421=CARTESIAN_POINT('',(64.57423897575,94.9315241586997,-40.1690636444036));
#12422=CARTESIAN_POINT('',(51.4521030207504,94.9315241586997,-40.1690636444036));
#12423=CARTESIAN_POINT('',(51.4521030207504,95.1315241586997,-40.1690636444036));
#12424=CARTESIAN_POINT('',(53.9521030207504,95.1315241586997,-40.1690636444036));
#12425=CARTESIAN_POINT('',(51.4521030207504,83.2815241586997,-39.9690636444036));
#12426=CARTESIAN_POINT('',(51.4521030207505,97.2315241586997,-39.9690636444036));
#12427=CARTESIAN_POINT('',(57.5971030207504,97.2315241586997,-39.9690636444036));
#12428=CARTESIAN_POINT('',(53.9521030207505,97.2315241586997,-39.9690636444036));
#12429=CARTESIAN_POINT('',(53.9521030207504,83.2815241586997,-39.9690636444036));
#12430=CARTESIAN_POINT('',(53.9521030207504,83.2815241586997,-39.9690636444036));
#12431=CARTESIAN_POINT('',(59.1521030207585,94.9315241586997,-41.7690636444036));
#12432=CARTESIAN_POINT('',(52.1521030207585,94.9315241586997,-41.7690636444036));
#12433=CARTESIAN_POINT('',(46.2021057570011,94.9315241586997,-41.7690636444036));
#12434=CARTESIAN_POINT('',(46.2021030207505,94.9315241586997,-38.6643202254751));
#12435=CARTESIAN_POINT('',(46.2021056245079,94.9315241586997,-40.469063049259));
#12436=CARTESIAN_POINT('',(47.2021030207505,94.9315241586997,-40.2404922158321));
#12437=CARTESIAN_POINT('',(51.4521030207504,94.9315241586997,-39.2690636444036));
#12438=CARTESIAN_POINT('',(51.4521030207504,94.9315241586997,-38.6643202254751));
#12439=CARTESIAN_POINT('',(53.9521030207505,94.9315241586997,-39.2690636444036));
#12440=CARTESIAN_POINT('',(53.9521030207505,94.9315241586997,-39.2690636444036));
#12441=CARTESIAN_POINT('',(51.4521030207504,94.9315241586997,-39.2690636444036));
#12442=CARTESIAN_POINT('',(56.6021030207505,94.9315241586997,-39.2690636444036));
#12443=CARTESIAN_POINT('',(58.5575205487498,94.9315241586997,-38.2913548804039));
#12444=CARTESIAN_POINT('',(58.1352293127495,94.9315241586997,-38.5025004984041));
#12445=CARTESIAN_POINT('',(60.8185108857492,94.9315241586997,-43.8690636444036));
#12446=CARTESIAN_POINT('',(60.8185108857492,94.9315241586997,-37.8690636444036));
#12447=CARTESIAN_POINT('',(64.57423897575,94.9315241586997,-37.8690636444036));
#12448=CARTESIAN_POINT('',(68.9021030207505,94.9315241586997,-37.8690636444036));
#12449=CARTESIAN_POINT('',(68.9021030207505,94.9315241586997,-37.4690636444036));
#12450=CARTESIAN_POINT('',(69.3021030207505,94.9315241586997,-37.4690636444036));
#12451=CARTESIAN_POINT('',(69.3021030207505,94.9315241586997,-21.3240636444036));
#12452=CARTESIAN_POINT('',(69.3021030207505,94.9315241586997,-37.2690636444036));
#12453=CARTESIAN_POINT('',(68.6021030207505,94.9315241586997,-37.2690636444036));
#12454=CARTESIAN_POINT('',(70.2021030207504,94.9315241586997,-36.0690635782979));
#12455=CARTESIAN_POINT('',(68.7021030207505,94.9315241586997,-36.8690636444036));
#12456=CARTESIAN_POINT('',(68.7021030207505,94.9315241586997,-38.8690636444036));
#12457=CARTESIAN_POINT('',(57.5971030207504,94.9315241586997,-38.8690636444036));
#12458=CARTESIAN_POINT('',(65.9521030207505,94.9315241586997,-38.8690636444036));
#12459=CARTESIAN_POINT('',(57.6971030207504,94.9315241586997,-42.4069207872607));
#12460=CARTESIAN_POINT('',(64.2294262139995,94.9315241586997,-39.6073537044397));
#12461=CARTESIAN_POINT('',(63.4415876168412,94.9315241586997,-37.7690636444036));
#12462=CARTESIAN_POINT('',(63.4415876168412,94.9315241586997,-39.7690636444036));
#12463=CARTESIAN_POINT('',(57.6971030207504,94.9315241586997,-39.7690636444036));
#12464=CARTESIAN_POINT('',(62.3521030207505,94.9315241586997,-39.7690636444036));
#12465=CARTESIAN_POINT('',(62.3521030207505,94.9315241586997,-21.3240636444036));
#12466=CARTESIAN_POINT('',(62.3521030207504,94.9315241586997,-38.9957851608987));
#12467=CARTESIAN_POINT('',(62.2840569785788,94.9315241586997,-39.0690636444036));
#12468=CARTESIAN_POINT('',(62.2840569785788,94.9315241586997,-38.9690636444036));
#12469=CARTESIAN_POINT('',(62.2101226304786,94.9315241586997,-38.9690636444036));
#12470=CARTESIAN_POINT('',(60.3521030207586,94.9315241586997,-38.9690636444036));
#12471=CARTESIAN_POINT('',(60.3521030207586,94.9315241586997,-39.1690636444036));
#12472=CARTESIAN_POINT('',(60.1521030207585,94.9315241586997,-39.1690636444036));
#12473=CARTESIAN_POINT('',(60.1521030207585,94.9315241586997,-39.1690636444036));
#12474=CARTESIAN_POINT('',(60.1521030207585,94.9315241586997,-40.3276725351349));
#12475=CARTESIAN_POINT('',(59.6521030207585,94.9315241586997,-40.3276725351349));
#12476=CARTESIAN_POINT('',(59.7141203880532,94.9315241586997,-40.8238114734917));
#12477=CARTESIAN_POINT('',(52.1521030207585,94.9315241586997,-41.7690636444036));
#12478=CARTESIAN_POINT('',(64.57423897575,94.9315241586997,-38.6643202254751));
#12479=CARTESIAN_POINT('',(45.2021030207505,84.8815241586997,-41.7690636444036));
#12480=CARTESIAN_POINT('',(45.2021030207505,93.9315241586997,-41.7690636444036));
#12481=CARTESIAN_POINT('',(45.2021030207505,76.8315241586998,-41.7690636444036));
#12482=CARTESIAN_POINT('',(45.2021030207505,76.8315241586998,-33.7690636444035));
#12483=CARTESIAN_POINT('',(45.2021030207505,76.8315241586998,-40.697635072975));
#12484=CARTESIAN_POINT('',(45.2021030207505,85.7815241586997,-40.697635072975));
#12485=CARTESIAN_POINT('',(45.2021030207505,93.9315241586997,-40.697635072975));
#12486=CARTESIAN_POINT('',(45.2021030207505,93.9315241586997,-41.2333493586893));
#12487=CARTESIAN_POINT('',(45.2021030207505,84.8815241586997,-41.2333493586893));
#12488=CARTESIAN_POINT('',(46.2021030207505,93.9315241586997,-41.7690636444036));
#12489=CARTESIAN_POINT('',(46.2021030207505,93.9315241586997,-40.4690636444035));
#12490=CARTESIAN_POINT('',(46.2021030207505,93.9315241586997,-38.6643202254751));
#12491=CARTESIAN_POINT('',(57.5971030207504,75.6315241586997,-39.9690636444036));
#12492=CARTESIAN_POINT('',(53.9521030207504,75.6315241586997,-39.9690636444036));
#12493=CARTESIAN_POINT('',(51.4521030207504,75.6315241586997,-39.9690636444036));
#12494=CARTESIAN_POINT('',(53.9521030207504,71.2815241586997,-39.9690636444036));
#12495=CARTESIAN_POINT('',(53.9521030207504,73.5315241586997,-39.9690636444036));
#12496=CARTESIAN_POINT('',(57.5971030207504,73.5315241586997,-39.9690636444036));
#12497=CARTESIAN_POINT('',(51.4521030207504,73.5315241586997,-39.9690636444036));
#12498=CARTESIAN_POINT('',(51.4521030207504,71.2815241586997,-39.9690636444036));
#12499=CARTESIAN_POINT('',(53.9521030207504,71.2815241586997,-39.9690636444036));
#12500=CARTESIAN_POINT('',(53.9521030207505,73.5315241586997,-21.3240636444036));
#12501=CARTESIAN_POINT('',(53.9521030207504,73.5315241586997,-39.2690636444036));
#12502=CARTESIAN_POINT('',(57.5971030207504,73.5315241586997,-39.2690636444036));
#12503=CARTESIAN_POINT('',(51.4521030207504,73.5315241586997,-39.2690636444036));
#12504=CARTESIAN_POINT('',(51.4521030207505,73.5315241586997,-20.4240636444037));
#12505=CARTESIAN_POINT('',(52.8271030207545,73.5315241586997,-40.6690636444036));
#12506=CARTESIAN_POINT('',(51.4521030207504,83.2815241586997,-39.2690636444036));
#12507=CARTESIAN_POINT('',(51.4521030207505,97.2315241586997,-39.2690636444036));
#12508=CARTESIAN_POINT('',(51.4521030207505,97.2315241586997,-20.4240636444037));
#12509=CARTESIAN_POINT('',(51.4521030207504,83.2815241586997,-40.0690636444036));
#12510=CARTESIAN_POINT('',(57.5971030207504,97.2315241586997,-39.2690636444036));
#12511=CARTESIAN_POINT('',(53.9521030207505,97.2315241586997,-39.2690636444036));
#12512=CARTESIAN_POINT('',(53.9521030207505,97.2315241586997,-21.3240636444036));
#12513=CARTESIAN_POINT('',(52.8271030207545,97.2315241586997,-40.6690636444036));
#12514=CARTESIAN_POINT('',(53.9521030207505,83.2815241586997,-39.2690636444036));
#12515=CARTESIAN_POINT('',(53.9521030207505,83.2815241586997,-39.2690636444036));
#12516=CARTESIAN_POINT('',(62.3521030207504,94.8815241586998,-38.9957851608987));
#12517=CARTESIAN_POINT('',(62.3521030207504,94.8815241586998,-38.9957851608987));
#12518=CARTESIAN_POINT('',(62.3521030207505,94.8815241586998,-39.2690636444036));
#12519=CARTESIAN_POINT('',(62.3521030207504,94.8815241586998,-39.2690636444036));
#12520=CARTESIAN_POINT('',(62.382696370962,94.8815241586998,-39.0855035431341));
#12521=CARTESIAN_POINT('',(62.2840569785788,94.8815241586998,-39.0690636444036));
#12522=CARTESIAN_POINT('',(53.9521030207505,94.8815241586998,-48.9690636444036));
#12523=CARTESIAN_POINT('',(62.3521030207505,85.7815241586997,-39.2690636444036));
#12524=CARTESIAN_POINT('',(62.3521030207505,75.8315241586998,-39.2690636444036));
#12525=CARTESIAN_POINT('',(63.2687696874171,75.8315241586998,-33.7690636444035));
#12526=CARTESIAN_POINT('',(62.382696370962,75.8315241586998,-39.0855035431341));
#12527=CARTESIAN_POINT('',(62.382696370962,85.7815241586997,-39.0855035431341));
#12528=CARTESIAN_POINT('',(62.4021030207504,106.0255265587,-38.9690636444036));
#12529=CARTESIAN_POINT('',(62.3521030207504,88.8815241586997,-38.9957851608987));
#12530=CARTESIAN_POINT('',(62.2840569785788,75.8315241586998,-39.0690636444036));
#12531=CARTESIAN_POINT('',(62.2840569785788,75.8315241586998,-38.9690636444036));
#12532=CARTESIAN_POINT('',(62.2840569785788,85.7815241586997,-38.9690636444036));
#12533=CARTESIAN_POINT('',(62.2840569785788,85.7815241586997,-39.0690636444036));
#12534=CARTESIAN_POINT('',(60.3521030207586,84.8815241586997,-38.9690636444036));
#12535=CARTESIAN_POINT('',(60.3521030207586,75.8315241586998,-38.9690636444036));
#12536=CARTESIAN_POINT('',(57.5971030207504,75.8315241586998,-38.9690636444036));
#12537=CARTESIAN_POINT('',(62.2101226304786,84.8815241586997,-38.9690636444036));
#12538=CARTESIAN_POINT('',(60.1521030207585,84.8815241586997,-39.1690636444036));
#12539=CARTESIAN_POINT('',(60.1521030207585,75.8315241586998,-39.1690636444036));
#12540=CARTESIAN_POINT('',(60.3521030207586,75.8315241586998,-39.1690636444036));
#12541=CARTESIAN_POINT('',(60.3521030207586,84.8815241586997,-39.1690636444036));
#12542=CARTESIAN_POINT('',(60.1521030207585,85.7815241586997,-40.3276725351349));
#12543=CARTESIAN_POINT('',(60.1521030207585,75.8315241586998,-40.3276725351349));
#12544=CARTESIAN_POINT('',(60.1521030207585,75.8315241586998,-38.8690636444036));
#12545=CARTESIAN_POINT('',(60.1521030207585,84.8815241586997,-39.1690636444036));
#12546=CARTESIAN_POINT('',(59.6521030207585,75.8315241586998,-40.3276725351349));
#12547=CARTESIAN_POINT('',(59.7141203880532,75.8315241586998,-40.8238114734917));
#12548=CARTESIAN_POINT('',(59.7141203880532,85.7815241586997,-40.8238114734917));
#12549=CARTESIAN_POINT('',(59.6521030207585,85.7815241586997,-40.3276725351349));
#12550=CARTESIAN_POINT('',(52.1521030207585,85.7815241586997,-41.7690636444036));
#12551=CARTESIAN_POINT('',(52.1521030207585,75.8315241586998,-41.7690636444036));
#12552=CARTESIAN_POINT('',(57.5971030207504,75.8315241586998,-41.0884386444046));
#12553=CARTESIAN_POINT('',(52.1521030207585,84.8815241586997,-41.7690636444036));
#12554=CARTESIAN_POINT('',(60.4257098185004,75.8315241586998,-41.7690636444036));
#12555=CARTESIAN_POINT('',(46.2021030207505,75.8315241586998,-41.7690636444036));
#12556=CARTESIAN_POINT('',(46.2021030207505,76.8315241586998,-41.7690636444036));
#12557=CARTESIAN_POINT('',(59.1521030207585,84.8815241586997,-41.7690636444036));
#12558=CARTESIAN_POINT('',(46.2021030207505,75.8315241586998,-33.7690636444035));
#12559=CARTESIAN_POINT('',(46.2021030207504,75.8315241586998,-40.4690636444036));
#12560=CARTESIAN_POINT('',(46.2021030207505,76.8315241586998,-40.4690636444036));
#12561=CARTESIAN_POINT('',(46.2021030207505,76.8315241586998,-33.7690636444035));
#12562=CARTESIAN_POINT('',(57.5971030207504,75.8315241586998,-37.8644922158321));
#12563=CARTESIAN_POINT('',(51.4521030207504,75.8315241586998,-39.2690636444036));
#12564=CARTESIAN_POINT('',(51.4521030207504,85.7815241586997,-39.2690636444036));
#12565=CARTESIAN_POINT('',(47.2021030207505,84.8815241586997,-40.2404922158321));
#12566=CARTESIAN_POINT('',(51.4521030207505,75.8315241586998,-33.7690636444035));
#12567=CARTESIAN_POINT('',(51.4521030207504,75.8315241586998,-40.1690636444036));
#12568=CARTESIAN_POINT('',(51.4521030207504,75.6315241586997,-40.1690636444036));
#12569=CARTESIAN_POINT('',(51.4521030207504,71.2815241586997,-39.2690636444036));
#12570=CARTESIAN_POINT('',(51.4521030207504,71.2815241586997,-40.0690636444036));
#12571=CARTESIAN_POINT('',(57.5971030207504,75.8315241586998,-40.1690636444036));
#12572=CARTESIAN_POINT('',(53.9521030207504,75.8315241586998,-40.1690636444036));
#12573=CARTESIAN_POINT('',(53.9521030207504,75.6315241586997,-40.1690636444036));
#12574=CARTESIAN_POINT('',(57.5971030207504,75.6315241586997,-40.1690636444036));
#12575=CARTESIAN_POINT('',(53.9521030207505,75.8315241586998,-33.7690636444035));
#12576=CARTESIAN_POINT('',(53.9521030207505,75.8315241586998,-39.2690636444036));
#12577=CARTESIAN_POINT('',(53.9521030207505,71.2815241586997,-39.2690636444036));
#12578=CARTESIAN_POINT('',(53.9521030207505,71.2815241586997,-39.2690636444036));
#12579=CARTESIAN_POINT('',(57.5971030207504,75.8315241586998,-39.2690636444036));
#12580=CARTESIAN_POINT('',(56.6021030207505,75.8315241586998,-39.2690636444036));
#12581=CARTESIAN_POINT('',(56.6021030207505,84.8815241586997,-39.2690636444036));
#12582=CARTESIAN_POINT('',(51.4521030207504,77.2815241586997,-39.2690636444036));
#12583=CARTESIAN_POINT('',(58.1352293127495,85.7815241586997,-38.5025004984041));
#12584=CARTESIAN_POINT('',(58.1352293127495,75.8315241586998,-38.5025004984041));
#12585=CARTESIAN_POINT('',(57.5971030207504,75.8315241586998,-38.7715636444036));
#12586=CARTESIAN_POINT('',(58.5575205487498,79.8815241586998,-38.2913548804039));
#12587=CARTESIAN_POINT('',(60.8185108857492,75.8315241586998,-43.8690636444036));
#12588=CARTESIAN_POINT('',(60.8185108857492,75.8315241586998,-37.8690636444036));
#12589=CARTESIAN_POINT('',(60.8185108857492,85.7815241586997,-37.8690636444036));
#12590=CARTESIAN_POINT('',(60.8185108857492,85.7815241586997,-43.8690636444036));
#12591=CARTESIAN_POINT('',(69.3021030207505,84.8815241586997,-37.2690636444036));
#12592=CARTESIAN_POINT('',(69.3021030207505,75.8315241586998,-37.2690636444036));
#12593=CARTESIAN_POINT('',(69.3021030207505,84.8815241586997,-37.4690636444036));
#12594=CARTESIAN_POINT('',(69.3021030207505,75.8315241586998,-37.4690636444036));
#12595=CARTESIAN_POINT('',(69.3021030207505,75.8315241586998,-21.3240636444036));
#12596=CARTESIAN_POINT('',(69.3021030207505,84.8815241586997,-37.4690636444036));
#12597=CARTESIAN_POINT('',(68.9021030207505,84.8815241586997,-37.8690636444036));
#12598=CARTESIAN_POINT('',(68.9021030207505,75.8315241586998,-37.8690636444036));
#12599=CARTESIAN_POINT('',(68.9021030207505,75.8315241586998,-37.4690636444036));
#12600=CARTESIAN_POINT('',(68.9021030207505,84.8815241586997,-37.4690636444036));
#12601=CARTESIAN_POINT('',(57.5971030207504,75.8315241586998,-37.8690636444036));
#12602=CARTESIAN_POINT('',(59.4021030207505,79.8815241586998,-37.8690636444036));
#12603=CARTESIAN_POINT('',(62.3521030207505,84.8815241586997,-39.7690636444036));
#12604=CARTESIAN_POINT('',(62.3521030207505,75.8315241586998,-39.7690636444036));
#12605=CARTESIAN_POINT('',(62.3521030207505,75.8315241586998,-21.3240636444036));
#12606=CARTESIAN_POINT('',(62.3521030207505,79.8815241586998,-39.3690636444036));
#12607=CARTESIAN_POINT('',(63.4415876168412,85.7815241586997,-39.7690636444036));
#12608=CARTESIAN_POINT('',(63.4415876168412,75.8315241586998,-39.7690636444036));
#12609=CARTESIAN_POINT('',(57.6971030207504,75.8315241586998,-39.7690636444036));
#12610=CARTESIAN_POINT('',(63.8521030207505,84.8815241586997,-39.7690636444036));
#12611=CARTESIAN_POINT('',(64.2294262139995,85.7815241586997,-39.6073537044397));
#12612=CARTESIAN_POINT('',(64.2294262139995,75.8315241586998,-39.6073537044397));
#12613=CARTESIAN_POINT('',(63.4415876168412,75.8315241586998,-37.7690636444036));
#12614=CARTESIAN_POINT('',(63.4415876168412,85.7815241586997,-37.7690636444036));
#12615=CARTESIAN_POINT('',(65.9521030207505,84.8815241586997,-38.8690636444036));
#12616=CARTESIAN_POINT('',(65.9521030207505,75.8315241586998,-38.8690636444036));
#12617=CARTESIAN_POINT('',(57.6971030207504,75.8315241586998,-42.4069207872607));
#12618=CARTESIAN_POINT('',(65.9521030207505,84.8815241586997,-38.8690636444036));
#12619=CARTESIAN_POINT('',(68.7021030207505,84.8815241586997,-38.8690636444036));
#12620=CARTESIAN_POINT('',(68.7021030207505,75.8315241586998,-38.8690636444036));
#12621=CARTESIAN_POINT('',(57.5971030207504,75.8315241586998,-38.8690636444036));
#12622=CARTESIAN_POINT('',(68.7021030207505,84.8815241586997,-38.8690636444036));
#12623=CARTESIAN_POINT('',(68.7021030207505,75.8315241586998,-36.8690636444036));
#12624=CARTESIAN_POINT('',(68.7021030207505,84.8815241586997,-36.8690636444036));
#12625=CARTESIAN_POINT('',(68.6021030207505,85.3269361697257,-37.2690636444036));
#12626=CARTESIAN_POINT('',(68.7021030207504,85.3269361697257,-36.576243321376));
#12627=CARTESIAN_POINT('',(68.7021030207504,85.3269361697257,-25.7940635782979));
#12628=CARTESIAN_POINT('',(35.7021030207504,85.3269361697257,-25.7940635782979));
#12629=CARTESIAN_POINT('',(68.7021030207504,84.8815241586997,-36.576243321376));
#12630=CARTESIAN_POINT('',(68.7021030207504,75.8315241586998,-36.576243321376));
#12631=CARTESIAN_POINT('',(68.7021030207504,75.8315241586998,-31.6440635782979));
#12632=CARTESIAN_POINT('',(68.7021030207504,85.3269361697257,-31.6440635782979));
#12633=CARTESIAN_POINT('',(68.6021030207505,75.8315241586998,-37.2690636444036));
#12634=CARTESIAN_POINT('',(70.2021030207504,75.8315241586998,-36.0690635782979));
#12635=CARTESIAN_POINT('',(55.1771030207504,75.8315241586998,-31.3440636444035));
#12636=CARTESIAN_POINT('',(68.6021030207505,84.8815241586997,-37.2690636444036));
#12637=CARTESIAN_POINT('',(67.3027241942995,101.830575340166,-36.063324121012));
#12638=CARTESIAN_POINT('',(54.4221030207586,98.1503978620114,-40.3568645121922));
#12639=CARTESIAN_POINT('',(58.9221030207586,99.4361121477257,-38.8568645121922));
#12640=CARTESIAN_POINT('',(54.4221030207586,99.3269361697257,-40.3568645121922));
#12641=CARTESIAN_POINT('',(54.4221030207586,95.4361121477257,-40.3568645121922));
#12642=CARTESIAN_POINT('',(58.9221030207586,95.4361121477257,-38.8568645121922));
#12643=CARTESIAN_POINT('',(58.9221030207586,95.4361121477257,-38.8568645121922));
#12644=CARTESIAN_POINT('',(58.9221030207586,95.3269361697257,-38.8568645121922));
#12645=CARTESIAN_POINT('',(58.9221030207586,126.026936169726,-38.8568645121923));
#12646=CARTESIAN_POINT('',(54.4521030207504,95.4361121477257,-40.3568645121922));
#12647=CARTESIAN_POINT('',(50.6021030207504,95.4361121477257,-40.3568645121922));
#12648=CARTESIAN_POINT('',(58.9221030207586,99.4361121477257,-40.3568645121922));
#12649=CARTESIAN_POINT('',(50.6021030207504,97.0589692905805,-40.3568645121922));
#12650=CARTESIAN_POINT('',(50.6021030207504,96.3269361697257,-40.3568645121922));
#12651=CARTESIAN_POINT('',(54.4521030207504,96.3269361697257,-40.3568645121922));
#12652=CARTESIAN_POINT('',(48.7021030207505,95.4361121477257,-41.1568645121923));
#12653=CARTESIAN_POINT('',(48.7021030207505,95.4361121477257,-41.1568645121923));
#12654=CARTESIAN_POINT('',(60.9221030207586,95.4361121477257,-41.1568645121922));
#12655=CARTESIAN_POINT('',(48.7021030207505,96.4361121477257,-41.1568645121923));
#12656=CARTESIAN_POINT('',(48.7021030207505,96.5161121477234,-41.1568645121923));
#12657=CARTESIAN_POINT('',(58.9221030207586,99.4361121477257,-41.1568645121923));
#12658=CARTESIAN_POINT('',(58.9221030207586,99.4361121477257,-41.1568645121922));
#12659=CARTESIAN_POINT('',(60.9221030207586,99.4361121477257,-41.1568645121922));
#12660=CARTESIAN_POINT('',(60.9221030207586,99.4361121477257,-41.1568645121922));
#12661=CARTESIAN_POINT('',(60.9221030207586,96.4361121477257,-41.1568645121922));
#12662=CARTESIAN_POINT('',(48.7021030207505,96.4361121477257,-41.1568645121923));
#12663=CARTESIAN_POINT('',(48.7021030207504,96.5161121477234,-8.86906357829788));
#12664=CARTESIAN_POINT('',(50.6021030207503,97.0589692905805,-8.86906357829787));
#12665=CARTESIAN_POINT('',(58.9221030207586,99.4361121477257,-35.7190635782978));
#12666=CARTESIAN_POINT('',(58.9221030207545,99.4361121477245,-39.0690635782979));
#12667=CARTESIAN_POINT('',(58.9221030207586,99.4361121477257,-35.7190635782978));
#12668=CARTESIAN_POINT('',(58.9221030207586,99.4361121477257,-8.86906357829785));
#12669=CARTESIAN_POINT('',(60.9221030207504,111.3565241587,-39.0690635782979));
#12670=CARTESIAN_POINT('',(60.9221030207586,99.4361121477257,-39.0690635782979));
#12671=CARTESIAN_POINT('',(60.9221030207504,110.3565241587,-39.0690635782979));
#12672=CARTESIAN_POINT('',(60.9221030207586,110.3565241587,-38.0690635782979));
#12673=CARTESIAN_POINT('',(60.9221030207504,111.3565241587,-38.0690635782979));
#12674=CARTESIAN_POINT('',(60.9221030207504,111.3565241587,-30.5690635782979));
#12675=CARTESIAN_POINT('',(60.9221030207504,111.3565241587,-30.5690635782979));
#12676=CARTESIAN_POINT('',(60.9221030207504,108.8565241587,-30.5690635782979));
#12677=CARTESIAN_POINT('',(60.9221030207586,104.8565241587,-32.5690635782979));
#12678=CARTESIAN_POINT('',(60.9221030207586,95.4361121477257,-40.8068645121922));
#12679=CARTESIAN_POINT('',(60.9221030207586,99.4361121477257,-36.2190635782979));
#12680=CARTESIAN_POINT('',(60.9221030207586,96.3269361697257,-40.8068645121922));
#12681=CARTESIAN_POINT('',(58.9221030207586,95.4361121477257,-3.85805569391972));
#12682=CARTESIAN_POINT('',(50.6021030207504,95.4361121477257,-40.0068645121922));
#12683=CARTESIAN_POINT('',(48.7021030207505,95.4361121477257,-36.2190635782979));
#12684=CARTESIAN_POINT('',(48.5414332473026,95.4361121477257,-3.85805569391974));
#12685=CARTESIAN_POINT('',(48.7021030207505,96.4361121477257,-36.2190635782979));
#12686=CARTESIAN_POINT('',(50.6021030207504,96.3269361697257,-40.0068645121922));
#12687=CARTESIAN_POINT('',(58.9221030207504,111.3565241587,-30.5690635782979));
#12688=CARTESIAN_POINT('',(58.9221030207504,111.3565241587,-30.5690635782979));
#12689=CARTESIAN_POINT('',(58.9221030207504,111.3565241587,-38.0690635782979));
#12690=CARTESIAN_POINT('',(58.9221030207586,110.3565241587,-38.0690635782979));
#12691=CARTESIAN_POINT('',(58.9221030207504,110.3565241587,-39.0690635782979));
#12692=CARTESIAN_POINT('',(58.9221030207504,111.3565241587,-39.0690635782979));
#12693=CARTESIAN_POINT('',(58.9221030207586,104.8565241587,-32.5690635782979));
#12694=CARTESIAN_POINT('',(58.9221030207504,108.8565241587,-30.5690635782979));
#12695=CARTESIAN_POINT('',(58.9221030207586,126.026936169726,-8.86906357829788));
#12696=CARTESIAN_POINT('',(35.7021030207504,99.4361121477257,-39.0690635782979));
#12697=CARTESIAN_POINT('',(35.7021030207504,99.4361121477257,-35.7190635782979));
#12698=CARTESIAN_POINT('',(67.3027241942995,68.9324729772336,-12.0248030355805));
#12699=CARTESIAN_POINT('',(54.4221030207586,72.6126504553881,-7.73126264440023));
#12700=CARTESIAN_POINT('',(58.9221030207586,71.3269361696738,-9.23126264440024));
#12701=CARTESIAN_POINT('',(54.4221030207586,71.4361121476738,-7.73126264440023));
#12702=CARTESIAN_POINT('',(54.4221030207586,75.3269361696738,-7.73126264440023));
#12703=CARTESIAN_POINT('',(58.9221030207586,75.3269361696738,-9.23126264440024));
#12704=CARTESIAN_POINT('',(58.9221030207586,75.3269361696738,-9.23126264440024));
#12705=CARTESIAN_POINT('',(58.9221030207586,75.4361121476738,-9.23126264440024));
#12706=CARTESIAN_POINT('',(58.9221030207586,44.7361121476735,-9.23126264440021));
#12707=CARTESIAN_POINT('',(54.4521030207504,75.3269361696738,-7.73126264440023));
#12708=CARTESIAN_POINT('',(50.6021030207504,75.3269361696738,-7.73126264440023));
#12709=CARTESIAN_POINT('',(58.9221030207586,71.3269361696738,-7.73126264440023));
#12710=CARTESIAN_POINT('',(50.6021030207504,73.704079026819,-7.73126264440023));
#12711=CARTESIAN_POINT('',(50.6021030207504,74.4361121476738,-7.73126264440023));
#12712=CARTESIAN_POINT('',(54.4521030207504,74.4361121476738,-7.73126264440023));
#12713=CARTESIAN_POINT('',(48.7021030207505,75.3269361696738,-6.93126264440024));
#12714=CARTESIAN_POINT('',(48.7021030207505,75.3269361696738,-6.93126264440024));
#12715=CARTESIAN_POINT('',(48.7021030207505,74.3269361696738,-6.93126264440024));
#12716=CARTESIAN_POINT('',(48.7021030207505,74.2469361696761,-6.93126264440024));
#12717=CARTESIAN_POINT('',(58.9221030207586,71.3269361696738,-6.93126264440024));
#12718=CARTESIAN_POINT('',(58.9221030207586,71.3269361696738,-6.93126264440024));
#12719=CARTESIAN_POINT('',(60.9221030207586,71.3269361696738,-6.93126264440024));
#12720=CARTESIAN_POINT('',(48.7021030207505,74.3269361696738,-6.93126264440024));
#12721=CARTESIAN_POINT('',(48.7021030207504,74.2469361696761,-39.2190635782946));
#12722=CARTESIAN_POINT('',(50.6021030207503,73.704079026819,-39.2190635782946));
#12723=CARTESIAN_POINT('',(58.9221030207586,71.3269361696738,-12.3690635782946));
#12724=CARTESIAN_POINT('',(58.9221030207545,71.326936169675,-9.01906357829459));
#12725=CARTESIAN_POINT('',(58.9221030207586,71.3269361696738,-12.3690635782946));
#12726=CARTESIAN_POINT('',(58.9221030207586,71.3269361696738,-39.2190635782946));
#12727=CARTESIAN_POINT('',(58.9221030207586,75.3269361696738,-44.2300714626728));
#12728=CARTESIAN_POINT('',(50.6021030207504,75.3269361696738,-8.08126264440025));
#12729=CARTESIAN_POINT('',(48.7021030207505,75.3269361696738,-11.8690635782946));
#12730=CARTESIAN_POINT('',(48.5414332473026,75.3269361696738,-44.2300714626727));
#12731=CARTESIAN_POINT('',(48.7021030207505,74.3269361696738,-11.8690635782946));
#12732=CARTESIAN_POINT('',(50.6021030207504,74.4361121476738,-8.08126264440025));
#12733=CARTESIAN_POINT('',(58.9221030207504,59.406524158699,-17.5190635782946));
#12734=CARTESIAN_POINT('',(58.9221030207504,59.406524158699,-17.5190635782946));
#12735=CARTESIAN_POINT('',(58.9221030207504,59.406524158699,-10.0190635782946));
#12736=CARTESIAN_POINT('',(58.9221030207586,60.406524158699,-10.0190635782946));
#12737=CARTESIAN_POINT('',(58.9221030207504,60.406524158699,-9.01906357829459));
#12738=CARTESIAN_POINT('',(58.9221030207504,59.406524158699,-9.01906357829459));
#12739=CARTESIAN_POINT('',(58.9221030207586,65.906524158699,-15.5190635782946));
#12740=CARTESIAN_POINT('',(58.9221030207504,61.906524158699,-17.5190635782946));
#12741=CARTESIAN_POINT('',(58.9221030207586,44.7361121476734,-39.2190635782946));
#12742=CARTESIAN_POINT('',(35.7021030207504,71.3269361696738,-9.01906357829459));
#12743=CARTESIAN_POINT('',(35.7021030207504,71.3269361696738,-12.3690635782946));
#12744=CARTESIAN_POINT('',(53.9521030207504,75.6315241586997,-8.11906351218894));
#12745=CARTESIAN_POINT('',(53.9521030207504,75.6315241586997,-8.11906351218894));
#12746=CARTESIAN_POINT('',(51.4521030207504,75.6315241586997,-8.11906351218894));
#12747=CARTESIAN_POINT('',(53.9521030207505,75.6315241586997,-7.91906351218893));
#12748=CARTESIAN_POINT('',(53.9521030207505,75.8315241586997,-7.91906351218893));
#12749=CARTESIAN_POINT('',(64.57423897575,75.8315241586997,-7.91906351218893));
#12750=CARTESIAN_POINT('',(51.4521030207504,75.8315241586997,-7.91906351218893));
#12751=CARTESIAN_POINT('',(51.4521030207504,75.6315241586997,-7.91906351218893));
#12752=CARTESIAN_POINT('',(53.9521030207504,75.6315241586997,-7.91906351218893));
#12753=CARTESIAN_POINT('',(51.4521030207504,87.4815241586997,-8.11906351218894));
#12754=CARTESIAN_POINT('',(51.4521030207505,73.5315241586997,-8.11906351218894));
#12755=CARTESIAN_POINT('',(57.5971030207504,73.5315241586997,-8.11906351218894));
#12756=CARTESIAN_POINT('',(53.9521030207505,73.5315241586997,-8.11906351218894));
#12757=CARTESIAN_POINT('',(53.9521030207504,87.4815241586997,-8.11906351218894));
#12758=CARTESIAN_POINT('',(53.9521030207504,87.4815241586997,-8.11906351218894));
#12759=CARTESIAN_POINT('',(59.1521030207585,75.8315241586997,-6.31906351218891));
#12760=CARTESIAN_POINT('',(52.1521030207585,75.8315241586997,-6.31906351218891));
#12761=CARTESIAN_POINT('',(46.2021057570011,75.8315241586997,-6.31906351218891));
#12762=CARTESIAN_POINT('',(46.2021030207505,75.8315241586997,-9.42380693111742));
#12763=CARTESIAN_POINT('',(46.2021056245079,75.8315241586997,-7.6190641073335));
#12764=CARTESIAN_POINT('',(47.2021030207505,75.8315241586997,-7.84763494076037));
#12765=CARTESIAN_POINT('',(51.4521030207504,75.8315241586997,-8.81906351218893));
#12766=CARTESIAN_POINT('',(51.4521030207504,75.8315241586997,-9.42380693111742));
#12767=CARTESIAN_POINT('',(53.9521030207505,75.8315241586997,-8.81906351218894));
#12768=CARTESIAN_POINT('',(53.9521030207505,75.8315241586997,-8.81906351218894));
#12769=CARTESIAN_POINT('',(51.4521030207504,75.8315241586997,-8.81906351218894));
#12770=CARTESIAN_POINT('',(56.6021030207505,75.8315241586997,-8.81906351218891));
#12771=CARTESIAN_POINT('',(58.5575205487498,75.8315241586997,-9.79677227618861));
#12772=CARTESIAN_POINT('',(58.1352293127495,75.8315241586997,-9.58562665818844));
#12773=CARTESIAN_POINT('',(60.8185108857492,75.8315241586997,-4.21906351218892));
#12774=CARTESIAN_POINT('',(60.8185108857492,75.8315241586997,-10.2190635121889));
#12775=CARTESIAN_POINT('',(64.57423897575,75.8315241586997,-10.2190635121889));
#12776=CARTESIAN_POINT('',(68.9021030207505,75.8315241586997,-10.2190635121889));
#12777=CARTESIAN_POINT('',(68.9021030207505,75.8315241586997,-10.6190635121889));
#12778=CARTESIAN_POINT('',(69.3021030207505,75.8315241586997,-10.6190635121889));
#12779=CARTESIAN_POINT('',(69.3021030207505,75.8315241586997,-26.7640635121889));
#12780=CARTESIAN_POINT('',(69.3021030207505,75.8315241586997,-10.8190635121889));
#12781=CARTESIAN_POINT('',(68.6021030207505,75.8315241586997,-10.8190635121889));
#12782=CARTESIAN_POINT('',(70.2021030207504,75.8315241586997,-12.0190635782946));
#12783=CARTESIAN_POINT('',(68.7021030207505,75.8315241586997,-11.2190635121889));
#12784=CARTESIAN_POINT('',(68.7021030207505,75.8315241586997,-9.21906351218893));
#12785=CARTESIAN_POINT('',(57.5971030207504,75.8315241586997,-9.21906351218893));
#12786=CARTESIAN_POINT('',(65.9521030207505,75.8315241586997,-9.21906351218893));
#12787=CARTESIAN_POINT('',(57.6971030207504,75.8315241586997,-5.68120636933175));
#12788=CARTESIAN_POINT('',(64.2294262139995,75.8315241586997,-8.48077345215281));
#12789=CARTESIAN_POINT('',(63.4415876168412,75.8315241586997,-10.3190635121889));
#12790=CARTESIAN_POINT('',(63.4415876168412,75.8315241586997,-8.31906351218891));
#12791=CARTESIAN_POINT('',(57.6971030207504,75.8315241586997,-8.31906351218891));
#12792=CARTESIAN_POINT('',(62.3521030207505,75.8315241586997,-8.31906351218891));
#12793=CARTESIAN_POINT('',(62.3521030207505,75.8315241586997,-26.7640635121889));
#12794=CARTESIAN_POINT('',(62.3521030207504,75.8315241586997,-9.09234199569384));
#12795=CARTESIAN_POINT('',(62.2840569785788,75.8315241586997,-9.01906351218893));
#12796=CARTESIAN_POINT('',(62.2840569785788,75.8315241586997,-9.11906351218894));
#12797=CARTESIAN_POINT('',(62.2101226304786,75.8315241586997,-9.11906351218894));
#12798=CARTESIAN_POINT('',(60.3521030207586,75.8315241586997,-9.11906351218894));
#12799=CARTESIAN_POINT('',(60.3521030207586,75.8315241586997,-8.91906351218894));
#12800=CARTESIAN_POINT('',(60.1521030207585,75.8315241586997,-8.91906351218894));
#12801=CARTESIAN_POINT('',(60.1521030207585,75.8315241586997,-8.91906351218894));
#12802=CARTESIAN_POINT('',(60.1521030207585,75.8315241586997,-7.7604546214576));
#12803=CARTESIAN_POINT('',(59.6521030207585,75.8315241586997,-7.7604546214576));
#12804=CARTESIAN_POINT('',(59.7141203880532,75.8315241586997,-7.26431568310076));
#12805=CARTESIAN_POINT('',(52.1521030207585,75.8315241586997,-6.31906351218894));
#12806=CARTESIAN_POINT('',(64.57423897575,75.8315241586997,-9.42380693111741));
#12807=CARTESIAN_POINT('',(45.2021030207505,85.8815241586997,-6.31906351218894));
#12808=CARTESIAN_POINT('',(45.2021030207505,76.8315241586997,-6.31906351218894));
#12809=CARTESIAN_POINT('',(45.2021030207505,93.9315241586997,-6.31906351218894));
#12810=CARTESIAN_POINT('',(45.2021030207505,93.9315241586997,-14.319063512189));
#12811=CARTESIAN_POINT('',(45.2021030207505,93.9315241586997,-7.39049208361749));
#12812=CARTESIAN_POINT('',(45.2021030207505,84.9815241586998,-7.39049208361749));
#12813=CARTESIAN_POINT('',(45.2021030207505,76.8315241586997,-7.39049208361749));
#12814=CARTESIAN_POINT('',(45.2021030207505,76.8315241586997,-6.85477779790321));
#12815=CARTESIAN_POINT('',(45.2021030207505,85.8815241586997,-6.85477779790321));
#12816=CARTESIAN_POINT('',(46.2021030207505,76.8315241586997,-6.31906351218891));
#12817=CARTESIAN_POINT('',(46.2021030207505,76.8315241586997,-7.61906351218895));
#12818=CARTESIAN_POINT('',(46.2021030207505,76.8315241586997,-9.42380693111742));
#12819=CARTESIAN_POINT('',(57.5971030207504,95.1315241586997,-8.11906351218894));
#12820=CARTESIAN_POINT('',(53.9521030207504,95.1315241586997,-8.11906351218894));
#12821=CARTESIAN_POINT('',(51.4521030207504,95.1315241586997,-8.11906351218894));
#12822=CARTESIAN_POINT('',(53.9521030207504,99.4815241586997,-8.11906351218894));
#12823=CARTESIAN_POINT('',(53.9521030207504,97.2315241586997,-8.11906351218894));
#12824=CARTESIAN_POINT('',(57.5971030207504,97.2315241586997,-8.11906351218894));
#12825=CARTESIAN_POINT('',(51.4521030207504,97.2315241586997,-8.11906351218894));
#12826=CARTESIAN_POINT('',(51.4521030207504,99.4815241586997,-8.11906351218894));
#12827=CARTESIAN_POINT('',(53.9521030207504,99.4815241586997,-8.11906351218894));
#12828=CARTESIAN_POINT('',(53.9521030207505,97.2315241586997,-26.7640635121889));
#12829=CARTESIAN_POINT('',(53.9521030207504,97.2315241586997,-8.81906351218894));
#12830=CARTESIAN_POINT('',(57.5971030207504,97.2315241586997,-8.81906351218894));
#12831=CARTESIAN_POINT('',(51.4521030207504,97.2315241586997,-8.81906351218894));
#12832=CARTESIAN_POINT('',(51.4521030207505,97.2315241586997,-27.6640635121888));
#12833=CARTESIAN_POINT('',(52.8271030207545,97.2315241586997,-7.41906351218893));
#12834=CARTESIAN_POINT('',(51.4521030207504,87.4815241586997,-8.81906351218894));
#12835=CARTESIAN_POINT('',(51.4521030207505,73.5315241586997,-8.81906351218894));
#12836=CARTESIAN_POINT('',(51.4521030207505,73.5315241586997,-27.6640635121888));
#12837=CARTESIAN_POINT('',(51.4521030207504,87.4815241586997,-8.01906351218895));
#12838=CARTESIAN_POINT('',(57.5971030207504,73.5315241586997,-8.81906351218894));
#12839=CARTESIAN_POINT('',(53.9521030207505,73.5315241586997,-8.81906351218894));
#12840=CARTESIAN_POINT('',(53.9521030207505,73.5315241586997,-26.7640635121889));
#12841=CARTESIAN_POINT('',(52.8271030207545,73.5315241586997,-7.41906351218893));
#12842=CARTESIAN_POINT('',(53.9521030207505,87.4815241586997,-8.81906351218894));
#12843=CARTESIAN_POINT('',(53.9521030207505,87.4815241586997,-8.81906351218894));
#12844=CARTESIAN_POINT('',(62.3521030207504,75.8815241586997,-9.09234199569375));
#12845=CARTESIAN_POINT('',(62.3521030207504,75.8815241586997,-9.09234199569384));
#12846=CARTESIAN_POINT('',(62.3521030207505,75.8815241586997,-8.81906351218891));
#12847=CARTESIAN_POINT('',(62.3521030207504,75.8815241586997,-8.81906351218894));
#12848=CARTESIAN_POINT('',(62.382696370962,75.8815241586997,-9.00262361345838));
#12849=CARTESIAN_POINT('',(62.2840569785788,75.8815241586997,-9.01906351218893));
#12850=CARTESIAN_POINT('',(53.9521030207505,75.8815241586997,0.880936487811081));
#12851=CARTESIAN_POINT('',(62.3521030207505,84.9815241586998,-8.81906351218891));
#12852=CARTESIAN_POINT('',(62.3521030207505,94.9315241586997,-8.81906351218891));
#12853=CARTESIAN_POINT('',(63.2687696874171,94.9315241586997,-14.319063512189));
#12854=CARTESIAN_POINT('',(62.382696370962,94.9315241586997,-9.00262361345838));
#12855=CARTESIAN_POINT('',(62.382696370962,84.9815241586998,-9.00262361345838));
#12856=CARTESIAN_POINT('',(62.4021030207504,64.7375217586997,-9.11906351218894));
#12857=CARTESIAN_POINT('',(62.3521030207504,81.8815241586997,-9.09234199569384));
#12858=CARTESIAN_POINT('',(62.2840569785788,94.9315241586997,-9.01906351218893));
#12859=CARTESIAN_POINT('',(62.2840569785788,94.9315241586997,-9.11906351218894));
#12860=CARTESIAN_POINT('',(62.2840569785788,84.9815241586998,-9.11906351218894));
#12861=CARTESIAN_POINT('',(62.2840569785788,84.9815241586998,-9.01906351218893));
#12862=CARTESIAN_POINT('',(60.3521030207586,85.8815241586997,-9.11906351218894));
#12863=CARTESIAN_POINT('',(60.3521030207586,94.9315241586997,-9.11906351218894));
#12864=CARTESIAN_POINT('',(57.5971030207504,94.9315241586997,-9.11906351218894));
#12865=CARTESIAN_POINT('',(62.2101226304786,85.8815241586997,-9.11906351218894));
#12866=CARTESIAN_POINT('',(60.1521030207585,85.8815241586997,-8.91906351218894));
#12867=CARTESIAN_POINT('',(60.1521030207585,94.9315241586997,-8.91906351218894));
#12868=CARTESIAN_POINT('',(60.3521030207586,94.9315241586997,-8.91906351218894));
#12869=CARTESIAN_POINT('',(60.3521030207586,85.8815241586997,-8.91906351218894));
#12870=CARTESIAN_POINT('',(60.1521030207585,84.9815241586998,-7.7604546214576));
#12871=CARTESIAN_POINT('',(60.1521030207585,94.9315241586997,-7.7604546214576));
#12872=CARTESIAN_POINT('',(60.1521030207585,94.9315241586997,-9.21906351218893));
#12873=CARTESIAN_POINT('',(60.1521030207585,85.8815241586997,-8.91906351218894));
#12874=CARTESIAN_POINT('',(59.6521030207585,94.9315241586997,-7.7604546214576));
#12875=CARTESIAN_POINT('',(59.7141203880532,94.9315241586997,-7.26431568310076));
#12876=CARTESIAN_POINT('',(59.7141203880532,84.9815241586998,-7.26431568310076));
#12877=CARTESIAN_POINT('',(59.6521030207585,84.9815241586998,-7.7604546214576));
#12878=CARTESIAN_POINT('',(52.1521030207585,84.9815241586998,-6.31906351218891));
#12879=CARTESIAN_POINT('',(52.1521030207585,94.9315241586997,-6.31906351218891));
#12880=CARTESIAN_POINT('',(57.5971030207504,94.9315241586997,-6.9996885121879));
#12881=CARTESIAN_POINT('',(52.1521030207585,85.8815241586997,-6.31906351218894));
#12882=CARTESIAN_POINT('',(60.4257098185004,94.9315241586997,-6.31906351218891));
#12883=CARTESIAN_POINT('',(46.2021030207505,94.9315241586997,-6.31906351218891));
#12884=CARTESIAN_POINT('',(46.2021030207505,93.9315241586997,-6.31906351218894));
#12885=CARTESIAN_POINT('',(59.1521030207585,85.8815241586997,-6.31906351218891));
#12886=CARTESIAN_POINT('',(46.2021030207505,94.9315241586997,-14.319063512189));
#12887=CARTESIAN_POINT('',(46.2021030207504,94.9315241586997,-7.61906351218893));
#12888=CARTESIAN_POINT('',(46.2021030207505,93.9315241586997,-7.61906351218893));
#12889=CARTESIAN_POINT('',(46.2021030207505,93.9315241586997,-14.319063512189));
#12890=CARTESIAN_POINT('',(57.5971030207504,94.9315241586997,-10.2236349407604));
#12891=CARTESIAN_POINT('',(51.4521030207504,94.9315241586997,-8.81906351218894));
#12892=CARTESIAN_POINT('',(51.4521030207504,84.9815241586998,-8.81906351218894));
#12893=CARTESIAN_POINT('',(47.2021030207505,85.8815241586997,-7.84763494076037));
#12894=CARTESIAN_POINT('',(51.4521030207505,94.9315241586997,-14.319063512189));
#12895=CARTESIAN_POINT('',(51.4521030207504,94.9315241586997,-7.91906351218893));
#12896=CARTESIAN_POINT('',(51.4521030207504,95.1315241586997,-7.91906351218893));
#12897=CARTESIAN_POINT('',(51.4521030207504,99.4815241586997,-8.81906351218894));
#12898=CARTESIAN_POINT('',(51.4521030207504,99.4815241586997,-8.01906351218895));
#12899=CARTESIAN_POINT('',(57.5971030207504,94.9315241586997,-7.91906351218893));
#12900=CARTESIAN_POINT('',(53.9521030207504,94.9315241586997,-7.91906351218893));
#12901=CARTESIAN_POINT('',(53.9521030207504,95.1315241586997,-7.91906351218893));
#12902=CARTESIAN_POINT('',(57.5971030207504,95.1315241586997,-7.91906351218893));
#12903=CARTESIAN_POINT('',(53.9521030207505,94.9315241586997,-14.319063512189));
#12904=CARTESIAN_POINT('',(53.9521030207505,94.9315241586997,-8.81906351218894));
#12905=CARTESIAN_POINT('',(53.9521030207505,99.4815241586997,-8.81906351218894));
#12906=CARTESIAN_POINT('',(53.9521030207505,99.4815241586997,-8.81906351218894));
#12907=CARTESIAN_POINT('',(57.5971030207504,94.9315241586997,-8.81906351218891));
#12908=CARTESIAN_POINT('',(56.6021030207505,94.9315241586997,-8.81906351218891));
#12909=CARTESIAN_POINT('',(56.6021030207505,85.8815241586997,-8.81906351218891));
#12910=CARTESIAN_POINT('',(51.4521030207504,93.4815241586997,-8.81906351218894));
#12911=CARTESIAN_POINT('',(58.1352293127495,84.9815241586998,-9.58562665818844));
#12912=CARTESIAN_POINT('',(58.1352293127495,94.9315241586997,-9.58562665818844));
#12913=CARTESIAN_POINT('',(57.5971030207504,94.9315241586997,-9.3165635121889));
#12914=CARTESIAN_POINT('',(58.5575205487498,90.8815241586997,-9.79677227618861));
#12915=CARTESIAN_POINT('',(60.8185108857492,94.9315241586997,-4.21906351218892));
#12916=CARTESIAN_POINT('',(60.8185108857492,94.9315241586997,-10.2190635121889));
#12917=CARTESIAN_POINT('',(60.8185108857492,84.9815241586998,-10.2190635121889));
#12918=CARTESIAN_POINT('',(60.8185108857492,84.9815241586998,-4.21906351218892));
#12919=CARTESIAN_POINT('',(69.3021030207505,85.8815241586997,-10.8190635121889));
#12920=CARTESIAN_POINT('',(69.3021030207505,94.9315241586997,-10.8190635121889));
#12921=CARTESIAN_POINT('',(69.3021030207505,85.8815241586997,-10.6190635121889));
#12922=CARTESIAN_POINT('',(69.3021030207505,94.9315241586997,-10.6190635121889));
#12923=CARTESIAN_POINT('',(69.3021030207505,94.9315241586997,-26.7640635121889));
#12924=CARTESIAN_POINT('',(69.3021030207505,85.8815241586997,-10.6190635121889));
#12925=CARTESIAN_POINT('',(68.9021030207505,85.8815241586997,-10.2190635121889));
#12926=CARTESIAN_POINT('',(68.9021030207505,94.9315241586997,-10.2190635121889));
#12927=CARTESIAN_POINT('',(68.9021030207505,94.9315241586997,-10.6190635121889));
#12928=CARTESIAN_POINT('',(68.9021030207505,85.8815241586997,-10.6190635121889));
#12929=CARTESIAN_POINT('',(57.5971030207504,94.9315241586997,-10.2190635121889));
#12930=CARTESIAN_POINT('',(59.4021030207505,90.8815241586997,-10.2190635121889));
#12931=CARTESIAN_POINT('',(62.3521030207505,85.8815241586997,-8.31906351218891));
#12932=CARTESIAN_POINT('',(62.3521030207505,94.9315241586997,-8.31906351218891));
#12933=CARTESIAN_POINT('',(62.3521030207505,94.9315241586997,-26.7640635121889));
#12934=CARTESIAN_POINT('',(62.3521030207505,90.8815241586997,-8.71906351218892));
#12935=CARTESIAN_POINT('',(63.4415876168412,84.9815241586998,-8.31906351218891));
#12936=CARTESIAN_POINT('',(63.4415876168412,94.9315241586997,-8.31906351218891));
#12937=CARTESIAN_POINT('',(57.6971030207504,94.9315241586997,-8.31906351218891));
#12938=CARTESIAN_POINT('',(63.8521030207505,85.8815241586997,-8.31906351218891));
#12939=CARTESIAN_POINT('',(64.2294262139995,84.9815241586998,-8.48077345215281));
#12940=CARTESIAN_POINT('',(64.2294262139995,94.9315241586997,-8.48077345215281));
#12941=CARTESIAN_POINT('',(63.4415876168412,94.9315241586997,-10.3190635121889));
#12942=CARTESIAN_POINT('',(63.4415876168412,84.9815241586998,-10.3190635121889));
#12943=CARTESIAN_POINT('',(65.9521030207505,85.8815241586997,-9.21906351218893));
#12944=CARTESIAN_POINT('',(65.9521030207505,94.9315241586997,-9.21906351218893));
#12945=CARTESIAN_POINT('',(57.6971030207504,94.9315241586997,-5.68120636933175));
#12946=CARTESIAN_POINT('',(65.9521030207505,85.8815241586997,-9.21906351218893));
#12947=CARTESIAN_POINT('',(68.7021030207505,85.8815241586997,-9.21906351218893));
#12948=CARTESIAN_POINT('',(68.7021030207505,94.9315241586997,-9.21906351218893));
#12949=CARTESIAN_POINT('',(57.5971030207504,94.9315241586997,-9.21906351218893));
#12950=CARTESIAN_POINT('',(68.7021030207505,85.8815241586997,-9.21906351218893));
#12951=CARTESIAN_POINT('',(68.7021030207505,94.9315241586997,-11.2190635121889));
#12952=CARTESIAN_POINT('',(68.7021030207505,85.8815241586997,-11.2190635121889));
#12953=CARTESIAN_POINT('',(68.6021030207505,85.4361121476738,-10.8190635121889));
#12954=CARTESIAN_POINT('',(68.7021030207504,85.4361121476738,-11.5118838352165));
#12955=CARTESIAN_POINT('',(68.7021030207504,85.4361121476738,-22.2940635782946));
#12956=CARTESIAN_POINT('',(35.7021030207504,85.4361121476738,-22.2940635782946));
#12957=CARTESIAN_POINT('',(68.7021030207504,85.8815241586997,-11.5118838352165));
#12958=CARTESIAN_POINT('',(68.7021030207504,94.9315241586997,-11.5118838352165));
#12959=CARTESIAN_POINT('',(68.7021030207504,94.9315241586997,-16.4440635782946));
#12960=CARTESIAN_POINT('',(68.7021030207504,85.4361121476738,-16.4440635782946));
#12961=CARTESIAN_POINT('',(68.6021030207505,94.9315241586997,-10.8190635121889));
#12962=CARTESIAN_POINT('',(55.1771030207504,94.9315241586997,-16.744063512189));
#12963=CARTESIAN_POINT('',(68.6021030207505,85.8815241586997,-10.8190635121889));
#12964=CARTESIAN_POINT('',(58.9221030207586,99.4361121476738,-7.73126264440021));
#12965=CARTESIAN_POINT('',(50.6021030207503,97.0589692905286,-7.73126264440021));
#12966=CARTESIAN_POINT('',(54.4221030207586,98.1503978619596,-7.73126264440021));
#12967=CARTESIAN_POINT('',(54.4221030207586,96.4361121476739,-7.73126264440021));
#12968=CARTESIAN_POINT('',(54.4221030207586,95.4361121476738,-7.73126264440019));
#12969=CARTESIAN_POINT('',(48.5414332473026,95.4361121476738,-7.73126264440019));
#12970=CARTESIAN_POINT('',(50.6021030207504,95.4361121476739,-7.73126264440019));
#12971=CARTESIAN_POINT('',(50.6021030207503,96.4361121476739,-7.73126264440021));
#12972=CARTESIAN_POINT('',(50.6021030207504,96.4361121476739,-7.73126264440021));
#12973=CARTESIAN_POINT('',(59.6592831296606,99.6467350359316,-9.47698934736754));
#12974=CARTESIAN_POINT('',(58.9221030207586,99.4361121476738,-9.23126264440019));
#12975=CARTESIAN_POINT('',(58.9221030207586,126.136112147674,-9.23126264440024));
#12976=CARTESIAN_POINT('',(58.9221030207586,95.4361121476738,-9.23126264440019));
#12977=CARTESIAN_POINT('',(54.4221030207586,95.4361121476738,-7.73126264440019));
#12978=CARTESIAN_POINT('',(54.4221030207586,96.4361121476739,-7.73126264440021));
#12979=CARTESIAN_POINT('',(48.5414332473026,95.4361121476738,-6.93126264440018));
#12980=CARTESIAN_POINT('',(48.7021030207505,95.4361121476739,-6.93126264440018));
#12981=CARTESIAN_POINT('',(58.9221030207586,99.4361121476738,-6.9312626444002));
#12982=CARTESIAN_POINT('',(58.9221030207586,99.4361121476738,-6.93126264440021));
#12983=CARTESIAN_POINT('',(58.9221030207586,99.4361121476738,-6.93126264440021));
#12984=CARTESIAN_POINT('',(48.7021030207504,96.5161121476715,-6.9312626444002));
#12985=CARTESIAN_POINT('',(48.7021030207504,96.4361121476739,-6.9312626444002));
#12986=CARTESIAN_POINT('',(60.9221030207586,96.4361121476739,-6.9312626444002));
#12987=CARTESIAN_POINT('',(60.9221030207504,104.2315241587,-12.1190635782946));
#12988=CARTESIAN_POINT('',(60.9221030207504,104.2315241587,-9.01906357829459));
#12989=CARTESIAN_POINT('',(60.9221030207586,104.8565241587,-15.5190635782946));
#12990=CARTESIAN_POINT('',(60.9221030207504,111.3565241587,-17.5190635782946));
#12991=CARTESIAN_POINT('',(60.9221030207504,111.3565241587,-17.5190635782946));
#12992=CARTESIAN_POINT('',(60.9221030207504,111.3565241587,-9.0190635782946));
#12993=CARTESIAN_POINT('',(60.9221030207504,111.3565241587,-10.0190635782946));
#12994=CARTESIAN_POINT('',(60.9221030207586,110.3565241587,-10.0190635782946));
#12995=CARTESIAN_POINT('',(60.9221030207504,110.3565241587,-9.0190635782946));
#12996=CARTESIAN_POINT('',(60.9221030207504,98.3565241587005,-9.0190635782946));
#12997=CARTESIAN_POINT('',(60.9221030207586,96.4361121476738,-34.7068645121889));
#12998=CARTESIAN_POINT('',(48.7021030207504,96.5161121476715,-11.8690635782945));
#12999=CARTESIAN_POINT('',(58.9221030207586,99.4361121476738,-11.8690635782945));
#13000=CARTESIAN_POINT('',(58.9221030207504,99.4361121476738,-9.0190635782946));
#13001=CARTESIAN_POINT('',(58.9221030207586,99.4361121476738,-11.8690635782945));
#13002=CARTESIAN_POINT('',(50.6021030207503,97.0589692905286,-11.8690635782945));
#13003=CARTESIAN_POINT('',(58.9221030207586,99.4361121476738,-11.8690635782945));
#13004=CARTESIAN_POINT('',(35.7021030207504,99.4361121476738,-9.0190635782946));
#13005=CARTESIAN_POINT('',(35.7021030207504,99.4361121476739,-29.6190635782945));
#13006=CARTESIAN_POINT('',(58.9221030207504,98.3565241587005,-9.0190635782946));
#13007=CARTESIAN_POINT('',(58.9221030207504,110.3565241587,-9.0190635782946));
#13008=CARTESIAN_POINT('',(58.9221030207586,110.3565241587,-10.0190635782946));
#13009=CARTESIAN_POINT('',(58.9221030207504,111.3565241587,-10.0190635782946));
#13010=CARTESIAN_POINT('',(58.9221030207504,111.3565241587,-9.0190635782946));
#13011=CARTESIAN_POINT('',(58.9221030207504,111.3565241587,-17.5190635782946));
#13012=CARTESIAN_POINT('',(58.9221030207504,111.3565241587,-17.5190635782946));
#13013=CARTESIAN_POINT('',(58.9221030207586,104.8565241587,-15.5190635782946));
#13014=CARTESIAN_POINT('',(58.9221030207586,95.4361121476738,2.24194430608364));
#13015=CARTESIAN_POINT('',(58.9221030207586,126.136112147674,-11.8690635782945));
#13016=CARTESIAN_POINT('',(48.7021030207504,95.4361121476738,2.24194430608362));
#13017=CARTESIAN_POINT('',(48.7021030207505,96.4361121476738,-30.1190635782946));
#13018=CARTESIAN_POINT('',(50.6021030207503,95.4361121476738,2.24194430608362));
#13019=CARTESIAN_POINT('',(50.6021030207504,96.4361121476738,-33.9068645121889));
#13020=CARTESIAN_POINT('',(48.5414332473026,95.4361121476738,2.24194430608362));
#13021=CARTESIAN_POINT('',(60.9221030207504,59.406524158699,-38.0690635782979));
#13022=CARTESIAN_POINT('',(60.9221030207504,59.406524158699,-30.5690635782979));
#13023=CARTESIAN_POINT('',(60.9221030207504,59.406524158699,-39.0690635782979));
#13024=CARTESIAN_POINT('',(60.9221030207504,59.406524158699,-30.5690635782979));
#13025=CARTESIAN_POINT('',(70.5021030207504,62.731524158772,-39.0690635782979));
#13026=CARTESIAN_POINT('',(70.5021030207504,62.531524158772,-39.0690635782979));
#13027=CARTESIAN_POINT('',(70.7021030207503,62.531524158772,-39.0690635782979));
#13028=CARTESIAN_POINT('',(60.9221030207504,60.406524158699,-39.0690635782979));
#13029=CARTESIAN_POINT('',(70.7021030207503,65.231524158772,-39.0690635782979));
#13030=CARTESIAN_POINT('',(70.5021030207504,65.231524158772,-39.0690635782979));
#13031=CARTESIAN_POINT('',(70.5021030207504,65.031524158772,-39.0690635782979));
#13032=CARTESIAN_POINT('',(60.9221030207504,72.406524158699,-39.0690635782979));
#13033=CARTESIAN_POINT('',(60.9221030207504,59.406524158699,-10.0190635782946));
#13034=CARTESIAN_POINT('',(60.9221030207504,59.406524158699,-17.5190635782946));
#13035=CARTESIAN_POINT('',(60.9221030207504,59.406524158699,-17.5190635782946));
#13036=CARTESIAN_POINT('',(60.9221030207504,60.406524158699,-9.01906357829459));
#13037=CARTESIAN_POINT('',(60.9221030207504,59.406524158699,-9.01906357829459));
#13038=CARTESIAN_POINT('',(60.9221030207504,61.906524158699,-17.5190635782946));
#13039=CARTESIAN_POINT('',(60.9221030207504,111.3565241587,-30.5690635782979));
#13040=CARTESIAN_POINT('',(60.9221030207504,108.8565241587,-30.5690635782979));
#13041=CARTESIAN_POINT('',(60.9221030207504,111.3565241587,-38.0690635782979));
#13042=CARTESIAN_POINT('',(60.9221030207504,111.3565241587,-30.5690635782979));
#13043=CARTESIAN_POINT('',(60.9221030207504,110.3565241587,-39.0690635782979));
#13044=CARTESIAN_POINT('',(60.9221030207504,111.3565241587,-39.0690635782979));
#13045=CARTESIAN_POINT('',(70.5021030207504,104.0315241587,-9.0190635782946));
#13046=CARTESIAN_POINT('',(70.5021030207504,104.2315241587,-9.01906357829459));
#13047=CARTESIAN_POINT('',(70.7021030207503,104.2315241587,-9.01906357829459));
#13048=CARTESIAN_POINT('',(60.9221030207504,110.3565241587,-9.0190635782946));
#13049=CARTESIAN_POINT('',(70.7021030207503,101.5315241587,-9.01906357829459));
#13050=CARTESIAN_POINT('',(70.5021030207504,101.5315241587,-9.01906357829459));
#13051=CARTESIAN_POINT('',(70.5021030207504,101.7315241587,-9.0190635782946));
#13052=CARTESIAN_POINT('',(60.9221030207504,98.3565241587005,-9.0190635782946));
#13053=CARTESIAN_POINT('',(60.9221030207504,111.3565241587,-10.0190635782946));
#13054=CARTESIAN_POINT('',(60.9221030207504,111.3565241587,-17.5190635782946));
#13055=CARTESIAN_POINT('',(60.9221030207504,111.3565241587,-9.0190635782946));
#13056=CARTESIAN_POINT('',(60.9221030207504,111.3565241587,-17.5190635782946));
#13057=CARTESIAN_POINT('',(60.9221030207504,60.406524158699,-38.0690635782979));
#13058=CARTESIAN_POINT('',(60.9221030207504,110.3565241587,-38.0690635782979));
#13059=CARTESIAN_POINT('',(60.9221030207504,60.406524158699,-10.0190635782946));
#13060=CARTESIAN_POINT('',(60.9221030207504,110.3565241587,-10.0190635782946));
#13061=CARTESIAN_POINT('',(52.0021030207504,65.906524158699,-15.5190635782946));
#13062=CARTESIAN_POINT('',(70.2021030207504,104.8565241587,-15.5190635782946));
#13063=CARTESIAN_POINT('',(52.0021030207504,104.8565241587,-15.5190635782946));
#13064=CARTESIAN_POINT('',(52.0021030207504,104.8565241587,-15.5190635782946));
#13065=CARTESIAN_POINT('',(70.2021030207504,104.8565241587,-32.5690635782979));
#13066=CARTESIAN_POINT('',(52.0021030207504,104.8565241587,-32.5690635782979));
#13067=CARTESIAN_POINT('',(52.0021030207504,104.8565241587,-32.5690635782979));
#13068=CARTESIAN_POINT('',(52.0021030207504,65.906524158699,-32.5690635782979));
#13069=CARTESIAN_POINT('',(71.0021030207504,106.443872538971,-24.0440635782981));
#13070=CARTESIAN_POINT('',(72.0021030207504,106.443872538971,-24.0440635782981));
#13071=CARTESIAN_POINT('',(71.0021030207504,96.3315241587003,-34.1564119585687));
#13072=CARTESIAN_POINT('',(72.0021030207504,96.3315241587003,-34.1564119585687));
#13073=CARTESIAN_POINT('',(71.0021030207504,85.3815241586998,-34.1564119585685));
#13074=CARTESIAN_POINT('',(72.0021030207504,85.3815241586998,-34.1564119585685));
#13075=CARTESIAN_POINT('',(71.0021030207504,74.4315241586993,-34.1564119585684));
#13076=CARTESIAN_POINT('',(72.0021030207504,74.4315241586993,-34.1564119585684));
#13077=CARTESIAN_POINT('',(71.0021030207504,64.3191757784283,-24.0440635782979));
#13078=CARTESIAN_POINT('',(72.0021030207504,64.3191757784283,-24.0440635782979));
#13079=CARTESIAN_POINT('',(71.0021030207504,74.4315241586993,-13.9317151980274));
#13080=CARTESIAN_POINT('',(72.0021030207504,74.4315241586993,-13.9317151980274));
#13081=CARTESIAN_POINT('',(71.0021030207504,85.3815241586998,-13.9317151980275));
#13082=CARTESIAN_POINT('',(72.0021030207504,85.3815241586998,-13.9317151980275));
#13083=CARTESIAN_POINT('',(71.0021030207504,96.3315241587003,-13.9317151980276));
#13084=CARTESIAN_POINT('',(72.0021030207504,96.3315241587003,-13.9317151980276));
#13085=CARTESIAN_POINT('',(71.0021030207504,105.151231875481,-22.5179311741169));
#13086=CARTESIAN_POINT('',(71.0021030207504,101.8065241587,-18.5690635782981));
#13087=CARTESIAN_POINT('',(71.0021030207504,105.151231875481,-25.5701959824793));
#13088=CARTESIAN_POINT('',(71.0021030207504,106.443872538971,-24.0440635782981));
#13089=CARTESIAN_POINT('',(71.0021030207504,101.8065241587,-29.5190635782981));
#13090=CARTESIAN_POINT('',(71.0021030207504,101.8065241587,-18.5690635782981));
#13091=CARTESIAN_POINT('',(71.0021030207504,94.805391754519,-15.2243558615176));
#13092=CARTESIAN_POINT('',(71.0021030207504,90.8565241587,-18.569063578298));
#13093=CARTESIAN_POINT('',(71.0021030207504,97.8576565628815,-15.2243558615176));
#13094=CARTESIAN_POINT('',(71.0021030207504,96.3315241587003,-13.9317151980276));
#13095=CARTESIAN_POINT('',(71.0021030207504,101.8065241587,-18.5690635782981));
#13096=CARTESIAN_POINT('',(71.0021030207504,83.8553917545185,-15.2243558615175));
#13097=CARTESIAN_POINT('',(71.0021030207504,79.9065241586995,-18.5690635782979));
#13098=CARTESIAN_POINT('',(71.0021030207504,86.907656562881,-15.2243558615175));
#13099=CARTESIAN_POINT('',(71.0021030207504,85.3815241586998,-13.9317151980275));
#13100=CARTESIAN_POINT('',(71.0021030207504,90.8565241587,-18.569063578298));
#13101=CARTESIAN_POINT('',(71.0021030207504,72.905391754518,-15.2243558615174));
#13102=CARTESIAN_POINT('',(71.0021030207504,68.956524158699,-18.5690635782978));
#13103=CARTESIAN_POINT('',(71.0021030207504,75.9576565628805,-15.2243558615174));
#13104=CARTESIAN_POINT('',(71.0021030207504,74.4315241586993,-13.9317151980274));
#13105=CARTESIAN_POINT('',(71.0021030207504,79.9065241586995,-18.5690635782979));
#13106=CARTESIAN_POINT('',(71.0021030207504,68.956524158699,-18.5690635782978));
#13107=CARTESIAN_POINT('',(71.0021030207504,65.6118164419184,-25.5701959824791));
#13108=CARTESIAN_POINT('',(71.0021030207504,68.9565241586991,-29.5190635782979));
#13109=CARTESIAN_POINT('',(71.0021030207504,65.6118164419184,-22.5179311741167));
#13110=CARTESIAN_POINT('',(71.0021030207504,64.3191757784283,-24.0440635782979));
#13111=CARTESIAN_POINT('',(71.0021030207504,68.956524158699,-18.5690635782978));
#13112=CARTESIAN_POINT('',(71.0021030207504,75.9576565628805,-32.8637712950784));
#13113=CARTESIAN_POINT('',(71.0021030207504,79.9065241586995,-29.5190635782979));
#13114=CARTESIAN_POINT('',(71.0021030207504,72.9053917545181,-32.8637712950784));
#13115=CARTESIAN_POINT('',(71.0021030207504,74.4315241586993,-34.1564119585684));
#13116=CARTESIAN_POINT('',(71.0021030207504,68.9565241586991,-29.5190635782979));
#13117=CARTESIAN_POINT('',(71.0021030207504,68.9565241586991,-29.5190635782979));
#13118=CARTESIAN_POINT('',(71.0021030207504,83.8553917545185,-32.8637712950785));
#13119=CARTESIAN_POINT('',(71.0021030207504,79.9065241586996,-29.519063578298));
#13120=CARTESIAN_POINT('',(71.0021030207504,86.907656562881,-32.8637712950785));
#13121=CARTESIAN_POINT('',(71.0021030207504,85.3815241586998,-34.1564119585685));
#13122=CARTESIAN_POINT('',(71.0021030207504,90.8565241587,-29.519063578298));
#13123=CARTESIAN_POINT('',(71.0021030207504,97.8576565628815,-32.8637712950786));
#13124=CARTESIAN_POINT('',(71.0021030207504,101.8065241587,-29.5190635782981));
#13125=CARTESIAN_POINT('',(71.0021030207504,94.805391754519,-32.8637712950786));
#13126=CARTESIAN_POINT('',(71.0021030207504,96.3315241587003,-34.1564119585687));
#13127=CARTESIAN_POINT('',(71.0021030207504,90.8565241587001,-29.5190635782981));
#13128=CARTESIAN_POINT('',(71.0021030207504,101.8065241587,-29.5190635782981));
#13129=CARTESIAN_POINT('',(43.1271030207489,106.606524158699,-12.5690635782966));
#13130=CARTESIAN_POINT('',(38.6271030207489,106.606524158699,-18.5690635782946));
#13131=CARTESIAN_POINT('',(43.1271030207489,97.006524158699,-18.5690635782946));
#13132=CARTESIAN_POINT('',(43.6271030207489,97.006524158699,-18.5690635782946));
#13133=CARTESIAN_POINT('',(43.1271030207489,95.656524158699,-12.5690635782966));
#13134=CARTESIAN_POINT('',(38.6271030207489,95.656524158699,-18.5690635782946));
#13135=CARTESIAN_POINT('',(43.1271030207489,86.056524158699,-18.5690635782946));
#13136=CARTESIAN_POINT('',(43.6271030207489,86.056524158699,-18.5690635782946));
#13137=CARTESIAN_POINT('',(43.1271030207489,84.706524158699,-12.5690635782966));
#13138=CARTESIAN_POINT('',(38.6271030207489,84.706524158699,-18.5690635782946));
#13139=CARTESIAN_POINT('',(43.1271030207489,75.106524158699,-18.5690635782946));
#13140=CARTESIAN_POINT('',(43.6271030207489,75.106524158699,-18.5690635782946));
#13141=CARTESIAN_POINT('',(43.1271030207489,64.156524158699,-18.5690635782946));
#13142=CARTESIAN_POINT('',(38.6271030207489,64.156524158699,-18.5690635782946));
#13143=CARTESIAN_POINT('',(43.6271030207489,64.656524158699,-12.5690635782966));
#13144=CARTESIAN_POINT('',(43.6271030207489,65.906524158699,-15.5190635782946));
#13145=CARTESIAN_POINT('',(43.6271030207489,65.906524158699,-12.0190635782946));
#13146=CARTESIAN_POINT('',(43.6271030207489,104.856524158701,-12.0190635782946));
#13147=CARTESIAN_POINT('',(43.6271030207489,104.8565241587,-12.0190635782946));
#13148=CARTESIAN_POINT('',(43.6271030207489,104.8565241587,-15.5190635782946));
#13149=CARTESIAN_POINT('',(43.6271030207489,106.106524158699,-18.5690635782946));
#13150=CARTESIAN_POINT('',(43.6271030207489,97.506524158699,-12.5690635782966));
#13151=CARTESIAN_POINT('',(43.6271030207489,95.156524158699,-18.5690635782946));
#13152=CARTESIAN_POINT('',(43.6271030207489,86.556524158699,-12.5690635782966));
#13153=CARTESIAN_POINT('',(43.6271030207489,84.206524158699,-18.5690635782946));
#13154=CARTESIAN_POINT('',(43.6271030207489,75.606524158699,-12.5690635782966));
#13155=CARTESIAN_POINT('',(43.6271030207489,73.256524158699,-18.5690635782946));
#13156=CARTESIAN_POINT('',(43.6271030207489,64.156524158699,-18.5690635782946));
#13157=CARTESIAN_POINT('',(43.1271030207489,73.756524158699,-12.5690635782966));
#13158=CARTESIAN_POINT('',(43.6271030207489,73.756524158699,-18.5690635782946));
#13159=CARTESIAN_POINT('',(34.0021030207506,84.706524158699,-23.5190635782967));
#13160=CARTESIAN_POINT('',(29.5021030207506,84.706524158699,-29.5190635782946));
#13161=CARTESIAN_POINT('',(34.5021030207506,84.206524158699,-29.5190635782946));
#13162=CARTESIAN_POINT('',(34.5021030207506,75.606524158699,-23.5190635782967));
#13163=CARTESIAN_POINT('',(34.5021030207506,84.706524158699,-29.5190635782946));
#13164=CARTESIAN_POINT('',(34.0021030207506,75.106524158699,-29.5190635782946));
#13165=CARTESIAN_POINT('',(34.5021030207506,75.106524158699,-29.5190635782946));
#13166=CARTESIAN_POINT('',(34.0021030207506,95.656524158699,-23.5190635782967));
#13167=CARTESIAN_POINT('',(29.5021030207506,95.656524158699,-29.5190635782946));
#13168=CARTESIAN_POINT('',(34.5021030207506,95.156524158699,-29.5190635782946));
#13169=CARTESIAN_POINT('',(34.5021030207506,86.556524158699,-23.5190635782967));
#13170=CARTESIAN_POINT('',(34.5021030207506,95.656524158699,-29.5190635782946));
#13171=CARTESIAN_POINT('',(34.0021030207506,86.056524158699,-29.5190635782946));
#13172=CARTESIAN_POINT('',(34.5021030207506,86.056524158699,-29.5190635782946));
#13173=CARTESIAN_POINT('',(34.0021030207506,106.606524158699,-23.5190635782967));
#13174=CARTESIAN_POINT('',(29.5021030207506,106.606524158699,-29.5190635782946));
#13175=CARTESIAN_POINT('',(34.5021030207506,106.106524158699,-29.5190635782946));
#13176=CARTESIAN_POINT('',(34.5021030207506,97.506524158699,-23.5190635782967));
#13177=CARTESIAN_POINT('',(34.5021030207506,106.606524158699,-29.5190635782946));
#13178=CARTESIAN_POINT('',(34.0021030207506,97.006524158699,-29.5190635782946));
#13179=CARTESIAN_POINT('',(34.5021030207506,97.006524158699,-29.5190635782946));
#13180=CARTESIAN_POINT('',(34.0021030207506,73.756524158699,-23.5190635782967));
#13181=CARTESIAN_POINT('',(29.5021030207506,73.756524158699,-29.5190635782946));
#13182=CARTESIAN_POINT('',(34.5021030207506,73.256524158699,-29.5190635782946));
#13183=CARTESIAN_POINT('',(34.5021030207506,64.656524158699,-23.5190635782967));
#13184=CARTESIAN_POINT('',(34.5021030207506,73.756524158699,-29.5190635782946));
#13185=CARTESIAN_POINT('',(34.0021030207506,64.156524158699,-29.5190635782946));
#13186=CARTESIAN_POINT('',(34.5021030207506,64.156524158699,-29.5190635782946));
#13187=CARTESIAN_POINT('',(34.0021030207506,73.256524158699,-29.5190635782946));
#13188=CARTESIAN_POINT('',(43.1271030207489,73.256524158699,-18.5690635782946));
#13189=CARTESIAN_POINT('',(34.0021030207506,84.206524158699,-29.5190635782946));
#13190=CARTESIAN_POINT('',(43.1271030207489,84.206524158699,-18.5690635782946));
#13191=CARTESIAN_POINT('',(34.0021030207506,95.156524158699,-29.5190635782946));
#13192=CARTESIAN_POINT('',(43.1271030207489,95.156524158699,-18.5690635782946));
#13193=CARTESIAN_POINT('',(34.0021030207506,106.106524158699,-29.5190635782946));
#13194=CARTESIAN_POINT('',(43.1271030207489,106.106524158699,-18.5690635782946));
#13195=CARTESIAN_POINT('',(34.0021030207506,97.506524158699,-29.5190635782946));
#13196=CARTESIAN_POINT('',(43.1271030207489,97.506524158699,-18.5690635782946));
#13197=CARTESIAN_POINT('',(34.0021030207506,86.556524158699,-29.5190635782946));
#13198=CARTESIAN_POINT('',(43.1271030207489,86.556524158699,-18.5690635782946));
#13199=CARTESIAN_POINT('',(43.1271030207489,75.606524158699,-18.5690635782946));
#13200=CARTESIAN_POINT('',(34.0021030207506,75.606524158699,-29.5190635782946));
#13201=CARTESIAN_POINT('',(34.0021030207506,64.656524158699,-29.5190635782946));
#13202=CARTESIAN_POINT('',(43.1271030207489,64.656524158699,-18.5690635782946));
#13203=CARTESIAN_POINT('',(70.2021030207504,60.0655270127706,-14.0190635782946));
#13204=CARTESIAN_POINT('',(70.2021030207504,60.0655270127706,-14.0190635782946));
#13205=CARTESIAN_POINT('',(-26.1198969792495,60.0655270127706,-14.0190635782946));
#13206=CARTESIAN_POINT('',(-26.1198969792495,60.0655270127706,-14.0190635782946));
#13207=CARTESIAN_POINT('',(70.2021030207504,60.0655270127706,-11.5190635782946));
#13208=CARTESIAN_POINT('',(-26.1198969792495,60.0655270127706,-11.5190635782946));
#13209=CARTESIAN_POINT('',(70.2021030207504,-2.5,-36.0690635782979));
#13210=CARTESIAN_POINT('',(70.2021030207504,62.531524158772,-34.7160090830774));
#13211=CARTESIAN_POINT('',(70.2177371009522,62.531524158772,-34.7160090830774));
#13212=CARTESIAN_POINT('',(70.2334277746277,62.531524158772,-34.7146265200419));
#13213=CARTESIAN_POINT('',(70.2488275366949,62.531524158772,-34.7119298939965));
#13214=CARTESIAN_POINT('',(70.2786889167146,62.531524158772,-34.7067009187199));
#13215=CARTESIAN_POINT('',(70.3079354051498,62.531524158772,-34.6963544965247));
#13216=CARTESIAN_POINT('',(70.3348446095929,62.531524158772,-34.6823924438332));
#13217=CARTESIAN_POINT('',(70.3729998055424,62.531524158772,-34.6625953198629));
#13218=CARTESIAN_POINT('',(70.4075450618389,62.531524158772,-34.6351533263844));
#13219=CARTESIAN_POINT('',(70.4374422814758,62.531524158772,-34.6042680329032));
#13220=CARTESIAN_POINT('',(70.4614497232168,62.531524158772,-34.5794671687122));
#13221=CARTESIAN_POINT('',(70.482926948492,62.531524158772,-34.5520862058998));
#13222=CARTESIAN_POINT('',(70.5021030207504,62.531524158772,-34.5233857115433));
#13223=CARTESIAN_POINT('',(70.5021030207504,62.531524158772,-34.5233857115433));
#13224=CARTESIAN_POINT('',(70.5021030207504,62.531524158772,-34.5233857115433));
#13225=CARTESIAN_POINT('',(70.5203162195306,62.531524158772,-34.4961263332014));
#13226=CARTESIAN_POINT('',(70.5365758650772,62.531524158772,-34.4675033603053));
#13227=CARTESIAN_POINT('',(70.5511636136285,62.531524158772,-34.4381436615739));
#13228=CARTESIAN_POINT('',(70.6071918427261,62.531524158772,-34.3253797267571));
#13229=CARTESIAN_POINT('',(70.6402223171726,62.531524158772,-34.2010209777336));
#13230=CARTESIAN_POINT('',(70.6618540269846,62.531524158772,-34.0769768864523));
#13231=CARTESIAN_POINT('',(70.6910289897736,62.531524158772,-33.9096770392013));
#13232=CARTESIAN_POINT('',(70.699767260462,62.531524158772,-33.7388772283712));
#13233=CARTESIAN_POINT('',(70.7017015801739,62.531524158772,-33.5690635782979));
#13234=CARTESIAN_POINT('',(70.7017015801739,62.531524158772,-33.5690635782979));
#13235=CARTESIAN_POINT('',(70.7017015801739,62.531524158772,-33.5690635782979));
#13236=CARTESIAN_POINT('',(70.7019712825897,62.5410479231344,-33.57752914662));
#13237=CARTESIAN_POINT('',(70.7021030207504,62.5505743784583,-33.5859971069079));
#13238=CARTESIAN_POINT('',(70.7021030207504,62.5601002758627,-33.5944645712674));
#13239=CARTESIAN_POINT('',(70.2021030207504,62.406524158699,-32.5690635782979));
#13240=CARTESIAN_POINT('',(70.2021030207504,65.906524158699,-32.5690635782979));
#13241=CARTESIAN_POINT('',(70.2021030207504,62.406524158699,-13.5190635782946));
#13242=CARTESIAN_POINT('',(70.2021030207504,62.406524158699,-0.800000000000001));
#13243=CARTESIAN_POINT('',(70.2021030207504,60.0655270127706,-13.5190635782946));
#13244=CARTESIAN_POINT('',(70.2021030207504,60.0655270127706,-13.5190635782946));
#13245=CARTESIAN_POINT('',(70.2021030207504,60.0655270127706,-12.0190635782946));
#13246=CARTESIAN_POINT('',(70.2021030207504,112.5665241587,-12.0190635782946));
#13247=CARTESIAN_POINT('',(70.2021030207504,108.3565241587,-15.5190635782946));
#13248=CARTESIAN_POINT('',(70.2021030207504,104.8565241587,-15.5190635782946));
#13249=CARTESIAN_POINT('',(70.2021030207504,108.3565241587,-32.5690635782979));
#13250=CARTESIAN_POINT('',(70.2021030207504,108.3565241587,-0.800000000000001));
#13251=CARTESIAN_POINT('',(70.2021030207504,104.8565241587,-36.0690635782979));
#13252=CARTESIAN_POINT('',(70.2021030207504,104.8565241587,-32.5690635782979));
#13253=CARTESIAN_POINT('',(70.2021030207504,-2.5,-36.0690635782979));
#13254=CARTESIAN_POINT('',(70.5021030207504,101.5315241587,-9.01906357829459));
#13255=CARTESIAN_POINT('',(70.7021030207503,101.5315241587,-9.01906357829459));
#13256=CARTESIAN_POINT('',(70.5021030207504,104.2315241587,-12.0190635782946));
#13257=CARTESIAN_POINT('',(70.7021030207503,104.2315241587,-12.1190635782946));
#13258=CARTESIAN_POINT('',(70.5021030207504,62.531524158772,-33.5690635782979));
#13259=CARTESIAN_POINT('',(70.7021030207503,62.531524158772,-33.5690635782979));
#13260=CARTESIAN_POINT('',(70.5021030207504,65.231524158772,-39.0690635782979));
#13261=CARTESIAN_POINT('',(70.7021030207503,65.231524158772,-39.0690635782979));
#13262=CARTESIAN_POINT('',(70.7017015801739,62.531524158772,-33.5690635782979));
#13263=CARTESIAN_POINT('',(70.7019697832077,62.5366524264398,-33.573622038447));
#13264=CARTESIAN_POINT('',(70.7021030207501,62.5417856029451,-33.5781848620073));
#13265=CARTESIAN_POINT('',(70.7021030207503,62.5469177869305,-33.5827468033277));
#13266=CARTESIAN_POINT('',(70.7021030207503,65.231524158772,-35.9690635782979));
#13267=CARTESIAN_POINT('',(70.7021030207504,60.3542021473654,-0.800000000000001));
#13268=CARTESIAN_POINT('',(70.5021030207504,104.0315241587,-0.800000000000001));
#13269=CARTESIAN_POINT('',(70.5021030207504,101.7315241587,-0.800000000000001));
#13270=CARTESIAN_POINT('',(70.5021030207504,62.731524158772,-34.5233857115433));
#13271=CARTESIAN_POINT('',(70.5021030207504,62.7315241587719,-0.799999999999836));
#13272=CARTESIAN_POINT('',(70.7021030207504,62.731524158772,-34.5233857115433));
#13273=CARTESIAN_POINT('',(70.7021030207504,62.531524158772,-34.5233857115433));
#13274=CARTESIAN_POINT('',(70.5021030207504,62.531524158772,-34.5233857115433));
#13275=CARTESIAN_POINT('',(70.7021030207504,62.7315236247203,-34.3584747901411));
#13276=CARTESIAN_POINT('',(70.7021030207504,62.5992181614703,-34.4220677830936));
#13277=CARTESIAN_POINT('',(70.5809895821583,62.531524158772,-34.4053177496176));
#13278=CARTESIAN_POINT('',(70.7021030207504,62.6845033152733,-34.2000508243121));
#13279=CARTESIAN_POINT('',(70.7021030207504,62.5952569700173,-34.2282714745355));
#13280=CARTESIAN_POINT('',(70.6347714406473,62.5315241449578,-34.2365466287255));
#13281=CARTESIAN_POINT('',(70.7021030207504,62.6087320331132,-33.8816423714281));
#13282=CARTESIAN_POINT('',(70.7021030207504,62.5714818345881,-33.8968605504256));
#13283=CARTESIAN_POINT('',(70.6919456410562,62.5315241725862,-33.8999239325891));
#13284=CARTESIAN_POINT('',(70.7021030207504,62.5721694275322,-33.7221254411805));
#13285=CARTESIAN_POINT('',(70.7021030207504,62.5518292781861,-33.7262551142716));
#13286=CARTESIAN_POINT('',(70.7000429358586,62.5315241603469,-33.729283070133));
#13287=CARTESIAN_POINT('',(70.7021030207504,62.5429353290754,-33.5610275549434));
#13288=CARTESIAN_POINT('',(70.7021030207504,62.5372249394832,-33.5620638072567));
#13289=CARTESIAN_POINT('',(70.7017664804557,62.531524158772,-33.5630983158667));
#13290=CARTESIAN_POINT('',(70.5021030207504,65.031524158772,-0.800000000000001));
#13291=CARTESIAN_POINT('',(43.6271030207489,64.156524158699,-18.5690635782946));
#13292=CARTESIAN_POINT('',(43.6271030207489,64.156524158699,-18.5690635782946));
#13293=CARTESIAN_POINT('',(70.7021030207504,65.906524158699,-32.5690635782979));
#13294=CARTESIAN_POINT('',(70.7021030207504,65.906524158699,-32.5690635782979));
#13295=CARTESIAN_POINT('',(43.6271030207489,64.156524158699,-18.5690635782946));
#13296=CARTESIAN_POINT('',(70.7021030207504,65.906524158699,-32.5690635782979));
#13297=CARTESIAN_POINT('',(43.6271030207489,64.156524158699,-18.5690635782946));
#13298=CARTESIAN_POINT('',(43.6271030207489,64.156524158699,-18.5690635782946));
#13299=CARTESIAN_POINT('',(43.6271030207489,64.156524158699,-18.5690635782946));
#13300=CARTESIAN_POINT('',(-197.340396979265,65.906524158699,-12.0190635782946));
#13301=CARTESIAN_POINT('',(-197.340396979265,65.906524158699,-15.5190635782946));
#13302=CARTESIAN_POINT('',(-197.340396979265,104.8565241587,-12.0190635782946));
#13303=CARTESIAN_POINT('',(-197.340396979265,104.8565241587,-15.5190635782946));
#13304=CARTESIAN_POINT('',(-197.340396979265,104.8565241587,-12.0190635782946));
#13305=CARTESIAN_POINT('',(70.7021030207504,68.956524158699,-18.5690635782978));
#13306=CARTESIAN_POINT('',(70.7021030207504,68.956524158699,-20.2690635782978));
#13307=CARTESIAN_POINT('',(70.7021030207504,65.906524158699,-32.5690635782979));
#13308=CARTESIAN_POINT('',(70.7021030207504,90.856524158699,-18.5690635782978));
#13309=CARTESIAN_POINT('',(70.7021030207504,90.856524158699,-20.2690635782978));
#13310=CARTESIAN_POINT('',(70.7021030207504,65.906524158699,-32.5690635782979));
#13311=CARTESIAN_POINT('',(70.7021030207504,79.906524158699,-18.5690635782978));
#13312=CARTESIAN_POINT('',(70.7021030207504,79.906524158699,-20.2690635782978));
#13313=CARTESIAN_POINT('',(70.7021030207504,65.906524158699,-32.5690635782979));
#13314=CARTESIAN_POINT('',(70.7021030207504,79.9065241586991,-29.5190635782979));
#13315=CARTESIAN_POINT('',(70.7021030207504,79.9065241586991,-31.2190635782979));
#13316=CARTESIAN_POINT('',(70.7021030207504,65.906524158699,-32.5690635782979));
#13317=CARTESIAN_POINT('',(70.7021030207504,101.806524158699,-18.5690635782978));
#13318=CARTESIAN_POINT('',(70.7021030207504,101.806524158699,-20.2690635782978));
#13319=CARTESIAN_POINT('',(70.7021030207504,65.906524158699,-32.5690635782979));
#13320=CARTESIAN_POINT('',(70.7021030207504,90.856524158699,-29.5190635782979));
#13321=CARTESIAN_POINT('',(70.7021030207504,90.856524158699,-31.2190635782979));
#13322=CARTESIAN_POINT('',(70.7021030207504,65.906524158699,-32.5690635782979));
#13323=CARTESIAN_POINT('',(70.7021030207504,101.806524158699,-29.5190635782979));
#13324=CARTESIAN_POINT('',(70.7021030207504,101.806524158699,-31.2190635782979));
#13325=CARTESIAN_POINT('',(70.7021030207504,65.906524158699,-32.5690635782979));
#13326=CARTESIAN_POINT('',(70.7021030207504,68.9565241586991,-29.5190635782979));
#13327=CARTESIAN_POINT('',(70.7021030207504,68.9565241586991,-31.2190635782979));
#13328=CARTESIAN_POINT('',(70.7021030207504,65.906524158699,-32.5690635782979));
#13329=CARTESIAN_POINT('',(80.3021030207504,68.956524158699,-18.5690635782978));
#13330=CARTESIAN_POINT('',(80.3021030207504,68.956524158699,-20.2690635782976));
#13331=CARTESIAN_POINT('',(80.3021030207504,68.956524158699,-18.5690635782978));
#13332=CARTESIAN_POINT('',(86.0021030207504,68.956524158699,-18.5690635782978));
#13333=CARTESIAN_POINT('',(80.3021030207504,90.856524158699,-18.5690635782978));
#13334=CARTESIAN_POINT('',(80.3021030207504,90.856524158699,-20.2690635782976));
#13335=CARTESIAN_POINT('',(80.3021030207504,90.856524158699,-18.5690635782978));
#13336=CARTESIAN_POINT('',(86.0021030207504,90.856524158699,-18.5690635782978));
#13337=CARTESIAN_POINT('',(80.3021030207504,79.906524158699,-18.5690635782978));
#13338=CARTESIAN_POINT('',(80.3021030207504,79.906524158699,-20.2690635782976));
#13339=CARTESIAN_POINT('',(80.3021030207504,79.906524158699,-18.5690635782978));
#13340=CARTESIAN_POINT('',(86.0021030207504,79.906524158699,-18.5690635782978));
#13341=CARTESIAN_POINT('',(80.3021030207504,79.9065241586991,-29.5190635782979));
#13342=CARTESIAN_POINT('',(80.3021030207504,79.9065241586991,-31.2190635782977));
#13343=CARTESIAN_POINT('',(80.3021030207504,79.9065241586991,-29.5190635782979));
#13344=CARTESIAN_POINT('',(86.0021030207504,79.9065241586991,-29.5190635782979));
#13345=CARTESIAN_POINT('',(80.3021030207504,101.806524158699,-18.5690635782978));
#13346=CARTESIAN_POINT('',(80.3021030207504,101.806524158699,-20.2690635782976));
#13347=CARTESIAN_POINT('',(80.3021030207504,101.806524158699,-18.5690635782978));
#13348=CARTESIAN_POINT('',(86.0021030207504,101.806524158699,-18.5690635782978));
#13349=CARTESIAN_POINT('',(80.3021030207504,90.856524158699,-29.5190635782979));
#13350=CARTESIAN_POINT('',(80.3021030207504,90.856524158699,-31.2190635782977));
#13351=CARTESIAN_POINT('',(80.3021030207504,90.856524158699,-29.5190635782979));
#13352=CARTESIAN_POINT('',(86.0021030207504,90.856524158699,-29.5190635782979));
#13353=CARTESIAN_POINT('',(80.3021030207504,101.806524158699,-29.5190635782979));
#13354=CARTESIAN_POINT('',(80.3021030207504,101.806524158699,-31.2190635782977));
#13355=CARTESIAN_POINT('',(80.3021030207504,101.806524158699,-29.5190635782979));
#13356=CARTESIAN_POINT('',(86.0021030207504,101.806524158699,-29.5190635782979));
#13357=CARTESIAN_POINT('',(80.3021030207504,68.9565241586991,-29.5190635782979));
#13358=CARTESIAN_POINT('',(80.3021030207504,68.9565241586991,-31.2190635782977));
#13359=CARTESIAN_POINT('',(80.3021030207504,68.9565241586991,-29.5190635782979));
#13360=CARTESIAN_POINT('',(86.0021030207504,68.9565241586991,-29.5190635782979));
#13361=MECHANICAL_DESIGN_GEOMETRIC_PRESENTATION_REPRESENTATION('',(#24),
#13362);
#13362=(
GEOMETRIC_REPRESENTATION_CONTEXT(3)
GLOBAL_UNCERTAINTY_ASSIGNED_CONTEXT((#13363))
GLOBAL_UNIT_ASSIGNED_CONTEXT((#13369,#13365,#13364))
REPRESENTATION_CONTEXT('2203670006-cmpdm000_01',
'TOP_LEVEL_ASSEMBLY_PART')
);
#13363=UNCERTAINTY_MEASURE_WITH_UNIT(LENGTH_MEASURE(0.0508),#13369,
'DISTANCE_ACCURACY_VALUE','Maximum Tolerance applied to model');
#13364=(
NAMED_UNIT(*)
SI_UNIT($,.STERADIAN.)
SOLID_ANGLE_UNIT()
);
#13365=(
CONVERSION_BASED_UNIT('DEGREE',#13367)
NAMED_UNIT(#13366)
PLANE_ANGLE_UNIT()
);
#13366=DIMENSIONAL_EXPONENTS(0.,0.,0.,0.,0.,0.,0.);
#13367=PLANE_ANGLE_MEASURE_WITH_UNIT(PLANE_ANGLE_MEASURE(0.0174532925),
#13368);
#13368=(
NAMED_UNIT(*)
PLANE_ANGLE_UNIT()
SI_UNIT($,.RADIAN.)
);
#13369=(
LENGTH_UNIT()
NAMED_UNIT(*)
SI_UNIT(.MILLI.,.METRE.)
);
ENDSEC;
END-ISO-10303-21;
