ISO-10303-21;
HEADER;
/* Generated by software containing ST-Developer
 * from STEP Tools, Inc. (www.steptools.com) 
 */
/* OPTION: using custom schema-name function */

FILE_DESCRIPTION(
/* description */ (''),
/* implementation_level */ '2;1');

FILE_NAME(
/* name */ '2203670003-cmpdm000_01.stp',
/* time_stamp */ '2022-03-16T15:06:10-05:00',
/* author */ (''),
/* organization */ (''),
/* preprocessor_version */ 'ST-DEVELOPER v16.7',
/* originating_system */ 'SIEMENS PLM Software NX 1919',
/* authorisation */ '');

FILE_SCHEMA (('AUTOMOTIVE_DESIGN { 1 0 10303 214 3 1 1 1 }'));
ENDSEC;

DATA;
#10=SHAPE_REPRESENTATION_RELATIONSHIP('None',
'relationship between 2203670003-cmpdm000_01-None and 2203670003-cmpdm
000_01-None',#22,#11);
#11=ADVANCED_BREP_SHAPE_REPRESENTATION('2203670003-cmpdm000_01-None',(#32),
#13353);
#12=SHAPE_DEFINITION_REPRESENTATION(#13,#22);
#13=PRODUCT_DEFINITION_SHAPE('','',#14);
#14=PRODUCT_DEFINITION(' ','',#16,#15);
#15=PRODUCT_DEFINITION_CONTEXT('part definition',#21,'design');
#16=PRODUCT_DEFINITION_FORMATION_WITH_SPECIFIED_SOURCE(' ',' ',#18,
 .NOT_KNOWN.);
#17=PRODUCT_RELATED_PRODUCT_CATEGORY('part','',(#18));
#18=PRODUCT('2203670003-cmpdm000_01','2203670003-cmpdm000_01',' ',(#19));
#19=PRODUCT_CONTEXT(' ',#21,'mechanical');
#20=APPLICATION_PROTOCOL_DEFINITION('international standard',
'automotive_design',2010,#21);
#21=APPLICATION_CONTEXT(
'core data for automotive mechanical design processes');
#22=SHAPE_REPRESENTATION('2203670003-cmpdm000_01-None',(#7516),#13353);
#23=PRESENTATION_LAYER_ASSIGNMENT('1','Layer 1',(#32));
#24=STYLED_ITEM('',(#25),#32);
#25=PRESENTATION_STYLE_ASSIGNMENT((#26));
#26=SURFACE_STYLE_USAGE(.BOTH.,#27);
#27=SURFACE_SIDE_STYLE('',(#28));
#28=SURFACE_STYLE_FILL_AREA(#29);
#29=FILL_AREA_STYLE('',(#30));
#30=FILL_AREA_STYLE_COLOUR('',#31);
#31=COLOUR_RGB('Pale Khaki',0.756847486076142,0.756847486076142,0.564705882352941);
#32=MANIFOLD_SOLID_BREP('',#33);
#33=CLOSED_SHELL('',(#1803,#1804,#1805,#1806,#1807,#1808,#1809,#1810,#1811,
#1812,#1813,#1814,#1815,#1816,#1817,#1818,#1819,#1820,#1821,#1822,#1823,
#1824,#1825,#1826,#1827,#1828,#1829,#1830,#1831,#1832,#1833,#1834,#1835,
#1836,#1837,#1838,#1839,#1840,#1841,#1842,#1843,#1844,#1845,#1846,#1847,
#1848,#1849,#1850,#1851,#1852,#1853,#1854,#1855,#1856,#1857,#1858,#1859,
#1860,#1861,#1862,#1863,#1864,#1865,#1866,#1867,#1868,#1869,#1870,#1871,
#1872,#1873,#1874,#1875,#1876,#1877,#1878,#1879,#1880,#1881,#1882,#1883,
#1884,#1885,#1886,#1887,#1888,#1889,#1890,#1891,#1892,#1893,#1894,#1895,
#1896,#1897,#1898,#1899,#1900,#1901,#1902,#1903,#1904,#1905,#1906,#1907,
#1908,#1909,#1910,#1911,#1912,#1913,#1914,#1915,#1916,#1917,#1918,#1919,
#1920,#1921,#1922,#1923,#1924,#1925,#1926,#1927,#1928,#1929,#1930,#1931,
#1932,#1933,#1934,#1935,#1936,#1937,#1938,#1939,#1940,#1941,#1942,#1943,
#1944,#1945,#1946,#1947,#1948,#1949,#1950,#1951,#1952,#1953,#1954,#1955,
#1956,#1957,#1958,#1959,#1960,#1961,#1962,#1963,#1964,#1965,#1966,#1967,
#1968,#1969,#1970,#1971,#1972,#1973,#1974,#1975,#1976,#1977,#1978,#1979,
#1980,#1981,#1982,#1983,#1984,#1985,#1986,#1987,#1988,#1989,#1990,#1991,
#1992,#1993,#1994,#1995,#1996,#1997,#1998,#1999,#2000,#2001,#2002,#2003,
#2004,#2005,#2006,#2007,#2008,#2009,#2010,#2011,#2012,#2013,#2014,#2015,
#2016,#2017,#2018,#2019,#2020,#2021,#2022,#2023,#2024,#2025,#2026,#2027,
#2028,#2029,#2030,#2031,#2032,#2033,#2034,#2035,#2036,#2037,#2038,#2039,
#2040,#2041,#2042,#2043,#2044,#2045,#2046,#2047,#2048,#2049,#2050,#2051,
#2052,#2053,#2054,#2055,#2056,#2057,#2058,#2059,#2060,#2061,#2062,#2063,
#2064,#2065,#2066,#2067,#2068,#2069,#2070,#2071,#2072,#2073,#2074,#2075,
#2076,#2077,#2078,#2079,#2080,#2081,#2082,#2083,#2084,#2085,#2086,#2087,
#2088,#2089,#2090,#2091,#2092,#2093,#2094,#2095,#2096,#2097,#2098,#2099,
#2100,#2101,#2102,#2103,#2104,#2105,#2106,#2107,#2108,#2109,#2110,#2111,
#2112,#2113,#2114,#2115,#2116,#2117,#2118,#2119,#2120,#2121,#2122,#2123,
#2124,#2125,#2126,#2127,#2128,#2129,#2130,#2131,#2132,#2133,#2134,#2135,
#2136,#2137,#2138,#2139,#2140,#2141,#2142,#2143,#2144,#2145,#2146,#2147,
#2148,#2149,#2150,#2151,#2152,#2153,#2154,#2155,#2156,#2157,#2158,#2159,
#2160,#2161,#2162,#2163,#2164,#2165,#2166,#2167,#2168,#2169,#2170,#2171,
#2172,#2173,#2174,#2175,#2176,#2177,#2178,#2179,#2180,#2181,#2182,#2183,
#2184,#2185,#2186,#2187,#2188,#2189,#2190,#2191,#2192,#2193,#2194,#2195,
#2196,#2197,#2198,#2199,#2200,#2201,#2202,#2203,#2204,#2205,#2206));
#34=SPHERICAL_SURFACE('',#8227,1.7);
#35=SPHERICAL_SURFACE('',#8230,1.7);
#36=SPHERICAL_SURFACE('',#8233,1.7);
#37=SPHERICAL_SURFACE('',#8236,1.7);
#38=SPHERICAL_SURFACE('',#8239,1.7);
#39=SPHERICAL_SURFACE('',#8242,1.7);
#40=SPHERICAL_SURFACE('',#8245,1.7);
#41=SPHERICAL_SURFACE('',#8248,1.7);
#42=TOROIDAL_SURFACE('',#7603,3.5,0.5);
#43=TOROIDAL_SURFACE('',#8079,5.175,1.);
#44=TOROIDAL_SURFACE('',#8081,2.,1.);
#45=TOROIDAL_SURFACE('',#8082,5.175,1.);
#46=TOROIDAL_SURFACE('',#8083,5.175,1.);
#47=TOROIDAL_SURFACE('',#8085,5.175,1.);
#48=TOROIDAL_SURFACE('',#8087,2.,1.);
#49=TOROIDAL_SURFACE('',#8088,5.175,1.);
#50=TOROIDAL_SURFACE('',#8090,5.175,1.);
#51=TOROIDAL_SURFACE('',#8092,2.,1.);
#52=TOROIDAL_SURFACE('',#8093,5.175,1.);
#53=TOROIDAL_SURFACE('',#8095,5.175,1.);
#54=TOROIDAL_SURFACE('',#8097,2.,1.);
#55=TOROIDAL_SURFACE('',#8098,5.175,1.);
#56=TOROIDAL_SURFACE('',#8099,5.175,1.);
#57=TOROIDAL_SURFACE('',#8101,5.175,1.);
#58=TOROIDAL_SURFACE('',#8103,2.,1.);
#59=TOROIDAL_SURFACE('',#8104,5.175,1.);
#60=TOROIDAL_SURFACE('',#8106,5.175,1.);
#61=TOROIDAL_SURFACE('',#8108,2.,1.);
#62=TOROIDAL_SURFACE('',#8109,5.175,1.);
#63=TOROIDAL_SURFACE('',#8110,5.175,1.);
#64=TOROIDAL_SURFACE('',#8112,5.175,1.);
#65=TOROIDAL_SURFACE('',#8114,2.,1.);
#66=TOROIDAL_SURFACE('',#8115,5.175,1.);
#67=TOROIDAL_SURFACE('',#8117,5.175,1.);
#68=TOROIDAL_SURFACE('',#8119,2.,1.);
#69=TOROIDAL_SURFACE('',#8120,5.175,1.);
#70=TOROIDAL_SURFACE('',#8121,5.175,1.);
#71=TOROIDAL_SURFACE('',#8165,3.5,0.5);
#72=TOROIDAL_SURFACE('',#8171,3.5,0.5);
#73=TOROIDAL_SURFACE('',#8176,3.5,0.5);
#74=CYLINDRICAL_SURFACE('',#7548,4.8);
#75=CYLINDRICAL_SURFACE('',#7552,4.8);
#76=CYLINDRICAL_SURFACE('',#7557,4.8);
#77=CYLINDRICAL_SURFACE('',#7559,4.8);
#78=CYLINDRICAL_SURFACE('',#7563,4.8);
#79=CYLINDRICAL_SURFACE('',#7565,4.8);
#80=CYLINDRICAL_SURFACE('',#7569,4.8);
#81=CYLINDRICAL_SURFACE('',#7571,4.8);
#82=CYLINDRICAL_SURFACE('',#7574,1.);
#83=CYLINDRICAL_SURFACE('',#7577,1.);
#84=CYLINDRICAL_SURFACE('',#7579,1.);
#85=CYLINDRICAL_SURFACE('',#7588,4.);
#86=CYLINDRICAL_SURFACE('',#7591,0.5);
#87=CYLINDRICAL_SURFACE('',#7598,4.);
#88=CYLINDRICAL_SURFACE('',#7600,4.);
#89=CYLINDRICAL_SURFACE('',#7615,2.);
#90=CYLINDRICAL_SURFACE('',#7618,3.8);
#91=CYLINDRICAL_SURFACE('',#7623,3.8);
#92=CYLINDRICAL_SURFACE('',#7628,3.8);
#93=CYLINDRICAL_SURFACE('',#7632,6.175);
#94=CYLINDRICAL_SURFACE('',#7635,6.175);
#95=CYLINDRICAL_SURFACE('',#7735,6.175);
#96=CYLINDRICAL_SURFACE('',#7738,3.8);
#97=CYLINDRICAL_SURFACE('',#7741,3.8);
#98=CYLINDRICAL_SURFACE('',#7744,3.8);
#99=CYLINDRICAL_SURFACE('',#7746,2.);
#100=CYLINDRICAL_SURFACE('',#7748,6.175);
#101=CYLINDRICAL_SURFACE('',#7750,6.175);
#102=CYLINDRICAL_SURFACE('',#7752,6.175);
#103=CYLINDRICAL_SURFACE('',#7755,2.);
#104=CYLINDRICAL_SURFACE('',#7757,3.8);
#105=CYLINDRICAL_SURFACE('',#7760,6.175);
#106=CYLINDRICAL_SURFACE('',#7762,3.8);
#107=CYLINDRICAL_SURFACE('',#7765,6.175);
#108=CYLINDRICAL_SURFACE('',#7768,3.8);
#109=CYLINDRICAL_SURFACE('',#7770,6.175);
#110=CYLINDRICAL_SURFACE('',#7773,6.175);
#111=CYLINDRICAL_SURFACE('',#7775,3.8);
#112=CYLINDRICAL_SURFACE('',#7778,6.175);
#113=CYLINDRICAL_SURFACE('',#7780,3.8);
#114=CYLINDRICAL_SURFACE('',#7782,2.);
#115=CYLINDRICAL_SURFACE('',#7784,3.8);
#116=CYLINDRICAL_SURFACE('',#7788,6.175);
#117=CYLINDRICAL_SURFACE('',#7790,3.8);
#118=CYLINDRICAL_SURFACE('',#7793,6.175);
#119=CYLINDRICAL_SURFACE('',#7796,3.8);
#120=CYLINDRICAL_SURFACE('',#7799,2.);
#121=CYLINDRICAL_SURFACE('',#7802,3.8);
#122=CYLINDRICAL_SURFACE('',#7806,6.175);
#123=CYLINDRICAL_SURFACE('',#7808,2.);
#124=CYLINDRICAL_SURFACE('',#7810,3.8);
#125=CYLINDRICAL_SURFACE('',#7814,3.8);
#126=CYLINDRICAL_SURFACE('',#7818,3.8);
#127=CYLINDRICAL_SURFACE('',#7820,6.175);
#128=CYLINDRICAL_SURFACE('',#7823,6.175);
#129=CYLINDRICAL_SURFACE('',#7824,3.8);
#130=CYLINDRICAL_SURFACE('',#7827,6.175);
#131=CYLINDRICAL_SURFACE('',#7830,3.8);
#132=CYLINDRICAL_SURFACE('',#7832,2.);
#133=CYLINDRICAL_SURFACE('',#7834,3.8);
#134=CYLINDRICAL_SURFACE('',#7838,6.175);
#135=CYLINDRICAL_SURFACE('',#7840,6.175);
#136=CYLINDRICAL_SURFACE('',#7842,3.8);
#137=CYLINDRICAL_SURFACE('',#7845,6.175);
#138=CYLINDRICAL_SURFACE('',#7847,2.);
#139=CYLINDRICAL_SURFACE('',#7850,3.8);
#140=CYLINDRICAL_SURFACE('',#7852,3.8);
#141=CYLINDRICAL_SURFACE('',#7872,0.2);
#142=CYLINDRICAL_SURFACE('',#7887,1.);
#143=CYLINDRICAL_SURFACE('',#7897,0.1);
#144=CYLINDRICAL_SURFACE('',#7900,0.2);
#145=CYLINDRICAL_SURFACE('',#7903,0.5);
#146=CYLINDRICAL_SURFACE('',#7908,1.);
#147=CYLINDRICAL_SURFACE('',#7913,0.2);
#148=CYLINDRICAL_SURFACE('',#7918,6.);
#149=CYLINDRICAL_SURFACE('',#7921,0.4);
#150=CYLINDRICAL_SURFACE('',#7926,2.);
#151=CYLINDRICAL_SURFACE('',#7930,2.);
#152=CYLINDRICAL_SURFACE('',#7937,0.7);
#153=CYLINDRICAL_SURFACE('',#7962,0.2);
#154=CYLINDRICAL_SURFACE('',#7976,1.);
#155=CYLINDRICAL_SURFACE('',#7986,0.1);
#156=CYLINDRICAL_SURFACE('',#7989,0.2);
#157=CYLINDRICAL_SURFACE('',#7992,0.5);
#158=CYLINDRICAL_SURFACE('',#7997,1.);
#159=CYLINDRICAL_SURFACE('',#8002,0.2);
#160=CYLINDRICAL_SURFACE('',#8007,6.);
#161=CYLINDRICAL_SURFACE('',#8010,0.4);
#162=CYLINDRICAL_SURFACE('',#8015,2.);
#163=CYLINDRICAL_SURFACE('',#8019,2.);
#164=CYLINDRICAL_SURFACE('',#8026,0.7);
#165=CYLINDRICAL_SURFACE('',#8052,1.);
#166=CYLINDRICAL_SURFACE('',#8053,1.);
#167=CYLINDRICAL_SURFACE('',#8054,1.);
#168=CYLINDRICAL_SURFACE('',#8055,1.);
#169=CYLINDRICAL_SURFACE('',#8056,4.);
#170=CYLINDRICAL_SURFACE('',#8057,4.);
#171=CYLINDRICAL_SURFACE('',#8058,4.);
#172=CYLINDRICAL_SURFACE('',#8059,4.);
#173=CYLINDRICAL_SURFACE('',#8061,4.);
#174=CYLINDRICAL_SURFACE('',#8063,1.);
#175=CYLINDRICAL_SURFACE('',#8065,1.);
#176=CYLINDRICAL_SURFACE('',#8067,1.);
#177=CYLINDRICAL_SURFACE('',#8069,1.);
#178=CYLINDRICAL_SURFACE('',#8071,1.);
#179=CYLINDRICAL_SURFACE('',#8073,1.);
#180=CYLINDRICAL_SURFACE('',#8075,1.);
#181=CYLINDRICAL_SURFACE('',#8077,1.);
#182=CYLINDRICAL_SURFACE('',#8145,0.5);
#183=CYLINDRICAL_SURFACE('',#8146,0.5);
#184=CYLINDRICAL_SURFACE('',#8147,0.5);
#185=CYLINDRICAL_SURFACE('',#8148,0.5);
#186=CYLINDRICAL_SURFACE('',#8149,0.5);
#187=CYLINDRICAL_SURFACE('',#8150,0.5);
#188=CYLINDRICAL_SURFACE('',#8151,0.5);
#189=CYLINDRICAL_SURFACE('',#8152,0.5);
#190=CYLINDRICAL_SURFACE('',#8153,0.5);
#191=CYLINDRICAL_SURFACE('',#8154,0.5);
#192=CYLINDRICAL_SURFACE('',#8155,0.5);
#193=CYLINDRICAL_SURFACE('',#8156,0.5);
#194=CYLINDRICAL_SURFACE('',#8157,0.5);
#195=CYLINDRICAL_SURFACE('',#8158,0.5);
#196=CYLINDRICAL_SURFACE('',#8159,0.5);
#197=CYLINDRICAL_SURFACE('',#8160,0.5);
#198=CYLINDRICAL_SURFACE('',#8163,0.5);
#199=CYLINDRICAL_SURFACE('',#8167,0.5);
#200=CYLINDRICAL_SURFACE('',#8169,0.5);
#201=CYLINDRICAL_SURFACE('',#8173,0.5);
#202=CYLINDRICAL_SURFACE('',#8175,0.5);
#203=CYLINDRICAL_SURFACE('',#8178,0.5);
#204=CYLINDRICAL_SURFACE('',#8194,0.2);
#205=CYLINDRICAL_SURFACE('',#8195,0.2);
#206=CYLINDRICAL_SURFACE('',#8196,0.2);
#207=CYLINDRICAL_SURFACE('',#8197,0.2);
#208=CYLINDRICAL_SURFACE('',#8207,3.5);
#209=CYLINDRICAL_SURFACE('',#8208,3.5);
#210=CYLINDRICAL_SURFACE('',#8228,1.7);
#211=CYLINDRICAL_SURFACE('',#8231,1.7);
#212=CYLINDRICAL_SURFACE('',#8234,1.7);
#213=CYLINDRICAL_SURFACE('',#8237,1.7);
#214=CYLINDRICAL_SURFACE('',#8240,1.7);
#215=CYLINDRICAL_SURFACE('',#8243,1.7);
#216=CYLINDRICAL_SURFACE('',#8246,1.7);
#217=CYLINDRICAL_SURFACE('',#8249,1.7);
#218=B_SPLINE_CURVE_WITH_KNOTS('',3,(#10532,#10533,#10534,#10535,#10536,
#10537,#10538,#10539,#10540,#10541),.UNSPECIFIED.,.F.,.F.,(4,3,3,4),(0.,
0.406970369606815,0.993893894561123,1.),.UNSPECIFIED.);
#219=B_SPLINE_CURVE_WITH_KNOTS('',3,(#10546,#10547,#10548,#10549,#10550,
#10551,#10552,#10553,#10554,#10555),.UNSPECIFIED.,.F.,.F.,(4,3,3,4),(0.,
0.00610610543887737,0.593029630393183,1.),.UNSPECIFIED.);
#220=B_SPLINE_CURVE_WITH_KNOTS('',3,(#10561,#10562,#10563,#10564,#10565,
#10566,#10567,#10568,#10569,#10570),.UNSPECIFIED.,.F.,.F.,(4,3,3,4),(0.,
0.00610610543887737,0.593029630393059,1.),.UNSPECIFIED.);
#221=B_SPLINE_CURVE_WITH_KNOTS('',3,(#10574,#10575,#10576,#10577,#10578,
#10579,#10580,#10581,#10582,#10583),.UNSPECIFIED.,.F.,.F.,(4,3,3,4),(0.,
0.406970369606685,0.993893894561127,1.),.UNSPECIFIED.);
#222=B_SPLINE_CURVE_WITH_KNOTS('',3,(#10594,#10595,#10596,#10597,#10598,
#10599,#10600,#10601,#10602,#10603),.UNSPECIFIED.,.F.,.F.,(4,3,3,4),(0.,
0.00610610543889504,0.593029630390852,1.),.UNSPECIFIED.);
#223=B_SPLINE_CURVE_WITH_KNOTS('',3,(#10607,#10608,#10609,#10610,#10611,
#10612,#10613,#10614,#10615,#10616),.UNSPECIFIED.,.F.,.F.,(4,3,3,4),(0.,
0.406970369604482,0.993893894561147,1.),.UNSPECIFIED.);
#224=B_SPLINE_CURVE_WITH_KNOTS('',3,(#10626,#10627,#10628,#10629,#10630,
#10631,#10632,#10633,#10634,#10635),.UNSPECIFIED.,.F.,.F.,(4,3,3,4),(0.,
0.406970369604482,0.993893894561147,1.),.UNSPECIFIED.);
#225=B_SPLINE_CURVE_WITH_KNOTS('',3,(#10640,#10641,#10642,#10643,#10644,
#10645,#10646,#10647,#10648,#10649),.UNSPECIFIED.,.F.,.F.,(4,3,3,4),(0.,
0.00610610543889504,0.593029630390852,1.),.UNSPECIFIED.);
#226=B_SPLINE_CURVE_WITH_KNOTS('',3,(#10656,#10657,#10658,#10659,#10660,
#10661,#10662,#10663,#10664,#10665),.UNSPECIFIED.,.F.,.F.,(4,3,3,4),(0.,
0.00610610543888799,0.593029630391465,1.),.UNSPECIFIED.);
#227=B_SPLINE_CURVE_WITH_KNOTS('',3,(#10669,#10670,#10671,#10672,#10673,
#10674,#10675,#10676,#10677,#10678),.UNSPECIFIED.,.F.,.F.,(4,3,3,4),(0.,
0.406970369605111,0.993893894561147,1.),.UNSPECIFIED.);
#228=B_SPLINE_CURVE_WITH_KNOTS('',3,(#10687,#10688,#10689,#10690,#10691,
#10692,#10693,#10694,#10695,#10696),.UNSPECIFIED.,.F.,.F.,(4,3,3,4),(0.,
0.406970369605281,0.993893894561141,1.),.UNSPECIFIED.);
#229=B_SPLINE_CURVE_WITH_KNOTS('',3,(#10701,#10702,#10703,#10704,#10705,
#10706,#10707,#10708,#10709,#10710),.UNSPECIFIED.,.F.,.F.,(4,3,3,4),(0.,
0.00610610543889298,0.593029630391627,1.),.UNSPECIFIED.);
#230=B_SPLINE_CURVE_WITH_KNOTS('',3,(#10717,#10718,#10719,#10720,#10721,
#10722,#10723,#10724,#10725,#10726),.UNSPECIFIED.,.F.,.F.,(4,3,3,4),(0.,
0.00610610543888364,0.593029630392404,1.),.UNSPECIFIED.);
#231=B_SPLINE_CURVE_WITH_KNOTS('',3,(#10730,#10731,#10732,#10733,#10734,
#10735,#10736,#10737,#10738,#10739),.UNSPECIFIED.,.F.,.F.,(4,3,3,4),(0.,
0.406970369606033,0.99389389456113,1.),.UNSPECIFIED.);
#232=B_SPLINE_CURVE_WITH_KNOTS('',3,(#10748,#10749,#10750,#10751,#10752,
#10753,#10754,#10755,#10756,#10757),.UNSPECIFIED.,.F.,.F.,(4,3,3,4),(0.,
0.406970369606033,0.99389389456113,1.),.UNSPECIFIED.);
#233=B_SPLINE_CURVE_WITH_KNOTS('',3,(#10762,#10763,#10764,#10765,#10766,
#10767,#10768,#10769,#10770,#10771),.UNSPECIFIED.,.F.,.F.,(4,3,3,4),(0.,
0.00610610543888212,0.593029630392403,1.),.UNSPECIFIED.);
#234=B_SPLINE_CURVE_WITH_KNOTS('',3,(#10776,#10777,#10778,#10779,#10780,
#10781,#10782,#10783,#10784,#10785,#10786,#10787,#10788,#10789,#10790,#10791,
#10792,#10793,#10794,#10795,#10796,#10797),.UNSPECIFIED.,.F.,.F.,(4,3,3,
3,3,3,3,4),(0.,0.168559510268602,0.349719577306195,0.558100103780461,0.692370051067247,
0.797151244280026,0.903115036361408,1.),.UNSPECIFIED.);
#235=B_SPLINE_CURVE_WITH_KNOTS('',3,(#10798,#10799,#10800,#10801,#10802,
#10803,#10804,#10805,#10806,#10807,#10808,#10809,#10810,#10811,#10812,#10813,
#10814,#10815,#10816,#10817,#10818,#10819,#10820,#10821,#10822),
 .UNSPECIFIED.,.F.,.F.,(4,3,3,3,3,3,3,3,4),(0.,0.0853790128090987,0.17055508262146,
0.257398822644711,0.380118680160492,0.548764665680484,0.722289716306662,
0.928995736648062,1.),.UNSPECIFIED.);
#236=B_SPLINE_CURVE_WITH_KNOTS('',3,(#10833,#10834,#10835,#10836,#10837,
#10838,#10839,#10840,#10841,#10842,#10843,#10844,#10845,#10846,#10847,#10848,
#10849,#10850,#10851,#10852,#10853,#10854),.UNSPECIFIED.,.F.,.F.,(4,3,3,
3,3,3,3,4),(0.,0.168559510268602,0.349719577306258,0.558100103780531,0.692370051067302,
0.797151244280078,0.903115036361454,1.),.UNSPECIFIED.);
#237=B_SPLINE_CURVE_WITH_KNOTS('',3,(#10855,#10856,#10857,#10858,#10859,
#10860,#10861,#10862,#10863,#10864,#10865,#10866,#10867,#10868,#10869,#10870,
#10871,#10872,#10873,#10874,#10875,#10876,#10877,#10878,#10879),
 .UNSPECIFIED.,.F.,.F.,(4,3,3,3,3,3,3,3,4),(0.,0.0853790128090981,0.170555082621457,
0.25739882264471,0.380118680160498,0.54876466568048,0.722289716306667,0.928995736648065,
1.),.UNSPECIFIED.);
#238=B_SPLINE_CURVE_WITH_KNOTS('',3,(#10890,#10891,#10892,#10893,#10894,
#10895,#10896,#10897,#10898,#10899,#10900,#10901,#10902,#10903,#10904,#10905,
#10906,#10907,#10908,#10909,#10910,#10911),.UNSPECIFIED.,.F.,.F.,(4,3,3,
3,3,3,3,4),(0.,0.168559510268602,0.349719577306195,0.558100103780461,0.692370051067247,
0.797151244280026,0.903115036361408,1.),.UNSPECIFIED.);
#239=B_SPLINE_CURVE_WITH_KNOTS('',3,(#10912,#10913,#10914,#10915,#10916,
#10917,#10918,#10919,#10920,#10921,#10922,#10923,#10924,#10925,#10926,#10927,
#10928,#10929,#10930,#10931,#10932,#10933,#10934,#10935,#10936),
 .UNSPECIFIED.,.F.,.F.,(4,3,3,3,3,3,3,3,4),(0.,0.0853790128090979,0.170555082621457,
0.25739882264471,0.380118680160497,0.548764665680479,0.722289716306665,
0.928995736648063,1.),.UNSPECIFIED.);
#240=B_SPLINE_CURVE_WITH_KNOTS('',3,(#11043,#11044,#11045,#11046,#11047,
#11048,#11049,#11050,#11051,#11052,#11053,#11054,#11055,#11056,#11057,#11058),
 .UNSPECIFIED.,.F.,.F.,(4,3,3,3,3,4),(0.,0.198782055182427,0.482209528489334,
0.885241394354294,0.991241770149717,1.),.UNSPECIFIED.);
#241=B_SPLINE_CURVE_WITH_KNOTS('',3,(#11106,#11107,#11108,#11109,#11110,
#11111,#11112,#11113,#11114,#11115),.UNSPECIFIED.,.F.,.F.,(4,3,3,4),(0.,
0.198987829917443,0.718607930231134,1.),.UNSPECIFIED.);
#242=B_SPLINE_CURVE_WITH_KNOTS('',3,(#11117,#11118,#11119,#11120,#11121,
#11122,#11123,#11124,#11125,#11126,#11127,#11128,#11129,#11130,#11131,#11132),
 .UNSPECIFIED.,.F.,.F.,(4,3,3,3,3,4),(0.,0.183335386811731,0.459236035417633,
0.899645614533001,0.991740948199854,1.),.UNSPECIFIED.);
#243=B_SPLINE_CURVE_WITH_KNOTS('',3,(#11264,#11265,#11266,#11267,#11268,
#11269,#11270,#11271,#11272,#11273,#11274,#11275,#11276,#11277,#11278,#11279),
 .UNSPECIFIED.,.F.,.F.,(4,3,3,3,3,4),(0.,0.213952944390215,0.427888361019688,
0.642103881962053,0.857010532094772,1.),.UNSPECIFIED.);
#244=B_SPLINE_CURVE_WITH_KNOTS('',3,(#11295,#11296,#11297,#11298,#11299,
#11300,#11301,#11302,#11303,#11304,#11305,#11306,#11307,#11308,#11309,#11310),
 .UNSPECIFIED.,.F.,.F.,(4,3,3,3,3,4),(0.,0.216057211019108,0.43215218114417,
0.647678123532644,0.8623746592954,1.),.UNSPECIFIED.);
#245=B_SPLINE_CURVE_WITH_KNOTS('',3,(#11319,#11320,#11321,#11322,#11323,
#11324,#11325,#11326,#11327,#11328,#11329,#11330,#11331,#11332,#11333,#11334),
 .UNSPECIFIED.,.F.,.F.,(4,3,3,3,3,4),(0.,0.213952944390215,0.427888361019688,
0.642103881962051,0.857010532094774,1.),.UNSPECIFIED.);
#246=B_SPLINE_CURVE_WITH_KNOTS('',3,(#11350,#11351,#11352,#11353,#11354,
#11355,#11356,#11357,#11358,#11359,#11360,#11361,#11362,#11363,#11364,#11365),
 .UNSPECIFIED.,.F.,.F.,(4,3,3,3,3,4),(0.,0.216057211019111,0.432152181144181,
0.647678123532642,0.862374659295409,1.),.UNSPECIFIED.);
#247=B_SPLINE_CURVE_WITH_KNOTS('',3,(#11737,#11738,#11739,#11740,#11741,
#11742,#11743,#11744,#11745,#11746,#11747,#11748,#11749,#11750,#11751,#11752),
 .UNSPECIFIED.,.F.,.F.,(4,3,3,3,3,4),(0.,0.216057211019103,0.432152181144154,
0.647678123532654,0.862374659295392,1.),.UNSPECIFIED.);
#248=B_SPLINE_CURVE_WITH_KNOTS('',3,(#11757,#11758,#11759,#11760,#11761,
#11762,#11763,#11764,#11765,#11766,#11767,#11768,#11769,#11770,#11771,#11772),
 .UNSPECIFIED.,.F.,.F.,(4,3,3,3,3,4),(0.,0.213952944390216,0.42788836101969,
0.642103881962056,0.857010532094777,1.),.UNSPECIFIED.);
#249=B_SPLINE_CURVE_WITH_KNOTS('',3,(#11778,#11779,#11780,#11781,#11782,
#11783,#11784,#11785,#11786,#11787,#11788,#11789,#11790,#11791,#11792,#11793),
 .UNSPECIFIED.,.F.,.F.,(4,3,3,3,3,4),(0.,0.213952944390214,0.427888361019688,
0.642103881962052,0.857010532094774,1.),.UNSPECIFIED.);
#250=B_SPLINE_CURVE_WITH_KNOTS('',3,(#11798,#11799,#11800,#11801,#11802,
#11803,#11804,#11805,#11806,#11807,#11808,#11809,#11810,#11811,#11812,#11813),
 .UNSPECIFIED.,.F.,.F.,(4,3,3,3,3,4),(0.,0.216057211019117,0.432152181144188,
0.647678123532662,0.862374659295412,1.),.UNSPECIFIED.);
#251=B_SPLINE_CURVE_WITH_KNOTS('',3,(#11848,#11849,#11850,#11851,#11852,
#11853,#11854,#11855,#11856,#11857,#11858,#11859,#11860,#11861,#11862,#11863),
 .UNSPECIFIED.,.F.,.F.,(4,3,3,3,3,4),(0.,0.213952944390213,0.427888361019687,
0.642103881962044,0.857010532094762,1.),.UNSPECIFIED.);
#252=B_SPLINE_CURVE_WITH_KNOTS('',3,(#11868,#11869,#11870,#11871,#11872,
#11873,#11874,#11875,#11876,#11877,#11878,#11879,#11880,#11881,#11882,#11883),
 .UNSPECIFIED.,.F.,.F.,(4,3,3,3,3,4),(0.,0.216057211019108,0.43215218114417,
0.647678123532643,0.8623746592954,1.),.UNSPECIFIED.);
#253=B_SPLINE_CURVE_WITH_KNOTS('',3,(#11891,#11892,#11893,#11894,#11895,
#11896,#11897,#11898,#11899,#11900,#11901,#11902,#11903,#11904,#11905,#11906),
 .UNSPECIFIED.,.F.,.F.,(4,3,3,3,3,4),(0.,0.213952944390216,0.427888361019689,
0.642103881962056,0.857010532094774,1.),.UNSPECIFIED.);
#254=B_SPLINE_CURVE_WITH_KNOTS('',3,(#11911,#11912,#11913,#11914,#11915,
#11916,#11917,#11918,#11919,#11920,#11921,#11922,#11923,#11924,#11925,#11926),
 .UNSPECIFIED.,.F.,.F.,(4,3,3,3,3,4),(0.,0.216057211019103,0.432152181144174,
0.647678123532642,0.8623746592954,1.),.UNSPECIFIED.);
#255=B_SPLINE_CURVE_WITH_KNOTS('',3,(#11957,#11958,#11959,#11960,#11961,
#11962,#11963,#11964,#11965,#11966,#11967,#11968,#11969,#11970,#11971,#11972),
 .UNSPECIFIED.,.F.,.F.,(4,3,3,3,3,4),(0.,0.213952944390216,0.427888361019689,
0.642103881962051,0.857010532094776,1.),.UNSPECIFIED.);
#256=B_SPLINE_CURVE_WITH_KNOTS('',3,(#11978,#11979,#11980,#11981,#11982,
#11983,#11984,#11985,#11986,#11987,#11988,#11989,#11990,#11991,#11992,#11993),
 .UNSPECIFIED.,.F.,.F.,(4,3,3,3,3,4),(0.,0.216057211019103,0.432152181144154,
0.647678123532654,0.862374659295391,1.),.UNSPECIFIED.);
#257=B_SPLINE_CURVE_WITH_KNOTS('',3,(#12000,#12001,#12002,#12003,#12004,
#12005,#12006,#12007,#12008,#12009,#12010,#12011,#12012,#12013,#12014,#12015),
 .UNSPECIFIED.,.F.,.F.,(4,3,3,3,3,4),(0.,0.213952944390215,0.427888361019689,
0.642103881962055,0.857010532094776,1.),.UNSPECIFIED.);
#258=B_SPLINE_CURVE_WITH_KNOTS('',3,(#12032,#12033,#12034,#12035,#12036,
#12037,#12038,#12039,#12040,#12041,#12042,#12043,#12044,#12045,#12046,#12047),
 .UNSPECIFIED.,.F.,.F.,(4,3,3,3,3,4),(0.,0.216057211019108,0.432152181144169,
0.647678123532653,0.862374659295391,1.),.UNSPECIFIED.);
#259=B_SPLINE_CURVE_WITH_KNOTS('',3,(#12062,#12063,#12064,#12065,#12066,
#12067,#12068,#12069,#12070,#12071,#12072,#12073,#12074,#12075,#12076,#12077),
 .UNSPECIFIED.,.F.,.F.,(4,3,3,3,3,4),(0.,0.216057211019121,0.432152181144198,
0.647678123532672,0.862374659295412,1.),.UNSPECIFIED.);
#260=B_SPLINE_CURVE_WITH_KNOTS('',3,(#12102,#12103,#12104,#12105,#12106,
#12107,#12108,#12109,#12110,#12111,#12112,#12113,#12114,#12115,#12116,#12117),
 .UNSPECIFIED.,.F.,.F.,(4,3,3,3,3,4),(0.,0.213952944390214,0.427888361019686,
0.642103881962048,0.857010532094769,1.),.UNSPECIFIED.);
#261=B_SPLINE_CURVE_WITH_KNOTS('',3,(#12140,#12141,#12142,#12143,#12144,
#12145,#12146,#12147,#12148,#12149,#12150,#12151,#12152,#12153,#12154,#12155),
 .UNSPECIFIED.,.F.,.F.,(4,3,3,3,3,4),(0.,0.213952944390213,0.427888361019683,
0.642103881962053,0.857010532094766,1.),.UNSPECIFIED.);
#262=B_SPLINE_CURVE_WITH_KNOTS('',3,(#12162,#12163,#12164,#12165,#12166,
#12167,#12168,#12169,#12170,#12171,#12172,#12173,#12174,#12175,#12176,#12177),
 .UNSPECIFIED.,.F.,.F.,(4,3,3,3,3,4),(0.,0.216057211019109,0.432152181144171,
0.647678123532654,0.862374659295391,1.),.UNSPECIFIED.);
#263=B_SPLINE_CURVE_WITH_KNOTS('',3,(#12214,#12215,#12216,#12217,#12218,
#12219,#12220,#12221,#12222,#12223,#12224,#12225,#12226,#12227,#12228,#12229),
 .UNSPECIFIED.,.F.,.F.,(4,3,3,3,3,4),(0.,0.216057211019121,0.432152181144197,
0.647678123532671,0.862374659295413,1.),.UNSPECIFIED.);
#264=B_SPLINE_CURVE_WITH_KNOTS('',3,(#12250,#12251,#12252,#12253,#12254,
#12255,#12256,#12257,#12258,#12259,#12260,#12261,#12262,#12263,#12264,#12265),
 .UNSPECIFIED.,.F.,.F.,(4,3,3,3,3,4),(0.,0.213952944390213,0.427888361019687,
0.64210388196205,0.857010532094765,1.),.UNSPECIFIED.);
#265=B_SPLINE_CURVE_WITH_KNOTS('',3,(#12279,#12280,#12281,#12282,#12283,
#12284,#12285,#12286,#12287,#12288,#12289,#12290,#12291,#12292,#12293,#12294),
 .UNSPECIFIED.,.F.,.F.,(4,3,3,3,3,4),(0.,0.213952944390213,0.427888361019684,
0.642103881962051,0.857010532094767,1.),.UNSPECIFIED.);
#266=B_SPLINE_CURVE_WITH_KNOTS('',3,(#12301,#12302,#12303,#12304,#12305,
#12306,#12307,#12308,#12309,#12310,#12311,#12312,#12313,#12314,#12315,#12316),
 .UNSPECIFIED.,.F.,.F.,(4,3,3,3,3,4),(0.,0.216057211019109,0.43215218114417,
0.647678123532654,0.862374659295391,1.),.UNSPECIFIED.);
#267=B_SPLINE_CURVE_WITH_KNOTS('',3,(#13187,#13188,#13189,#13190),
 .UNSPECIFIED.,.F.,.F.,(4,4),(0.,1.),.UNSPECIFIED.);
#268=B_SPLINE_CURVE_WITH_KNOTS('',3,(#13192,#13193,#13194,#13195,#13196,
#13197,#13198,#13199,#13200,#13201),.UNSPECIFIED.,.F.,.F.,(4,3,3,4),(0.,
0.394592576533768,0.846455572929483,1.),.UNSPECIFIED.);
#269=B_SPLINE_CURVE_WITH_KNOTS('',3,(#13203,#13204,#13205,#13206),
 .UNSPECIFIED.,.F.,.F.,(4,4),(0.,1.),.UNSPECIFIED.);
#270=B_SPLINE_CURVE_WITH_KNOTS('',3,(#13213,#13214,#13215,#13216),
 .UNSPECIFIED.,.F.,.F.,(4,4),(0.,1.),.UNSPECIFIED.);
#271=B_SPLINE_CURVE_WITH_KNOTS('',3,(#13218,#13219,#13220,#13221,#13222,
#13223,#13224,#13225,#13226,#13227,#13228,#13229,#13230),.UNSPECIFIED.,
 .F.,.F.,(4,3,3,3,4),(0.,0.411922904283805,0.715175068536731,0.94257127591565,
1.),.UNSPECIFIED.);
#272=B_SPLINE_CURVE_WITH_KNOTS('',3,(#13232,#13233,#13234,#13235,#13236,
#13237,#13238,#13239,#13240,#13241),.UNSPECIFIED.,.F.,.F.,(4,3,3,4),(0.,
0.425202833067551,0.948561446734204,1.),.UNSPECIFIED.);
#273=FACE_BOUND('',#2796,.T.);
#274=FACE_BOUND('',#2797,.T.);
#275=FACE_BOUND('',#2799,.T.);
#276=FACE_BOUND('',#2800,.T.);
#277=FACE_BOUND('',#2801,.T.);
#278=FACE_BOUND('',#2802,.T.);
#279=FACE_BOUND('',#2804,.T.);
#280=FACE_BOUND('',#2805,.T.);
#281=FACE_BOUND('',#2807,.T.);
#282=FACE_BOUND('',#2808,.T.);
#283=FACE_BOUND('',#2810,.T.);
#284=FACE_BOUND('',#2811,.T.);
#285=FACE_BOUND('',#2812,.T.);
#286=FACE_BOUND('',#2813,.T.);
#287=FACE_BOUND('',#2814,.T.);
#288=FACE_BOUND('',#2815,.T.);
#289=FACE_BOUND('',#2818,.T.);
#290=FACE_BOUND('',#2819,.T.);
#291=FACE_BOUND('',#2820,.T.);
#292=FACE_BOUND('',#2834,.T.);
#293=FACE_BOUND('',#2835,.T.);
#294=FACE_BOUND('',#2836,.T.);
#295=FACE_BOUND('',#2839,.T.);
#296=FACE_BOUND('',#2840,.T.);
#297=FACE_BOUND('',#2851,.T.);
#298=FACE_BOUND('',#2852,.T.);
#299=FACE_BOUND('',#2853,.T.);
#300=FACE_BOUND('',#2854,.T.);
#301=FACE_BOUND('',#2855,.T.);
#302=FACE_BOUND('',#2856,.T.);
#303=FACE_BOUND('',#2857,.T.);
#304=FACE_BOUND('',#2858,.T.);
#305=FACE_BOUND('',#2859,.T.);
#306=FACE_BOUND('',#2860,.T.);
#307=FACE_BOUND('',#2861,.T.);
#308=FACE_BOUND('',#2862,.T.);
#309=FACE_BOUND('',#2863,.T.);
#310=FACE_BOUND('',#2864,.T.);
#311=FACE_BOUND('',#2875,.T.);
#312=FACE_BOUND('',#2876,.T.);
#313=FACE_BOUND('',#2881,.T.);
#314=FACE_BOUND('',#2882,.T.);
#315=FACE_BOUND('',#2902,.T.);
#316=FACE_BOUND('',#2903,.T.);
#317=FACE_BOUND('',#2915,.T.);
#318=FACE_BOUND('',#2916,.T.);
#319=FACE_BOUND('',#2922,.T.);
#320=FACE_BOUND('',#2923,.T.);
#321=FACE_BOUND('',#2940,.T.);
#322=FACE_BOUND('',#2941,.T.);
#323=FACE_BOUND('',#2951,.T.);
#324=FACE_BOUND('',#2952,.T.);
#325=FACE_BOUND('',#3207,.T.);
#326=FACE_BOUND('',#3208,.T.);
#327=FACE_BOUND('',#3209,.T.);
#328=FACE_BOUND('',#3210,.T.);
#329=FACE_BOUND('',#3211,.T.);
#330=FACE_BOUND('',#3212,.T.);
#331=FACE_BOUND('',#3213,.T.);
#332=FACE_BOUND('',#3214,.T.);
#333=FACE_BOUND('',#3215,.T.);
#334=FACE_BOUND('',#3216,.T.);
#335=FACE_BOUND('',#3217,.T.);
#336=FACE_BOUND('',#3218,.T.);
#337=FACE_BOUND('',#3219,.T.);
#338=FACE_BOUND('',#3220,.T.);
#339=FACE_BOUND('',#3221,.T.);
#340=FACE_BOUND('',#3222,.T.);
#341=FACE_BOUND('',#3224,.T.);
#342=FACE_BOUND('',#3225,.T.);
#343=FACE_BOUND('',#3227,.T.);
#344=FACE_BOUND('',#3228,.T.);
#345=FACE_BOUND('',#3230,.T.);
#346=FACE_BOUND('',#3231,.T.);
#347=FACE_BOUND('',#3233,.T.);
#348=FACE_BOUND('',#3234,.T.);
#349=FACE_BOUND('',#3236,.T.);
#350=FACE_BOUND('',#3237,.T.);
#351=FACE_BOUND('',#3239,.T.);
#352=FACE_BOUND('',#3240,.T.);
#353=FACE_BOUND('',#3242,.T.);
#354=FACE_BOUND('',#3243,.T.);
#355=FACE_BOUND('',#3245,.T.);
#356=FACE_BOUND('',#3246,.T.);
#357=LINE('',#10431,#1059);
#358=LINE('',#10439,#1060);
#359=LINE('',#10447,#1061);
#360=LINE('',#10451,#1062);
#361=LINE('',#10453,#1063);
#362=LINE('',#10455,#1064);
#363=LINE('',#10459,#1065);
#364=LINE('',#10463,#1066);
#365=LINE('',#10465,#1067);
#366=LINE('',#10467,#1068);
#367=LINE('',#10471,#1069);
#368=LINE('',#10472,#1070);
#369=LINE('',#10477,#1071);
#370=LINE('',#10481,#1072);
#371=LINE('',#10485,#1073);
#372=LINE('',#10489,#1074);
#373=LINE('',#10493,#1075);
#374=LINE('',#10497,#1076);
#375=LINE('',#10501,#1077);
#376=LINE('',#10505,#1078);
#377=LINE('',#10509,#1079);
#378=LINE('',#10513,#1080);
#379=LINE('',#10517,#1081);
#380=LINE('',#10521,#1082);
#381=LINE('',#10525,#1083);
#382=LINE('',#10543,#1084);
#383=LINE('',#10544,#1085);
#384=LINE('',#10559,#1086);
#385=LINE('',#10585,#1087);
#386=LINE('',#10592,#1088);
#387=LINE('',#10618,#1089);
#388=LINE('',#10637,#1090);
#389=LINE('',#10638,#1091);
#390=LINE('',#10654,#1092);
#391=LINE('',#10680,#1093);
#392=LINE('',#10698,#1094);
#393=LINE('',#10699,#1095);
#394=LINE('',#10715,#1096);
#395=LINE('',#10741,#1097);
#396=LINE('',#10759,#1098);
#397=LINE('',#10760,#1099);
#398=LINE('',#10773,#1100);
#399=LINE('',#10824,#1101);
#400=LINE('',#10830,#1102);
#401=LINE('',#10881,#1103);
#402=LINE('',#10887,#1104);
#403=LINE('',#10938,#1105);
#404=LINE('',#10942,#1106);
#405=LINE('',#10945,#1107);
#406=LINE('',#10947,#1108);
#407=LINE('',#10949,#1109);
#408=LINE('',#10951,#1110);
#409=LINE('',#10954,#1111);
#410=LINE('',#10956,#1112);
#411=LINE('',#10958,#1113);
#412=LINE('',#10960,#1114);
#413=LINE('',#10963,#1115);
#414=LINE('',#10965,#1116);
#415=LINE('',#10967,#1117);
#416=LINE('',#10968,#1118);
#417=LINE('',#10971,#1119);
#418=LINE('',#10973,#1120);
#419=LINE('',#10975,#1121);
#420=LINE('',#10976,#1122);
#421=LINE('',#10979,#1123);
#422=LINE('',#10981,#1124);
#423=LINE('',#10983,#1125);
#424=LINE('',#10985,#1126);
#425=LINE('',#10987,#1127);
#426=LINE('',#10989,#1128);
#427=LINE('',#10991,#1129);
#428=LINE('',#10993,#1130);
#429=LINE('',#10995,#1131);
#430=LINE('',#10997,#1132);
#431=LINE('',#10999,#1133);
#432=LINE('',#11001,#1134);
#433=LINE('',#11003,#1135);
#434=LINE('',#11004,#1136);
#435=LINE('',#11006,#1137);
#436=LINE('',#11008,#1138);
#437=LINE('',#11010,#1139);
#438=LINE('',#11013,#1140);
#439=LINE('',#11017,#1141);
#440=LINE('',#11019,#1142);
#441=LINE('',#11021,#1143);
#442=LINE('',#11025,#1144);
#443=LINE('',#11027,#1145);
#444=LINE('',#11029,#1146);
#445=LINE('',#11031,#1147);
#446=LINE('',#11033,#1148);
#447=LINE('',#11038,#1149);
#448=LINE('',#11039,#1150);
#449=LINE('',#11060,#1151);
#450=LINE('',#11064,#1152);
#451=LINE('',#11069,#1153);
#452=LINE('',#11071,#1154);
#453=LINE('',#11073,#1155);
#454=LINE('',#11075,#1156);
#455=LINE('',#11077,#1157);
#456=LINE('',#11079,#1158);
#457=LINE('',#11082,#1159);
#458=LINE('',#11086,#1160);
#459=LINE('',#11088,#1161);
#460=LINE('',#11090,#1162);
#461=LINE('',#11094,#1163);
#462=LINE('',#11098,#1164);
#463=LINE('',#11103,#1165);
#464=LINE('',#11104,#1166);
#465=LINE('',#11138,#1167);
#466=LINE('',#11139,#1168);
#467=LINE('',#11140,#1169);
#468=LINE('',#11142,#1170);
#469=LINE('',#11143,#1171);
#470=LINE('',#11144,#1172);
#471=LINE('',#11146,#1173);
#472=LINE('',#11147,#1174);
#473=LINE('',#11148,#1175);
#474=LINE('',#11150,#1176);
#475=LINE('',#11153,#1177);
#476=LINE('',#11154,#1178);
#477=LINE('',#11156,#1179);
#478=LINE('',#11158,#1180);
#479=LINE('',#11159,#1181);
#480=LINE('',#11161,#1182);
#481=LINE('',#11163,#1183);
#482=LINE('',#11165,#1184);
#483=LINE('',#11167,#1185);
#484=LINE('',#11169,#1186);
#485=LINE('',#11172,#1187);
#486=LINE('',#11174,#1188);
#487=LINE('',#11176,#1189);
#488=LINE('',#11177,#1190);
#489=LINE('',#11180,#1191);
#490=LINE('',#11182,#1192);
#491=LINE('',#11184,#1193);
#492=LINE('',#11185,#1194);
#493=LINE('',#11188,#1195);
#494=LINE('',#11190,#1196);
#495=LINE('',#11192,#1197);
#496=LINE('',#11194,#1198);
#497=LINE('',#11196,#1199);
#498=LINE('',#11198,#1200);
#499=LINE('',#11200,#1201);
#500=LINE('',#11202,#1202);
#501=LINE('',#11204,#1203);
#502=LINE('',#11206,#1204);
#503=LINE('',#11207,#1205);
#504=LINE('',#11209,#1206);
#505=LINE('',#11211,#1207);
#506=LINE('',#11213,#1208);
#507=LINE('',#11215,#1209);
#508=LINE('',#11217,#1210);
#509=LINE('',#11220,#1211);
#510=LINE('',#11221,#1212);
#511=LINE('',#11223,#1213);
#512=LINE('',#11225,#1214);
#513=LINE('',#11227,#1215);
#514=LINE('',#11228,#1216);
#515=LINE('',#11230,#1217);
#516=LINE('',#11232,#1218);
#517=LINE('',#11234,#1219);
#518=LINE('',#11247,#1220);
#519=LINE('',#11251,#1221);
#520=LINE('',#11253,#1222);
#521=LINE('',#11255,#1223);
#522=LINE('',#11257,#1224);
#523=LINE('',#11259,#1225);
#524=LINE('',#11262,#1226);
#525=LINE('',#11281,#1227);
#526=LINE('',#11283,#1228);
#527=LINE('',#11289,#1229);
#528=LINE('',#11291,#1230);
#529=LINE('',#11293,#1231);
#530=LINE('',#11312,#1232);
#531=LINE('',#11314,#1233);
#532=LINE('',#11317,#1234);
#533=LINE('',#11336,#1235);
#534=LINE('',#11338,#1236);
#535=LINE('',#11344,#1237);
#536=LINE('',#11346,#1238);
#537=LINE('',#11348,#1239);
#538=LINE('',#11367,#1240);
#539=LINE('',#11372,#1241);
#540=LINE('',#11378,#1242);
#541=LINE('',#11383,#1243);
#542=LINE('',#11387,#1244);
#543=LINE('',#11389,#1245);
#544=LINE('',#11391,#1246);
#545=LINE('',#11393,#1247);
#546=LINE('',#11395,#1248);
#547=LINE('',#11396,#1249);
#548=LINE('',#11398,#1250);
#549=LINE('',#11400,#1251);
#550=LINE('',#11402,#1252);
#551=LINE('',#11406,#1253);
#552=LINE('',#11408,#1254);
#553=LINE('',#11410,#1255);
#554=LINE('',#11412,#1256);
#555=LINE('',#11414,#1257);
#556=LINE('',#11416,#1258);
#557=LINE('',#11418,#1259);
#558=LINE('',#11419,#1260);
#559=LINE('',#11421,#1261);
#560=LINE('',#11423,#1262);
#561=LINE('',#11431,#1263);
#562=LINE('',#11435,#1264);
#563=LINE('',#11439,#1265);
#564=LINE('',#11443,#1266);
#565=LINE('',#11451,#1267);
#566=LINE('',#11455,#1268);
#567=LINE('',#11463,#1269);
#568=LINE('',#11467,#1270);
#569=LINE('',#11478,#1271);
#570=LINE('',#11482,#1272);
#571=LINE('',#11486,#1273);
#572=LINE('',#11490,#1274);
#573=LINE('',#11498,#1275);
#574=LINE('',#11502,#1276);
#575=LINE('',#11510,#1277);
#576=LINE('',#11514,#1278);
#577=LINE('',#11522,#1279);
#578=LINE('',#11526,#1280);
#579=LINE('',#11530,#1281);
#580=LINE('',#11534,#1282);
#581=LINE('',#11536,#1283);
#582=LINE('',#11545,#1284);
#583=LINE('',#11549,#1285);
#584=LINE('',#11553,#1286);
#585=LINE('',#11557,#1287);
#586=LINE('',#11565,#1288);
#587=LINE('',#11569,#1289);
#588=LINE('',#11577,#1290);
#589=LINE('',#11581,#1291);
#590=LINE('',#11589,#1292);
#591=LINE('',#11593,#1293);
#592=LINE('',#11597,#1294);
#593=LINE('',#11601,#1295);
#594=LINE('',#11615,#1296);
#595=LINE('',#11619,#1297);
#596=LINE('',#11627,#1298);
#597=LINE('',#11631,#1299);
#598=LINE('',#11639,#1300);
#599=LINE('',#11643,#1301);
#600=LINE('',#11647,#1302);
#601=LINE('',#11650,#1303);
#602=LINE('',#11652,#1304);
#603=LINE('',#11656,#1305);
#604=LINE('',#11658,#1306);
#605=LINE('',#11662,#1307);
#606=LINE('',#11665,#1308);
#607=LINE('',#11666,#1309);
#608=LINE('',#11669,#1310);
#609=LINE('',#11673,#1311);
#610=LINE('',#11675,#1312);
#611=LINE('',#11679,#1313);
#612=LINE('',#11681,#1314);
#613=LINE('',#11685,#1315);
#614=LINE('',#11687,#1316);
#615=LINE('',#11696,#1317);
#616=LINE('',#11699,#1318);
#617=LINE('',#11702,#1319);
#618=LINE('',#11706,#1320);
#619=LINE('',#11708,#1321);
#620=LINE('',#11712,#1322);
#621=LINE('',#11714,#1323);
#622=LINE('',#11726,#1324);
#623=LINE('',#11728,#1325);
#624=LINE('',#11732,#1326);
#625=LINE('',#11734,#1327);
#626=LINE('',#11736,#1328);
#627=LINE('',#11754,#1329);
#628=LINE('',#11755,#1330);
#629=LINE('',#11775,#1331);
#630=LINE('',#11776,#1332);
#631=LINE('',#11795,#1333);
#632=LINE('',#11797,#1334);
#633=LINE('',#11816,#1335);
#634=LINE('',#11818,#1336);
#635=LINE('',#11820,#1337);
#636=LINE('',#11824,#1338);
#637=LINE('',#11829,#1339);
#638=LINE('',#11835,#1340);
#639=LINE('',#11839,#1341);
#640=LINE('',#11841,#1342);
#641=LINE('',#11846,#1343);
#642=LINE('',#11864,#1344);
#643=LINE('',#11866,#1345);
#644=LINE('',#11885,#1346);
#645=LINE('',#11889,#1347);
#646=LINE('',#11907,#1348);
#647=LINE('',#11909,#1349);
#648=LINE('',#11928,#1350);
#649=LINE('',#11932,#1351);
#650=LINE('',#11934,#1352);
#651=LINE('',#11936,#1353);
#652=LINE('',#11940,#1354);
#653=LINE('',#11942,#1355);
#654=LINE('',#11946,#1356);
#655=LINE('',#11948,#1357);
#656=LINE('',#11950,#1358);
#657=LINE('',#11954,#1359);
#658=LINE('',#11956,#1360);
#659=LINE('',#11974,#1361);
#660=LINE('',#11976,#1362);
#661=LINE('',#11997,#1363);
#662=LINE('',#11999,#1364);
#663=LINE('',#12017,#1365);
#664=LINE('',#12025,#1366);
#665=LINE('',#12026,#1367);
#666=LINE('',#12028,#1368);
#667=LINE('',#12030,#1369);
#668=LINE('',#12051,#1370);
#669=LINE('',#12053,#1371);
#670=LINE('',#12055,#1372);
#671=LINE('',#12057,#1373);
#672=LINE('',#12058,#1374);
#673=LINE('',#12060,#1375);
#674=LINE('',#12081,#1376);
#675=LINE('',#12083,#1377);
#676=LINE('',#12085,#1378);
#677=LINE('',#12087,#1379);
#678=LINE('',#12091,#1380);
#679=LINE('',#12093,#1381);
#680=LINE('',#12095,#1382);
#681=LINE('',#12100,#1383);
#682=LINE('',#12122,#1384);
#683=LINE('',#12123,#1385);
#684=LINE('',#12125,#1386);
#685=LINE('',#12127,#1387);
#686=LINE('',#12129,#1388);
#687=LINE('',#12131,#1389);
#688=LINE('',#12138,#1390);
#689=LINE('',#12156,#1391);
#690=LINE('',#12158,#1392);
#691=LINE('',#12160,#1393);
#692=LINE('',#12179,#1394);
#693=LINE('',#12181,#1395);
#694=LINE('',#12185,#1396);
#695=LINE('',#12187,#1397);
#696=LINE('',#12189,#1398);
#697=LINE('',#12191,#1399);
#698=LINE('',#12195,#1400);
#699=LINE('',#12199,#1401);
#700=LINE('',#12201,#1402);
#701=LINE('',#12203,#1403);
#702=LINE('',#12205,#1404);
#703=LINE('',#12209,#1405);
#704=LINE('',#12210,#1406);
#705=LINE('',#12212,#1407);
#706=LINE('',#12233,#1408);
#707=LINE('',#12235,#1409);
#708=LINE('',#12237,#1410);
#709=LINE('',#12246,#1411);
#710=LINE('',#12248,#1412);
#711=LINE('',#12267,#1413);
#712=LINE('',#12269,#1414);
#713=LINE('',#12273,#1415);
#714=LINE('',#12277,#1416);
#715=LINE('',#12295,#1417);
#716=LINE('',#12297,#1418);
#717=LINE('',#12299,#1419);
#718=LINE('',#12320,#1420);
#719=LINE('',#12325,#1421);
#720=LINE('',#12327,#1422);
#721=LINE('',#12331,#1423);
#722=LINE('',#12336,#1424);
#723=LINE('',#12337,#1425);
#724=LINE('',#12339,#1426);
#725=LINE('',#12341,#1427);
#726=LINE('',#12343,#1428);
#727=LINE('',#12345,#1429);
#728=LINE('',#12348,#1430);
#729=LINE('',#12350,#1431);
#730=LINE('',#12352,#1432);
#731=LINE('',#12354,#1433);
#732=LINE('',#12356,#1434);
#733=LINE('',#12358,#1435);
#734=LINE('',#12360,#1436);
#735=LINE('',#12363,#1437);
#736=LINE('',#12365,#1438);
#737=LINE('',#12367,#1439);
#738=LINE('',#12369,#1440);
#739=LINE('',#12371,#1441);
#740=LINE('',#12376,#1442);
#741=LINE('',#12378,#1443);
#742=LINE('',#12379,#1444);
#743=LINE('',#12381,#1445);
#744=LINE('',#12383,#1446);
#745=LINE('',#12384,#1447);
#746=LINE('',#12386,#1448);
#747=LINE('',#12387,#1449);
#748=LINE('',#12389,#1450);
#749=LINE('',#12391,#1451);
#750=LINE('',#12395,#1452);
#751=LINE('',#12397,#1453);
#752=LINE('',#12399,#1454);
#753=LINE('',#12401,#1455);
#754=LINE('',#12403,#1456);
#755=LINE('',#12406,#1457);
#756=LINE('',#12411,#1458);
#757=LINE('',#12415,#1459);
#758=LINE('',#12417,#1460);
#759=LINE('',#12419,#1461);
#760=LINE('',#12421,#1462);
#761=LINE('',#12424,#1463);
#762=LINE('',#12426,#1464);
#763=LINE('',#12428,#1465);
#764=LINE('',#12429,#1466);
#765=LINE('',#12431,#1467);
#766=LINE('',#12433,#1468);
#767=LINE('',#12437,#1469);
#768=LINE('',#12441,#1470);
#769=LINE('',#12447,#1471);
#770=LINE('',#12449,#1472);
#771=LINE('',#12453,#1473);
#772=LINE('',#12455,#1474);
#773=LINE('',#12459,#1475);
#774=LINE('',#12463,#1476);
#775=LINE('',#12467,#1477);
#776=LINE('',#12469,#1478);
#777=LINE('',#12472,#1479);
#778=LINE('',#12474,#1480);
#779=LINE('',#12476,#1481);
#780=LINE('',#12481,#1482);
#781=LINE('',#12484,#1483);
#782=LINE('',#12486,#1484);
#783=LINE('',#12488,#1485);
#784=LINE('',#12490,#1486);
#785=LINE('',#12492,#1487);
#786=LINE('',#12494,#1488);
#787=LINE('',#12496,#1489);
#788=LINE('',#12498,#1490);
#789=LINE('',#12500,#1491);
#790=LINE('',#12502,#1492);
#791=LINE('',#12504,#1493);
#792=LINE('',#12506,#1494);
#793=LINE('',#12509,#1495);
#794=LINE('',#12513,#1496);
#795=LINE('',#12515,#1497);
#796=LINE('',#12517,#1498);
#797=LINE('',#12519,#1499);
#798=LINE('',#12522,#1500);
#799=LINE('',#12524,#1501);
#800=LINE('',#12526,#1502);
#801=LINE('',#12528,#1503);
#802=LINE('',#12532,#1504);
#803=LINE('',#12534,#1505);
#804=LINE('',#12538,#1506);
#805=LINE('',#12540,#1507);
#806=LINE('',#12542,#1508);
#807=LINE('',#12544,#1509);
#808=LINE('',#12548,#1510);
#809=LINE('',#12552,#1511);
#810=LINE('',#12554,#1512);
#811=LINE('',#12556,#1513);
#812=LINE('',#12559,#1514);
#813=LINE('',#12561,#1515);
#814=LINE('',#12565,#1516);
#815=LINE('',#12567,#1517);
#816=LINE('',#12569,#1518);
#817=LINE('',#12571,#1519);
#818=LINE('',#12573,#1520);
#819=LINE('',#12575,#1521);
#820=LINE('',#12579,#1522);
#821=LINE('',#12581,#1523);
#822=LINE('',#12583,#1524);
#823=LINE('',#12585,#1525);
#824=LINE('',#12587,#1526);
#825=LINE('',#12591,#1527);
#826=LINE('',#12593,#1528);
#827=LINE('',#12595,#1529);
#828=LINE('',#12597,#1530);
#829=LINE('',#12599,#1531);
#830=LINE('',#12601,#1532);
#831=LINE('',#12605,#1533);
#832=LINE('',#12607,#1534);
#833=LINE('',#12609,#1535);
#834=LINE('',#12611,#1536);
#835=LINE('',#12617,#1537);
#836=LINE('',#12619,#1538);
#837=LINE('',#12621,#1539);
#838=LINE('',#12627,#1540);
#839=LINE('',#12630,#1541);
#840=LINE('',#12632,#1542);
#841=LINE('',#12634,#1543);
#842=LINE('',#12636,#1544);
#843=LINE('',#12638,#1545);
#844=LINE('',#12640,#1546);
#845=LINE('',#12642,#1547);
#846=LINE('',#12644,#1548);
#847=LINE('',#12646,#1549);
#848=LINE('',#12648,#1550);
#849=LINE('',#12650,#1551);
#850=LINE('',#12651,#1552);
#851=LINE('',#12652,#1553);
#852=LINE('',#12654,#1554);
#853=LINE('',#12656,#1555);
#854=LINE('',#12657,#1556);
#855=LINE('',#12658,#1557);
#856=LINE('',#12662,#1558);
#857=LINE('',#12667,#1559);
#858=LINE('',#12669,#1560);
#859=LINE('',#12671,#1561);
#860=LINE('',#12673,#1562);
#861=LINE('',#12676,#1563);
#862=LINE('',#12678,#1564);
#863=LINE('',#12680,#1565);
#864=LINE('',#12682,#1566);
#865=LINE('',#12684,#1567);
#866=LINE('',#12686,#1568);
#867=LINE('',#12688,#1569);
#868=LINE('',#12690,#1570);
#869=LINE('',#12692,#1571);
#870=LINE('',#12694,#1572);
#871=LINE('',#12696,#1573);
#872=LINE('',#12697,#1574);
#873=LINE('',#12698,#1575);
#874=LINE('',#12700,#1576);
#875=LINE('',#12702,#1577);
#876=LINE('',#12703,#1578);
#877=LINE('',#12704,#1579);
#878=LINE('',#12708,#1580);
#879=LINE('',#12713,#1581);
#880=LINE('',#12715,#1582);
#881=LINE('',#12717,#1583);
#882=LINE('',#12719,#1584);
#883=LINE('',#12724,#1585);
#884=LINE('',#12728,#1586);
#885=LINE('',#12730,#1587);
#886=LINE('',#12732,#1588);
#887=LINE('',#12734,#1589);
#888=LINE('',#12737,#1590);
#889=LINE('',#12739,#1591);
#890=LINE('',#12741,#1592);
#891=LINE('',#12742,#1593);
#892=LINE('',#12744,#1594);
#893=LINE('',#12746,#1595);
#894=LINE('',#12750,#1596);
#895=LINE('',#12754,#1597);
#896=LINE('',#12759,#1598);
#897=LINE('',#12761,#1599);
#898=LINE('',#12765,#1600);
#899=LINE('',#12767,#1601);
#900=LINE('',#12771,#1602);
#901=LINE('',#12775,#1603);
#902=LINE('',#12779,#1604);
#903=LINE('',#12781,#1605);
#904=LINE('',#12784,#1606);
#905=LINE('',#12786,#1607);
#906=LINE('',#12788,#1608);
#907=LINE('',#12793,#1609);
#908=LINE('',#12796,#1610);
#909=LINE('',#12798,#1611);
#910=LINE('',#12800,#1612);
#911=LINE('',#12802,#1613);
#912=LINE('',#12804,#1614);
#913=LINE('',#12806,#1615);
#914=LINE('',#12808,#1616);
#915=LINE('',#12810,#1617);
#916=LINE('',#12812,#1618);
#917=LINE('',#12814,#1619);
#918=LINE('',#12816,#1620);
#919=LINE('',#12818,#1621);
#920=LINE('',#12821,#1622);
#921=LINE('',#12825,#1623);
#922=LINE('',#12827,#1624);
#923=LINE('',#12829,#1625);
#924=LINE('',#12831,#1626);
#925=LINE('',#12834,#1627);
#926=LINE('',#12836,#1628);
#927=LINE('',#12838,#1629);
#928=LINE('',#12840,#1630);
#929=LINE('',#12844,#1631);
#930=LINE('',#12846,#1632);
#931=LINE('',#12850,#1633);
#932=LINE('',#12852,#1634);
#933=LINE('',#12854,#1635);
#934=LINE('',#12856,#1636);
#935=LINE('',#12860,#1637);
#936=LINE('',#12864,#1638);
#937=LINE('',#12866,#1639);
#938=LINE('',#12868,#1640);
#939=LINE('',#12871,#1641);
#940=LINE('',#12873,#1642);
#941=LINE('',#12877,#1643);
#942=LINE('',#12879,#1644);
#943=LINE('',#12881,#1645);
#944=LINE('',#12883,#1646);
#945=LINE('',#12885,#1647);
#946=LINE('',#12887,#1648);
#947=LINE('',#12891,#1649);
#948=LINE('',#12893,#1650);
#949=LINE('',#12895,#1651);
#950=LINE('',#12897,#1652);
#951=LINE('',#12899,#1653);
#952=LINE('',#12903,#1654);
#953=LINE('',#12905,#1655);
#954=LINE('',#12907,#1656);
#955=LINE('',#12909,#1657);
#956=LINE('',#12911,#1658);
#957=LINE('',#12913,#1659);
#958=LINE('',#12917,#1660);
#959=LINE('',#12919,#1661);
#960=LINE('',#12921,#1662);
#961=LINE('',#12923,#1663);
#962=LINE('',#12929,#1664);
#963=LINE('',#12931,#1665);
#964=LINE('',#12933,#1666);
#965=LINE('',#12939,#1667);
#966=LINE('',#12942,#1668);
#967=LINE('',#12944,#1669);
#968=LINE('',#12946,#1670);
#969=LINE('',#12948,#1671);
#970=LINE('',#12950,#1672);
#971=LINE('',#12952,#1673);
#972=LINE('',#12954,#1674);
#973=LINE('',#12957,#1675);
#974=LINE('',#12959,#1676);
#975=LINE('',#12961,#1677);
#976=LINE('',#12963,#1678);
#977=LINE('',#12965,#1679);
#978=LINE('',#12967,#1680);
#979=LINE('',#12968,#1681);
#980=LINE('',#12970,#1682);
#981=LINE('',#12974,#1683);
#982=LINE('',#12976,#1684);
#983=LINE('',#12977,#1685);
#984=LINE('',#12979,#1686);
#985=LINE('',#12980,#1687);
#986=LINE('',#12982,#1688);
#987=LINE('',#12983,#1689);
#988=LINE('',#12985,#1690);
#989=LINE('',#12987,#1691);
#990=LINE('',#12991,#1692);
#991=LINE('',#12993,#1693);
#992=LINE('',#12995,#1694);
#993=LINE('',#12997,#1695);
#994=LINE('',#12999,#1696);
#995=LINE('',#13002,#1697);
#996=LINE('',#13003,#1698);
#997=LINE('',#13006,#1699);
#998=LINE('',#13008,#1700);
#999=LINE('',#13009,#1701);
#1000=LINE('',#13011,#1702);
#1001=LINE('',#13013,#1703);
#1002=LINE('',#13015,#1704);
#1003=LINE('',#13016,#1705);
#1004=LINE('',#13019,#1706);
#1005=LINE('',#13021,#1707);
#1006=LINE('',#13023,#1708);
#1007=LINE('',#13025,#1709);
#1008=LINE('',#13027,#1710);
#1009=LINE('',#13028,#1711);
#1010=LINE('',#13030,#1712);
#1011=LINE('',#13032,#1713);
#1012=LINE('',#13033,#1714);
#1013=LINE('',#13106,#1715);
#1014=LINE('',#13108,#1716);
#1015=LINE('',#13110,#1717);
#1016=LINE('',#13112,#1718);
#1017=LINE('',#13114,#1719);
#1018=LINE('',#13116,#1720);
#1019=LINE('',#13118,#1721);
#1020=LINE('',#13120,#1722);
#1021=LINE('',#13123,#1723);
#1022=LINE('',#13126,#1724);
#1023=LINE('',#13127,#1725);
#1024=LINE('',#13128,#1726);
#1025=LINE('',#13129,#1727);
#1026=LINE('',#13130,#1728);
#1027=LINE('',#13131,#1729);
#1028=LINE('',#13132,#1730);
#1029=LINE('',#13134,#1731);
#1030=LINE('',#13136,#1732);
#1031=LINE('',#13138,#1733);
#1032=LINE('',#13139,#1734);
#1033=LINE('',#13141,#1735);
#1034=LINE('',#13143,#1736);
#1035=LINE('',#13145,#1737);
#1036=LINE('',#13146,#1738);
#1037=LINE('',#13148,#1739);
#1038=LINE('',#13150,#1740);
#1039=LINE('',#13152,#1741);
#1040=LINE('',#13153,#1742);
#1041=LINE('',#13155,#1743);
#1042=LINE('',#13157,#1744);
#1043=LINE('',#13159,#1745);
#1044=LINE('',#13160,#1746);
#1045=LINE('',#13162,#1747);
#1046=LINE('',#13180,#1748);
#1047=LINE('',#13182,#1749);
#1048=LINE('',#13184,#1750);
#1049=LINE('',#13251,#1751);
#1050=LINE('',#13253,#1752);
#1051=LINE('',#13255,#1753);
#1052=LINE('',#13257,#1754);
#1053=LINE('',#13261,#1755);
#1054=LINE('',#13263,#1756);
#1055=LINE('',#13267,#1757);
#1056=LINE('',#13269,#1758);
#1057=LINE('',#13291,#1759);
#1058=LINE('',#13293,#1760);
#1059=VECTOR('',#8262,1.);
#1060=VECTOR('',#8269,1.);
#1061=VECTOR('',#8276,1.);
#1062=VECTOR('',#8279,1.);
#1063=VECTOR('',#8280,1.);
#1064=VECTOR('',#8281,1.);
#1065=VECTOR('',#8284,1.);
#1066=VECTOR('',#8287,1.);
#1067=VECTOR('',#8288,1.);
#1068=VECTOR('',#8289,1.);
#1069=VECTOR('',#8292,1.);
#1070=VECTOR('',#8293,1.);
#1071=VECTOR('',#8296,1.);
#1072=VECTOR('',#8299,1.);
#1073=VECTOR('',#8302,1.);
#1074=VECTOR('',#8305,1.);
#1075=VECTOR('',#8308,1.);
#1076=VECTOR('',#8311,1.);
#1077=VECTOR('',#8314,1.);
#1078=VECTOR('',#8317,1.);
#1079=VECTOR('',#8320,1.);
#1080=VECTOR('',#8323,1.);
#1081=VECTOR('',#8326,1.);
#1082=VECTOR('',#8329,1.);
#1083=VECTOR('',#8332,1.);
#1084=VECTOR('',#8339,1.);
#1085=VECTOR('',#8340,1.);
#1086=VECTOR('',#8345,1.);
#1087=VECTOR('',#8348,1.);
#1088=VECTOR('',#8355,1.);
#1089=VECTOR('',#8358,1.);
#1090=VECTOR('',#8367,1.);
#1091=VECTOR('',#8368,1.);
#1092=VECTOR('',#8373,1.);
#1093=VECTOR('',#8376,1.);
#1094=VECTOR('',#8383,1.);
#1095=VECTOR('',#8384,1.);
#1096=VECTOR('',#8389,1.);
#1097=VECTOR('',#8392,1.);
#1098=VECTOR('',#8399,1.);
#1099=VECTOR('',#8400,1.);
#1100=VECTOR('',#8403,1.);
#1101=VECTOR('',#8404,1.);
#1102=VECTOR('',#8411,1.);
#1103=VECTOR('',#8412,1.);
#1104=VECTOR('',#8419,1.);
#1105=VECTOR('',#8420,1.);
#1106=VECTOR('',#8425,1.);
#1107=VECTOR('',#8426,1.);
#1108=VECTOR('',#8427,1.);
#1109=VECTOR('',#8428,1.);
#1110=VECTOR('',#8431,1.);
#1111=VECTOR('',#8432,1.);
#1112=VECTOR('',#8433,1.);
#1113=VECTOR('',#8434,1.);
#1114=VECTOR('',#8437,1.);
#1115=VECTOR('',#8438,1.);
#1116=VECTOR('',#8439,1.);
#1117=VECTOR('',#8440,1.);
#1118=VECTOR('',#8441,1.);
#1119=VECTOR('',#8442,1.);
#1120=VECTOR('',#8443,1.);
#1121=VECTOR('',#8444,1.);
#1122=VECTOR('',#8445,1.);
#1123=VECTOR('',#8446,1.);
#1124=VECTOR('',#8447,1.);
#1125=VECTOR('',#8448,1.);
#1126=VECTOR('',#8449,1.);
#1127=VECTOR('',#8450,1.);
#1128=VECTOR('',#8451,1.);
#1129=VECTOR('',#8452,1.);
#1130=VECTOR('',#8453,1.);
#1131=VECTOR('',#8454,1.);
#1132=VECTOR('',#8455,1.);
#1133=VECTOR('',#8456,1.);
#1134=VECTOR('',#8457,1.);
#1135=VECTOR('',#8458,1.);
#1136=VECTOR('',#8459,1.);
#1137=VECTOR('',#8460,1.);
#1138=VECTOR('',#8461,1.);
#1139=VECTOR('',#8464,1.);
#1140=VECTOR('',#8465,1.);
#1141=VECTOR('',#8468,1.);
#1142=VECTOR('',#8469,1.);
#1143=VECTOR('',#8470,1.);
#1144=VECTOR('',#8475,1.);
#1145=VECTOR('',#8476,1.);
#1146=VECTOR('',#8477,1.);
#1147=VECTOR('',#8478,1.);
#1148=VECTOR('',#8479,1.);
#1149=VECTOR('',#8484,1.);
#1150=VECTOR('',#8485,1.);
#1151=VECTOR('',#8490,1.);
#1152=VECTOR('',#8495,1.);
#1153=VECTOR('',#8498,1.);
#1154=VECTOR('',#8499,1.);
#1155=VECTOR('',#8500,1.);
#1156=VECTOR('',#8501,1.);
#1157=VECTOR('',#8502,1.);
#1158=VECTOR('',#8505,1.);
#1159=VECTOR('',#8506,1.);
#1160=VECTOR('',#8509,1.);
#1161=VECTOR('',#8510,1.);
#1162=VECTOR('',#8511,1.);
#1163=VECTOR('',#8516,1.);
#1164=VECTOR('',#8519,1.);
#1165=VECTOR('',#8524,1.);
#1166=VECTOR('',#8525,1.);
#1167=VECTOR('',#8534,1.);
#1168=VECTOR('',#8535,1.);
#1169=VECTOR('',#8536,1.);
#1170=VECTOR('',#8539,1.);
#1171=VECTOR('',#8540,1.);
#1172=VECTOR('',#8541,1.);
#1173=VECTOR('',#8544,1.);
#1174=VECTOR('',#8545,1.);
#1175=VECTOR('',#8546,1.);
#1176=VECTOR('',#8549,1.);
#1177=VECTOR('',#8550,1.);
#1178=VECTOR('',#8551,1.);
#1179=VECTOR('',#8552,1.);
#1180=VECTOR('',#8553,1.);
#1181=VECTOR('',#8554,1.);
#1182=VECTOR('',#8555,1.);
#1183=VECTOR('',#8556,1.);
#1184=VECTOR('',#8557,1.);
#1185=VECTOR('',#8558,1.);
#1186=VECTOR('',#8561,1.);
#1187=VECTOR('',#8562,1.);
#1188=VECTOR('',#8563,1.);
#1189=VECTOR('',#8564,1.);
#1190=VECTOR('',#8565,1.);
#1191=VECTOR('',#8566,1.);
#1192=VECTOR('',#8567,1.);
#1193=VECTOR('',#8568,1.);
#1194=VECTOR('',#8569,1.);
#1195=VECTOR('',#8570,1.);
#1196=VECTOR('',#8571,1.);
#1197=VECTOR('',#8572,1.);
#1198=VECTOR('',#8573,1.);
#1199=VECTOR('',#8574,1.);
#1200=VECTOR('',#8575,1.);
#1201=VECTOR('',#8576,1.);
#1202=VECTOR('',#8577,1.);
#1203=VECTOR('',#8578,1.);
#1204=VECTOR('',#8579,1.);
#1205=VECTOR('',#8580,1.);
#1206=VECTOR('',#8581,1.);
#1207=VECTOR('',#8582,1.);
#1208=VECTOR('',#8583,1.);
#1209=VECTOR('',#8584,1.);
#1210=VECTOR('',#8587,1.);
#1211=VECTOR('',#8588,1.);
#1212=VECTOR('',#8589,1.);
#1213=VECTOR('',#8590,1.);
#1214=VECTOR('',#8591,1.);
#1215=VECTOR('',#8592,1.);
#1216=VECTOR('',#8593,1.);
#1217=VECTOR('',#8594,1.);
#1218=VECTOR('',#8595,1.);
#1219=VECTOR('',#8596,1.);
#1220=VECTOR('',#8613,1.);
#1221=VECTOR('',#8616,1.);
#1222=VECTOR('',#8619,1.);
#1223=VECTOR('',#8620,1.);
#1224=VECTOR('',#8621,1.);
#1225=VECTOR('',#8624,1.);
#1226=VECTOR('',#8625,1.);
#1227=VECTOR('',#8626,1.);
#1228=VECTOR('',#8627,1.);
#1229=VECTOR('',#8634,1.);
#1230=VECTOR('',#8637,1.);
#1231=VECTOR('',#8638,1.);
#1232=VECTOR('',#8639,1.);
#1233=VECTOR('',#8642,1.);
#1234=VECTOR('',#8643,1.);
#1235=VECTOR('',#8644,1.);
#1236=VECTOR('',#8645,1.);
#1237=VECTOR('',#8652,1.);
#1238=VECTOR('',#8655,1.);
#1239=VECTOR('',#8656,1.);
#1240=VECTOR('',#8657,1.);
#1241=VECTOR('',#8666,1.);
#1242=VECTOR('',#8673,1.);
#1243=VECTOR('',#8676,1.);
#1244=VECTOR('',#8679,1.);
#1245=VECTOR('',#8680,1.);
#1246=VECTOR('',#8681,1.);
#1247=VECTOR('',#8682,1.);
#1248=VECTOR('',#8683,1.);
#1249=VECTOR('',#8684,1.);
#1250=VECTOR('',#8685,1.);
#1251=VECTOR('',#8686,1.);
#1252=VECTOR('',#8687,1.);
#1253=VECTOR('',#8690,1.);
#1254=VECTOR('',#8691,1.);
#1255=VECTOR('',#8692,1.);
#1256=VECTOR('',#8693,1.);
#1257=VECTOR('',#8694,1.);
#1258=VECTOR('',#8695,1.);
#1259=VECTOR('',#8696,1.);
#1260=VECTOR('',#8697,1.);
#1261=VECTOR('',#8698,1.);
#1262=VECTOR('',#8699,1.);
#1263=VECTOR('',#8706,1.);
#1264=VECTOR('',#8709,1.);
#1265=VECTOR('',#8712,1.);
#1266=VECTOR('',#8715,1.);
#1267=VECTOR('',#8722,1.);
#1268=VECTOR('',#8725,1.);
#1269=VECTOR('',#8732,1.);
#1270=VECTOR('',#8735,1.);
#1271=VECTOR('',#8746,1.);
#1272=VECTOR('',#8749,1.);
#1273=VECTOR('',#8752,1.);
#1274=VECTOR('',#8755,1.);
#1275=VECTOR('',#8762,1.);
#1276=VECTOR('',#8765,1.);
#1277=VECTOR('',#8772,1.);
#1278=VECTOR('',#8775,1.);
#1279=VECTOR('',#8782,1.);
#1280=VECTOR('',#8785,1.);
#1281=VECTOR('',#8788,1.);
#1282=VECTOR('',#8791,1.);
#1283=VECTOR('',#8794,1.);
#1284=VECTOR('',#8801,1.);
#1285=VECTOR('',#8804,1.);
#1286=VECTOR('',#8807,1.);
#1287=VECTOR('',#8810,1.);
#1288=VECTOR('',#8817,1.);
#1289=VECTOR('',#8820,1.);
#1290=VECTOR('',#8827,1.);
#1291=VECTOR('',#8830,1.);
#1292=VECTOR('',#8837,1.);
#1293=VECTOR('',#8840,1.);
#1294=VECTOR('',#8843,1.);
#1295=VECTOR('',#8846,1.);
#1296=VECTOR('',#8861,1.);
#1297=VECTOR('',#8864,1.);
#1298=VECTOR('',#8871,1.);
#1299=VECTOR('',#8874,1.);
#1300=VECTOR('',#8881,1.);
#1301=VECTOR('',#8884,1.);
#1302=VECTOR('',#8887,1.);
#1303=VECTOR('',#8890,1.);
#1304=VECTOR('',#8891,1.);
#1305=VECTOR('',#8894,1.);
#1306=VECTOR('',#8895,1.);
#1307=VECTOR('',#8898,1.);
#1308=VECTOR('',#8901,1.);
#1309=VECTOR('',#8902,1.);
#1310=VECTOR('',#8903,1.);
#1311=VECTOR('',#8906,1.);
#1312=VECTOR('',#8907,1.);
#1313=VECTOR('',#8910,1.);
#1314=VECTOR('',#8911,1.);
#1315=VECTOR('',#8914,1.);
#1316=VECTOR('',#8915,1.);
#1317=VECTOR('',#8924,1.);
#1318=VECTOR('',#8925,1.);
#1319=VECTOR('',#8928,1.);
#1320=VECTOR('',#8931,1.);
#1321=VECTOR('',#8932,1.);
#1322=VECTOR('',#8935,1.);
#1323=VECTOR('',#8936,1.);
#1324=VECTOR('',#8949,1.);
#1325=VECTOR('',#8950,1.);
#1326=VECTOR('',#8955,1.);
#1327=VECTOR('',#8958,1.);
#1328=VECTOR('',#8959,1.);
#1329=VECTOR('',#8962,1.);
#1330=VECTOR('',#8963,1.);
#1331=VECTOR('',#8968,1.);
#1332=VECTOR('',#8969,1.);
#1333=VECTOR('',#8972,1.);
#1334=VECTOR('',#8973,1.);
#1335=VECTOR('',#8978,1.);
#1336=VECTOR('',#8979,1.);
#1337=VECTOR('',#8980,1.);
#1338=VECTOR('',#8985,1.);
#1339=VECTOR('',#8992,1.);
#1340=VECTOR('',#8999,1.);
#1341=VECTOR('',#9006,1.);
#1342=VECTOR('',#9007,1.);
#1343=VECTOR('',#9014,1.);
#1344=VECTOR('',#9015,1.);
#1345=VECTOR('',#9018,1.);
#1346=VECTOR('',#9021,1.);
#1347=VECTOR('',#9026,1.);
#1348=VECTOR('',#9029,1.);
#1349=VECTOR('',#9032,1.);
#1350=VECTOR('',#9035,1.);
#1351=VECTOR('',#9040,1.);
#1352=VECTOR('',#9043,1.);
#1353=VECTOR('',#9044,1.);
#1354=VECTOR('',#9049,1.);
#1355=VECTOR('',#9052,1.);
#1356=VECTOR('',#9057,1.);
#1357=VECTOR('',#9058,1.);
#1358=VECTOR('',#9061,1.);
#1359=VECTOR('',#9064,1.);
#1360=VECTOR('',#9067,1.);
#1361=VECTOR('',#9070,1.);
#1362=VECTOR('',#9073,1.);
#1363=VECTOR('',#9078,1.);
#1364=VECTOR('',#9081,1.);
#1365=VECTOR('',#9084,1.);
#1366=VECTOR('',#9093,1.);
#1367=VECTOR('',#9094,1.);
#1368=VECTOR('',#9097,1.);
#1369=VECTOR('',#9100,1.);
#1370=VECTOR('',#9105,1.);
#1371=VECTOR('',#9108,1.);
#1372=VECTOR('',#9109,1.);
#1373=VECTOR('',#9112,1.);
#1374=VECTOR('',#9113,1.);
#1375=VECTOR('',#9116,1.);
#1376=VECTOR('',#9121,1.);
#1377=VECTOR('',#9124,1.);
#1378=VECTOR('',#9125,1.);
#1379=VECTOR('',#9126,1.);
#1380=VECTOR('',#9131,1.);
#1381=VECTOR('',#9134,1.);
#1382=VECTOR('',#9135,1.);
#1383=VECTOR('',#9142,1.);
#1384=VECTOR('',#9147,1.);
#1385=VECTOR('',#9148,1.);
#1386=VECTOR('',#9151,1.);
#1387=VECTOR('',#9152,1.);
#1388=VECTOR('',#9155,1.);
#1389=VECTOR('',#9158,1.);
#1390=VECTOR('',#9167,1.);
#1391=VECTOR('',#9168,1.);
#1392=VECTOR('',#9171,1.);
#1393=VECTOR('',#9174,1.);
#1394=VECTOR('',#9177,1.);
#1395=VECTOR('',#9178,1.);
#1396=VECTOR('',#9183,1.);
#1397=VECTOR('',#9186,1.);
#1398=VECTOR('',#9189,1.);
#1399=VECTOR('',#9190,1.);
#1400=VECTOR('',#9195,1.);
#1401=VECTOR('',#9200,1.);
#1402=VECTOR('',#9203,1.);
#1403=VECTOR('',#9204,1.);
#1404=VECTOR('',#9207,1.);
#1405=VECTOR('',#9212,1.);
#1406=VECTOR('',#9213,1.);
#1407=VECTOR('',#9216,1.);
#1408=VECTOR('',#9221,1.);
#1409=VECTOR('',#9224,1.);
#1410=VECTOR('',#9225,1.);
#1411=VECTOR('',#9238,1.);
#1412=VECTOR('',#9241,1.);
#1413=VECTOR('',#9244,1.);
#1414=VECTOR('',#9247,1.);
#1415=VECTOR('',#9252,1.);
#1416=VECTOR('',#9255,1.);
#1417=VECTOR('',#9258,1.);
#1418=VECTOR('',#9261,1.);
#1419=VECTOR('',#9264,1.);
#1420=VECTOR('',#9269,1.);
#1421=VECTOR('',#9276,1.);
#1422=VECTOR('',#9277,1.);
#1423=VECTOR('',#9282,1.);
#1424=VECTOR('',#9287,1.);
#1425=VECTOR('',#9288,1.);
#1426=VECTOR('',#9291,1.);
#1427=VECTOR('',#9294,1.);
#1428=VECTOR('',#9297,1.);
#1429=VECTOR('',#9300,1.);
#1430=VECTOR('',#9301,1.);
#1431=VECTOR('',#9302,1.);
#1432=VECTOR('',#9303,1.);
#1433=VECTOR('',#9306,1.);
#1434=VECTOR('',#9307,1.);
#1435=VECTOR('',#9308,1.);
#1436=VECTOR('',#9311,1.);
#1437=VECTOR('',#9312,1.);
#1438=VECTOR('',#9313,1.);
#1439=VECTOR('',#9314,1.);
#1440=VECTOR('',#9315,1.);
#1441=VECTOR('',#9318,1.);
#1442=VECTOR('',#9321,1.);
#1443=VECTOR('',#9322,1.);
#1444=VECTOR('',#9323,1.);
#1445=VECTOR('',#9326,1.);
#1446=VECTOR('',#9329,1.);
#1447=VECTOR('',#9330,1.);
#1448=VECTOR('',#9331,1.);
#1449=VECTOR('',#9332,1.);
#1450=VECTOR('',#9335,1.);
#1451=VECTOR('',#9338,1.);
#1452=VECTOR('',#9341,1.);
#1453=VECTOR('',#9342,1.);
#1454=VECTOR('',#9345,1.);
#1455=VECTOR('',#9348,1.);
#1456=VECTOR('',#9351,1.);
#1457=VECTOR('',#9356,1.);
#1458=VECTOR('',#9359,1.);
#1459=VECTOR('',#9364,1.);
#1460=VECTOR('',#9365,1.);
#1461=VECTOR('',#9366,1.);
#1462=VECTOR('',#9369,1.);
#1463=VECTOR('',#9370,1.);
#1464=VECTOR('',#9371,1.);
#1465=VECTOR('',#9372,1.);
#1466=VECTOR('',#9373,1.);
#1467=VECTOR('',#9374,1.);
#1468=VECTOR('',#9375,1.);
#1469=VECTOR('',#9378,1.);
#1470=VECTOR('',#9381,1.);
#1471=VECTOR('',#9388,1.);
#1472=VECTOR('',#9389,1.);
#1473=VECTOR('',#9392,1.);
#1474=VECTOR('',#9393,1.);
#1475=VECTOR('',#9396,1.);
#1476=VECTOR('',#9399,1.);
#1477=VECTOR('',#9402,1.);
#1478=VECTOR('',#9405,1.);
#1479=VECTOR('',#9406,1.);
#1480=VECTOR('',#9407,1.);
#1481=VECTOR('',#9408,1.);
#1482=VECTOR('',#9417,1.);
#1483=VECTOR('',#9418,1.);
#1484=VECTOR('',#9419,1.);
#1485=VECTOR('',#9420,1.);
#1486=VECTOR('',#9423,1.);
#1487=VECTOR('',#9424,1.);
#1488=VECTOR('',#9425,1.);
#1489=VECTOR('',#9428,1.);
#1490=VECTOR('',#9429,1.);
#1491=VECTOR('',#9432,1.);
#1492=VECTOR('',#9433,1.);
#1493=VECTOR('',#9436,1.);
#1494=VECTOR('',#9439,1.);
#1495=VECTOR('',#9440,1.);
#1496=VECTOR('',#9445,1.);
#1497=VECTOR('',#9446,1.);
#1498=VECTOR('',#9447,1.);
#1499=VECTOR('',#9450,1.);
#1500=VECTOR('',#9453,1.);
#1501=VECTOR('',#9456,1.);
#1502=VECTOR('',#9457,1.);
#1503=VECTOR('',#9460,1.);
#1504=VECTOR('',#9465,1.);
#1505=VECTOR('',#9466,1.);
#1506=VECTOR('',#9471,1.);
#1507=VECTOR('',#9474,1.);
#1508=VECTOR('',#9475,1.);
#1509=VECTOR('',#9478,1.);
#1510=VECTOR('',#9483,1.);
#1511=VECTOR('',#9488,1.);
#1512=VECTOR('',#9489,1.);
#1513=VECTOR('',#9492,1.);
#1514=VECTOR('',#9495,1.);
#1515=VECTOR('',#9498,1.);
#1516=VECTOR('',#9503,1.);
#1517=VECTOR('',#9504,1.);
#1518=VECTOR('',#9507,1.);
#1519=VECTOR('',#9508,1.);
#1520=VECTOR('',#9511,1.);
#1521=VECTOR('',#9512,1.);
#1522=VECTOR('',#9517,1.);
#1523=VECTOR('',#9520,1.);
#1524=VECTOR('',#9521,1.);
#1525=VECTOR('',#9522,1.);
#1526=VECTOR('',#9525,1.);
#1527=VECTOR('',#9530,1.);
#1528=VECTOR('',#9533,1.);
#1529=VECTOR('',#9534,1.);
#1530=VECTOR('',#9537,1.);
#1531=VECTOR('',#9538,1.);
#1532=VECTOR('',#9541,1.);
#1533=VECTOR('',#9546,1.);
#1534=VECTOR('',#9547,1.);
#1535=VECTOR('',#9550,1.);
#1536=VECTOR('',#9551,1.);
#1537=VECTOR('',#9560,1.);
#1538=VECTOR('',#9563,1.);
#1539=VECTOR('',#9564,1.);
#1540=VECTOR('',#9575,1.);
#1541=VECTOR('',#9576,1.);
#1542=VECTOR('',#9577,1.);
#1543=VECTOR('',#9578,1.);
#1544=VECTOR('',#9581,1.);
#1545=VECTOR('',#9582,1.);
#1546=VECTOR('',#9583,1.);
#1547=VECTOR('',#9586,1.);
#1548=VECTOR('',#9587,1.);
#1549=VECTOR('',#9588,1.);
#1550=VECTOR('',#9589,1.);
#1551=VECTOR('',#9592,1.);
#1552=VECTOR('',#9593,1.);
#1553=VECTOR('',#9594,1.);
#1554=VECTOR('',#9595,1.);
#1555=VECTOR('',#9598,1.);
#1556=VECTOR('',#9599,1.);
#1557=VECTOR('',#9600,1.);
#1558=VECTOR('',#9607,1.);
#1559=VECTOR('',#9610,1.);
#1560=VECTOR('',#9613,1.);
#1561=VECTOR('',#9616,1.);
#1562=VECTOR('',#9619,1.);
#1563=VECTOR('',#9620,1.);
#1564=VECTOR('',#9621,1.);
#1565=VECTOR('',#9622,1.);
#1566=VECTOR('',#9625,1.);
#1567=VECTOR('',#9626,1.);
#1568=VECTOR('',#9627,1.);
#1569=VECTOR('',#9630,1.);
#1570=VECTOR('',#9631,1.);
#1571=VECTOR('',#9632,1.);
#1572=VECTOR('',#9633,1.);
#1573=VECTOR('',#9636,1.);
#1574=VECTOR('',#9637,1.);
#1575=VECTOR('',#9638,1.);
#1576=VECTOR('',#9639,1.);
#1577=VECTOR('',#9642,1.);
#1578=VECTOR('',#9643,1.);
#1579=VECTOR('',#9644,1.);
#1580=VECTOR('',#9651,1.);
#1581=VECTOR('',#9654,1.);
#1582=VECTOR('',#9657,1.);
#1583=VECTOR('',#9660,1.);
#1584=VECTOR('',#9663,1.);
#1585=VECTOR('',#9666,1.);
#1586=VECTOR('',#9671,1.);
#1587=VECTOR('',#9672,1.);
#1588=VECTOR('',#9673,1.);
#1589=VECTOR('',#9676,1.);
#1590=VECTOR('',#9677,1.);
#1591=VECTOR('',#9678,1.);
#1592=VECTOR('',#9679,1.);
#1593=VECTOR('',#9680,1.);
#1594=VECTOR('',#9681,1.);
#1595=VECTOR('',#9682,1.);
#1596=VECTOR('',#9685,1.);
#1597=VECTOR('',#9688,1.);
#1598=VECTOR('',#9693,1.);
#1599=VECTOR('',#9694,1.);
#1600=VECTOR('',#9697,1.);
#1601=VECTOR('',#9698,1.);
#1602=VECTOR('',#9701,1.);
#1603=VECTOR('',#9704,1.);
#1604=VECTOR('',#9707,1.);
#1605=VECTOR('',#9710,1.);
#1606=VECTOR('',#9711,1.);
#1607=VECTOR('',#9712,1.);
#1608=VECTOR('',#9713,1.);
#1609=VECTOR('',#9722,1.);
#1610=VECTOR('',#9723,1.);
#1611=VECTOR('',#9724,1.);
#1612=VECTOR('',#9725,1.);
#1613=VECTOR('',#9728,1.);
#1614=VECTOR('',#9729,1.);
#1615=VECTOR('',#9730,1.);
#1616=VECTOR('',#9733,1.);
#1617=VECTOR('',#9734,1.);
#1618=VECTOR('',#9737,1.);
#1619=VECTOR('',#9738,1.);
#1620=VECTOR('',#9741,1.);
#1621=VECTOR('',#9744,1.);
#1622=VECTOR('',#9745,1.);
#1623=VECTOR('',#9750,1.);
#1624=VECTOR('',#9751,1.);
#1625=VECTOR('',#9752,1.);
#1626=VECTOR('',#9755,1.);
#1627=VECTOR('',#9758,1.);
#1628=VECTOR('',#9761,1.);
#1629=VECTOR('',#9762,1.);
#1630=VECTOR('',#9765,1.);
#1631=VECTOR('',#9770,1.);
#1632=VECTOR('',#9771,1.);
#1633=VECTOR('',#9776,1.);
#1634=VECTOR('',#9779,1.);
#1635=VECTOR('',#9780,1.);
#1636=VECTOR('',#9783,1.);
#1637=VECTOR('',#9788,1.);
#1638=VECTOR('',#9793,1.);
#1639=VECTOR('',#9794,1.);
#1640=VECTOR('',#9797,1.);
#1641=VECTOR('',#9800,1.);
#1642=VECTOR('',#9803,1.);
#1643=VECTOR('',#9808,1.);
#1644=VECTOR('',#9809,1.);
#1645=VECTOR('',#9812,1.);
#1646=VECTOR('',#9813,1.);
#1647=VECTOR('',#9816,1.);
#1648=VECTOR('',#9817,1.);
#1649=VECTOR('',#9822,1.);
#1650=VECTOR('',#9825,1.);
#1651=VECTOR('',#9826,1.);
#1652=VECTOR('',#9827,1.);
#1653=VECTOR('',#9830,1.);
#1654=VECTOR('',#9835,1.);
#1655=VECTOR('',#9838,1.);
#1656=VECTOR('',#9839,1.);
#1657=VECTOR('',#9842,1.);
#1658=VECTOR('',#9843,1.);
#1659=VECTOR('',#9846,1.);
#1660=VECTOR('',#9851,1.);
#1661=VECTOR('',#9852,1.);
#1662=VECTOR('',#9855,1.);
#1663=VECTOR('',#9856,1.);
#1664=VECTOR('',#9865,1.);
#1665=VECTOR('',#9868,1.);
#1666=VECTOR('',#9869,1.);
#1667=VECTOR('',#9880,1.);
#1668=VECTOR('',#9881,1.);
#1669=VECTOR('',#9882,1.);
#1670=VECTOR('',#9883,1.);
#1671=VECTOR('',#9886,1.);
#1672=VECTOR('',#9887,1.);
#1673=VECTOR('',#9888,1.);
#1674=VECTOR('',#9891,1.);
#1675=VECTOR('',#9892,1.);
#1676=VECTOR('',#9893,1.);
#1677=VECTOR('',#9894,1.);
#1678=VECTOR('',#9895,1.);
#1679=VECTOR('',#9898,1.);
#1680=VECTOR('',#9899,1.);
#1681=VECTOR('',#9900,1.);
#1682=VECTOR('',#9901,1.);
#1683=VECTOR('',#9904,1.);
#1684=VECTOR('',#9905,1.);
#1685=VECTOR('',#9906,1.);
#1686=VECTOR('',#9909,1.);
#1687=VECTOR('',#9910,1.);
#1688=VECTOR('',#9911,1.);
#1689=VECTOR('',#9912,1.);
#1690=VECTOR('',#9915,1.);
#1691=VECTOR('',#9918,1.);
#1692=VECTOR('',#9921,1.);
#1693=VECTOR('',#9922,1.);
#1694=VECTOR('',#9925,1.);
#1695=VECTOR('',#9928,1.);
#1696=VECTOR('',#9931,1.);
#1697=VECTOR('',#9936,1.);
#1698=VECTOR('',#9937,1.);
#1699=VECTOR('',#9942,1.);
#1700=VECTOR('',#9945,1.);
#1701=VECTOR('',#9946,1.);
#1702=VECTOR('',#9949,1.);
#1703=VECTOR('',#9950,1.);
#1704=VECTOR('',#9951,1.);
#1705=VECTOR('',#9952,1.);
#1706=VECTOR('',#9957,1.);
#1707=VECTOR('',#9960,1.);
#1708=VECTOR('',#9963,1.);
#1709=VECTOR('',#9964,1.);
#1710=VECTOR('',#9965,1.);
#1711=VECTOR('',#9966,1.);
#1712=VECTOR('',#9969,1.);
#1713=VECTOR('',#9972,1.);
#1714=VECTOR('',#9973,1.);
#1715=VECTOR('',#10118,1.);
#1716=VECTOR('',#10121,1.);
#1717=VECTOR('',#10124,1.);
#1718=VECTOR('',#10127,1.);
#1719=VECTOR('',#10130,1.);
#1720=VECTOR('',#10133,1.);
#1721=VECTOR('',#10136,1.);
#1722=VECTOR('',#10139,1.);
#1723=VECTOR('',#10142,1.);
#1724=VECTOR('',#10145,1.);
#1725=VECTOR('',#10146,1.);
#1726=VECTOR('',#10147,1.);
#1727=VECTOR('',#10148,1.);
#1728=VECTOR('',#10149,1.);
#1729=VECTOR('',#10150,1.);
#1730=VECTOR('',#10151,1.);
#1731=VECTOR('',#10154,1.);
#1732=VECTOR('',#10157,1.);
#1733=VECTOR('',#10160,1.);
#1734=VECTOR('',#10161,1.);
#1735=VECTOR('',#10164,1.);
#1736=VECTOR('',#10167,1.);
#1737=VECTOR('',#10170,1.);
#1738=VECTOR('',#10171,1.);
#1739=VECTOR('',#10174,1.);
#1740=VECTOR('',#10177,1.);
#1741=VECTOR('',#10180,1.);
#1742=VECTOR('',#10181,1.);
#1743=VECTOR('',#10184,1.);
#1744=VECTOR('',#10187,1.);
#1745=VECTOR('',#10190,1.);
#1746=VECTOR('',#10191,1.);
#1747=VECTOR('',#10194,1.);
#1748=VECTOR('',#10229,1.);
#1749=VECTOR('',#10230,1.);
#1750=VECTOR('',#10233,1.);
#1751=VECTOR('',#10268,1.);
#1752=VECTOR('',#10269,1.);
#1753=VECTOR('',#10272,1.);
#1754=VECTOR('',#10273,1.);
#1755=VECTOR('',#10280,1.);
#1756=VECTOR('',#10281,1.);
#1757=VECTOR('',#10288,1.);
#1758=VECTOR('',#10289,1.);
#1759=VECTOR('',#10332,1.);
#1760=VECTOR('',#10335,1.);
#1761=ELLIPSE('',#7519,0.781024967590755,0.5);
#1762=ELLIPSE('',#7520,1.30170827931767,1.);
#1763=ELLIPSE('',#7521,0.781024967590755,0.5);
#1764=ELLIPSE('',#7522,0.781024967590755,0.5);
#1765=ELLIPSE('',#7523,1.30170827931767,1.);
#1766=ELLIPSE('',#7524,0.781024967590755,0.5);
#1767=ELLIPSE('',#7525,0.781024967590755,0.5);
#1768=ELLIPSE('',#7526,1.30170827931767,1.);
#1769=ELLIPSE('',#7527,0.781024967590755,0.5);
#1770=ELLIPSE('',#7528,0.781024967590755,0.5);
#1771=ELLIPSE('',#7529,5.20683311727069,4.);
#1772=ELLIPSE('',#7530,5.20683311727069,4.);
#1773=ELLIPSE('',#7531,0.781024967590755,0.5);
#1774=ELLIPSE('',#7532,0.781024967590755,0.5);
#1775=ELLIPSE('',#7533,6.24819974072483,4.8);
#1776=ELLIPSE('',#7534,0.781024967590755,0.5);
#1777=ELLIPSE('',#7535,4.55597897761185,3.5);
#1778=ELLIPSE('',#7536,4.55597897761185,3.5);
#1779=ELLIPSE('',#7537,0.781024967590755,0.5);
#1780=ELLIPSE('',#7538,6.24819974072483,4.8);
#1781=ELLIPSE('',#7539,0.781024967590755,0.5);
#1782=ELLIPSE('',#7540,0.781024967590755,0.5);
#1783=ELLIPSE('',#7541,6.24819974072483,4.8);
#1784=ELLIPSE('',#7542,0.781024967590755,0.5);
#1785=ELLIPSE('',#7543,0.781024967590755,0.5);
#1786=ELLIPSE('',#7544,6.24819974072483,4.8);
#1787=ELLIPSE('',#7545,0.781024967590755,0.5);
#1788=ELLIPSE('',#7572,1.30170827931767,1.);
#1789=ELLIPSE('',#7575,1.30170827931767,1.);
#1790=ELLIPSE('',#7578,1.30170827931767,1.);
#1791=ELLIPSE('',#7886,1.02578988977236,1.);
#1792=ELLIPSE('',#7907,1.02578988977236,1.);
#1793=ELLIPSE('',#7975,1.02578988977236,1.);
#1794=ELLIPSE('',#7996,1.02578988977236,1.);
#1795=ELLIPSE('',#8166,0.707106781186547,0.5);
#1796=ELLIPSE('',#8168,0.577350269189624,0.5);
#1797=ELLIPSE('',#8177,0.577350269189624,0.5);
#1798=ELLIPSE('',#8181,0.248893298020911,0.2);
#1799=ELLIPSE('',#8188,0.23094010767585,0.2);
#1800=ELLIPSE('',#8189,0.23094010767585,0.2);
#1801=ELLIPSE('',#8191,0.23094010767585,0.2);
#1802=ELLIPSE('',#8192,0.23094010767585,0.2);
#1803=ADVANCED_FACE('',(#2427),#2207,.F.);
#1804=ADVANCED_FACE('',(#273,#274),#2208,.F.);
#1805=ADVANCED_FACE('',(#2428),#74,.F.);
#1806=ADVANCED_FACE('',(#275,#276),#75,.F.);
#1807=ADVANCED_FACE('',(#277,#278),#76,.F.);
#1808=ADVANCED_FACE('',(#2429),#77,.F.);
#1809=ADVANCED_FACE('',(#279,#280),#78,.F.);
#1810=ADVANCED_FACE('',(#2430),#79,.F.);
#1811=ADVANCED_FACE('',(#281,#282),#80,.F.);
#1812=ADVANCED_FACE('',(#2431),#81,.F.);
#1813=ADVANCED_FACE('',(#283,#284),#82,.F.);
#1814=ADVANCED_FACE('',(#285,#286),#83,.F.);
#1815=ADVANCED_FACE('',(#287,#288),#84,.F.);
#1816=ADVANCED_FACE('',(#2432),#2209,.F.);
#1817=ADVANCED_FACE('',(#2433),#2210,.T.);
#1818=ADVANCED_FACE('',(#289,#290,#291),#2211,.T.);
#1819=ADVANCED_FACE('',(#2434),#2212,.T.);
#1820=ADVANCED_FACE('',(#2435),#2213,.T.);
#1821=ADVANCED_FACE('',(#2436),#85,.T.);
#1822=ADVANCED_FACE('',(#2437),#86,.T.);
#1823=ADVANCED_FACE('',(#2438),#2214,.T.);
#1824=ADVANCED_FACE('',(#2439),#2215,.T.);
#1825=ADVANCED_FACE('',(#2440),#87,.T.);
#1826=ADVANCED_FACE('',(#2441),#88,.T.);
#1827=ADVANCED_FACE('',(#2442),#42,.T.);
#1828=ADVANCED_FACE('',(#2443),#2216,.F.);
#1829=ADVANCED_FACE('',(#2444),#2217,.F.);
#1830=ADVANCED_FACE('',(#2445),#2218,.F.);
#1831=ADVANCED_FACE('',(#2446),#2219,.T.);
#1832=ADVANCED_FACE('',(#292,#293,#294),#2220,.T.);
#1833=ADVANCED_FACE('',(#2447),#2221,.T.);
#1834=ADVANCED_FACE('',(#2448),#2222,.F.);
#1835=ADVANCED_FACE('',(#295,#296),#89,.F.);
#1836=ADVANCED_FACE('',(#2449),#90,.T.);
#1837=ADVANCED_FACE('',(#2450),#2223,.T.);
#1838=ADVANCED_FACE('',(#2451),#2224,.T.);
#1839=ADVANCED_FACE('',(#2452),#91,.T.);
#1840=ADVANCED_FACE('',(#2453),#2225,.T.);
#1841=ADVANCED_FACE('',(#2454),#2226,.T.);
#1842=ADVANCED_FACE('',(#2455),#92,.T.);
#1843=ADVANCED_FACE('',(#2456),#2227,.T.);
#1844=ADVANCED_FACE('',(#2457),#93,.T.);
#1845=ADVANCED_FACE('',(#2458),#94,.T.);
#1846=ADVANCED_FACE('',(#297,#298),#2228,.T.);
#1847=ADVANCED_FACE('',(#299,#300,#301,#302,#303,#304,#305,#306,#307,#308,
#309,#310),#2229,.T.);
#1848=ADVANCED_FACE('',(#2459),#2230,.T.);
#1849=ADVANCED_FACE('',(#2460),#95,.T.);
#1850=ADVANCED_FACE('',(#2461),#2231,.F.);
#1851=ADVANCED_FACE('',(#2462),#2232,.F.);
#1852=ADVANCED_FACE('',(#2463),#96,.T.);
#1853=ADVANCED_FACE('',(#2464),#2233,.F.);
#1854=ADVANCED_FACE('',(#2465),#2234,.F.);
#1855=ADVANCED_FACE('',(#2466),#97,.T.);
#1856=ADVANCED_FACE('',(#2467),#2235,.F.);
#1857=ADVANCED_FACE('',(#2468),#98,.T.);
#1858=ADVANCED_FACE('',(#311,#312),#99,.F.);
#1859=ADVANCED_FACE('',(#2469),#100,.T.);
#1860=ADVANCED_FACE('',(#2470),#101,.T.);
#1861=ADVANCED_FACE('',(#2471),#102,.T.);
#1862=ADVANCED_FACE('',(#2472),#2236,.F.);
#1863=ADVANCED_FACE('',(#313,#314),#103,.F.);
#1864=ADVANCED_FACE('',(#2473),#2237,.T.);
#1865=ADVANCED_FACE('',(#2474),#104,.T.);
#1866=ADVANCED_FACE('',(#2475),#2238,.T.);
#1867=ADVANCED_FACE('',(#2476),#105,.T.);
#1868=ADVANCED_FACE('',(#2477),#2239,.T.);
#1869=ADVANCED_FACE('',(#2478),#106,.T.);
#1870=ADVANCED_FACE('',(#2479),#2240,.T.);
#1871=ADVANCED_FACE('',(#2480),#107,.T.);
#1872=ADVANCED_FACE('',(#2481),#2241,.T.);
#1873=ADVANCED_FACE('',(#2482),#108,.T.);
#1874=ADVANCED_FACE('',(#2483),#109,.T.);
#1875=ADVANCED_FACE('',(#2484),#2242,.T.);
#1876=ADVANCED_FACE('',(#2485),#110,.T.);
#1877=ADVANCED_FACE('',(#2486),#2243,.F.);
#1878=ADVANCED_FACE('',(#2487),#111,.T.);
#1879=ADVANCED_FACE('',(#2488),#2244,.F.);
#1880=ADVANCED_FACE('',(#2489),#112,.T.);
#1881=ADVANCED_FACE('',(#2490),#2245,.F.);
#1882=ADVANCED_FACE('',(#2491),#113,.T.);
#1883=ADVANCED_FACE('',(#315,#316),#114,.F.);
#1884=ADVANCED_FACE('',(#2492),#115,.T.);
#1885=ADVANCED_FACE('',(#2493),#2246,.F.);
#1886=ADVANCED_FACE('',(#2494),#2247,.F.);
#1887=ADVANCED_FACE('',(#2495),#116,.T.);
#1888=ADVANCED_FACE('',(#2496),#2248,.F.);
#1889=ADVANCED_FACE('',(#2497),#117,.T.);
#1890=ADVANCED_FACE('',(#2498),#2249,.F.);
#1891=ADVANCED_FACE('',(#2499),#118,.T.);
#1892=ADVANCED_FACE('',(#2500),#2250,.F.);
#1893=ADVANCED_FACE('',(#2501),#119,.T.);
#1894=ADVANCED_FACE('',(#2502),#2251,.F.);
#1895=ADVANCED_FACE('',(#317,#318),#120,.F.);
#1896=ADVANCED_FACE('',(#2503),#2252,.T.);
#1897=ADVANCED_FACE('',(#2504),#121,.T.);
#1898=ADVANCED_FACE('',(#2505),#2253,.T.);
#1899=ADVANCED_FACE('',(#2506),#2254,.T.);
#1900=ADVANCED_FACE('',(#2507),#122,.T.);
#1901=ADVANCED_FACE('',(#319,#320),#123,.F.);
#1902=ADVANCED_FACE('',(#2508),#2255,.T.);
#1903=ADVANCED_FACE('',(#2509),#124,.T.);
#1904=ADVANCED_FACE('',(#2510),#2256,.F.);
#1905=ADVANCED_FACE('',(#2511),#2257,.F.);
#1906=ADVANCED_FACE('',(#2512),#125,.T.);
#1907=ADVANCED_FACE('',(#2513),#2258,.F.);
#1908=ADVANCED_FACE('',(#2514),#2259,.T.);
#1909=ADVANCED_FACE('',(#2515),#126,.T.);
#1910=ADVANCED_FACE('',(#2516),#127,.T.);
#1911=ADVANCED_FACE('',(#2517),#2260,.T.);
#1912=ADVANCED_FACE('',(#2518),#128,.T.);
#1913=ADVANCED_FACE('',(#2519),#129,.T.);
#1914=ADVANCED_FACE('',(#2520),#2261,.F.);
#1915=ADVANCED_FACE('',(#2521),#130,.T.);
#1916=ADVANCED_FACE('',(#2522),#2262,.F.);
#1917=ADVANCED_FACE('',(#2523),#131,.T.);
#1918=ADVANCED_FACE('',(#321,#322),#132,.F.);
#1919=ADVANCED_FACE('',(#2524),#133,.T.);
#1920=ADVANCED_FACE('',(#2525),#2263,.T.);
#1921=ADVANCED_FACE('',(#2526),#2264,.T.);
#1922=ADVANCED_FACE('',(#2527),#134,.T.);
#1923=ADVANCED_FACE('',(#2528),#135,.T.);
#1924=ADVANCED_FACE('',(#2529),#2265,.T.);
#1925=ADVANCED_FACE('',(#2530),#136,.T.);
#1926=ADVANCED_FACE('',(#2531),#2266,.F.);
#1927=ADVANCED_FACE('',(#2532),#137,.T.);
#1928=ADVANCED_FACE('',(#323,#324),#138,.F.);
#1929=ADVANCED_FACE('',(#2533),#2267,.T.);
#1930=ADVANCED_FACE('',(#2534),#139,.T.);
#1931=ADVANCED_FACE('',(#2535),#140,.T.);
#1932=ADVANCED_FACE('',(#2536),#2268,.F.);
#1933=ADVANCED_FACE('',(#2537),#2269,.T.);
#1934=ADVANCED_FACE('',(#2538),#2270,.F.);
#1935=ADVANCED_FACE('',(#2539),#2271,.T.);
#1936=ADVANCED_FACE('',(#2540),#2272,.F.);
#1937=ADVANCED_FACE('',(#2541),#2273,.T.);
#1938=ADVANCED_FACE('',(#2542),#2274,.T.);
#1939=ADVANCED_FACE('',(#2543),#2275,.T.);
#1940=ADVANCED_FACE('',(#2544),#2276,.T.);
#1941=ADVANCED_FACE('',(#2545),#2277,.F.);
#1942=ADVANCED_FACE('',(#2546),#2278,.T.);
#1943=ADVANCED_FACE('',(#2547),#2279,.T.);
#1944=ADVANCED_FACE('',(#2548),#2280,.T.);
#1945=ADVANCED_FACE('',(#2549),#141,.F.);
#1946=ADVANCED_FACE('',(#2550),#2281,.F.);
#1947=ADVANCED_FACE('',(#2551),#2282,.F.);
#1948=ADVANCED_FACE('',(#2552),#2283,.T.);
#1949=ADVANCED_FACE('',(#2553),#142,.T.);
#1950=ADVANCED_FACE('',(#2554),#2284,.F.);
#1951=ADVANCED_FACE('',(#2555),#2285,.T.);
#1952=ADVANCED_FACE('',(#2556),#2286,.F.);
#1953=ADVANCED_FACE('',(#2557),#2287,.F.);
#1954=ADVANCED_FACE('',(#2558),#2288,.F.);
#1955=ADVANCED_FACE('',(#2559),#2289,.T.);
#1956=ADVANCED_FACE('',(#2560),#2290,.F.);
#1957=ADVANCED_FACE('',(#2561),#143,.F.);
#1958=ADVANCED_FACE('',(#2562),#2291,.F.);
#1959=ADVANCED_FACE('',(#2563),#144,.F.);
#1960=ADVANCED_FACE('',(#2564),#2292,.F.);
#1961=ADVANCED_FACE('',(#2565),#145,.T.);
#1962=ADVANCED_FACE('',(#2566),#2293,.T.);
#1963=ADVANCED_FACE('',(#2567),#2294,.T.);
#1964=ADVANCED_FACE('',(#2568),#146,.T.);
#1965=ADVANCED_FACE('',(#2569),#2295,.F.);
#1966=ADVANCED_FACE('',(#2570),#2296,.F.);
#1967=ADVANCED_FACE('',(#2571),#147,.F.);
#1968=ADVANCED_FACE('',(#2572),#2297,.F.);
#1969=ADVANCED_FACE('',(#2573),#2298,.F.);
#1970=ADVANCED_FACE('',(#2574),#2299,.F.);
#1971=ADVANCED_FACE('',(#2575),#148,.T.);
#1972=ADVANCED_FACE('',(#2576),#2300,.F.);
#1973=ADVANCED_FACE('',(#2577),#149,.F.);
#1974=ADVANCED_FACE('',(#2578),#2301,.F.);
#1975=ADVANCED_FACE('',(#2579),#2302,.F.);
#1976=ADVANCED_FACE('',(#2580),#2303,.T.);
#1977=ADVANCED_FACE('',(#2581),#150,.T.);
#1978=ADVANCED_FACE('',(#2582),#2304,.F.);
#1979=ADVANCED_FACE('',(#2583),#2305,.F.);
#1980=ADVANCED_FACE('',(#2584),#151,.T.);
#1981=ADVANCED_FACE('',(#2585),#2306,.T.);
#1982=ADVANCED_FACE('',(#2586),#2307,.T.);
#1983=ADVANCED_FACE('',(#2587),#2308,.T.);
#1984=ADVANCED_FACE('',(#2588),#152,.F.);
#1985=ADVANCED_FACE('',(#2589),#2309,.F.);
#1986=ADVANCED_FACE('',(#2590),#2310,.T.);
#1987=ADVANCED_FACE('',(#2591),#2311,.T.);
#1988=ADVANCED_FACE('',(#2592),#2312,.T.);
#1989=ADVANCED_FACE('',(#2593),#2313,.T.);
#1990=ADVANCED_FACE('',(#2594),#2314,.T.);
#1991=ADVANCED_FACE('',(#2595),#2315,.T.);
#1992=ADVANCED_FACE('',(#2596),#2316,.F.);
#1993=ADVANCED_FACE('',(#2597),#2317,.T.);
#1994=ADVANCED_FACE('',(#2598),#2318,.F.);
#1995=ADVANCED_FACE('',(#2599),#2319,.T.);
#1996=ADVANCED_FACE('',(#2600),#2320,.T.);
#1997=ADVANCED_FACE('',(#2601),#2321,.T.);
#1998=ADVANCED_FACE('',(#2602),#2322,.T.);
#1999=ADVANCED_FACE('',(#2603),#2323,.T.);
#2000=ADVANCED_FACE('',(#2604),#2324,.T.);
#2001=ADVANCED_FACE('',(#2605),#2325,.F.);
#2002=ADVANCED_FACE('',(#2606),#2326,.T.);
#2003=ADVANCED_FACE('',(#2607),#153,.F.);
#2004=ADVANCED_FACE('',(#2608),#2327,.F.);
#2005=ADVANCED_FACE('',(#2609),#2328,.F.);
#2006=ADVANCED_FACE('',(#2610),#2329,.T.);
#2007=ADVANCED_FACE('',(#2611),#154,.T.);
#2008=ADVANCED_FACE('',(#2612),#2330,.F.);
#2009=ADVANCED_FACE('',(#2613),#2331,.T.);
#2010=ADVANCED_FACE('',(#2614),#2332,.F.);
#2011=ADVANCED_FACE('',(#2615),#2333,.F.);
#2012=ADVANCED_FACE('',(#2616),#2334,.F.);
#2013=ADVANCED_FACE('',(#2617),#2335,.T.);
#2014=ADVANCED_FACE('',(#2618),#2336,.F.);
#2015=ADVANCED_FACE('',(#2619),#155,.F.);
#2016=ADVANCED_FACE('',(#2620),#2337,.F.);
#2017=ADVANCED_FACE('',(#2621),#156,.F.);
#2018=ADVANCED_FACE('',(#2622),#2338,.F.);
#2019=ADVANCED_FACE('',(#2623),#157,.T.);
#2020=ADVANCED_FACE('',(#2624),#2339,.T.);
#2021=ADVANCED_FACE('',(#2625),#2340,.T.);
#2022=ADVANCED_FACE('',(#2626),#158,.T.);
#2023=ADVANCED_FACE('',(#2627),#2341,.F.);
#2024=ADVANCED_FACE('',(#2628),#2342,.F.);
#2025=ADVANCED_FACE('',(#2629),#159,.F.);
#2026=ADVANCED_FACE('',(#2630),#2343,.F.);
#2027=ADVANCED_FACE('',(#2631),#2344,.F.);
#2028=ADVANCED_FACE('',(#2632),#2345,.F.);
#2029=ADVANCED_FACE('',(#2633),#160,.T.);
#2030=ADVANCED_FACE('',(#2634),#2346,.F.);
#2031=ADVANCED_FACE('',(#2635),#161,.F.);
#2032=ADVANCED_FACE('',(#2636),#2347,.F.);
#2033=ADVANCED_FACE('',(#2637),#2348,.F.);
#2034=ADVANCED_FACE('',(#2638),#2349,.T.);
#2035=ADVANCED_FACE('',(#2639),#162,.T.);
#2036=ADVANCED_FACE('',(#2640),#2350,.F.);
#2037=ADVANCED_FACE('',(#2641),#2351,.F.);
#2038=ADVANCED_FACE('',(#2642),#163,.T.);
#2039=ADVANCED_FACE('',(#2643),#2352,.T.);
#2040=ADVANCED_FACE('',(#2644),#2353,.T.);
#2041=ADVANCED_FACE('',(#2645),#2354,.T.);
#2042=ADVANCED_FACE('',(#2646),#164,.F.);
#2043=ADVANCED_FACE('',(#2647),#2355,.T.);
#2044=ADVANCED_FACE('',(#2648),#2356,.F.);
#2045=ADVANCED_FACE('',(#2649),#2357,.T.);
#2046=ADVANCED_FACE('',(#2650),#2358,.T.);
#2047=ADVANCED_FACE('',(#2651),#2359,.T.);
#2048=ADVANCED_FACE('',(#2652),#2360,.T.);
#2049=ADVANCED_FACE('',(#2653),#2361,.F.);
#2050=ADVANCED_FACE('',(#2654),#2362,.T.);
#2051=ADVANCED_FACE('',(#2655),#2363,.T.);
#2052=ADVANCED_FACE('',(#2656),#2364,.T.);
#2053=ADVANCED_FACE('',(#2657),#2365,.T.);
#2054=ADVANCED_FACE('',(#2658),#2366,.T.);
#2055=ADVANCED_FACE('',(#2659),#2367,.T.);
#2056=ADVANCED_FACE('',(#2660),#2368,.T.);
#2057=ADVANCED_FACE('',(#2661),#2369,.T.);
#2058=ADVANCED_FACE('',(#2662),#2370,.T.);
#2059=ADVANCED_FACE('',(#2663),#2371,.T.);
#2060=ADVANCED_FACE('',(#2664),#2372,.T.);
#2061=ADVANCED_FACE('',(#2665),#2373,.T.);
#2062=ADVANCED_FACE('',(#2666),#2374,.T.);
#2063=ADVANCED_FACE('',(#2667),#2375,.T.);
#2064=ADVANCED_FACE('',(#2668),#2376,.T.);
#2065=ADVANCED_FACE('',(#2669),#165,.T.);
#2066=ADVANCED_FACE('',(#2670),#166,.T.);
#2067=ADVANCED_FACE('',(#2671),#167,.T.);
#2068=ADVANCED_FACE('',(#2672),#168,.T.);
#2069=ADVANCED_FACE('',(#2673),#169,.T.);
#2070=ADVANCED_FACE('',(#2674),#170,.T.);
#2071=ADVANCED_FACE('',(#2675),#171,.T.);
#2072=ADVANCED_FACE('',(#2676),#172,.T.);
#2073=ADVANCED_FACE('',(#2677),#173,.T.);
#2074=ADVANCED_FACE('',(#2678),#174,.F.);
#2075=ADVANCED_FACE('',(#2679),#175,.F.);
#2076=ADVANCED_FACE('',(#2680),#176,.F.);
#2077=ADVANCED_FACE('',(#2681),#177,.F.);
#2078=ADVANCED_FACE('',(#2682),#178,.F.);
#2079=ADVANCED_FACE('',(#2683),#179,.F.);
#2080=ADVANCED_FACE('',(#2684),#180,.F.);
#2081=ADVANCED_FACE('',(#2685),#181,.F.);
#2082=ADVANCED_FACE('',(#2686),#43,.T.);
#2083=ADVANCED_FACE('',(#2687),#44,.T.);
#2084=ADVANCED_FACE('',(#2688),#45,.T.);
#2085=ADVANCED_FACE('',(#2689),#46,.T.);
#2086=ADVANCED_FACE('',(#2690),#47,.T.);
#2087=ADVANCED_FACE('',(#2691),#48,.T.);
#2088=ADVANCED_FACE('',(#2692),#49,.T.);
#2089=ADVANCED_FACE('',(#2693),#50,.T.);
#2090=ADVANCED_FACE('',(#2694),#51,.T.);
#2091=ADVANCED_FACE('',(#2695),#52,.T.);
#2092=ADVANCED_FACE('',(#2696),#53,.T.);
#2093=ADVANCED_FACE('',(#2697),#54,.T.);
#2094=ADVANCED_FACE('',(#2698),#55,.T.);
#2095=ADVANCED_FACE('',(#2699),#56,.T.);
#2096=ADVANCED_FACE('',(#2700),#57,.T.);
#2097=ADVANCED_FACE('',(#2701),#58,.T.);
#2098=ADVANCED_FACE('',(#2702),#59,.T.);
#2099=ADVANCED_FACE('',(#2703),#60,.T.);
#2100=ADVANCED_FACE('',(#2704),#61,.T.);
#2101=ADVANCED_FACE('',(#2705),#62,.T.);
#2102=ADVANCED_FACE('',(#2706),#63,.T.);
#2103=ADVANCED_FACE('',(#2707),#64,.T.);
#2104=ADVANCED_FACE('',(#2708),#65,.T.);
#2105=ADVANCED_FACE('',(#2709),#66,.T.);
#2106=ADVANCED_FACE('',(#2710),#67,.T.);
#2107=ADVANCED_FACE('',(#2711),#68,.T.);
#2108=ADVANCED_FACE('',(#2712),#69,.T.);
#2109=ADVANCED_FACE('',(#2713),#70,.T.);
#2110=ADVANCED_FACE('',(#2714),#2377,.T.);
#2111=ADVANCED_FACE('',(#2715),#2378,.T.);
#2112=ADVANCED_FACE('',(#2716),#2379,.T.);
#2113=ADVANCED_FACE('',(#2717),#2380,.T.);
#2114=ADVANCED_FACE('',(#2718),#2381,.T.);
#2115=ADVANCED_FACE('',(#2719),#2382,.T.);
#2116=ADVANCED_FACE('',(#2720),#2383,.F.);
#2117=ADVANCED_FACE('',(#2721),#2384,.F.);
#2118=ADVANCED_FACE('',(#2722),#2385,.F.);
#2119=ADVANCED_FACE('',(#2723),#2386,.T.);
#2120=ADVANCED_FACE('',(#2724),#2387,.T.);
#2121=ADVANCED_FACE('',(#2725),#2388,.T.);
#2122=ADVANCED_FACE('',(#2726),#2389,.T.);
#2123=ADVANCED_FACE('',(#2727),#2390,.T.);
#2124=ADVANCED_FACE('',(#2728),#2391,.T.);
#2125=ADVANCED_FACE('',(#2729),#2392,.T.);
#2126=ADVANCED_FACE('',(#2730),#2393,.T.);
#2127=ADVANCED_FACE('',(#2731),#2394,.T.);
#2128=ADVANCED_FACE('',(#2732),#2395,.T.);
#2129=ADVANCED_FACE('',(#2733),#2396,.T.);
#2130=ADVANCED_FACE('',(#2734),#2397,.T.);
#2131=ADVANCED_FACE('',(#2735),#182,.F.);
#2132=ADVANCED_FACE('',(#2736),#183,.F.);
#2133=ADVANCED_FACE('',(#2737),#184,.F.);
#2134=ADVANCED_FACE('',(#2738),#185,.F.);
#2135=ADVANCED_FACE('',(#2739),#186,.F.);
#2136=ADVANCED_FACE('',(#2740),#187,.F.);
#2137=ADVANCED_FACE('',(#2741),#188,.F.);
#2138=ADVANCED_FACE('',(#2742),#189,.F.);
#2139=ADVANCED_FACE('',(#2743),#190,.F.);
#2140=ADVANCED_FACE('',(#2744),#191,.F.);
#2141=ADVANCED_FACE('',(#2745),#192,.F.);
#2142=ADVANCED_FACE('',(#2746),#193,.F.);
#2143=ADVANCED_FACE('',(#2747),#194,.F.);
#2144=ADVANCED_FACE('',(#2748),#195,.F.);
#2145=ADVANCED_FACE('',(#2749),#196,.F.);
#2146=ADVANCED_FACE('',(#2750),#197,.F.);
#2147=ADVANCED_FACE('',(#2751),#2398,.T.);
#2148=ADVANCED_FACE('',(#2752),#2399,.T.);
#2149=ADVANCED_FACE('',(#2753),#198,.T.);
#2150=ADVANCED_FACE('',(#2754),#71,.T.);
#2151=ADVANCED_FACE('',(#2755),#199,.T.);
#2152=ADVANCED_FACE('',(#2756),#200,.T.);
#2153=ADVANCED_FACE('',(#2757),#72,.T.);
#2154=ADVANCED_FACE('',(#2758),#201,.T.);
#2155=ADVANCED_FACE('',(#2759),#202,.T.);
#2156=ADVANCED_FACE('',(#2760),#73,.T.);
#2157=ADVANCED_FACE('',(#2761),#203,.T.);
#2158=ADVANCED_FACE('',(#2762),#2400,.F.);
#2159=ADVANCED_FACE('',(#2763),#2401,.F.);
#2160=ADVANCED_FACE('',(#2764),#2402,.F.);
#2161=ADVANCED_FACE('',(#2765),#2403,.F.);
#2162=ADVANCED_FACE('',(#2766),#2404,.F.);
#2163=ADVANCED_FACE('',(#2767),#2405,.F.);
#2164=ADVANCED_FACE('',(#2768),#2406,.F.);
#2165=ADVANCED_FACE('',(#2769),#2407,.F.);
#2166=ADVANCED_FACE('',(#2770),#2408,.F.);
#2167=ADVANCED_FACE('',(#2771),#204,.T.);
#2168=ADVANCED_FACE('',(#2772),#205,.T.);
#2169=ADVANCED_FACE('',(#2773),#206,.T.);
#2170=ADVANCED_FACE('',(#2774),#207,.T.);
#2171=ADVANCED_FACE('',(#2775),#2409,.F.);
#2172=ADVANCED_FACE('',(#2776),#2410,.F.);
#2173=ADVANCED_FACE('',(#2777),#2411,.T.);
#2174=ADVANCED_FACE('',(#2778),#2412,.T.);
#2175=ADVANCED_FACE('',(#2779),#2413,.F.);
#2176=ADVANCED_FACE('',(#2780),#2414,.T.);
#2177=ADVANCED_FACE('',(#2781),#2415,.F.);
#2178=ADVANCED_FACE('',(#2782),#2416,.F.);
#2179=ADVANCED_FACE('',(#2783),#2417,.F.);
#2180=ADVANCED_FACE('',(#2784),#208,.T.);
#2181=ADVANCED_FACE('',(#2785),#209,.T.);
#2182=ADVANCED_FACE('',(#2786),#2418,.T.);
#2183=ADVANCED_FACE('',(#325,#326),#2419,.T.);
#2184=ADVANCED_FACE('',(#327,#328),#2420,.T.);
#2185=ADVANCED_FACE('',(#329,#330),#2421,.T.);
#2186=ADVANCED_FACE('',(#331,#332),#2422,.T.);
#2187=ADVANCED_FACE('',(#333,#334),#2423,.T.);
#2188=ADVANCED_FACE('',(#335,#336),#2424,.T.);
#2189=ADVANCED_FACE('',(#337,#338),#2425,.T.);
#2190=ADVANCED_FACE('',(#339,#340),#2426,.T.);
#2191=ADVANCED_FACE('',(#2787),#34,.T.);
#2192=ADVANCED_FACE('',(#341,#342),#210,.T.);
#2193=ADVANCED_FACE('',(#2788),#35,.T.);
#2194=ADVANCED_FACE('',(#343,#344),#211,.T.);
#2195=ADVANCED_FACE('',(#2789),#36,.T.);
#2196=ADVANCED_FACE('',(#345,#346),#212,.T.);
#2197=ADVANCED_FACE('',(#2790),#37,.T.);
#2198=ADVANCED_FACE('',(#347,#348),#213,.T.);
#2199=ADVANCED_FACE('',(#2791),#38,.T.);
#2200=ADVANCED_FACE('',(#349,#350),#214,.T.);
#2201=ADVANCED_FACE('',(#2792),#39,.T.);
#2202=ADVANCED_FACE('',(#351,#352),#215,.T.);
#2203=ADVANCED_FACE('',(#2793),#40,.T.);
#2204=ADVANCED_FACE('',(#353,#354),#216,.T.);
#2205=ADVANCED_FACE('',(#2794),#41,.T.);
#2206=ADVANCED_FACE('',(#355,#356),#217,.T.);
#2207=PLANE('',#7518);
#2208=PLANE('',#7546);
#2209=PLANE('',#7580);
#2210=PLANE('',#7581);
#2211=PLANE('',#7582);
#2212=PLANE('',#7585);
#2213=PLANE('',#7586);
#2214=PLANE('',#7593);
#2215=PLANE('',#7596);
#2216=PLANE('',#7604);
#2217=PLANE('',#7605);
#2218=PLANE('',#7606);
#2219=PLANE('',#7607);
#2220=PLANE('',#7608);
#2221=PLANE('',#7609);
#2222=PLANE('',#7612);
#2223=PLANE('',#7619);
#2224=PLANE('',#7620);
#2225=PLANE('',#7624);
#2226=PLANE('',#7625);
#2227=PLANE('',#7629);
#2228=PLANE('',#7675);
#2229=PLANE('',#7732);
#2230=PLANE('',#7733);
#2231=PLANE('',#7736);
#2232=PLANE('',#7737);
#2233=PLANE('',#7739);
#2234=PLANE('',#7740);
#2235=PLANE('',#7742);
#2236=PLANE('',#7753);
#2237=PLANE('',#7756);
#2238=PLANE('',#7758);
#2239=PLANE('',#7761);
#2240=PLANE('',#7763);
#2241=PLANE('',#7766);
#2242=PLANE('',#7771);
#2243=PLANE('',#7774);
#2244=PLANE('',#7776);
#2245=PLANE('',#7779);
#2246=PLANE('',#7785);
#2247=PLANE('',#7786);
#2248=PLANE('',#7789);
#2249=PLANE('',#7791);
#2250=PLANE('',#7794);
#2251=PLANE('',#7797);
#2252=PLANE('',#7800);
#2253=PLANE('',#7803);
#2254=PLANE('',#7804);
#2255=PLANE('',#7809);
#2256=PLANE('',#7811);
#2257=PLANE('',#7812);
#2258=PLANE('',#7815);
#2259=PLANE('',#7816);
#2260=PLANE('',#7821);
#2261=PLANE('',#7825);
#2262=PLANE('',#7828);
#2263=PLANE('',#7835);
#2264=PLANE('',#7836);
#2265=PLANE('',#7841);
#2266=PLANE('',#7843);
#2267=PLANE('',#7848);
#2268=PLANE('',#7853);
#2269=PLANE('',#7854);
#2270=PLANE('',#7855);
#2271=PLANE('',#7856);
#2272=PLANE('',#7857);
#2273=PLANE('',#7858);
#2274=PLANE('',#7861);
#2275=PLANE('',#7862);
#2276=PLANE('',#7863);
#2277=PLANE('',#7866);
#2278=PLANE('',#7867);
#2279=PLANE('',#7868);
#2280=PLANE('',#7869);
#2281=PLANE('',#7873);
#2282=PLANE('',#7883);
#2283=PLANE('',#7884);
#2284=PLANE('',#7888);
#2285=PLANE('',#7889);
#2286=PLANE('',#7890);
#2287=PLANE('',#7891);
#2288=PLANE('',#7892);
#2289=PLANE('',#7894);
#2290=PLANE('',#7895);
#2291=PLANE('',#7898);
#2292=PLANE('',#7901);
#2293=PLANE('',#7904);
#2294=PLANE('',#7906);
#2295=PLANE('',#7909);
#2296=PLANE('',#7911);
#2297=PLANE('',#7914);
#2298=PLANE('',#7915);
#2299=PLANE('',#7916);
#2300=PLANE('',#7919);
#2301=PLANE('',#7922);
#2302=PLANE('',#7923);
#2303=PLANE('',#7924);
#2304=PLANE('',#7927);
#2305=PLANE('',#7928);
#2306=PLANE('',#7932);
#2307=PLANE('',#7933);
#2308=PLANE('',#7936);
#2309=PLANE('',#7938);
#2310=PLANE('',#7939);
#2311=PLANE('',#7940);
#2312=PLANE('',#7941);
#2313=PLANE('',#7942);
#2314=PLANE('',#7943);
#2315=PLANE('',#7944);
#2316=PLANE('',#7947);
#2317=PLANE('',#7948);
#2318=PLANE('',#7949);
#2319=PLANE('',#7950);
#2320=PLANE('',#7951);
#2321=PLANE('',#7952);
#2322=PLANE('',#7953);
#2323=PLANE('',#7954);
#2324=PLANE('',#7955);
#2325=PLANE('',#7958);
#2326=PLANE('',#7959);
#2327=PLANE('',#7963);
#2328=PLANE('',#7972);
#2329=PLANE('',#7973);
#2330=PLANE('',#7977);
#2331=PLANE('',#7978);
#2332=PLANE('',#7979);
#2333=PLANE('',#7980);
#2334=PLANE('',#7981);
#2335=PLANE('',#7983);
#2336=PLANE('',#7984);
#2337=PLANE('',#7987);
#2338=PLANE('',#7990);
#2339=PLANE('',#7993);
#2340=PLANE('',#7995);
#2341=PLANE('',#7998);
#2342=PLANE('',#8000);
#2343=PLANE('',#8003);
#2344=PLANE('',#8004);
#2345=PLANE('',#8005);
#2346=PLANE('',#8008);
#2347=PLANE('',#8011);
#2348=PLANE('',#8012);
#2349=PLANE('',#8013);
#2350=PLANE('',#8016);
#2351=PLANE('',#8017);
#2352=PLANE('',#8021);
#2353=PLANE('',#8022);
#2354=PLANE('',#8025);
#2355=PLANE('',#8027);
#2356=PLANE('',#8028);
#2357=PLANE('',#8029);
#2358=PLANE('',#8031);
#2359=PLANE('',#8032);
#2360=PLANE('',#8033);
#2361=PLANE('',#8036);
#2362=PLANE('',#8037);
#2363=PLANE('',#8038);
#2364=PLANE('',#8039);
#2365=PLANE('',#8040);
#2366=PLANE('',#8041);
#2367=PLANE('',#8042);
#2368=PLANE('',#8043);
#2369=PLANE('',#8044);
#2370=PLANE('',#8045);
#2371=PLANE('',#8046);
#2372=PLANE('',#8047);
#2373=PLANE('',#8048);
#2374=PLANE('',#8049);
#2375=PLANE('',#8050);
#2376=PLANE('',#8051);
#2377=PLANE('',#8122);
#2378=PLANE('',#8123);
#2379=PLANE('',#8124);
#2380=PLANE('',#8125);
#2381=PLANE('',#8126);
#2382=PLANE('',#8127);
#2383=PLANE('',#8128);
#2384=PLANE('',#8131);
#2385=PLANE('',#8132);
#2386=PLANE('',#8133);
#2387=PLANE('',#8134);
#2388=PLANE('',#8135);
#2389=PLANE('',#8136);
#2390=PLANE('',#8137);
#2391=PLANE('',#8138);
#2392=PLANE('',#8139);
#2393=PLANE('',#8140);
#2394=PLANE('',#8141);
#2395=PLANE('',#8142);
#2396=PLANE('',#8143);
#2397=PLANE('',#8144);
#2398=PLANE('',#8161);
#2399=PLANE('',#8162);
#2400=PLANE('',#8179);
#2401=PLANE('',#8180);
#2402=PLANE('',#8182);
#2403=PLANE('',#8183);
#2404=PLANE('',#8185);
#2405=PLANE('',#8186);
#2406=PLANE('',#8187);
#2407=PLANE('',#8190);
#2408=PLANE('',#8193);
#2409=PLANE('',#8198);
#2410=PLANE('',#8199);
#2411=PLANE('',#8200);
#2412=PLANE('',#8201);
#2413=PLANE('',#8202);
#2414=PLANE('',#8203);
#2415=PLANE('',#8204);
#2416=PLANE('',#8205);
#2417=PLANE('',#8206);
#2418=PLANE('',#8209);
#2419=PLANE('',#8211);
#2420=PLANE('',#8213);
#2421=PLANE('',#8215);
#2422=PLANE('',#8217);
#2423=PLANE('',#8219);
#2424=PLANE('',#8221);
#2425=PLANE('',#8223);
#2426=PLANE('',#8225);
#2427=FACE_OUTER_BOUND('',#2795,.T.);
#2428=FACE_OUTER_BOUND('',#2798,.T.);
#2429=FACE_OUTER_BOUND('',#2803,.T.);
#2430=FACE_OUTER_BOUND('',#2806,.T.);
#2431=FACE_OUTER_BOUND('',#2809,.T.);
#2432=FACE_OUTER_BOUND('',#2816,.T.);
#2433=FACE_OUTER_BOUND('',#2817,.T.);
#2434=FACE_OUTER_BOUND('',#2821,.T.);
#2435=FACE_OUTER_BOUND('',#2822,.T.);
#2436=FACE_OUTER_BOUND('',#2823,.T.);
#2437=FACE_OUTER_BOUND('',#2824,.T.);
#2438=FACE_OUTER_BOUND('',#2825,.T.);
#2439=FACE_OUTER_BOUND('',#2826,.T.);
#2440=FACE_OUTER_BOUND('',#2827,.T.);
#2441=FACE_OUTER_BOUND('',#2828,.T.);
#2442=FACE_OUTER_BOUND('',#2829,.T.);
#2443=FACE_OUTER_BOUND('',#2830,.T.);
#2444=FACE_OUTER_BOUND('',#2831,.T.);
#2445=FACE_OUTER_BOUND('',#2832,.T.);
#2446=FACE_OUTER_BOUND('',#2833,.T.);
#2447=FACE_OUTER_BOUND('',#2837,.T.);
#2448=FACE_OUTER_BOUND('',#2838,.T.);
#2449=FACE_OUTER_BOUND('',#2841,.T.);
#2450=FACE_OUTER_BOUND('',#2842,.T.);
#2451=FACE_OUTER_BOUND('',#2843,.T.);
#2452=FACE_OUTER_BOUND('',#2844,.T.);
#2453=FACE_OUTER_BOUND('',#2845,.T.);
#2454=FACE_OUTER_BOUND('',#2846,.T.);
#2455=FACE_OUTER_BOUND('',#2847,.T.);
#2456=FACE_OUTER_BOUND('',#2848,.T.);
#2457=FACE_OUTER_BOUND('',#2849,.T.);
#2458=FACE_OUTER_BOUND('',#2850,.T.);
#2459=FACE_OUTER_BOUND('',#2865,.T.);
#2460=FACE_OUTER_BOUND('',#2866,.T.);
#2461=FACE_OUTER_BOUND('',#2867,.T.);
#2462=FACE_OUTER_BOUND('',#2868,.T.);
#2463=FACE_OUTER_BOUND('',#2869,.T.);
#2464=FACE_OUTER_BOUND('',#2870,.T.);
#2465=FACE_OUTER_BOUND('',#2871,.T.);
#2466=FACE_OUTER_BOUND('',#2872,.T.);
#2467=FACE_OUTER_BOUND('',#2873,.T.);
#2468=FACE_OUTER_BOUND('',#2874,.T.);
#2469=FACE_OUTER_BOUND('',#2877,.T.);
#2470=FACE_OUTER_BOUND('',#2878,.T.);
#2471=FACE_OUTER_BOUND('',#2879,.T.);
#2472=FACE_OUTER_BOUND('',#2880,.T.);
#2473=FACE_OUTER_BOUND('',#2883,.T.);
#2474=FACE_OUTER_BOUND('',#2884,.T.);
#2475=FACE_OUTER_BOUND('',#2885,.T.);
#2476=FACE_OUTER_BOUND('',#2886,.T.);
#2477=FACE_OUTER_BOUND('',#2887,.T.);
#2478=FACE_OUTER_BOUND('',#2888,.T.);
#2479=FACE_OUTER_BOUND('',#2889,.T.);
#2480=FACE_OUTER_BOUND('',#2890,.T.);
#2481=FACE_OUTER_BOUND('',#2891,.T.);
#2482=FACE_OUTER_BOUND('',#2892,.T.);
#2483=FACE_OUTER_BOUND('',#2893,.T.);
#2484=FACE_OUTER_BOUND('',#2894,.T.);
#2485=FACE_OUTER_BOUND('',#2895,.T.);
#2486=FACE_OUTER_BOUND('',#2896,.T.);
#2487=FACE_OUTER_BOUND('',#2897,.T.);
#2488=FACE_OUTER_BOUND('',#2898,.T.);
#2489=FACE_OUTER_BOUND('',#2899,.T.);
#2490=FACE_OUTER_BOUND('',#2900,.T.);
#2491=FACE_OUTER_BOUND('',#2901,.T.);
#2492=FACE_OUTER_BOUND('',#2904,.T.);
#2493=FACE_OUTER_BOUND('',#2905,.T.);
#2494=FACE_OUTER_BOUND('',#2906,.T.);
#2495=FACE_OUTER_BOUND('',#2907,.T.);
#2496=FACE_OUTER_BOUND('',#2908,.T.);
#2497=FACE_OUTER_BOUND('',#2909,.T.);
#2498=FACE_OUTER_BOUND('',#2910,.T.);
#2499=FACE_OUTER_BOUND('',#2911,.T.);
#2500=FACE_OUTER_BOUND('',#2912,.T.);
#2501=FACE_OUTER_BOUND('',#2913,.T.);
#2502=FACE_OUTER_BOUND('',#2914,.T.);
#2503=FACE_OUTER_BOUND('',#2917,.T.);
#2504=FACE_OUTER_BOUND('',#2918,.T.);
#2505=FACE_OUTER_BOUND('',#2919,.T.);
#2506=FACE_OUTER_BOUND('',#2920,.T.);
#2507=FACE_OUTER_BOUND('',#2921,.T.);
#2508=FACE_OUTER_BOUND('',#2924,.T.);
#2509=FACE_OUTER_BOUND('',#2925,.T.);
#2510=FACE_OUTER_BOUND('',#2926,.T.);
#2511=FACE_OUTER_BOUND('',#2927,.T.);
#2512=FACE_OUTER_BOUND('',#2928,.T.);
#2513=FACE_OUTER_BOUND('',#2929,.T.);
#2514=FACE_OUTER_BOUND('',#2930,.T.);
#2515=FACE_OUTER_BOUND('',#2931,.T.);
#2516=FACE_OUTER_BOUND('',#2932,.T.);
#2517=FACE_OUTER_BOUND('',#2933,.T.);
#2518=FACE_OUTER_BOUND('',#2934,.T.);
#2519=FACE_OUTER_BOUND('',#2935,.T.);
#2520=FACE_OUTER_BOUND('',#2936,.T.);
#2521=FACE_OUTER_BOUND('',#2937,.T.);
#2522=FACE_OUTER_BOUND('',#2938,.T.);
#2523=FACE_OUTER_BOUND('',#2939,.T.);
#2524=FACE_OUTER_BOUND('',#2942,.T.);
#2525=FACE_OUTER_BOUND('',#2943,.T.);
#2526=FACE_OUTER_BOUND('',#2944,.T.);
#2527=FACE_OUTER_BOUND('',#2945,.T.);
#2528=FACE_OUTER_BOUND('',#2946,.T.);
#2529=FACE_OUTER_BOUND('',#2947,.T.);
#2530=FACE_OUTER_BOUND('',#2948,.T.);
#2531=FACE_OUTER_BOUND('',#2949,.T.);
#2532=FACE_OUTER_BOUND('',#2950,.T.);
#2533=FACE_OUTER_BOUND('',#2953,.T.);
#2534=FACE_OUTER_BOUND('',#2954,.T.);
#2535=FACE_OUTER_BOUND('',#2955,.T.);
#2536=FACE_OUTER_BOUND('',#2956,.T.);
#2537=FACE_OUTER_BOUND('',#2957,.T.);
#2538=FACE_OUTER_BOUND('',#2958,.T.);
#2539=FACE_OUTER_BOUND('',#2959,.T.);
#2540=FACE_OUTER_BOUND('',#2960,.T.);
#2541=FACE_OUTER_BOUND('',#2961,.T.);
#2542=FACE_OUTER_BOUND('',#2962,.T.);
#2543=FACE_OUTER_BOUND('',#2963,.T.);
#2544=FACE_OUTER_BOUND('',#2964,.T.);
#2545=FACE_OUTER_BOUND('',#2965,.T.);
#2546=FACE_OUTER_BOUND('',#2966,.T.);
#2547=FACE_OUTER_BOUND('',#2967,.T.);
#2548=FACE_OUTER_BOUND('',#2968,.T.);
#2549=FACE_OUTER_BOUND('',#2969,.T.);
#2550=FACE_OUTER_BOUND('',#2970,.T.);
#2551=FACE_OUTER_BOUND('',#2971,.T.);
#2552=FACE_OUTER_BOUND('',#2972,.T.);
#2553=FACE_OUTER_BOUND('',#2973,.T.);
#2554=FACE_OUTER_BOUND('',#2974,.T.);
#2555=FACE_OUTER_BOUND('',#2975,.T.);
#2556=FACE_OUTER_BOUND('',#2976,.T.);
#2557=FACE_OUTER_BOUND('',#2977,.T.);
#2558=FACE_OUTER_BOUND('',#2978,.T.);
#2559=FACE_OUTER_BOUND('',#2979,.T.);
#2560=FACE_OUTER_BOUND('',#2980,.T.);
#2561=FACE_OUTER_BOUND('',#2981,.T.);
#2562=FACE_OUTER_BOUND('',#2982,.T.);
#2563=FACE_OUTER_BOUND('',#2983,.T.);
#2564=FACE_OUTER_BOUND('',#2984,.T.);
#2565=FACE_OUTER_BOUND('',#2985,.T.);
#2566=FACE_OUTER_BOUND('',#2986,.T.);
#2567=FACE_OUTER_BOUND('',#2987,.T.);
#2568=FACE_OUTER_BOUND('',#2988,.T.);
#2569=FACE_OUTER_BOUND('',#2989,.T.);
#2570=FACE_OUTER_BOUND('',#2990,.T.);
#2571=FACE_OUTER_BOUND('',#2991,.T.);
#2572=FACE_OUTER_BOUND('',#2992,.T.);
#2573=FACE_OUTER_BOUND('',#2993,.T.);
#2574=FACE_OUTER_BOUND('',#2994,.T.);
#2575=FACE_OUTER_BOUND('',#2995,.T.);
#2576=FACE_OUTER_BOUND('',#2996,.T.);
#2577=FACE_OUTER_BOUND('',#2997,.T.);
#2578=FACE_OUTER_BOUND('',#2998,.T.);
#2579=FACE_OUTER_BOUND('',#2999,.T.);
#2580=FACE_OUTER_BOUND('',#3000,.T.);
#2581=FACE_OUTER_BOUND('',#3001,.T.);
#2582=FACE_OUTER_BOUND('',#3002,.T.);
#2583=FACE_OUTER_BOUND('',#3003,.T.);
#2584=FACE_OUTER_BOUND('',#3004,.T.);
#2585=FACE_OUTER_BOUND('',#3005,.T.);
#2586=FACE_OUTER_BOUND('',#3006,.T.);
#2587=FACE_OUTER_BOUND('',#3007,.T.);
#2588=FACE_OUTER_BOUND('',#3008,.T.);
#2589=FACE_OUTER_BOUND('',#3009,.T.);
#2590=FACE_OUTER_BOUND('',#3010,.T.);
#2591=FACE_OUTER_BOUND('',#3011,.T.);
#2592=FACE_OUTER_BOUND('',#3012,.T.);
#2593=FACE_OUTER_BOUND('',#3013,.T.);
#2594=FACE_OUTER_BOUND('',#3014,.T.);
#2595=FACE_OUTER_BOUND('',#3015,.T.);
#2596=FACE_OUTER_BOUND('',#3016,.T.);
#2597=FACE_OUTER_BOUND('',#3017,.T.);
#2598=FACE_OUTER_BOUND('',#3018,.T.);
#2599=FACE_OUTER_BOUND('',#3019,.T.);
#2600=FACE_OUTER_BOUND('',#3020,.T.);
#2601=FACE_OUTER_BOUND('',#3021,.T.);
#2602=FACE_OUTER_BOUND('',#3022,.T.);
#2603=FACE_OUTER_BOUND('',#3023,.T.);
#2604=FACE_OUTER_BOUND('',#3024,.T.);
#2605=FACE_OUTER_BOUND('',#3025,.T.);
#2606=FACE_OUTER_BOUND('',#3026,.T.);
#2607=FACE_OUTER_BOUND('',#3027,.T.);
#2608=FACE_OUTER_BOUND('',#3028,.T.);
#2609=FACE_OUTER_BOUND('',#3029,.T.);
#2610=FACE_OUTER_BOUND('',#3030,.T.);
#2611=FACE_OUTER_BOUND('',#3031,.T.);
#2612=FACE_OUTER_BOUND('',#3032,.T.);
#2613=FACE_OUTER_BOUND('',#3033,.T.);
#2614=FACE_OUTER_BOUND('',#3034,.T.);
#2615=FACE_OUTER_BOUND('',#3035,.T.);
#2616=FACE_OUTER_BOUND('',#3036,.T.);
#2617=FACE_OUTER_BOUND('',#3037,.T.);
#2618=FACE_OUTER_BOUND('',#3038,.T.);
#2619=FACE_OUTER_BOUND('',#3039,.T.);
#2620=FACE_OUTER_BOUND('',#3040,.T.);
#2621=FACE_OUTER_BOUND('',#3041,.T.);
#2622=FACE_OUTER_BOUND('',#3042,.T.);
#2623=FACE_OUTER_BOUND('',#3043,.T.);
#2624=FACE_OUTER_BOUND('',#3044,.T.);
#2625=FACE_OUTER_BOUND('',#3045,.T.);
#2626=FACE_OUTER_BOUND('',#3046,.T.);
#2627=FACE_OUTER_BOUND('',#3047,.T.);
#2628=FACE_OUTER_BOUND('',#3048,.T.);
#2629=FACE_OUTER_BOUND('',#3049,.T.);
#2630=FACE_OUTER_BOUND('',#3050,.T.);
#2631=FACE_OUTER_BOUND('',#3051,.T.);
#2632=FACE_OUTER_BOUND('',#3052,.T.);
#2633=FACE_OUTER_BOUND('',#3053,.T.);
#2634=FACE_OUTER_BOUND('',#3054,.T.);
#2635=FACE_OUTER_BOUND('',#3055,.T.);
#2636=FACE_OUTER_BOUND('',#3056,.T.);
#2637=FACE_OUTER_BOUND('',#3057,.T.);
#2638=FACE_OUTER_BOUND('',#3058,.T.);
#2639=FACE_OUTER_BOUND('',#3059,.T.);
#2640=FACE_OUTER_BOUND('',#3060,.T.);
#2641=FACE_OUTER_BOUND('',#3061,.T.);
#2642=FACE_OUTER_BOUND('',#3062,.T.);
#2643=FACE_OUTER_BOUND('',#3063,.T.);
#2644=FACE_OUTER_BOUND('',#3064,.T.);
#2645=FACE_OUTER_BOUND('',#3065,.T.);
#2646=FACE_OUTER_BOUND('',#3066,.T.);
#2647=FACE_OUTER_BOUND('',#3067,.T.);
#2648=FACE_OUTER_BOUND('',#3068,.T.);
#2649=FACE_OUTER_BOUND('',#3069,.T.);
#2650=FACE_OUTER_BOUND('',#3070,.T.);
#2651=FACE_OUTER_BOUND('',#3071,.T.);
#2652=FACE_OUTER_BOUND('',#3072,.T.);
#2653=FACE_OUTER_BOUND('',#3073,.T.);
#2654=FACE_OUTER_BOUND('',#3074,.T.);
#2655=FACE_OUTER_BOUND('',#3075,.T.);
#2656=FACE_OUTER_BOUND('',#3076,.T.);
#2657=FACE_OUTER_BOUND('',#3077,.T.);
#2658=FACE_OUTER_BOUND('',#3078,.T.);
#2659=FACE_OUTER_BOUND('',#3079,.T.);
#2660=FACE_OUTER_BOUND('',#3080,.T.);
#2661=FACE_OUTER_BOUND('',#3081,.T.);
#2662=FACE_OUTER_BOUND('',#3082,.T.);
#2663=FACE_OUTER_BOUND('',#3083,.T.);
#2664=FACE_OUTER_BOUND('',#3084,.T.);
#2665=FACE_OUTER_BOUND('',#3085,.T.);
#2666=FACE_OUTER_BOUND('',#3086,.T.);
#2667=FACE_OUTER_BOUND('',#3087,.T.);
#2668=FACE_OUTER_BOUND('',#3088,.T.);
#2669=FACE_OUTER_BOUND('',#3089,.T.);
#2670=FACE_OUTER_BOUND('',#3090,.T.);
#2671=FACE_OUTER_BOUND('',#3091,.T.);
#2672=FACE_OUTER_BOUND('',#3092,.T.);
#2673=FACE_OUTER_BOUND('',#3093,.T.);
#2674=FACE_OUTER_BOUND('',#3094,.T.);
#2675=FACE_OUTER_BOUND('',#3095,.T.);
#2676=FACE_OUTER_BOUND('',#3096,.T.);
#2677=FACE_OUTER_BOUND('',#3097,.T.);
#2678=FACE_OUTER_BOUND('',#3098,.T.);
#2679=FACE_OUTER_BOUND('',#3099,.T.);
#2680=FACE_OUTER_BOUND('',#3100,.T.);
#2681=FACE_OUTER_BOUND('',#3101,.T.);
#2682=FACE_OUTER_BOUND('',#3102,.T.);
#2683=FACE_OUTER_BOUND('',#3103,.T.);
#2684=FACE_OUTER_BOUND('',#3104,.T.);
#2685=FACE_OUTER_BOUND('',#3105,.T.);
#2686=FACE_OUTER_BOUND('',#3106,.T.);
#2687=FACE_OUTER_BOUND('',#3107,.T.);
#2688=FACE_OUTER_BOUND('',#3108,.T.);
#2689=FACE_OUTER_BOUND('',#3109,.T.);
#2690=FACE_OUTER_BOUND('',#3110,.T.);
#2691=FACE_OUTER_BOUND('',#3111,.T.);
#2692=FACE_OUTER_BOUND('',#3112,.T.);
#2693=FACE_OUTER_BOUND('',#3113,.T.);
#2694=FACE_OUTER_BOUND('',#3114,.T.);
#2695=FACE_OUTER_BOUND('',#3115,.T.);
#2696=FACE_OUTER_BOUND('',#3116,.T.);
#2697=FACE_OUTER_BOUND('',#3117,.T.);
#2698=FACE_OUTER_BOUND('',#3118,.T.);
#2699=FACE_OUTER_BOUND('',#3119,.T.);
#2700=FACE_OUTER_BOUND('',#3120,.T.);
#2701=FACE_OUTER_BOUND('',#3121,.T.);
#2702=FACE_OUTER_BOUND('',#3122,.T.);
#2703=FACE_OUTER_BOUND('',#3123,.T.);
#2704=FACE_OUTER_BOUND('',#3124,.T.);
#2705=FACE_OUTER_BOUND('',#3125,.T.);
#2706=FACE_OUTER_BOUND('',#3126,.T.);
#2707=FACE_OUTER_BOUND('',#3127,.T.);
#2708=FACE_OUTER_BOUND('',#3128,.T.);
#2709=FACE_OUTER_BOUND('',#3129,.T.);
#2710=FACE_OUTER_BOUND('',#3130,.T.);
#2711=FACE_OUTER_BOUND('',#3131,.T.);
#2712=FACE_OUTER_BOUND('',#3132,.T.);
#2713=FACE_OUTER_BOUND('',#3133,.T.);
#2714=FACE_OUTER_BOUND('',#3134,.T.);
#2715=FACE_OUTER_BOUND('',#3135,.T.);
#2716=FACE_OUTER_BOUND('',#3136,.T.);
#2717=FACE_OUTER_BOUND('',#3137,.T.);
#2718=FACE_OUTER_BOUND('',#3138,.T.);
#2719=FACE_OUTER_BOUND('',#3139,.T.);
#2720=FACE_OUTER_BOUND('',#3140,.T.);
#2721=FACE_OUTER_BOUND('',#3141,.T.);
#2722=FACE_OUTER_BOUND('',#3142,.T.);
#2723=FACE_OUTER_BOUND('',#3143,.T.);
#2724=FACE_OUTER_BOUND('',#3144,.T.);
#2725=FACE_OUTER_BOUND('',#3145,.T.);
#2726=FACE_OUTER_BOUND('',#3146,.T.);
#2727=FACE_OUTER_BOUND('',#3147,.T.);
#2728=FACE_OUTER_BOUND('',#3148,.T.);
#2729=FACE_OUTER_BOUND('',#3149,.T.);
#2730=FACE_OUTER_BOUND('',#3150,.T.);
#2731=FACE_OUTER_BOUND('',#3151,.T.);
#2732=FACE_OUTER_BOUND('',#3152,.T.);
#2733=FACE_OUTER_BOUND('',#3153,.T.);
#2734=FACE_OUTER_BOUND('',#3154,.T.);
#2735=FACE_OUTER_BOUND('',#3155,.T.);
#2736=FACE_OUTER_BOUND('',#3156,.T.);
#2737=FACE_OUTER_BOUND('',#3157,.T.);
#2738=FACE_OUTER_BOUND('',#3158,.T.);
#2739=FACE_OUTER_BOUND('',#3159,.T.);
#2740=FACE_OUTER_BOUND('',#3160,.T.);
#2741=FACE_OUTER_BOUND('',#3161,.T.);
#2742=FACE_OUTER_BOUND('',#3162,.T.);
#2743=FACE_OUTER_BOUND('',#3163,.T.);
#2744=FACE_OUTER_BOUND('',#3164,.T.);
#2745=FACE_OUTER_BOUND('',#3165,.T.);
#2746=FACE_OUTER_BOUND('',#3166,.T.);
#2747=FACE_OUTER_BOUND('',#3167,.T.);
#2748=FACE_OUTER_BOUND('',#3168,.T.);
#2749=FACE_OUTER_BOUND('',#3169,.T.);
#2750=FACE_OUTER_BOUND('',#3170,.T.);
#2751=FACE_OUTER_BOUND('',#3171,.T.);
#2752=FACE_OUTER_BOUND('',#3172,.T.);
#2753=FACE_OUTER_BOUND('',#3173,.T.);
#2754=FACE_OUTER_BOUND('',#3174,.T.);
#2755=FACE_OUTER_BOUND('',#3175,.T.);
#2756=FACE_OUTER_BOUND('',#3176,.T.);
#2757=FACE_OUTER_BOUND('',#3177,.T.);
#2758=FACE_OUTER_BOUND('',#3178,.T.);
#2759=FACE_OUTER_BOUND('',#3179,.T.);
#2760=FACE_OUTER_BOUND('',#3180,.T.);
#2761=FACE_OUTER_BOUND('',#3181,.T.);
#2762=FACE_OUTER_BOUND('',#3182,.T.);
#2763=FACE_OUTER_BOUND('',#3183,.T.);
#2764=FACE_OUTER_BOUND('',#3184,.T.);
#2765=FACE_OUTER_BOUND('',#3185,.T.);
#2766=FACE_OUTER_BOUND('',#3186,.T.);
#2767=FACE_OUTER_BOUND('',#3187,.T.);
#2768=FACE_OUTER_BOUND('',#3188,.T.);
#2769=FACE_OUTER_BOUND('',#3189,.T.);
#2770=FACE_OUTER_BOUND('',#3190,.T.);
#2771=FACE_OUTER_BOUND('',#3191,.T.);
#2772=FACE_OUTER_BOUND('',#3192,.T.);
#2773=FACE_OUTER_BOUND('',#3193,.T.);
#2774=FACE_OUTER_BOUND('',#3194,.T.);
#2775=FACE_OUTER_BOUND('',#3195,.T.);
#2776=FACE_OUTER_BOUND('',#3196,.T.);
#2777=FACE_OUTER_BOUND('',#3197,.T.);
#2778=FACE_OUTER_BOUND('',#3198,.T.);
#2779=FACE_OUTER_BOUND('',#3199,.T.);
#2780=FACE_OUTER_BOUND('',#3200,.T.);
#2781=FACE_OUTER_BOUND('',#3201,.T.);
#2782=FACE_OUTER_BOUND('',#3202,.T.);
#2783=FACE_OUTER_BOUND('',#3203,.T.);
#2784=FACE_OUTER_BOUND('',#3204,.T.);
#2785=FACE_OUTER_BOUND('',#3205,.T.);
#2786=FACE_OUTER_BOUND('',#3206,.T.);
#2787=FACE_OUTER_BOUND('',#3223,.T.);
#2788=FACE_OUTER_BOUND('',#3226,.T.);
#2789=FACE_OUTER_BOUND('',#3229,.T.);
#2790=FACE_OUTER_BOUND('',#3232,.T.);
#2791=FACE_OUTER_BOUND('',#3235,.T.);
#2792=FACE_OUTER_BOUND('',#3238,.T.);
#2793=FACE_OUTER_BOUND('',#3241,.T.);
#2794=FACE_OUTER_BOUND('',#3244,.T.);
#2795=EDGE_LOOP('',(#3247));
#2796=EDGE_LOOP('',(#3248,#3249,#3250,#3251,#3252,#3253,#3254,#3255,#3256,
#3257,#3258,#3259,#3260,#3261,#3262,#3263,#3264,#3265,#3266,#3267,#3268,
#3269,#3270,#3271));
#2797=EDGE_LOOP('',(#3272,#3273,#3274,#3275,#3276,#3277,#3278,#3279,#3280,
#3281,#3282,#3283,#3284,#3285,#3286,#3287,#3288,#3289,#3290,#3291,#3292,
#3293,#3294,#3295,#3296,#3297,#3298,#3299));
#2798=EDGE_LOOP('',(#3300,#3301,#3302,#3303,#3304,#3305));
#2799=EDGE_LOOP('',(#3306,#3307,#3308,#3309,#3310,#3311));
#2800=EDGE_LOOP('',(#3312));
#2801=EDGE_LOOP('',(#3313,#3314,#3315,#3316,#3317,#3318,#3319));
#2802=EDGE_LOOP('',(#3320));
#2803=EDGE_LOOP('',(#3321,#3322,#3323,#3324,#3325,#3326));
#2804=EDGE_LOOP('',(#3327,#3328,#3329,#3330,#3331,#3332));
#2805=EDGE_LOOP('',(#3333));
#2806=EDGE_LOOP('',(#3334,#3335,#3336,#3337,#3338,#3339));
#2807=EDGE_LOOP('',(#3340,#3341,#3342,#3343,#3344,#3345));
#2808=EDGE_LOOP('',(#3346));
#2809=EDGE_LOOP('',(#3347,#3348,#3349,#3350,#3351,#3352));
#2810=EDGE_LOOP('',(#3353,#3354,#3355,#3356,#3357,#3358));
#2811=EDGE_LOOP('',(#3359));
#2812=EDGE_LOOP('',(#3360,#3361,#3362,#3363,#3364,#3365));
#2813=EDGE_LOOP('',(#3366));
#2814=EDGE_LOOP('',(#3367,#3368,#3369,#3370,#3371,#3372));
#2815=EDGE_LOOP('',(#3373));
#2816=EDGE_LOOP('',(#3374,#3375,#3376,#3377));
#2817=EDGE_LOOP('',(#3378,#3379,#3380,#3381));
#2818=EDGE_LOOP('',(#3382,#3383,#3384,#3385));
#2819=EDGE_LOOP('',(#3386,#3387,#3388,#3389));
#2820=EDGE_LOOP('',(#3390,#3391,#3392,#3393,#3394,#3395,#3396,#3397,#3398,
#3399,#3400,#3401,#3402,#3403,#3404,#3405,#3406,#3407));
#2821=EDGE_LOOP('',(#3408,#3409,#3410,#3411,#3412,#3413,#3414));
#2822=EDGE_LOOP('',(#3415,#3416,#3417,#3418,#3419,#3420));
#2823=EDGE_LOOP('',(#3421,#3422,#3423,#3424));
#2824=EDGE_LOOP('',(#3425,#3426,#3427,#3428,#3429));
#2825=EDGE_LOOP('',(#3430,#3431,#3432,#3433,#3434,#3435,#3436));
#2826=EDGE_LOOP('',(#3437,#3438,#3439,#3440,#3441,#3442,#3443));
#2827=EDGE_LOOP('',(#3444,#3445,#3446,#3447));
#2828=EDGE_LOOP('',(#3448,#3449,#3450,#3451));
#2829=EDGE_LOOP('',(#3452,#3453,#3454,#3455,#3456));
#2830=EDGE_LOOP('',(#3457,#3458,#3459,#3460));
#2831=EDGE_LOOP('',(#3461,#3462,#3463,#3464));
#2832=EDGE_LOOP('',(#3465,#3466,#3467,#3468));
#2833=EDGE_LOOP('',(#3469,#3470,#3471,#3472,#3473,#3474,#3475,#3476,#3477,
#3478,#3479,#3480,#3481));
#2834=EDGE_LOOP('',(#3482,#3483,#3484,#3485));
#2835=EDGE_LOOP('',(#3486,#3487,#3488,#3489));
#2836=EDGE_LOOP('',(#3490,#3491,#3492,#3493,#3494,#3495,#3496,#3497,#3498,
#3499,#3500,#3501,#3502,#3503,#3504,#3505,#3506,#3507));
#2837=EDGE_LOOP('',(#3508,#3509,#3510,#3511,#3512,#3513,#3514,#3515,#3516,
#3517,#3518,#3519,#3520));
#2838=EDGE_LOOP('',(#3521,#3522,#3523,#3524,#3525,#3526,#3527,#3528,#3529,
#3530,#3531,#3532,#3533,#3534,#3535));
#2839=EDGE_LOOP('',(#3536));
#2840=EDGE_LOOP('',(#3537));
#2841=EDGE_LOOP('',(#3538,#3539,#3540,#3541));
#2842=EDGE_LOOP('',(#3542,#3543,#3544,#3545));
#2843=EDGE_LOOP('',(#3546,#3547,#3548,#3549,#3550));
#2844=EDGE_LOOP('',(#3551,#3552,#3553,#3554));
#2845=EDGE_LOOP('',(#3555,#3556,#3557,#3558,#3559));
#2846=EDGE_LOOP('',(#3560,#3561,#3562,#3563,#3564));
#2847=EDGE_LOOP('',(#3565,#3566,#3567,#3568));
#2848=EDGE_LOOP('',(#3569,#3570,#3571,#3572,#3573));
#2849=EDGE_LOOP('',(#3574,#3575,#3576,#3577));
#2850=EDGE_LOOP('',(#3578,#3579,#3580,#3581));
#2851=EDGE_LOOP('',(#3582,#3583,#3584,#3585,#3586,#3587,#3588,#3589,#3590,
#3591,#3592,#3593,#3594,#3595,#3596,#3597,#3598,#3599,#3600,#3601,#3602,
#3603,#3604,#3605,#3606,#3607));
#2852=EDGE_LOOP('',(#3608,#3609,#3610,#3611,#3612,#3613,#3614,#3615,#3616,
#3617,#3618,#3619,#3620,#3621,#3622,#3623,#3624,#3625,#3626,#3627,#3628,
#3629,#3630,#3631,#3632,#3633,#3634,#3635,#3636,#3637,#3638,#3639,#3640,
#3641,#3642,#3643,#3644,#3645,#3646,#3647,#3648,#3649,#3650,#3651,#3652,
#3653,#3654,#3655,#3656,#3657,#3658,#3659,#3660,#3661,#3662,#3663,#3664,
#3665,#3666,#3667,#3668,#3669,#3670,#3671));
#2853=EDGE_LOOP('',(#3672,#3673,#3674,#3675,#3676,#3677,#3678,#3679,#3680,
#3681,#3682,#3683,#3684,#3685,#3686,#3687,#3688,#3689,#3690,#3691,#3692,
#3693,#3694,#3695,#3696,#3697,#3698,#3699,#3700,#3701,#3702,#3703,#3704,
#3705,#3706,#3707,#3708,#3709,#3710,#3711,#3712,#3713,#3714,#3715,#3716,
#3717,#3718,#3719,#3720,#3721,#3722,#3723,#3724,#3725,#3726,#3727,#3728,
#3729,#3730,#3731,#3732,#3733,#3734,#3735));
#2854=EDGE_LOOP('',(#3736,#3737,#3738,#3739,#3740,#3741,#3742,#3743,#3744,
#3745,#3746,#3747));
#2855=EDGE_LOOP('',(#3748));
#2856=EDGE_LOOP('',(#3749,#3750,#3751,#3752,#3753,#3754,#3755,#3756,#3757,
#3758,#3759,#3760));
#2857=EDGE_LOOP('',(#3761));
#2858=EDGE_LOOP('',(#3762));
#2859=EDGE_LOOP('',(#3763));
#2860=EDGE_LOOP('',(#3764,#3765,#3766,#3767,#3768,#3769,#3770,#3771,#3772,
#3773,#3774,#3775));
#2861=EDGE_LOOP('',(#3776));
#2862=EDGE_LOOP('',(#3777));
#2863=EDGE_LOOP('',(#3778));
#2864=EDGE_LOOP('',(#3779));
#2865=EDGE_LOOP('',(#3780,#3781,#3782,#3783));
#2866=EDGE_LOOP('',(#3784,#3785,#3786,#3787));
#2867=EDGE_LOOP('',(#3788,#3789,#3790,#3791,#3792));
#2868=EDGE_LOOP('',(#3793,#3794,#3795,#3796,#3797));
#2869=EDGE_LOOP('',(#3798,#3799,#3800,#3801));
#2870=EDGE_LOOP('',(#3802,#3803,#3804,#3805,#3806));
#2871=EDGE_LOOP('',(#3807,#3808,#3809,#3810,#3811));
#2872=EDGE_LOOP('',(#3812,#3813,#3814,#3815));
#2873=EDGE_LOOP('',(#3816,#3817,#3818,#3819));
#2874=EDGE_LOOP('',(#3820,#3821,#3822,#3823));
#2875=EDGE_LOOP('',(#3824));
#2876=EDGE_LOOP('',(#3825));
#2877=EDGE_LOOP('',(#3826,#3827,#3828,#3829));
#2878=EDGE_LOOP('',(#3830,#3831,#3832,#3833));
#2879=EDGE_LOOP('',(#3834,#3835,#3836,#3837));
#2880=EDGE_LOOP('',(#3838,#3839,#3840,#3841));
#2881=EDGE_LOOP('',(#3842));
#2882=EDGE_LOOP('',(#3843));
#2883=EDGE_LOOP('',(#3844,#3845,#3846,#3847,#3848));
#2884=EDGE_LOOP('',(#3849,#3850,#3851,#3852));
#2885=EDGE_LOOP('',(#3853,#3854,#3855,#3856,#3857));
#2886=EDGE_LOOP('',(#3858,#3859,#3860,#3861));
#2887=EDGE_LOOP('',(#3862,#3863,#3864,#3865,#3866));
#2888=EDGE_LOOP('',(#3867,#3868,#3869,#3870));
#2889=EDGE_LOOP('',(#3871,#3872,#3873,#3874,#3875));
#2890=EDGE_LOOP('',(#3876,#3877,#3878,#3879));
#2891=EDGE_LOOP('',(#3880,#3881,#3882,#3883));
#2892=EDGE_LOOP('',(#3884,#3885,#3886,#3887));
#2893=EDGE_LOOP('',(#3888,#3889,#3890,#3891));
#2894=EDGE_LOOP('',(#3892,#3893,#3894,#3895));
#2895=EDGE_LOOP('',(#3896,#3897,#3898,#3899));
#2896=EDGE_LOOP('',(#3900,#3901,#3902,#3903,#3904));
#2897=EDGE_LOOP('',(#3905,#3906,#3907,#3908));
#2898=EDGE_LOOP('',(#3909,#3910,#3911,#3912,#3913));
#2899=EDGE_LOOP('',(#3914,#3915,#3916,#3917));
#2900=EDGE_LOOP('',(#3918,#3919,#3920,#3921,#3922));
#2901=EDGE_LOOP('',(#3923,#3924,#3925,#3926));
#2902=EDGE_LOOP('',(#3927));
#2903=EDGE_LOOP('',(#3928));
#2904=EDGE_LOOP('',(#3929,#3930,#3931,#3932));
#2905=EDGE_LOOP('',(#3933,#3934,#3935,#3936));
#2906=EDGE_LOOP('',(#3937,#3938,#3939,#3940,#3941));
#2907=EDGE_LOOP('',(#3942,#3943,#3944,#3945));
#2908=EDGE_LOOP('',(#3946,#3947,#3948,#3949));
#2909=EDGE_LOOP('',(#3950,#3951,#3952,#3953));
#2910=EDGE_LOOP('',(#3954,#3955,#3956,#3957,#3958));
#2911=EDGE_LOOP('',(#3959,#3960,#3961,#3962));
#2912=EDGE_LOOP('',(#3963,#3964,#3965,#3966));
#2913=EDGE_LOOP('',(#3967,#3968,#3969,#3970));
#2914=EDGE_LOOP('',(#3971,#3972,#3973,#3974));
#2915=EDGE_LOOP('',(#3975));
#2916=EDGE_LOOP('',(#3976));
#2917=EDGE_LOOP('',(#3977,#3978,#3979,#3980,#3981));
#2918=EDGE_LOOP('',(#3982,#3983,#3984,#3985));
#2919=EDGE_LOOP('',(#3986,#3987,#3988,#3989));
#2920=EDGE_LOOP('',(#3990,#3991,#3992,#3993));
#2921=EDGE_LOOP('',(#3994,#3995,#3996,#3997));
#2922=EDGE_LOOP('',(#3998));
#2923=EDGE_LOOP('',(#3999));
#2924=EDGE_LOOP('',(#4000,#4001,#4002,#4003,#4004));
#2925=EDGE_LOOP('',(#4005,#4006,#4007,#4008));
#2926=EDGE_LOOP('',(#4009,#4010,#4011,#4012,#4013));
#2927=EDGE_LOOP('',(#4014,#4015,#4016,#4017));
#2928=EDGE_LOOP('',(#4018,#4019,#4020,#4021));
#2929=EDGE_LOOP('',(#4022,#4023,#4024,#4025));
#2930=EDGE_LOOP('',(#4026,#4027,#4028,#4029));
#2931=EDGE_LOOP('',(#4030,#4031,#4032,#4033));
#2932=EDGE_LOOP('',(#4034,#4035,#4036,#4037));
#2933=EDGE_LOOP('',(#4038,#4039,#4040,#4041));
#2934=EDGE_LOOP('',(#4042,#4043,#4044,#4045));
#2935=EDGE_LOOP('',(#4046,#4047,#4048,#4049));
#2936=EDGE_LOOP('',(#4050,#4051,#4052,#4053,#4054));
#2937=EDGE_LOOP('',(#4055,#4056,#4057,#4058));
#2938=EDGE_LOOP('',(#4059,#4060,#4061,#4062));
#2939=EDGE_LOOP('',(#4063,#4064,#4065,#4066));
#2940=EDGE_LOOP('',(#4067));
#2941=EDGE_LOOP('',(#4068));
#2942=EDGE_LOOP('',(#4069,#4070,#4071,#4072));
#2943=EDGE_LOOP('',(#4073,#4074,#4075,#4076,#4077));
#2944=EDGE_LOOP('',(#4078,#4079,#4080,#4081));
#2945=EDGE_LOOP('',(#4082,#4083,#4084,#4085));
#2946=EDGE_LOOP('',(#4086,#4087,#4088,#4089));
#2947=EDGE_LOOP('',(#4090,#4091,#4092,#4093,#4094));
#2948=EDGE_LOOP('',(#4095,#4096,#4097,#4098));
#2949=EDGE_LOOP('',(#4099,#4100,#4101,#4102,#4103));
#2950=EDGE_LOOP('',(#4104,#4105,#4106,#4107));
#2951=EDGE_LOOP('',(#4108));
#2952=EDGE_LOOP('',(#4109));
#2953=EDGE_LOOP('',(#4110,#4111,#4112,#4113));
#2954=EDGE_LOOP('',(#4114,#4115,#4116,#4117));
#2955=EDGE_LOOP('',(#4118,#4119,#4120,#4121));
#2956=EDGE_LOOP('',(#4122,#4123,#4124,#4125));
#2957=EDGE_LOOP('',(#4126,#4127,#4128,#4129));
#2958=EDGE_LOOP('',(#4130,#4131,#4132,#4133));
#2959=EDGE_LOOP('',(#4134,#4135,#4136,#4137));
#2960=EDGE_LOOP('',(#4138,#4139,#4140,#4141));
#2961=EDGE_LOOP('',(#4142,#4143,#4144,#4145,#4146));
#2962=EDGE_LOOP('',(#4147,#4148,#4149,#4150,#4151,#4152,#4153,#4154,#4155,
#4156));
#2963=EDGE_LOOP('',(#4157,#4158,#4159,#4160,#4161,#4162,#4163,#4164));
#2964=EDGE_LOOP('',(#4165,#4166,#4167,#4168));
#2965=EDGE_LOOP('',(#4169,#4170,#4171,#4172,#4173,#4174,#4175,#4176,#4177,
#4178));
#2966=EDGE_LOOP('',(#4179,#4180,#4181,#4182));
#2967=EDGE_LOOP('',(#4183,#4184,#4185,#4186));
#2968=EDGE_LOOP('',(#4187,#4188,#4189,#4190,#4191,#4192,#4193,#4194,#4195));
#2969=EDGE_LOOP('',(#4196,#4197,#4198,#4199));
#2970=EDGE_LOOP('',(#4200,#4201,#4202,#4203));
#2971=EDGE_LOOP('',(#4204,#4205,#4206,#4207,#4208,#4209,#4210,#4211,#4212,
#4213,#4214,#4215,#4216,#4217,#4218,#4219,#4220,#4221,#4222,#4223,#4224,
#4225,#4226,#4227,#4228,#4229,#4230,#4231));
#2972=EDGE_LOOP('',(#4232,#4233,#4234,#4235));
#2973=EDGE_LOOP('',(#4236,#4237,#4238,#4239));
#2974=EDGE_LOOP('',(#4240,#4241,#4242,#4243));
#2975=EDGE_LOOP('',(#4244,#4245,#4246,#4247));
#2976=EDGE_LOOP('',(#4248,#4249,#4250,#4251,#4252));
#2977=EDGE_LOOP('',(#4253,#4254,#4255,#4256));
#2978=EDGE_LOOP('',(#4257,#4258,#4259,#4260,#4261));
#2979=EDGE_LOOP('',(#4262,#4263,#4264));
#2980=EDGE_LOOP('',(#4265,#4266,#4267,#4268));
#2981=EDGE_LOOP('',(#4269,#4270,#4271,#4272,#4273,#4274));
#2982=EDGE_LOOP('',(#4275,#4276,#4277,#4278));
#2983=EDGE_LOOP('',(#4279,#4280,#4281,#4282));
#2984=EDGE_LOOP('',(#4283,#4284,#4285,#4286));
#2985=EDGE_LOOP('',(#4287,#4288,#4289,#4290));
#2986=EDGE_LOOP('',(#4291,#4292,#4293,#4294));
#2987=EDGE_LOOP('',(#4295,#4296,#4297,#4298,#4299,#4300));
#2988=EDGE_LOOP('',(#4301,#4302,#4303,#4304));
#2989=EDGE_LOOP('',(#4305,#4306,#4307,#4308,#4309,#4310));
#2990=EDGE_LOOP('',(#4311,#4312,#4313,#4314,#4315));
#2991=EDGE_LOOP('',(#4316,#4317,#4318,#4319));
#2992=EDGE_LOOP('',(#4320,#4321,#4322,#4323,#4324));
#2993=EDGE_LOOP('',(#4325,#4326,#4327,#4328,#4329,#4330,#4331,#4332,#4333,
#4334));
#2994=EDGE_LOOP('',(#4335,#4336,#4337,#4338));
#2995=EDGE_LOOP('',(#4339,#4340,#4341,#4342));
#2996=EDGE_LOOP('',(#4343,#4344,#4345,#4346));
#2997=EDGE_LOOP('',(#4347,#4348,#4349,#4350));
#2998=EDGE_LOOP('',(#4351,#4352,#4353,#4354));
#2999=EDGE_LOOP('',(#4355,#4356,#4357,#4358,#4359,#4360));
#3000=EDGE_LOOP('',(#4361,#4362,#4363,#4364));
#3001=EDGE_LOOP('',(#4365,#4366,#4367,#4368));
#3002=EDGE_LOOP('',(#4369,#4370,#4371,#4372));
#3003=EDGE_LOOP('',(#4373,#4374,#4375,#4376));
#3004=EDGE_LOOP('',(#4377,#4378,#4379,#4380));
#3005=EDGE_LOOP('',(#4381,#4382,#4383));
#3006=EDGE_LOOP('',(#4384,#4385,#4386,#4387));
#3007=EDGE_LOOP('',(#4388,#4389,#4390,#4391,#4392,#4393,#4394,#4395,#4396,
#4397,#4398,#4399,#4400,#4401,#4402,#4403,#4404,#4405,#4406,#4407,#4408,
#4409,#4410,#4411,#4412,#4413,#4414,#4415,#4416,#4417));
#3008=EDGE_LOOP('',(#4418,#4419,#4420,#4421,#4422,#4423));
#3009=EDGE_LOOP('',(#4424,#4425,#4426,#4427));
#3010=EDGE_LOOP('',(#4428,#4429,#4430,#4431));
#3011=EDGE_LOOP('',(#4432,#4433,#4434,#4435,#4436));
#3012=EDGE_LOOP('',(#4437,#4438,#4439,#4440,#4441,#4442,#4443,#4444));
#3013=EDGE_LOOP('',(#4445,#4446,#4447,#4448,#4449,#4450,#4451,#4452,#4453));
#3014=EDGE_LOOP('',(#4454,#4455,#4456,#4457));
#3015=EDGE_LOOP('',(#4458,#4459,#4460,#4461));
#3016=EDGE_LOOP('',(#4462,#4463,#4464,#4465,#4466,#4467,#4468,#4469,#4470,
#4471));
#3017=EDGE_LOOP('',(#4472,#4473,#4474,#4475));
#3018=EDGE_LOOP('',(#4476,#4477,#4478,#4479));
#3019=EDGE_LOOP('',(#4480,#4481,#4482,#4483));
#3020=EDGE_LOOP('',(#4484,#4485,#4486,#4487,#4488));
#3021=EDGE_LOOP('',(#4489,#4490,#4491,#4492,#4493,#4494,#4495,#4496));
#3022=EDGE_LOOP('',(#4497,#4498,#4499,#4500,#4501,#4502,#4503,#4504,#4505));
#3023=EDGE_LOOP('',(#4506,#4507,#4508,#4509));
#3024=EDGE_LOOP('',(#4510,#4511,#4512,#4513));
#3025=EDGE_LOOP('',(#4514,#4515,#4516,#4517,#4518,#4519,#4520,#4521,#4522,
#4523));
#3026=EDGE_LOOP('',(#4524,#4525,#4526,#4527));
#3027=EDGE_LOOP('',(#4528,#4529,#4530,#4531));
#3028=EDGE_LOOP('',(#4532,#4533,#4534,#4535));
#3029=EDGE_LOOP('',(#4536,#4537,#4538,#4539,#4540,#4541,#4542,#4543,#4544,
#4545,#4546,#4547,#4548,#4549,#4550,#4551,#4552,#4553,#4554,#4555,#4556,
#4557,#4558,#4559,#4560,#4561,#4562,#4563));
#3030=EDGE_LOOP('',(#4564,#4565,#4566,#4567));
#3031=EDGE_LOOP('',(#4568,#4569,#4570,#4571));
#3032=EDGE_LOOP('',(#4572,#4573,#4574,#4575));
#3033=EDGE_LOOP('',(#4576,#4577,#4578,#4579));
#3034=EDGE_LOOP('',(#4580,#4581,#4582,#4583,#4584));
#3035=EDGE_LOOP('',(#4585,#4586,#4587,#4588));
#3036=EDGE_LOOP('',(#4589,#4590,#4591,#4592,#4593));
#3037=EDGE_LOOP('',(#4594,#4595,#4596));
#3038=EDGE_LOOP('',(#4597,#4598,#4599,#4600));
#3039=EDGE_LOOP('',(#4601,#4602,#4603,#4604,#4605,#4606));
#3040=EDGE_LOOP('',(#4607,#4608,#4609,#4610));
#3041=EDGE_LOOP('',(#4611,#4612,#4613,#4614));
#3042=EDGE_LOOP('',(#4615,#4616,#4617,#4618));
#3043=EDGE_LOOP('',(#4619,#4620,#4621,#4622));
#3044=EDGE_LOOP('',(#4623,#4624,#4625,#4626));
#3045=EDGE_LOOP('',(#4627,#4628,#4629,#4630,#4631,#4632));
#3046=EDGE_LOOP('',(#4633,#4634,#4635,#4636));
#3047=EDGE_LOOP('',(#4637,#4638,#4639,#4640,#4641,#4642));
#3048=EDGE_LOOP('',(#4643,#4644,#4645,#4646,#4647));
#3049=EDGE_LOOP('',(#4648,#4649,#4650,#4651));
#3050=EDGE_LOOP('',(#4652,#4653,#4654,#4655,#4656));
#3051=EDGE_LOOP('',(#4657,#4658,#4659,#4660,#4661,#4662,#4663,#4664,#4665,
#4666));
#3052=EDGE_LOOP('',(#4667,#4668,#4669,#4670));
#3053=EDGE_LOOP('',(#4671,#4672,#4673,#4674));
#3054=EDGE_LOOP('',(#4675,#4676,#4677,#4678));
#3055=EDGE_LOOP('',(#4679,#4680,#4681,#4682));
#3056=EDGE_LOOP('',(#4683,#4684,#4685,#4686));
#3057=EDGE_LOOP('',(#4687,#4688,#4689,#4690,#4691,#4692));
#3058=EDGE_LOOP('',(#4693,#4694,#4695,#4696));
#3059=EDGE_LOOP('',(#4697,#4698,#4699,#4700));
#3060=EDGE_LOOP('',(#4701,#4702,#4703,#4704));
#3061=EDGE_LOOP('',(#4705,#4706,#4707,#4708));
#3062=EDGE_LOOP('',(#4709,#4710,#4711,#4712));
#3063=EDGE_LOOP('',(#4713,#4714,#4715));
#3064=EDGE_LOOP('',(#4716,#4717,#4718,#4719));
#3065=EDGE_LOOP('',(#4720,#4721,#4722,#4723,#4724,#4725,#4726,#4727,#4728,
#4729,#4730,#4731,#4732,#4733,#4734,#4735,#4736,#4737,#4738,#4739,#4740,
#4741,#4742,#4743,#4744,#4745,#4746,#4747,#4748,#4749));
#3066=EDGE_LOOP('',(#4750,#4751,#4752,#4753,#4754,#4755));
#3067=EDGE_LOOP('',(#4756,#4757,#4758,#4759));
#3068=EDGE_LOOP('',(#4760,#4761,#4762,#4763));
#3069=EDGE_LOOP('',(#4764,#4765,#4766,#4767,#4768));
#3070=EDGE_LOOP('',(#4769,#4770,#4771,#4772,#4773,#4774,#4775,#4776,#4777,
#4778,#4779));
#3071=EDGE_LOOP('',(#4780,#4781,#4782,#4783,#4784,#4785,#4786,#4787));
#3072=EDGE_LOOP('',(#4788,#4789,#4790,#4791));
#3073=EDGE_LOOP('',(#4792,#4793,#4794,#4795,#4796,#4797,#4798,#4799,#4800,
#4801));
#3074=EDGE_LOOP('',(#4802,#4803,#4804,#4805));
#3075=EDGE_LOOP('',(#4806,#4807,#4808,#4809));
#3076=EDGE_LOOP('',(#4810,#4811,#4812,#4813,#4814,#4815,#4816,#4817,#4818));
#3077=EDGE_LOOP('',(#4819,#4820,#4821,#4822));
#3078=EDGE_LOOP('',(#4823,#4824,#4825,#4826));
#3079=EDGE_LOOP('',(#4827,#4828,#4829,#4830));
#3080=EDGE_LOOP('',(#4831,#4832,#4833,#4834));
#3081=EDGE_LOOP('',(#4835,#4836,#4837,#4838,#4839,#4840,#4841,#4842));
#3082=EDGE_LOOP('',(#4843,#4844,#4845,#4846));
#3083=EDGE_LOOP('',(#4847,#4848,#4849,#4850));
#3084=EDGE_LOOP('',(#4851,#4852,#4853,#4854));
#3085=EDGE_LOOP('',(#4855,#4856,#4857,#4858,#4859,#4860,#4861,#4862));
#3086=EDGE_LOOP('',(#4863,#4864,#4865,#4866));
#3087=EDGE_LOOP('',(#4867,#4868,#4869,#4870));
#3088=EDGE_LOOP('',(#4871,#4872,#4873,#4874));
#3089=EDGE_LOOP('',(#4875,#4876,#4877,#4878));
#3090=EDGE_LOOP('',(#4879,#4880,#4881,#4882));
#3091=EDGE_LOOP('',(#4883,#4884,#4885,#4886));
#3092=EDGE_LOOP('',(#4887,#4888,#4889,#4890));
#3093=EDGE_LOOP('',(#4891,#4892,#4893,#4894));
#3094=EDGE_LOOP('',(#4895,#4896,#4897,#4898));
#3095=EDGE_LOOP('',(#4899,#4900,#4901,#4902));
#3096=EDGE_LOOP('',(#4903,#4904,#4905,#4906));
#3097=EDGE_LOOP('',(#4907,#4908,#4909,#4910));
#3098=EDGE_LOOP('',(#4911,#4912,#4913,#4914));
#3099=EDGE_LOOP('',(#4915,#4916,#4917,#4918));
#3100=EDGE_LOOP('',(#4919,#4920,#4921,#4922));
#3101=EDGE_LOOP('',(#4923,#4924,#4925,#4926));
#3102=EDGE_LOOP('',(#4927,#4928,#4929,#4930));
#3103=EDGE_LOOP('',(#4931,#4932,#4933,#4934));
#3104=EDGE_LOOP('',(#4935,#4936,#4937,#4938));
#3105=EDGE_LOOP('',(#4939,#4940,#4941,#4942));
#3106=EDGE_LOOP('',(#4943,#4944,#4945,#4946));
#3107=EDGE_LOOP('',(#4947,#4948,#4949,#4950));
#3108=EDGE_LOOP('',(#4951,#4952,#4953,#4954));
#3109=EDGE_LOOP('',(#4955,#4956,#4957,#4958));
#3110=EDGE_LOOP('',(#4959,#4960,#4961,#4962));
#3111=EDGE_LOOP('',(#4963,#4964,#4965,#4966));
#3112=EDGE_LOOP('',(#4967,#4968,#4969,#4970));
#3113=EDGE_LOOP('',(#4971,#4972,#4973,#4974));
#3114=EDGE_LOOP('',(#4975,#4976,#4977,#4978));
#3115=EDGE_LOOP('',(#4979,#4980,#4981,#4982));
#3116=EDGE_LOOP('',(#4983,#4984,#4985,#4986));
#3117=EDGE_LOOP('',(#4987,#4988,#4989,#4990));
#3118=EDGE_LOOP('',(#4991,#4992,#4993,#4994));
#3119=EDGE_LOOP('',(#4995,#4996,#4997,#4998));
#3120=EDGE_LOOP('',(#4999,#5000,#5001,#5002));
#3121=EDGE_LOOP('',(#5003,#5004,#5005,#5006));
#3122=EDGE_LOOP('',(#5007,#5008,#5009,#5010));
#3123=EDGE_LOOP('',(#5011,#5012,#5013,#5014));
#3124=EDGE_LOOP('',(#5015,#5016,#5017,#5018));
#3125=EDGE_LOOP('',(#5019,#5020,#5021,#5022));
#3126=EDGE_LOOP('',(#5023,#5024,#5025,#5026));
#3127=EDGE_LOOP('',(#5027,#5028,#5029,#5030));
#3128=EDGE_LOOP('',(#5031,#5032,#5033,#5034));
#3129=EDGE_LOOP('',(#5035,#5036,#5037,#5038));
#3130=EDGE_LOOP('',(#5039,#5040,#5041,#5042));
#3131=EDGE_LOOP('',(#5043,#5044,#5045,#5046));
#3132=EDGE_LOOP('',(#5047,#5048,#5049,#5050));
#3133=EDGE_LOOP('',(#5051,#5052,#5053,#5054));
#3134=EDGE_LOOP('',(#5055,#5056,#5057));
#3135=EDGE_LOOP('',(#5058,#5059,#5060));
#3136=EDGE_LOOP('',(#5061,#5062,#5063));
#3137=EDGE_LOOP('',(#5064,#5065,#5066));
#3138=EDGE_LOOP('',(#5067,#5068,#5069));
#3139=EDGE_LOOP('',(#5070,#5071,#5072));
#3140=EDGE_LOOP('',(#5073,#5074,#5075));
#3141=EDGE_LOOP('',(#5076,#5077,#5078,#5079,#5080,#5081,#5082,#5083,#5084,
#5085,#5086,#5087,#5088,#5089,#5090,#5091,#5092,#5093,#5094,#5095));
#3142=EDGE_LOOP('',(#5096,#5097,#5098));
#3143=EDGE_LOOP('',(#5099,#5100,#5101,#5102));
#3144=EDGE_LOOP('',(#5103,#5104,#5105,#5106));
#3145=EDGE_LOOP('',(#5107,#5108,#5109,#5110));
#3146=EDGE_LOOP('',(#5111,#5112,#5113,#5114));
#3147=EDGE_LOOP('',(#5115,#5116,#5117,#5118));
#3148=EDGE_LOOP('',(#5119,#5120,#5121,#5122));
#3149=EDGE_LOOP('',(#5123,#5124,#5125));
#3150=EDGE_LOOP('',(#5126,#5127,#5128,#5129));
#3151=EDGE_LOOP('',(#5130,#5131,#5132,#5133));
#3152=EDGE_LOOP('',(#5134,#5135,#5136,#5137));
#3153=EDGE_LOOP('',(#5138,#5139,#5140,#5141));
#3154=EDGE_LOOP('',(#5142,#5143,#5144));
#3155=EDGE_LOOP('',(#5145,#5146,#5147,#5148,#5149));
#3156=EDGE_LOOP('',(#5150,#5151,#5152,#5153));
#3157=EDGE_LOOP('',(#5154,#5155,#5156,#5157,#5158));
#3158=EDGE_LOOP('',(#5159,#5160,#5161,#5162));
#3159=EDGE_LOOP('',(#5163,#5164,#5165,#5166,#5167));
#3160=EDGE_LOOP('',(#5168,#5169,#5170,#5171));
#3161=EDGE_LOOP('',(#5172,#5173,#5174,#5175));
#3162=EDGE_LOOP('',(#5176,#5177,#5178,#5179));
#3163=EDGE_LOOP('',(#5180,#5181,#5182,#5183,#5184));
#3164=EDGE_LOOP('',(#5185,#5186,#5187,#5188));
#3165=EDGE_LOOP('',(#5189,#5190,#5191,#5192,#5193));
#3166=EDGE_LOOP('',(#5194,#5195,#5196,#5197));
#3167=EDGE_LOOP('',(#5198,#5199,#5200,#5201));
#3168=EDGE_LOOP('',(#5202,#5203,#5204,#5205,#5206));
#3169=EDGE_LOOP('',(#5207,#5208,#5209,#5210));
#3170=EDGE_LOOP('',(#5211,#5212,#5213,#5214));
#3171=EDGE_LOOP('',(#5215,#5216,#5217,#5218));
#3172=EDGE_LOOP('',(#5219,#5220,#5221,#5222));
#3173=EDGE_LOOP('',(#5223,#5224,#5225,#5226));
#3174=EDGE_LOOP('',(#5227,#5228,#5229,#5230,#5231,#5232));
#3175=EDGE_LOOP('',(#5233,#5234,#5235,#5236));
#3176=EDGE_LOOP('',(#5237,#5238,#5239,#5240));
#3177=EDGE_LOOP('',(#5241,#5242,#5243,#5244,#5245,#5246));
#3178=EDGE_LOOP('',(#5247,#5248,#5249,#5250));
#3179=EDGE_LOOP('',(#5251,#5252,#5253,#5254));
#3180=EDGE_LOOP('',(#5255,#5256,#5257,#5258));
#3181=EDGE_LOOP('',(#5259,#5260,#5261,#5262));
#3182=EDGE_LOOP('',(#5263,#5264,#5265,#5266,#5267,#5268));
#3183=EDGE_LOOP('',(#5269,#5270,#5271,#5272,#5273,#5274));
#3184=EDGE_LOOP('',(#5275,#5276,#5277));
#3185=EDGE_LOOP('',(#5278,#5279,#5280,#5281,#5282,#5283));
#3186=EDGE_LOOP('',(#5284,#5285,#5286));
#3187=EDGE_LOOP('',(#5287,#5288,#5289,#5290,#5291,#5292));
#3188=EDGE_LOOP('',(#5293,#5294,#5295,#5296));
#3189=EDGE_LOOP('',(#5297,#5298,#5299,#5300,#5301,#5302));
#3190=EDGE_LOOP('',(#5303,#5304,#5305,#5306,#5307,#5308));
#3191=EDGE_LOOP('',(#5309,#5310,#5311,#5312,#5313));
#3192=EDGE_LOOP('',(#5314,#5315,#5316,#5317));
#3193=EDGE_LOOP('',(#5318,#5319,#5320,#5321));
#3194=EDGE_LOOP('',(#5322,#5323,#5324,#5325,#5326));
#3195=EDGE_LOOP('',(#5327));
#3196=EDGE_LOOP('',(#5328));
#3197=EDGE_LOOP('',(#5329,#5330,#5331,#5332,#5333,#5334,#5335,#5336,#5337,
#5338,#5339,#5340));
#3198=EDGE_LOOP('',(#5341,#5342,#5343,#5344,#5345,#5346,#5347,#5348,#5349,
#5350,#5351,#5352));
#3199=EDGE_LOOP('',(#5353));
#3200=EDGE_LOOP('',(#5354,#5355,#5356,#5357,#5358,#5359,#5360,#5361,#5362,
#5363,#5364,#5365));
#3201=EDGE_LOOP('',(#5366));
#3202=EDGE_LOOP('',(#5367));
#3203=EDGE_LOOP('',(#5368));
#3204=EDGE_LOOP('',(#5369,#5370,#5371));
#3205=EDGE_LOOP('',(#5372,#5373,#5374));
#3206=EDGE_LOOP('',(#5375,#5376,#5377,#5378));
#3207=EDGE_LOOP('',(#5379));
#3208=EDGE_LOOP('',(#5380));
#3209=EDGE_LOOP('',(#5381));
#3210=EDGE_LOOP('',(#5382));
#3211=EDGE_LOOP('',(#5383));
#3212=EDGE_LOOP('',(#5384));
#3213=EDGE_LOOP('',(#5385));
#3214=EDGE_LOOP('',(#5386));
#3215=EDGE_LOOP('',(#5387));
#3216=EDGE_LOOP('',(#5388));
#3217=EDGE_LOOP('',(#5389));
#3218=EDGE_LOOP('',(#5390));
#3219=EDGE_LOOP('',(#5391));
#3220=EDGE_LOOP('',(#5392));
#3221=EDGE_LOOP('',(#5393));
#3222=EDGE_LOOP('',(#5394));
#3223=EDGE_LOOP('',(#5395));
#3224=EDGE_LOOP('',(#5396));
#3225=EDGE_LOOP('',(#5397));
#3226=EDGE_LOOP('',(#5398));
#3227=EDGE_LOOP('',(#5399));
#3228=EDGE_LOOP('',(#5400));
#3229=EDGE_LOOP('',(#5401));
#3230=EDGE_LOOP('',(#5402));
#3231=EDGE_LOOP('',(#5403));
#3232=EDGE_LOOP('',(#5404));
#3233=EDGE_LOOP('',(#5405));
#3234=EDGE_LOOP('',(#5406));
#3235=EDGE_LOOP('',(#5407));
#3236=EDGE_LOOP('',(#5408));
#3237=EDGE_LOOP('',(#5409));
#3238=EDGE_LOOP('',(#5410));
#3239=EDGE_LOOP('',(#5411));
#3240=EDGE_LOOP('',(#5412));
#3241=EDGE_LOOP('',(#5413));
#3242=EDGE_LOOP('',(#5414));
#3243=EDGE_LOOP('',(#5415));
#3244=EDGE_LOOP('',(#5416));
#3245=EDGE_LOOP('',(#5417));
#3246=EDGE_LOOP('',(#5418));
#3247=ORIENTED_EDGE('',*,*,#6143,.T.);
#3248=ORIENTED_EDGE('',*,*,#6144,.T.);
#3249=ORIENTED_EDGE('',*,*,#6145,.T.);
#3250=ORIENTED_EDGE('',*,*,#6146,.T.);
#3251=ORIENTED_EDGE('',*,*,#6147,.F.);
#3252=ORIENTED_EDGE('',*,*,#6148,.T.);
#3253=ORIENTED_EDGE('',*,*,#6149,.T.);
#3254=ORIENTED_EDGE('',*,*,#6150,.T.);
#3255=ORIENTED_EDGE('',*,*,#6151,.F.);
#3256=ORIENTED_EDGE('',*,*,#6152,.T.);
#3257=ORIENTED_EDGE('',*,*,#6153,.T.);
#3258=ORIENTED_EDGE('',*,*,#6154,.T.);
#3259=ORIENTED_EDGE('',*,*,#6155,.F.);
#3260=ORIENTED_EDGE('',*,*,#6156,.T.);
#3261=ORIENTED_EDGE('',*,*,#6157,.F.);
#3262=ORIENTED_EDGE('',*,*,#6158,.F.);
#3263=ORIENTED_EDGE('',*,*,#6159,.F.);
#3264=ORIENTED_EDGE('',*,*,#6160,.T.);
#3265=ORIENTED_EDGE('',*,*,#6161,.T.);
#3266=ORIENTED_EDGE('',*,*,#6162,.T.);
#3267=ORIENTED_EDGE('',*,*,#6163,.T.);
#3268=ORIENTED_EDGE('',*,*,#6164,.F.);
#3269=ORIENTED_EDGE('',*,*,#6165,.F.);
#3270=ORIENTED_EDGE('',*,*,#6166,.T.);
#3271=ORIENTED_EDGE('',*,*,#6167,.F.);
#3272=ORIENTED_EDGE('',*,*,#6168,.T.);
#3273=ORIENTED_EDGE('',*,*,#6169,.T.);
#3274=ORIENTED_EDGE('',*,*,#6170,.F.);
#3275=ORIENTED_EDGE('',*,*,#6171,.F.);
#3276=ORIENTED_EDGE('',*,*,#6172,.F.);
#3277=ORIENTED_EDGE('',*,*,#6173,.T.);
#3278=ORIENTED_EDGE('',*,*,#6174,.T.);
#3279=ORIENTED_EDGE('',*,*,#6175,.T.);
#3280=ORIENTED_EDGE('',*,*,#6176,.T.);
#3281=ORIENTED_EDGE('',*,*,#6177,.T.);
#3282=ORIENTED_EDGE('',*,*,#6178,.T.);
#3283=ORIENTED_EDGE('',*,*,#6179,.T.);
#3284=ORIENTED_EDGE('',*,*,#6180,.T.);
#3285=ORIENTED_EDGE('',*,*,#6181,.F.);
#3286=ORIENTED_EDGE('',*,*,#6182,.T.);
#3287=ORIENTED_EDGE('',*,*,#6183,.T.);
#3288=ORIENTED_EDGE('',*,*,#6184,.T.);
#3289=ORIENTED_EDGE('',*,*,#6185,.T.);
#3290=ORIENTED_EDGE('',*,*,#6186,.F.);
#3291=ORIENTED_EDGE('',*,*,#6187,.F.);
#3292=ORIENTED_EDGE('',*,*,#6188,.F.);
#3293=ORIENTED_EDGE('',*,*,#6189,.T.);
#3294=ORIENTED_EDGE('',*,*,#6190,.T.);
#3295=ORIENTED_EDGE('',*,*,#6191,.T.);
#3296=ORIENTED_EDGE('',*,*,#6192,.F.);
#3297=ORIENTED_EDGE('',*,*,#6193,.F.);
#3298=ORIENTED_EDGE('',*,*,#6194,.F.);
#3299=ORIENTED_EDGE('',*,*,#6195,.T.);
#3300=ORIENTED_EDGE('',*,*,#6196,.T.);
#3301=ORIENTED_EDGE('',*,*,#6197,.T.);
#3302=ORIENTED_EDGE('',*,*,#6198,.T.);
#3303=ORIENTED_EDGE('',*,*,#6181,.T.);
#3304=ORIENTED_EDGE('',*,*,#6199,.T.);
#3305=ORIENTED_EDGE('',*,*,#6200,.T.);
#3306=ORIENTED_EDGE('',*,*,#6201,.T.);
#3307=ORIENTED_EDGE('',*,*,#6202,.F.);
#3308=ORIENTED_EDGE('',*,*,#6203,.T.);
#3309=ORIENTED_EDGE('',*,*,#6204,.F.);
#3310=ORIENTED_EDGE('',*,*,#6205,.T.);
#3311=ORIENTED_EDGE('',*,*,#6206,.F.);
#3312=ORIENTED_EDGE('',*,*,#6207,.F.);
#3313=ORIENTED_EDGE('',*,*,#6208,.T.);
#3314=ORIENTED_EDGE('',*,*,#6209,.F.);
#3315=ORIENTED_EDGE('',*,*,#6210,.T.);
#3316=ORIENTED_EDGE('',*,*,#6211,.F.);
#3317=ORIENTED_EDGE('',*,*,#6212,.T.);
#3318=ORIENTED_EDGE('',*,*,#6213,.F.);
#3319=ORIENTED_EDGE('',*,*,#6214,.T.);
#3320=ORIENTED_EDGE('',*,*,#6215,.F.);
#3321=ORIENTED_EDGE('',*,*,#6216,.F.);
#3322=ORIENTED_EDGE('',*,*,#6217,.T.);
#3323=ORIENTED_EDGE('',*,*,#6218,.F.);
#3324=ORIENTED_EDGE('',*,*,#6171,.T.);
#3325=ORIENTED_EDGE('',*,*,#6219,.F.);
#3326=ORIENTED_EDGE('',*,*,#6220,.T.);
#3327=ORIENTED_EDGE('',*,*,#6221,.T.);
#3328=ORIENTED_EDGE('',*,*,#6222,.F.);
#3329=ORIENTED_EDGE('',*,*,#6223,.T.);
#3330=ORIENTED_EDGE('',*,*,#6224,.F.);
#3331=ORIENTED_EDGE('',*,*,#6225,.T.);
#3332=ORIENTED_EDGE('',*,*,#6226,.F.);
#3333=ORIENTED_EDGE('',*,*,#6227,.F.);
#3334=ORIENTED_EDGE('',*,*,#6228,.F.);
#3335=ORIENTED_EDGE('',*,*,#6229,.T.);
#3336=ORIENTED_EDGE('',*,*,#6230,.F.);
#3337=ORIENTED_EDGE('',*,*,#6193,.T.);
#3338=ORIENTED_EDGE('',*,*,#6231,.F.);
#3339=ORIENTED_EDGE('',*,*,#6232,.T.);
#3340=ORIENTED_EDGE('',*,*,#6233,.T.);
#3341=ORIENTED_EDGE('',*,*,#6234,.F.);
#3342=ORIENTED_EDGE('',*,*,#6235,.T.);
#3343=ORIENTED_EDGE('',*,*,#6236,.F.);
#3344=ORIENTED_EDGE('',*,*,#6237,.T.);
#3345=ORIENTED_EDGE('',*,*,#6238,.F.);
#3346=ORIENTED_EDGE('',*,*,#6239,.F.);
#3347=ORIENTED_EDGE('',*,*,#6240,.F.);
#3348=ORIENTED_EDGE('',*,*,#6241,.T.);
#3349=ORIENTED_EDGE('',*,*,#6242,.F.);
#3350=ORIENTED_EDGE('',*,*,#6187,.T.);
#3351=ORIENTED_EDGE('',*,*,#6243,.F.);
#3352=ORIENTED_EDGE('',*,*,#6244,.T.);
#3353=ORIENTED_EDGE('',*,*,#6245,.T.);
#3354=ORIENTED_EDGE('',*,*,#6246,.F.);
#3355=ORIENTED_EDGE('',*,*,#6153,.F.);
#3356=ORIENTED_EDGE('',*,*,#6247,.F.);
#3357=ORIENTED_EDGE('',*,*,#6248,.T.);
#3358=ORIENTED_EDGE('',*,*,#6249,.F.);
#3359=ORIENTED_EDGE('',*,*,#6250,.F.);
#3360=ORIENTED_EDGE('',*,*,#6251,.T.);
#3361=ORIENTED_EDGE('',*,*,#6252,.F.);
#3362=ORIENTED_EDGE('',*,*,#6149,.F.);
#3363=ORIENTED_EDGE('',*,*,#6253,.F.);
#3364=ORIENTED_EDGE('',*,*,#6254,.T.);
#3365=ORIENTED_EDGE('',*,*,#6255,.F.);
#3366=ORIENTED_EDGE('',*,*,#6256,.F.);
#3367=ORIENTED_EDGE('',*,*,#6257,.T.);
#3368=ORIENTED_EDGE('',*,*,#6258,.F.);
#3369=ORIENTED_EDGE('',*,*,#6145,.F.);
#3370=ORIENTED_EDGE('',*,*,#6259,.F.);
#3371=ORIENTED_EDGE('',*,*,#6260,.T.);
#3372=ORIENTED_EDGE('',*,*,#6261,.F.);
#3373=ORIENTED_EDGE('',*,*,#6143,.F.);
#3374=ORIENTED_EDGE('',*,*,#6262,.T.);
#3375=ORIENTED_EDGE('',*,*,#6263,.T.);
#3376=ORIENTED_EDGE('',*,*,#6264,.T.);
#3377=ORIENTED_EDGE('',*,*,#6265,.T.);
#3378=ORIENTED_EDGE('',*,*,#6266,.F.);
#3379=ORIENTED_EDGE('',*,*,#6267,.T.);
#3380=ORIENTED_EDGE('',*,*,#6268,.F.);
#3381=ORIENTED_EDGE('',*,*,#6269,.F.);
#3382=ORIENTED_EDGE('',*,*,#6270,.F.);
#3383=ORIENTED_EDGE('',*,*,#6271,.F.);
#3384=ORIENTED_EDGE('',*,*,#6272,.F.);
#3385=ORIENTED_EDGE('',*,*,#6273,.T.);
#3386=ORIENTED_EDGE('',*,*,#6274,.F.);
#3387=ORIENTED_EDGE('',*,*,#6275,.T.);
#3388=ORIENTED_EDGE('',*,*,#6276,.F.);
#3389=ORIENTED_EDGE('',*,*,#6277,.F.);
#3390=ORIENTED_EDGE('',*,*,#6278,.T.);
#3391=ORIENTED_EDGE('',*,*,#6279,.T.);
#3392=ORIENTED_EDGE('',*,*,#6280,.T.);
#3393=ORIENTED_EDGE('',*,*,#6281,.T.);
#3394=ORIENTED_EDGE('',*,*,#6282,.F.);
#3395=ORIENTED_EDGE('',*,*,#6283,.T.);
#3396=ORIENTED_EDGE('',*,*,#6284,.T.);
#3397=ORIENTED_EDGE('',*,*,#6285,.T.);
#3398=ORIENTED_EDGE('',*,*,#6286,.T.);
#3399=ORIENTED_EDGE('',*,*,#6287,.F.);
#3400=ORIENTED_EDGE('',*,*,#6288,.F.);
#3401=ORIENTED_EDGE('',*,*,#6289,.F.);
#3402=ORIENTED_EDGE('',*,*,#6290,.T.);
#3403=ORIENTED_EDGE('',*,*,#6291,.T.);
#3404=ORIENTED_EDGE('',*,*,#6161,.F.);
#3405=ORIENTED_EDGE('',*,*,#6292,.T.);
#3406=ORIENTED_EDGE('',*,*,#6293,.F.);
#3407=ORIENTED_EDGE('',*,*,#6294,.F.);
#3408=ORIENTED_EDGE('',*,*,#6295,.F.);
#3409=ORIENTED_EDGE('',*,*,#6296,.T.);
#3410=ORIENTED_EDGE('',*,*,#6297,.T.);
#3411=ORIENTED_EDGE('',*,*,#6298,.T.);
#3412=ORIENTED_EDGE('',*,*,#6299,.T.);
#3413=ORIENTED_EDGE('',*,*,#6300,.T.);
#3414=ORIENTED_EDGE('',*,*,#6301,.T.);
#3415=ORIENTED_EDGE('',*,*,#6302,.F.);
#3416=ORIENTED_EDGE('',*,*,#6278,.F.);
#3417=ORIENTED_EDGE('',*,*,#6303,.F.);
#3418=ORIENTED_EDGE('',*,*,#6304,.F.);
#3419=ORIENTED_EDGE('',*,*,#6305,.F.);
#3420=ORIENTED_EDGE('',*,*,#6306,.T.);
#3421=ORIENTED_EDGE('',*,*,#6307,.T.);
#3422=ORIENTED_EDGE('',*,*,#6308,.T.);
#3423=ORIENTED_EDGE('',*,*,#6301,.F.);
#3424=ORIENTED_EDGE('',*,*,#6309,.F.);
#3425=ORIENTED_EDGE('',*,*,#6280,.F.);
#3426=ORIENTED_EDGE('',*,*,#6310,.T.);
#3427=ORIENTED_EDGE('',*,*,#6311,.T.);
#3428=ORIENTED_EDGE('',*,*,#6312,.F.);
#3429=ORIENTED_EDGE('',*,*,#6313,.F.);
#3430=ORIENTED_EDGE('',*,*,#6314,.F.);
#3431=ORIENTED_EDGE('',*,*,#6315,.T.);
#3432=ORIENTED_EDGE('',*,*,#6316,.F.);
#3433=ORIENTED_EDGE('',*,*,#6317,.F.);
#3434=ORIENTED_EDGE('',*,*,#6318,.F.);
#3435=ORIENTED_EDGE('',*,*,#6319,.F.);
#3436=ORIENTED_EDGE('',*,*,#6320,.T.);
#3437=ORIENTED_EDGE('',*,*,#6321,.F.);
#3438=ORIENTED_EDGE('',*,*,#6322,.T.);
#3439=ORIENTED_EDGE('',*,*,#6323,.T.);
#3440=ORIENTED_EDGE('',*,*,#6324,.T.);
#3441=ORIENTED_EDGE('',*,*,#6325,.T.);
#3442=ORIENTED_EDGE('',*,*,#6326,.T.);
#3443=ORIENTED_EDGE('',*,*,#6327,.T.);
#3444=ORIENTED_EDGE('',*,*,#6315,.F.);
#3445=ORIENTED_EDGE('',*,*,#6328,.T.);
#3446=ORIENTED_EDGE('',*,*,#6329,.T.);
#3447=ORIENTED_EDGE('',*,*,#6330,.F.);
#3448=ORIENTED_EDGE('',*,*,#6331,.T.);
#3449=ORIENTED_EDGE('',*,*,#6332,.T.);
#3450=ORIENTED_EDGE('',*,*,#6327,.F.);
#3451=ORIENTED_EDGE('',*,*,#6333,.F.);
#3452=ORIENTED_EDGE('',*,*,#6329,.F.);
#3453=ORIENTED_EDGE('',*,*,#6334,.T.);
#3454=ORIENTED_EDGE('',*,*,#6335,.T.);
#3455=ORIENTED_EDGE('',*,*,#6336,.F.);
#3456=ORIENTED_EDGE('',*,*,#6337,.F.);
#3457=ORIENTED_EDGE('',*,*,#6338,.F.);
#3458=ORIENTED_EDGE('',*,*,#6261,.T.);
#3459=ORIENTED_EDGE('',*,*,#6339,.F.);
#3460=ORIENTED_EDGE('',*,*,#6340,.F.);
#3461=ORIENTED_EDGE('',*,*,#6341,.F.);
#3462=ORIENTED_EDGE('',*,*,#6255,.T.);
#3463=ORIENTED_EDGE('',*,*,#6342,.F.);
#3464=ORIENTED_EDGE('',*,*,#6343,.F.);
#3465=ORIENTED_EDGE('',*,*,#6344,.F.);
#3466=ORIENTED_EDGE('',*,*,#6249,.T.);
#3467=ORIENTED_EDGE('',*,*,#6345,.F.);
#3468=ORIENTED_EDGE('',*,*,#6346,.F.);
#3469=ORIENTED_EDGE('',*,*,#6347,.T.);
#3470=ORIENTED_EDGE('',*,*,#6348,.T.);
#3471=ORIENTED_EDGE('',*,*,#6309,.T.);
#3472=ORIENTED_EDGE('',*,*,#6300,.F.);
#3473=ORIENTED_EDGE('',*,*,#6349,.T.);
#3474=ORIENTED_EDGE('',*,*,#6350,.F.);
#3475=ORIENTED_EDGE('',*,*,#6351,.T.);
#3476=ORIENTED_EDGE('',*,*,#6159,.T.);
#3477=ORIENTED_EDGE('',*,*,#6352,.T.);
#3478=ORIENTED_EDGE('',*,*,#6353,.T.);
#3479=ORIENTED_EDGE('',*,*,#6354,.F.);
#3480=ORIENTED_EDGE('',*,*,#6355,.F.);
#3481=ORIENTED_EDGE('',*,*,#6356,.F.);
#3482=ORIENTED_EDGE('',*,*,#6357,.F.);
#3483=ORIENTED_EDGE('',*,*,#6358,.F.);
#3484=ORIENTED_EDGE('',*,*,#6359,.F.);
#3485=ORIENTED_EDGE('',*,*,#6360,.T.);
#3486=ORIENTED_EDGE('',*,*,#6361,.F.);
#3487=ORIENTED_EDGE('',*,*,#6362,.T.);
#3488=ORIENTED_EDGE('',*,*,#6363,.F.);
#3489=ORIENTED_EDGE('',*,*,#6364,.F.);
#3490=ORIENTED_EDGE('',*,*,#6365,.F.);
#3491=ORIENTED_EDGE('',*,*,#6366,.T.);
#3492=ORIENTED_EDGE('',*,*,#6367,.T.);
#3493=ORIENTED_EDGE('',*,*,#6368,.F.);
#3494=ORIENTED_EDGE('',*,*,#6369,.F.);
#3495=ORIENTED_EDGE('',*,*,#6370,.T.);
#3496=ORIENTED_EDGE('',*,*,#6371,.T.);
#3497=ORIENTED_EDGE('',*,*,#6372,.F.);
#3498=ORIENTED_EDGE('',*,*,#6373,.T.);
#3499=ORIENTED_EDGE('',*,*,#6374,.F.);
#3500=ORIENTED_EDGE('',*,*,#6375,.F.);
#3501=ORIENTED_EDGE('',*,*,#6316,.T.);
#3502=ORIENTED_EDGE('',*,*,#6330,.T.);
#3503=ORIENTED_EDGE('',*,*,#6376,.T.);
#3504=ORIENTED_EDGE('',*,*,#6377,.T.);
#3505=ORIENTED_EDGE('',*,*,#6378,.T.);
#3506=ORIENTED_EDGE('',*,*,#6379,.T.);
#3507=ORIENTED_EDGE('',*,*,#6380,.T.);
#3508=ORIENTED_EDGE('',*,*,#6381,.F.);
#3509=ORIENTED_EDGE('',*,*,#6382,.T.);
#3510=ORIENTED_EDGE('',*,*,#6333,.T.);
#3511=ORIENTED_EDGE('',*,*,#6326,.F.);
#3512=ORIENTED_EDGE('',*,*,#6383,.T.);
#3513=ORIENTED_EDGE('',*,*,#6384,.F.);
#3514=ORIENTED_EDGE('',*,*,#6385,.T.);
#3515=ORIENTED_EDGE('',*,*,#6386,.T.);
#3516=ORIENTED_EDGE('',*,*,#6163,.F.);
#3517=ORIENTED_EDGE('',*,*,#6387,.T.);
#3518=ORIENTED_EDGE('',*,*,#6388,.F.);
#3519=ORIENTED_EDGE('',*,*,#6389,.F.);
#3520=ORIENTED_EDGE('',*,*,#6390,.F.);
#3521=ORIENTED_EDGE('',*,*,#6352,.F.);
#3522=ORIENTED_EDGE('',*,*,#6158,.T.);
#3523=ORIENTED_EDGE('',*,*,#6201,.F.);
#3524=ORIENTED_EDGE('',*,*,#6346,.T.);
#3525=ORIENTED_EDGE('',*,*,#6233,.F.);
#3526=ORIENTED_EDGE('',*,*,#6343,.T.);
#3527=ORIENTED_EDGE('',*,*,#6221,.F.);
#3528=ORIENTED_EDGE('',*,*,#6340,.T.);
#3529=ORIENTED_EDGE('',*,*,#6208,.F.);
#3530=ORIENTED_EDGE('',*,*,#6214,.F.);
#3531=ORIENTED_EDGE('',*,*,#6164,.T.);
#3532=ORIENTED_EDGE('',*,*,#6386,.F.);
#3533=ORIENTED_EDGE('',*,*,#6391,.T.);
#3534=ORIENTED_EDGE('',*,*,#6372,.T.);
#3535=ORIENTED_EDGE('',*,*,#6392,.T.);
#3536=ORIENTED_EDGE('',*,*,#6393,.T.);
#3537=ORIENTED_EDGE('',*,*,#6394,.T.);
#3538=ORIENTED_EDGE('',*,*,#6395,.F.);
#3539=ORIENTED_EDGE('',*,*,#6396,.T.);
#3540=ORIENTED_EDGE('',*,*,#6397,.F.);
#3541=ORIENTED_EDGE('',*,*,#6398,.F.);
#3542=ORIENTED_EDGE('',*,*,#6399,.F.);
#3543=ORIENTED_EDGE('',*,*,#6398,.T.);
#3544=ORIENTED_EDGE('',*,*,#6400,.F.);
#3545=ORIENTED_EDGE('',*,*,#6401,.F.);
#3546=ORIENTED_EDGE('',*,*,#6402,.F.);
#3547=ORIENTED_EDGE('',*,*,#6403,.F.);
#3548=ORIENTED_EDGE('',*,*,#6404,.T.);
#3549=ORIENTED_EDGE('',*,*,#6405,.F.);
#3550=ORIENTED_EDGE('',*,*,#6406,.F.);
#3551=ORIENTED_EDGE('',*,*,#6407,.F.);
#3552=ORIENTED_EDGE('',*,*,#6406,.T.);
#3553=ORIENTED_EDGE('',*,*,#6408,.F.);
#3554=ORIENTED_EDGE('',*,*,#6409,.F.);
#3555=ORIENTED_EDGE('',*,*,#6410,.F.);
#3556=ORIENTED_EDGE('',*,*,#6409,.T.);
#3557=ORIENTED_EDGE('',*,*,#6411,.F.);
#3558=ORIENTED_EDGE('',*,*,#6412,.T.);
#3559=ORIENTED_EDGE('',*,*,#6413,.T.);
#3560=ORIENTED_EDGE('',*,*,#6414,.F.);
#3561=ORIENTED_EDGE('',*,*,#6415,.F.);
#3562=ORIENTED_EDGE('',*,*,#6416,.T.);
#3563=ORIENTED_EDGE('',*,*,#6417,.F.);
#3564=ORIENTED_EDGE('',*,*,#6418,.F.);
#3565=ORIENTED_EDGE('',*,*,#6419,.F.);
#3566=ORIENTED_EDGE('',*,*,#6418,.T.);
#3567=ORIENTED_EDGE('',*,*,#6420,.F.);
#3568=ORIENTED_EDGE('',*,*,#6421,.F.);
#3569=ORIENTED_EDGE('',*,*,#6422,.F.);
#3570=ORIENTED_EDGE('',*,*,#6421,.T.);
#3571=ORIENTED_EDGE('',*,*,#6423,.F.);
#3572=ORIENTED_EDGE('',*,*,#6424,.T.);
#3573=ORIENTED_EDGE('',*,*,#6425,.T.);
#3574=ORIENTED_EDGE('',*,*,#6413,.F.);
#3575=ORIENTED_EDGE('',*,*,#6426,.T.);
#3576=ORIENTED_EDGE('',*,*,#6415,.T.);
#3577=ORIENTED_EDGE('',*,*,#6427,.T.);
#3578=ORIENTED_EDGE('',*,*,#6428,.T.);
#3579=ORIENTED_EDGE('',*,*,#6429,.T.);
#3580=ORIENTED_EDGE('',*,*,#6403,.T.);
#3581=ORIENTED_EDGE('',*,*,#6430,.T.);
#3582=ORIENTED_EDGE('',*,*,#6431,.T.);
#3583=ORIENTED_EDGE('',*,*,#6432,.T.);
#3584=ORIENTED_EDGE('',*,*,#6433,.T.);
#3585=ORIENTED_EDGE('',*,*,#6434,.T.);
#3586=ORIENTED_EDGE('',*,*,#6435,.T.);
#3587=ORIENTED_EDGE('',*,*,#6436,.T.);
#3588=ORIENTED_EDGE('',*,*,#6437,.F.);
#3589=ORIENTED_EDGE('',*,*,#6438,.T.);
#3590=ORIENTED_EDGE('',*,*,#6439,.T.);
#3591=ORIENTED_EDGE('',*,*,#6336,.T.);
#3592=ORIENTED_EDGE('',*,*,#6440,.T.);
#3593=ORIENTED_EDGE('',*,*,#6441,.T.);
#3594=ORIENTED_EDGE('',*,*,#6442,.T.);
#3595=ORIENTED_EDGE('',*,*,#6443,.T.);
#3596=ORIENTED_EDGE('',*,*,#6444,.T.);
#3597=ORIENTED_EDGE('',*,*,#6445,.T.);
#3598=ORIENTED_EDGE('',*,*,#6446,.T.);
#3599=ORIENTED_EDGE('',*,*,#6447,.T.);
#3600=ORIENTED_EDGE('',*,*,#6448,.T.);
#3601=ORIENTED_EDGE('',*,*,#6449,.T.);
#3602=ORIENTED_EDGE('',*,*,#6450,.F.);
#3603=ORIENTED_EDGE('',*,*,#6451,.T.);
#3604=ORIENTED_EDGE('',*,*,#6312,.T.);
#3605=ORIENTED_EDGE('',*,*,#6452,.T.);
#3606=ORIENTED_EDGE('',*,*,#6453,.T.);
#3607=ORIENTED_EDGE('',*,*,#6454,.T.);
#3608=ORIENTED_EDGE('',*,*,#6455,.F.);
#3609=ORIENTED_EDGE('',*,*,#6456,.T.);
#3610=ORIENTED_EDGE('',*,*,#6457,.F.);
#3611=ORIENTED_EDGE('',*,*,#6458,.F.);
#3612=ORIENTED_EDGE('',*,*,#6459,.T.);
#3613=ORIENTED_EDGE('',*,*,#6460,.T.);
#3614=ORIENTED_EDGE('',*,*,#6461,.F.);
#3615=ORIENTED_EDGE('',*,*,#6462,.F.);
#3616=ORIENTED_EDGE('',*,*,#6463,.T.);
#3617=ORIENTED_EDGE('',*,*,#6464,.T.);
#3618=ORIENTED_EDGE('',*,*,#6465,.F.);
#3619=ORIENTED_EDGE('',*,*,#6466,.T.);
#3620=ORIENTED_EDGE('',*,*,#6467,.F.);
#3621=ORIENTED_EDGE('',*,*,#6468,.T.);
#3622=ORIENTED_EDGE('',*,*,#6469,.T.);
#3623=ORIENTED_EDGE('',*,*,#6470,.F.);
#3624=ORIENTED_EDGE('',*,*,#6471,.F.);
#3625=ORIENTED_EDGE('',*,*,#6472,.T.);
#3626=ORIENTED_EDGE('',*,*,#6473,.F.);
#3627=ORIENTED_EDGE('',*,*,#6474,.T.);
#3628=ORIENTED_EDGE('',*,*,#6475,.T.);
#3629=ORIENTED_EDGE('',*,*,#6476,.F.);
#3630=ORIENTED_EDGE('',*,*,#6477,.F.);
#3631=ORIENTED_EDGE('',*,*,#6478,.T.);
#3632=ORIENTED_EDGE('',*,*,#6430,.F.);
#3633=ORIENTED_EDGE('',*,*,#6402,.T.);
#3634=ORIENTED_EDGE('',*,*,#6407,.T.);
#3635=ORIENTED_EDGE('',*,*,#6410,.T.);
#3636=ORIENTED_EDGE('',*,*,#6427,.F.);
#3637=ORIENTED_EDGE('',*,*,#6414,.T.);
#3638=ORIENTED_EDGE('',*,*,#6419,.T.);
#3639=ORIENTED_EDGE('',*,*,#6422,.T.);
#3640=ORIENTED_EDGE('',*,*,#6479,.F.);
#3641=ORIENTED_EDGE('',*,*,#6480,.T.);
#3642=ORIENTED_EDGE('',*,*,#6481,.F.);
#3643=ORIENTED_EDGE('',*,*,#6482,.F.);
#3644=ORIENTED_EDGE('',*,*,#6483,.T.);
#3645=ORIENTED_EDGE('',*,*,#6484,.F.);
#3646=ORIENTED_EDGE('',*,*,#6485,.F.);
#3647=ORIENTED_EDGE('',*,*,#6486,.F.);
#3648=ORIENTED_EDGE('',*,*,#6487,.T.);
#3649=ORIENTED_EDGE('',*,*,#6488,.F.);
#3650=ORIENTED_EDGE('',*,*,#6489,.F.);
#3651=ORIENTED_EDGE('',*,*,#6490,.T.);
#3652=ORIENTED_EDGE('',*,*,#6491,.F.);
#3653=ORIENTED_EDGE('',*,*,#6492,.T.);
#3654=ORIENTED_EDGE('',*,*,#6493,.T.);
#3655=ORIENTED_EDGE('',*,*,#6494,.F.);
#3656=ORIENTED_EDGE('',*,*,#6495,.F.);
#3657=ORIENTED_EDGE('',*,*,#6496,.T.);
#3658=ORIENTED_EDGE('',*,*,#6497,.F.);
#3659=ORIENTED_EDGE('',*,*,#6498,.T.);
#3660=ORIENTED_EDGE('',*,*,#6499,.T.);
#3661=ORIENTED_EDGE('',*,*,#6500,.F.);
#3662=ORIENTED_EDGE('',*,*,#6501,.F.);
#3663=ORIENTED_EDGE('',*,*,#6502,.T.);
#3664=ORIENTED_EDGE('',*,*,#6503,.F.);
#3665=ORIENTED_EDGE('',*,*,#6504,.T.);
#3666=ORIENTED_EDGE('',*,*,#6505,.T.);
#3667=ORIENTED_EDGE('',*,*,#6506,.T.);
#3668=ORIENTED_EDGE('',*,*,#6507,.F.);
#3669=ORIENTED_EDGE('',*,*,#6508,.T.);
#3670=ORIENTED_EDGE('',*,*,#6509,.T.);
#3671=ORIENTED_EDGE('',*,*,#6510,.T.);
#3672=ORIENTED_EDGE('',*,*,#6511,.F.);
#3673=ORIENTED_EDGE('',*,*,#6512,.T.);
#3674=ORIENTED_EDGE('',*,*,#6513,.T.);
#3675=ORIENTED_EDGE('',*,*,#6514,.T.);
#3676=ORIENTED_EDGE('',*,*,#6515,.T.);
#3677=ORIENTED_EDGE('',*,*,#6516,.T.);
#3678=ORIENTED_EDGE('',*,*,#6517,.T.);
#3679=ORIENTED_EDGE('',*,*,#6518,.T.);
#3680=ORIENTED_EDGE('',*,*,#6519,.T.);
#3681=ORIENTED_EDGE('',*,*,#6520,.T.);
#3682=ORIENTED_EDGE('',*,*,#6521,.T.);
#3683=ORIENTED_EDGE('',*,*,#6522,.T.);
#3684=ORIENTED_EDGE('',*,*,#6523,.T.);
#3685=ORIENTED_EDGE('',*,*,#6524,.T.);
#3686=ORIENTED_EDGE('',*,*,#6525,.F.);
#3687=ORIENTED_EDGE('',*,*,#6526,.F.);
#3688=ORIENTED_EDGE('',*,*,#6527,.T.);
#3689=ORIENTED_EDGE('',*,*,#6528,.T.);
#3690=ORIENTED_EDGE('',*,*,#6529,.T.);
#3691=ORIENTED_EDGE('',*,*,#6530,.T.);
#3692=ORIENTED_EDGE('',*,*,#6531,.F.);
#3693=ORIENTED_EDGE('',*,*,#6532,.T.);
#3694=ORIENTED_EDGE('',*,*,#6533,.T.);
#3695=ORIENTED_EDGE('',*,*,#6534,.T.);
#3696=ORIENTED_EDGE('',*,*,#6535,.T.);
#3697=ORIENTED_EDGE('',*,*,#6536,.T.);
#3698=ORIENTED_EDGE('',*,*,#6537,.F.);
#3699=ORIENTED_EDGE('',*,*,#6538,.F.);
#3700=ORIENTED_EDGE('',*,*,#6539,.F.);
#3701=ORIENTED_EDGE('',*,*,#6540,.T.);
#3702=ORIENTED_EDGE('',*,*,#6541,.F.);
#3703=ORIENTED_EDGE('',*,*,#6542,.F.);
#3704=ORIENTED_EDGE('',*,*,#6543,.F.);
#3705=ORIENTED_EDGE('',*,*,#6544,.T.);
#3706=ORIENTED_EDGE('',*,*,#6545,.T.);
#3707=ORIENTED_EDGE('',*,*,#6546,.T.);
#3708=ORIENTED_EDGE('',*,*,#6423,.T.);
#3709=ORIENTED_EDGE('',*,*,#6420,.T.);
#3710=ORIENTED_EDGE('',*,*,#6417,.T.);
#3711=ORIENTED_EDGE('',*,*,#6547,.T.);
#3712=ORIENTED_EDGE('',*,*,#6411,.T.);
#3713=ORIENTED_EDGE('',*,*,#6408,.T.);
#3714=ORIENTED_EDGE('',*,*,#6405,.T.);
#3715=ORIENTED_EDGE('',*,*,#6548,.T.);
#3716=ORIENTED_EDGE('',*,*,#6549,.T.);
#3717=ORIENTED_EDGE('',*,*,#6550,.T.);
#3718=ORIENTED_EDGE('',*,*,#6551,.F.);
#3719=ORIENTED_EDGE('',*,*,#6552,.F.);
#3720=ORIENTED_EDGE('',*,*,#6553,.T.);
#3721=ORIENTED_EDGE('',*,*,#6554,.T.);
#3722=ORIENTED_EDGE('',*,*,#6555,.T.);
#3723=ORIENTED_EDGE('',*,*,#6556,.T.);
#3724=ORIENTED_EDGE('',*,*,#6557,.F.);
#3725=ORIENTED_EDGE('',*,*,#6558,.T.);
#3726=ORIENTED_EDGE('',*,*,#6559,.T.);
#3727=ORIENTED_EDGE('',*,*,#6560,.T.);
#3728=ORIENTED_EDGE('',*,*,#6561,.T.);
#3729=ORIENTED_EDGE('',*,*,#6562,.T.);
#3730=ORIENTED_EDGE('',*,*,#6563,.F.);
#3731=ORIENTED_EDGE('',*,*,#6564,.F.);
#3732=ORIENTED_EDGE('',*,*,#6565,.F.);
#3733=ORIENTED_EDGE('',*,*,#6566,.T.);
#3734=ORIENTED_EDGE('',*,*,#6567,.F.);
#3735=ORIENTED_EDGE('',*,*,#6568,.F.);
#3736=ORIENTED_EDGE('',*,*,#6569,.T.);
#3737=ORIENTED_EDGE('',*,*,#6570,.F.);
#3738=ORIENTED_EDGE('',*,*,#6571,.F.);
#3739=ORIENTED_EDGE('',*,*,#6572,.F.);
#3740=ORIENTED_EDGE('',*,*,#6573,.T.);
#3741=ORIENTED_EDGE('',*,*,#6574,.T.);
#3742=ORIENTED_EDGE('',*,*,#6575,.T.);
#3743=ORIENTED_EDGE('',*,*,#6265,.F.);
#3744=ORIENTED_EDGE('',*,*,#6576,.F.);
#3745=ORIENTED_EDGE('',*,*,#6577,.F.);
#3746=ORIENTED_EDGE('',*,*,#6400,.T.);
#3747=ORIENTED_EDGE('',*,*,#6397,.T.);
#3748=ORIENTED_EDGE('',*,*,#6394,.F.);
#3749=ORIENTED_EDGE('',*,*,#6578,.F.);
#3750=ORIENTED_EDGE('',*,*,#6579,.T.);
#3751=ORIENTED_EDGE('',*,*,#6580,.T.);
#3752=ORIENTED_EDGE('',*,*,#6581,.T.);
#3753=ORIENTED_EDGE('',*,*,#6582,.F.);
#3754=ORIENTED_EDGE('',*,*,#6583,.F.);
#3755=ORIENTED_EDGE('',*,*,#6584,.F.);
#3756=ORIENTED_EDGE('',*,*,#6585,.T.);
#3757=ORIENTED_EDGE('',*,*,#6586,.T.);
#3758=ORIENTED_EDGE('',*,*,#6587,.T.);
#3759=ORIENTED_EDGE('',*,*,#6588,.F.);
#3760=ORIENTED_EDGE('',*,*,#6589,.F.);
#3761=ORIENTED_EDGE('',*,*,#6590,.F.);
#3762=ORIENTED_EDGE('',*,*,#6591,.F.);
#3763=ORIENTED_EDGE('',*,*,#6592,.F.);
#3764=ORIENTED_EDGE('',*,*,#6593,.F.);
#3765=ORIENTED_EDGE('',*,*,#6594,.T.);
#3766=ORIENTED_EDGE('',*,*,#6595,.T.);
#3767=ORIENTED_EDGE('',*,*,#6268,.T.);
#3768=ORIENTED_EDGE('',*,*,#6596,.F.);
#3769=ORIENTED_EDGE('',*,*,#6597,.F.);
#3770=ORIENTED_EDGE('',*,*,#6598,.F.);
#3771=ORIENTED_EDGE('',*,*,#6599,.T.);
#3772=ORIENTED_EDGE('',*,*,#6600,.T.);
#3773=ORIENTED_EDGE('',*,*,#6601,.T.);
#3774=ORIENTED_EDGE('',*,*,#6602,.F.);
#3775=ORIENTED_EDGE('',*,*,#6603,.F.);
#3776=ORIENTED_EDGE('',*,*,#6604,.F.);
#3777=ORIENTED_EDGE('',*,*,#6605,.F.);
#3778=ORIENTED_EDGE('',*,*,#6606,.F.);
#3779=ORIENTED_EDGE('',*,*,#6607,.F.);
#3780=ORIENTED_EDGE('',*,*,#6608,.F.);
#3781=ORIENTED_EDGE('',*,*,#6609,.T.);
#3782=ORIENTED_EDGE('',*,*,#6569,.F.);
#3783=ORIENTED_EDGE('',*,*,#6396,.F.);
#3784=ORIENTED_EDGE('',*,*,#6425,.F.);
#3785=ORIENTED_EDGE('',*,*,#6610,.T.);
#3786=ORIENTED_EDGE('',*,*,#6611,.T.);
#3787=ORIENTED_EDGE('',*,*,#6479,.T.);
#3788=ORIENTED_EDGE('',*,*,#6612,.T.);
#3789=ORIENTED_EDGE('',*,*,#6460,.F.);
#3790=ORIENTED_EDGE('',*,*,#6613,.T.);
#3791=ORIENTED_EDGE('',*,*,#6567,.T.);
#3792=ORIENTED_EDGE('',*,*,#6614,.T.);
#3793=ORIENTED_EDGE('',*,*,#6615,.F.);
#3794=ORIENTED_EDGE('',*,*,#6458,.T.);
#3795=ORIENTED_EDGE('',*,*,#6616,.F.);
#3796=ORIENTED_EDGE('',*,*,#6617,.T.);
#3797=ORIENTED_EDGE('',*,*,#6511,.T.);
#3798=ORIENTED_EDGE('',*,*,#6459,.F.);
#3799=ORIENTED_EDGE('',*,*,#6615,.T.);
#3800=ORIENTED_EDGE('',*,*,#6568,.T.);
#3801=ORIENTED_EDGE('',*,*,#6613,.F.);
#3802=ORIENTED_EDGE('',*,*,#6618,.F.);
#3803=ORIENTED_EDGE('',*,*,#6462,.T.);
#3804=ORIENTED_EDGE('',*,*,#6619,.F.);
#3805=ORIENTED_EDGE('',*,*,#6620,.T.);
#3806=ORIENTED_EDGE('',*,*,#6565,.T.);
#3807=ORIENTED_EDGE('',*,*,#6621,.T.);
#3808=ORIENTED_EDGE('',*,*,#6464,.F.);
#3809=ORIENTED_EDGE('',*,*,#6622,.T.);
#3810=ORIENTED_EDGE('',*,*,#6563,.T.);
#3811=ORIENTED_EDGE('',*,*,#6623,.T.);
#3812=ORIENTED_EDGE('',*,*,#6463,.F.);
#3813=ORIENTED_EDGE('',*,*,#6618,.T.);
#3814=ORIENTED_EDGE('',*,*,#6564,.T.);
#3815=ORIENTED_EDGE('',*,*,#6622,.F.);
#3816=ORIENTED_EDGE('',*,*,#6624,.T.);
#3817=ORIENTED_EDGE('',*,*,#6625,.T.);
#3818=ORIENTED_EDGE('',*,*,#6626,.T.);
#3819=ORIENTED_EDGE('',*,*,#6588,.T.);
#3820=ORIENTED_EDGE('',*,*,#6627,.F.);
#3821=ORIENTED_EDGE('',*,*,#6628,.T.);
#3822=ORIENTED_EDGE('',*,*,#6589,.T.);
#3823=ORIENTED_EDGE('',*,*,#6626,.F.);
#3824=ORIENTED_EDGE('',*,*,#6629,.T.);
#3825=ORIENTED_EDGE('',*,*,#6590,.T.);
#3826=ORIENTED_EDGE('',*,*,#6630,.T.);
#3827=ORIENTED_EDGE('',*,*,#6631,.T.);
#3828=ORIENTED_EDGE('',*,*,#6616,.T.);
#3829=ORIENTED_EDGE('',*,*,#6457,.T.);
#3830=ORIENTED_EDGE('',*,*,#6621,.F.);
#3831=ORIENTED_EDGE('',*,*,#6632,.T.);
#3832=ORIENTED_EDGE('',*,*,#6633,.T.);
#3833=ORIENTED_EDGE('',*,*,#6465,.T.);
#3834=ORIENTED_EDGE('',*,*,#6612,.F.);
#3835=ORIENTED_EDGE('',*,*,#6634,.T.);
#3836=ORIENTED_EDGE('',*,*,#6619,.T.);
#3837=ORIENTED_EDGE('',*,*,#6461,.T.);
#3838=ORIENTED_EDGE('',*,*,#6628,.F.);
#3839=ORIENTED_EDGE('',*,*,#6635,.T.);
#3840=ORIENTED_EDGE('',*,*,#6636,.F.);
#3841=ORIENTED_EDGE('',*,*,#6578,.T.);
#3842=ORIENTED_EDGE('',*,*,#6637,.T.);
#3843=ORIENTED_EDGE('',*,*,#6591,.T.);
#3844=ORIENTED_EDGE('',*,*,#6504,.F.);
#3845=ORIENTED_EDGE('',*,*,#6638,.F.);
#3846=ORIENTED_EDGE('',*,*,#6639,.T.);
#3847=ORIENTED_EDGE('',*,*,#6521,.F.);
#3848=ORIENTED_EDGE('',*,*,#6640,.F.);
#3849=ORIENTED_EDGE('',*,*,#6505,.F.);
#3850=ORIENTED_EDGE('',*,*,#6640,.T.);
#3851=ORIENTED_EDGE('',*,*,#6520,.F.);
#3852=ORIENTED_EDGE('',*,*,#6641,.F.);
#3853=ORIENTED_EDGE('',*,*,#6506,.F.);
#3854=ORIENTED_EDGE('',*,*,#6641,.T.);
#3855=ORIENTED_EDGE('',*,*,#6519,.F.);
#3856=ORIENTED_EDGE('',*,*,#6642,.T.);
#3857=ORIENTED_EDGE('',*,*,#6643,.T.);
#3858=ORIENTED_EDGE('',*,*,#6643,.F.);
#3859=ORIENTED_EDGE('',*,*,#6644,.T.);
#3860=ORIENTED_EDGE('',*,*,#6645,.T.);
#3861=ORIENTED_EDGE('',*,*,#6507,.T.);
#3862=ORIENTED_EDGE('',*,*,#6508,.F.);
#3863=ORIENTED_EDGE('',*,*,#6645,.F.);
#3864=ORIENTED_EDGE('',*,*,#6646,.T.);
#3865=ORIENTED_EDGE('',*,*,#6517,.F.);
#3866=ORIENTED_EDGE('',*,*,#6647,.F.);
#3867=ORIENTED_EDGE('',*,*,#6509,.F.);
#3868=ORIENTED_EDGE('',*,*,#6647,.T.);
#3869=ORIENTED_EDGE('',*,*,#6516,.F.);
#3870=ORIENTED_EDGE('',*,*,#6648,.F.);
#3871=ORIENTED_EDGE('',*,*,#6510,.F.);
#3872=ORIENTED_EDGE('',*,*,#6648,.T.);
#3873=ORIENTED_EDGE('',*,*,#6515,.F.);
#3874=ORIENTED_EDGE('',*,*,#6649,.T.);
#3875=ORIENTED_EDGE('',*,*,#6650,.T.);
#3876=ORIENTED_EDGE('',*,*,#6650,.F.);
#3877=ORIENTED_EDGE('',*,*,#6651,.T.);
#3878=ORIENTED_EDGE('',*,*,#6652,.T.);
#3879=ORIENTED_EDGE('',*,*,#6455,.T.);
#3880=ORIENTED_EDGE('',*,*,#6653,.F.);
#3881=ORIENTED_EDGE('',*,*,#6624,.F.);
#3882=ORIENTED_EDGE('',*,*,#6587,.F.);
#3883=ORIENTED_EDGE('',*,*,#6654,.F.);
#3884=ORIENTED_EDGE('',*,*,#6655,.F.);
#3885=ORIENTED_EDGE('',*,*,#6654,.T.);
#3886=ORIENTED_EDGE('',*,*,#6586,.F.);
#3887=ORIENTED_EDGE('',*,*,#6656,.F.);
#3888=ORIENTED_EDGE('',*,*,#6657,.T.);
#3889=ORIENTED_EDGE('',*,*,#6658,.T.);
#3890=ORIENTED_EDGE('',*,*,#6638,.T.);
#3891=ORIENTED_EDGE('',*,*,#6503,.T.);
#3892=ORIENTED_EDGE('',*,*,#6659,.F.);
#3893=ORIENTED_EDGE('',*,*,#6656,.T.);
#3894=ORIENTED_EDGE('',*,*,#6585,.F.);
#3895=ORIENTED_EDGE('',*,*,#6660,.F.);
#3896=ORIENTED_EDGE('',*,*,#6661,.T.);
#3897=ORIENTED_EDGE('',*,*,#6662,.T.);
#3898=ORIENTED_EDGE('',*,*,#6663,.T.);
#3899=ORIENTED_EDGE('',*,*,#6481,.T.);
#3900=ORIENTED_EDGE('',*,*,#6664,.F.);
#3901=ORIENTED_EDGE('',*,*,#6482,.T.);
#3902=ORIENTED_EDGE('',*,*,#6663,.F.);
#3903=ORIENTED_EDGE('',*,*,#6665,.T.);
#3904=ORIENTED_EDGE('',*,*,#6543,.T.);
#3905=ORIENTED_EDGE('',*,*,#6483,.F.);
#3906=ORIENTED_EDGE('',*,*,#6664,.T.);
#3907=ORIENTED_EDGE('',*,*,#6542,.T.);
#3908=ORIENTED_EDGE('',*,*,#6666,.F.);
#3909=ORIENTED_EDGE('',*,*,#6667,.T.);
#3910=ORIENTED_EDGE('',*,*,#6484,.T.);
#3911=ORIENTED_EDGE('',*,*,#6666,.T.);
#3912=ORIENTED_EDGE('',*,*,#6541,.T.);
#3913=ORIENTED_EDGE('',*,*,#6668,.T.);
#3914=ORIENTED_EDGE('',*,*,#6667,.F.);
#3915=ORIENTED_EDGE('',*,*,#6669,.T.);
#3916=ORIENTED_EDGE('',*,*,#6670,.T.);
#3917=ORIENTED_EDGE('',*,*,#6485,.T.);
#3918=ORIENTED_EDGE('',*,*,#6671,.F.);
#3919=ORIENTED_EDGE('',*,*,#6486,.T.);
#3920=ORIENTED_EDGE('',*,*,#6670,.F.);
#3921=ORIENTED_EDGE('',*,*,#6672,.T.);
#3922=ORIENTED_EDGE('',*,*,#6539,.T.);
#3923=ORIENTED_EDGE('',*,*,#6487,.F.);
#3924=ORIENTED_EDGE('',*,*,#6671,.T.);
#3925=ORIENTED_EDGE('',*,*,#6538,.T.);
#3926=ORIENTED_EDGE('',*,*,#6673,.F.);
#3927=ORIENTED_EDGE('',*,*,#6674,.T.);
#3928=ORIENTED_EDGE('',*,*,#6592,.T.);
#3929=ORIENTED_EDGE('',*,*,#6675,.F.);
#3930=ORIENTED_EDGE('',*,*,#6676,.T.);
#3931=ORIENTED_EDGE('',*,*,#6571,.T.);
#3932=ORIENTED_EDGE('',*,*,#6677,.F.);
#3933=ORIENTED_EDGE('',*,*,#6609,.F.);
#3934=ORIENTED_EDGE('',*,*,#6678,.T.);
#3935=ORIENTED_EDGE('',*,*,#6677,.T.);
#3936=ORIENTED_EDGE('',*,*,#6570,.T.);
#3937=ORIENTED_EDGE('',*,*,#6679,.T.);
#3938=ORIENTED_EDGE('',*,*,#6488,.T.);
#3939=ORIENTED_EDGE('',*,*,#6673,.T.);
#3940=ORIENTED_EDGE('',*,*,#6537,.T.);
#3941=ORIENTED_EDGE('',*,*,#6680,.T.);
#3942=ORIENTED_EDGE('',*,*,#6679,.F.);
#3943=ORIENTED_EDGE('',*,*,#6681,.T.);
#3944=ORIENTED_EDGE('',*,*,#6682,.T.);
#3945=ORIENTED_EDGE('',*,*,#6489,.T.);
#3946=ORIENTED_EDGE('',*,*,#6676,.F.);
#3947=ORIENTED_EDGE('',*,*,#6683,.T.);
#3948=ORIENTED_EDGE('',*,*,#6684,.F.);
#3949=ORIENTED_EDGE('',*,*,#6572,.T.);
#3950=ORIENTED_EDGE('',*,*,#6469,.F.);
#3951=ORIENTED_EDGE('',*,*,#6685,.T.);
#3952=ORIENTED_EDGE('',*,*,#6558,.F.);
#3953=ORIENTED_EDGE('',*,*,#6686,.F.);
#3954=ORIENTED_EDGE('',*,*,#6687,.T.);
#3955=ORIENTED_EDGE('',*,*,#6470,.T.);
#3956=ORIENTED_EDGE('',*,*,#6686,.T.);
#3957=ORIENTED_EDGE('',*,*,#6557,.T.);
#3958=ORIENTED_EDGE('',*,*,#6688,.T.);
#3959=ORIENTED_EDGE('',*,*,#6687,.F.);
#3960=ORIENTED_EDGE('',*,*,#6689,.T.);
#3961=ORIENTED_EDGE('',*,*,#6690,.T.);
#3962=ORIENTED_EDGE('',*,*,#6471,.T.);
#3963=ORIENTED_EDGE('',*,*,#6691,.F.);
#3964=ORIENTED_EDGE('',*,*,#6692,.T.);
#3965=ORIENTED_EDGE('',*,*,#6693,.F.);
#3966=ORIENTED_EDGE('',*,*,#6593,.T.);
#3967=ORIENTED_EDGE('',*,*,#6694,.F.);
#3968=ORIENTED_EDGE('',*,*,#6691,.T.);
#3969=ORIENTED_EDGE('',*,*,#6603,.T.);
#3970=ORIENTED_EDGE('',*,*,#6695,.F.);
#3971=ORIENTED_EDGE('',*,*,#6696,.T.);
#3972=ORIENTED_EDGE('',*,*,#6697,.T.);
#3973=ORIENTED_EDGE('',*,*,#6695,.T.);
#3974=ORIENTED_EDGE('',*,*,#6602,.T.);
#3975=ORIENTED_EDGE('',*,*,#6698,.T.);
#3976=ORIENTED_EDGE('',*,*,#6604,.T.);
#3977=ORIENTED_EDGE('',*,*,#6468,.F.);
#3978=ORIENTED_EDGE('',*,*,#6699,.F.);
#3979=ORIENTED_EDGE('',*,*,#6700,.T.);
#3980=ORIENTED_EDGE('',*,*,#6559,.F.);
#3981=ORIENTED_EDGE('',*,*,#6685,.F.);
#3982=ORIENTED_EDGE('',*,*,#6701,.F.);
#3983=ORIENTED_EDGE('',*,*,#6702,.T.);
#3984=ORIENTED_EDGE('',*,*,#6580,.F.);
#3985=ORIENTED_EDGE('',*,*,#6703,.F.);
#3986=ORIENTED_EDGE('',*,*,#6704,.F.);
#3987=ORIENTED_EDGE('',*,*,#6705,.T.);
#3988=ORIENTED_EDGE('',*,*,#6581,.F.);
#3989=ORIENTED_EDGE('',*,*,#6702,.F.);
#3990=ORIENTED_EDGE('',*,*,#6706,.F.);
#3991=ORIENTED_EDGE('',*,*,#6703,.T.);
#3992=ORIENTED_EDGE('',*,*,#6579,.F.);
#3993=ORIENTED_EDGE('',*,*,#6636,.T.);
#3994=ORIENTED_EDGE('',*,*,#6707,.T.);
#3995=ORIENTED_EDGE('',*,*,#6708,.T.);
#3996=ORIENTED_EDGE('',*,*,#6699,.T.);
#3997=ORIENTED_EDGE('',*,*,#6467,.T.);
#3998=ORIENTED_EDGE('',*,*,#6709,.T.);
#3999=ORIENTED_EDGE('',*,*,#6605,.T.);
#4000=ORIENTED_EDGE('',*,*,#6498,.F.);
#4001=ORIENTED_EDGE('',*,*,#6710,.F.);
#4002=ORIENTED_EDGE('',*,*,#6711,.T.);
#4003=ORIENTED_EDGE('',*,*,#6527,.F.);
#4004=ORIENTED_EDGE('',*,*,#6712,.F.);
#4005=ORIENTED_EDGE('',*,*,#6499,.F.);
#4006=ORIENTED_EDGE('',*,*,#6712,.T.);
#4007=ORIENTED_EDGE('',*,*,#6526,.T.);
#4008=ORIENTED_EDGE('',*,*,#6713,.F.);
#4009=ORIENTED_EDGE('',*,*,#6714,.T.);
#4010=ORIENTED_EDGE('',*,*,#6500,.T.);
#4011=ORIENTED_EDGE('',*,*,#6713,.T.);
#4012=ORIENTED_EDGE('',*,*,#6525,.T.);
#4013=ORIENTED_EDGE('',*,*,#6715,.T.);
#4014=ORIENTED_EDGE('',*,*,#6716,.F.);
#4015=ORIENTED_EDGE('',*,*,#6717,.T.);
#4016=ORIENTED_EDGE('',*,*,#6660,.T.);
#4017=ORIENTED_EDGE('',*,*,#6584,.T.);
#4018=ORIENTED_EDGE('',*,*,#6718,.F.);
#4019=ORIENTED_EDGE('',*,*,#6716,.T.);
#4020=ORIENTED_EDGE('',*,*,#6583,.T.);
#4021=ORIENTED_EDGE('',*,*,#6719,.F.);
#4022=ORIENTED_EDGE('',*,*,#6705,.F.);
#4023=ORIENTED_EDGE('',*,*,#6720,.T.);
#4024=ORIENTED_EDGE('',*,*,#6719,.T.);
#4025=ORIENTED_EDGE('',*,*,#6582,.T.);
#4026=ORIENTED_EDGE('',*,*,#6721,.F.);
#4027=ORIENTED_EDGE('',*,*,#6696,.F.);
#4028=ORIENTED_EDGE('',*,*,#6601,.F.);
#4029=ORIENTED_EDGE('',*,*,#6722,.F.);
#4030=ORIENTED_EDGE('',*,*,#6723,.F.);
#4031=ORIENTED_EDGE('',*,*,#6722,.T.);
#4032=ORIENTED_EDGE('',*,*,#6600,.F.);
#4033=ORIENTED_EDGE('',*,*,#6724,.F.);
#4034=ORIENTED_EDGE('',*,*,#6714,.F.);
#4035=ORIENTED_EDGE('',*,*,#6725,.T.);
#4036=ORIENTED_EDGE('',*,*,#6726,.T.);
#4037=ORIENTED_EDGE('',*,*,#6501,.T.);
#4038=ORIENTED_EDGE('',*,*,#6727,.F.);
#4039=ORIENTED_EDGE('',*,*,#6724,.T.);
#4040=ORIENTED_EDGE('',*,*,#6599,.F.);
#4041=ORIENTED_EDGE('',*,*,#6728,.F.);
#4042=ORIENTED_EDGE('',*,*,#6729,.T.);
#4043=ORIENTED_EDGE('',*,*,#6730,.T.);
#4044=ORIENTED_EDGE('',*,*,#6710,.T.);
#4045=ORIENTED_EDGE('',*,*,#6497,.T.);
#4046=ORIENTED_EDGE('',*,*,#6475,.F.);
#4047=ORIENTED_EDGE('',*,*,#6731,.T.);
#4048=ORIENTED_EDGE('',*,*,#6552,.T.);
#4049=ORIENTED_EDGE('',*,*,#6732,.F.);
#4050=ORIENTED_EDGE('',*,*,#6733,.T.);
#4051=ORIENTED_EDGE('',*,*,#6476,.T.);
#4052=ORIENTED_EDGE('',*,*,#6732,.T.);
#4053=ORIENTED_EDGE('',*,*,#6551,.T.);
#4054=ORIENTED_EDGE('',*,*,#6734,.T.);
#4055=ORIENTED_EDGE('',*,*,#6733,.F.);
#4056=ORIENTED_EDGE('',*,*,#6735,.T.);
#4057=ORIENTED_EDGE('',*,*,#6736,.T.);
#4058=ORIENTED_EDGE('',*,*,#6477,.T.);
#4059=ORIENTED_EDGE('',*,*,#6737,.F.);
#4060=ORIENTED_EDGE('',*,*,#6738,.T.);
#4061=ORIENTED_EDGE('',*,*,#6401,.T.);
#4062=ORIENTED_EDGE('',*,*,#6577,.T.);
#4063=ORIENTED_EDGE('',*,*,#6739,.F.);
#4064=ORIENTED_EDGE('',*,*,#6737,.T.);
#4065=ORIENTED_EDGE('',*,*,#6576,.T.);
#4066=ORIENTED_EDGE('',*,*,#6264,.F.);
#4067=ORIENTED_EDGE('',*,*,#6740,.T.);
#4068=ORIENTED_EDGE('',*,*,#6606,.T.);
#4069=ORIENTED_EDGE('',*,*,#6741,.F.);
#4070=ORIENTED_EDGE('',*,*,#6269,.T.);
#4071=ORIENTED_EDGE('',*,*,#6595,.F.);
#4072=ORIENTED_EDGE('',*,*,#6742,.F.);
#4073=ORIENTED_EDGE('',*,*,#6474,.F.);
#4074=ORIENTED_EDGE('',*,*,#6743,.F.);
#4075=ORIENTED_EDGE('',*,*,#6744,.T.);
#4076=ORIENTED_EDGE('',*,*,#6553,.F.);
#4077=ORIENTED_EDGE('',*,*,#6731,.F.);
#4078=ORIENTED_EDGE('',*,*,#6745,.F.);
#4079=ORIENTED_EDGE('',*,*,#6742,.T.);
#4080=ORIENTED_EDGE('',*,*,#6594,.F.);
#4081=ORIENTED_EDGE('',*,*,#6693,.T.);
#4082=ORIENTED_EDGE('',*,*,#6746,.T.);
#4083=ORIENTED_EDGE('',*,*,#6747,.T.);
#4084=ORIENTED_EDGE('',*,*,#6743,.T.);
#4085=ORIENTED_EDGE('',*,*,#6473,.T.);
#4086=ORIENTED_EDGE('',*,*,#6748,.T.);
#4087=ORIENTED_EDGE('',*,*,#6749,.T.);
#4088=ORIENTED_EDGE('',*,*,#6750,.T.);
#4089=ORIENTED_EDGE('',*,*,#6491,.T.);
#4090=ORIENTED_EDGE('',*,*,#6492,.F.);
#4091=ORIENTED_EDGE('',*,*,#6750,.F.);
#4092=ORIENTED_EDGE('',*,*,#6751,.T.);
#4093=ORIENTED_EDGE('',*,*,#6533,.F.);
#4094=ORIENTED_EDGE('',*,*,#6752,.F.);
#4095=ORIENTED_EDGE('',*,*,#6493,.F.);
#4096=ORIENTED_EDGE('',*,*,#6752,.T.);
#4097=ORIENTED_EDGE('',*,*,#6532,.F.);
#4098=ORIENTED_EDGE('',*,*,#6753,.F.);
#4099=ORIENTED_EDGE('',*,*,#6754,.T.);
#4100=ORIENTED_EDGE('',*,*,#6494,.T.);
#4101=ORIENTED_EDGE('',*,*,#6753,.T.);
#4102=ORIENTED_EDGE('',*,*,#6531,.T.);
#4103=ORIENTED_EDGE('',*,*,#6755,.T.);
#4104=ORIENTED_EDGE('',*,*,#6754,.F.);
#4105=ORIENTED_EDGE('',*,*,#6756,.T.);
#4106=ORIENTED_EDGE('',*,*,#6757,.T.);
#4107=ORIENTED_EDGE('',*,*,#6495,.T.);
#4108=ORIENTED_EDGE('',*,*,#6758,.T.);
#4109=ORIENTED_EDGE('',*,*,#6607,.T.);
#4110=ORIENTED_EDGE('',*,*,#6759,.F.);
#4111=ORIENTED_EDGE('',*,*,#6760,.T.);
#4112=ORIENTED_EDGE('',*,*,#6573,.F.);
#4113=ORIENTED_EDGE('',*,*,#6684,.T.);
#4114=ORIENTED_EDGE('',*,*,#6761,.F.);
#4115=ORIENTED_EDGE('',*,*,#6762,.T.);
#4116=ORIENTED_EDGE('',*,*,#6574,.F.);
#4117=ORIENTED_EDGE('',*,*,#6760,.F.);
#4118=ORIENTED_EDGE('',*,*,#6763,.F.);
#4119=ORIENTED_EDGE('',*,*,#6764,.T.);
#4120=ORIENTED_EDGE('',*,*,#6597,.T.);
#4121=ORIENTED_EDGE('',*,*,#6765,.F.);
#4122=ORIENTED_EDGE('',*,*,#6764,.F.);
#4123=ORIENTED_EDGE('',*,*,#6766,.T.);
#4124=ORIENTED_EDGE('',*,*,#6728,.T.);
#4125=ORIENTED_EDGE('',*,*,#6598,.T.);
#4126=ORIENTED_EDGE('',*,*,#6767,.F.);
#4127=ORIENTED_EDGE('',*,*,#6262,.F.);
#4128=ORIENTED_EDGE('',*,*,#6575,.F.);
#4129=ORIENTED_EDGE('',*,*,#6762,.F.);
#4130=ORIENTED_EDGE('',*,*,#6267,.F.);
#4131=ORIENTED_EDGE('',*,*,#6768,.T.);
#4132=ORIENTED_EDGE('',*,*,#6765,.T.);
#4133=ORIENTED_EDGE('',*,*,#6596,.T.);
#4134=ORIENTED_EDGE('',*,*,#6769,.T.);
#4135=ORIENTED_EDGE('',*,*,#6770,.T.);
#4136=ORIENTED_EDGE('',*,*,#6771,.F.);
#4137=ORIENTED_EDGE('',*,*,#6772,.F.);
#4138=ORIENTED_EDGE('',*,*,#6773,.F.);
#4139=ORIENTED_EDGE('',*,*,#6774,.F.);
#4140=ORIENTED_EDGE('',*,*,#6775,.F.);
#4141=ORIENTED_EDGE('',*,*,#6770,.F.);
#4142=ORIENTED_EDGE('',*,*,#6776,.F.);
#4143=ORIENTED_EDGE('',*,*,#6777,.F.);
#4144=ORIENTED_EDGE('',*,*,#6778,.F.);
#4145=ORIENTED_EDGE('',*,*,#6779,.T.);
#4146=ORIENTED_EDGE('',*,*,#6780,.T.);
#4147=ORIENTED_EDGE('',*,*,#6781,.T.);
#4148=ORIENTED_EDGE('',*,*,#6782,.T.);
#4149=ORIENTED_EDGE('',*,*,#6783,.T.);
#4150=ORIENTED_EDGE('',*,*,#6784,.F.);
#4151=ORIENTED_EDGE('',*,*,#6777,.T.);
#4152=ORIENTED_EDGE('',*,*,#6785,.F.);
#4153=ORIENTED_EDGE('',*,*,#6368,.T.);
#4154=ORIENTED_EDGE('',*,*,#6786,.T.);
#4155=ORIENTED_EDGE('',*,*,#6356,.T.);
#4156=ORIENTED_EDGE('',*,*,#6787,.T.);
#4157=ORIENTED_EDGE('',*,*,#6362,.F.);
#4158=ORIENTED_EDGE('',*,*,#6788,.F.);
#4159=ORIENTED_EDGE('',*,*,#6779,.F.);
#4160=ORIENTED_EDGE('',*,*,#6789,.F.);
#4161=ORIENTED_EDGE('',*,*,#6790,.F.);
#4162=ORIENTED_EDGE('',*,*,#6773,.T.);
#4163=ORIENTED_EDGE('',*,*,#6769,.F.);
#4164=ORIENTED_EDGE('',*,*,#6791,.F.);
#4165=ORIENTED_EDGE('',*,*,#6792,.F.);
#4166=ORIENTED_EDGE('',*,*,#6789,.T.);
#4167=ORIENTED_EDGE('',*,*,#6778,.T.);
#4168=ORIENTED_EDGE('',*,*,#6784,.T.);
#4169=ORIENTED_EDGE('',*,*,#6793,.T.);
#4170=ORIENTED_EDGE('',*,*,#6794,.T.);
#4171=ORIENTED_EDGE('',*,*,#6795,.T.);
#4172=ORIENTED_EDGE('',*,*,#6796,.T.);
#4173=ORIENTED_EDGE('',*,*,#6354,.T.);
#4174=ORIENTED_EDGE('',*,*,#6797,.T.);
#4175=ORIENTED_EDGE('',*,*,#6370,.F.);
#4176=ORIENTED_EDGE('',*,*,#6798,.F.);
#4177=ORIENTED_EDGE('',*,*,#6774,.T.);
#4178=ORIENTED_EDGE('',*,*,#6790,.T.);
#4179=ORIENTED_EDGE('',*,*,#6799,.F.);
#4180=ORIENTED_EDGE('',*,*,#6780,.F.);
#4181=ORIENTED_EDGE('',*,*,#6788,.T.);
#4182=ORIENTED_EDGE('',*,*,#6361,.T.);
#4183=ORIENTED_EDGE('',*,*,#6800,.F.);
#4184=ORIENTED_EDGE('',*,*,#6363,.T.);
#4185=ORIENTED_EDGE('',*,*,#6791,.T.);
#4186=ORIENTED_EDGE('',*,*,#6772,.T.);
#4187=ORIENTED_EDGE('',*,*,#6798,.T.);
#4188=ORIENTED_EDGE('',*,*,#6369,.T.);
#4189=ORIENTED_EDGE('',*,*,#6785,.T.);
#4190=ORIENTED_EDGE('',*,*,#6776,.T.);
#4191=ORIENTED_EDGE('',*,*,#6799,.T.);
#4192=ORIENTED_EDGE('',*,*,#6364,.T.);
#4193=ORIENTED_EDGE('',*,*,#6800,.T.);
#4194=ORIENTED_EDGE('',*,*,#6771,.T.);
#4195=ORIENTED_EDGE('',*,*,#6775,.T.);
#4196=ORIENTED_EDGE('',*,*,#6801,.F.);
#4197=ORIENTED_EDGE('',*,*,#6802,.T.);
#4198=ORIENTED_EDGE('',*,*,#6803,.T.);
#4199=ORIENTED_EDGE('',*,*,#6804,.F.);
#4200=ORIENTED_EDGE('',*,*,#6801,.T.);
#4201=ORIENTED_EDGE('',*,*,#6805,.T.);
#4202=ORIENTED_EDGE('',*,*,#6806,.F.);
#4203=ORIENTED_EDGE('',*,*,#6807,.F.);
#4204=ORIENTED_EDGE('',*,*,#6808,.T.);
#4205=ORIENTED_EDGE('',*,*,#6809,.T.);
#4206=ORIENTED_EDGE('',*,*,#6810,.F.);
#4207=ORIENTED_EDGE('',*,*,#6811,.F.);
#4208=ORIENTED_EDGE('',*,*,#6803,.F.);
#4209=ORIENTED_EDGE('',*,*,#6812,.F.);
#4210=ORIENTED_EDGE('',*,*,#6813,.F.);
#4211=ORIENTED_EDGE('',*,*,#6814,.F.);
#4212=ORIENTED_EDGE('',*,*,#6815,.T.);
#4213=ORIENTED_EDGE('',*,*,#6816,.T.);
#4214=ORIENTED_EDGE('',*,*,#6817,.T.);
#4215=ORIENTED_EDGE('',*,*,#6818,.F.);
#4216=ORIENTED_EDGE('',*,*,#6819,.F.);
#4217=ORIENTED_EDGE('',*,*,#6377,.F.);
#4218=ORIENTED_EDGE('',*,*,#6820,.T.);
#4219=ORIENTED_EDGE('',*,*,#6438,.F.);
#4220=ORIENTED_EDGE('',*,*,#6821,.F.);
#4221=ORIENTED_EDGE('',*,*,#6822,.F.);
#4222=ORIENTED_EDGE('',*,*,#6823,.T.);
#4223=ORIENTED_EDGE('',*,*,#6824,.T.);
#4224=ORIENTED_EDGE('',*,*,#6825,.F.);
#4225=ORIENTED_EDGE('',*,*,#6826,.T.);
#4226=ORIENTED_EDGE('',*,*,#6827,.F.);
#4227=ORIENTED_EDGE('',*,*,#6828,.F.);
#4228=ORIENTED_EDGE('',*,*,#6829,.F.);
#4229=ORIENTED_EDGE('',*,*,#6830,.F.);
#4230=ORIENTED_EDGE('',*,*,#6831,.T.);
#4231=ORIENTED_EDGE('',*,*,#6832,.F.);
#4232=ORIENTED_EDGE('',*,*,#6833,.T.);
#4233=ORIENTED_EDGE('',*,*,#6834,.T.);
#4234=ORIENTED_EDGE('',*,*,#6835,.T.);
#4235=ORIENTED_EDGE('',*,*,#6836,.F.);
#4236=ORIENTED_EDGE('',*,*,#6809,.F.);
#4237=ORIENTED_EDGE('',*,*,#6837,.F.);
#4238=ORIENTED_EDGE('',*,*,#6836,.T.);
#4239=ORIENTED_EDGE('',*,*,#6838,.T.);
#4240=ORIENTED_EDGE('',*,*,#6839,.F.);
#4241=ORIENTED_EDGE('',*,*,#6840,.F.);
#4242=ORIENTED_EDGE('',*,*,#6841,.T.);
#4243=ORIENTED_EDGE('',*,*,#6842,.T.);
#4244=ORIENTED_EDGE('',*,*,#6843,.F.);
#4245=ORIENTED_EDGE('',*,*,#6844,.T.);
#4246=ORIENTED_EDGE('',*,*,#6845,.F.);
#4247=ORIENTED_EDGE('',*,*,#6841,.F.);
#4248=ORIENTED_EDGE('',*,*,#6846,.T.);
#4249=ORIENTED_EDGE('',*,*,#6847,.F.);
#4250=ORIENTED_EDGE('',*,*,#6805,.F.);
#4251=ORIENTED_EDGE('',*,*,#6804,.T.);
#4252=ORIENTED_EDGE('',*,*,#6811,.T.);
#4253=ORIENTED_EDGE('',*,*,#6806,.T.);
#4254=ORIENTED_EDGE('',*,*,#6847,.T.);
#4255=ORIENTED_EDGE('',*,*,#6848,.F.);
#4256=ORIENTED_EDGE('',*,*,#6849,.T.);
#4257=ORIENTED_EDGE('',*,*,#6807,.T.);
#4258=ORIENTED_EDGE('',*,*,#6849,.F.);
#4259=ORIENTED_EDGE('',*,*,#6850,.F.);
#4260=ORIENTED_EDGE('',*,*,#6812,.T.);
#4261=ORIENTED_EDGE('',*,*,#6802,.F.);
#4262=ORIENTED_EDGE('',*,*,#6851,.T.);
#4263=ORIENTED_EDGE('',*,*,#6852,.T.);
#4264=ORIENTED_EDGE('',*,*,#6853,.T.);
#4265=ORIENTED_EDGE('',*,*,#6852,.F.);
#4266=ORIENTED_EDGE('',*,*,#6854,.F.);
#4267=ORIENTED_EDGE('',*,*,#6855,.T.);
#4268=ORIENTED_EDGE('',*,*,#6856,.F.);
#4269=ORIENTED_EDGE('',*,*,#6827,.T.);
#4270=ORIENTED_EDGE('',*,*,#6857,.F.);
#4271=ORIENTED_EDGE('',*,*,#6853,.F.);
#4272=ORIENTED_EDGE('',*,*,#6856,.T.);
#4273=ORIENTED_EDGE('',*,*,#6858,.T.);
#4274=ORIENTED_EDGE('',*,*,#6859,.F.);
#4275=ORIENTED_EDGE('',*,*,#6860,.T.);
#4276=ORIENTED_EDGE('',*,*,#6828,.T.);
#4277=ORIENTED_EDGE('',*,*,#6859,.T.);
#4278=ORIENTED_EDGE('',*,*,#6861,.T.);
#4279=ORIENTED_EDGE('',*,*,#6862,.T.);
#4280=ORIENTED_EDGE('',*,*,#6829,.T.);
#4281=ORIENTED_EDGE('',*,*,#6860,.F.);
#4282=ORIENTED_EDGE('',*,*,#6863,.F.);
#4283=ORIENTED_EDGE('',*,*,#6864,.F.);
#4284=ORIENTED_EDGE('',*,*,#6830,.T.);
#4285=ORIENTED_EDGE('',*,*,#6862,.F.);
#4286=ORIENTED_EDGE('',*,*,#6865,.T.);
#4287=ORIENTED_EDGE('',*,*,#6831,.F.);
#4288=ORIENTED_EDGE('',*,*,#6864,.T.);
#4289=ORIENTED_EDGE('',*,*,#6866,.T.);
#4290=ORIENTED_EDGE('',*,*,#6867,.F.);
#4291=ORIENTED_EDGE('',*,*,#6868,.F.);
#4292=ORIENTED_EDGE('',*,*,#6832,.T.);
#4293=ORIENTED_EDGE('',*,*,#6867,.T.);
#4294=ORIENTED_EDGE('',*,*,#6869,.T.);
#4295=ORIENTED_EDGE('',*,*,#6837,.T.);
#4296=ORIENTED_EDGE('',*,*,#6808,.F.);
#4297=ORIENTED_EDGE('',*,*,#6868,.T.);
#4298=ORIENTED_EDGE('',*,*,#6870,.T.);
#4299=ORIENTED_EDGE('',*,*,#6871,.T.);
#4300=ORIENTED_EDGE('',*,*,#6833,.F.);
#4301=ORIENTED_EDGE('',*,*,#6872,.T.);
#4302=ORIENTED_EDGE('',*,*,#6873,.T.);
#4303=ORIENTED_EDGE('',*,*,#6834,.F.);
#4304=ORIENTED_EDGE('',*,*,#6871,.F.);
#4305=ORIENTED_EDGE('',*,*,#6810,.T.);
#4306=ORIENTED_EDGE('',*,*,#6838,.F.);
#4307=ORIENTED_EDGE('',*,*,#6835,.F.);
#4308=ORIENTED_EDGE('',*,*,#6873,.F.);
#4309=ORIENTED_EDGE('',*,*,#6874,.F.);
#4310=ORIENTED_EDGE('',*,*,#6875,.T.);
#4311=ORIENTED_EDGE('',*,*,#6876,.F.);
#4312=ORIENTED_EDGE('',*,*,#6877,.F.);
#4313=ORIENTED_EDGE('',*,*,#6842,.F.);
#4314=ORIENTED_EDGE('',*,*,#6845,.T.);
#4315=ORIENTED_EDGE('',*,*,#6878,.T.);
#4316=ORIENTED_EDGE('',*,*,#6879,.F.);
#4317=ORIENTED_EDGE('',*,*,#6880,.F.);
#4318=ORIENTED_EDGE('',*,*,#6839,.T.);
#4319=ORIENTED_EDGE('',*,*,#6877,.T.);
#4320=ORIENTED_EDGE('',*,*,#6881,.F.);
#4321=ORIENTED_EDGE('',*,*,#6882,.F.);
#4322=ORIENTED_EDGE('',*,*,#6843,.T.);
#4323=ORIENTED_EDGE('',*,*,#6840,.T.);
#4324=ORIENTED_EDGE('',*,*,#6880,.T.);
#4325=ORIENTED_EDGE('',*,*,#6813,.T.);
#4326=ORIENTED_EDGE('',*,*,#6850,.T.);
#4327=ORIENTED_EDGE('',*,*,#6848,.T.);
#4328=ORIENTED_EDGE('',*,*,#6846,.F.);
#4329=ORIENTED_EDGE('',*,*,#6875,.F.);
#4330=ORIENTED_EDGE('',*,*,#6878,.F.);
#4331=ORIENTED_EDGE('',*,*,#6844,.F.);
#4332=ORIENTED_EDGE('',*,*,#6882,.T.);
#4333=ORIENTED_EDGE('',*,*,#6883,.F.);
#4334=ORIENTED_EDGE('',*,*,#6884,.F.);
#4335=ORIENTED_EDGE('',*,*,#6885,.F.);
#4336=ORIENTED_EDGE('',*,*,#6814,.T.);
#4337=ORIENTED_EDGE('',*,*,#6884,.T.);
#4338=ORIENTED_EDGE('',*,*,#6886,.T.);
#4339=ORIENTED_EDGE('',*,*,#6815,.F.);
#4340=ORIENTED_EDGE('',*,*,#6885,.T.);
#4341=ORIENTED_EDGE('',*,*,#6887,.F.);
#4342=ORIENTED_EDGE('',*,*,#6888,.F.);
#4343=ORIENTED_EDGE('',*,*,#6889,.F.);
#4344=ORIENTED_EDGE('',*,*,#6818,.T.);
#4345=ORIENTED_EDGE('',*,*,#6890,.F.);
#4346=ORIENTED_EDGE('',*,*,#6891,.F.);
#4347=ORIENTED_EDGE('',*,*,#6892,.T.);
#4348=ORIENTED_EDGE('',*,*,#6893,.T.);
#4349=ORIENTED_EDGE('',*,*,#6890,.T.);
#4350=ORIENTED_EDGE('',*,*,#6817,.F.);
#4351=ORIENTED_EDGE('',*,*,#6816,.F.);
#4352=ORIENTED_EDGE('',*,*,#6888,.T.);
#4353=ORIENTED_EDGE('',*,*,#6894,.T.);
#4354=ORIENTED_EDGE('',*,*,#6892,.F.);
#4355=ORIENTED_EDGE('',*,*,#6895,.T.);
#4356=ORIENTED_EDGE('',*,*,#6896,.T.);
#4357=ORIENTED_EDGE('',*,*,#6854,.T.);
#4358=ORIENTED_EDGE('',*,*,#6851,.F.);
#4359=ORIENTED_EDGE('',*,*,#6857,.T.);
#4360=ORIENTED_EDGE('',*,*,#6826,.F.);
#4361=ORIENTED_EDGE('',*,*,#6897,.F.);
#4362=ORIENTED_EDGE('',*,*,#6898,.F.);
#4363=ORIENTED_EDGE('',*,*,#6895,.F.);
#4364=ORIENTED_EDGE('',*,*,#6825,.T.);
#4365=ORIENTED_EDGE('',*,*,#6897,.T.);
#4366=ORIENTED_EDGE('',*,*,#6824,.F.);
#4367=ORIENTED_EDGE('',*,*,#6899,.F.);
#4368=ORIENTED_EDGE('',*,*,#6900,.T.);
#4369=ORIENTED_EDGE('',*,*,#6899,.T.);
#4370=ORIENTED_EDGE('',*,*,#6823,.F.);
#4371=ORIENTED_EDGE('',*,*,#6901,.T.);
#4372=ORIENTED_EDGE('',*,*,#6902,.T.);
#4373=ORIENTED_EDGE('',*,*,#6901,.F.);
#4374=ORIENTED_EDGE('',*,*,#6822,.T.);
#4375=ORIENTED_EDGE('',*,*,#6903,.F.);
#4376=ORIENTED_EDGE('',*,*,#6904,.F.);
#4377=ORIENTED_EDGE('',*,*,#6903,.T.);
#4378=ORIENTED_EDGE('',*,*,#6821,.T.);
#4379=ORIENTED_EDGE('',*,*,#6437,.T.);
#4380=ORIENTED_EDGE('',*,*,#6905,.F.);
#4381=ORIENTED_EDGE('',*,*,#6379,.F.);
#4382=ORIENTED_EDGE('',*,*,#6906,.T.);
#4383=ORIENTED_EDGE('',*,*,#6907,.T.);
#4384=ORIENTED_EDGE('',*,*,#6908,.T.);
#4385=ORIENTED_EDGE('',*,*,#6909,.T.);
#4386=ORIENTED_EDGE('',*,*,#6380,.F.);
#4387=ORIENTED_EDGE('',*,*,#6907,.F.);
#4388=ORIENTED_EDGE('',*,*,#6909,.F.);
#4389=ORIENTED_EDGE('',*,*,#6910,.T.);
#4390=ORIENTED_EDGE('',*,*,#6891,.T.);
#4391=ORIENTED_EDGE('',*,*,#6893,.F.);
#4392=ORIENTED_EDGE('',*,*,#6894,.F.);
#4393=ORIENTED_EDGE('',*,*,#6887,.T.);
#4394=ORIENTED_EDGE('',*,*,#6886,.F.);
#4395=ORIENTED_EDGE('',*,*,#6883,.T.);
#4396=ORIENTED_EDGE('',*,*,#6881,.T.);
#4397=ORIENTED_EDGE('',*,*,#6879,.T.);
#4398=ORIENTED_EDGE('',*,*,#6876,.T.);
#4399=ORIENTED_EDGE('',*,*,#6874,.T.);
#4400=ORIENTED_EDGE('',*,*,#6872,.F.);
#4401=ORIENTED_EDGE('',*,*,#6870,.F.);
#4402=ORIENTED_EDGE('',*,*,#6869,.F.);
#4403=ORIENTED_EDGE('',*,*,#6866,.F.);
#4404=ORIENTED_EDGE('',*,*,#6865,.F.);
#4405=ORIENTED_EDGE('',*,*,#6863,.T.);
#4406=ORIENTED_EDGE('',*,*,#6861,.F.);
#4407=ORIENTED_EDGE('',*,*,#6858,.F.);
#4408=ORIENTED_EDGE('',*,*,#6855,.F.);
#4409=ORIENTED_EDGE('',*,*,#6896,.F.);
#4410=ORIENTED_EDGE('',*,*,#6898,.T.);
#4411=ORIENTED_EDGE('',*,*,#6900,.F.);
#4412=ORIENTED_EDGE('',*,*,#6902,.F.);
#4413=ORIENTED_EDGE('',*,*,#6904,.T.);
#4414=ORIENTED_EDGE('',*,*,#6905,.T.);
#4415=ORIENTED_EDGE('',*,*,#6436,.F.);
#4416=ORIENTED_EDGE('',*,*,#6911,.T.);
#4417=ORIENTED_EDGE('',*,*,#6365,.T.);
#4418=ORIENTED_EDGE('',*,*,#6910,.F.);
#4419=ORIENTED_EDGE('',*,*,#6908,.F.);
#4420=ORIENTED_EDGE('',*,*,#6906,.F.);
#4421=ORIENTED_EDGE('',*,*,#6378,.F.);
#4422=ORIENTED_EDGE('',*,*,#6819,.T.);
#4423=ORIENTED_EDGE('',*,*,#6889,.T.);
#4424=ORIENTED_EDGE('',*,*,#6912,.F.);
#4425=ORIENTED_EDGE('',*,*,#6913,.F.);
#4426=ORIENTED_EDGE('',*,*,#6914,.F.);
#4427=ORIENTED_EDGE('',*,*,#6915,.F.);
#4428=ORIENTED_EDGE('',*,*,#6916,.F.);
#4429=ORIENTED_EDGE('',*,*,#6913,.T.);
#4430=ORIENTED_EDGE('',*,*,#6917,.T.);
#4431=ORIENTED_EDGE('',*,*,#6918,.T.);
#4432=ORIENTED_EDGE('',*,*,#6919,.F.);
#4433=ORIENTED_EDGE('',*,*,#6920,.F.);
#4434=ORIENTED_EDGE('',*,*,#6921,.T.);
#4435=ORIENTED_EDGE('',*,*,#6922,.F.);
#4436=ORIENTED_EDGE('',*,*,#6318,.T.);
#4437=ORIENTED_EDGE('',*,*,#6921,.F.);
#4438=ORIENTED_EDGE('',*,*,#6923,.F.);
#4439=ORIENTED_EDGE('',*,*,#6360,.F.);
#4440=ORIENTED_EDGE('',*,*,#6924,.F.);
#4441=ORIENTED_EDGE('',*,*,#6917,.F.);
#4442=ORIENTED_EDGE('',*,*,#6912,.T.);
#4443=ORIENTED_EDGE('',*,*,#6925,.F.);
#4444=ORIENTED_EDGE('',*,*,#6926,.F.);
#4445=ORIENTED_EDGE('',*,*,#6919,.T.);
#4446=ORIENTED_EDGE('',*,*,#6317,.T.);
#4447=ORIENTED_EDGE('',*,*,#6375,.T.);
#4448=ORIENTED_EDGE('',*,*,#6927,.T.);
#4449=ORIENTED_EDGE('',*,*,#6914,.T.);
#4450=ORIENTED_EDGE('',*,*,#6916,.T.);
#4451=ORIENTED_EDGE('',*,*,#6928,.T.);
#4452=ORIENTED_EDGE('',*,*,#6358,.T.);
#4453=ORIENTED_EDGE('',*,*,#6929,.T.);
#4454=ORIENTED_EDGE('',*,*,#6929,.F.);
#4455=ORIENTED_EDGE('',*,*,#6357,.T.);
#4456=ORIENTED_EDGE('',*,*,#6923,.T.);
#4457=ORIENTED_EDGE('',*,*,#6920,.T.);
#4458=ORIENTED_EDGE('',*,*,#6928,.F.);
#4459=ORIENTED_EDGE('',*,*,#6918,.F.);
#4460=ORIENTED_EDGE('',*,*,#6924,.T.);
#4461=ORIENTED_EDGE('',*,*,#6359,.T.);
#4462=ORIENTED_EDGE('',*,*,#6930,.T.);
#4463=ORIENTED_EDGE('',*,*,#6931,.T.);
#4464=ORIENTED_EDGE('',*,*,#6932,.T.);
#4465=ORIENTED_EDGE('',*,*,#6925,.T.);
#4466=ORIENTED_EDGE('',*,*,#6915,.T.);
#4467=ORIENTED_EDGE('',*,*,#6927,.F.);
#4468=ORIENTED_EDGE('',*,*,#6374,.T.);
#4469=ORIENTED_EDGE('',*,*,#6933,.T.);
#4470=ORIENTED_EDGE('',*,*,#6384,.T.);
#4471=ORIENTED_EDGE('',*,*,#6934,.T.);
#4472=ORIENTED_EDGE('',*,*,#6935,.F.);
#4473=ORIENTED_EDGE('',*,*,#6319,.T.);
#4474=ORIENTED_EDGE('',*,*,#6922,.T.);
#4475=ORIENTED_EDGE('',*,*,#6926,.T.);
#4476=ORIENTED_EDGE('',*,*,#6936,.F.);
#4477=ORIENTED_EDGE('',*,*,#6937,.F.);
#4478=ORIENTED_EDGE('',*,*,#6938,.F.);
#4479=ORIENTED_EDGE('',*,*,#6939,.F.);
#4480=ORIENTED_EDGE('',*,*,#6940,.F.);
#4481=ORIENTED_EDGE('',*,*,#6937,.T.);
#4482=ORIENTED_EDGE('',*,*,#6941,.T.);
#4483=ORIENTED_EDGE('',*,*,#6942,.T.);
#4484=ORIENTED_EDGE('',*,*,#6943,.F.);
#4485=ORIENTED_EDGE('',*,*,#6944,.F.);
#4486=ORIENTED_EDGE('',*,*,#6945,.T.);
#4487=ORIENTED_EDGE('',*,*,#6946,.F.);
#4488=ORIENTED_EDGE('',*,*,#6304,.T.);
#4489=ORIENTED_EDGE('',*,*,#6945,.F.);
#4490=ORIENTED_EDGE('',*,*,#6947,.F.);
#4491=ORIENTED_EDGE('',*,*,#6273,.F.);
#4492=ORIENTED_EDGE('',*,*,#6948,.F.);
#4493=ORIENTED_EDGE('',*,*,#6941,.F.);
#4494=ORIENTED_EDGE('',*,*,#6936,.T.);
#4495=ORIENTED_EDGE('',*,*,#6949,.F.);
#4496=ORIENTED_EDGE('',*,*,#6950,.F.);
#4497=ORIENTED_EDGE('',*,*,#6943,.T.);
#4498=ORIENTED_EDGE('',*,*,#6303,.T.);
#4499=ORIENTED_EDGE('',*,*,#6294,.T.);
#4500=ORIENTED_EDGE('',*,*,#6951,.T.);
#4501=ORIENTED_EDGE('',*,*,#6938,.T.);
#4502=ORIENTED_EDGE('',*,*,#6940,.T.);
#4503=ORIENTED_EDGE('',*,*,#6952,.T.);
#4504=ORIENTED_EDGE('',*,*,#6271,.T.);
#4505=ORIENTED_EDGE('',*,*,#6953,.T.);
#4506=ORIENTED_EDGE('',*,*,#6953,.F.);
#4507=ORIENTED_EDGE('',*,*,#6270,.T.);
#4508=ORIENTED_EDGE('',*,*,#6947,.T.);
#4509=ORIENTED_EDGE('',*,*,#6944,.T.);
#4510=ORIENTED_EDGE('',*,*,#6952,.F.);
#4511=ORIENTED_EDGE('',*,*,#6942,.F.);
#4512=ORIENTED_EDGE('',*,*,#6948,.T.);
#4513=ORIENTED_EDGE('',*,*,#6272,.T.);
#4514=ORIENTED_EDGE('',*,*,#6954,.T.);
#4515=ORIENTED_EDGE('',*,*,#6955,.T.);
#4516=ORIENTED_EDGE('',*,*,#6956,.T.);
#4517=ORIENTED_EDGE('',*,*,#6949,.T.);
#4518=ORIENTED_EDGE('',*,*,#6939,.T.);
#4519=ORIENTED_EDGE('',*,*,#6951,.F.);
#4520=ORIENTED_EDGE('',*,*,#6293,.T.);
#4521=ORIENTED_EDGE('',*,*,#6957,.T.);
#4522=ORIENTED_EDGE('',*,*,#6350,.T.);
#4523=ORIENTED_EDGE('',*,*,#6958,.T.);
#4524=ORIENTED_EDGE('',*,*,#6959,.F.);
#4525=ORIENTED_EDGE('',*,*,#6305,.T.);
#4526=ORIENTED_EDGE('',*,*,#6946,.T.);
#4527=ORIENTED_EDGE('',*,*,#6950,.T.);
#4528=ORIENTED_EDGE('',*,*,#6960,.F.);
#4529=ORIENTED_EDGE('',*,*,#6961,.T.);
#4530=ORIENTED_EDGE('',*,*,#6962,.T.);
#4531=ORIENTED_EDGE('',*,*,#6963,.F.);
#4532=ORIENTED_EDGE('',*,*,#6960,.T.);
#4533=ORIENTED_EDGE('',*,*,#6964,.T.);
#4534=ORIENTED_EDGE('',*,*,#6965,.F.);
#4535=ORIENTED_EDGE('',*,*,#6966,.F.);
#4536=ORIENTED_EDGE('',*,*,#6967,.T.);
#4537=ORIENTED_EDGE('',*,*,#6968,.T.);
#4538=ORIENTED_EDGE('',*,*,#6969,.F.);
#4539=ORIENTED_EDGE('',*,*,#6970,.F.);
#4540=ORIENTED_EDGE('',*,*,#6962,.F.);
#4541=ORIENTED_EDGE('',*,*,#6971,.F.);
#4542=ORIENTED_EDGE('',*,*,#6972,.F.);
#4543=ORIENTED_EDGE('',*,*,#6973,.F.);
#4544=ORIENTED_EDGE('',*,*,#6974,.T.);
#4545=ORIENTED_EDGE('',*,*,#6975,.T.);
#4546=ORIENTED_EDGE('',*,*,#6976,.T.);
#4547=ORIENTED_EDGE('',*,*,#6977,.F.);
#4548=ORIENTED_EDGE('',*,*,#6978,.F.);
#4549=ORIENTED_EDGE('',*,*,#6281,.F.);
#4550=ORIENTED_EDGE('',*,*,#6313,.T.);
#4551=ORIENTED_EDGE('',*,*,#6451,.F.);
#4552=ORIENTED_EDGE('',*,*,#6979,.F.);
#4553=ORIENTED_EDGE('',*,*,#6980,.F.);
#4554=ORIENTED_EDGE('',*,*,#6981,.T.);
#4555=ORIENTED_EDGE('',*,*,#6982,.T.);
#4556=ORIENTED_EDGE('',*,*,#6983,.F.);
#4557=ORIENTED_EDGE('',*,*,#6984,.T.);
#4558=ORIENTED_EDGE('',*,*,#6985,.F.);
#4559=ORIENTED_EDGE('',*,*,#6986,.F.);
#4560=ORIENTED_EDGE('',*,*,#6987,.F.);
#4561=ORIENTED_EDGE('',*,*,#6988,.F.);
#4562=ORIENTED_EDGE('',*,*,#6989,.T.);
#4563=ORIENTED_EDGE('',*,*,#6990,.F.);
#4564=ORIENTED_EDGE('',*,*,#6991,.T.);
#4565=ORIENTED_EDGE('',*,*,#6992,.T.);
#4566=ORIENTED_EDGE('',*,*,#6993,.T.);
#4567=ORIENTED_EDGE('',*,*,#6994,.F.);
#4568=ORIENTED_EDGE('',*,*,#6968,.F.);
#4569=ORIENTED_EDGE('',*,*,#6995,.F.);
#4570=ORIENTED_EDGE('',*,*,#6994,.T.);
#4571=ORIENTED_EDGE('',*,*,#6996,.T.);
#4572=ORIENTED_EDGE('',*,*,#6997,.F.);
#4573=ORIENTED_EDGE('',*,*,#6998,.F.);
#4574=ORIENTED_EDGE('',*,*,#6999,.T.);
#4575=ORIENTED_EDGE('',*,*,#7000,.T.);
#4576=ORIENTED_EDGE('',*,*,#7001,.F.);
#4577=ORIENTED_EDGE('',*,*,#7002,.T.);
#4578=ORIENTED_EDGE('',*,*,#7003,.F.);
#4579=ORIENTED_EDGE('',*,*,#6999,.F.);
#4580=ORIENTED_EDGE('',*,*,#7004,.T.);
#4581=ORIENTED_EDGE('',*,*,#7005,.F.);
#4582=ORIENTED_EDGE('',*,*,#6964,.F.);
#4583=ORIENTED_EDGE('',*,*,#6963,.T.);
#4584=ORIENTED_EDGE('',*,*,#6970,.T.);
#4585=ORIENTED_EDGE('',*,*,#6965,.T.);
#4586=ORIENTED_EDGE('',*,*,#7005,.T.);
#4587=ORIENTED_EDGE('',*,*,#7006,.F.);
#4588=ORIENTED_EDGE('',*,*,#7007,.T.);
#4589=ORIENTED_EDGE('',*,*,#6966,.T.);
#4590=ORIENTED_EDGE('',*,*,#7007,.F.);
#4591=ORIENTED_EDGE('',*,*,#7008,.F.);
#4592=ORIENTED_EDGE('',*,*,#6971,.T.);
#4593=ORIENTED_EDGE('',*,*,#6961,.F.);
#4594=ORIENTED_EDGE('',*,*,#7009,.T.);
#4595=ORIENTED_EDGE('',*,*,#7010,.T.);
#4596=ORIENTED_EDGE('',*,*,#7011,.T.);
#4597=ORIENTED_EDGE('',*,*,#7010,.F.);
#4598=ORIENTED_EDGE('',*,*,#7012,.F.);
#4599=ORIENTED_EDGE('',*,*,#7013,.T.);
#4600=ORIENTED_EDGE('',*,*,#7014,.F.);
#4601=ORIENTED_EDGE('',*,*,#6985,.T.);
#4602=ORIENTED_EDGE('',*,*,#7015,.F.);
#4603=ORIENTED_EDGE('',*,*,#7011,.F.);
#4604=ORIENTED_EDGE('',*,*,#7014,.T.);
#4605=ORIENTED_EDGE('',*,*,#7016,.T.);
#4606=ORIENTED_EDGE('',*,*,#7017,.F.);
#4607=ORIENTED_EDGE('',*,*,#7018,.T.);
#4608=ORIENTED_EDGE('',*,*,#6986,.T.);
#4609=ORIENTED_EDGE('',*,*,#7017,.T.);
#4610=ORIENTED_EDGE('',*,*,#7019,.T.);
#4611=ORIENTED_EDGE('',*,*,#7020,.T.);
#4612=ORIENTED_EDGE('',*,*,#6987,.T.);
#4613=ORIENTED_EDGE('',*,*,#7018,.F.);
#4614=ORIENTED_EDGE('',*,*,#7021,.F.);
#4615=ORIENTED_EDGE('',*,*,#7022,.F.);
#4616=ORIENTED_EDGE('',*,*,#6988,.T.);
#4617=ORIENTED_EDGE('',*,*,#7020,.F.);
#4618=ORIENTED_EDGE('',*,*,#7023,.T.);
#4619=ORIENTED_EDGE('',*,*,#6989,.F.);
#4620=ORIENTED_EDGE('',*,*,#7022,.T.);
#4621=ORIENTED_EDGE('',*,*,#7024,.T.);
#4622=ORIENTED_EDGE('',*,*,#7025,.F.);
#4623=ORIENTED_EDGE('',*,*,#7026,.F.);
#4624=ORIENTED_EDGE('',*,*,#6990,.T.);
#4625=ORIENTED_EDGE('',*,*,#7025,.T.);
#4626=ORIENTED_EDGE('',*,*,#7027,.T.);
#4627=ORIENTED_EDGE('',*,*,#6995,.T.);
#4628=ORIENTED_EDGE('',*,*,#6967,.F.);
#4629=ORIENTED_EDGE('',*,*,#7026,.T.);
#4630=ORIENTED_EDGE('',*,*,#7028,.T.);
#4631=ORIENTED_EDGE('',*,*,#7029,.T.);
#4632=ORIENTED_EDGE('',*,*,#6991,.F.);
#4633=ORIENTED_EDGE('',*,*,#7030,.T.);
#4634=ORIENTED_EDGE('',*,*,#7031,.T.);
#4635=ORIENTED_EDGE('',*,*,#6992,.F.);
#4636=ORIENTED_EDGE('',*,*,#7029,.F.);
#4637=ORIENTED_EDGE('',*,*,#6969,.T.);
#4638=ORIENTED_EDGE('',*,*,#6996,.F.);
#4639=ORIENTED_EDGE('',*,*,#6993,.F.);
#4640=ORIENTED_EDGE('',*,*,#7031,.F.);
#4641=ORIENTED_EDGE('',*,*,#7032,.F.);
#4642=ORIENTED_EDGE('',*,*,#7033,.T.);
#4643=ORIENTED_EDGE('',*,*,#7034,.F.);
#4644=ORIENTED_EDGE('',*,*,#7035,.F.);
#4645=ORIENTED_EDGE('',*,*,#7000,.F.);
#4646=ORIENTED_EDGE('',*,*,#7003,.T.);
#4647=ORIENTED_EDGE('',*,*,#7036,.T.);
#4648=ORIENTED_EDGE('',*,*,#7037,.F.);
#4649=ORIENTED_EDGE('',*,*,#7038,.F.);
#4650=ORIENTED_EDGE('',*,*,#6997,.T.);
#4651=ORIENTED_EDGE('',*,*,#7035,.T.);
#4652=ORIENTED_EDGE('',*,*,#7039,.F.);
#4653=ORIENTED_EDGE('',*,*,#7040,.F.);
#4654=ORIENTED_EDGE('',*,*,#7001,.T.);
#4655=ORIENTED_EDGE('',*,*,#6998,.T.);
#4656=ORIENTED_EDGE('',*,*,#7038,.T.);
#4657=ORIENTED_EDGE('',*,*,#6972,.T.);
#4658=ORIENTED_EDGE('',*,*,#7008,.T.);
#4659=ORIENTED_EDGE('',*,*,#7006,.T.);
#4660=ORIENTED_EDGE('',*,*,#7004,.F.);
#4661=ORIENTED_EDGE('',*,*,#7033,.F.);
#4662=ORIENTED_EDGE('',*,*,#7036,.F.);
#4663=ORIENTED_EDGE('',*,*,#7002,.F.);
#4664=ORIENTED_EDGE('',*,*,#7040,.T.);
#4665=ORIENTED_EDGE('',*,*,#7041,.F.);
#4666=ORIENTED_EDGE('',*,*,#7042,.F.);
#4667=ORIENTED_EDGE('',*,*,#7043,.F.);
#4668=ORIENTED_EDGE('',*,*,#6973,.T.);
#4669=ORIENTED_EDGE('',*,*,#7042,.T.);
#4670=ORIENTED_EDGE('',*,*,#7044,.T.);
#4671=ORIENTED_EDGE('',*,*,#6974,.F.);
#4672=ORIENTED_EDGE('',*,*,#7043,.T.);
#4673=ORIENTED_EDGE('',*,*,#7045,.F.);
#4674=ORIENTED_EDGE('',*,*,#7046,.F.);
#4675=ORIENTED_EDGE('',*,*,#7047,.F.);
#4676=ORIENTED_EDGE('',*,*,#6977,.T.);
#4677=ORIENTED_EDGE('',*,*,#7048,.F.);
#4678=ORIENTED_EDGE('',*,*,#7049,.F.);
#4679=ORIENTED_EDGE('',*,*,#7050,.T.);
#4680=ORIENTED_EDGE('',*,*,#7051,.T.);
#4681=ORIENTED_EDGE('',*,*,#7048,.T.);
#4682=ORIENTED_EDGE('',*,*,#6976,.F.);
#4683=ORIENTED_EDGE('',*,*,#6975,.F.);
#4684=ORIENTED_EDGE('',*,*,#7046,.T.);
#4685=ORIENTED_EDGE('',*,*,#7052,.T.);
#4686=ORIENTED_EDGE('',*,*,#7050,.F.);
#4687=ORIENTED_EDGE('',*,*,#7053,.T.);
#4688=ORIENTED_EDGE('',*,*,#7054,.T.);
#4689=ORIENTED_EDGE('',*,*,#7012,.T.);
#4690=ORIENTED_EDGE('',*,*,#7009,.F.);
#4691=ORIENTED_EDGE('',*,*,#7015,.T.);
#4692=ORIENTED_EDGE('',*,*,#6984,.F.);
#4693=ORIENTED_EDGE('',*,*,#7055,.F.);
#4694=ORIENTED_EDGE('',*,*,#7056,.F.);
#4695=ORIENTED_EDGE('',*,*,#7053,.F.);
#4696=ORIENTED_EDGE('',*,*,#6983,.T.);
#4697=ORIENTED_EDGE('',*,*,#7055,.T.);
#4698=ORIENTED_EDGE('',*,*,#6982,.F.);
#4699=ORIENTED_EDGE('',*,*,#7057,.F.);
#4700=ORIENTED_EDGE('',*,*,#7058,.T.);
#4701=ORIENTED_EDGE('',*,*,#7057,.T.);
#4702=ORIENTED_EDGE('',*,*,#6981,.F.);
#4703=ORIENTED_EDGE('',*,*,#7059,.T.);
#4704=ORIENTED_EDGE('',*,*,#7060,.T.);
#4705=ORIENTED_EDGE('',*,*,#7059,.F.);
#4706=ORIENTED_EDGE('',*,*,#6980,.T.);
#4707=ORIENTED_EDGE('',*,*,#7061,.F.);
#4708=ORIENTED_EDGE('',*,*,#7062,.F.);
#4709=ORIENTED_EDGE('',*,*,#7061,.T.);
#4710=ORIENTED_EDGE('',*,*,#6979,.T.);
#4711=ORIENTED_EDGE('',*,*,#6450,.T.);
#4712=ORIENTED_EDGE('',*,*,#7063,.F.);
#4713=ORIENTED_EDGE('',*,*,#6283,.F.);
#4714=ORIENTED_EDGE('',*,*,#7064,.T.);
#4715=ORIENTED_EDGE('',*,*,#7065,.T.);
#4716=ORIENTED_EDGE('',*,*,#7066,.T.);
#4717=ORIENTED_EDGE('',*,*,#7067,.T.);
#4718=ORIENTED_EDGE('',*,*,#6284,.F.);
#4719=ORIENTED_EDGE('',*,*,#7065,.F.);
#4720=ORIENTED_EDGE('',*,*,#7067,.F.);
#4721=ORIENTED_EDGE('',*,*,#7068,.T.);
#4722=ORIENTED_EDGE('',*,*,#7049,.T.);
#4723=ORIENTED_EDGE('',*,*,#7051,.F.);
#4724=ORIENTED_EDGE('',*,*,#7052,.F.);
#4725=ORIENTED_EDGE('',*,*,#7045,.T.);
#4726=ORIENTED_EDGE('',*,*,#7044,.F.);
#4727=ORIENTED_EDGE('',*,*,#7041,.T.);
#4728=ORIENTED_EDGE('',*,*,#7039,.T.);
#4729=ORIENTED_EDGE('',*,*,#7037,.T.);
#4730=ORIENTED_EDGE('',*,*,#7034,.T.);
#4731=ORIENTED_EDGE('',*,*,#7032,.T.);
#4732=ORIENTED_EDGE('',*,*,#7030,.F.);
#4733=ORIENTED_EDGE('',*,*,#7028,.F.);
#4734=ORIENTED_EDGE('',*,*,#7027,.F.);
#4735=ORIENTED_EDGE('',*,*,#7024,.F.);
#4736=ORIENTED_EDGE('',*,*,#7023,.F.);
#4737=ORIENTED_EDGE('',*,*,#7021,.T.);
#4738=ORIENTED_EDGE('',*,*,#7019,.F.);
#4739=ORIENTED_EDGE('',*,*,#7016,.F.);
#4740=ORIENTED_EDGE('',*,*,#7013,.F.);
#4741=ORIENTED_EDGE('',*,*,#7054,.F.);
#4742=ORIENTED_EDGE('',*,*,#7056,.T.);
#4743=ORIENTED_EDGE('',*,*,#7058,.F.);
#4744=ORIENTED_EDGE('',*,*,#7060,.F.);
#4745=ORIENTED_EDGE('',*,*,#7062,.T.);
#4746=ORIENTED_EDGE('',*,*,#7063,.T.);
#4747=ORIENTED_EDGE('',*,*,#6449,.F.);
#4748=ORIENTED_EDGE('',*,*,#7069,.T.);
#4749=ORIENTED_EDGE('',*,*,#6285,.F.);
#4750=ORIENTED_EDGE('',*,*,#7068,.F.);
#4751=ORIENTED_EDGE('',*,*,#7066,.F.);
#4752=ORIENTED_EDGE('',*,*,#7064,.F.);
#4753=ORIENTED_EDGE('',*,*,#6282,.T.);
#4754=ORIENTED_EDGE('',*,*,#6978,.T.);
#4755=ORIENTED_EDGE('',*,*,#7047,.T.);
#4756=ORIENTED_EDGE('',*,*,#7070,.T.);
#4757=ORIENTED_EDGE('',*,*,#7071,.T.);
#4758=ORIENTED_EDGE('',*,*,#7072,.F.);
#4759=ORIENTED_EDGE('',*,*,#7073,.F.);
#4760=ORIENTED_EDGE('',*,*,#7074,.F.);
#4761=ORIENTED_EDGE('',*,*,#7075,.F.);
#4762=ORIENTED_EDGE('',*,*,#7076,.F.);
#4763=ORIENTED_EDGE('',*,*,#7071,.F.);
#4764=ORIENTED_EDGE('',*,*,#7077,.F.);
#4765=ORIENTED_EDGE('',*,*,#7078,.F.);
#4766=ORIENTED_EDGE('',*,*,#7079,.F.);
#4767=ORIENTED_EDGE('',*,*,#7080,.T.);
#4768=ORIENTED_EDGE('',*,*,#7081,.T.);
#4769=ORIENTED_EDGE('',*,*,#6288,.T.);
#4770=ORIENTED_EDGE('',*,*,#7082,.F.);
#4771=ORIENTED_EDGE('',*,*,#7083,.F.);
#4772=ORIENTED_EDGE('',*,*,#6390,.T.);
#4773=ORIENTED_EDGE('',*,*,#7084,.T.);
#4774=ORIENTED_EDGE('',*,*,#7085,.T.);
#4775=ORIENTED_EDGE('',*,*,#7086,.T.);
#4776=ORIENTED_EDGE('',*,*,#7087,.T.);
#4777=ORIENTED_EDGE('',*,*,#7088,.F.);
#4778=ORIENTED_EDGE('',*,*,#7078,.T.);
#4779=ORIENTED_EDGE('',*,*,#7089,.F.);
#4780=ORIENTED_EDGE('',*,*,#6275,.F.);
#4781=ORIENTED_EDGE('',*,*,#7090,.F.);
#4782=ORIENTED_EDGE('',*,*,#7080,.F.);
#4783=ORIENTED_EDGE('',*,*,#7091,.F.);
#4784=ORIENTED_EDGE('',*,*,#7092,.F.);
#4785=ORIENTED_EDGE('',*,*,#7074,.T.);
#4786=ORIENTED_EDGE('',*,*,#7070,.F.);
#4787=ORIENTED_EDGE('',*,*,#7093,.F.);
#4788=ORIENTED_EDGE('',*,*,#7094,.F.);
#4789=ORIENTED_EDGE('',*,*,#7091,.T.);
#4790=ORIENTED_EDGE('',*,*,#7079,.T.);
#4791=ORIENTED_EDGE('',*,*,#7088,.T.);
#4792=ORIENTED_EDGE('',*,*,#7095,.T.);
#4793=ORIENTED_EDGE('',*,*,#7096,.T.);
#4794=ORIENTED_EDGE('',*,*,#7097,.T.);
#4795=ORIENTED_EDGE('',*,*,#7098,.T.);
#4796=ORIENTED_EDGE('',*,*,#6388,.T.);
#4797=ORIENTED_EDGE('',*,*,#7099,.T.);
#4798=ORIENTED_EDGE('',*,*,#6290,.F.);
#4799=ORIENTED_EDGE('',*,*,#7100,.F.);
#4800=ORIENTED_EDGE('',*,*,#7075,.T.);
#4801=ORIENTED_EDGE('',*,*,#7092,.T.);
#4802=ORIENTED_EDGE('',*,*,#7101,.F.);
#4803=ORIENTED_EDGE('',*,*,#7081,.F.);
#4804=ORIENTED_EDGE('',*,*,#7090,.T.);
#4805=ORIENTED_EDGE('',*,*,#6274,.T.);
#4806=ORIENTED_EDGE('',*,*,#7102,.F.);
#4807=ORIENTED_EDGE('',*,*,#6276,.T.);
#4808=ORIENTED_EDGE('',*,*,#7093,.T.);
#4809=ORIENTED_EDGE('',*,*,#7073,.T.);
#4810=ORIENTED_EDGE('',*,*,#7100,.T.);
#4811=ORIENTED_EDGE('',*,*,#6289,.T.);
#4812=ORIENTED_EDGE('',*,*,#7089,.T.);
#4813=ORIENTED_EDGE('',*,*,#7077,.T.);
#4814=ORIENTED_EDGE('',*,*,#7101,.T.);
#4815=ORIENTED_EDGE('',*,*,#6277,.T.);
#4816=ORIENTED_EDGE('',*,*,#7102,.T.);
#4817=ORIENTED_EDGE('',*,*,#7072,.T.);
#4818=ORIENTED_EDGE('',*,*,#7076,.T.);
#4819=ORIENTED_EDGE('',*,*,#6795,.F.);
#4820=ORIENTED_EDGE('',*,*,#7103,.T.);
#4821=ORIENTED_EDGE('',*,*,#6781,.F.);
#4822=ORIENTED_EDGE('',*,*,#7104,.T.);
#4823=ORIENTED_EDGE('',*,*,#6796,.F.);
#4824=ORIENTED_EDGE('',*,*,#7104,.F.);
#4825=ORIENTED_EDGE('',*,*,#6787,.F.);
#4826=ORIENTED_EDGE('',*,*,#6355,.T.);
#4827=ORIENTED_EDGE('',*,*,#6783,.F.);
#4828=ORIENTED_EDGE('',*,*,#7105,.T.);
#4829=ORIENTED_EDGE('',*,*,#6793,.F.);
#4830=ORIENTED_EDGE('',*,*,#6792,.T.);
#4831=ORIENTED_EDGE('',*,*,#6298,.F.);
#4832=ORIENTED_EDGE('',*,*,#7106,.T.);
#4833=ORIENTED_EDGE('',*,*,#6954,.F.);
#4834=ORIENTED_EDGE('',*,*,#7107,.F.);
#4835=ORIENTED_EDGE('',*,*,#7108,.F.);
#4836=ORIENTED_EDGE('',*,*,#7109,.T.);
#4837=ORIENTED_EDGE('',*,*,#7110,.T.);
#4838=ORIENTED_EDGE('',*,*,#6306,.F.);
#4839=ORIENTED_EDGE('',*,*,#6959,.T.);
#4840=ORIENTED_EDGE('',*,*,#6956,.F.);
#4841=ORIENTED_EDGE('',*,*,#7111,.T.);
#4842=ORIENTED_EDGE('',*,*,#6296,.F.);
#4843=ORIENTED_EDGE('',*,*,#6958,.F.);
#4844=ORIENTED_EDGE('',*,*,#6349,.F.);
#4845=ORIENTED_EDGE('',*,*,#6299,.F.);
#4846=ORIENTED_EDGE('',*,*,#7107,.T.);
#4847=ORIENTED_EDGE('',*,*,#6934,.F.);
#4848=ORIENTED_EDGE('',*,*,#6383,.F.);
#4849=ORIENTED_EDGE('',*,*,#6325,.F.);
#4850=ORIENTED_EDGE('',*,*,#7112,.T.);
#4851=ORIENTED_EDGE('',*,*,#6324,.F.);
#4852=ORIENTED_EDGE('',*,*,#7113,.T.);
#4853=ORIENTED_EDGE('',*,*,#6930,.F.);
#4854=ORIENTED_EDGE('',*,*,#7112,.F.);
#4855=ORIENTED_EDGE('',*,*,#7114,.F.);
#4856=ORIENTED_EDGE('',*,*,#7115,.T.);
#4857=ORIENTED_EDGE('',*,*,#7116,.T.);
#4858=ORIENTED_EDGE('',*,*,#6320,.F.);
#4859=ORIENTED_EDGE('',*,*,#6935,.T.);
#4860=ORIENTED_EDGE('',*,*,#6932,.F.);
#4861=ORIENTED_EDGE('',*,*,#7117,.T.);
#4862=ORIENTED_EDGE('',*,*,#6322,.F.);
#4863=ORIENTED_EDGE('',*,*,#7087,.F.);
#4864=ORIENTED_EDGE('',*,*,#7118,.T.);
#4865=ORIENTED_EDGE('',*,*,#7095,.F.);
#4866=ORIENTED_EDGE('',*,*,#7094,.T.);
#4867=ORIENTED_EDGE('',*,*,#7097,.F.);
#4868=ORIENTED_EDGE('',*,*,#7119,.T.);
#4869=ORIENTED_EDGE('',*,*,#7085,.F.);
#4870=ORIENTED_EDGE('',*,*,#7120,.T.);
#4871=ORIENTED_EDGE('',*,*,#7098,.F.);
#4872=ORIENTED_EDGE('',*,*,#7120,.F.);
#4873=ORIENTED_EDGE('',*,*,#7084,.F.);
#4874=ORIENTED_EDGE('',*,*,#6389,.T.);
#4875=ORIENTED_EDGE('',*,*,#6782,.F.);
#4876=ORIENTED_EDGE('',*,*,#7103,.F.);
#4877=ORIENTED_EDGE('',*,*,#6794,.F.);
#4878=ORIENTED_EDGE('',*,*,#7105,.F.);
#4879=ORIENTED_EDGE('',*,*,#6323,.F.);
#4880=ORIENTED_EDGE('',*,*,#7117,.F.);
#4881=ORIENTED_EDGE('',*,*,#6931,.F.);
#4882=ORIENTED_EDGE('',*,*,#7113,.F.);
#4883=ORIENTED_EDGE('',*,*,#6297,.F.);
#4884=ORIENTED_EDGE('',*,*,#7111,.F.);
#4885=ORIENTED_EDGE('',*,*,#6955,.F.);
#4886=ORIENTED_EDGE('',*,*,#7106,.F.);
#4887=ORIENTED_EDGE('',*,*,#7086,.F.);
#4888=ORIENTED_EDGE('',*,*,#7119,.F.);
#4889=ORIENTED_EDGE('',*,*,#7096,.F.);
#4890=ORIENTED_EDGE('',*,*,#7118,.F.);
#4891=ORIENTED_EDGE('',*,*,#6160,.F.);
#4892=ORIENTED_EDGE('',*,*,#6351,.F.);
#4893=ORIENTED_EDGE('',*,*,#6957,.F.);
#4894=ORIENTED_EDGE('',*,*,#6292,.F.);
#4895=ORIENTED_EDGE('',*,*,#6162,.F.);
#4896=ORIENTED_EDGE('',*,*,#6291,.F.);
#4897=ORIENTED_EDGE('',*,*,#7099,.F.);
#4898=ORIENTED_EDGE('',*,*,#6387,.F.);
#4899=ORIENTED_EDGE('',*,*,#6391,.F.);
#4900=ORIENTED_EDGE('',*,*,#6385,.F.);
#4901=ORIENTED_EDGE('',*,*,#6933,.F.);
#4902=ORIENTED_EDGE('',*,*,#6373,.F.);
#4903=ORIENTED_EDGE('',*,*,#6797,.F.);
#4904=ORIENTED_EDGE('',*,*,#6353,.F.);
#4905=ORIENTED_EDGE('',*,*,#6392,.F.);
#4906=ORIENTED_EDGE('',*,*,#6371,.F.);
#4907=ORIENTED_EDGE('',*,*,#6367,.F.);
#4908=ORIENTED_EDGE('',*,*,#7121,.T.);
#4909=ORIENTED_EDGE('',*,*,#6347,.F.);
#4910=ORIENTED_EDGE('',*,*,#6786,.F.);
#4911=ORIENTED_EDGE('',*,*,#6652,.F.);
#4912=ORIENTED_EDGE('',*,*,#7122,.T.);
#4913=ORIENTED_EDGE('',*,*,#6630,.F.);
#4914=ORIENTED_EDGE('',*,*,#6456,.F.);
#4915=ORIENTED_EDGE('',*,*,#6633,.F.);
#4916=ORIENTED_EDGE('',*,*,#7123,.T.);
#4917=ORIENTED_EDGE('',*,*,#6707,.F.);
#4918=ORIENTED_EDGE('',*,*,#6466,.F.);
#4919=ORIENTED_EDGE('',*,*,#6690,.F.);
#4920=ORIENTED_EDGE('',*,*,#7124,.T.);
#4921=ORIENTED_EDGE('',*,*,#6746,.F.);
#4922=ORIENTED_EDGE('',*,*,#6472,.F.);
#4923=ORIENTED_EDGE('',*,*,#6736,.F.);
#4924=ORIENTED_EDGE('',*,*,#7125,.T.);
#4925=ORIENTED_EDGE('',*,*,#6428,.F.);
#4926=ORIENTED_EDGE('',*,*,#6478,.F.);
#4927=ORIENTED_EDGE('',*,*,#6611,.F.);
#4928=ORIENTED_EDGE('',*,*,#7126,.T.);
#4929=ORIENTED_EDGE('',*,*,#6661,.F.);
#4930=ORIENTED_EDGE('',*,*,#6480,.F.);
#4931=ORIENTED_EDGE('',*,*,#6682,.F.);
#4932=ORIENTED_EDGE('',*,*,#7127,.T.);
#4933=ORIENTED_EDGE('',*,*,#6748,.F.);
#4934=ORIENTED_EDGE('',*,*,#6490,.F.);
#4935=ORIENTED_EDGE('',*,*,#6757,.F.);
#4936=ORIENTED_EDGE('',*,*,#7128,.T.);
#4937=ORIENTED_EDGE('',*,*,#6729,.F.);
#4938=ORIENTED_EDGE('',*,*,#6496,.F.);
#4939=ORIENTED_EDGE('',*,*,#6726,.F.);
#4940=ORIENTED_EDGE('',*,*,#7129,.T.);
#4941=ORIENTED_EDGE('',*,*,#6657,.F.);
#4942=ORIENTED_EDGE('',*,*,#6502,.F.);
#4943=ORIENTED_EDGE('',*,*,#6649,.F.);
#4944=ORIENTED_EDGE('',*,*,#6514,.F.);
#4945=ORIENTED_EDGE('',*,*,#7130,.F.);
#4946=ORIENTED_EDGE('',*,*,#6651,.F.);
#4947=ORIENTED_EDGE('',*,*,#7130,.T.);
#4948=ORIENTED_EDGE('',*,*,#6513,.F.);
#4949=ORIENTED_EDGE('',*,*,#7131,.F.);
#4950=ORIENTED_EDGE('',*,*,#7122,.F.);
#4951=ORIENTED_EDGE('',*,*,#6617,.F.);
#4952=ORIENTED_EDGE('',*,*,#6631,.F.);
#4953=ORIENTED_EDGE('',*,*,#7131,.T.);
#4954=ORIENTED_EDGE('',*,*,#6512,.F.);
#4955=ORIENTED_EDGE('',*,*,#6646,.F.);
#4956=ORIENTED_EDGE('',*,*,#6644,.F.);
#4957=ORIENTED_EDGE('',*,*,#6642,.F.);
#4958=ORIENTED_EDGE('',*,*,#6518,.F.);
#4959=ORIENTED_EDGE('',*,*,#6715,.F.);
#4960=ORIENTED_EDGE('',*,*,#6524,.F.);
#4961=ORIENTED_EDGE('',*,*,#7132,.F.);
#4962=ORIENTED_EDGE('',*,*,#6725,.F.);
#4963=ORIENTED_EDGE('',*,*,#7132,.T.);
#4964=ORIENTED_EDGE('',*,*,#6523,.F.);
#4965=ORIENTED_EDGE('',*,*,#7133,.F.);
#4966=ORIENTED_EDGE('',*,*,#7129,.F.);
#4967=ORIENTED_EDGE('',*,*,#6639,.F.);
#4968=ORIENTED_EDGE('',*,*,#6658,.F.);
#4969=ORIENTED_EDGE('',*,*,#7133,.T.);
#4970=ORIENTED_EDGE('',*,*,#6522,.F.);
#4971=ORIENTED_EDGE('',*,*,#6755,.F.);
#4972=ORIENTED_EDGE('',*,*,#6530,.F.);
#4973=ORIENTED_EDGE('',*,*,#7134,.F.);
#4974=ORIENTED_EDGE('',*,*,#6756,.F.);
#4975=ORIENTED_EDGE('',*,*,#7134,.T.);
#4976=ORIENTED_EDGE('',*,*,#6529,.F.);
#4977=ORIENTED_EDGE('',*,*,#7135,.F.);
#4978=ORIENTED_EDGE('',*,*,#7128,.F.);
#4979=ORIENTED_EDGE('',*,*,#6711,.F.);
#4980=ORIENTED_EDGE('',*,*,#6730,.F.);
#4981=ORIENTED_EDGE('',*,*,#7135,.T.);
#4982=ORIENTED_EDGE('',*,*,#6528,.F.);
#4983=ORIENTED_EDGE('',*,*,#6680,.F.);
#4984=ORIENTED_EDGE('',*,*,#6536,.F.);
#4985=ORIENTED_EDGE('',*,*,#7136,.F.);
#4986=ORIENTED_EDGE('',*,*,#6681,.F.);
#4987=ORIENTED_EDGE('',*,*,#7136,.T.);
#4988=ORIENTED_EDGE('',*,*,#6535,.F.);
#4989=ORIENTED_EDGE('',*,*,#7137,.F.);
#4990=ORIENTED_EDGE('',*,*,#7127,.F.);
#4991=ORIENTED_EDGE('',*,*,#6751,.F.);
#4992=ORIENTED_EDGE('',*,*,#6749,.F.);
#4993=ORIENTED_EDGE('',*,*,#7137,.T.);
#4994=ORIENTED_EDGE('',*,*,#6534,.F.);
#4995=ORIENTED_EDGE('',*,*,#6672,.F.);
#4996=ORIENTED_EDGE('',*,*,#6669,.F.);
#4997=ORIENTED_EDGE('',*,*,#6668,.F.);
#4998=ORIENTED_EDGE('',*,*,#6540,.F.);
#4999=ORIENTED_EDGE('',*,*,#6424,.F.);
#5000=ORIENTED_EDGE('',*,*,#6546,.F.);
#5001=ORIENTED_EDGE('',*,*,#7138,.F.);
#5002=ORIENTED_EDGE('',*,*,#6610,.F.);
#5003=ORIENTED_EDGE('',*,*,#7138,.T.);
#5004=ORIENTED_EDGE('',*,*,#6545,.F.);
#5005=ORIENTED_EDGE('',*,*,#7139,.F.);
#5006=ORIENTED_EDGE('',*,*,#7126,.F.);
#5007=ORIENTED_EDGE('',*,*,#6665,.F.);
#5008=ORIENTED_EDGE('',*,*,#6662,.F.);
#5009=ORIENTED_EDGE('',*,*,#7139,.T.);
#5010=ORIENTED_EDGE('',*,*,#6544,.F.);
#5011=ORIENTED_EDGE('',*,*,#6734,.F.);
#5012=ORIENTED_EDGE('',*,*,#6550,.F.);
#5013=ORIENTED_EDGE('',*,*,#7140,.F.);
#5014=ORIENTED_EDGE('',*,*,#6735,.F.);
#5015=ORIENTED_EDGE('',*,*,#7140,.T.);
#5016=ORIENTED_EDGE('',*,*,#6549,.F.);
#5017=ORIENTED_EDGE('',*,*,#7141,.F.);
#5018=ORIENTED_EDGE('',*,*,#7125,.F.);
#5019=ORIENTED_EDGE('',*,*,#6404,.F.);
#5020=ORIENTED_EDGE('',*,*,#6429,.F.);
#5021=ORIENTED_EDGE('',*,*,#7141,.T.);
#5022=ORIENTED_EDGE('',*,*,#6548,.F.);
#5023=ORIENTED_EDGE('',*,*,#6412,.F.);
#5024=ORIENTED_EDGE('',*,*,#6547,.F.);
#5025=ORIENTED_EDGE('',*,*,#6416,.F.);
#5026=ORIENTED_EDGE('',*,*,#6426,.F.);
#5027=ORIENTED_EDGE('',*,*,#6744,.F.);
#5028=ORIENTED_EDGE('',*,*,#6747,.F.);
#5029=ORIENTED_EDGE('',*,*,#7142,.F.);
#5030=ORIENTED_EDGE('',*,*,#6554,.F.);
#5031=ORIENTED_EDGE('',*,*,#7142,.T.);
#5032=ORIENTED_EDGE('',*,*,#7124,.F.);
#5033=ORIENTED_EDGE('',*,*,#7143,.F.);
#5034=ORIENTED_EDGE('',*,*,#6555,.F.);
#5035=ORIENTED_EDGE('',*,*,#7143,.T.);
#5036=ORIENTED_EDGE('',*,*,#6689,.F.);
#5037=ORIENTED_EDGE('',*,*,#6688,.F.);
#5038=ORIENTED_EDGE('',*,*,#6556,.F.);
#5039=ORIENTED_EDGE('',*,*,#6623,.F.);
#5040=ORIENTED_EDGE('',*,*,#6562,.F.);
#5041=ORIENTED_EDGE('',*,*,#7144,.F.);
#5042=ORIENTED_EDGE('',*,*,#6632,.F.);
#5043=ORIENTED_EDGE('',*,*,#7144,.T.);
#5044=ORIENTED_EDGE('',*,*,#6561,.F.);
#5045=ORIENTED_EDGE('',*,*,#7145,.F.);
#5046=ORIENTED_EDGE('',*,*,#7123,.F.);
#5047=ORIENTED_EDGE('',*,*,#6700,.F.);
#5048=ORIENTED_EDGE('',*,*,#6708,.F.);
#5049=ORIENTED_EDGE('',*,*,#7145,.T.);
#5050=ORIENTED_EDGE('',*,*,#6560,.F.);
#5051=ORIENTED_EDGE('',*,*,#6620,.F.);
#5052=ORIENTED_EDGE('',*,*,#6634,.F.);
#5053=ORIENTED_EDGE('',*,*,#6614,.F.);
#5054=ORIENTED_EDGE('',*,*,#6566,.F.);
#5055=ORIENTED_EDGE('',*,*,#6218,.T.);
#5056=ORIENTED_EDGE('',*,*,#7146,.T.);
#5057=ORIENTED_EDGE('',*,*,#6172,.T.);
#5058=ORIENTED_EDGE('',*,*,#6170,.T.);
#5059=ORIENTED_EDGE('',*,*,#7147,.T.);
#5060=ORIENTED_EDGE('',*,*,#6219,.T.);
#5061=ORIENTED_EDGE('',*,*,#6230,.T.);
#5062=ORIENTED_EDGE('',*,*,#7148,.T.);
#5063=ORIENTED_EDGE('',*,*,#6194,.T.);
#5064=ORIENTED_EDGE('',*,*,#6192,.T.);
#5065=ORIENTED_EDGE('',*,*,#7149,.T.);
#5066=ORIENTED_EDGE('',*,*,#6231,.T.);
#5067=ORIENTED_EDGE('',*,*,#6242,.T.);
#5068=ORIENTED_EDGE('',*,*,#7150,.T.);
#5069=ORIENTED_EDGE('',*,*,#6188,.T.);
#5070=ORIENTED_EDGE('',*,*,#6186,.T.);
#5071=ORIENTED_EDGE('',*,*,#7151,.T.);
#5072=ORIENTED_EDGE('',*,*,#6243,.T.);
#5073=ORIENTED_EDGE('',*,*,#6180,.F.);
#5074=ORIENTED_EDGE('',*,*,#7152,.T.);
#5075=ORIENTED_EDGE('',*,*,#6199,.F.);
#5076=ORIENTED_EDGE('',*,*,#7153,.T.);
#5077=ORIENTED_EDGE('',*,*,#6178,.F.);
#5078=ORIENTED_EDGE('',*,*,#7154,.T.);
#5079=ORIENTED_EDGE('',*,*,#7155,.T.);
#5080=ORIENTED_EDGE('',*,*,#7156,.T.);
#5081=ORIENTED_EDGE('',*,*,#6174,.F.);
#5082=ORIENTED_EDGE('',*,*,#7157,.T.);
#5083=ORIENTED_EDGE('',*,*,#6216,.T.);
#5084=ORIENTED_EDGE('',*,*,#7158,.T.);
#5085=ORIENTED_EDGE('',*,*,#6168,.F.);
#5086=ORIENTED_EDGE('',*,*,#7159,.T.);
#5087=ORIENTED_EDGE('',*,*,#6228,.T.);
#5088=ORIENTED_EDGE('',*,*,#7160,.T.);
#5089=ORIENTED_EDGE('',*,*,#6190,.F.);
#5090=ORIENTED_EDGE('',*,*,#7161,.T.);
#5091=ORIENTED_EDGE('',*,*,#6240,.T.);
#5092=ORIENTED_EDGE('',*,*,#7162,.T.);
#5093=ORIENTED_EDGE('',*,*,#6184,.F.);
#5094=ORIENTED_EDGE('',*,*,#7163,.T.);
#5095=ORIENTED_EDGE('',*,*,#6196,.F.);
#5096=ORIENTED_EDGE('',*,*,#6198,.F.);
#5097=ORIENTED_EDGE('',*,*,#7164,.T.);
#5098=ORIENTED_EDGE('',*,*,#6182,.F.);
#5099=ORIENTED_EDGE('',*,*,#6251,.F.);
#5100=ORIENTED_EDGE('',*,*,#6341,.T.);
#5101=ORIENTED_EDGE('',*,*,#6238,.T.);
#5102=ORIENTED_EDGE('',*,*,#7165,.T.);
#5103=ORIENTED_EDGE('',*,*,#6151,.T.);
#5104=ORIENTED_EDGE('',*,*,#7166,.T.);
#5105=ORIENTED_EDGE('',*,*,#6236,.T.);
#5106=ORIENTED_EDGE('',*,*,#7167,.T.);
#5107=ORIENTED_EDGE('',*,*,#6248,.F.);
#5108=ORIENTED_EDGE('',*,*,#7168,.T.);
#5109=ORIENTED_EDGE('',*,*,#6234,.T.);
#5110=ORIENTED_EDGE('',*,*,#6345,.T.);
#5111=ORIENTED_EDGE('',*,*,#6257,.F.);
#5112=ORIENTED_EDGE('',*,*,#6338,.T.);
#5113=ORIENTED_EDGE('',*,*,#6226,.T.);
#5114=ORIENTED_EDGE('',*,*,#7169,.T.);
#5115=ORIENTED_EDGE('',*,*,#6147,.T.);
#5116=ORIENTED_EDGE('',*,*,#7170,.T.);
#5117=ORIENTED_EDGE('',*,*,#6224,.T.);
#5118=ORIENTED_EDGE('',*,*,#7171,.T.);
#5119=ORIENTED_EDGE('',*,*,#6254,.F.);
#5120=ORIENTED_EDGE('',*,*,#7172,.T.);
#5121=ORIENTED_EDGE('',*,*,#6222,.T.);
#5122=ORIENTED_EDGE('',*,*,#6342,.T.);
#5123=ORIENTED_EDGE('',*,*,#6213,.T.);
#5124=ORIENTED_EDGE('',*,*,#7173,.T.);
#5125=ORIENTED_EDGE('',*,*,#6165,.T.);
#5126=ORIENTED_EDGE('',*,*,#6167,.T.);
#5127=ORIENTED_EDGE('',*,*,#7174,.T.);
#5128=ORIENTED_EDGE('',*,*,#6211,.T.);
#5129=ORIENTED_EDGE('',*,*,#7175,.T.);
#5130=ORIENTED_EDGE('',*,*,#6260,.F.);
#5131=ORIENTED_EDGE('',*,*,#7176,.T.);
#5132=ORIENTED_EDGE('',*,*,#6209,.T.);
#5133=ORIENTED_EDGE('',*,*,#6339,.T.);
#5134=ORIENTED_EDGE('',*,*,#6245,.F.);
#5135=ORIENTED_EDGE('',*,*,#6344,.T.);
#5136=ORIENTED_EDGE('',*,*,#6206,.T.);
#5137=ORIENTED_EDGE('',*,*,#7177,.T.);
#5138=ORIENTED_EDGE('',*,*,#6155,.T.);
#5139=ORIENTED_EDGE('',*,*,#7178,.T.);
#5140=ORIENTED_EDGE('',*,*,#6204,.T.);
#5141=ORIENTED_EDGE('',*,*,#7179,.T.);
#5142=ORIENTED_EDGE('',*,*,#6157,.T.);
#5143=ORIENTED_EDGE('',*,*,#7180,.T.);
#5144=ORIENTED_EDGE('',*,*,#6202,.T.);
#5145=ORIENTED_EDGE('',*,*,#6154,.F.);
#5146=ORIENTED_EDGE('',*,*,#6246,.T.);
#5147=ORIENTED_EDGE('',*,*,#7177,.F.);
#5148=ORIENTED_EDGE('',*,*,#6205,.F.);
#5149=ORIENTED_EDGE('',*,*,#7178,.F.);
#5150=ORIENTED_EDGE('',*,*,#6183,.F.);
#5151=ORIENTED_EDGE('',*,*,#7164,.F.);
#5152=ORIENTED_EDGE('',*,*,#6197,.F.);
#5153=ORIENTED_EDGE('',*,*,#7163,.F.);
#5154=ORIENTED_EDGE('',*,*,#6150,.F.);
#5155=ORIENTED_EDGE('',*,*,#6252,.T.);
#5156=ORIENTED_EDGE('',*,*,#7165,.F.);
#5157=ORIENTED_EDGE('',*,*,#6237,.F.);
#5158=ORIENTED_EDGE('',*,*,#7166,.F.);
#5159=ORIENTED_EDGE('',*,*,#6189,.F.);
#5160=ORIENTED_EDGE('',*,*,#7150,.F.);
#5161=ORIENTED_EDGE('',*,*,#6241,.F.);
#5162=ORIENTED_EDGE('',*,*,#7161,.F.);
#5163=ORIENTED_EDGE('',*,*,#6146,.F.);
#5164=ORIENTED_EDGE('',*,*,#6258,.T.);
#5165=ORIENTED_EDGE('',*,*,#7169,.F.);
#5166=ORIENTED_EDGE('',*,*,#6225,.F.);
#5167=ORIENTED_EDGE('',*,*,#7170,.F.);
#5168=ORIENTED_EDGE('',*,*,#6195,.F.);
#5169=ORIENTED_EDGE('',*,*,#7148,.F.);
#5170=ORIENTED_EDGE('',*,*,#6229,.F.);
#5171=ORIENTED_EDGE('',*,*,#7159,.F.);
#5172=ORIENTED_EDGE('',*,*,#6166,.F.);
#5173=ORIENTED_EDGE('',*,*,#7173,.F.);
#5174=ORIENTED_EDGE('',*,*,#6212,.F.);
#5175=ORIENTED_EDGE('',*,*,#7174,.F.);
#5176=ORIENTED_EDGE('',*,*,#6173,.F.);
#5177=ORIENTED_EDGE('',*,*,#7146,.F.);
#5178=ORIENTED_EDGE('',*,*,#6217,.F.);
#5179=ORIENTED_EDGE('',*,*,#7157,.F.);
#5180=ORIENTED_EDGE('',*,*,#7176,.F.);
#5181=ORIENTED_EDGE('',*,*,#6259,.T.);
#5182=ORIENTED_EDGE('',*,*,#6144,.F.);
#5183=ORIENTED_EDGE('',*,*,#7175,.F.);
#5184=ORIENTED_EDGE('',*,*,#6210,.F.);
#5185=ORIENTED_EDGE('',*,*,#6169,.F.);
#5186=ORIENTED_EDGE('',*,*,#7158,.F.);
#5187=ORIENTED_EDGE('',*,*,#6220,.F.);
#5188=ORIENTED_EDGE('',*,*,#7147,.F.);
#5189=ORIENTED_EDGE('',*,*,#7172,.F.);
#5190=ORIENTED_EDGE('',*,*,#6253,.T.);
#5191=ORIENTED_EDGE('',*,*,#6148,.F.);
#5192=ORIENTED_EDGE('',*,*,#7171,.F.);
#5193=ORIENTED_EDGE('',*,*,#6223,.F.);
#5194=ORIENTED_EDGE('',*,*,#6191,.F.);
#5195=ORIENTED_EDGE('',*,*,#7160,.F.);
#5196=ORIENTED_EDGE('',*,*,#6232,.F.);
#5197=ORIENTED_EDGE('',*,*,#7149,.F.);
#5198=ORIENTED_EDGE('',*,*,#6185,.F.);
#5199=ORIENTED_EDGE('',*,*,#7162,.F.);
#5200=ORIENTED_EDGE('',*,*,#6244,.F.);
#5201=ORIENTED_EDGE('',*,*,#7151,.F.);
#5202=ORIENTED_EDGE('',*,*,#7168,.F.);
#5203=ORIENTED_EDGE('',*,*,#6247,.T.);
#5204=ORIENTED_EDGE('',*,*,#6152,.F.);
#5205=ORIENTED_EDGE('',*,*,#7167,.F.);
#5206=ORIENTED_EDGE('',*,*,#6235,.F.);
#5207=ORIENTED_EDGE('',*,*,#6156,.F.);
#5208=ORIENTED_EDGE('',*,*,#7179,.F.);
#5209=ORIENTED_EDGE('',*,*,#6203,.F.);
#5210=ORIENTED_EDGE('',*,*,#7180,.F.);
#5211=ORIENTED_EDGE('',*,*,#6179,.F.);
#5212=ORIENTED_EDGE('',*,*,#7153,.F.);
#5213=ORIENTED_EDGE('',*,*,#6200,.F.);
#5214=ORIENTED_EDGE('',*,*,#7152,.F.);
#5215=ORIENTED_EDGE('',*,*,#7181,.T.);
#5216=ORIENTED_EDGE('',*,*,#7182,.T.);
#5217=ORIENTED_EDGE('',*,*,#6381,.T.);
#5218=ORIENTED_EDGE('',*,*,#7083,.T.);
#5219=ORIENTED_EDGE('',*,*,#6287,.T.);
#5220=ORIENTED_EDGE('',*,*,#7183,.T.);
#5221=ORIENTED_EDGE('',*,*,#7181,.F.);
#5222=ORIENTED_EDGE('',*,*,#7082,.T.);
#5223=ORIENTED_EDGE('',*,*,#6820,.F.);
#5224=ORIENTED_EDGE('',*,*,#6376,.F.);
#5225=ORIENTED_EDGE('',*,*,#6337,.T.);
#5226=ORIENTED_EDGE('',*,*,#6439,.F.);
#5227=ORIENTED_EDGE('',*,*,#7184,.T.);
#5228=ORIENTED_EDGE('',*,*,#7185,.T.);
#5229=ORIENTED_EDGE('',*,*,#7186,.T.);
#5230=ORIENTED_EDGE('',*,*,#6331,.F.);
#5231=ORIENTED_EDGE('',*,*,#7187,.T.);
#5232=ORIENTED_EDGE('',*,*,#6444,.F.);
#5233=ORIENTED_EDGE('',*,*,#7187,.F.);
#5234=ORIENTED_EDGE('',*,*,#6382,.F.);
#5235=ORIENTED_EDGE('',*,*,#7188,.F.);
#5236=ORIENTED_EDGE('',*,*,#6445,.F.);
#5237=ORIENTED_EDGE('',*,*,#7182,.F.);
#5238=ORIENTED_EDGE('',*,*,#7189,.T.);
#5239=ORIENTED_EDGE('',*,*,#6446,.F.);
#5240=ORIENTED_EDGE('',*,*,#7188,.T.);
#5241=ORIENTED_EDGE('',*,*,#7190,.T.);
#5242=ORIENTED_EDGE('',*,*,#7191,.T.);
#5243=ORIENTED_EDGE('',*,*,#7192,.T.);
#5244=ORIENTED_EDGE('',*,*,#6307,.F.);
#5245=ORIENTED_EDGE('',*,*,#7193,.F.);
#5246=ORIENTED_EDGE('',*,*,#6432,.F.);
#5247=ORIENTED_EDGE('',*,*,#7193,.T.);
#5248=ORIENTED_EDGE('',*,*,#6348,.F.);
#5249=ORIENTED_EDGE('',*,*,#7194,.F.);
#5250=ORIENTED_EDGE('',*,*,#6433,.F.);
#5251=ORIENTED_EDGE('',*,*,#6911,.F.);
#5252=ORIENTED_EDGE('',*,*,#6435,.F.);
#5253=ORIENTED_EDGE('',*,*,#7195,.F.);
#5254=ORIENTED_EDGE('',*,*,#6366,.F.);
#5255=ORIENTED_EDGE('',*,*,#7194,.T.);
#5256=ORIENTED_EDGE('',*,*,#7121,.F.);
#5257=ORIENTED_EDGE('',*,*,#7195,.T.);
#5258=ORIENTED_EDGE('',*,*,#6434,.F.);
#5259=ORIENTED_EDGE('',*,*,#6448,.F.);
#5260=ORIENTED_EDGE('',*,*,#7196,.T.);
#5261=ORIENTED_EDGE('',*,*,#6286,.F.);
#5262=ORIENTED_EDGE('',*,*,#7069,.F.);
#5263=ORIENTED_EDGE('',*,*,#7197,.T.);
#5264=ORIENTED_EDGE('',*,*,#7198,.T.);
#5265=ORIENTED_EDGE('',*,*,#6334,.F.);
#5266=ORIENTED_EDGE('',*,*,#6328,.F.);
#5267=ORIENTED_EDGE('',*,*,#6314,.T.);
#5268=ORIENTED_EDGE('',*,*,#7116,.F.);
#5269=ORIENTED_EDGE('',*,*,#7186,.F.);
#5270=ORIENTED_EDGE('',*,*,#7199,.T.);
#5271=ORIENTED_EDGE('',*,*,#7200,.T.);
#5272=ORIENTED_EDGE('',*,*,#7114,.T.);
#5273=ORIENTED_EDGE('',*,*,#6321,.T.);
#5274=ORIENTED_EDGE('',*,*,#6332,.F.);
#5275=ORIENTED_EDGE('',*,*,#6443,.F.);
#5276=ORIENTED_EDGE('',*,*,#7201,.T.);
#5277=ORIENTED_EDGE('',*,*,#7184,.F.);
#5278=ORIENTED_EDGE('',*,*,#7192,.F.);
#5279=ORIENTED_EDGE('',*,*,#7202,.T.);
#5280=ORIENTED_EDGE('',*,*,#7203,.T.);
#5281=ORIENTED_EDGE('',*,*,#7108,.T.);
#5282=ORIENTED_EDGE('',*,*,#6295,.T.);
#5283=ORIENTED_EDGE('',*,*,#6308,.F.);
#5284=ORIENTED_EDGE('',*,*,#6431,.F.);
#5285=ORIENTED_EDGE('',*,*,#7204,.T.);
#5286=ORIENTED_EDGE('',*,*,#7190,.F.);
#5287=ORIENTED_EDGE('',*,*,#7205,.T.);
#5288=ORIENTED_EDGE('',*,*,#7206,.T.);
#5289=ORIENTED_EDGE('',*,*,#6310,.F.);
#5290=ORIENTED_EDGE('',*,*,#6279,.F.);
#5291=ORIENTED_EDGE('',*,*,#6302,.T.);
#5292=ORIENTED_EDGE('',*,*,#7110,.F.);
#5293=ORIENTED_EDGE('',*,*,#7189,.F.);
#5294=ORIENTED_EDGE('',*,*,#7183,.F.);
#5295=ORIENTED_EDGE('',*,*,#7196,.F.);
#5296=ORIENTED_EDGE('',*,*,#6447,.F.);
#5297=ORIENTED_EDGE('',*,*,#6441,.F.);
#5298=ORIENTED_EDGE('',*,*,#7207,.T.);
#5299=ORIENTED_EDGE('',*,*,#7197,.F.);
#5300=ORIENTED_EDGE('',*,*,#7115,.F.);
#5301=ORIENTED_EDGE('',*,*,#7200,.F.);
#5302=ORIENTED_EDGE('',*,*,#7208,.T.);
#5303=ORIENTED_EDGE('',*,*,#7203,.F.);
#5304=ORIENTED_EDGE('',*,*,#7209,.T.);
#5305=ORIENTED_EDGE('',*,*,#6453,.F.);
#5306=ORIENTED_EDGE('',*,*,#7210,.T.);
#5307=ORIENTED_EDGE('',*,*,#7205,.F.);
#5308=ORIENTED_EDGE('',*,*,#7109,.F.);
#5309=ORIENTED_EDGE('',*,*,#7209,.F.);
#5310=ORIENTED_EDGE('',*,*,#7202,.F.);
#5311=ORIENTED_EDGE('',*,*,#7191,.F.);
#5312=ORIENTED_EDGE('',*,*,#7204,.F.);
#5313=ORIENTED_EDGE('',*,*,#6454,.F.);
#5314=ORIENTED_EDGE('',*,*,#6311,.F.);
#5315=ORIENTED_EDGE('',*,*,#7206,.F.);
#5316=ORIENTED_EDGE('',*,*,#7210,.F.);
#5317=ORIENTED_EDGE('',*,*,#6452,.F.);
#5318=ORIENTED_EDGE('',*,*,#6335,.F.);
#5319=ORIENTED_EDGE('',*,*,#7198,.F.);
#5320=ORIENTED_EDGE('',*,*,#7207,.F.);
#5321=ORIENTED_EDGE('',*,*,#6440,.F.);
#5322=ORIENTED_EDGE('',*,*,#7208,.F.);
#5323=ORIENTED_EDGE('',*,*,#7199,.F.);
#5324=ORIENTED_EDGE('',*,*,#7185,.F.);
#5325=ORIENTED_EDGE('',*,*,#7201,.F.);
#5326=ORIENTED_EDGE('',*,*,#6442,.F.);
#5327=ORIENTED_EDGE('',*,*,#6256,.T.);
#5328=ORIENTED_EDGE('',*,*,#6250,.T.);
#5329=ORIENTED_EDGE('',*,*,#6741,.T.);
#5330=ORIENTED_EDGE('',*,*,#6745,.T.);
#5331=ORIENTED_EDGE('',*,*,#6692,.F.);
#5332=ORIENTED_EDGE('',*,*,#6694,.T.);
#5333=ORIENTED_EDGE('',*,*,#6697,.F.);
#5334=ORIENTED_EDGE('',*,*,#6721,.T.);
#5335=ORIENTED_EDGE('',*,*,#6723,.T.);
#5336=ORIENTED_EDGE('',*,*,#6727,.T.);
#5337=ORIENTED_EDGE('',*,*,#6766,.F.);
#5338=ORIENTED_EDGE('',*,*,#6763,.T.);
#5339=ORIENTED_EDGE('',*,*,#6768,.F.);
#5340=ORIENTED_EDGE('',*,*,#6266,.T.);
#5341=ORIENTED_EDGE('',*,*,#6608,.T.);
#5342=ORIENTED_EDGE('',*,*,#6395,.T.);
#5343=ORIENTED_EDGE('',*,*,#6399,.T.);
#5344=ORIENTED_EDGE('',*,*,#6738,.F.);
#5345=ORIENTED_EDGE('',*,*,#6739,.T.);
#5346=ORIENTED_EDGE('',*,*,#6263,.F.);
#5347=ORIENTED_EDGE('',*,*,#6767,.T.);
#5348=ORIENTED_EDGE('',*,*,#6761,.T.);
#5349=ORIENTED_EDGE('',*,*,#6759,.T.);
#5350=ORIENTED_EDGE('',*,*,#6683,.F.);
#5351=ORIENTED_EDGE('',*,*,#6675,.T.);
#5352=ORIENTED_EDGE('',*,*,#6678,.F.);
#5353=ORIENTED_EDGE('',*,*,#6239,.T.);
#5354=ORIENTED_EDGE('',*,*,#6635,.F.);
#5355=ORIENTED_EDGE('',*,*,#6627,.T.);
#5356=ORIENTED_EDGE('',*,*,#6625,.F.);
#5357=ORIENTED_EDGE('',*,*,#6653,.T.);
#5358=ORIENTED_EDGE('',*,*,#6655,.T.);
#5359=ORIENTED_EDGE('',*,*,#6659,.T.);
#5360=ORIENTED_EDGE('',*,*,#6717,.F.);
#5361=ORIENTED_EDGE('',*,*,#6718,.T.);
#5362=ORIENTED_EDGE('',*,*,#6720,.F.);
#5363=ORIENTED_EDGE('',*,*,#6704,.T.);
#5364=ORIENTED_EDGE('',*,*,#6701,.T.);
#5365=ORIENTED_EDGE('',*,*,#6706,.T.);
#5366=ORIENTED_EDGE('',*,*,#6227,.T.);
#5367=ORIENTED_EDGE('',*,*,#6215,.T.);
#5368=ORIENTED_EDGE('',*,*,#6207,.T.);
#5369=ORIENTED_EDGE('',*,*,#6175,.F.);
#5370=ORIENTED_EDGE('',*,*,#7156,.F.);
#5371=ORIENTED_EDGE('',*,*,#7211,.T.);
#5372=ORIENTED_EDGE('',*,*,#6177,.F.);
#5373=ORIENTED_EDGE('',*,*,#7212,.F.);
#5374=ORIENTED_EDGE('',*,*,#7154,.F.);
#5375=ORIENTED_EDGE('',*,*,#6176,.F.);
#5376=ORIENTED_EDGE('',*,*,#7211,.F.);
#5377=ORIENTED_EDGE('',*,*,#7155,.F.);
#5378=ORIENTED_EDGE('',*,*,#7212,.T.);
#5379=ORIENTED_EDGE('',*,*,#6674,.F.);
#5380=ORIENTED_EDGE('',*,*,#7213,.F.);
#5381=ORIENTED_EDGE('',*,*,#6709,.F.);
#5382=ORIENTED_EDGE('',*,*,#7214,.F.);
#5383=ORIENTED_EDGE('',*,*,#6758,.F.);
#5384=ORIENTED_EDGE('',*,*,#7215,.F.);
#5385=ORIENTED_EDGE('',*,*,#6740,.F.);
#5386=ORIENTED_EDGE('',*,*,#7216,.F.);
#5387=ORIENTED_EDGE('',*,*,#6637,.F.);
#5388=ORIENTED_EDGE('',*,*,#7217,.F.);
#5389=ORIENTED_EDGE('',*,*,#6698,.F.);
#5390=ORIENTED_EDGE('',*,*,#7218,.F.);
#5391=ORIENTED_EDGE('',*,*,#6629,.F.);
#5392=ORIENTED_EDGE('',*,*,#7219,.F.);
#5393=ORIENTED_EDGE('',*,*,#6393,.F.);
#5394=ORIENTED_EDGE('',*,*,#7220,.F.);
#5395=ORIENTED_EDGE('',*,*,#7221,.F.);
#5396=ORIENTED_EDGE('',*,*,#7213,.T.);
#5397=ORIENTED_EDGE('',*,*,#7221,.T.);
#5398=ORIENTED_EDGE('',*,*,#7222,.F.);
#5399=ORIENTED_EDGE('',*,*,#7214,.T.);
#5400=ORIENTED_EDGE('',*,*,#7222,.T.);
#5401=ORIENTED_EDGE('',*,*,#7223,.F.);
#5402=ORIENTED_EDGE('',*,*,#7215,.T.);
#5403=ORIENTED_EDGE('',*,*,#7223,.T.);
#5404=ORIENTED_EDGE('',*,*,#7224,.F.);
#5405=ORIENTED_EDGE('',*,*,#7216,.T.);
#5406=ORIENTED_EDGE('',*,*,#7224,.T.);
#5407=ORIENTED_EDGE('',*,*,#7225,.F.);
#5408=ORIENTED_EDGE('',*,*,#7217,.T.);
#5409=ORIENTED_EDGE('',*,*,#7225,.T.);
#5410=ORIENTED_EDGE('',*,*,#7226,.F.);
#5411=ORIENTED_EDGE('',*,*,#7218,.T.);
#5412=ORIENTED_EDGE('',*,*,#7226,.T.);
#5413=ORIENTED_EDGE('',*,*,#7227,.F.);
#5414=ORIENTED_EDGE('',*,*,#7219,.T.);
#5415=ORIENTED_EDGE('',*,*,#7227,.T.);
#5416=ORIENTED_EDGE('',*,*,#7228,.F.);
#5417=ORIENTED_EDGE('',*,*,#7220,.T.);
#5418=ORIENTED_EDGE('',*,*,#7228,.T.);
#5419=VERTEX_POINT('',#10422);
#5420=VERTEX_POINT('',#10425);
#5421=VERTEX_POINT('',#10426);
#5422=VERTEX_POINT('',#10428);
#5423=VERTEX_POINT('',#10430);
#5424=VERTEX_POINT('',#10432);
#5425=VERTEX_POINT('',#10434);
#5426=VERTEX_POINT('',#10436);
#5427=VERTEX_POINT('',#10438);
#5428=VERTEX_POINT('',#10440);
#5429=VERTEX_POINT('',#10442);
#5430=VERTEX_POINT('',#10444);
#5431=VERTEX_POINT('',#10446);
#5432=VERTEX_POINT('',#10448);
#5433=VERTEX_POINT('',#10450);
#5434=VERTEX_POINT('',#10452);
#5435=VERTEX_POINT('',#10454);
#5436=VERTEX_POINT('',#10456);
#5437=VERTEX_POINT('',#10458);
#5438=VERTEX_POINT('',#10460);
#5439=VERTEX_POINT('',#10462);
#5440=VERTEX_POINT('',#10464);
#5441=VERTEX_POINT('',#10466);
#5442=VERTEX_POINT('',#10468);
#5443=VERTEX_POINT('',#10470);
#5444=VERTEX_POINT('',#10473);
#5445=VERTEX_POINT('',#10474);
#5446=VERTEX_POINT('',#10476);
#5447=VERTEX_POINT('',#10478);
#5448=VERTEX_POINT('',#10480);
#5449=VERTEX_POINT('',#10482);
#5450=VERTEX_POINT('',#10484);
#5451=VERTEX_POINT('',#10486);
#5452=VERTEX_POINT('',#10488);
#5453=VERTEX_POINT('',#10490);
#5454=VERTEX_POINT('',#10492);
#5455=VERTEX_POINT('',#10494);
#5456=VERTEX_POINT('',#10496);
#5457=VERTEX_POINT('',#10498);
#5458=VERTEX_POINT('',#10500);
#5459=VERTEX_POINT('',#10502);
#5460=VERTEX_POINT('',#10504);
#5461=VERTEX_POINT('',#10506);
#5462=VERTEX_POINT('',#10508);
#5463=VERTEX_POINT('',#10510);
#5464=VERTEX_POINT('',#10512);
#5465=VERTEX_POINT('',#10514);
#5466=VERTEX_POINT('',#10516);
#5467=VERTEX_POINT('',#10518);
#5468=VERTEX_POINT('',#10520);
#5469=VERTEX_POINT('',#10522);
#5470=VERTEX_POINT('',#10524);
#5471=VERTEX_POINT('',#10526);
#5472=VERTEX_POINT('',#10530);
#5473=VERTEX_POINT('',#10531);
#5474=VERTEX_POINT('',#10542);
#5475=VERTEX_POINT('',#10545);
#5476=VERTEX_POINT('',#10558);
#5477=VERTEX_POINT('',#10560);
#5478=VERTEX_POINT('',#10571);
#5479=VERTEX_POINT('',#10573);
#5480=VERTEX_POINT('',#10584);
#5481=VERTEX_POINT('',#10587);
#5482=VERTEX_POINT('',#10590);
#5483=VERTEX_POINT('',#10591);
#5484=VERTEX_POINT('',#10593);
#5485=VERTEX_POINT('',#10604);
#5486=VERTEX_POINT('',#10606);
#5487=VERTEX_POINT('',#10617);
#5488=VERTEX_POINT('',#10621);
#5489=VERTEX_POINT('',#10624);
#5490=VERTEX_POINT('',#10625);
#5491=VERTEX_POINT('',#10636);
#5492=VERTEX_POINT('',#10639);
#5493=VERTEX_POINT('',#10652);
#5494=VERTEX_POINT('',#10653);
#5495=VERTEX_POINT('',#10655);
#5496=VERTEX_POINT('',#10666);
#5497=VERTEX_POINT('',#10668);
#5498=VERTEX_POINT('',#10679);
#5499=VERTEX_POINT('',#10682);
#5500=VERTEX_POINT('',#10685);
#5501=VERTEX_POINT('',#10686);
#5502=VERTEX_POINT('',#10697);
#5503=VERTEX_POINT('',#10700);
#5504=VERTEX_POINT('',#10713);
#5505=VERTEX_POINT('',#10714);
#5506=VERTEX_POINT('',#10716);
#5507=VERTEX_POINT('',#10727);
#5508=VERTEX_POINT('',#10729);
#5509=VERTEX_POINT('',#10740);
#5510=VERTEX_POINT('',#10743);
#5511=VERTEX_POINT('',#10746);
#5512=VERTEX_POINT('',#10747);
#5513=VERTEX_POINT('',#10758);
#5514=VERTEX_POINT('',#10761);
#5515=VERTEX_POINT('',#10774);
#5516=VERTEX_POINT('',#10775);
#5517=VERTEX_POINT('',#10823);
#5518=VERTEX_POINT('',#10825);
#5519=VERTEX_POINT('',#10828);
#5520=VERTEX_POINT('',#10831);
#5521=VERTEX_POINT('',#10832);
#5522=VERTEX_POINT('',#10880);
#5523=VERTEX_POINT('',#10882);
#5524=VERTEX_POINT('',#10885);
#5525=VERTEX_POINT('',#10888);
#5526=VERTEX_POINT('',#10889);
#5527=VERTEX_POINT('',#10937);
#5528=VERTEX_POINT('',#10939);
#5529=VERTEX_POINT('',#10943);
#5530=VERTEX_POINT('',#10944);
#5531=VERTEX_POINT('',#10946);
#5532=VERTEX_POINT('',#10948);
#5533=VERTEX_POINT('',#10952);
#5534=VERTEX_POINT('',#10953);
#5535=VERTEX_POINT('',#10955);
#5536=VERTEX_POINT('',#10957);
#5537=VERTEX_POINT('',#10961);
#5538=VERTEX_POINT('',#10962);
#5539=VERTEX_POINT('',#10964);
#5540=VERTEX_POINT('',#10966);
#5541=VERTEX_POINT('',#10969);
#5542=VERTEX_POINT('',#10970);
#5543=VERTEX_POINT('',#10972);
#5544=VERTEX_POINT('',#10974);
#5545=VERTEX_POINT('',#10977);
#5546=VERTEX_POINT('',#10978);
#5547=VERTEX_POINT('',#10980);
#5548=VERTEX_POINT('',#10982);
#5549=VERTEX_POINT('',#10984);
#5550=VERTEX_POINT('',#10986);
#5551=VERTEX_POINT('',#10988);
#5552=VERTEX_POINT('',#10990);
#5553=VERTEX_POINT('',#10992);
#5554=VERTEX_POINT('',#10994);
#5555=VERTEX_POINT('',#10996);
#5556=VERTEX_POINT('',#10998);
#5557=VERTEX_POINT('',#11000);
#5558=VERTEX_POINT('',#11002);
#5559=VERTEX_POINT('',#11005);
#5560=VERTEX_POINT('',#11007);
#5561=VERTEX_POINT('',#11011);
#5562=VERTEX_POINT('',#11012);
#5563=VERTEX_POINT('',#11014);
#5564=VERTEX_POINT('',#11016);
#5565=VERTEX_POINT('',#11018);
#5566=VERTEX_POINT('',#11020);
#5567=VERTEX_POINT('',#11022);
#5568=VERTEX_POINT('',#11026);
#5569=VERTEX_POINT('',#11028);
#5570=VERTEX_POINT('',#11030);
#5571=VERTEX_POINT('',#11032);
#5572=VERTEX_POINT('',#11036);
#5573=VERTEX_POINT('',#11037);
#5574=VERTEX_POINT('',#11042);
#5575=VERTEX_POINT('',#11059);
#5576=VERTEX_POINT('',#11061);
#5577=VERTEX_POINT('',#11065);
#5578=VERTEX_POINT('',#11066);
#5579=VERTEX_POINT('',#11068);
#5580=VERTEX_POINT('',#11070);
#5581=VERTEX_POINT('',#11072);
#5582=VERTEX_POINT('',#11074);
#5583=VERTEX_POINT('',#11076);
#5584=VERTEX_POINT('',#11080);
#5585=VERTEX_POINT('',#11081);
#5586=VERTEX_POINT('',#11083);
#5587=VERTEX_POINT('',#11085);
#5588=VERTEX_POINT('',#11087);
#5589=VERTEX_POINT('',#11089);
#5590=VERTEX_POINT('',#11091);
#5591=VERTEX_POINT('',#11095);
#5592=VERTEX_POINT('',#11097);
#5593=VERTEX_POINT('',#11101);
#5594=VERTEX_POINT('',#11102);
#5595=VERTEX_POINT('',#11116);
#5596=VERTEX_POINT('',#11133);
#5597=VERTEX_POINT('',#11135);
#5598=VERTEX_POINT('',#11151);
#5599=VERTEX_POINT('',#11152);
#5600=VERTEX_POINT('',#11155);
#5601=VERTEX_POINT('',#11157);
#5602=VERTEX_POINT('',#11160);
#5603=VERTEX_POINT('',#11162);
#5604=VERTEX_POINT('',#11164);
#5605=VERTEX_POINT('',#11166);
#5606=VERTEX_POINT('',#11170);
#5607=VERTEX_POINT('',#11171);
#5608=VERTEX_POINT('',#11173);
#5609=VERTEX_POINT('',#11175);
#5610=VERTEX_POINT('',#11178);
#5611=VERTEX_POINT('',#11179);
#5612=VERTEX_POINT('',#11181);
#5613=VERTEX_POINT('',#11183);
#5614=VERTEX_POINT('',#11186);
#5615=VERTEX_POINT('',#11187);
#5616=VERTEX_POINT('',#11189);
#5617=VERTEX_POINT('',#11191);
#5618=VERTEX_POINT('',#11193);
#5619=VERTEX_POINT('',#11195);
#5620=VERTEX_POINT('',#11197);
#5621=VERTEX_POINT('',#11199);
#5622=VERTEX_POINT('',#11201);
#5623=VERTEX_POINT('',#11203);
#5624=VERTEX_POINT('',#11205);
#5625=VERTEX_POINT('',#11208);
#5626=VERTEX_POINT('',#11210);
#5627=VERTEX_POINT('',#11212);
#5628=VERTEX_POINT('',#11214);
#5629=VERTEX_POINT('',#11218);
#5630=VERTEX_POINT('',#11219);
#5631=VERTEX_POINT('',#11222);
#5632=VERTEX_POINT('',#11224);
#5633=VERTEX_POINT('',#11226);
#5634=VERTEX_POINT('',#11229);
#5635=VERTEX_POINT('',#11231);
#5636=VERTEX_POINT('',#11233);
#5637=VERTEX_POINT('',#11240);
#5638=VERTEX_POINT('',#11242);
#5639=VERTEX_POINT('',#11245);
#5640=VERTEX_POINT('',#11246);
#5641=VERTEX_POINT('',#11248);
#5642=VERTEX_POINT('',#11250);
#5643=VERTEX_POINT('',#11254);
#5644=VERTEX_POINT('',#11256);
#5645=VERTEX_POINT('',#11260);
#5646=VERTEX_POINT('',#11261);
#5647=VERTEX_POINT('',#11263);
#5648=VERTEX_POINT('',#11280);
#5649=VERTEX_POINT('',#11282);
#5650=VERTEX_POINT('',#11286);
#5651=VERTEX_POINT('',#11288);
#5652=VERTEX_POINT('',#11292);
#5653=VERTEX_POINT('',#11294);
#5654=VERTEX_POINT('',#11311);
#5655=VERTEX_POINT('',#11315);
#5656=VERTEX_POINT('',#11316);
#5657=VERTEX_POINT('',#11318);
#5658=VERTEX_POINT('',#11335);
#5659=VERTEX_POINT('',#11337);
#5660=VERTEX_POINT('',#11341);
#5661=VERTEX_POINT('',#11343);
#5662=VERTEX_POINT('',#11347);
#5663=VERTEX_POINT('',#11349);
#5664=VERTEX_POINT('',#11366);
#5665=VERTEX_POINT('',#11373);
#5666=VERTEX_POINT('',#11374);
#5667=VERTEX_POINT('',#11379);
#5668=VERTEX_POINT('',#11380);
#5669=VERTEX_POINT('',#11382);
#5670=VERTEX_POINT('',#11384);
#5671=VERTEX_POINT('',#11386);
#5672=VERTEX_POINT('',#11388);
#5673=VERTEX_POINT('',#11390);
#5674=VERTEX_POINT('',#11392);
#5675=VERTEX_POINT('',#11394);
#5676=VERTEX_POINT('',#11397);
#5677=VERTEX_POINT('',#11399);
#5678=VERTEX_POINT('',#11401);
#5679=VERTEX_POINT('',#11403);
#5680=VERTEX_POINT('',#11405);
#5681=VERTEX_POINT('',#11407);
#5682=VERTEX_POINT('',#11409);
#5683=VERTEX_POINT('',#11411);
#5684=VERTEX_POINT('',#11413);
#5685=VERTEX_POINT('',#11415);
#5686=VERTEX_POINT('',#11417);
#5687=VERTEX_POINT('',#11420);
#5688=VERTEX_POINT('',#11422);
#5689=VERTEX_POINT('',#11425);
#5690=VERTEX_POINT('',#11426);
#5691=VERTEX_POINT('',#11428);
#5692=VERTEX_POINT('',#11430);
#5693=VERTEX_POINT('',#11432);
#5694=VERTEX_POINT('',#11434);
#5695=VERTEX_POINT('',#11436);
#5696=VERTEX_POINT('',#11438);
#5697=VERTEX_POINT('',#11440);
#5698=VERTEX_POINT('',#11442);
#5699=VERTEX_POINT('',#11444);
#5700=VERTEX_POINT('',#11446);
#5701=VERTEX_POINT('',#11448);
#5702=VERTEX_POINT('',#11450);
#5703=VERTEX_POINT('',#11452);
#5704=VERTEX_POINT('',#11454);
#5705=VERTEX_POINT('',#11456);
#5706=VERTEX_POINT('',#11458);
#5707=VERTEX_POINT('',#11460);
#5708=VERTEX_POINT('',#11462);
#5709=VERTEX_POINT('',#11464);
#5710=VERTEX_POINT('',#11466);
#5711=VERTEX_POINT('',#11468);
#5712=VERTEX_POINT('',#11470);
#5713=VERTEX_POINT('',#11473);
#5714=VERTEX_POINT('',#11475);
#5715=VERTEX_POINT('',#11477);
#5716=VERTEX_POINT('',#11479);
#5717=VERTEX_POINT('',#11481);
#5718=VERTEX_POINT('',#11483);
#5719=VERTEX_POINT('',#11485);
#5720=VERTEX_POINT('',#11487);
#5721=VERTEX_POINT('',#11489);
#5722=VERTEX_POINT('',#11491);
#5723=VERTEX_POINT('',#11493);
#5724=VERTEX_POINT('',#11495);
#5725=VERTEX_POINT('',#11497);
#5726=VERTEX_POINT('',#11499);
#5727=VERTEX_POINT('',#11501);
#5728=VERTEX_POINT('',#11503);
#5729=VERTEX_POINT('',#11505);
#5730=VERTEX_POINT('',#11507);
#5731=VERTEX_POINT('',#11509);
#5732=VERTEX_POINT('',#11511);
#5733=VERTEX_POINT('',#11513);
#5734=VERTEX_POINT('',#11515);
#5735=VERTEX_POINT('',#11517);
#5736=VERTEX_POINT('',#11519);
#5737=VERTEX_POINT('',#11521);
#5738=VERTEX_POINT('',#11523);
#5739=VERTEX_POINT('',#11525);
#5740=VERTEX_POINT('',#11527);
#5741=VERTEX_POINT('',#11529);
#5742=VERTEX_POINT('',#11531);
#5743=VERTEX_POINT('',#11533);
#5744=VERTEX_POINT('',#11537);
#5745=VERTEX_POINT('',#11538);
#5746=VERTEX_POINT('',#11540);
#5747=VERTEX_POINT('',#11542);
#5748=VERTEX_POINT('',#11544);
#5749=VERTEX_POINT('',#11546);
#5750=VERTEX_POINT('',#11548);
#5751=VERTEX_POINT('',#11550);
#5752=VERTEX_POINT('',#11552);
#5753=VERTEX_POINT('',#11554);
#5754=VERTEX_POINT('',#11556);
#5755=VERTEX_POINT('',#11558);
#5756=VERTEX_POINT('',#11560);
#5757=VERTEX_POINT('',#11562);
#5758=VERTEX_POINT('',#11564);
#5759=VERTEX_POINT('',#11566);
#5760=VERTEX_POINT('',#11568);
#5761=VERTEX_POINT('',#11570);
#5762=VERTEX_POINT('',#11572);
#5763=VERTEX_POINT('',#11574);
#5764=VERTEX_POINT('',#11576);
#5765=VERTEX_POINT('',#11578);
#5766=VERTEX_POINT('',#11580);
#5767=VERTEX_POINT('',#11582);
#5768=VERTEX_POINT('',#11584);
#5769=VERTEX_POINT('',#11586);
#5770=VERTEX_POINT('',#11588);
#5771=VERTEX_POINT('',#11590);
#5772=VERTEX_POINT('',#11592);
#5773=VERTEX_POINT('',#11594);
#5774=VERTEX_POINT('',#11596);
#5775=VERTEX_POINT('',#11598);
#5776=VERTEX_POINT('',#11600);
#5777=VERTEX_POINT('',#11602);
#5778=VERTEX_POINT('',#11604);
#5779=VERTEX_POINT('',#11606);
#5780=VERTEX_POINT('',#11610);
#5781=VERTEX_POINT('',#11612);
#5782=VERTEX_POINT('',#11614);
#5783=VERTEX_POINT('',#11616);
#5784=VERTEX_POINT('',#11618);
#5785=VERTEX_POINT('',#11620);
#5786=VERTEX_POINT('',#11622);
#5787=VERTEX_POINT('',#11624);
#5788=VERTEX_POINT('',#11626);
#5789=VERTEX_POINT('',#11628);
#5790=VERTEX_POINT('',#11630);
#5791=VERTEX_POINT('',#11632);
#5792=VERTEX_POINT('',#11634);
#5793=VERTEX_POINT('',#11636);
#5794=VERTEX_POINT('',#11638);
#5795=VERTEX_POINT('',#11640);
#5796=VERTEX_POINT('',#11642);
#5797=VERTEX_POINT('',#11644);
#5798=VERTEX_POINT('',#11646);
#5799=VERTEX_POINT('',#11648);
#5800=VERTEX_POINT('',#11651);
#5801=VERTEX_POINT('',#11653);
#5802=VERTEX_POINT('',#11655);
#5803=VERTEX_POINT('',#11657);
#5804=VERTEX_POINT('',#11659);
#5805=VERTEX_POINT('',#11661);
#5806=VERTEX_POINT('',#11664);
#5807=VERTEX_POINT('',#11667);
#5808=VERTEX_POINT('',#11668);
#5809=VERTEX_POINT('',#11670);
#5810=VERTEX_POINT('',#11672);
#5811=VERTEX_POINT('',#11674);
#5812=VERTEX_POINT('',#11676);
#5813=VERTEX_POINT('',#11678);
#5814=VERTEX_POINT('',#11680);
#5815=VERTEX_POINT('',#11682);
#5816=VERTEX_POINT('',#11684);
#5817=VERTEX_POINT('',#11686);
#5818=VERTEX_POINT('',#11688);
#5819=VERTEX_POINT('',#11691);
#5820=VERTEX_POINT('',#11693);
#5821=VERTEX_POINT('',#11695);
#5822=VERTEX_POINT('',#11697);
#5823=VERTEX_POINT('',#11698);
#5824=VERTEX_POINT('',#11700);
#5825=VERTEX_POINT('',#11703);
#5826=VERTEX_POINT('',#11705);
#5827=VERTEX_POINT('',#11707);
#5828=VERTEX_POINT('',#11709);
#5829=VERTEX_POINT('',#11711);
#5830=VERTEX_POINT('',#11713);
#5831=VERTEX_POINT('',#11715);
#5832=VERTEX_POINT('',#11718);
#5833=VERTEX_POINT('',#11720);
#5834=VERTEX_POINT('',#11722);
#5835=VERTEX_POINT('',#11724);
#5836=VERTEX_POINT('',#11727);
#5837=VERTEX_POINT('',#11731);
#5838=VERTEX_POINT('',#11735);
#5839=VERTEX_POINT('',#11756);
#5840=VERTEX_POINT('',#11777);
#5841=VERTEX_POINT('',#11796);
#5842=VERTEX_POINT('',#11817);
#5843=VERTEX_POINT('',#11819);
#5844=VERTEX_POINT('',#11823);
#5845=VERTEX_POINT('',#11827);
#5846=VERTEX_POINT('',#11830);
#5847=VERTEX_POINT('',#11834);
#5848=VERTEX_POINT('',#11840);
#5849=VERTEX_POINT('',#11844);
#5850=VERTEX_POINT('',#11847);
#5851=VERTEX_POINT('',#11884);
#5852=VERTEX_POINT('',#11888);
#5853=VERTEX_POINT('',#11927);
#5854=VERTEX_POINT('',#11931);
#5855=VERTEX_POINT('',#11935);
#5856=VERTEX_POINT('',#11939);
#5857=VERTEX_POINT('',#11943);
#5858=VERTEX_POINT('',#11947);
#5859=VERTEX_POINT('',#11951);
#5860=VERTEX_POINT('',#11953);
#5861=VERTEX_POINT('',#11977);
#5862=VERTEX_POINT('',#11996);
#5863=VERTEX_POINT('',#12020);
#5864=VERTEX_POINT('',#12023);
#5865=VERTEX_POINT('',#12024);
#5866=VERTEX_POINT('',#12031);
#5867=VERTEX_POINT('',#12050);
#5868=VERTEX_POINT('',#12054);
#5869=VERTEX_POINT('',#12061);
#5870=VERTEX_POINT('',#12080);
#5871=VERTEX_POINT('',#12084);
#5872=VERTEX_POINT('',#12086);
#5873=VERTEX_POINT('',#12090);
#5874=VERTEX_POINT('',#12094);
#5875=VERTEX_POINT('',#12098);
#5876=VERTEX_POINT('',#12101);
#5877=VERTEX_POINT('',#12120);
#5878=VERTEX_POINT('',#12121);
#5879=VERTEX_POINT('',#12126);
#5880=VERTEX_POINT('',#12132);
#5881=VERTEX_POINT('',#12136);
#5882=VERTEX_POINT('',#12139);
#5883=VERTEX_POINT('',#12161);
#5884=VERTEX_POINT('',#12180);
#5885=VERTEX_POINT('',#12184);
#5886=VERTEX_POINT('',#12190);
#5887=VERTEX_POINT('',#12194);
#5888=VERTEX_POINT('',#12198);
#5889=VERTEX_POINT('',#12202);
#5890=VERTEX_POINT('',#12206);
#5891=VERTEX_POINT('',#12213);
#5892=VERTEX_POINT('',#12232);
#5893=VERTEX_POINT('',#12236);
#5894=VERTEX_POINT('',#12242);
#5895=VERTEX_POINT('',#12245);
#5896=VERTEX_POINT('',#12249);
#5897=VERTEX_POINT('',#12270);
#5898=VERTEX_POINT('',#12274);
#5899=VERTEX_POINT('',#12276);
#5900=VERTEX_POINT('',#12300);
#5901=VERTEX_POINT('',#12319);
#5902=VERTEX_POINT('',#12323);
#5903=VERTEX_POINT('',#12326);
#5904=VERTEX_POINT('',#12330);
#5905=VERTEX_POINT('',#12334);
#5906=VERTEX_POINT('',#12335);
#5907=VERTEX_POINT('',#12346);
#5908=VERTEX_POINT('',#12347);
#5909=VERTEX_POINT('',#12349);
#5910=VERTEX_POINT('',#12351);
#5911=VERTEX_POINT('',#12355);
#5912=VERTEX_POINT('',#12357);
#5913=VERTEX_POINT('',#12361);
#5914=VERTEX_POINT('',#12362);
#5915=VERTEX_POINT('',#12364);
#5916=VERTEX_POINT('',#12366);
#5917=VERTEX_POINT('',#12368);
#5918=VERTEX_POINT('',#12372);
#5919=VERTEX_POINT('',#12373);
#5920=VERTEX_POINT('',#12375);
#5921=VERTEX_POINT('',#12377);
#5922=VERTEX_POINT('',#12385);
#5923=VERTEX_POINT('',#12392);
#5924=VERTEX_POINT('',#12394);
#5925=VERTEX_POINT('',#12396);
#5926=VERTEX_POINT('',#12407);
#5927=VERTEX_POINT('',#12408);
#5928=VERTEX_POINT('',#12410);
#5929=VERTEX_POINT('',#12412);
#5930=VERTEX_POINT('',#12416);
#5931=VERTEX_POINT('',#12418);
#5932=VERTEX_POINT('',#12422);
#5933=VERTEX_POINT('',#12423);
#5934=VERTEX_POINT('',#12425);
#5935=VERTEX_POINT('',#12427);
#5936=VERTEX_POINT('',#12430);
#5937=VERTEX_POINT('',#12432);
#5938=VERTEX_POINT('',#12434);
#5939=VERTEX_POINT('',#12436);
#5940=VERTEX_POINT('',#12438);
#5941=VERTEX_POINT('',#12440);
#5942=VERTEX_POINT('',#12442);
#5943=VERTEX_POINT('',#12446);
#5944=VERTEX_POINT('',#12448);
#5945=VERTEX_POINT('',#12450);
#5946=VERTEX_POINT('',#12452);
#5947=VERTEX_POINT('',#12454);
#5948=VERTEX_POINT('',#12456);
#5949=VERTEX_POINT('',#12458);
#5950=VERTEX_POINT('',#12460);
#5951=VERTEX_POINT('',#12462);
#5952=VERTEX_POINT('',#12464);
#5953=VERTEX_POINT('',#12466);
#5954=VERTEX_POINT('',#12470);
#5955=VERTEX_POINT('',#12471);
#5956=VERTEX_POINT('',#12473);
#5957=VERTEX_POINT('',#12475);
#5958=VERTEX_POINT('',#12482);
#5959=VERTEX_POINT('',#12483);
#5960=VERTEX_POINT('',#12485);
#5961=VERTEX_POINT('',#12487);
#5962=VERTEX_POINT('',#12491);
#5963=VERTEX_POINT('',#12493);
#5964=VERTEX_POINT('',#12497);
#5965=VERTEX_POINT('',#12501);
#5966=VERTEX_POINT('',#12507);
#5967=VERTEX_POINT('',#12508);
#5968=VERTEX_POINT('',#12510);
#5969=VERTEX_POINT('',#12514);
#5970=VERTEX_POINT('',#12516);
#5971=VERTEX_POINT('',#12521);
#5972=VERTEX_POINT('',#12525);
#5973=VERTEX_POINT('',#12529);
#5974=VERTEX_POINT('',#12533);
#5975=VERTEX_POINT('',#12537);
#5976=VERTEX_POINT('',#12541);
#5977=VERTEX_POINT('',#12545);
#5978=VERTEX_POINT('',#12549);
#5979=VERTEX_POINT('',#12553);
#5980=VERTEX_POINT('',#12557);
#5981=VERTEX_POINT('',#12562);
#5982=VERTEX_POINT('',#12566);
#5983=VERTEX_POINT('',#12570);
#5984=VERTEX_POINT('',#12574);
#5985=VERTEX_POINT('',#12578);
#5986=VERTEX_POINT('',#12582);
#5987=VERTEX_POINT('',#12584);
#5988=VERTEX_POINT('',#12588);
#5989=VERTEX_POINT('',#12594);
#5990=VERTEX_POINT('',#12598);
#5991=VERTEX_POINT('',#12602);
#5992=VERTEX_POINT('',#12606);
#5993=VERTEX_POINT('',#12610);
#5994=VERTEX_POINT('',#12616);
#5995=VERTEX_POINT('',#12620);
#5996=VERTEX_POINT('',#12628);
#5997=VERTEX_POINT('',#12629);
#5998=VERTEX_POINT('',#12631);
#5999=VERTEX_POINT('',#12633);
#6000=VERTEX_POINT('',#12637);
#6001=VERTEX_POINT('',#12639);
#6002=VERTEX_POINT('',#12643);
#6003=VERTEX_POINT('',#12645);
#6004=VERTEX_POINT('',#12647);
#6005=VERTEX_POINT('',#12653);
#6006=VERTEX_POINT('',#12663);
#6007=VERTEX_POINT('',#12664);
#6008=VERTEX_POINT('',#12666);
#6009=VERTEX_POINT('',#12674);
#6010=VERTEX_POINT('',#12675);
#6011=VERTEX_POINT('',#12677);
#6012=VERTEX_POINT('',#12679);
#6013=VERTEX_POINT('',#12683);
#6014=VERTEX_POINT('',#12685);
#6015=VERTEX_POINT('',#12689);
#6016=VERTEX_POINT('',#12691);
#6017=VERTEX_POINT('',#12693);
#6018=VERTEX_POINT('',#12699);
#6019=VERTEX_POINT('',#12709);
#6020=VERTEX_POINT('',#12710);
#6021=VERTEX_POINT('',#12712);
#6022=VERTEX_POINT('',#12720);
#6023=VERTEX_POINT('',#12721);
#6024=VERTEX_POINT('',#12723);
#6025=VERTEX_POINT('',#12725);
#6026=VERTEX_POINT('',#12729);
#6027=VERTEX_POINT('',#12731);
#6028=VERTEX_POINT('',#12735);
#6029=VERTEX_POINT('',#12736);
#6030=VERTEX_POINT('',#12738);
#6031=VERTEX_POINT('',#12740);
#6032=VERTEX_POINT('',#12743);
#6033=VERTEX_POINT('',#12745);
#6034=VERTEX_POINT('',#12747);
#6035=VERTEX_POINT('',#12749);
#6036=VERTEX_POINT('',#12751);
#6037=VERTEX_POINT('',#12753);
#6038=VERTEX_POINT('',#12755);
#6039=VERTEX_POINT('',#12758);
#6040=VERTEX_POINT('',#12760);
#6041=VERTEX_POINT('',#12762);
#6042=VERTEX_POINT('',#12764);
#6043=VERTEX_POINT('',#12766);
#6044=VERTEX_POINT('',#12768);
#6045=VERTEX_POINT('',#12770);
#6046=VERTEX_POINT('',#12772);
#6047=VERTEX_POINT('',#12774);
#6048=VERTEX_POINT('',#12776);
#6049=VERTEX_POINT('',#12778);
#6050=VERTEX_POINT('',#12782);
#6051=VERTEX_POINT('',#12783);
#6052=VERTEX_POINT('',#12785);
#6053=VERTEX_POINT('',#12787);
#6054=VERTEX_POINT('',#12794);
#6055=VERTEX_POINT('',#12795);
#6056=VERTEX_POINT('',#12797);
#6057=VERTEX_POINT('',#12799);
#6058=VERTEX_POINT('',#12803);
#6059=VERTEX_POINT('',#12805);
#6060=VERTEX_POINT('',#12809);
#6061=VERTEX_POINT('',#12813);
#6062=VERTEX_POINT('',#12819);
#6063=VERTEX_POINT('',#12820);
#6064=VERTEX_POINT('',#12822);
#6065=VERTEX_POINT('',#12826);
#6066=VERTEX_POINT('',#12828);
#6067=VERTEX_POINT('',#12833);
#6068=VERTEX_POINT('',#12837);
#6069=VERTEX_POINT('',#12841);
#6070=VERTEX_POINT('',#12845);
#6071=VERTEX_POINT('',#12849);
#6072=VERTEX_POINT('',#12853);
#6073=VERTEX_POINT('',#12857);
#6074=VERTEX_POINT('',#12861);
#6075=VERTEX_POINT('',#12865);
#6076=VERTEX_POINT('',#12869);
#6077=VERTEX_POINT('',#12874);
#6078=VERTEX_POINT('',#12878);
#6079=VERTEX_POINT('',#12882);
#6080=VERTEX_POINT('',#12886);
#6081=VERTEX_POINT('',#12890);
#6082=VERTEX_POINT('',#12894);
#6083=VERTEX_POINT('',#12896);
#6084=VERTEX_POINT('',#12900);
#6085=VERTEX_POINT('',#12906);
#6086=VERTEX_POINT('',#12910);
#6087=VERTEX_POINT('',#12914);
#6088=VERTEX_POINT('',#12918);
#6089=VERTEX_POINT('',#12922);
#6090=VERTEX_POINT('',#12928);
#6091=VERTEX_POINT('',#12932);
#6092=VERTEX_POINT('',#12940);
#6093=VERTEX_POINT('',#12941);
#6094=VERTEX_POINT('',#12943);
#6095=VERTEX_POINT('',#12945);
#6096=VERTEX_POINT('',#12949);
#6097=VERTEX_POINT('',#12951);
#6098=VERTEX_POINT('',#12955);
#6099=VERTEX_POINT('',#12956);
#6100=VERTEX_POINT('',#12958);
#6101=VERTEX_POINT('',#12960);
#6102=VERTEX_POINT('',#12962);
#6103=VERTEX_POINT('',#12966);
#6104=VERTEX_POINT('',#12969);
#6105=VERTEX_POINT('',#12971);
#6106=VERTEX_POINT('',#12973);
#6107=VERTEX_POINT('',#12975);
#6108=VERTEX_POINT('',#12981);
#6109=VERTEX_POINT('',#12988);
#6110=VERTEX_POINT('',#12990);
#6111=VERTEX_POINT('',#12992);
#6112=VERTEX_POINT('',#13012);
#6113=VERTEX_POINT('',#13014);
#6114=VERTEX_POINT('',#13024);
#6115=VERTEX_POINT('',#13026);
#6116=VERTEX_POINT('',#13122);
#6117=VERTEX_POINT('',#13124);
#6118=VERTEX_POINT('',#13181);
#6119=VERTEX_POINT('',#13191);
#6120=VERTEX_POINT('',#13202);
#6121=VERTEX_POINT('',#13217);
#6122=VERTEX_POINT('',#13231);
#6123=VERTEX_POINT('',#13252);
#6124=VERTEX_POINT('',#13256);
#6125=VERTEX_POINT('',#13262);
#6126=VERTEX_POINT('',#13268);
#6127=VERTEX_POINT('',#13297);
#6128=VERTEX_POINT('',#13300);
#6129=VERTEX_POINT('',#13303);
#6130=VERTEX_POINT('',#13306);
#6131=VERTEX_POINT('',#13309);
#6132=VERTEX_POINT('',#13312);
#6133=VERTEX_POINT('',#13315);
#6134=VERTEX_POINT('',#13318);
#6135=VERTEX_POINT('',#13321);
#6136=VERTEX_POINT('',#13325);
#6137=VERTEX_POINT('',#13329);
#6138=VERTEX_POINT('',#13333);
#6139=VERTEX_POINT('',#13337);
#6140=VERTEX_POINT('',#13341);
#6141=VERTEX_POINT('',#13345);
#6142=VERTEX_POINT('',#13349);
#6143=EDGE_CURVE('',#5419,#5419,#7229,.T.);
#6144=EDGE_CURVE('',#5420,#5421,#1761,.T.);
#6145=EDGE_CURVE('',#5421,#5422,#1762,.T.);
#6146=EDGE_CURVE('',#5422,#5423,#1763,.T.);
#6147=EDGE_CURVE('',#5424,#5423,#357,.T.);
#6148=EDGE_CURVE('',#5424,#5425,#1764,.T.);
#6149=EDGE_CURVE('',#5425,#5426,#1765,.T.);
#6150=EDGE_CURVE('',#5426,#5427,#1766,.T.);
#6151=EDGE_CURVE('',#5428,#5427,#358,.T.);
#6152=EDGE_CURVE('',#5428,#5429,#1767,.T.);
#6153=EDGE_CURVE('',#5429,#5430,#1768,.T.);
#6154=EDGE_CURVE('',#5430,#5431,#1769,.T.);
#6155=EDGE_CURVE('',#5432,#5431,#359,.T.);
#6156=EDGE_CURVE('',#5432,#5433,#1770,.T.);
#6157=EDGE_CURVE('',#5434,#5433,#360,.T.);
#6158=EDGE_CURVE('',#5435,#5434,#361,.T.);
#6159=EDGE_CURVE('',#5436,#5435,#362,.T.);
#6160=EDGE_CURVE('',#5436,#5437,#1771,.T.);
#6161=EDGE_CURVE('',#5437,#5438,#363,.T.);
#6162=EDGE_CURVE('',#5438,#5439,#1772,.T.);
#6163=EDGE_CURVE('',#5439,#5440,#364,.T.);
#6164=EDGE_CURVE('',#5441,#5440,#365,.T.);
#6165=EDGE_CURVE('',#5442,#5441,#366,.T.);
#6166=EDGE_CURVE('',#5442,#5443,#1773,.T.);
#6167=EDGE_CURVE('',#5420,#5443,#367,.T.);
#6168=EDGE_CURVE('',#5444,#5445,#368,.T.);
#6169=EDGE_CURVE('',#5445,#5446,#1774,.T.);
#6170=EDGE_CURVE('',#5447,#5446,#369,.T.);
#6171=EDGE_CURVE('',#5448,#5447,#1775,.T.);
#6172=EDGE_CURVE('',#5449,#5448,#370,.T.);
#6173=EDGE_CURVE('',#5449,#5450,#1776,.T.);
#6174=EDGE_CURVE('',#5450,#5451,#371,.T.);
#6175=EDGE_CURVE('',#5451,#5452,#1777,.T.);
#6176=EDGE_CURVE('',#5452,#5453,#372,.T.);
#6177=EDGE_CURVE('',#5453,#5454,#1778,.T.);
#6178=EDGE_CURVE('',#5454,#5455,#373,.T.);
#6179=EDGE_CURVE('',#5455,#5456,#1779,.T.);
#6180=EDGE_CURVE('',#5456,#5457,#374,.T.);
#6181=EDGE_CURVE('',#5458,#5457,#1780,.T.);
#6182=EDGE_CURVE('',#5458,#5459,#375,.T.);
#6183=EDGE_CURVE('',#5459,#5460,#1781,.T.);
#6184=EDGE_CURVE('',#5460,#5461,#376,.T.);
#6185=EDGE_CURVE('',#5461,#5462,#1782,.T.);
#6186=EDGE_CURVE('',#5463,#5462,#377,.T.);
#6187=EDGE_CURVE('',#5464,#5463,#1783,.T.);
#6188=EDGE_CURVE('',#5465,#5464,#378,.T.);
#6189=EDGE_CURVE('',#5465,#5466,#1784,.T.);
#6190=EDGE_CURVE('',#5466,#5467,#379,.T.);
#6191=EDGE_CURVE('',#5467,#5468,#1785,.T.);
#6192=EDGE_CURVE('',#5469,#5468,#380,.T.);
#6193=EDGE_CURVE('',#5470,#5469,#1786,.T.);
#6194=EDGE_CURVE('',#5471,#5470,#381,.T.);
#6195=EDGE_CURVE('',#5471,#5444,#1787,.T.);
#6196=EDGE_CURVE('',#5472,#5473,#7230,.T.);
#6197=EDGE_CURVE('',#5473,#5474,#218,.T.);
#6198=EDGE_CURVE('',#5474,#5458,#382,.T.);
#6199=EDGE_CURVE('',#5457,#5475,#383,.T.);
#6200=EDGE_CURVE('',#5475,#5472,#219,.T.);
#6201=EDGE_CURVE('',#5476,#5434,#7231,.T.);
#6202=EDGE_CURVE('',#5477,#5434,#384,.T.);
#6203=EDGE_CURVE('',#5477,#5478,#220,.T.);
#6204=EDGE_CURVE('',#5479,#5478,#7232,.T.);
#6205=EDGE_CURVE('',#5479,#5480,#221,.T.);
#6206=EDGE_CURVE('',#5476,#5480,#385,.T.);
#6207=EDGE_CURVE('',#5481,#5481,#7233,.T.);
#6208=EDGE_CURVE('',#5482,#5483,#7234,.T.);
#6209=EDGE_CURVE('',#5484,#5483,#386,.T.);
#6210=EDGE_CURVE('',#5484,#5485,#222,.T.);
#6211=EDGE_CURVE('',#5486,#5485,#7235,.T.);
#6212=EDGE_CURVE('',#5486,#5487,#223,.T.);
#6213=EDGE_CURVE('',#5441,#5487,#387,.T.);
#6214=EDGE_CURVE('',#5441,#5482,#7236,.T.);
#6215=EDGE_CURVE('',#5488,#5488,#7237,.T.);
#6216=EDGE_CURVE('',#5489,#5490,#7238,.T.);
#6217=EDGE_CURVE('',#5489,#5491,#224,.T.);
#6218=EDGE_CURVE('',#5448,#5491,#388,.T.);
#6219=EDGE_CURVE('',#5492,#5447,#389,.T.);
#6220=EDGE_CURVE('',#5492,#5490,#225,.T.);
#6221=EDGE_CURVE('',#5493,#5494,#7239,.T.);
#6222=EDGE_CURVE('',#5495,#5494,#390,.T.);
#6223=EDGE_CURVE('',#5495,#5496,#226,.T.);
#6224=EDGE_CURVE('',#5497,#5496,#7240,.T.);
#6225=EDGE_CURVE('',#5497,#5498,#227,.T.);
#6226=EDGE_CURVE('',#5493,#5498,#391,.T.);
#6227=EDGE_CURVE('',#5499,#5499,#7241,.T.);
#6228=EDGE_CURVE('',#5500,#5501,#7242,.T.);
#6229=EDGE_CURVE('',#5500,#5502,#228,.T.);
#6230=EDGE_CURVE('',#5470,#5502,#392,.T.);
#6231=EDGE_CURVE('',#5503,#5469,#393,.T.);
#6232=EDGE_CURVE('',#5503,#5501,#229,.T.);
#6233=EDGE_CURVE('',#5504,#5505,#7243,.T.);
#6234=EDGE_CURVE('',#5506,#5505,#394,.T.);
#6235=EDGE_CURVE('',#5506,#5507,#230,.T.);
#6236=EDGE_CURVE('',#5508,#5507,#7244,.T.);
#6237=EDGE_CURVE('',#5508,#5509,#231,.T.);
#6238=EDGE_CURVE('',#5504,#5509,#395,.T.);
#6239=EDGE_CURVE('',#5510,#5510,#7245,.T.);
#6240=EDGE_CURVE('',#5511,#5512,#7246,.T.);
#6241=EDGE_CURVE('',#5511,#5513,#232,.T.);
#6242=EDGE_CURVE('',#5464,#5513,#396,.T.);
#6243=EDGE_CURVE('',#5514,#5463,#397,.T.);
#6244=EDGE_CURVE('',#5514,#5512,#233,.T.);
#6245=EDGE_CURVE('',#5515,#5516,#398,.T.);
#6246=EDGE_CURVE('',#5430,#5516,#234,.T.);
#6247=EDGE_CURVE('',#5517,#5429,#235,.T.);
#6248=EDGE_CURVE('',#5517,#5518,#399,.T.);
#6249=EDGE_CURVE('',#5515,#5518,#1788,.T.);
#6250=EDGE_CURVE('',#5519,#5519,#7247,.T.);
#6251=EDGE_CURVE('',#5520,#5521,#400,.T.);
#6252=EDGE_CURVE('',#5426,#5521,#236,.T.);
#6253=EDGE_CURVE('',#5522,#5425,#237,.T.);
#6254=EDGE_CURVE('',#5522,#5523,#401,.T.);
#6255=EDGE_CURVE('',#5520,#5523,#1789,.T.);
#6256=EDGE_CURVE('',#5524,#5524,#7248,.T.);
#6257=EDGE_CURVE('',#5525,#5526,#402,.T.);
#6258=EDGE_CURVE('',#5422,#5526,#238,.T.);
#6259=EDGE_CURVE('',#5527,#5421,#239,.T.);
#6260=EDGE_CURVE('',#5527,#5528,#403,.T.);
#6261=EDGE_CURVE('',#5525,#5528,#1790,.T.);
#6262=EDGE_CURVE('',#5529,#5530,#404,.T.);
#6263=EDGE_CURVE('',#5530,#5531,#405,.T.);
#6264=EDGE_CURVE('',#5531,#5532,#406,.T.);
#6265=EDGE_CURVE('',#5532,#5529,#407,.T.);
#6266=EDGE_CURVE('',#5533,#5534,#408,.T.);
#6267=EDGE_CURVE('',#5533,#5535,#409,.T.);
#6268=EDGE_CURVE('',#5536,#5535,#410,.T.);
#6269=EDGE_CURVE('',#5534,#5536,#411,.T.);
#6270=EDGE_CURVE('',#5537,#5538,#412,.T.);
#6271=EDGE_CURVE('',#5539,#5537,#413,.T.);
#6272=EDGE_CURVE('',#5540,#5539,#414,.T.);
#6273=EDGE_CURVE('',#5540,#5538,#415,.T.);
#6274=EDGE_CURVE('',#5541,#5542,#416,.T.);
#6275=EDGE_CURVE('',#5541,#5543,#417,.T.);
#6276=EDGE_CURVE('',#5544,#5543,#418,.T.);
#6277=EDGE_CURVE('',#5542,#5544,#419,.T.);
#6278=EDGE_CURVE('',#5545,#5546,#420,.T.);
#6279=EDGE_CURVE('',#5546,#5547,#421,.T.);
#6280=EDGE_CURVE('',#5547,#5548,#422,.T.);
#6281=EDGE_CURVE('',#5548,#5549,#423,.T.);
#6282=EDGE_CURVE('',#5550,#5549,#424,.T.);
#6283=EDGE_CURVE('',#5550,#5551,#425,.T.);
#6284=EDGE_CURVE('',#5551,#5552,#426,.T.);
#6285=EDGE_CURVE('',#5552,#5553,#427,.T.);
#6286=EDGE_CURVE('',#5553,#5554,#428,.T.);
#6287=EDGE_CURVE('',#5555,#5554,#429,.T.);
#6288=EDGE_CURVE('',#5556,#5555,#430,.T.);
#6289=EDGE_CURVE('',#5557,#5556,#431,.T.);
#6290=EDGE_CURVE('',#5557,#5558,#432,.T.);
#6291=EDGE_CURVE('',#5558,#5438,#433,.T.);
#6292=EDGE_CURVE('',#5437,#5559,#434,.T.);
#6293=EDGE_CURVE('',#5560,#5559,#435,.T.);
#6294=EDGE_CURVE('',#5545,#5560,#436,.T.);
#6295=EDGE_CURVE('',#5561,#5562,#437,.T.);
#6296=EDGE_CURVE('',#5561,#5563,#438,.T.);
#6297=EDGE_CURVE('',#5563,#5564,#7249,.T.);
#6298=EDGE_CURVE('',#5564,#5565,#439,.T.);
#6299=EDGE_CURVE('',#5565,#5566,#440,.T.);
#6300=EDGE_CURVE('',#5566,#5567,#441,.T.);
#6301=EDGE_CURVE('',#5567,#5562,#7250,.T.);
#6302=EDGE_CURVE('',#5546,#5568,#442,.T.);
#6303=EDGE_CURVE('',#5569,#5545,#443,.T.);
#6304=EDGE_CURVE('',#5570,#5569,#444,.T.);
#6305=EDGE_CURVE('',#5571,#5570,#445,.T.);
#6306=EDGE_CURVE('',#5571,#5568,#446,.T.);
#6307=EDGE_CURVE('',#5572,#5573,#7251,.T.);
#6308=EDGE_CURVE('',#5573,#5562,#447,.T.);
#6309=EDGE_CURVE('',#5572,#5567,#448,.T.);
#6310=EDGE_CURVE('',#5547,#5574,#7252,.T.);
#6311=EDGE_CURVE('',#5574,#5575,#240,.T.);
#6312=EDGE_CURVE('',#5576,#5575,#449,.T.);
#6313=EDGE_CURVE('',#5548,#5576,#7253,.T.);
#6314=EDGE_CURVE('',#5577,#5578,#450,.T.);
#6315=EDGE_CURVE('',#5577,#5579,#7254,.T.);
#6316=EDGE_CURVE('',#5580,#5579,#451,.T.);
#6317=EDGE_CURVE('',#5581,#5580,#452,.T.);
#6318=EDGE_CURVE('',#5582,#5581,#453,.T.);
#6319=EDGE_CURVE('',#5583,#5582,#454,.T.);
#6320=EDGE_CURVE('',#5583,#5578,#455,.T.);
#6321=EDGE_CURVE('',#5584,#5585,#456,.T.);
#6322=EDGE_CURVE('',#5584,#5586,#457,.T.);
#6323=EDGE_CURVE('',#5586,#5587,#7255,.T.);
#6324=EDGE_CURVE('',#5587,#5588,#458,.T.);
#6325=EDGE_CURVE('',#5588,#5589,#459,.T.);
#6326=EDGE_CURVE('',#5589,#5590,#460,.T.);
#6327=EDGE_CURVE('',#5590,#5585,#7256,.T.);
#6328=EDGE_CURVE('',#5577,#5591,#461,.T.);
#6329=EDGE_CURVE('',#5591,#5592,#7257,.T.);
#6330=EDGE_CURVE('',#5579,#5592,#462,.T.);
#6331=EDGE_CURVE('',#5593,#5594,#7258,.T.);
#6332=EDGE_CURVE('',#5594,#5585,#463,.T.);
#6333=EDGE_CURVE('',#5593,#5590,#464,.T.);
#6334=EDGE_CURVE('',#5591,#5595,#241,.T.);
#6335=EDGE_CURVE('',#5595,#5596,#242,.T.);
#6336=EDGE_CURVE('',#5597,#5596,#7259,.T.);
#6337=EDGE_CURVE('',#5592,#5597,#7260,.T.);
#6338=EDGE_CURVE('',#5525,#5493,#465,.T.);
#6339=EDGE_CURVE('',#5483,#5528,#466,.T.);
#6340=EDGE_CURVE('',#5493,#5483,#467,.T.);
#6341=EDGE_CURVE('',#5520,#5504,#468,.T.);
#6342=EDGE_CURVE('',#5494,#5523,#469,.T.);
#6343=EDGE_CURVE('',#5504,#5494,#470,.T.);
#6344=EDGE_CURVE('',#5515,#5476,#471,.T.);
#6345=EDGE_CURVE('',#5505,#5518,#472,.T.);
#6346=EDGE_CURVE('',#5476,#5505,#473,.T.);
#6347=EDGE_CURVE('',#5598,#5599,#474,.T.);
#6348=EDGE_CURVE('',#5599,#5572,#475,.T.);
#6349=EDGE_CURVE('',#5566,#5600,#476,.T.);
#6350=EDGE_CURVE('',#5601,#5600,#477,.T.);
#6351=EDGE_CURVE('',#5601,#5436,#478,.T.);
#6352=EDGE_CURVE('',#5435,#5602,#479,.T.);
#6353=EDGE_CURVE('',#5602,#5603,#480,.T.);
#6354=EDGE_CURVE('',#5604,#5603,#481,.T.);
#6355=EDGE_CURVE('',#5605,#5604,#482,.T.);
#6356=EDGE_CURVE('',#5598,#5605,#483,.T.);
#6357=EDGE_CURVE('',#5606,#5607,#484,.T.);
#6358=EDGE_CURVE('',#5608,#5606,#485,.T.);
#6359=EDGE_CURVE('',#5609,#5608,#486,.T.);
#6360=EDGE_CURVE('',#5609,#5607,#487,.T.);
#6361=EDGE_CURVE('',#5610,#5611,#488,.T.);
#6362=EDGE_CURVE('',#5610,#5612,#489,.T.);
#6363=EDGE_CURVE('',#5613,#5612,#490,.T.);
#6364=EDGE_CURVE('',#5611,#5613,#491,.T.);
#6365=EDGE_CURVE('',#5614,#5615,#492,.T.);
#6366=EDGE_CURVE('',#5614,#5616,#493,.T.);
#6367=EDGE_CURVE('',#5616,#5617,#494,.T.);
#6368=EDGE_CURVE('',#5618,#5617,#495,.T.);
#6369=EDGE_CURVE('',#5619,#5618,#496,.T.);
#6370=EDGE_CURVE('',#5619,#5620,#497,.T.);
#6371=EDGE_CURVE('',#5620,#5621,#498,.T.);
#6372=EDGE_CURVE('',#5622,#5621,#499,.T.);
#6373=EDGE_CURVE('',#5622,#5623,#500,.T.);
#6374=EDGE_CURVE('',#5624,#5623,#501,.T.);
#6375=EDGE_CURVE('',#5580,#5624,#502,.T.);
#6376=EDGE_CURVE('',#5592,#5625,#503,.T.);
#6377=EDGE_CURVE('',#5625,#5626,#504,.T.);
#6378=EDGE_CURVE('',#5626,#5627,#505,.T.);
#6379=EDGE_CURVE('',#5627,#5628,#506,.T.);
#6380=EDGE_CURVE('',#5628,#5615,#507,.T.);
#6381=EDGE_CURVE('',#5629,#5630,#508,.T.);
#6382=EDGE_CURVE('',#5629,#5593,#509,.T.);
#6383=EDGE_CURVE('',#5589,#5631,#510,.T.);
#6384=EDGE_CURVE('',#5632,#5631,#511,.T.);
#6385=EDGE_CURVE('',#5632,#5633,#512,.T.);
#6386=EDGE_CURVE('',#5633,#5440,#513,.T.);
#6387=EDGE_CURVE('',#5439,#5634,#514,.T.);
#6388=EDGE_CURVE('',#5635,#5634,#515,.T.);
#6389=EDGE_CURVE('',#5636,#5635,#516,.T.);
#6390=EDGE_CURVE('',#5630,#5636,#517,.T.);
#6391=EDGE_CURVE('',#5633,#5622,#7261,.T.);
#6392=EDGE_CURVE('',#5621,#5602,#7262,.T.);
#6393=EDGE_CURVE('',#5637,#5637,#7263,.T.);
#6394=EDGE_CURVE('',#5638,#5638,#7264,.T.);
#6395=EDGE_CURVE('',#5639,#5640,#7265,.T.);
#6396=EDGE_CURVE('',#5639,#5641,#518,.T.);
#6397=EDGE_CURVE('',#5642,#5641,#7266,.T.);
#6398=EDGE_CURVE('',#5640,#5642,#519,.T.);
#6399=EDGE_CURVE('',#5640,#5643,#520,.T.);
#6400=EDGE_CURVE('',#5644,#5642,#521,.T.);
#6401=EDGE_CURVE('',#5643,#5644,#522,.T.);
#6402=EDGE_CURVE('',#5645,#5646,#523,.T.);
#6403=EDGE_CURVE('',#5647,#5645,#524,.T.);
#6404=EDGE_CURVE('',#5647,#5648,#243,.T.);
#6405=EDGE_CURVE('',#5649,#5648,#525,.T.);
#6406=EDGE_CURVE('',#5646,#5649,#526,.T.);
#6407=EDGE_CURVE('',#5646,#5650,#7267,.T.);
#6408=EDGE_CURVE('',#5651,#5649,#7268,.T.);
#6409=EDGE_CURVE('',#5650,#5651,#527,.T.);
#6410=EDGE_CURVE('',#5650,#5652,#528,.T.);
#6411=EDGE_CURVE('',#5653,#5651,#529,.T.);
#6412=EDGE_CURVE('',#5653,#5654,#244,.T.);
#6413=EDGE_CURVE('',#5654,#5652,#530,.T.);
#6414=EDGE_CURVE('',#5655,#5656,#531,.T.);
#6415=EDGE_CURVE('',#5657,#5655,#532,.T.);
#6416=EDGE_CURVE('',#5657,#5658,#245,.T.);
#6417=EDGE_CURVE('',#5659,#5658,#533,.T.);
#6418=EDGE_CURVE('',#5656,#5659,#534,.T.);
#6419=EDGE_CURVE('',#5656,#5660,#7269,.T.);
#6420=EDGE_CURVE('',#5661,#5659,#7270,.T.);
#6421=EDGE_CURVE('',#5660,#5661,#535,.T.);
#6422=EDGE_CURVE('',#5660,#5662,#536,.T.);
#6423=EDGE_CURVE('',#5663,#5661,#537,.T.);
#6424=EDGE_CURVE('',#5663,#5664,#246,.T.);
#6425=EDGE_CURVE('',#5664,#5662,#538,.T.);
#6426=EDGE_CURVE('',#5654,#5657,#7271,.T.);
#6427=EDGE_CURVE('',#5655,#5652,#7272,.T.);
#6428=EDGE_CURVE('',#5665,#5666,#539,.T.);
#6429=EDGE_CURVE('',#5666,#5647,#7273,.T.);
#6430=EDGE_CURVE('',#5645,#5665,#7274,.T.);
#6431=EDGE_CURVE('',#5667,#5668,#540,.T.);
#6432=EDGE_CURVE('',#5668,#5669,#7275,.T.);
#6433=EDGE_CURVE('',#5669,#5670,#541,.T.);
#6434=EDGE_CURVE('',#5670,#5671,#7276,.T.);
#6435=EDGE_CURVE('',#5671,#5672,#542,.T.);
#6436=EDGE_CURVE('',#5672,#5673,#543,.T.);
#6437=EDGE_CURVE('',#5674,#5673,#544,.T.);
#6438=EDGE_CURVE('',#5674,#5675,#545,.T.);
#6439=EDGE_CURVE('',#5675,#5597,#546,.T.);
#6440=EDGE_CURVE('',#5596,#5676,#547,.T.);
#6441=EDGE_CURVE('',#5676,#5677,#548,.T.);
#6442=EDGE_CURVE('',#5677,#5678,#549,.T.);
#6443=EDGE_CURVE('',#5678,#5679,#550,.T.);
#6444=EDGE_CURVE('',#5679,#5680,#7277,.T.);
#6445=EDGE_CURVE('',#5680,#5681,#551,.T.);
#6446=EDGE_CURVE('',#5681,#5682,#552,.T.);
#6447=EDGE_CURVE('',#5682,#5683,#553,.T.);
#6448=EDGE_CURVE('',#5683,#5684,#554,.T.);
#6449=EDGE_CURVE('',#5684,#5685,#555,.T.);
#6450=EDGE_CURVE('',#5686,#5685,#556,.T.);
#6451=EDGE_CURVE('',#5686,#5576,#557,.T.);
#6452=EDGE_CURVE('',#5575,#5687,#558,.T.);
#6453=EDGE_CURVE('',#5687,#5688,#559,.T.);
#6454=EDGE_CURVE('',#5688,#5667,#560,.T.);
#6455=EDGE_CURVE('',#5689,#5690,#7278,.T.);
#6456=EDGE_CURVE('',#5689,#5691,#7279,.T.);
#6457=EDGE_CURVE('',#5692,#5691,#7280,.T.);
#6458=EDGE_CURVE('',#5693,#5692,#561,.T.);
#6459=EDGE_CURVE('',#5693,#5694,#7281,.T.);
#6460=EDGE_CURVE('',#5694,#5695,#562,.T.);
#6461=EDGE_CURVE('',#5696,#5695,#7282,.T.);
#6462=EDGE_CURVE('',#5697,#5696,#563,.T.);
#6463=EDGE_CURVE('',#5697,#5698,#7283,.T.);
#6464=EDGE_CURVE('',#5698,#5699,#564,.T.);
#6465=EDGE_CURVE('',#5700,#5699,#7284,.T.);
#6466=EDGE_CURVE('',#5700,#5701,#7285,.T.);
#6467=EDGE_CURVE('',#5702,#5701,#7286,.T.);
#6468=EDGE_CURVE('',#5702,#5703,#565,.T.);
#6469=EDGE_CURVE('',#5703,#5704,#7287,.T.);
#6470=EDGE_CURVE('',#5705,#5704,#566,.T.);
#6471=EDGE_CURVE('',#5706,#5705,#7288,.T.);
#6472=EDGE_CURVE('',#5706,#5707,#7289,.T.);
#6473=EDGE_CURVE('',#5708,#5707,#7290,.T.);
#6474=EDGE_CURVE('',#5708,#5709,#567,.T.);
#6475=EDGE_CURVE('',#5709,#5710,#7291,.T.);
#6476=EDGE_CURVE('',#5711,#5710,#568,.T.);
#6477=EDGE_CURVE('',#5712,#5711,#7292,.T.);
#6478=EDGE_CURVE('',#5712,#5665,#7293,.T.);
#6479=EDGE_CURVE('',#5713,#5662,#7294,.T.);
#6480=EDGE_CURVE('',#5713,#5714,#7295,.T.);
#6481=EDGE_CURVE('',#5715,#5714,#7296,.T.);
#6482=EDGE_CURVE('',#5716,#5715,#569,.T.);
#6483=EDGE_CURVE('',#5716,#5717,#7297,.T.);
#6484=EDGE_CURVE('',#5718,#5717,#570,.T.);
#6485=EDGE_CURVE('',#5719,#5718,#7298,.T.);
#6486=EDGE_CURVE('',#5720,#5719,#571,.T.);
#6487=EDGE_CURVE('',#5720,#5721,#7299,.T.);
#6488=EDGE_CURVE('',#5722,#5721,#572,.T.);
#6489=EDGE_CURVE('',#5723,#5722,#7300,.T.);
#6490=EDGE_CURVE('',#5723,#5724,#7301,.T.);
#6491=EDGE_CURVE('',#5725,#5724,#7302,.T.);
#6492=EDGE_CURVE('',#5725,#5726,#573,.T.);
#6493=EDGE_CURVE('',#5726,#5727,#7303,.T.);
#6494=EDGE_CURVE('',#5728,#5727,#574,.T.);
#6495=EDGE_CURVE('',#5729,#5728,#7304,.T.);
#6496=EDGE_CURVE('',#5729,#5730,#7305,.T.);
#6497=EDGE_CURVE('',#5731,#5730,#7306,.T.);
#6498=EDGE_CURVE('',#5731,#5732,#575,.T.);
#6499=EDGE_CURVE('',#5732,#5733,#7307,.T.);
#6500=EDGE_CURVE('',#5734,#5733,#576,.T.);
#6501=EDGE_CURVE('',#5735,#5734,#7308,.T.);
#6502=EDGE_CURVE('',#5735,#5736,#7309,.T.);
#6503=EDGE_CURVE('',#5737,#5736,#7310,.T.);
#6504=EDGE_CURVE('',#5737,#5738,#577,.T.);
#6505=EDGE_CURVE('',#5738,#5739,#7311,.T.);
#6506=EDGE_CURVE('',#5739,#5740,#578,.T.);
#6507=EDGE_CURVE('',#5741,#5740,#7312,.T.);
#6508=EDGE_CURVE('',#5741,#5742,#579,.T.);
#6509=EDGE_CURVE('',#5742,#5743,#7313,.T.);
#6510=EDGE_CURVE('',#5743,#5690,#580,.T.);
#6511=EDGE_CURVE('',#5744,#5745,#581,.T.);
#6512=EDGE_CURVE('',#5744,#5746,#7314,.T.);
#6513=EDGE_CURVE('',#5746,#5747,#7315,.T.);
#6514=EDGE_CURVE('',#5747,#5748,#7316,.T.);
#6515=EDGE_CURVE('',#5748,#5749,#582,.T.);
#6516=EDGE_CURVE('',#5749,#5750,#7317,.T.);
#6517=EDGE_CURVE('',#5750,#5751,#583,.T.);
#6518=EDGE_CURVE('',#5751,#5752,#7318,.T.);
#6519=EDGE_CURVE('',#5752,#5753,#584,.T.);
#6520=EDGE_CURVE('',#5753,#5754,#7319,.T.);
#6521=EDGE_CURVE('',#5754,#5755,#585,.T.);
#6522=EDGE_CURVE('',#5755,#5756,#7320,.T.);
#6523=EDGE_CURVE('',#5756,#5757,#7321,.T.);
#6524=EDGE_CURVE('',#5757,#5758,#7322,.T.);
#6525=EDGE_CURVE('',#5759,#5758,#586,.T.);
#6526=EDGE_CURVE('',#5760,#5759,#7323,.T.);
#6527=EDGE_CURVE('',#5760,#5761,#587,.T.);
#6528=EDGE_CURVE('',#5761,#5762,#7324,.T.);
#6529=EDGE_CURVE('',#5762,#5763,#7325,.T.);
#6530=EDGE_CURVE('',#5763,#5764,#7326,.T.);
#6531=EDGE_CURVE('',#5765,#5764,#588,.T.);
#6532=EDGE_CURVE('',#5765,#5766,#7327,.T.);
#6533=EDGE_CURVE('',#5766,#5767,#589,.T.);
#6534=EDGE_CURVE('',#5767,#5768,#7328,.T.);
#6535=EDGE_CURVE('',#5768,#5769,#7329,.T.);
#6536=EDGE_CURVE('',#5769,#5770,#7330,.T.);
#6537=EDGE_CURVE('',#5771,#5770,#590,.T.);
#6538=EDGE_CURVE('',#5772,#5771,#7331,.T.);
#6539=EDGE_CURVE('',#5773,#5772,#591,.T.);
#6540=EDGE_CURVE('',#5773,#5774,#7332,.T.);
#6541=EDGE_CURVE('',#5775,#5774,#592,.T.);
#6542=EDGE_CURVE('',#5776,#5775,#7333,.T.);
#6543=EDGE_CURVE('',#5777,#5776,#593,.T.);
#6544=EDGE_CURVE('',#5777,#5778,#7334,.T.);
#6545=EDGE_CURVE('',#5778,#5779,#7335,.T.);
#6546=EDGE_CURVE('',#5779,#5663,#7336,.T.);
#6547=EDGE_CURVE('',#5658,#5653,#7337,.T.);
#6548=EDGE_CURVE('',#5648,#5780,#7338,.T.);
#6549=EDGE_CURVE('',#5780,#5781,#7339,.T.);
#6550=EDGE_CURVE('',#5781,#5782,#7340,.T.);
#6551=EDGE_CURVE('',#5783,#5782,#594,.T.);
#6552=EDGE_CURVE('',#5784,#5783,#7341,.T.);
#6553=EDGE_CURVE('',#5784,#5785,#595,.T.);
#6554=EDGE_CURVE('',#5785,#5786,#7342,.T.);
#6555=EDGE_CURVE('',#5786,#5787,#7343,.T.);
#6556=EDGE_CURVE('',#5787,#5788,#7344,.T.);
#6557=EDGE_CURVE('',#5789,#5788,#596,.T.);
#6558=EDGE_CURVE('',#5789,#5790,#7345,.T.);
#6559=EDGE_CURVE('',#5790,#5791,#597,.T.);
#6560=EDGE_CURVE('',#5791,#5792,#7346,.T.);
#6561=EDGE_CURVE('',#5792,#5793,#7347,.T.);
#6562=EDGE_CURVE('',#5793,#5794,#7348,.T.);
#6563=EDGE_CURVE('',#5795,#5794,#598,.T.);
#6564=EDGE_CURVE('',#5796,#5795,#7349,.T.);
#6565=EDGE_CURVE('',#5797,#5796,#599,.T.);
#6566=EDGE_CURVE('',#5797,#5798,#7350,.T.);
#6567=EDGE_CURVE('',#5799,#5798,#600,.T.);
#6568=EDGE_CURVE('',#5745,#5799,#7351,.T.);
#6569=EDGE_CURVE('',#5641,#5800,#601,.T.);
#6570=EDGE_CURVE('',#5801,#5800,#602,.T.);
#6571=EDGE_CURVE('',#5802,#5801,#7352,.T.);
#6572=EDGE_CURVE('',#5803,#5802,#603,.T.);
#6573=EDGE_CURVE('',#5803,#5804,#604,.T.);
#6574=EDGE_CURVE('',#5804,#5805,#7353,.T.);
#6575=EDGE_CURVE('',#5805,#5529,#605,.T.);
#6576=EDGE_CURVE('',#5806,#5532,#7354,.T.);
#6577=EDGE_CURVE('',#5644,#5806,#606,.T.);
#6578=EDGE_CURVE('',#5807,#5808,#607,.T.);
#6579=EDGE_CURVE('',#5807,#5809,#608,.T.);
#6580=EDGE_CURVE('',#5809,#5810,#7355,.T.);
#6581=EDGE_CURVE('',#5810,#5811,#609,.T.);
#6582=EDGE_CURVE('',#5812,#5811,#610,.T.);
#6583=EDGE_CURVE('',#5813,#5812,#7356,.T.);
#6584=EDGE_CURVE('',#5814,#5813,#611,.T.);
#6585=EDGE_CURVE('',#5814,#5815,#612,.T.);
#6586=EDGE_CURVE('',#5815,#5816,#7357,.T.);
#6587=EDGE_CURVE('',#5816,#5817,#613,.T.);
#6588=EDGE_CURVE('',#5818,#5817,#614,.T.);
#6589=EDGE_CURVE('',#5808,#5818,#7358,.T.);
#6590=EDGE_CURVE('',#5819,#5819,#7359,.T.);
#6591=EDGE_CURVE('',#5820,#5820,#7360,.T.);
#6592=EDGE_CURVE('',#5821,#5821,#7361,.T.);
#6593=EDGE_CURVE('',#5822,#5823,#615,.T.);
#6594=EDGE_CURVE('',#5822,#5824,#616,.T.);
#6595=EDGE_CURVE('',#5824,#5536,#7362,.T.);
#6596=EDGE_CURVE('',#5825,#5535,#617,.T.);
#6597=EDGE_CURVE('',#5826,#5825,#7363,.T.);
#6598=EDGE_CURVE('',#5827,#5826,#618,.T.);
#6599=EDGE_CURVE('',#5827,#5828,#619,.T.);
#6600=EDGE_CURVE('',#5828,#5829,#7364,.T.);
#6601=EDGE_CURVE('',#5829,#5830,#620,.T.);
#6602=EDGE_CURVE('',#5831,#5830,#621,.T.);
#6603=EDGE_CURVE('',#5823,#5831,#7365,.T.);
#6604=EDGE_CURVE('',#5832,#5832,#7366,.T.);
#6605=EDGE_CURVE('',#5833,#5833,#7367,.T.);
#6606=EDGE_CURVE('',#5834,#5834,#7368,.T.);
#6607=EDGE_CURVE('',#5835,#5835,#7369,.T.);
#6608=EDGE_CURVE('',#5836,#5639,#622,.T.);
#6609=EDGE_CURVE('',#5836,#5800,#623,.T.);
#6610=EDGE_CURVE('',#5664,#5837,#7370,.T.);
#6611=EDGE_CURVE('',#5837,#5713,#624,.T.);
#6612=EDGE_CURVE('',#5838,#5695,#625,.T.);
#6613=EDGE_CURVE('',#5694,#5799,#626,.T.);
#6614=EDGE_CURVE('',#5798,#5838,#247,.T.);
#6615=EDGE_CURVE('',#5693,#5745,#627,.T.);
#6616=EDGE_CURVE('',#5839,#5692,#628,.T.);
#6617=EDGE_CURVE('',#5839,#5744,#248,.T.);
#6618=EDGE_CURVE('',#5697,#5796,#629,.T.);
#6619=EDGE_CURVE('',#5840,#5696,#630,.T.);
#6620=EDGE_CURVE('',#5840,#5797,#249,.T.);
#6621=EDGE_CURVE('',#5841,#5699,#631,.T.);
#6622=EDGE_CURVE('',#5698,#5795,#632,.T.);
#6623=EDGE_CURVE('',#5794,#5841,#250,.T.);
#6624=EDGE_CURVE('',#5817,#5842,#633,.T.);
#6625=EDGE_CURVE('',#5842,#5843,#634,.T.);
#6626=EDGE_CURVE('',#5843,#5818,#635,.T.);
#6627=EDGE_CURVE('',#5844,#5843,#7371,.T.);
#6628=EDGE_CURVE('',#5844,#5808,#636,.T.);
#6629=EDGE_CURVE('',#5845,#5845,#7372,.T.);
#6630=EDGE_CURVE('',#5691,#5846,#637,.T.);
#6631=EDGE_CURVE('',#5846,#5839,#7373,.T.);
#6632=EDGE_CURVE('',#5841,#5847,#7374,.T.);
#6633=EDGE_CURVE('',#5847,#5700,#638,.T.);
#6634=EDGE_CURVE('',#5838,#5840,#7375,.T.);
#6635=EDGE_CURVE('',#5844,#5848,#639,.T.);
#6636=EDGE_CURVE('',#5807,#5848,#640,.T.);
#6637=EDGE_CURVE('',#5849,#5849,#7376,.T.);
#6638=EDGE_CURVE('',#5850,#5737,#641,.T.);
#6639=EDGE_CURVE('',#5850,#5755,#251,.T.);
#6640=EDGE_CURVE('',#5738,#5754,#642,.T.);
#6641=EDGE_CURVE('',#5739,#5753,#643,.T.);
#6642=EDGE_CURVE('',#5752,#5851,#252,.T.);
#6643=EDGE_CURVE('',#5851,#5740,#644,.T.);
#6644=EDGE_CURVE('',#5851,#5852,#7377,.T.);
#6645=EDGE_CURVE('',#5852,#5741,#645,.T.);
#6646=EDGE_CURVE('',#5852,#5751,#253,.T.);
#6647=EDGE_CURVE('',#5742,#5750,#646,.T.);
#6648=EDGE_CURVE('',#5743,#5749,#647,.T.);
#6649=EDGE_CURVE('',#5748,#5853,#254,.T.);
#6650=EDGE_CURVE('',#5853,#5690,#648,.T.);
#6651=EDGE_CURVE('',#5853,#5854,#7378,.T.);
#6652=EDGE_CURVE('',#5854,#5689,#649,.T.);
#6653=EDGE_CURVE('',#5842,#5855,#650,.T.);
#6654=EDGE_CURVE('',#5855,#5816,#651,.T.);
#6655=EDGE_CURVE('',#5855,#5856,#7379,.T.);
#6656=EDGE_CURVE('',#5856,#5815,#652,.T.);
#6657=EDGE_CURVE('',#5736,#5857,#653,.T.);
#6658=EDGE_CURVE('',#5857,#5850,#7380,.T.);
#6659=EDGE_CURVE('',#5856,#5858,#654,.T.);
#6660=EDGE_CURVE('',#5858,#5814,#655,.T.);
#6661=EDGE_CURVE('',#5714,#5859,#656,.T.);
#6662=EDGE_CURVE('',#5859,#5860,#7381,.T.);
#6663=EDGE_CURVE('',#5860,#5715,#657,.T.);
#6664=EDGE_CURVE('',#5716,#5776,#658,.T.);
#6665=EDGE_CURVE('',#5860,#5777,#255,.T.);
#6666=EDGE_CURVE('',#5717,#5775,#659,.T.);
#6667=EDGE_CURVE('',#5861,#5718,#660,.T.);
#6668=EDGE_CURVE('',#5774,#5861,#256,.T.);
#6669=EDGE_CURVE('',#5861,#5862,#7382,.T.);
#6670=EDGE_CURVE('',#5862,#5719,#661,.T.);
#6671=EDGE_CURVE('',#5720,#5772,#662,.T.);
#6672=EDGE_CURVE('',#5862,#5773,#257,.T.);
#6673=EDGE_CURVE('',#5721,#5771,#663,.T.);
#6674=EDGE_CURVE('',#5863,#5863,#7383,.T.);
#6675=EDGE_CURVE('',#5864,#5865,#7384,.T.);
#6676=EDGE_CURVE('',#5864,#5802,#664,.T.);
#6677=EDGE_CURVE('',#5865,#5801,#665,.T.);
#6678=EDGE_CURVE('',#5836,#5865,#666,.T.);
#6679=EDGE_CURVE('',#5866,#5722,#667,.T.);
#6680=EDGE_CURVE('',#5770,#5866,#258,.T.);
#6681=EDGE_CURVE('',#5866,#5867,#7385,.T.);
#6682=EDGE_CURVE('',#5867,#5723,#668,.T.);
#6683=EDGE_CURVE('',#5864,#5868,#669,.T.);
#6684=EDGE_CURVE('',#5803,#5868,#670,.T.);
#6685=EDGE_CURVE('',#5703,#5790,#671,.T.);
#6686=EDGE_CURVE('',#5704,#5789,#672,.T.);
#6687=EDGE_CURVE('',#5869,#5705,#673,.T.);
#6688=EDGE_CURVE('',#5788,#5869,#259,.T.);
#6689=EDGE_CURVE('',#5869,#5870,#7386,.T.);
#6690=EDGE_CURVE('',#5870,#5706,#674,.T.);
#6691=EDGE_CURVE('',#5871,#5823,#675,.T.);
#6692=EDGE_CURVE('',#5871,#5872,#676,.T.);
#6693=EDGE_CURVE('',#5822,#5872,#677,.T.);
#6694=EDGE_CURVE('',#5871,#5873,#7387,.T.);
#6695=EDGE_CURVE('',#5873,#5831,#678,.T.);
#6696=EDGE_CURVE('',#5830,#5874,#679,.T.);
#6697=EDGE_CURVE('',#5874,#5873,#680,.T.);
#6698=EDGE_CURVE('',#5875,#5875,#7388,.T.);
#6699=EDGE_CURVE('',#5876,#5702,#681,.T.);
#6700=EDGE_CURVE('',#5876,#5791,#260,.T.);
#6701=EDGE_CURVE('',#5877,#5878,#7389,.T.);
#6702=EDGE_CURVE('',#5877,#5810,#682,.T.);
#6703=EDGE_CURVE('',#5878,#5809,#683,.T.);
#6704=EDGE_CURVE('',#5879,#5877,#684,.T.);
#6705=EDGE_CURVE('',#5879,#5811,#685,.T.);
#6706=EDGE_CURVE('',#5878,#5848,#686,.T.);
#6707=EDGE_CURVE('',#5701,#5880,#687,.T.);
#6708=EDGE_CURVE('',#5880,#5876,#7390,.T.);
#6709=EDGE_CURVE('',#5881,#5881,#7391,.T.);
#6710=EDGE_CURVE('',#5882,#5731,#688,.T.);
#6711=EDGE_CURVE('',#5882,#5761,#261,.T.);
#6712=EDGE_CURVE('',#5732,#5760,#689,.T.);
#6713=EDGE_CURVE('',#5733,#5759,#690,.T.);
#6714=EDGE_CURVE('',#5883,#5734,#691,.T.);
#6715=EDGE_CURVE('',#5758,#5883,#262,.T.);
#6716=EDGE_CURVE('',#5884,#5813,#692,.T.);
#6717=EDGE_CURVE('',#5884,#5858,#693,.T.);
#6718=EDGE_CURVE('',#5884,#5885,#7392,.T.);
#6719=EDGE_CURVE('',#5885,#5812,#694,.T.);
#6720=EDGE_CURVE('',#5879,#5885,#695,.T.);
#6721=EDGE_CURVE('',#5874,#5886,#696,.T.);
#6722=EDGE_CURVE('',#5886,#5829,#697,.T.);
#6723=EDGE_CURVE('',#5886,#5887,#7393,.T.);
#6724=EDGE_CURVE('',#5887,#5828,#698,.T.);
#6725=EDGE_CURVE('',#5883,#5888,#7394,.T.);
#6726=EDGE_CURVE('',#5888,#5735,#699,.T.);
#6727=EDGE_CURVE('',#5887,#5889,#700,.T.);
#6728=EDGE_CURVE('',#5889,#5827,#701,.T.);
#6729=EDGE_CURVE('',#5730,#5890,#702,.T.);
#6730=EDGE_CURVE('',#5890,#5882,#7395,.T.);
#6731=EDGE_CURVE('',#5709,#5784,#703,.T.);
#6732=EDGE_CURVE('',#5710,#5783,#704,.T.);
#6733=EDGE_CURVE('',#5891,#5711,#705,.T.);
#6734=EDGE_CURVE('',#5782,#5891,#263,.T.);
#6735=EDGE_CURVE('',#5891,#5892,#7396,.T.);
#6736=EDGE_CURVE('',#5892,#5712,#706,.T.);
#6737=EDGE_CURVE('',#5893,#5806,#707,.T.);
#6738=EDGE_CURVE('',#5893,#5643,#708,.T.);
#6739=EDGE_CURVE('',#5893,#5531,#7397,.T.);
#6740=EDGE_CURVE('',#5894,#5894,#7398,.T.);
#6741=EDGE_CURVE('',#5534,#5895,#7399,.T.);
#6742=EDGE_CURVE('',#5895,#5824,#709,.T.);
#6743=EDGE_CURVE('',#5896,#5708,#710,.T.);
#6744=EDGE_CURVE('',#5896,#5785,#264,.T.);
#6745=EDGE_CURVE('',#5895,#5872,#711,.T.);
#6746=EDGE_CURVE('',#5707,#5897,#712,.T.);
#6747=EDGE_CURVE('',#5897,#5896,#7400,.T.);
#6748=EDGE_CURVE('',#5724,#5898,#713,.T.);
#6749=EDGE_CURVE('',#5898,#5899,#7401,.T.);
#6750=EDGE_CURVE('',#5899,#5725,#714,.T.);
#6751=EDGE_CURVE('',#5899,#5767,#265,.T.);
#6752=EDGE_CURVE('',#5726,#5766,#715,.T.);
#6753=EDGE_CURVE('',#5727,#5765,#716,.T.);
#6754=EDGE_CURVE('',#5900,#5728,#717,.T.);
#6755=EDGE_CURVE('',#5764,#5900,#266,.T.);
#6756=EDGE_CURVE('',#5900,#5901,#7402,.T.);
#6757=EDGE_CURVE('',#5901,#5729,#718,.T.);
#6758=EDGE_CURVE('',#5902,#5902,#7403,.T.);
#6759=EDGE_CURVE('',#5903,#5868,#719,.T.);
#6760=EDGE_CURVE('',#5903,#5804,#720,.T.);
#6761=EDGE_CURVE('',#5904,#5903,#7404,.T.);
#6762=EDGE_CURVE('',#5904,#5805,#721,.T.);
#6763=EDGE_CURVE('',#5905,#5906,#7405,.T.);
#6764=EDGE_CURVE('',#5905,#5826,#722,.T.);
#6765=EDGE_CURVE('',#5906,#5825,#723,.T.);
#6766=EDGE_CURVE('',#5905,#5889,#724,.T.);
#6767=EDGE_CURVE('',#5530,#5904,#725,.T.);
#6768=EDGE_CURVE('',#5533,#5906,#726,.T.);
#6769=EDGE_CURVE('',#5907,#5908,#727,.T.);
#6770=EDGE_CURVE('',#5908,#5909,#728,.T.);
#6771=EDGE_CURVE('',#5910,#5909,#729,.T.);
#6772=EDGE_CURVE('',#5907,#5910,#730,.T.);
#6773=EDGE_CURVE('',#5911,#5908,#731,.T.);
#6774=EDGE_CURVE('',#5912,#5911,#732,.T.);
#6775=EDGE_CURVE('',#5909,#5912,#733,.T.);
#6776=EDGE_CURVE('',#5913,#5914,#734,.T.);
#6777=EDGE_CURVE('',#5915,#5913,#735,.T.);
#6778=EDGE_CURVE('',#5916,#5915,#736,.T.);
#6779=EDGE_CURVE('',#5916,#5917,#737,.T.);
#6780=EDGE_CURVE('',#5917,#5914,#738,.T.);
#6781=EDGE_CURVE('',#5918,#5919,#739,.T.);
#6782=EDGE_CURVE('',#5919,#5920,#7406,.T.);
#6783=EDGE_CURVE('',#5920,#5921,#740,.T.);
#6784=EDGE_CURVE('',#5915,#5921,#741,.T.);
#6785=EDGE_CURVE('',#5618,#5913,#742,.T.);
#6786=EDGE_CURVE('',#5617,#5598,#7407,.T.);
#6787=EDGE_CURVE('',#5605,#5918,#743,.T.);
#6788=EDGE_CURVE('',#5917,#5610,#744,.T.);
#6789=EDGE_CURVE('',#5922,#5916,#745,.T.);
#6790=EDGE_CURVE('',#5911,#5922,#746,.T.);
#6791=EDGE_CURVE('',#5612,#5907,#747,.T.);
#6792=EDGE_CURVE('',#5922,#5921,#748,.T.);
#6793=EDGE_CURVE('',#5922,#5923,#749,.T.);
#6794=EDGE_CURVE('',#5923,#5924,#7408,.T.);
#6795=EDGE_CURVE('',#5924,#5925,#750,.T.);
#6796=EDGE_CURVE('',#5925,#5604,#751,.T.);
#6797=EDGE_CURVE('',#5603,#5620,#7409,.T.);
#6798=EDGE_CURVE('',#5912,#5619,#752,.T.);
#6799=EDGE_CURVE('',#5914,#5611,#753,.T.);
#6800=EDGE_CURVE('',#5613,#5910,#754,.T.);
#6801=EDGE_CURVE('',#5926,#5927,#755,.T.);
#6802=EDGE_CURVE('',#5926,#5928,#7410,.T.);
#6803=EDGE_CURVE('',#5928,#5929,#756,.T.);
#6804=EDGE_CURVE('',#5927,#5929,#7411,.T.);
#6805=EDGE_CURVE('',#5927,#5930,#757,.T.);
#6806=EDGE_CURVE('',#5931,#5930,#758,.T.);
#6807=EDGE_CURVE('',#5926,#5931,#759,.T.);
#6808=EDGE_CURVE('',#5932,#5933,#760,.T.);
#6809=EDGE_CURVE('',#5933,#5934,#761,.T.);
#6810=EDGE_CURVE('',#5935,#5934,#762,.T.);
#6811=EDGE_CURVE('',#5929,#5935,#763,.T.);
#6812=EDGE_CURVE('',#5936,#5928,#764,.T.);
#6813=EDGE_CURVE('',#5937,#5936,#765,.T.);
#6814=EDGE_CURVE('',#5938,#5937,#766,.T.);
#6815=EDGE_CURVE('',#5938,#5939,#7412,.T.);
#6816=EDGE_CURVE('',#5939,#5940,#767,.T.);
#6817=EDGE_CURVE('',#5940,#5941,#7413,.T.);
#6818=EDGE_CURVE('',#5942,#5941,#768,.T.);
#6819=EDGE_CURVE('',#5626,#5942,#7414,.T.);
#6820=EDGE_CURVE('',#5625,#5675,#7415,.T.);
#6821=EDGE_CURVE('',#5943,#5674,#7416,.T.);
#6822=EDGE_CURVE('',#5944,#5943,#769,.T.);
#6823=EDGE_CURVE('',#5944,#5945,#770,.T.);
#6824=EDGE_CURVE('',#5945,#5946,#7417,.T.);
#6825=EDGE_CURVE('',#5947,#5946,#771,.T.);
#6826=EDGE_CURVE('',#5947,#5948,#772,.T.);
#6827=EDGE_CURVE('',#5949,#5948,#7418,.T.);
#6828=EDGE_CURVE('',#5950,#5949,#773,.T.);
#6829=EDGE_CURVE('',#5951,#5950,#7419,.T.);
#6830=EDGE_CURVE('',#5952,#5951,#774,.T.);
#6831=EDGE_CURVE('',#5952,#5953,#7420,.T.);
#6832=EDGE_CURVE('',#5932,#5953,#775,.T.);
#6833=EDGE_CURVE('',#5954,#5955,#776,.T.);
#6834=EDGE_CURVE('',#5955,#5956,#777,.T.);
#6835=EDGE_CURVE('',#5956,#5957,#778,.T.);
#6836=EDGE_CURVE('',#5954,#5957,#779,.T.);
#6837=EDGE_CURVE('',#5954,#5933,#7421,.T.);
#6838=EDGE_CURVE('',#5957,#5934,#1791,.T.);
#6839=EDGE_CURVE('',#5958,#5959,#780,.T.);
#6840=EDGE_CURVE('',#5960,#5958,#781,.T.);
#6841=EDGE_CURVE('',#5960,#5961,#782,.T.);
#6842=EDGE_CURVE('',#5961,#5959,#783,.T.);
#6843=EDGE_CURVE('',#5962,#5960,#784,.T.);
#6844=EDGE_CURVE('',#5962,#5963,#785,.T.);
#6845=EDGE_CURVE('',#5961,#5963,#786,.T.);
#6846=EDGE_CURVE('',#5935,#5964,#787,.T.);
#6847=EDGE_CURVE('',#5930,#5964,#788,.T.);
#6848=EDGE_CURVE('',#5965,#5964,#789,.T.);
#6849=EDGE_CURVE('',#5965,#5931,#790,.T.);
#6850=EDGE_CURVE('',#5936,#5965,#791,.T.);
#6851=EDGE_CURVE('',#5966,#5967,#792,.T.);
#6852=EDGE_CURVE('',#5967,#5968,#793,.T.);
#6853=EDGE_CURVE('',#5968,#5966,#7422,.T.);
#6854=EDGE_CURVE('',#5969,#5967,#794,.T.);
#6855=EDGE_CURVE('',#5969,#5970,#795,.T.);
#6856=EDGE_CURVE('',#5968,#5970,#796,.T.);
#6857=EDGE_CURVE('',#5966,#5948,#797,.T.);
#6858=EDGE_CURVE('',#5970,#5971,#7423,.T.);
#6859=EDGE_CURVE('',#5949,#5971,#798,.T.);
#6860=EDGE_CURVE('',#5972,#5950,#799,.T.);
#6861=EDGE_CURVE('',#5971,#5972,#800,.T.);
#6862=EDGE_CURVE('',#5973,#5951,#801,.T.);
#6863=EDGE_CURVE('',#5973,#5972,#7424,.T.);
#6864=EDGE_CURVE('',#5952,#5974,#802,.T.);
#6865=EDGE_CURVE('',#5973,#5974,#803,.T.);
#6866=EDGE_CURVE('',#5974,#5975,#7425,.T.);
#6867=EDGE_CURVE('',#5953,#5975,#804,.T.);
#6868=EDGE_CURVE('',#5932,#5976,#805,.T.);
#6869=EDGE_CURVE('',#5975,#5976,#806,.T.);
#6870=EDGE_CURVE('',#5976,#5977,#807,.T.);
#6871=EDGE_CURVE('',#5977,#5955,#7426,.T.);
#6872=EDGE_CURVE('',#5977,#5978,#808,.T.);
#6873=EDGE_CURVE('',#5978,#5956,#1792,.T.);
#6874=EDGE_CURVE('',#5979,#5978,#809,.T.);
#6875=EDGE_CURVE('',#5979,#5935,#810,.T.);
#6876=EDGE_CURVE('',#5980,#5979,#811,.T.);
#6877=EDGE_CURVE('',#5959,#5980,#7427,.T.);
#6878=EDGE_CURVE('',#5963,#5979,#812,.T.);
#6879=EDGE_CURVE('',#5981,#5980,#813,.T.);
#6880=EDGE_CURVE('',#5958,#5981,#7428,.T.);
#6881=EDGE_CURVE('',#5982,#5981,#814,.T.);
#6882=EDGE_CURVE('',#5962,#5982,#815,.T.);
#6883=EDGE_CURVE('',#5983,#5982,#816,.T.);
#6884=EDGE_CURVE('',#5937,#5983,#817,.T.);
#6885=EDGE_CURVE('',#5938,#5984,#818,.T.);
#6886=EDGE_CURVE('',#5983,#5984,#819,.T.);
#6887=EDGE_CURVE('',#5985,#5984,#7429,.T.);
#6888=EDGE_CURVE('',#5939,#5985,#820,.T.);
#6889=EDGE_CURVE('',#5942,#5986,#821,.T.);
#6890=EDGE_CURVE('',#5987,#5941,#822,.T.);
#6891=EDGE_CURVE('',#5986,#5987,#823,.T.);
#6892=EDGE_CURVE('',#5940,#5988,#824,.T.);
#6893=EDGE_CURVE('',#5988,#5987,#7430,.T.);
#6894=EDGE_CURVE('',#5985,#5988,#825,.T.);
#6895=EDGE_CURVE('',#5947,#5989,#826,.T.);
#6896=EDGE_CURVE('',#5989,#5969,#827,.T.);
#6897=EDGE_CURVE('',#5990,#5946,#828,.T.);
#6898=EDGE_CURVE('',#5989,#5990,#829,.T.);
#6899=EDGE_CURVE('',#5991,#5945,#830,.T.);
#6900=EDGE_CURVE('',#5991,#5990,#7431,.T.);
#6901=EDGE_CURVE('',#5944,#5992,#831,.T.);
#6902=EDGE_CURVE('',#5992,#5991,#832,.T.);
#6903=EDGE_CURVE('',#5993,#5943,#833,.T.);
#6904=EDGE_CURVE('',#5992,#5993,#834,.T.);
#6905=EDGE_CURVE('',#5993,#5673,#7432,.T.);
#6906=EDGE_CURVE('',#5627,#5994,#7433,.T.);
#6907=EDGE_CURVE('',#5994,#5628,#835,.T.);
#6908=EDGE_CURVE('',#5994,#5995,#836,.T.);
#6909=EDGE_CURVE('',#5995,#5615,#837,.T.);
#6910=EDGE_CURVE('',#5995,#5986,#7434,.T.);
#6911=EDGE_CURVE('',#5672,#5614,#7435,.T.);
#6912=EDGE_CURVE('',#5996,#5997,#838,.T.);
#6913=EDGE_CURVE('',#5998,#5996,#839,.T.);
#6914=EDGE_CURVE('',#5999,#5998,#840,.T.);
#6915=EDGE_CURVE('',#5997,#5999,#841,.T.);
#6916=EDGE_CURVE('',#5998,#6000,#842,.T.);
#6917=EDGE_CURVE('',#5996,#6001,#843,.T.);
#6918=EDGE_CURVE('',#6001,#6000,#844,.T.);
#6919=EDGE_CURVE('',#6002,#5581,#845,.T.);
#6920=EDGE_CURVE('',#6003,#6002,#846,.T.);
#6921=EDGE_CURVE('',#6003,#6004,#847,.T.);
#6922=EDGE_CURVE('',#5582,#6004,#848,.T.);
#6923=EDGE_CURVE('',#5607,#6003,#849,.T.);
#6924=EDGE_CURVE('',#6001,#5609,#850,.T.);
#6925=EDGE_CURVE('',#6005,#5997,#851,.T.);
#6926=EDGE_CURVE('',#6004,#6005,#852,.T.);
#6927=EDGE_CURVE('',#5624,#5999,#853,.T.);
#6928=EDGE_CURVE('',#6000,#5608,#854,.T.);
#6929=EDGE_CURVE('',#5606,#6002,#855,.T.);
#6930=EDGE_CURVE('',#6006,#6007,#856,.T.);
#6931=EDGE_CURVE('',#6007,#6008,#7436,.T.);
#6932=EDGE_CURVE('',#6008,#6005,#857,.T.);
#6933=EDGE_CURVE('',#5623,#5632,#7437,.T.);
#6934=EDGE_CURVE('',#5631,#6006,#858,.T.);
#6935=EDGE_CURVE('',#5583,#6005,#859,.T.);
#6936=EDGE_CURVE('',#6009,#6010,#860,.T.);
#6937=EDGE_CURVE('',#6011,#6009,#861,.T.);
#6938=EDGE_CURVE('',#6012,#6011,#862,.T.);
#6939=EDGE_CURVE('',#6010,#6012,#863,.T.);
#6940=EDGE_CURVE('',#6011,#6013,#864,.T.);
#6941=EDGE_CURVE('',#6009,#6014,#865,.T.);
#6942=EDGE_CURVE('',#6014,#6013,#866,.T.);
#6943=EDGE_CURVE('',#6015,#5569,#867,.T.);
#6944=EDGE_CURVE('',#6016,#6015,#868,.T.);
#6945=EDGE_CURVE('',#6016,#6017,#869,.T.);
#6946=EDGE_CURVE('',#5570,#6017,#870,.T.);
#6947=EDGE_CURVE('',#5538,#6016,#871,.T.);
#6948=EDGE_CURVE('',#6014,#5540,#872,.T.);
#6949=EDGE_CURVE('',#6018,#6010,#873,.T.);
#6950=EDGE_CURVE('',#6017,#6018,#874,.T.);
#6951=EDGE_CURVE('',#5560,#6012,#875,.T.);
#6952=EDGE_CURVE('',#6013,#5539,#876,.T.);
#6953=EDGE_CURVE('',#5537,#6015,#877,.T.);
#6954=EDGE_CURVE('',#6019,#6020,#878,.T.);
#6955=EDGE_CURVE('',#6020,#6021,#7438,.T.);
#6956=EDGE_CURVE('',#6021,#6018,#879,.T.);
#6957=EDGE_CURVE('',#5559,#5601,#7439,.T.);
#6958=EDGE_CURVE('',#5600,#6019,#880,.T.);
#6959=EDGE_CURVE('',#5571,#6018,#881,.T.);
#6960=EDGE_CURVE('',#6022,#6023,#882,.T.);
#6961=EDGE_CURVE('',#6022,#6024,#7440,.T.);
#6962=EDGE_CURVE('',#6024,#6025,#883,.T.);
#6963=EDGE_CURVE('',#6023,#6025,#7441,.T.);
#6964=EDGE_CURVE('',#6023,#6026,#884,.T.);
#6965=EDGE_CURVE('',#6027,#6026,#885,.T.);
#6966=EDGE_CURVE('',#6022,#6027,#886,.T.);
#6967=EDGE_CURVE('',#6028,#6029,#887,.T.);
#6968=EDGE_CURVE('',#6029,#6030,#888,.T.);
#6969=EDGE_CURVE('',#6031,#6030,#889,.T.);
#6970=EDGE_CURVE('',#6025,#6031,#890,.T.);
#6971=EDGE_CURVE('',#6032,#6024,#891,.T.);
#6972=EDGE_CURVE('',#6033,#6032,#892,.T.);
#6973=EDGE_CURVE('',#6034,#6033,#893,.T.);
#6974=EDGE_CURVE('',#6034,#6035,#7442,.T.);
#6975=EDGE_CURVE('',#6035,#6036,#894,.T.);
#6976=EDGE_CURVE('',#6036,#6037,#7443,.T.);
#6977=EDGE_CURVE('',#6038,#6037,#895,.T.);
#6978=EDGE_CURVE('',#5549,#6038,#7444,.T.);
#6979=EDGE_CURVE('',#6039,#5686,#7445,.T.);
#6980=EDGE_CURVE('',#6040,#6039,#896,.T.);
#6981=EDGE_CURVE('',#6040,#6041,#897,.T.);
#6982=EDGE_CURVE('',#6041,#6042,#7446,.T.);
#6983=EDGE_CURVE('',#6043,#6042,#898,.T.);
#6984=EDGE_CURVE('',#6043,#6044,#899,.T.);
#6985=EDGE_CURVE('',#6045,#6044,#7447,.T.);
#6986=EDGE_CURVE('',#6046,#6045,#900,.T.);
#6987=EDGE_CURVE('',#6047,#6046,#7448,.T.);
#6988=EDGE_CURVE('',#6048,#6047,#901,.T.);
#6989=EDGE_CURVE('',#6048,#6049,#7449,.T.);
#6990=EDGE_CURVE('',#6028,#6049,#902,.T.);
#6991=EDGE_CURVE('',#6050,#6051,#903,.T.);
#6992=EDGE_CURVE('',#6051,#6052,#904,.T.);
#6993=EDGE_CURVE('',#6052,#6053,#905,.T.);
#6994=EDGE_CURVE('',#6050,#6053,#906,.T.);
#6995=EDGE_CURVE('',#6050,#6029,#7450,.T.);
#6996=EDGE_CURVE('',#6053,#6030,#1793,.T.);
#6997=EDGE_CURVE('',#6054,#6055,#907,.T.);
#6998=EDGE_CURVE('',#6056,#6054,#908,.T.);
#6999=EDGE_CURVE('',#6056,#6057,#909,.T.);
#7000=EDGE_CURVE('',#6057,#6055,#910,.T.);
#7001=EDGE_CURVE('',#6058,#6056,#911,.T.);
#7002=EDGE_CURVE('',#6058,#6059,#912,.T.);
#7003=EDGE_CURVE('',#6057,#6059,#913,.T.);
#7004=EDGE_CURVE('',#6031,#6060,#914,.T.);
#7005=EDGE_CURVE('',#6026,#6060,#915,.T.);
#7006=EDGE_CURVE('',#6061,#6060,#916,.T.);
#7007=EDGE_CURVE('',#6061,#6027,#917,.T.);
#7008=EDGE_CURVE('',#6032,#6061,#918,.T.);
#7009=EDGE_CURVE('',#6062,#6063,#919,.T.);
#7010=EDGE_CURVE('',#6063,#6064,#920,.T.);
#7011=EDGE_CURVE('',#6064,#6062,#7451,.T.);
#7012=EDGE_CURVE('',#6065,#6063,#921,.T.);
#7013=EDGE_CURVE('',#6065,#6066,#922,.T.);
#7014=EDGE_CURVE('',#6064,#6066,#923,.T.);
#7015=EDGE_CURVE('',#6062,#6044,#924,.T.);
#7016=EDGE_CURVE('',#6066,#6067,#7452,.T.);
#7017=EDGE_CURVE('',#6045,#6067,#925,.T.);
#7018=EDGE_CURVE('',#6068,#6046,#926,.T.);
#7019=EDGE_CURVE('',#6067,#6068,#927,.T.);
#7020=EDGE_CURVE('',#6069,#6047,#928,.T.);
#7021=EDGE_CURVE('',#6069,#6068,#7453,.T.);
#7022=EDGE_CURVE('',#6048,#6070,#929,.T.);
#7023=EDGE_CURVE('',#6069,#6070,#930,.T.);
#7024=EDGE_CURVE('',#6070,#6071,#7454,.T.);
#7025=EDGE_CURVE('',#6049,#6071,#931,.T.);
#7026=EDGE_CURVE('',#6028,#6072,#932,.T.);
#7027=EDGE_CURVE('',#6071,#6072,#933,.T.);
#7028=EDGE_CURVE('',#6072,#6073,#934,.T.);
#7029=EDGE_CURVE('',#6073,#6051,#7455,.T.);
#7030=EDGE_CURVE('',#6073,#6074,#935,.T.);
#7031=EDGE_CURVE('',#6074,#6052,#1794,.T.);
#7032=EDGE_CURVE('',#6075,#6074,#936,.T.);
#7033=EDGE_CURVE('',#6075,#6031,#937,.T.);
#7034=EDGE_CURVE('',#6076,#6075,#938,.T.);
#7035=EDGE_CURVE('',#6055,#6076,#7456,.T.);
#7036=EDGE_CURVE('',#6059,#6075,#939,.T.);
#7037=EDGE_CURVE('',#6077,#6076,#940,.T.);
#7038=EDGE_CURVE('',#6054,#6077,#7457,.T.);
#7039=EDGE_CURVE('',#6078,#6077,#941,.T.);
#7040=EDGE_CURVE('',#6058,#6078,#942,.T.);
#7041=EDGE_CURVE('',#6079,#6078,#943,.T.);
#7042=EDGE_CURVE('',#6033,#6079,#944,.T.);
#7043=EDGE_CURVE('',#6034,#6080,#945,.T.);
#7044=EDGE_CURVE('',#6079,#6080,#946,.T.);
#7045=EDGE_CURVE('',#6081,#6080,#7458,.T.);
#7046=EDGE_CURVE('',#6035,#6081,#947,.T.);
#7047=EDGE_CURVE('',#6038,#6082,#948,.T.);
#7048=EDGE_CURVE('',#6083,#6037,#949,.T.);
#7049=EDGE_CURVE('',#6082,#6083,#950,.T.);
#7050=EDGE_CURVE('',#6036,#6084,#951,.T.);
#7051=EDGE_CURVE('',#6084,#6083,#7459,.T.);
#7052=EDGE_CURVE('',#6081,#6084,#952,.T.);
#7053=EDGE_CURVE('',#6043,#6085,#953,.T.);
#7054=EDGE_CURVE('',#6085,#6065,#954,.T.);
#7055=EDGE_CURVE('',#6086,#6042,#955,.T.);
#7056=EDGE_CURVE('',#6085,#6086,#956,.T.);
#7057=EDGE_CURVE('',#6087,#6041,#957,.T.);
#7058=EDGE_CURVE('',#6087,#6086,#7460,.T.);
#7059=EDGE_CURVE('',#6040,#6088,#958,.T.);
#7060=EDGE_CURVE('',#6088,#6087,#959,.T.);
#7061=EDGE_CURVE('',#6089,#6039,#960,.T.);
#7062=EDGE_CURVE('',#6088,#6089,#961,.T.);
#7063=EDGE_CURVE('',#6089,#5685,#7461,.T.);
#7064=EDGE_CURVE('',#5550,#6090,#7462,.T.);
#7065=EDGE_CURVE('',#6090,#5551,#962,.T.);
#7066=EDGE_CURVE('',#6090,#6091,#963,.T.);
#7067=EDGE_CURVE('',#6091,#5552,#964,.T.);
#7068=EDGE_CURVE('',#6091,#6082,#7463,.T.);
#7069=EDGE_CURVE('',#5684,#5553,#7464,.T.);
#7070=EDGE_CURVE('',#6092,#6093,#965,.T.);
#7071=EDGE_CURVE('',#6093,#6094,#966,.T.);
#7072=EDGE_CURVE('',#6095,#6094,#967,.T.);
#7073=EDGE_CURVE('',#6092,#6095,#968,.T.);
#7074=EDGE_CURVE('',#6096,#6093,#969,.T.);
#7075=EDGE_CURVE('',#6097,#6096,#970,.T.);
#7076=EDGE_CURVE('',#6094,#6097,#971,.T.);
#7077=EDGE_CURVE('',#6098,#6099,#972,.T.);
#7078=EDGE_CURVE('',#6100,#6098,#973,.T.);
#7079=EDGE_CURVE('',#6101,#6100,#974,.T.);
#7080=EDGE_CURVE('',#6101,#6102,#975,.T.);
#7081=EDGE_CURVE('',#6102,#6099,#976,.T.);
#7082=EDGE_CURVE('',#6103,#5555,#977,.T.);
#7083=EDGE_CURVE('',#5630,#6103,#978,.T.);
#7084=EDGE_CURVE('',#5636,#6104,#979,.T.);
#7085=EDGE_CURVE('',#6104,#6105,#980,.T.);
#7086=EDGE_CURVE('',#6105,#6106,#7465,.T.);
#7087=EDGE_CURVE('',#6106,#6107,#981,.T.);
#7088=EDGE_CURVE('',#6100,#6107,#982,.T.);
#7089=EDGE_CURVE('',#5556,#6098,#983,.T.);
#7090=EDGE_CURVE('',#6102,#5541,#984,.T.);
#7091=EDGE_CURVE('',#6108,#6101,#985,.T.);
#7092=EDGE_CURVE('',#6096,#6108,#986,.T.);
#7093=EDGE_CURVE('',#5543,#6092,#987,.T.);
#7094=EDGE_CURVE('',#6108,#6107,#988,.T.);
#7095=EDGE_CURVE('',#6108,#6109,#989,.T.);
#7096=EDGE_CURVE('',#6109,#6110,#7466,.T.);
#7097=EDGE_CURVE('',#6110,#6111,#990,.T.);
#7098=EDGE_CURVE('',#6111,#5635,#991,.T.);
#7099=EDGE_CURVE('',#5634,#5558,#7467,.T.);
#7100=EDGE_CURVE('',#6097,#5557,#992,.T.);
#7101=EDGE_CURVE('',#6099,#5542,#993,.T.);
#7102=EDGE_CURVE('',#5544,#6095,#994,.T.);
#7103=EDGE_CURVE('',#5924,#5919,#995,.T.);
#7104=EDGE_CURVE('',#5918,#5925,#996,.T.);
#7105=EDGE_CURVE('',#5920,#5923,#997,.T.);
#7106=EDGE_CURVE('',#5564,#6020,#998,.T.);
#7107=EDGE_CURVE('',#5565,#6019,#999,.T.);
#7108=EDGE_CURVE('',#6112,#5561,#1000,.T.);
#7109=EDGE_CURVE('',#6112,#6113,#1001,.T.);
#7110=EDGE_CURVE('',#6113,#5568,#1002,.T.);
#7111=EDGE_CURVE('',#6021,#5563,#1003,.T.);
#7112=EDGE_CURVE('',#5588,#6006,#1004,.T.);
#7113=EDGE_CURVE('',#5587,#6007,#1005,.T.);
#7114=EDGE_CURVE('',#6114,#5584,#1006,.T.);
#7115=EDGE_CURVE('',#6114,#6115,#1007,.T.);
#7116=EDGE_CURVE('',#6115,#5578,#1008,.T.);
#7117=EDGE_CURVE('',#6008,#5586,#1009,.T.);
#7118=EDGE_CURVE('',#6106,#6109,#1010,.T.);
#7119=EDGE_CURVE('',#6110,#6105,#1011,.T.);
#7120=EDGE_CURVE('',#6104,#6111,#1012,.T.);
#7121=EDGE_CURVE('',#5616,#5599,#7468,.T.);
#7122=EDGE_CURVE('',#5854,#5846,#7469,.T.);
#7123=EDGE_CURVE('',#5847,#5880,#7470,.T.);
#7124=EDGE_CURVE('',#5870,#5897,#7471,.T.);
#7125=EDGE_CURVE('',#5892,#5666,#7472,.T.);
#7126=EDGE_CURVE('',#5837,#5859,#7473,.T.);
#7127=EDGE_CURVE('',#5867,#5898,#7474,.T.);
#7128=EDGE_CURVE('',#5901,#5890,#7475,.T.);
#7129=EDGE_CURVE('',#5888,#5857,#7476,.T.);
#7130=EDGE_CURVE('',#5854,#5747,#7477,.T.);
#7131=EDGE_CURVE('',#5846,#5746,#7478,.T.);
#7132=EDGE_CURVE('',#5888,#5757,#7479,.T.);
#7133=EDGE_CURVE('',#5857,#5756,#7480,.T.);
#7134=EDGE_CURVE('',#5901,#5763,#7481,.T.);
#7135=EDGE_CURVE('',#5890,#5762,#7482,.T.);
#7136=EDGE_CURVE('',#5867,#5769,#7483,.T.);
#7137=EDGE_CURVE('',#5898,#5768,#7484,.T.);
#7138=EDGE_CURVE('',#5837,#5779,#7485,.T.);
#7139=EDGE_CURVE('',#5859,#5778,#7486,.T.);
#7140=EDGE_CURVE('',#5892,#5781,#7487,.T.);
#7141=EDGE_CURVE('',#5666,#5780,#7488,.T.);
#7142=EDGE_CURVE('',#5786,#5897,#7489,.T.);
#7143=EDGE_CURVE('',#5787,#5870,#7490,.T.);
#7144=EDGE_CURVE('',#5847,#5793,#7491,.T.);
#7145=EDGE_CURVE('',#5880,#5792,#7492,.T.);
#7146=EDGE_CURVE('',#5491,#5449,#1013,.T.);
#7147=EDGE_CURVE('',#5446,#5492,#1014,.T.);
#7148=EDGE_CURVE('',#5502,#5471,#1015,.T.);
#7149=EDGE_CURVE('',#5468,#5503,#1016,.T.);
#7150=EDGE_CURVE('',#5513,#5465,#1017,.T.);
#7151=EDGE_CURVE('',#5462,#5514,#1018,.T.);
#7152=EDGE_CURVE('',#5456,#5475,#1019,.T.);
#7153=EDGE_CURVE('',#5472,#5455,#1020,.T.);
#7154=EDGE_CURVE('',#5454,#6116,#7493,.T.);
#7155=EDGE_CURVE('',#6116,#6117,#1021,.T.);
#7156=EDGE_CURVE('',#6117,#5451,#7494,.T.);
#7157=EDGE_CURVE('',#5450,#5489,#1022,.T.);
#7158=EDGE_CURVE('',#5490,#5445,#1023,.T.);
#7159=EDGE_CURVE('',#5444,#5500,#1024,.T.);
#7160=EDGE_CURVE('',#5501,#5467,#1025,.T.);
#7161=EDGE_CURVE('',#5466,#5511,#1026,.T.);
#7162=EDGE_CURVE('',#5512,#5461,#1027,.T.);
#7163=EDGE_CURVE('',#5460,#5473,#1028,.T.);
#7164=EDGE_CURVE('',#5474,#5459,#1029,.T.);
#7165=EDGE_CURVE('',#5509,#5521,#1030,.T.);
#7166=EDGE_CURVE('',#5427,#5508,#1031,.T.);
#7167=EDGE_CURVE('',#5507,#5428,#1032,.T.);
#7168=EDGE_CURVE('',#5517,#5506,#1033,.T.);
#7169=EDGE_CURVE('',#5498,#5526,#1034,.T.);
#7170=EDGE_CURVE('',#5423,#5497,#1035,.T.);
#7171=EDGE_CURVE('',#5496,#5424,#1036,.T.);
#7172=EDGE_CURVE('',#5522,#5495,#1037,.T.);
#7173=EDGE_CURVE('',#5487,#5442,#1038,.T.);
#7174=EDGE_CURVE('',#5443,#5486,#1039,.T.);
#7175=EDGE_CURVE('',#5485,#5420,#1040,.T.);
#7176=EDGE_CURVE('',#5527,#5484,#1041,.T.);
#7177=EDGE_CURVE('',#5480,#5516,#1042,.T.);
#7178=EDGE_CURVE('',#5431,#5479,#1043,.T.);
#7179=EDGE_CURVE('',#5478,#5432,#1044,.T.);
#7180=EDGE_CURVE('',#5433,#5477,#1045,.T.);
#7181=EDGE_CURVE('',#6103,#6118,#1046,.T.);
#7182=EDGE_CURVE('',#6118,#5629,#1047,.T.);
#7183=EDGE_CURVE('',#5554,#6118,#1048,.T.);
#7184=EDGE_CURVE('',#5679,#6119,#267,.T.);
#7185=EDGE_CURVE('',#6119,#6120,#268,.T.);
#7186=EDGE_CURVE('',#6120,#5594,#269,.T.);
#7187=EDGE_CURVE('',#5593,#5680,#7495,.T.);
#7188=EDGE_CURVE('',#5681,#5629,#1795,.T.);
#7189=EDGE_CURVE('',#6118,#5682,#1796,.T.);
#7190=EDGE_CURVE('',#5668,#6121,#270,.T.);
#7191=EDGE_CURVE('',#6121,#6122,#271,.T.);
#7192=EDGE_CURVE('',#6122,#5573,#272,.T.);
#7193=EDGE_CURVE('',#5669,#5572,#7496,.T.);
#7194=EDGE_CURVE('',#5670,#5599,#7497,.T.);
#7195=EDGE_CURVE('',#5616,#5671,#7498,.T.);
#7196=EDGE_CURVE('',#5683,#5554,#1797,.T.);
#7197=EDGE_CURVE('',#6115,#6123,#1049,.T.);
#7198=EDGE_CURVE('',#6123,#5595,#1050,.T.);
#7199=EDGE_CURVE('',#6120,#6124,#1051,.T.);
#7200=EDGE_CURVE('',#6124,#6114,#1052,.T.);
#7201=EDGE_CURVE('',#5678,#6119,#1798,.T.);
#7202=EDGE_CURVE('',#6122,#6125,#1053,.T.);
#7203=EDGE_CURVE('',#6125,#6112,#1054,.T.);
#7204=EDGE_CURVE('',#5667,#6121,#7499,.T.);
#7205=EDGE_CURVE('',#6113,#6126,#1055,.T.);
#7206=EDGE_CURVE('',#6126,#5574,#1056,.T.);
#7207=EDGE_CURVE('',#5676,#6123,#1799,.T.);
#7208=EDGE_CURVE('',#6124,#5677,#1800,.T.);
#7209=EDGE_CURVE('',#6125,#5688,#1801,.T.);
#7210=EDGE_CURVE('',#5687,#6126,#1802,.T.);
#7211=EDGE_CURVE('',#6117,#5452,#1057,.T.);
#7212=EDGE_CURVE('',#6116,#5453,#1058,.T.);
#7213=EDGE_CURVE('',#6127,#6127,#7500,.T.);
#7214=EDGE_CURVE('',#6128,#6128,#7501,.T.);
#7215=EDGE_CURVE('',#6129,#6129,#7502,.T.);
#7216=EDGE_CURVE('',#6130,#6130,#7503,.T.);
#7217=EDGE_CURVE('',#6131,#6131,#7504,.T.);
#7218=EDGE_CURVE('',#6132,#6132,#7505,.T.);
#7219=EDGE_CURVE('',#6133,#6133,#7506,.T.);
#7220=EDGE_CURVE('',#6134,#6134,#7507,.T.);
#7221=EDGE_CURVE('',#6135,#6135,#7508,.T.);
#7222=EDGE_CURVE('',#6136,#6136,#7509,.T.);
#7223=EDGE_CURVE('',#6137,#6137,#7510,.T.);
#7224=EDGE_CURVE('',#6138,#6138,#7511,.T.);
#7225=EDGE_CURVE('',#6139,#6139,#7512,.T.);
#7226=EDGE_CURVE('',#6140,#6140,#7513,.T.);
#7227=EDGE_CURVE('',#6141,#6141,#7514,.T.);
#7228=EDGE_CURVE('',#6142,#6142,#7515,.T.);
#7229=CIRCLE('',#7517,1.);
#7230=CIRCLE('',#7547,4.8);
#7231=CIRCLE('',#7549,4.8);
#7232=CIRCLE('',#7550,4.8);
#7233=CIRCLE('',#7551,4.8);
#7234=CIRCLE('',#7553,4.8);
#7235=CIRCLE('',#7554,4.8);
#7236=CIRCLE('',#7555,4.8);
#7237=CIRCLE('',#7556,4.8);
#7238=CIRCLE('',#7558,4.8);
#7239=CIRCLE('',#7560,4.8);
#7240=CIRCLE('',#7561,4.8);
#7241=CIRCLE('',#7562,4.8);
#7242=CIRCLE('',#7564,4.8);
#7243=CIRCLE('',#7566,4.8);
#7244=CIRCLE('',#7567,4.8);
#7245=CIRCLE('',#7568,4.8);
#7246=CIRCLE('',#7570,4.8);
#7247=CIRCLE('',#7573,1.);
#7248=CIRCLE('',#7576,1.);
#7249=CIRCLE('',#7583,1.);
#7250=CIRCLE('',#7584,4.);
#7251=CIRCLE('',#7587,4.);
#7252=CIRCLE('',#7589,0.5);
#7253=CIRCLE('',#7590,0.5);
#7254=CIRCLE('',#7592,4.);
#7255=CIRCLE('',#7594,1.);
#7256=CIRCLE('',#7595,4.);
#7257=CIRCLE('',#7597,4.);
#7258=CIRCLE('',#7599,4.);
#7259=CIRCLE('',#7601,3.5);
#7260=CIRCLE('',#7602,0.5);
#7261=CIRCLE('',#7610,4.);
#7262=CIRCLE('',#7611,4.);
#7263=CIRCLE('',#7613,2.);
#7264=CIRCLE('',#7614,2.);
#7265=CIRCLE('',#7616,3.8);
#7266=CIRCLE('',#7617,3.8);
#7267=CIRCLE('',#7621,3.8);
#7268=CIRCLE('',#7622,3.8);
#7269=CIRCLE('',#7626,3.8);
#7270=CIRCLE('',#7627,3.8);
#7271=CIRCLE('',#7630,6.175);
#7272=CIRCLE('',#7631,6.175);
#7273=CIRCLE('',#7633,6.175);
#7274=CIRCLE('',#7634,6.175);
#7275=CIRCLE('',#7636,3.5);
#7276=CIRCLE('',#7637,3.5);
#7277=CIRCLE('',#7638,3.5);
#7278=CIRCLE('',#7639,6.175);
#7279=CIRCLE('',#7640,1.);
#7280=CIRCLE('',#7641,6.175);
#7281=CIRCLE('',#7642,3.8);
#7282=CIRCLE('',#7643,6.175);
#7283=CIRCLE('',#7644,3.8);
#7284=CIRCLE('',#7645,6.175);
#7285=CIRCLE('',#7646,1.);
#7286=CIRCLE('',#7647,6.175);
#7287=CIRCLE('',#7648,3.8);
#7288=CIRCLE('',#7649,6.175);
#7289=CIRCLE('',#7650,1.);
#7290=CIRCLE('',#7651,6.175);
#7291=CIRCLE('',#7652,3.8);
#7292=CIRCLE('',#7653,6.175);
#7293=CIRCLE('',#7654,1.);
#7294=CIRCLE('',#7655,6.175);
#7295=CIRCLE('',#7656,1.);
#7296=CIRCLE('',#7657,6.175);
#7297=CIRCLE('',#7658,3.8);
#7298=CIRCLE('',#7659,6.175);
#7299=CIRCLE('',#7660,3.8);
#7300=CIRCLE('',#7661,6.175);
#7301=CIRCLE('',#7662,1.);
#7302=CIRCLE('',#7663,6.175);
#7303=CIRCLE('',#7664,3.8);
#7304=CIRCLE('',#7665,6.175);
#7305=CIRCLE('',#7666,1.);
#7306=CIRCLE('',#7667,6.175);
#7307=CIRCLE('',#7668,3.8);
#7308=CIRCLE('',#7669,6.175);
#7309=CIRCLE('',#7670,1.);
#7310=CIRCLE('',#7671,6.175);
#7311=CIRCLE('',#7672,3.8);
#7312=CIRCLE('',#7673,6.175);
#7313=CIRCLE('',#7674,3.8);
#7314=CIRCLE('',#7676,5.175);
#7315=CIRCLE('',#7677,2.);
#7316=CIRCLE('',#7678,5.175);
#7317=CIRCLE('',#7679,3.8);
#7318=CIRCLE('',#7680,5.175);
#7319=CIRCLE('',#7681,3.8);
#7320=CIRCLE('',#7682,5.175);
#7321=CIRCLE('',#7683,2.);
#7322=CIRCLE('',#7684,5.175);
#7323=CIRCLE('',#7685,3.8);
#7324=CIRCLE('',#7686,5.175);
#7325=CIRCLE('',#7687,2.);
#7326=CIRCLE('',#7688,5.175);
#7327=CIRCLE('',#7689,3.8);
#7328=CIRCLE('',#7690,5.175);
#7329=CIRCLE('',#7691,2.);
#7330=CIRCLE('',#7692,5.175);
#7331=CIRCLE('',#7693,3.8);
#7332=CIRCLE('',#7694,5.175);
#7333=CIRCLE('',#7695,3.8);
#7334=CIRCLE('',#7696,5.175);
#7335=CIRCLE('',#7697,2.);
#7336=CIRCLE('',#7698,5.175);
#7337=CIRCLE('',#7699,5.175);
#7338=CIRCLE('',#7700,5.175);
#7339=CIRCLE('',#7701,2.);
#7340=CIRCLE('',#7702,5.175);
#7341=CIRCLE('',#7703,3.8);
#7342=CIRCLE('',#7704,5.175);
#7343=CIRCLE('',#7705,2.);
#7344=CIRCLE('',#7706,5.175);
#7345=CIRCLE('',#7707,3.8);
#7346=CIRCLE('',#7708,5.175);
#7347=CIRCLE('',#7709,2.);
#7348=CIRCLE('',#7710,5.175);
#7349=CIRCLE('',#7711,3.8);
#7350=CIRCLE('',#7712,5.175);
#7351=CIRCLE('',#7713,3.8);
#7352=CIRCLE('',#7714,3.8);
#7353=CIRCLE('',#7715,3.8);
#7354=CIRCLE('',#7716,3.8);
#7355=CIRCLE('',#7717,3.8);
#7356=CIRCLE('',#7718,3.8);
#7357=CIRCLE('',#7719,3.8);
#7358=CIRCLE('',#7720,3.8);
#7359=CIRCLE('',#7721,2.);
#7360=CIRCLE('',#7722,2.);
#7361=CIRCLE('',#7723,2.);
#7362=CIRCLE('',#7724,3.8);
#7363=CIRCLE('',#7725,3.8);
#7364=CIRCLE('',#7726,3.8);
#7365=CIRCLE('',#7727,3.8);
#7366=CIRCLE('',#7728,2.);
#7367=CIRCLE('',#7729,2.);
#7368=CIRCLE('',#7730,2.);
#7369=CIRCLE('',#7731,2.);
#7370=CIRCLE('',#7734,6.175);
#7371=CIRCLE('',#7743,3.8);
#7372=CIRCLE('',#7745,2.);
#7373=CIRCLE('',#7747,6.175);
#7374=CIRCLE('',#7749,6.175);
#7375=CIRCLE('',#7751,6.175);
#7376=CIRCLE('',#7754,2.);
#7377=CIRCLE('',#7759,6.175);
#7378=CIRCLE('',#7764,6.175);
#7379=CIRCLE('',#7767,3.8);
#7380=CIRCLE('',#7769,6.175);
#7381=CIRCLE('',#7772,6.175);
#7382=CIRCLE('',#7777,6.175);
#7383=CIRCLE('',#7781,2.);
#7384=CIRCLE('',#7783,3.8);
#7385=CIRCLE('',#7787,6.175);
#7386=CIRCLE('',#7792,6.175);
#7387=CIRCLE('',#7795,3.8);
#7388=CIRCLE('',#7798,2.);
#7389=CIRCLE('',#7801,3.8);
#7390=CIRCLE('',#7805,6.175);
#7391=CIRCLE('',#7807,2.);
#7392=CIRCLE('',#7813,3.8);
#7393=CIRCLE('',#7817,3.8);
#7394=CIRCLE('',#7819,6.175);
#7395=CIRCLE('',#7822,6.175);
#7396=CIRCLE('',#7826,6.175);
#7397=CIRCLE('',#7829,3.8);
#7398=CIRCLE('',#7831,2.);
#7399=CIRCLE('',#7833,3.8);
#7400=CIRCLE('',#7837,6.175);
#7401=CIRCLE('',#7839,6.175);
#7402=CIRCLE('',#7844,6.175);
#7403=CIRCLE('',#7846,2.);
#7404=CIRCLE('',#7849,3.8);
#7405=CIRCLE('',#7851,3.8);
#7406=CIRCLE('',#7859,1.);
#7407=CIRCLE('',#7860,4.);
#7408=CIRCLE('',#7864,1.);
#7409=CIRCLE('',#7865,4.);
#7410=CIRCLE('',#7870,0.2);
#7411=CIRCLE('',#7871,0.2);
#7412=CIRCLE('',#7874,6.);
#7413=CIRCLE('',#7875,0.4);
#7414=CIRCLE('',#7876,0.7);
#7415=CIRCLE('',#7877,0.5);
#7416=CIRCLE('',#7878,2.);
#7417=CIRCLE('',#7879,2.);
#7418=CIRCLE('',#7880,0.1);
#7419=CIRCLE('',#7881,0.2);
#7420=CIRCLE('',#7882,0.5);
#7421=CIRCLE('',#7885,1.);
#7422=CIRCLE('',#7893,0.1);
#7423=CIRCLE('',#7896,0.1);
#7424=CIRCLE('',#7899,0.2);
#7425=CIRCLE('',#7902,0.5);
#7426=CIRCLE('',#7905,1.);
#7427=CIRCLE('',#7910,0.2);
#7428=CIRCLE('',#7912,0.2);
#7429=CIRCLE('',#7917,6.);
#7430=CIRCLE('',#7920,0.4);
#7431=CIRCLE('',#7925,2.);
#7432=CIRCLE('',#7929,2.);
#7433=CIRCLE('',#7931,0.7);
#7434=CIRCLE('',#7934,0.7);
#7435=CIRCLE('',#7935,0.5);
#7436=CIRCLE('',#7945,1.);
#7437=CIRCLE('',#7946,4.);
#7438=CIRCLE('',#7956,1.);
#7439=CIRCLE('',#7957,4.);
#7440=CIRCLE('',#7960,0.2);
#7441=CIRCLE('',#7961,0.2);
#7442=CIRCLE('',#7964,6.);
#7443=CIRCLE('',#7965,0.4);
#7444=CIRCLE('',#7966,0.7);
#7445=CIRCLE('',#7967,2.);
#7446=CIRCLE('',#7968,2.);
#7447=CIRCLE('',#7969,0.1);
#7448=CIRCLE('',#7970,0.2);
#7449=CIRCLE('',#7971,0.5);
#7450=CIRCLE('',#7974,1.);
#7451=CIRCLE('',#7982,0.1);
#7452=CIRCLE('',#7985,0.1);
#7453=CIRCLE('',#7988,0.2);
#7454=CIRCLE('',#7991,0.5);
#7455=CIRCLE('',#7994,1.);
#7456=CIRCLE('',#7999,0.2);
#7457=CIRCLE('',#8001,0.2);
#7458=CIRCLE('',#8006,6.);
#7459=CIRCLE('',#8009,0.4);
#7460=CIRCLE('',#8014,2.);
#7461=CIRCLE('',#8018,2.);
#7462=CIRCLE('',#8020,0.7);
#7463=CIRCLE('',#8023,0.7);
#7464=CIRCLE('',#8024,0.5);
#7465=CIRCLE('',#8030,1.);
#7466=CIRCLE('',#8034,1.);
#7467=CIRCLE('',#8035,4.);
#7468=CIRCLE('',#8060,4.);
#7469=CIRCLE('',#8062,1.);
#7470=CIRCLE('',#8064,1.);
#7471=CIRCLE('',#8066,1.);
#7472=CIRCLE('',#8068,1.);
#7473=CIRCLE('',#8070,1.);
#7474=CIRCLE('',#8072,1.);
#7475=CIRCLE('',#8074,1.);
#7476=CIRCLE('',#8076,1.);
#7477=CIRCLE('',#8078,1.);
#7478=CIRCLE('',#8080,1.);
#7479=CIRCLE('',#8084,1.);
#7480=CIRCLE('',#8086,1.);
#7481=CIRCLE('',#8089,1.);
#7482=CIRCLE('',#8091,1.);
#7483=CIRCLE('',#8094,1.);
#7484=CIRCLE('',#8096,1.);
#7485=CIRCLE('',#8100,1.);
#7486=CIRCLE('',#8102,1.);
#7487=CIRCLE('',#8105,1.);
#7488=CIRCLE('',#8107,1.);
#7489=CIRCLE('',#8111,1.);
#7490=CIRCLE('',#8113,1.);
#7491=CIRCLE('',#8116,1.);
#7492=CIRCLE('',#8118,1.);
#7493=CIRCLE('',#8129,3.5);
#7494=CIRCLE('',#8130,3.5);
#7495=CIRCLE('',#8164,0.5);
#7496=CIRCLE('',#8170,0.5);
#7497=CIRCLE('',#8172,0.5);
#7498=CIRCLE('',#8174,0.5);
#7499=CIRCLE('',#8184,0.2);
#7500=CIRCLE('',#8210,1.7);
#7501=CIRCLE('',#8212,1.7);
#7502=CIRCLE('',#8214,1.7);
#7503=CIRCLE('',#8216,1.7);
#7504=CIRCLE('',#8218,1.7);
#7505=CIRCLE('',#8220,1.7);
#7506=CIRCLE('',#8222,1.7);
#7507=CIRCLE('',#8224,1.7);
#7508=CIRCLE('',#8226,1.69999999999982);
#7509=CIRCLE('',#8229,1.69999999999982);
#7510=CIRCLE('',#8232,1.69999999999982);
#7511=CIRCLE('',#8235,1.69999999999982);
#7512=CIRCLE('',#8238,1.69999999999982);
#7513=CIRCLE('',#8241,1.69999999999982);
#7514=CIRCLE('',#8244,1.69999999999982);
#7515=CIRCLE('',#8247,1.69999999999982);
#7516=AXIS2_PLACEMENT_3D('',#10420,#8250,#8251);
#7517=AXIS2_PLACEMENT_3D('',#10421,#8252,#8253);
#7518=AXIS2_PLACEMENT_3D('',#10423,#8254,#8255);
#7519=AXIS2_PLACEMENT_3D('',#10424,#8256,#8257);
#7520=AXIS2_PLACEMENT_3D('',#10427,#8258,#8259);
#7521=AXIS2_PLACEMENT_3D('',#10429,#8260,#8261);
#7522=AXIS2_PLACEMENT_3D('',#10433,#8263,#8264);
#7523=AXIS2_PLACEMENT_3D('',#10435,#8265,#8266);
#7524=AXIS2_PLACEMENT_3D('',#10437,#8267,#8268);
#7525=AXIS2_PLACEMENT_3D('',#10441,#8270,#8271);
#7526=AXIS2_PLACEMENT_3D('',#10443,#8272,#8273);
#7527=AXIS2_PLACEMENT_3D('',#10445,#8274,#8275);
#7528=AXIS2_PLACEMENT_3D('',#10449,#8277,#8278);
#7529=AXIS2_PLACEMENT_3D('',#10457,#8282,#8283);
#7530=AXIS2_PLACEMENT_3D('',#10461,#8285,#8286);
#7531=AXIS2_PLACEMENT_3D('',#10469,#8290,#8291);
#7532=AXIS2_PLACEMENT_3D('',#10475,#8294,#8295);
#7533=AXIS2_PLACEMENT_3D('',#10479,#8297,#8298);
#7534=AXIS2_PLACEMENT_3D('',#10483,#8300,#8301);
#7535=AXIS2_PLACEMENT_3D('',#10487,#8303,#8304);
#7536=AXIS2_PLACEMENT_3D('',#10491,#8306,#8307);
#7537=AXIS2_PLACEMENT_3D('',#10495,#8309,#8310);
#7538=AXIS2_PLACEMENT_3D('',#10499,#8312,#8313);
#7539=AXIS2_PLACEMENT_3D('',#10503,#8315,#8316);
#7540=AXIS2_PLACEMENT_3D('',#10507,#8318,#8319);
#7541=AXIS2_PLACEMENT_3D('',#10511,#8321,#8322);
#7542=AXIS2_PLACEMENT_3D('',#10515,#8324,#8325);
#7543=AXIS2_PLACEMENT_3D('',#10519,#8327,#8328);
#7544=AXIS2_PLACEMENT_3D('',#10523,#8330,#8331);
#7545=AXIS2_PLACEMENT_3D('',#10527,#8333,#8334);
#7546=AXIS2_PLACEMENT_3D('',#10528,#8335,#8336);
#7547=AXIS2_PLACEMENT_3D('',#10529,#8337,#8338);
#7548=AXIS2_PLACEMENT_3D('',#10556,#8341,#8342);
#7549=AXIS2_PLACEMENT_3D('',#10557,#8343,#8344);
#7550=AXIS2_PLACEMENT_3D('',#10572,#8346,#8347);
#7551=AXIS2_PLACEMENT_3D('',#10586,#8349,#8350);
#7552=AXIS2_PLACEMENT_3D('',#10588,#8351,#8352);
#7553=AXIS2_PLACEMENT_3D('',#10589,#8353,#8354);
#7554=AXIS2_PLACEMENT_3D('',#10605,#8356,#8357);
#7555=AXIS2_PLACEMENT_3D('',#10619,#8359,#8360);
#7556=AXIS2_PLACEMENT_3D('',#10620,#8361,#8362);
#7557=AXIS2_PLACEMENT_3D('',#10622,#8363,#8364);
#7558=AXIS2_PLACEMENT_3D('',#10623,#8365,#8366);
#7559=AXIS2_PLACEMENT_3D('',#10650,#8369,#8370);
#7560=AXIS2_PLACEMENT_3D('',#10651,#8371,#8372);
#7561=AXIS2_PLACEMENT_3D('',#10667,#8374,#8375);
#7562=AXIS2_PLACEMENT_3D('',#10681,#8377,#8378);
#7563=AXIS2_PLACEMENT_3D('',#10683,#8379,#8380);
#7564=AXIS2_PLACEMENT_3D('',#10684,#8381,#8382);
#7565=AXIS2_PLACEMENT_3D('',#10711,#8385,#8386);
#7566=AXIS2_PLACEMENT_3D('',#10712,#8387,#8388);
#7567=AXIS2_PLACEMENT_3D('',#10728,#8390,#8391);
#7568=AXIS2_PLACEMENT_3D('',#10742,#8393,#8394);
#7569=AXIS2_PLACEMENT_3D('',#10744,#8395,#8396);
#7570=AXIS2_PLACEMENT_3D('',#10745,#8397,#8398);
#7571=AXIS2_PLACEMENT_3D('',#10772,#8401,#8402);
#7572=AXIS2_PLACEMENT_3D('',#10826,#8405,#8406);
#7573=AXIS2_PLACEMENT_3D('',#10827,#8407,#8408);
#7574=AXIS2_PLACEMENT_3D('',#10829,#8409,#8410);
#7575=AXIS2_PLACEMENT_3D('',#10883,#8413,#8414);
#7576=AXIS2_PLACEMENT_3D('',#10884,#8415,#8416);
#7577=AXIS2_PLACEMENT_3D('',#10886,#8417,#8418);
#7578=AXIS2_PLACEMENT_3D('',#10940,#8421,#8422);
#7579=AXIS2_PLACEMENT_3D('',#10941,#8423,#8424);
#7580=AXIS2_PLACEMENT_3D('',#10950,#8429,#8430);
#7581=AXIS2_PLACEMENT_3D('',#10959,#8435,#8436);
#7582=AXIS2_PLACEMENT_3D('',#11009,#8462,#8463);
#7583=AXIS2_PLACEMENT_3D('',#11015,#8466,#8467);
#7584=AXIS2_PLACEMENT_3D('',#11023,#8471,#8472);
#7585=AXIS2_PLACEMENT_3D('',#11024,#8473,#8474);
#7586=AXIS2_PLACEMENT_3D('',#11034,#8480,#8481);
#7587=AXIS2_PLACEMENT_3D('',#11035,#8482,#8483);
#7588=AXIS2_PLACEMENT_3D('',#11040,#8486,#8487);
#7589=AXIS2_PLACEMENT_3D('',#11041,#8488,#8489);
#7590=AXIS2_PLACEMENT_3D('',#11062,#8491,#8492);
#7591=AXIS2_PLACEMENT_3D('',#11063,#8493,#8494);
#7592=AXIS2_PLACEMENT_3D('',#11067,#8496,#8497);
#7593=AXIS2_PLACEMENT_3D('',#11078,#8503,#8504);
#7594=AXIS2_PLACEMENT_3D('',#11084,#8507,#8508);
#7595=AXIS2_PLACEMENT_3D('',#11092,#8512,#8513);
#7596=AXIS2_PLACEMENT_3D('',#11093,#8514,#8515);
#7597=AXIS2_PLACEMENT_3D('',#11096,#8517,#8518);
#7598=AXIS2_PLACEMENT_3D('',#11099,#8520,#8521);
#7599=AXIS2_PLACEMENT_3D('',#11100,#8522,#8523);
#7600=AXIS2_PLACEMENT_3D('',#11105,#8526,#8527);
#7601=AXIS2_PLACEMENT_3D('',#11134,#8528,#8529);
#7602=AXIS2_PLACEMENT_3D('',#11136,#8530,#8531);
#7603=AXIS2_PLACEMENT_3D('',#11137,#8532,#8533);
#7604=AXIS2_PLACEMENT_3D('',#11141,#8537,#8538);
#7605=AXIS2_PLACEMENT_3D('',#11145,#8542,#8543);
#7606=AXIS2_PLACEMENT_3D('',#11149,#8547,#8548);
#7607=AXIS2_PLACEMENT_3D('',#11168,#8559,#8560);
#7608=AXIS2_PLACEMENT_3D('',#11216,#8585,#8586);
#7609=AXIS2_PLACEMENT_3D('',#11235,#8597,#8598);
#7610=AXIS2_PLACEMENT_3D('',#11236,#8599,#8600);
#7611=AXIS2_PLACEMENT_3D('',#11237,#8601,#8602);
#7612=AXIS2_PLACEMENT_3D('',#11238,#8603,#8604);
#7613=AXIS2_PLACEMENT_3D('',#11239,#8605,#8606);
#7614=AXIS2_PLACEMENT_3D('',#11241,#8607,#8608);
#7615=AXIS2_PLACEMENT_3D('',#11243,#8609,#8610);
#7616=AXIS2_PLACEMENT_3D('',#11244,#8611,#8612);
#7617=AXIS2_PLACEMENT_3D('',#11249,#8614,#8615);
#7618=AXIS2_PLACEMENT_3D('',#11252,#8617,#8618);
#7619=AXIS2_PLACEMENT_3D('',#11258,#8622,#8623);
#7620=AXIS2_PLACEMENT_3D('',#11284,#8628,#8629);
#7621=AXIS2_PLACEMENT_3D('',#11285,#8630,#8631);
#7622=AXIS2_PLACEMENT_3D('',#11287,#8632,#8633);
#7623=AXIS2_PLACEMENT_3D('',#11290,#8635,#8636);
#7624=AXIS2_PLACEMENT_3D('',#11313,#8640,#8641);
#7625=AXIS2_PLACEMENT_3D('',#11339,#8646,#8647);
#7626=AXIS2_PLACEMENT_3D('',#11340,#8648,#8649);
#7627=AXIS2_PLACEMENT_3D('',#11342,#8650,#8651);
#7628=AXIS2_PLACEMENT_3D('',#11345,#8653,#8654);
#7629=AXIS2_PLACEMENT_3D('',#11368,#8658,#8659);
#7630=AXIS2_PLACEMENT_3D('',#11369,#8660,#8661);
#7631=AXIS2_PLACEMENT_3D('',#11370,#8662,#8663);
#7632=AXIS2_PLACEMENT_3D('',#11371,#8664,#8665);
#7633=AXIS2_PLACEMENT_3D('',#11375,#8667,#8668);
#7634=AXIS2_PLACEMENT_3D('',#11376,#8669,#8670);
#7635=AXIS2_PLACEMENT_3D('',#11377,#8671,#8672);
#7636=AXIS2_PLACEMENT_3D('',#11381,#8674,#8675);
#7637=AXIS2_PLACEMENT_3D('',#11385,#8677,#8678);
#7638=AXIS2_PLACEMENT_3D('',#11404,#8688,#8689);
#7639=AXIS2_PLACEMENT_3D('',#11424,#8700,#8701);
#7640=AXIS2_PLACEMENT_3D('',#11427,#8702,#8703);
#7641=AXIS2_PLACEMENT_3D('',#11429,#8704,#8705);
#7642=AXIS2_PLACEMENT_3D('',#11433,#8707,#8708);
#7643=AXIS2_PLACEMENT_3D('',#11437,#8710,#8711);
#7644=AXIS2_PLACEMENT_3D('',#11441,#8713,#8714);
#7645=AXIS2_PLACEMENT_3D('',#11445,#8716,#8717);
#7646=AXIS2_PLACEMENT_3D('',#11447,#8718,#8719);
#7647=AXIS2_PLACEMENT_3D('',#11449,#8720,#8721);
#7648=AXIS2_PLACEMENT_3D('',#11453,#8723,#8724);
#7649=AXIS2_PLACEMENT_3D('',#11457,#8726,#8727);
#7650=AXIS2_PLACEMENT_3D('',#11459,#8728,#8729);
#7651=AXIS2_PLACEMENT_3D('',#11461,#8730,#8731);
#7652=AXIS2_PLACEMENT_3D('',#11465,#8733,#8734);
#7653=AXIS2_PLACEMENT_3D('',#11469,#8736,#8737);
#7654=AXIS2_PLACEMENT_3D('',#11471,#8738,#8739);
#7655=AXIS2_PLACEMENT_3D('',#11472,#8740,#8741);
#7656=AXIS2_PLACEMENT_3D('',#11474,#8742,#8743);
#7657=AXIS2_PLACEMENT_3D('',#11476,#8744,#8745);
#7658=AXIS2_PLACEMENT_3D('',#11480,#8747,#8748);
#7659=AXIS2_PLACEMENT_3D('',#11484,#8750,#8751);
#7660=AXIS2_PLACEMENT_3D('',#11488,#8753,#8754);
#7661=AXIS2_PLACEMENT_3D('',#11492,#8756,#8757);
#7662=AXIS2_PLACEMENT_3D('',#11494,#8758,#8759);
#7663=AXIS2_PLACEMENT_3D('',#11496,#8760,#8761);
#7664=AXIS2_PLACEMENT_3D('',#11500,#8763,#8764);
#7665=AXIS2_PLACEMENT_3D('',#11504,#8766,#8767);
#7666=AXIS2_PLACEMENT_3D('',#11506,#8768,#8769);
#7667=AXIS2_PLACEMENT_3D('',#11508,#8770,#8771);
#7668=AXIS2_PLACEMENT_3D('',#11512,#8773,#8774);
#7669=AXIS2_PLACEMENT_3D('',#11516,#8776,#8777);
#7670=AXIS2_PLACEMENT_3D('',#11518,#8778,#8779);
#7671=AXIS2_PLACEMENT_3D('',#11520,#8780,#8781);
#7672=AXIS2_PLACEMENT_3D('',#11524,#8783,#8784);
#7673=AXIS2_PLACEMENT_3D('',#11528,#8786,#8787);
#7674=AXIS2_PLACEMENT_3D('',#11532,#8789,#8790);
#7675=AXIS2_PLACEMENT_3D('',#11535,#8792,#8793);
#7676=AXIS2_PLACEMENT_3D('',#11539,#8795,#8796);
#7677=AXIS2_PLACEMENT_3D('',#11541,#8797,#8798);
#7678=AXIS2_PLACEMENT_3D('',#11543,#8799,#8800);
#7679=AXIS2_PLACEMENT_3D('',#11547,#8802,#8803);
#7680=AXIS2_PLACEMENT_3D('',#11551,#8805,#8806);
#7681=AXIS2_PLACEMENT_3D('',#11555,#8808,#8809);
#7682=AXIS2_PLACEMENT_3D('',#11559,#8811,#8812);
#7683=AXIS2_PLACEMENT_3D('',#11561,#8813,#8814);
#7684=AXIS2_PLACEMENT_3D('',#11563,#8815,#8816);
#7685=AXIS2_PLACEMENT_3D('',#11567,#8818,#8819);
#7686=AXIS2_PLACEMENT_3D('',#11571,#8821,#8822);
#7687=AXIS2_PLACEMENT_3D('',#11573,#8823,#8824);
#7688=AXIS2_PLACEMENT_3D('',#11575,#8825,#8826);
#7689=AXIS2_PLACEMENT_3D('',#11579,#8828,#8829);
#7690=AXIS2_PLACEMENT_3D('',#11583,#8831,#8832);
#7691=AXIS2_PLACEMENT_3D('',#11585,#8833,#8834);
#7692=AXIS2_PLACEMENT_3D('',#11587,#8835,#8836);
#7693=AXIS2_PLACEMENT_3D('',#11591,#8838,#8839);
#7694=AXIS2_PLACEMENT_3D('',#11595,#8841,#8842);
#7695=AXIS2_PLACEMENT_3D('',#11599,#8844,#8845);
#7696=AXIS2_PLACEMENT_3D('',#11603,#8847,#8848);
#7697=AXIS2_PLACEMENT_3D('',#11605,#8849,#8850);
#7698=AXIS2_PLACEMENT_3D('',#11607,#8851,#8852);
#7699=AXIS2_PLACEMENT_3D('',#11608,#8853,#8854);
#7700=AXIS2_PLACEMENT_3D('',#11609,#8855,#8856);
#7701=AXIS2_PLACEMENT_3D('',#11611,#8857,#8858);
#7702=AXIS2_PLACEMENT_3D('',#11613,#8859,#8860);
#7703=AXIS2_PLACEMENT_3D('',#11617,#8862,#8863);
#7704=AXIS2_PLACEMENT_3D('',#11621,#8865,#8866);
#7705=AXIS2_PLACEMENT_3D('',#11623,#8867,#8868);
#7706=AXIS2_PLACEMENT_3D('',#11625,#8869,#8870);
#7707=AXIS2_PLACEMENT_3D('',#11629,#8872,#8873);
#7708=AXIS2_PLACEMENT_3D('',#11633,#8875,#8876);
#7709=AXIS2_PLACEMENT_3D('',#11635,#8877,#8878);
#7710=AXIS2_PLACEMENT_3D('',#11637,#8879,#8880);
#7711=AXIS2_PLACEMENT_3D('',#11641,#8882,#8883);
#7712=AXIS2_PLACEMENT_3D('',#11645,#8885,#8886);
#7713=AXIS2_PLACEMENT_3D('',#11649,#8888,#8889);
#7714=AXIS2_PLACEMENT_3D('',#11654,#8892,#8893);
#7715=AXIS2_PLACEMENT_3D('',#11660,#8896,#8897);
#7716=AXIS2_PLACEMENT_3D('',#11663,#8899,#8900);
#7717=AXIS2_PLACEMENT_3D('',#11671,#8904,#8905);
#7718=AXIS2_PLACEMENT_3D('',#11677,#8908,#8909);
#7719=AXIS2_PLACEMENT_3D('',#11683,#8912,#8913);
#7720=AXIS2_PLACEMENT_3D('',#11689,#8916,#8917);
#7721=AXIS2_PLACEMENT_3D('',#11690,#8918,#8919);
#7722=AXIS2_PLACEMENT_3D('',#11692,#8920,#8921);
#7723=AXIS2_PLACEMENT_3D('',#11694,#8922,#8923);
#7724=AXIS2_PLACEMENT_3D('',#11701,#8926,#8927);
#7725=AXIS2_PLACEMENT_3D('',#11704,#8929,#8930);
#7726=AXIS2_PLACEMENT_3D('',#11710,#8933,#8934);
#7727=AXIS2_PLACEMENT_3D('',#11716,#8937,#8938);
#7728=AXIS2_PLACEMENT_3D('',#11717,#8939,#8940);
#7729=AXIS2_PLACEMENT_3D('',#11719,#8941,#8942);
#7730=AXIS2_PLACEMENT_3D('',#11721,#8943,#8944);
#7731=AXIS2_PLACEMENT_3D('',#11723,#8945,#8946);
#7732=AXIS2_PLACEMENT_3D('',#11725,#8947,#8948);
#7733=AXIS2_PLACEMENT_3D('',#11729,#8951,#8952);
#7734=AXIS2_PLACEMENT_3D('',#11730,#8953,#8954);
#7735=AXIS2_PLACEMENT_3D('',#11733,#8956,#8957);
#7736=AXIS2_PLACEMENT_3D('',#11753,#8960,#8961);
#7737=AXIS2_PLACEMENT_3D('',#11773,#8964,#8965);
#7738=AXIS2_PLACEMENT_3D('',#11774,#8966,#8967);
#7739=AXIS2_PLACEMENT_3D('',#11794,#8970,#8971);
#7740=AXIS2_PLACEMENT_3D('',#11814,#8974,#8975);
#7741=AXIS2_PLACEMENT_3D('',#11815,#8976,#8977);
#7742=AXIS2_PLACEMENT_3D('',#11821,#8981,#8982);
#7743=AXIS2_PLACEMENT_3D('',#11822,#8983,#8984);
#7744=AXIS2_PLACEMENT_3D('',#11825,#8986,#8987);
#7745=AXIS2_PLACEMENT_3D('',#11826,#8988,#8989);
#7746=AXIS2_PLACEMENT_3D('',#11828,#8990,#8991);
#7747=AXIS2_PLACEMENT_3D('',#11831,#8993,#8994);
#7748=AXIS2_PLACEMENT_3D('',#11832,#8995,#8996);
#7749=AXIS2_PLACEMENT_3D('',#11833,#8997,#8998);
#7750=AXIS2_PLACEMENT_3D('',#11836,#9000,#9001);
#7751=AXIS2_PLACEMENT_3D('',#11837,#9002,#9003);
#7752=AXIS2_PLACEMENT_3D('',#11838,#9004,#9005);
#7753=AXIS2_PLACEMENT_3D('',#11842,#9008,#9009);
#7754=AXIS2_PLACEMENT_3D('',#11843,#9010,#9011);
#7755=AXIS2_PLACEMENT_3D('',#11845,#9012,#9013);
#7756=AXIS2_PLACEMENT_3D('',#11865,#9016,#9017);
#7757=AXIS2_PLACEMENT_3D('',#11867,#9019,#9020);
#7758=AXIS2_PLACEMENT_3D('',#11886,#9022,#9023);
#7759=AXIS2_PLACEMENT_3D('',#11887,#9024,#9025);
#7760=AXIS2_PLACEMENT_3D('',#11890,#9027,#9028);
#7761=AXIS2_PLACEMENT_3D('',#11908,#9030,#9031);
#7762=AXIS2_PLACEMENT_3D('',#11910,#9033,#9034);
#7763=AXIS2_PLACEMENT_3D('',#11929,#9036,#9037);
#7764=AXIS2_PLACEMENT_3D('',#11930,#9038,#9039);
#7765=AXIS2_PLACEMENT_3D('',#11933,#9041,#9042);
#7766=AXIS2_PLACEMENT_3D('',#11937,#9045,#9046);
#7767=AXIS2_PLACEMENT_3D('',#11938,#9047,#9048);
#7768=AXIS2_PLACEMENT_3D('',#11941,#9050,#9051);
#7769=AXIS2_PLACEMENT_3D('',#11944,#9053,#9054);
#7770=AXIS2_PLACEMENT_3D('',#11945,#9055,#9056);
#7771=AXIS2_PLACEMENT_3D('',#11949,#9059,#9060);
#7772=AXIS2_PLACEMENT_3D('',#11952,#9062,#9063);
#7773=AXIS2_PLACEMENT_3D('',#11955,#9065,#9066);
#7774=AXIS2_PLACEMENT_3D('',#11973,#9068,#9069);
#7775=AXIS2_PLACEMENT_3D('',#11975,#9071,#9072);
#7776=AXIS2_PLACEMENT_3D('',#11994,#9074,#9075);
#7777=AXIS2_PLACEMENT_3D('',#11995,#9076,#9077);
#7778=AXIS2_PLACEMENT_3D('',#11998,#9079,#9080);
#7779=AXIS2_PLACEMENT_3D('',#12016,#9082,#9083);
#7780=AXIS2_PLACEMENT_3D('',#12018,#9085,#9086);
#7781=AXIS2_PLACEMENT_3D('',#12019,#9087,#9088);
#7782=AXIS2_PLACEMENT_3D('',#12021,#9089,#9090);
#7783=AXIS2_PLACEMENT_3D('',#12022,#9091,#9092);
#7784=AXIS2_PLACEMENT_3D('',#12027,#9095,#9096);
#7785=AXIS2_PLACEMENT_3D('',#12029,#9098,#9099);
#7786=AXIS2_PLACEMENT_3D('',#12048,#9101,#9102);
#7787=AXIS2_PLACEMENT_3D('',#12049,#9103,#9104);
#7788=AXIS2_PLACEMENT_3D('',#12052,#9106,#9107);
#7789=AXIS2_PLACEMENT_3D('',#12056,#9110,#9111);
#7790=AXIS2_PLACEMENT_3D('',#12059,#9114,#9115);
#7791=AXIS2_PLACEMENT_3D('',#12078,#9117,#9118);
#7792=AXIS2_PLACEMENT_3D('',#12079,#9119,#9120);
#7793=AXIS2_PLACEMENT_3D('',#12082,#9122,#9123);
#7794=AXIS2_PLACEMENT_3D('',#12088,#9127,#9128);
#7795=AXIS2_PLACEMENT_3D('',#12089,#9129,#9130);
#7796=AXIS2_PLACEMENT_3D('',#12092,#9132,#9133);
#7797=AXIS2_PLACEMENT_3D('',#12096,#9136,#9137);
#7798=AXIS2_PLACEMENT_3D('',#12097,#9138,#9139);
#7799=AXIS2_PLACEMENT_3D('',#12099,#9140,#9141);
#7800=AXIS2_PLACEMENT_3D('',#12118,#9143,#9144);
#7801=AXIS2_PLACEMENT_3D('',#12119,#9145,#9146);
#7802=AXIS2_PLACEMENT_3D('',#12124,#9149,#9150);
#7803=AXIS2_PLACEMENT_3D('',#12128,#9153,#9154);
#7804=AXIS2_PLACEMENT_3D('',#12130,#9156,#9157);
#7805=AXIS2_PLACEMENT_3D('',#12133,#9159,#9160);
#7806=AXIS2_PLACEMENT_3D('',#12134,#9161,#9162);
#7807=AXIS2_PLACEMENT_3D('',#12135,#9163,#9164);
#7808=AXIS2_PLACEMENT_3D('',#12137,#9165,#9166);
#7809=AXIS2_PLACEMENT_3D('',#12157,#9169,#9170);
#7810=AXIS2_PLACEMENT_3D('',#12159,#9172,#9173);
#7811=AXIS2_PLACEMENT_3D('',#12178,#9175,#9176);
#7812=AXIS2_PLACEMENT_3D('',#12182,#9179,#9180);
#7813=AXIS2_PLACEMENT_3D('',#12183,#9181,#9182);
#7814=AXIS2_PLACEMENT_3D('',#12186,#9184,#9185);
#7815=AXIS2_PLACEMENT_3D('',#12188,#9187,#9188);
#7816=AXIS2_PLACEMENT_3D('',#12192,#9191,#9192);
#7817=AXIS2_PLACEMENT_3D('',#12193,#9193,#9194);
#7818=AXIS2_PLACEMENT_3D('',#12196,#9196,#9197);
#7819=AXIS2_PLACEMENT_3D('',#12197,#9198,#9199);
#7820=AXIS2_PLACEMENT_3D('',#12200,#9201,#9202);
#7821=AXIS2_PLACEMENT_3D('',#12204,#9205,#9206);
#7822=AXIS2_PLACEMENT_3D('',#12207,#9208,#9209);
#7823=AXIS2_PLACEMENT_3D('',#12208,#9210,#9211);
#7824=AXIS2_PLACEMENT_3D('',#12211,#9214,#9215);
#7825=AXIS2_PLACEMENT_3D('',#12230,#9217,#9218);
#7826=AXIS2_PLACEMENT_3D('',#12231,#9219,#9220);
#7827=AXIS2_PLACEMENT_3D('',#12234,#9222,#9223);
#7828=AXIS2_PLACEMENT_3D('',#12238,#9226,#9227);
#7829=AXIS2_PLACEMENT_3D('',#12239,#9228,#9229);
#7830=AXIS2_PLACEMENT_3D('',#12240,#9230,#9231);
#7831=AXIS2_PLACEMENT_3D('',#12241,#9232,#9233);
#7832=AXIS2_PLACEMENT_3D('',#12243,#9234,#9235);
#7833=AXIS2_PLACEMENT_3D('',#12244,#9236,#9237);
#7834=AXIS2_PLACEMENT_3D('',#12247,#9239,#9240);
#7835=AXIS2_PLACEMENT_3D('',#12266,#9242,#9243);
#7836=AXIS2_PLACEMENT_3D('',#12268,#9245,#9246);
#7837=AXIS2_PLACEMENT_3D('',#12271,#9248,#9249);
#7838=AXIS2_PLACEMENT_3D('',#12272,#9250,#9251);
#7839=AXIS2_PLACEMENT_3D('',#12275,#9253,#9254);
#7840=AXIS2_PLACEMENT_3D('',#12278,#9256,#9257);
#7841=AXIS2_PLACEMENT_3D('',#12296,#9259,#9260);
#7842=AXIS2_PLACEMENT_3D('',#12298,#9262,#9263);
#7843=AXIS2_PLACEMENT_3D('',#12317,#9265,#9266);
#7844=AXIS2_PLACEMENT_3D('',#12318,#9267,#9268);
#7845=AXIS2_PLACEMENT_3D('',#12321,#9270,#9271);
#7846=AXIS2_PLACEMENT_3D('',#12322,#9272,#9273);
#7847=AXIS2_PLACEMENT_3D('',#12324,#9274,#9275);
#7848=AXIS2_PLACEMENT_3D('',#12328,#9278,#9279);
#7849=AXIS2_PLACEMENT_3D('',#12329,#9280,#9281);
#7850=AXIS2_PLACEMENT_3D('',#12332,#9283,#9284);
#7851=AXIS2_PLACEMENT_3D('',#12333,#9285,#9286);
#7852=AXIS2_PLACEMENT_3D('',#12338,#9289,#9290);
#7853=AXIS2_PLACEMENT_3D('',#12340,#9292,#9293);
#7854=AXIS2_PLACEMENT_3D('',#12342,#9295,#9296);
#7855=AXIS2_PLACEMENT_3D('',#12344,#9298,#9299);
#7856=AXIS2_PLACEMENT_3D('',#12353,#9304,#9305);
#7857=AXIS2_PLACEMENT_3D('',#12359,#9309,#9310);
#7858=AXIS2_PLACEMENT_3D('',#12370,#9316,#9317);
#7859=AXIS2_PLACEMENT_3D('',#12374,#9319,#9320);
#7860=AXIS2_PLACEMENT_3D('',#12380,#9324,#9325);
#7861=AXIS2_PLACEMENT_3D('',#12382,#9327,#9328);
#7862=AXIS2_PLACEMENT_3D('',#12388,#9333,#9334);
#7863=AXIS2_PLACEMENT_3D('',#12390,#9336,#9337);
#7864=AXIS2_PLACEMENT_3D('',#12393,#9339,#9340);
#7865=AXIS2_PLACEMENT_3D('',#12398,#9343,#9344);
#7866=AXIS2_PLACEMENT_3D('',#12400,#9346,#9347);
#7867=AXIS2_PLACEMENT_3D('',#12402,#9349,#9350);
#7868=AXIS2_PLACEMENT_3D('',#12404,#9352,#9353);
#7869=AXIS2_PLACEMENT_3D('',#12405,#9354,#9355);
#7870=AXIS2_PLACEMENT_3D('',#12409,#9357,#9358);
#7871=AXIS2_PLACEMENT_3D('',#12413,#9360,#9361);
#7872=AXIS2_PLACEMENT_3D('',#12414,#9362,#9363);
#7873=AXIS2_PLACEMENT_3D('',#12420,#9367,#9368);
#7874=AXIS2_PLACEMENT_3D('',#12435,#9376,#9377);
#7875=AXIS2_PLACEMENT_3D('',#12439,#9379,#9380);
#7876=AXIS2_PLACEMENT_3D('',#12443,#9382,#9383);
#7877=AXIS2_PLACEMENT_3D('',#12444,#9384,#9385);
#7878=AXIS2_PLACEMENT_3D('',#12445,#9386,#9387);
#7879=AXIS2_PLACEMENT_3D('',#12451,#9390,#9391);
#7880=AXIS2_PLACEMENT_3D('',#12457,#9394,#9395);
#7881=AXIS2_PLACEMENT_3D('',#12461,#9397,#9398);
#7882=AXIS2_PLACEMENT_3D('',#12465,#9400,#9401);
#7883=AXIS2_PLACEMENT_3D('',#12468,#9403,#9404);
#7884=AXIS2_PLACEMENT_3D('',#12477,#9409,#9410);
#7885=AXIS2_PLACEMENT_3D('',#12478,#9411,#9412);
#7886=AXIS2_PLACEMENT_3D('',#12479,#9413,#9414);
#7887=AXIS2_PLACEMENT_3D('',#12480,#9415,#9416);
#7888=AXIS2_PLACEMENT_3D('',#12489,#9421,#9422);
#7889=AXIS2_PLACEMENT_3D('',#12495,#9426,#9427);
#7890=AXIS2_PLACEMENT_3D('',#12499,#9430,#9431);
#7891=AXIS2_PLACEMENT_3D('',#12503,#9434,#9435);
#7892=AXIS2_PLACEMENT_3D('',#12505,#9437,#9438);
#7893=AXIS2_PLACEMENT_3D('',#12511,#9441,#9442);
#7894=AXIS2_PLACEMENT_3D('',#12512,#9443,#9444);
#7895=AXIS2_PLACEMENT_3D('',#12518,#9448,#9449);
#7896=AXIS2_PLACEMENT_3D('',#12520,#9451,#9452);
#7897=AXIS2_PLACEMENT_3D('',#12523,#9454,#9455);
#7898=AXIS2_PLACEMENT_3D('',#12527,#9458,#9459);
#7899=AXIS2_PLACEMENT_3D('',#12530,#9461,#9462);
#7900=AXIS2_PLACEMENT_3D('',#12531,#9463,#9464);
#7901=AXIS2_PLACEMENT_3D('',#12535,#9467,#9468);
#7902=AXIS2_PLACEMENT_3D('',#12536,#9469,#9470);
#7903=AXIS2_PLACEMENT_3D('',#12539,#9472,#9473);
#7904=AXIS2_PLACEMENT_3D('',#12543,#9476,#9477);
#7905=AXIS2_PLACEMENT_3D('',#12546,#9479,#9480);
#7906=AXIS2_PLACEMENT_3D('',#12547,#9481,#9482);
#7907=AXIS2_PLACEMENT_3D('',#12550,#9484,#9485);
#7908=AXIS2_PLACEMENT_3D('',#12551,#9486,#9487);
#7909=AXIS2_PLACEMENT_3D('',#12555,#9490,#9491);
#7910=AXIS2_PLACEMENT_3D('',#12558,#9493,#9494);
#7911=AXIS2_PLACEMENT_3D('',#12560,#9496,#9497);
#7912=AXIS2_PLACEMENT_3D('',#12563,#9499,#9500);
#7913=AXIS2_PLACEMENT_3D('',#12564,#9501,#9502);
#7914=AXIS2_PLACEMENT_3D('',#12568,#9505,#9506);
#7915=AXIS2_PLACEMENT_3D('',#12572,#9509,#9510);
#7916=AXIS2_PLACEMENT_3D('',#12576,#9513,#9514);
#7917=AXIS2_PLACEMENT_3D('',#12577,#9515,#9516);
#7918=AXIS2_PLACEMENT_3D('',#12580,#9518,#9519);
#7919=AXIS2_PLACEMENT_3D('',#12586,#9523,#9524);
#7920=AXIS2_PLACEMENT_3D('',#12589,#9526,#9527);
#7921=AXIS2_PLACEMENT_3D('',#12590,#9528,#9529);
#7922=AXIS2_PLACEMENT_3D('',#12592,#9531,#9532);
#7923=AXIS2_PLACEMENT_3D('',#12596,#9535,#9536);
#7924=AXIS2_PLACEMENT_3D('',#12600,#9539,#9540);
#7925=AXIS2_PLACEMENT_3D('',#12603,#9542,#9543);
#7926=AXIS2_PLACEMENT_3D('',#12604,#9544,#9545);
#7927=AXIS2_PLACEMENT_3D('',#12608,#9548,#9549);
#7928=AXIS2_PLACEMENT_3D('',#12612,#9552,#9553);
#7929=AXIS2_PLACEMENT_3D('',#12613,#9554,#9555);
#7930=AXIS2_PLACEMENT_3D('',#12614,#9556,#9557);
#7931=AXIS2_PLACEMENT_3D('',#12615,#9558,#9559);
#7932=AXIS2_PLACEMENT_3D('',#12618,#9561,#9562);
#7933=AXIS2_PLACEMENT_3D('',#12622,#9565,#9566);
#7934=AXIS2_PLACEMENT_3D('',#12623,#9567,#9568);
#7935=AXIS2_PLACEMENT_3D('',#12624,#9569,#9570);
#7936=AXIS2_PLACEMENT_3D('',#12625,#9571,#9572);
#7937=AXIS2_PLACEMENT_3D('',#12626,#9573,#9574);
#7938=AXIS2_PLACEMENT_3D('',#12635,#9579,#9580);
#7939=AXIS2_PLACEMENT_3D('',#12641,#9584,#9585);
#7940=AXIS2_PLACEMENT_3D('',#12649,#9590,#9591);
#7941=AXIS2_PLACEMENT_3D('',#12655,#9596,#9597);
#7942=AXIS2_PLACEMENT_3D('',#12659,#9601,#9602);
#7943=AXIS2_PLACEMENT_3D('',#12660,#9603,#9604);
#7944=AXIS2_PLACEMENT_3D('',#12661,#9605,#9606);
#7945=AXIS2_PLACEMENT_3D('',#12665,#9608,#9609);
#7946=AXIS2_PLACEMENT_3D('',#12668,#9611,#9612);
#7947=AXIS2_PLACEMENT_3D('',#12670,#9614,#9615);
#7948=AXIS2_PLACEMENT_3D('',#12672,#9617,#9618);
#7949=AXIS2_PLACEMENT_3D('',#12681,#9623,#9624);
#7950=AXIS2_PLACEMENT_3D('',#12687,#9628,#9629);
#7951=AXIS2_PLACEMENT_3D('',#12695,#9634,#9635);
#7952=AXIS2_PLACEMENT_3D('',#12701,#9640,#9641);
#7953=AXIS2_PLACEMENT_3D('',#12705,#9645,#9646);
#7954=AXIS2_PLACEMENT_3D('',#12706,#9647,#9648);
#7955=AXIS2_PLACEMENT_3D('',#12707,#9649,#9650);
#7956=AXIS2_PLACEMENT_3D('',#12711,#9652,#9653);
#7957=AXIS2_PLACEMENT_3D('',#12714,#9655,#9656);
#7958=AXIS2_PLACEMENT_3D('',#12716,#9658,#9659);
#7959=AXIS2_PLACEMENT_3D('',#12718,#9661,#9662);
#7960=AXIS2_PLACEMENT_3D('',#12722,#9664,#9665);
#7961=AXIS2_PLACEMENT_3D('',#12726,#9667,#9668);
#7962=AXIS2_PLACEMENT_3D('',#12727,#9669,#9670);
#7963=AXIS2_PLACEMENT_3D('',#12733,#9674,#9675);
#7964=AXIS2_PLACEMENT_3D('',#12748,#9683,#9684);
#7965=AXIS2_PLACEMENT_3D('',#12752,#9686,#9687);
#7966=AXIS2_PLACEMENT_3D('',#12756,#9689,#9690);
#7967=AXIS2_PLACEMENT_3D('',#12757,#9691,#9692);
#7968=AXIS2_PLACEMENT_3D('',#12763,#9695,#9696);
#7969=AXIS2_PLACEMENT_3D('',#12769,#9699,#9700);
#7970=AXIS2_PLACEMENT_3D('',#12773,#9702,#9703);
#7971=AXIS2_PLACEMENT_3D('',#12777,#9705,#9706);
#7972=AXIS2_PLACEMENT_3D('',#12780,#9708,#9709);
#7973=AXIS2_PLACEMENT_3D('',#12789,#9714,#9715);
#7974=AXIS2_PLACEMENT_3D('',#12790,#9716,#9717);
#7975=AXIS2_PLACEMENT_3D('',#12791,#9718,#9719);
#7976=AXIS2_PLACEMENT_3D('',#12792,#9720,#9721);
#7977=AXIS2_PLACEMENT_3D('',#12801,#9726,#9727);
#7978=AXIS2_PLACEMENT_3D('',#12807,#9731,#9732);
#7979=AXIS2_PLACEMENT_3D('',#12811,#9735,#9736);
#7980=AXIS2_PLACEMENT_3D('',#12815,#9739,#9740);
#7981=AXIS2_PLACEMENT_3D('',#12817,#9742,#9743);
#7982=AXIS2_PLACEMENT_3D('',#12823,#9746,#9747);
#7983=AXIS2_PLACEMENT_3D('',#12824,#9748,#9749);
#7984=AXIS2_PLACEMENT_3D('',#12830,#9753,#9754);
#7985=AXIS2_PLACEMENT_3D('',#12832,#9756,#9757);
#7986=AXIS2_PLACEMENT_3D('',#12835,#9759,#9760);
#7987=AXIS2_PLACEMENT_3D('',#12839,#9763,#9764);
#7988=AXIS2_PLACEMENT_3D('',#12842,#9766,#9767);
#7989=AXIS2_PLACEMENT_3D('',#12843,#9768,#9769);
#7990=AXIS2_PLACEMENT_3D('',#12847,#9772,#9773);
#7991=AXIS2_PLACEMENT_3D('',#12848,#9774,#9775);
#7992=AXIS2_PLACEMENT_3D('',#12851,#9777,#9778);
#7993=AXIS2_PLACEMENT_3D('',#12855,#9781,#9782);
#7994=AXIS2_PLACEMENT_3D('',#12858,#9784,#9785);
#7995=AXIS2_PLACEMENT_3D('',#12859,#9786,#9787);
#7996=AXIS2_PLACEMENT_3D('',#12862,#9789,#9790);
#7997=AXIS2_PLACEMENT_3D('',#12863,#9791,#9792);
#7998=AXIS2_PLACEMENT_3D('',#12867,#9795,#9796);
#7999=AXIS2_PLACEMENT_3D('',#12870,#9798,#9799);
#8000=AXIS2_PLACEMENT_3D('',#12872,#9801,#9802);
#8001=AXIS2_PLACEMENT_3D('',#12875,#9804,#9805);
#8002=AXIS2_PLACEMENT_3D('',#12876,#9806,#9807);
#8003=AXIS2_PLACEMENT_3D('',#12880,#9810,#9811);
#8004=AXIS2_PLACEMENT_3D('',#12884,#9814,#9815);
#8005=AXIS2_PLACEMENT_3D('',#12888,#9818,#9819);
#8006=AXIS2_PLACEMENT_3D('',#12889,#9820,#9821);
#8007=AXIS2_PLACEMENT_3D('',#12892,#9823,#9824);
#8008=AXIS2_PLACEMENT_3D('',#12898,#9828,#9829);
#8009=AXIS2_PLACEMENT_3D('',#12901,#9831,#9832);
#8010=AXIS2_PLACEMENT_3D('',#12902,#9833,#9834);
#8011=AXIS2_PLACEMENT_3D('',#12904,#9836,#9837);
#8012=AXIS2_PLACEMENT_3D('',#12908,#9840,#9841);
#8013=AXIS2_PLACEMENT_3D('',#12912,#9844,#9845);
#8014=AXIS2_PLACEMENT_3D('',#12915,#9847,#9848);
#8015=AXIS2_PLACEMENT_3D('',#12916,#9849,#9850);
#8016=AXIS2_PLACEMENT_3D('',#12920,#9853,#9854);
#8017=AXIS2_PLACEMENT_3D('',#12924,#9857,#9858);
#8018=AXIS2_PLACEMENT_3D('',#12925,#9859,#9860);
#8019=AXIS2_PLACEMENT_3D('',#12926,#9861,#9862);
#8020=AXIS2_PLACEMENT_3D('',#12927,#9863,#9864);
#8021=AXIS2_PLACEMENT_3D('',#12930,#9866,#9867);
#8022=AXIS2_PLACEMENT_3D('',#12934,#9870,#9871);
#8023=AXIS2_PLACEMENT_3D('',#12935,#9872,#9873);
#8024=AXIS2_PLACEMENT_3D('',#12936,#9874,#9875);
#8025=AXIS2_PLACEMENT_3D('',#12937,#9876,#9877);
#8026=AXIS2_PLACEMENT_3D('',#12938,#9878,#9879);
#8027=AXIS2_PLACEMENT_3D('',#12947,#9884,#9885);
#8028=AXIS2_PLACEMENT_3D('',#12953,#9889,#9890);
#8029=AXIS2_PLACEMENT_3D('',#12964,#9896,#9897);
#8030=AXIS2_PLACEMENT_3D('',#12972,#9902,#9903);
#8031=AXIS2_PLACEMENT_3D('',#12978,#9907,#9908);
#8032=AXIS2_PLACEMENT_3D('',#12984,#9913,#9914);
#8033=AXIS2_PLACEMENT_3D('',#12986,#9916,#9917);
#8034=AXIS2_PLACEMENT_3D('',#12989,#9919,#9920);
#8035=AXIS2_PLACEMENT_3D('',#12994,#9923,#9924);
#8036=AXIS2_PLACEMENT_3D('',#12996,#9926,#9927);
#8037=AXIS2_PLACEMENT_3D('',#12998,#9929,#9930);
#8038=AXIS2_PLACEMENT_3D('',#13000,#9932,#9933);
#8039=AXIS2_PLACEMENT_3D('',#13001,#9934,#9935);
#8040=AXIS2_PLACEMENT_3D('',#13004,#9938,#9939);
#8041=AXIS2_PLACEMENT_3D('',#13005,#9940,#9941);
#8042=AXIS2_PLACEMENT_3D('',#13007,#9943,#9944);
#8043=AXIS2_PLACEMENT_3D('',#13010,#9947,#9948);
#8044=AXIS2_PLACEMENT_3D('',#13017,#9953,#9954);
#8045=AXIS2_PLACEMENT_3D('',#13018,#9955,#9956);
#8046=AXIS2_PLACEMENT_3D('',#13020,#9958,#9959);
#8047=AXIS2_PLACEMENT_3D('',#13022,#9961,#9962);
#8048=AXIS2_PLACEMENT_3D('',#13029,#9967,#9968);
#8049=AXIS2_PLACEMENT_3D('',#13031,#9970,#9971);
#8050=AXIS2_PLACEMENT_3D('',#13034,#9974,#9975);
#8051=AXIS2_PLACEMENT_3D('',#13035,#9976,#9977);
#8052=AXIS2_PLACEMENT_3D('',#13036,#9978,#9979);
#8053=AXIS2_PLACEMENT_3D('',#13037,#9980,#9981);
#8054=AXIS2_PLACEMENT_3D('',#13038,#9982,#9983);
#8055=AXIS2_PLACEMENT_3D('',#13039,#9984,#9985);
#8056=AXIS2_PLACEMENT_3D('',#13040,#9986,#9987);
#8057=AXIS2_PLACEMENT_3D('',#13041,#9988,#9989);
#8058=AXIS2_PLACEMENT_3D('',#13042,#9990,#9991);
#8059=AXIS2_PLACEMENT_3D('',#13043,#9992,#9993);
#8060=AXIS2_PLACEMENT_3D('',#13044,#9994,#9995);
#8061=AXIS2_PLACEMENT_3D('',#13045,#9996,#9997);
#8062=AXIS2_PLACEMENT_3D('',#13046,#9998,#9999);
#8063=AXIS2_PLACEMENT_3D('',#13047,#10000,#10001);
#8064=AXIS2_PLACEMENT_3D('',#13048,#10002,#10003);
#8065=AXIS2_PLACEMENT_3D('',#13049,#10004,#10005);
#8066=AXIS2_PLACEMENT_3D('',#13050,#10006,#10007);
#8067=AXIS2_PLACEMENT_3D('',#13051,#10008,#10009);
#8068=AXIS2_PLACEMENT_3D('',#13052,#10010,#10011);
#8069=AXIS2_PLACEMENT_3D('',#13053,#10012,#10013);
#8070=AXIS2_PLACEMENT_3D('',#13054,#10014,#10015);
#8071=AXIS2_PLACEMENT_3D('',#13055,#10016,#10017);
#8072=AXIS2_PLACEMENT_3D('',#13056,#10018,#10019);
#8073=AXIS2_PLACEMENT_3D('',#13057,#10020,#10021);
#8074=AXIS2_PLACEMENT_3D('',#13058,#10022,#10023);
#8075=AXIS2_PLACEMENT_3D('',#13059,#10024,#10025);
#8076=AXIS2_PLACEMENT_3D('',#13060,#10026,#10027);
#8077=AXIS2_PLACEMENT_3D('',#13061,#10028,#10029);
#8078=AXIS2_PLACEMENT_3D('',#13062,#10030,#10031);
#8079=AXIS2_PLACEMENT_3D('',#13063,#10032,#10033);
#8080=AXIS2_PLACEMENT_3D('',#13064,#10034,#10035);
#8081=AXIS2_PLACEMENT_3D('',#13065,#10036,#10037);
#8082=AXIS2_PLACEMENT_3D('',#13066,#10038,#10039);
#8083=AXIS2_PLACEMENT_3D('',#13067,#10040,#10041);
#8084=AXIS2_PLACEMENT_3D('',#13068,#10042,#10043);
#8085=AXIS2_PLACEMENT_3D('',#13069,#10044,#10045);
#8086=AXIS2_PLACEMENT_3D('',#13070,#10046,#10047);
#8087=AXIS2_PLACEMENT_3D('',#13071,#10048,#10049);
#8088=AXIS2_PLACEMENT_3D('',#13072,#10050,#10051);
#8089=AXIS2_PLACEMENT_3D('',#13073,#10052,#10053);
#8090=AXIS2_PLACEMENT_3D('',#13074,#10054,#10055);
#8091=AXIS2_PLACEMENT_3D('',#13075,#10056,#10057);
#8092=AXIS2_PLACEMENT_3D('',#13076,#10058,#10059);
#8093=AXIS2_PLACEMENT_3D('',#13077,#10060,#10061);
#8094=AXIS2_PLACEMENT_3D('',#13078,#10062,#10063);
#8095=AXIS2_PLACEMENT_3D('',#13079,#10064,#10065);
#8096=AXIS2_PLACEMENT_3D('',#13080,#10066,#10067);
#8097=AXIS2_PLACEMENT_3D('',#13081,#10068,#10069);
#8098=AXIS2_PLACEMENT_3D('',#13082,#10070,#10071);
#8099=AXIS2_PLACEMENT_3D('',#13083,#10072,#10073);
#8100=AXIS2_PLACEMENT_3D('',#13084,#10074,#10075);
#8101=AXIS2_PLACEMENT_3D('',#13085,#10076,#10077);
#8102=AXIS2_PLACEMENT_3D('',#13086,#10078,#10079);
#8103=AXIS2_PLACEMENT_3D('',#13087,#10080,#10081);
#8104=AXIS2_PLACEMENT_3D('',#13088,#10082,#10083);
#8105=AXIS2_PLACEMENT_3D('',#13089,#10084,#10085);
#8106=AXIS2_PLACEMENT_3D('',#13090,#10086,#10087);
#8107=AXIS2_PLACEMENT_3D('',#13091,#10088,#10089);
#8108=AXIS2_PLACEMENT_3D('',#13092,#10090,#10091);
#8109=AXIS2_PLACEMENT_3D('',#13093,#10092,#10093);
#8110=AXIS2_PLACEMENT_3D('',#13094,#10094,#10095);
#8111=AXIS2_PLACEMENT_3D('',#13095,#10096,#10097);
#8112=AXIS2_PLACEMENT_3D('',#13096,#10098,#10099);
#8113=AXIS2_PLACEMENT_3D('',#13097,#10100,#10101);
#8114=AXIS2_PLACEMENT_3D('',#13098,#10102,#10103);
#8115=AXIS2_PLACEMENT_3D('',#13099,#10104,#10105);
#8116=AXIS2_PLACEMENT_3D('',#13100,#10106,#10107);
#8117=AXIS2_PLACEMENT_3D('',#13101,#10108,#10109);
#8118=AXIS2_PLACEMENT_3D('',#13102,#10110,#10111);
#8119=AXIS2_PLACEMENT_3D('',#13103,#10112,#10113);
#8120=AXIS2_PLACEMENT_3D('',#13104,#10114,#10115);
#8121=AXIS2_PLACEMENT_3D('',#13105,#10116,#10117);
#8122=AXIS2_PLACEMENT_3D('',#13107,#10119,#10120);
#8123=AXIS2_PLACEMENT_3D('',#13109,#10122,#10123);
#8124=AXIS2_PLACEMENT_3D('',#13111,#10125,#10126);
#8125=AXIS2_PLACEMENT_3D('',#13113,#10128,#10129);
#8126=AXIS2_PLACEMENT_3D('',#13115,#10131,#10132);
#8127=AXIS2_PLACEMENT_3D('',#13117,#10134,#10135);
#8128=AXIS2_PLACEMENT_3D('',#13119,#10137,#10138);
#8129=AXIS2_PLACEMENT_3D('',#13121,#10140,#10141);
#8130=AXIS2_PLACEMENT_3D('',#13125,#10143,#10144);
#8131=AXIS2_PLACEMENT_3D('',#13133,#10152,#10153);
#8132=AXIS2_PLACEMENT_3D('',#13135,#10155,#10156);
#8133=AXIS2_PLACEMENT_3D('',#13137,#10158,#10159);
#8134=AXIS2_PLACEMENT_3D('',#13140,#10162,#10163);
#8135=AXIS2_PLACEMENT_3D('',#13142,#10165,#10166);
#8136=AXIS2_PLACEMENT_3D('',#13144,#10168,#10169);
#8137=AXIS2_PLACEMENT_3D('',#13147,#10172,#10173);
#8138=AXIS2_PLACEMENT_3D('',#13149,#10175,#10176);
#8139=AXIS2_PLACEMENT_3D('',#13151,#10178,#10179);
#8140=AXIS2_PLACEMENT_3D('',#13154,#10182,#10183);
#8141=AXIS2_PLACEMENT_3D('',#13156,#10185,#10186);
#8142=AXIS2_PLACEMENT_3D('',#13158,#10188,#10189);
#8143=AXIS2_PLACEMENT_3D('',#13161,#10192,#10193);
#8144=AXIS2_PLACEMENT_3D('',#13163,#10195,#10196);
#8145=AXIS2_PLACEMENT_3D('',#13164,#10197,#10198);
#8146=AXIS2_PLACEMENT_3D('',#13165,#10199,#10200);
#8147=AXIS2_PLACEMENT_3D('',#13166,#10201,#10202);
#8148=AXIS2_PLACEMENT_3D('',#13167,#10203,#10204);
#8149=AXIS2_PLACEMENT_3D('',#13168,#10205,#10206);
#8150=AXIS2_PLACEMENT_3D('',#13169,#10207,#10208);
#8151=AXIS2_PLACEMENT_3D('',#13170,#10209,#10210);
#8152=AXIS2_PLACEMENT_3D('',#13171,#10211,#10212);
#8153=AXIS2_PLACEMENT_3D('',#13172,#10213,#10214);
#8154=AXIS2_PLACEMENT_3D('',#13173,#10215,#10216);
#8155=AXIS2_PLACEMENT_3D('',#13174,#10217,#10218);
#8156=AXIS2_PLACEMENT_3D('',#13175,#10219,#10220);
#8157=AXIS2_PLACEMENT_3D('',#13176,#10221,#10222);
#8158=AXIS2_PLACEMENT_3D('',#13177,#10223,#10224);
#8159=AXIS2_PLACEMENT_3D('',#13178,#10225,#10226);
#8160=AXIS2_PLACEMENT_3D('',#13179,#10227,#10228);
#8161=AXIS2_PLACEMENT_3D('',#13183,#10231,#10232);
#8162=AXIS2_PLACEMENT_3D('',#13185,#10234,#10235);
#8163=AXIS2_PLACEMENT_3D('',#13186,#10236,#10237);
#8164=AXIS2_PLACEMENT_3D('',#13207,#10238,#10239);
#8165=AXIS2_PLACEMENT_3D('',#13208,#10240,#10241);
#8166=AXIS2_PLACEMENT_3D('',#13209,#10242,#10243);
#8167=AXIS2_PLACEMENT_3D('',#13210,#10244,#10245);
#8168=AXIS2_PLACEMENT_3D('',#13211,#10246,#10247);
#8169=AXIS2_PLACEMENT_3D('',#13212,#10248,#10249);
#8170=AXIS2_PLACEMENT_3D('',#13242,#10250,#10251);
#8171=AXIS2_PLACEMENT_3D('',#13243,#10252,#10253);
#8172=AXIS2_PLACEMENT_3D('',#13244,#10254,#10255);
#8173=AXIS2_PLACEMENT_3D('',#13245,#10256,#10257);
#8174=AXIS2_PLACEMENT_3D('',#13246,#10258,#10259);
#8175=AXIS2_PLACEMENT_3D('',#13247,#10260,#10261);
#8176=AXIS2_PLACEMENT_3D('',#13248,#10262,#10263);
#8177=AXIS2_PLACEMENT_3D('',#13249,#10264,#10265);
#8178=AXIS2_PLACEMENT_3D('',#13250,#10266,#10267);
#8179=AXIS2_PLACEMENT_3D('',#13254,#10270,#10271);
#8180=AXIS2_PLACEMENT_3D('',#13258,#10274,#10275);
#8181=AXIS2_PLACEMENT_3D('',#13259,#10276,#10277);
#8182=AXIS2_PLACEMENT_3D('',#13260,#10278,#10279);
#8183=AXIS2_PLACEMENT_3D('',#13264,#10282,#10283);
#8184=AXIS2_PLACEMENT_3D('',#13265,#10284,#10285);
#8185=AXIS2_PLACEMENT_3D('',#13266,#10286,#10287);
#8186=AXIS2_PLACEMENT_3D('',#13270,#10290,#10291);
#8187=AXIS2_PLACEMENT_3D('',#13271,#10292,#10293);
#8188=AXIS2_PLACEMENT_3D('',#13272,#10294,#10295);
#8189=AXIS2_PLACEMENT_3D('',#13273,#10296,#10297);
#8190=AXIS2_PLACEMENT_3D('',#13274,#10298,#10299);
#8191=AXIS2_PLACEMENT_3D('',#13275,#10300,#10301);
#8192=AXIS2_PLACEMENT_3D('',#13276,#10302,#10303);
#8193=AXIS2_PLACEMENT_3D('',#13277,#10304,#10305);
#8194=AXIS2_PLACEMENT_3D('',#13278,#10306,#10307);
#8195=AXIS2_PLACEMENT_3D('',#13279,#10308,#10309);
#8196=AXIS2_PLACEMENT_3D('',#13280,#10310,#10311);
#8197=AXIS2_PLACEMENT_3D('',#13281,#10312,#10313);
#8198=AXIS2_PLACEMENT_3D('',#13282,#10314,#10315);
#8199=AXIS2_PLACEMENT_3D('',#13283,#10316,#10317);
#8200=AXIS2_PLACEMENT_3D('',#13284,#10318,#10319);
#8201=AXIS2_PLACEMENT_3D('',#13285,#10320,#10321);
#8202=AXIS2_PLACEMENT_3D('',#13286,#10322,#10323);
#8203=AXIS2_PLACEMENT_3D('',#13287,#10324,#10325);
#8204=AXIS2_PLACEMENT_3D('',#13288,#10326,#10327);
#8205=AXIS2_PLACEMENT_3D('',#13289,#10328,#10329);
#8206=AXIS2_PLACEMENT_3D('',#13290,#10330,#10331);
#8207=AXIS2_PLACEMENT_3D('',#13292,#10333,#10334);
#8208=AXIS2_PLACEMENT_3D('',#13294,#10336,#10337);
#8209=AXIS2_PLACEMENT_3D('',#13295,#10338,#10339);
#8210=AXIS2_PLACEMENT_3D('',#13296,#10340,#10341);
#8211=AXIS2_PLACEMENT_3D('',#13298,#10342,#10343);
#8212=AXIS2_PLACEMENT_3D('',#13299,#10344,#10345);
#8213=AXIS2_PLACEMENT_3D('',#13301,#10346,#10347);
#8214=AXIS2_PLACEMENT_3D('',#13302,#10348,#10349);
#8215=AXIS2_PLACEMENT_3D('',#13304,#10350,#10351);
#8216=AXIS2_PLACEMENT_3D('',#13305,#10352,#10353);
#8217=AXIS2_PLACEMENT_3D('',#13307,#10354,#10355);
#8218=AXIS2_PLACEMENT_3D('',#13308,#10356,#10357);
#8219=AXIS2_PLACEMENT_3D('',#13310,#10358,#10359);
#8220=AXIS2_PLACEMENT_3D('',#13311,#10360,#10361);
#8221=AXIS2_PLACEMENT_3D('',#13313,#10362,#10363);
#8222=AXIS2_PLACEMENT_3D('',#13314,#10364,#10365);
#8223=AXIS2_PLACEMENT_3D('',#13316,#10366,#10367);
#8224=AXIS2_PLACEMENT_3D('',#13317,#10368,#10369);
#8225=AXIS2_PLACEMENT_3D('',#13319,#10370,#10371);
#8226=AXIS2_PLACEMENT_3D('',#13320,#10372,#10373);
#8227=AXIS2_PLACEMENT_3D('',#13322,#10374,#10375);
#8228=AXIS2_PLACEMENT_3D('',#13323,#10376,#10377);
#8229=AXIS2_PLACEMENT_3D('',#13324,#10378,#10379);
#8230=AXIS2_PLACEMENT_3D('',#13326,#10380,#10381);
#8231=AXIS2_PLACEMENT_3D('',#13327,#10382,#10383);
#8232=AXIS2_PLACEMENT_3D('',#13328,#10384,#10385);
#8233=AXIS2_PLACEMENT_3D('',#13330,#10386,#10387);
#8234=AXIS2_PLACEMENT_3D('',#13331,#10388,#10389);
#8235=AXIS2_PLACEMENT_3D('',#13332,#10390,#10391);
#8236=AXIS2_PLACEMENT_3D('',#13334,#10392,#10393);
#8237=AXIS2_PLACEMENT_3D('',#13335,#10394,#10395);
#8238=AXIS2_PLACEMENT_3D('',#13336,#10396,#10397);
#8239=AXIS2_PLACEMENT_3D('',#13338,#10398,#10399);
#8240=AXIS2_PLACEMENT_3D('',#13339,#10400,#10401);
#8241=AXIS2_PLACEMENT_3D('',#13340,#10402,#10403);
#8242=AXIS2_PLACEMENT_3D('',#13342,#10404,#10405);
#8243=AXIS2_PLACEMENT_3D('',#13343,#10406,#10407);
#8244=AXIS2_PLACEMENT_3D('',#13344,#10408,#10409);
#8245=AXIS2_PLACEMENT_3D('',#13346,#10410,#10411);
#8246=AXIS2_PLACEMENT_3D('',#13347,#10412,#10413);
#8247=AXIS2_PLACEMENT_3D('',#13348,#10414,#10415);
#8248=AXIS2_PLACEMENT_3D('',#13350,#10416,#10417);
#8249=AXIS2_PLACEMENT_3D('',#13351,#10418,#10419);
#8250=DIRECTION('',(0.,0.,1.));
#8251=DIRECTION('',(1.,0.,0.));
#8252=DIRECTION('',(-1.,-7.2280144832367E-16,0.));
#8253=DIRECTION('',(0.,1.,0.));
#8254=DIRECTION('',(1.,7.2280144832367E-16,0.));
#8255=DIRECTION('',(-7.21644966006352E-16,1.,0.));
#8256=DIRECTION('',(0.768221279597437,0.,-0.640184399664406));
#8257=DIRECTION('',(0.640184399664406,0.,0.768221279597437));
#8258=DIRECTION('',(0.768221279597437,0.,-0.640184399664406));
#8259=DIRECTION('',(0.640184399664406,0.,0.768221279597437));
#8260=DIRECTION('',(0.768221279597437,0.,-0.640184399664406));
#8261=DIRECTION('',(0.640184399664406,0.,0.768221279597437));
#8262=DIRECTION('',(0.,1.,0.));
#8263=DIRECTION('',(0.768221279597437,0.,-0.640184399664406));
#8264=DIRECTION('',(0.640184399664406,0.,0.768221279597437));
#8265=DIRECTION('',(0.768221279597437,0.,-0.640184399664406));
#8266=DIRECTION('',(0.640184399664406,0.,0.768221279597437));
#8267=DIRECTION('',(0.768221279597437,0.,-0.640184399664406));
#8268=DIRECTION('',(0.640184399664406,0.,0.768221279597437));
#8269=DIRECTION('',(-3.61400724161835E-16,1.,-4.33680868994286E-16));
#8270=DIRECTION('',(0.768221279597437,0.,-0.640184399664406));
#8271=DIRECTION('',(0.640184399664406,0.,0.768221279597437));
#8272=DIRECTION('',(0.768221279597437,0.,-0.640184399664406));
#8273=DIRECTION('',(0.640184399664406,0.,0.768221279597437));
#8274=DIRECTION('',(0.768221279597437,0.,-0.640184399664406));
#8275=DIRECTION('',(0.640184399664406,0.,0.768221279597437));
#8276=DIRECTION('',(0.,1.,0.));
#8277=DIRECTION('',(0.768221279597437,0.,-0.640184399664406));
#8278=DIRECTION('',(0.640184399664406,0.,0.768221279597437));
#8279=DIRECTION('',(0.640184399664406,0.,0.768221279597437));
#8280=DIRECTION('',(0.,1.,0.));
#8281=DIRECTION('',(-0.640184399664406,0.,-0.768221279597437));
#8282=DIRECTION('',(-0.768221279597437,0.,0.640184399664406));
#8283=DIRECTION('',(0.640184399664406,0.,0.768221279597437));
#8284=DIRECTION('',(0.,1.,0.));
#8285=DIRECTION('',(-0.768221279597437,0.,0.640184399664406));
#8286=DIRECTION('',(-0.640184399664406,0.,-0.768221279597437));
#8287=DIRECTION('',(-0.640184399664406,0.,-0.768221279597437));
#8288=DIRECTION('',(0.,1.,0.));
#8289=DIRECTION('',(-0.640184399664406,0.,-0.768221279597437));
#8290=DIRECTION('',(0.768221279597437,0.,-0.640184399664406));
#8291=DIRECTION('',(0.640184399664406,0.,0.768221279597437));
#8292=DIRECTION('',(-3.61400724161835E-16,1.,-4.33680868994286E-16));
#8293=DIRECTION('',(-7.2280144832367E-16,1.,-8.67361737988573E-16));
#8294=DIRECTION('',(0.768221279597437,0.,-0.640184399664406));
#8295=DIRECTION('',(0.640184399664406,0.,0.768221279597437));
#8296=DIRECTION('',(0.640184399664406,0.,0.768221279597437));
#8297=DIRECTION('',(-0.768221279597437,0.,0.640184399664406));
#8298=DIRECTION('',(-0.640184399664406,0.,-0.768221279597437));
#8299=DIRECTION('',(-0.640184399664406,0.,-0.768221279597437));
#8300=DIRECTION('',(0.768221279597437,0.,-0.640184399664406));
#8301=DIRECTION('',(0.640184399664406,0.,0.768221279597437));
#8302=DIRECTION('',(-7.2280144832367E-16,1.,-8.67361737988573E-16));
#8303=DIRECTION('',(0.768221279597437,0.,-0.640184399664406));
#8304=DIRECTION('',(0.640184399664406,0.,0.768221279597437));
#8305=DIRECTION('',(0.,-1.,0.));
#8306=DIRECTION('',(0.768221279597437,0.,-0.640184399664406));
#8307=DIRECTION('',(0.640184399664406,0.,0.768221279597437));
#8308=DIRECTION('',(-7.2280144832367E-16,1.,-8.67361737988573E-16));
#8309=DIRECTION('',(0.768221279597437,0.,-0.640184399664406));
#8310=DIRECTION('',(0.640184399664406,0.,0.768221279597437));
#8311=DIRECTION('',(-0.640184399664406,0.,-0.768221279597437));
#8312=DIRECTION('',(-0.768221279597437,0.,0.640184399664406));
#8313=DIRECTION('',(-0.640184399664406,0.,-0.768221279597437));
#8314=DIRECTION('',(0.640184399664406,0.,0.768221279597437));
#8315=DIRECTION('',(0.768221279597437,0.,-0.640184399664406));
#8316=DIRECTION('',(0.640184399664406,0.,0.768221279597437));
#8317=DIRECTION('',(-7.2280144832367E-16,1.,-8.67361737988573E-16));
#8318=DIRECTION('',(0.768221279597437,0.,-0.640184399664406));
#8319=DIRECTION('',(0.640184399664406,0.,0.768221279597437));
#8320=DIRECTION('',(0.640184399664406,0.,0.768221279597437));
#8321=DIRECTION('',(-0.768221279597437,0.,0.640184399664406));
#8322=DIRECTION('',(-0.640184399664406,0.,-0.768221279597437));
#8323=DIRECTION('',(-0.640184399664406,0.,-0.768221279597437));
#8324=DIRECTION('',(0.768221279597437,0.,-0.640184399664406));
#8325=DIRECTION('',(0.640184399664406,0.,0.768221279597437));
#8326=DIRECTION('',(-7.2280144832367E-16,1.,-8.67361737988573E-16));
#8327=DIRECTION('',(0.768221279597437,0.,-0.640184399664406));
#8328=DIRECTION('',(0.640184399664406,0.,0.768221279597437));
#8329=DIRECTION('',(0.640184399664406,-1.77686865128314E-15,0.768221279597437));
#8330=DIRECTION('',(-0.768221279597437,0.,0.640184399664406));
#8331=DIRECTION('',(-0.640184399664406,0.,-0.768221279597437));
#8332=DIRECTION('',(-0.640184399664406,0.,-0.768221279597437));
#8333=DIRECTION('',(0.768221279597437,0.,-0.640184399664406));
#8334=DIRECTION('',(0.640184399664406,0.,0.768221279597437));
#8335=DIRECTION('',(0.768221279597437,0.,-0.640184399664406));
#8336=DIRECTION('',(-0.640184399664406,0.,-0.768221279597437));
#8337=DIRECTION('',(1.,7.2280144832367E-16,0.));
#8338=DIRECTION('',(-1.44560289664734E-15,1.,0.));
#8339=DIRECTION('',(-1.,0.,0.));
#8340=DIRECTION('',(1.,0.,0.));
#8341=DIRECTION('',(-1.,0.,0.));
#8342=DIRECTION('',(0.,0.,1.));
#8343=DIRECTION('',(-1.,0.,0.));
#8344=DIRECTION('',(0.,0.,-1.));
#8345=DIRECTION('',(-1.,0.,0.));
#8346=DIRECTION('',(1.,0.,0.));
#8347=DIRECTION('',(0.,0.,1.));
#8348=DIRECTION('',(1.,0.,0.));
#8349=DIRECTION('',(-1.,-7.2280144832367E-16,0.));
#8350=DIRECTION('',(-1.44560289664734E-15,1.,0.));
#8351=DIRECTION('',(-1.,0.,0.));
#8352=DIRECTION('',(0.,0.,1.));
#8353=DIRECTION('',(-1.,0.,0.));
#8354=DIRECTION('',(0.,0.,-1.));
#8355=DIRECTION('',(-1.,0.,0.));
#8356=DIRECTION('',(1.,3.61400724161835E-16,0.));
#8357=DIRECTION('',(0.,-1.,0.));
#8358=DIRECTION('',(1.,0.,0.));
#8359=DIRECTION('',(-1.,0.,0.));
#8360=DIRECTION('',(0.,0.,-1.));
#8361=DIRECTION('',(-1.,-7.2280144832367E-16,0.));
#8362=DIRECTION('',(-1.44560289664734E-15,1.,0.));
#8363=DIRECTION('',(-1.,0.,0.));
#8364=DIRECTION('',(0.,0.,1.));
#8365=DIRECTION('',(-1.,-7.2280144832367E-16,0.));
#8366=DIRECTION('',(-1.44560289664734E-15,1.,0.));
#8367=DIRECTION('',(1.,0.,0.));
#8368=DIRECTION('',(-1.,0.,0.));
#8369=DIRECTION('',(-1.,0.,0.));
#8370=DIRECTION('',(0.,0.,1.));
#8371=DIRECTION('',(-1.,0.,0.));
#8372=DIRECTION('',(0.,0.,-1.));
#8373=DIRECTION('',(-1.,2.77555756156289E-15,0.));
#8374=DIRECTION('',(1.,0.,0.));
#8375=DIRECTION('',(0.,0.,1.));
#8376=DIRECTION('',(1.,0.,0.));
#8377=DIRECTION('',(-1.,-7.2280144832367E-16,0.));
#8378=DIRECTION('',(-1.44560289664734E-15,1.,0.));
#8379=DIRECTION('',(-1.,0.,0.));
#8380=DIRECTION('',(0.,0.,1.));
#8381=DIRECTION('',(-1.,-7.2280144832367E-16,0.));
#8382=DIRECTION('',(-1.44560289664734E-15,1.,0.));
#8383=DIRECTION('',(1.,0.,0.));
#8384=DIRECTION('',(-1.,2.77555756156289E-15,0.));
#8385=DIRECTION('',(-1.,0.,0.));
#8386=DIRECTION('',(0.,0.,1.));
#8387=DIRECTION('',(-1.,0.,0.));
#8388=DIRECTION('',(0.,0.,-1.));
#8389=DIRECTION('',(-1.,0.,0.));
#8390=DIRECTION('',(1.,3.61400724161835E-16,0.));
#8391=DIRECTION('',(0.,-1.,0.));
#8392=DIRECTION('',(1.,0.,0.));
#8393=DIRECTION('',(-1.,-7.2280144832367E-16,0.));
#8394=DIRECTION('',(-1.44560289664734E-15,1.,0.));
#8395=DIRECTION('',(-1.,0.,0.));
#8396=DIRECTION('',(0.,0.,1.));
#8397=DIRECTION('',(-1.,-7.2280144832367E-16,0.));
#8398=DIRECTION('',(-1.44560289664734E-15,1.,0.));
#8399=DIRECTION('',(1.,0.,0.));
#8400=DIRECTION('',(-1.,0.,0.));
#8401=DIRECTION('',(-1.,0.,0.));
#8402=DIRECTION('',(0.,0.,1.));
#8403=DIRECTION('',(1.,0.,0.));
#8404=DIRECTION('',(-1.,0.,0.));
#8405=DIRECTION('',(0.768221279597437,0.,-0.640184399664406));
#8406=DIRECTION('',(0.640184399664406,0.,0.768221279597437));
#8407=DIRECTION('',(-1.,-7.2280144832367E-16,0.));
#8408=DIRECTION('',(0.,1.,0.));
#8409=DIRECTION('',(1.,0.,0.));
#8410=DIRECTION('',(0.,0.,-1.));
#8411=DIRECTION('',(1.,0.,0.));
#8412=DIRECTION('',(-1.,0.,0.));
#8413=DIRECTION('',(0.768221279597437,0.,-0.640184399664406));
#8414=DIRECTION('',(0.640184399664406,0.,0.768221279597437));
#8415=DIRECTION('',(-1.,-7.2280144832367E-16,0.));
#8416=DIRECTION('',(0.,1.,0.));
#8417=DIRECTION('',(1.,0.,0.));
#8418=DIRECTION('',(0.,0.,-1.));
#8419=DIRECTION('',(1.,0.,0.));
#8420=DIRECTION('',(-1.,0.,0.));
#8421=DIRECTION('',(0.768221279597437,0.,-0.640184399664406));
#8422=DIRECTION('',(0.640184399664406,0.,0.768221279597437));
#8423=DIRECTION('',(1.,0.,0.));
#8424=DIRECTION('',(0.,0.,-1.));
#8425=DIRECTION('',(-1.,0.,0.));
#8426=DIRECTION('',(0.,0.499999999999999,-0.866025403784439));
#8427=DIRECTION('',(1.,0.,0.));
#8428=DIRECTION('',(0.,-0.499999999999999,0.866025403784439));
#8429=DIRECTION('',(0.,0.866025403784439,0.499999999999999));
#8430=DIRECTION('',(0.,-0.499999999999999,0.866025403784439));
#8431=DIRECTION('',(0.,-0.499999999999999,-0.866025403784439));
#8432=DIRECTION('',(1.,0.,0.));
#8433=DIRECTION('',(0.,0.499999999999999,0.866025403784439));
#8434=DIRECTION('',(1.,0.,0.));
#8435=DIRECTION('',(0.,0.866025403784439,-0.499999999999999));
#8436=DIRECTION('',(0.,0.499999999999999,0.866025403784439));
#8437=DIRECTION('',(0.,-1.,1.67202262744752E-15));
#8438=DIRECTION('',(-1.,0.,0.));
#8439=DIRECTION('',(0.,1.,-1.67202262744752E-15));
#8440=DIRECTION('',(-0.961523947640823,0.274721127897378,0.));
#8441=DIRECTION('',(5.16718649958937E-30,-1.,-7.70988211545248E-16));
#8442=DIRECTION('',(0.961523947640823,0.274721127897378,2.11806751071293E-16));
#8443=DIRECTION('',(-5.31449634234599E-30,1.,7.70988211545248E-16));
#8444=DIRECTION('',(1.,-4.29412544368679E-31,-3.31072009597902E-46));
#8445=DIRECTION('',(-1.26443886558765E-30,-1.,0.));
#8446=DIRECTION('',(1.,0.,0.));
#8447=DIRECTION('',(0.,1.,0.));
#8448=DIRECTION('',(-1.,-4.9851730665239E-65,0.));
#8449=DIRECTION('',(4.9851730665239E-65,-1.,4.49024471295489E-49));
#8450=DIRECTION('',(1.,0.,0.));
#8451=DIRECTION('',(0.,1.,0.));
#8452=DIRECTION('',(1.,4.9851730665239E-65,0.));
#8453=DIRECTION('',(0.,1.,0.));
#8454=DIRECTION('',(1.,0.,0.));
#8455=DIRECTION('',(-1.84748567583084E-30,1.,7.70988211545248E-16));
#8456=DIRECTION('',(1.,-4.29412544368679E-31,-3.31072009597902E-46));
#8457=DIRECTION('',(-1.62807719751592E-30,1.,7.70988211545248E-16));
#8458=DIRECTION('',(-1.,0.,0.));
#8459=DIRECTION('',(1.,0.,0.));
#8460=DIRECTION('',(0.,-1.,0.));
#8461=DIRECTION('',(-1.,0.,0.));
#8462=DIRECTION('',(0.,0.,1.));
#8463=DIRECTION('',(1.,0.,0.));
#8464=DIRECTION('',(0.,0.,-1.));
#8465=DIRECTION('',(1.06752213906265E-15,-1.,2.66880534765663E-16));
#8466=DIRECTION('',(1.,-1.26443886558765E-30,-7.5623310643703E-16));
#8467=DIRECTION('',(0.,0.,-1.));
#8468=DIRECTION('',(0.,0.,-1.));
#8469=DIRECTION('',(-5.55111512312578E-15,1.,-2.77555756156289E-15));
#8470=DIRECTION('',(0.,-1.15648231731787E-15,1.));
#8471=DIRECTION('',(-1.,1.26443886558765E-30,7.5623310643703E-16));
#8472=DIRECTION('',(0.,0.,-1.));
#8473=DIRECTION('',(1.,-1.26443886558765E-30,-7.5623310643703E-16));
#8474=DIRECTION('',(7.56339435525888E-16,0.,1.));
#8475=DIRECTION('',(0.,0.,1.));
#8476=DIRECTION('',(-7.5623310643703E-16,-7.5623310643703E-16,-1.));
#8477=DIRECTION('',(0.,1.,-1.67202262744752E-15));
#8478=DIRECTION('',(7.56233106437026E-16,-6.50521303491303E-16,1.));
#8479=DIRECTION('',(1.06752213906265E-15,-1.,2.66880534765663E-16));
#8480=DIRECTION('',(1.,-1.26443886558765E-30,-7.5623310643703E-16));
#8481=DIRECTION('',(7.56339435525888E-16,0.,1.));
#8482=DIRECTION('',(-1.,0.,0.));
#8483=DIRECTION('',(0.,0.,-1.));
#8484=DIRECTION('',(-1.,0.,0.));
#8485=DIRECTION('',(-1.,0.,0.));
#8486=DIRECTION('',(1.,0.,0.));
#8487=DIRECTION('',(0.,0.,-1.));
#8488=DIRECTION('',(0.,1.,0.));
#8489=DIRECTION('',(0.,0.,-1.));
#8490=DIRECTION('',(0.,-1.,0.));
#8491=DIRECTION('',(-4.9851730665239E-65,1.,-4.49024471295489E-49));
#8492=DIRECTION('',(0.,0.,1.));
#8493=DIRECTION('',(0.,1.,0.));
#8494=DIRECTION('',(0.,0.,1.));
#8495=DIRECTION('',(0.,0.,-1.));
#8496=DIRECTION('',(-1.,-1.26443886558765E-30,-7.5623310643703E-16));
#8497=DIRECTION('',(0.,0.,-1.));
#8498=DIRECTION('',(-1.26443886558765E-30,1.,0.));
#8499=DIRECTION('',(-7.5623310643703E-16,7.5623310643703E-16,1.));
#8500=DIRECTION('',(0.,-1.,1.67202262744752E-15));
#8501=DIRECTION('',(7.56233106437026E-16,6.50521303491303E-16,-1.));
#8502=DIRECTION('',(0.,1.,0.));
#8503=DIRECTION('',(1.,1.26443886558765E-30,7.5623310643703E-16));
#8504=DIRECTION('',(7.56339435525888E-16,0.,-1.));
#8505=DIRECTION('',(0.,0.,1.));
#8506=DIRECTION('',(0.,1.,0.));
#8507=DIRECTION('',(1.,1.26443886558765E-30,7.5623310643703E-16));
#8508=DIRECTION('',(0.,0.,-1.));
#8509=DIRECTION('',(0.,0.,1.));
#8510=DIRECTION('',(0.,-1.,2.77555756156289E-15));
#8511=DIRECTION('',(0.,0.,-1.));
#8512=DIRECTION('',(-1.,-1.26443886558765E-30,-7.5623310643703E-16));
#8513=DIRECTION('',(0.,0.,-1.));
#8514=DIRECTION('',(1.,1.26443886558765E-30,7.5623310643703E-16));
#8515=DIRECTION('',(7.56339435525888E-16,0.,-1.));
#8516=DIRECTION('',(1.,0.,0.));
#8517=DIRECTION('',(-1.,0.,0.));
#8518=DIRECTION('',(0.,0.,-1.));
#8519=DIRECTION('',(1.,0.,0.));
#8520=DIRECTION('',(1.,0.,0.));
#8521=DIRECTION('',(0.,0.,-1.));
#8522=DIRECTION('',(-1.,0.,0.));
#8523=DIRECTION('',(0.,0.,-1.));
#8524=DIRECTION('',(-1.,0.,0.));
#8525=DIRECTION('',(-1.,0.,0.));
#8526=DIRECTION('',(1.,0.,0.));
#8527=DIRECTION('',(0.,0.,-1.));
#8528=DIRECTION('',(1.,0.,0.));
#8529=DIRECTION('',(0.,0.,-1.));
#8530=DIRECTION('',(0.,-1.,0.));
#8531=DIRECTION('',(0.,0.,1.));
#8532=DIRECTION('',(1.,0.,0.));
#8533=DIRECTION('',(0.,0.,-1.));
#8534=DIRECTION('',(-0.640184399664406,0.,-0.768221279597437));
#8535=DIRECTION('',(0.640184399664406,0.,0.768221279597437));
#8536=DIRECTION('',(0.,1.,0.));
#8537=DIRECTION('',(0.768221279597437,0.,-0.640184399664406));
#8538=DIRECTION('',(-0.640184399664406,0.,-0.768221279597437));
#8539=DIRECTION('',(-0.640184399664406,0.,-0.768221279597437));
#8540=DIRECTION('',(0.640184399664406,-1.77686865128314E-15,0.768221279597437));
#8541=DIRECTION('',(0.,1.,0.));
#8542=DIRECTION('',(0.768221279597437,0.,-0.640184399664406));
#8543=DIRECTION('',(-0.640184399664406,0.,-0.768221279597437));
#8544=DIRECTION('',(-0.640184399664406,0.,-0.768221279597437));
#8545=DIRECTION('',(0.640184399664406,0.,0.768221279597437));
#8546=DIRECTION('',(0.,1.,0.));
#8547=DIRECTION('',(0.768221279597437,0.,-0.640184399664406));
#8548=DIRECTION('',(-0.640184399664406,0.,-0.768221279597437));
#8549=DIRECTION('',(1.,0.,0.));
#8550=DIRECTION('',(0.,0.,1.));
#8551=DIRECTION('',(-1.,0.,0.));
#8552=DIRECTION('',(0.,1.15648231731787E-15,-1.));
#8553=DIRECTION('',(-1.,0.,0.));
#8554=DIRECTION('',(0.,0.,-1.));
#8555=DIRECTION('',(1.,0.,0.));
#8556=DIRECTION('',(0.,-1.15648231731787E-15,-1.));
#8557=DIRECTION('',(-1.,0.,0.));
#8558=DIRECTION('',(0.,1.15648231731787E-15,1.));
#8559=DIRECTION('',(0.,-1.,0.));
#8560=DIRECTION('',(0.,0.,-1.));
#8561=DIRECTION('',(0.,1.,-1.67202262744752E-15));
#8562=DIRECTION('',(-1.,0.,0.));
#8563=DIRECTION('',(0.,-1.,1.67202262744752E-15));
#8564=DIRECTION('',(-0.961523947640823,-0.274721127897378,0.));
#8565=DIRECTION('',(5.16718649958937E-30,1.,7.70988211545248E-16));
#8566=DIRECTION('',(0.961523947640823,-0.274721127897378,-2.11806751071293E-16));
#8567=DIRECTION('',(-5.31449634234599E-30,-1.,-7.70988211545248E-16));
#8568=DIRECTION('',(1.,4.29412544368679E-31,3.31072009597902E-46));
#8569=DIRECTION('',(-1.,4.9851730665239E-65,0.));
#8570=DIRECTION('',(0.,-1.,0.));
#8571=DIRECTION('',(-1.,0.,0.));
#8572=DIRECTION('',(-1.84748567583084E-30,-1.,-7.70988211545247E-16));
#8573=DIRECTION('',(1.,4.29412544368679E-31,3.31072009597902E-46));
#8574=DIRECTION('',(-1.62807719751592E-30,-1.,-7.70988211545247E-16));
#8575=DIRECTION('',(-1.,0.,0.));
#8576=DIRECTION('',(0.,-1.,0.));
#8577=DIRECTION('',(1.,0.,0.));
#8578=DIRECTION('',(0.,1.,0.));
#8579=DIRECTION('',(-1.,0.,0.));
#8580=DIRECTION('',(0.,-1.,0.));
#8581=DIRECTION('',(-1.,4.9851730665239E-65,0.));
#8582=DIRECTION('',(-4.9851730665239E-65,-1.,4.49024471295489E-49));
#8583=DIRECTION('',(1.,0.,0.));
#8584=DIRECTION('',(0.,-1.,0.));
#8585=DIRECTION('',(0.,0.,-1.));
#8586=DIRECTION('',(-1.,0.,0.));
#8587=DIRECTION('',(-1.,0.,0.));
#8588=DIRECTION('',(0.,0.,-1.));
#8589=DIRECTION('',(-1.,0.,0.));
#8590=DIRECTION('',(0.,0.,1.));
#8591=DIRECTION('',(-1.,0.,0.));
#8592=DIRECTION('',(0.,0.,1.));
#8593=DIRECTION('',(1.,0.,0.));
#8594=DIRECTION('',(0.,0.,1.));
#8595=DIRECTION('',(-1.,0.,0.));
#8596=DIRECTION('',(0.,0.,-1.));
#8597=DIRECTION('',(0.,1.,0.));
#8598=DIRECTION('',(0.,0.,1.));
#8599=DIRECTION('',(-1.,0.,0.));
#8600=DIRECTION('',(0.,0.,-1.));
#8601=DIRECTION('',(-1.,0.,0.));
#8602=DIRECTION('',(0.,0.,-1.));
#8603=DIRECTION('',(1.,0.,0.));
#8604=DIRECTION('',(0.,0.,-1.));
#8605=DIRECTION('',(-1.,0.,0.));
#8606=DIRECTION('',(0.,0.,-1.));
#8607=DIRECTION('',(1.,0.,0.));
#8608=DIRECTION('',(0.,0.,-1.));
#8609=DIRECTION('',(1.,0.,0.));
#8610=DIRECTION('',(0.,0.,-1.));
#8611=DIRECTION('',(-1.,0.,0.));
#8612=DIRECTION('',(0.,0.,-0.999999999999999));
#8613=DIRECTION('',(1.,0.,0.));
#8614=DIRECTION('',(1.,0.,0.));
#8615=DIRECTION('',(0.,0.,-0.999999999999999));
#8616=DIRECTION('',(1.,0.,0.));
#8617=DIRECTION('',(-1.,0.,0.));
#8618=DIRECTION('',(0.,0.,1.));
#8619=DIRECTION('',(0.,0.866025403784438,0.500000000000002));
#8620=DIRECTION('',(0.,-0.866025403784438,-0.500000000000002));
#8621=DIRECTION('',(1.,0.,0.));
#8622=DIRECTION('',(0.,-0.500000000000002,0.866025403784438));
#8623=DIRECTION('',(0.,-0.866025403784438,-0.500000000000002));
#8624=DIRECTION('',(0.,-0.499999999999998,0.86602540378444));
#8625=DIRECTION('',(-1.,0.,0.));
#8626=DIRECTION('',(0.,0.499999999999998,-0.86602540378444));
#8627=DIRECTION('',(1.,0.,0.));
#8628=DIRECTION('',(0.,-0.86602540378444,-0.499999999999998));
#8629=DIRECTION('',(0.,0.499999999999998,-0.86602540378444));
#8630=DIRECTION('',(-1.,0.,0.));
#8631=DIRECTION('',(0.,0.,-0.999999999999999));
#8632=DIRECTION('',(1.,0.,0.));
#8633=DIRECTION('',(0.,0.,-0.999999999999999));
#8634=DIRECTION('',(1.,0.,0.));
#8635=DIRECTION('',(-1.,0.,0.));
#8636=DIRECTION('',(0.,0.,1.));
#8637=DIRECTION('',(0.,-5.79745592212314E-15,-1.));
#8638=DIRECTION('',(0.,5.79745592212314E-15,1.));
#8639=DIRECTION('',(-1.,0.,0.));
#8640=DIRECTION('',(0.,1.,-5.79745592212314E-15));
#8641=DIRECTION('',(0.,5.80091530366644E-15,1.));
#8642=DIRECTION('',(0.,1.,-1.44936398053078E-15));
#8643=DIRECTION('',(-1.,0.,0.));
#8644=DIRECTION('',(0.,-1.,1.44936398053078E-15));
#8645=DIRECTION('',(1.,0.,0.));
#8646=DIRECTION('',(0.,1.44936398053078E-15,1.));
#8647=DIRECTION('',(0.,-1.,1.45022882591661E-15));
#8648=DIRECTION('',(-1.,0.,0.));
#8649=DIRECTION('',(0.,0.,-0.999999999999999));
#8650=DIRECTION('',(1.,0.,0.));
#8651=DIRECTION('',(0.,0.,-0.999999999999999));
#8652=DIRECTION('',(1.,0.,0.));
#8653=DIRECTION('',(-1.,0.,0.));
#8654=DIRECTION('',(0.,0.,1.));
#8655=DIRECTION('',(0.,-0.86602540378444,0.499999999999998));
#8656=DIRECTION('',(0.,0.86602540378444,-0.499999999999998));
#8657=DIRECTION('',(-1.,0.,0.));
#8658=DIRECTION('',(0.,-0.499999999999998,-0.86602540378444));
#8659=DIRECTION('',(0.,0.86602540378444,-0.499999999999998));
#8660=DIRECTION('',(-1.,0.,0.));
#8661=DIRECTION('',(0.,0.,-1.));
#8662=DIRECTION('',(1.,0.,0.));
#8663=DIRECTION('',(0.,0.,-1.));
#8664=DIRECTION('',(-1.,0.,0.));
#8665=DIRECTION('',(0.,0.,1.));
#8666=DIRECTION('',(1.,0.,0.));
#8667=DIRECTION('',(-1.,0.,0.));
#8668=DIRECTION('',(0.,0.,-1.));
#8669=DIRECTION('',(1.,0.,0.));
#8670=DIRECTION('',(0.,0.,-1.));
#8671=DIRECTION('',(-1.,0.,0.));
#8672=DIRECTION('',(0.,0.,1.));
#8673=DIRECTION('',(5.13992141030169E-15,1.,0.));
#8674=DIRECTION('',(1.,0.,0.));
#8675=DIRECTION('',(0.,0.,-1.));
#8676=DIRECTION('',(0.,0.,-1.));
#8677=DIRECTION('',(1.,0.,0.));
#8678=DIRECTION('',(0.,0.,-1.));
#8679=DIRECTION('',(0.,1.,0.));
#8680=DIRECTION('',(-4.66293670342566E-16,1.23259516440783E-31,-1.));
#8681=DIRECTION('',(-4.9851730665239E-65,-1.,4.49024471295489E-49));
#8682=DIRECTION('',(1.11022302462516E-16,4.49024471295489E-49,1.));
#8683=DIRECTION('',(0.,1.,0.));
#8684=DIRECTION('',(0.,0.,-1.));
#8685=DIRECTION('',(0.,1.,0.));
#8686=DIRECTION('',(0.,0.,1.));
#8687=DIRECTION('',(0.,-0.803557193344745,-0.595227550625739));
#8688=DIRECTION('',(1.,0.,0.));
#8689=DIRECTION('',(0.,0.,-1.));
#8690=DIRECTION('',(0.,0.,1.));
#8691=DIRECTION('',(0.,1.,4.95635278850516E-16));
#8692=DIRECTION('',(0.,0.,1.));
#8693=DIRECTION('',(0.,-1.,0.));
#8694=DIRECTION('',(-4.66293670342566E-16,-1.23259516440783E-31,1.));
#8695=DIRECTION('',(-4.9851730665239E-65,1.,-4.49024471295489E-49));
#8696=DIRECTION('',(1.11022302462516E-16,-4.49024471295489E-49,-1.));
#8697=DIRECTION('',(0.,0.,1.));
#8698=DIRECTION('',(0.,-1.,2.66880534765663E-16));
#8699=DIRECTION('',(0.,0.,-1.));
#8700=DIRECTION('',(1.,0.,0.));
#8701=DIRECTION('',(0.,0.,-1.));
#8702=DIRECTION('',(1.,0.,0.));
#8703=DIRECTION('',(0.,0.,-1.));
#8704=DIRECTION('',(1.,0.,0.));
#8705=DIRECTION('',(0.,0.,-0.999999999999999));
#8706=DIRECTION('',(0.,0.86602540378444,0.499999999999998));
#8707=DIRECTION('',(-1.,0.,0.));
#8708=DIRECTION('',(0.,0.,-1.));
#8709=DIRECTION('',(0.,1.,1.44936398053078E-15));
#8710=DIRECTION('',(1.,0.,0.));
#8711=DIRECTION('',(0.,0.,-0.999999999999999));
#8712=DIRECTION('',(0.,5.79745592212314E-15,-1.));
#8713=DIRECTION('',(-1.,0.,0.));
#8714=DIRECTION('',(0.,0.,-1.));
#8715=DIRECTION('',(0.,-0.499999999999998,-0.86602540378444));
#8716=DIRECTION('',(1.,0.,0.));
#8717=DIRECTION('',(0.,0.,-0.999999999999999));
#8718=DIRECTION('',(1.,0.,0.));
#8719=DIRECTION('',(0.,0.,-1.));
#8720=DIRECTION('',(1.,0.,0.));
#8721=DIRECTION('',(0.,0.,-0.999999999999999));
#8722=DIRECTION('',(0.,-0.499999999999998,0.86602540378444));
#8723=DIRECTION('',(-1.,0.,0.));
#8724=DIRECTION('',(0.,0.,-1.));
#8725=DIRECTION('',(0.,0.499999999999998,0.86602540378444));
#8726=DIRECTION('',(1.,0.,0.));
#8727=DIRECTION('',(0.,0.,-1.));
#8728=DIRECTION('',(1.,0.,0.));
#8729=DIRECTION('',(0.,0.,-1.));
#8730=DIRECTION('',(1.,0.,0.));
#8731=DIRECTION('',(0.,0.,-1.));
#8732=DIRECTION('',(0.,-0.499999999999998,0.86602540378444));
#8733=DIRECTION('',(-1.,0.,0.));
#8734=DIRECTION('',(0.,0.,-0.999999999999999));
#8735=DIRECTION('',(0.,0.499999999999998,0.86602540378444));
#8736=DIRECTION('',(1.,0.,0.));
#8737=DIRECTION('',(0.,0.,-1.));
#8738=DIRECTION('',(1.,0.,0.));
#8739=DIRECTION('',(0.,0.,-1.));
#8740=DIRECTION('',(1.,0.,0.));
#8741=DIRECTION('',(0.,0.,-1.));
#8742=DIRECTION('',(1.,0.,0.));
#8743=DIRECTION('',(0.,0.,-1.));
#8744=DIRECTION('',(1.,0.,0.));
#8745=DIRECTION('',(0.,0.,-1.));
#8746=DIRECTION('',(0.,-0.866025403784439,-0.499999999999999));
#8747=DIRECTION('',(-1.,0.,0.));
#8748=DIRECTION('',(0.,0.,-1.));
#8749=DIRECTION('',(0.,1.,1.44936398053078E-15));
#8750=DIRECTION('',(1.,0.,0.));
#8751=DIRECTION('',(0.,0.,-1.));
#8752=DIRECTION('',(0.,-5.79745592212312E-15,1.));
#8753=DIRECTION('',(-1.,0.,0.));
#8754=DIRECTION('',(0.,0.,-1.));
#8755=DIRECTION('',(0.,-0.499999999999998,-0.86602540378444));
#8756=DIRECTION('',(1.,0.,0.));
#8757=DIRECTION('',(0.,0.,-1.));
#8758=DIRECTION('',(1.,0.,0.));
#8759=DIRECTION('',(0.,0.,-1.));
#8760=DIRECTION('',(1.,0.,0.));
#8761=DIRECTION('',(0.,0.,-1.));
#8762=DIRECTION('',(0.,0.499999999999998,-0.86602540378444));
#8763=DIRECTION('',(-1.,0.,0.));
#8764=DIRECTION('',(0.,0.,-1.));
#8765=DIRECTION('',(0.,-0.499999999999998,-0.86602540378444));
#8766=DIRECTION('',(1.,0.,0.));
#8767=DIRECTION('',(0.,0.,-1.));
#8768=DIRECTION('',(1.,0.,0.));
#8769=DIRECTION('',(0.,0.,-1.));
#8770=DIRECTION('',(1.,0.,0.));
#8771=DIRECTION('',(0.,0.,-1.));
#8772=DIRECTION('',(0.,0.499999999999998,-0.86602540378444));
#8773=DIRECTION('',(-1.,0.,0.));
#8774=DIRECTION('',(0.,0.,-1.));
#8775=DIRECTION('',(0.,-0.499999999999998,-0.86602540378444));
#8776=DIRECTION('',(1.,0.,0.));
#8777=DIRECTION('',(0.,0.,-1.));
#8778=DIRECTION('',(1.,0.,0.));
#8779=DIRECTION('',(0.,0.,-1.));
#8780=DIRECTION('',(1.,0.,0.));
#8781=DIRECTION('',(0.,0.,-1.));
#8782=DIRECTION('',(0.,0.499999999999998,-0.86602540378444));
#8783=DIRECTION('',(-1.,0.,0.));
#8784=DIRECTION('',(0.,0.,-1.));
#8785=DIRECTION('',(0.,5.79745592212312E-15,1.));
#8786=DIRECTION('',(1.,0.,0.));
#8787=DIRECTION('',(0.,0.,-1.));
#8788=DIRECTION('',(0.,-1.,1.44936398053078E-15));
#8789=DIRECTION('',(-1.,0.,0.));
#8790=DIRECTION('',(0.,0.,-1.));
#8791=DIRECTION('',(0.,0.866025403784439,-0.499999999999999));
#8792=DIRECTION('',(1.,0.,0.));
#8793=DIRECTION('',(0.,0.,-1.));
#8794=DIRECTION('',(0.,-0.86602540378444,-0.499999999999998));
#8795=DIRECTION('',(1.,0.,0.));
#8796=DIRECTION('',(0.,0.,-1.));
#8797=DIRECTION('',(-1.,0.,0.));
#8798=DIRECTION('',(0.,0.,-1.));
#8799=DIRECTION('',(1.,0.,0.));
#8800=DIRECTION('',(0.,0.,-1.));
#8801=DIRECTION('',(0.,-0.866025403784439,0.499999999999999));
#8802=DIRECTION('',(1.,0.,0.));
#8803=DIRECTION('',(0.,0.,-1.));
#8804=DIRECTION('',(0.,1.,-1.44936398053078E-15));
#8805=DIRECTION('',(1.,0.,0.));
#8806=DIRECTION('',(0.,0.,-1.));
#8807=DIRECTION('',(0.,-5.79745592212312E-15,-1.));
#8808=DIRECTION('',(1.,0.,0.));
#8809=DIRECTION('',(0.,0.,-1.));
#8810=DIRECTION('',(0.,-0.499999999999998,0.86602540378444));
#8811=DIRECTION('',(1.,0.,0.));
#8812=DIRECTION('',(0.,0.,-1.));
#8813=DIRECTION('',(-1.,0.,0.));
#8814=DIRECTION('',(0.,0.,-1.));
#8815=DIRECTION('',(1.,0.,0.));
#8816=DIRECTION('',(0.,0.,-1.));
#8817=DIRECTION('',(0.,0.499999999999998,0.86602540378444));
#8818=DIRECTION('',(-1.,0.,0.));
#8819=DIRECTION('',(0.,0.,-1.));
#8820=DIRECTION('',(0.,-0.499999999999998,0.86602540378444));
#8821=DIRECTION('',(1.,0.,0.));
#8822=DIRECTION('',(0.,0.,-1.));
#8823=DIRECTION('',(-1.,0.,0.));
#8824=DIRECTION('',(0.,0.,-1.));
#8825=DIRECTION('',(1.,0.,0.));
#8826=DIRECTION('',(0.,0.,-1.));
#8827=DIRECTION('',(0.,0.499999999999998,0.86602540378444));
#8828=DIRECTION('',(1.,0.,0.));
#8829=DIRECTION('',(0.,0.,-1.));
#8830=DIRECTION('',(0.,-0.499999999999998,0.86602540378444));
#8831=DIRECTION('',(1.,0.,0.));
#8832=DIRECTION('',(0.,0.,-1.));
#8833=DIRECTION('',(-1.,0.,0.));
#8834=DIRECTION('',(0.,0.,-1.));
#8835=DIRECTION('',(1.,0.,0.));
#8836=DIRECTION('',(0.,0.,-1.));
#8837=DIRECTION('',(0.,0.499999999999998,0.86602540378444));
#8838=DIRECTION('',(-1.,0.,0.));
#8839=DIRECTION('',(0.,0.,-1.));
#8840=DIRECTION('',(0.,5.79745592212312E-15,-1.));
#8841=DIRECTION('',(1.,0.,0.));
#8842=DIRECTION('',(0.,0.,-1.));
#8843=DIRECTION('',(0.,-1.,-1.44936398053078E-15));
#8844=DIRECTION('',(-1.,0.,0.));
#8845=DIRECTION('',(0.,0.,-1.));
#8846=DIRECTION('',(0.,0.866025403784439,0.499999999999999));
#8847=DIRECTION('',(1.,0.,0.));
#8848=DIRECTION('',(0.,0.,-1.));
#8849=DIRECTION('',(-1.,0.,0.));
#8850=DIRECTION('',(0.,0.,-0.999999999999999));
#8851=DIRECTION('',(1.,0.,0.));
#8852=DIRECTION('',(0.,0.,-1.));
#8853=DIRECTION('',(1.,0.,0.));
#8854=DIRECTION('',(0.,0.,-1.));
#8855=DIRECTION('',(1.,0.,0.));
#8856=DIRECTION('',(0.,0.,-1.));
#8857=DIRECTION('',(-1.,0.,0.));
#8858=DIRECTION('',(0.,0.,-1.));
#8859=DIRECTION('',(1.,0.,0.));
#8860=DIRECTION('',(0.,0.,-1.));
#8861=DIRECTION('',(0.,-0.499999999999998,-0.86602540378444));
#8862=DIRECTION('',(-1.,0.,0.));
#8863=DIRECTION('',(0.,0.,-0.999999999999999));
#8864=DIRECTION('',(0.,0.499999999999998,-0.86602540378444));
#8865=DIRECTION('',(1.,0.,0.));
#8866=DIRECTION('',(0.,0.,-1.));
#8867=DIRECTION('',(-1.,0.,0.));
#8868=DIRECTION('',(0.,0.,-1.));
#8869=DIRECTION('',(1.,0.,0.));
#8870=DIRECTION('',(0.,0.,-1.));
#8871=DIRECTION('',(0.,-0.499999999999998,-0.86602540378444));
#8872=DIRECTION('',(1.,0.,0.));
#8873=DIRECTION('',(0.,0.,-1.));
#8874=DIRECTION('',(0.,0.499999999999998,-0.86602540378444));
#8875=DIRECTION('',(1.,0.,0.));
#8876=DIRECTION('',(0.,0.,-1.));
#8877=DIRECTION('',(-1.,0.,0.));
#8878=DIRECTION('',(0.,0.,-1.));
#8879=DIRECTION('',(1.,0.,0.));
#8880=DIRECTION('',(0.,0.,-1.));
#8881=DIRECTION('',(0.,-0.499999999999998,-0.86602540378444));
#8882=DIRECTION('',(-1.,0.,0.));
#8883=DIRECTION('',(0.,0.,-1.));
#8884=DIRECTION('',(0.,-5.79745592212314E-15,1.));
#8885=DIRECTION('',(1.,0.,0.));
#8886=DIRECTION('',(0.,0.,-1.));
#8887=DIRECTION('',(0.,1.,1.44936398053078E-15));
#8888=DIRECTION('',(-1.,0.,0.));
#8889=DIRECTION('',(0.,0.,-1.));
#8890=DIRECTION('',(0.,0.499999999999999,0.866025403784439));
#8891=DIRECTION('',(0.,0.499999999999999,-0.866025403784439));
#8892=DIRECTION('',(-1.,0.,0.));
#8893=DIRECTION('',(0.,0.,-1.));
#8894=DIRECTION('',(0.,-0.866025403784438,0.500000000000001));
#8895=DIRECTION('',(0.,0.866025403784438,0.500000000000001));
#8896=DIRECTION('',(1.,0.,0.));
#8897=DIRECTION('',(0.,0.,-1.));
#8898=DIRECTION('',(0.,-0.499999999999999,-0.866025403784439));
#8899=DIRECTION('',(-1.,0.,0.));
#8900=DIRECTION('',(0.,0.,-0.999999999999999));
#8901=DIRECTION('',(0.,0.866025403784438,-0.500000000000002));
#8902=DIRECTION('',(0.,0.866025403784438,-0.500000000000002));
#8903=DIRECTION('',(0.,-0.866025403784438,-0.500000000000002));
#8904=DIRECTION('',(1.,0.,0.));
#8905=DIRECTION('',(0.,0.,-1.));
#8906=DIRECTION('',(0.,0.499999999999999,0.866025403784439));
#8907=DIRECTION('',(0.,0.499999999999999,-0.866025403784439));
#8908=DIRECTION('',(-1.,0.,0.));
#8909=DIRECTION('',(0.,0.,-1.));
#8910=DIRECTION('',(0.,-0.866025403784438,0.500000000000001));
#8911=DIRECTION('',(0.,0.866025403784438,0.500000000000001));
#8912=DIRECTION('',(1.,0.,0.));
#8913=DIRECTION('',(0.,0.,-1.));
#8914=DIRECTION('',(0.,-0.499999999999999,-0.866025403784439));
#8915=DIRECTION('',(0.,-0.499999999999999,0.866025403784439));
#8916=DIRECTION('',(-1.,0.,0.));
#8917=DIRECTION('',(0.,0.,-1.));
#8918=DIRECTION('',(1.,0.,0.));
#8919=DIRECTION('',(0.,0.,-0.999999999999999));
#8920=DIRECTION('',(1.,0.,0.));
#8921=DIRECTION('',(0.,0.,-1.));
#8922=DIRECTION('',(1.,0.,0.));
#8923=DIRECTION('',(0.,0.,-1.));
#8924=DIRECTION('',(0.,0.866025403784438,-0.500000000000002));
#8925=DIRECTION('',(0.,-0.866025403784438,-0.500000000000002));
#8926=DIRECTION('',(1.,0.,0.));
#8927=DIRECTION('',(0.,0.,-0.999999999999999));
#8928=DIRECTION('',(0.,0.499999999999999,-0.866025403784439));
#8929=DIRECTION('',(-1.,0.,0.));
#8930=DIRECTION('',(0.,0.,-1.));
#8931=DIRECTION('',(0.,-0.866025403784438,0.500000000000001));
#8932=DIRECTION('',(0.,0.866025403784438,0.500000000000001));
#8933=DIRECTION('',(1.,0.,0.));
#8934=DIRECTION('',(0.,0.,-1.));
#8935=DIRECTION('',(0.,-0.499999999999999,-0.866025403784439));
#8936=DIRECTION('',(0.,-0.499999999999999,0.866025403784439));
#8937=DIRECTION('',(-1.,0.,0.));
#8938=DIRECTION('',(0.,0.,-1.));
#8939=DIRECTION('',(1.,0.,0.));
#8940=DIRECTION('',(0.,0.,-0.999999999999999));
#8941=DIRECTION('',(1.,0.,0.));
#8942=DIRECTION('',(0.,0.,-0.999999999999999));
#8943=DIRECTION('',(1.,0.,0.));
#8944=DIRECTION('',(0.,0.,-1.));
#8945=DIRECTION('',(1.,0.,0.));
#8946=DIRECTION('',(0.,0.,-0.999999999999999));
#8947=DIRECTION('',(1.,0.,0.));
#8948=DIRECTION('',(0.,0.,-1.));
#8949=DIRECTION('',(0.,-0.499999999999999,-0.866025403784439));
#8950=DIRECTION('',(1.,0.,0.));
#8951=DIRECTION('',(0.,0.866025403784439,-0.499999999999999));
#8952=DIRECTION('',(0.,0.499999999999999,0.866025403784439));
#8953=DIRECTION('',(-1.,0.,0.));
#8954=DIRECTION('',(0.,0.,-1.));
#8955=DIRECTION('',(-1.,0.,0.));
#8956=DIRECTION('',(-1.,0.,0.));
#8957=DIRECTION('',(0.,0.,1.));
#8958=DIRECTION('',(-1.,0.,0.));
#8959=DIRECTION('',(1.,0.,0.));
#8960=DIRECTION('',(0.,1.44936398053078E-15,-1.));
#8961=DIRECTION('',(0.,1.,1.45022882591661E-15));
#8962=DIRECTION('',(1.,0.,0.));
#8963=DIRECTION('',(-1.,0.,0.));
#8964=DIRECTION('',(0.,-0.499999999999998,0.86602540378444));
#8965=DIRECTION('',(0.,-0.86602540378444,-0.499999999999998));
#8966=DIRECTION('',(-1.,0.,0.));
#8967=DIRECTION('',(0.,0.,1.));
#8968=DIRECTION('',(1.,0.,0.));
#8969=DIRECTION('',(-1.,0.,0.));
#8970=DIRECTION('',(0.,1.,5.79745592212314E-15));
#8971=DIRECTION('',(0.,-5.80091530366644E-15,1.));
#8972=DIRECTION('',(-1.,0.,0.));
#8973=DIRECTION('',(1.,0.,0.));
#8974=DIRECTION('',(0.,-0.86602540378444,0.499999999999998));
#8975=DIRECTION('',(0.,-0.499999999999998,-0.86602540378444));
#8976=DIRECTION('',(-1.,0.,0.));
#8977=DIRECTION('',(0.,0.,1.));
#8978=DIRECTION('',(-1.,0.,0.));
#8979=DIRECTION('',(0.,0.499999999999999,-0.866025403784439));
#8980=DIRECTION('',(1.,0.,0.));
#8981=DIRECTION('',(0.,0.866025403784439,0.499999999999999));
#8982=DIRECTION('',(0.,-0.499999999999999,0.866025403784439));
#8983=DIRECTION('',(-1.,0.,0.));
#8984=DIRECTION('',(0.,0.,-1.));
#8985=DIRECTION('',(1.,0.,0.));
#8986=DIRECTION('',(-1.,0.,0.));
#8987=DIRECTION('',(0.,0.,1.));
#8988=DIRECTION('',(-1.,0.,0.));
#8989=DIRECTION('',(0.,0.,-0.999999999999999));
#8990=DIRECTION('',(1.,0.,0.));
#8991=DIRECTION('',(0.,0.,-0.999999999999999));
#8992=DIRECTION('',(1.,0.,0.));
#8993=DIRECTION('',(-1.,0.,0.));
#8994=DIRECTION('',(0.,0.,-0.999999999999999));
#8995=DIRECTION('',(-1.,0.,0.));
#8996=DIRECTION('',(0.,0.,1.));
#8997=DIRECTION('',(-1.,0.,0.));
#8998=DIRECTION('',(0.,0.,-0.999999999999999));
#8999=DIRECTION('',(-1.,0.,0.));
#9000=DIRECTION('',(-1.,0.,0.));
#9001=DIRECTION('',(0.,0.,1.));
#9002=DIRECTION('',(-1.,0.,0.));
#9003=DIRECTION('',(0.,0.,-0.999999999999999));
#9004=DIRECTION('',(-1.,0.,0.));
#9005=DIRECTION('',(0.,0.,1.));
#9006=DIRECTION('',(0.,-0.866025403784438,0.500000000000002));
#9007=DIRECTION('',(-1.,0.,0.));
#9008=DIRECTION('',(0.,-0.500000000000002,-0.866025403784438));
#9009=DIRECTION('',(0.,0.866025403784438,-0.500000000000002));
#9010=DIRECTION('',(-1.,0.,0.));
#9011=DIRECTION('',(0.,0.,-1.));
#9012=DIRECTION('',(1.,0.,0.));
#9013=DIRECTION('',(0.,0.,-1.));
#9014=DIRECTION('',(-1.,0.,0.));
#9015=DIRECTION('',(1.,0.,0.));
#9016=DIRECTION('',(0.,0.86602540378444,0.499999999999998));
#9017=DIRECTION('',(0.,-0.499999999999998,0.86602540378444));
#9018=DIRECTION('',(1.,0.,0.));
#9019=DIRECTION('',(-1.,0.,0.));
#9020=DIRECTION('',(0.,0.,1.));
#9021=DIRECTION('',(-1.,0.,0.));
#9022=DIRECTION('',(0.,-1.,5.79745592212312E-15));
#9023=DIRECTION('',(0.,-5.80091530366644E-15,-1.));
#9024=DIRECTION('',(-1.,0.,0.));
#9025=DIRECTION('',(0.,0.,-1.));
#9026=DIRECTION('',(-1.,0.,0.));
#9027=DIRECTION('',(-1.,0.,0.));
#9028=DIRECTION('',(0.,0.,1.));
#9029=DIRECTION('',(1.,0.,0.));
#9030=DIRECTION('',(0.,-1.44936398053078E-15,-1.));
#9031=DIRECTION('',(0.,1.,-1.45022882591661E-15));
#9032=DIRECTION('',(1.,0.,0.));
#9033=DIRECTION('',(-1.,0.,0.));
#9034=DIRECTION('',(0.,0.,1.));
#9035=DIRECTION('',(-1.,0.,0.));
#9036=DIRECTION('',(0.,0.499999999999999,0.866025403784439));
#9037=DIRECTION('',(0.,-0.866025403784439,0.499999999999999));
#9038=DIRECTION('',(-1.,0.,0.));
#9039=DIRECTION('',(0.,0.,-1.));
#9040=DIRECTION('',(-1.,0.,0.));
#9041=DIRECTION('',(-1.,0.,0.));
#9042=DIRECTION('',(0.,0.,1.));
#9043=DIRECTION('',(0.,0.499999999999999,0.866025403784439));
#9044=DIRECTION('',(1.,0.,0.));
#9045=DIRECTION('',(0.,-0.866025403784439,0.499999999999999));
#9046=DIRECTION('',(0.,-0.499999999999999,-0.866025403784439));
#9047=DIRECTION('',(-1.,0.,0.));
#9048=DIRECTION('',(0.,0.,-1.));
#9049=DIRECTION('',(1.,0.,0.));
#9050=DIRECTION('',(-1.,0.,0.));
#9051=DIRECTION('',(0.,0.,1.));
#9052=DIRECTION('',(1.,0.,0.));
#9053=DIRECTION('',(-1.,0.,0.));
#9054=DIRECTION('',(0.,0.,-1.));
#9055=DIRECTION('',(-1.,0.,0.));
#9056=DIRECTION('',(0.,0.,1.));
#9057=DIRECTION('',(0.,-0.866025403784438,-0.500000000000001));
#9058=DIRECTION('',(1.,0.,0.));
#9059=DIRECTION('',(0.,0.500000000000001,-0.866025403784438));
#9060=DIRECTION('',(0.,0.866025403784438,0.500000000000001));
#9061=DIRECTION('',(1.,0.,0.));
#9062=DIRECTION('',(-1.,0.,0.));
#9063=DIRECTION('',(0.,0.,-1.));
#9064=DIRECTION('',(-1.,0.,0.));
#9065=DIRECTION('',(-1.,0.,0.));
#9066=DIRECTION('',(0.,0.,1.));
#9067=DIRECTION('',(1.,0.,0.));
#9068=DIRECTION('',(0.,0.499999999999999,-0.866025403784439));
#9069=DIRECTION('',(0.,0.866025403784439,0.499999999999999));
#9070=DIRECTION('',(1.,0.,0.));
#9071=DIRECTION('',(-1.,0.,0.));
#9072=DIRECTION('',(0.,0.,1.));
#9073=DIRECTION('',(-1.,0.,0.));
#9074=DIRECTION('',(0.,-1.44936398053078E-15,1.));
#9075=DIRECTION('',(0.,-1.,-1.45022882591661E-15));
#9076=DIRECTION('',(-1.,0.,0.));
#9077=DIRECTION('',(0.,0.,-1.));
#9078=DIRECTION('',(-1.,0.,0.));
#9079=DIRECTION('',(-1.,0.,0.));
#9080=DIRECTION('',(0.,0.,1.));
#9081=DIRECTION('',(1.,0.,0.));
#9082=DIRECTION('',(0.,-1.,-5.79745592212312E-15));
#9083=DIRECTION('',(0.,5.80091530366644E-15,-1.));
#9084=DIRECTION('',(1.,0.,0.));
#9085=DIRECTION('',(-1.,0.,0.));
#9086=DIRECTION('',(0.,0.,1.));
#9087=DIRECTION('',(-1.,0.,0.));
#9088=DIRECTION('',(0.,0.,-1.));
#9089=DIRECTION('',(1.,0.,0.));
#9090=DIRECTION('',(0.,0.,-1.));
#9091=DIRECTION('',(-1.,0.,0.));
#9092=DIRECTION('',(0.,0.,-1.));
#9093=DIRECTION('',(1.,0.,0.));
#9094=DIRECTION('',(1.,0.,0.));
#9095=DIRECTION('',(-1.,0.,0.));
#9096=DIRECTION('',(0.,0.,1.));
#9097=DIRECTION('',(0.,-0.499999999999999,0.866025403784439));
#9098=DIRECTION('',(0.,-0.866025403784439,-0.499999999999999));
#9099=DIRECTION('',(0.,0.499999999999999,-0.866025403784439));
#9100=DIRECTION('',(-1.,0.,0.));
#9101=DIRECTION('',(0.,0.86602540378444,-0.499999999999998));
#9102=DIRECTION('',(0.,0.499999999999998,0.86602540378444));
#9103=DIRECTION('',(-1.,0.,0.));
#9104=DIRECTION('',(0.,0.,-1.));
#9105=DIRECTION('',(-1.,0.,0.));
#9106=DIRECTION('',(-1.,0.,0.));
#9107=DIRECTION('',(0.,0.,1.));
#9108=DIRECTION('',(0.,0.866025403784438,-0.500000000000001));
#9109=DIRECTION('',(-1.,0.,0.));
#9110=DIRECTION('',(0.,0.500000000000001,0.866025403784438));
#9111=DIRECTION('',(0.,-0.866025403784438,0.500000000000001));
#9112=DIRECTION('',(1.,0.,0.));
#9113=DIRECTION('',(1.,0.,0.));
#9114=DIRECTION('',(-1.,0.,0.));
#9115=DIRECTION('',(0.,0.,1.));
#9116=DIRECTION('',(-1.,0.,0.));
#9117=DIRECTION('',(0.,-0.86602540378444,0.499999999999998));
#9118=DIRECTION('',(0.,-0.499999999999998,-0.86602540378444));
#9119=DIRECTION('',(-1.,0.,0.));
#9120=DIRECTION('',(0.,0.,-1.));
#9121=DIRECTION('',(-1.,0.,0.));
#9122=DIRECTION('',(-1.,0.,0.));
#9123=DIRECTION('',(0.,0.,1.));
#9124=DIRECTION('',(1.,0.,0.));
#9125=DIRECTION('',(0.,-0.866025403784438,0.500000000000002));
#9126=DIRECTION('',(-1.,0.,0.));
#9127=DIRECTION('',(0.,-0.500000000000002,-0.866025403784438));
#9128=DIRECTION('',(0.,0.866025403784438,-0.500000000000002));
#9129=DIRECTION('',(-1.,0.,0.));
#9130=DIRECTION('',(0.,0.,-1.));
#9131=DIRECTION('',(1.,0.,0.));
#9132=DIRECTION('',(-1.,0.,0.));
#9133=DIRECTION('',(0.,0.,1.));
#9134=DIRECTION('',(-1.,0.,0.));
#9135=DIRECTION('',(0.,0.499999999999999,-0.866025403784439));
#9136=DIRECTION('',(0.,0.866025403784439,0.499999999999999));
#9137=DIRECTION('',(0.,-0.499999999999999,0.866025403784439));
#9138=DIRECTION('',(-1.,0.,0.));
#9139=DIRECTION('',(0.,0.,-0.999999999999999));
#9140=DIRECTION('',(1.,0.,0.));
#9141=DIRECTION('',(0.,0.,-0.999999999999999));
#9142=DIRECTION('',(-1.,0.,0.));
#9143=DIRECTION('',(0.,-0.86602540378444,-0.499999999999998));
#9144=DIRECTION('',(0.,0.499999999999998,-0.86602540378444));
#9145=DIRECTION('',(-1.,0.,0.));
#9146=DIRECTION('',(0.,0.,-1.));
#9147=DIRECTION('',(1.,0.,0.));
#9148=DIRECTION('',(1.,0.,0.));
#9149=DIRECTION('',(-1.,0.,0.));
#9150=DIRECTION('',(0.,0.,1.));
#9151=DIRECTION('',(0.,-0.499999999999999,-0.866025403784439));
#9152=DIRECTION('',(1.,0.,0.));
#9153=DIRECTION('',(0.,0.866025403784439,-0.499999999999999));
#9154=DIRECTION('',(0.,0.499999999999999,0.866025403784439));
#9155=DIRECTION('',(0.,0.866025403784438,0.500000000000002));
#9156=DIRECTION('',(0.,-0.500000000000002,0.866025403784438));
#9157=DIRECTION('',(0.,-0.866025403784438,-0.500000000000002));
#9158=DIRECTION('',(1.,0.,0.));
#9159=DIRECTION('',(-1.,0.,0.));
#9160=DIRECTION('',(0.,0.,-0.999999999999999));
#9161=DIRECTION('',(-1.,0.,0.));
#9162=DIRECTION('',(0.,0.,1.));
#9163=DIRECTION('',(-1.,0.,0.));
#9164=DIRECTION('',(0.,0.,-0.999999999999999));
#9165=DIRECTION('',(1.,0.,0.));
#9166=DIRECTION('',(0.,0.,-0.999999999999999));
#9167=DIRECTION('',(-1.,0.,0.));
#9168=DIRECTION('',(1.,0.,0.));
#9169=DIRECTION('',(0.,0.86602540378444,0.499999999999998));
#9170=DIRECTION('',(0.,-0.499999999999998,0.86602540378444));
#9171=DIRECTION('',(1.,0.,0.));
#9172=DIRECTION('',(-1.,0.,0.));
#9173=DIRECTION('',(0.,0.,1.));
#9174=DIRECTION('',(-1.,0.,0.));
#9175=DIRECTION('',(0.,0.86602540378444,-0.499999999999998));
#9176=DIRECTION('',(0.,0.499999999999998,0.86602540378444));
#9177=DIRECTION('',(1.,0.,0.));
#9178=DIRECTION('',(0.,0.866025403784438,-0.500000000000001));
#9179=DIRECTION('',(0.,0.500000000000001,0.866025403784438));
#9180=DIRECTION('',(0.,-0.866025403784438,0.500000000000001));
#9181=DIRECTION('',(-1.,0.,0.));
#9182=DIRECTION('',(0.,0.,-1.));
#9183=DIRECTION('',(1.,0.,0.));
#9184=DIRECTION('',(-1.,0.,0.));
#9185=DIRECTION('',(0.,0.,1.));
#9186=DIRECTION('',(0.,-0.499999999999999,0.866025403784439));
#9187=DIRECTION('',(0.,-0.866025403784439,-0.499999999999999));
#9188=DIRECTION('',(0.,0.499999999999999,-0.866025403784439));
#9189=DIRECTION('',(0.,0.499999999999999,0.866025403784439));
#9190=DIRECTION('',(1.,0.,0.));
#9191=DIRECTION('',(0.,-0.866025403784439,0.499999999999999));
#9192=DIRECTION('',(0.,-0.499999999999999,-0.866025403784439));
#9193=DIRECTION('',(-1.,0.,0.));
#9194=DIRECTION('',(0.,0.,-1.));
#9195=DIRECTION('',(1.,0.,0.));
#9196=DIRECTION('',(-1.,0.,0.));
#9197=DIRECTION('',(0.,0.,1.));
#9198=DIRECTION('',(-1.,0.,0.));
#9199=DIRECTION('',(0.,0.,-1.));
#9200=DIRECTION('',(-1.,0.,0.));
#9201=DIRECTION('',(-1.,0.,0.));
#9202=DIRECTION('',(0.,0.,1.));
#9203=DIRECTION('',(0.,-0.866025403784438,-0.500000000000001));
#9204=DIRECTION('',(1.,0.,0.));
#9205=DIRECTION('',(0.,0.500000000000001,-0.866025403784438));
#9206=DIRECTION('',(0.,0.866025403784438,0.500000000000001));
#9207=DIRECTION('',(1.,0.,0.));
#9208=DIRECTION('',(-1.,0.,0.));
#9209=DIRECTION('',(0.,0.,-1.));
#9210=DIRECTION('',(-1.,0.,0.));
#9211=DIRECTION('',(0.,0.,1.));
#9212=DIRECTION('',(1.,0.,0.));
#9213=DIRECTION('',(1.,0.,0.));
#9214=DIRECTION('',(-1.,0.,0.));
#9215=DIRECTION('',(0.,0.,1.));
#9216=DIRECTION('',(-1.,0.,0.));
#9217=DIRECTION('',(0.,-0.86602540378444,0.499999999999998));
#9218=DIRECTION('',(0.,-0.499999999999998,-0.86602540378444));
#9219=DIRECTION('',(-1.,0.,0.));
#9220=DIRECTION('',(0.,0.,-1.));
#9221=DIRECTION('',(-1.,0.,0.));
#9222=DIRECTION('',(-1.,0.,0.));
#9223=DIRECTION('',(0.,0.,1.));
#9224=DIRECTION('',(1.,0.,0.));
#9225=DIRECTION('',(0.,-0.866025403784438,0.500000000000002));
#9226=DIRECTION('',(0.,-0.500000000000002,-0.866025403784438));
#9227=DIRECTION('',(0.,0.866025403784438,-0.500000000000002));
#9228=DIRECTION('',(-1.,0.,0.));
#9229=DIRECTION('',(0.,0.,-0.999999999999999));
#9230=DIRECTION('',(-1.,0.,0.));
#9231=DIRECTION('',(0.,0.,1.));
#9232=DIRECTION('',(-1.,0.,0.));
#9233=DIRECTION('',(0.,0.,-1.));
#9234=DIRECTION('',(1.,0.,0.));
#9235=DIRECTION('',(0.,0.,-1.));
#9236=DIRECTION('',(-1.,0.,0.));
#9237=DIRECTION('',(0.,0.,-0.999999999999999));
#9238=DIRECTION('',(1.,0.,0.));
#9239=DIRECTION('',(-1.,0.,0.));
#9240=DIRECTION('',(0.,0.,1.));
#9241=DIRECTION('',(-1.,0.,0.));
#9242=DIRECTION('',(0.,-0.86602540378444,-0.499999999999998));
#9243=DIRECTION('',(0.,0.499999999999998,-0.86602540378444));
#9244=DIRECTION('',(0.,0.866025403784438,0.500000000000002));
#9245=DIRECTION('',(0.,-0.500000000000002,0.866025403784438));
#9246=DIRECTION('',(0.,-0.866025403784438,-0.500000000000002));
#9247=DIRECTION('',(1.,0.,0.));
#9248=DIRECTION('',(-1.,0.,0.));
#9249=DIRECTION('',(0.,0.,-1.));
#9250=DIRECTION('',(-1.,0.,0.));
#9251=DIRECTION('',(0.,0.,1.));
#9252=DIRECTION('',(1.,0.,0.));
#9253=DIRECTION('',(-1.,0.,0.));
#9254=DIRECTION('',(0.,0.,-1.));
#9255=DIRECTION('',(-1.,0.,0.));
#9256=DIRECTION('',(-1.,0.,0.));
#9257=DIRECTION('',(0.,0.,1.));
#9258=DIRECTION('',(1.,0.,0.));
#9259=DIRECTION('',(0.,0.86602540378444,0.499999999999998));
#9260=DIRECTION('',(0.,-0.499999999999998,0.86602540378444));
#9261=DIRECTION('',(1.,0.,0.));
#9262=DIRECTION('',(-1.,0.,0.));
#9263=DIRECTION('',(0.,0.,1.));
#9264=DIRECTION('',(-1.,0.,0.));
#9265=DIRECTION('',(0.,0.86602540378444,-0.499999999999998));
#9266=DIRECTION('',(0.,0.499999999999998,0.86602540378444));
#9267=DIRECTION('',(-1.,0.,0.));
#9268=DIRECTION('',(0.,0.,-1.));
#9269=DIRECTION('',(-1.,0.,0.));
#9270=DIRECTION('',(-1.,0.,0.));
#9271=DIRECTION('',(0.,0.,1.));
#9272=DIRECTION('',(-1.,0.,0.));
#9273=DIRECTION('',(0.,0.,-0.999999999999999));
#9274=DIRECTION('',(1.,0.,0.));
#9275=DIRECTION('',(0.,0.,-0.999999999999999));
#9276=DIRECTION('',(0.,-0.866025403784438,-0.500000000000001));
#9277=DIRECTION('',(1.,0.,0.));
#9278=DIRECTION('',(0.,0.500000000000001,-0.866025403784438));
#9279=DIRECTION('',(0.,0.866025403784438,0.500000000000001));
#9280=DIRECTION('',(-1.,0.,0.));
#9281=DIRECTION('',(0.,0.,-1.));
#9282=DIRECTION('',(1.,0.,0.));
#9283=DIRECTION('',(-1.,0.,0.));
#9284=DIRECTION('',(0.,0.,1.));
#9285=DIRECTION('',(-1.,0.,0.));
#9286=DIRECTION('',(0.,0.,-1.));
#9287=DIRECTION('',(1.,0.,0.));
#9288=DIRECTION('',(1.,0.,0.));
#9289=DIRECTION('',(-1.,0.,0.));
#9290=DIRECTION('',(0.,0.,1.));
#9291=DIRECTION('',(0.,0.866025403784438,-0.500000000000001));
#9292=DIRECTION('',(0.,0.500000000000001,0.866025403784438));
#9293=DIRECTION('',(0.,-0.866025403784438,0.500000000000001));
#9294=DIRECTION('',(0.,0.499999999999999,0.866025403784439));
#9295=DIRECTION('',(0.,-0.866025403784439,0.499999999999999));
#9296=DIRECTION('',(0.,-0.499999999999999,-0.866025403784439));
#9297=DIRECTION('',(0.,-0.499999999999999,0.866025403784439));
#9298=DIRECTION('',(0.,-0.866025403784439,-0.499999999999999));
#9299=DIRECTION('',(0.,0.499999999999999,-0.866025403784439));
#9300=DIRECTION('',(0.961523947640823,-0.274721127897378,4.59339942082322E-16));
#9301=DIRECTION('',(-3.53076982593813E-30,1.,-1.67202262744752E-15));
#9302=DIRECTION('',(1.,4.29412544368679E-31,-7.17987490694245E-46));
#9303=DIRECTION('',(0.,1.,-1.67202262744752E-15));
#9304=DIRECTION('',(0.,1.67202262744752E-15,1.));
#9305=DIRECTION('',(0.,-1.,1.67227343084164E-15));
#9306=DIRECTION('',(-0.91564351241359,0.261612432118168,-0.305214504137862));
#9307=DIRECTION('',(3.53076982593813E-30,-1.,1.67202262744752E-15));
#9308=DIRECTION('',(0.948683298050514,2.39141905836555E-16,0.316227766016836));
#9309=DIRECTION('',(0.316227766016836,-1.586219940622E-15,-0.948683298050514));
#9310=DIRECTION('',(0.,1.,-1.67227343084164E-15));
#9311=DIRECTION('',(-1.,-9.66178224829527E-31,-7.09788656291185E-16));
#9312=DIRECTION('',(0.,1.,-1.67202262744752E-15));
#9313=DIRECTION('',(1.,0.,0.));
#9314=DIRECTION('',(-0.961523947640823,0.274721127897378,-1.1418187328701E-15));
#9315=DIRECTION('',(0.,1.,-1.67202262744752E-15));
#9316=DIRECTION('',(7.09788656291185E-16,-1.67202262744752E-15,-1.));
#9317=DIRECTION('',(0.,1.,-1.67227343084164E-15));
#9318=DIRECTION('',(0.,-8.16340459283204E-16,-1.));
#9319=DIRECTION('',(1.,-1.26443886558765E-30,-7.5623310643703E-16));
#9320=DIRECTION('',(0.,0.,-1.));
#9321=DIRECTION('',(-1.06752213906265E-15,1.,0.));
#9322=DIRECTION('',(7.5623310643703E-16,-6.50521303491303E-16,1.));
#9323=DIRECTION('',(-7.5623310643703E-16,-7.5623310643703E-16,-1.));
#9324=DIRECTION('',(-1.,1.26443886558765E-30,7.5623310643703E-16));
#9325=DIRECTION('',(0.,0.,-1.));
#9326=DIRECTION('',(5.55111512312578E-15,-1.,-2.77555756156289E-15));
#9327=DIRECTION('',(1.,-1.26443886558765E-30,-7.5623310643703E-16));
#9328=DIRECTION('',(7.56339435525888E-16,0.,1.));
#9329=DIRECTION('',(2.11508946956607E-15,7.55257790474773E-16,1.));
#9330=DIRECTION('',(-2.11167586369817E-15,6.50521303491303E-16,-1.));
#9331=DIRECTION('',(-2.11167586369817E-15,6.50521303491303E-16,-1.));
#9332=DIRECTION('',(-2.17538795060652E-15,-7.38029653034644E-16,-1.));
#9333=DIRECTION('',(-0.274721127897378,-0.961523947640823,1.30725821686685E-15));
#9334=DIRECTION('',(2.1094237467878E-15,7.49400541621981E-16,1.));
#9335=DIRECTION('',(1.,0.,0.));
#9336=DIRECTION('',(0.,-1.,-6.50521303491303E-16));
#9337=DIRECTION('',(0.,6.52256026967279E-16,-1.));
#9338=DIRECTION('',(1.06752213906265E-15,-1.,0.));
#9339=DIRECTION('',(-1.,0.,2.11167586369817E-15));
#9340=DIRECTION('',(0.,0.,-1.));
#9341=DIRECTION('',(0.,8.16340459283204E-16,1.));
#9342=DIRECTION('',(-5.55111512312578E-15,1.,2.77555756156289E-15));
#9343=DIRECTION('',(1.,0.,-2.11167586369817E-15));
#9344=DIRECTION('',(-1.73472347597681E-15,0.,-1.));
#9345=DIRECTION('',(2.11167586369817E-15,7.5623310643703E-16,1.));
#9346=DIRECTION('',(1.,0.,-2.11167586369817E-15));
#9347=DIRECTION('',(2.1094237467878E-15,0.,1.));
#9348=DIRECTION('',(2.11508946956607E-15,7.5623310643703E-16,1.));
#9349=DIRECTION('',(-1.,3.53647745219044E-30,2.11508946956607E-15));
#9350=DIRECTION('',(-2.1163626406917E-15,0.,-1.));
#9351=DIRECTION('',(-2.17538795060652E-15,-7.5623310643703E-16,-1.));
#9352=DIRECTION('',(1.,-3.63729787689079E-30,-2.17538795060652E-15));
#9353=DIRECTION('',(2.17881268582687E-15,0.,1.));
#9354=DIRECTION('',(-4.29412544368679E-31,1.,-7.5623310643703E-16));
#9355=DIRECTION('',(0.,7.49400541621981E-16,1.));
#9356=DIRECTION('',(-1.,9.97034613304781E-65,1.11022302462516E-16));
#9357=DIRECTION('',(1.,-7.89491928621766E-17,-1.11022302462516E-16));
#9358=DIRECTION('',(0.,0.,0.999999999999994));
#9359=DIRECTION('',(-1.,9.97034613304781E-65,1.11022302462516E-16));
#9360=DIRECTION('',(1.,-7.89491928621766E-17,-1.11022302462516E-16));
#9361=DIRECTION('',(0.,0.,-0.999999999999994));
#9362=DIRECTION('',(1.,-9.97034613304781E-65,-1.11022302462516E-16));
#9363=DIRECTION('',(0.,0.,-0.999999999999994));
#9364=DIRECTION('',(7.89491928621766E-17,1.,-8.76512116911605E-33));
#9365=DIRECTION('',(-1.,7.89491928621766E-17,1.11022302462516E-16));
#9366=DIRECTION('',(7.89491928621766E-17,1.,-8.76512116911605E-33));
#9367=DIRECTION('',(1.11022302462516E-16,0.,1.));
#9368=DIRECTION('',(-1.,8.32667268468867E-17,1.11022302462516E-16));
#9369=DIRECTION('',(-1.,9.97034613304781E-65,1.11022302462516E-16));
#9370=DIRECTION('',(1.11022302462516E-16,4.49024471295489E-49,1.));
#9371=DIRECTION('',(-0.974858506571867,-1.00053788686021E-49,-0.222824801502141));
#9372=DIRECTION('',(1.11022302462516E-16,4.49024471295489E-49,1.));
#9373=DIRECTION('',(-1.11022302462516E-16,-4.49024471295489E-49,-1.));
#9374=DIRECTION('',(-1.,9.97034613304781E-65,1.11022302462516E-16));
#9375=DIRECTION('',(-0.894427190999915,-2.00809848275524E-49,-0.44721359549996));
#9376=DIRECTION('',(4.9851730665239E-65,1.,-4.49024471295489E-49));
#9377=DIRECTION('',(0.,0.,-1.));
#9378=DIRECTION('',(1.,-9.97034613304781E-65,-1.11022302462516E-16));
#9379=DIRECTION('',(-4.9851730665239E-65,-1.,4.49024471295489E-49));
#9380=DIRECTION('',(0.999999999999994,0.,0.));
#9381=DIRECTION('',(-1.11022302462516E-16,-4.49024471295489E-49,-1.));
#9382=DIRECTION('',(4.9851730665239E-65,1.,-4.49024471295489E-49));
#9383=DIRECTION('',(-1.00000000000001,0.,0.));
#9384=DIRECTION('',(-4.9851730665239E-65,-1.,4.49024471295489E-49));
#9385=DIRECTION('',(0.,0.,-1.));
#9386=DIRECTION('',(-4.9851730665239E-65,-1.,4.49024471295489E-49));
#9387=DIRECTION('',(1.,0.,0.));
#9388=DIRECTION('',(1.,-9.97034613304779E-65,-1.11022302462516E-16));
#9389=DIRECTION('',(-0.919145030018057,-1.76879404777601E-49,-0.393919298579169));
#9390=DIRECTION('',(4.9851730665239E-65,1.,-4.49024471295489E-49));
#9391=DIRECTION('',(-1.,0.,0.));
#9392=DIRECTION('',(1.,-9.97034613304779E-65,-1.11022302462516E-16));
#9393=DIRECTION('',(1.11022302462516E-16,4.49024471295489E-49,1.));
#9394=DIRECTION('',(4.9851730665239E-65,1.,-4.49024471295489E-49));
#9395=DIRECTION('',(0.,0.,-1.00000000000003));
#9396=DIRECTION('',(1.,-9.97034613304781E-65,-1.11022302462516E-16));
#9397=DIRECTION('',(4.9851730665239E-65,1.,-4.49024471295489E-49));
#9398=DIRECTION('',(0.,0.,-0.999999999999994));
#9399=DIRECTION('',(-4.21119078306096E-17,4.49024471295489E-49,1.));
#9400=DIRECTION('',(4.9851730665239E-65,1.,-4.49024471295489E-49));
#9401=DIRECTION('',(0.,0.,-1.));
#9402=DIRECTION('',(0.992277876713668,5.56946311211954E-50,0.124034734589208));
#9403=DIRECTION('',(-4.9851730665239E-65,-1.,4.49024471295489E-49));
#9404=DIRECTION('',(1.,0.,-1.11022302462516E-16));
#9405=DIRECTION('',(-4.9851730665239E-65,-1.,4.49024471295489E-49));
#9406=DIRECTION('',(1.11022302462516E-16,4.49024471295489E-49,1.));
#9407=DIRECTION('',(4.9851730665239E-65,1.,-4.49024471295489E-49));
#9408=DIRECTION('',(1.11022302462516E-16,4.49024471295489E-49,1.));
#9409=DIRECTION('',(-1.,9.97034613304779E-65,1.11022302462516E-16));
#9410=DIRECTION('',(0.,-1.,0.));
#9411=DIRECTION('',(-1.11022302462516E-16,-4.49024471295489E-49,-1.));
#9412=DIRECTION('',(-1.,0.,0.));
#9413=DIRECTION('',(0.222824801502141,-4.37735325501343E-49,-0.974858506571867));
#9414=DIRECTION('',(-0.974858506571867,-1.00053788686019E-49,-0.222824801502141));
#9415=DIRECTION('',(-1.11022302462516E-16,-4.49024471295489E-49,-1.));
#9416=DIRECTION('',(-1.,0.,0.));
#9417=DIRECTION('',(-1.,9.97034613304779E-65,1.11022302462516E-16));
#9418=DIRECTION('',(7.89491928621766E-17,1.,-8.76512116911605E-33));
#9419=DIRECTION('',(-1.,7.89491928621766E-17,1.11022302462516E-16));
#9420=DIRECTION('',(7.89491928621766E-17,1.,-8.76512116911605E-33));
#9421=DIRECTION('',(1.11022302462516E-16,0.,1.));
#9422=DIRECTION('',(-1.,8.32667268468867E-17,1.11022302462516E-16));
#9423=DIRECTION('',(-1.11022302462516E-16,0.,-1.));
#9424=DIRECTION('',(-1.,7.89491928621766E-17,1.11022302462516E-16));
#9425=DIRECTION('',(1.11022302462516E-16,0.,1.));
#9426=DIRECTION('',(-7.89491928621766E-17,-1.,8.76512116911605E-33));
#9427=DIRECTION('',(1.,-8.32667268468867E-17,-1.11022302462516E-16));
#9428=DIRECTION('',(7.89491928621766E-17,1.,-8.76512116911605E-33));
#9429=DIRECTION('',(1.11022302462516E-16,0.,1.));
#9430=DIRECTION('',(1.,-7.89491928621766E-17,-1.11022302462516E-16));
#9431=DIRECTION('',(1.11022302462516E-16,0.,1.));
#9432=DIRECTION('',(-1.,7.89491928621766E-17,1.11022302462516E-16));
#9433=DIRECTION('',(-1.11022302462516E-16,0.,-1.));
#9434=DIRECTION('',(-7.89491928621766E-17,-1.,8.76512116911605E-33));
#9435=DIRECTION('',(1.,-8.32667268468867E-17,-1.11022302462516E-16));
#9436=DIRECTION('',(7.89491928621766E-17,1.,-8.76512116911605E-33));
#9437=DIRECTION('',(-1.,7.89491928621766E-17,1.11022302462516E-16));
#9438=DIRECTION('',(-1.11022302462516E-16,0.,-1.));
#9439=DIRECTION('',(0.,0.,-1.));
#9440=DIRECTION('',(0.164398987305328,-1.69754037324622E-17,0.986393923832149));
#9441=DIRECTION('',(-1.03257349760524E-16,-1.,0.));
#9442=DIRECTION('',(1.00000000000003,0.,0.));
#9443=DIRECTION('',(-1.03257349760524E-16,-1.,0.));
#9444=DIRECTION('',(1.,-9.71445146547012E-17,0.));
#9445=DIRECTION('',(7.59645419660784E-65,1.,-4.49024471295489E-49));
#9446=DIRECTION('',(0.164398987305361,4.42915010137811E-49,0.986393923832143));
#9447=DIRECTION('',(-4.9851730665239E-65,-1.,4.49024471295489E-49));
#9448=DIRECTION('',(0.986393923832143,-7.38191683563037E-50,-0.164398987305361));
#9449=DIRECTION('',(0.164398987305361,0.,0.986393923832143));
#9450=DIRECTION('',(4.9851730665239E-65,1.,-4.49024471295489E-49));
#9451=DIRECTION('',(-4.9851730665239E-65,-1.,4.49024471295489E-49));
#9452=DIRECTION('',(1.00000000000003,0.,0.));
#9453=DIRECTION('',(-4.9851730665239E-65,-1.,4.49024471295489E-49));
#9454=DIRECTION('',(-4.9851730665239E-65,-1.,4.49024471295489E-49));
#9455=DIRECTION('',(-1.00000000000003,0.,0.));
#9456=DIRECTION('',(4.9851730665239E-65,1.,-4.49024471295489E-49));
#9457=DIRECTION('',(-1.,9.97034613304779E-65,1.11022302462516E-16));
#9458=DIRECTION('',(1.11022302462516E-16,4.49024471295489E-49,1.));
#9459=DIRECTION('',(-1.,0.,1.11022302462516E-16));
#9460=DIRECTION('',(4.9851730665239E-65,1.,-4.49024471295489E-49));
#9461=DIRECTION('',(4.9851730665239E-65,1.,-4.49024471295489E-49));
#9462=DIRECTION('',(-0.999999999999994,0.,0.));
#9463=DIRECTION('',(4.9851730665239E-65,1.,-4.49024471295489E-49));
#9464=DIRECTION('',(0.999999999999994,0.,0.));
#9465=DIRECTION('',(-4.9851730665239E-65,-1.,4.49024471295489E-49));
#9466=DIRECTION('',(4.21119078306096E-17,-4.49024471295489E-49,-1.));
#9467=DIRECTION('',(-1.,3.09424535163551E-65,-4.21119078306096E-17));
#9468=DIRECTION('',(4.16333634234434E-17,0.,-1.));
#9469=DIRECTION('',(4.9851730665239E-65,1.,-4.49024471295489E-49));
#9470=DIRECTION('',(-1.,0.,0.));
#9471=DIRECTION('',(-4.9851730665239E-65,-1.,4.49024471295489E-49));
#9472=DIRECTION('',(4.9851730665239E-65,1.,-4.49024471295489E-49));
#9473=DIRECTION('',(1.,0.,0.));
#9474=DIRECTION('',(-4.9851730665239E-65,-1.,4.49024471295489E-49));
#9475=DIRECTION('',(-0.992277876713668,-5.56946311211956E-50,-0.124034734589208));
#9476=DIRECTION('',(0.124034734589208,-4.45557048969565E-49,-0.992277876713668));
#9477=DIRECTION('',(0.992277876713668,0.,0.124034734589208));
#9478=DIRECTION('',(-1.,9.97034613304779E-65,1.11022302462516E-16));
#9479=DIRECTION('',(-1.11022302462516E-16,-4.49024471295489E-49,-1.));
#9480=DIRECTION('',(-1.,0.,0.));
#9481=DIRECTION('',(-1.11022302462516E-16,-4.49024471295489E-49,-1.));
#9482=DIRECTION('',(1.,0.,-1.11022302462516E-16));
#9483=DIRECTION('',(1.11022302462516E-16,4.49024471295489E-49,1.));
#9484=DIRECTION('',(0.222824801502141,-4.37735325501343E-49,-0.974858506571866));
#9485=DIRECTION('',(-0.974858506571867,-1.00053788686021E-49,-0.222824801502141));
#9486=DIRECTION('',(-1.11022302462516E-16,-4.49024471295489E-49,-1.));
#9487=DIRECTION('',(1.,0.,0.));
#9488=DIRECTION('',(-0.974858506571867,-1.00053788686021E-49,-0.222824801502141));
#9489=DIRECTION('',(1.96448206191777E-48,1.,-2.27893625898235E-64));
#9490=DIRECTION('',(0.222824801502141,-4.37735325501343E-49,-0.974858506571867));
#9491=DIRECTION('',(0.974858506571867,0.,0.222824801502141));
#9492=DIRECTION('',(1.11022302462516E-16,4.49024471295489E-49,1.));
#9493=DIRECTION('',(-1.,9.97034613304779E-65,1.11022302462516E-16));
#9494=DIRECTION('',(0.,-1.00000000000003,0.));
#9495=DIRECTION('',(7.89491928621766E-17,1.,-8.76512116911605E-33));
#9496=DIRECTION('',(1.,-7.89491928621766E-17,-1.11022302462516E-16));
#9497=DIRECTION('',(1.11022302462516E-16,0.,1.));
#9498=DIRECTION('',(-1.,9.97034613304779E-65,1.11022302462516E-16));
#9499=DIRECTION('',(-1.,9.97034613304779E-65,1.11022302462516E-16));
#9500=DIRECTION('',(0.,-1.00000000000003,0.));
#9501=DIRECTION('',(-1.,9.97034613304779E-65,1.11022302462516E-16));
#9502=DIRECTION('',(0.,1.00000000000003,0.));
#9503=DIRECTION('',(-1.11022302462516E-16,-4.49024471295489E-49,-1.));
#9504=DIRECTION('',(7.89491928621766E-17,1.,-8.76512116911605E-33));
#9505=DIRECTION('',(-1.,7.89491928621766E-17,1.11022302462516E-16));
#9506=DIRECTION('',(-1.11022302462516E-16,0.,-1.));
#9507=DIRECTION('',(-1.,9.97034613304779E-65,1.11022302462516E-16));
#9508=DIRECTION('',(-4.9851730665239E-65,-1.,4.49024471295489E-49));
#9509=DIRECTION('',(-1.11022302462516E-16,0.,-1.));
#9510=DIRECTION('',(1.,-8.32667268468867E-17,-1.11022302462516E-16));
#9511=DIRECTION('',(-4.9851730665239E-65,-1.,4.49024471295489E-49));
#9512=DIRECTION('',(0.894427190999915,2.00809848275524E-49,0.44721359549996));
#9513=DIRECTION('',(0.44721359549996,-4.01619696551047E-49,-0.894427190999915));
#9514=DIRECTION('',(0.894427190999915,0.,0.44721359549996));
#9515=DIRECTION('',(-4.9851730665239E-65,-1.,4.49024471295489E-49));
#9516=DIRECTION('',(1.,0.,0.));
#9517=DIRECTION('',(-4.9851730665239E-65,-1.,4.49024471295489E-49));
#9518=DIRECTION('',(-4.9851730665239E-65,-1.,4.49024471295489E-49));
#9519=DIRECTION('',(-1.,0.,0.));
#9520=DIRECTION('',(-4.9851730665239E-65,-1.,4.49024471295489E-49));
#9521=DIRECTION('',(4.9851730665239E-65,1.,-4.49024471295489E-49));
#9522=DIRECTION('',(-1.11022302462516E-16,-4.49024471295489E-49,-1.));
#9523=DIRECTION('',(1.,-9.97034613304779E-65,-1.11022302462516E-16));
#9524=DIRECTION('',(1.11022302462516E-16,0.,1.));
#9525=DIRECTION('',(-4.9851730665239E-65,-1.,4.49024471295489E-49));
#9526=DIRECTION('',(-4.9851730665239E-65,-1.,4.49024471295489E-49));
#9527=DIRECTION('',(0.999999999999994,0.,0.));
#9528=DIRECTION('',(-4.9851730665239E-65,-1.,4.49024471295489E-49));
#9529=DIRECTION('',(-0.999999999999994,0.,0.));
#9530=DIRECTION('',(1.,-9.97034613304779E-65,-1.11022302462516E-16));
#9531=DIRECTION('',(-1.11022302462516E-16,-4.49024471295489E-49,-1.));
#9532=DIRECTION('',(1.,0.,-1.11022302462516E-16));
#9533=DIRECTION('',(-4.9851730665239E-65,-1.,4.49024471295489E-49));
#9534=DIRECTION('',(1.11022302462516E-16,4.49024471295489E-49,1.));
#9535=DIRECTION('',(1.,-1.25816272631317E-64,-1.11022302462516E-16));
#9536=DIRECTION('',(1.11022302462516E-16,0.,1.));
#9537=DIRECTION('',(4.9851730665239E-65,1.,-4.49024471295489E-49));
#9538=DIRECTION('',(1.,-9.97034613304779E-65,-1.11022302462516E-16));
#9539=DIRECTION('',(-1.11022302462516E-16,-4.49024471295489E-49,-1.));
#9540=DIRECTION('',(1.,0.,-1.11022302462516E-16));
#9541=DIRECTION('',(4.9851730665239E-65,1.,-4.49024471295489E-49));
#9542=DIRECTION('',(4.9851730665239E-65,1.,-4.49024471295489E-49));
#9543=DIRECTION('',(-1.,0.,0.));
#9544=DIRECTION('',(4.9851730665239E-65,1.,-4.49024471295489E-49));
#9545=DIRECTION('',(1.,0.,0.));
#9546=DIRECTION('',(-4.9851730665239E-65,-1.,4.49024471295489E-49));
#9547=DIRECTION('',(-0.919145030018057,-1.76879404777601E-49,-0.393919298579169));
#9548=DIRECTION('',(-0.393919298579169,4.12718611147735E-49,0.919145030018057));
#9549=DIRECTION('',(-0.919145030018057,0.,-0.393919298579169));
#9550=DIRECTION('',(4.9851730665239E-65,1.,-4.49024471295489E-49));
#9551=DIRECTION('',(1.,-9.97034613304779E-65,-1.11022302462516E-16));
#9552=DIRECTION('',(1.11022302462516E-16,4.49024471295489E-49,1.));
#9553=DIRECTION('',(-1.,0.,1.11022302462516E-16));
#9554=DIRECTION('',(-4.9851730665239E-65,-1.,4.49024471295489E-49));
#9555=DIRECTION('',(1.,0.,0.));
#9556=DIRECTION('',(-4.9851730665239E-65,-1.,4.49024471295489E-49));
#9557=DIRECTION('',(-1.,0.,0.));
#9558=DIRECTION('',(0.,1.,-1.80231010491097E-15));
#9559=DIRECTION('',(0.,0.,-0.999999999999999));
#9560=DIRECTION('',(0.,1.80231010491097E-15,1.));
#9561=DIRECTION('',(0.,-1.,1.80231010491097E-15));
#9562=DIRECTION('',(0.,-1.80411241501588E-15,-1.));
#9563=DIRECTION('',(-4.9851730665239E-65,-1.,4.49024471295489E-49));
#9564=DIRECTION('',(0.,4.49024471295489E-49,1.));
#9565=DIRECTION('',(-1.,0.,0.));
#9566=DIRECTION('',(0.,-1.,0.));
#9567=DIRECTION('',(4.9851730665239E-65,1.,-4.49024471295489E-49));
#9568=DIRECTION('',(-1.00000000000001,0.,0.));
#9569=DIRECTION('',(4.9851730665239E-65,1.,-4.49024471295489E-49));
#9570=DIRECTION('',(0.,0.,-1.));
#9571=DIRECTION('',(-4.9851730665239E-65,-1.,4.49024471295489E-49));
#9572=DIRECTION('',(1.,0.,-1.11022302462516E-16));
#9573=DIRECTION('',(4.9851730665239E-65,1.,-4.49024471295489E-49));
#9574=DIRECTION('',(1.00000000000001,0.,0.));
#9575=DIRECTION('',(0.915643512413589,0.261612432118169,0.305214504137864));
#9576=DIRECTION('',(3.53076982593813E-30,1.,-1.67202262744752E-15));
#9577=DIRECTION('',(-0.948683298050513,-2.39141905836557E-16,-0.31622776601684));
#9578=DIRECTION('',(-3.53076982593813E-30,-1.,1.67202262744752E-15));
#9579=DIRECTION('',(0.31622776601684,-1.586219940622E-15,-0.948683298050513));
#9580=DIRECTION('',(0.,-1.,1.67227343084164E-15));
#9581=DIRECTION('',(-1.,0.,0.));
#9582=DIRECTION('',(-0.961523947640823,-0.274721127897378,4.59339942082322E-16));
#9583=DIRECTION('',(0.,-1.,1.67202262744752E-15));
#9584=DIRECTION('',(0.,1.67202262744752E-15,1.));
#9585=DIRECTION('',(0.,-1.,1.67227343084164E-15));
#9586=DIRECTION('',(1.,0.,5.67830925032948E-16));
#9587=DIRECTION('',(0.,-1.,1.67202262744752E-15));
#9588=DIRECTION('',(0.961523947640823,0.274721127897378,8.66430905478992E-17));
#9589=DIRECTION('',(-1.,0.,0.));
#9590=DIRECTION('',(5.67830925032948E-16,-1.67202262744752E-15,-1.));
#9591=DIRECTION('',(0.,1.,-1.67227343084164E-15));
#9592=DIRECTION('',(2.11508946956607E-15,-7.55257790474773E-16,-1.));
#9593=DIRECTION('',(-2.17538795060652E-15,7.38029653034644E-16,1.));
#9594=DIRECTION('',(-2.11167586369817E-15,-6.50521303491303E-16,1.));
#9595=DIRECTION('',(-2.11167586369817E-15,-6.50521303491303E-16,1.));
#9596=DIRECTION('',(-0.274721127897378,0.961523947640823,-1.30725821686685E-15));
#9597=DIRECTION('',(2.1094237467878E-15,-7.49400541621981E-16,-1.));
#9598=DIRECTION('',(2.11167586369817E-15,-7.5623310643703E-16,-1.));
#9599=DIRECTION('',(-2.17538795060652E-15,9.15952821308007E-16,1.));
#9600=DIRECTION('',(2.11508946956607E-15,-7.56233106437029E-16,-1.));
#9601=DIRECTION('',(-4.29412544368679E-31,-1.,7.5623310643703E-16));
#9602=DIRECTION('',(0.,-7.49400541621981E-16,-1.));
#9603=DIRECTION('',(-1.,-3.53647745219044E-30,-2.11508946956607E-15));
#9604=DIRECTION('',(-2.1163626406917E-15,0.,1.));
#9605=DIRECTION('',(1.,3.63729787689079E-30,2.17538795060652E-15));
#9606=DIRECTION('',(2.17881268582687E-15,0.,-1.));
#9607=DIRECTION('',(0.,0.,-1.));
#9608=DIRECTION('',(-1.,0.,-2.11167586369817E-15));
#9609=DIRECTION('',(0.,0.,-1.));
#9610=DIRECTION('',(0.,-1.,0.));
#9611=DIRECTION('',(1.,0.,2.11167586369817E-15));
#9612=DIRECTION('',(1.73472347597681E-15,0.,-1.));
#9613=DIRECTION('',(0.,1.,-2.77555756156289E-15));
#9614=DIRECTION('',(1.,0.,2.11167586369817E-15));
#9615=DIRECTION('',(2.1094237467878E-15,0.,-1.));
#9616=DIRECTION('',(-1.,0.,0.));
#9617=DIRECTION('',(0.,1.,6.50521303491303E-16));
#9618=DIRECTION('',(0.,-6.52256026967279E-16,1.));
#9619=DIRECTION('',(0.915643512413589,-0.261612432118169,-0.305214504137864));
#9620=DIRECTION('',(3.53076982593813E-30,-1.,1.67202262744752E-15));
#9621=DIRECTION('',(-0.948683298050513,2.39141905836557E-16,0.31622776601684));
#9622=DIRECTION('',(-3.53076982593813E-30,1.,-1.67202262744752E-15));
#9623=DIRECTION('',(0.31622776601684,1.586219940622E-15,0.948683298050513));
#9624=DIRECTION('',(0.,1.,-1.67227343084164E-15));
#9625=DIRECTION('',(-1.,0.,0.));
#9626=DIRECTION('',(-0.961523947640823,0.274721127897378,-4.59339942082322E-16));
#9627=DIRECTION('',(0.,1.,-1.67202262744752E-15));
#9628=DIRECTION('',(0.,-1.67202262744752E-15,-1.));
#9629=DIRECTION('',(0.,1.,-1.67227343084164E-15));
#9630=DIRECTION('',(1.,0.,-5.67830925032948E-16));
#9631=DIRECTION('',(0.,1.,-1.67202262744752E-15));
#9632=DIRECTION('',(0.961523947640823,-0.274721127897378,-8.66430905478992E-17));
#9633=DIRECTION('',(-1.,0.,0.));
#9634=DIRECTION('',(5.67830925032948E-16,1.67202262744752E-15,1.));
#9635=DIRECTION('',(0.,-1.,1.67227343084164E-15));
#9636=DIRECTION('',(2.11508946956607E-15,7.55257790474773E-16,1.));
#9637=DIRECTION('',(-2.17538795060652E-15,-7.38029653034644E-16,-1.));
#9638=DIRECTION('',(-2.11167586369817E-15,6.50521303491303E-16,-1.));
#9639=DIRECTION('',(-2.11167586369817E-15,6.50521303491303E-16,-1.));
#9640=DIRECTION('',(-0.274721127897378,-0.961523947640823,1.30725821686685E-15));
#9641=DIRECTION('',(2.1094237467878E-15,7.49400541621981E-16,1.));
#9642=DIRECTION('',(2.11167586369817E-15,7.5623310643703E-16,1.));
#9643=DIRECTION('',(-2.17538795060652E-15,-9.15952821308007E-16,-1.));
#9644=DIRECTION('',(2.11508946956607E-15,7.56233106437029E-16,1.));
#9645=DIRECTION('',(-4.29412544368679E-31,1.,-7.5623310643703E-16));
#9646=DIRECTION('',(0.,7.49400541621981E-16,1.));
#9647=DIRECTION('',(-1.,3.53647745219044E-30,2.11508946956607E-15));
#9648=DIRECTION('',(-2.1163626406917E-15,0.,-1.));
#9649=DIRECTION('',(1.,-3.63729787689079E-30,-2.17538795060652E-15));
#9650=DIRECTION('',(2.17881268582687E-15,0.,1.));
#9651=DIRECTION('',(0.,0.,1.));
#9652=DIRECTION('',(-1.,0.,2.11167586369817E-15));
#9653=DIRECTION('',(0.,0.,-1.));
#9654=DIRECTION('',(-1.06752213906265E-15,1.,-2.66880534765663E-16));
#9655=DIRECTION('',(1.,0.,-2.11167586369817E-15));
#9656=DIRECTION('',(-1.73472347597681E-15,0.,-1.));
#9657=DIRECTION('',(5.55111512312578E-15,-1.,2.77555756156289E-15));
#9658=DIRECTION('',(1.,0.,-2.11167586369817E-15));
#9659=DIRECTION('',(2.1094237467878E-15,0.,1.));
#9660=DIRECTION('',(-1.,0.,0.));
#9661=DIRECTION('',(0.,-1.,-6.50521303491303E-16));
#9662=DIRECTION('',(0.,6.52256026967279E-16,-1.));
#9663=DIRECTION('',(-1.,-9.97034613304781E-65,-1.11022302462516E-16));
#9664=DIRECTION('',(1.,7.89491928621766E-17,1.11022302462516E-16));
#9665=DIRECTION('',(0.,0.,0.999999999999998));
#9666=DIRECTION('',(-1.,-9.97034613304781E-65,-1.11022302462516E-16));
#9667=DIRECTION('',(1.,7.89491928621766E-17,1.11022302462516E-16));
#9668=DIRECTION('',(0.,0.,-1.));
#9669=DIRECTION('',(1.,9.97034613304781E-65,1.11022302462516E-16));
#9670=DIRECTION('',(0.,0.,-1.));
#9671=DIRECTION('',(7.89491928621766E-17,-1.,8.76512116911605E-33));
#9672=DIRECTION('',(-1.,-7.89491928621766E-17,-1.11022302462516E-16));
#9673=DIRECTION('',(7.89491928621766E-17,-1.,8.76512116911605E-33));
#9674=DIRECTION('',(1.11022302462516E-16,0.,-1.));
#9675=DIRECTION('',(-1.,-8.32667268468867E-17,-1.11022302462516E-16));
#9676=DIRECTION('',(-1.,-9.97034613304781E-65,-1.11022302462516E-16));
#9677=DIRECTION('',(1.11022302462516E-16,-4.49024471295489E-49,-1.));
#9678=DIRECTION('',(-0.974858506571867,1.00053788686021E-49,0.222824801502141));
#9679=DIRECTION('',(1.11022302462516E-16,-4.49024471295489E-49,-1.));
#9680=DIRECTION('',(-1.11022302462516E-16,4.49024471295489E-49,1.));
#9681=DIRECTION('',(-1.,-9.97034613304781E-65,-1.11022302462516E-16));
#9682=DIRECTION('',(-0.894427190999915,2.00809848275524E-49,0.44721359549996));
#9683=DIRECTION('',(4.9851730665239E-65,-1.,4.49024471295489E-49));
#9684=DIRECTION('',(0.,0.,1.));
#9685=DIRECTION('',(1.,9.97034613304781E-65,1.11022302462516E-16));
#9686=DIRECTION('',(-4.9851730665239E-65,1.,-4.49024471295489E-49));
#9687=DIRECTION('',(0.999999999999994,0.,0.));
#9688=DIRECTION('',(-1.11022302462516E-16,4.49024471295489E-49,1.));
#9689=DIRECTION('',(4.9851730665239E-65,-1.,4.49024471295489E-49));
#9690=DIRECTION('',(-1.00000000000001,0.,0.));
#9691=DIRECTION('',(-4.9851730665239E-65,1.,-4.49024471295489E-49));
#9692=DIRECTION('',(1.,0.,0.));
#9693=DIRECTION('',(1.,9.97034613304779E-65,1.11022302462516E-16));
#9694=DIRECTION('',(-0.919145030018057,1.76879404777601E-49,0.393919298579169));
#9695=DIRECTION('',(4.9851730665239E-65,-1.,4.49024471295489E-49));
#9696=DIRECTION('',(-1.,0.,0.));
#9697=DIRECTION('',(1.,9.97034613304779E-65,1.11022302462516E-16));
#9698=DIRECTION('',(1.11022302462516E-16,-4.49024471295489E-49,-1.));
#9699=DIRECTION('',(4.9851730665239E-65,-1.,4.49024471295489E-49));
#9700=DIRECTION('',(0.,0.,0.999999999999994));
#9701=DIRECTION('',(1.,9.97034613304781E-65,1.11022302462516E-16));
#9702=DIRECTION('',(4.9851730665239E-65,-1.,4.49024471295489E-49));
#9703=DIRECTION('',(0.,0.,1.));
#9704=DIRECTION('',(-4.21119078306096E-17,-4.49024471295489E-49,-1.));
#9705=DIRECTION('',(4.9851730665239E-65,-1.,4.49024471295489E-49));
#9706=DIRECTION('',(0.,0.,1.));
#9707=DIRECTION('',(0.992277876713668,-5.56946311211954E-50,-0.124034734589208));
#9708=DIRECTION('',(-4.9851730665239E-65,1.,-4.49024471295489E-49));
#9709=DIRECTION('',(1.,0.,1.11022302462516E-16));
#9710=DIRECTION('',(-4.9851730665239E-65,1.,-4.49024471295489E-49));
#9711=DIRECTION('',(1.11022302462516E-16,-4.49024471295489E-49,-1.));
#9712=DIRECTION('',(4.9851730665239E-65,-1.,4.49024471295489E-49));
#9713=DIRECTION('',(1.11022302462516E-16,-4.49024471295489E-49,-1.));
#9714=DIRECTION('',(-1.,-9.97034613304779E-65,-1.11022302462516E-16));
#9715=DIRECTION('',(0.,1.,0.));
#9716=DIRECTION('',(-1.11022302462516E-16,4.49024471295489E-49,1.));
#9717=DIRECTION('',(1.,0.,0.));
#9718=DIRECTION('',(0.222824801502141,4.37735325501343E-49,0.974858506571867));
#9719=DIRECTION('',(-0.974858506571867,1.00053788686019E-49,0.222824801502141));
#9720=DIRECTION('',(-1.11022302462516E-16,4.49024471295489E-49,1.));
#9721=DIRECTION('',(1.,0.,0.));
#9722=DIRECTION('',(-1.,-9.97034613304779E-65,-1.11022302462516E-16));
#9723=DIRECTION('',(7.89491928621766E-17,-1.,8.76512116911605E-33));
#9724=DIRECTION('',(-1.,-7.89491928621766E-17,-1.11022302462516E-16));
#9725=DIRECTION('',(7.89491928621766E-17,-1.,8.76512116911605E-33));
#9726=DIRECTION('',(1.11022302462516E-16,0.,-1.));
#9727=DIRECTION('',(-1.,-8.32667268468867E-17,-1.11022302462516E-16));
#9728=DIRECTION('',(-1.11022302462516E-16,0.,1.));
#9729=DIRECTION('',(-1.,-7.89491928621766E-17,-1.11022302462516E-16));
#9730=DIRECTION('',(1.11022302462516E-16,0.,-1.));
#9731=DIRECTION('',(-7.89491928621766E-17,1.,-8.76512116911605E-33));
#9732=DIRECTION('',(1.,8.32667268468867E-17,1.11022302462516E-16));
#9733=DIRECTION('',(7.89491928621766E-17,-1.,8.76512116911605E-33));
#9734=DIRECTION('',(1.11022302462516E-16,0.,-1.));
#9735=DIRECTION('',(1.,7.89491928621766E-17,1.11022302462516E-16));
#9736=DIRECTION('',(1.11022302462516E-16,0.,-1.));
#9737=DIRECTION('',(-1.,-7.89491928621766E-17,-1.11022302462516E-16));
#9738=DIRECTION('',(-1.11022302462516E-16,0.,1.));
#9739=DIRECTION('',(-7.89491928621766E-17,1.,-8.76512116911605E-33));
#9740=DIRECTION('',(1.,8.32667268468867E-17,1.11022302462516E-16));
#9741=DIRECTION('',(7.89491928621766E-17,-1.,8.76512116911605E-33));
#9742=DIRECTION('',(-1.,-7.89491928621766E-17,-1.11022302462516E-16));
#9743=DIRECTION('',(-1.11022302462516E-16,0.,1.));
#9744=DIRECTION('',(0.,0.,1.));
#9745=DIRECTION('',(0.164398987305328,1.69754037324622E-17,-0.986393923832149));
#9746=DIRECTION('',(-1.03257349760524E-16,1.,0.));
#9747=DIRECTION('',(1.00000000000003,0.,0.));
#9748=DIRECTION('',(-1.03257349760524E-16,1.,0.));
#9749=DIRECTION('',(1.,9.71445146547012E-17,0.));
#9750=DIRECTION('',(7.59645419660784E-65,-1.,4.49024471295489E-49));
#9751=DIRECTION('',(0.164398987305361,-4.42915010137811E-49,-0.986393923832143));
#9752=DIRECTION('',(-4.9851730665239E-65,1.,-4.49024471295489E-49));
#9753=DIRECTION('',(0.986393923832143,7.38191683563037E-50,0.164398987305361));
#9754=DIRECTION('',(0.164398987305361,0.,-0.986393923832143));
#9755=DIRECTION('',(4.9851730665239E-65,-1.,4.49024471295489E-49));
#9756=DIRECTION('',(-4.9851730665239E-65,1.,-4.49024471295489E-49));
#9757=DIRECTION('',(1.00000000000003,0.,0.));
#9758=DIRECTION('',(-4.9851730665239E-65,1.,-4.49024471295489E-49));
#9759=DIRECTION('',(-4.9851730665239E-65,1.,-4.49024471295489E-49));
#9760=DIRECTION('',(-1.00000000000003,0.,0.));
#9761=DIRECTION('',(4.9851730665239E-65,-1.,4.49024471295489E-49));
#9762=DIRECTION('',(-1.,-9.97034613304779E-65,-1.11022302462516E-16));
#9763=DIRECTION('',(1.11022302462516E-16,-4.49024471295489E-49,-1.));
#9764=DIRECTION('',(-1.,0.,-1.11022302462516E-16));
#9765=DIRECTION('',(4.9851730665239E-65,-1.,4.49024471295489E-49));
#9766=DIRECTION('',(4.9851730665239E-65,-1.,4.49024471295489E-49));
#9767=DIRECTION('',(-0.999999999999994,0.,0.));
#9768=DIRECTION('',(4.9851730665239E-65,-1.,4.49024471295489E-49));
#9769=DIRECTION('',(0.999999999999994,0.,0.));
#9770=DIRECTION('',(-4.9851730665239E-65,1.,-4.49024471295489E-49));
#9771=DIRECTION('',(4.21119078306096E-17,4.49024471295489E-49,1.));
#9772=DIRECTION('',(-1.,-3.09424535163551E-65,4.21119078306096E-17));
#9773=DIRECTION('',(4.16333634234434E-17,0.,1.));
#9774=DIRECTION('',(4.9851730665239E-65,-1.,4.49024471295489E-49));
#9775=DIRECTION('',(-1.,0.,0.));
#9776=DIRECTION('',(-4.9851730665239E-65,1.,-4.49024471295489E-49));
#9777=DIRECTION('',(4.9851730665239E-65,-1.,4.49024471295489E-49));
#9778=DIRECTION('',(1.,0.,0.));
#9779=DIRECTION('',(-4.9851730665239E-65,1.,-4.49024471295489E-49));
#9780=DIRECTION('',(-0.992277876713668,5.56946311211956E-50,0.124034734589208));
#9781=DIRECTION('',(0.124034734589208,4.45557048969565E-49,0.992277876713668));
#9782=DIRECTION('',(0.992277876713668,0.,-0.124034734589208));
#9783=DIRECTION('',(-1.,-9.97034613304779E-65,-1.11022302462516E-16));
#9784=DIRECTION('',(-1.11022302462516E-16,4.49024471295489E-49,1.));
#9785=DIRECTION('',(-1.,0.,0.));
#9786=DIRECTION('',(-1.11022302462516E-16,4.49024471295489E-49,1.));
#9787=DIRECTION('',(1.,0.,1.11022302462516E-16));
#9788=DIRECTION('',(1.11022302462516E-16,-4.49024471295489E-49,-1.));
#9789=DIRECTION('',(0.222824801502141,4.37735325501343E-49,0.974858506571866));
#9790=DIRECTION('',(-0.974858506571867,1.00053788686021E-49,0.222824801502141));
#9791=DIRECTION('',(-1.11022302462516E-16,4.49024471295489E-49,1.));
#9792=DIRECTION('',(1.,0.,0.));
#9793=DIRECTION('',(-0.974858506571867,1.00053788686021E-49,0.222824801502141));
#9794=DIRECTION('',(1.96448206191777E-48,-1.,2.27893625898235E-64));
#9795=DIRECTION('',(0.222824801502141,4.37735325501343E-49,0.974858506571867));
#9796=DIRECTION('',(0.974858506571867,0.,-0.222824801502141));
#9797=DIRECTION('',(1.11022302462516E-16,-4.49024471295489E-49,-1.));
#9798=DIRECTION('',(-1.,-9.97034613304779E-65,-1.11022302462516E-16));
#9799=DIRECTION('',(0.,1.00000000000003,0.));
#9800=DIRECTION('',(7.89491928621766E-17,-1.,8.76512116911605E-33));
#9801=DIRECTION('',(1.,7.89491928621766E-17,1.11022302462516E-16));
#9802=DIRECTION('',(1.11022302462516E-16,0.,-1.));
#9803=DIRECTION('',(-1.,-9.97034613304779E-65,-1.11022302462516E-16));
#9804=DIRECTION('',(-1.,-9.97034613304779E-65,-1.11022302462516E-16));
#9805=DIRECTION('',(0.,1.00000000000003,0.));
#9806=DIRECTION('',(-1.,-9.97034613304779E-65,-1.11022302462516E-16));
#9807=DIRECTION('',(0.,-1.00000000000003,0.));
#9808=DIRECTION('',(-1.11022302462516E-16,4.49024471295489E-49,1.));
#9809=DIRECTION('',(7.89491928621766E-17,-1.,8.76512116911605E-33));
#9810=DIRECTION('',(-1.,-7.89491928621766E-17,-1.11022302462516E-16));
#9811=DIRECTION('',(-1.11022302462516E-16,0.,1.));
#9812=DIRECTION('',(-1.,-9.97034613304779E-65,-1.11022302462516E-16));
#9813=DIRECTION('',(-4.9851730665239E-65,1.,-4.49024471295489E-49));
#9814=DIRECTION('',(-1.11022302462516E-16,0.,1.));
#9815=DIRECTION('',(1.,8.32667268468867E-17,1.11022302462516E-16));
#9816=DIRECTION('',(-4.9851730665239E-65,1.,-4.49024471295489E-49));
#9817=DIRECTION('',(0.894427190999915,-2.00809848275524E-49,-0.44721359549996));
#9818=DIRECTION('',(0.44721359549996,4.01619696551047E-49,0.894427190999915));
#9819=DIRECTION('',(0.894427190999915,0.,-0.44721359549996));
#9820=DIRECTION('',(-4.9851730665239E-65,1.,-4.49024471295489E-49));
#9821=DIRECTION('',(1.,0.,1.44560289664734E-16));
#9822=DIRECTION('',(-4.9851730665239E-65,1.,-4.49024471295489E-49));
#9823=DIRECTION('',(-4.9851730665239E-65,1.,-4.49024471295489E-49));
#9824=DIRECTION('',(-1.,0.,-1.44560289664734E-16));
#9825=DIRECTION('',(-4.9851730665239E-65,1.,-4.49024471295489E-49));
#9826=DIRECTION('',(4.9851730665239E-65,-1.,4.49024471295489E-49));
#9827=DIRECTION('',(-1.11022302462516E-16,4.49024471295489E-49,1.));
#9828=DIRECTION('',(1.,9.97034613304779E-65,1.11022302462516E-16));
#9829=DIRECTION('',(1.11022302462516E-16,0.,-1.));
#9830=DIRECTION('',(-4.9851730665239E-65,1.,-4.49024471295489E-49));
#9831=DIRECTION('',(-4.9851730665239E-65,1.,-4.49024471295489E-49));
#9832=DIRECTION('',(0.999999999999994,0.,0.));
#9833=DIRECTION('',(-4.9851730665239E-65,1.,-4.49024471295489E-49));
#9834=DIRECTION('',(-0.999999999999994,0.,0.));
#9835=DIRECTION('',(1.,9.97034613304779E-65,1.11022302462516E-16));
#9836=DIRECTION('',(-1.11022302462516E-16,4.49024471295489E-49,1.));
#9837=DIRECTION('',(1.,0.,1.11022302462516E-16));
#9838=DIRECTION('',(-4.9851730665239E-65,1.,-4.49024471295489E-49));
#9839=DIRECTION('',(1.11022302462516E-16,-4.49024471295489E-49,-1.));
#9840=DIRECTION('',(1.,1.25816272631317E-64,1.11022302462516E-16));
#9841=DIRECTION('',(1.11022302462516E-16,0.,-1.));
#9842=DIRECTION('',(4.9851730665239E-65,-1.,4.49024471295489E-49));
#9843=DIRECTION('',(1.,9.97034613304779E-65,1.11022302462516E-16));
#9844=DIRECTION('',(-1.11022302462516E-16,4.49024471295489E-49,1.));
#9845=DIRECTION('',(1.,0.,1.11022302462516E-16));
#9846=DIRECTION('',(4.9851730665239E-65,-1.,4.49024471295489E-49));
#9847=DIRECTION('',(4.9851730665239E-65,-1.,4.49024471295489E-49));
#9848=DIRECTION('',(-1.,0.,0.));
#9849=DIRECTION('',(4.9851730665239E-65,-1.,4.49024471295489E-49));
#9850=DIRECTION('',(1.,0.,0.));
#9851=DIRECTION('',(-4.9851730665239E-65,1.,-4.49024471295489E-49));
#9852=DIRECTION('',(-0.919145030018057,1.76879404777601E-49,0.393919298579169));
#9853=DIRECTION('',(-0.393919298579169,-4.12718611147735E-49,-0.919145030018057));
#9854=DIRECTION('',(-0.919145030018057,0.,0.393919298579169));
#9855=DIRECTION('',(4.9851730665239E-65,-1.,4.49024471295489E-49));
#9856=DIRECTION('',(1.,9.97034613304779E-65,1.11022302462516E-16));
#9857=DIRECTION('',(1.11022302462516E-16,-4.49024471295489E-49,-1.));
#9858=DIRECTION('',(-1.,0.,-1.11022302462516E-16));
#9859=DIRECTION('',(-4.9851730665239E-65,1.,-4.49024471295489E-49));
#9860=DIRECTION('',(1.,0.,0.));
#9861=DIRECTION('',(-4.9851730665239E-65,1.,-4.49024471295489E-49));
#9862=DIRECTION('',(-1.,0.,0.));
#9863=DIRECTION('',(0.,-1.,1.80231010491097E-15));
#9864=DIRECTION('',(0.,0.,0.999999999999999));
#9865=DIRECTION('',(0.,-1.80231010491097E-15,-1.));
#9866=DIRECTION('',(0.,1.,-1.80231010491097E-15));
#9867=DIRECTION('',(0.,1.80411241501588E-15,1.));
#9868=DIRECTION('',(-4.9851730665239E-65,1.,-4.49024471295489E-49));
#9869=DIRECTION('',(0.,-4.49024471295489E-49,-1.));
#9870=DIRECTION('',(-1.,0.,0.));
#9871=DIRECTION('',(0.,1.,0.));
#9872=DIRECTION('',(4.9851730665239E-65,-1.,4.49024471295489E-49));
#9873=DIRECTION('',(-1.00000000000001,0.,0.));
#9874=DIRECTION('',(4.9851730665239E-65,-1.,4.49024471295489E-49));
#9875=DIRECTION('',(0.,0.,1.));
#9876=DIRECTION('',(-4.9851730665239E-65,1.,-4.49024471295489E-49));
#9877=DIRECTION('',(1.,0.,1.11022302462516E-16));
#9878=DIRECTION('',(4.9851730665239E-65,-1.,4.49024471295489E-49));
#9879=DIRECTION('',(1.00000000000001,0.,0.));
#9880=DIRECTION('',(0.961523947640823,0.274721127897378,-4.59339942082322E-16));
#9881=DIRECTION('',(-3.53076982593813E-30,-1.,1.67202262744752E-15));
#9882=DIRECTION('',(1.,-4.29412544368679E-31,7.17987490694245E-46));
#9883=DIRECTION('',(0.,-1.,1.67202262744752E-15));
#9884=DIRECTION('',(0.,-1.67202262744752E-15,-1.));
#9885=DIRECTION('',(0.,1.,-1.67227343084164E-15));
#9886=DIRECTION('',(-0.91564351241359,-0.261612432118168,0.305214504137862));
#9887=DIRECTION('',(3.53076982593813E-30,1.,-1.67202262744752E-15));
#9888=DIRECTION('',(0.948683298050514,-2.39141905836555E-16,-0.316227766016836));
#9889=DIRECTION('',(0.316227766016836,1.586219940622E-15,0.948683298050514));
#9890=DIRECTION('',(0.,-1.,1.67227343084164E-15));
#9891=DIRECTION('',(-1.,9.66178224829527E-31,7.09788656291185E-16));
#9892=DIRECTION('',(0.,-1.,1.67202262744752E-15));
#9893=DIRECTION('',(1.,0.,0.));
#9894=DIRECTION('',(-0.961523947640823,-0.274721127897378,1.1418187328701E-15));
#9895=DIRECTION('',(0.,-1.,1.67202262744752E-15));
#9896=DIRECTION('',(7.09788656291185E-16,1.67202262744752E-15,1.));
#9897=DIRECTION('',(0.,-1.,1.67227343084164E-15));
#9898=DIRECTION('',(7.5623310643703E-16,0.,1.));
#9899=DIRECTION('',(1.63925467217256E-30,1.,4.95635278850516E-16));
#9900=DIRECTION('',(0.,1.,0.));
#9901=DIRECTION('',(0.,0.,1.));
#9902=DIRECTION('',(1.,1.26443886558765E-30,7.5623310643703E-16));
#9903=DIRECTION('',(0.,0.,-0.999999999999999));
#9904=DIRECTION('',(0.,-1.,1.33440267382831E-16));
#9905=DIRECTION('',(7.5623310643703E-16,6.50521303491303E-16,-1.));
#9906=DIRECTION('',(-7.5623310643703E-16,7.5623310643703E-16,1.));
#9907=DIRECTION('',(1.,1.26443886558765E-30,7.5623310643703E-16));
#9908=DIRECTION('',(7.56339435525888E-16,0.,-1.));
#9909=DIRECTION('',(2.11508946956607E-15,-7.55257790474773E-16,-1.));
#9910=DIRECTION('',(-2.11167586369817E-15,-6.50521303491303E-16,1.));
#9911=DIRECTION('',(-2.11167586369817E-15,-6.50521303491303E-16,1.));
#9912=DIRECTION('',(-2.17538795060652E-15,7.38029653034644E-16,1.));
#9913=DIRECTION('',(-0.274721127897378,0.961523947640823,-1.30725821686685E-15));
#9914=DIRECTION('',(2.1094237467878E-15,-7.49400541621981E-16,-1.));
#9915=DIRECTION('',(1.,0.,0.));
#9916=DIRECTION('',(0.,1.,6.50521303491303E-16));
#9917=DIRECTION('',(0.,-6.52256026967279E-16,1.));
#9918=DIRECTION('',(0.,1.,-1.33440267382831E-16));
#9919=DIRECTION('',(-1.,0.,-2.11167586369817E-15));
#9920=DIRECTION('',(0.,0.,-0.999999999999999));
#9921=DIRECTION('',(0.,0.,-1.));
#9922=DIRECTION('',(0.,-1.,0.));
#9923=DIRECTION('',(1.,0.,2.11167586369817E-15));
#9924=DIRECTION('',(1.73472347597681E-15,0.,-1.));
#9925=DIRECTION('',(2.11167586369817E-15,-7.5623310643703E-16,-1.));
#9926=DIRECTION('',(1.,0.,2.11167586369817E-15));
#9927=DIRECTION('',(2.1094237467878E-15,0.,-1.));
#9928=DIRECTION('',(2.11508946956607E-15,-7.5623310643703E-16,-1.));
#9929=DIRECTION('',(-1.,-3.53647745219044E-30,-2.11508946956607E-15));
#9930=DIRECTION('',(-2.1163626406917E-15,0.,1.));
#9931=DIRECTION('',(-2.17538795060652E-15,7.5623310643703E-16,1.));
#9932=DIRECTION('',(1.,3.63729787689079E-30,2.17538795060652E-15));
#9933=DIRECTION('',(2.17881268582687E-15,0.,-1.));
#9934=DIRECTION('',(-4.29412544368679E-31,-1.,7.5623310643703E-16));
#9935=DIRECTION('',(0.,-7.49400541621981E-16,-1.));
#9936=DIRECTION('',(1.,0.,0.));
#9937=DIRECTION('',(-1.,0.,0.));
#9938=DIRECTION('',(0.,-1.,8.16340459283204E-16));
#9939=DIRECTION('',(0.,-8.18789480661053E-16,-1.));
#9940=DIRECTION('',(0.,-2.77555756156289E-15,1.));
#9941=DIRECTION('',(0.,-1.,-2.77555756156289E-15));
#9942=DIRECTION('',(-1.,0.,0.));
#9943=DIRECTION('',(0.,0.,-1.));
#9944=DIRECTION('',(-1.,0.,0.));
#9945=DIRECTION('',(-1.,0.,0.));
#9946=DIRECTION('',(-1.,0.,0.));
#9947=DIRECTION('',(0.,-1.,0.));
#9948=DIRECTION('',(0.,0.,-1.));
#9949=DIRECTION('',(-1.,0.,0.));
#9950=DIRECTION('',(0.,1.,-2.66880534765663E-16));
#9951=DIRECTION('',(-1.,0.,0.));
#9952=DIRECTION('',(1.,0.,0.));
#9953=DIRECTION('',(0.,2.66880534765663E-16,1.));
#9954=DIRECTION('',(0.,-1.,2.67147415300428E-16));
#9955=DIRECTION('',(0.,-2.77555756156289E-15,-1.));
#9956=DIRECTION('',(0.,1.,-2.77555756156289E-15));
#9957=DIRECTION('',(-1.,0.,0.));
#9958=DIRECTION('',(0.,2.77555756156289E-15,1.));
#9959=DIRECTION('',(0.,-1.,2.77555756156289E-15));
#9960=DIRECTION('',(-1.,0.,0.));
#9961=DIRECTION('',(0.,1.,0.));
#9962=DIRECTION('',(0.,0.,1.));
#9963=DIRECTION('',(-1.,0.,0.));
#9964=DIRECTION('',(0.,-1.,0.));
#9965=DIRECTION('',(-1.,0.,0.));
#9966=DIRECTION('',(1.,0.,0.));
#9967=DIRECTION('',(0.,0.,-1.));
#9968=DIRECTION('',(-1.,0.,0.));
#9969=DIRECTION('',(-1.,0.,0.));
#9970=DIRECTION('',(0.,1.33440267382831E-16,1.));
#9971=DIRECTION('',(0.,-1.,1.33573707650214E-16));
#9972=DIRECTION('',(1.,0.,0.));
#9973=DIRECTION('',(-1.,0.,0.));
#9974=DIRECTION('',(0.,1.,0.));
#9975=DIRECTION('',(0.,0.,1.));
#9976=DIRECTION('',(0.,0.,-1.));
#9977=DIRECTION('',(-1.,0.,0.));
#9978=DIRECTION('',(-1.,0.,0.));
#9979=DIRECTION('',(0.,0.,1.));
#9980=DIRECTION('',(-1.,0.,0.));
#9981=DIRECTION('',(0.,0.,1.));
#9982=DIRECTION('',(-1.,0.,0.));
#9983=DIRECTION('',(0.,0.,1.));
#9984=DIRECTION('',(-1.,0.,0.));
#9985=DIRECTION('',(0.,0.,0.999999999999999));
#9986=DIRECTION('',(1.,0.,0.));
#9987=DIRECTION('',(0.,0.,-1.));
#9988=DIRECTION('',(-1.,0.,0.));
#9989=DIRECTION('',(0.,0.,1.));
#9990=DIRECTION('',(1.,0.,0.));
#9991=DIRECTION('',(0.,0.,-1.));
#9992=DIRECTION('',(-1.,0.,0.));
#9993=DIRECTION('',(0.,0.,1.));
#9994=DIRECTION('',(-1.,0.,0.));
#9995=DIRECTION('',(0.,0.,-1.));
#9996=DIRECTION('',(-1.,0.,0.));
#9997=DIRECTION('',(0.,0.,1.));
#9998=DIRECTION('',(1.,0.,0.));
#9999=DIRECTION('',(0.,0.,-1.));
#10000=DIRECTION('',(-1.,0.,0.));
#10001=DIRECTION('',(0.,0.,1.));
#10002=DIRECTION('',(1.,0.,0.));
#10003=DIRECTION('',(0.,0.,-1.));
#10004=DIRECTION('',(-1.,0.,0.));
#10005=DIRECTION('',(0.,0.,1.));
#10006=DIRECTION('',(1.,0.,0.));
#10007=DIRECTION('',(0.,0.,-1.));
#10008=DIRECTION('',(-1.,0.,0.));
#10009=DIRECTION('',(0.,0.,1.));
#10010=DIRECTION('',(1.,0.,0.));
#10011=DIRECTION('',(0.,0.,-1.));
#10012=DIRECTION('',(-1.,0.,0.));
#10013=DIRECTION('',(0.,0.,1.));
#10014=DIRECTION('',(1.,0.,0.));
#10015=DIRECTION('',(0.,0.,-1.));
#10016=DIRECTION('',(-1.,0.,0.));
#10017=DIRECTION('',(0.,0.,1.));
#10018=DIRECTION('',(1.,0.,0.));
#10019=DIRECTION('',(0.,0.,-1.));
#10020=DIRECTION('',(1.,0.,0.));
#10021=DIRECTION('',(0.,0.,-1.));
#10022=DIRECTION('',(1.,0.,0.));
#10023=DIRECTION('',(0.,0.,-1.));
#10024=DIRECTION('',(-1.,0.,0.));
#10025=DIRECTION('',(0.,0.,1.));
#10026=DIRECTION('',(1.,0.,0.));
#10027=DIRECTION('',(0.,0.,-1.));
#10028=DIRECTION('',(-1.,0.,0.));
#10029=DIRECTION('',(0.,0.,1.));
#10030=DIRECTION('',(2.24237410495852E-15,-0.763066202090594,-0.646320331745054));
#10031=DIRECTION('',(0.,0.646320331745054,-0.763066202090594));
#10032=DIRECTION('',(1.,0.,0.));
#10033=DIRECTION('',(0.,0.,-1.));
#10034=DIRECTION('',(0.,0.763066202090594,-0.646320331745054));
#10035=DIRECTION('',(0.,0.646320331745054,0.763066202090594));
#10036=DIRECTION('',(1.,0.,0.));
#10037=DIRECTION('',(0.,0.,-1.));
#10038=DIRECTION('',(1.,0.,0.));
#10039=DIRECTION('',(0.,0.,-0.999999999999999));
#10040=DIRECTION('',(1.,0.,0.));
#10041=DIRECTION('',(0.,0.,-1.));
#10042=DIRECTION('',(-2.64741770898216E-15,0.646320331745011,-0.763066202090631));
#10043=DIRECTION('',(0.,0.763066202090629,0.64632033174501));
#10044=DIRECTION('',(1.,0.,0.));
#10045=DIRECTION('',(0.,0.,-1.));
#10046=DIRECTION('',(0.,0.646320331745029,0.763066202090616));
#10047=DIRECTION('',(0.,-0.763066202090615,0.646320331745028));
#10048=DIRECTION('',(1.,0.,0.));
#10049=DIRECTION('',(0.,0.,-1.));
#10050=DIRECTION('',(1.,0.,0.));
#10051=DIRECTION('',(0.,0.,-1.));
#10052=DIRECTION('',(-2.64741770898216E-15,0.646320331745011,-0.763066202090631));
#10053=DIRECTION('',(0.,0.763066202090629,0.64632033174501));
#10054=DIRECTION('',(1.,0.,0.));
#10055=DIRECTION('',(0.,0.,-1.));
#10056=DIRECTION('',(0.,0.646320331745029,0.763066202090616));
#10057=DIRECTION('',(0.,-0.763066202090615,0.646320331745028));
#10058=DIRECTION('',(1.,0.,0.));
#10059=DIRECTION('',(0.,0.,-1.));
#10060=DIRECTION('',(1.,0.,0.));
#10061=DIRECTION('',(0.,0.,-1.));
#10062=DIRECTION('',(-2.64741770898216E-15,0.646320331745011,-0.763066202090631));
#10063=DIRECTION('',(0.,0.763066202090629,0.64632033174501));
#10064=DIRECTION('',(1.,0.,0.));
#10065=DIRECTION('',(0.,0.,-1.));
#10066=DIRECTION('',(0.,0.646320331745029,0.763066202090616));
#10067=DIRECTION('',(0.,-0.763066202090615,0.646320331745028));
#10068=DIRECTION('',(1.,0.,0.));
#10069=DIRECTION('',(0.,0.,-1.));
#10070=DIRECTION('',(1.,0.,0.));
#10071=DIRECTION('',(0.,0.,-1.));
#10072=DIRECTION('',(1.,0.,0.));
#10073=DIRECTION('',(0.,0.,-1.));
#10074=DIRECTION('',(2.24237410495852E-15,0.763066202090594,0.646320331745054));
#10075=DIRECTION('',(0.,-0.646320331745054,0.763066202090594));
#10076=DIRECTION('',(1.,0.,0.));
#10077=DIRECTION('',(0.,0.,-1.));
#10078=DIRECTION('',(-2.24237410495848E-15,-0.763066202090605,0.646320331745041));
#10079=DIRECTION('',(0.,-0.64632033174504,-0.763066202090604));
#10080=DIRECTION('',(1.,0.,0.));
#10081=DIRECTION('',(0.,0.,-1.));
#10082=DIRECTION('',(1.,0.,0.));
#10083=DIRECTION('',(0.,0.,-1.));
#10084=DIRECTION('',(3.67466100186943E-15,-0.646320331745024,0.76306620209062));
#10085=DIRECTION('',(0.,-0.763066202090615,-0.646320331745026));
#10086=DIRECTION('',(1.,0.,0.));
#10087=DIRECTION('',(0.,0.,-1.));
#10088=DIRECTION('',(-1.42643318377979E-14,-0.646320331745028,-0.763066202090616));
#10089=DIRECTION('',(0.,0.763066202090615,-0.646320331745026));
#10090=DIRECTION('',(1.,0.,0.));
#10091=DIRECTION('',(0.,0.,-1.));
#10092=DIRECTION('',(1.,0.,0.));
#10093=DIRECTION('',(0.,0.,-1.));
#10094=DIRECTION('',(1.,0.,0.));
#10095=DIRECTION('',(0.,0.,-1.));
#10096=DIRECTION('',(0.,0.646320331745028,0.763066202090616));
#10097=DIRECTION('',(0.,-0.763066202090615,0.646320331745026));
#10098=DIRECTION('',(1.,0.,0.));
#10099=DIRECTION('',(0.,0.,-1.));
#10100=DIRECTION('',(0.,0.646320331745017,-0.763066202090626));
#10101=DIRECTION('',(0.,0.763066202090629,0.646320331745019));
#10102=DIRECTION('',(1.,0.,0.));
#10103=DIRECTION('',(0.,0.,-1.));
#10104=DIRECTION('',(1.,0.,0.));
#10105=DIRECTION('',(0.,0.,-1.));
#10106=DIRECTION('',(5.29483541796421E-15,-0.646320331745028,0.763066202090616));
#10107=DIRECTION('',(0.,-0.763066202090615,-0.646320331745026));
#10108=DIRECTION('',(1.,0.,0.));
#10109=DIRECTION('',(0.,0.,-0.999999999999999));
#10110=DIRECTION('',(1.42643318377979E-14,-0.646320331745017,-0.763066202090626));
#10111=DIRECTION('',(0.,0.763066202090629,-0.646320331745019));
#10112=DIRECTION('',(1.,0.,0.));
#10113=DIRECTION('',(0.,0.,-1.));
#10114=DIRECTION('',(1.,0.,0.));
#10115=DIRECTION('',(0.,0.,-0.999999999999999));
#10116=DIRECTION('',(1.,0.,0.));
#10117=DIRECTION('',(0.,0.,-0.999999999999999));
#10118=DIRECTION('',(0.,0.,1.));
#10119=DIRECTION('',(0.,-1.,0.));
#10120=DIRECTION('',(0.,0.,-1.));
#10121=DIRECTION('',(0.,0.,-1.));
#10122=DIRECTION('',(0.,1.,0.));
#10123=DIRECTION('',(0.,0.,1.));
#10124=DIRECTION('',(0.,0.,1.));
#10125=DIRECTION('',(0.,-1.,0.));
#10126=DIRECTION('',(0.,0.,-1.));
#10127=DIRECTION('',(0.,0.,-1.));
#10128=DIRECTION('',(2.77555756156289E-15,1.,0.));
#10129=DIRECTION('',(-1.,2.77555756156289E-15,0.));
#10130=DIRECTION('',(0.,0.,1.));
#10131=DIRECTION('',(0.,-1.,0.));
#10132=DIRECTION('',(0.,0.,-1.));
#10133=DIRECTION('',(0.,0.,-1.));
#10134=DIRECTION('',(0.,1.,0.));
#10135=DIRECTION('',(0.,0.,1.));
#10136=DIRECTION('',(0.,0.,-1.));
#10137=DIRECTION('',(0.,-1.,0.));
#10138=DIRECTION('',(0.,0.,-1.));
#10139=DIRECTION('',(0.,0.,1.));
#10140=DIRECTION('',(-1.,-7.2280144832367E-16,0.));
#10141=DIRECTION('',(0.,1.,0.));
#10142=DIRECTION('',(-7.2280144832367E-16,1.,0.));
#10143=DIRECTION('',(-1.,-7.2280144832367E-16,0.));
#10144=DIRECTION('',(0.,1.,0.));
#10145=DIRECTION('',(0.,0.,-1.));
#10146=DIRECTION('',(0.,0.,1.));
#10147=DIRECTION('',(0.,0.,-1.));
#10148=DIRECTION('',(0.,0.,1.));
#10149=DIRECTION('',(0.,0.,-1.));
#10150=DIRECTION('',(0.,0.,1.));
#10151=DIRECTION('',(0.,0.,-1.));
#10152=DIRECTION('',(1.,7.2280144832367E-16,0.));
#10153=DIRECTION('',(-7.21644966006352E-16,1.,0.));
#10154=DIRECTION('',(0.,0.,1.));
#10155=DIRECTION('',(0.,1.,0.));
#10156=DIRECTION('',(0.,0.,1.));
#10157=DIRECTION('',(0.,0.,1.));
#10158=DIRECTION('',(0.,-1.,0.));
#10159=DIRECTION('',(0.,0.,-1.));
#10160=DIRECTION('',(0.,0.,-1.));
#10161=DIRECTION('',(0.,0.,1.));
#10162=DIRECTION('',(-1.,-3.61400724161835E-16,0.));
#10163=DIRECTION('',(3.60822483003176E-16,-1.,0.));
#10164=DIRECTION('',(0.,0.,-1.));
#10165=DIRECTION('',(0.,1.,0.));
#10166=DIRECTION('',(0.,0.,1.));
#10167=DIRECTION('',(0.,0.,1.));
#10168=DIRECTION('',(0.,-1.,0.));
#10169=DIRECTION('',(0.,0.,-1.));
#10170=DIRECTION('',(0.,0.,-1.));
#10171=DIRECTION('',(0.,0.,1.));
#10172=DIRECTION('',(-1.,0.,0.));
#10173=DIRECTION('',(0.,0.,1.));
#10174=DIRECTION('',(0.,0.,-1.));
#10175=DIRECTION('',(2.77555756156289E-15,1.,0.));
#10176=DIRECTION('',(-1.,2.77555756156289E-15,0.));
#10177=DIRECTION('',(0.,0.,1.));
#10178=DIRECTION('',(0.,-1.,0.));
#10179=DIRECTION('',(0.,0.,-1.));
#10180=DIRECTION('',(0.,0.,-1.));
#10181=DIRECTION('',(0.,0.,1.));
#10182=DIRECTION('',(-1.,-3.61400724161835E-16,0.));
#10183=DIRECTION('',(3.60822483003176E-16,-1.,0.));
#10184=DIRECTION('',(0.,0.,-1.));
#10185=DIRECTION('',(0.,1.,0.));
#10186=DIRECTION('',(0.,0.,1.));
#10187=DIRECTION('',(0.,0.,1.));
#10188=DIRECTION('',(0.,-1.,0.));
#10189=DIRECTION('',(0.,0.,-1.));
#10190=DIRECTION('',(0.,0.,-1.));
#10191=DIRECTION('',(0.,0.,1.));
#10192=DIRECTION('',(-1.,0.,0.));
#10193=DIRECTION('',(0.,0.,1.));
#10194=DIRECTION('',(0.,0.,-1.));
#10195=DIRECTION('',(0.,1.,0.));
#10196=DIRECTION('',(0.,0.,1.));
#10197=DIRECTION('',(0.,0.,1.));
#10198=DIRECTION('',(1.,0.,0.));
#10199=DIRECTION('',(0.,0.,1.));
#10200=DIRECTION('',(1.,0.,0.));
#10201=DIRECTION('',(0.,0.,1.));
#10202=DIRECTION('',(1.,0.,0.));
#10203=DIRECTION('',(0.,0.,1.));
#10204=DIRECTION('',(1.,0.,0.));
#10205=DIRECTION('',(0.,0.,1.));
#10206=DIRECTION('',(1.,0.,0.));
#10207=DIRECTION('',(0.,0.,1.));
#10208=DIRECTION('',(1.,0.,0.));
#10209=DIRECTION('',(0.,0.,1.));
#10210=DIRECTION('',(1.,0.,0.));
#10211=DIRECTION('',(0.,0.,1.));
#10212=DIRECTION('',(1.,0.,0.));
#10213=DIRECTION('',(0.,0.,1.));
#10214=DIRECTION('',(1.,0.,0.));
#10215=DIRECTION('',(0.,0.,1.));
#10216=DIRECTION('',(1.,0.,0.));
#10217=DIRECTION('',(0.,0.,1.));
#10218=DIRECTION('',(1.,0.,0.));
#10219=DIRECTION('',(0.,0.,1.));
#10220=DIRECTION('',(1.,0.,0.));
#10221=DIRECTION('',(0.,0.,1.));
#10222=DIRECTION('',(1.,0.,0.));
#10223=DIRECTION('',(0.,0.,1.));
#10224=DIRECTION('',(1.,0.,0.));
#10225=DIRECTION('',(0.,0.,1.));
#10226=DIRECTION('',(1.,0.,0.));
#10227=DIRECTION('',(0.,0.,1.));
#10228=DIRECTION('',(1.,0.,0.));
#10229=DIRECTION('',(1.,0.,0.));
#10230=DIRECTION('',(0.,-1.,-4.95635278850516E-16));
#10231=DIRECTION('',(0.,4.95635278850516E-16,-1.));
#10232=DIRECTION('',(0.,1.,4.96130914129367E-16));
#10233=DIRECTION('',(0.,0.,-1.));
#10234=DIRECTION('',(0.,1.,0.));
#10235=DIRECTION('',(0.,0.,1.));
#10236=DIRECTION('',(0.,1.,0.));
#10237=DIRECTION('',(0.,0.,1.));
#10238=DIRECTION('',(0.,0.,-1.));
#10239=DIRECTION('',(1.,0.,0.));
#10240=DIRECTION('',(1.,0.,0.));
#10241=DIRECTION('',(0.,0.,-1.));
#10242=DIRECTION('',(0.,0.707106781186547,0.707106781186548));
#10243=DIRECTION('',(0.,0.707106781186548,-0.707106781186547));
#10244=DIRECTION('',(0.,0.,1.));
#10245=DIRECTION('',(1.,0.,0.));
#10246=DIRECTION('',(-0.499999999999996,-0.866025403784441,0.));
#10247=DIRECTION('',(-0.866025403784441,0.499999999999996,9.91270557701041E-16));
#10248=DIRECTION('',(0.,1.,4.95635278850516E-16));
#10249=DIRECTION('',(0.,-8.67361737988404E-16,1.));
#10250=DIRECTION('',(0.,0.,-1.));
#10251=DIRECTION('',(-1.,0.,0.));
#10252=DIRECTION('',(1.,0.,0.));
#10253=DIRECTION('',(0.,0.,-1.));
#10254=DIRECTION('',(0.,0.,-1.));
#10255=DIRECTION('',(-1.,0.,0.));
#10256=DIRECTION('',(0.,0.,-1.));
#10257=DIRECTION('',(-1.,0.,0.));
#10258=DIRECTION('',(0.,-1.,0.));
#10259=DIRECTION('',(0.,0.,-1.));
#10260=DIRECTION('',(0.,1.,0.));
#10261=DIRECTION('',(0.,0.,1.));
#10262=DIRECTION('',(1.,0.,0.));
#10263=DIRECTION('',(0.,0.,-1.));
#10264=DIRECTION('',(-0.499999999999996,-0.866025403784441,0.));
#10265=DIRECTION('',(-0.866025403784441,0.499999999999996,0.));
#10266=DIRECTION('',(0.,1.,0.));
#10267=DIRECTION('',(0.,0.,1.));
#10268=DIRECTION('',(0.866025403784441,0.,0.499999999999996));
#10269=DIRECTION('',(0.,0.,1.));
#10270=DIRECTION('',(0.,1.,0.));
#10271=DIRECTION('',(0.,0.,1.));
#10272=DIRECTION('',(0.,0.,-1.));
#10273=DIRECTION('',(-0.866025403784441,0.,-0.499999999999996));
#10274=DIRECTION('',(0.,-1.,0.));
#10275=DIRECTION('',(0.,0.,-1.));
#10276=DIRECTION('',(0.,-0.595227550625739,0.803557193344745));
#10277=DIRECTION('',(0.,-0.803557193344745,-0.595227550625739));
#10278=DIRECTION('',(0.,0.595227550625739,-0.803557193344745));
#10279=DIRECTION('',(0.,0.803557193344745,0.595227550625739));
#10280=DIRECTION('',(0.,0.,1.));
#10281=DIRECTION('',(-0.866025403784439,0.,0.499999999999999));
#10282=DIRECTION('',(0.,1.,0.));
#10283=DIRECTION('',(0.,0.,1.));
#10284=DIRECTION('',(0.,0.,-1.));
#10285=DIRECTION('',(1.00000000000003,0.,0.));
#10286=DIRECTION('',(0.,0.,1.));
#10287=DIRECTION('',(1.,0.,0.));
#10288=DIRECTION('',(0.866025403784439,0.,-0.499999999999999));
#10289=DIRECTION('',(0.,0.,-1.));
#10290=DIRECTION('',(0.,-1.,0.));
#10291=DIRECTION('',(0.,0.,-1.));
#10292=DIRECTION('',(-0.499999999999996,-0.866025403784441,0.));
#10293=DIRECTION('',(0.,0.,1.));
#10294=DIRECTION('',(0.499999999999996,0.,-0.866025403784441));
#10295=DIRECTION('',(0.866025403784441,0.,0.499999999999996));
#10296=DIRECTION('',(0.499999999999996,0.,-0.866025403784441));
#10297=DIRECTION('',(-0.866025403784441,0.,-0.499999999999996));
#10298=DIRECTION('',(-0.499999999999996,0.,0.866025403784441));
#10299=DIRECTION('',(0.,1.,0.));
#10300=DIRECTION('',(0.499999999999999,2.3112532288264E-16,0.866025403784439));
#10301=DIRECTION('',(-0.866025403784439,-4.00320802148496E-16,0.499999999999999));
#10302=DIRECTION('',(0.499999999999999,2.3112532288264E-16,0.866025403784439));
#10303=DIRECTION('',(0.866025403784439,4.00320802148496E-16,-0.499999999999999));
#10304=DIRECTION('',(-0.499999999999999,-2.3112532288264E-16,-0.866025403784439));
#10305=DIRECTION('',(0.,-1.,2.67147415300428E-16));
#10306=DIRECTION('',(0.,0.,1.));
#10307=DIRECTION('',(1.00000000000003,0.,0.));
#10308=DIRECTION('',(0.,0.,-1.));
#10309=DIRECTION('',(-1.00000000000003,0.,0.));
#10310=DIRECTION('',(0.,0.,1.));
#10311=DIRECTION('',(1.00000000000003,0.,0.));
#10312=DIRECTION('',(0.,0.,-1.));
#10313=DIRECTION('',(-1.00000000000003,0.,0.));
#10314=DIRECTION('',(1.,7.2280144832367E-16,0.));
#10315=DIRECTION('',(-7.21644966006352E-16,1.,0.));
#10316=DIRECTION('',(1.,7.2280144832367E-16,0.));
#10317=DIRECTION('',(-7.21644966006352E-16,1.,0.));
#10318=DIRECTION('',(1.,0.,0.));
#10319=DIRECTION('',(0.,0.,-1.));
#10320=DIRECTION('',(1.,0.,0.));
#10321=DIRECTION('',(0.,0.,-1.));
#10322=DIRECTION('',(1.,7.2280144832367E-16,0.));
#10323=DIRECTION('',(-7.21644966006352E-16,1.,0.));
#10324=DIRECTION('',(1.,0.,0.));
#10325=DIRECTION('',(0.,0.,-1.));
#10326=DIRECTION('',(1.,7.2280144832367E-16,0.));
#10327=DIRECTION('',(-7.21644966006352E-16,1.,0.));
#10328=DIRECTION('',(1.,7.2280144832367E-16,0.));
#10329=DIRECTION('',(-7.21644966006352E-16,1.,0.));
#10330=DIRECTION('',(1.,7.2280144832367E-16,0.));
#10331=DIRECTION('',(-7.21644966006352E-16,1.,0.));
#10332=DIRECTION('',(1.,0.,0.));
#10333=DIRECTION('',(1.,0.,0.));
#10334=DIRECTION('',(0.,0.,-1.));
#10335=DIRECTION('',(1.,0.,0.));
#10336=DIRECTION('',(1.,0.,0.));
#10337=DIRECTION('',(0.,0.,-1.));
#10338=DIRECTION('',(0.,0.,1.));
#10339=DIRECTION('',(1.,0.,0.));
#10340=DIRECTION('',(1.,0.,0.));
#10341=DIRECTION('',(0.,0.,-1.));
#10342=DIRECTION('',(1.,0.,0.));
#10343=DIRECTION('',(0.,0.,-1.));
#10344=DIRECTION('',(1.,0.,0.));
#10345=DIRECTION('',(0.,0.,-1.));
#10346=DIRECTION('',(1.,0.,0.));
#10347=DIRECTION('',(0.,0.,-1.));
#10348=DIRECTION('',(1.,0.,0.));
#10349=DIRECTION('',(0.,0.,-1.));
#10350=DIRECTION('',(1.,0.,0.));
#10351=DIRECTION('',(0.,0.,-1.));
#10352=DIRECTION('',(1.,0.,0.));
#10353=DIRECTION('',(0.,0.,-1.));
#10354=DIRECTION('',(1.,0.,0.));
#10355=DIRECTION('',(0.,0.,-1.));
#10356=DIRECTION('',(1.,0.,0.));
#10357=DIRECTION('',(0.,0.,-1.));
#10358=DIRECTION('',(1.,0.,0.));
#10359=DIRECTION('',(0.,0.,-1.));
#10360=DIRECTION('',(1.,0.,0.));
#10361=DIRECTION('',(0.,0.,-1.));
#10362=DIRECTION('',(1.,0.,0.));
#10363=DIRECTION('',(0.,0.,-1.));
#10364=DIRECTION('',(1.,0.,0.));
#10365=DIRECTION('',(0.,0.,-1.));
#10366=DIRECTION('',(1.,0.,0.));
#10367=DIRECTION('',(0.,0.,-1.));
#10368=DIRECTION('',(1.,0.,0.));
#10369=DIRECTION('',(0.,0.,-1.));
#10370=DIRECTION('',(1.,0.,0.));
#10371=DIRECTION('',(0.,0.,-1.));
#10372=DIRECTION('',(-1.,3.51436609374757E-15,0.));
#10373=DIRECTION('',(0.,0.,-0.999999999999999));
#10374=DIRECTION('',(0.999999999999996,0.,0.));
#10375=DIRECTION('',(0.,0.,1.));
#10376=DIRECTION('',(-1.,3.51436609374757E-15,0.));
#10377=DIRECTION('',(0.,0.,-1.));
#10378=DIRECTION('',(-1.,0.,0.));
#10379=DIRECTION('',(0.,0.,-0.999999999999999));
#10380=DIRECTION('',(0.999999999999996,0.,0.));
#10381=DIRECTION('',(0.,0.,1.));
#10382=DIRECTION('',(-1.,0.,0.));
#10383=DIRECTION('',(0.,0.,-1.));
#10384=DIRECTION('',(-1.,0.,0.));
#10385=DIRECTION('',(0.,0.,-0.999999999999999));
#10386=DIRECTION('',(0.999999999999996,0.,0.));
#10387=DIRECTION('',(0.,0.,1.));
#10388=DIRECTION('',(-1.,0.,0.));
#10389=DIRECTION('',(0.,0.,-1.));
#10390=DIRECTION('',(-1.,0.,0.));
#10391=DIRECTION('',(0.,0.,-0.999999999999999));
#10392=DIRECTION('',(0.999999999999996,0.,0.));
#10393=DIRECTION('',(0.,0.,1.));
#10394=DIRECTION('',(-1.,0.,0.));
#10395=DIRECTION('',(0.,0.,-1.));
#10396=DIRECTION('',(-1.,0.,0.));
#10397=DIRECTION('',(0.,0.,-0.999999999999999));
#10398=DIRECTION('',(0.999999999999996,0.,0.));
#10399=DIRECTION('',(0.,0.,1.));
#10400=DIRECTION('',(-1.,0.,0.));
#10401=DIRECTION('',(0.,0.,-1.));
#10402=DIRECTION('',(-1.,0.,0.));
#10403=DIRECTION('',(0.,0.,-0.999999999999999));
#10404=DIRECTION('',(0.999999999999996,0.,0.));
#10405=DIRECTION('',(0.,0.,1.));
#10406=DIRECTION('',(-1.,0.,0.));
#10407=DIRECTION('',(0.,0.,-1.));
#10408=DIRECTION('',(-1.,0.,0.));
#10409=DIRECTION('',(0.,0.,-0.999999999999999));
#10410=DIRECTION('',(0.999999999999996,0.,0.));
#10411=DIRECTION('',(0.,0.,1.));
#10412=DIRECTION('',(-1.,0.,0.));
#10413=DIRECTION('',(0.,0.,-1.));
#10414=DIRECTION('',(-1.,0.,0.));
#10415=DIRECTION('',(0.,0.,-0.999999999999999));
#10416=DIRECTION('',(0.999999999999996,0.,0.));
#10417=DIRECTION('',(0.,0.,1.));
#10418=DIRECTION('',(-1.,0.,0.));
#10419=DIRECTION('',(0.,0.,-1.));
#10420=CARTESIAN_POINT('',(0.,0.,0.));
#10421=CARTESIAN_POINT('',(43.6271030207489,96.3315241586991,-24.0440635782979));
#10422=CARTESIAN_POINT('',(43.6271030207489,97.3315241586991,-24.0440635782979));
#10423=CARTESIAN_POINT('',(43.6271030207489,64.156524158699,-18.5690635782946));
#10424=CARTESIAN_POINT('',(34.0021030207506,97.506524158699,-24.1190635782968));
#10425=CARTESIAN_POINT('',(34.5021030207506,97.506524158699,-23.5190635782967));
#10426=CARTESIAN_POINT('',(34.4219129529231,97.2349369335773,-23.6152916596897));
#10427=CARTESIAN_POINT('',(34.0646030207497,96.3315241586991,-24.0440635782979));
#10428=CARTESIAN_POINT('',(34.421912952923,95.4281113838209,-23.6152916596898));
#10429=CARTESIAN_POINT('',(34.0021030207506,95.156524158699,-24.1190635782968));
#10430=CARTESIAN_POINT('',(34.5021030207506,95.156524158699,-23.5190635782967));
#10431=CARTESIAN_POINT('',(34.5021030207506,-355.948475841314,-23.5190635782967));
#10432=CARTESIAN_POINT('',(34.5021030207506,86.556524158699,-23.5190635782967));
#10433=CARTESIAN_POINT('',(34.0021030207506,86.556524158699,-24.1190635782968));
#10434=CARTESIAN_POINT('',(34.4219129529231,86.2849369335773,-23.6152916596898));
#10435=CARTESIAN_POINT('',(34.0646030207497,85.3815241586991,-24.0440635782979));
#10436=CARTESIAN_POINT('',(34.421912952923,84.4781113838208,-23.6152916596899));
#10437=CARTESIAN_POINT('',(34.0021030207506,84.206524158699,-24.1190635782968));
#10438=CARTESIAN_POINT('',(34.5021030207506,84.206524158699,-23.5190635782967));
#10439=CARTESIAN_POINT('',(34.5021030207507,-355.948475841314,-23.5190635782965));
#10440=CARTESIAN_POINT('',(34.5021030207506,75.606524158699,-23.5190635782967));
#10441=CARTESIAN_POINT('',(34.0021030207506,75.606524158699,-24.1190635782968));
#10442=CARTESIAN_POINT('',(34.4219129529231,75.3349369335773,-23.6152916596898));
#10443=CARTESIAN_POINT('',(34.0646030207497,74.4315241586991,-24.0440635782979));
#10444=CARTESIAN_POINT('',(34.421912952923,73.5281113838209,-23.6152916596898));
#10445=CARTESIAN_POINT('',(34.0021030207506,73.256524158699,-24.1190635782968));
#10446=CARTESIAN_POINT('',(34.5021030207506,73.256524158699,-23.5190635782967));
#10447=CARTESIAN_POINT('',(34.5021030207506,-355.948475841314,-23.5190635782967));
#10448=CARTESIAN_POINT('',(34.5021030207506,64.656524158699,-23.5190635782967));
#10449=CARTESIAN_POINT('',(34.0021030207506,64.656524158699,-24.1190635782968));
#10450=CARTESIAN_POINT('',(34.0021030207506,64.156524158699,-24.1190635782968));
#10451=CARTESIAN_POINT('',(44.5021030207504,64.156524158699,-11.5190635782946));
#10452=CARTESIAN_POINT('',(29.5021030207506,64.156524158699,-29.5190635782946));
#10453=CARTESIAN_POINT('',(29.5021030207504,-355.948475841314,-29.5190635782981));
#10454=CARTESIAN_POINT('',(29.5021030207504,61.906524158699,-29.5190635782981));
#10455=CARTESIAN_POINT('',(44.5021030207504,61.906524158699,-11.5190635782946));
#10456=CARTESIAN_POINT('',(41.1687696874177,61.906524158699,-15.5190635782946));
#10457=CARTESIAN_POINT('',(41.1687696874177,65.906524158699,-15.5190635782946));
#10458=CARTESIAN_POINT('',(44.5021030207504,65.906524158699,-11.5190635782946));
#10459=CARTESIAN_POINT('',(44.5021030207504,-355.948475841314,-11.5190635782946));
#10460=CARTESIAN_POINT('',(44.5021030207504,104.8565241587,-11.5190635782946));
#10461=CARTESIAN_POINT('',(41.1687696874177,104.8565241587,-15.5190635782946));
#10462=CARTESIAN_POINT('',(41.1687696874177,108.8565241587,-15.5190635782946));
#10463=CARTESIAN_POINT('',(44.5021030207504,108.8565241587,-11.5190635782946));
#10464=CARTESIAN_POINT('',(29.5021030207504,108.8565241587,-29.5190635782981));
#10465=CARTESIAN_POINT('',(29.5021030207504,-355.948475841314,-29.5190635782981));
#10466=CARTESIAN_POINT('',(29.5021030207504,106.6065241587,-29.5190635782981));
#10467=CARTESIAN_POINT('',(44.5021030207504,106.606524158699,-11.5190635782946));
#10468=CARTESIAN_POINT('',(34.0021030207506,106.606524158699,-24.1190635782968));
#10469=CARTESIAN_POINT('',(34.0021030207506,106.106524158699,-24.1190635782968));
#10470=CARTESIAN_POINT('',(34.5021030207506,106.106524158699,-23.5190635782967));
#10471=CARTESIAN_POINT('',(34.5021030207507,-355.948475841314,-23.5190635782965));
#10472=CARTESIAN_POINT('',(43.6271030207492,-355.948475841314,-12.5690635782963));
#10473=CARTESIAN_POINT('',(43.6271030207489,95.156524158699,-12.5690635782966));
#10474=CARTESIAN_POINT('',(43.6271030207489,97.506524158699,-12.5690635782966));
#10475=CARTESIAN_POINT('',(43.1271030207489,97.506524158699,-13.1690635782967));
#10476=CARTESIAN_POINT('',(43.1271030207489,97.006524158699,-13.1690635782967));
#10477=CARTESIAN_POINT('',(44.5021030207504,97.006524158699,-11.5190635782946));
#10478=CARTESIAN_POINT('',(38.6271030207515,97.0065241587003,-18.5690635782946));
#10479=CARTESIAN_POINT('',(38.6271030207486,101.8065241587,-18.5690635782981));
#10480=CARTESIAN_POINT('',(38.6271030207489,106.606524158699,-18.5690635782946));
#10481=CARTESIAN_POINT('',(44.5021030207504,106.606524158699,-11.5190635782946));
#10482=CARTESIAN_POINT('',(43.1271030207489,106.606524158699,-13.1690635782967));
#10483=CARTESIAN_POINT('',(43.1271030207489,106.106524158699,-13.1690635782967));
#10484=CARTESIAN_POINT('',(43.6271030207489,106.106524158699,-12.5690635782966));
#10485=CARTESIAN_POINT('',(43.6271030207492,-355.948475841314,-12.5690635782963));
#10486=CARTESIAN_POINT('',(43.6271030207489,106.740004978887,-12.5690635782966));
#10487=CARTESIAN_POINT('',(41.1687696874177,104.8565241587,-15.5190635782946));
#10488=CARTESIAN_POINT('',(44.0854363540838,104.8565241587,-12.0190635782946));
#10489=CARTESIAN_POINT('',(44.0854363540838,-355.948475841314,-12.0190635782946));
#10490=CARTESIAN_POINT('',(44.0854363540838,65.906524158699,-12.0190635782946));
#10491=CARTESIAN_POINT('',(41.1687696874177,65.906524158699,-15.5190635782946));
#10492=CARTESIAN_POINT('',(43.6271030207489,64.0230433385121,-12.5690635782966));
#10493=CARTESIAN_POINT('',(43.6271030207492,-355.948475841314,-12.5690635782963));
#10494=CARTESIAN_POINT('',(43.6271030207489,64.656524158699,-12.5690635782966));
#10495=CARTESIAN_POINT('',(43.1271030207489,64.656524158699,-13.1690635782967));
#10496=CARTESIAN_POINT('',(43.1271030207489,64.156524158699,-13.1690635782967));
#10497=CARTESIAN_POINT('',(44.5021030207504,64.156524158699,-11.5190635782946));
#10498=CARTESIAN_POINT('',(38.6271030207489,64.156524158699,-18.5690635782946));
#10499=CARTESIAN_POINT('',(38.6271030207489,68.956524158699,-18.5690635782978));
#10500=CARTESIAN_POINT('',(38.6271030207489,73.756524158699,-18.5690635782946));
#10501=CARTESIAN_POINT('',(44.5021030207504,73.756524158699,-11.5190635782946));
#10502=CARTESIAN_POINT('',(43.1271030207489,73.756524158699,-13.1690635782967));
#10503=CARTESIAN_POINT('',(43.1271030207489,73.256524158699,-13.1690635782967));
#10504=CARTESIAN_POINT('',(43.6271030207489,73.256524158699,-12.5690635782966));
#10505=CARTESIAN_POINT('',(43.6271030207492,-355.948475841314,-12.5690635782963));
#10506=CARTESIAN_POINT('',(43.6271030207489,75.606524158699,-12.5690635782966));
#10507=CARTESIAN_POINT('',(43.1271030207489,75.606524158699,-13.1690635782967));
#10508=CARTESIAN_POINT('',(43.1271030207489,75.106524158699,-13.1690635782967));
#10509=CARTESIAN_POINT('',(44.5021030207504,75.106524158699,-11.5190635782946));
#10510=CARTESIAN_POINT('',(38.6271030207515,75.1065241586993,-18.5690635782946));
#10511=CARTESIAN_POINT('',(38.6271030207488,79.9065241586995,-18.5690635782979));
#10512=CARTESIAN_POINT('',(38.6271030207489,84.706524158699,-18.5690635782946));
#10513=CARTESIAN_POINT('',(44.5021030207504,84.706524158699,-11.5190635782946));
#10514=CARTESIAN_POINT('',(43.1271030207489,84.706524158699,-13.1690635782967));
#10515=CARTESIAN_POINT('',(43.1271030207489,84.206524158699,-13.1690635782967));
#10516=CARTESIAN_POINT('',(43.6271030207489,84.206524158699,-12.5690635782966));
#10517=CARTESIAN_POINT('',(43.6271030207492,-355.948475841314,-12.5690635782963));
#10518=CARTESIAN_POINT('',(43.6271030207489,86.556524158699,-12.5690635782966));
#10519=CARTESIAN_POINT('',(43.1271030207489,86.556524158699,-13.1690635782967));
#10520=CARTESIAN_POINT('',(43.1271030207489,86.056524158699,-13.1690635782967));
#10521=CARTESIAN_POINT('',(44.5021030207509,86.056524158699,-11.519063578294));
#10522=CARTESIAN_POINT('',(38.6271030207515,86.0565241586999,-18.5690635782946));
#10523=CARTESIAN_POINT('',(38.6271030207487,90.8565241587,-18.569063578298));
#10524=CARTESIAN_POINT('',(38.6271030207489,95.656524158699,-18.5690635782946));
#10525=CARTESIAN_POINT('',(44.5021030207504,95.656524158699,-11.5190635782946));
#10526=CARTESIAN_POINT('',(43.1271030207489,95.656524158699,-13.1690635782967));
#10527=CARTESIAN_POINT('',(43.1271030207489,95.156524158699,-13.1690635782967));
#10528=CARTESIAN_POINT('',(44.5021030207504,-355.948475841314,-11.5190635782946));
#10529=CARTESIAN_POINT('',(43.6271030207489,68.956524158699,-18.5690635782978));
#10530=CARTESIAN_POINT('',(43.6271030207489,64.656524158699,-16.4359906775276));
#10531=CARTESIAN_POINT('',(43.6271030207489,73.256524158699,-16.4359906775276));
#10532=CARTESIAN_POINT('',(43.6271030207489,73.256524158699,-16.4359906775276));
#10533=CARTESIAN_POINT('',(43.6271030207489,73.3933262331392,-16.711766024859));
#10534=CARTESIAN_POINT('',(43.5745145208708,73.5034227738285,-17.0019887667196));
#10535=CARTESIAN_POINT('',(43.5055480912298,73.5832952232514,-17.2911787962376));
#10536=CARTESIAN_POINT('',(43.4062110523336,73.6983409441384,-17.7077188630522));
#10537=CARTESIAN_POINT('',(43.267546591245,73.7553467932586,-18.1339047094759));
#10538=CARTESIAN_POINT('',(43.1313589509217,73.7565060454296,-18.5558769540733));
#10539=CARTESIAN_POINT('',(43.1299403320368,73.7565181209529,-18.5602724909493));
#10540=CARTESIAN_POINT('',(43.1285216653516,73.756524158699,-18.5646680331318));
#10541=CARTESIAN_POINT('',(43.1271030207489,73.756524158699,-18.5690635782946));
#10542=CARTESIAN_POINT('',(43.1271030207489,73.756524158699,-18.5690635782946));
#10543=CARTESIAN_POINT('',(43.6271030207489,73.756524158699,-18.5690635782946));
#10544=CARTESIAN_POINT('',(38.6271030207489,64.156524158699,-18.5690635782946));
#10545=CARTESIAN_POINT('',(43.1271030207489,64.156524158699,-18.5690635782946));
#10546=CARTESIAN_POINT('',(43.1271030207489,64.156524158699,-18.5690635782946));
#10547=CARTESIAN_POINT('',(43.1285216653516,64.156524158699,-18.5646680331318));
#10548=CARTESIAN_POINT('',(43.1299403320368,64.1565301964451,-18.5602724909493));
#10549=CARTESIAN_POINT('',(43.1313589509217,64.1565422719684,-18.5558769540733));
#10550=CARTESIAN_POINT('',(43.267546591245,64.1577015241394,-18.1339047094759));
#10551=CARTESIAN_POINT('',(43.4062110523336,64.2147073732596,-17.7077188630522));
#10552=CARTESIAN_POINT('',(43.5055480912298,64.3297530941466,-17.2911787962376));
#10553=CARTESIAN_POINT('',(43.5745145208708,64.4096255435695,-17.0019887667196));
#10554=CARTESIAN_POINT('',(43.6271030207489,64.5197220842588,-16.711766024859));
#10555=CARTESIAN_POINT('',(43.6271030207489,64.656524158699,-16.4359906775276));
#10556=CARTESIAN_POINT('',(70.5021030207504,68.956524158699,-18.5690635782978));
#10557=CARTESIAN_POINT('',(29.5021030207504,68.9565241586991,-29.5190635782979));
#10558=CARTESIAN_POINT('',(29.5021030207504,73.756524158699,-29.5190635782981));
#10559=CARTESIAN_POINT('',(34.5021030207506,64.156524158699,-29.5190635782946));
#10560=CARTESIAN_POINT('',(34.0021030207506,64.156524158699,-29.5190635782946));
#10561=CARTESIAN_POINT('',(34.0021030207506,64.156524158699,-29.5190635782946));
#10562=CARTESIAN_POINT('',(34.0035216653563,64.156524158699,-29.5146680331328));
#10563=CARTESIAN_POINT('',(34.0049403320504,64.1565301964452,-29.5102724909532));
#10564=CARTESIAN_POINT('',(34.0063589509323,64.1565422719685,-29.5058769540763));
#10565=CARTESIAN_POINT('',(34.142546590972,64.1577015241394,-29.0839047093873));
#10566=CARTESIAN_POINT('',(34.2812110523353,64.2147073732596,-28.6577188630526));
#10567=CARTESIAN_POINT('',(34.3805480912315,64.3297530941466,-28.241178796238));
#10568=CARTESIAN_POINT('',(34.4495145208725,64.4096255435695,-27.95198876672));
#10569=CARTESIAN_POINT('',(34.5021030207506,64.5197220842588,-27.6617660248593));
#10570=CARTESIAN_POINT('',(34.5021030207506,64.656524158699,-27.3859906775279));
#10571=CARTESIAN_POINT('',(34.5021030207506,64.656524158699,-27.3859906775279));
#10572=CARTESIAN_POINT('',(34.5021030207506,68.9565241586991,-29.5190635782979));
#10573=CARTESIAN_POINT('',(34.5021030207506,73.256524158699,-27.3859906775276));
#10574=CARTESIAN_POINT('',(34.5021030207506,73.256524158699,-27.3859906775276));
#10575=CARTESIAN_POINT('',(34.5021030207506,73.3933262331392,-27.6617660248589));
#10576=CARTESIAN_POINT('',(34.4495145208725,73.5034227738285,-27.9519887667195));
#10577=CARTESIAN_POINT('',(34.3805480912315,73.5832952232514,-28.2411787962374));
#10578=CARTESIAN_POINT('',(34.2812110523352,73.6983409441384,-28.6577188630521));
#10579=CARTESIAN_POINT('',(34.1425465915244,73.7553467932587,-29.0839047095656));
#10580=CARTESIAN_POINT('',(34.0063589509145,73.7565060454296,-29.5058769540705));
#10581=CARTESIAN_POINT('',(34.0049403320266,73.7565181209529,-29.5102724909455));
#10582=CARTESIAN_POINT('',(34.0035216653503,73.756524158699,-29.5146680331309));
#10583=CARTESIAN_POINT('',(34.0021030207506,73.756524158699,-29.5190635782946));
#10584=CARTESIAN_POINT('',(34.0021030207506,73.756524158699,-29.5190635782946));
#10585=CARTESIAN_POINT('',(29.5021030207506,73.756524158699,-29.5190635782946));
#10586=CARTESIAN_POINT('',(43.6271030207489,68.9565241586991,-29.5190635782979));
#10587=CARTESIAN_POINT('',(43.6271030207489,73.7565241586991,-29.5190635782979));
#10588=CARTESIAN_POINT('',(70.5021030207504,68.9565241586991,-29.5190635782979));
#10589=CARTESIAN_POINT('',(29.5021030207504,101.8065241587,-29.5190635782981));
#10590=CARTESIAN_POINT('',(29.5021030207504,101.8065241587,-34.3190635782981));
#10591=CARTESIAN_POINT('',(29.5021030207506,97.006524158699,-29.5190635782946));
#10592=CARTESIAN_POINT('',(34.5021030207506,97.006524158699,-29.5190635782946));
#10593=CARTESIAN_POINT('',(34.0021030207506,97.006524158699,-29.5190635782946));
#10594=CARTESIAN_POINT('',(34.0021030207506,97.006524158699,-29.5190635782946));
#10595=CARTESIAN_POINT('',(34.0035216654055,97.006524158699,-29.5146680331488));
#10596=CARTESIAN_POINT('',(34.0049403322473,97.0065301964465,-29.5102724910168));
#10597=CARTESIAN_POINT('',(34.0063589510799,97.0065422719697,-29.5058769541242));
#10598=CARTESIAN_POINT('',(34.1425465863945,97.0077015241407,-29.0839047079107));
#10599=CARTESIAN_POINT('',(34.2812110523357,97.0647073732601,-28.6577188630578));
#10600=CARTESIAN_POINT('',(34.3805480912315,97.1797530941466,-28.2411787962433));
#10601=CARTESIAN_POINT('',(34.4495145208724,97.2596255435693,-27.9519887667244));
#10602=CARTESIAN_POINT('',(34.5021030207506,97.3697220842586,-27.661766024863));
#10603=CARTESIAN_POINT('',(34.5021030207506,97.506524158699,-27.3859906775309));
#10604=CARTESIAN_POINT('',(34.5021030207506,97.506524158699,-27.3859906775309));
#10605=CARTESIAN_POINT('',(34.5021030207506,101.8065241587,-29.5190635782981));
#10606=CARTESIAN_POINT('',(34.5021030207506,106.106524158699,-27.385990677525));
#10607=CARTESIAN_POINT('',(34.5021030207506,106.106524158699,-27.385990677525));
#10608=CARTESIAN_POINT('',(34.5021030207506,106.243326233139,-27.6617660248556));
#10609=CARTESIAN_POINT('',(34.4495145208726,106.353422773828,-27.9519887667154));
#10610=CARTESIAN_POINT('',(34.3805480912315,106.433295223251,-28.2411787962325));
#10611=CARTESIAN_POINT('',(34.2812110523348,106.548340944139,-28.6577188630474));
#10612=CARTESIAN_POINT('',(34.1425465961018,106.60534679326,-29.0839047110427));
#10613=CARTESIAN_POINT('',(34.0063589507668,106.606506045431,-29.5058769540231));
#10614=CARTESIAN_POINT('',(34.0049403318298,106.606518120954,-29.5102724908821));
#10615=CARTESIAN_POINT('',(34.0035216653011,106.606524158699,-29.5146680331151));
#10616=CARTESIAN_POINT('',(34.0021030207506,106.606524158699,-29.5190635782946));
#10617=CARTESIAN_POINT('',(34.0021030207506,106.606524158699,-29.5190635782946));
#10618=CARTESIAN_POINT('',(29.5021030207506,106.606524158699,-29.5190635782946));
#10619=CARTESIAN_POINT('',(29.5021030207504,101.8065241587,-29.5190635782981));
#10620=CARTESIAN_POINT('',(43.6271030207489,101.8065241587,-29.5190635782981));
#10621=CARTESIAN_POINT('',(43.6271030207488,106.6065241587,-29.5190635782981));
#10622=CARTESIAN_POINT('',(70.5021030207504,101.8065241587,-29.5190635782981));
#10623=CARTESIAN_POINT('',(43.6271030207489,101.8065241587,-18.5690635782981));
#10624=CARTESIAN_POINT('',(43.6271030207489,106.106524158699,-16.435990677525));
#10625=CARTESIAN_POINT('',(43.6271030207489,97.506524158699,-16.4359906775309));
#10626=CARTESIAN_POINT('',(43.6271030207489,106.106524158699,-16.435990677525));
#10627=CARTESIAN_POINT('',(43.6271030207489,106.243326233139,-16.7117660248555));
#10628=CARTESIAN_POINT('',(43.5745145208709,106.353422773828,-17.0019887667154));
#10629=CARTESIAN_POINT('',(43.5055480912298,106.433295223251,-17.2911787962326));
#10630=CARTESIAN_POINT('',(43.4062110523331,106.548340944139,-17.7077188630474));
#10631=CARTESIAN_POINT('',(43.2675465961001,106.60534679326,-18.1339047110427));
#10632=CARTESIAN_POINT('',(43.1313589507651,106.606506045431,-18.5558769540231));
#10633=CARTESIAN_POINT('',(43.1299403318281,106.606518120954,-18.5602724908821));
#10634=CARTESIAN_POINT('',(43.1285216652994,106.606524158699,-18.5646680331151));
#10635=CARTESIAN_POINT('',(43.1271030207489,106.606524158699,-18.5690635782946));
#10636=CARTESIAN_POINT('',(43.1271030207489,106.606524158699,-18.5690635782946));
#10637=CARTESIAN_POINT('',(38.6271030207489,106.606524158699,-18.5690635782946));
#10638=CARTESIAN_POINT('',(43.6271030207489,97.006524158699,-18.5690635782946));
#10639=CARTESIAN_POINT('',(43.1271030207489,97.006524158699,-18.5690635782946));
#10640=CARTESIAN_POINT('',(43.1271030207489,97.006524158699,-18.5690635782946));
#10641=CARTESIAN_POINT('',(43.1285216654038,97.006524158699,-18.5646680331488));
#10642=CARTESIAN_POINT('',(43.1299403322456,97.0065301964465,-18.5602724910168));
#10643=CARTESIAN_POINT('',(43.1313589510783,97.0065422719697,-18.5558769541241));
#10644=CARTESIAN_POINT('',(43.2675465863928,97.0077015241407,-18.1339047079107));
#10645=CARTESIAN_POINT('',(43.406211052334,97.0647073732601,-17.7077188630577));
#10646=CARTESIAN_POINT('',(43.5055480912298,97.1797530941466,-17.2911787962433));
#10647=CARTESIAN_POINT('',(43.5745145208707,97.2596255435693,-17.0019887667244));
#10648=CARTESIAN_POINT('',(43.6271030207489,97.3697220842586,-16.711766024863));
#10649=CARTESIAN_POINT('',(43.6271030207489,97.506524158699,-16.4359906775309));
#10650=CARTESIAN_POINT('',(70.5021030207504,101.8065241587,-18.5690635782981));
#10651=CARTESIAN_POINT('',(29.5021030207504,90.8565241587001,-29.5190635782981));
#10652=CARTESIAN_POINT('',(29.5021030207504,95.6565241587,-29.5190635782981));
#10653=CARTESIAN_POINT('',(29.5021030207506,86.056524158699,-29.5190635782946));
#10654=CARTESIAN_POINT('',(34.5021030207506,86.056524158699,-29.5190635782946));
#10655=CARTESIAN_POINT('',(34.0021030207506,86.056524158699,-29.5190635782946));
#10656=CARTESIAN_POINT('',(34.0021030207506,86.056524158699,-29.5190635782946));
#10657=CARTESIAN_POINT('',(34.0035216653917,86.056524158699,-29.5146680331443));
#10658=CARTESIAN_POINT('',(34.0049403321921,86.0565301964461,-29.510272490999));
#10659=CARTESIAN_POINT('',(34.0063589510386,86.0565422719694,-29.5058769541108));
#10660=CARTESIAN_POINT('',(34.1425465876773,86.0577015241403,-29.0839047083245));
#10661=CARTESIAN_POINT('',(34.2812110523356,86.11470737326,-28.6577188630564));
#10662=CARTESIAN_POINT('',(34.3805480912315,86.2297530941466,-28.2411787962419));
#10663=CARTESIAN_POINT('',(34.4495145208724,86.3096255435694,-27.9519887667233));
#10664=CARTESIAN_POINT('',(34.5021030207506,86.4197220842587,-27.661766024862));
#10665=CARTESIAN_POINT('',(34.5021030207506,86.556524158699,-27.3859906775301));
#10666=CARTESIAN_POINT('',(34.5021030207506,86.556524158699,-27.3859906775301));
#10667=CARTESIAN_POINT('',(34.5021030207506,90.8565241587001,-29.5190635782981));
#10668=CARTESIAN_POINT('',(34.5021030207506,95.156524158699,-27.3859906775258));
#10669=CARTESIAN_POINT('',(34.5021030207506,95.156524158699,-27.3859906775258));
#10670=CARTESIAN_POINT('',(34.5021030207506,95.2933262331391,-27.6617660248566));
#10671=CARTESIAN_POINT('',(34.4495145208726,95.4034227738284,-27.9519887667166));
#10672=CARTESIAN_POINT('',(34.3805480912315,95.4832952232514,-28.241178796234));
#10673=CARTESIAN_POINT('',(34.2812110523349,95.5983409441388,-28.6577188630488));
#10674=CARTESIAN_POINT('',(34.1425465947745,95.6553467932596,-29.0839047106144));
#10675=CARTESIAN_POINT('',(34.0063589508096,95.6565060454305,-29.5058769540369));
#10676=CARTESIAN_POINT('',(34.0049403318868,95.6565181209538,-29.5102724909005));
#10677=CARTESIAN_POINT('',(34.0035216653153,95.656524158699,-29.5146680331197));
#10678=CARTESIAN_POINT('',(34.0021030207506,95.656524158699,-29.5190635782946));
#10679=CARTESIAN_POINT('',(34.0021030207506,95.656524158699,-29.5190635782946));
#10680=CARTESIAN_POINT('',(29.5021030207506,95.656524158699,-29.5190635782946));
#10681=CARTESIAN_POINT('',(43.6271030207489,90.8565241587001,-29.5190635782981));
#10682=CARTESIAN_POINT('',(43.6271030207489,95.6565241587001,-29.5190635782981));
#10683=CARTESIAN_POINT('',(70.5021030207504,90.8565241587001,-29.5190635782981));
#10684=CARTESIAN_POINT('',(43.6271030207489,90.8565241587,-18.569063578298));
#10685=CARTESIAN_POINT('',(43.6271030207489,95.156524158699,-16.4359906775259));
#10686=CARTESIAN_POINT('',(43.6271030207489,86.556524158699,-16.4359906775298));
#10687=CARTESIAN_POINT('',(43.6271030207489,95.156524158699,-16.4359906775259));
#10688=CARTESIAN_POINT('',(43.6271030207489,95.2933262331391,-16.7117660248567));
#10689=CARTESIAN_POINT('',(43.5745145208709,95.4034227738284,-17.0019887667168));
#10690=CARTESIAN_POINT('',(43.5055480912298,95.4832952232514,-17.2911787962343));
#10691=CARTESIAN_POINT('',(43.4062110523332,95.5983409441388,-17.707718863049));
#10692=CARTESIAN_POINT('',(43.2675465944509,95.6553467932595,-18.1339047105105));
#10693=CARTESIAN_POINT('',(43.1313589508183,95.6565060454304,-18.5558769540402));
#10694=CARTESIAN_POINT('',(43.129940331899,95.6565181209537,-18.5602724909049));
#10695=CARTESIAN_POINT('',(43.1285216653171,95.656524158699,-18.5646680331208));
#10696=CARTESIAN_POINT('',(43.1271030207489,95.656524158699,-18.5690635782946));
#10697=CARTESIAN_POINT('',(43.1271030207489,95.656524158699,-18.5690635782946));
#10698=CARTESIAN_POINT('',(38.6271030207489,95.656524158699,-18.5690635782946));
#10699=CARTESIAN_POINT('',(43.6271030207489,86.056524158699,-18.5690635782946));
#10700=CARTESIAN_POINT('',(43.1271030207489,86.056524158699,-18.5690635782946));
#10701=CARTESIAN_POINT('',(43.1271030207489,86.056524158699,-18.5690635782946));
#10702=CARTESIAN_POINT('',(43.1285216653866,86.056524158699,-18.5646680331432));
#10703=CARTESIAN_POINT('',(43.1299403321767,86.056530196446,-18.5602724909945));
#10704=CARTESIAN_POINT('',(43.1313589510266,86.0565422719693,-18.5558769541074));
#10705=CARTESIAN_POINT('',(43.2675465879945,86.0577015241402,-18.1339047084273));
#10706=CARTESIAN_POINT('',(43.4062110523339,86.1147073732599,-17.7077188630559));
#10707=CARTESIAN_POINT('',(43.5055480912298,86.2297530941466,-17.2911787962414));
#10708=CARTESIAN_POINT('',(43.5745145208707,86.3096255435694,-17.0019887667228));
#10709=CARTESIAN_POINT('',(43.6271030207489,86.4197220842587,-16.7117660248617));
#10710=CARTESIAN_POINT('',(43.6271030207489,86.556524158699,-16.4359906775298));
#10711=CARTESIAN_POINT('',(70.5021030207504,90.8565241587,-18.569063578298));
#10712=CARTESIAN_POINT('',(29.5021030207504,79.9065241586995,-29.5190635782979));
#10713=CARTESIAN_POINT('',(29.5021030207504,84.7065241586994,-29.5190635782981));
#10714=CARTESIAN_POINT('',(29.5021030207506,75.106524158699,-29.5190635782946));
#10715=CARTESIAN_POINT('',(34.5021030207506,75.106524158699,-29.5190635782946));
#10716=CARTESIAN_POINT('',(34.0021030207506,75.106524158699,-29.5190635782946));
#10717=CARTESIAN_POINT('',(34.0021030207506,75.106524158699,-29.5190635782946));
#10718=CARTESIAN_POINT('',(34.0035216653705,75.106524158699,-29.5146680331374));
#10719=CARTESIAN_POINT('',(34.0049403321074,75.1065301964456,-29.5102724909716));
#10720=CARTESIAN_POINT('',(34.0063589509751,75.1065422719689,-29.5058769540901));
#10721=CARTESIAN_POINT('',(34.1425465896451,75.1077015241398,-29.0839047089592));
#10722=CARTESIAN_POINT('',(34.2812110523354,75.1647073732598,-28.6577188630541));
#10723=CARTESIAN_POINT('',(34.3805480912315,75.2797530941466,-28.2411787962395));
#10724=CARTESIAN_POINT('',(34.4495145208725,75.3596255435694,-27.9519887667212));
#10725=CARTESIAN_POINT('',(34.5021030207506,75.4697220842587,-27.6617660248603));
#10726=CARTESIAN_POINT('',(34.5021030207506,75.606524158699,-27.3859906775287));
#10727=CARTESIAN_POINT('',(34.5021030207506,75.606524158699,-27.3859906775287));
#10728=CARTESIAN_POINT('',(34.5021030207506,79.9065241586995,-29.5190635782979));
#10729=CARTESIAN_POINT('',(34.5021030207506,84.206524158699,-27.3859906775268));
#10730=CARTESIAN_POINT('',(34.5021030207506,84.206524158699,-27.3859906775268));
#10731=CARTESIAN_POINT('',(34.5021030207506,84.3433262331392,-27.6617660248578));
#10732=CARTESIAN_POINT('',(34.4495145208726,84.4534227738285,-27.9519887667182));
#10733=CARTESIAN_POINT('',(34.3805480912315,84.5332952232514,-28.2411787962359));
#10734=CARTESIAN_POINT('',(34.2812110523351,84.6483409441386,-28.6577188630506));
#10735=CARTESIAN_POINT('',(34.1425465928509,84.7053467932591,-29.0839047099936));
#10736=CARTESIAN_POINT('',(34.0063589508717,84.70650604543,-29.5058769540567));
#10737=CARTESIAN_POINT('',(34.0049403319696,84.7065181209533,-29.5102724909271));
#10738=CARTESIAN_POINT('',(34.0035216653361,84.706524158699,-29.5146680331263));
#10739=CARTESIAN_POINT('',(34.0021030207506,84.706524158699,-29.5190635782946));
#10740=CARTESIAN_POINT('',(34.0021030207506,84.706524158699,-29.5190635782946));
#10741=CARTESIAN_POINT('',(29.5021030207506,84.706524158699,-29.5190635782946));
#10742=CARTESIAN_POINT('',(43.6271030207489,79.9065241586995,-29.5190635782979));
#10743=CARTESIAN_POINT('',(43.6271030207489,84.7065241586995,-29.5190635782979));
#10744=CARTESIAN_POINT('',(70.5021030207504,79.9065241586995,-29.5190635782979));
#10745=CARTESIAN_POINT('',(43.6271030207489,79.9065241586995,-18.5690635782979));
#10746=CARTESIAN_POINT('',(43.6271030207489,84.206524158699,-16.4359906775268));
#10747=CARTESIAN_POINT('',(43.6271030207489,75.606524158699,-16.4359906775287));
#10748=CARTESIAN_POINT('',(43.6271030207489,84.206524158699,-16.4359906775268));
#10749=CARTESIAN_POINT('',(43.6271030207489,84.3433262331392,-16.7117660248578));
#10750=CARTESIAN_POINT('',(43.5745145208709,84.4534227738285,-17.0019887667182));
#10751=CARTESIAN_POINT('',(43.5055480912298,84.5332952232514,-17.2911787962359));
#10752=CARTESIAN_POINT('',(43.4062110523334,84.6483409441386,-17.7077188630506));
#10753=CARTESIAN_POINT('',(43.2675465928492,84.7053467932591,-18.1339047099936));
#10754=CARTESIAN_POINT('',(43.13135895087,84.70650604543,-18.5558769540567));
#10755=CARTESIAN_POINT('',(43.1299403319679,84.7065181209533,-18.5602724909271));
#10756=CARTESIAN_POINT('',(43.1285216653344,84.706524158699,-18.5646680331263));
#10757=CARTESIAN_POINT('',(43.1271030207489,84.706524158699,-18.5690635782946));
#10758=CARTESIAN_POINT('',(43.1271030207489,84.706524158699,-18.5690635782946));
#10759=CARTESIAN_POINT('',(38.6271030207489,84.706524158699,-18.5690635782946));
#10760=CARTESIAN_POINT('',(43.6271030207489,75.106524158699,-18.5690635782946));
#10761=CARTESIAN_POINT('',(43.1271030207489,75.106524158699,-18.5690635782946));
#10762=CARTESIAN_POINT('',(43.1271030207489,75.106524158699,-18.5690635782946));
#10763=CARTESIAN_POINT('',(43.1285216653688,75.106524158699,-18.5646680331374));
#10764=CARTESIAN_POINT('',(43.1299403321057,75.1065301964456,-18.5602724909716));
#10765=CARTESIAN_POINT('',(43.1313589509734,75.1065422719689,-18.5558769540901));
#10766=CARTESIAN_POINT('',(43.2675465896434,75.1077015241398,-18.1339047089592));
#10767=CARTESIAN_POINT('',(43.4062110523337,75.1647073732598,-17.7077188630541));
#10768=CARTESIAN_POINT('',(43.5055480912298,75.2797530941466,-17.2911787962395));
#10769=CARTESIAN_POINT('',(43.5745145208708,75.3596255435694,-17.0019887667212));
#10770=CARTESIAN_POINT('',(43.6271030207489,75.4697220842587,-16.7117660248603));
#10771=CARTESIAN_POINT('',(43.6271030207489,75.606524158699,-16.4359906775287));
#10772=CARTESIAN_POINT('',(70.5021030207504,79.9065241586995,-18.5690635782979));
#10773=CARTESIAN_POINT('',(16.2021030207504,73.756524158699,-24.7818813064665));
#10774=CARTESIAN_POINT('',(33.4497549139426,73.756524158699,-24.7818813064665));
#10775=CARTESIAN_POINT('',(34.0021030207506,73.756524158699,-24.7818813064665));
#10776=CARTESIAN_POINT('',(34.421912952923,73.5281113838209,-23.6152916596898));
#10777=CARTESIAN_POINT('',(34.4444848399378,73.4932205587741,-23.688805842185));
#10778=CARTESIAN_POINT('',(34.4563952143754,73.4661038850478,-23.7701124626823));
#10779=CARTESIAN_POINT('',(34.4631536357779,73.4499985249158,-23.8527328953788));
#10780=CARTESIAN_POINT('',(34.4704190667814,73.4326849577588,-23.9415514252533));
#10781=CARTESIAN_POINT('',(34.4720396307047,73.4274648945929,-24.0341388739756));
#10782=CARTESIAN_POINT('',(34.4692518446378,73.4347711119432,-24.124582916241));
#10783=CARTESIAN_POINT('',(34.4660598141426,73.4431367712967,-24.2281418458322));
#10784=CARTESIAN_POINT('',(34.4571369010828,73.468539452862,-24.3320920868859));
#10785=CARTESIAN_POINT('',(34.4346722671522,73.5072906777359,-24.4258913832921));
#10786=CARTESIAN_POINT('',(34.4201014609776,73.5324251441336,-24.4867306282791));
#10787=CARTESIAN_POINT('',(34.3991494035976,73.5637526453557,-24.5446386849584));
#10788=CARTESIAN_POINT('',(34.3684471765493,73.5968063350059,-24.5947414830743));
#10789=CARTESIAN_POINT('',(34.3444577206556,73.6226331269432,-24.633889746282));
#10790=CARTESIAN_POINT('',(34.3137912120476,73.650003113805,-24.6690597913808));
#10791=CARTESIAN_POINT('',(34.2766469835903,73.6744064536916,-24.6973420646758));
#10792=CARTESIAN_POINT('',(34.2392534510161,73.698973583576,-24.72581416254));
#10793=CARTESIAN_POINT('',(34.1939341251619,73.7210810927322,-24.7481119032918));
#10794=CARTESIAN_POINT('',(34.1449536535551,73.7356835233235,-24.7622597981154));
#10795=CARTESIAN_POINT('',(34.1001010834516,73.7490553125344,-24.775215358231));
#10796=CARTESIAN_POINT('',(34.0506664260008,73.756524158699,-24.7818813064665));
#10797=CARTESIAN_POINT('',(34.0021030207506,73.756524158699,-24.7818813064665));
#10798=CARTESIAN_POINT('',(34.0021030207506,75.106524158699,-24.7818813064667));
#10799=CARTESIAN_POINT('',(34.0449877521153,75.106524158699,-24.7818813064667));
#10800=CARTESIAN_POINT('',(34.0884843548243,75.1122820461309,-24.7767178834971));
#10801=CARTESIAN_POINT('',(34.1288014474358,75.1228429530733,-24.7666134551541));
#10802=CARTESIAN_POINT('',(34.1690657848085,75.1333900409844,-24.7565222485366));
#10803=CARTESIAN_POINT('',(34.2072466129279,75.1489629710358,-24.7411998066781));
#10804=CARTESIAN_POINT('',(34.2406669661751,75.1671072223578,-24.7214981186473));
#10805=CARTESIAN_POINT('',(34.2747964698508,75.1856364786947,-24.7013783781679));
#10806=CARTESIAN_POINT('',(34.3048046915173,75.2071933950048,-24.6762237022546));
#10807=CARTESIAN_POINT('',(34.3297801564096,75.2288633389595,-24.6475950452668));
#10808=CARTESIAN_POINT('',(34.3649150090853,75.2593480683379,-24.6073209742973));
#10809=CARTESIAN_POINT('',(34.3911322982979,75.290681016883,-24.5591054875669));
#10810=CARTESIAN_POINT('',(34.4102922075475,75.3177654570431,-24.507287456255));
#10811=CARTESIAN_POINT('',(34.4365557492512,75.354891589239,-24.4362576299322));
#10812=CARTESIAN_POINT('',(34.4509459472601,75.3851923073624,-24.3564053114459));
#10813=CARTESIAN_POINT('',(34.4594936663271,75.4045494143891,-24.2747621950894));
#10814=CARTESIAN_POINT('',(34.4683038549673,75.4245009082431,-24.1906121135728));
#10815=CARTESIAN_POINT('',(34.4712541944041,75.4335959080871,-24.102443925138));
#10816=CARTESIAN_POINT('',(34.4703257918534,75.4311176690219,-24.0155536831659));
#10817=CARTESIAN_POINT('',(34.4692249033367,75.4281790031101,-23.9125202850805));
#10818=CARTESIAN_POINT('',(34.4628437054833,75.408630522672,-23.8083112257271));
#10819=CARTESIAN_POINT('',(34.4452451096605,75.3749532429135,-23.71248920797));
#10820=CARTESIAN_POINT('',(34.4391177072735,75.3632276344356,-23.6791263154847));
#10821=CARTESIAN_POINT('',(34.4315061743037,75.3497657960737,-23.6465357389654));
#10822=CARTESIAN_POINT('',(34.4219129529231,75.3349369335773,-23.6152916596898));
#10823=CARTESIAN_POINT('',(34.0021030207506,75.106524158699,-24.7818813064667));
#10824=CARTESIAN_POINT('',(16.2021030207504,75.106524158699,-24.7818813064667));
#10825=CARTESIAN_POINT('',(33.4497549139425,75.106524158699,-24.7818813064666));
#10826=CARTESIAN_POINT('',(34.0646030207497,74.4315241586991,-24.0440635782979));
#10827=CARTESIAN_POINT('',(43.6271030207489,74.4315241586991,-24.0440635782979));
#10828=CARTESIAN_POINT('',(43.6271030207489,75.4315241586991,-24.0440635782979));
#10829=CARTESIAN_POINT('',(8.20210302075039,74.4315241586991,-24.0440635782979));
#10830=CARTESIAN_POINT('',(16.2021030207504,84.706524158699,-24.7818813064665));
#10831=CARTESIAN_POINT('',(33.4497549139426,84.706524158699,-24.7818813064665));
#10832=CARTESIAN_POINT('',(34.0021030207506,84.706524158699,-24.7818813064665));
#10833=CARTESIAN_POINT('',(34.421912952923,84.4781113838208,-23.6152916596899));
#10834=CARTESIAN_POINT('',(34.4444848399378,84.443220558774,-23.6888058421851));
#10835=CARTESIAN_POINT('',(34.4563952143754,84.4161038850478,-23.7701124626823));
#10836=CARTESIAN_POINT('',(34.4631536357779,84.3999985249158,-23.8527328953789));
#10837=CARTESIAN_POINT('',(34.4704190667814,84.3826849577588,-23.9415514252534));
#10838=CARTESIAN_POINT('',(34.4720396307047,84.3774648945929,-24.0341388739757));
#10839=CARTESIAN_POINT('',(34.4692518446378,84.3847711119432,-24.1245829162412));
#10840=CARTESIAN_POINT('',(34.4660598141426,84.3931367712967,-24.2281418458323));
#10841=CARTESIAN_POINT('',(34.4571369010828,84.418539452862,-24.332092086886));
#10842=CARTESIAN_POINT('',(34.4346722671522,84.457290677736,-24.4258913832922));
#10843=CARTESIAN_POINT('',(34.4201014609776,84.4824251441336,-24.4867306282792));
#10844=CARTESIAN_POINT('',(34.3991494035976,84.5137526453557,-24.5446386849585));
#10845=CARTESIAN_POINT('',(34.3684471765493,84.5468063350059,-24.5947414830744));
#10846=CARTESIAN_POINT('',(34.3444577206555,84.5726331269432,-24.6338897462821));
#10847=CARTESIAN_POINT('',(34.3137912120475,84.6000031138051,-24.6690597913809));
#10848=CARTESIAN_POINT('',(34.2766469835903,84.6244064536916,-24.6973420646758));
#10849=CARTESIAN_POINT('',(34.239253451016,84.6489735835761,-24.72581416254));
#10850=CARTESIAN_POINT('',(34.1939341251618,84.6710810927323,-24.7481119032919));
#10851=CARTESIAN_POINT('',(34.1449536535551,84.6856835233235,-24.7622597981154));
#10852=CARTESIAN_POINT('',(34.1001010834516,84.6990553125344,-24.775215358231));
#10853=CARTESIAN_POINT('',(34.0506664260008,84.706524158699,-24.7818813064665));
#10854=CARTESIAN_POINT('',(34.0021030207506,84.706524158699,-24.7818813064665));
#10855=CARTESIAN_POINT('',(34.0021030207506,86.056524158699,-24.7818813064667));
#10856=CARTESIAN_POINT('',(34.0449877521153,86.056524158699,-24.7818813064667));
#10857=CARTESIAN_POINT('',(34.0884843548243,86.0622820461309,-24.7767178834971));
#10858=CARTESIAN_POINT('',(34.1288014474358,86.0728429530733,-24.7666134551541));
#10859=CARTESIAN_POINT('',(34.1690657848085,86.0833900409844,-24.7565222485366));
#10860=CARTESIAN_POINT('',(34.2072466129279,86.0989629710357,-24.7411998066782));
#10861=CARTESIAN_POINT('',(34.2406669661751,86.1171072223578,-24.7214981186474));
#10862=CARTESIAN_POINT('',(34.2747964698508,86.1356364786947,-24.7013783781679));
#10863=CARTESIAN_POINT('',(34.3048046915173,86.1571933950047,-24.6762237022546));
#10864=CARTESIAN_POINT('',(34.3297801564096,86.1788633389595,-24.6475950452668));
#10865=CARTESIAN_POINT('',(34.3649150090853,86.2093480683379,-24.6073209742973));
#10866=CARTESIAN_POINT('',(34.3911322982979,86.240681016883,-24.5591054875669));
#10867=CARTESIAN_POINT('',(34.4102922075475,86.2677654570431,-24.507287456255));
#10868=CARTESIAN_POINT('',(34.4365557492512,86.304891589239,-24.4362576299322));
#10869=CARTESIAN_POINT('',(34.4509459472601,86.3351923073624,-24.3564053114459));
#10870=CARTESIAN_POINT('',(34.4594936663271,86.354549414389,-24.2747621950894));
#10871=CARTESIAN_POINT('',(34.4683038549673,86.3745009082431,-24.1906121135728));
#10872=CARTESIAN_POINT('',(34.4712541944041,86.3835959080871,-24.102443925138));
#10873=CARTESIAN_POINT('',(34.4703257918534,86.3811176690219,-24.0155536831659));
#10874=CARTESIAN_POINT('',(34.4692249033367,86.3781790031101,-23.9125202850805));
#10875=CARTESIAN_POINT('',(34.4628437054834,86.358630522672,-23.8083112257271));
#10876=CARTESIAN_POINT('',(34.4452451096605,86.3249532429135,-23.71248920797));
#10877=CARTESIAN_POINT('',(34.4391177072735,86.3132276344356,-23.6791263154847));
#10878=CARTESIAN_POINT('',(34.4315061743037,86.2997657960737,-23.6465357389654));
#10879=CARTESIAN_POINT('',(34.4219129529231,86.2849369335773,-23.6152916596898));
#10880=CARTESIAN_POINT('',(34.0021030207506,86.056524158699,-24.7818813064667));
#10881=CARTESIAN_POINT('',(16.2021030207504,86.056524158699,-24.7818813064666));
#10882=CARTESIAN_POINT('',(33.4497549139425,86.056524158699,-24.7818813064666));
#10883=CARTESIAN_POINT('',(34.0646030207497,85.3815241586991,-24.0440635782979));
#10884=CARTESIAN_POINT('',(43.6271030207489,85.3815241586991,-24.0440635782979));
#10885=CARTESIAN_POINT('',(43.6271030207489,86.3815241586991,-24.0440635782979));
#10886=CARTESIAN_POINT('',(8.20210302075039,85.3815241586991,-24.0440635782979));
#10887=CARTESIAN_POINT('',(16.2021030207504,95.656524158699,-24.7818813064665));
#10888=CARTESIAN_POINT('',(33.4497549139426,95.656524158699,-24.7818813064665));
#10889=CARTESIAN_POINT('',(34.0021030207506,95.656524158699,-24.7818813064665));
#10890=CARTESIAN_POINT('',(34.421912952923,95.4281113838209,-23.6152916596898));
#10891=CARTESIAN_POINT('',(34.4444848399378,95.3932205587741,-23.688805842185));
#10892=CARTESIAN_POINT('',(34.4563952143754,95.3661038850478,-23.7701124626823));
#10893=CARTESIAN_POINT('',(34.4631536357779,95.3499985249158,-23.8527328953788));
#10894=CARTESIAN_POINT('',(34.4704190667814,95.3326849577588,-23.9415514252533));
#10895=CARTESIAN_POINT('',(34.4720396307047,95.3274648945929,-24.0341388739756));
#10896=CARTESIAN_POINT('',(34.4692518446378,95.3347711119432,-24.124582916241));
#10897=CARTESIAN_POINT('',(34.4660598141426,95.3431367712967,-24.2281418458322));
#10898=CARTESIAN_POINT('',(34.4571369010828,95.368539452862,-24.3320920868859));
#10899=CARTESIAN_POINT('',(34.4346722671522,95.4072906777359,-24.4258913832921));
#10900=CARTESIAN_POINT('',(34.4201014609776,95.4324251441336,-24.4867306282791));
#10901=CARTESIAN_POINT('',(34.3991494035976,95.4637526453557,-24.5446386849584));
#10902=CARTESIAN_POINT('',(34.3684471765493,95.4968063350059,-24.5947414830743));
#10903=CARTESIAN_POINT('',(34.3444577206556,95.5226331269432,-24.633889746282));
#10904=CARTESIAN_POINT('',(34.3137912120476,95.550003113805,-24.6690597913808));
#10905=CARTESIAN_POINT('',(34.2766469835903,95.5744064536916,-24.6973420646758));
#10906=CARTESIAN_POINT('',(34.2392534510161,95.598973583576,-24.72581416254));
#10907=CARTESIAN_POINT('',(34.1939341251619,95.6210810927323,-24.7481119032918));
#10908=CARTESIAN_POINT('',(34.1449536535551,95.6356835233235,-24.7622597981154));
#10909=CARTESIAN_POINT('',(34.1001010834516,95.6490553125344,-24.775215358231));
#10910=CARTESIAN_POINT('',(34.0506664260008,95.656524158699,-24.7818813064665));
#10911=CARTESIAN_POINT('',(34.0021030207506,95.656524158699,-24.7818813064665));
#10912=CARTESIAN_POINT('',(34.0021030207506,97.006524158699,-24.7818813064667));
#10913=CARTESIAN_POINT('',(34.0449877521153,97.006524158699,-24.7818813064667));
#10914=CARTESIAN_POINT('',(34.0884843548243,97.0122820461309,-24.7767178834971));
#10915=CARTESIAN_POINT('',(34.1288014474358,97.0228429530733,-24.7666134551541));
#10916=CARTESIAN_POINT('',(34.1690657848085,97.0333900409844,-24.7565222485366));
#10917=CARTESIAN_POINT('',(34.2072466129279,97.0489629710357,-24.7411998066782));
#10918=CARTESIAN_POINT('',(34.2406669661751,97.0671072223578,-24.7214981186474));
#10919=CARTESIAN_POINT('',(34.2747964698508,97.0856364786947,-24.7013783781679));
#10920=CARTESIAN_POINT('',(34.3048046915173,97.1071933950047,-24.6762237022546));
#10921=CARTESIAN_POINT('',(34.3297801564096,97.1288633389595,-24.6475950452668));
#10922=CARTESIAN_POINT('',(34.3649150090853,97.1593480683379,-24.6073209742973));
#10923=CARTESIAN_POINT('',(34.3911322982979,97.190681016883,-24.5591054875669));
#10924=CARTESIAN_POINT('',(34.4102922075475,97.2177654570431,-24.507287456255));
#10925=CARTESIAN_POINT('',(34.4365557492512,97.254891589239,-24.4362576299322));
#10926=CARTESIAN_POINT('',(34.4509459472601,97.2851923073624,-24.3564053114459));
#10927=CARTESIAN_POINT('',(34.4594936663271,97.304549414389,-24.2747621950894));
#10928=CARTESIAN_POINT('',(34.4683038549673,97.3245009082431,-24.1906121135728));
#10929=CARTESIAN_POINT('',(34.4712541944041,97.3335959080871,-24.102443925138));
#10930=CARTESIAN_POINT('',(34.4703257918534,97.3311176690219,-24.0155536831659));
#10931=CARTESIAN_POINT('',(34.4692249033367,97.3281790031101,-23.9125202850805));
#10932=CARTESIAN_POINT('',(34.4628437054834,97.3086305226719,-23.8083112257271));
#10933=CARTESIAN_POINT('',(34.4452451096605,97.2749532429135,-23.71248920797));
#10934=CARTESIAN_POINT('',(34.4391177072735,97.2632276344356,-23.6791263154847));
#10935=CARTESIAN_POINT('',(34.4315061743037,97.2497657960737,-23.6465357389654));
#10936=CARTESIAN_POINT('',(34.4219129529231,97.2349369335773,-23.6152916596897));
#10937=CARTESIAN_POINT('',(34.0021030207506,97.006524158699,-24.7818813064667));
#10938=CARTESIAN_POINT('',(16.2021030207504,97.006524158699,-24.7818813064667));
#10939=CARTESIAN_POINT('',(33.4497549139425,97.006524158699,-24.7818813064667));
#10940=CARTESIAN_POINT('',(34.0646030207497,96.3315241586991,-24.0440635782979));
#10941=CARTESIAN_POINT('',(8.20210302075039,96.3315241586991,-24.0440635782979));
#10942=CARTESIAN_POINT('',(104.00210302075,77.3246849648717,-24.0440635782978));
#10943=CARTESIAN_POINT('',(72.0021030207504,77.3246849648718,-24.0440635782978));
#10944=CARTESIAN_POINT('',(70.7021030207504,77.3246849648717,-24.0440635782978));
#10945=CARTESIAN_POINT('',(70.7021030207504,77.6651155446604,-24.6337066389419));
#10946=CARTESIAN_POINT('',(70.7021030207504,78.4575122932456,-26.0061780672438));
#10947=CARTESIAN_POINT('',(71.3021030207504,78.4575122932456,-26.0061780672438));
#10948=CARTESIAN_POINT('',(72.0021030207504,78.4575122932456,-26.0061780672438));
#10949=CARTESIAN_POINT('',(72.0021030207504,75.1234705434963,-20.2314483621221));
#10950=CARTESIAN_POINT('',(104.00210302075,77.6651155446604,-24.6337066389419));
#10951=CARTESIAN_POINT('',(70.7021030207504,82.1479327727382,-24.633706638942));
#10952=CARTESIAN_POINT('',(70.7021030207504,82.4883633525267,-24.0440635782978));
#10953=CARTESIAN_POINT('',(70.7021030207504,81.3555360241531,-26.0061780672437));
#10954=CARTESIAN_POINT('',(36.5021030207504,82.4883633525269,-24.0440635782978));
#10955=CARTESIAN_POINT('',(72.0021030207504,82.4883633525268,-24.0440635782978));
#10956=CARTESIAN_POINT('',(72.0021030207504,84.6895777739023,-20.2314483621222));
#10957=CARTESIAN_POINT('',(72.0021030207504,81.3555360241531,-26.0061780672437));
#10958=CARTESIAN_POINT('',(104.00210302075,81.3555360241531,-26.0061780672437));
#10959=CARTESIAN_POINT('',(104.00210302075,82.1479327727382,-24.633706638942));
#10960=CARTESIAN_POINT('',(48.7021030207505,74.3269361696738,-11.5190635782946));
#10961=CARTESIAN_POINT('',(48.7021030207505,75.3269361696738,-11.5190635782946));
#10962=CARTESIAN_POINT('',(48.7021030207505,74.2469361696761,-11.5190635782946));
#10963=CARTESIAN_POINT('',(50.6021030207504,75.3269361696738,-11.5190635782946));
#10964=CARTESIAN_POINT('',(50.6021030207504,75.3269361696738,-11.5190635782946));
#10965=CARTESIAN_POINT('',(50.6021030207504,74.4361121476738,-11.5190635782946));
#10966=CARTESIAN_POINT('',(50.6021030207504,73.704079026819,-11.5190635782946));
#10967=CARTESIAN_POINT('',(35.3413483037699,78.064294660242,-11.5190635782946));
#10968=CARTESIAN_POINT('',(48.7021030207504,96.4361121476738,-11.5190635782945));
#10969=CARTESIAN_POINT('',(48.7021030207504,96.5161121476715,-11.5190635782946));
#10970=CARTESIAN_POINT('',(48.7021030207504,95.4361121476738,-11.5190635782946));
#10971=CARTESIAN_POINT('',(36.5300275490529,93.0383762986151,-11.5190635782945));
#10972=CARTESIAN_POINT('',(50.6021030207503,97.0589692905286,-11.5190635782946));
#10973=CARTESIAN_POINT('',(50.6021030207503,95.9361121476738,-11.5190635782945));
#10974=CARTESIAN_POINT('',(50.6021030207503,95.4361121476739,-11.5190635782945));
#10975=CARTESIAN_POINT('',(48.5414332473026,95.4361121476738,-11.5190635782945));
#10976=CARTESIAN_POINT('',(60.9221030207586,74.4361121476738,-11.5190635782946));
#10977=CARTESIAN_POINT('',(60.9221030207586,75.3269361696738,-11.5190635782946));
#10978=CARTESIAN_POINT('',(60.9221030207504,68.2315241587003,-11.5190635782946));
#10979=CARTESIAN_POINT('',(52.0021030207504,68.2315241587003,-11.5190635782946));
#10980=CARTESIAN_POINT('',(70.2021030207504,68.2315241587003,-11.5190635782946));
#10981=CARTESIAN_POINT('',(70.2021030207504,112.5665241587,-11.5190635782946));
#10982=CARTESIAN_POINT('',(70.2021030207504,75.8315241586997,-11.5190635782946));
#10983=CARTESIAN_POINT('',(35.7021030207504,75.8315241586997,-11.5190635782946));
#10984=CARTESIAN_POINT('',(68.6021030207505,75.8315241586997,-11.5190635452418));
#10985=CARTESIAN_POINT('',(68.6021030207505,85.8815241586997,-11.5190635121889));
#10986=CARTESIAN_POINT('',(68.6021030207505,85.4361121476738,-11.5190635452418));
#10987=CARTESIAN_POINT('',(35.7021030207504,85.4361121476738,-11.5190635782946));
#10988=CARTESIAN_POINT('',(68.7021030207504,85.4361121476738,-11.5190635782946));
#10989=CARTESIAN_POINT('',(68.7021030207504,85.4361121476738,-11.5190635782946));
#10990=CARTESIAN_POINT('',(68.7021030207504,94.9315241586997,-11.5190635782946));
#10991=CARTESIAN_POINT('',(55.1771030207504,94.9315241586997,-11.5190635782946));
#10992=CARTESIAN_POINT('',(70.2021030207504,94.9315241586997,-11.5190635782946));
#10993=CARTESIAN_POINT('',(70.2021030207504,112.5665241587,-11.5190635782946));
#10994=CARTESIAN_POINT('',(70.2021030207504,110.656524158699,-11.5190635782946));
#10995=CARTESIAN_POINT('',(-26.1198969792496,110.656524158699,-11.5190635782946));
#10996=CARTESIAN_POINT('',(60.9221030207586,110.656524158699,-11.5190635782946));
#10997=CARTESIAN_POINT('',(60.9221030207586,96.4361121476738,-11.5190635782945));
#10998=CARTESIAN_POINT('',(60.9221030207586,95.4361121476739,-11.5190635782945));
#10999=CARTESIAN_POINT('',(48.5414332473026,95.4361121476738,-11.5190635782945));
#11000=CARTESIAN_POINT('',(58.9221030207586,95.4361121476738,-11.5190635782946));
#11001=CARTESIAN_POINT('',(58.9221030207586,94.4361121476739,-11.5190635782945));
#11002=CARTESIAN_POINT('',(58.9221030207586,104.8565241587,-11.5190635782945));
#11003=CARTESIAN_POINT('',(52.0021030207504,104.8565241587,-11.5190635782946));
#11004=CARTESIAN_POINT('',(52.0021030207504,65.906524158699,-11.5190635782946));
#11005=CARTESIAN_POINT('',(58.9221030207586,65.906524158699,-11.5190635782946));
#11006=CARTESIAN_POINT('',(58.9221030207586,79.4361121476738,-11.5190635782946));
#11007=CARTESIAN_POINT('',(58.9221030207586,75.3269361696738,-11.5190635782946));
#11008=CARTESIAN_POINT('',(60.9221030207586,75.3269361696738,-11.5190635782946));
#11009=CARTESIAN_POINT('',(52.0021030207504,112.5665241587,-11.5190635782946));
#11010=CARTESIAN_POINT('',(60.9221030207504,65.5315241587003,-9.01906357829459));
#11011=CARTESIAN_POINT('',(60.9221030207504,65.5315241587003,-9.01906357829459));
#11012=CARTESIAN_POINT('',(60.9221030207503,65.5315241587003,-11.536680497776));
#11013=CARTESIAN_POINT('',(60.9221030207504,59.406524158699,-9.01906357829459));
#11014=CARTESIAN_POINT('',(60.9221030207504,60.406524158699,-9.01906357829459));
#11015=CARTESIAN_POINT('',(60.9221030207586,60.406524158699,-10.0190635782946));
#11016=CARTESIAN_POINT('',(60.9221030207504,59.406524158699,-10.0190635782946));
#11017=CARTESIAN_POINT('',(60.9221030207504,59.406524158699,-17.5190635782946));
#11018=CARTESIAN_POINT('',(60.9221030207504,59.406524158699,-17.5190635782946));
#11019=CARTESIAN_POINT('',(60.9221030207504,61.906524158699,-17.5190635782946));
#11020=CARTESIAN_POINT('',(60.9221030207504,61.906524158699,-17.5190635782946));
#11021=CARTESIAN_POINT('',(60.9221030207504,61.906524158699,-11.5190635782946));
#11022=CARTESIAN_POINT('',(60.9221030207504,61.906524158699,-15.5190635782946));
#11023=CARTESIAN_POINT('',(60.9221030207586,65.906524158699,-15.5190635782946));
#11024=CARTESIAN_POINT('',(60.9221030207586,74.4361121476738,-7.28126264440025));
#11025=CARTESIAN_POINT('',(60.9221030207504,68.2315241587003,-12.0190635782946));
#11026=CARTESIAN_POINT('',(60.9221030207504,68.2315241587003,-9.01906357829459));
#11027=CARTESIAN_POINT('',(60.9221030207586,75.3269361696738,-7.28126264440025));
#11028=CARTESIAN_POINT('',(60.9221030207586,75.3269361696738,-6.93126264440024));
#11029=CARTESIAN_POINT('',(60.9221030207586,74.3269361696738,-6.93126264440024));
#11030=CARTESIAN_POINT('',(60.9221030207586,71.3269361696738,-6.93126264440024));
#11031=CARTESIAN_POINT('',(60.9221030207586,71.3269361696738,-11.8690635782946));
#11032=CARTESIAN_POINT('',(60.9221030207586,71.3269361696738,-9.01906357829459));
#11033=CARTESIAN_POINT('',(60.9221030207504,59.406524158699,-9.01906357829459));
#11034=CARTESIAN_POINT('',(60.9221030207586,74.4361121476738,-7.28126264440025));
#11035=CARTESIAN_POINT('',(70.2021030207504,65.906524158699,-15.5190635782946));
#11036=CARTESIAN_POINT('',(70.2021030207504,61.906524158699,-15.5190635782946));
#11037=CARTESIAN_POINT('',(70.2021030207504,65.5315241587003,-11.536680497776));
#11038=CARTESIAN_POINT('',(52.0021030207504,65.5315241587003,-11.536680497776));
#11039=CARTESIAN_POINT('',(252.25210302075,61.906524158699,-15.5190635782946));
#11040=CARTESIAN_POINT('',(52.0021030207504,65.906524158699,-15.5190635782946));
#11041=CARTESIAN_POINT('',(70.2021030207504,68.2315241587003,-12.0190635782946));
#11042=CARTESIAN_POINT('',(70.5021030207504,68.2315241587003,-11.6190635782946));
#11043=CARTESIAN_POINT('',(70.5021030207504,68.2315241587003,-11.6190635782946));
#11044=CARTESIAN_POINT('',(70.5291704359019,68.2315241587003,-11.6393641396582));
#11045=CARTESIAN_POINT('',(70.5543260785657,68.2259951825508,-11.6626803287758));
#11046=CARTESIAN_POINT('',(70.5760417898848,68.217354883891,-11.6871452194488));
#11047=CARTESIAN_POINT('',(70.6069200051382,68.2050689864617,-11.7219325745233));
#11048=CARTESIAN_POINT('',(70.6319773084514,68.1862631468535,-11.7600791909018));
#11049=CARTESIAN_POINT('',(70.6509966058273,68.1650558041043,-11.798848798416));
#11050=CARTESIAN_POINT('',(70.6779535636924,68.1349976251075,-11.8537988134218));
#11051=CARTESIAN_POINT('',(70.6938679857958,68.0991089880832,-11.9117860044319));
#11052=CARTESIAN_POINT('',(70.6996207092031,68.0629369387644,-11.9693026530873));
#11053=CARTESIAN_POINT('',(70.7011513812062,68.0533123593668,-11.9846065565732));
#11054=CARTESIAN_POINT('',(70.7019728181051,68.0436122590655,-11.9999500746857));
#11055=CARTESIAN_POINT('',(70.7020887347508,68.0339145984142,-12.0152839224901));
#11056=CARTESIAN_POINT('',(70.7020982588033,68.0331178100961,-12.0165437965196));
#11057=CARTESIAN_POINT('',(70.7021030207504,68.0323209760038,-12.0178036865982));
#11058=CARTESIAN_POINT('',(70.7021030207504,68.0315241587003,-12.0190635782946));
#11059=CARTESIAN_POINT('',(70.7021030207504,68.0315241587003,-12.0190635782946));
#11060=CARTESIAN_POINT('',(70.7021030207504,-2.5,-12.0190635782946));
#11061=CARTESIAN_POINT('',(70.7021030207504,75.8315241586997,-12.0190635782946));
#11062=CARTESIAN_POINT('',(70.2021030207504,75.8315241586997,-12.0190635782946));
#11063=CARTESIAN_POINT('',(70.2021030207504,112.5665241587,-12.0190635782946));
#11064=CARTESIAN_POINT('',(60.9221030207504,105.531524158629,-35.9690635782979));
#11065=CARTESIAN_POINT('',(60.9221030207504,105.531524158629,-36.5116991181489));
#11066=CARTESIAN_POINT('',(60.9221030207504,105.531524158629,-39.0690635782979));
#11067=CARTESIAN_POINT('',(60.9221030207586,104.8565241587,-32.5690635782979));
#11068=CARTESIAN_POINT('',(60.9221030207586,104.8565241587,-36.5690635782979));
#11069=CARTESIAN_POINT('',(60.9221030207586,96.3269361697257,-36.5690635782979));
#11070=CARTESIAN_POINT('',(60.9221030207586,95.4361121477257,-36.5690635782979));
#11071=CARTESIAN_POINT('',(60.9221030207586,95.4361121477257,-40.8068645121922));
#11072=CARTESIAN_POINT('',(60.9221030207586,95.4361121477257,-41.1568645121922));
#11073=CARTESIAN_POINT('',(60.9221030207586,96.4361121477257,-41.1568645121922));
#11074=CARTESIAN_POINT('',(60.9221030207586,99.4361121477257,-41.1568645121922));
#11075=CARTESIAN_POINT('',(60.9221030207586,99.4361121477257,-36.2190635782979));
#11076=CARTESIAN_POINT('',(60.9221030207586,99.4361121477257,-39.0690635782979));
#11077=CARTESIAN_POINT('',(60.9221030207504,111.3565241587,-39.0690635782979));
#11078=CARTESIAN_POINT('',(60.9221030207586,96.3269361697257,-40.8068645121922));
#11079=CARTESIAN_POINT('',(60.9221030207504,108.231524158629,-39.0690635782979));
#11080=CARTESIAN_POINT('',(60.9221030207504,108.231524158629,-39.0690635782979));
#11081=CARTESIAN_POINT('',(60.9221030207504,108.231524158629,-34.7160090830749));
#11082=CARTESIAN_POINT('',(60.9221030207504,111.3565241587,-39.0690635782979));
#11083=CARTESIAN_POINT('',(60.9221030207504,110.3565241587,-39.0690635782979));
#11084=CARTESIAN_POINT('',(60.9221030207586,110.3565241587,-38.0690635782979));
#11085=CARTESIAN_POINT('',(60.9221030207504,111.3565241587,-38.0690635782979));
#11086=CARTESIAN_POINT('',(60.9221030207504,111.3565241587,-30.5690635782979));
#11087=CARTESIAN_POINT('',(60.9221030207504,111.3565241587,-30.5690635782979));
#11088=CARTESIAN_POINT('',(60.9221030207504,108.8565241587,-30.5690635782979));
#11089=CARTESIAN_POINT('',(60.9221030207504,108.8565241587,-30.5690635782979));
#11090=CARTESIAN_POINT('',(60.9221030207504,108.8565241587,-36.5690635782979));
#11091=CARTESIAN_POINT('',(60.9221030207504,108.8565241587,-32.5690635782979));
#11092=CARTESIAN_POINT('',(60.9221030207586,104.8565241587,-32.5690635782979));
#11093=CARTESIAN_POINT('',(60.9221030207586,96.3269361697257,-40.8068645121922));
#11094=CARTESIAN_POINT('',(52.0021030207504,105.531524158629,-36.5116991181489));
#11095=CARTESIAN_POINT('',(70.2021030207504,105.531524158629,-36.511699118149));
#11096=CARTESIAN_POINT('',(70.2021030207504,104.8565241587,-32.5690635782979));
#11097=CARTESIAN_POINT('',(70.2021030207504,104.8565241587,-36.5690635782979));
#11098=CARTESIAN_POINT('',(52.0021030207504,104.8565241587,-36.5690635782979));
#11099=CARTESIAN_POINT('',(52.0021030207504,104.8565241587,-32.5690635782979));
#11100=CARTESIAN_POINT('',(70.2021030207504,104.8565241587,-32.5690635782979));
#11101=CARTESIAN_POINT('',(70.2021030207504,108.8565241587,-32.5690635782979));
#11102=CARTESIAN_POINT('',(70.2021030207502,108.231524158629,-34.7160090830751));
#11103=CARTESIAN_POINT('',(52.0021030207504,108.231524158629,-34.7160090830749));
#11104=CARTESIAN_POINT('',(252.25210302075,108.8565241587,-32.5690635782979));
#11105=CARTESIAN_POINT('',(52.0021030207504,104.8565241587,-32.5690635782979));
#11106=CARTESIAN_POINT('',(70.2021030207504,105.531524158629,-36.511699118149));
#11107=CARTESIAN_POINT('',(70.2235703738174,105.531524158629,-36.511699118149));
#11108=CARTESIAN_POINT('',(70.2450833554469,105.531524158629,-36.5102903216306));
#11109=CARTESIAN_POINT('',(70.2663674896974,105.531524158629,-36.5074915939001));
#11110=CARTESIAN_POINT('',(70.3214039171697,105.531524158629,-36.5002546551579));
#11111=CARTESIAN_POINT('',(70.3759401555072,105.531524158629,-36.4833552269893));
#11112=CARTESIAN_POINT('',(70.4254555003426,105.531524158629,-36.4582631514054));
#11113=CARTESIAN_POINT('',(70.4523545828533,105.531524158629,-36.4446319464982));
#11114=CARTESIAN_POINT('',(70.4781113951372,105.531524158629,-36.4284754223778));
#11115=CARTESIAN_POINT('',(70.5021030207546,105.531524158629,-36.4102059864979));
#11116=CARTESIAN_POINT('',(70.5021030207546,105.531524158629,-36.4102059864979));
#11117=CARTESIAN_POINT('',(70.5021030207546,105.531524158629,-36.4102059864979));
#11118=CARTESIAN_POINT('',(70.5290463022331,105.531524158629,-36.3896888876894));
#11119=CARTESIAN_POINT('',(70.5535788774908,105.536955584937,-36.3655976024954));
#11120=CARTESIAN_POINT('',(70.5745595997723,105.545110521369,-36.3402954669199));
#11121=CARTESIAN_POINT('',(70.6060561578873,105.557352827702,-36.3023115418246));
#11122=CARTESIAN_POINT('',(70.6308313845388,105.575957005905,-36.2604126285606));
#11123=CARTESIAN_POINT('',(70.6495981549445,105.596449418618,-36.2178385149136));
#11124=CARTESIAN_POINT('',(70.6794353799114,105.629030236468,-36.1501500752308));
#11125=CARTESIAN_POINT('',(70.6953934996286,105.667517216036,-36.0784684489681));
#11126=CARTESIAN_POINT('',(70.7003861356886,105.70537446776,-36.0072266309872));
#11127=CARTESIAN_POINT('',(70.7014415241935,105.713377075564,-35.9921668920318));
#11128=CARTESIAN_POINT('',(70.7020060633873,105.721393108349,-35.9770722726611));
#11129=CARTESIAN_POINT('',(70.7020915717169,105.729384186089,-35.9619697338398));
#11130=CARTESIAN_POINT('',(70.7020992065283,105.730097688172,-35.9606212683053));
#11131=CARTESIAN_POINT('',(70.7021030207504,105.730810832217,-35.9592725863312));
#11132=CARTESIAN_POINT('',(70.7021030207504,105.731524158629,-35.9579240062478));
#11133=CARTESIAN_POINT('',(70.7021030207504,105.731524158629,-35.9579240062478));
#11134=CARTESIAN_POINT('',(70.7021030207504,104.8565241587,-32.5690635782979));
#11135=CARTESIAN_POINT('',(70.7021030207504,104.8565241587,-36.0690635782979));
#11136=CARTESIAN_POINT('',(70.2021030207504,104.8565241587,-36.0690635782979));
#11137=CARTESIAN_POINT('',(70.2021030207504,104.8565241587,-32.5690635782979));
#11138=CARTESIAN_POINT('',(44.5021030207504,95.656524158699,-11.5190635782946));
#11139=CARTESIAN_POINT('',(44.5021030207504,97.006524158699,-11.5190635782946));
#11140=CARTESIAN_POINT('',(29.5021030207504,-355.948475841314,-29.5190635782981));
#11141=CARTESIAN_POINT('',(44.5021030207504,-355.948475841314,-11.5190635782946));
#11142=CARTESIAN_POINT('',(44.5021030207504,84.706524158699,-11.5190635782946));
#11143=CARTESIAN_POINT('',(44.5021030207509,86.056524158699,-11.519063578294));
#11144=CARTESIAN_POINT('',(29.5021030207504,-355.948475841314,-29.5190635782981));
#11145=CARTESIAN_POINT('',(44.5021030207504,-355.948475841314,-11.5190635782946));
#11146=CARTESIAN_POINT('',(44.5021030207504,73.756524158699,-11.5190635782946));
#11147=CARTESIAN_POINT('',(44.5021030207504,75.106524158699,-11.5190635782946));
#11148=CARTESIAN_POINT('',(29.5021030207504,-355.948475841314,-29.5190635782981));
#11149=CARTESIAN_POINT('',(44.5021030207504,-355.948475841314,-11.5190635782946));
#11150=CARTESIAN_POINT('',(252.25210302075,61.906524158699,-32.5690635782979));
#11151=CARTESIAN_POINT('',(60.9221030207504,61.906524158699,-32.5690635782979));
#11152=CARTESIAN_POINT('',(70.2021030207504,61.906524158699,-32.5690635782979));
#11153=CARTESIAN_POINT('',(70.2021030207504,61.906524158699,-24.0940635782908));
#11154=CARTESIAN_POINT('',(60.9221030207504,61.906524158699,-17.5190635782946));
#11155=CARTESIAN_POINT('',(58.9221030207504,61.906524158699,-17.5190635782946));
#11156=CARTESIAN_POINT('',(58.9221030207504,61.906524158699,-11.5190635782946));
#11157=CARTESIAN_POINT('',(58.9221030207504,61.906524158699,-15.5190635782946));
#11158=CARTESIAN_POINT('',(252.25210302075,61.906524158699,-15.5190635782946));
#11159=CARTESIAN_POINT('',(29.5021030207504,61.906524158699,-24.8440635782946));
#11160=CARTESIAN_POINT('',(29.5021030207504,61.906524158699,-32.5690635782979));
#11161=CARTESIAN_POINT('',(252.25210302075,61.906524158699,-32.5690635782979));
#11162=CARTESIAN_POINT('',(58.9221030207504,61.906524158699,-32.5690635782979));
#11163=CARTESIAN_POINT('',(58.9221030207504,61.906524158699,-30.5690635782979));
#11164=CARTESIAN_POINT('',(58.9221030207504,61.906524158699,-30.5690635782979));
#11165=CARTESIAN_POINT('',(60.9221030207504,61.906524158699,-30.5690635782979));
#11166=CARTESIAN_POINT('',(60.9221030207504,61.906524158699,-30.5690635782979));
#11167=CARTESIAN_POINT('',(60.9221030207504,61.906524158699,-30.5690635782979));
#11168=CARTESIAN_POINT('',(252.25210302075,61.906524158699,-24.0940635782908));
#11169=CARTESIAN_POINT('',(48.7021030207505,96.4361121477257,-36.5690635782979));
#11170=CARTESIAN_POINT('',(48.7021030207505,95.4361121477257,-36.5690635782979));
#11171=CARTESIAN_POINT('',(48.7021030207505,96.5161121477234,-36.5690635782979));
#11172=CARTESIAN_POINT('',(50.6021030207504,95.4361121477257,-36.5690635782979));
#11173=CARTESIAN_POINT('',(50.6021030207504,95.4361121477257,-36.5690635782979));
#11174=CARTESIAN_POINT('',(50.6021030207504,96.3269361697257,-36.5690635782979));
#11175=CARTESIAN_POINT('',(50.6021030207504,97.0589692905805,-36.5690635782979));
#11176=CARTESIAN_POINT('',(35.3413483037699,92.6987536571575,-36.5690635782979));
#11177=CARTESIAN_POINT('',(48.7021030207504,74.3269361697257,-36.569063578298));
#11178=CARTESIAN_POINT('',(48.7021030207504,74.246936169728,-36.5690635782979));
#11179=CARTESIAN_POINT('',(48.7021030207504,75.3269361697256,-36.5690635782979));
#11180=CARTESIAN_POINT('',(36.5300275490529,77.7246720187844,-36.569063578298));
#11181=CARTESIAN_POINT('',(50.6021030207503,73.7040790268709,-36.5690635782979));
#11182=CARTESIAN_POINT('',(50.6021030207503,74.8269361697256,-36.569063578298));
#11183=CARTESIAN_POINT('',(50.6021030207503,75.3269361697256,-36.569063578298));
#11184=CARTESIAN_POINT('',(48.5414332473026,75.3269361697256,-36.569063578298));
#11185=CARTESIAN_POINT('',(55.1771030207504,75.8315241586998,-36.5690635782979));
#11186=CARTESIAN_POINT('',(70.2021030207504,75.8315241586998,-36.5690635782979));
#11187=CARTESIAN_POINT('',(68.7021030207504,75.8315241586998,-36.5690635782979));
#11188=CARTESIAN_POINT('',(70.2021030207504,60.456524158699,-36.5690635782979));
#11189=CARTESIAN_POINT('',(70.2021030207504,65.906524158699,-36.5690635782979));
#11190=CARTESIAN_POINT('',(52.0021030207504,65.906524158699,-36.5690635782979));
#11191=CARTESIAN_POINT('',(60.9221030207586,65.906524158699,-36.569063578298));
#11192=CARTESIAN_POINT('',(60.9221030207586,74.3269361697257,-36.569063578298));
#11193=CARTESIAN_POINT('',(60.9221030207586,75.3269361697256,-36.569063578298));
#11194=CARTESIAN_POINT('',(48.5414332473026,75.3269361697256,-36.569063578298));
#11195=CARTESIAN_POINT('',(58.9221030207586,75.3269361697256,-36.5690635782979));
#11196=CARTESIAN_POINT('',(58.9221030207586,76.3269361697256,-36.569063578298));
#11197=CARTESIAN_POINT('',(58.9221030207586,65.906524158699,-36.569063578298));
#11198=CARTESIAN_POINT('',(52.0021030207504,65.906524158699,-36.5690635782979));
#11199=CARTESIAN_POINT('',(29.5021030207504,65.906524158699,-36.5690635782979));
#11200=CARTESIAN_POINT('',(29.5021030207504,60.456524158699,-36.5690635782979));
#11201=CARTESIAN_POINT('',(29.5021030207504,104.8565241587,-36.5690635782979));
#11202=CARTESIAN_POINT('',(52.0021030207504,104.8565241587,-36.5690635782979));
#11203=CARTESIAN_POINT('',(58.9221030207586,104.8565241587,-36.5690635782979));
#11204=CARTESIAN_POINT('',(58.9221030207586,91.3269361697257,-36.5690635782979));
#11205=CARTESIAN_POINT('',(58.9221030207586,95.4361121477257,-36.5690635782979));
#11206=CARTESIAN_POINT('',(60.9221030207586,95.4361121477257,-36.5690635782979));
#11207=CARTESIAN_POINT('',(70.2021030207504,60.456524158699,-36.5690635782979));
#11208=CARTESIAN_POINT('',(70.2021030207504,94.9315241586997,-36.5690635782979));
#11209=CARTESIAN_POINT('',(35.7021030207504,94.9315241586997,-36.5690635782979));
#11210=CARTESIAN_POINT('',(68.6021030207505,94.9315241586997,-36.5690636113507));
#11211=CARTESIAN_POINT('',(68.6021030207505,84.8815241586997,-36.5690636444036));
#11212=CARTESIAN_POINT('',(68.6021030207505,85.3269361697257,-36.5690636113507));
#11213=CARTESIAN_POINT('',(35.7021030207504,85.3269361697257,-36.5690635782979));
#11214=CARTESIAN_POINT('',(68.7021030207504,85.3269361697257,-36.5690635782979));
#11215=CARTESIAN_POINT('',(68.7021030207504,85.3269361697257,-36.5690635782979));
#11216=CARTESIAN_POINT('',(52.0021030207504,60.456524158699,-36.5690635782979));
#11217=CARTESIAN_POINT('',(252.25210302075,108.8565241587,-14.0190635782946));
#11218=CARTESIAN_POINT('',(70.2021030207504,108.8565241587,-14.0190635782946));
#11219=CARTESIAN_POINT('',(60.9221030207504,108.8565241587,-14.0190635782946));
#11220=CARTESIAN_POINT('',(70.2021030207504,108.8565241587,-20.1690635782981));
#11221=CARTESIAN_POINT('',(60.9221030207504,108.8565241587,-30.5690635782979));
#11222=CARTESIAN_POINT('',(58.9221030207504,108.8565241587,-30.5690635782979));
#11223=CARTESIAN_POINT('',(58.9221030207504,108.8565241587,-36.5690635782979));
#11224=CARTESIAN_POINT('',(58.9221030207504,108.8565241587,-32.5690635782979));
#11225=CARTESIAN_POINT('',(252.25210302075,108.8565241587,-32.5690635782979));
#11226=CARTESIAN_POINT('',(29.5021030207504,108.8565241587,-32.5690635782979));
#11227=CARTESIAN_POINT('',(29.5021030207504,108.8565241587,-24.8440635782946));
#11228=CARTESIAN_POINT('',(252.25210302075,108.8565241587,-15.5190635782946));
#11229=CARTESIAN_POINT('',(58.9221030207504,108.8565241587,-15.5190635782946));
#11230=CARTESIAN_POINT('',(58.9221030207504,108.8565241587,-17.5190635782946));
#11231=CARTESIAN_POINT('',(58.9221030207504,108.8565241587,-17.5190635782946));
#11232=CARTESIAN_POINT('',(60.9221030207504,108.8565241587,-17.5190635782946));
#11233=CARTESIAN_POINT('',(60.9221030207504,108.8565241587,-17.5190635782946));
#11234=CARTESIAN_POINT('',(60.9221030207504,108.8565241587,-17.5190635782946));
#11235=CARTESIAN_POINT('',(252.25210302075,108.8565241587,-20.1690635782981));
#11236=CARTESIAN_POINT('',(29.5021030207504,104.8565241587,-32.5690635782979));
#11237=CARTESIAN_POINT('',(29.5021030207504,65.906524158699,-32.5690635782979));
#11238=CARTESIAN_POINT('',(29.5021030207504,99.2665241587,-24.8440635782946));
#11239=CARTESIAN_POINT('',(70.7021030207504,68.9565241586991,-29.5190635782979));
#11240=CARTESIAN_POINT('',(70.7021030207504,68.9565241586991,-31.5190635782979));
#11241=CARTESIAN_POINT('',(72.0021030207504,68.9565241586991,-29.5190635782979));
#11242=CARTESIAN_POINT('',(72.0021030207504,68.9565241586991,-31.5190635782979));
#11243=CARTESIAN_POINT('',(27.0521030207504,68.9565241586991,-29.5190635782979));
#11244=CARTESIAN_POINT('',(70.7021030207504,68.9565241586991,-29.5190635782979));
#11245=CARTESIAN_POINT('',(70.7021030207504,70.4055360241526,-26.0061780672437));
#11246=CARTESIAN_POINT('',(70.7021030207504,72.4694096697533,-28.0700517128443));
#11247=CARTESIAN_POINT('',(104.00210302075,70.4055360241526,-26.0061780672437));
#11248=CARTESIAN_POINT('',(72.0021030207504,70.4055360241525,-26.0061780672436));
#11249=CARTESIAN_POINT('',(72.0021030207504,68.9565241586991,-29.5190635782979));
#11250=CARTESIAN_POINT('',(72.0021030207504,72.4694096697532,-28.0700517128441));
#11251=CARTESIAN_POINT('',(104.00210302075,72.4694096697533,-28.0700517128443));
#11252=CARTESIAN_POINT('',(104.00210302075,68.9565241586991,-29.5190635782979));
#11253=CARTESIAN_POINT('',(70.7021030207504,71.7688137127499,-28.4745409772134));
#11254=CARTESIAN_POINT('',(70.7021030207504,74.4315241586991,-26.9372243844706));
#11255=CARTESIAN_POINT('',(72.0021030207504,76.7622237562205,-25.5915943444412));
#11256=CARTESIAN_POINT('',(72.0021030207504,74.4315241586991,-26.9372243844706));
#11257=CARTESIAN_POINT('',(36.5021030207504,74.4315241586991,-26.9372243844706));
#11258=CARTESIAN_POINT('',(104.00210302075,71.7688137127499,-28.4745409772134));
#11259=CARTESIAN_POINT('',(70.7021030207504,72.0666630677166,-33.9028588479946));
#11260=CARTESIAN_POINT('',(70.7021030207504,72.4681876704818,-34.5983198604729));
#11261=CARTESIAN_POINT('',(70.7021030207504,71.2742663191315,-32.5303874196929));
#11262=CARTESIAN_POINT('',(72.0021030207504,72.4681876704818,-34.5983198604729));
#11263=CARTESIAN_POINT('',(71.0021030207504,72.4681876704818,-34.5983198604729));
#11264=CARTESIAN_POINT('',(71.0021030207504,72.4681876704818,-34.5983198604729));
#11265=CARTESIAN_POINT('',(71.1137389848559,72.4681876704818,-34.5983198604729));
#11266=CARTESIAN_POINT('',(71.2269142714351,72.4585419686305,-34.5816130147917));
#11267=CARTESIAN_POINT('',(71.3322518572674,72.4400583171189,-34.5495983912643));
#11268=CARTESIAN_POINT('',(71.4375846560752,72.4215755055895,-34.5175852226286));
#11269=CARTESIAN_POINT('',(71.5379814761499,72.3937484438517,-34.4693873378734));
#11270=CARTESIAN_POINT('',(71.6251744918869,72.3588957760932,-34.4090207465364));
#11271=CARTESIAN_POINT('',(71.7124837976019,72.3239966250708,-34.3485736438245));
#11272=CARTESIAN_POINT('',(71.7889545227279,72.2810969356616,-34.2742692021389));
#11273=CARTESIAN_POINT('',(71.8483453334242,72.2337486267224,-34.1922595254036));
#11274=CARTESIAN_POINT('',(71.9079267193575,72.1862483849321,-34.1099866932511));
#11275=CARTESIAN_POINT('',(71.9519568579792,72.132969331795,-34.0177046662385));
#11276=CARTESIAN_POINT('',(71.9768807718883,72.0783025412689,-33.9230190075605));
#11277=CARTESIAN_POINT('',(71.9935950245489,72.0416423861931,-33.859521756356));
#11278=CARTESIAN_POINT('',(72.0021030207504,72.003808421724,-33.7939914076435));
#11279=CARTESIAN_POINT('',(72.0021030207504,71.9662077763748,-33.7288651795013));
#11280=CARTESIAN_POINT('',(72.0021030207504,71.9662077763748,-33.7288651795013));
#11281=CARTESIAN_POINT('',(72.0021030207504,66.5109705434963,-24.2801171248143));
#11282=CARTESIAN_POINT('',(72.0021030207504,71.2742663191316,-32.5303874196929));
#11283=CARTESIAN_POINT('',(71.3021030207504,71.2742663191315,-32.5303874196929));
#11284=CARTESIAN_POINT('',(104.00210302075,72.0666630677166,-33.9028588479946));
#11285=CARTESIAN_POINT('',(70.7021030207504,68.9565241586991,-29.5190635782979));
#11286=CARTESIAN_POINT('',(70.7021030207504,68.4549624890398,-33.2858176041839));
#11287=CARTESIAN_POINT('',(72.0021030207504,68.9565241586991,-29.5190635782979));
#11288=CARTESIAN_POINT('',(72.0021030207504,68.4549624890398,-33.2858176041839));
#11289=CARTESIAN_POINT('',(104.00210302075,68.4549624890398,-33.2858176041839));
#11290=CARTESIAN_POINT('',(104.00210302075,68.9565241586991,-29.5190635782979));
#11291=CARTESIAN_POINT('',(70.7021030207504,68.4549624890398,-32.4768390754458));
#11292=CARTESIAN_POINT('',(70.7021030207504,68.4549624890398,-35.6736603068845));
#11293=CARTESIAN_POINT('',(72.0021030207504,68.4549624890399,-20.1690635782978));
#11294=CARTESIAN_POINT('',(72.0021030207504,68.4549624890398,-34.6697005186703));
#11295=CARTESIAN_POINT('',(72.0021030207504,68.4549624890398,-34.6697005186703));
#11296=CARTESIAN_POINT('',(72.0021030207504,68.4549624890398,-34.7824349601768));
#11297=CARTESIAN_POINT('',(71.9826857013467,68.4549624890398,-34.8967260368203));
#11298=CARTESIAN_POINT('',(71.9454029309855,68.4549624890398,-35.0031170577571));
#11299=CARTESIAN_POINT('',(71.9081163747231,68.4549624890398,-35.109518882234));
#11300=CARTESIAN_POINT('',(71.8519218734361,68.4549624890398,-35.2109578922527));
#11301=CARTESIAN_POINT('',(71.7814350398637,68.4549624890398,-35.2989535843225));
#11302=CARTESIAN_POINT('',(71.7111336470057,68.4549624890398,-35.3867177723911));
#11303=CARTESIAN_POINT('',(71.6246622688194,68.4549624890398,-35.4635386007342));
#11304=CARTESIAN_POINT('',(71.5291944173408,68.4549624890398,-35.5229585290342));
#11305=CARTESIAN_POINT('',(71.4340886642257,68.4549624890398,-35.5821530845154));
#11306=CARTESIAN_POINT('',(71.3274199353882,68.4549624890398,-35.6257163322682));
#11307=CARTESIAN_POINT('',(71.2180575920703,68.4549624890398,-35.6499851917021));
#11308=CARTESIAN_POINT('',(71.1473612489449,68.4549624890398,-35.6656735864617));
#11309=CARTESIAN_POINT('',(71.074519169926,68.4549624890398,-35.6736603068845));
#11310=CARTESIAN_POINT('',(71.0021030207504,68.4549624890398,-35.6736603068845));
#11311=CARTESIAN_POINT('',(71.0021030207504,68.4549624890398,-35.6736603068845));
#11312=CARTESIAN_POINT('',(72.0021030207504,68.4549624890398,-35.6736603068845));
#11313=CARTESIAN_POINT('',(104.00210302075,68.4549624890398,-32.4768390754458));
#11314=CARTESIAN_POINT('',(70.7021030207504,63.6049766356429,-30.0206252479571));
#11315=CARTESIAN_POINT('',(70.7021030207504,62.8019274301125,-30.0206252479571));
#11316=CARTESIAN_POINT('',(70.7021030207504,65.1897701328131,-30.0206252479571));
#11317=CARTESIAN_POINT('',(72.0021030207504,62.8019274301125,-30.0206252479571));
#11318=CARTESIAN_POINT('',(71.0021030207504,62.8019274301125,-30.0206252479571));
#11319=CARTESIAN_POINT('',(71.0021030207504,62.8019274301125,-30.0206252479571));
#11320=CARTESIAN_POINT('',(71.1137389848559,62.8019274301125,-30.0206252479571));
#11321=CARTESIAN_POINT('',(71.2269142714351,62.8212188338151,-30.0206252479571));
#11322=CARTESIAN_POINT('',(71.3322518572674,62.8581861368383,-30.0206252479571));
#11323=CARTESIAN_POINT('',(71.4375846560752,62.8951517598972,-30.0206252479571));
#11324=CARTESIAN_POINT('',(71.5379814761499,62.9508058833727,-30.0206252479571));
#11325=CARTESIAN_POINT('',(71.6251744918869,63.0205112188896,-30.0206252479571));
#11326=CARTESIAN_POINT('',(71.7124837976019,63.0903095209345,-30.0206252479571));
#11327=CARTESIAN_POINT('',(71.7889545227279,63.1761088997529,-30.0206252479571));
#11328=CARTESIAN_POINT('',(71.8483453334242,63.2708055176314,-30.0206252479571));
#11329=CARTESIAN_POINT('',(71.9079267193575,63.365806001212,-30.0206252479571));
#11330=CARTESIAN_POINT('',(71.9519568579792,63.4723641074861,-30.0206252479571));
#11331=CARTESIAN_POINT('',(71.9768807718883,63.5816976885384,-30.0206252479571));
#11332=CARTESIAN_POINT('',(71.9935950245489,63.6550179986898,-30.0206252479571));
#11333=CARTESIAN_POINT('',(72.0021030207504,63.7306859276283,-30.0206252479571));
#11334=CARTESIAN_POINT('',(72.0021030207504,63.8058872183267,-30.0206252479571));
#11335=CARTESIAN_POINT('',(72.0021030207504,63.8058872183267,-30.0206252479571));
#11336=CARTESIAN_POINT('',(72.0021030207504,73.631524158699,-30.0206252479571));
#11337=CARTESIAN_POINT('',(72.0021030207504,65.1897701328131,-30.0206252479571));
#11338=CARTESIAN_POINT('',(104.00210302075,65.1897701328131,-30.0206252479571));
#11339=CARTESIAN_POINT('',(104.00210302075,63.6049766356429,-30.0206252479571));
#11340=CARTESIAN_POINT('',(70.7021030207504,68.9565241586991,-29.5190635782979));
#11341=CARTESIAN_POINT('',(70.7021030207504,65.9452003173041,-27.2013214178654));
#11342=CARTESIAN_POINT('',(72.0021030207504,68.9565241586991,-29.5190635782979));
#11343=CARTESIAN_POINT('',(72.0021030207504,65.9452003173041,-27.2013214178654));
#11344=CARTESIAN_POINT('',(104.00210302075,65.9452003173041,-27.2013214178654));
#11345=CARTESIAN_POINT('',(104.00210302075,68.9565241586991,-29.5190635782979));
#11346=CARTESIAN_POINT('',(70.7021030207504,66.6457962743074,-27.6058106822344));
#11347=CARTESIAN_POINT('',(70.7021030207504,63.8772678765242,-26.0074000665151));
#11348=CARTESIAN_POINT('',(72.0021030207504,68.6648862308364,-28.7715328121545));
#11349=CARTESIAN_POINT('',(72.0021030207504,64.7467225574957,-26.5093799606222));
#11350=CARTESIAN_POINT('',(72.0021030207504,64.7467225574957,-26.5093799606222));
#11351=CARTESIAN_POINT('',(72.0021030207504,64.6490916672696,-26.453012739869));
#11352=CARTESIAN_POINT('',(71.9826857013467,64.5501126914704,-26.3958672015472));
#11353=CARTESIAN_POINT('',(71.9454029309855,64.4579753646046,-26.3426716910788));
#11354=CARTESIAN_POINT('',(71.9081163747231,64.3658286815986,-26.2894707788404));
#11355=CARTESIAN_POINT('',(71.8519218734361,64.2779799219877,-26.238751273831));
#11356=CARTESIAN_POINT('',(71.7814350398637,64.2017734172316,-26.1947534277961));
#11357=CARTESIAN_POINT('',(71.7111336470057,64.1257674008217,-26.1508713337618));
#11358=CARTESIAN_POINT('',(71.6246622688194,64.0592386119369,-26.1124609195903));
#11359=CARTESIAN_POINT('',(71.5291944173408,64.007779444538,-26.0827509554403));
#11360=CARTESIAN_POINT('',(71.4340886642257,63.9565154557255,-26.0531536776996));
#11361=CARTESIAN_POINT('',(71.3274199353882,63.9187885765003,-26.0313720538233));
#11362=CARTESIAN_POINT('',(71.2180575920703,63.8977711277096,-26.0192376241063));
#11363=CARTESIAN_POINT('',(71.1473612489449,63.8841845793032,-26.0113934267265));
#11364=CARTESIAN_POINT('',(71.074519169926,63.8772678765242,-26.0074000665151));
#11365=CARTESIAN_POINT('',(71.0021030207504,63.8772678765242,-26.0074000665151));
#11366=CARTESIAN_POINT('',(71.0021030207504,63.8772678765242,-26.0074000665151));
#11367=CARTESIAN_POINT('',(72.0021030207504,63.8772678765242,-26.0074000665151));
#11368=CARTESIAN_POINT('',(104.00210302075,66.6457962743074,-27.6058106822344));
#11369=CARTESIAN_POINT('',(71.0021030207504,68.9565241586991,-29.5190635782979));
#11370=CARTESIAN_POINT('',(70.7021030207504,68.9565241586991,-29.5190635782979));
#11371=CARTESIAN_POINT('',(72.0021030207504,68.9565241586991,-29.5190635782979));
#11372=CARTESIAN_POINT('',(72.0021030207504,73.6684579566087,-33.5100916268234));
#11373=CARTESIAN_POINT('',(70.7021030207504,73.6684579566087,-33.5100916268234));
#11374=CARTESIAN_POINT('',(71.0021030207504,73.6684579566087,-33.5100916268234));
#11375=CARTESIAN_POINT('',(71.0021030207504,68.9565241586991,-29.5190635782979));
#11376=CARTESIAN_POINT('',(70.7021030207504,68.9565241586991,-29.5190635782979));
#11377=CARTESIAN_POINT('',(72.0021030207504,68.9565241586991,-29.5190635782979));
#11378=CARTESIAN_POINT('',(70.7021030207502,65.5315241587003,-12.0190635782946));
#11379=CARTESIAN_POINT('',(70.7021030207502,65.7315241587003,-12.0190635782946));
#11380=CARTESIAN_POINT('',(70.7021030207502,65.9065038594932,-12.0190635782946));
#11381=CARTESIAN_POINT('',(70.7021030207504,65.906524158699,-15.5190635782946));
#11382=CARTESIAN_POINT('',(70.7021030207504,62.406524158699,-15.5190635782946));
#11383=CARTESIAN_POINT('',(70.7021030207504,62.406524158699,-0.800000000000001));
#11384=CARTESIAN_POINT('',(70.7021030207504,62.406524158699,-32.5690635782979));
#11385=CARTESIAN_POINT('',(70.7021030207504,65.906524158699,-32.5690635782979));
#11386=CARTESIAN_POINT('',(70.7021030207504,65.906524158699,-36.0690635782979));
#11387=CARTESIAN_POINT('',(70.7021030207504,-2.5,-36.0690635782979));
#11388=CARTESIAN_POINT('',(70.7021030207504,75.8315241586997,-36.0690635782979));
#11389=CARTESIAN_POINT('',(70.7021030207504,75.8315241586997,-33.7690636444035));
#11390=CARTESIAN_POINT('',(70.7021030207504,75.8315241586998,-36.8690636444036));
#11391=CARTESIAN_POINT('',(70.7021030207504,84.8815241586997,-36.8690636444036));
#11392=CARTESIAN_POINT('',(70.7021030207504,94.9315241586997,-36.8690636444036));
#11393=CARTESIAN_POINT('',(70.7021030207504,94.9315241586997,-21.3240636444036));
#11394=CARTESIAN_POINT('',(70.7021030207504,94.9315241586997,-36.0690635782979));
#11395=CARTESIAN_POINT('',(70.7021030207504,-2.5,-36.0690635782979));
#11396=CARTESIAN_POINT('',(70.7021030207504,105.731524158629,-38.7803884437031));
#11397=CARTESIAN_POINT('',(70.7021030207504,105.731524158629,-38.7803884437031));
#11398=CARTESIAN_POINT('',(70.7021030207504,-2.5,-38.7803884437031));
#11399=CARTESIAN_POINT('',(70.7021030207504,108.031524158629,-38.7803884437031));
#11400=CARTESIAN_POINT('',(70.7021030207504,108.031524158629,-33.9690635782979));
#11401=CARTESIAN_POINT('',(70.7021030207503,108.031524158629,-34.1172117264461));
#11402=CARTESIAN_POINT('',(70.7021030207503,108.231524158629,-33.9690635782979));
#11403=CARTESIAN_POINT('',(70.7021030207503,107.974214340211,-34.1596634437926));
#11404=CARTESIAN_POINT('',(70.7021030207504,104.8565241587,-32.5690635782979));
#11405=CARTESIAN_POINT('',(70.7021030207504,108.3565241587,-32.5690635782979));
#11406=CARTESIAN_POINT('',(70.7021030207504,108.3565241587,-0.800000000000001));
#11407=CARTESIAN_POINT('',(70.7021030207504,108.3565241587,-13.5190635782946));
#11408=CARTESIAN_POINT('',(70.7021030207504,-2.49999999999999,-13.5190635782947));
#11409=CARTESIAN_POINT('',(70.7021030207504,110.367849024104,-13.5190635782946));
#11410=CARTESIAN_POINT('',(70.7021030207504,110.367849024104,-0.800000000000001));
#11411=CARTESIAN_POINT('',(70.7021030207504,110.367849024104,-12.0190635782946));
#11412=CARTESIAN_POINT('',(70.7021030207504,-2.5,-12.0190635782946));
#11413=CARTESIAN_POINT('',(70.7021030207504,94.9315241586997,-12.0190635782946));
#11414=CARTESIAN_POINT('',(70.7021030207504,94.9315241586997,-14.319063512189));
#11415=CARTESIAN_POINT('',(70.7021030207504,94.9315241586997,-11.2190635121889));
#11416=CARTESIAN_POINT('',(70.7021030207504,85.8815241586997,-11.2190635121889));
#11417=CARTESIAN_POINT('',(70.7021030207504,75.8315241586997,-11.2190635121889));
#11418=CARTESIAN_POINT('',(70.7021030207504,75.8315241586997,-26.7640635121889));
#11419=CARTESIAN_POINT('',(70.7021030207504,68.0315241587003,-9.3077387128894));
#11420=CARTESIAN_POINT('',(70.7021030207504,68.0315241587003,-9.3077387128894));
#11421=CARTESIAN_POINT('',(70.7021030207504,-2.5,-9.30773871288939));
#11422=CARTESIAN_POINT('',(70.7021030207504,65.7315241587003,-9.3077387128894));
#11423=CARTESIAN_POINT('',(70.7021030207504,65.7315241587003,-12.0190635782946));
#11424=CARTESIAN_POINT('',(70.7021030207504,101.8065241587,-18.5690635782981));
#11425=CARTESIAN_POINT('',(70.7021030207504,105.797552207226,-23.2809973762075));
#11426=CARTESIAN_POINT('',(70.7021030207504,106.885780440875,-22.0807270900811));
#11427=CARTESIAN_POINT('',(70.7021030207504,106.443872538971,-24.0440635782981));
#11428=CARTESIAN_POINT('',(70.7021030207504,105.797552207226,-24.8071297803887));
#11429=CARTESIAN_POINT('',(70.7021030207504,101.8065241587,-29.5190635782981));
#11430=CARTESIAN_POINT('',(70.7021030207504,106.885780440875,-26.007400066515));
#11431=CARTESIAN_POINT('',(70.7021030207504,104.117252043091,-27.6058106822346));
#11432=CARTESIAN_POINT('',(70.7021030207504,104.817848000095,-27.2013214178653));
#11433=CARTESIAN_POINT('',(70.7021030207504,101.8065241587,-29.5190635782981));
#11434=CARTESIAN_POINT('',(70.7021030207504,105.573278184586,-30.0206252479573));
#11435=CARTESIAN_POINT('',(70.7021030207504,107.158071681756,-30.0206252479573));
#11436=CARTESIAN_POINT('',(70.7021030207504,107.961120887287,-30.0206252479573));
#11437=CARTESIAN_POINT('',(70.7021030207504,101.8065241587,-29.5190635782981));
#11438=CARTESIAN_POINT('',(70.7021030207504,102.308085828359,-35.6736603068847));
#11439=CARTESIAN_POINT('',(70.7021030207504,102.308085828359,-32.476839075446));
#11440=CARTESIAN_POINT('',(70.7021030207504,102.308085828359,-33.2858176041842));
#11441=CARTESIAN_POINT('',(70.7021030207504,101.8065241587,-29.5190635782981));
#11442=CARTESIAN_POINT('',(70.7021030207504,99.4887819982676,-32.5303874196927));
#11443=CARTESIAN_POINT('',(70.7021030207504,98.6963852496825,-33.9028588479948));
#11444=CARTESIAN_POINT('',(70.7021030207504,98.2948606469174,-34.5983198604728));
#11445=CARTESIAN_POINT('',(70.7021030207504,101.8065241587,-29.5190635782981));
#11446=CARTESIAN_POINT('',(70.7021030207504,97.0945903607909,-33.5100916268236));
#11447=CARTESIAN_POINT('',(70.7021030207504,96.3315241587003,-34.1564119585687));
#11448=CARTESIAN_POINT('',(70.7021030207504,95.5684579566096,-33.5100916268236));
#11449=CARTESIAN_POINT('',(70.7021030207504,90.8565241587001,-29.5190635782981));
#11450=CARTESIAN_POINT('',(70.7021030207504,94.3681876704828,-34.5983198604731));
#11451=CARTESIAN_POINT('',(70.7021030207504,93.9666630677176,-33.9028588479948));
#11452=CARTESIAN_POINT('',(70.7021030207504,93.1742663191325,-32.5303874196931));
#11453=CARTESIAN_POINT('',(70.7021030207504,90.8565241587001,-29.5190635782981));
#11454=CARTESIAN_POINT('',(70.7021030207504,88.5387819982672,-32.5303874196927));
#11455=CARTESIAN_POINT('',(70.7021030207504,87.746385249682,-33.9028588479947));
#11456=CARTESIAN_POINT('',(70.7021030207504,87.3448606469169,-34.5983198604727));
#11457=CARTESIAN_POINT('',(70.7021030207504,90.8565241587,-29.519063578298));
#11458=CARTESIAN_POINT('',(70.7021030207504,86.1445903607904,-33.5100916268235));
#11459=CARTESIAN_POINT('',(70.7021030207504,85.3815241586998,-34.1564119585685));
#11460=CARTESIAN_POINT('',(70.7021030207504,84.6184579566092,-33.5100916268235));
#11461=CARTESIAN_POINT('',(70.7021030207504,79.9065241586996,-29.519063578298));
#11462=CARTESIAN_POINT('',(70.7021030207504,83.4181876704823,-34.598319860473));
#11463=CARTESIAN_POINT('',(70.7021030207504,83.0166630677171,-33.9028588479947));
#11464=CARTESIAN_POINT('',(70.7021030207504,82.224266319132,-32.5303874196929));
#11465=CARTESIAN_POINT('',(70.7021030207504,79.9065241586995,-29.5190635782979));
#11466=CARTESIAN_POINT('',(70.7021030207504,77.5887819982667,-32.5303874196926));
#11467=CARTESIAN_POINT('',(70.7021030207504,76.7963852496815,-33.9028588479946));
#11468=CARTESIAN_POINT('',(70.7021030207504,76.3948606469164,-34.5983198604726));
#11469=CARTESIAN_POINT('',(70.7021030207504,79.9065241586995,-29.5190635782979));
#11470=CARTESIAN_POINT('',(70.7021030207504,75.1945903607899,-33.5100916268234));
#11471=CARTESIAN_POINT('',(70.7021030207504,74.4315241586993,-34.1564119585684));
#11472=CARTESIAN_POINT('',(70.7021030207504,68.9565241586991,-29.5190635782979));
#11473=CARTESIAN_POINT('',(70.7021030207504,64.9654961101734,-24.8071297803885));
#11474=CARTESIAN_POINT('',(70.7021030207504,64.3191757784283,-24.0440635782979));
#11475=CARTESIAN_POINT('',(70.7021030207504,64.9654961101734,-23.2809973762073));
#11476=CARTESIAN_POINT('',(70.7021030207504,68.956524158699,-18.5690635782978));
#11477=CARTESIAN_POINT('',(70.7021030207504,63.8772678765241,-22.0807270900806));
#11478=CARTESIAN_POINT('',(70.7021030207504,66.6457962743074,-20.4823164743613));
#11479=CARTESIAN_POINT('',(70.7021030207504,65.9452003173041,-20.8868057387303));
#11480=CARTESIAN_POINT('',(70.7021030207504,68.9565241586991,-18.5690635782979));
#11481=CARTESIAN_POINT('',(70.7021030207504,65.1897701328131,-18.0675019086386));
#11482=CARTESIAN_POINT('',(70.7021030207504,63.6049766356429,-18.0675019086386));
#11483=CARTESIAN_POINT('',(70.7021030207504,62.8019274301125,-18.0675019086386));
#11484=CARTESIAN_POINT('',(70.7021030207504,68.956524158699,-18.5690635782978));
#11485=CARTESIAN_POINT('',(70.7021030207504,68.4549624890398,-12.4144668497112));
#11486=CARTESIAN_POINT('',(70.7021030207504,68.4549624890398,-15.6112880811499));
#11487=CARTESIAN_POINT('',(70.7021030207504,68.4549624890398,-14.8023095524119));
#11488=CARTESIAN_POINT('',(70.7021030207504,68.9565241586991,-18.5690635782979));
#11489=CARTESIAN_POINT('',(70.7021030207504,71.2742663191315,-15.5577397369029));
#11490=CARTESIAN_POINT('',(70.7021030207504,72.0666630677166,-14.1852683086012));
#11491=CARTESIAN_POINT('',(70.7021030207504,72.4681876704818,-13.4898072961229));
#11492=CARTESIAN_POINT('',(70.7021030207504,68.956524158699,-18.5690635782978));
#11493=CARTESIAN_POINT('',(70.7021030207504,73.6684579566087,-14.5780355297724));
#11494=CARTESIAN_POINT('',(70.7021030207504,74.4315241586993,-13.9317151980274));
#11495=CARTESIAN_POINT('',(70.7021030207504,75.1945903607899,-14.5780355297724));
#11496=CARTESIAN_POINT('',(70.7021030207504,79.9065241586995,-18.5690635782979));
#11497=CARTESIAN_POINT('',(70.7021030207504,76.3948606469164,-13.4898072961232));
#11498=CARTESIAN_POINT('',(70.7021030207504,76.7963852496815,-14.1852683086012));
#11499=CARTESIAN_POINT('',(70.7021030207504,77.5887819982667,-15.5577397369032));
#11500=CARTESIAN_POINT('',(70.7021030207504,79.9065241586995,-18.5690635782979));
#11501=CARTESIAN_POINT('',(70.7021030207504,82.224266319132,-15.557739736903));
#11502=CARTESIAN_POINT('',(70.7021030207504,83.0166630677171,-14.1852683086013));
#11503=CARTESIAN_POINT('',(70.7021030207504,83.4181876704823,-13.489807296123));
#11504=CARTESIAN_POINT('',(70.7021030207504,79.9065241586995,-18.5690635782979));
#11505=CARTESIAN_POINT('',(70.7021030207504,84.6184579566091,-14.5780355297725));
#11506=CARTESIAN_POINT('',(70.7021030207504,85.3815241586998,-13.9317151980275));
#11507=CARTESIAN_POINT('',(70.7021030207504,86.1445903607904,-14.5780355297725));
#11508=CARTESIAN_POINT('',(70.7021030207504,90.8565241587,-18.569063578298));
#11509=CARTESIAN_POINT('',(70.7021030207504,87.3448606469169,-13.4898072961233));
#11510=CARTESIAN_POINT('',(70.7021030207504,87.746385249682,-14.1852683086013));
#11511=CARTESIAN_POINT('',(70.7021030207504,88.5387819982673,-15.5577397369034));
#11512=CARTESIAN_POINT('',(70.7021030207504,90.8565241587001,-18.5690635782981));
#11513=CARTESIAN_POINT('',(70.7021030207504,93.1742663191325,-15.5577397369031));
#11514=CARTESIAN_POINT('',(70.7021030207504,93.9666630677176,-14.1852683086014));
#11515=CARTESIAN_POINT('',(70.7021030207504,94.3681876704828,-13.4898072961231));
#11516=CARTESIAN_POINT('',(70.7021030207504,90.8565241587,-18.569063578298));
#11517=CARTESIAN_POINT('',(70.7021030207504,95.5684579566096,-14.5780355297726));
#11518=CARTESIAN_POINT('',(70.7021030207504,96.3315241587003,-13.9317151980276));
#11519=CARTESIAN_POINT('',(70.7021030207504,97.0945903607909,-14.5780355297726));
#11520=CARTESIAN_POINT('',(70.7021030207504,101.8065241587,-18.5690635782981));
#11521=CARTESIAN_POINT('',(70.7021030207504,98.2948606469174,-13.4898072961234));
#11522=CARTESIAN_POINT('',(70.7021030207504,98.6963852496825,-14.1852683086014));
#11523=CARTESIAN_POINT('',(70.7021030207504,99.4887819982677,-15.5577397369034));
#11524=CARTESIAN_POINT('',(70.7021030207504,101.8065241587,-18.5690635782981));
#11525=CARTESIAN_POINT('',(70.7021030207504,102.308085828359,-14.802309552412));
#11526=CARTESIAN_POINT('',(70.7021030207504,102.308085828359,-15.6112880811501));
#11527=CARTESIAN_POINT('',(70.7021030207504,102.308085828359,-12.4144668497115));
#11528=CARTESIAN_POINT('',(70.7021030207504,101.8065241587,-18.5690635782981));
#11529=CARTESIAN_POINT('',(70.7021030207504,107.961120887287,-18.0675019086388));
#11530=CARTESIAN_POINT('',(70.7021030207504,107.158071681756,-18.0675019086388));
#11531=CARTESIAN_POINT('',(70.7021030207504,105.573278184586,-18.0675019086388));
#11532=CARTESIAN_POINT('',(70.7021030207504,101.8065241587,-18.5690635782981));
#11533=CARTESIAN_POINT('',(70.7021030207504,104.817848000095,-20.8868057387308));
#11534=CARTESIAN_POINT('',(70.7021030207504,104.117252043091,-20.4823164743615));
#11535=CARTESIAN_POINT('',(70.7021030207504,-2.5,-0.800000000000001));
#11536=CARTESIAN_POINT('',(72.0021030207504,102.098162086562,-28.7715328121547));
#11537=CARTESIAN_POINT('',(72.0021030207504,106.016325759904,-26.5093799606222));
#11538=CARTESIAN_POINT('',(72.0021030207504,104.817848000095,-27.2013214178653));
#11539=CARTESIAN_POINT('',(72.0021030207504,101.8065241587,-29.5190635782981));
#11540=CARTESIAN_POINT('',(72.0021030207504,105.151231875481,-25.5701959824793));
#11541=CARTESIAN_POINT('',(72.0021030207504,106.443872538971,-24.0440635782981));
#11542=CARTESIAN_POINT('',(72.0021030207504,105.151231875481,-22.5179311741169));
#11543=CARTESIAN_POINT('',(72.0021030207504,101.8065241587,-18.5690635782981));
#11544=CARTESIAN_POINT('',(72.0021030207504,106.016325759904,-21.5787471959739));
#11545=CARTESIAN_POINT('',(72.0021030207504,98.0494933238704,-16.9790943444414));
#11546=CARTESIAN_POINT('',(72.0021030207504,104.817848000095,-20.8868057387307));
#11547=CARTESIAN_POINT('',(72.0021030207504,101.8065241587,-18.5690635782981));
#11548=CARTESIAN_POINT('',(72.0021030207504,105.573278184586,-18.0675019086388));
#11549=CARTESIAN_POINT('',(72.0021030207504,97.1315241587,-18.0675019086388));
#11550=CARTESIAN_POINT('',(72.0021030207504,106.957161099073,-18.0675019086388));
#11551=CARTESIAN_POINT('',(72.0021030207504,101.8065241587,-18.5690635782981));
#11552=CARTESIAN_POINT('',(72.0021030207504,102.308085828359,-13.4184266379257));
#11553=CARTESIAN_POINT('',(72.0021030207504,102.308085828359,-18.5690635782981));
#11554=CARTESIAN_POINT('',(72.0021030207504,102.308085828359,-14.802309552412));
#11555=CARTESIAN_POINT('',(72.0021030207504,101.8065241587,-18.5690635782981));
#11556=CARTESIAN_POINT('',(72.0021030207504,99.4887819982676,-15.5577397369034));
#11557=CARTESIAN_POINT('',(72.0021030207504,100.20340901121,-16.7955100317816));
#11558=CARTESIAN_POINT('',(72.0021030207504,98.7968405410244,-14.359261977095));
#11559=CARTESIAN_POINT('',(72.0021030207504,101.8065241587,-18.5690635782981));
#11560=CARTESIAN_POINT('',(72.0021030207504,97.8576565628815,-15.2243558615176));
#11561=CARTESIAN_POINT('',(72.0021030207504,96.3315241587003,-13.9317151980276));
#11562=CARTESIAN_POINT('',(72.0021030207504,94.805391754519,-15.2243558615176));
#11563=CARTESIAN_POINT('',(72.0021030207504,90.8565241587,-18.569063578298));
#11564=CARTESIAN_POINT('',(72.0021030207504,93.8662077763757,-14.3592619770946));
#11565=CARTESIAN_POINT('',(72.0021030207504,92.4596393061895,-16.7955100317816));
#11566=CARTESIAN_POINT('',(72.0021030207504,93.1742663191325,-15.5577397369031));
#11567=CARTESIAN_POINT('',(72.0021030207504,90.8565241587001,-18.5690635782981));
#11568=CARTESIAN_POINT('',(72.0021030207504,88.5387819982672,-15.5577397369034));
#11569=CARTESIAN_POINT('',(72.0021030207504,89.25340901121,-16.7955100317815));
#11570=CARTESIAN_POINT('',(72.0021030207504,87.8468405410239,-14.3592619770949));
#11571=CARTESIAN_POINT('',(72.0021030207504,90.8565241587,-18.569063578298));
#11572=CARTESIAN_POINT('',(72.0021030207504,86.907656562881,-15.2243558615175));
#11573=CARTESIAN_POINT('',(72.0021030207504,85.3815241586998,-13.9317151980275));
#11574=CARTESIAN_POINT('',(72.0021030207504,83.8553917545185,-15.2243558615175));
#11575=CARTESIAN_POINT('',(72.0021030207504,79.9065241586995,-18.5690635782979));
#11576=CARTESIAN_POINT('',(72.0021030207504,82.9162077763752,-14.3592619770945));
#11577=CARTESIAN_POINT('',(72.0021030207504,81.509639306189,-16.7955100317815));
#11578=CARTESIAN_POINT('',(72.0021030207504,82.224266319132,-15.557739736903));
#11579=CARTESIAN_POINT('',(72.0021030207504,79.9065241586995,-18.5690635782979));
#11580=CARTESIAN_POINT('',(72.0021030207504,77.5887819982666,-15.5577397369032));
#11581=CARTESIAN_POINT('',(72.0021030207504,78.3034090112095,-16.7955100317814));
#11582=CARTESIAN_POINT('',(72.0021030207504,76.8968405410235,-14.3592619770948));
#11583=CARTESIAN_POINT('',(72.0021030207504,79.9065241586995,-18.5690635782979));
#11584=CARTESIAN_POINT('',(72.0021030207504,75.9576565628805,-15.2243558615174));
#11585=CARTESIAN_POINT('',(72.0021030207504,74.4315241586993,-13.9317151980274));
#11586=CARTESIAN_POINT('',(72.0021030207504,72.905391754518,-15.2243558615174));
#11587=CARTESIAN_POINT('',(72.0021030207504,68.956524158699,-18.5690635782978));
#11588=CARTESIAN_POINT('',(72.0021030207504,71.9662077763747,-14.3592619770944));
#11589=CARTESIAN_POINT('',(72.0021030207504,70.5596393061885,-16.7955100317814));
#11590=CARTESIAN_POINT('',(72.0021030207504,71.2742663191315,-15.5577397369029));
#11591=CARTESIAN_POINT('',(72.0021030207504,68.9565241586991,-18.5690635782979));
#11592=CARTESIAN_POINT('',(72.0021030207504,68.4549624890398,-14.8023095524119));
#11593=CARTESIAN_POINT('',(72.0021030207504,68.4549624890398,-18.5690635782979));
#11594=CARTESIAN_POINT('',(72.0021030207504,68.4549624890398,-13.4184266379254));
#11595=CARTESIAN_POINT('',(72.0021030207504,68.956524158699,-18.5690635782978));
#11596=CARTESIAN_POINT('',(72.0021030207504,63.8058872183266,-18.0675019086386));
#11597=CARTESIAN_POINT('',(72.0021030207504,73.631524158699,-18.0675019086386));
#11598=CARTESIAN_POINT('',(72.0021030207504,65.1897701328131,-18.0675019086386));
#11599=CARTESIAN_POINT('',(72.0021030207504,68.9565241586991,-18.5690635782979));
#11600=CARTESIAN_POINT('',(72.0021030207504,65.9452003173041,-20.8868057387303));
#11601=CARTESIAN_POINT('',(72.0021030207504,72.7135549935287,-16.9790943444412));
#11602=CARTESIAN_POINT('',(72.0021030207504,64.7467225574956,-21.5787471959735));
#11603=CARTESIAN_POINT('',(72.0021030207504,68.956524158699,-18.5690635782978));
#11604=CARTESIAN_POINT('',(72.0021030207504,65.6118164419184,-22.5179311741167));
#11605=CARTESIAN_POINT('',(72.0021030207504,64.3191757784283,-24.0440635782979));
#11606=CARTESIAN_POINT('',(72.0021030207504,65.6118164419184,-25.5701959824791));
#11607=CARTESIAN_POINT('',(72.0021030207504,68.9565241586991,-29.5190635782979));
#11608=CARTESIAN_POINT('',(72.0021030207504,68.9565241586991,-29.5190635782979));
#11609=CARTESIAN_POINT('',(72.0021030207504,68.9565241586991,-29.5190635782979));
#11610=CARTESIAN_POINT('',(72.0021030207504,72.905391754518,-32.8637712950784));
#11611=CARTESIAN_POINT('',(72.0021030207504,74.4315241586993,-34.1564119585684));
#11612=CARTESIAN_POINT('',(72.0021030207504,75.9576565628805,-32.8637712950784));
#11613=CARTESIAN_POINT('',(72.0021030207504,79.9065241586995,-29.5190635782979));
#11614=CARTESIAN_POINT('',(72.0021030207504,76.8968405410233,-33.7288651795009));
#11615=CARTESIAN_POINT('',(72.0021030207504,82.3520777739015,-24.2801171248143));
#11616=CARTESIAN_POINT('',(72.0021030207504,77.5887819982664,-32.5303874196924));
#11617=CARTESIAN_POINT('',(72.0021030207504,79.9065241586995,-29.5190635782979));
#11618=CARTESIAN_POINT('',(72.0021030207504,82.224266319132,-32.5303874196929));
#11619=CARTESIAN_POINT('',(72.0021030207504,77.4609705434968,-24.2801171248144));
#11620=CARTESIAN_POINT('',(72.0021030207504,82.9162077763752,-33.7288651795014));
#11621=CARTESIAN_POINT('',(72.0021030207504,79.9065241586996,-29.519063578298));
#11622=CARTESIAN_POINT('',(72.0021030207504,83.8553917545185,-32.8637712950785));
#11623=CARTESIAN_POINT('',(72.0021030207504,85.3815241586998,-34.1564119585685));
#11624=CARTESIAN_POINT('',(72.0021030207504,86.907656562881,-32.8637712950785));
#11625=CARTESIAN_POINT('',(72.0021030207504,90.8565241587,-29.519063578298));
#11626=CARTESIAN_POINT('',(72.0021030207504,87.8468405410237,-33.728865179501));
#11627=CARTESIAN_POINT('',(72.0021030207504,93.302077773902,-24.2801171248144));
#11628=CARTESIAN_POINT('',(72.0021030207504,88.5387819982669,-32.5303874196926));
#11629=CARTESIAN_POINT('',(72.0021030207504,90.8565241587001,-29.5190635782981));
#11630=CARTESIAN_POINT('',(72.0021030207504,93.1742663191326,-32.5303874196931));
#11631=CARTESIAN_POINT('',(72.0021030207504,88.4109705434973,-24.2801171248145));
#11632=CARTESIAN_POINT('',(72.0021030207504,93.8662077763757,-33.7288651795015));
#11633=CARTESIAN_POINT('',(72.0021030207504,90.8565241587001,-29.5190635782981));
#11634=CARTESIAN_POINT('',(72.0021030207504,94.805391754519,-32.8637712950786));
#11635=CARTESIAN_POINT('',(72.0021030207504,96.3315241587003,-34.1564119585687));
#11636=CARTESIAN_POINT('',(72.0021030207504,97.8576565628815,-32.8637712950786));
#11637=CARTESIAN_POINT('',(72.0021030207504,101.8065241587,-29.5190635782981));
#11638=CARTESIAN_POINT('',(72.0021030207504,98.7968405410242,-33.7288651795011));
#11639=CARTESIAN_POINT('',(72.0021030207504,104.252077773902,-24.2801171248145));
#11640=CARTESIAN_POINT('',(72.0021030207504,99.4887819982674,-32.5303874196927));
#11641=CARTESIAN_POINT('',(72.0021030207504,101.8065241587,-29.5190635782981));
#11642=CARTESIAN_POINT('',(72.0021030207504,102.30808582836,-33.2858176041842));
#11643=CARTESIAN_POINT('',(72.0021030207504,102.308085828359,-20.169063578298));
#11644=CARTESIAN_POINT('',(72.0021030207504,102.30808582836,-34.6697005186705));
#11645=CARTESIAN_POINT('',(72.0021030207504,101.8065241587,-29.5190635782981));
#11646=CARTESIAN_POINT('',(72.0021030207504,106.957161099073,-30.0206252479573));
#11647=CARTESIAN_POINT('',(72.0021030207504,97.1315241587001,-30.0206252479573));
#11648=CARTESIAN_POINT('',(72.0021030207504,105.573278184586,-30.0206252479573));
#11649=CARTESIAN_POINT('',(72.0021030207504,101.8065241587,-29.5190635782981));
#11650=CARTESIAN_POINT('',(72.0021030207504,73.7395777739018,-20.2314483621221));
#11651=CARTESIAN_POINT('',(72.0021030207504,71.5383633525263,-24.0440635782978));
#11652=CARTESIAN_POINT('',(72.0021030207504,69.6909090112096,-20.8441787944736));
#11653=CARTESIAN_POINT('',(72.0021030207504,70.4055360241526,-22.0819490893521));
#11654=CARTESIAN_POINT('',(72.0021030207504,68.9565241586991,-18.5690635782979));
#11655=CARTESIAN_POINT('',(72.0021030207504,72.4694096697533,-20.0180754437514));
#11656=CARTESIAN_POINT('',(72.0021030207504,72.7135549935287,-20.1590328121545));
#11657=CARTESIAN_POINT('',(72.0021030207504,74.4315241586991,-21.1509027721251));
#11658=CARTESIAN_POINT('',(72.0021030207504,76.1494933238694,-20.1590328121545));
#11659=CARTESIAN_POINT('',(72.0021030207504,76.3936386476451,-20.0180754437512));
#11660=CARTESIAN_POINT('',(72.0021030207504,79.9065241586995,-18.5690635782979));
#11661=CARTESIAN_POINT('',(72.0021030207504,78.4575122932455,-22.081949089352));
#11662=CARTESIAN_POINT('',(72.0021030207504,79.1721393061885,-20.8441787944736));
#11663=CARTESIAN_POINT('',(72.0021030207504,79.9065241586995,-29.5190635782979));
#11664=CARTESIAN_POINT('',(72.0021030207504,76.3936386476452,-28.0700517128445));
#11665=CARTESIAN_POINT('',(72.0021030207504,72.1008245611772,-25.5915943444412));
#11666=CARTESIAN_POINT('',(72.0021030207504,94.0008245611782,-25.5915943444414));
#11667=CARTESIAN_POINT('',(72.0021030207504,96.3315241587001,-26.9372243844708));
#11668=CARTESIAN_POINT('',(72.0021030207504,98.2936386476462,-28.0700517128447));
#11669=CARTESIAN_POINT('',(72.0021030207504,98.6622237562215,-25.5915943444414));
#11670=CARTESIAN_POINT('',(72.0021030207504,94.3694096697542,-28.0700517128443));
#11671=CARTESIAN_POINT('',(72.0021030207504,90.8565241587001,-29.5190635782981));
#11672=CARTESIAN_POINT('',(72.0021030207504,92.3055360241535,-26.0061780672438));
#11673=CARTESIAN_POINT('',(72.0021030207504,95.6395777739028,-20.2314483621223));
#11674=CARTESIAN_POINT('',(72.0021030207504,93.4383633525274,-24.0440635782978));
#11675=CARTESIAN_POINT('',(72.0021030207504,91.5909090112106,-20.8441787944738));
#11676=CARTESIAN_POINT('',(72.0021030207504,92.3055360241536,-22.0819490893523));
#11677=CARTESIAN_POINT('',(72.0021030207504,90.8565241587001,-18.5690635782981));
#11678=CARTESIAN_POINT('',(72.0021030207504,94.3694096697543,-20.0180754437516));
#11679=CARTESIAN_POINT('',(72.0021030207504,94.6135549935297,-20.1590328121547));
#11680=CARTESIAN_POINT('',(72.0021030207504,96.3315241587001,-21.1509027721253));
#11681=CARTESIAN_POINT('',(72.0021030207504,98.0494933238704,-20.1590328121547));
#11682=CARTESIAN_POINT('',(72.0021030207504,98.2936386476461,-20.0180754437514));
#11683=CARTESIAN_POINT('',(72.0021030207504,101.8065241587,-18.5690635782981));
#11684=CARTESIAN_POINT('',(72.0021030207504,100.357512293247,-22.0819490893522));
#11685=CARTESIAN_POINT('',(72.0021030207504,101.072139306189,-20.8441787944738));
#11686=CARTESIAN_POINT('',(72.0021030207504,99.2246849648727,-24.0440635782978));
#11687=CARTESIAN_POINT('',(72.0021030207504,97.0234705434973,-20.2314483621223));
#11688=CARTESIAN_POINT('',(72.0021030207504,100.357512293247,-26.006178067244));
#11689=CARTESIAN_POINT('',(72.0021030207504,101.8065241587,-29.5190635782981));
#11690=CARTESIAN_POINT('',(72.0021030207504,101.8065241587,-29.5190635782981));
#11691=CARTESIAN_POINT('',(72.0021030207504,101.8065241587,-31.5190635782981));
#11692=CARTESIAN_POINT('',(72.0021030207504,101.8065241587,-18.5690635782981));
#11693=CARTESIAN_POINT('',(72.0021030207504,101.8065241587,-20.5690635782981));
#11694=CARTESIAN_POINT('',(72.0021030207504,68.956524158699,-18.5690635782978));
#11695=CARTESIAN_POINT('',(72.0021030207504,68.956524158699,-20.5690635782978));
#11696=CARTESIAN_POINT('',(72.0021030207504,83.0508245611777,-25.5915943444413));
#11697=CARTESIAN_POINT('',(72.0021030207504,85.3815241586995,-26.9372243844705));
#11698=CARTESIAN_POINT('',(72.0021030207504,87.3436386476458,-28.0700517128447));
#11699=CARTESIAN_POINT('',(72.0021030207504,87.712223756221,-25.5915943444413));
#11700=CARTESIAN_POINT('',(72.0021030207504,83.4194096697537,-28.0700517128442));
#11701=CARTESIAN_POINT('',(72.0021030207504,79.9065241586995,-29.5190635782979));
#11702=CARTESIAN_POINT('',(72.0021030207504,80.6409090112101,-20.8441787944737));
#11703=CARTESIAN_POINT('',(72.0021030207504,81.3555360241531,-22.0819490893521));
#11704=CARTESIAN_POINT('',(72.0021030207504,79.9065241586995,-18.5690635782979));
#11705=CARTESIAN_POINT('',(72.0021030207504,83.4194096697537,-20.0180754437514));
#11706=CARTESIAN_POINT('',(72.0021030207504,83.6635549935292,-20.1590328121546));
#11707=CARTESIAN_POINT('',(72.0021030207504,85.3815241586995,-21.1509027721252));
#11708=CARTESIAN_POINT('',(72.0021030207504,87.0994933238699,-20.1590328121546));
#11709=CARTESIAN_POINT('',(72.0021030207504,87.3436386476457,-20.0180754437513));
#11710=CARTESIAN_POINT('',(72.0021030207504,90.8565241587001,-18.5690635782981));
#11711=CARTESIAN_POINT('',(72.0021030207504,89.407512293246,-22.0819490893521));
#11712=CARTESIAN_POINT('',(72.0021030207504,90.122139306189,-20.8441787944737));
#11713=CARTESIAN_POINT('',(72.0021030207504,88.2746849648723,-24.0440635782978));
#11714=CARTESIAN_POINT('',(72.0021030207504,86.0734705434968,-20.2314483621222));
#11715=CARTESIAN_POINT('',(72.0021030207504,89.4075122932462,-26.006178067244));
#11716=CARTESIAN_POINT('',(72.0021030207504,90.8565241587001,-29.5190635782981));
#11717=CARTESIAN_POINT('',(72.0021030207504,90.8565241587001,-29.5190635782981));
#11718=CARTESIAN_POINT('',(72.0021030207504,90.8565241587001,-31.5190635782981));
#11719=CARTESIAN_POINT('',(72.0021030207504,90.8565241587,-18.569063578298));
#11720=CARTESIAN_POINT('',(72.0021030207504,90.8565241587,-20.569063578298));
#11721=CARTESIAN_POINT('',(72.0021030207504,79.9065241586995,-29.5190635782979));
#11722=CARTESIAN_POINT('',(72.0021030207504,79.9065241586995,-31.5190635782979));
#11723=CARTESIAN_POINT('',(72.0021030207504,79.9065241586995,-18.5690635782979));
#11724=CARTESIAN_POINT('',(72.0021030207504,79.9065241586995,-20.5690635782979));
#11725=CARTESIAN_POINT('',(72.0021030207504,73.631524158699,-20.1690635782979));
#11726=CARTESIAN_POINT('',(70.7021030207504,71.1979327727377,-24.6337066389419));
#11727=CARTESIAN_POINT('',(70.7021030207504,71.5383633525264,-24.0440635782978));
#11728=CARTESIAN_POINT('',(36.5021030207504,71.5383633525264,-24.0440635782978));
#11729=CARTESIAN_POINT('',(104.00210302075,71.1979327727377,-24.6337066389419));
#11730=CARTESIAN_POINT('',(71.0021030207504,68.9565241586991,-29.5190635782979));
#11731=CARTESIAN_POINT('',(71.0021030207504,64.9654961101734,-24.8071297803885));
#11732=CARTESIAN_POINT('',(72.0021030207504,64.9654961101734,-24.8071297803885));
#11733=CARTESIAN_POINT('',(72.0021030207504,68.9565241586991,-29.5190635782979));
#11734=CARTESIAN_POINT('',(72.0021030207504,107.961120887287,-30.0206252479573));
#11735=CARTESIAN_POINT('',(71.0021030207504,107.961120887287,-30.0206252479573));
#11736=CARTESIAN_POINT('',(71.3021030207504,105.573278184586,-30.0206252479573));
#11737=CARTESIAN_POINT('',(72.0021030207504,106.957161099073,-30.0206252479573));
#11738=CARTESIAN_POINT('',(72.0021030207504,107.069895540579,-30.0206252479573));
#11739=CARTESIAN_POINT('',(71.9826857013467,107.184186617223,-30.0206252479573));
#11740=CARTESIAN_POINT('',(71.9454029309855,107.29057763816,-30.0206252479573));
#11741=CARTESIAN_POINT('',(71.9081163747231,107.396979462637,-30.0206252479573));
#11742=CARTESIAN_POINT('',(71.8519218734361,107.498418472655,-30.0206252479573));
#11743=CARTESIAN_POINT('',(71.7814350398637,107.586414164725,-30.0206252479573));
#11744=CARTESIAN_POINT('',(71.7111336470057,107.674178352794,-30.0206252479573));
#11745=CARTESIAN_POINT('',(71.6246622688194,107.750999181137,-30.0206252479573));
#11746=CARTESIAN_POINT('',(71.5291944173408,107.810419109437,-30.0206252479573));
#11747=CARTESIAN_POINT('',(71.4340886642257,107.869613664918,-30.0206252479573));
#11748=CARTESIAN_POINT('',(71.3274199353882,107.913176912671,-30.0206252479573));
#11749=CARTESIAN_POINT('',(71.2180575920703,107.937445772105,-30.0206252479573));
#11750=CARTESIAN_POINT('',(71.1473612489449,107.953134166864,-30.0206252479573));
#11751=CARTESIAN_POINT('',(71.074519169926,107.961120887287,-30.0206252479573));
#11752=CARTESIAN_POINT('',(71.0021030207504,107.961120887287,-30.0206252479573));
#11753=CARTESIAN_POINT('',(104.00210302075,107.158071681756,-30.0206252479573));
#11754=CARTESIAN_POINT('',(104.00210302075,104.817848000095,-27.2013214178653));
#11755=CARTESIAN_POINT('',(72.0021030207504,106.885780440875,-26.007400066515));
#11756=CARTESIAN_POINT('',(71.0021030207504,106.885780440875,-26.007400066515));
#11757=CARTESIAN_POINT('',(71.0021030207504,106.885780440875,-26.007400066515));
#11758=CARTESIAN_POINT('',(71.1137389848559,106.885780440875,-26.007400066515));
#11759=CARTESIAN_POINT('',(71.2269142714351,106.869073595194,-26.0170457683664));
#11760=CARTESIAN_POINT('',(71.3322518572674,106.837058971667,-26.0355294198779));
#11761=CARTESIAN_POINT('',(71.4375846560752,106.805045803031,-26.0540122314074));
#11762=CARTESIAN_POINT('',(71.5379814761499,106.756847918276,-26.0818392931452));
#11763=CARTESIAN_POINT('',(71.6251744918869,106.696481326939,-26.1166919609036));
#11764=CARTESIAN_POINT('',(71.7124837976019,106.636034224227,-26.1515911119261));
#11765=CARTESIAN_POINT('',(71.7889545227279,106.561729782541,-26.1944908013352));
#11766=CARTESIAN_POINT('',(71.8483453334242,106.479720105806,-26.2418391102745));
#11767=CARTESIAN_POINT('',(71.9079267193575,106.397447273653,-26.2893393520648));
#11768=CARTESIAN_POINT('',(71.9519568579792,106.305165246641,-26.3426184052019));
#11769=CARTESIAN_POINT('',(71.9768807718883,106.210479587963,-26.397285195728));
#11770=CARTESIAN_POINT('',(71.9935950245489,106.146982336758,-26.4339453508037));
#11771=CARTESIAN_POINT('',(72.0021030207504,106.081451988046,-26.471779315273));
#11772=CARTESIAN_POINT('',(72.0021030207504,106.016325759904,-26.5093799606222));
#11773=CARTESIAN_POINT('',(104.00210302075,104.117252043091,-27.6058106822346));
#11774=CARTESIAN_POINT('',(104.00210302075,101.8065241587,-29.5190635782981));
#11775=CARTESIAN_POINT('',(104.00210302075,102.308085828359,-33.2858176041842));
#11776=CARTESIAN_POINT('',(72.0021030207504,102.308085828359,-35.6736603068847));
#11777=CARTESIAN_POINT('',(71.0021030207504,102.308085828359,-35.6736603068847));
#11778=CARTESIAN_POINT('',(71.0021030207504,102.308085828359,-35.6736603068847));
#11779=CARTESIAN_POINT('',(71.1137389848559,102.308085828359,-35.6736603068847));
#11780=CARTESIAN_POINT('',(71.2269142714351,102.308085828359,-35.6543689031821));
#11781=CARTESIAN_POINT('',(71.3322518572674,102.308085828359,-35.6174016001589));
#11782=CARTESIAN_POINT('',(71.4375846560752,102.308085828359,-35.5804359771001));
#11783=CARTESIAN_POINT('',(71.5379814761499,102.308085828359,-35.5247818536245));
#11784=CARTESIAN_POINT('',(71.6251744918869,102.308085828359,-35.4550765181076));
#11785=CARTESIAN_POINT('',(71.7124837976019,102.308085828359,-35.3852782160627));
#11786=CARTESIAN_POINT('',(71.7889545227279,102.308085828359,-35.2994788372443));
#11787=CARTESIAN_POINT('',(71.8483453334242,102.308085828359,-35.2047822193658));
#11788=CARTESIAN_POINT('',(71.9079267193575,102.308085828359,-35.1097817357852));
#11789=CARTESIAN_POINT('',(71.9519568579792,102.308085828359,-35.0032236295111));
#11790=CARTESIAN_POINT('',(71.9768807718883,102.308085828359,-34.8938900484588));
#11791=CARTESIAN_POINT('',(71.9935950245489,102.308085828359,-34.8205697383073));
#11792=CARTESIAN_POINT('',(72.0021030207504,102.30808582836,-34.7449018093689));
#11793=CARTESIAN_POINT('',(72.0021030207504,102.30808582836,-34.6697005186705));
#11794=CARTESIAN_POINT('',(104.00210302075,102.308085828359,-32.476839075446));
#11795=CARTESIAN_POINT('',(72.0021030207504,98.2948606469174,-34.5983198604728));
#11796=CARTESIAN_POINT('',(71.0021030207504,98.2948606469174,-34.5983198604728));
#11797=CARTESIAN_POINT('',(71.3021030207504,99.4887819982677,-32.5303874196928));
#11798=CARTESIAN_POINT('',(72.0021030207504,98.7968405410242,-33.7288651795011));
#11799=CARTESIAN_POINT('',(72.0021030207504,98.740473320271,-33.8264960697272));
#11800=CARTESIAN_POINT('',(71.9826857013467,98.6833277819495,-33.9254750455265));
#11801=CARTESIAN_POINT('',(71.9454029309855,98.6301322714811,-34.0176123723924));
#11802=CARTESIAN_POINT('',(71.9081163747231,98.5769313592426,-34.1097590553983));
#11803=CARTESIAN_POINT('',(71.8519218734361,98.5262118542333,-34.1976078150093));
#11804=CARTESIAN_POINT('',(71.7814350398637,98.4822140081984,-34.2738143197653));
#11805=CARTESIAN_POINT('',(71.7111336470057,98.4383319141641,-34.3498203361753));
#11806=CARTESIAN_POINT('',(71.6246622688193,98.3999214999925,-34.4163491250601));
#11807=CARTESIAN_POINT('',(71.5291944173408,98.3702115358425,-34.467808292459));
#11808=CARTESIAN_POINT('',(71.4340886642257,98.3406142581019,-34.5190722812715));
#11809=CARTESIAN_POINT('',(71.3274199353882,98.3188326342255,-34.5567991604967));
#11810=CARTESIAN_POINT('',(71.2180575920703,98.3066982045086,-34.5778166092874));
#11811=CARTESIAN_POINT('',(71.1473612489449,98.2988540071288,-34.5914031576937));
#11812=CARTESIAN_POINT('',(71.074519169926,98.2948606469174,-34.5983198604728));
#11813=CARTESIAN_POINT('',(71.0021030207504,98.2948606469174,-34.5983198604728));
#11814=CARTESIAN_POINT('',(104.00210302075,98.6963852496825,-33.9028588479948));
#11815=CARTESIAN_POINT('',(104.00210302075,101.8065241587,-29.5190635782981));
#11816=CARTESIAN_POINT('',(104.00210302075,99.2246849648726,-24.0440635782978));
#11817=CARTESIAN_POINT('',(70.7021030207504,99.2246849648729,-24.0440635782978));
#11818=CARTESIAN_POINT('',(70.7021030207504,99.5651155446614,-24.6337066389421));
#11819=CARTESIAN_POINT('',(70.7021030207504,100.357512293247,-26.006178067244));
#11820=CARTESIAN_POINT('',(71.3021030207504,100.357512293247,-26.006178067244));
#11821=CARTESIAN_POINT('',(104.00210302075,99.5651155446614,-24.6337066389421));
#11822=CARTESIAN_POINT('',(70.7021030207504,101.8065241587,-29.5190635782981));
#11823=CARTESIAN_POINT('',(70.7021030207504,98.2936386476462,-28.0700517128447));
#11824=CARTESIAN_POINT('',(104.00210302075,98.2936386476461,-28.0700517128447));
#11825=CARTESIAN_POINT('',(104.00210302075,101.8065241587,-29.5190635782981));
#11826=CARTESIAN_POINT('',(70.7021030207504,101.8065241587,-29.5190635782981));
#11827=CARTESIAN_POINT('',(70.7021030207504,101.8065241587,-31.5190635782981));
#11828=CARTESIAN_POINT('',(27.0521030207504,101.8065241587,-29.5190635782981));
#11829=CARTESIAN_POINT('',(72.0021030207504,105.797552207226,-24.8071297803887));
#11830=CARTESIAN_POINT('',(71.0021030207504,105.797552207226,-24.8071297803887));
#11831=CARTESIAN_POINT('',(71.0021030207504,101.8065241587,-29.5190635782981));
#11832=CARTESIAN_POINT('',(72.0021030207504,101.8065241587,-29.5190635782981));
#11833=CARTESIAN_POINT('',(71.0021030207504,101.8065241587,-29.5190635782981));
#11834=CARTESIAN_POINT('',(71.0021030207504,97.0945903607909,-33.5100916268236));
#11835=CARTESIAN_POINT('',(72.0021030207504,97.0945903607909,-33.5100916268236));
#11836=CARTESIAN_POINT('',(72.0021030207504,101.8065241587,-29.5190635782981));
#11837=CARTESIAN_POINT('',(71.0021030207504,101.8065241587,-29.5190635782981));
#11838=CARTESIAN_POINT('',(72.0021030207504,101.8065241587,-29.5190635782981));
#11839=CARTESIAN_POINT('',(70.7021030207504,98.9942346046492,-28.4745409772136));
#11840=CARTESIAN_POINT('',(70.7021030207504,96.3315241587001,-26.9372243844708));
#11841=CARTESIAN_POINT('',(36.5021030207504,96.3315241587001,-26.9372243844708));
#11842=CARTESIAN_POINT('',(104.00210302075,98.9942346046492,-28.4745409772136));
#11843=CARTESIAN_POINT('',(70.7021030207504,101.8065241587,-18.5690635782981));
#11844=CARTESIAN_POINT('',(70.7021030207504,101.8065241587,-20.5690635782981));
#11845=CARTESIAN_POINT('',(27.0521030207504,101.8065241587,-18.5690635782981));
#11846=CARTESIAN_POINT('',(72.0021030207504,98.2948606469174,-13.4898072961234));
#11847=CARTESIAN_POINT('',(71.0021030207504,98.2948606469174,-13.4898072961234));
#11848=CARTESIAN_POINT('',(71.0021030207504,98.2948606469174,-13.4898072961234));
#11849=CARTESIAN_POINT('',(71.1137389848559,98.2948606469174,-13.4898072961234));
#11850=CARTESIAN_POINT('',(71.2269142714351,98.3045063487687,-13.5065141418045));
#11851=CARTESIAN_POINT('',(71.3322518572674,98.3229900002803,-13.538528765332));
#11852=CARTESIAN_POINT('',(71.4375846560752,98.3414728118097,-13.5705419339677));
#11853=CARTESIAN_POINT('',(71.5379814761499,98.3692998735475,-13.6187398187229));
#11854=CARTESIAN_POINT('',(71.6251744918869,98.4041525413059,-13.6791064100598));
#11855=CARTESIAN_POINT('',(71.7124837976019,98.4390516923284,-13.7395535127717));
#11856=CARTESIAN_POINT('',(71.7889545227279,98.4819513817376,-13.8138579544574));
#11857=CARTESIAN_POINT('',(71.8483453334242,98.5292996906768,-13.8958676311926));
#11858=CARTESIAN_POINT('',(71.9079267193575,98.5767999324671,-13.9781404633452));
#11859=CARTESIAN_POINT('',(71.9519568579792,98.6300789856042,-14.0704224903577));
#11860=CARTESIAN_POINT('',(71.9768807718882,98.6847457761303,-14.1651081490358));
#11861=CARTESIAN_POINT('',(71.9935950245489,98.7214059312061,-14.2286054002403));
#11862=CARTESIAN_POINT('',(72.0021030207504,98.7592398956752,-14.2941357489528));
#11863=CARTESIAN_POINT('',(72.0021030207504,98.7968405410244,-14.359261977095));
#11864=CARTESIAN_POINT('',(104.00210302075,99.4887819982677,-15.5577397369034));
#11865=CARTESIAN_POINT('',(104.00210302075,98.6963852496825,-14.1852683086014));
#11866=CARTESIAN_POINT('',(104.00210302075,102.308085828359,-14.802309552412));
#11867=CARTESIAN_POINT('',(104.00210302075,101.8065241587,-18.5690635782981));
#11868=CARTESIAN_POINT('',(72.0021030207504,102.308085828359,-13.4184266379257));
#11869=CARTESIAN_POINT('',(72.0021030207504,102.308085828359,-13.3056921964192));
#11870=CARTESIAN_POINT('',(71.9826857013467,102.308085828359,-13.1914011197756));
#11871=CARTESIAN_POINT('',(71.9454029309855,102.308085828359,-13.0850100988388));
#11872=CARTESIAN_POINT('',(71.9081163747231,102.308085828359,-12.978608274362));
#11873=CARTESIAN_POINT('',(71.8519218734361,102.308085828359,-12.8771692643433));
#11874=CARTESIAN_POINT('',(71.7814350398637,102.308085828359,-12.7891735722735));
#11875=CARTESIAN_POINT('',(71.7111336470057,102.308085828359,-12.7014093842049));
#11876=CARTESIAN_POINT('',(71.6246622688194,102.308085828359,-12.6245885558618));
#11877=CARTESIAN_POINT('',(71.5291944173408,102.308085828359,-12.5651686275618));
#11878=CARTESIAN_POINT('',(71.4340886642257,102.308085828359,-12.5059740720805));
#11879=CARTESIAN_POINT('',(71.3274199353882,102.308085828359,-12.4624108243278));
#11880=CARTESIAN_POINT('',(71.2180575920703,102.308085828359,-12.4381419648939));
#11881=CARTESIAN_POINT('',(71.1473612489449,102.308085828359,-12.4224535701343));
#11882=CARTESIAN_POINT('',(71.074519169926,102.308085828359,-12.4144668497115));
#11883=CARTESIAN_POINT('',(71.0021030207504,102.308085828359,-12.4144668497115));
#11884=CARTESIAN_POINT('',(71.0021030207504,102.308085828359,-12.4144668497115));
#11885=CARTESIAN_POINT('',(72.0021030207504,102.308085828359,-12.4144668497115));
#11886=CARTESIAN_POINT('',(104.00210302075,102.308085828359,-15.6112880811501));
#11887=CARTESIAN_POINT('',(71.0021030207504,101.8065241587,-18.5690635782981));
#11888=CARTESIAN_POINT('',(71.0021030207504,107.961120887287,-18.0675019086388));
#11889=CARTESIAN_POINT('',(72.0021030207504,107.961120887287,-18.0675019086388));
#11890=CARTESIAN_POINT('',(72.0021030207504,101.8065241587,-18.5690635782981));
#11891=CARTESIAN_POINT('',(71.0021030207504,107.961120887287,-18.0675019086388));
#11892=CARTESIAN_POINT('',(71.1137389848559,107.961120887287,-18.0675019086388));
#11893=CARTESIAN_POINT('',(71.2269142714351,107.941829483584,-18.0675019086388));
#11894=CARTESIAN_POINT('',(71.3322518572674,107.904862180561,-18.0675019086388));
#11895=CARTESIAN_POINT('',(71.4375846560752,107.867896557502,-18.0675019086388));
#11896=CARTESIAN_POINT('',(71.5379814761499,107.812242434027,-18.0675019086388));
#11897=CARTESIAN_POINT('',(71.6251744918869,107.74253709851,-18.0675019086388));
#11898=CARTESIAN_POINT('',(71.7124837976019,107.672738796465,-18.0675019086388));
#11899=CARTESIAN_POINT('',(71.7889545227279,107.586939417647,-18.0675019086388));
#11900=CARTESIAN_POINT('',(71.8483453334242,107.492242799768,-18.0675019086388));
#11901=CARTESIAN_POINT('',(71.9079267193575,107.397242316188,-18.0675019086388));
#11902=CARTESIAN_POINT('',(71.9519568579792,107.290684209913,-18.0675019086388));
#11903=CARTESIAN_POINT('',(71.9768807718883,107.181350628861,-18.0675019086388));
#11904=CARTESIAN_POINT('',(71.9935950245489,107.10803031871,-18.0675019086388));
#11905=CARTESIAN_POINT('',(72.0021030207504,107.032362389771,-18.0675019086388));
#11906=CARTESIAN_POINT('',(72.0021030207504,106.957161099073,-18.0675019086388));
#11907=CARTESIAN_POINT('',(104.00210302075,105.573278184586,-18.0675019086388));
#11908=CARTESIAN_POINT('',(104.00210302075,107.158071681756,-18.0675019086388));
#11909=CARTESIAN_POINT('',(104.00210302075,104.817848000095,-20.8868057387308));
#11910=CARTESIAN_POINT('',(104.00210302075,101.8065241587,-18.5690635782981));
#11911=CARTESIAN_POINT('',(72.0021030207504,106.016325759904,-21.5787471959739));
#11912=CARTESIAN_POINT('',(72.0021030207504,106.11395665013,-21.6351144167271));
#11913=CARTESIAN_POINT('',(71.9826857013467,106.212935625929,-21.692259955049));
#11914=CARTESIAN_POINT('',(71.9454029309855,106.305072952795,-21.7454554655174));
#11915=CARTESIAN_POINT('',(71.9081163747231,106.397219635801,-21.7986563777558));
#11916=CARTESIAN_POINT('',(71.8519218734361,106.485068395412,-21.8493758827652));
#11917=CARTESIAN_POINT('',(71.7814350398637,106.561274900168,-21.8933737288001));
#11918=CARTESIAN_POINT('',(71.7111336470057,106.637280916578,-21.9372558228344));
#11919=CARTESIAN_POINT('',(71.6246622688194,106.703809705463,-21.9756662370059));
#11920=CARTESIAN_POINT('',(71.5291944173408,106.755268872861,-22.0053762011559));
#11921=CARTESIAN_POINT('',(71.4340886642257,106.806532861674,-22.0349734788966));
#11922=CARTESIAN_POINT('',(71.3274199353882,106.844259740899,-22.0567551027729));
#11923=CARTESIAN_POINT('',(71.2180575920703,106.86527718969,-22.0688895324899));
#11924=CARTESIAN_POINT('',(71.1473612489449,106.878863738096,-22.0767337298697));
#11925=CARTESIAN_POINT('',(71.074519169926,106.885780440875,-22.0807270900811));
#11926=CARTESIAN_POINT('',(71.0021030207504,106.885780440875,-22.0807270900811));
#11927=CARTESIAN_POINT('',(71.0021030207504,106.885780440875,-22.0807270900811));
#11928=CARTESIAN_POINT('',(72.0021030207504,106.885780440875,-22.0807270900811));
#11929=CARTESIAN_POINT('',(104.00210302075,104.117252043091,-20.4823164743615));
#11930=CARTESIAN_POINT('',(71.0021030207504,101.8065241587,-18.5690635782981));
#11931=CARTESIAN_POINT('',(71.0021030207504,105.797552207226,-23.2809973762075));
#11932=CARTESIAN_POINT('',(72.0021030207504,105.797552207226,-23.2809973762075));
#11933=CARTESIAN_POINT('',(72.0021030207504,101.8065241587,-18.5690635782981));
#11934=CARTESIAN_POINT('',(70.7021030207504,99.5651155446614,-23.454420517654));
#11935=CARTESIAN_POINT('',(70.7021030207504,100.357512293247,-22.0819490893522));
#11936=CARTESIAN_POINT('',(104.00210302075,100.357512293247,-22.0819490893522));
#11937=CARTESIAN_POINT('',(104.00210302075,99.5651155446614,-23.454420517654));
#11938=CARTESIAN_POINT('',(70.7021030207504,101.8065241587,-18.5690635782981));
#11939=CARTESIAN_POINT('',(70.7021030207504,98.2936386476461,-20.0180754437515));
#11940=CARTESIAN_POINT('',(104.00210302075,98.2936386476461,-20.0180754437515));
#11941=CARTESIAN_POINT('',(104.00210302075,101.8065241587,-18.5690635782981));
#11942=CARTESIAN_POINT('',(72.0021030207504,97.0945903607909,-14.5780355297726));
#11943=CARTESIAN_POINT('',(71.0021030207504,97.0945903607909,-14.5780355297726));
#11944=CARTESIAN_POINT('',(71.0021030207504,101.8065241587,-18.5690635782981));
#11945=CARTESIAN_POINT('',(72.0021030207504,101.8065241587,-18.5690635782981));
#11946=CARTESIAN_POINT('',(70.7021030207504,98.9942346046492,-19.6135861793826));
#11947=CARTESIAN_POINT('',(70.7021030207504,96.3315241587001,-21.1509027721254));
#11948=CARTESIAN_POINT('',(104.00210302075,96.3315241587001,-21.1509027721253));
#11949=CARTESIAN_POINT('',(104.00210302075,98.9942346046492,-19.6135861793826));
#11950=CARTESIAN_POINT('',(72.0021030207504,64.9654961101734,-23.2809973762073));
#11951=CARTESIAN_POINT('',(71.0021030207504,64.9654961101734,-23.2809973762073));
#11952=CARTESIAN_POINT('',(71.0021030207504,68.956524158699,-18.5690635782978));
#11953=CARTESIAN_POINT('',(71.0021030207504,63.8772678765241,-22.0807270900806));
#11954=CARTESIAN_POINT('',(72.0021030207504,63.8772678765241,-22.0807270900806));
#11955=CARTESIAN_POINT('',(72.0021030207504,68.956524158699,-18.5690635782978));
#11956=CARTESIAN_POINT('',(104.00210302075,65.9452003173041,-20.8868057387303));
#11957=CARTESIAN_POINT('',(71.0021030207504,63.8772678765241,-22.0807270900806));
#11958=CARTESIAN_POINT('',(71.1137389848559,63.8772678765241,-22.0807270900806));
#11959=CARTESIAN_POINT('',(71.2269142714351,63.8939747222052,-22.0710813882293));
#11960=CARTESIAN_POINT('',(71.3322518572674,63.9259893457327,-22.0525977367177));
#11961=CARTESIAN_POINT('',(71.4375846560752,63.9580025143684,-22.0341149251883));
#11962=CARTESIAN_POINT('',(71.5379814761499,64.0062003991236,-22.0062878634505));
#11963=CARTESIAN_POINT('',(71.6251744918869,64.0665669904605,-21.971435195692));
#11964=CARTESIAN_POINT('',(71.7124837976019,64.1270140931724,-21.9365360446696));
#11965=CARTESIAN_POINT('',(71.7889545227279,64.2013185348581,-21.8936363552604));
#11966=CARTESIAN_POINT('',(71.8483453334242,64.2833282115933,-21.8462880463212));
#11967=CARTESIAN_POINT('',(71.9079267193575,64.3656010437459,-21.7987878045309));
#11968=CARTESIAN_POINT('',(71.9519568579792,64.4578830707585,-21.7455087513938));
#11969=CARTESIAN_POINT('',(71.9768807718883,64.5525687294365,-21.6908419608676));
#11970=CARTESIAN_POINT('',(71.9935950245489,64.616065980641,-21.6541818057919));
#11971=CARTESIAN_POINT('',(72.0021030207504,64.6815963293534,-21.6163478413227));
#11972=CARTESIAN_POINT('',(72.0021030207504,64.7467225574956,-21.5787471959735));
#11973=CARTESIAN_POINT('',(104.00210302075,66.6457962743074,-20.4823164743613));
#11974=CARTESIAN_POINT('',(71.3021030207504,65.1897701328131,-18.0675019086386));
#11975=CARTESIAN_POINT('',(104.00210302075,68.9565241586991,-18.5690635782979));
#11976=CARTESIAN_POINT('',(72.0021030207504,62.8019274301124,-18.0675019086386));
#11977=CARTESIAN_POINT('',(71.0021030207504,62.8019274301124,-18.0675019086386));
#11978=CARTESIAN_POINT('',(72.0021030207504,63.8058872183266,-18.0675019086386));
#11979=CARTESIAN_POINT('',(72.0021030207504,63.6931527768201,-18.0675019086386));
#11980=CARTESIAN_POINT('',(71.9826857013467,63.5788617001766,-18.0675019086386));
#11981=CARTESIAN_POINT('',(71.9454029309855,63.4724706792398,-18.0675019086386));
#11982=CARTESIAN_POINT('',(71.9081163747231,63.3660688547629,-18.0675019086386));
#11983=CARTESIAN_POINT('',(71.8519218734361,63.2646298447443,-18.0675019086386));
#11984=CARTESIAN_POINT('',(71.7814350398637,63.1766341526745,-18.0675019086386));
#11985=CARTESIAN_POINT('',(71.7111336470057,63.0888699646058,-18.0675019086386));
#11986=CARTESIAN_POINT('',(71.6246622688194,63.0120491362627,-18.0675019086386));
#11987=CARTESIAN_POINT('',(71.5291944173408,62.9526292079627,-18.0675019086386));
#11988=CARTESIAN_POINT('',(71.4340886642257,62.8934346524815,-18.0675019086386));
#11989=CARTESIAN_POINT('',(71.3274199353882,62.8498714047287,-18.0675019086386));
#11990=CARTESIAN_POINT('',(71.2180575920703,62.8256025452948,-18.0675019086386));
#11991=CARTESIAN_POINT('',(71.1473612489449,62.8099141505352,-18.0675019086386));
#11992=CARTESIAN_POINT('',(71.074519169926,62.8019274301124,-18.0675019086386));
#11993=CARTESIAN_POINT('',(71.0021030207504,62.8019274301124,-18.0675019086386));
#11994=CARTESIAN_POINT('',(104.00210302075,63.6049766356429,-18.0675019086386));
#11995=CARTESIAN_POINT('',(71.0021030207504,68.956524158699,-18.5690635782978));
#11996=CARTESIAN_POINT('',(71.0021030207504,68.4549624890398,-12.4144668497112));
#11997=CARTESIAN_POINT('',(72.0021030207504,68.4549624890398,-12.4144668497112));
#11998=CARTESIAN_POINT('',(72.0021030207504,68.956524158699,-18.5690635782978));
#11999=CARTESIAN_POINT('',(104.00210302075,68.4549624890398,-14.8023095524119));
#12000=CARTESIAN_POINT('',(71.0021030207504,68.4549624890398,-12.4144668497112));
#12001=CARTESIAN_POINT('',(71.1137389848559,68.4549624890398,-12.4144668497112));
#12002=CARTESIAN_POINT('',(71.2269142714351,68.4549624890398,-12.4337582534138));
#12003=CARTESIAN_POINT('',(71.3322518572674,68.4549624890398,-12.470725556437));
#12004=CARTESIAN_POINT('',(71.4375846560752,68.4549624890398,-12.5076911794959));
#12005=CARTESIAN_POINT('',(71.5379814761499,68.4549624890398,-12.5633453029714));
#12006=CARTESIAN_POINT('',(71.6251744918869,68.4549624890398,-12.6330506384883));
#12007=CARTESIAN_POINT('',(71.7124837976019,68.4549624890398,-12.7028489405332));
#12008=CARTESIAN_POINT('',(71.7889545227279,68.4549624890398,-12.7886483193516));
#12009=CARTESIAN_POINT('',(71.8483453334242,68.4549624890398,-12.8833449372301));
#12010=CARTESIAN_POINT('',(71.9079267193575,68.4549624890398,-12.9783454208107));
#12011=CARTESIAN_POINT('',(71.9519568579792,68.4549624890398,-13.0849035270848));
#12012=CARTESIAN_POINT('',(71.9768807718883,68.4549624890398,-13.1942371081371));
#12013=CARTESIAN_POINT('',(71.9935950245489,68.4549624890398,-13.2675574182886));
#12014=CARTESIAN_POINT('',(72.0021030207504,68.4549624890398,-13.343225347227));
#12015=CARTESIAN_POINT('',(72.0021030207504,68.4549624890398,-13.4184266379254));
#12016=CARTESIAN_POINT('',(104.00210302075,68.4549624890398,-15.6112880811499));
#12017=CARTESIAN_POINT('',(71.3021030207504,71.2742663191315,-15.5577397369029));
#12018=CARTESIAN_POINT('',(104.00210302075,68.9565241586991,-18.5690635782979));
#12019=CARTESIAN_POINT('',(70.7021030207504,68.956524158699,-18.5690635782978));
#12020=CARTESIAN_POINT('',(70.7021030207504,68.956524158699,-20.5690635782978));
#12021=CARTESIAN_POINT('',(27.0521030207504,68.956524158699,-18.5690635782978));
#12022=CARTESIAN_POINT('',(70.7021030207504,68.9565241586991,-18.5690635782979));
#12023=CARTESIAN_POINT('',(70.7021030207504,72.4694096697533,-20.0180754437515));
#12024=CARTESIAN_POINT('',(70.7021030207504,70.4055360241527,-22.0819490893521));
#12025=CARTESIAN_POINT('',(104.00210302075,72.4694096697533,-20.0180754437515));
#12026=CARTESIAN_POINT('',(71.3021030207504,70.4055360241527,-22.0819490893521));
#12027=CARTESIAN_POINT('',(104.00210302075,68.9565241586991,-18.5690635782979));
#12028=CARTESIAN_POINT('',(70.7021030207504,71.1979327727377,-23.4544205176538));
#12029=CARTESIAN_POINT('',(104.00210302075,71.1979327727377,-23.4544205176538));
#12030=CARTESIAN_POINT('',(72.0021030207504,72.4681876704818,-13.4898072961229));
#12031=CARTESIAN_POINT('',(71.0021030207504,72.4681876704818,-13.4898072961229));
#12032=CARTESIAN_POINT('',(72.0021030207504,71.9662077763747,-14.3592619770944));
#12033=CARTESIAN_POINT('',(72.0021030207504,72.022574997128,-14.2616310868684));
#12034=CARTESIAN_POINT('',(71.9826857013467,72.0797205354498,-14.1626521110692));
#12035=CARTESIAN_POINT('',(71.9454029309855,72.1329160459182,-14.0705147842033));
#12036=CARTESIAN_POINT('',(71.9081163747231,72.1861169581566,-13.9783681011974));
#12037=CARTESIAN_POINT('',(71.8519218734361,72.2368364631659,-13.8905193415865));
#12038=CARTESIAN_POINT('',(71.7814350398637,72.2808343092008,-13.8143128368304));
#12039=CARTESIAN_POINT('',(71.7111336470057,72.3247164032351,-13.7383068204205));
#12040=CARTESIAN_POINT('',(71.6246622688194,72.3631268174067,-13.6717780315356));
#12041=CARTESIAN_POINT('',(71.5291944173408,72.3928367815567,-13.6203188641367));
#12042=CARTESIAN_POINT('',(71.4340886642257,72.4224340592973,-13.5690548753242));
#12043=CARTESIAN_POINT('',(71.3274199353882,72.4442156831737,-13.531327996099));
#12044=CARTESIAN_POINT('',(71.2180575920703,72.4563501128906,-13.5103105473084));
#12045=CARTESIAN_POINT('',(71.1473612489449,72.4641943102704,-13.496723998902));
#12046=CARTESIAN_POINT('',(71.074519169926,72.4681876704818,-13.4898072961229));
#12047=CARTESIAN_POINT('',(71.0021030207504,72.4681876704818,-13.4898072961229));
#12048=CARTESIAN_POINT('',(104.00210302075,72.0666630677166,-14.1852683086012));
#12049=CARTESIAN_POINT('',(71.0021030207504,68.956524158699,-18.5690635782978));
#12050=CARTESIAN_POINT('',(71.0021030207504,73.6684579566087,-14.5780355297724));
#12051=CARTESIAN_POINT('',(72.0021030207504,73.6684579566087,-14.5780355297724));
#12052=CARTESIAN_POINT('',(72.0021030207504,68.956524158699,-18.5690635782978));
#12053=CARTESIAN_POINT('',(70.7021030207504,71.7688137127499,-19.6135861793824));
#12054=CARTESIAN_POINT('',(70.7021030207504,74.4315241586991,-21.1509027721252));
#12055=CARTESIAN_POINT('',(104.00210302075,74.4315241586991,-21.1509027721252));
#12056=CARTESIAN_POINT('',(104.00210302075,71.7688137127499,-19.6135861793824));
#12057=CARTESIAN_POINT('',(104.00210302075,93.1742663191325,-32.5303874196931));
#12058=CARTESIAN_POINT('',(71.3021030207504,88.5387819982672,-32.5303874196927));
#12059=CARTESIAN_POINT('',(104.00210302075,90.8565241587001,-29.5190635782981));
#12060=CARTESIAN_POINT('',(72.0021030207504,87.3448606469169,-34.5983198604727));
#12061=CARTESIAN_POINT('',(71.0021030207504,87.3448606469169,-34.5983198604727));
#12062=CARTESIAN_POINT('',(72.0021030207504,87.8468405410237,-33.728865179501));
#12063=CARTESIAN_POINT('',(72.0021030207504,87.7904733202705,-33.8264960697271));
#12064=CARTESIAN_POINT('',(71.9826857013467,87.733327781949,-33.9254750455264));
#12065=CARTESIAN_POINT('',(71.9454029309855,87.6801322714806,-34.0176123723923));
#12066=CARTESIAN_POINT('',(71.9081163747231,87.6269313592421,-34.1097590553982));
#12067=CARTESIAN_POINT('',(71.8519218734361,87.5762118542328,-34.1976078150092));
#12068=CARTESIAN_POINT('',(71.7814350398637,87.5322140081979,-34.2738143197652));
#12069=CARTESIAN_POINT('',(71.7111336470057,87.4883319141636,-34.3498203361752));
#12070=CARTESIAN_POINT('',(71.6246622688193,87.449921499992,-34.41634912506));
#12071=CARTESIAN_POINT('',(71.5291944173408,87.420211535842,-34.4678082924589));
#12072=CARTESIAN_POINT('',(71.4340886642256,87.3906142581014,-34.5190722812714));
#12073=CARTESIAN_POINT('',(71.3274199353882,87.368832634225,-34.5567991604966));
#12074=CARTESIAN_POINT('',(71.2180575920703,87.3566982045081,-34.5778166092873));
#12075=CARTESIAN_POINT('',(71.1473612489449,87.3488540071283,-34.5914031576936));
#12076=CARTESIAN_POINT('',(71.074519169926,87.3448606469169,-34.5983198604727));
#12077=CARTESIAN_POINT('',(71.0021030207504,87.3448606469169,-34.5983198604727));
#12078=CARTESIAN_POINT('',(104.00210302075,87.746385249682,-33.9028588479947));
#12079=CARTESIAN_POINT('',(71.0021030207504,90.8565241587,-29.519063578298));
#12080=CARTESIAN_POINT('',(71.0021030207504,86.1445903607904,-33.5100916268235));
#12081=CARTESIAN_POINT('',(72.0021030207504,86.1445903607904,-33.5100916268235));
#12082=CARTESIAN_POINT('',(72.0021030207504,90.8565241587,-29.519063578298));
#12083=CARTESIAN_POINT('',(104.00210302075,87.3436386476458,-28.0700517128447));
#12084=CARTESIAN_POINT('',(70.7021030207504,87.3436386476458,-28.0700517128447));
#12085=CARTESIAN_POINT('',(70.7021030207504,88.0442346046487,-28.4745409772135));
#12086=CARTESIAN_POINT('',(70.7021030207504,85.3815241586995,-26.9372243844707));
#12087=CARTESIAN_POINT('',(36.5021030207504,85.3815241586995,-26.9372243844707));
#12088=CARTESIAN_POINT('',(104.00210302075,88.0442346046487,-28.4745409772135));
#12089=CARTESIAN_POINT('',(70.7021030207504,90.8565241587001,-29.5190635782981));
#12090=CARTESIAN_POINT('',(70.7021030207504,89.4075122932461,-26.006178067244));
#12091=CARTESIAN_POINT('',(71.3021030207504,89.4075122932461,-26.006178067244));
#12092=CARTESIAN_POINT('',(104.00210302075,90.8565241587001,-29.5190635782981));
#12093=CARTESIAN_POINT('',(104.00210302075,88.2746849648722,-24.0440635782978));
#12094=CARTESIAN_POINT('',(70.7021030207504,88.2746849648723,-24.0440635782978));
#12095=CARTESIAN_POINT('',(70.7021030207504,88.6151155446609,-24.633706638942));
#12096=CARTESIAN_POINT('',(104.00210302075,88.6151155446609,-24.633706638942));
#12097=CARTESIAN_POINT('',(70.7021030207504,90.8565241587001,-29.5190635782981));
#12098=CARTESIAN_POINT('',(70.7021030207504,90.8565241587001,-31.5190635782981));
#12099=CARTESIAN_POINT('',(27.0521030207504,90.8565241587001,-29.5190635782981));
#12100=CARTESIAN_POINT('',(72.0021030207504,94.3681876704828,-34.5983198604731));
#12101=CARTESIAN_POINT('',(71.0021030207504,94.3681876704828,-34.5983198604731));
#12102=CARTESIAN_POINT('',(71.0021030207504,94.3681876704828,-34.5983198604731));
#12103=CARTESIAN_POINT('',(71.1137389848559,94.3681876704828,-34.5983198604731));
#12104=CARTESIAN_POINT('',(71.2269142714351,94.3585419686315,-34.581613014792));
#12105=CARTESIAN_POINT('',(71.3322518572674,94.3400583171199,-34.5495983912645));
#12106=CARTESIAN_POINT('',(71.4375846560752,94.3215755055905,-34.5175852226288));
#12107=CARTESIAN_POINT('',(71.5379814761499,94.2937484438527,-34.4693873378736));
#12108=CARTESIAN_POINT('',(71.6251744918869,94.2588957760942,-34.4090207465366));
#12109=CARTESIAN_POINT('',(71.7124837976019,94.2239966250718,-34.3485736438247));
#12110=CARTESIAN_POINT('',(71.7889545227279,94.1810969356626,-34.2742692021391));
#12111=CARTESIAN_POINT('',(71.8483453334242,94.1337486267233,-34.1922595254038));
#12112=CARTESIAN_POINT('',(71.9079267193575,94.0862483849331,-34.1099866932513));
#12113=CARTESIAN_POINT('',(71.9519568579792,94.032969331796,-34.0177046662387));
#12114=CARTESIAN_POINT('',(71.9768807718883,93.9783025412698,-33.9230190075607));
#12115=CARTESIAN_POINT('',(71.9935950245489,93.9416423861941,-33.8595217563562));
#12116=CARTESIAN_POINT('',(72.0021030207504,93.9038084217249,-33.7939914076437));
#12117=CARTESIAN_POINT('',(72.0021030207504,93.8662077763757,-33.7288651795015));
#12118=CARTESIAN_POINT('',(104.00210302075,93.9666630677176,-33.9028588479948));
#12119=CARTESIAN_POINT('',(70.7021030207504,90.8565241587001,-29.5190635782981));
#12120=CARTESIAN_POINT('',(70.7021030207504,92.3055360241536,-26.0061780672439));
#12121=CARTESIAN_POINT('',(70.7021030207504,94.3694096697542,-28.0700517128444));
#12122=CARTESIAN_POINT('',(104.00210302075,92.3055360241536,-26.0061780672439));
#12123=CARTESIAN_POINT('',(104.00210302075,94.3694096697543,-28.0700517128445));
#12124=CARTESIAN_POINT('',(104.00210302075,90.8565241587001,-29.5190635782981));
#12125=CARTESIAN_POINT('',(70.7021030207504,93.0979327727387,-24.6337066389421));
#12126=CARTESIAN_POINT('',(70.7021030207504,93.4383633525272,-24.0440635782978));
#12127=CARTESIAN_POINT('',(36.5021030207504,93.4383633525275,-24.0440635782978));
#12128=CARTESIAN_POINT('',(104.00210302075,93.0979327727387,-24.6337066389421));
#12129=CARTESIAN_POINT('',(70.7021030207504,93.6688137127509,-28.4745409772136));
#12130=CARTESIAN_POINT('',(104.00210302075,93.6688137127509,-28.4745409772136));
#12131=CARTESIAN_POINT('',(72.0021030207504,95.5684579566096,-33.5100916268236));
#12132=CARTESIAN_POINT('',(71.0021030207504,95.5684579566096,-33.5100916268236));
#12133=CARTESIAN_POINT('',(71.0021030207504,90.8565241587001,-29.5190635782981));
#12134=CARTESIAN_POINT('',(72.0021030207504,90.8565241587001,-29.5190635782981));
#12135=CARTESIAN_POINT('',(70.7021030207504,90.8565241587,-18.569063578298));
#12136=CARTESIAN_POINT('',(70.7021030207504,90.8565241587,-20.569063578298));
#12137=CARTESIAN_POINT('',(27.0521030207504,90.8565241587,-18.569063578298));
#12138=CARTESIAN_POINT('',(72.0021030207504,87.3448606469169,-13.4898072961233));
#12139=CARTESIAN_POINT('',(71.0021030207504,87.3448606469169,-13.4898072961233));
#12140=CARTESIAN_POINT('',(71.0021030207504,87.3448606469169,-13.4898072961233));
#12141=CARTESIAN_POINT('',(71.1137389848559,87.3448606469169,-13.4898072961233));
#12142=CARTESIAN_POINT('',(71.2269142714351,87.3545063487682,-13.5065141418044));
#12143=CARTESIAN_POINT('',(71.3322518572674,87.3729900002798,-13.5385287653319));
#12144=CARTESIAN_POINT('',(71.4375846560752,87.3914728118092,-13.5705419339676));
#12145=CARTESIAN_POINT('',(71.5379814761499,87.419299873547,-13.6187398187228));
#12146=CARTESIAN_POINT('',(71.6251744918869,87.4541525413054,-13.6791064100597));
#12147=CARTESIAN_POINT('',(71.7124837976019,87.4890516923279,-13.7395535127716));
#12148=CARTESIAN_POINT('',(71.7889545227279,87.5319513817371,-13.8138579544573));
#12149=CARTESIAN_POINT('',(71.8483453334242,87.5792996906764,-13.8958676311925));
#12150=CARTESIAN_POINT('',(71.9079267193575,87.6267999324666,-13.9781404633451));
#12151=CARTESIAN_POINT('',(71.9519568579792,87.6800789856037,-14.0704224903577));
#12152=CARTESIAN_POINT('',(71.9768807718883,87.7347457761298,-14.1651081490357));
#12153=CARTESIAN_POINT('',(71.9935950245489,87.7714059312056,-14.2286054002402));
#12154=CARTESIAN_POINT('',(72.0021030207504,87.8092398956747,-14.2941357489527));
#12155=CARTESIAN_POINT('',(72.0021030207504,87.8468405410239,-14.3592619770949));
#12156=CARTESIAN_POINT('',(71.3021030207504,88.5387819982673,-15.5577397369034));
#12157=CARTESIAN_POINT('',(104.00210302075,87.746385249682,-14.1852683086013));
#12158=CARTESIAN_POINT('',(104.00210302075,93.1742663191325,-15.5577397369031));
#12159=CARTESIAN_POINT('',(104.00210302075,90.8565241587001,-18.5690635782981));
#12160=CARTESIAN_POINT('',(72.0021030207504,94.3681876704828,-13.4898072961231));
#12161=CARTESIAN_POINT('',(71.0021030207504,94.3681876704828,-13.4898072961231));
#12162=CARTESIAN_POINT('',(72.0021030207504,93.8662077763757,-14.3592619770946));
#12163=CARTESIAN_POINT('',(72.0021030207504,93.9225749971289,-14.2616310868686));
#12164=CARTESIAN_POINT('',(71.9826857013467,93.9797205354507,-14.1626521110694));
#12165=CARTESIAN_POINT('',(71.9454029309855,94.0329160459191,-14.0705147842035));
#12166=CARTESIAN_POINT('',(71.9081163747231,94.0861169581575,-13.9783681011976));
#12167=CARTESIAN_POINT('',(71.8519218734361,94.1368364631669,-13.8905193415867));
#12168=CARTESIAN_POINT('',(71.7814350398637,94.1808343092018,-13.8143128368306));
#12169=CARTESIAN_POINT('',(71.7111336470057,94.2247164032361,-13.7383068204207));
#12170=CARTESIAN_POINT('',(71.6246622688193,94.2631268174076,-13.6717780315358));
#12171=CARTESIAN_POINT('',(71.5291944173408,94.2928367815577,-13.6203188641369));
#12172=CARTESIAN_POINT('',(71.4340886642257,94.3224340592983,-13.5690548753244));
#12173=CARTESIAN_POINT('',(71.3274199353882,94.3442156831747,-13.5313279960992));
#12174=CARTESIAN_POINT('',(71.2180575920703,94.3563501128916,-13.5103105473086));
#12175=CARTESIAN_POINT('',(71.1473612489449,94.3641943102714,-13.4967239989022));
#12176=CARTESIAN_POINT('',(71.074519169926,94.3681876704828,-13.4898072961231));
#12177=CARTESIAN_POINT('',(71.0021030207504,94.3681876704828,-13.4898072961231));
#12178=CARTESIAN_POINT('',(104.00210302075,93.9666630677176,-14.1852683086014));
#12179=CARTESIAN_POINT('',(104.00210302075,94.3694096697543,-20.0180754437517));
#12180=CARTESIAN_POINT('',(70.7021030207504,94.3694096697543,-20.0180754437516));
#12181=CARTESIAN_POINT('',(70.7021030207504,93.6688137127509,-19.6135861793826));
#12182=CARTESIAN_POINT('',(104.00210302075,93.6688137127509,-19.6135861793826));
#12183=CARTESIAN_POINT('',(70.7021030207504,90.8565241587001,-18.5690635782981));
#12184=CARTESIAN_POINT('',(70.7021030207504,92.3055360241537,-22.0819490893523));
#12185=CARTESIAN_POINT('',(71.3021030207504,92.3055360241537,-22.0819490893523));
#12186=CARTESIAN_POINT('',(104.00210302075,90.8565241587001,-18.5690635782981));
#12187=CARTESIAN_POINT('',(70.7021030207504,93.0979327727387,-23.454420517654));
#12188=CARTESIAN_POINT('',(104.00210302075,93.0979327727387,-23.454420517654));
#12189=CARTESIAN_POINT('',(70.7021030207504,88.6151155446609,-23.4544205176539));
#12190=CARTESIAN_POINT('',(70.7021030207504,89.407512293246,-22.0819490893521));
#12191=CARTESIAN_POINT('',(104.00210302075,89.407512293246,-22.0819490893521));
#12192=CARTESIAN_POINT('',(104.00210302075,88.6151155446609,-23.4544205176539));
#12193=CARTESIAN_POINT('',(70.7021030207504,90.8565241587001,-18.5690635782981));
#12194=CARTESIAN_POINT('',(70.7021030207504,87.3436386476457,-20.0180754437513));
#12195=CARTESIAN_POINT('',(104.00210302075,87.3436386476457,-20.0180754437513));
#12196=CARTESIAN_POINT('',(104.00210302075,90.8565241587001,-18.5690635782981));
#12197=CARTESIAN_POINT('',(71.0021030207504,90.8565241587,-18.569063578298));
#12198=CARTESIAN_POINT('',(71.0021030207504,95.5684579566096,-14.5780355297726));
#12199=CARTESIAN_POINT('',(72.0021030207504,95.5684579566096,-14.5780355297726));
#12200=CARTESIAN_POINT('',(72.0021030207504,90.8565241587,-18.569063578298));
#12201=CARTESIAN_POINT('',(70.7021030207504,88.0442346046487,-19.6135861793825));
#12202=CARTESIAN_POINT('',(70.7021030207504,85.3815241586995,-21.1509027721252));
#12203=CARTESIAN_POINT('',(104.00210302075,85.3815241586995,-21.1509027721253));
#12204=CARTESIAN_POINT('',(104.00210302075,88.0442346046487,-19.6135861793825));
#12205=CARTESIAN_POINT('',(72.0021030207504,86.1445903607904,-14.5780355297725));
#12206=CARTESIAN_POINT('',(71.0021030207504,86.1445903607904,-14.5780355297725));
#12207=CARTESIAN_POINT('',(71.0021030207504,90.8565241587,-18.569063578298));
#12208=CARTESIAN_POINT('',(72.0021030207504,90.8565241587,-18.569063578298));
#12209=CARTESIAN_POINT('',(71.3021030207504,82.224266319132,-32.5303874196929));
#12210=CARTESIAN_POINT('',(104.00210302075,77.5887819982667,-32.5303874196926));
#12211=CARTESIAN_POINT('',(104.00210302075,79.9065241586995,-29.5190635782979));
#12212=CARTESIAN_POINT('',(72.0021030207504,76.3948606469164,-34.5983198604726));
#12213=CARTESIAN_POINT('',(71.0021030207504,76.3948606469164,-34.5983198604726));
#12214=CARTESIAN_POINT('',(72.0021030207504,76.8968405410233,-33.7288651795009));
#12215=CARTESIAN_POINT('',(72.0021030207504,76.84047332027,-33.826496069727));
#12216=CARTESIAN_POINT('',(71.9826857013467,76.7833277819485,-33.9254750455263));
#12217=CARTESIAN_POINT('',(71.9454029309855,76.7301322714801,-34.0176123723922));
#12218=CARTESIAN_POINT('',(71.9081163747231,76.6769313592416,-34.1097590553981));
#12219=CARTESIAN_POINT('',(71.8519218734361,76.6262118542323,-34.1976078150091));
#12220=CARTESIAN_POINT('',(71.7814350398637,76.5822140081974,-34.2738143197651));
#12221=CARTESIAN_POINT('',(71.7111336470057,76.5383319141631,-34.3498203361751));
#12222=CARTESIAN_POINT('',(71.6246622688193,76.4999214999916,-34.4163491250599));
#12223=CARTESIAN_POINT('',(71.5291944173408,76.4702115358415,-34.4678082924588));
#12224=CARTESIAN_POINT('',(71.4340886642256,76.4406142581009,-34.5190722812713));
#12225=CARTESIAN_POINT('',(71.3274199353882,76.4188326342246,-34.5567991604965));
#12226=CARTESIAN_POINT('',(71.2180575920703,76.4066982045076,-34.5778166092872));
#12227=CARTESIAN_POINT('',(71.1473612489449,76.3988540071278,-34.5914031576935));
#12228=CARTESIAN_POINT('',(71.074519169926,76.3948606469164,-34.5983198604726));
#12229=CARTESIAN_POINT('',(71.0021030207504,76.3948606469164,-34.5983198604726));
#12230=CARTESIAN_POINT('',(104.00210302075,76.7963852496815,-33.9028588479946));
#12231=CARTESIAN_POINT('',(71.0021030207504,79.9065241586995,-29.5190635782979));
#12232=CARTESIAN_POINT('',(71.0021030207504,75.1945903607899,-33.5100916268234));
#12233=CARTESIAN_POINT('',(72.0021030207504,75.1945903607899,-33.5100916268234));
#12234=CARTESIAN_POINT('',(72.0021030207504,79.9065241586995,-29.5190635782979));
#12235=CARTESIAN_POINT('',(104.00210302075,76.3936386476452,-28.0700517128445));
#12236=CARTESIAN_POINT('',(70.7021030207504,76.3936386476452,-28.0700517128445));
#12237=CARTESIAN_POINT('',(70.7021030207504,77.0942346046482,-28.4745409772134));
#12238=CARTESIAN_POINT('',(104.00210302075,77.0942346046482,-28.4745409772134));
#12239=CARTESIAN_POINT('',(70.7021030207504,79.9065241586995,-29.5190635782979));
#12240=CARTESIAN_POINT('',(104.00210302075,79.9065241586995,-29.5190635782979));
#12241=CARTESIAN_POINT('',(70.7021030207504,79.9065241586995,-29.5190635782979));
#12242=CARTESIAN_POINT('',(70.7021030207504,79.9065241586995,-31.5190635782979));
#12243=CARTESIAN_POINT('',(27.0521030207504,79.9065241586995,-29.5190635782979));
#12244=CARTESIAN_POINT('',(70.7021030207504,79.9065241586995,-29.5190635782979));
#12245=CARTESIAN_POINT('',(70.7021030207504,83.4194096697537,-28.0700517128443));
#12246=CARTESIAN_POINT('',(104.00210302075,83.4194096697538,-28.0700517128444));
#12247=CARTESIAN_POINT('',(104.00210302075,79.9065241586995,-29.5190635782979));
#12248=CARTESIAN_POINT('',(72.0021030207504,83.4181876704823,-34.598319860473));
#12249=CARTESIAN_POINT('',(71.0021030207504,83.4181876704823,-34.598319860473));
#12250=CARTESIAN_POINT('',(71.0021030207504,83.4181876704823,-34.598319860473));
#12251=CARTESIAN_POINT('',(71.1137389848559,83.4181876704823,-34.598319860473));
#12252=CARTESIAN_POINT('',(71.2269142714351,83.408541968631,-34.5816130147918));
#12253=CARTESIAN_POINT('',(71.3322518572674,83.3900583171194,-34.5495983912644));
#12254=CARTESIAN_POINT('',(71.4375846560752,83.37157550559,-34.5175852226287));
#12255=CARTESIAN_POINT('',(71.5379814761499,83.3437484438522,-34.4693873378735));
#12256=CARTESIAN_POINT('',(71.6251744918869,83.3088957760937,-34.4090207465365));
#12257=CARTESIAN_POINT('',(71.7124837976019,83.2739966250713,-34.3485736438246));
#12258=CARTESIAN_POINT('',(71.7889545227279,83.2310969356621,-34.274269202139));
#12259=CARTESIAN_POINT('',(71.8483453334242,83.1837486267229,-34.1922595254037));
#12260=CARTESIAN_POINT('',(71.9079267193575,83.1362483849326,-34.1099866932512));
#12261=CARTESIAN_POINT('',(71.9519568579792,83.0829693317955,-34.0177046662386));
#12262=CARTESIAN_POINT('',(71.9768807718883,83.0283025412693,-33.9230190075606));
#12263=CARTESIAN_POINT('',(71.9935950245489,82.9916423861936,-33.8595217563561));
#12264=CARTESIAN_POINT('',(72.0021030207504,82.9538084217244,-33.7939914076436));
#12265=CARTESIAN_POINT('',(72.0021030207504,82.9162077763752,-33.7288651795014));
#12266=CARTESIAN_POINT('',(104.00210302075,83.0166630677171,-33.9028588479947));
#12267=CARTESIAN_POINT('',(70.7021030207504,82.7188137127504,-28.4745409772135));
#12268=CARTESIAN_POINT('',(104.00210302075,82.7188137127504,-28.4745409772135));
#12269=CARTESIAN_POINT('',(72.0021030207504,84.6184579566092,-33.5100916268235));
#12270=CARTESIAN_POINT('',(71.0021030207504,84.6184579566092,-33.5100916268235));
#12271=CARTESIAN_POINT('',(71.0021030207504,79.9065241586996,-29.519063578298));
#12272=CARTESIAN_POINT('',(72.0021030207504,79.9065241586996,-29.519063578298));
#12273=CARTESIAN_POINT('',(72.0021030207504,75.1945903607899,-14.5780355297724));
#12274=CARTESIAN_POINT('',(71.0021030207504,75.1945903607899,-14.5780355297724));
#12275=CARTESIAN_POINT('',(71.0021030207504,79.9065241586995,-18.5690635782979));
#12276=CARTESIAN_POINT('',(71.0021030207504,76.3948606469164,-13.4898072961232));
#12277=CARTESIAN_POINT('',(72.0021030207504,76.3948606469164,-13.4898072961232));
#12278=CARTESIAN_POINT('',(72.0021030207504,79.9065241586995,-18.5690635782979));
#12279=CARTESIAN_POINT('',(71.0021030207504,76.3948606469164,-13.4898072961232));
#12280=CARTESIAN_POINT('',(71.1137389848559,76.3948606469164,-13.4898072961232));
#12281=CARTESIAN_POINT('',(71.2269142714351,76.4045063487677,-13.5065141418043));
#12282=CARTESIAN_POINT('',(71.3322518572674,76.4229900002793,-13.5385287653318));
#12283=CARTESIAN_POINT('',(71.4375846560752,76.4414728118087,-13.5705419339675));
#12284=CARTESIAN_POINT('',(71.5379814761499,76.4692998735465,-13.6187398187227));
#12285=CARTESIAN_POINT('',(71.6251744918869,76.504152541305,-13.6791064100596));
#12286=CARTESIAN_POINT('',(71.7124837976019,76.5390516923274,-13.7395535127715));
#12287=CARTESIAN_POINT('',(71.7889545227279,76.5819513817366,-13.8138579544572));
#12288=CARTESIAN_POINT('',(71.8483453334242,76.6292996906759,-13.8958676311924));
#12289=CARTESIAN_POINT('',(71.9079267193575,76.6767999324661,-13.978140463345));
#12290=CARTESIAN_POINT('',(71.9519568579792,76.7300789856032,-14.0704224903575));
#12291=CARTESIAN_POINT('',(71.9768807718883,76.7847457761294,-14.1651081490356));
#12292=CARTESIAN_POINT('',(71.9935950245489,76.8214059312051,-14.2286054002401));
#12293=CARTESIAN_POINT('',(72.0021030207504,76.8592398956742,-14.2941357489526));
#12294=CARTESIAN_POINT('',(72.0021030207504,76.8968405410235,-14.3592619770948));
#12295=CARTESIAN_POINT('',(104.00210302075,77.5887819982667,-15.5577397369032));
#12296=CARTESIAN_POINT('',(104.00210302075,76.7963852496815,-14.1852683086012));
#12297=CARTESIAN_POINT('',(71.3021030207504,82.224266319132,-15.557739736903));
#12298=CARTESIAN_POINT('',(104.00210302075,79.9065241586995,-18.5690635782979));
#12299=CARTESIAN_POINT('',(72.0021030207504,83.4181876704823,-13.489807296123));
#12300=CARTESIAN_POINT('',(71.0021030207504,83.4181876704823,-13.489807296123));
#12301=CARTESIAN_POINT('',(72.0021030207504,82.9162077763752,-14.3592619770945));
#12302=CARTESIAN_POINT('',(72.0021030207504,82.9725749971284,-14.2616310868685));
#12303=CARTESIAN_POINT('',(71.9826857013467,83.0297205354502,-14.1626521110693));
#12304=CARTESIAN_POINT('',(71.9454029309855,83.0829160459187,-14.0705147842034));
#12305=CARTESIAN_POINT('',(71.9081163747231,83.1361169581571,-13.9783681011975));
#12306=CARTESIAN_POINT('',(71.8519218734361,83.1868364631664,-13.8905193415866));
#12307=CARTESIAN_POINT('',(71.7814350398637,83.2308343092013,-13.8143128368305));
#12308=CARTESIAN_POINT('',(71.7111336470057,83.2747164032356,-13.7383068204206));
#12309=CARTESIAN_POINT('',(71.6246622688194,83.3131268174072,-13.6717780315357));
#12310=CARTESIAN_POINT('',(71.5291944173408,83.3428367815572,-13.6203188641368));
#12311=CARTESIAN_POINT('',(71.4340886642257,83.3724340592978,-13.5690548753243));
#12312=CARTESIAN_POINT('',(71.3274199353882,83.3942156831742,-13.5313279960991));
#12313=CARTESIAN_POINT('',(71.2180575920703,83.4063501128911,-13.5103105473085));
#12314=CARTESIAN_POINT('',(71.1473612489449,83.4141943102709,-13.4967239989021));
#12315=CARTESIAN_POINT('',(71.074519169926,83.4181876704823,-13.489807296123));
#12316=CARTESIAN_POINT('',(71.0021030207504,83.4181876704823,-13.489807296123));
#12317=CARTESIAN_POINT('',(104.00210302075,83.0166630677171,-14.1852683086013));
#12318=CARTESIAN_POINT('',(71.0021030207504,79.9065241586995,-18.5690635782979));
#12319=CARTESIAN_POINT('',(71.0021030207504,84.6184579566091,-14.5780355297725));
#12320=CARTESIAN_POINT('',(72.0021030207504,84.6184579566091,-14.5780355297725));
#12321=CARTESIAN_POINT('',(72.0021030207504,79.9065241586995,-18.5690635782979));
#12322=CARTESIAN_POINT('',(70.7021030207504,79.9065241586995,-18.5690635782979));
#12323=CARTESIAN_POINT('',(70.7021030207504,79.9065241586995,-20.5690635782979));
#12324=CARTESIAN_POINT('',(27.0521030207504,79.9065241586995,-18.5690635782979));
#12325=CARTESIAN_POINT('',(70.7021030207504,77.0942346046482,-19.6135861793824));
#12326=CARTESIAN_POINT('',(70.7021030207504,76.3936386476452,-20.0180754437513));
#12327=CARTESIAN_POINT('',(104.00210302075,76.3936386476452,-20.0180754437513));
#12328=CARTESIAN_POINT('',(104.00210302075,77.0942346046482,-19.6135861793824));
#12329=CARTESIAN_POINT('',(70.7021030207504,79.9065241586995,-18.5690635782979));
#12330=CARTESIAN_POINT('',(70.7021030207504,78.4575122932455,-22.081949089352));
#12331=CARTESIAN_POINT('',(104.00210302075,78.4575122932455,-22.081949089352));
#12332=CARTESIAN_POINT('',(104.00210302075,79.9065241586995,-18.5690635782979));
#12333=CARTESIAN_POINT('',(70.7021030207504,79.9065241586995,-18.5690635782979));
#12334=CARTESIAN_POINT('',(70.7021030207504,83.4194096697537,-20.0180754437515));
#12335=CARTESIAN_POINT('',(70.7021030207504,81.3555360241531,-22.0819490893521));
#12336=CARTESIAN_POINT('',(104.00210302075,83.4194096697537,-20.0180754437515));
#12337=CARTESIAN_POINT('',(71.3021030207504,81.3555360241531,-22.0819490893521));
#12338=CARTESIAN_POINT('',(104.00210302075,79.9065241586995,-18.5690635782979));
#12339=CARTESIAN_POINT('',(70.7021030207504,82.7188137127504,-19.6135861793825));
#12340=CARTESIAN_POINT('',(104.00210302075,82.7188137127504,-19.6135861793825));
#12341=CARTESIAN_POINT('',(70.7021030207504,77.6651155446604,-23.4544205176538));
#12342=CARTESIAN_POINT('',(104.00210302075,77.6651155446604,-23.4544205176538));
#12343=CARTESIAN_POINT('',(70.7021030207504,82.1479327727382,-23.4544205176539));
#12344=CARTESIAN_POINT('',(104.00210302075,82.1479327727382,-23.4544205176539));
#12345=CARTESIAN_POINT('',(58.9221030207586,71.3269361697256,-40.3568645121923));
#12346=CARTESIAN_POINT('',(50.6021030207503,73.7040790268709,-40.3568645121923));
#12347=CARTESIAN_POINT('',(54.4221030207586,72.6126504554399,-40.3568645121923));
#12348=CARTESIAN_POINT('',(54.4221030207586,74.3269361697256,-40.3568645121923));
#12349=CARTESIAN_POINT('',(54.4221030207586,75.3269361697256,-40.3568645121923));
#12350=CARTESIAN_POINT('',(48.5414332473026,75.3269361697256,-40.3568645121923));
#12351=CARTESIAN_POINT('',(50.6021030207504,75.3269361697256,-40.3568645121923));
#12352=CARTESIAN_POINT('',(50.6021030207503,74.3269361697256,-40.3568645121923));
#12353=CARTESIAN_POINT('',(50.6021030207504,74.3269361697256,-40.3568645121923));
#12354=CARTESIAN_POINT('',(59.6592831296606,71.1163132814679,-38.6111378092249));
#12355=CARTESIAN_POINT('',(58.9221030207586,71.3269361697256,-38.8568645121923));
#12356=CARTESIAN_POINT('',(58.9221030207586,44.6269361697253,-38.8568645121922));
#12357=CARTESIAN_POINT('',(58.9221030207586,75.3269361697256,-38.8568645121923));
#12358=CARTESIAN_POINT('',(54.4221030207586,75.3269361697256,-40.3568645121923));
#12359=CARTESIAN_POINT('',(54.4221030207586,74.3269361697256,-40.3568645121923));
#12360=CARTESIAN_POINT('',(48.5414332473026,75.3269361697256,-41.1568645121923));
#12361=CARTESIAN_POINT('',(60.9221030207586,75.3269361697256,-41.1568645121923));
#12362=CARTESIAN_POINT('',(48.7021030207505,75.3269361697256,-41.1568645121923));
#12363=CARTESIAN_POINT('',(60.9221030207586,74.3269361697256,-41.1568645121923));
#12364=CARTESIAN_POINT('',(60.9221030207586,71.3269361697256,-41.1568645121923));
#12365=CARTESIAN_POINT('',(58.9221030207586,71.3269361697256,-41.1568645121923));
#12366=CARTESIAN_POINT('',(58.9221030207586,71.3269361697256,-41.1568645121923));
#12367=CARTESIAN_POINT('',(58.9221030207586,71.3269361697256,-41.1568645121923));
#12368=CARTESIAN_POINT('',(48.7021030207504,74.246936169728,-41.1568645121923));
#12369=CARTESIAN_POINT('',(48.7021030207504,74.3269361697256,-41.1568645121923));
#12370=CARTESIAN_POINT('',(60.9221030207586,74.3269361697256,-41.1568645121923));
#12371=CARTESIAN_POINT('',(60.9221030207504,59.406524158699,-39.0690635782979));
#12372=CARTESIAN_POINT('',(60.9221030207504,59.406524158699,-30.5690635782979));
#12373=CARTESIAN_POINT('',(60.9221030207504,59.406524158699,-38.0690635782979));
#12374=CARTESIAN_POINT('',(60.9221030207586,60.406524158699,-38.0690635782979));
#12375=CARTESIAN_POINT('',(60.9221030207504,60.406524158699,-39.0690635782979));
#12376=CARTESIAN_POINT('',(60.9221030207504,72.406524158699,-39.0690635782979));
#12377=CARTESIAN_POINT('',(60.9221030207586,71.3269361697256,-39.0690635782979));
#12378=CARTESIAN_POINT('',(60.9221030207586,71.3269361697256,-18.469063578298));
#12379=CARTESIAN_POINT('',(60.9221030207586,75.3269361697256,-50.3300714626761));
#12380=CARTESIAN_POINT('',(60.9221030207586,65.906524158699,-32.5690635782979));
#12381=CARTESIAN_POINT('',(60.9221030207504,59.406524158699,-30.5690635782979));
#12382=CARTESIAN_POINT('',(60.9221030207586,74.3269361697257,-13.3812626444036));
#12383=CARTESIAN_POINT('',(48.7021030207504,74.246936169728,-36.219063578298));
#12384=CARTESIAN_POINT('',(58.9221030207586,71.3269361697256,-36.219063578298));
#12385=CARTESIAN_POINT('',(58.9221030207504,71.3269361697256,-39.0690635782979));
#12386=CARTESIAN_POINT('',(58.9221030207586,71.3269361697256,-36.219063578298));
#12387=CARTESIAN_POINT('',(50.6021030207503,73.7040790268709,-36.219063578298));
#12388=CARTESIAN_POINT('',(58.9221030207586,71.3269361697257,-36.219063578298));
#12389=CARTESIAN_POINT('',(35.7021030207504,71.3269361697256,-39.0690635782979));
#12390=CARTESIAN_POINT('',(35.7021030207504,71.3269361697256,-18.469063578298));
#12391=CARTESIAN_POINT('',(58.9221030207504,72.406524158699,-39.0690635782979));
#12392=CARTESIAN_POINT('',(58.9221030207504,60.406524158699,-39.0690635782979));
#12393=CARTESIAN_POINT('',(58.9221030207586,60.406524158699,-38.0690635782979));
#12394=CARTESIAN_POINT('',(58.9221030207504,59.406524158699,-38.0690635782979));
#12395=CARTESIAN_POINT('',(58.9221030207504,59.406524158699,-39.0690635782979));
#12396=CARTESIAN_POINT('',(58.9221030207504,59.406524158699,-30.5690635782979));
#12397=CARTESIAN_POINT('',(58.9221030207504,59.406524158699,-30.5690635782979));
#12398=CARTESIAN_POINT('',(58.9221030207586,65.906524158699,-32.5690635782979));
#12399=CARTESIAN_POINT('',(58.9221030207586,75.3269361697256,-50.3300714626761));
#12400=CARTESIAN_POINT('',(58.9221030207586,44.6269361697253,-36.219063578298));
#12401=CARTESIAN_POINT('',(48.7021030207504,75.3269361697256,-50.3300714626761));
#12402=CARTESIAN_POINT('',(48.7021030207505,74.3269361697257,-17.9690635782979));
#12403=CARTESIAN_POINT('',(50.6021030207503,75.3269361697256,-50.3300714626761));
#12404=CARTESIAN_POINT('',(50.6021030207504,74.3269361697257,-14.1812626444036));
#12405=CARTESIAN_POINT('',(48.5414332473026,75.3269361697256,-50.3300714626761));
#12406=CARTESIAN_POINT('',(53.9521030207504,95.1315241586997,-39.9690636444036));
#12407=CARTESIAN_POINT('',(53.9521030207504,95.1315241586997,-39.9690636444036));
#12408=CARTESIAN_POINT('',(51.4521030207504,95.1315241586997,-39.9690636444036));
#12409=CARTESIAN_POINT('',(53.9521030207505,95.1315241586997,-40.1690636444036));
#12410=CARTESIAN_POINT('',(53.9521030207505,94.9315241586997,-40.1690636444036));
#12411=CARTESIAN_POINT('',(64.57423897575,94.9315241586997,-40.1690636444036));
#12412=CARTESIAN_POINT('',(51.4521030207504,94.9315241586997,-40.1690636444036));
#12413=CARTESIAN_POINT('',(51.4521030207504,95.1315241586997,-40.1690636444036));
#12414=CARTESIAN_POINT('',(53.9521030207504,95.1315241586997,-40.1690636444036));
#12415=CARTESIAN_POINT('',(51.4521030207504,83.2815241586997,-39.9690636444036));
#12416=CARTESIAN_POINT('',(51.4521030207505,97.2315241586997,-39.9690636444036));
#12417=CARTESIAN_POINT('',(57.5971030207504,97.2315241586997,-39.9690636444036));
#12418=CARTESIAN_POINT('',(53.9521030207505,97.2315241586997,-39.9690636444036));
#12419=CARTESIAN_POINT('',(53.9521030207504,83.2815241586997,-39.9690636444036));
#12420=CARTESIAN_POINT('',(53.9521030207504,83.2815241586997,-39.9690636444036));
#12421=CARTESIAN_POINT('',(59.1521030207585,94.9315241586997,-41.7690636444036));
#12422=CARTESIAN_POINT('',(52.1521030207585,94.9315241586997,-41.7690636444036));
#12423=CARTESIAN_POINT('',(46.2021057570011,94.9315241586997,-41.7690636444036));
#12424=CARTESIAN_POINT('',(46.2021030207505,94.9315241586997,-38.6643202254751));
#12425=CARTESIAN_POINT('',(46.2021056245079,94.9315241586997,-40.469063049259));
#12426=CARTESIAN_POINT('',(47.2021030207505,94.9315241586997,-40.2404922158321));
#12427=CARTESIAN_POINT('',(51.4521030207504,94.9315241586997,-39.2690636444036));
#12428=CARTESIAN_POINT('',(51.4521030207504,94.9315241586997,-38.6643202254751));
#12429=CARTESIAN_POINT('',(53.9521030207505,94.9315241586997,-39.2690636444036));
#12430=CARTESIAN_POINT('',(53.9521030207505,94.9315241586997,-39.2690636444036));
#12431=CARTESIAN_POINT('',(51.4521030207504,94.9315241586997,-39.2690636444036));
#12432=CARTESIAN_POINT('',(56.6021030207505,94.9315241586997,-39.2690636444036));
#12433=CARTESIAN_POINT('',(58.5575205487498,94.9315241586997,-38.2913548804039));
#12434=CARTESIAN_POINT('',(58.1352293127495,94.9315241586997,-38.5025004984041));
#12435=CARTESIAN_POINT('',(60.8185108857492,94.9315241586997,-43.8690636444036));
#12436=CARTESIAN_POINT('',(60.8185108857492,94.9315241586997,-37.8690636444036));
#12437=CARTESIAN_POINT('',(64.57423897575,94.9315241586997,-37.8690636444036));
#12438=CARTESIAN_POINT('',(68.9021030207505,94.9315241586997,-37.8690636444036));
#12439=CARTESIAN_POINT('',(68.9021030207505,94.9315241586997,-37.4690636444036));
#12440=CARTESIAN_POINT('',(69.3021030207505,94.9315241586997,-37.4690636444036));
#12441=CARTESIAN_POINT('',(69.3021030207505,94.9315241586997,-21.3240636444036));
#12442=CARTESIAN_POINT('',(69.3021030207505,94.9315241586997,-37.2690636444036));
#12443=CARTESIAN_POINT('',(68.6021030207505,94.9315241586997,-37.2690636444036));
#12444=CARTESIAN_POINT('',(70.2021030207504,94.9315241586997,-36.0690635782979));
#12445=CARTESIAN_POINT('',(68.7021030207505,94.9315241586997,-36.8690636444036));
#12446=CARTESIAN_POINT('',(68.7021030207505,94.9315241586997,-38.8690636444036));
#12447=CARTESIAN_POINT('',(57.5971030207504,94.9315241586997,-38.8690636444036));
#12448=CARTESIAN_POINT('',(65.9521030207505,94.9315241586997,-38.8690636444036));
#12449=CARTESIAN_POINT('',(57.6971030207504,94.9315241586997,-42.4069207872607));
#12450=CARTESIAN_POINT('',(64.2294262139995,94.9315241586997,-39.6073537044397));
#12451=CARTESIAN_POINT('',(63.4415876168412,94.9315241586997,-37.7690636444036));
#12452=CARTESIAN_POINT('',(63.4415876168412,94.9315241586997,-39.7690636444036));
#12453=CARTESIAN_POINT('',(57.6971030207504,94.9315241586997,-39.7690636444036));
#12454=CARTESIAN_POINT('',(62.3521030207505,94.9315241586997,-39.7690636444036));
#12455=CARTESIAN_POINT('',(62.3521030207505,94.9315241586997,-21.3240636444036));
#12456=CARTESIAN_POINT('',(62.3521030207504,94.9315241586997,-38.9957851608987));
#12457=CARTESIAN_POINT('',(62.2840569785788,94.9315241586997,-39.0690636444036));
#12458=CARTESIAN_POINT('',(62.2840569785788,94.9315241586997,-38.9690636444036));
#12459=CARTESIAN_POINT('',(62.2101226304786,94.9315241586997,-38.9690636444036));
#12460=CARTESIAN_POINT('',(60.3521030207586,94.9315241586997,-38.9690636444036));
#12461=CARTESIAN_POINT('',(60.3521030207586,94.9315241586997,-39.1690636444036));
#12462=CARTESIAN_POINT('',(60.1521030207585,94.9315241586997,-39.1690636444036));
#12463=CARTESIAN_POINT('',(60.1521030207585,94.9315241586997,-39.1690636444036));
#12464=CARTESIAN_POINT('',(60.1521030207585,94.9315241586997,-40.3276725351349));
#12465=CARTESIAN_POINT('',(59.6521030207585,94.9315241586997,-40.3276725351349));
#12466=CARTESIAN_POINT('',(59.7141203880532,94.9315241586997,-40.8238114734917));
#12467=CARTESIAN_POINT('',(52.1521030207585,94.9315241586997,-41.7690636444036));
#12468=CARTESIAN_POINT('',(64.57423897575,94.9315241586997,-38.6643202254751));
#12469=CARTESIAN_POINT('',(45.2021030207505,84.8815241586997,-41.7690636444036));
#12470=CARTESIAN_POINT('',(45.2021030207505,93.9315241586997,-41.7690636444036));
#12471=CARTESIAN_POINT('',(45.2021030207505,76.8315241586998,-41.7690636444036));
#12472=CARTESIAN_POINT('',(45.2021030207505,76.8315241586998,-33.7690636444035));
#12473=CARTESIAN_POINT('',(45.2021030207505,76.8315241586998,-40.697635072975));
#12474=CARTESIAN_POINT('',(45.2021030207505,85.7815241586997,-40.697635072975));
#12475=CARTESIAN_POINT('',(45.2021030207505,93.9315241586997,-40.697635072975));
#12476=CARTESIAN_POINT('',(45.2021030207505,93.9315241586997,-41.2333493586893));
#12477=CARTESIAN_POINT('',(45.2021030207505,84.8815241586997,-41.2333493586893));
#12478=CARTESIAN_POINT('',(46.2021030207505,93.9315241586997,-41.7690636444036));
#12479=CARTESIAN_POINT('',(46.2021030207505,93.9315241586997,-40.4690636444035));
#12480=CARTESIAN_POINT('',(46.2021030207505,93.9315241586997,-38.6643202254751));
#12481=CARTESIAN_POINT('',(57.5971030207504,75.6315241586997,-39.9690636444036));
#12482=CARTESIAN_POINT('',(53.9521030207504,75.6315241586997,-39.9690636444036));
#12483=CARTESIAN_POINT('',(51.4521030207504,75.6315241586997,-39.9690636444036));
#12484=CARTESIAN_POINT('',(53.9521030207504,71.2815241586997,-39.9690636444036));
#12485=CARTESIAN_POINT('',(53.9521030207504,73.5315241586997,-39.9690636444036));
#12486=CARTESIAN_POINT('',(57.5971030207504,73.5315241586997,-39.9690636444036));
#12487=CARTESIAN_POINT('',(51.4521030207504,73.5315241586997,-39.9690636444036));
#12488=CARTESIAN_POINT('',(51.4521030207504,71.2815241586997,-39.9690636444036));
#12489=CARTESIAN_POINT('',(53.9521030207504,71.2815241586997,-39.9690636444036));
#12490=CARTESIAN_POINT('',(53.9521030207505,73.5315241586997,-21.3240636444036));
#12491=CARTESIAN_POINT('',(53.9521030207504,73.5315241586997,-39.2690636444036));
#12492=CARTESIAN_POINT('',(57.5971030207504,73.5315241586997,-39.2690636444036));
#12493=CARTESIAN_POINT('',(51.4521030207504,73.5315241586997,-39.2690636444036));
#12494=CARTESIAN_POINT('',(51.4521030207505,73.5315241586997,-20.4240636444037));
#12495=CARTESIAN_POINT('',(52.8271030207545,73.5315241586997,-40.6690636444036));
#12496=CARTESIAN_POINT('',(51.4521030207504,83.2815241586997,-39.2690636444036));
#12497=CARTESIAN_POINT('',(51.4521030207505,97.2315241586997,-39.2690636444036));
#12498=CARTESIAN_POINT('',(51.4521030207505,97.2315241586997,-20.4240636444037));
#12499=CARTESIAN_POINT('',(51.4521030207504,83.2815241586997,-40.0690636444036));
#12500=CARTESIAN_POINT('',(57.5971030207504,97.2315241586997,-39.2690636444036));
#12501=CARTESIAN_POINT('',(53.9521030207505,97.2315241586997,-39.2690636444036));
#12502=CARTESIAN_POINT('',(53.9521030207505,97.2315241586997,-21.3240636444036));
#12503=CARTESIAN_POINT('',(52.8271030207545,97.2315241586997,-40.6690636444036));
#12504=CARTESIAN_POINT('',(53.9521030207505,83.2815241586997,-39.2690636444036));
#12505=CARTESIAN_POINT('',(53.9521030207505,83.2815241586997,-39.2690636444036));
#12506=CARTESIAN_POINT('',(62.3521030207504,94.8815241586998,-38.9957851608987));
#12507=CARTESIAN_POINT('',(62.3521030207504,94.8815241586998,-38.9957851608987));
#12508=CARTESIAN_POINT('',(62.3521030207505,94.8815241586998,-39.2690636444036));
#12509=CARTESIAN_POINT('',(62.3521030207504,94.8815241586998,-39.2690636444036));
#12510=CARTESIAN_POINT('',(62.382696370962,94.8815241586998,-39.0855035431341));
#12511=CARTESIAN_POINT('',(62.2840569785788,94.8815241586998,-39.0690636444036));
#12512=CARTESIAN_POINT('',(53.9521030207505,94.8815241586998,-48.9690636444036));
#12513=CARTESIAN_POINT('',(62.3521030207505,85.7815241586997,-39.2690636444036));
#12514=CARTESIAN_POINT('',(62.3521030207505,75.8315241586998,-39.2690636444036));
#12515=CARTESIAN_POINT('',(63.2687696874171,75.8315241586998,-33.7690636444035));
#12516=CARTESIAN_POINT('',(62.382696370962,75.8315241586998,-39.0855035431341));
#12517=CARTESIAN_POINT('',(62.382696370962,85.7815241586997,-39.0855035431341));
#12518=CARTESIAN_POINT('',(62.4021030207504,106.0255265587,-38.9690636444036));
#12519=CARTESIAN_POINT('',(62.3521030207504,88.8815241586997,-38.9957851608987));
#12520=CARTESIAN_POINT('',(62.2840569785788,75.8315241586998,-39.0690636444036));
#12521=CARTESIAN_POINT('',(62.2840569785788,75.8315241586998,-38.9690636444036));
#12522=CARTESIAN_POINT('',(62.2840569785788,85.7815241586997,-38.9690636444036));
#12523=CARTESIAN_POINT('',(62.2840569785788,85.7815241586997,-39.0690636444036));
#12524=CARTESIAN_POINT('',(60.3521030207586,84.8815241586997,-38.9690636444036));
#12525=CARTESIAN_POINT('',(60.3521030207586,75.8315241586998,-38.9690636444036));
#12526=CARTESIAN_POINT('',(57.5971030207504,75.8315241586998,-38.9690636444036));
#12527=CARTESIAN_POINT('',(62.2101226304786,84.8815241586997,-38.9690636444036));
#12528=CARTESIAN_POINT('',(60.1521030207585,84.8815241586997,-39.1690636444036));
#12529=CARTESIAN_POINT('',(60.1521030207585,75.8315241586998,-39.1690636444036));
#12530=CARTESIAN_POINT('',(60.3521030207586,75.8315241586998,-39.1690636444036));
#12531=CARTESIAN_POINT('',(60.3521030207586,84.8815241586997,-39.1690636444036));
#12532=CARTESIAN_POINT('',(60.1521030207585,85.7815241586997,-40.3276725351349));
#12533=CARTESIAN_POINT('',(60.1521030207585,75.8315241586998,-40.3276725351349));
#12534=CARTESIAN_POINT('',(60.1521030207585,75.8315241586998,-38.8690636444036));
#12535=CARTESIAN_POINT('',(60.1521030207585,84.8815241586997,-39.1690636444036));
#12536=CARTESIAN_POINT('',(59.6521030207585,75.8315241586998,-40.3276725351349));
#12537=CARTESIAN_POINT('',(59.7141203880532,75.8315241586998,-40.8238114734917));
#12538=CARTESIAN_POINT('',(59.7141203880532,85.7815241586997,-40.8238114734917));
#12539=CARTESIAN_POINT('',(59.6521030207585,85.7815241586997,-40.3276725351349));
#12540=CARTESIAN_POINT('',(52.1521030207585,85.7815241586997,-41.7690636444036));
#12541=CARTESIAN_POINT('',(52.1521030207585,75.8315241586998,-41.7690636444036));
#12542=CARTESIAN_POINT('',(57.5971030207504,75.8315241586998,-41.0884386444046));
#12543=CARTESIAN_POINT('',(52.1521030207585,84.8815241586997,-41.7690636444036));
#12544=CARTESIAN_POINT('',(60.4257098185004,75.8315241586998,-41.7690636444036));
#12545=CARTESIAN_POINT('',(46.2021030207505,75.8315241586998,-41.7690636444036));
#12546=CARTESIAN_POINT('',(46.2021030207505,76.8315241586998,-41.7690636444036));
#12547=CARTESIAN_POINT('',(59.1521030207585,84.8815241586997,-41.7690636444036));
#12548=CARTESIAN_POINT('',(46.2021030207505,75.8315241586998,-33.7690636444035));
#12549=CARTESIAN_POINT('',(46.2021030207504,75.8315241586998,-40.4690636444036));
#12550=CARTESIAN_POINT('',(46.2021030207505,76.8315241586998,-40.4690636444036));
#12551=CARTESIAN_POINT('',(46.2021030207505,76.8315241586998,-33.7690636444035));
#12552=CARTESIAN_POINT('',(57.5971030207504,75.8315241586998,-37.8644922158321));
#12553=CARTESIAN_POINT('',(51.4521030207504,75.8315241586998,-39.2690636444036));
#12554=CARTESIAN_POINT('',(51.4521030207504,85.7815241586997,-39.2690636444036));
#12555=CARTESIAN_POINT('',(47.2021030207505,84.8815241586997,-40.2404922158321));
#12556=CARTESIAN_POINT('',(51.4521030207505,75.8315241586998,-33.7690636444035));
#12557=CARTESIAN_POINT('',(51.4521030207504,75.8315241586998,-40.1690636444036));
#12558=CARTESIAN_POINT('',(51.4521030207504,75.6315241586997,-40.1690636444036));
#12559=CARTESIAN_POINT('',(51.4521030207504,71.2815241586997,-39.2690636444036));
#12560=CARTESIAN_POINT('',(51.4521030207504,71.2815241586997,-40.0690636444036));
#12561=CARTESIAN_POINT('',(57.5971030207504,75.8315241586998,-40.1690636444036));
#12562=CARTESIAN_POINT('',(53.9521030207504,75.8315241586998,-40.1690636444036));
#12563=CARTESIAN_POINT('',(53.9521030207504,75.6315241586997,-40.1690636444036));
#12564=CARTESIAN_POINT('',(57.5971030207504,75.6315241586997,-40.1690636444036));
#12565=CARTESIAN_POINT('',(53.9521030207505,75.8315241586998,-33.7690636444035));
#12566=CARTESIAN_POINT('',(53.9521030207505,75.8315241586998,-39.2690636444036));
#12567=CARTESIAN_POINT('',(53.9521030207505,71.2815241586997,-39.2690636444036));
#12568=CARTESIAN_POINT('',(53.9521030207505,71.2815241586997,-39.2690636444036));
#12569=CARTESIAN_POINT('',(57.5971030207504,75.8315241586998,-39.2690636444036));
#12570=CARTESIAN_POINT('',(56.6021030207505,75.8315241586998,-39.2690636444036));
#12571=CARTESIAN_POINT('',(56.6021030207505,84.8815241586997,-39.2690636444036));
#12572=CARTESIAN_POINT('',(51.4521030207504,77.2815241586997,-39.2690636444036));
#12573=CARTESIAN_POINT('',(58.1352293127495,85.7815241586997,-38.5025004984041));
#12574=CARTESIAN_POINT('',(58.1352293127495,75.8315241586998,-38.5025004984041));
#12575=CARTESIAN_POINT('',(57.5971030207504,75.8315241586998,-38.7715636444036));
#12576=CARTESIAN_POINT('',(58.5575205487498,79.8815241586998,-38.2913548804039));
#12577=CARTESIAN_POINT('',(60.8185108857492,75.8315241586998,-43.8690636444036));
#12578=CARTESIAN_POINT('',(60.8185108857492,75.8315241586998,-37.8690636444036));
#12579=CARTESIAN_POINT('',(60.8185108857492,85.7815241586997,-37.8690636444036));
#12580=CARTESIAN_POINT('',(60.8185108857492,85.7815241586997,-43.8690636444036));
#12581=CARTESIAN_POINT('',(69.3021030207505,84.8815241586997,-37.2690636444036));
#12582=CARTESIAN_POINT('',(69.3021030207505,75.8315241586998,-37.2690636444036));
#12583=CARTESIAN_POINT('',(69.3021030207505,84.8815241586997,-37.4690636444036));
#12584=CARTESIAN_POINT('',(69.3021030207505,75.8315241586998,-37.4690636444036));
#12585=CARTESIAN_POINT('',(69.3021030207505,75.8315241586998,-21.3240636444036));
#12586=CARTESIAN_POINT('',(69.3021030207505,84.8815241586997,-37.4690636444036));
#12587=CARTESIAN_POINT('',(68.9021030207505,84.8815241586997,-37.8690636444036));
#12588=CARTESIAN_POINT('',(68.9021030207505,75.8315241586998,-37.8690636444036));
#12589=CARTESIAN_POINT('',(68.9021030207505,75.8315241586998,-37.4690636444036));
#12590=CARTESIAN_POINT('',(68.9021030207505,84.8815241586997,-37.4690636444036));
#12591=CARTESIAN_POINT('',(57.5971030207504,75.8315241586998,-37.8690636444036));
#12592=CARTESIAN_POINT('',(59.4021030207505,79.8815241586998,-37.8690636444036));
#12593=CARTESIAN_POINT('',(62.3521030207505,84.8815241586997,-39.7690636444036));
#12594=CARTESIAN_POINT('',(62.3521030207505,75.8315241586998,-39.7690636444036));
#12595=CARTESIAN_POINT('',(62.3521030207505,75.8315241586998,-21.3240636444036));
#12596=CARTESIAN_POINT('',(62.3521030207505,79.8815241586998,-39.3690636444036));
#12597=CARTESIAN_POINT('',(63.4415876168412,85.7815241586997,-39.7690636444036));
#12598=CARTESIAN_POINT('',(63.4415876168412,75.8315241586998,-39.7690636444036));
#12599=CARTESIAN_POINT('',(57.6971030207504,75.8315241586998,-39.7690636444036));
#12600=CARTESIAN_POINT('',(63.8521030207505,84.8815241586997,-39.7690636444036));
#12601=CARTESIAN_POINT('',(64.2294262139995,85.7815241586997,-39.6073537044397));
#12602=CARTESIAN_POINT('',(64.2294262139995,75.8315241586998,-39.6073537044397));
#12603=CARTESIAN_POINT('',(63.4415876168412,75.8315241586998,-37.7690636444036));
#12604=CARTESIAN_POINT('',(63.4415876168412,85.7815241586997,-37.7690636444036));
#12605=CARTESIAN_POINT('',(65.9521030207505,84.8815241586997,-38.8690636444036));
#12606=CARTESIAN_POINT('',(65.9521030207505,75.8315241586998,-38.8690636444036));
#12607=CARTESIAN_POINT('',(57.6971030207504,75.8315241586998,-42.4069207872607));
#12608=CARTESIAN_POINT('',(65.9521030207505,84.8815241586997,-38.8690636444036));
#12609=CARTESIAN_POINT('',(68.7021030207505,84.8815241586997,-38.8690636444036));
#12610=CARTESIAN_POINT('',(68.7021030207505,75.8315241586998,-38.8690636444036));
#12611=CARTESIAN_POINT('',(57.5971030207504,75.8315241586998,-38.8690636444036));
#12612=CARTESIAN_POINT('',(68.7021030207505,84.8815241586997,-38.8690636444036));
#12613=CARTESIAN_POINT('',(68.7021030207505,75.8315241586998,-36.8690636444036));
#12614=CARTESIAN_POINT('',(68.7021030207505,84.8815241586997,-36.8690636444036));
#12615=CARTESIAN_POINT('',(68.6021030207505,85.3269361697257,-37.2690636444036));
#12616=CARTESIAN_POINT('',(68.7021030207504,85.3269361697257,-36.576243321376));
#12617=CARTESIAN_POINT('',(68.7021030207504,85.3269361697257,-25.7940635782979));
#12618=CARTESIAN_POINT('',(35.7021030207504,85.3269361697257,-25.7940635782979));
#12619=CARTESIAN_POINT('',(68.7021030207504,84.8815241586997,-36.576243321376));
#12620=CARTESIAN_POINT('',(68.7021030207504,75.8315241586998,-36.576243321376));
#12621=CARTESIAN_POINT('',(68.7021030207504,75.8315241586998,-31.6440635782979));
#12622=CARTESIAN_POINT('',(68.7021030207504,85.3269361697257,-31.6440635782979));
#12623=CARTESIAN_POINT('',(68.6021030207505,75.8315241586998,-37.2690636444036));
#12624=CARTESIAN_POINT('',(70.2021030207504,75.8315241586998,-36.0690635782979));
#12625=CARTESIAN_POINT('',(55.1771030207504,75.8315241586998,-31.3440636444035));
#12626=CARTESIAN_POINT('',(68.6021030207505,84.8815241586997,-37.2690636444036));
#12627=CARTESIAN_POINT('',(67.3027241942995,101.830575340166,-36.063324121012));
#12628=CARTESIAN_POINT('',(54.4221030207586,98.1503978620114,-40.3568645121922));
#12629=CARTESIAN_POINT('',(58.9221030207586,99.4361121477257,-38.8568645121922));
#12630=CARTESIAN_POINT('',(54.4221030207586,99.3269361697257,-40.3568645121922));
#12631=CARTESIAN_POINT('',(54.4221030207586,95.4361121477257,-40.3568645121922));
#12632=CARTESIAN_POINT('',(58.9221030207586,95.4361121477257,-38.8568645121922));
#12633=CARTESIAN_POINT('',(58.9221030207586,95.4361121477257,-38.8568645121922));
#12634=CARTESIAN_POINT('',(58.9221030207586,95.3269361697257,-38.8568645121922));
#12635=CARTESIAN_POINT('',(58.9221030207586,126.026936169726,-38.8568645121923));
#12636=CARTESIAN_POINT('',(54.4521030207504,95.4361121477257,-40.3568645121922));
#12637=CARTESIAN_POINT('',(50.6021030207504,95.4361121477257,-40.3568645121922));
#12638=CARTESIAN_POINT('',(58.9221030207586,99.4361121477257,-40.3568645121922));
#12639=CARTESIAN_POINT('',(50.6021030207504,97.0589692905805,-40.3568645121922));
#12640=CARTESIAN_POINT('',(50.6021030207504,96.3269361697257,-40.3568645121922));
#12641=CARTESIAN_POINT('',(54.4521030207504,96.3269361697257,-40.3568645121922));
#12642=CARTESIAN_POINT('',(48.7021030207505,95.4361121477257,-41.1568645121923));
#12643=CARTESIAN_POINT('',(48.7021030207505,95.4361121477257,-41.1568645121923));
#12644=CARTESIAN_POINT('',(48.7021030207505,96.4361121477257,-41.1568645121923));
#12645=CARTESIAN_POINT('',(48.7021030207505,96.5161121477234,-41.1568645121923));
#12646=CARTESIAN_POINT('',(58.9221030207586,99.4361121477257,-41.1568645121923));
#12647=CARTESIAN_POINT('',(58.9221030207586,99.4361121477257,-41.1568645121922));
#12648=CARTESIAN_POINT('',(60.9221030207586,99.4361121477257,-41.1568645121922));
#12649=CARTESIAN_POINT('',(48.7021030207505,96.4361121477257,-41.1568645121923));
#12650=CARTESIAN_POINT('',(48.7021030207504,96.5161121477234,-8.86906357829788));
#12651=CARTESIAN_POINT('',(50.6021030207503,97.0589692905805,-8.86906357829787));
#12652=CARTESIAN_POINT('',(58.9221030207586,99.4361121477257,-35.7190635782978));
#12653=CARTESIAN_POINT('',(58.9221030207545,99.4361121477245,-39.0690635782979));
#12654=CARTESIAN_POINT('',(58.9221030207586,99.4361121477257,-35.7190635782978));
#12655=CARTESIAN_POINT('',(58.9221030207586,99.4361121477257,-8.86906357829785));
#12656=CARTESIAN_POINT('',(58.9221030207586,95.4361121477257,-3.85805569391972));
#12657=CARTESIAN_POINT('',(50.6021030207504,95.4361121477257,-40.0068645121922));
#12658=CARTESIAN_POINT('',(48.7021030207505,95.4361121477257,-36.2190635782979));
#12659=CARTESIAN_POINT('',(48.5414332473026,95.4361121477257,-3.85805569391974));
#12660=CARTESIAN_POINT('',(48.7021030207505,96.4361121477257,-36.2190635782979));
#12661=CARTESIAN_POINT('',(50.6021030207504,96.3269361697257,-40.0068645121922));
#12662=CARTESIAN_POINT('',(58.9221030207504,111.3565241587,-30.5690635782979));
#12663=CARTESIAN_POINT('',(58.9221030207504,111.3565241587,-30.5690635782979));
#12664=CARTESIAN_POINT('',(58.9221030207504,111.3565241587,-38.0690635782979));
#12665=CARTESIAN_POINT('',(58.9221030207586,110.3565241587,-38.0690635782979));
#12666=CARTESIAN_POINT('',(58.9221030207504,110.3565241587,-39.0690635782979));
#12667=CARTESIAN_POINT('',(58.9221030207504,111.3565241587,-39.0690635782979));
#12668=CARTESIAN_POINT('',(58.9221030207586,104.8565241587,-32.5690635782979));
#12669=CARTESIAN_POINT('',(58.9221030207504,108.8565241587,-30.5690635782979));
#12670=CARTESIAN_POINT('',(58.9221030207586,126.026936169726,-8.86906357829788));
#12671=CARTESIAN_POINT('',(35.7021030207504,99.4361121477257,-39.0690635782979));
#12672=CARTESIAN_POINT('',(35.7021030207504,99.4361121477257,-35.7190635782979));
#12673=CARTESIAN_POINT('',(67.3027241942995,68.9324729772336,-12.0248030355805));
#12674=CARTESIAN_POINT('',(54.4221030207586,72.6126504553881,-7.73126264440023));
#12675=CARTESIAN_POINT('',(58.9221030207586,71.3269361696738,-9.23126264440024));
#12676=CARTESIAN_POINT('',(54.4221030207586,71.4361121476738,-7.73126264440023));
#12677=CARTESIAN_POINT('',(54.4221030207586,75.3269361696738,-7.73126264440023));
#12678=CARTESIAN_POINT('',(58.9221030207586,75.3269361696738,-9.23126264440024));
#12679=CARTESIAN_POINT('',(58.9221030207586,75.3269361696738,-9.23126264440024));
#12680=CARTESIAN_POINT('',(58.9221030207586,75.4361121476738,-9.23126264440024));
#12681=CARTESIAN_POINT('',(58.9221030207586,44.7361121476735,-9.23126264440021));
#12682=CARTESIAN_POINT('',(54.4521030207504,75.3269361696738,-7.73126264440023));
#12683=CARTESIAN_POINT('',(50.6021030207504,75.3269361696738,-7.73126264440023));
#12684=CARTESIAN_POINT('',(58.9221030207586,71.3269361696738,-7.73126264440023));
#12685=CARTESIAN_POINT('',(50.6021030207504,73.704079026819,-7.73126264440023));
#12686=CARTESIAN_POINT('',(50.6021030207504,74.4361121476738,-7.73126264440023));
#12687=CARTESIAN_POINT('',(54.4521030207504,74.4361121476738,-7.73126264440023));
#12688=CARTESIAN_POINT('',(48.7021030207505,75.3269361696738,-6.93126264440024));
#12689=CARTESIAN_POINT('',(48.7021030207505,75.3269361696738,-6.93126264440024));
#12690=CARTESIAN_POINT('',(48.7021030207505,74.3269361696738,-6.93126264440024));
#12691=CARTESIAN_POINT('',(48.7021030207505,74.2469361696761,-6.93126264440024));
#12692=CARTESIAN_POINT('',(58.9221030207586,71.3269361696738,-6.93126264440024));
#12693=CARTESIAN_POINT('',(58.9221030207586,71.3269361696738,-6.93126264440024));
#12694=CARTESIAN_POINT('',(60.9221030207586,71.3269361696738,-6.93126264440024));
#12695=CARTESIAN_POINT('',(48.7021030207505,74.3269361696738,-6.93126264440024));
#12696=CARTESIAN_POINT('',(48.7021030207504,74.2469361696761,-39.2190635782946));
#12697=CARTESIAN_POINT('',(50.6021030207503,73.704079026819,-39.2190635782946));
#12698=CARTESIAN_POINT('',(58.9221030207586,71.3269361696738,-12.3690635782946));
#12699=CARTESIAN_POINT('',(58.9221030207545,71.326936169675,-9.01906357829459));
#12700=CARTESIAN_POINT('',(58.9221030207586,71.3269361696738,-12.3690635782946));
#12701=CARTESIAN_POINT('',(58.9221030207586,71.3269361696738,-39.2190635782946));
#12702=CARTESIAN_POINT('',(58.9221030207586,75.3269361696738,-44.2300714626728));
#12703=CARTESIAN_POINT('',(50.6021030207504,75.3269361696738,-8.08126264440025));
#12704=CARTESIAN_POINT('',(48.7021030207505,75.3269361696738,-11.8690635782946));
#12705=CARTESIAN_POINT('',(48.5414332473026,75.3269361696738,-44.2300714626727));
#12706=CARTESIAN_POINT('',(48.7021030207505,74.3269361696738,-11.8690635782946));
#12707=CARTESIAN_POINT('',(50.6021030207504,74.4361121476738,-8.08126264440025));
#12708=CARTESIAN_POINT('',(58.9221030207504,59.406524158699,-17.5190635782946));
#12709=CARTESIAN_POINT('',(58.9221030207504,59.406524158699,-17.5190635782946));
#12710=CARTESIAN_POINT('',(58.9221030207504,59.406524158699,-10.0190635782946));
#12711=CARTESIAN_POINT('',(58.9221030207586,60.406524158699,-10.0190635782946));
#12712=CARTESIAN_POINT('',(58.9221030207504,60.406524158699,-9.01906357829459));
#12713=CARTESIAN_POINT('',(58.9221030207504,59.406524158699,-9.01906357829459));
#12714=CARTESIAN_POINT('',(58.9221030207586,65.906524158699,-15.5190635782946));
#12715=CARTESIAN_POINT('',(58.9221030207504,61.906524158699,-17.5190635782946));
#12716=CARTESIAN_POINT('',(58.9221030207586,44.7361121476734,-39.2190635782946));
#12717=CARTESIAN_POINT('',(35.7021030207504,71.3269361696738,-9.01906357829459));
#12718=CARTESIAN_POINT('',(35.7021030207504,71.3269361696738,-12.3690635782946));
#12719=CARTESIAN_POINT('',(53.9521030207504,75.6315241586997,-8.11906351218894));
#12720=CARTESIAN_POINT('',(53.9521030207504,75.6315241586997,-8.11906351218894));
#12721=CARTESIAN_POINT('',(51.4521030207504,75.6315241586997,-8.11906351218894));
#12722=CARTESIAN_POINT('',(53.9521030207505,75.6315241586997,-7.91906351218893));
#12723=CARTESIAN_POINT('',(53.9521030207505,75.8315241586997,-7.91906351218893));
#12724=CARTESIAN_POINT('',(64.57423897575,75.8315241586997,-7.91906351218893));
#12725=CARTESIAN_POINT('',(51.4521030207504,75.8315241586997,-7.91906351218893));
#12726=CARTESIAN_POINT('',(51.4521030207504,75.6315241586997,-7.91906351218893));
#12727=CARTESIAN_POINT('',(53.9521030207504,75.6315241586997,-7.91906351218893));
#12728=CARTESIAN_POINT('',(51.4521030207504,87.4815241586997,-8.11906351218894));
#12729=CARTESIAN_POINT('',(51.4521030207505,73.5315241586997,-8.11906351218894));
#12730=CARTESIAN_POINT('',(57.5971030207504,73.5315241586997,-8.11906351218894));
#12731=CARTESIAN_POINT('',(53.9521030207505,73.5315241586997,-8.11906351218894));
#12732=CARTESIAN_POINT('',(53.9521030207504,87.4815241586997,-8.11906351218894));
#12733=CARTESIAN_POINT('',(53.9521030207504,87.4815241586997,-8.11906351218894));
#12734=CARTESIAN_POINT('',(59.1521030207585,75.8315241586997,-6.31906351218891));
#12735=CARTESIAN_POINT('',(52.1521030207585,75.8315241586997,-6.31906351218891));
#12736=CARTESIAN_POINT('',(46.2021057570011,75.8315241586997,-6.31906351218891));
#12737=CARTESIAN_POINT('',(46.2021030207505,75.8315241586997,-9.42380693111742));
#12738=CARTESIAN_POINT('',(46.2021056245079,75.8315241586997,-7.6190641073335));
#12739=CARTESIAN_POINT('',(47.2021030207505,75.8315241586997,-7.84763494076037));
#12740=CARTESIAN_POINT('',(51.4521030207504,75.8315241586997,-8.81906351218893));
#12741=CARTESIAN_POINT('',(51.4521030207504,75.8315241586997,-9.42380693111742));
#12742=CARTESIAN_POINT('',(53.9521030207505,75.8315241586997,-8.81906351218894));
#12743=CARTESIAN_POINT('',(53.9521030207505,75.8315241586997,-8.81906351218894));
#12744=CARTESIAN_POINT('',(51.4521030207504,75.8315241586997,-8.81906351218894));
#12745=CARTESIAN_POINT('',(56.6021030207505,75.8315241586997,-8.81906351218891));
#12746=CARTESIAN_POINT('',(58.5575205487498,75.8315241586997,-9.79677227618861));
#12747=CARTESIAN_POINT('',(58.1352293127495,75.8315241586997,-9.58562665818844));
#12748=CARTESIAN_POINT('',(60.8185108857492,75.8315241586997,-4.21906351218892));
#12749=CARTESIAN_POINT('',(60.8185108857492,75.8315241586997,-10.2190635121889));
#12750=CARTESIAN_POINT('',(64.57423897575,75.8315241586997,-10.2190635121889));
#12751=CARTESIAN_POINT('',(68.9021030207505,75.8315241586997,-10.2190635121889));
#12752=CARTESIAN_POINT('',(68.9021030207505,75.8315241586997,-10.6190635121889));
#12753=CARTESIAN_POINT('',(69.3021030207505,75.8315241586997,-10.6190635121889));
#12754=CARTESIAN_POINT('',(69.3021030207505,75.8315241586997,-26.7640635121889));
#12755=CARTESIAN_POINT('',(69.3021030207505,75.8315241586997,-10.8190635121889));
#12756=CARTESIAN_POINT('',(68.6021030207505,75.8315241586997,-10.8190635121889));
#12757=CARTESIAN_POINT('',(68.7021030207505,75.8315241586997,-11.2190635121889));
#12758=CARTESIAN_POINT('',(68.7021030207505,75.8315241586997,-9.21906351218893));
#12759=CARTESIAN_POINT('',(57.5971030207504,75.8315241586997,-9.21906351218893));
#12760=CARTESIAN_POINT('',(65.9521030207505,75.8315241586997,-9.21906351218893));
#12761=CARTESIAN_POINT('',(57.6971030207504,75.8315241586997,-5.68120636933175));
#12762=CARTESIAN_POINT('',(64.2294262139995,75.8315241586997,-8.48077345215281));
#12763=CARTESIAN_POINT('',(63.4415876168412,75.8315241586997,-10.3190635121889));
#12764=CARTESIAN_POINT('',(63.4415876168412,75.8315241586997,-8.31906351218891));
#12765=CARTESIAN_POINT('',(57.6971030207504,75.8315241586997,-8.31906351218891));
#12766=CARTESIAN_POINT('',(62.3521030207505,75.8315241586997,-8.31906351218891));
#12767=CARTESIAN_POINT('',(62.3521030207505,75.8315241586997,-26.7640635121889));
#12768=CARTESIAN_POINT('',(62.3521030207504,75.8315241586997,-9.09234199569384));
#12769=CARTESIAN_POINT('',(62.2840569785788,75.8315241586997,-9.01906351218893));
#12770=CARTESIAN_POINT('',(62.2840569785788,75.8315241586997,-9.11906351218894));
#12771=CARTESIAN_POINT('',(62.2101226304786,75.8315241586997,-9.11906351218894));
#12772=CARTESIAN_POINT('',(60.3521030207586,75.8315241586997,-9.11906351218894));
#12773=CARTESIAN_POINT('',(60.3521030207586,75.8315241586997,-8.91906351218894));
#12774=CARTESIAN_POINT('',(60.1521030207585,75.8315241586997,-8.91906351218894));
#12775=CARTESIAN_POINT('',(60.1521030207585,75.8315241586997,-8.91906351218894));
#12776=CARTESIAN_POINT('',(60.1521030207585,75.8315241586997,-7.7604546214576));
#12777=CARTESIAN_POINT('',(59.6521030207585,75.8315241586997,-7.7604546214576));
#12778=CARTESIAN_POINT('',(59.7141203880532,75.8315241586997,-7.26431568310076));
#12779=CARTESIAN_POINT('',(52.1521030207585,75.8315241586997,-6.31906351218894));
#12780=CARTESIAN_POINT('',(64.57423897575,75.8315241586997,-9.42380693111741));
#12781=CARTESIAN_POINT('',(45.2021030207505,85.8815241586997,-6.31906351218894));
#12782=CARTESIAN_POINT('',(45.2021030207505,76.8315241586997,-6.31906351218894));
#12783=CARTESIAN_POINT('',(45.2021030207505,93.9315241586997,-6.31906351218894));
#12784=CARTESIAN_POINT('',(45.2021030207505,93.9315241586997,-14.319063512189));
#12785=CARTESIAN_POINT('',(45.2021030207505,93.9315241586997,-7.39049208361749));
#12786=CARTESIAN_POINT('',(45.2021030207505,84.9815241586998,-7.39049208361749));
#12787=CARTESIAN_POINT('',(45.2021030207505,76.8315241586997,-7.39049208361749));
#12788=CARTESIAN_POINT('',(45.2021030207505,76.8315241586997,-6.85477779790321));
#12789=CARTESIAN_POINT('',(45.2021030207505,85.8815241586997,-6.85477779790321));
#12790=CARTESIAN_POINT('',(46.2021030207505,76.8315241586997,-6.31906351218891));
#12791=CARTESIAN_POINT('',(46.2021030207505,76.8315241586997,-7.61906351218895));
#12792=CARTESIAN_POINT('',(46.2021030207505,76.8315241586997,-9.42380693111742));
#12793=CARTESIAN_POINT('',(57.5971030207504,95.1315241586997,-8.11906351218894));
#12794=CARTESIAN_POINT('',(53.9521030207504,95.1315241586997,-8.11906351218894));
#12795=CARTESIAN_POINT('',(51.4521030207504,95.1315241586997,-8.11906351218894));
#12796=CARTESIAN_POINT('',(53.9521030207504,99.4815241586997,-8.11906351218894));
#12797=CARTESIAN_POINT('',(53.9521030207504,97.2315241586997,-8.11906351218894));
#12798=CARTESIAN_POINT('',(57.5971030207504,97.2315241586997,-8.11906351218894));
#12799=CARTESIAN_POINT('',(51.4521030207504,97.2315241586997,-8.11906351218894));
#12800=CARTESIAN_POINT('',(51.4521030207504,99.4815241586997,-8.11906351218894));
#12801=CARTESIAN_POINT('',(53.9521030207504,99.4815241586997,-8.11906351218894));
#12802=CARTESIAN_POINT('',(53.9521030207505,97.2315241586997,-26.7640635121889));
#12803=CARTESIAN_POINT('',(53.9521030207504,97.2315241586997,-8.81906351218894));
#12804=CARTESIAN_POINT('',(57.5971030207504,97.2315241586997,-8.81906351218894));
#12805=CARTESIAN_POINT('',(51.4521030207504,97.2315241586997,-8.81906351218894));
#12806=CARTESIAN_POINT('',(51.4521030207505,97.2315241586997,-27.6640635121888));
#12807=CARTESIAN_POINT('',(52.8271030207545,97.2315241586997,-7.41906351218893));
#12808=CARTESIAN_POINT('',(51.4521030207504,87.4815241586997,-8.81906351218894));
#12809=CARTESIAN_POINT('',(51.4521030207505,73.5315241586997,-8.81906351218894));
#12810=CARTESIAN_POINT('',(51.4521030207505,73.5315241586997,-27.6640635121888));
#12811=CARTESIAN_POINT('',(51.4521030207504,87.4815241586997,-8.01906351218895));
#12812=CARTESIAN_POINT('',(57.5971030207504,73.5315241586997,-8.81906351218894));
#12813=CARTESIAN_POINT('',(53.9521030207505,73.5315241586997,-8.81906351218894));
#12814=CARTESIAN_POINT('',(53.9521030207505,73.5315241586997,-26.7640635121889));
#12815=CARTESIAN_POINT('',(52.8271030207545,73.5315241586997,-7.41906351218893));
#12816=CARTESIAN_POINT('',(53.9521030207505,87.4815241586997,-8.81906351218894));
#12817=CARTESIAN_POINT('',(53.9521030207505,87.4815241586997,-8.81906351218894));
#12818=CARTESIAN_POINT('',(62.3521030207504,75.8815241586997,-9.09234199569375));
#12819=CARTESIAN_POINT('',(62.3521030207504,75.8815241586997,-9.09234199569384));
#12820=CARTESIAN_POINT('',(62.3521030207505,75.8815241586997,-8.81906351218891));
#12821=CARTESIAN_POINT('',(62.3521030207504,75.8815241586997,-8.81906351218894));
#12822=CARTESIAN_POINT('',(62.382696370962,75.8815241586997,-9.00262361345838));
#12823=CARTESIAN_POINT('',(62.2840569785788,75.8815241586997,-9.01906351218893));
#12824=CARTESIAN_POINT('',(53.9521030207505,75.8815241586997,0.880936487811081));
#12825=CARTESIAN_POINT('',(62.3521030207505,84.9815241586998,-8.81906351218891));
#12826=CARTESIAN_POINT('',(62.3521030207505,94.9315241586997,-8.81906351218891));
#12827=CARTESIAN_POINT('',(63.2687696874171,94.9315241586997,-14.319063512189));
#12828=CARTESIAN_POINT('',(62.382696370962,94.9315241586997,-9.00262361345838));
#12829=CARTESIAN_POINT('',(62.382696370962,84.9815241586998,-9.00262361345838));
#12830=CARTESIAN_POINT('',(62.4021030207504,64.7375217586997,-9.11906351218894));
#12831=CARTESIAN_POINT('',(62.3521030207504,81.8815241586997,-9.09234199569384));
#12832=CARTESIAN_POINT('',(62.2840569785788,94.9315241586997,-9.01906351218893));
#12833=CARTESIAN_POINT('',(62.2840569785788,94.9315241586997,-9.11906351218894));
#12834=CARTESIAN_POINT('',(62.2840569785788,84.9815241586998,-9.11906351218894));
#12835=CARTESIAN_POINT('',(62.2840569785788,84.9815241586998,-9.01906351218893));
#12836=CARTESIAN_POINT('',(60.3521030207586,85.8815241586997,-9.11906351218894));
#12837=CARTESIAN_POINT('',(60.3521030207586,94.9315241586997,-9.11906351218894));
#12838=CARTESIAN_POINT('',(57.5971030207504,94.9315241586997,-9.11906351218894));
#12839=CARTESIAN_POINT('',(62.2101226304786,85.8815241586997,-9.11906351218894));
#12840=CARTESIAN_POINT('',(60.1521030207585,85.8815241586997,-8.91906351218894));
#12841=CARTESIAN_POINT('',(60.1521030207585,94.9315241586997,-8.91906351218894));
#12842=CARTESIAN_POINT('',(60.3521030207586,94.9315241586997,-8.91906351218894));
#12843=CARTESIAN_POINT('',(60.3521030207586,85.8815241586997,-8.91906351218894));
#12844=CARTESIAN_POINT('',(60.1521030207585,84.9815241586998,-7.7604546214576));
#12845=CARTESIAN_POINT('',(60.1521030207585,94.9315241586997,-7.7604546214576));
#12846=CARTESIAN_POINT('',(60.1521030207585,94.9315241586997,-9.21906351218893));
#12847=CARTESIAN_POINT('',(60.1521030207585,85.8815241586997,-8.91906351218894));
#12848=CARTESIAN_POINT('',(59.6521030207585,94.9315241586997,-7.7604546214576));
#12849=CARTESIAN_POINT('',(59.7141203880532,94.9315241586997,-7.26431568310076));
#12850=CARTESIAN_POINT('',(59.7141203880532,84.9815241586998,-7.26431568310076));
#12851=CARTESIAN_POINT('',(59.6521030207585,84.9815241586998,-7.7604546214576));
#12852=CARTESIAN_POINT('',(52.1521030207585,84.9815241586998,-6.31906351218891));
#12853=CARTESIAN_POINT('',(52.1521030207585,94.9315241586997,-6.31906351218891));
#12854=CARTESIAN_POINT('',(57.5971030207504,94.9315241586997,-6.9996885121879));
#12855=CARTESIAN_POINT('',(52.1521030207585,85.8815241586997,-6.31906351218894));
#12856=CARTESIAN_POINT('',(60.4257098185004,94.9315241586997,-6.31906351218891));
#12857=CARTESIAN_POINT('',(46.2021030207505,94.9315241586997,-6.31906351218891));
#12858=CARTESIAN_POINT('',(46.2021030207505,93.9315241586997,-6.31906351218894));
#12859=CARTESIAN_POINT('',(59.1521030207585,85.8815241586997,-6.31906351218891));
#12860=CARTESIAN_POINT('',(46.2021030207505,94.9315241586997,-14.319063512189));
#12861=CARTESIAN_POINT('',(46.2021030207504,94.9315241586997,-7.61906351218893));
#12862=CARTESIAN_POINT('',(46.2021030207505,93.9315241586997,-7.61906351218893));
#12863=CARTESIAN_POINT('',(46.2021030207505,93.9315241586997,-14.319063512189));
#12864=CARTESIAN_POINT('',(57.5971030207504,94.9315241586997,-10.2236349407604));
#12865=CARTESIAN_POINT('',(51.4521030207504,94.9315241586997,-8.81906351218894));
#12866=CARTESIAN_POINT('',(51.4521030207504,84.9815241586998,-8.81906351218894));
#12867=CARTESIAN_POINT('',(47.2021030207505,85.8815241586997,-7.84763494076037));
#12868=CARTESIAN_POINT('',(51.4521030207505,94.9315241586997,-14.319063512189));
#12869=CARTESIAN_POINT('',(51.4521030207504,94.9315241586997,-7.91906351218893));
#12870=CARTESIAN_POINT('',(51.4521030207504,95.1315241586997,-7.91906351218893));
#12871=CARTESIAN_POINT('',(51.4521030207504,99.4815241586997,-8.81906351218894));
#12872=CARTESIAN_POINT('',(51.4521030207504,99.4815241586997,-8.01906351218895));
#12873=CARTESIAN_POINT('',(57.5971030207504,94.9315241586997,-7.91906351218893));
#12874=CARTESIAN_POINT('',(53.9521030207504,94.9315241586997,-7.91906351218893));
#12875=CARTESIAN_POINT('',(53.9521030207504,95.1315241586997,-7.91906351218893));
#12876=CARTESIAN_POINT('',(57.5971030207504,95.1315241586997,-7.91906351218893));
#12877=CARTESIAN_POINT('',(53.9521030207505,94.9315241586997,-14.319063512189));
#12878=CARTESIAN_POINT('',(53.9521030207505,94.9315241586997,-8.81906351218894));
#12879=CARTESIAN_POINT('',(53.9521030207505,99.4815241586997,-8.81906351218894));
#12880=CARTESIAN_POINT('',(53.9521030207505,99.4815241586997,-8.81906351218894));
#12881=CARTESIAN_POINT('',(57.5971030207504,94.9315241586997,-8.81906351218891));
#12882=CARTESIAN_POINT('',(56.6021030207505,94.9315241586997,-8.81906351218891));
#12883=CARTESIAN_POINT('',(56.6021030207505,85.8815241586997,-8.81906351218891));
#12884=CARTESIAN_POINT('',(51.4521030207504,93.4815241586997,-8.81906351218894));
#12885=CARTESIAN_POINT('',(58.1352293127495,84.9815241586998,-9.58562665818844));
#12886=CARTESIAN_POINT('',(58.1352293127495,94.9315241586997,-9.58562665818844));
#12887=CARTESIAN_POINT('',(57.5971030207504,94.9315241586997,-9.3165635121889));
#12888=CARTESIAN_POINT('',(58.5575205487498,90.8815241586997,-9.79677227618861));
#12889=CARTESIAN_POINT('',(60.8185108857492,94.9315241586997,-4.21906351218892));
#12890=CARTESIAN_POINT('',(60.8185108857492,94.9315241586997,-10.2190635121889));
#12891=CARTESIAN_POINT('',(60.8185108857492,84.9815241586998,-10.2190635121889));
#12892=CARTESIAN_POINT('',(60.8185108857492,84.9815241586998,-4.21906351218892));
#12893=CARTESIAN_POINT('',(69.3021030207505,85.8815241586997,-10.8190635121889));
#12894=CARTESIAN_POINT('',(69.3021030207505,94.9315241586997,-10.8190635121889));
#12895=CARTESIAN_POINT('',(69.3021030207505,85.8815241586997,-10.6190635121889));
#12896=CARTESIAN_POINT('',(69.3021030207505,94.9315241586997,-10.6190635121889));
#12897=CARTESIAN_POINT('',(69.3021030207505,94.9315241586997,-26.7640635121889));
#12898=CARTESIAN_POINT('',(69.3021030207505,85.8815241586997,-10.6190635121889));
#12899=CARTESIAN_POINT('',(68.9021030207505,85.8815241586997,-10.2190635121889));
#12900=CARTESIAN_POINT('',(68.9021030207505,94.9315241586997,-10.2190635121889));
#12901=CARTESIAN_POINT('',(68.9021030207505,94.9315241586997,-10.6190635121889));
#12902=CARTESIAN_POINT('',(68.9021030207505,85.8815241586997,-10.6190635121889));
#12903=CARTESIAN_POINT('',(57.5971030207504,94.9315241586997,-10.2190635121889));
#12904=CARTESIAN_POINT('',(59.4021030207505,90.8815241586997,-10.2190635121889));
#12905=CARTESIAN_POINT('',(62.3521030207505,85.8815241586997,-8.31906351218891));
#12906=CARTESIAN_POINT('',(62.3521030207505,94.9315241586997,-8.31906351218891));
#12907=CARTESIAN_POINT('',(62.3521030207505,94.9315241586997,-26.7640635121889));
#12908=CARTESIAN_POINT('',(62.3521030207505,90.8815241586997,-8.71906351218892));
#12909=CARTESIAN_POINT('',(63.4415876168412,84.9815241586998,-8.31906351218891));
#12910=CARTESIAN_POINT('',(63.4415876168412,94.9315241586997,-8.31906351218891));
#12911=CARTESIAN_POINT('',(57.6971030207504,94.9315241586997,-8.31906351218891));
#12912=CARTESIAN_POINT('',(63.8521030207505,85.8815241586997,-8.31906351218891));
#12913=CARTESIAN_POINT('',(64.2294262139995,84.9815241586998,-8.48077345215281));
#12914=CARTESIAN_POINT('',(64.2294262139995,94.9315241586997,-8.48077345215281));
#12915=CARTESIAN_POINT('',(63.4415876168412,94.9315241586997,-10.3190635121889));
#12916=CARTESIAN_POINT('',(63.4415876168412,84.9815241586998,-10.3190635121889));
#12917=CARTESIAN_POINT('',(65.9521030207505,85.8815241586997,-9.21906351218893));
#12918=CARTESIAN_POINT('',(65.9521030207505,94.9315241586997,-9.21906351218893));
#12919=CARTESIAN_POINT('',(57.6971030207504,94.9315241586997,-5.68120636933175));
#12920=CARTESIAN_POINT('',(65.9521030207505,85.8815241586997,-9.21906351218893));
#12921=CARTESIAN_POINT('',(68.7021030207505,85.8815241586997,-9.21906351218893));
#12922=CARTESIAN_POINT('',(68.7021030207505,94.9315241586997,-9.21906351218893));
#12923=CARTESIAN_POINT('',(57.5971030207504,94.9315241586997,-9.21906351218893));
#12924=CARTESIAN_POINT('',(68.7021030207505,85.8815241586997,-9.21906351218893));
#12925=CARTESIAN_POINT('',(68.7021030207505,94.9315241586997,-11.2190635121889));
#12926=CARTESIAN_POINT('',(68.7021030207505,85.8815241586997,-11.2190635121889));
#12927=CARTESIAN_POINT('',(68.6021030207505,85.4361121476738,-10.8190635121889));
#12928=CARTESIAN_POINT('',(68.7021030207504,85.4361121476738,-11.5118838352165));
#12929=CARTESIAN_POINT('',(68.7021030207504,85.4361121476738,-22.2940635782946));
#12930=CARTESIAN_POINT('',(35.7021030207504,85.4361121476738,-22.2940635782946));
#12931=CARTESIAN_POINT('',(68.7021030207504,85.8815241586997,-11.5118838352165));
#12932=CARTESIAN_POINT('',(68.7021030207504,94.9315241586997,-11.5118838352165));
#12933=CARTESIAN_POINT('',(68.7021030207504,94.9315241586997,-16.4440635782946));
#12934=CARTESIAN_POINT('',(68.7021030207504,85.4361121476738,-16.4440635782946));
#12935=CARTESIAN_POINT('',(68.6021030207505,94.9315241586997,-10.8190635121889));
#12936=CARTESIAN_POINT('',(70.2021030207504,94.9315241586997,-12.0190635782946));
#12937=CARTESIAN_POINT('',(55.1771030207504,94.9315241586997,-16.744063512189));
#12938=CARTESIAN_POINT('',(68.6021030207505,85.8815241586997,-10.8190635121889));
#12939=CARTESIAN_POINT('',(58.9221030207586,99.4361121476738,-7.73126264440021));
#12940=CARTESIAN_POINT('',(50.6021030207503,97.0589692905286,-7.73126264440021));
#12941=CARTESIAN_POINT('',(54.4221030207586,98.1503978619596,-7.73126264440021));
#12942=CARTESIAN_POINT('',(54.4221030207586,96.4361121476739,-7.73126264440021));
#12943=CARTESIAN_POINT('',(54.4221030207586,95.4361121476738,-7.73126264440019));
#12944=CARTESIAN_POINT('',(48.5414332473026,95.4361121476738,-7.73126264440019));
#12945=CARTESIAN_POINT('',(50.6021030207504,95.4361121476739,-7.73126264440019));
#12946=CARTESIAN_POINT('',(50.6021030207503,96.4361121476739,-7.73126264440021));
#12947=CARTESIAN_POINT('',(50.6021030207504,96.4361121476739,-7.73126264440021));
#12948=CARTESIAN_POINT('',(59.6592831296606,99.6467350359316,-9.47698934736754));
#12949=CARTESIAN_POINT('',(58.9221030207586,99.4361121476738,-9.23126264440019));
#12950=CARTESIAN_POINT('',(58.9221030207586,126.136112147674,-9.23126264440024));
#12951=CARTESIAN_POINT('',(58.9221030207586,95.4361121476738,-9.23126264440019));
#12952=CARTESIAN_POINT('',(54.4221030207586,95.4361121476738,-7.73126264440019));
#12953=CARTESIAN_POINT('',(54.4221030207586,96.4361121476739,-7.73126264440021));
#12954=CARTESIAN_POINT('',(48.5414332473026,95.4361121476738,-6.93126264440018));
#12955=CARTESIAN_POINT('',(60.9221030207586,95.4361121476739,-6.9312626444002));
#12956=CARTESIAN_POINT('',(48.7021030207505,95.4361121476739,-6.93126264440018));
#12957=CARTESIAN_POINT('',(60.9221030207586,96.4361121476739,-6.9312626444002));
#12958=CARTESIAN_POINT('',(60.9221030207586,99.4361121476738,-6.9312626444002));
#12959=CARTESIAN_POINT('',(58.9221030207586,99.4361121476738,-6.9312626444002));
#12960=CARTESIAN_POINT('',(58.9221030207586,99.4361121476738,-6.93126264440021));
#12961=CARTESIAN_POINT('',(58.9221030207586,99.4361121476738,-6.93126264440021));
#12962=CARTESIAN_POINT('',(48.7021030207504,96.5161121476715,-6.9312626444002));
#12963=CARTESIAN_POINT('',(48.7021030207504,96.4361121476739,-6.9312626444002));
#12964=CARTESIAN_POINT('',(60.9221030207586,96.4361121476739,-6.9312626444002));
#12965=CARTESIAN_POINT('',(60.9221030207586,110.656524158699,-14.0190635782947));
#12966=CARTESIAN_POINT('',(60.9221030207586,110.656524158699,-14.0190635782946));
#12967=CARTESIAN_POINT('',(60.9221030207586,107.156524158699,-14.0190635782946));
#12968=CARTESIAN_POINT('',(60.9221030207504,111.3565241587,-17.5190635782946));
#12969=CARTESIAN_POINT('',(60.9221030207504,111.3565241587,-17.5190635782946));
#12970=CARTESIAN_POINT('',(60.9221030207504,111.3565241587,-9.0190635782946));
#12971=CARTESIAN_POINT('',(60.9221030207504,111.3565241587,-10.0190635782946));
#12972=CARTESIAN_POINT('',(60.9221030207586,110.3565241587,-10.0190635782946));
#12973=CARTESIAN_POINT('',(60.9221030207504,110.3565241587,-9.0190635782946));
#12974=CARTESIAN_POINT('',(60.9221030207504,98.3565241587005,-9.0190635782946));
#12975=CARTESIAN_POINT('',(60.9221030207586,99.4361121476738,-9.0190635782946));
#12976=CARTESIAN_POINT('',(60.9221030207586,99.4361121476739,-29.6190635782945));
#12977=CARTESIAN_POINT('',(60.9221030207586,95.4361121476738,2.24194430608362));
#12978=CARTESIAN_POINT('',(60.9221030207586,96.4361121476738,-34.7068645121889));
#12979=CARTESIAN_POINT('',(48.7021030207504,96.5161121476715,-11.8690635782945));
#12980=CARTESIAN_POINT('',(58.9221030207586,99.4361121476738,-11.8690635782945));
#12981=CARTESIAN_POINT('',(58.9221030207504,99.4361121476738,-9.0190635782946));
#12982=CARTESIAN_POINT('',(58.9221030207586,99.4361121476738,-11.8690635782945));
#12983=CARTESIAN_POINT('',(50.6021030207503,97.0589692905286,-11.8690635782945));
#12984=CARTESIAN_POINT('',(58.9221030207586,99.4361121476738,-11.8690635782945));
#12985=CARTESIAN_POINT('',(35.7021030207504,99.4361121476738,-9.0190635782946));
#12986=CARTESIAN_POINT('',(35.7021030207504,99.4361121476739,-29.6190635782945));
#12987=CARTESIAN_POINT('',(58.9221030207504,98.3565241587005,-9.0190635782946));
#12988=CARTESIAN_POINT('',(58.9221030207504,110.3565241587,-9.0190635782946));
#12989=CARTESIAN_POINT('',(58.9221030207586,110.3565241587,-10.0190635782946));
#12990=CARTESIAN_POINT('',(58.9221030207504,111.3565241587,-10.0190635782946));
#12991=CARTESIAN_POINT('',(58.9221030207504,111.3565241587,-9.0190635782946));
#12992=CARTESIAN_POINT('',(58.9221030207504,111.3565241587,-17.5190635782946));
#12993=CARTESIAN_POINT('',(58.9221030207504,111.3565241587,-17.5190635782946));
#12994=CARTESIAN_POINT('',(58.9221030207586,104.8565241587,-15.5190635782946));
#12995=CARTESIAN_POINT('',(58.9221030207586,95.4361121476738,2.24194430608364));
#12996=CARTESIAN_POINT('',(58.9221030207586,126.136112147674,-11.8690635782945));
#12997=CARTESIAN_POINT('',(48.7021030207504,95.4361121476738,2.24194430608362));
#12998=CARTESIAN_POINT('',(48.7021030207505,96.4361121476738,-30.1190635782946));
#12999=CARTESIAN_POINT('',(50.6021030207503,95.4361121476738,2.24194430608362));
#13000=CARTESIAN_POINT('',(50.6021030207504,96.4361121476738,-33.9068645121889));
#13001=CARTESIAN_POINT('',(48.5414332473026,95.4361121476738,2.24194430608362));
#13002=CARTESIAN_POINT('',(60.9221030207504,59.406524158699,-38.0690635782979));
#13003=CARTESIAN_POINT('',(60.9221030207504,59.406524158699,-30.5690635782979));
#13004=CARTESIAN_POINT('',(60.9221030207504,59.406524158699,-39.0690635782979));
#13005=CARTESIAN_POINT('',(60.9221030207504,59.406524158699,-30.5690635782979));
#13006=CARTESIAN_POINT('',(60.9221030207504,60.406524158699,-39.0690635782979));
#13007=CARTESIAN_POINT('',(60.9221030207504,72.406524158699,-39.0690635782979));
#13008=CARTESIAN_POINT('',(60.9221030207504,59.406524158699,-10.0190635782946));
#13009=CARTESIAN_POINT('',(60.9221030207504,59.406524158699,-17.5190635782946));
#13010=CARTESIAN_POINT('',(60.9221030207504,59.406524158699,-17.5190635782946));
#13011=CARTESIAN_POINT('',(70.7021030207503,65.5315241587003,-9.01906357829459));
#13012=CARTESIAN_POINT('',(70.2021030207504,65.5315241587003,-9.01906357829459));
#13013=CARTESIAN_POINT('',(70.2021030207504,59.406524158699,-9.01906357829459));
#13014=CARTESIAN_POINT('',(70.2021030207504,68.2315241587003,-9.01906357829459));
#13015=CARTESIAN_POINT('',(70.7021030207503,68.2315241587003,-9.01906357829459));
#13016=CARTESIAN_POINT('',(60.9221030207504,60.406524158699,-9.01906357829459));
#13017=CARTESIAN_POINT('',(60.9221030207504,59.406524158699,-9.01906357829459));
#13018=CARTESIAN_POINT('',(60.9221030207504,61.906524158699,-17.5190635782946));
#13019=CARTESIAN_POINT('',(60.9221030207504,111.3565241587,-30.5690635782979));
#13020=CARTESIAN_POINT('',(60.9221030207504,108.8565241587,-30.5690635782979));
#13021=CARTESIAN_POINT('',(60.9221030207504,111.3565241587,-38.0690635782979));
#13022=CARTESIAN_POINT('',(60.9221030207504,111.3565241587,-30.5690635782979));
#13023=CARTESIAN_POINT('',(70.7021030207503,108.231524158629,-39.0690635782979));
#13024=CARTESIAN_POINT('',(70.2021030207504,108.231524158629,-39.0690635782979));
#13025=CARTESIAN_POINT('',(70.2021030207504,111.3565241587,-39.0690635782979));
#13026=CARTESIAN_POINT('',(70.2021030207504,105.531524158629,-39.0690635782979));
#13027=CARTESIAN_POINT('',(70.7021030207503,105.531524158629,-39.0690635782979));
#13028=CARTESIAN_POINT('',(60.9221030207504,110.3565241587,-39.0690635782979));
#13029=CARTESIAN_POINT('',(60.9221030207504,111.3565241587,-39.0690635782979));
#13030=CARTESIAN_POINT('',(60.9221030207504,110.3565241587,-9.0190635782946));
#13031=CARTESIAN_POINT('',(60.9221030207504,98.3565241587005,-9.0190635782946));
#13032=CARTESIAN_POINT('',(60.9221030207504,111.3565241587,-10.0190635782946));
#13033=CARTESIAN_POINT('',(60.9221030207504,111.3565241587,-17.5190635782946));
#13034=CARTESIAN_POINT('',(60.9221030207504,111.3565241587,-9.0190635782946));
#13035=CARTESIAN_POINT('',(60.9221030207504,111.3565241587,-17.5190635782946));
#13036=CARTESIAN_POINT('',(60.9221030207504,60.406524158699,-38.0690635782979));
#13037=CARTESIAN_POINT('',(60.9221030207504,110.3565241587,-38.0690635782979));
#13038=CARTESIAN_POINT('',(60.9221030207504,60.406524158699,-10.0190635782946));
#13039=CARTESIAN_POINT('',(60.9221030207504,110.3565241587,-10.0190635782946));
#13040=CARTESIAN_POINT('',(52.0021030207504,65.906524158699,-15.5190635782946));
#13041=CARTESIAN_POINT('',(52.0021030207504,104.8565241587,-15.5190635782946));
#13042=CARTESIAN_POINT('',(52.0021030207504,104.8565241587,-32.5690635782979));
#13043=CARTESIAN_POINT('',(52.0021030207504,65.906524158699,-32.5690635782979));
#13044=CARTESIAN_POINT('',(70.2021030207504,65.906524158699,-32.5690635782979));
#13045=CARTESIAN_POINT('',(52.0021030207504,65.906524158699,-32.5690635782979));
#13046=CARTESIAN_POINT('',(71.0021030207504,106.443872538971,-24.0440635782981));
#13047=CARTESIAN_POINT('',(72.0021030207504,106.443872538971,-24.0440635782981));
#13048=CARTESIAN_POINT('',(71.0021030207504,96.3315241587003,-34.1564119585687));
#13049=CARTESIAN_POINT('',(72.0021030207504,96.3315241587003,-34.1564119585687));
#13050=CARTESIAN_POINT('',(71.0021030207504,85.3815241586998,-34.1564119585685));
#13051=CARTESIAN_POINT('',(72.0021030207504,85.3815241586998,-34.1564119585685));
#13052=CARTESIAN_POINT('',(71.0021030207504,74.4315241586993,-34.1564119585684));
#13053=CARTESIAN_POINT('',(72.0021030207504,74.4315241586993,-34.1564119585684));
#13054=CARTESIAN_POINT('',(71.0021030207504,64.3191757784283,-24.0440635782979));
#13055=CARTESIAN_POINT('',(72.0021030207504,64.3191757784283,-24.0440635782979));
#13056=CARTESIAN_POINT('',(71.0021030207504,74.4315241586993,-13.9317151980274));
#13057=CARTESIAN_POINT('',(72.0021030207504,74.4315241586993,-13.9317151980274));
#13058=CARTESIAN_POINT('',(71.0021030207504,85.3815241586998,-13.9317151980275));
#13059=CARTESIAN_POINT('',(72.0021030207504,85.3815241586998,-13.9317151980275));
#13060=CARTESIAN_POINT('',(71.0021030207504,96.3315241587003,-13.9317151980276));
#13061=CARTESIAN_POINT('',(72.0021030207504,96.3315241587003,-13.9317151980276));
#13062=CARTESIAN_POINT('',(71.0021030207504,105.151231875481,-22.5179311741169));
#13063=CARTESIAN_POINT('',(71.0021030207504,101.8065241587,-18.5690635782981));
#13064=CARTESIAN_POINT('',(71.0021030207504,105.151231875481,-25.5701959824793));
#13065=CARTESIAN_POINT('',(71.0021030207504,106.443872538971,-24.0440635782981));
#13066=CARTESIAN_POINT('',(71.0021030207504,101.8065241587,-29.5190635782981));
#13067=CARTESIAN_POINT('',(71.0021030207504,101.8065241587,-18.5690635782981));
#13068=CARTESIAN_POINT('',(71.0021030207504,94.805391754519,-15.2243558615176));
#13069=CARTESIAN_POINT('',(71.0021030207504,90.8565241587,-18.569063578298));
#13070=CARTESIAN_POINT('',(71.0021030207504,97.8576565628815,-15.2243558615176));
#13071=CARTESIAN_POINT('',(71.0021030207504,96.3315241587003,-13.9317151980276));
#13072=CARTESIAN_POINT('',(71.0021030207504,101.8065241587,-18.5690635782981));
#13073=CARTESIAN_POINT('',(71.0021030207504,83.8553917545185,-15.2243558615175));
#13074=CARTESIAN_POINT('',(71.0021030207504,79.9065241586995,-18.5690635782979));
#13075=CARTESIAN_POINT('',(71.0021030207504,86.907656562881,-15.2243558615175));
#13076=CARTESIAN_POINT('',(71.0021030207504,85.3815241586998,-13.9317151980275));
#13077=CARTESIAN_POINT('',(71.0021030207504,90.8565241587,-18.569063578298));
#13078=CARTESIAN_POINT('',(71.0021030207504,72.905391754518,-15.2243558615174));
#13079=CARTESIAN_POINT('',(71.0021030207504,68.956524158699,-18.5690635782978));
#13080=CARTESIAN_POINT('',(71.0021030207504,75.9576565628805,-15.2243558615174));
#13081=CARTESIAN_POINT('',(71.0021030207504,74.4315241586993,-13.9317151980274));
#13082=CARTESIAN_POINT('',(71.0021030207504,79.9065241586995,-18.5690635782979));
#13083=CARTESIAN_POINT('',(71.0021030207504,68.956524158699,-18.5690635782978));
#13084=CARTESIAN_POINT('',(71.0021030207504,65.6118164419184,-25.5701959824791));
#13085=CARTESIAN_POINT('',(71.0021030207504,68.9565241586991,-29.5190635782979));
#13086=CARTESIAN_POINT('',(71.0021030207504,65.6118164419184,-22.5179311741167));
#13087=CARTESIAN_POINT('',(71.0021030207504,64.3191757784283,-24.0440635782979));
#13088=CARTESIAN_POINT('',(71.0021030207504,68.956524158699,-18.5690635782978));
#13089=CARTESIAN_POINT('',(71.0021030207504,75.9576565628805,-32.8637712950784));
#13090=CARTESIAN_POINT('',(71.0021030207504,79.9065241586995,-29.5190635782979));
#13091=CARTESIAN_POINT('',(71.0021030207504,72.9053917545181,-32.8637712950784));
#13092=CARTESIAN_POINT('',(71.0021030207504,74.4315241586993,-34.1564119585684));
#13093=CARTESIAN_POINT('',(71.0021030207504,68.9565241586991,-29.5190635782979));
#13094=CARTESIAN_POINT('',(71.0021030207504,68.9565241586991,-29.5190635782979));
#13095=CARTESIAN_POINT('',(71.0021030207504,83.8553917545185,-32.8637712950785));
#13096=CARTESIAN_POINT('',(71.0021030207504,79.9065241586996,-29.519063578298));
#13097=CARTESIAN_POINT('',(71.0021030207504,86.907656562881,-32.8637712950785));
#13098=CARTESIAN_POINT('',(71.0021030207504,85.3815241586998,-34.1564119585685));
#13099=CARTESIAN_POINT('',(71.0021030207504,90.8565241587,-29.519063578298));
#13100=CARTESIAN_POINT('',(71.0021030207504,97.8576565628815,-32.8637712950786));
#13101=CARTESIAN_POINT('',(71.0021030207504,101.8065241587,-29.5190635782981));
#13102=CARTESIAN_POINT('',(71.0021030207504,94.805391754519,-32.8637712950786));
#13103=CARTESIAN_POINT('',(71.0021030207504,96.3315241587003,-34.1564119585687));
#13104=CARTESIAN_POINT('',(71.0021030207504,90.8565241587001,-29.5190635782981));
#13105=CARTESIAN_POINT('',(71.0021030207504,101.8065241587,-29.5190635782981));
#13106=CARTESIAN_POINT('',(43.1271030207489,106.606524158699,-12.5690635782966));
#13107=CARTESIAN_POINT('',(38.6271030207489,106.606524158699,-18.5690635782946));
#13108=CARTESIAN_POINT('',(43.1271030207489,97.006524158699,-18.5690635782946));
#13109=CARTESIAN_POINT('',(43.6271030207489,97.006524158699,-18.5690635782946));
#13110=CARTESIAN_POINT('',(43.1271030207489,95.656524158699,-12.5690635782966));
#13111=CARTESIAN_POINT('',(38.6271030207489,95.656524158699,-18.5690635782946));
#13112=CARTESIAN_POINT('',(43.1271030207489,86.056524158699,-18.5690635782946));
#13113=CARTESIAN_POINT('',(43.6271030207489,86.056524158699,-18.5690635782946));
#13114=CARTESIAN_POINT('',(43.1271030207489,84.706524158699,-12.5690635782966));
#13115=CARTESIAN_POINT('',(38.6271030207489,84.706524158699,-18.5690635782946));
#13116=CARTESIAN_POINT('',(43.1271030207489,75.106524158699,-18.5690635782946));
#13117=CARTESIAN_POINT('',(43.6271030207489,75.106524158699,-18.5690635782946));
#13118=CARTESIAN_POINT('',(43.1271030207489,64.156524158699,-18.5690635782946));
#13119=CARTESIAN_POINT('',(38.6271030207489,64.156524158699,-18.5690635782946));
#13120=CARTESIAN_POINT('',(43.6271030207489,64.656524158699,-12.5690635782966));
#13121=CARTESIAN_POINT('',(43.6271030207489,65.906524158699,-15.5190635782946));
#13122=CARTESIAN_POINT('',(43.6271030207489,65.906524158699,-12.0190635782946));
#13123=CARTESIAN_POINT('',(43.6271030207489,104.856524158701,-12.0190635782946));
#13124=CARTESIAN_POINT('',(43.6271030207489,104.8565241587,-12.0190635782946));
#13125=CARTESIAN_POINT('',(43.6271030207489,104.8565241587,-15.5190635782946));
#13126=CARTESIAN_POINT('',(43.6271030207489,106.106524158699,-18.5690635782946));
#13127=CARTESIAN_POINT('',(43.6271030207489,97.506524158699,-12.5690635782966));
#13128=CARTESIAN_POINT('',(43.6271030207489,95.156524158699,-18.5690635782946));
#13129=CARTESIAN_POINT('',(43.6271030207489,86.556524158699,-12.5690635782966));
#13130=CARTESIAN_POINT('',(43.6271030207489,84.206524158699,-18.5690635782946));
#13131=CARTESIAN_POINT('',(43.6271030207489,75.606524158699,-12.5690635782966));
#13132=CARTESIAN_POINT('',(43.6271030207489,73.256524158699,-18.5690635782946));
#13133=CARTESIAN_POINT('',(43.6271030207489,64.156524158699,-18.5690635782946));
#13134=CARTESIAN_POINT('',(43.1271030207489,73.756524158699,-12.5690635782966));
#13135=CARTESIAN_POINT('',(43.6271030207489,73.756524158699,-18.5690635782946));
#13136=CARTESIAN_POINT('',(34.0021030207506,84.706524158699,-23.5190635782967));
#13137=CARTESIAN_POINT('',(29.5021030207506,84.706524158699,-29.5190635782946));
#13138=CARTESIAN_POINT('',(34.5021030207506,84.206524158699,-29.5190635782946));
#13139=CARTESIAN_POINT('',(34.5021030207506,75.606524158699,-23.5190635782967));
#13140=CARTESIAN_POINT('',(34.5021030207506,84.706524158699,-29.5190635782946));
#13141=CARTESIAN_POINT('',(34.0021030207506,75.106524158699,-29.5190635782946));
#13142=CARTESIAN_POINT('',(34.5021030207506,75.106524158699,-29.5190635782946));
#13143=CARTESIAN_POINT('',(34.0021030207506,95.656524158699,-23.5190635782967));
#13144=CARTESIAN_POINT('',(29.5021030207506,95.656524158699,-29.5190635782946));
#13145=CARTESIAN_POINT('',(34.5021030207506,95.156524158699,-29.5190635782946));
#13146=CARTESIAN_POINT('',(34.5021030207506,86.556524158699,-23.5190635782967));
#13147=CARTESIAN_POINT('',(34.5021030207506,95.656524158699,-29.5190635782946));
#13148=CARTESIAN_POINT('',(34.0021030207506,86.056524158699,-29.5190635782946));
#13149=CARTESIAN_POINT('',(34.5021030207506,86.056524158699,-29.5190635782946));
#13150=CARTESIAN_POINT('',(34.0021030207506,106.606524158699,-23.5190635782967));
#13151=CARTESIAN_POINT('',(29.5021030207506,106.606524158699,-29.5190635782946));
#13152=CARTESIAN_POINT('',(34.5021030207506,106.106524158699,-29.5190635782946));
#13153=CARTESIAN_POINT('',(34.5021030207506,97.506524158699,-23.5190635782967));
#13154=CARTESIAN_POINT('',(34.5021030207506,106.606524158699,-29.5190635782946));
#13155=CARTESIAN_POINT('',(34.0021030207506,97.006524158699,-29.5190635782946));
#13156=CARTESIAN_POINT('',(34.5021030207506,97.006524158699,-29.5190635782946));
#13157=CARTESIAN_POINT('',(34.0021030207506,73.756524158699,-23.5190635782967));
#13158=CARTESIAN_POINT('',(29.5021030207506,73.756524158699,-29.5190635782946));
#13159=CARTESIAN_POINT('',(34.5021030207506,73.256524158699,-29.5190635782946));
#13160=CARTESIAN_POINT('',(34.5021030207506,64.656524158699,-23.5190635782967));
#13161=CARTESIAN_POINT('',(34.5021030207506,73.756524158699,-29.5190635782946));
#13162=CARTESIAN_POINT('',(34.0021030207506,64.156524158699,-29.5190635782946));
#13163=CARTESIAN_POINT('',(34.5021030207506,64.156524158699,-29.5190635782946));
#13164=CARTESIAN_POINT('',(34.0021030207506,73.256524158699,-29.5190635782946));
#13165=CARTESIAN_POINT('',(43.1271030207489,73.256524158699,-18.5690635782946));
#13166=CARTESIAN_POINT('',(34.0021030207506,84.206524158699,-29.5190635782946));
#13167=CARTESIAN_POINT('',(43.1271030207489,84.206524158699,-18.5690635782946));
#13168=CARTESIAN_POINT('',(34.0021030207506,95.156524158699,-29.5190635782946));
#13169=CARTESIAN_POINT('',(43.1271030207489,95.156524158699,-18.5690635782946));
#13170=CARTESIAN_POINT('',(34.0021030207506,106.106524158699,-29.5190635782946));
#13171=CARTESIAN_POINT('',(43.1271030207489,106.106524158699,-18.5690635782946));
#13172=CARTESIAN_POINT('',(34.0021030207506,97.506524158699,-29.5190635782946));
#13173=CARTESIAN_POINT('',(43.1271030207489,97.506524158699,-18.5690635782946));
#13174=CARTESIAN_POINT('',(34.0021030207506,86.556524158699,-29.5190635782946));
#13175=CARTESIAN_POINT('',(43.1271030207489,86.556524158699,-18.5690635782946));
#13176=CARTESIAN_POINT('',(43.1271030207489,75.606524158699,-18.5690635782946));
#13177=CARTESIAN_POINT('',(34.0021030207506,75.606524158699,-29.5190635782946));
#13178=CARTESIAN_POINT('',(34.0021030207506,64.656524158699,-29.5190635782946));
#13179=CARTESIAN_POINT('',(43.1271030207489,64.656524158699,-18.5690635782946));
#13180=CARTESIAN_POINT('',(-26.1198969792496,110.656524158699,-14.0190635782946));
#13181=CARTESIAN_POINT('',(70.2021030207504,110.656524158699,-14.0190635782946));
#13182=CARTESIAN_POINT('',(70.2021030207504,107.156524158699,-14.0190635782946));
#13183=CARTESIAN_POINT('',(-26.1198969792496,107.156524158699,-14.0190635782946));
#13184=CARTESIAN_POINT('',(70.2021030207504,110.656524158699,-14.0190635782946));
#13185=CARTESIAN_POINT('',(-26.1198969792496,110.656524158699,-14.0190635782946));
#13186=CARTESIAN_POINT('',(70.2021030207504,-2.5,-36.0690635782979));
#13187=CARTESIAN_POINT('',(70.7021030207504,107.974214340211,-34.1596634437926));
#13188=CARTESIAN_POINT('',(70.7021030207504,108.003994098632,-34.1376043634811));
#13189=CARTESIAN_POINT('',(70.7012890532624,108.033823546699,-34.115508476024));
#13190=CARTESIAN_POINT('',(70.6994957579954,108.063712779035,-34.0933683039231));
#13191=CARTESIAN_POINT('',(70.6994957579954,108.063712779035,-34.0933683039231));
#13192=CARTESIAN_POINT('',(70.6994957579954,108.063712779035,-34.0933683039231));
#13193=CARTESIAN_POINT('',(70.6936962644245,108.099277456765,-34.1503168184063));
#13194=CARTESIAN_POINT('',(70.6777136914078,108.134093359133,-34.2075635169636));
#13195=CARTESIAN_POINT('',(70.6536530153803,108.162033158821,-34.2639733139148));
#13196=CARTESIAN_POINT('',(70.6262123005497,108.193897935802,-34.3283075475007));
#13197=CARTESIAN_POINT('',(70.5874850212806,108.217342115801,-34.3933445421617));
#13198=CARTESIAN_POINT('',(70.5458762032295,108.226675147598,-34.4572886680174));
#13199=CARTESIAN_POINT('',(70.5315433763431,108.229890060574,-34.4793152510645));
#13200=CARTESIAN_POINT('',(70.5168113287142,108.231524158653,-34.5013720423842));
#13201=CARTESIAN_POINT('',(70.5021030207352,108.231524158652,-34.5233857115268));
#13202=CARTESIAN_POINT('',(70.5021030207507,108.231524158629,-34.5233857115402));
#13203=CARTESIAN_POINT('',(70.5021030207507,108.231524158629,-34.5233857115402));
#13204=CARTESIAN_POINT('',(70.4335615465818,108.231524158629,-34.6259705457055));
#13205=CARTESIAN_POINT('',(70.3262207021148,108.231524158629,-34.7160090830751));
#13206=CARTESIAN_POINT('',(70.2021030207502,108.231524158629,-34.716009083075));
#13207=CARTESIAN_POINT('',(70.2021030207504,108.3565241587,-32.5690635782979));
#13208=CARTESIAN_POINT('',(70.2021030207504,104.8565241587,-32.5690635782979));
#13209=CARTESIAN_POINT('',(70.2021030207504,108.3565241587,-13.5190635782946));
#13210=CARTESIAN_POINT('',(70.2021030207504,108.3565241587,-0.800000000000001));
#13211=CARTESIAN_POINT('',(70.2021030207504,110.656524158699,-13.5190635782946));
#13212=CARTESIAN_POINT('',(70.2021030207504,-2.49999999999999,-13.5190635782947));
#13213=CARTESIAN_POINT('',(70.7021030207504,65.9064835602874,-12.0190635782946));
#13214=CARTESIAN_POINT('',(70.7021030207504,65.8472117048866,-12.0190635782946));
#13215=CARTESIAN_POINT('',(70.7021097959818,65.7879398444279,-12.0190635782946));
#13216=CARTESIAN_POINT('',(70.7020826255364,65.7286679952546,-12.0190635782946));
#13217=CARTESIAN_POINT('',(70.7020826255364,65.7286679952546,-12.0190635782946));
#13218=CARTESIAN_POINT('',(70.7020826255364,65.7286679952546,-12.0190635782946));
#13219=CARTESIAN_POINT('',(70.7015557797428,65.6917799054817,-11.9625349566908));
#13220=CARTESIAN_POINT('',(70.6907329914817,65.6541134396396,-11.9053949645247));
#13221=CARTESIAN_POINT('',(70.6688197009146,65.6210454342552,-11.8507798703618));
#13222=CARTESIAN_POINT('',(70.6526364834664,65.596624331451,-11.8104459943477));
#13223=CARTESIAN_POINT('',(70.6299604739805,65.5741496878566,-11.7705875410612));
#13224=CARTESIAN_POINT('',(70.6009410808496,65.5576534082107,-11.7335624695064));
#13225=CARTESIAN_POINT('',(70.5791433846921,65.5452623533796,-11.7057513689668));
#13226=CARTESIAN_POINT('',(70.553202062221,65.5360306324639,-11.6789410391987));
#13227=CARTESIAN_POINT('',(70.5245952768604,65.5327929371596,-11.6549972660775));
#13228=CARTESIAN_POINT('',(70.517273780313,65.5319642954687,-11.6488692006543));
#13229=CARTESIAN_POINT('',(70.5097570029588,65.5315241587003,-11.6429014990231));
#13230=CARTESIAN_POINT('',(70.5021030207504,65.5315241587003,-11.6371342899122));
#13231=CARTESIAN_POINT('',(70.5021030207504,65.5315241587003,-11.6371342899122));
#13232=CARTESIAN_POINT('',(70.5021030207504,65.5315241587003,-11.6371342899122));
#13233=CARTESIAN_POINT('',(70.4658123106429,65.5315241587003,-11.6097895550707));
#13234=CARTESIAN_POINT('',(70.4253894309461,65.5315241587003,-11.5872330271494));
#13235=CARTESIAN_POINT('',(70.3830550106673,65.5315241587003,-11.5707240288962));
#13236=CARTESIAN_POINT('',(70.3309714744016,65.5315241587003,-11.5504132037196));
#13237=CARTESIAN_POINT('',(70.2746501406185,65.5315241587003,-11.5388324580212));
#13238=CARTESIAN_POINT('',(70.2187778064661,65.5315241587003,-11.5369598540436));
#13239=CARTESIAN_POINT('',(70.2132218842221,65.5315241587003,-11.5367736430637));
#13240=CARTESIAN_POINT('',(70.2076620626201,65.5315241587003,-11.536680497776));
#13241=CARTESIAN_POINT('',(70.2021030207504,65.5315241587003,-11.536680497776));
#13242=CARTESIAN_POINT('',(70.2021030207504,62.406524158699,-15.5190635782946));
#13243=CARTESIAN_POINT('',(70.2021030207504,65.906524158699,-15.5190635782946));
#13244=CARTESIAN_POINT('',(70.2021030207504,62.406524158699,-32.5690635782979));
#13245=CARTESIAN_POINT('',(70.2021030207504,62.406524158699,-0.800000000000001));
#13246=CARTESIAN_POINT('',(70.2021030207504,65.906524158699,-36.0690635782979));
#13247=CARTESIAN_POINT('',(70.2021030207504,-2.5,-36.0690635782979));
#13248=CARTESIAN_POINT('',(70.2021030207504,65.906524158699,-32.5690635782979));
#13249=CARTESIAN_POINT('',(70.2021030207504,110.656524158699,-12.0190635782946));
#13250=CARTESIAN_POINT('',(70.2021030207504,112.5665241587,-12.0190635782946));
#13251=CARTESIAN_POINT('',(70.7021030207504,105.531524158629,-38.7803884437031));
#13252=CARTESIAN_POINT('',(70.5021030207504,105.531524158629,-38.895858497541));
#13253=CARTESIAN_POINT('',(70.5021030207504,105.531524158629,-36.0033575377744));
#13254=CARTESIAN_POINT('',(70.7021030207503,105.531524158629,-35.9690635782979));
#13255=CARTESIAN_POINT('',(70.5021030207504,108.231524158629,-38.7803884437031));
#13256=CARTESIAN_POINT('',(70.5021030207504,108.231524158629,-38.895858497541));
#13257=CARTESIAN_POINT('',(70.7021030207504,108.231524158629,-38.7803884437031));
#13258=CARTESIAN_POINT('',(70.7021030207503,108.231524158629,-39.0690635782979));
#13259=CARTESIAN_POINT('',(70.5021030207504,108.031524158629,-34.1172117264461));
#13260=CARTESIAN_POINT('',(70.7021030207503,108.231524158629,-33.9690635782979));
#13261=CARTESIAN_POINT('',(70.5021030207504,65.5315241587003,-9.3077387128894));
#13262=CARTESIAN_POINT('',(70.5021030207504,65.5315241587003,-9.19226865905148));
#13263=CARTESIAN_POINT('',(70.7021030207504,65.5315241587003,-9.3077387128894));
#13264=CARTESIAN_POINT('',(70.7021030207503,65.5315241587003,-9.01906357829459));
#13265=CARTESIAN_POINT('',(70.5021030207504,65.7315241587003,-12.0190635782946));
#13266=CARTESIAN_POINT('',(70.7021030207502,65.5315241587003,-12.0190635782946));
#13267=CARTESIAN_POINT('',(70.7021030207504,68.2315241587003,-9.3077387128894));
#13268=CARTESIAN_POINT('',(70.5021030207504,68.2315241587003,-9.19226865905148));
#13269=CARTESIAN_POINT('',(70.5021030207504,68.2315241587003,-12.0190635782946));
#13270=CARTESIAN_POINT('',(70.7021030207503,68.2315241587003,-12.0190635782946));
#13271=CARTESIAN_POINT('',(70.7021030207504,110.367849024104,-0.800000000000001));
#13272=CARTESIAN_POINT('',(70.5021030207504,105.731524158629,-38.895858497541));
#13273=CARTESIAN_POINT('',(70.5021030207504,108.031524158629,-38.895858497541));
#13274=CARTESIAN_POINT('',(70.7021030207504,-2.5,-38.7803884437031));
#13275=CARTESIAN_POINT('',(70.5021030207504,65.7315241587003,-9.19226865905148));
#13276=CARTESIAN_POINT('',(70.5021030207504,68.0315241587003,-9.19226865905148));
#13277=CARTESIAN_POINT('',(70.7021030207504,-2.5,-9.30773871288939));
#13278=CARTESIAN_POINT('',(70.5021030207504,65.7315241587003,-0.800000000000001));
#13279=CARTESIAN_POINT('',(70.5021030207504,68.0315241587003,-0.800000000000001));
#13280=CARTESIAN_POINT('',(70.5021030207504,105.731524158629,-0.800000000000001));
#13281=CARTESIAN_POINT('',(70.5021030207504,108.031524158629,-0.800000000000001));
#13282=CARTESIAN_POINT('',(43.6271030207489,64.156524158699,-18.5690635782946));
#13283=CARTESIAN_POINT('',(43.6271030207489,64.156524158699,-18.5690635782946));
#13284=CARTESIAN_POINT('',(70.7021030207504,65.906524158699,-32.5690635782979));
#13285=CARTESIAN_POINT('',(70.7021030207504,65.906524158699,-32.5690635782979));
#13286=CARTESIAN_POINT('',(43.6271030207489,64.156524158699,-18.5690635782946));
#13287=CARTESIAN_POINT('',(70.7021030207504,65.906524158699,-32.5690635782979));
#13288=CARTESIAN_POINT('',(43.6271030207489,64.156524158699,-18.5690635782946));
#13289=CARTESIAN_POINT('',(43.6271030207489,64.156524158699,-18.5690635782946));
#13290=CARTESIAN_POINT('',(43.6271030207489,64.156524158699,-18.5690635782946));
#13291=CARTESIAN_POINT('',(-197.340396979265,104.8565241587,-12.0190635782946));
#13292=CARTESIAN_POINT('',(-197.340396979265,104.8565241587,-15.5190635782946));
#13293=CARTESIAN_POINT('',(-197.340396979265,65.906524158699,-12.0190635782946));
#13294=CARTESIAN_POINT('',(-197.340396979265,65.906524158699,-15.5190635782946));
#13295=CARTESIAN_POINT('',(-197.340396979265,104.8565241587,-12.0190635782946));
#13296=CARTESIAN_POINT('',(70.7021030207504,68.956524158699,-18.5690635782978));
#13297=CARTESIAN_POINT('',(70.7021030207504,68.956524158699,-20.2690635782978));
#13298=CARTESIAN_POINT('',(70.7021030207504,65.906524158699,-32.5690635782979));
#13299=CARTESIAN_POINT('',(70.7021030207504,90.856524158699,-18.5690635782978));
#13300=CARTESIAN_POINT('',(70.7021030207504,90.856524158699,-20.2690635782978));
#13301=CARTESIAN_POINT('',(70.7021030207504,65.906524158699,-32.5690635782979));
#13302=CARTESIAN_POINT('',(70.7021030207504,79.906524158699,-18.5690635782978));
#13303=CARTESIAN_POINT('',(70.7021030207504,79.906524158699,-20.2690635782978));
#13304=CARTESIAN_POINT('',(70.7021030207504,65.906524158699,-32.5690635782979));
#13305=CARTESIAN_POINT('',(70.7021030207504,79.9065241586991,-29.5190635782979));
#13306=CARTESIAN_POINT('',(70.7021030207504,79.9065241586991,-31.2190635782979));
#13307=CARTESIAN_POINT('',(70.7021030207504,65.906524158699,-32.5690635782979));
#13308=CARTESIAN_POINT('',(70.7021030207504,101.806524158699,-18.5690635782978));
#13309=CARTESIAN_POINT('',(70.7021030207504,101.806524158699,-20.2690635782978));
#13310=CARTESIAN_POINT('',(70.7021030207504,65.906524158699,-32.5690635782979));
#13311=CARTESIAN_POINT('',(70.7021030207504,90.856524158699,-29.5190635782979));
#13312=CARTESIAN_POINT('',(70.7021030207504,90.856524158699,-31.2190635782979));
#13313=CARTESIAN_POINT('',(70.7021030207504,65.906524158699,-32.5690635782979));
#13314=CARTESIAN_POINT('',(70.7021030207504,101.806524158699,-29.5190635782979));
#13315=CARTESIAN_POINT('',(70.7021030207504,101.806524158699,-31.2190635782979));
#13316=CARTESIAN_POINT('',(70.7021030207504,65.906524158699,-32.5690635782979));
#13317=CARTESIAN_POINT('',(70.7021030207504,68.9565241586991,-29.5190635782979));
#13318=CARTESIAN_POINT('',(70.7021030207504,68.9565241586991,-31.2190635782979));
#13319=CARTESIAN_POINT('',(70.7021030207504,65.906524158699,-32.5690635782979));
#13320=CARTESIAN_POINT('',(80.3021030207504,68.956524158699,-18.5690635782978));
#13321=CARTESIAN_POINT('',(80.3021030207504,68.956524158699,-20.2690635782976));
#13322=CARTESIAN_POINT('',(80.3021030207504,68.956524158699,-18.5690635782978));
#13323=CARTESIAN_POINT('',(86.0021030207504,68.956524158699,-18.5690635782978));
#13324=CARTESIAN_POINT('',(80.3021030207504,90.856524158699,-18.5690635782978));
#13325=CARTESIAN_POINT('',(80.3021030207504,90.856524158699,-20.2690635782976));
#13326=CARTESIAN_POINT('',(80.3021030207504,90.856524158699,-18.5690635782978));
#13327=CARTESIAN_POINT('',(86.0021030207504,90.856524158699,-18.5690635782978));
#13328=CARTESIAN_POINT('',(80.3021030207504,79.906524158699,-18.5690635782978));
#13329=CARTESIAN_POINT('',(80.3021030207504,79.906524158699,-20.2690635782976));
#13330=CARTESIAN_POINT('',(80.3021030207504,79.906524158699,-18.5690635782978));
#13331=CARTESIAN_POINT('',(86.0021030207504,79.906524158699,-18.5690635782978));
#13332=CARTESIAN_POINT('',(80.3021030207504,79.9065241586991,-29.5190635782979));
#13333=CARTESIAN_POINT('',(80.3021030207504,79.9065241586991,-31.2190635782977));
#13334=CARTESIAN_POINT('',(80.3021030207504,79.9065241586991,-29.5190635782979));
#13335=CARTESIAN_POINT('',(86.0021030207504,79.9065241586991,-29.5190635782979));
#13336=CARTESIAN_POINT('',(80.3021030207504,101.806524158699,-18.5690635782978));
#13337=CARTESIAN_POINT('',(80.3021030207504,101.806524158699,-20.2690635782976));
#13338=CARTESIAN_POINT('',(80.3021030207504,101.806524158699,-18.5690635782978));
#13339=CARTESIAN_POINT('',(86.0021030207504,101.806524158699,-18.5690635782978));
#13340=CARTESIAN_POINT('',(80.3021030207504,90.856524158699,-29.5190635782979));
#13341=CARTESIAN_POINT('',(80.3021030207504,90.856524158699,-31.2190635782977));
#13342=CARTESIAN_POINT('',(80.3021030207504,90.856524158699,-29.5190635782979));
#13343=CARTESIAN_POINT('',(86.0021030207504,90.856524158699,-29.5190635782979));
#13344=CARTESIAN_POINT('',(80.3021030207504,101.806524158699,-29.5190635782979));
#13345=CARTESIAN_POINT('',(80.3021030207504,101.806524158699,-31.2190635782977));
#13346=CARTESIAN_POINT('',(80.3021030207504,101.806524158699,-29.5190635782979));
#13347=CARTESIAN_POINT('',(86.0021030207504,101.806524158699,-29.5190635782979));
#13348=CARTESIAN_POINT('',(80.3021030207504,68.9565241586991,-29.5190635782979));
#13349=CARTESIAN_POINT('',(80.3021030207504,68.9565241586991,-31.2190635782977));
#13350=CARTESIAN_POINT('',(80.3021030207504,68.9565241586991,-29.5190635782979));
#13351=CARTESIAN_POINT('',(86.0021030207504,68.9565241586991,-29.5190635782979));
#13352=MECHANICAL_DESIGN_GEOMETRIC_PRESENTATION_REPRESENTATION('',(#24),
#13353);
#13353=(
GEOMETRIC_REPRESENTATION_CONTEXT(3)
GLOBAL_UNCERTAINTY_ASSIGNED_CONTEXT((#13354))
GLOBAL_UNIT_ASSIGNED_CONTEXT((#13360,#13356,#13355))
REPRESENTATION_CONTEXT('2203670003-cmpdm000_01',
'TOP_LEVEL_ASSEMBLY_PART')
);
#13354=UNCERTAINTY_MEASURE_WITH_UNIT(LENGTH_MEASURE(0.0508),#13360,
'DISTANCE_ACCURACY_VALUE','Maximum Tolerance applied to model');
#13355=(
NAMED_UNIT(*)
SI_UNIT($,.STERADIAN.)
SOLID_ANGLE_UNIT()
);
#13356=(
CONVERSION_BASED_UNIT('DEGREE',#13358)
NAMED_UNIT(#13357)
PLANE_ANGLE_UNIT()
);
#13357=DIMENSIONAL_EXPONENTS(0.,0.,0.,0.,0.,0.,0.);
#13358=PLANE_ANGLE_MEASURE_WITH_UNIT(PLANE_ANGLE_MEASURE(0.0174532925),
#13359);
#13359=(
NAMED_UNIT(*)
PLANE_ANGLE_UNIT()
SI_UNIT($,.RADIAN.)
);
#13360=(
LENGTH_UNIT()
NAMED_UNIT(*)
SI_UNIT(.MILLI.,.METRE.)
);
ENDSEC;
END-ISO-10303-21;
