ISO-10303-21;
HEADER;
FILE_DESCRIPTION((''),'2;1');
FILE_NAME('O19V2_SE_BRKT_CAGE_MNFLD_LH_ASM','2022-06-21T09:04:33',(
'Roy.Grantham'),(''),'CREO PARAMETRIC BY PTC INC, 2020342',
'CREO PARAMETRIC BY PTC INC, 2020342','');
FILE_SCHEMA(('CONFIG_CONTROL_DESIGN','SHAPE_APPEARANCE_LAYERS_GROUPS'));
ENDSEC;
DATA;
#1551=CARTESIAN_POINT('',(9.E0,2.25E1,0.E0));
#1552=DIRECTION('',(0.E0,0.E0,1.E0));
#1553=DIRECTION('',(-1.E0,0.E0,0.E0));
#1554=AXIS2_PLACEMENT_3D('',#1551,#1552,#1553);
#1556=DRAUGHTING_PRE_DEFINED_CURVE_FONT('continuous');
#1557=CURVE_STYLE('',#1556,POSITIVE_LENGTH_MEASURE(2.E-2),#1549);
#1558=PRESENTATION_STYLE_ASSIGNMENT((#1557));
#1559=STYLED_ITEM('',(#1558),#1555);
#1560=CARTESIAN_POINT('',(9.E0,2.25E1,0.E0));
#1561=DIRECTION('',(0.E0,0.E0,1.E0));
#1562=DIRECTION('',(1.E0,0.E0,0.E0));
#1563=AXIS2_PLACEMENT_3D('',#1560,#1561,#1562);
#1565=CURVE_STYLE('',#1556,POSITIVE_LENGTH_MEASURE(2.E-2),#1549);
#1566=PRESENTATION_STYLE_ASSIGNMENT((#1565));
#1567=STYLED_ITEM('',(#1566),#1564);
#1568=CARTESIAN_POINT('',(9.E0,-2.25E1,0.E0));
#1569=DIRECTION('',(0.E0,0.E0,1.E0));
#1570=DIRECTION('',(-1.E0,0.E0,0.E0));
#1571=AXIS2_PLACEMENT_3D('',#1568,#1569,#1570);
#1573=CURVE_STYLE('',#1556,POSITIVE_LENGTH_MEASURE(2.E-2),#1549);
#1574=PRESENTATION_STYLE_ASSIGNMENT((#1573));
#1575=STYLED_ITEM('',(#1574),#1572);
#1576=CARTESIAN_POINT('',(9.E0,-2.25E1,0.E0));
#1577=DIRECTION('',(0.E0,0.E0,1.E0));
#1578=DIRECTION('',(1.E0,0.E0,0.E0));
#1579=AXIS2_PLACEMENT_3D('',#1576,#1577,#1578);
#1581=CURVE_STYLE('',#1556,POSITIVE_LENGTH_MEASURE(2.E-2),#1549);
#1582=PRESENTATION_STYLE_ASSIGNMENT((#1581));
#1583=STYLED_ITEM('',(#1582),#1580);
#1584=CARTESIAN_POINT('',(1.25E1,-2.8E1,0.E0));
#1585=DIRECTION('',(0.E0,0.E0,-1.E0));
#1586=DIRECTION('',(1.E0,0.E0,0.E0));
#1587=AXIS2_PLACEMENT_3D('',#1584,#1585,#1586);
#1589=CURVE_STYLE('',#1556,POSITIVE_LENGTH_MEASURE(2.E-2),#1549);
#1590=PRESENTATION_STYLE_ASSIGNMENT((#1589));
#1591=STYLED_ITEM('',(#1590),#1588);
#1592=DIRECTION('',(1.E0,0.E0,0.E0));
#1593=VECTOR('',#1592,1.05E1);
#1594=CARTESIAN_POINT('',(2.E0,-3.E1,0.E0));
#1595=LINE('',#1594,#1593);
#1596=CURVE_STYLE('',#1556,POSITIVE_LENGTH_MEASURE(2.E-2),#1549);
#1597=PRESENTATION_STYLE_ASSIGNMENT((#1596));
#1598=STYLED_ITEM('',(#1597),#1595);
#1599=DIRECTION('',(0.E0,1.E0,0.E0));
#1600=VECTOR('',#1599,3.E0);
#1601=CARTESIAN_POINT('',(2.E0,-3.E1,0.E0));
#1602=LINE('',#1601,#1600);
#1603=CURVE_STYLE('',#1556,POSITIVE_LENGTH_MEASURE(2.E-2),#1549);
#1604=PRESENTATION_STYLE_ASSIGNMENT((#1603));
#1605=STYLED_ITEM('',(#1604),#1602);
#1606=DIRECTION('',(0.E0,-1.E0,0.E0));
#1607=VECTOR('',#1606,2.E0);
#1608=CARTESIAN_POINT('',(2.E0,3.E1,0.E0));
#1609=LINE('',#1608,#1607);
#1610=CURVE_STYLE('',#1556,POSITIVE_LENGTH_MEASURE(2.E-2),#1549);
#1611=PRESENTATION_STYLE_ASSIGNMENT((#1610));
#1612=STYLED_ITEM('',(#1611),#1609);
#1613=DIRECTION('',(-1.E0,0.E0,0.E0));
#1614=VECTOR('',#1613,1.05E1);
#1615=CARTESIAN_POINT('',(1.25E1,3.E1,0.E0));
#1616=LINE('',#1615,#1614);
#1617=CURVE_STYLE('',#1556,POSITIVE_LENGTH_MEASURE(2.E-2),#1549);
#1618=PRESENTATION_STYLE_ASSIGNMENT((#1617));
#1619=STYLED_ITEM('',(#1618),#1616);
#1620=CARTESIAN_POINT('',(1.25E1,2.8E1,1.421085471520E-14));
#1621=DIRECTION('',(0.E0,0.E0,-1.E0));
#1622=DIRECTION('',(0.E0,1.E0,0.E0));
#1623=AXIS2_PLACEMENT_3D('',#1620,#1621,#1622);
#1625=CURVE_STYLE('',#1556,POSITIVE_LENGTH_MEASURE(2.E-2),#1549);
#1626=PRESENTATION_STYLE_ASSIGNMENT((#1625));
#1627=STYLED_ITEM('',(#1626),#1624);
#1628=DIRECTION('',(0.E0,1.E0,0.E0));
#1629=VECTOR('',#1628,2.05E1);
#1630=CARTESIAN_POINT('',(1.45E1,7.5E0,0.E0));
#1631=LINE('',#1630,#1629);
#1632=CURVE_STYLE('',#1556,POSITIVE_LENGTH_MEASURE(2.E-2),#1549);
#1633=PRESENTATION_STYLE_ASSIGNMENT((#1632));
#1634=STYLED_ITEM('',(#1633),#1631);
#1635=CARTESIAN_POINT('',(1.25E1,7.5E0,-1.421085471520E-14));
#1636=DIRECTION('',(0.E0,0.E0,-1.E0));
#1637=DIRECTION('',(1.E0,0.E0,0.E0));
#1638=AXIS2_PLACEMENT_3D('',#1635,#1636,#1637);
#1640=CURVE_STYLE('',#1556,POSITIVE_LENGTH_MEASURE(2.E-2),#1549);
#1641=PRESENTATION_STYLE_ASSIGNMENT((#1640));
#1642=STYLED_ITEM('',(#1641),#1639);
#1643=DIRECTION('',(0.E0,1.E0,0.E0));
#1644=VECTOR('',#1643,1.5E0);
#1645=CARTESIAN_POINT('',(1.25E1,4.E0,0.E0));
#1646=LINE('',#1645,#1644);
#1647=CURVE_STYLE('',#1556,POSITIVE_LENGTH_MEASURE(2.E-2),#1549);
#1648=PRESENTATION_STYLE_ASSIGNMENT((#1647));
#1649=STYLED_ITEM('',(#1648),#1646);
#1650=CARTESIAN_POINT('',(1.25E1,-7.5E0,0.E0));
#1651=DIRECTION('',(0.E0,0.E0,-1.E0));
#1652=DIRECTION('',(0.E0,1.E0,0.E0));
#1653=AXIS2_PLACEMENT_3D('',#1650,#1651,#1652);
#1655=CURVE_STYLE('',#1556,POSITIVE_LENGTH_MEASURE(2.E-2),#1549);
#1656=PRESENTATION_STYLE_ASSIGNMENT((#1655));
#1657=STYLED_ITEM('',(#1656),#1654);
#1658=DIRECTION('',(0.E0,1.E0,0.E0));
#1659=VECTOR('',#1658,2.05E1);
#1660=CARTESIAN_POINT('',(1.45E1,-2.8E1,0.E0));
#1661=LINE('',#1660,#1659);
#1662=CURVE_STYLE('',#1556,POSITIVE_LENGTH_MEASURE(2.E-2),#1549);
#1663=PRESENTATION_STYLE_ASSIGNMENT((#1662));
#1664=STYLED_ITEM('',(#1663),#1661);
#1665=DIRECTION('',(0.E0,0.E0,-1.E0));
#1666=VECTOR('',#1665,1.5E0);
#1667=CARTESIAN_POINT('',(1.2175E1,2.25E1,0.E0));
#1668=LINE('',#1667,#1666);
#1669=CURVE_STYLE('',#1556,POSITIVE_LENGTH_MEASURE(2.E-2),#1549);
#1670=PRESENTATION_STYLE_ASSIGNMENT((#1669));
#1671=STYLED_ITEM('',(#1670),#1668);
#1672=DIRECTION('',(0.E0,0.E0,-1.E0));
#1673=VECTOR('',#1672,1.5E0);
#1674=CARTESIAN_POINT('',(5.825E0,2.25E1,0.E0));
#1675=LINE('',#1674,#1673);
#1676=CURVE_STYLE('',#1556,POSITIVE_LENGTH_MEASURE(2.E-2),#1549);
#1677=PRESENTATION_STYLE_ASSIGNMENT((#1676));
#1678=STYLED_ITEM('',(#1677),#1675);
#1679=CARTESIAN_POINT('',(9.E0,-2.25E1,-1.5E0));
#1680=DIRECTION('',(0.E0,0.E0,1.E0));
#1681=DIRECTION('',(-1.E0,0.E0,0.E0));
#1682=AXIS2_PLACEMENT_3D('',#1679,#1680,#1681);
#1684=CURVE_STYLE('',#1556,POSITIVE_LENGTH_MEASURE(2.E-2),#1549);
#1685=PRESENTATION_STYLE_ASSIGNMENT((#1684));
#1686=STYLED_ITEM('',(#1685),#1683);
#1687=CARTESIAN_POINT('',(9.E0,-2.25E1,-1.5E0));
#1688=DIRECTION('',(0.E0,0.E0,1.E0));
#1689=DIRECTION('',(1.E0,0.E0,0.E0));
#1690=AXIS2_PLACEMENT_3D('',#1687,#1688,#1689);
#1692=CURVE_STYLE('',#1556,POSITIVE_LENGTH_MEASURE(2.E-2),#1549);
#1693=PRESENTATION_STYLE_ASSIGNMENT((#1692));
#1694=STYLED_ITEM('',(#1693),#1691);
#1695=CARTESIAN_POINT('',(9.E0,2.25E1,-1.5E0));
#1696=DIRECTION('',(0.E0,0.E0,1.E0));
#1697=DIRECTION('',(-1.E0,0.E0,0.E0));
#1698=AXIS2_PLACEMENT_3D('',#1695,#1696,#1697);
#1700=CURVE_STYLE('',#1556,POSITIVE_LENGTH_MEASURE(2.E-2),#1549);
#1701=PRESENTATION_STYLE_ASSIGNMENT((#1700));
#1702=STYLED_ITEM('',(#1701),#1699);
#1703=CARTESIAN_POINT('',(9.E0,2.25E1,-1.5E0));
#1704=DIRECTION('',(0.E0,0.E0,1.E0));
#1705=DIRECTION('',(1.E0,0.E0,0.E0));
#1706=AXIS2_PLACEMENT_3D('',#1703,#1704,#1705);
#1708=CURVE_STYLE('',#1556,POSITIVE_LENGTH_MEASURE(2.E-2),#1549);
#1709=PRESENTATION_STYLE_ASSIGNMENT((#1708));
#1710=STYLED_ITEM('',(#1709),#1707);
#1711=CARTESIAN_POINT('',(1.25E1,-2.8E1,-1.5E0));
#1712=DIRECTION('',(0.E0,0.E0,1.E0));
#1713=DIRECTION('',(0.E0,-1.E0,0.E0));
#1714=AXIS2_PLACEMENT_3D('',#1711,#1712,#1713);
#1716=CURVE_STYLE('',#1556,POSITIVE_LENGTH_MEASURE(2.E-2),#1549);
#1717=PRESENTATION_STYLE_ASSIGNMENT((#1716));
#1718=STYLED_ITEM('',(#1717),#1715);
#1719=DIRECTION('',(0.E0,1.E0,0.E0));
#1720=VECTOR('',#1719,2.05E1);
#1721=CARTESIAN_POINT('',(1.45E1,-2.8E1,-1.5E0));
#1722=LINE('',#1721,#1720);
#1723=CURVE_STYLE('',#1556,POSITIVE_LENGTH_MEASURE(2.E-2),#1549);
#1724=PRESENTATION_STYLE_ASSIGNMENT((#1723));
#1725=STYLED_ITEM('',(#1724),#1722);
#1726=CARTESIAN_POINT('',(1.25E1,-7.5E0,-1.5E0));
#1727=DIRECTION('',(0.E0,0.E0,1.E0));
#1728=DIRECTION('',(1.E0,0.E0,0.E0));
#1729=AXIS2_PLACEMENT_3D('',#1726,#1727,#1728);
#1731=CURVE_STYLE('',#1556,POSITIVE_LENGTH_MEASURE(2.E-2),#1549);
#1732=PRESENTATION_STYLE_ASSIGNMENT((#1731));
#1733=STYLED_ITEM('',(#1732),#1730);
#1734=DIRECTION('',(0.E0,1.E0,0.E0));
#1735=VECTOR('',#1734,1.5E0);
#1736=CARTESIAN_POINT('',(1.25E1,4.E0,-1.5E0));
#1737=LINE('',#1736,#1735);
#1738=CURVE_STYLE('',#1556,POSITIVE_LENGTH_MEASURE(2.E-2),#1549);
#1739=PRESENTATION_STYLE_ASSIGNMENT((#1738));
#1740=STYLED_ITEM('',(#1739),#1737);
#1741=CARTESIAN_POINT('',(1.25E1,7.5E0,-1.5E0));
#1742=DIRECTION('',(0.E0,0.E0,1.E0));
#1743=DIRECTION('',(0.E0,-1.E0,0.E0));
#1744=AXIS2_PLACEMENT_3D('',#1741,#1742,#1743);
#1746=CURVE_STYLE('',#1556,POSITIVE_LENGTH_MEASURE(2.E-2),#1549);
#1747=PRESENTATION_STYLE_ASSIGNMENT((#1746));
#1748=STYLED_ITEM('',(#1747),#1745);
#1749=DIRECTION('',(0.E0,1.E0,0.E0));
#1750=VECTOR('',#1749,2.05E1);
#1751=CARTESIAN_POINT('',(1.45E1,7.5E0,-1.5E0));
#1752=LINE('',#1751,#1750);
#1753=CURVE_STYLE('',#1556,POSITIVE_LENGTH_MEASURE(2.E-2),#1549);
#1754=PRESENTATION_STYLE_ASSIGNMENT((#1753));
#1755=STYLED_ITEM('',(#1754),#1752);
#1756=CARTESIAN_POINT('',(1.25E1,2.8E1,-1.5E0));
#1757=DIRECTION('',(0.E0,0.E0,1.E0));
#1758=DIRECTION('',(1.E0,0.E0,0.E0));
#1759=AXIS2_PLACEMENT_3D('',#1756,#1757,#1758);
#1761=CURVE_STYLE('',#1556,POSITIVE_LENGTH_MEASURE(2.E-2),#1549);
#1762=PRESENTATION_STYLE_ASSIGNMENT((#1761));
#1763=STYLED_ITEM('',(#1762),#1760);
#1764=DIRECTION('',(-1.E0,0.E0,0.E0));
#1765=VECTOR('',#1764,1.05E1);
#1766=CARTESIAN_POINT('',(1.25E1,3.E1,-1.5E0));
#1767=LINE('',#1766,#1765);
#1768=CURVE_STYLE('',#1556,POSITIVE_LENGTH_MEASURE(2.E-2),#1549);
#1769=PRESENTATION_STYLE_ASSIGNMENT((#1768));
#1770=STYLED_ITEM('',(#1769),#1767);
#1771=DIRECTION('',(0.E0,-1.E0,0.E0));
#1772=VECTOR('',#1771,2.E0);
#1773=CARTESIAN_POINT('',(2.E0,3.E1,-1.5E0));
#1774=LINE('',#1773,#1772);
#1775=CURVE_STYLE('',#1556,POSITIVE_LENGTH_MEASURE(2.E-2),#1549);
#1776=PRESENTATION_STYLE_ASSIGNMENT((#1775));
#1777=STYLED_ITEM('',(#1776),#1774);
#1778=DIRECTION('',(0.E0,1.E0,0.E0));
#1779=VECTOR('',#1778,3.E0);
#1780=CARTESIAN_POINT('',(2.E0,-3.E1,-1.5E0));
#1781=LINE('',#1780,#1779);
#1782=CURVE_STYLE('',#1556,POSITIVE_LENGTH_MEASURE(2.E-2),#1549);
#1783=PRESENTATION_STYLE_ASSIGNMENT((#1782));
#1784=STYLED_ITEM('',(#1783),#1781);
#1785=DIRECTION('',(1.E0,0.E0,0.E0));
#1786=VECTOR('',#1785,1.05E1);
#1787=CARTESIAN_POINT('',(2.E0,-3.E1,-1.5E0));
#1788=LINE('',#1787,#1786);
#1789=CURVE_STYLE('',#1556,POSITIVE_LENGTH_MEASURE(2.E-2),#1549);
#1790=PRESENTATION_STYLE_ASSIGNMENT((#1789));
#1791=STYLED_ITEM('',(#1790),#1788);
#1792=DIRECTION('',(0.E0,0.E0,-1.E0));
#1793=VECTOR('',#1792,1.5E0);
#1794=CARTESIAN_POINT('',(1.2175E1,-2.25E1,0.E0));
#1795=LINE('',#1794,#1793);
#1796=CURVE_STYLE('',#1556,POSITIVE_LENGTH_MEASURE(2.E-2),#1549);
#1797=PRESENTATION_STYLE_ASSIGNMENT((#1796));
#1798=STYLED_ITEM('',(#1797),#1795);
#1799=DIRECTION('',(0.E0,0.E0,-1.E0));
#1800=VECTOR('',#1799,1.5E0);
#1801=CARTESIAN_POINT('',(5.825E0,-2.25E1,0.E0));
#1802=LINE('',#1801,#1800);
#1803=CURVE_STYLE('',#1556,POSITIVE_LENGTH_MEASURE(2.E-2),#1549);
#1804=PRESENTATION_STYLE_ASSIGNMENT((#1803));
#1805=STYLED_ITEM('',(#1804),#1802);
#1806=DIRECTION('',(0.E0,0.E0,1.E0));
#1807=VECTOR('',#1806,1.5E0);
#1808=CARTESIAN_POINT('',(1.45E1,-2.8E1,-1.5E0));
#1809=LINE('',#1808,#1807);
#1810=CURVE_STYLE('',#1556,POSITIVE_LENGTH_MEASURE(2.E-2),#1549);
#1811=PRESENTATION_STYLE_ASSIGNMENT((#1810));
#1812=STYLED_ITEM('',(#1811),#1809);
#1813=DIRECTION('',(0.E0,0.E0,-1.E0));
#1814=VECTOR('',#1813,1.5E0);
#1815=CARTESIAN_POINT('',(1.45E1,-7.5E0,0.E0));
#1816=LINE('',#1815,#1814);
#1817=CURVE_STYLE('',#1556,POSITIVE_LENGTH_MEASURE(2.E-2),#1549);
#1818=PRESENTATION_STYLE_ASSIGNMENT((#1817));
#1819=STYLED_ITEM('',(#1818),#1816);
#1820=DIRECTION('',(0.E0,0.E0,1.E0));
#1821=VECTOR('',#1820,1.5E0);
#1822=CARTESIAN_POINT('',(1.45E1,2.8E1,-1.5E0));
#1823=LINE('',#1822,#1821);
#1824=CURVE_STYLE('',#1556,POSITIVE_LENGTH_MEASURE(2.E-2),#1549);
#1825=PRESENTATION_STYLE_ASSIGNMENT((#1824));
#1826=STYLED_ITEM('',(#1825),#1823);
#1827=DIRECTION('',(0.E0,0.E0,1.E0));
#1828=VECTOR('',#1827,1.5E0);
#1829=CARTESIAN_POINT('',(1.45E1,7.5E0,-1.5E0));
#1830=LINE('',#1829,#1828);
#1831=CURVE_STYLE('',#1556,POSITIVE_LENGTH_MEASURE(2.E-2),#1549);
#1832=PRESENTATION_STYLE_ASSIGNMENT((#1831));
#1833=STYLED_ITEM('',(#1832),#1830);
#1834=DIRECTION('',(0.E0,0.E0,-1.E0));
#1835=VECTOR('',#1834,1.5E0);
#1836=CARTESIAN_POINT('',(1.25E1,-5.5E0,0.E0));
#1837=LINE('',#1836,#1835);
#1838=CURVE_STYLE('',#1556,POSITIVE_LENGTH_MEASURE(2.E-2),#1549);
#1839=PRESENTATION_STYLE_ASSIGNMENT((#1838));
#1840=STYLED_ITEM('',(#1839),#1837);
#1841=DIRECTION('',(0.E0,-1.E0,0.E0));
#1842=VECTOR('',#1841,4.5E0);
#1843=CARTESIAN_POINT('',(1.25E1,-1.E0,0.E0));
#1844=LINE('',#1843,#1842);
#1845=CURVE_STYLE('',#1556,POSITIVE_LENGTH_MEASURE(2.E-2),#1549);
#1846=PRESENTATION_STYLE_ASSIGNMENT((#1845));
#1847=STYLED_ITEM('',(#1846),#1844);
#1848=DIRECTION('',(0.E0,1.E0,0.E0));
#1849=VECTOR('',#1848,4.5E0);
#1850=CARTESIAN_POINT('',(1.25E1,-5.5E0,-1.5E0));
#1851=LINE('',#1850,#1849);
#1852=CURVE_STYLE('',#1556,POSITIVE_LENGTH_MEASURE(2.E-2),#1549);
#1853=PRESENTATION_STYLE_ASSIGNMENT((#1852));
#1854=STYLED_ITEM('',(#1853),#1851);
#1855=DIRECTION('',(0.E0,0.E0,-1.E0));
#1856=VECTOR('',#1855,1.5E0);
#1857=CARTESIAN_POINT('',(1.25E1,-1.E0,0.E0));
#1858=LINE('',#1857,#1856);
#1859=CURVE_STYLE('',#1556,POSITIVE_LENGTH_MEASURE(2.E-2),#1549);
#1860=PRESENTATION_STYLE_ASSIGNMENT((#1859));
#1861=STYLED_ITEM('',(#1860),#1858);
#1862=CARTESIAN_POINT('',(1.25E1,-1.E0,5.E-1));
#1863=DIRECTION('',(0.E0,1.E0,0.E0));
#1864=DIRECTION('',(1.E0,0.E0,0.E0));
#1865=AXIS2_PLACEMENT_3D('',#1862,#1863,#1864);
#1867=CURVE_STYLE('',#1556,POSITIVE_LENGTH_MEASURE(2.E-2),#1549);
#1868=PRESENTATION_STYLE_ASSIGNMENT((#1867));
#1869=STYLED_ITEM('',(#1868),#1866);
#1870=DIRECTION('',(0.E0,-1.E0,0.E0));
#1871=VECTOR('',#1870,5.E0);
#1872=CARTESIAN_POINT('',(1.25E1,4.E0,0.E0));
#1873=LINE('',#1872,#1871);
#1874=CURVE_STYLE('',#1556,POSITIVE_LENGTH_MEASURE(2.E-2),#1549);
#1875=PRESENTATION_STYLE_ASSIGNMENT((#1874));
#1876=STYLED_ITEM('',(#1875),#1873);
#1877=CARTESIAN_POINT('',(1.25E1,4.E0,5.E-1));
#1878=DIRECTION('',(0.E0,-1.E0,0.E0));
#1879=DIRECTION('',(0.E0,0.E0,-1.E0));
#1880=AXIS2_PLACEMENT_3D('',#1877,#1878,#1879);
#1882=CURVE_STYLE('',#1556,POSITIVE_LENGTH_MEASURE(2.E-2),#1549);
#1883=PRESENTATION_STYLE_ASSIGNMENT((#1882));
#1884=STYLED_ITEM('',(#1883),#1881);
#1885=DIRECTION('',(0.E0,-1.E0,0.E0));
#1886=VECTOR('',#1885,5.E0);
#1887=CARTESIAN_POINT('',(1.3E1,4.E0,5.E-1));
#1888=LINE('',#1887,#1886);
#1889=CURVE_STYLE('',#1556,POSITIVE_LENGTH_MEASURE(2.E-2),#1549);
#1890=PRESENTATION_STYLE_ASSIGNMENT((#1889));
#1891=STYLED_ITEM('',(#1890),#1888);
#1892=DIRECTION('',(0.E0,0.E0,1.E0));
#1893=VECTOR('',#1892,1.5E0);
#1894=CARTESIAN_POINT('',(1.25E1,4.E0,-1.5E0));
#1895=LINE('',#1894,#1893);
#1896=CURVE_STYLE('',#1556,POSITIVE_LENGTH_MEASURE(2.E-2),#1549);
#1897=PRESENTATION_STYLE_ASSIGNMENT((#1896));
#1898=STYLED_ITEM('',(#1897),#1895);
#1899=DIRECTION('',(0.E0,0.E0,1.E0));
#1900=VECTOR('',#1899,1.5E0);
#1901=CARTESIAN_POINT('',(1.25E1,5.5E0,-1.5E0));
#1902=LINE('',#1901,#1900);
#1903=CURVE_STYLE('',#1556,POSITIVE_LENGTH_MEASURE(2.E-2),#1549);
#1904=PRESENTATION_STYLE_ASSIGNMENT((#1903));
#1905=STYLED_ITEM('',(#1904),#1902);
#1906=CARTESIAN_POINT('',(1.25E1,-1.E0,5.E-1));
#1907=DIRECTION('',(0.E0,1.E0,0.E0));
#1908=DIRECTION('',(1.E0,0.E0,0.E0));
#1909=AXIS2_PLACEMENT_3D('',#1906,#1907,#1908);
#1911=CURVE_STYLE('',#1556,POSITIVE_LENGTH_MEASURE(2.E-2),#1549);
#1912=PRESENTATION_STYLE_ASSIGNMENT((#1911));
#1913=STYLED_ITEM('',(#1912),#1910);
#1914=DIRECTION('',(0.E0,-1.E0,0.E0));
#1915=VECTOR('',#1914,5.E0);
#1916=CARTESIAN_POINT('',(1.45E1,4.E0,5.E-1));
#1917=LINE('',#1916,#1915);
#1918=CURVE_STYLE('',#1556,POSITIVE_LENGTH_MEASURE(2.E-2),#1549);
#1919=PRESENTATION_STYLE_ASSIGNMENT((#1918));
#1920=STYLED_ITEM('',(#1919),#1917);
#1921=CARTESIAN_POINT('',(1.25E1,4.E0,5.E-1));
#1922=DIRECTION('',(0.E0,-1.E0,0.E0));
#1923=DIRECTION('',(0.E0,0.E0,-1.E0));
#1924=AXIS2_PLACEMENT_3D('',#1921,#1922,#1923);
#1926=CURVE_STYLE('',#1556,POSITIVE_LENGTH_MEASURE(2.E-2),#1549);
#1927=PRESENTATION_STYLE_ASSIGNMENT((#1926));
#1928=STYLED_ITEM('',(#1927),#1925);
#1929=DIRECTION('',(0.E0,-1.E0,0.E0));
#1930=VECTOR('',#1929,5.E0);
#1931=CARTESIAN_POINT('',(1.25E1,4.E0,-1.5E0));
#1932=LINE('',#1931,#1930);
#1933=CURVE_STYLE('',#1556,POSITIVE_LENGTH_MEASURE(2.E-2),#1549);
#1934=PRESENTATION_STYLE_ASSIGNMENT((#1933));
#1935=STYLED_ITEM('',(#1934),#1932);
#1936=CARTESIAN_POINT('',(1.45E1,2.E0,2.E0));
#1937=DIRECTION('',(-1.E0,0.E0,0.E0));
#1938=DIRECTION('',(0.E0,0.E0,1.E0));
#1939=AXIS2_PLACEMENT_3D('',#1936,#1937,#1938);
#1941=CURVE_STYLE('',#1556,POSITIVE_LENGTH_MEASURE(2.E-2),#1549);
#1942=PRESENTATION_STYLE_ASSIGNMENT((#1941));
#1943=STYLED_ITEM('',(#1942),#1940);
#1944=DIRECTION('',(0.E0,0.E0,-1.E0));
#1945=VECTOR('',#1944,1.5E0);
#1946=CARTESIAN_POINT('',(1.45E1,4.E0,2.E0));
#1947=LINE('',#1946,#1945);
#1948=CURVE_STYLE('',#1556,POSITIVE_LENGTH_MEASURE(2.E-2),#1549);
#1949=PRESENTATION_STYLE_ASSIGNMENT((#1948));
#1950=STYLED_ITEM('',(#1949),#1947);
#1951=DIRECTION('',(0.E0,0.E0,1.E0));
#1952=VECTOR('',#1951,1.E0);
#1953=CARTESIAN_POINT('',(1.45E1,-1.E0,5.E-1));
#1954=LINE('',#1953,#1952);
#1955=CURVE_STYLE('',#1556,POSITIVE_LENGTH_MEASURE(2.E-2),#1549);
#1956=PRESENTATION_STYLE_ASSIGNMENT((#1955));
#1957=STYLED_ITEM('',(#1956),#1954);
#1958=DIRECTION('',(0.E0,1.E0,0.E0));
#1959=VECTOR('',#1958,2.E0);
#1960=CARTESIAN_POINT('',(1.45E1,-3.E0,1.5E0));
#1961=LINE('',#1960,#1959);
#1962=CURVE_STYLE('',#1556,POSITIVE_LENGTH_MEASURE(2.E-2),#1549);
#1963=PRESENTATION_STYLE_ASSIGNMENT((#1962));
#1964=STYLED_ITEM('',(#1963),#1961);
#1965=CARTESIAN_POINT('',(1.45E1,-3.E0,2.5E0));
#1966=DIRECTION('',(-1.E0,0.E0,0.E0));
#1967=DIRECTION('',(0.E0,0.E0,-1.E0));
#1968=AXIS2_PLACEMENT_3D('',#1965,#1966,#1967);
#1970=CURVE_STYLE('',#1556,POSITIVE_LENGTH_MEASURE(2.E-2),#1549);
#1971=PRESENTATION_STYLE_ASSIGNMENT((#1970));
#1972=STYLED_ITEM('',(#1971),#1969);
#1973=DIRECTION('',(0.E0,0.E0,1.E0));
#1974=VECTOR('',#1973,5.E-1);
#1975=CARTESIAN_POINT('',(1.45E1,-4.E0,2.5E0));
#1976=LINE('',#1975,#1974);
#1977=CURVE_STYLE('',#1556,POSITIVE_LENGTH_MEASURE(2.E-2),#1549);
#1978=PRESENTATION_STYLE_ASSIGNMENT((#1977));
#1979=STYLED_ITEM('',(#1978),#1976);
#1980=CARTESIAN_POINT('',(1.45E1,-3.E0,3.E0));
#1981=DIRECTION('',(-1.E0,0.E0,0.E0));
#1982=DIRECTION('',(0.E0,-1.E0,0.E0));
#1983=AXIS2_PLACEMENT_3D('',#1980,#1981,#1982);
#1985=CURVE_STYLE('',#1556,POSITIVE_LENGTH_MEASURE(2.E-2),#1549);
#1986=PRESENTATION_STYLE_ASSIGNMENT((#1985));
#1987=STYLED_ITEM('',(#1986),#1984);
#1988=DIRECTION('',(0.E0,1.E0,0.E0));
#1989=VECTOR('',#1988,5.E0);
#1990=CARTESIAN_POINT('',(1.45E1,-3.E0,4.E0));
#1991=LINE('',#1990,#1989);
#1992=CURVE_STYLE('',#1556,POSITIVE_LENGTH_MEASURE(2.E-2),#1549);
#1993=PRESENTATION_STYLE_ASSIGNMENT((#1992));
#1994=STYLED_ITEM('',(#1993),#1991);
#1995=DIRECTION('',(1.E0,0.E0,0.E0));
#1996=VECTOR('',#1995,1.5E0);
#1997=CARTESIAN_POINT('',(1.3E1,2.E0,4.E0));
#1998=LINE('',#1997,#1996);
#1999=CURVE_STYLE('',#1556,POSITIVE_LENGTH_MEASURE(2.E-2),#1549);
#2000=PRESENTATION_STYLE_ASSIGNMENT((#1999));
#2001=STYLED_ITEM('',(#2000),#1998);
#2002=DIRECTION('',(1.E0,0.E0,0.E0));
#2003=VECTOR('',#2002,1.5E0);
#2004=CARTESIAN_POINT('',(1.3E1,-3.E0,4.E0));
#2005=LINE('',#2004,#2003);
#2006=CURVE_STYLE('',#1556,POSITIVE_LENGTH_MEASURE(2.E-2),#1549);
#2007=PRESENTATION_STYLE_ASSIGNMENT((#2006));
#2008=STYLED_ITEM('',(#2007),#2005);
#2009=DIRECTION('',(-1.E0,0.E0,0.E0));
#2010=VECTOR('',#2009,1.5E0);
#2011=CARTESIAN_POINT('',(1.45E1,-4.E0,2.5E0));
#2012=LINE('',#2011,#2010);
#2013=CURVE_STYLE('',#1556,POSITIVE_LENGTH_MEASURE(2.E-2),#1549);
#2014=PRESENTATION_STYLE_ASSIGNMENT((#2013));
#2015=STYLED_ITEM('',(#2014),#2012);
#2016=DIRECTION('',(1.E0,0.E0,0.E0));
#2017=VECTOR('',#2016,1.5E0);
#2018=CARTESIAN_POINT('',(1.3E1,-4.E0,3.E0));
#2019=LINE('',#2018,#2017);
#2020=CURVE_STYLE('',#1556,POSITIVE_LENGTH_MEASURE(2.E-2),#1549);
#2021=PRESENTATION_STYLE_ASSIGNMENT((#2020));
#2022=STYLED_ITEM('',(#2021),#2019);
#2023=CARTESIAN_POINT('',(1.3E1,2.E0,2.E0));
#2024=DIRECTION('',(1.E0,0.E0,0.E0));
#2025=DIRECTION('',(0.E0,1.E0,0.E0));
#2026=AXIS2_PLACEMENT_3D('',#2023,#2024,#2025);
#2028=CURVE_STYLE('',#1556,POSITIVE_LENGTH_MEASURE(2.E-2),#1549);
#2029=PRESENTATION_STYLE_ASSIGNMENT((#2028));
#2030=STYLED_ITEM('',(#2029),#2027);
#2031=DIRECTION('',(0.E0,1.E0,0.E0));
#2032=VECTOR('',#2031,5.E0);
#2033=CARTESIAN_POINT('',(1.3E1,-3.E0,4.E0));
#2034=LINE('',#2033,#2032);
#2035=CURVE_STYLE('',#1556,POSITIVE_LENGTH_MEASURE(2.E-2),#1549);
#2036=PRESENTATION_STYLE_ASSIGNMENT((#2035));
#2037=STYLED_ITEM('',(#2036),#2034);
#2038=CARTESIAN_POINT('',(1.3E1,-3.E0,3.E0));
#2039=DIRECTION('',(1.E0,0.E0,0.E0));
#2040=DIRECTION('',(0.E0,0.E0,1.E0));
#2041=AXIS2_PLACEMENT_3D('',#2038,#2039,#2040);
#2043=CURVE_STYLE('',#1556,POSITIVE_LENGTH_MEASURE(2.E-2),#1549);
#2044=PRESENTATION_STYLE_ASSIGNMENT((#2043));
#2045=STYLED_ITEM('',(#2044),#2042);
#2046=DIRECTION('',(0.E0,0.E0,1.E0));
#2047=VECTOR('',#2046,5.E-1);
#2048=CARTESIAN_POINT('',(1.3E1,-4.E0,2.5E0));
#2049=LINE('',#2048,#2047);
#2050=CURVE_STYLE('',#1556,POSITIVE_LENGTH_MEASURE(2.E-2),#1549);
#2051=PRESENTATION_STYLE_ASSIGNMENT((#2050));
#2052=STYLED_ITEM('',(#2051),#2049);
#2053=CARTESIAN_POINT('',(1.3E1,-3.E0,2.5E0));
#2054=DIRECTION('',(1.E0,0.E0,0.E0));
#2055=DIRECTION('',(0.E0,-1.E0,0.E0));
#2056=AXIS2_PLACEMENT_3D('',#2053,#2054,#2055);
#2058=CURVE_STYLE('',#1556,POSITIVE_LENGTH_MEASURE(2.E-2),#1549);
#2059=PRESENTATION_STYLE_ASSIGNMENT((#2058));
#2060=STYLED_ITEM('',(#2059),#2057);
#2061=DIRECTION('',(0.E0,1.E0,0.E0));
#2062=VECTOR('',#2061,2.E0);
#2063=CARTESIAN_POINT('',(1.3E1,-3.E0,1.5E0));
#2064=LINE('',#2063,#2062);
#2065=CURVE_STYLE('',#1556,POSITIVE_LENGTH_MEASURE(2.E-2),#1549);
#2066=PRESENTATION_STYLE_ASSIGNMENT((#2065));
#2067=STYLED_ITEM('',(#2066),#2064);
#2068=DIRECTION('',(0.E0,0.E0,1.E0));
#2069=VECTOR('',#2068,1.E0);
#2070=CARTESIAN_POINT('',(1.3E1,-1.E0,5.E-1));
#2071=LINE('',#2070,#2069);
#2072=CURVE_STYLE('',#1556,POSITIVE_LENGTH_MEASURE(2.E-2),#1549);
#2073=PRESENTATION_STYLE_ASSIGNMENT((#2072));
#2074=STYLED_ITEM('',(#2073),#2071);
#2075=DIRECTION('',(0.E0,0.E0,-1.E0));
#2076=VECTOR('',#2075,1.5E0);
#2077=CARTESIAN_POINT('',(1.3E1,4.E0,2.E0));
#2078=LINE('',#2077,#2076);
#2079=CURVE_STYLE('',#1556,POSITIVE_LENGTH_MEASURE(2.E-2),#1549);
#2080=PRESENTATION_STYLE_ASSIGNMENT((#2079));
#2081=STYLED_ITEM('',(#2080),#2078);
#2082=DIRECTION('',(-1.E0,0.E0,0.E0));
#2083=VECTOR('',#2082,1.5E0);
#2084=CARTESIAN_POINT('',(1.45E1,-3.E0,1.5E0));
#2085=LINE('',#2084,#2083);
#2086=CURVE_STYLE('',#1556,POSITIVE_LENGTH_MEASURE(2.E-2),#1549);
#2087=PRESENTATION_STYLE_ASSIGNMENT((#2086));
#2088=STYLED_ITEM('',(#2087),#2085);
#2089=DIRECTION('',(1.E0,0.E0,0.E0));
#2090=VECTOR('',#2089,1.5E0);
#2091=CARTESIAN_POINT('',(1.3E1,-1.E0,1.5E0));
#2092=LINE('',#2091,#2090);
#2093=CURVE_STYLE('',#1556,POSITIVE_LENGTH_MEASURE(2.E-2),#1549);
#2094=PRESENTATION_STYLE_ASSIGNMENT((#2093));
#2095=STYLED_ITEM('',(#2094),#2092);
#2096=DIRECTION('',(1.E0,0.E0,0.E0));
#2097=VECTOR('',#2096,1.5E0);
#2098=CARTESIAN_POINT('',(1.3E1,-1.E0,5.E-1));
#2099=LINE('',#2098,#2097);
#2100=CURVE_STYLE('',#1556,POSITIVE_LENGTH_MEASURE(2.E-2),#1549);
#2101=PRESENTATION_STYLE_ASSIGNMENT((#2100));
#2102=STYLED_ITEM('',(#2101),#2099);
#2103=DIRECTION('',(1.E0,0.E0,0.E0));
#2104=VECTOR('',#2103,1.5E0);
#2105=CARTESIAN_POINT('',(1.3E1,4.E0,2.E0));
#2106=LINE('',#2105,#2104);
#2107=CURVE_STYLE('',#1556,POSITIVE_LENGTH_MEASURE(2.E-2),#1549);
#2108=PRESENTATION_STYLE_ASSIGNMENT((#2107));
#2109=STYLED_ITEM('',(#2108),#2106);
#2110=DIRECTION('',(-1.E0,0.E0,0.E0));
#2111=VECTOR('',#2110,1.5E0);
#2112=CARTESIAN_POINT('',(1.45E1,4.E0,5.E-1));
#2113=LINE('',#2112,#2111);
#2114=CURVE_STYLE('',#1556,POSITIVE_LENGTH_MEASURE(2.E-2),#1549);
#2115=PRESENTATION_STYLE_ASSIGNMENT((#2114));
#2116=STYLED_ITEM('',(#2115),#2113);
#2117=DIRECTION('',(0.E0,0.E0,1.E0));
#2118=VECTOR('',#2117,1.5E0);
#2119=CARTESIAN_POINT('',(1.25E1,3.E1,-1.5E0));
#2120=LINE('',#2119,#2118);
#2121=CURVE_STYLE('',#1556,POSITIVE_LENGTH_MEASURE(2.E-2),#1549);
#2122=PRESENTATION_STYLE_ASSIGNMENT((#2121));
#2123=STYLED_ITEM('',(#2122),#2120);
#2124=DIRECTION('',(0.E0,0.E0,1.E0));
#2125=VECTOR('',#2124,1.5E0);
#2126=CARTESIAN_POINT('',(2.E0,3.E1,-1.5E0));
#2127=LINE('',#2126,#2125);
#2128=CURVE_STYLE('',#1556,POSITIVE_LENGTH_MEASURE(2.E-2),#1549);
#2129=PRESENTATION_STYLE_ASSIGNMENT((#2128));
#2130=STYLED_ITEM('',(#2129),#2127);
#2131=DIRECTION('',(0.E0,0.E0,-1.E0));
#2132=VECTOR('',#2131,1.5E0);
#2133=CARTESIAN_POINT('',(2.E0,2.8E1,0.E0));
#2134=LINE('',#2133,#2132);
#2135=CURVE_STYLE('',#1556,POSITIVE_LENGTH_MEASURE(2.E-2),#1549);
#2136=PRESENTATION_STYLE_ASSIGNMENT((#2135));
#2137=STYLED_ITEM('',(#2136),#2134);
#2138=CARTESIAN_POINT('',(2.E0,-2.7E1,-2.E0));
#2139=DIRECTION('',(0.E0,1.E0,0.E0));
#2140=DIRECTION('',(-1.E0,0.E0,0.E0));
#2141=AXIS2_PLACEMENT_3D('',#2138,#2139,#2140);
#2143=CURVE_STYLE('',#1556,POSITIVE_LENGTH_MEASURE(2.E-2),#1549);
#2144=PRESENTATION_STYLE_ASSIGNMENT((#2143));
#2145=STYLED_ITEM('',(#2144),#2142);
#2146=DIRECTION('',(0.E0,-1.E0,0.E0));
#2147=VECTOR('',#2146,5.5E1);
#2148=CARTESIAN_POINT('',(0.E0,2.8E1,-2.E0));
#2149=LINE('',#2148,#2147);
#2150=CURVE_STYLE('',#1556,POSITIVE_LENGTH_MEASURE(2.E-2),#1549);
#2151=PRESENTATION_STYLE_ASSIGNMENT((#2150));
#2152=STYLED_ITEM('',(#2151),#2149);
#2153=CARTESIAN_POINT('',(2.E0,2.8E1,-2.E0));
#2154=DIRECTION('',(0.E0,1.E0,0.E0));
#2155=DIRECTION('',(-1.E0,0.E0,0.E0));
#2156=AXIS2_PLACEMENT_3D('',#2153,#2154,#2155);
#2158=CURVE_STYLE('',#1556,POSITIVE_LENGTH_MEASURE(2.E-2),#1549);
#2159=PRESENTATION_STYLE_ASSIGNMENT((#2158));
#2160=STYLED_ITEM('',(#2159),#2157);
#2161=DIRECTION('',(0.E0,-1.E0,0.E0));
#2162=VECTOR('',#2161,5.5E1);
#2163=CARTESIAN_POINT('',(2.E0,2.8E1,0.E0));
#2164=LINE('',#2163,#2162);
#2165=CURVE_STYLE('',#1556,POSITIVE_LENGTH_MEASURE(2.E-2),#1549);
#2166=PRESENTATION_STYLE_ASSIGNMENT((#2165));
#2167=STYLED_ITEM('',(#2166),#2164);
#2168=DIRECTION('',(0.E0,0.E0,-1.E0));
#2169=VECTOR('',#2168,1.5E0);
#2170=CARTESIAN_POINT('',(2.E0,-2.7E1,0.E0));
#2171=LINE('',#2170,#2169);
#2172=CURVE_STYLE('',#1556,POSITIVE_LENGTH_MEASURE(2.E-2),#1549);
#2173=PRESENTATION_STYLE_ASSIGNMENT((#2172));
#2174=STYLED_ITEM('',(#2173),#2171);
#2175=DIRECTION('',(0.E0,0.E0,1.E0));
#2176=VECTOR('',#2175,1.5E0);
#2177=CARTESIAN_POINT('',(1.25E1,-3.E1,-1.5E0));
#2178=LINE('',#2177,#2176);
#2179=CURVE_STYLE('',#1556,POSITIVE_LENGTH_MEASURE(2.E-2),#1549);
#2180=PRESENTATION_STYLE_ASSIGNMENT((#2179));
#2181=STYLED_ITEM('',(#2180),#2178);
#2182=DIRECTION('',(0.E0,0.E0,1.E0));
#2183=VECTOR('',#2182,1.5E0);
#2184=CARTESIAN_POINT('',(2.E0,-3.E1,-1.5E0));
#2185=LINE('',#2184,#2183);
#2186=CURVE_STYLE('',#1556,POSITIVE_LENGTH_MEASURE(2.E-2),#1549);
#2187=PRESENTATION_STYLE_ASSIGNMENT((#2186));
#2188=STYLED_ITEM('',(#2187),#2185);
#2189=CARTESIAN_POINT('',(2.E0,-2.7E1,-2.E0));
#2190=DIRECTION('',(0.E0,1.E0,0.E0));
#2191=DIRECTION('',(-1.E0,0.E0,0.E0));
#2192=AXIS2_PLACEMENT_3D('',#2189,#2190,#2191);
#2194=CURVE_STYLE('',#1556,POSITIVE_LENGTH_MEASURE(2.E-2),#1549);
#2195=PRESENTATION_STYLE_ASSIGNMENT((#2194));
#2196=STYLED_ITEM('',(#2195),#2193);
#2197=DIRECTION('',(0.E0,-1.E0,0.E0));
#2198=VECTOR('',#2197,5.5E1);
#2199=CARTESIAN_POINT('',(2.E0,2.8E1,-1.5E0));
#2200=LINE('',#2199,#2198);
#2201=CURVE_STYLE('',#1556,POSITIVE_LENGTH_MEASURE(2.E-2),#1549);
#2202=PRESENTATION_STYLE_ASSIGNMENT((#2201));
#2203=STYLED_ITEM('',(#2202),#2200);
#2204=CARTESIAN_POINT('',(2.E0,2.8E1,-2.E0));
#2205=DIRECTION('',(0.E0,1.E0,0.E0));
#2206=DIRECTION('',(-1.E0,0.E0,0.E0));
#2207=AXIS2_PLACEMENT_3D('',#2204,#2205,#2206);
#2209=CURVE_STYLE('',#1556,POSITIVE_LENGTH_MEASURE(2.E-2),#1549);
#2210=PRESENTATION_STYLE_ASSIGNMENT((#2209));
#2211=STYLED_ITEM('',(#2210),#2208);
#2212=DIRECTION('',(0.E0,-1.E0,0.E0));
#2213=VECTOR('',#2212,5.5E1);
#2214=CARTESIAN_POINT('',(1.5E0,2.8E1,-2.E0));
#2215=LINE('',#2214,#2213);
#2216=CURVE_STYLE('',#1556,POSITIVE_LENGTH_MEASURE(2.E-2),#1549);
#2217=PRESENTATION_STYLE_ASSIGNMENT((#2216));
#2218=STYLED_ITEM('',(#2217),#2215);
#2219=DIRECTION('',(0.E0,1.E0,0.E0));
#2220=VECTOR('',#2219,5.5E1);
#2221=CARTESIAN_POINT('',(1.5E0,-2.7E1,-5.5E1));
#2222=LINE('',#2221,#2220);
#2223=CURVE_STYLE('',#1556,POSITIVE_LENGTH_MEASURE(2.E-2),#1549);
#2224=PRESENTATION_STYLE_ASSIGNMENT((#2223));
#2225=STYLED_ITEM('',(#2224),#2222);
#2226=CARTESIAN_POINT('',(1.5E0,-1.75E1,-4.45E1));
#2227=DIRECTION('',(-1.E0,0.E0,0.E0));
#2228=DIRECTION('',(0.E0,0.E0,-1.E0));
#2229=AXIS2_PLACEMENT_3D('',#2226,#2227,#2228);
#2231=CURVE_STYLE('',#1556,POSITIVE_LENGTH_MEASURE(2.E-2),#1549);
#2232=PRESENTATION_STYLE_ASSIGNMENT((#2231));
#2233=STYLED_ITEM('',(#2232),#2230);
#2234=CARTESIAN_POINT('',(1.5E0,-1.75E1,-4.45E1));
#2235=DIRECTION('',(-1.E0,0.E0,0.E0));
#2236=DIRECTION('',(0.E0,0.E0,1.E0));
#2237=AXIS2_PLACEMENT_3D('',#2234,#2235,#2236);
#2239=CURVE_STYLE('',#1556,POSITIVE_LENGTH_MEASURE(2.E-2),#1549);
#2240=PRESENTATION_STYLE_ASSIGNMENT((#2239));
#2241=STYLED_ITEM('',(#2240),#2238);
#2242=CARTESIAN_POINT('',(1.5E0,1.75E1,-4.45E1));
#2243=DIRECTION('',(-1.E0,0.E0,0.E0));
#2244=DIRECTION('',(0.E0,0.E0,-1.E0));
#2245=AXIS2_PLACEMENT_3D('',#2242,#2243,#2244);
#2247=CURVE_STYLE('',#1556,POSITIVE_LENGTH_MEASURE(2.E-2),#1549);
#2248=PRESENTATION_STYLE_ASSIGNMENT((#2247));
#2249=STYLED_ITEM('',(#2248),#2246);
#2250=CARTESIAN_POINT('',(1.5E0,1.75E1,-4.45E1));
#2251=DIRECTION('',(-1.E0,0.E0,0.E0));
#2252=DIRECTION('',(0.E0,0.E0,1.E0));
#2253=AXIS2_PLACEMENT_3D('',#2250,#2251,#2252);
#2255=CURVE_STYLE('',#1556,POSITIVE_LENGTH_MEASURE(2.E-2),#1549);
#2256=PRESENTATION_STYLE_ASSIGNMENT((#2255));
#2257=STYLED_ITEM('',(#2256),#2254);
#2258=DIRECTION('',(0.E0,0.E0,-1.E0));
#2259=VECTOR('',#2258,1.E1);
#2260=CARTESIAN_POINT('',(1.5E0,-1.75E1,-1.3E1));
#2261=LINE('',#2260,#2259);
#2262=CURVE_STYLE('',#1556,POSITIVE_LENGTH_MEASURE(2.E-2),#1549);
#2263=PRESENTATION_STYLE_ASSIGNMENT((#2262));
#2264=STYLED_ITEM('',(#2263),#2261);
#2265=CARTESIAN_POINT('',(1.5E0,-1.35E1,-2.3E1));
#2266=DIRECTION('',(-1.E0,0.E0,0.E0));
#2267=DIRECTION('',(0.E0,0.E0,-1.E0));
#2268=AXIS2_PLACEMENT_3D('',#2265,#2266,#2267);
#2270=CURVE_STYLE('',#1556,POSITIVE_LENGTH_MEASURE(2.E-2),#1549);
#2271=PRESENTATION_STYLE_ASSIGNMENT((#2270));
#2272=STYLED_ITEM('',(#2271),#2269);
#2273=DIRECTION('',(0.E0,1.E0,0.E0));
#2274=VECTOR('',#2273,2.7E1);
#2275=CARTESIAN_POINT('',(1.5E0,-1.35E1,-2.7E1));
#2276=LINE('',#2275,#2274);
#2277=CURVE_STYLE('',#1556,POSITIVE_LENGTH_MEASURE(2.E-2),#1549);
#2278=PRESENTATION_STYLE_ASSIGNMENT((#2277));
#2279=STYLED_ITEM('',(#2278),#2276);
#2280=CARTESIAN_POINT('',(1.5E0,1.35E1,-2.3E1));
#2281=DIRECTION('',(-1.E0,0.E0,0.E0));
#2282=DIRECTION('',(0.E0,1.E0,0.E0));
#2283=AXIS2_PLACEMENT_3D('',#2280,#2281,#2282);
#2285=CURVE_STYLE('',#1556,POSITIVE_LENGTH_MEASURE(2.E-2),#1549);
#2286=PRESENTATION_STYLE_ASSIGNMENT((#2285));
#2287=STYLED_ITEM('',(#2286),#2284);
#2288=DIRECTION('',(0.E0,0.E0,1.E0));
#2289=VECTOR('',#2288,1.E1);
#2290=CARTESIAN_POINT('',(1.5E0,1.75E1,-2.3E1));
#2291=LINE('',#2290,#2289);
#2292=CURVE_STYLE('',#1556,POSITIVE_LENGTH_MEASURE(2.E-2),#1549);
#2293=PRESENTATION_STYLE_ASSIGNMENT((#2292));
#2294=STYLED_ITEM('',(#2293),#2291);
#2295=CARTESIAN_POINT('',(1.5E0,1.35E1,-1.3E1));
#2296=DIRECTION('',(-1.E0,0.E0,0.E0));
#2297=DIRECTION('',(0.E0,0.E0,1.E0));
#2298=AXIS2_PLACEMENT_3D('',#2295,#2296,#2297);
#2300=CURVE_STYLE('',#1556,POSITIVE_LENGTH_MEASURE(2.E-2),#1549);
#2301=PRESENTATION_STYLE_ASSIGNMENT((#2300));
#2302=STYLED_ITEM('',(#2301),#2299);
#2303=DIRECTION('',(0.E0,-1.E0,0.E0));
#2304=VECTOR('',#2303,2.7E1);
#2305=CARTESIAN_POINT('',(1.5E0,1.35E1,-9.E0));
#2306=LINE('',#2305,#2304);
#2307=CURVE_STYLE('',#1556,POSITIVE_LENGTH_MEASURE(2.E-2),#1549);
#2308=PRESENTATION_STYLE_ASSIGNMENT((#2307));
#2309=STYLED_ITEM('',(#2308),#2306);
#2310=CARTESIAN_POINT('',(1.5E0,-1.35E1,-1.3E1));
#2311=DIRECTION('',(-1.E0,0.E0,0.E0));
#2312=DIRECTION('',(0.E0,-1.E0,0.E0));
#2313=AXIS2_PLACEMENT_3D('',#2310,#2311,#2312);
#2315=CURVE_STYLE('',#1556,POSITIVE_LENGTH_MEASURE(2.E-2),#1549);
#2316=PRESENTATION_STYLE_ASSIGNMENT((#2315));
#2317=STYLED_ITEM('',(#2316),#2314);
#2318=CARTESIAN_POINT('',(2.E0,2.8E1,-2.E0));
#2319=DIRECTION('',(0.E0,0.E0,1.E0));
#2320=DIRECTION('',(0.E0,1.E0,0.E0));
#2321=AXIS2_PLACEMENT_3D('',#2318,#2319,#2320);
#2323=CURVE_STYLE('',#1556,POSITIVE_LENGTH_MEASURE(2.E-2),#1549);
#2324=PRESENTATION_STYLE_ASSIGNMENT((#2323));
#2325=STYLED_ITEM('',(#2324),#2322);
#2326=DIRECTION('',(0.E0,0.E0,-1.E0));
#2327=VECTOR('',#2326,5.3E1);
#2328=CARTESIAN_POINT('',(2.E0,2.85E1,-2.E0));
#2329=LINE('',#2328,#2327);
#2330=CURVE_STYLE('',#1556,POSITIVE_LENGTH_MEASURE(2.E-2),#1549);
#2331=PRESENTATION_STYLE_ASSIGNMENT((#2330));
#2332=STYLED_ITEM('',(#2331),#2329);
#2333=CARTESIAN_POINT('',(2.E0,2.8E1,-5.5E1));
#2334=DIRECTION('',(0.E0,0.E0,-1.E0));
#2335=DIRECTION('',(-1.E0,-2.131628207280E-14,0.E0));
#2336=AXIS2_PLACEMENT_3D('',#2333,#2334,#2335);
#2338=CURVE_STYLE('',#1556,POSITIVE_LENGTH_MEASURE(2.E-2),#1549);
#2339=PRESENTATION_STYLE_ASSIGNMENT((#2338));
#2340=STYLED_ITEM('',(#2339),#2337);
#2341=DIRECTION('',(0.E0,0.E0,-1.E0));
#2342=VECTOR('',#2341,5.3E1);
#2343=CARTESIAN_POINT('',(1.5E0,2.8E1,-2.E0));
#2344=LINE('',#2343,#2342);
#2345=CURVE_STYLE('',#1556,POSITIVE_LENGTH_MEASURE(2.E-2),#1549);
#2346=PRESENTATION_STYLE_ASSIGNMENT((#2345));
#2347=STYLED_ITEM('',(#2346),#2344);
#2348=DIRECTION('',(-1.E0,0.E0,0.E0));
#2349=VECTOR('',#2348,1.5E0);
#2350=CARTESIAN_POINT('',(1.5E0,2.8E1,-2.E0));
#2351=LINE('',#2350,#2349);
#2352=CURVE_STYLE('',#1556,POSITIVE_LENGTH_MEASURE(2.E-2),#1549);
#2353=PRESENTATION_STYLE_ASSIGNMENT((#2352));
#2354=STYLED_ITEM('',(#2353),#2351);
#2355=CARTESIAN_POINT('',(2.E0,2.8E1,-2.E0));
#2356=DIRECTION('',(0.E0,0.E0,1.E0));
#2357=DIRECTION('',(0.E0,1.E0,0.E0));
#2358=AXIS2_PLACEMENT_3D('',#2355,#2356,#2357);
#2360=CURVE_STYLE('',#1556,POSITIVE_LENGTH_MEASURE(2.E-2),#1549);
#2361=PRESENTATION_STYLE_ASSIGNMENT((#2360));
#2362=STYLED_ITEM('',(#2361),#2359);
#2363=DIRECTION('',(0.E0,0.E0,-1.E0));
#2364=VECTOR('',#2363,5.3E1);
#2365=CARTESIAN_POINT('',(0.E0,2.8E1,-2.E0));
#2366=LINE('',#2365,#2364);
#2367=CURVE_STYLE('',#1556,POSITIVE_LENGTH_MEASURE(2.E-2),#1549);
#2368=PRESENTATION_STYLE_ASSIGNMENT((#2367));
#2369=STYLED_ITEM('',(#2368),#2366);
#2370=CARTESIAN_POINT('',(2.E0,2.8E1,-5.5E1));
#2371=DIRECTION('',(0.E0,0.E0,-1.E0));
#2372=DIRECTION('',(-1.E0,0.E0,0.E0));
#2373=AXIS2_PLACEMENT_3D('',#2370,#2371,#2372);
#2375=CURVE_STYLE('',#1556,POSITIVE_LENGTH_MEASURE(2.E-2),#1549);
#2376=PRESENTATION_STYLE_ASSIGNMENT((#2375));
#2377=STYLED_ITEM('',(#2376),#2374);
#2378=DIRECTION('',(0.E0,0.E0,1.E0));
#2379=VECTOR('',#2378,5.3E1);
#2380=CARTESIAN_POINT('',(2.E0,3.E1,-5.5E1));
#2381=LINE('',#2380,#2379);
#2382=CURVE_STYLE('',#1556,POSITIVE_LENGTH_MEASURE(2.E-2),#1549);
#2383=PRESENTATION_STYLE_ASSIGNMENT((#2382));
#2384=STYLED_ITEM('',(#2383),#2381);
#2385=DIRECTION('',(0.E0,1.E0,0.E0));
#2386=VECTOR('',#2385,5.5E1);
#2387=CARTESIAN_POINT('',(0.E0,-2.7E1,-5.5E1));
#2388=LINE('',#2387,#2386);
#2389=CURVE_STYLE('',#1556,POSITIVE_LENGTH_MEASURE(2.E-2),#1549);
#2390=PRESENTATION_STYLE_ASSIGNMENT((#2389));
#2391=STYLED_ITEM('',(#2390),#2388);
#2392=CARTESIAN_POINT('',(0.E0,1.75E1,-4.45E1));
#2393=DIRECTION('',(-1.E0,0.E0,0.E0));
#2394=DIRECTION('',(0.E0,0.E0,-1.E0));
#2395=AXIS2_PLACEMENT_3D('',#2392,#2393,#2394);
#2397=CURVE_STYLE('',#1556,POSITIVE_LENGTH_MEASURE(2.E-2),#1549);
#2398=PRESENTATION_STYLE_ASSIGNMENT((#2397));
#2399=STYLED_ITEM('',(#2398),#2396);
#2400=CARTESIAN_POINT('',(0.E0,1.75E1,-4.45E1));
#2401=DIRECTION('',(-1.E0,0.E0,0.E0));
#2402=DIRECTION('',(0.E0,0.E0,1.E0));
#2403=AXIS2_PLACEMENT_3D('',#2400,#2401,#2402);
#2405=CURVE_STYLE('',#1556,POSITIVE_LENGTH_MEASURE(2.E-2),#1549);
#2406=PRESENTATION_STYLE_ASSIGNMENT((#2405));
#2407=STYLED_ITEM('',(#2406),#2404);
#2408=CARTESIAN_POINT('',(0.E0,-1.75E1,-4.45E1));
#2409=DIRECTION('',(-1.E0,0.E0,0.E0));
#2410=DIRECTION('',(0.E0,0.E0,-1.E0));
#2411=AXIS2_PLACEMENT_3D('',#2408,#2409,#2410);
#2413=CURVE_STYLE('',#1556,POSITIVE_LENGTH_MEASURE(2.E-2),#1549);
#2414=PRESENTATION_STYLE_ASSIGNMENT((#2413));
#2415=STYLED_ITEM('',(#2414),#2412);
#2416=CARTESIAN_POINT('',(0.E0,-1.75E1,-4.45E1));
#2417=DIRECTION('',(-1.E0,0.E0,0.E0));
#2418=DIRECTION('',(0.E0,0.E0,1.E0));
#2419=AXIS2_PLACEMENT_3D('',#2416,#2417,#2418);
#2421=CURVE_STYLE('',#1556,POSITIVE_LENGTH_MEASURE(2.E-2),#1549);
#2422=PRESENTATION_STYLE_ASSIGNMENT((#2421));
#2423=STYLED_ITEM('',(#2422),#2420);
#2424=DIRECTION('',(0.E0,0.E0,-1.E0));
#2425=VECTOR('',#2424,1.E1);
#2426=CARTESIAN_POINT('',(0.E0,-1.75E1,-1.3E1));
#2427=LINE('',#2426,#2425);
#2428=CURVE_STYLE('',#1556,POSITIVE_LENGTH_MEASURE(2.E-2),#1549);
#2429=PRESENTATION_STYLE_ASSIGNMENT((#2428));
#2430=STYLED_ITEM('',(#2429),#2427);
#2431=CARTESIAN_POINT('',(0.E0,-1.35E1,-1.3E1));
#2432=DIRECTION('',(-1.E0,0.E0,0.E0));
#2433=DIRECTION('',(0.E0,-1.E0,0.E0));
#2434=AXIS2_PLACEMENT_3D('',#2431,#2432,#2433);
#2436=CURVE_STYLE('',#1556,POSITIVE_LENGTH_MEASURE(2.E-2),#1549);
#2437=PRESENTATION_STYLE_ASSIGNMENT((#2436));
#2438=STYLED_ITEM('',(#2437),#2435);
#2439=DIRECTION('',(0.E0,-1.E0,0.E0));
#2440=VECTOR('',#2439,2.7E1);
#2441=CARTESIAN_POINT('',(0.E0,1.35E1,-9.E0));
#2442=LINE('',#2441,#2440);
#2443=CURVE_STYLE('',#1556,POSITIVE_LENGTH_MEASURE(2.E-2),#1549);
#2444=PRESENTATION_STYLE_ASSIGNMENT((#2443));
#2445=STYLED_ITEM('',(#2444),#2442);
#2446=CARTESIAN_POINT('',(0.E0,1.35E1,-1.3E1));
#2447=DIRECTION('',(-1.E0,0.E0,0.E0));
#2448=DIRECTION('',(0.E0,0.E0,1.E0));
#2449=AXIS2_PLACEMENT_3D('',#2446,#2447,#2448);
#2451=CURVE_STYLE('',#1556,POSITIVE_LENGTH_MEASURE(2.E-2),#1549);
#2452=PRESENTATION_STYLE_ASSIGNMENT((#2451));
#2453=STYLED_ITEM('',(#2452),#2450);
#2454=DIRECTION('',(0.E0,0.E0,1.E0));
#2455=VECTOR('',#2454,1.E1);
#2456=CARTESIAN_POINT('',(0.E0,1.75E1,-2.3E1));
#2457=LINE('',#2456,#2455);
#2458=CURVE_STYLE('',#1556,POSITIVE_LENGTH_MEASURE(2.E-2),#1549);
#2459=PRESENTATION_STYLE_ASSIGNMENT((#2458));
#2460=STYLED_ITEM('',(#2459),#2457);
#2461=CARTESIAN_POINT('',(0.E0,1.35E1,-2.3E1));
#2462=DIRECTION('',(-1.E0,0.E0,0.E0));
#2463=DIRECTION('',(0.E0,1.E0,0.E0));
#2464=AXIS2_PLACEMENT_3D('',#2461,#2462,#2463);
#2466=CURVE_STYLE('',#1556,POSITIVE_LENGTH_MEASURE(2.E-2),#1549);
#2467=PRESENTATION_STYLE_ASSIGNMENT((#2466));
#2468=STYLED_ITEM('',(#2467),#2465);
#2469=DIRECTION('',(0.E0,1.E0,0.E0));
#2470=VECTOR('',#2469,2.7E1);
#2471=CARTESIAN_POINT('',(0.E0,-1.35E1,-2.7E1));
#2472=LINE('',#2471,#2470);
#2473=CURVE_STYLE('',#1556,POSITIVE_LENGTH_MEASURE(2.E-2),#1549);
#2474=PRESENTATION_STYLE_ASSIGNMENT((#2473));
#2475=STYLED_ITEM('',(#2474),#2472);
#2476=CARTESIAN_POINT('',(0.E0,-1.35E1,-2.3E1));
#2477=DIRECTION('',(-1.E0,0.E0,0.E0));
#2478=DIRECTION('',(0.E0,0.E0,-1.E0));
#2479=AXIS2_PLACEMENT_3D('',#2476,#2477,#2478);
#2481=CURVE_STYLE('',#1556,POSITIVE_LENGTH_MEASURE(2.E-2),#1549);
#2482=PRESENTATION_STYLE_ASSIGNMENT((#2481));
#2483=STYLED_ITEM('',(#2482),#2480);
#2484=CARTESIAN_POINT('',(3.E0,-2.7E1,-2.E0));
#2485=DIRECTION('',(0.E0,0.E0,-1.E0));
#2486=DIRECTION('',(0.E0,-1.E0,0.E0));
#2487=AXIS2_PLACEMENT_3D('',#2484,#2485,#2486);
#2489=CURVE_STYLE('',#1556,POSITIVE_LENGTH_MEASURE(2.E-2),#1549);
#2490=PRESENTATION_STYLE_ASSIGNMENT((#2489));
#2491=STYLED_ITEM('',(#2490),#2488);
#2492=DIRECTION('',(0.E0,0.E0,1.E0));
#2493=VECTOR('',#2492,5.3E1);
#2494=CARTESIAN_POINT('',(3.E0,-3.E1,-5.5E1));
#2495=LINE('',#2494,#2493);
#2496=CURVE_STYLE('',#1556,POSITIVE_LENGTH_MEASURE(2.E-2),#1549);
#2497=PRESENTATION_STYLE_ASSIGNMENT((#2496));
#2498=STYLED_ITEM('',(#2497),#2495);
#2499=CARTESIAN_POINT('',(3.E0,-2.7E1,-5.5E1));
#2500=DIRECTION('',(0.E0,0.E0,-1.E0));
#2501=DIRECTION('',(0.E0,-1.E0,0.E0));
#2502=AXIS2_PLACEMENT_3D('',#2499,#2500,#2501);
#2504=CURVE_STYLE('',#1556,POSITIVE_LENGTH_MEASURE(2.E-2),#1549);
#2505=PRESENTATION_STYLE_ASSIGNMENT((#2504));
#2506=STYLED_ITEM('',(#2505),#2503);
#2507=DIRECTION('',(0.E0,0.E0,1.E0));
#2508=VECTOR('',#2507,5.3E1);
#2509=CARTESIAN_POINT('',(0.E0,-2.7E1,-5.5E1));
#2510=LINE('',#2509,#2508);
#2511=CURVE_STYLE('',#1556,POSITIVE_LENGTH_MEASURE(2.E-2),#1549);
#2512=PRESENTATION_STYLE_ASSIGNMENT((#2511));
#2513=STYLED_ITEM('',(#2512),#2510);
#2514=DIRECTION('',(-1.E0,0.E0,0.E0));
#2515=VECTOR('',#2514,1.5E0);
#2516=CARTESIAN_POINT('',(1.5E0,-2.7E1,-2.E0));
#2517=LINE('',#2516,#2515);
#2518=CURVE_STYLE('',#1556,POSITIVE_LENGTH_MEASURE(2.E-2),#1549);
#2519=PRESENTATION_STYLE_ASSIGNMENT((#2518));
#2520=STYLED_ITEM('',(#2519),#2517);
#2521=DIRECTION('',(0.E0,1.E0,0.E0));
#2522=VECTOR('',#2521,1.5E0);
#2523=CARTESIAN_POINT('',(3.E0,-3.E1,-2.E0));
#2524=LINE('',#2523,#2522);
#2525=CURVE_STYLE('',#1556,POSITIVE_LENGTH_MEASURE(2.E-2),#1549);
#2526=PRESENTATION_STYLE_ASSIGNMENT((#2525));
#2527=STYLED_ITEM('',(#2526),#2524);
#2528=CARTESIAN_POINT('',(3.E0,-2.7E1,-2.E0));
#2529=DIRECTION('',(0.E0,0.E0,-1.E0));
#2530=DIRECTION('',(0.E0,-1.E0,0.E0));
#2531=AXIS2_PLACEMENT_3D('',#2528,#2529,#2530);
#2533=CURVE_STYLE('',#1556,POSITIVE_LENGTH_MEASURE(2.E-2),#1549);
#2534=PRESENTATION_STYLE_ASSIGNMENT((#2533));
#2535=STYLED_ITEM('',(#2534),#2532);
#2536=DIRECTION('',(0.E0,0.E0,1.E0));
#2537=VECTOR('',#2536,5.3E1);
#2538=CARTESIAN_POINT('',(1.5E0,-2.7E1,-5.5E1));
#2539=LINE('',#2538,#2537);
#2540=CURVE_STYLE('',#1556,POSITIVE_LENGTH_MEASURE(2.E-2),#1549);
#2541=PRESENTATION_STYLE_ASSIGNMENT((#2540));
#2542=STYLED_ITEM('',(#2541),#2539);
#2543=CARTESIAN_POINT('',(3.E0,-2.7E1,-5.5E1));
#2544=DIRECTION('',(0.E0,0.E0,-1.E0));
#2545=DIRECTION('',(0.E0,-1.E0,0.E0));
#2546=AXIS2_PLACEMENT_3D('',#2543,#2544,#2545);
#2548=CURVE_STYLE('',#1556,POSITIVE_LENGTH_MEASURE(2.E-2),#1549);
#2549=PRESENTATION_STYLE_ASSIGNMENT((#2548));
#2550=STYLED_ITEM('',(#2549),#2547);
#2551=DIRECTION('',(0.E0,0.E0,1.E0));
#2552=VECTOR('',#2551,5.3E1);
#2553=CARTESIAN_POINT('',(3.E0,-2.85E1,-5.5E1));
#2554=LINE('',#2553,#2552);
#2555=CURVE_STYLE('',#1556,POSITIVE_LENGTH_MEASURE(2.E-2),#1549);
#2556=PRESENTATION_STYLE_ASSIGNMENT((#2555));
#2557=STYLED_ITEM('',(#2556),#2554);
#2558=DIRECTION('',(1.E0,0.E0,0.E0));
#2559=VECTOR('',#2558,1.5E0);
#2560=CARTESIAN_POINT('',(0.E0,-2.7E1,-5.5E1));
#2561=LINE('',#2560,#2559);
#2562=CURVE_STYLE('',#1556,POSITIVE_LENGTH_MEASURE(2.E-2),#1549);
#2563=PRESENTATION_STYLE_ASSIGNMENT((#2562));
#2564=STYLED_ITEM('',(#2563),#2561);
#2565=DIRECTION('',(0.E0,-1.E0,0.E0));
#2566=VECTOR('',#2565,1.5E0);
#2567=CARTESIAN_POINT('',(4.E0,-2.85E1,-5.5E1));
#2568=LINE('',#2567,#2566);
#2569=CURVE_STYLE('',#1556,POSITIVE_LENGTH_MEASURE(2.E-2),#1549);
#2570=PRESENTATION_STYLE_ASSIGNMENT((#2569));
#2571=STYLED_ITEM('',(#2570),#2568);
#2572=DIRECTION('',(0.E0,1.E0,0.E0));
#2573=VECTOR('',#2572,1.5E0);
#2574=CARTESIAN_POINT('',(3.E0,-3.E1,-5.5E1));
#2575=LINE('',#2574,#2573);
#2576=CURVE_STYLE('',#1556,POSITIVE_LENGTH_MEASURE(2.E-2),#1549);
#2577=PRESENTATION_STYLE_ASSIGNMENT((#2576));
#2578=STYLED_ITEM('',(#2577),#2575);
#2579=CARTESIAN_POINT('',(4.E0,-3.E1,-5.3E1));
#2580=DIRECTION('',(0.E0,1.E0,0.E0));
#2581=DIRECTION('',(1.E0,0.E0,0.E0));
#2582=AXIS2_PLACEMENT_3D('',#2579,#2580,#2581);
#2584=CURVE_STYLE('',#1556,POSITIVE_LENGTH_MEASURE(2.E-2),#1549);
#2585=PRESENTATION_STYLE_ASSIGNMENT((#2584));
#2586=STYLED_ITEM('',(#2585),#2583);
#2587=DIRECTION('',(-1.E0,0.E0,0.E0));
#2588=VECTOR('',#2587,1.E0);
#2589=CARTESIAN_POINT('',(4.E0,-3.E1,-5.5E1));
#2590=LINE('',#2589,#2588);
#2591=CURVE_STYLE('',#1556,POSITIVE_LENGTH_MEASURE(2.E-2),#1549);
#2592=PRESENTATION_STYLE_ASSIGNMENT((#2591));
#2593=STYLED_ITEM('',(#2592),#2590);
#2594=DIRECTION('',(1.E0,0.E0,0.E0));
#2595=VECTOR('',#2594,3.E0);
#2596=CARTESIAN_POINT('',(3.E0,-3.E1,-2.E0));
#2597=LINE('',#2596,#2595);
#2598=CURVE_STYLE('',#1556,POSITIVE_LENGTH_MEASURE(2.E-2),#1549);
#2599=PRESENTATION_STYLE_ASSIGNMENT((#2598));
#2600=STYLED_ITEM('',(#2599),#2597);
#2601=DIRECTION('',(0.E0,0.E0,-1.E0));
#2602=VECTOR('',#2601,5.1E1);
#2603=CARTESIAN_POINT('',(6.E0,-3.E1,-2.E0));
#2604=LINE('',#2603,#2602);
#2605=CURVE_STYLE('',#1556,POSITIVE_LENGTH_MEASURE(2.E-2),#1549);
#2606=PRESENTATION_STYLE_ASSIGNMENT((#2605));
#2607=STYLED_ITEM('',(#2606),#2604);
#2608=DIRECTION('',(0.E0,1.E0,0.E0));
#2609=VECTOR('',#2608,1.5E0);
#2610=CARTESIAN_POINT('',(6.E0,-3.E1,-2.E0));
#2611=LINE('',#2610,#2609);
#2612=CURVE_STYLE('',#1556,POSITIVE_LENGTH_MEASURE(2.E-2),#1549);
#2613=PRESENTATION_STYLE_ASSIGNMENT((#2612));
#2614=STYLED_ITEM('',(#2613),#2611);
#2615=CARTESIAN_POINT('',(4.E0,-2.85E1,-5.3E1));
#2616=DIRECTION('',(0.E0,-1.E0,0.E0));
#2617=DIRECTION('',(0.E0,0.E0,-1.E0));
#2618=AXIS2_PLACEMENT_3D('',#2615,#2616,#2617);
#2620=CURVE_STYLE('',#1556,POSITIVE_LENGTH_MEASURE(2.E-2),#1549);
#2621=PRESENTATION_STYLE_ASSIGNMENT((#2620));
#2622=STYLED_ITEM('',(#2621),#2619);
#2623=DIRECTION('',(0.E0,0.E0,-1.E0));
#2624=VECTOR('',#2623,5.1E1);
#2625=CARTESIAN_POINT('',(6.E0,-2.85E1,-2.E0));
#2626=LINE('',#2625,#2624);
#2627=CURVE_STYLE('',#1556,POSITIVE_LENGTH_MEASURE(2.E-2),#1549);
#2628=PRESENTATION_STYLE_ASSIGNMENT((#2627));
#2629=STYLED_ITEM('',(#2628),#2626);
#2630=DIRECTION('',(1.E0,0.E0,0.E0));
#2631=VECTOR('',#2630,3.E0);
#2632=CARTESIAN_POINT('',(3.E0,-2.85E1,-2.E0));
#2633=LINE('',#2632,#2631);
#2634=CURVE_STYLE('',#1556,POSITIVE_LENGTH_MEASURE(2.E-2),#1549);
#2635=PRESENTATION_STYLE_ASSIGNMENT((#2634));
#2636=STYLED_ITEM('',(#2635),#2633);
#2637=DIRECTION('',(-1.E0,0.E0,0.E0));
#2638=VECTOR('',#2637,1.E0);
#2639=CARTESIAN_POINT('',(4.E0,-2.85E1,-5.5E1));
#2640=LINE('',#2639,#2638);
#2641=CURVE_STYLE('',#1556,POSITIVE_LENGTH_MEASURE(2.E-2),#1549);
#2642=PRESENTATION_STYLE_ASSIGNMENT((#2641));
#2643=STYLED_ITEM('',(#2642),#2640);
#2644=DIRECTION('',(0.E0,-1.E0,0.E0));
#2645=VECTOR('',#2644,1.5E0);
#2646=CARTESIAN_POINT('',(6.E0,-2.85E1,-5.3E1));
#2647=LINE('',#2646,#2645);
#2648=CURVE_STYLE('',#1556,POSITIVE_LENGTH_MEASURE(2.E-2),#1549);
#2649=PRESENTATION_STYLE_ASSIGNMENT((#2648));
#2650=STYLED_ITEM('',(#2649),#2647);
#2651=DIRECTION('',(1.E0,0.E0,0.E0));
#2652=VECTOR('',#2651,1.5E0);
#2653=CARTESIAN_POINT('',(0.E0,2.8E1,-5.5E1));
#2654=LINE('',#2653,#2652);
#2655=CURVE_STYLE('',#1556,POSITIVE_LENGTH_MEASURE(2.E-2),#1549);
#2656=PRESENTATION_STYLE_ASSIGNMENT((#2655));
#2657=STYLED_ITEM('',(#2656),#2654);
#2658=DIRECTION('',(0.E0,-1.E0,0.E0));
#2659=VECTOR('',#2658,1.5E0);
#2660=CARTESIAN_POINT('',(2.E0,3.E1,-5.5E1));
#2661=LINE('',#2660,#2659);
#2662=CURVE_STYLE('',#1556,POSITIVE_LENGTH_MEASURE(2.E-2),#1549);
#2663=PRESENTATION_STYLE_ASSIGNMENT((#2662));
#2664=STYLED_ITEM('',(#2663),#2661);
#2665=DIRECTION('',(0.E0,1.E0,0.E0));
#2666=VECTOR('',#2665,1.5E0);
#2667=CARTESIAN_POINT('',(4.E0,2.85E1,-5.5E1));
#2668=LINE('',#2667,#2666);
#2669=CURVE_STYLE('',#1556,POSITIVE_LENGTH_MEASURE(2.E-2),#1549);
#2670=PRESENTATION_STYLE_ASSIGNMENT((#2669));
#2671=STYLED_ITEM('',(#2670),#2668);
#2672=CARTESIAN_POINT('',(4.E0,3.E1,-5.3E1));
#2673=DIRECTION('',(0.E0,-1.E0,0.E0));
#2674=DIRECTION('',(0.E0,0.E0,-1.E0));
#2675=AXIS2_PLACEMENT_3D('',#2672,#2673,#2674);
#2677=CURVE_STYLE('',#1556,POSITIVE_LENGTH_MEASURE(2.E-2),#1549);
#2678=PRESENTATION_STYLE_ASSIGNMENT((#2677));
#2679=STYLED_ITEM('',(#2678),#2676);
#2680=DIRECTION('',(0.E0,0.E0,-1.E0));
#2681=VECTOR('',#2680,5.1E1);
#2682=CARTESIAN_POINT('',(6.E0,3.E1,-2.E0));
#2683=LINE('',#2682,#2681);
#2684=CURVE_STYLE('',#1556,POSITIVE_LENGTH_MEASURE(2.E-2),#1549);
#2685=PRESENTATION_STYLE_ASSIGNMENT((#2684));
#2686=STYLED_ITEM('',(#2685),#2683);
#2687=DIRECTION('',(1.E0,0.E0,0.E0));
#2688=VECTOR('',#2687,4.E0);
#2689=CARTESIAN_POINT('',(2.E0,3.E1,-2.E0));
#2690=LINE('',#2689,#2688);
#2691=CURVE_STYLE('',#1556,POSITIVE_LENGTH_MEASURE(2.E-2),#1549);
#2692=PRESENTATION_STYLE_ASSIGNMENT((#2691));
#2693=STYLED_ITEM('',(#2692),#2690);
#2694=DIRECTION('',(1.E0,0.E0,0.E0));
#2695=VECTOR('',#2694,2.E0);
#2696=CARTESIAN_POINT('',(2.E0,3.E1,-5.5E1));
#2697=LINE('',#2696,#2695);
#2698=CURVE_STYLE('',#1556,POSITIVE_LENGTH_MEASURE(2.E-2),#1549);
#2699=PRESENTATION_STYLE_ASSIGNMENT((#2698));
#2700=STYLED_ITEM('',(#2699),#2697);
#2701=DIRECTION('',(0.E0,1.E0,0.E0));
#2702=VECTOR('',#2701,1.5E0);
#2703=CARTESIAN_POINT('',(6.E0,2.85E1,-5.3E1));
#2704=LINE('',#2703,#2702);
#2705=CURVE_STYLE('',#1556,POSITIVE_LENGTH_MEASURE(2.E-2),#1549);
#2706=PRESENTATION_STYLE_ASSIGNMENT((#2705));
#2707=STYLED_ITEM('',(#2706),#2704);
#2708=DIRECTION('',(0.E0,-1.E0,0.E0));
#2709=VECTOR('',#2708,1.5E0);
#2710=CARTESIAN_POINT('',(6.E0,3.E1,-2.E0));
#2711=LINE('',#2710,#2709);
#2712=CURVE_STYLE('',#1556,POSITIVE_LENGTH_MEASURE(2.E-2),#1549);
#2713=PRESENTATION_STYLE_ASSIGNMENT((#2712));
#2714=STYLED_ITEM('',(#2713),#2711);
#2715=CARTESIAN_POINT('',(4.E0,2.85E1,-5.3E1));
#2716=DIRECTION('',(0.E0,1.E0,0.E0));
#2717=DIRECTION('',(1.E0,0.E0,0.E0));
#2718=AXIS2_PLACEMENT_3D('',#2715,#2716,#2717);
#2720=CURVE_STYLE('',#1556,POSITIVE_LENGTH_MEASURE(2.E-2),#1549);
#2721=PRESENTATION_STYLE_ASSIGNMENT((#2720));
#2722=STYLED_ITEM('',(#2721),#2719);
#2723=DIRECTION('',(1.E0,0.E0,0.E0));
#2724=VECTOR('',#2723,2.E0);
#2725=CARTESIAN_POINT('',(2.E0,2.85E1,-5.5E1));
#2726=LINE('',#2725,#2724);
#2727=CURVE_STYLE('',#1556,POSITIVE_LENGTH_MEASURE(2.E-2),#1549);
#2728=PRESENTATION_STYLE_ASSIGNMENT((#2727));
#2729=STYLED_ITEM('',(#2728),#2726);
#2730=DIRECTION('',(-1.E0,0.E0,0.E0));
#2731=VECTOR('',#2730,4.E0);
#2732=CARTESIAN_POINT('',(6.E0,2.85E1,-2.E0));
#2733=LINE('',#2732,#2731);
#2734=CURVE_STYLE('',#1556,POSITIVE_LENGTH_MEASURE(2.E-2),#1549);
#2735=PRESENTATION_STYLE_ASSIGNMENT((#2734));
#2736=STYLED_ITEM('',(#2735),#2733);
#2737=DIRECTION('',(0.E0,0.E0,1.E0));
#2738=VECTOR('',#2737,5.1E1);
#2739=CARTESIAN_POINT('',(6.E0,2.85E1,-5.3E1));
#2740=LINE('',#2739,#2738);
#2741=CURVE_STYLE('',#1556,POSITIVE_LENGTH_MEASURE(2.E-2),#1549);
#2742=PRESENTATION_STYLE_ASSIGNMENT((#2741));
#2743=STYLED_ITEM('',(#2742),#2740);
#2744=DIRECTION('',(0.E0,-1.E0,0.E0));
#2745=VECTOR('',#2744,1.5E0);
#2746=CARTESIAN_POINT('',(2.E0,3.E1,-2.E0));
#2747=LINE('',#2746,#2745);
#2748=CURVE_STYLE('',#1556,POSITIVE_LENGTH_MEASURE(2.E-2),#1549);
#2749=PRESENTATION_STYLE_ASSIGNMENT((#2748));
#2750=STYLED_ITEM('',(#2749),#2747);
#2751=DIRECTION('',(1.E0,0.E0,0.E0));
#2752=VECTOR('',#2751,1.5E0);
#2753=CARTESIAN_POINT('',(0.E0,1.75E1,-4.225E1));
#2754=LINE('',#2753,#2752);
#2755=CURVE_STYLE('',#1556,POSITIVE_LENGTH_MEASURE(2.E-2),#1549);
#2756=PRESENTATION_STYLE_ASSIGNMENT((#2755));
#2757=STYLED_ITEM('',(#2756),#2754);
#2758=DIRECTION('',(1.E0,0.E0,0.E0));
#2759=VECTOR('',#2758,1.5E0);
#2760=CARTESIAN_POINT('',(0.E0,1.75E1,-4.675E1));
#2761=LINE('',#2760,#2759);
#2762=CURVE_STYLE('',#1556,POSITIVE_LENGTH_MEASURE(2.E-2),#1549);
#2763=PRESENTATION_STYLE_ASSIGNMENT((#2762));
#2764=STYLED_ITEM('',(#2763),#2761);
#2765=DIRECTION('',(1.E0,0.E0,0.E0));
#2766=VECTOR('',#2765,1.5E0);
#2767=CARTESIAN_POINT('',(0.E0,-1.75E1,-4.225E1));
#2768=LINE('',#2767,#2766);
#2769=CURVE_STYLE('',#1556,POSITIVE_LENGTH_MEASURE(2.E-2),#1549);
#2770=PRESENTATION_STYLE_ASSIGNMENT((#2769));
#2771=STYLED_ITEM('',(#2770),#2768);
#2772=DIRECTION('',(1.E0,0.E0,0.E0));
#2773=VECTOR('',#2772,1.5E0);
#2774=CARTESIAN_POINT('',(0.E0,-1.75E1,-4.675E1));
#2775=LINE('',#2774,#2773);
#2776=CURVE_STYLE('',#1556,POSITIVE_LENGTH_MEASURE(2.E-2),#1549);
#2777=PRESENTATION_STYLE_ASSIGNMENT((#2776));
#2778=STYLED_ITEM('',(#2777),#2775);
#2779=DIRECTION('',(1.E0,0.E0,0.E0));
#2780=VECTOR('',#2779,1.5E0);
#2781=CARTESIAN_POINT('',(0.E0,-1.75E1,-1.3E1));
#2782=LINE('',#2781,#2780);
#2783=CURVE_STYLE('',#1556,POSITIVE_LENGTH_MEASURE(2.E-2),#1549);
#2784=PRESENTATION_STYLE_ASSIGNMENT((#2783));
#2785=STYLED_ITEM('',(#2784),#2782);
#2786=DIRECTION('',(1.E0,0.E0,0.E0));
#2787=VECTOR('',#2786,1.5E0);
#2788=CARTESIAN_POINT('',(0.E0,-1.75E1,-2.3E1));
#2789=LINE('',#2788,#2787);
#2790=CURVE_STYLE('',#1556,POSITIVE_LENGTH_MEASURE(2.E-2),#1549);
#2791=PRESENTATION_STYLE_ASSIGNMENT((#2790));
#2792=STYLED_ITEM('',(#2791),#2789);
#2793=DIRECTION('',(1.E0,0.E0,0.E0));
#2794=VECTOR('',#2793,1.5E0);
#2795=CARTESIAN_POINT('',(0.E0,-1.35E1,-2.7E1));
#2796=LINE('',#2795,#2794);
#2797=CURVE_STYLE('',#1556,POSITIVE_LENGTH_MEASURE(2.E-2),#1549);
#2798=PRESENTATION_STYLE_ASSIGNMENT((#2797));
#2799=STYLED_ITEM('',(#2798),#2796);
#2800=DIRECTION('',(1.E0,0.E0,0.E0));
#2801=VECTOR('',#2800,1.5E0);
#2802=CARTESIAN_POINT('',(0.E0,1.35E1,-2.7E1));
#2803=LINE('',#2802,#2801);
#2804=CURVE_STYLE('',#1556,POSITIVE_LENGTH_MEASURE(2.E-2),#1549);
#2805=PRESENTATION_STYLE_ASSIGNMENT((#2804));
#2806=STYLED_ITEM('',(#2805),#2803);
#2807=DIRECTION('',(1.E0,0.E0,0.E0));
#2808=VECTOR('',#2807,1.5E0);
#2809=CARTESIAN_POINT('',(0.E0,1.75E1,-2.3E1));
#2810=LINE('',#2809,#2808);
#2811=CURVE_STYLE('',#1556,POSITIVE_LENGTH_MEASURE(2.E-2),#1549);
#2812=PRESENTATION_STYLE_ASSIGNMENT((#2811));
#2813=STYLED_ITEM('',(#2812),#2810);
#2814=DIRECTION('',(1.E0,0.E0,0.E0));
#2815=VECTOR('',#2814,1.5E0);
#2816=CARTESIAN_POINT('',(0.E0,1.75E1,-1.3E1));
#2817=LINE('',#2816,#2815);
#2818=CURVE_STYLE('',#1556,POSITIVE_LENGTH_MEASURE(2.E-2),#1549);
#2819=PRESENTATION_STYLE_ASSIGNMENT((#2818));
#2820=STYLED_ITEM('',(#2819),#2817);
#2821=DIRECTION('',(1.E0,0.E0,0.E0));
#2822=VECTOR('',#2821,1.5E0);
#2823=CARTESIAN_POINT('',(0.E0,1.35E1,-9.E0));
#2824=LINE('',#2823,#2822);
#2825=CURVE_STYLE('',#1556,POSITIVE_LENGTH_MEASURE(2.E-2),#1549);
#2826=PRESENTATION_STYLE_ASSIGNMENT((#2825));
#2827=STYLED_ITEM('',(#2826),#2824);
#2828=DIRECTION('',(1.E0,0.E0,0.E0));
#2829=VECTOR('',#2828,1.5E0);
#2830=CARTESIAN_POINT('',(0.E0,-1.35E1,-9.E0));
#2831=LINE('',#2830,#2829);
#2832=CURVE_STYLE('',#1556,POSITIVE_LENGTH_MEASURE(2.E-2),#1549);
#2833=PRESENTATION_STYLE_ASSIGNMENT((#2832));
#2834=STYLED_ITEM('',(#2833),#2831);
#2835=CARTESIAN_POINT('',(2.E0,3.E1,-2.E0));
#2836=CARTESIAN_POINT('',(6.E0,3.E1,-2.E0));
#2837=VERTEX_POINT('',#2835);
#2838=VERTEX_POINT('',#2836);
#2839=CARTESIAN_POINT('',(2.E0,3.E1,-5.5E1));
#2840=VERTEX_POINT('',#2839);
#2841=CARTESIAN_POINT('',(0.E0,2.8E1,-5.5E1));
#2842=VERTEX_POINT('',#2841);
#2843=CARTESIAN_POINT('',(0.E0,2.8E1,-2.E0));
#2844=VERTEX_POINT('',#2843);
#2845=CARTESIAN_POINT('',(6.E0,2.85E1,-2.E0));
#2846=CARTESIAN_POINT('',(2.E0,2.85E1,-2.E0));
#2847=VERTEX_POINT('',#2845);
#2848=VERTEX_POINT('',#2846);
#2849=CARTESIAN_POINT('',(2.E0,2.85E1,-5.5E1));
#2850=VERTEX_POINT('',#2849);
#2851=CARTESIAN_POINT('',(1.5E0,2.8E1,-5.5E1));
#2852=VERTEX_POINT('',#2851);
#2853=CARTESIAN_POINT('',(1.5E0,2.8E1,-2.E0));
#2854=VERTEX_POINT('',#2853);
#2855=CARTESIAN_POINT('',(2.E0,3.E1,0.E0));
#2856=CARTESIAN_POINT('',(2.E0,2.8E1,0.E0));
#2857=VERTEX_POINT('',#2855);
#2858=VERTEX_POINT('',#2856);
#2859=CARTESIAN_POINT('',(2.E0,3.E1,-1.5E0));
#2860=CARTESIAN_POINT('',(2.E0,2.8E1,-1.5E0));
#2861=VERTEX_POINT('',#2859);
#2862=VERTEX_POINT('',#2860);
#2863=CARTESIAN_POINT('',(0.E0,-2.7E1,-5.5E1));
#2864=VERTEX_POINT('',#2863);
#2865=CARTESIAN_POINT('',(1.5E0,-2.7E1,-5.5E1));
#2866=VERTEX_POINT('',#2865);
#2867=CARTESIAN_POINT('',(3.E0,-3.E1,-2.E0));
#2868=CARTESIAN_POINT('',(6.E0,-3.E1,-2.E0));
#2869=VERTEX_POINT('',#2867);
#2870=VERTEX_POINT('',#2868);
#2871=CARTESIAN_POINT('',(3.E0,-3.E1,-5.5E1));
#2872=VERTEX_POINT('',#2871);
#2873=CARTESIAN_POINT('',(0.E0,-2.7E1,-2.E0));
#2874=VERTEX_POINT('',#2873);
#2875=CARTESIAN_POINT('',(3.E0,-2.85E1,-2.E0));
#2876=CARTESIAN_POINT('',(6.E0,-2.85E1,-2.E0));
#2877=VERTEX_POINT('',#2875);
#2878=VERTEX_POINT('',#2876);
#2879=CARTESIAN_POINT('',(3.E0,-2.85E1,-5.5E1));
#2880=VERTEX_POINT('',#2879);
#2881=CARTESIAN_POINT('',(1.5E0,-2.7E1,-2.E0));
#2882=VERTEX_POINT('',#2881);
#2883=CARTESIAN_POINT('',(2.E0,-3.E1,0.E0));
#2884=CARTESIAN_POINT('',(2.E0,-2.7E1,0.E0));
#2885=VERTEX_POINT('',#2883);
#2886=VERTEX_POINT('',#2884);
#2887=CARTESIAN_POINT('',(2.E0,-3.E1,-1.5E0));
#2888=CARTESIAN_POINT('',(2.E0,-2.7E1,-1.5E0));
#2889=VERTEX_POINT('',#2887);
#2890=VERTEX_POINT('',#2888);
#2891=CARTESIAN_POINT('',(1.45E1,4.E0,5.E-1));
#2892=CARTESIAN_POINT('',(1.3E1,4.E0,5.E-1));
#2893=VERTEX_POINT('',#2891);
#2894=VERTEX_POINT('',#2892);
#2895=CARTESIAN_POINT('',(1.3E1,-1.E0,5.E-1));
#2896=CARTESIAN_POINT('',(1.3E1,-1.E0,1.5E0));
#2897=VERTEX_POINT('',#2895);
#2898=VERTEX_POINT('',#2896);
#2899=CARTESIAN_POINT('',(1.25E1,-1.E0,0.E0));
#2900=VERTEX_POINT('',#2899);
#2901=CARTESIAN_POINT('',(1.45E1,-1.E0,5.E-1));
#2902=CARTESIAN_POINT('',(1.45E1,-1.E0,1.5E0));
#2903=VERTEX_POINT('',#2901);
#2904=VERTEX_POINT('',#2902);
#2905=CARTESIAN_POINT('',(1.25E1,-1.E0,-1.5E0));
#2906=VERTEX_POINT('',#2905);
#2907=CARTESIAN_POINT('',(5.825E0,2.25E1,0.E0));
#2908=CARTESIAN_POINT('',(1.2175E1,2.25E1,0.E0));
#2909=VERTEX_POINT('',#2907);
#2910=VERTEX_POINT('',#2908);
#2911=CARTESIAN_POINT('',(5.825E0,2.25E1,-1.5E0));
#2912=CARTESIAN_POINT('',(1.2175E1,2.25E1,-1.5E0));
#2913=VERTEX_POINT('',#2911);
#2914=VERTEX_POINT('',#2912);
#2915=CARTESIAN_POINT('',(0.E0,1.75E1,-4.675E1));
#2916=CARTESIAN_POINT('',(0.E0,1.75E1,-4.225E1));
#2917=VERTEX_POINT('',#2915);
#2918=VERTEX_POINT('',#2916);
#2919=CARTESIAN_POINT('',(0.E0,-1.75E1,-4.675E1));
#2920=CARTESIAN_POINT('',(0.E0,-1.75E1,-4.225E1));
#2921=VERTEX_POINT('',#2919);
#2922=VERTEX_POINT('',#2920);
#2923=CARTESIAN_POINT('',(1.5E0,1.75E1,-4.675E1));
#2924=CARTESIAN_POINT('',(1.5E0,1.75E1,-4.225E1));
#2925=VERTEX_POINT('',#2923);
#2926=VERTEX_POINT('',#2924);
#2927=CARTESIAN_POINT('',(1.5E0,-1.75E1,-4.675E1));
#2928=CARTESIAN_POINT('',(1.5E0,-1.75E1,-4.225E1));
#2929=VERTEX_POINT('',#2927);
#2930=VERTEX_POINT('',#2928);
#2931=CARTESIAN_POINT('',(0.E0,-1.75E1,-1.3E1));
#2932=CARTESIAN_POINT('',(0.E0,-1.75E1,-2.3E1));
#2933=VERTEX_POINT('',#2931);
#2934=VERTEX_POINT('',#2932);
#2935=CARTESIAN_POINT('',(0.E0,-1.35E1,-2.7E1));
#2936=VERTEX_POINT('',#2935);
#2937=CARTESIAN_POINT('',(0.E0,1.35E1,-2.7E1));
#2938=VERTEX_POINT('',#2937);
#2939=CARTESIAN_POINT('',(0.E0,1.75E1,-2.3E1));
#2940=VERTEX_POINT('',#2939);
#2941=CARTESIAN_POINT('',(0.E0,1.75E1,-1.3E1));
#2942=VERTEX_POINT('',#2941);
#2943=CARTESIAN_POINT('',(0.E0,1.35E1,-9.E0));
#2944=VERTEX_POINT('',#2943);
#2945=CARTESIAN_POINT('',(0.E0,-1.35E1,-9.E0));
#2946=VERTEX_POINT('',#2945);
#2947=CARTESIAN_POINT('',(1.5E0,-1.75E1,-1.3E1));
#2948=CARTESIAN_POINT('',(1.5E0,-1.75E1,-2.3E1));
#2949=VERTEX_POINT('',#2947);
#2950=VERTEX_POINT('',#2948);
#2951=CARTESIAN_POINT('',(1.5E0,-1.35E1,-2.7E1));
#2952=VERTEX_POINT('',#2951);
#2953=CARTESIAN_POINT('',(1.5E0,1.35E1,-2.7E1));
#2954=VERTEX_POINT('',#2953);
#2955=CARTESIAN_POINT('',(1.5E0,1.75E1,-2.3E1));
#2956=VERTEX_POINT('',#2955);
#2957=CARTESIAN_POINT('',(1.5E0,1.75E1,-1.3E1));
#2958=VERTEX_POINT('',#2957);
#2959=CARTESIAN_POINT('',(1.5E0,1.35E1,-9.E0));
#2960=VERTEX_POINT('',#2959);
#2961=CARTESIAN_POINT('',(1.5E0,-1.35E1,-9.E0));
#2962=VERTEX_POINT('',#2961);
#2963=CARTESIAN_POINT('',(1.45E1,-2.8E1,0.E0));
#2964=CARTESIAN_POINT('',(1.25E1,-3.E1,0.E0));
#2965=VERTEX_POINT('',#2963);
#2966=VERTEX_POINT('',#2964);
#2967=CARTESIAN_POINT('',(1.25E1,-3.E1,-1.5E0));
#2968=VERTEX_POINT('',#2967);
#2969=CARTESIAN_POINT('',(1.45E1,-2.8E1,-1.5E0));
#2970=VERTEX_POINT('',#2969);
#2971=CARTESIAN_POINT('',(4.E0,3.E1,-5.5E1));
#2972=CARTESIAN_POINT('',(6.E0,3.E1,-5.3E1));
#2973=VERTEX_POINT('',#2971);
#2974=VERTEX_POINT('',#2972);
#2975=CARTESIAN_POINT('',(6.E0,2.85E1,-5.3E1));
#2976=VERTEX_POINT('',#2975);
#2977=CARTESIAN_POINT('',(4.E0,2.85E1,-5.5E1));
#2978=VERTEX_POINT('',#2977);
#2979=CARTESIAN_POINT('',(6.E0,-3.E1,-5.3E1));
#2980=CARTESIAN_POINT('',(4.E0,-3.E1,-5.5E1));
#2981=VERTEX_POINT('',#2979);
#2982=VERTEX_POINT('',#2980);
#2983=CARTESIAN_POINT('',(4.E0,-2.85E1,-5.5E1));
#2984=VERTEX_POINT('',#2983);
#2985=CARTESIAN_POINT('',(6.E0,-2.85E1,-5.3E1));
#2986=VERTEX_POINT('',#2985);
#2987=CARTESIAN_POINT('',(1.45E1,-7.5E0,0.E0));
#2988=VERTEX_POINT('',#2987);
#2989=CARTESIAN_POINT('',(1.45E1,-7.5E0,-1.5E0));
#2990=VERTEX_POINT('',#2989);
#2991=CARTESIAN_POINT('',(1.45E1,2.E0,4.E0));
#2992=CARTESIAN_POINT('',(1.45E1,4.E0,2.E0));
#2993=VERTEX_POINT('',#2991);
#2994=VERTEX_POINT('',#2992);
#2995=CARTESIAN_POINT('',(1.3E1,4.E0,2.E0));
#2996=VERTEX_POINT('',#2995);
#2997=CARTESIAN_POINT('',(1.3E1,2.E0,4.E0));
#2998=VERTEX_POINT('',#2997);
#2999=CARTESIAN_POINT('',(1.25E1,-5.5E0,-1.5E0));
#3000=VERTEX_POINT('',#2999);
#3001=CARTESIAN_POINT('',(1.25E1,-5.5E0,0.E0));
#3002=VERTEX_POINT('',#3001);
#3003=CARTESIAN_POINT('',(1.3E1,-4.E0,2.5E0));
#3004=CARTESIAN_POINT('',(1.3E1,-3.E0,1.5E0));
#3005=VERTEX_POINT('',#3003);
#3006=VERTEX_POINT('',#3004);
#3007=CARTESIAN_POINT('',(1.45E1,-3.E0,1.5E0));
#3008=VERTEX_POINT('',#3007);
#3009=CARTESIAN_POINT('',(1.45E1,-4.E0,2.5E0));
#3010=VERTEX_POINT('',#3009);
#3011=CARTESIAN_POINT('',(1.45E1,-4.E0,3.E0));
#3012=CARTESIAN_POINT('',(1.45E1,-3.E0,4.E0));
#3013=VERTEX_POINT('',#3011);
#3014=VERTEX_POINT('',#3012);
#3015=CARTESIAN_POINT('',(1.3E1,-3.E0,4.E0));
#3016=VERTEX_POINT('',#3015);
#3017=CARTESIAN_POINT('',(1.3E1,-4.E0,3.E0));
#3018=VERTEX_POINT('',#3017);
#3019=CARTESIAN_POINT('',(5.825E0,-2.25E1,0.E0));
#3020=CARTESIAN_POINT('',(1.2175E1,-2.25E1,0.E0));
#3021=VERTEX_POINT('',#3019);
#3022=VERTEX_POINT('',#3020);
#3023=CARTESIAN_POINT('',(5.825E0,-2.25E1,-1.5E0));
#3024=CARTESIAN_POINT('',(1.2175E1,-2.25E1,-1.5E0));
#3025=VERTEX_POINT('',#3023);
#3026=VERTEX_POINT('',#3024);
#3027=CARTESIAN_POINT('',(1.25E1,4.E0,-1.5E0));
#3028=CARTESIAN_POINT('',(1.25E1,4.E0,0.E0));
#3029=VERTEX_POINT('',#3027);
#3030=VERTEX_POINT('',#3028);
#3031=CARTESIAN_POINT('',(1.25E1,3.E1,1.421085471520E-14));
#3032=CARTESIAN_POINT('',(1.45E1,2.8E1,1.421085471520E-14));
#3033=VERTEX_POINT('',#3031);
#3034=VERTEX_POINT('',#3032);
#3035=CARTESIAN_POINT('',(1.45E1,2.8E1,-1.5E0));
#3036=VERTEX_POINT('',#3035);
#3037=CARTESIAN_POINT('',(1.25E1,3.E1,-1.5E0));
#3038=VERTEX_POINT('',#3037);
#3039=CARTESIAN_POINT('',(1.45E1,7.5E0,-1.421085471520E-14));
#3040=CARTESIAN_POINT('',(1.25E1,5.5E0,-1.421085471520E-14));
#3041=VERTEX_POINT('',#3039);
#3042=VERTEX_POINT('',#3040);
#3043=CARTESIAN_POINT('',(1.25E1,5.5E0,-1.5E0));
#3044=VERTEX_POINT('',#3043);
#3045=CARTESIAN_POINT('',(1.45E1,7.5E0,-1.5E0));
#3046=VERTEX_POINT('',#3045);
#3047=CARTESIAN_POINT('',(0.E0,0.E0,0.E0));
#3048=DIRECTION('',(0.E0,0.E0,1.E0));
#3049=DIRECTION('',(1.E0,0.E0,0.E0));
#3050=AXIS2_PLACEMENT_3D('',#3047,#3048,#3049);
#3051=PLANE('',#3050);
#3053=ORIENTED_EDGE('',*,*,#3052,.T.);
#3055=ORIENTED_EDGE('',*,*,#3054,.F.);
#3057=ORIENTED_EDGE('',*,*,#3056,.T.);
#3059=ORIENTED_EDGE('',*,*,#3058,.F.);
#3061=ORIENTED_EDGE('',*,*,#3060,.F.);
#3063=ORIENTED_EDGE('',*,*,#3062,.F.);
#3065=ORIENTED_EDGE('',*,*,#3064,.T.);
#3067=ORIENTED_EDGE('',*,*,#3066,.F.);
#3069=ORIENTED_EDGE('',*,*,#3068,.T.);
#3071=ORIENTED_EDGE('',*,*,#3070,.F.);
#3073=ORIENTED_EDGE('',*,*,#3072,.T.);
#3075=ORIENTED_EDGE('',*,*,#3074,.T.);
#3077=ORIENTED_EDGE('',*,*,#3076,.T.);
#3079=ORIENTED_EDGE('',*,*,#3078,.F.);
#3080=EDGE_LOOP('',(#3053,#3055,#3057,#3059,#3061,#3063,#3065,#3067,#3069,#3071,
#3073,#3075,#3077,#3079));
#3081=FACE_OUTER_BOUND('',#3080,.F.);
#3083=ORIENTED_EDGE('',*,*,#3082,.T.);
#3085=ORIENTED_EDGE('',*,*,#3084,.T.);
#3086=EDGE_LOOP('',(#3083,#3085));
#3087=FACE_BOUND('',#3086,.F.);
#3089=ORIENTED_EDGE('',*,*,#3088,.T.);
#3091=ORIENTED_EDGE('',*,*,#3090,.T.);
#3092=EDGE_LOOP('',(#3089,#3091));
#3093=FACE_BOUND('',#3092,.F.);
#3094=ADVANCED_FACE('',(#3081,#3087,#3093),#3051,.T.);
#3095=CARTESIAN_POINT('',(9.E0,2.25E1,-7.5E-1));
#3096=DIRECTION('',(0.E0,0.E0,1.E0));
#3097=DIRECTION('',(-1.E0,0.E0,0.E0));
#3098=AXIS2_PLACEMENT_3D('',#3095,#3096,#3097);
#3099=CYLINDRICAL_SURFACE('',#3098,3.175E0);
#3100=ORIENTED_EDGE('',*,*,#3088,.F.);
#3102=ORIENTED_EDGE('',*,*,#3101,.T.);
#3104=ORIENTED_EDGE('',*,*,#3103,.T.);
#3106=ORIENTED_EDGE('',*,*,#3105,.F.);
#3107=EDGE_LOOP('',(#3100,#3102,#3104,#3106));
#3108=FACE_OUTER_BOUND('',#3107,.F.);
#3109=ADVANCED_FACE('',(#3108),#3099,.F.);
#3110=CARTESIAN_POINT('',(9.E0,2.25E1,-7.5E-1));
#3111=DIRECTION('',(0.E0,0.E0,1.E0));
#3112=DIRECTION('',(1.E0,0.E0,0.E0));
#3113=AXIS2_PLACEMENT_3D('',#3110,#3111,#3112);
#3114=CYLINDRICAL_SURFACE('',#3113,3.175E0);
#3115=ORIENTED_EDGE('',*,*,#3090,.F.);
#3116=ORIENTED_EDGE('',*,*,#3105,.T.);
#3118=ORIENTED_EDGE('',*,*,#3117,.T.);
#3119=ORIENTED_EDGE('',*,*,#3101,.F.);
#3120=EDGE_LOOP('',(#3115,#3116,#3118,#3119));
#3121=FACE_OUTER_BOUND('',#3120,.F.);
#3122=ADVANCED_FACE('',(#3121),#3114,.F.);
#3123=CARTESIAN_POINT('',(0.E0,0.E0,-1.5E0));
#3124=DIRECTION('',(0.E0,0.E0,1.E0));
#3125=DIRECTION('',(1.E0,0.E0,0.E0));
#3126=AXIS2_PLACEMENT_3D('',#3123,#3124,#3125);
#3127=PLANE('',#3126);
#3129=ORIENTED_EDGE('',*,*,#3128,.T.);
#3131=ORIENTED_EDGE('',*,*,#3130,.T.);
#3133=ORIENTED_EDGE('',*,*,#3132,.T.);
#3135=ORIENTED_EDGE('',*,*,#3134,.T.);
#3137=ORIENTED_EDGE('',*,*,#3136,.F.);
#3139=ORIENTED_EDGE('',*,*,#3138,.T.);
#3141=ORIENTED_EDGE('',*,*,#3140,.T.);
#3143=ORIENTED_EDGE('',*,*,#3142,.T.);
#3145=ORIENTED_EDGE('',*,*,#3144,.T.);
#3147=ORIENTED_EDGE('',*,*,#3146,.T.);
#3149=ORIENTED_EDGE('',*,*,#3148,.T.);
#3151=ORIENTED_EDGE('',*,*,#3150,.T.);
#3153=ORIENTED_EDGE('',*,*,#3152,.F.);
#3155=ORIENTED_EDGE('',*,*,#3154,.T.);
#3156=EDGE_LOOP('',(#3129,#3131,#3133,#3135,#3137,#3139,#3141,#3143,#3145,#3147,
#3149,#3151,#3153,#3155));
#3157=FACE_OUTER_BOUND('',#3156,.F.);
#3158=ORIENTED_EDGE('',*,*,#3103,.F.);
#3159=ORIENTED_EDGE('',*,*,#3117,.F.);
#3160=EDGE_LOOP('',(#3158,#3159));
#3161=FACE_BOUND('',#3160,.F.);
#3163=ORIENTED_EDGE('',*,*,#3162,.F.);
#3165=ORIENTED_EDGE('',*,*,#3164,.F.);
#3166=EDGE_LOOP('',(#3163,#3165));
#3167=FACE_BOUND('',#3166,.F.);
#3168=ADVANCED_FACE('',(#3157,#3161,#3167),#3127,.F.);
#3169=CARTESIAN_POINT('',(9.E0,-2.25E1,-7.5E-1));
#3170=DIRECTION('',(0.E0,0.E0,1.E0));
#3171=DIRECTION('',(-1.E0,0.E0,0.E0));
#3172=AXIS2_PLACEMENT_3D('',#3169,#3170,#3171);
#3173=CYLINDRICAL_SURFACE('',#3172,3.175E0);
#3174=ORIENTED_EDGE('',*,*,#3082,.F.);
#3176=ORIENTED_EDGE('',*,*,#3175,.T.);
#3177=ORIENTED_EDGE('',*,*,#3162,.T.);
#3179=ORIENTED_EDGE('',*,*,#3178,.F.);
#3180=EDGE_LOOP('',(#3174,#3176,#3177,#3179));
#3181=FACE_OUTER_BOUND('',#3180,.F.);
#3182=ADVANCED_FACE('',(#3181),#3173,.F.);
#3183=CARTESIAN_POINT('',(9.E0,-2.25E1,-7.5E-1));
#3184=DIRECTION('',(0.E0,0.E0,1.E0));
#3185=DIRECTION('',(1.E0,0.E0,0.E0));
#3186=AXIS2_PLACEMENT_3D('',#3183,#3184,#3185);
#3187=CYLINDRICAL_SURFACE('',#3186,3.175E0);
#3188=ORIENTED_EDGE('',*,*,#3084,.F.);
#3189=ORIENTED_EDGE('',*,*,#3178,.T.);
#3190=ORIENTED_EDGE('',*,*,#3164,.T.);
#3191=ORIENTED_EDGE('',*,*,#3175,.F.);
#3192=EDGE_LOOP('',(#3188,#3189,#3190,#3191));
#3193=FACE_OUTER_BOUND('',#3192,.F.);
#3194=ADVANCED_FACE('',(#3193),#3187,.F.);
#3195=CARTESIAN_POINT('',(1.25E1,-2.8E1,-1.319124E2));
#3196=DIRECTION('',(0.E0,0.E0,-1.E0));
#3197=DIRECTION('',(1.E0,0.E0,0.E0));
#3198=AXIS2_PLACEMENT_3D('',#3195,#3196,#3197);
#3199=CYLINDRICAL_SURFACE('',#3198,2.E0);
#3200=ORIENTED_EDGE('',*,*,#3052,.F.);
#3202=ORIENTED_EDGE('',*,*,#3201,.F.);
#3203=ORIENTED_EDGE('',*,*,#3128,.F.);
#3205=ORIENTED_EDGE('',*,*,#3204,.T.);
#3206=EDGE_LOOP('',(#3200,#3202,#3203,#3205));
#3207=FACE_OUTER_BOUND('',#3206,.F.);
#3208=ADVANCED_FACE('',(#3207),#3199,.T.);
#3209=CARTESIAN_POINT('',(1.45E1,-1.421085471520E-14,-7.5E-1));
#3210=DIRECTION('',(1.E0,0.E0,0.E0));
#3211=DIRECTION('',(0.E0,1.E0,0.E0));
#3212=AXIS2_PLACEMENT_3D('',#3209,#3210,#3211);
#3213=PLANE('',#3212);
#3214=ORIENTED_EDGE('',*,*,#3201,.T.);
#3215=ORIENTED_EDGE('',*,*,#3078,.T.);
#3217=ORIENTED_EDGE('',*,*,#3216,.T.);
#3218=ORIENTED_EDGE('',*,*,#3130,.F.);
#3219=EDGE_LOOP('',(#3214,#3215,#3217,#3218));
#3220=FACE_OUTER_BOUND('',#3219,.F.);
#3221=ADVANCED_FACE('',(#3220),#3213,.T.);
#3222=CARTESIAN_POINT('',(1.45E1,-1.421085471520E-14,-7.5E-1));
#3223=DIRECTION('',(1.E0,0.E0,0.E0));
#3224=DIRECTION('',(0.E0,1.E0,0.E0));
#3225=AXIS2_PLACEMENT_3D('',#3222,#3223,#3224);
#3226=PLANE('',#3225);
#3228=ORIENTED_EDGE('',*,*,#3227,.F.);
#3229=ORIENTED_EDGE('',*,*,#3142,.F.);
#3231=ORIENTED_EDGE('',*,*,#3230,.T.);
#3232=ORIENTED_EDGE('',*,*,#3066,.T.);
#3233=EDGE_LOOP('',(#3228,#3229,#3231,#3232));
#3234=FACE_OUTER_BOUND('',#3233,.F.);
#3235=ADVANCED_FACE('',(#3234),#3226,.T.);
#3236=CARTESIAN_POINT('',(1.25E1,-7.5E0,8.09124E1));
#3237=DIRECTION('',(0.E0,0.E0,1.E0));
#3238=DIRECTION('',(1.E0,0.E0,0.E0));
#3239=AXIS2_PLACEMENT_3D('',#3236,#3237,#3238);
#3240=CYLINDRICAL_SURFACE('',#3239,2.E0);
#3241=ORIENTED_EDGE('',*,*,#3132,.F.);
#3242=ORIENTED_EDGE('',*,*,#3216,.F.);
#3243=ORIENTED_EDGE('',*,*,#3076,.F.);
#3245=ORIENTED_EDGE('',*,*,#3244,.T.);
#3246=EDGE_LOOP('',(#3241,#3242,#3243,#3245));
#3247=FACE_OUTER_BOUND('',#3246,.F.);
#3248=ADVANCED_FACE('',(#3247),#3240,.T.);
#3249=CARTESIAN_POINT('',(1.25E1,-4.E0,-8.267557075703E1));
#3250=DIRECTION('',(-1.E0,0.E0,0.E0));
#3251=DIRECTION('',(0.E0,-1.E0,0.E0));
#3252=AXIS2_PLACEMENT_3D('',#3249,#3250,#3251);
#3253=PLANE('',#3252);
#3254=ORIENTED_EDGE('',*,*,#3244,.F.);
#3255=ORIENTED_EDGE('',*,*,#3074,.F.);
#3257=ORIENTED_EDGE('',*,*,#3256,.T.);
#3258=ORIENTED_EDGE('',*,*,#3134,.F.);
#3259=EDGE_LOOP('',(#3254,#3255,#3257,#3258));
#3260=FACE_OUTER_BOUND('',#3259,.F.);
#3261=ADVANCED_FACE('',(#3260),#3253,.F.);
#3262=CARTESIAN_POINT('',(1.338388347648E1,-1.E0,-3.838834764832E-1));
#3263=DIRECTION('',(0.E0,1.E0,0.E0));
#3264=DIRECTION('',(0.E0,0.E0,-1.E0));
#3265=AXIS2_PLACEMENT_3D('',#3262,#3263,#3264);
#3266=PLANE('',#3265);
#3268=ORIENTED_EDGE('',*,*,#3267,.F.);
#3270=ORIENTED_EDGE('',*,*,#3269,.T.);
#3272=ORIENTED_EDGE('',*,*,#3271,.T.);
#3273=ORIENTED_EDGE('',*,*,#3256,.F.);
#3274=EDGE_LOOP('',(#3268,#3270,#3272,#3273));
#3275=FACE_OUTER_BOUND('',#3274,.F.);
#3276=ADVANCED_FACE('',(#3275),#3266,.F.);
#3277=CARTESIAN_POINT('',(1.25E1,4.E0,5.E-1));
#3278=DIRECTION('',(0.E0,1.E0,0.E0));
#3279=DIRECTION('',(1.E0,0.E0,0.E0));
#3280=AXIS2_PLACEMENT_3D('',#3277,#3278,#3279);
#3281=CYLINDRICAL_SURFACE('',#3280,5.E-1);
#3282=ORIENTED_EDGE('',*,*,#3267,.T.);
#3283=ORIENTED_EDGE('',*,*,#3072,.F.);
#3285=ORIENTED_EDGE('',*,*,#3284,.T.);
#3287=ORIENTED_EDGE('',*,*,#3286,.T.);
#3288=EDGE_LOOP('',(#3282,#3283,#3285,#3287));
#3289=FACE_OUTER_BOUND('',#3288,.F.);
#3290=ADVANCED_FACE('',(#3289),#3281,.F.);
#3291=CARTESIAN_POINT('',(1.338388347648E1,4.E0,-3.838834764832E-1));
#3292=DIRECTION('',(0.E0,-1.E0,0.E0));
#3293=DIRECTION('',(0.E0,0.E0,-1.E0));
#3294=AXIS2_PLACEMENT_3D('',#3291,#3292,#3293);
#3295=PLANE('',#3294);
#3297=ORIENTED_EDGE('',*,*,#3296,.F.);
#3299=ORIENTED_EDGE('',*,*,#3298,.T.);
#3301=ORIENTED_EDGE('',*,*,#3300,.T.);
#3302=ORIENTED_EDGE('',*,*,#3284,.F.);
#3303=EDGE_LOOP('',(#3297,#3299,#3301,#3302));
#3304=FACE_OUTER_BOUND('',#3303,.F.);
#3305=ADVANCED_FACE('',(#3304),#3295,.F.);
#3306=CARTESIAN_POINT('',(1.25E1,4.E0,8.117557075703E1));
#3307=DIRECTION('',(-1.E0,0.E0,0.E0));
#3308=DIRECTION('',(0.E0,1.E0,0.E0));
#3309=AXIS2_PLACEMENT_3D('',#3306,#3307,#3308);
#3310=PLANE('',#3309);
#3312=ORIENTED_EDGE('',*,*,#3311,.F.);
#3313=ORIENTED_EDGE('',*,*,#3138,.F.);
#3314=ORIENTED_EDGE('',*,*,#3296,.T.);
#3315=ORIENTED_EDGE('',*,*,#3070,.T.);
#3316=EDGE_LOOP('',(#3312,#3313,#3314,#3315));
#3317=FACE_OUTER_BOUND('',#3316,.F.);
#3318=ADVANCED_FACE('',(#3317),#3310,.F.);
#3319=CARTESIAN_POINT('',(1.25E1,7.5E0,-1.223933734253E2));
#3320=DIRECTION('',(0.E0,0.E0,-1.E0));
#3321=DIRECTION('',(1.E0,0.E0,0.E0));
#3322=AXIS2_PLACEMENT_3D('',#3319,#3320,#3321);
#3323=CYLINDRICAL_SURFACE('',#3322,2.E0);
#3324=ORIENTED_EDGE('',*,*,#3068,.F.);
#3325=ORIENTED_EDGE('',*,*,#3230,.F.);
#3326=ORIENTED_EDGE('',*,*,#3140,.F.);
#3327=ORIENTED_EDGE('',*,*,#3311,.T.);
#3328=EDGE_LOOP('',(#3324,#3325,#3326,#3327));
#3329=FACE_OUTER_BOUND('',#3328,.F.);
#3330=ADVANCED_FACE('',(#3329),#3323,.T.);
#3331=CARTESIAN_POINT('',(1.25E1,4.E0,5.E-1));
#3332=DIRECTION('',(0.E0,1.E0,0.E0));
#3333=DIRECTION('',(1.E0,0.E0,0.E0));
#3334=AXIS2_PLACEMENT_3D('',#3331,#3332,#3333);
#3335=CYLINDRICAL_SURFACE('',#3334,2.E0);
#3336=ORIENTED_EDGE('',*,*,#3271,.F.);
#3338=ORIENTED_EDGE('',*,*,#3337,.F.);
#3339=ORIENTED_EDGE('',*,*,#3298,.F.);
#3340=ORIENTED_EDGE('',*,*,#3136,.T.);
#3341=EDGE_LOOP('',(#3336,#3338,#3339,#3340));
#3342=FACE_OUTER_BOUND('',#3341,.F.);
#3343=ADVANCED_FACE('',(#3342),#3335,.T.);
#3344=CARTESIAN_POINT('',(1.45E1,-1.5744E1,-1.5E0));
#3345=DIRECTION('',(-1.E0,0.E0,0.E0));
#3346=DIRECTION('',(0.E0,-1.E0,0.E0));
#3347=AXIS2_PLACEMENT_3D('',#3344,#3345,#3346);
#3348=PLANE('',#3347);
#3350=ORIENTED_EDGE('',*,*,#3349,.T.);
#3352=ORIENTED_EDGE('',*,*,#3351,.T.);
#3353=ORIENTED_EDGE('',*,*,#3337,.T.);
#3355=ORIENTED_EDGE('',*,*,#3354,.T.);
#3357=ORIENTED_EDGE('',*,*,#3356,.F.);
#3359=ORIENTED_EDGE('',*,*,#3358,.T.);
#3361=ORIENTED_EDGE('',*,*,#3360,.T.);
#3363=ORIENTED_EDGE('',*,*,#3362,.T.);
#3365=ORIENTED_EDGE('',*,*,#3364,.T.);
#3366=EDGE_LOOP('',(#3350,#3352,#3353,#3355,#3357,#3359,#3361,#3363,#3365));
#3367=FACE_OUTER_BOUND('',#3366,.F.);
#3368=ADVANCED_FACE('',(#3367),#3348,.F.);
#3369=CARTESIAN_POINT('',(-1.89022E1,2.E0,2.E0));
#3370=DIRECTION('',(-1.E0,0.E0,0.E0));
#3371=DIRECTION('',(0.E0,0.E0,1.E0));
#3372=AXIS2_PLACEMENT_3D('',#3369,#3370,#3371);
#3373=CYLINDRICAL_SURFACE('',#3372,2.E0);
#3374=ORIENTED_EDGE('',*,*,#3349,.F.);
#3376=ORIENTED_EDGE('',*,*,#3375,.F.);
#3378=ORIENTED_EDGE('',*,*,#3377,.F.);
#3380=ORIENTED_EDGE('',*,*,#3379,.T.);
#3381=EDGE_LOOP('',(#3374,#3376,#3378,#3380));
#3382=FACE_OUTER_BOUND('',#3381,.F.);
#3383=ADVANCED_FACE('',(#3382),#3373,.T.);
#3384=CARTESIAN_POINT('',(1.375E1,0.E0,4.E0));
#3385=DIRECTION('',(0.E0,0.E0,-1.E0));
#3386=DIRECTION('',(0.E0,1.E0,0.E0));
#3387=AXIS2_PLACEMENT_3D('',#3384,#3385,#3386);
#3388=PLANE('',#3387);
#3389=ORIENTED_EDGE('',*,*,#3375,.T.);
#3390=ORIENTED_EDGE('',*,*,#3364,.F.);
#3392=ORIENTED_EDGE('',*,*,#3391,.F.);
#3394=ORIENTED_EDGE('',*,*,#3393,.T.);
#3395=EDGE_LOOP('',(#3389,#3390,#3392,#3394));
#3396=FACE_OUTER_BOUND('',#3395,.F.);
#3397=ADVANCED_FACE('',(#3396),#3388,.F.);
#3398=CARTESIAN_POINT('',(-1.89022E1,-3.E0,3.E0));
#3399=DIRECTION('',(-1.E0,0.E0,0.E0));
#3400=DIRECTION('',(0.E0,-1.E0,0.E0));
#3401=AXIS2_PLACEMENT_3D('',#3398,#3399,#3400);
#3402=CYLINDRICAL_SURFACE('',#3401,1.E0);
#3403=ORIENTED_EDGE('',*,*,#3362,.F.);
#3405=ORIENTED_EDGE('',*,*,#3404,.F.);
#3407=ORIENTED_EDGE('',*,*,#3406,.F.);
#3408=ORIENTED_EDGE('',*,*,#3391,.T.);
#3409=EDGE_LOOP('',(#3403,#3405,#3407,#3408));
#3410=FACE_OUTER_BOUND('',#3409,.F.);
#3411=ADVANCED_FACE('',(#3410),#3402,.T.);
#3412=CARTESIAN_POINT('',(1.375E1,-4.E0,2.25E0));
#3413=DIRECTION('',(0.E0,1.E0,0.E0));
#3414=DIRECTION('',(0.E0,0.E0,1.E0));
#3415=AXIS2_PLACEMENT_3D('',#3412,#3413,#3414);
#3416=PLANE('',#3415);
#3418=ORIENTED_EDGE('',*,*,#3417,.T.);
#3420=ORIENTED_EDGE('',*,*,#3419,.T.);
#3421=ORIENTED_EDGE('',*,*,#3404,.T.);
#3422=ORIENTED_EDGE('',*,*,#3360,.F.);
#3423=EDGE_LOOP('',(#3418,#3420,#3421,#3422));
#3424=FACE_OUTER_BOUND('',#3423,.F.);
#3425=ADVANCED_FACE('',(#3424),#3416,.F.);
#3426=CARTESIAN_POINT('',(3.34022E1,-3.E0,2.5E0));
#3427=DIRECTION('',(1.E0,0.E0,0.E0));
#3428=DIRECTION('',(0.E0,-1.E0,0.E0));
#3429=AXIS2_PLACEMENT_3D('',#3426,#3427,#3428);
#3430=CYLINDRICAL_SURFACE('',#3429,1.E0);
#3432=ORIENTED_EDGE('',*,*,#3431,.F.);
#3433=ORIENTED_EDGE('',*,*,#3417,.F.);
#3434=ORIENTED_EDGE('',*,*,#3358,.F.);
#3436=ORIENTED_EDGE('',*,*,#3435,.T.);
#3437=EDGE_LOOP('',(#3432,#3433,#3434,#3436));
#3438=FACE_OUTER_BOUND('',#3437,.F.);
#3439=ADVANCED_FACE('',(#3438),#3430,.T.);
#3440=CARTESIAN_POINT('',(1.3E1,-1.5744E1,-1.5E0));
#3441=DIRECTION('',(-1.E0,0.E0,0.E0));
#3442=DIRECTION('',(0.E0,-1.E0,0.E0));
#3443=AXIS2_PLACEMENT_3D('',#3440,#3441,#3442);
#3444=PLANE('',#3443);
#3445=ORIENTED_EDGE('',*,*,#3377,.T.);
#3446=ORIENTED_EDGE('',*,*,#3393,.F.);
#3447=ORIENTED_EDGE('',*,*,#3406,.T.);
#3448=ORIENTED_EDGE('',*,*,#3419,.F.);
#3449=ORIENTED_EDGE('',*,*,#3431,.T.);
#3451=ORIENTED_EDGE('',*,*,#3450,.T.);
#3453=ORIENTED_EDGE('',*,*,#3452,.F.);
#3454=ORIENTED_EDGE('',*,*,#3286,.F.);
#3456=ORIENTED_EDGE('',*,*,#3455,.F.);
#3457=EDGE_LOOP('',(#3445,#3446,#3447,#3448,#3449,#3451,#3453,#3454,#3456));
#3458=FACE_OUTER_BOUND('',#3457,.F.);
#3459=ADVANCED_FACE('',(#3458),#3444,.T.);
#3460=CARTESIAN_POINT('',(1.375E1,-2.5E0,1.5E0));
#3461=DIRECTION('',(0.E0,0.E0,1.E0));
#3462=DIRECTION('',(0.E0,1.E0,0.E0));
#3463=AXIS2_PLACEMENT_3D('',#3460,#3461,#3462);
#3464=PLANE('',#3463);
#3465=ORIENTED_EDGE('',*,*,#3435,.F.);
#3466=ORIENTED_EDGE('',*,*,#3356,.T.);
#3468=ORIENTED_EDGE('',*,*,#3467,.F.);
#3469=ORIENTED_EDGE('',*,*,#3450,.F.);
#3470=EDGE_LOOP('',(#3465,#3466,#3468,#3469));
#3471=FACE_OUTER_BOUND('',#3470,.F.);
#3472=ADVANCED_FACE('',(#3471),#3464,.F.);
#3473=CARTESIAN_POINT('',(1.375E1,-1.E0,1.E0));
#3474=DIRECTION('',(0.E0,-1.E0,0.E0));
#3475=DIRECTION('',(0.E0,0.E0,1.E0));
#3476=AXIS2_PLACEMENT_3D('',#3473,#3474,#3475);
#3477=PLANE('',#3476);
#3478=ORIENTED_EDGE('',*,*,#3452,.T.);
#3479=ORIENTED_EDGE('',*,*,#3467,.T.);
#3480=ORIENTED_EDGE('',*,*,#3354,.F.);
#3481=ORIENTED_EDGE('',*,*,#3269,.F.);
#3482=EDGE_LOOP('',(#3478,#3479,#3480,#3481));
#3483=FACE_OUTER_BOUND('',#3482,.F.);
#3484=ADVANCED_FACE('',(#3483),#3477,.T.);
#3485=CARTESIAN_POINT('',(1.375E1,4.E0,2.25E0));
#3486=DIRECTION('',(0.E0,-1.E0,0.E0));
#3487=DIRECTION('',(0.E0,0.E0,-1.E0));
#3488=AXIS2_PLACEMENT_3D('',#3485,#3486,#3487);
#3489=PLANE('',#3488);
#3490=ORIENTED_EDGE('',*,*,#3379,.F.);
#3491=ORIENTED_EDGE('',*,*,#3455,.T.);
#3492=ORIENTED_EDGE('',*,*,#3300,.F.);
#3493=ORIENTED_EDGE('',*,*,#3351,.F.);
#3494=EDGE_LOOP('',(#3490,#3491,#3492,#3493));
#3495=FACE_OUTER_BOUND('',#3494,.F.);
#3496=ADVANCED_FACE('',(#3495),#3489,.F.);
#3497=CARTESIAN_POINT('',(1.25E1,2.8E1,-1.258289438127E2));
#3498=DIRECTION('',(0.E0,0.E0,-1.E0));
#3499=DIRECTION('',(0.E0,1.E0,0.E0));
#3500=AXIS2_PLACEMENT_3D('',#3497,#3498,#3499);
#3501=CYLINDRICAL_SURFACE('',#3500,2.E0);
#3502=ORIENTED_EDGE('',*,*,#3064,.F.);
#3504=ORIENTED_EDGE('',*,*,#3503,.F.);
#3505=ORIENTED_EDGE('',*,*,#3144,.F.);
#3506=ORIENTED_EDGE('',*,*,#3227,.T.);
#3507=EDGE_LOOP('',(#3502,#3504,#3505,#3506));
#3508=FACE_OUTER_BOUND('',#3507,.F.);
#3509=ADVANCED_FACE('',(#3508),#3501,.T.);
#3510=CARTESIAN_POINT('',(7.25E0,3.E1,-7.5E-1));
#3511=DIRECTION('',(0.E0,1.E0,0.E0));
#3512=DIRECTION('',(-1.E0,0.E0,0.E0));
#3513=AXIS2_PLACEMENT_3D('',#3510,#3511,#3512);
#3514=PLANE('',#3513);
#3515=ORIENTED_EDGE('',*,*,#3503,.T.);
#3516=ORIENTED_EDGE('',*,*,#3062,.T.);
#3518=ORIENTED_EDGE('',*,*,#3517,.F.);
#3519=ORIENTED_EDGE('',*,*,#3146,.F.);
#3520=EDGE_LOOP('',(#3515,#3516,#3518,#3519));
#3521=FACE_OUTER_BOUND('',#3520,.F.);
#3522=ADVANCED_FACE('',(#3521),#3514,.T.);
#3523=CARTESIAN_POINT('',(2.E0,2.9E1,-7.5E-1));
#3524=DIRECTION('',(-1.E0,0.E0,0.E0));
#3525=DIRECTION('',(0.E0,-1.E0,0.E0));
#3526=AXIS2_PLACEMENT_3D('',#3523,#3524,#3525);
#3527=PLANE('',#3526);
#3528=ORIENTED_EDGE('',*,*,#3060,.T.);
#3530=ORIENTED_EDGE('',*,*,#3529,.T.);
#3531=ORIENTED_EDGE('',*,*,#3148,.F.);
#3532=ORIENTED_EDGE('',*,*,#3517,.T.);
#3533=EDGE_LOOP('',(#3528,#3530,#3531,#3532));
#3534=FACE_OUTER_BOUND('',#3533,.F.);
#3535=ADVANCED_FACE('',(#3534),#3527,.T.);
#3536=CARTESIAN_POINT('',(7.5E-1,2.8E1,-1.218528827420E0));
#3537=DIRECTION('',(0.E0,-1.E0,0.E0));
#3538=DIRECTION('',(0.E0,0.E0,1.E0));
#3539=AXIS2_PLACEMENT_3D('',#3536,#3537,#3538);
#3540=PLANE('',#3539);
#3542=ORIENTED_EDGE('',*,*,#3541,.F.);
#3544=ORIENTED_EDGE('',*,*,#3543,.F.);
#3546=ORIENTED_EDGE('',*,*,#3545,.T.);
#3547=ORIENTED_EDGE('',*,*,#3529,.F.);
#3548=EDGE_LOOP('',(#3542,#3544,#3546,#3547));
#3549=FACE_OUTER_BOUND('',#3548,.F.);
#3550=ADVANCED_FACE('',(#3549),#3540,.F.);
#3551=CARTESIAN_POINT('',(2.E0,3.E1,-2.E0));
#3552=DIRECTION('',(0.E0,1.E0,0.E0));
#3553=DIRECTION('',(-1.E0,0.E0,0.E0));
#3554=AXIS2_PLACEMENT_3D('',#3551,#3552,#3553);
#3555=CYLINDRICAL_SURFACE('',#3554,2.E0);
#3557=ORIENTED_EDGE('',*,*,#3556,.F.);
#3559=ORIENTED_EDGE('',*,*,#3558,.F.);
#3560=ORIENTED_EDGE('',*,*,#3541,.T.);
#3561=ORIENTED_EDGE('',*,*,#3058,.T.);
#3562=EDGE_LOOP('',(#3557,#3559,#3560,#3561));
#3563=FACE_OUTER_BOUND('',#3562,.F.);
#3564=ADVANCED_FACE('',(#3563),#3555,.T.);
#3565=CARTESIAN_POINT('',(7.5E-1,-2.7E1,-1.218528827420E0));
#3566=DIRECTION('',(0.E0,-1.E0,0.E0));
#3567=DIRECTION('',(0.E0,0.E0,1.E0));
#3568=AXIS2_PLACEMENT_3D('',#3565,#3566,#3567);
#3569=PLANE('',#3568);
#3570=ORIENTED_EDGE('',*,*,#3556,.T.);
#3572=ORIENTED_EDGE('',*,*,#3571,.T.);
#3574=ORIENTED_EDGE('',*,*,#3573,.F.);
#3576=ORIENTED_EDGE('',*,*,#3575,.T.);
#3577=EDGE_LOOP('',(#3570,#3572,#3574,#3576));
#3578=FACE_OUTER_BOUND('',#3577,.F.);
#3579=ADVANCED_FACE('',(#3578),#3569,.T.);
#3580=CARTESIAN_POINT('',(2.E0,-2.85E1,-7.5E-1));
#3581=DIRECTION('',(1.E0,0.E0,0.E0));
#3582=DIRECTION('',(0.E0,1.E0,0.E0));
#3583=AXIS2_PLACEMENT_3D('',#3580,#3581,#3582);
#3584=PLANE('',#3583);
#3585=ORIENTED_EDGE('',*,*,#3056,.F.);
#3587=ORIENTED_EDGE('',*,*,#3586,.F.);
#3588=ORIENTED_EDGE('',*,*,#3152,.T.);
#3589=ORIENTED_EDGE('',*,*,#3571,.F.);
#3590=EDGE_LOOP('',(#3585,#3587,#3588,#3589));
#3591=FACE_OUTER_BOUND('',#3590,.F.);
#3592=ADVANCED_FACE('',(#3591),#3584,.F.);
#3593=CARTESIAN_POINT('',(7.25E0,-3.E1,-7.5E-1));
#3594=DIRECTION('',(0.E0,-1.E0,0.E0));
#3595=DIRECTION('',(1.E0,0.E0,0.E0));
#3596=AXIS2_PLACEMENT_3D('',#3593,#3594,#3595);
#3597=PLANE('',#3596);
#3598=ORIENTED_EDGE('',*,*,#3204,.F.);
#3599=ORIENTED_EDGE('',*,*,#3154,.F.);
#3600=ORIENTED_EDGE('',*,*,#3586,.T.);
#3601=ORIENTED_EDGE('',*,*,#3054,.T.);
#3602=EDGE_LOOP('',(#3598,#3599,#3600,#3601));
#3603=FACE_OUTER_BOUND('',#3602,.F.);
#3604=ADVANCED_FACE('',(#3603),#3597,.T.);
#3605=CARTESIAN_POINT('',(2.E0,3.E1,-2.E0));
#3606=DIRECTION('',(0.E0,1.E0,0.E0));
#3607=DIRECTION('',(-1.E0,0.E0,0.E0));
#3608=AXIS2_PLACEMENT_3D('',#3605,#3606,#3607);
#3609=CYLINDRICAL_SURFACE('',#3608,5.E-1);
#3610=ORIENTED_EDGE('',*,*,#3573,.T.);
#3611=ORIENTED_EDGE('',*,*,#3150,.F.);
#3612=ORIENTED_EDGE('',*,*,#3545,.F.);
#3614=ORIENTED_EDGE('',*,*,#3613,.T.);
#3615=EDGE_LOOP('',(#3610,#3611,#3612,#3614));
#3616=FACE_OUTER_BOUND('',#3615,.F.);
#3617=ADVANCED_FACE('',(#3616),#3609,.F.);
#3618=CARTESIAN_POINT('',(1.5E0,-3.E1,0.E0));
#3619=DIRECTION('',(1.E0,0.E0,0.E0));
#3620=DIRECTION('',(0.E0,-1.E0,0.E0));
#3621=AXIS2_PLACEMENT_3D('',#3618,#3619,#3620);
#3622=PLANE('',#3621);
#3623=ORIENTED_EDGE('',*,*,#3613,.F.);
#3625=ORIENTED_EDGE('',*,*,#3624,.T.);
#3627=ORIENTED_EDGE('',*,*,#3626,.F.);
#3629=ORIENTED_EDGE('',*,*,#3628,.T.);
#3630=EDGE_LOOP('',(#3623,#3625,#3627,#3629));
#3631=FACE_OUTER_BOUND('',#3630,.F.);
#3633=ORIENTED_EDGE('',*,*,#3632,.F.);
#3635=ORIENTED_EDGE('',*,*,#3634,.F.);
#3636=EDGE_LOOP('',(#3633,#3635));
#3637=FACE_BOUND('',#3636,.F.);
#3639=ORIENTED_EDGE('',*,*,#3638,.F.);
#3641=ORIENTED_EDGE('',*,*,#3640,.F.);
#3642=EDGE_LOOP('',(#3639,#3641));
#3643=FACE_BOUND('',#3642,.F.);
#3645=ORIENTED_EDGE('',*,*,#3644,.T.);
#3647=ORIENTED_EDGE('',*,*,#3646,.F.);
#3649=ORIENTED_EDGE('',*,*,#3648,.T.);
#3651=ORIENTED_EDGE('',*,*,#3650,.F.);
#3653=ORIENTED_EDGE('',*,*,#3652,.T.);
#3655=ORIENTED_EDGE('',*,*,#3654,.F.);
#3657=ORIENTED_EDGE('',*,*,#3656,.T.);
#3659=ORIENTED_EDGE('',*,*,#3658,.F.);
#3660=EDGE_LOOP('',(#3645,#3647,#3649,#3651,#3653,#3655,#3657,#3659));
#3661=FACE_BOUND('',#3660,.F.);
#3662=ADVANCED_FACE('',(#3631,#3637,#3643,#3661),#3622,.T.);
#3663=CARTESIAN_POINT('',(2.E0,2.8E1,-2.E0));
#3664=DIRECTION('',(0.E0,0.E0,1.E0));
#3665=DIRECTION('',(0.E0,1.E0,0.E0));
#3666=AXIS2_PLACEMENT_3D('',#3663,#3664,#3665);
#3667=CYLINDRICAL_SURFACE('',#3666,5.E-1);
#3669=ORIENTED_EDGE('',*,*,#3668,.F.);
#3671=ORIENTED_EDGE('',*,*,#3670,.T.);
#3673=ORIENTED_EDGE('',*,*,#3672,.F.);
#3674=ORIENTED_EDGE('',*,*,#3624,.F.);
#3675=EDGE_LOOP('',(#3669,#3671,#3673,#3674));
#3676=FACE_OUTER_BOUND('',#3675,.F.);
#3677=ADVANCED_FACE('',(#3676),#3667,.F.);
#3678=CARTESIAN_POINT('',(1.116116523517E0,2.888388347648E1,-2.E0));
#3679=DIRECTION('',(0.E0,0.E0,-1.E0));
#3680=DIRECTION('',(-1.E0,0.E0,0.E0));
#3681=AXIS2_PLACEMENT_3D('',#3678,#3679,#3680);
#3682=PLANE('',#3681);
#3683=ORIENTED_EDGE('',*,*,#3543,.T.);
#3685=ORIENTED_EDGE('',*,*,#3684,.F.);
#3687=ORIENTED_EDGE('',*,*,#3686,.T.);
#3688=ORIENTED_EDGE('',*,*,#3668,.T.);
#3689=EDGE_LOOP('',(#3683,#3685,#3687,#3688));
#3690=FACE_OUTER_BOUND('',#3689,.F.);
#3691=ADVANCED_FACE('',(#3690),#3682,.F.);
#3692=CARTESIAN_POINT('',(2.E0,2.8E1,-2.E0));
#3693=DIRECTION('',(0.E0,0.E0,1.E0));
#3694=DIRECTION('',(0.E0,1.E0,0.E0));
#3695=AXIS2_PLACEMENT_3D('',#3692,#3693,#3694);
#3696=CYLINDRICAL_SURFACE('',#3695,2.E0);
#3697=ORIENTED_EDGE('',*,*,#3684,.T.);
#3699=ORIENTED_EDGE('',*,*,#3698,.T.);
#3701=ORIENTED_EDGE('',*,*,#3700,.T.);
#3703=ORIENTED_EDGE('',*,*,#3702,.T.);
#3704=EDGE_LOOP('',(#3697,#3699,#3701,#3703));
#3705=FACE_OUTER_BOUND('',#3704,.F.);
#3706=ADVANCED_FACE('',(#3705),#3696,.T.);
#3707=CARTESIAN_POINT('',(0.E0,-3.E1,0.E0));
#3708=DIRECTION('',(1.E0,0.E0,0.E0));
#3709=DIRECTION('',(0.E0,-1.E0,0.E0));
#3710=AXIS2_PLACEMENT_3D('',#3707,#3708,#3709);
#3711=PLANE('',#3710);
#3712=ORIENTED_EDGE('',*,*,#3558,.T.);
#3714=ORIENTED_EDGE('',*,*,#3713,.F.);
#3716=ORIENTED_EDGE('',*,*,#3715,.T.);
#3717=ORIENTED_EDGE('',*,*,#3698,.F.);
#3718=EDGE_LOOP('',(#3712,#3714,#3716,#3717));
#3719=FACE_OUTER_BOUND('',#3718,.F.);
#3721=ORIENTED_EDGE('',*,*,#3720,.T.);
#3723=ORIENTED_EDGE('',*,*,#3722,.T.);
#3724=EDGE_LOOP('',(#3721,#3723));
#3725=FACE_BOUND('',#3724,.F.);
#3727=ORIENTED_EDGE('',*,*,#3726,.T.);
#3729=ORIENTED_EDGE('',*,*,#3728,.T.);
#3730=EDGE_LOOP('',(#3727,#3729));
#3731=FACE_BOUND('',#3730,.F.);
#3733=ORIENTED_EDGE('',*,*,#3732,.F.);
#3735=ORIENTED_EDGE('',*,*,#3734,.T.);
#3737=ORIENTED_EDGE('',*,*,#3736,.F.);
#3739=ORIENTED_EDGE('',*,*,#3738,.T.);
#3741=ORIENTED_EDGE('',*,*,#3740,.F.);
#3743=ORIENTED_EDGE('',*,*,#3742,.T.);
#3745=ORIENTED_EDGE('',*,*,#3744,.F.);
#3747=ORIENTED_EDGE('',*,*,#3746,.T.);
#3748=EDGE_LOOP('',(#3733,#3735,#3737,#3739,#3741,#3743,#3745,#3747));
#3749=FACE_BOUND('',#3748,.F.);
#3750=ADVANCED_FACE('',(#3719,#3725,#3731,#3749),#3711,.F.);
#3751=CARTESIAN_POINT('',(3.E0,-2.7E1,-5.5E1));
#3752=DIRECTION('',(0.E0,0.E0,-1.E0));
#3753=DIRECTION('',(0.E0,-1.E0,0.E0));
#3754=AXIS2_PLACEMENT_3D('',#3751,#3752,#3753);
#3755=CYLINDRICAL_SURFACE('',#3754,3.E0);
#3757=ORIENTED_EDGE('',*,*,#3756,.F.);
#3759=ORIENTED_EDGE('',*,*,#3758,.F.);
#3761=ORIENTED_EDGE('',*,*,#3760,.T.);
#3762=ORIENTED_EDGE('',*,*,#3713,.T.);
#3763=EDGE_LOOP('',(#3757,#3759,#3761,#3762));
#3764=FACE_OUTER_BOUND('',#3763,.F.);
#3765=ADVANCED_FACE('',(#3764),#3755,.T.);
#3766=CARTESIAN_POINT('',(1.409009742330E0,-2.859099025767E1,-2.E0));
#3767=DIRECTION('',(0.E0,0.E0,1.E0));
#3768=DIRECTION('',(-1.E0,0.E0,0.E0));
#3769=AXIS2_PLACEMENT_3D('',#3766,#3767,#3768);
#3770=PLANE('',#3769);
#3771=ORIENTED_EDGE('',*,*,#3575,.F.);
#3773=ORIENTED_EDGE('',*,*,#3772,.F.);
#3775=ORIENTED_EDGE('',*,*,#3774,.F.);
#3776=ORIENTED_EDGE('',*,*,#3756,.T.);
#3777=EDGE_LOOP('',(#3771,#3773,#3775,#3776));
#3778=FACE_OUTER_BOUND('',#3777,.F.);
#3779=ADVANCED_FACE('',(#3778),#3770,.T.);
#3780=CARTESIAN_POINT('',(3.E0,-2.7E1,-5.5E1));
#3781=DIRECTION('',(0.E0,0.E0,-1.E0));
#3782=DIRECTION('',(0.E0,-1.E0,0.E0));
#3783=AXIS2_PLACEMENT_3D('',#3780,#3781,#3782);
#3784=CYLINDRICAL_SURFACE('',#3783,1.5E0);
#3785=ORIENTED_EDGE('',*,*,#3772,.T.);
#3786=ORIENTED_EDGE('',*,*,#3628,.F.);
#3788=ORIENTED_EDGE('',*,*,#3787,.F.);
#3790=ORIENTED_EDGE('',*,*,#3789,.T.);
#3791=EDGE_LOOP('',(#3785,#3786,#3788,#3790));
#3792=FACE_OUTER_BOUND('',#3791,.F.);
#3793=ADVANCED_FACE('',(#3792),#3784,.F.);
#3794=CARTESIAN_POINT('',(1.409009742330E0,-2.859099025767E1,-5.5E1));
#3795=DIRECTION('',(0.E0,0.E0,1.E0));
#3796=DIRECTION('',(-1.E0,0.E0,0.E0));
#3797=AXIS2_PLACEMENT_3D('',#3794,#3795,#3796);
#3798=PLANE('',#3797);
#3799=ORIENTED_EDGE('',*,*,#3760,.F.);
#3801=ORIENTED_EDGE('',*,*,#3800,.T.);
#3802=ORIENTED_EDGE('',*,*,#3787,.T.);
#3804=ORIENTED_EDGE('',*,*,#3803,.F.);
#3805=EDGE_LOOP('',(#3799,#3801,#3802,#3804));
#3806=FACE_OUTER_BOUND('',#3805,.F.);
#3807=ADVANCED_FACE('',(#3806),#3798,.F.);
#3808=CARTESIAN_POINT('',(4.5E0,-2.925E1,-5.5E1));
#3809=DIRECTION('',(0.E0,0.E0,1.E0));
#3810=DIRECTION('',(-1.E0,0.E0,0.E0));
#3811=AXIS2_PLACEMENT_3D('',#3808,#3809,#3810);
#3812=PLANE('',#3811);
#3814=ORIENTED_EDGE('',*,*,#3813,.F.);
#3816=ORIENTED_EDGE('',*,*,#3815,.T.);
#3817=ORIENTED_EDGE('',*,*,#3800,.F.);
#3819=ORIENTED_EDGE('',*,*,#3818,.F.);
#3820=EDGE_LOOP('',(#3814,#3816,#3817,#3819));
#3821=FACE_OUTER_BOUND('',#3820,.F.);
#3822=ADVANCED_FACE('',(#3821),#3812,.F.);
#3823=CARTESIAN_POINT('',(4.E0,9.411860318777E1,-5.3E1));
#3824=DIRECTION('',(0.E0,1.E0,0.E0));
#3825=DIRECTION('',(1.E0,0.E0,0.E0));
#3826=AXIS2_PLACEMENT_3D('',#3823,#3824,#3825);
#3827=CYLINDRICAL_SURFACE('',#3826,2.E0);
#3829=ORIENTED_EDGE('',*,*,#3828,.F.);
#3831=ORIENTED_EDGE('',*,*,#3830,.F.);
#3833=ORIENTED_EDGE('',*,*,#3832,.F.);
#3834=ORIENTED_EDGE('',*,*,#3813,.T.);
#3835=EDGE_LOOP('',(#3829,#3831,#3833,#3834));
#3836=FACE_OUTER_BOUND('',#3835,.F.);
#3837=ADVANCED_FACE('',(#3836),#3827,.T.);
#3838=CARTESIAN_POINT('',(0.E0,-3.E1,-1.45928E1));
#3839=DIRECTION('',(0.E0,1.E0,0.E0));
#3840=DIRECTION('',(0.E0,0.E0,1.E0));
#3841=AXIS2_PLACEMENT_3D('',#3838,#3839,#3840);
#3842=PLANE('',#3841);
#3843=ORIENTED_EDGE('',*,*,#3828,.T.);
#3844=ORIENTED_EDGE('',*,*,#3818,.T.);
#3845=ORIENTED_EDGE('',*,*,#3758,.T.);
#3847=ORIENTED_EDGE('',*,*,#3846,.T.);
#3849=ORIENTED_EDGE('',*,*,#3848,.T.);
#3850=EDGE_LOOP('',(#3843,#3844,#3845,#3847,#3849));
#3851=FACE_OUTER_BOUND('',#3850,.F.);
#3852=ADVANCED_FACE('',(#3851),#3842,.F.);
#3853=CARTESIAN_POINT('',(4.5E0,-2.925E1,-2.E0));
#3854=DIRECTION('',(0.E0,0.E0,-1.E0));
#3855=DIRECTION('',(1.E0,0.E0,0.E0));
#3856=AXIS2_PLACEMENT_3D('',#3853,#3854,#3855);
#3857=PLANE('',#3856);
#3858=ORIENTED_EDGE('',*,*,#3846,.F.);
#3859=ORIENTED_EDGE('',*,*,#3774,.T.);
#3861=ORIENTED_EDGE('',*,*,#3860,.T.);
#3863=ORIENTED_EDGE('',*,*,#3862,.F.);
#3864=EDGE_LOOP('',(#3858,#3859,#3861,#3863));
#3865=FACE_OUTER_BOUND('',#3864,.F.);
#3866=ADVANCED_FACE('',(#3865),#3857,.F.);
#3867=CARTESIAN_POINT('',(0.E0,-2.85E1,-1.45928E1));
#3868=DIRECTION('',(0.E0,1.E0,0.E0));
#3869=DIRECTION('',(0.E0,0.E0,1.E0));
#3870=AXIS2_PLACEMENT_3D('',#3867,#3868,#3869);
#3871=PLANE('',#3870);
#3872=ORIENTED_EDGE('',*,*,#3832,.T.);
#3874=ORIENTED_EDGE('',*,*,#3873,.F.);
#3875=ORIENTED_EDGE('',*,*,#3860,.F.);
#3876=ORIENTED_EDGE('',*,*,#3789,.F.);
#3877=ORIENTED_EDGE('',*,*,#3815,.F.);
#3878=EDGE_LOOP('',(#3872,#3874,#3875,#3876,#3877));
#3879=FACE_OUTER_BOUND('',#3878,.F.);
#3880=ADVANCED_FACE('',(#3879),#3871,.T.);
#3881=CARTESIAN_POINT('',(6.E0,-2.925E1,-2.85E1));
#3882=DIRECTION('',(-1.E0,0.E0,0.E0));
#3883=DIRECTION('',(0.E0,0.E0,-1.E0));
#3884=AXIS2_PLACEMENT_3D('',#3881,#3882,#3883);
#3885=PLANE('',#3884);
#3886=ORIENTED_EDGE('',*,*,#3830,.T.);
#3887=ORIENTED_EDGE('',*,*,#3848,.F.);
#3888=ORIENTED_EDGE('',*,*,#3862,.T.);
#3889=ORIENTED_EDGE('',*,*,#3873,.T.);
#3890=EDGE_LOOP('',(#3886,#3887,#3888,#3889));
#3891=FACE_OUTER_BOUND('',#3890,.F.);
#3892=ADVANCED_FACE('',(#3891),#3885,.F.);
#3893=CARTESIAN_POINT('',(7.5E-1,-1.421085471520E-14,-5.5E1));
#3894=DIRECTION('',(0.E0,0.E0,1.E0));
#3895=DIRECTION('',(0.E0,1.E0,0.E0));
#3896=AXIS2_PLACEMENT_3D('',#3893,#3894,#3895);
#3897=PLANE('',#3896);
#3898=ORIENTED_EDGE('',*,*,#3803,.T.);
#3899=ORIENTED_EDGE('',*,*,#3626,.T.);
#3901=ORIENTED_EDGE('',*,*,#3900,.F.);
#3902=ORIENTED_EDGE('',*,*,#3715,.F.);
#3903=EDGE_LOOP('',(#3898,#3899,#3901,#3902));
#3904=FACE_OUTER_BOUND('',#3903,.F.);
#3905=ADVANCED_FACE('',(#3904),#3897,.F.);
#3906=CARTESIAN_POINT('',(1.116116523517E0,2.888388347648E1,-5.5E1));
#3907=DIRECTION('',(0.E0,0.E0,-1.E0));
#3908=DIRECTION('',(-1.E0,0.E0,0.E0));
#3909=AXIS2_PLACEMENT_3D('',#3906,#3907,#3908);
#3910=PLANE('',#3909);
#3911=ORIENTED_EDGE('',*,*,#3700,.F.);
#3912=ORIENTED_EDGE('',*,*,#3900,.T.);
#3913=ORIENTED_EDGE('',*,*,#3672,.T.);
#3915=ORIENTED_EDGE('',*,*,#3914,.F.);
#3916=EDGE_LOOP('',(#3911,#3912,#3913,#3915));
#3917=FACE_OUTER_BOUND('',#3916,.F.);
#3918=ADVANCED_FACE('',(#3917),#3910,.T.);
#3919=CARTESIAN_POINT('',(4.E0,2.925E1,-5.5E1));
#3920=DIRECTION('',(0.E0,0.E0,1.E0));
#3921=DIRECTION('',(1.E0,0.E0,0.E0));
#3922=AXIS2_PLACEMENT_3D('',#3919,#3920,#3921);
#3923=PLANE('',#3922);
#3925=ORIENTED_EDGE('',*,*,#3924,.T.);
#3927=ORIENTED_EDGE('',*,*,#3926,.F.);
#3928=ORIENTED_EDGE('',*,*,#3914,.T.);
#3930=ORIENTED_EDGE('',*,*,#3929,.T.);
#3931=EDGE_LOOP('',(#3925,#3927,#3928,#3930));
#3932=FACE_OUTER_BOUND('',#3931,.F.);
#3933=ADVANCED_FACE('',(#3932),#3923,.F.);
#3934=CARTESIAN_POINT('',(4.E0,-1.08216E2,-5.3E1));
#3935=DIRECTION('',(0.E0,-1.E0,0.E0));
#3936=DIRECTION('',(0.E0,0.E0,-1.E0));
#3937=AXIS2_PLACEMENT_3D('',#3934,#3935,#3936);
#3938=CYLINDRICAL_SURFACE('',#3937,2.E0);
#3940=ORIENTED_EDGE('',*,*,#3939,.F.);
#3941=ORIENTED_EDGE('',*,*,#3924,.F.);
#3943=ORIENTED_EDGE('',*,*,#3942,.F.);
#3945=ORIENTED_EDGE('',*,*,#3944,.T.);
#3946=EDGE_LOOP('',(#3940,#3941,#3943,#3945));
#3947=FACE_OUTER_BOUND('',#3946,.F.);
#3948=ADVANCED_FACE('',(#3947),#3938,.T.);
#3949=CARTESIAN_POINT('',(0.E0,3.E1,-5.5E1));
#3950=DIRECTION('',(0.E0,-1.E0,0.E0));
#3951=DIRECTION('',(0.E0,0.E0,-1.E0));
#3952=AXIS2_PLACEMENT_3D('',#3949,#3950,#3951);
#3953=PLANE('',#3952);
#3954=ORIENTED_EDGE('',*,*,#3939,.T.);
#3956=ORIENTED_EDGE('',*,*,#3955,.F.);
#3958=ORIENTED_EDGE('',*,*,#3957,.F.);
#3959=ORIENTED_EDGE('',*,*,#3702,.F.);
#3960=ORIENTED_EDGE('',*,*,#3926,.T.);
#3961=EDGE_LOOP('',(#3954,#3956,#3958,#3959,#3960));
#3962=FACE_OUTER_BOUND('',#3961,.F.);
#3963=ADVANCED_FACE('',(#3962),#3953,.F.);
#3964=CARTESIAN_POINT('',(6.E0,2.925E1,-2.85E1));
#3965=DIRECTION('',(-1.E0,0.E0,0.E0));
#3966=DIRECTION('',(0.E0,0.E0,1.E0));
#3967=AXIS2_PLACEMENT_3D('',#3964,#3965,#3966);
#3968=PLANE('',#3967);
#3969=ORIENTED_EDGE('',*,*,#3944,.F.);
#3971=ORIENTED_EDGE('',*,*,#3970,.T.);
#3973=ORIENTED_EDGE('',*,*,#3972,.F.);
#3974=ORIENTED_EDGE('',*,*,#3955,.T.);
#3975=EDGE_LOOP('',(#3969,#3971,#3973,#3974));
#3976=FACE_OUTER_BOUND('',#3975,.F.);
#3977=ADVANCED_FACE('',(#3976),#3968,.F.);
#3978=CARTESIAN_POINT('',(0.E0,2.85E1,-5.5E1));
#3979=DIRECTION('',(0.E0,-1.E0,0.E0));
#3980=DIRECTION('',(0.E0,0.E0,-1.E0));
#3981=AXIS2_PLACEMENT_3D('',#3978,#3979,#3980);
#3982=PLANE('',#3981);
#3983=ORIENTED_EDGE('',*,*,#3942,.T.);
#3984=ORIENTED_EDGE('',*,*,#3929,.F.);
#3985=ORIENTED_EDGE('',*,*,#3670,.F.);
#3987=ORIENTED_EDGE('',*,*,#3986,.F.);
#3988=ORIENTED_EDGE('',*,*,#3970,.F.);
#3989=EDGE_LOOP('',(#3983,#3984,#3985,#3987,#3988));
#3990=FACE_OUTER_BOUND('',#3989,.F.);
#3991=ADVANCED_FACE('',(#3990),#3982,.T.);
#3992=CARTESIAN_POINT('',(4.E0,2.925E1,-2.E0));
#3993=DIRECTION('',(0.E0,0.E0,-1.E0));
#3994=DIRECTION('',(-1.E0,0.E0,0.E0));
#3995=AXIS2_PLACEMENT_3D('',#3992,#3993,#3994);
#3996=PLANE('',#3995);
#3997=ORIENTED_EDGE('',*,*,#3957,.T.);
#3998=ORIENTED_EDGE('',*,*,#3972,.T.);
#3999=ORIENTED_EDGE('',*,*,#3986,.T.);
#4000=ORIENTED_EDGE('',*,*,#3686,.F.);
#4001=EDGE_LOOP('',(#3997,#3998,#3999,#4000));
#4002=FACE_OUTER_BOUND('',#4001,.F.);
#4003=ADVANCED_FACE('',(#4002),#3996,.F.);
#4004=CARTESIAN_POINT('',(7.5E-1,1.75E1,-4.45E1));
#4005=DIRECTION('',(-1.E0,0.E0,0.E0));
#4006=DIRECTION('',(0.E0,0.E0,-1.E0));
#4007=AXIS2_PLACEMENT_3D('',#4004,#4005,#4006);
#4008=CYLINDRICAL_SURFACE('',#4007,2.25E0);
#4009=ORIENTED_EDGE('',*,*,#3720,.F.);
#4011=ORIENTED_EDGE('',*,*,#4010,.T.);
#4012=ORIENTED_EDGE('',*,*,#3638,.T.);
#4014=ORIENTED_EDGE('',*,*,#4013,.F.);
#4015=EDGE_LOOP('',(#4009,#4011,#4012,#4014));
#4016=FACE_OUTER_BOUND('',#4015,.F.);
#4017=ADVANCED_FACE('',(#4016),#4008,.F.);
#4018=CARTESIAN_POINT('',(7.5E-1,1.75E1,-4.45E1));
#4019=DIRECTION('',(-1.E0,0.E0,0.E0));
#4020=DIRECTION('',(0.E0,0.E0,1.E0));
#4021=AXIS2_PLACEMENT_3D('',#4018,#4019,#4020);
#4022=CYLINDRICAL_SURFACE('',#4021,2.25E0);
#4023=ORIENTED_EDGE('',*,*,#3722,.F.);
#4024=ORIENTED_EDGE('',*,*,#4013,.T.);
#4025=ORIENTED_EDGE('',*,*,#3640,.T.);
#4026=ORIENTED_EDGE('',*,*,#4010,.F.);
#4027=EDGE_LOOP('',(#4023,#4024,#4025,#4026));
#4028=FACE_OUTER_BOUND('',#4027,.F.);
#4029=ADVANCED_FACE('',(#4028),#4022,.F.);
#4030=CARTESIAN_POINT('',(7.5E-1,-1.75E1,-4.45E1));
#4031=DIRECTION('',(-1.E0,0.E0,0.E0));
#4032=DIRECTION('',(0.E0,0.E0,-1.E0));
#4033=AXIS2_PLACEMENT_3D('',#4030,#4031,#4032);
#4034=CYLINDRICAL_SURFACE('',#4033,2.25E0);
#4035=ORIENTED_EDGE('',*,*,#3726,.F.);
#4037=ORIENTED_EDGE('',*,*,#4036,.T.);
#4038=ORIENTED_EDGE('',*,*,#3632,.T.);
#4040=ORIENTED_EDGE('',*,*,#4039,.F.);
#4041=EDGE_LOOP('',(#4035,#4037,#4038,#4040));
#4042=FACE_OUTER_BOUND('',#4041,.F.);
#4043=ADVANCED_FACE('',(#4042),#4034,.F.);
#4044=CARTESIAN_POINT('',(7.5E-1,-1.75E1,-4.45E1));
#4045=DIRECTION('',(-1.E0,0.E0,0.E0));
#4046=DIRECTION('',(0.E0,0.E0,1.E0));
#4047=AXIS2_PLACEMENT_3D('',#4044,#4045,#4046);
#4048=CYLINDRICAL_SURFACE('',#4047,2.25E0);
#4049=ORIENTED_EDGE('',*,*,#3728,.F.);
#4050=ORIENTED_EDGE('',*,*,#4039,.T.);
#4051=ORIENTED_EDGE('',*,*,#3634,.T.);
#4052=ORIENTED_EDGE('',*,*,#4036,.F.);
#4053=EDGE_LOOP('',(#4049,#4050,#4051,#4052));
#4054=FACE_OUTER_BOUND('',#4053,.F.);
#4055=ADVANCED_FACE('',(#4054),#4048,.F.);
#4056=CARTESIAN_POINT('',(7.5E-1,-1.75E1,-1.8E1));
#4057=DIRECTION('',(0.E0,1.E0,0.E0));
#4058=DIRECTION('',(0.E0,0.E0,-1.E0));
#4059=AXIS2_PLACEMENT_3D('',#4056,#4057,#4058);
#4060=PLANE('',#4059);
#4061=ORIENTED_EDGE('',*,*,#3732,.T.);
#4063=ORIENTED_EDGE('',*,*,#4062,.T.);
#4064=ORIENTED_EDGE('',*,*,#3644,.F.);
#4066=ORIENTED_EDGE('',*,*,#4065,.F.);
#4067=EDGE_LOOP('',(#4061,#4063,#4064,#4066));
#4068=FACE_OUTER_BOUND('',#4067,.F.);
#4069=ADVANCED_FACE('',(#4068),#4060,.T.);
#4070=CARTESIAN_POINT('',(7.5E-1,-1.35E1,-2.3E1));
#4071=DIRECTION('',(-1.E0,0.E0,0.E0));
#4072=DIRECTION('',(0.E0,0.E0,-1.E0));
#4073=AXIS2_PLACEMENT_3D('',#4070,#4071,#4072);
#4074=CYLINDRICAL_SURFACE('',#4073,4.E0);
#4075=ORIENTED_EDGE('',*,*,#3746,.F.);
#4077=ORIENTED_EDGE('',*,*,#4076,.T.);
#4078=ORIENTED_EDGE('',*,*,#3646,.T.);
#4079=ORIENTED_EDGE('',*,*,#4062,.F.);
#4080=EDGE_LOOP('',(#4075,#4077,#4078,#4079));
#4081=FACE_OUTER_BOUND('',#4080,.F.);
#4082=ADVANCED_FACE('',(#4081),#4074,.F.);
#4083=CARTESIAN_POINT('',(7.5E-1,0.E0,-2.7E1));
#4084=DIRECTION('',(0.E0,0.E0,1.E0));
#4085=DIRECTION('',(0.E0,1.E0,0.E0));
#4086=AXIS2_PLACEMENT_3D('',#4083,#4084,#4085);
#4087=PLANE('',#4086);
#4088=ORIENTED_EDGE('',*,*,#3744,.T.);
#4090=ORIENTED_EDGE('',*,*,#4089,.T.);
#4091=ORIENTED_EDGE('',*,*,#3648,.F.);
#4092=ORIENTED_EDGE('',*,*,#4076,.F.);
#4093=EDGE_LOOP('',(#4088,#4090,#4091,#4092));
#4094=FACE_OUTER_BOUND('',#4093,.F.);
#4095=ADVANCED_FACE('',(#4094),#4087,.T.);
#4096=CARTESIAN_POINT('',(7.5E-1,1.35E1,-2.3E1));
#4097=DIRECTION('',(-1.E0,0.E0,0.E0));
#4098=DIRECTION('',(0.E0,1.E0,0.E0));
#4099=AXIS2_PLACEMENT_3D('',#4096,#4097,#4098);
#4100=CYLINDRICAL_SURFACE('',#4099,4.E0);
#4101=ORIENTED_EDGE('',*,*,#3742,.F.);
#4103=ORIENTED_EDGE('',*,*,#4102,.T.);
#4104=ORIENTED_EDGE('',*,*,#3650,.T.);
#4105=ORIENTED_EDGE('',*,*,#4089,.F.);
#4106=EDGE_LOOP('',(#4101,#4103,#4104,#4105));
#4107=FACE_OUTER_BOUND('',#4106,.F.);
#4108=ADVANCED_FACE('',(#4107),#4100,.F.);
#4109=CARTESIAN_POINT('',(7.5E-1,1.75E1,-1.8E1));
#4110=DIRECTION('',(0.E0,-1.E0,0.E0));
#4111=DIRECTION('',(0.E0,0.E0,1.E0));
#4112=AXIS2_PLACEMENT_3D('',#4109,#4110,#4111);
#4113=PLANE('',#4112);
#4114=ORIENTED_EDGE('',*,*,#3740,.T.);
#4116=ORIENTED_EDGE('',*,*,#4115,.T.);
#4117=ORIENTED_EDGE('',*,*,#3652,.F.);
#4118=ORIENTED_EDGE('',*,*,#4102,.F.);
#4119=EDGE_LOOP('',(#4114,#4116,#4117,#4118));
#4120=FACE_OUTER_BOUND('',#4119,.F.);
#4121=ADVANCED_FACE('',(#4120),#4113,.T.);
#4122=CARTESIAN_POINT('',(7.5E-1,1.35E1,-1.3E1));
#4123=DIRECTION('',(-1.E0,0.E0,0.E0));
#4124=DIRECTION('',(0.E0,0.E0,1.E0));
#4125=AXIS2_PLACEMENT_3D('',#4122,#4123,#4124);
#4126=CYLINDRICAL_SURFACE('',#4125,4.E0);
#4127=ORIENTED_EDGE('',*,*,#3738,.F.);
#4129=ORIENTED_EDGE('',*,*,#4128,.T.);
#4130=ORIENTED_EDGE('',*,*,#3654,.T.);
#4131=ORIENTED_EDGE('',*,*,#4115,.F.);
#4132=EDGE_LOOP('',(#4127,#4129,#4130,#4131));
#4133=FACE_OUTER_BOUND('',#4132,.F.);
#4134=ADVANCED_FACE('',(#4133),#4126,.F.);
#4135=CARTESIAN_POINT('',(7.5E-1,0.E0,-9.E0));
#4136=DIRECTION('',(0.E0,0.E0,-1.E0));
#4137=DIRECTION('',(0.E0,-1.E0,0.E0));
#4138=AXIS2_PLACEMENT_3D('',#4135,#4136,#4137);
#4139=PLANE('',#4138);
#4140=ORIENTED_EDGE('',*,*,#3736,.T.);
#4142=ORIENTED_EDGE('',*,*,#4141,.T.);
#4143=ORIENTED_EDGE('',*,*,#3656,.F.);
#4144=ORIENTED_EDGE('',*,*,#4128,.F.);
#4145=EDGE_LOOP('',(#4140,#4142,#4143,#4144));
#4146=FACE_OUTER_BOUND('',#4145,.F.);
#4147=ADVANCED_FACE('',(#4146),#4139,.T.);
#4148=CARTESIAN_POINT('',(7.5E-1,-1.35E1,-1.3E1));
#4149=DIRECTION('',(-1.E0,0.E0,0.E0));
#4150=DIRECTION('',(0.E0,-1.E0,0.E0));
#4151=AXIS2_PLACEMENT_3D('',#4148,#4149,#4150);
#4152=CYLINDRICAL_SURFACE('',#4151,4.E0);
#4153=ORIENTED_EDGE('',*,*,#3734,.F.);
#4154=ORIENTED_EDGE('',*,*,#4065,.T.);
#4155=ORIENTED_EDGE('',*,*,#3658,.T.);
#4156=ORIENTED_EDGE('',*,*,#4141,.F.);
#4157=EDGE_LOOP('',(#4153,#4154,#4155,#4156));
#4158=FACE_OUTER_BOUND('',#4157,.F.);
#4159=ADVANCED_FACE('',(#4158),#4152,.F.);
#4160=CLOSED_SHELL('',(#3094,#3109,#3122,#3168,#3182,#3194,#3208,#3221,#3235,
#3248,#3261,#3276,#3290,#3305,#3318,#3330,#3343,#3368,#3383,#3397,#3411,#3425,
#3439,#3459,#3472,#3484,#3496,#3509,#3522,#3535,#3550,#3564,#3579,#3592,#3604,
#3617,#3662,#3677,#3691,#3706,#3750,#3765,#3779,#3793,#3807,#3822,#3837,#3852,
#3866,#3880,#3892,#3905,#3918,#3933,#3948,#3963,#3977,#3991,#4003,#4017,#4029,
#4043,#4055,#4069,#4082,#4095,#4108,#4121,#4134,#4147,#4159));
#4161=MANIFOLD_SOLID_BREP('',#4160);
#4162=FILL_AREA_STYLE_COLOUR('',#1549);
#4163=FILL_AREA_STYLE('',(#4162));
#4164=SURFACE_STYLE_FILL_AREA(#4163);
#4165=SURFACE_SIDE_STYLE('',(#4164));
#4166=SURFACE_STYLE_USAGE(.BOTH.,#4165);
#4167=PRESENTATION_STYLE_ASSIGNMENT((#4166));
#1550=STYLED_ITEM('',(#4167),#4161);
#4169=DIMENSIONAL_EXPONENTS(0.E0,0.E0,0.E0,0.E0,0.E0,0.E0,0.E0);
#4171=PLANE_ANGLE_MEASURE_WITH_UNIT(PLANE_ANGLE_MEASURE(1.745329251994E-2),
#4170);
#4172=(CONVERSION_BASED_UNIT('DEGREE',#4171)NAMED_UNIT(*)PLANE_ANGLE_UNIT());
#4174=UNCERTAINTY_MEASURE_WITH_UNIT(LENGTH_MEASURE(7.3E-3),#4168,'closure',
'Maximum model space distance between geometric entities at asserted connectivities');
#4175=(GEOMETRIC_REPRESENTATION_CONTEXT(3)GLOBAL_UNCERTAINTY_ASSIGNED_CONTEXT((
#4174))GLOBAL_UNIT_ASSIGNED_CONTEXT((#4168,#4172,#4173))REPRESENTATION_CONTEXT(
'ID1','3'));
#4176=CARTESIAN_POINT('',(0.E0,0.E0,0.E0));
#4177=DIRECTION('',(0.E0,0.E0,1.E0));
#4178=DIRECTION('',(1.E0,0.E0,0.E0));
#4181=APPLICATION_CONTEXT(
'CONFIGURATION CONTROLLED 3D DESIGNS OF MECHANICAL PARTS AND ASSEMBLIES');
#4182=APPLICATION_PROTOCOL_DEFINITION('international standard',
'config_control_design',1994,#4181);
#4183=DESIGN_CONTEXT('',#4181,'design');
#4184=MECHANICAL_CONTEXT('',#4181,'mechanical');
#4185=PRODUCT('O19V2_SE_BRKT_MNFLD_CAGE_LH','O19V2_SE_BRKT_MNFLD_CAGE_LH',
'NOT SPECIFIED',(#4184));
#4186=PRODUCT_DEFINITION_FORMATION_WITH_SPECIFIED_SOURCE('2','LAST_VERSION',
#4185,.MADE.);
#4195=CARTESIAN_POINT('',(0.E0,0.E0,0.E0));
#4196=DIRECTION('',(0.E0,0.E0,1.E0));
#4197=DIRECTION('',(1.E0,0.E0,0.E0));
#4198=AXIS2_PLACEMENT_3D('',#4195,#4196,#4197);
#4199=ITEM_DEFINED_TRANSFORMATION('','',#4179,#4198);
#4200=(REPRESENTATION_RELATIONSHIP('','',#4180,#4192)REPRESENTATION_RELATIONSHIP_WITH_TRANSFORMATION(#4199)SHAPE_REPRESENTATION_RELATIONSHIP());
#4201=CONTEXT_DEPENDENT_SHAPE_REPRESENTATION(#4200,#4194);
#4203=CARTESIAN_POINT('',(0.E0,0.E0,3.84015E0));
#4204=DIRECTION('',(0.E0,0.E0,-1.E0));
#4205=DIRECTION('',(-1.E0,0.E0,0.E0));
#4206=AXIS2_PLACEMENT_3D('',#4203,#4204,#4205);
#4208=CURVE_STYLE('',#1556,POSITIVE_LENGTH_MEASURE(2.E-2),#748);
#4209=PRESENTATION_STYLE_ASSIGNMENT((#4208));
#4210=STYLED_ITEM('',(#4209),#4207);
#4211=CARTESIAN_POINT('',(0.E0,0.E0,3.84015E0));
#4212=DIRECTION('',(0.E0,0.E0,-1.E0));
#4213=DIRECTION('',(9.945218953683E-1,1.045284632677E-1,0.E0));
#4214=AXIS2_PLACEMENT_3D('',#4211,#4212,#4213);
#4216=CURVE_STYLE('',#1556,POSITIVE_LENGTH_MEASURE(2.E-2),#748);
#4217=PRESENTATION_STYLE_ASSIGNMENT((#4216));
#4218=STYLED_ITEM('',(#4217),#4215);
#4219=CARTESIAN_POINT('',(0.E0,0.E0,3.84015E0));
#4220=DIRECTION('',(0.E0,0.E0,-1.E0));
#4221=DIRECTION('',(9.781476007338E-1,2.079116908178E-1,0.E0));
#4222=AXIS2_PLACEMENT_3D('',#4219,#4220,#4221);
#4224=CURVE_STYLE('',#1556,POSITIVE_LENGTH_MEASURE(2.E-2),#748);
#4225=PRESENTATION_STYLE_ASSIGNMENT((#4224));
#4226=STYLED_ITEM('',(#4225),#4223);
#4227=CARTESIAN_POINT('',(0.E0,0.E0,3.84015E0));
#4228=DIRECTION('',(0.E0,0.E0,-1.E0));
#4229=DIRECTION('',(9.510565162952E-1,3.090169943749E-1,0.E0));
#4230=AXIS2_PLACEMENT_3D('',#4227,#4228,#4229);
#4232=CURVE_STYLE('',#1556,POSITIVE_LENGTH_MEASURE(2.E-2),#748);
#4233=PRESENTATION_STYLE_ASSIGNMENT((#4232));
#4234=STYLED_ITEM('',(#4233),#4231);
#4235=CARTESIAN_POINT('',(0.E0,0.E0,3.84015E0));
#4236=DIRECTION('',(0.E0,0.E0,-1.E0));
#4237=DIRECTION('',(9.135454576426E-1,4.067366430758E-1,0.E0));
#4238=AXIS2_PLACEMENT_3D('',#4235,#4236,#4237);
#4240=CURVE_STYLE('',#1556,POSITIVE_LENGTH_MEASURE(2.E-2),#748);
#4241=PRESENTATION_STYLE_ASSIGNMENT((#4240));
#4242=STYLED_ITEM('',(#4241),#4239);
#4243=CARTESIAN_POINT('',(0.E0,0.E0,3.84015E0));
#4244=DIRECTION('',(0.E0,0.E0,-1.E0));
#4245=DIRECTION('',(8.660254037844E-1,5.E-1,0.E0));
#4246=AXIS2_PLACEMENT_3D('',#4243,#4244,#4245);
#4248=CURVE_STYLE('',#1556,POSITIVE_LENGTH_MEASURE(2.E-2),#748);
#4249=PRESENTATION_STYLE_ASSIGNMENT((#4248));
#4250=STYLED_ITEM('',(#4249),#4247);
#4251=CARTESIAN_POINT('',(0.E0,0.E0,3.84015E0));
#4252=DIRECTION('',(0.E0,0.E0,-1.E0));
#4253=DIRECTION('',(8.090169943749E-1,5.877852522925E-1,0.E0));
#4254=AXIS2_PLACEMENT_3D('',#4251,#4252,#4253);
#4256=CURVE_STYLE('',#1556,POSITIVE_LENGTH_MEASURE(2.E-2),#748);
#4257=PRESENTATION_STYLE_ASSIGNMENT((#4256));
#4258=STYLED_ITEM('',(#4257),#4255);
#4259=CARTESIAN_POINT('',(0.E0,0.E0,3.84015E0));
#4260=DIRECTION('',(0.E0,0.E0,-1.E0));
#4261=DIRECTION('',(7.431448254774E-1,6.691306063589E-1,0.E0));
#4262=AXIS2_PLACEMENT_3D('',#4259,#4260,#4261);
#4264=CURVE_STYLE('',#1556,POSITIVE_LENGTH_MEASURE(2.E-2),#748);
#4265=PRESENTATION_STYLE_ASSIGNMENT((#4264));
#4266=STYLED_ITEM('',(#4265),#4263);
#4267=CARTESIAN_POINT('',(0.E0,0.E0,3.84015E0));
#4268=DIRECTION('',(0.E0,0.E0,-1.E0));
#4269=DIRECTION('',(6.691306063589E-1,7.431448254774E-1,0.E0));
#4270=AXIS2_PLACEMENT_3D('',#4267,#4268,#4269);
#4272=CURVE_STYLE('',#1556,POSITIVE_LENGTH_MEASURE(2.E-2),#748);
#4273=PRESENTATION_STYLE_ASSIGNMENT((#4272));
#4274=STYLED_ITEM('',(#4273),#4271);
#4275=CARTESIAN_POINT('',(0.E0,0.E0,3.84015E0));
#4276=DIRECTION('',(0.E0,0.E0,-1.E0));
#4277=DIRECTION('',(5.877852522925E-1,8.090169943749E-1,0.E0));
#4278=AXIS2_PLACEMENT_3D('',#4275,#4276,#4277);
#4280=CURVE_STYLE('',#1556,POSITIVE_LENGTH_MEASURE(2.E-2),#748);
#4281=PRESENTATION_STYLE_ASSIGNMENT((#4280));
#4282=STYLED_ITEM('',(#4281),#4279);
#4283=CARTESIAN_POINT('',(0.E0,0.E0,3.84015E0));
#4284=DIRECTION('',(0.E0,0.E0,-1.E0));
#4285=DIRECTION('',(5.E-1,8.660254037844E-1,0.E0));
#4286=AXIS2_PLACEMENT_3D('',#4283,#4284,#4285);
#4288=CURVE_STYLE('',#1556,POSITIVE_LENGTH_MEASURE(2.E-2),#748);
#4289=PRESENTATION_STYLE_ASSIGNMENT((#4288));
#4290=STYLED_ITEM('',(#4289),#4287);
#4291=CARTESIAN_POINT('',(0.E0,0.E0,3.84015E0));
#4292=DIRECTION('',(0.E0,0.E0,-1.E0));
#4293=DIRECTION('',(4.067366430758E-1,9.135454576426E-1,0.E0));
#4294=AXIS2_PLACEMENT_3D('',#4291,#4292,#4293);
#4296=CURVE_STYLE('',#1556,POSITIVE_LENGTH_MEASURE(2.E-2),#748);
#4297=PRESENTATION_STYLE_ASSIGNMENT((#4296));
#4298=STYLED_ITEM('',(#4297),#4295);
#4299=CARTESIAN_POINT('',(0.E0,0.E0,3.84015E0));
#4300=DIRECTION('',(0.E0,0.E0,-1.E0));
#4301=DIRECTION('',(3.090169943749E-1,9.510565162952E-1,0.E0));
#4302=AXIS2_PLACEMENT_3D('',#4299,#4300,#4301);
#4304=CURVE_STYLE('',#1556,POSITIVE_LENGTH_MEASURE(2.E-2),#748);
#4305=PRESENTATION_STYLE_ASSIGNMENT((#4304));
#4306=STYLED_ITEM('',(#4305),#4303);
#4307=CARTESIAN_POINT('',(0.E0,0.E0,3.84015E0));
#4308=DIRECTION('',(0.E0,0.E0,-1.E0));
#4309=DIRECTION('',(2.079116908178E-1,9.781476007338E-1,0.E0));
#4310=AXIS2_PLACEMENT_3D('',#4307,#4308,#4309);
#4312=CURVE_STYLE('',#1556,POSITIVE_LENGTH_MEASURE(2.E-2),#748);
#4313=PRESENTATION_STYLE_ASSIGNMENT((#4312));
#4314=STYLED_ITEM('',(#4313),#4311);
#4315=CARTESIAN_POINT('',(0.E0,0.E0,3.84015E0));
#4316=DIRECTION('',(0.E0,0.E0,-1.E0));
#4317=DIRECTION('',(1.045284632677E-1,9.945218953683E-1,0.E0));
#4318=AXIS2_PLACEMENT_3D('',#4315,#4316,#4317);
#4320=CURVE_STYLE('',#1556,POSITIVE_LENGTH_MEASURE(2.E-2),#748);
#4321=PRESENTATION_STYLE_ASSIGNMENT((#4320));
#4322=STYLED_ITEM('',(#4321),#4319);
#4323=CARTESIAN_POINT('',(0.E0,0.E0,3.84015E0));
#4324=DIRECTION('',(0.E0,0.E0,-1.E0));
#4325=DIRECTION('',(0.E0,1.E0,0.E0));
#4326=AXIS2_PLACEMENT_3D('',#4323,#4324,#4325);
#4328=CURVE_STYLE('',#1556,POSITIVE_LENGTH_MEASURE(2.E-2),#748);
#4329=PRESENTATION_STYLE_ASSIGNMENT((#4328));
#4330=STYLED_ITEM('',(#4329),#4327);
#4331=CARTESIAN_POINT('',(0.E0,0.E0,3.84015E0));
#4332=DIRECTION('',(0.E0,0.E0,-1.E0));
#4333=DIRECTION('',(-1.045284632677E-1,9.945218953683E-1,0.E0));
#4334=AXIS2_PLACEMENT_3D('',#4331,#4332,#4333);
#4336=CURVE_STYLE('',#1556,POSITIVE_LENGTH_MEASURE(2.E-2),#748);
#4337=PRESENTATION_STYLE_ASSIGNMENT((#4336));
#4338=STYLED_ITEM('',(#4337),#4335);
#4339=CARTESIAN_POINT('',(0.E0,0.E0,3.84015E0));
#4340=DIRECTION('',(0.E0,0.E0,-1.E0));
#4341=DIRECTION('',(-2.079116908178E-1,9.781476007338E-1,0.E0));
#4342=AXIS2_PLACEMENT_3D('',#4339,#4340,#4341);
#4344=CURVE_STYLE('',#1556,POSITIVE_LENGTH_MEASURE(2.E-2),#748);
#4345=PRESENTATION_STYLE_ASSIGNMENT((#4344));
#4346=STYLED_ITEM('',(#4345),#4343);
#4347=CARTESIAN_POINT('',(0.E0,0.E0,3.84015E0));
#4348=DIRECTION('',(0.E0,0.E0,-1.E0));
#4349=DIRECTION('',(-3.090169943749E-1,9.510565162952E-1,0.E0));
#4350=AXIS2_PLACEMENT_3D('',#4347,#4348,#4349);
#4352=CURVE_STYLE('',#1556,POSITIVE_LENGTH_MEASURE(2.E-2),#748);
#4353=PRESENTATION_STYLE_ASSIGNMENT((#4352));
#4354=STYLED_ITEM('',(#4353),#4351);
#4355=CARTESIAN_POINT('',(0.E0,0.E0,3.84015E0));
#4356=DIRECTION('',(0.E0,0.E0,-1.E0));
#4357=DIRECTION('',(-4.067366430758E-1,9.135454576426E-1,0.E0));
#4358=AXIS2_PLACEMENT_3D('',#4355,#4356,#4357);
#4360=CURVE_STYLE('',#1556,POSITIVE_LENGTH_MEASURE(2.E-2),#748);
#4361=PRESENTATION_STYLE_ASSIGNMENT((#4360));
#4362=STYLED_ITEM('',(#4361),#4359);
#4363=CARTESIAN_POINT('',(0.E0,0.E0,3.84015E0));
#4364=DIRECTION('',(0.E0,0.E0,-1.E0));
#4365=DIRECTION('',(-5.E-1,8.660254037844E-1,0.E0));
#4366=AXIS2_PLACEMENT_3D('',#4363,#4364,#4365);
#4368=CURVE_STYLE('',#1556,POSITIVE_LENGTH_MEASURE(2.E-2),#748);
#4369=PRESENTATION_STYLE_ASSIGNMENT((#4368));
#4370=STYLED_ITEM('',(#4369),#4367);
#4371=CARTESIAN_POINT('',(0.E0,0.E0,3.84015E0));
#4372=DIRECTION('',(0.E0,0.E0,-1.E0));
#4373=DIRECTION('',(-5.877852522925E-1,8.090169943749E-1,0.E0));
#4374=AXIS2_PLACEMENT_3D('',#4371,#4372,#4373);
#4376=CURVE_STYLE('',#1556,POSITIVE_LENGTH_MEASURE(2.E-2),#748);
#4377=PRESENTATION_STYLE_ASSIGNMENT((#4376));
#4378=STYLED_ITEM('',(#4377),#4375);
#4379=CARTESIAN_POINT('',(0.E0,0.E0,3.84015E0));
#4380=DIRECTION('',(0.E0,0.E0,-1.E0));
#4381=DIRECTION('',(-6.691306063589E-1,7.431448254774E-1,0.E0));
#4382=AXIS2_PLACEMENT_3D('',#4379,#4380,#4381);
#4384=CURVE_STYLE('',#1556,POSITIVE_LENGTH_MEASURE(2.E-2),#748);
#4385=PRESENTATION_STYLE_ASSIGNMENT((#4384));
#4386=STYLED_ITEM('',(#4385),#4383);
#4387=CARTESIAN_POINT('',(0.E0,0.E0,3.84015E0));
#4388=DIRECTION('',(0.E0,0.E0,-1.E0));
#4389=DIRECTION('',(-7.431448254774E-1,6.691306063589E-1,0.E0));
#4390=AXIS2_PLACEMENT_3D('',#4387,#4388,#4389);
#4392=CURVE_STYLE('',#1556,POSITIVE_LENGTH_MEASURE(2.E-2),#748);
#4393=PRESENTATION_STYLE_ASSIGNMENT((#4392));
#4394=STYLED_ITEM('',(#4393),#4391);
#4395=CARTESIAN_POINT('',(0.E0,0.E0,3.84015E0));
#4396=DIRECTION('',(0.E0,0.E0,-1.E0));
#4397=DIRECTION('',(-8.090169943749E-1,5.877852522925E-1,0.E0));
#4398=AXIS2_PLACEMENT_3D('',#4395,#4396,#4397);
#4400=CURVE_STYLE('',#1556,POSITIVE_LENGTH_MEASURE(2.E-2),#748);
#4401=PRESENTATION_STYLE_ASSIGNMENT((#4400));
#4402=STYLED_ITEM('',(#4401),#4399);
#4403=CARTESIAN_POINT('',(0.E0,0.E0,3.84015E0));
#4404=DIRECTION('',(0.E0,0.E0,-1.E0));
#4405=DIRECTION('',(-8.660254037844E-1,5.E-1,0.E0));
#4406=AXIS2_PLACEMENT_3D('',#4403,#4404,#4405);
#4408=CURVE_STYLE('',#1556,POSITIVE_LENGTH_MEASURE(2.E-2),#748);
#4409=PRESENTATION_STYLE_ASSIGNMENT((#4408));
#4410=STYLED_ITEM('',(#4409),#4407);
#4411=CARTESIAN_POINT('',(0.E0,0.E0,3.84015E0));
#4412=DIRECTION('',(0.E0,0.E0,-1.E0));
#4413=DIRECTION('',(-9.135454576426E-1,4.067366430758E-1,0.E0));
#4414=AXIS2_PLACEMENT_3D('',#4411,#4412,#4413);
#4416=CURVE_STYLE('',#1556,POSITIVE_LENGTH_MEASURE(2.E-2),#748);
#4417=PRESENTATION_STYLE_ASSIGNMENT((#4416));
#4418=STYLED_ITEM('',(#4417),#4415);
#4419=CARTESIAN_POINT('',(0.E0,0.E0,3.84015E0));
#4420=DIRECTION('',(0.E0,0.E0,-1.E0));
#4421=DIRECTION('',(-9.510565162952E-1,3.090169943749E-1,0.E0));
#4422=AXIS2_PLACEMENT_3D('',#4419,#4420,#4421);
#4424=CURVE_STYLE('',#1556,POSITIVE_LENGTH_MEASURE(2.E-2),#748);
#4425=PRESENTATION_STYLE_ASSIGNMENT((#4424));
#4426=STYLED_ITEM('',(#4425),#4423);
#4427=CARTESIAN_POINT('',(0.E0,0.E0,3.84015E0));
#4428=DIRECTION('',(0.E0,0.E0,-1.E0));
#4429=DIRECTION('',(-9.781476007338E-1,2.079116908178E-1,0.E0));
#4430=AXIS2_PLACEMENT_3D('',#4427,#4428,#4429);
#4432=CURVE_STYLE('',#1556,POSITIVE_LENGTH_MEASURE(2.E-2),#748);
#4433=PRESENTATION_STYLE_ASSIGNMENT((#4432));
#4434=STYLED_ITEM('',(#4433),#4431);
#4435=CARTESIAN_POINT('',(0.E0,0.E0,3.84015E0));
#4436=DIRECTION('',(0.E0,0.E0,-1.E0));
#4437=DIRECTION('',(-9.945218953683E-1,1.045284632677E-1,0.E0));
#4438=AXIS2_PLACEMENT_3D('',#4435,#4436,#4437);
#4440=CURVE_STYLE('',#1556,POSITIVE_LENGTH_MEASURE(2.E-2),#748);
#4441=PRESENTATION_STYLE_ASSIGNMENT((#4440));
#4442=STYLED_ITEM('',(#4441),#4439);
#4443=CARTESIAN_POINT('',(5.706086882388E0,3.190571902333E-1,4.125899520658E0));
#4444=CARTESIAN_POINT('',(5.671553010776E0,3.470437149764E-1,4.092981940631E0));
#4445=CARTESIAN_POINT('',(5.602802549219E0,4.027596368713E-1,4.027918508739E0));
#4446=CARTESIAN_POINT('',(5.500682313397E0,4.855186897426E-1,3.932717738775E0));
#4447=CARTESIAN_POINT('',(5.433138119950E0,5.402570423485E-1,3.870747059256E0));
#4448=CARTESIAN_POINT('',(5.399508000428E0,5.675111591959E-1,3.84015E0));
#4450=CURVE_STYLE('',#1556,POSITIVE_LENGTH_MEASURE(2.E-2),#748);
#4451=PRESENTATION_STYLE_ASSIGNMENT((#4450));
#4452=STYLED_ITEM('',(#4451),#4449);
#4453=CARTESIAN_POINT('',(5.429218391458E0,-3.079406532461E-5,
3.840086787961E0));
#4454=CARTESIAN_POINT('',(5.459804195243E0,3.053197416520E-2,3.870671551602E0));
#4455=CARTESIAN_POINT('',(5.521287852796E0,9.196816593855E-2,3.932719593375E0));
#4456=CARTESIAN_POINT('',(5.614125156785E0,1.847360243501E-1,4.027818595881E0));
#4457=CARTESIAN_POINT('',(5.676736888157E0,2.473004945675E-1,4.092942046456E0));
#4458=CARTESIAN_POINT('',(5.708198481851E0,2.787383931101E-1,4.125899521641E0));
#4460=CURVE_STYLE('',#1556,POSITIVE_LENGTH_MEASURE(2.E-2),#748);
#4461=PRESENTATION_STYLE_ASSIGNMENT((#4460));
#4462=STYLED_ITEM('',(#4461),#4459);
#4463=CARTESIAN_POINT('',(0.E0,0.E0,4.1259E0));
#4464=DIRECTION('',(0.E0,0.E0,1.E0));
#4465=DIRECTION('',(9.988098830885E-1,4.877312215400E-2,0.E0));
#4466=AXIS2_PLACEMENT_3D('',#4463,#4464,#4465);
#4468=CURVE_STYLE('',#1556,POSITIVE_LENGTH_MEASURE(2.E-2),#748);
#4469=PRESENTATION_STYLE_ASSIGNMENT((#4468));
#4470=STYLED_ITEM('',(#4469),#4467);
#4471=CARTESIAN_POINT('',(5.641477783619E0,9.137578546495E-1,4.125899520658E0));
#4472=CARTESIAN_POINT('',(5.604207703745E0,9.379812937514E-1,4.092981940631E0));
#4473=CARTESIAN_POINT('',(5.530009964715E0,9.862056179010E-1,4.027918508739E0));
#4474=CARTESIAN_POINT('',(5.419798477612E0,1.057836836702E0,3.932717738775E0));
#4475=CARTESIAN_POINT('',(5.346902582444E0,1.105215036142E0,3.870747059256E0));
#4476=CARTESIAN_POINT('',(5.310607861284E0,1.128804547372E0,3.84015E0));
#4478=CURVE_STYLE('',#1556,POSITIVE_LENGTH_MEASURE(2.E-2),#748);
#4479=PRESENTATION_STYLE_ASSIGNMENT((#4478));
#4480=STYLED_ITEM('',(#4479),#4477);
#4481=CARTESIAN_POINT('',(5.399508000428E0,5.675111591959E-1,3.84015E0));
#4482=CARTESIAN_POINT('',(5.426740445266E0,6.011145366192E-1,3.870745772058E0));
#4483=CARTESIAN_POINT('',(5.481437373750E0,6.686076149203E-1,3.932714627983E0));
#4484=CARTESIAN_POINT('',(5.564139750528E0,7.706579154800E-1,4.027915005340E0));
#4485=CARTESIAN_POINT('',(5.619821775846E0,8.393665504784E-1,4.092980399158E0));
#4486=CARTESIAN_POINT('',(5.647792277423E0,8.738806503624E-1,4.125899521967E0));
#4488=CURVE_STYLE('',#1556,POSITIVE_LENGTH_MEASURE(2.E-2),#748);
#4489=PRESENTATION_STYLE_ASSIGNMENT((#4488));
#4490=STYLED_ITEM('',(#4489),#4487);
#4491=CARTESIAN_POINT('',(0.E0,0.E0,4.1259E0));
#4492=DIRECTION('',(0.E0,0.E0,1.E0));
#4493=DIRECTION('',(9.882401185343E-1,1.529100000634E-1,0.E0));
#4494=AXIS2_PLACEMENT_3D('',#4491,#4492,#4493);
#4496=CURVE_STYLE('',#1556,POSITIVE_LENGTH_MEASURE(2.E-2),#748);
#4497=PRESENTATION_STYLE_ASSIGNMENT((#4496));
#4498=STYLED_ITEM('',(#4497),#4495);
#4499=CARTESIAN_POINT('',(5.515059473697E0,1.498447196794E0,4.125899520658E0));
#4500=CARTESIAN_POINT('',(5.475461524357E0,1.518642153187E0,4.092981940631E0));
#4501=CARTESIAN_POINT('',(5.396629433808E0,1.558846523804E0,4.027918508739E0));
#4502=CARTESIAN_POINT('',(5.279534195540E0,1.618565101913E0,3.932717738775E0));
#4503=CARTESIAN_POINT('',(5.202085261334E0,1.658064062718E0,3.870747059256E0));
#4504=CARTESIAN_POINT('',(5.163523591095E0,1.677730516710E0,3.84015E0));
#4506=CURVE_STYLE('',#1556,POSITIVE_LENGTH_MEASURE(2.E-2),#748);
#4507=PRESENTATION_STYLE_ASSIGNMENT((#4506));
#4508=STYLED_ITEM('',(#4507),#4505);
#4509=CARTESIAN_POINT('',(5.310607861284E0,1.128804547372E0,3.84015E0));
#4510=CARTESIAN_POINT('',(5.334178614537E0,1.165070407588E0,3.870745772058E0));
#4511=CARTESIAN_POINT('',(5.381520959768E0,1.237911137624E0,3.932714627983E0));
#4512=CARTESIAN_POINT('',(5.453103123179E0,1.348047148313E0,4.027915005340E0));
#4513=CARTESIAN_POINT('',(5.501298108507E0,1.422199746758E0,4.092980399158E0));
#4514=CARTESIAN_POINT('',(5.525507678928E0,1.459448488338E0,4.125899521967E0));
#4516=CURVE_STYLE('',#1556,POSITIVE_LENGTH_MEASURE(2.E-2),#748);
#4517=PRESENTATION_STYLE_ASSIGNMENT((#4516));
#4518=STYLED_ITEM('',(#4517),#4515);
#4519=CARTESIAN_POINT('',(0.E0,0.E0,4.1259E0));
#4520=DIRECTION('',(0.E0,0.E0,1.E0));
#4521=DIRECTION('',(9.668429884388E-1,2.553715640137E-1,0.E0));
#4522=AXIS2_PLACEMENT_3D('',#4519,#4520,#4521);
#4524=CURVE_STYLE('',#1556,POSITIVE_LENGTH_MEASURE(2.E-2),#748);
#4525=PRESENTATION_STYLE_ASSIGNMENT((#4524));
#4526=STYLED_ITEM('',(#4525),#4523);
#4527=CARTESIAN_POINT('',(5.328217018082E0,2.066719237880E0,4.125899520658E0));
#4528=CARTESIAN_POINT('',(5.286725042693E0,2.082664451396E0,4.092981940631E0));
#4529=CARTESIAN_POINT('',(5.204122301508E0,2.114408380983E0,4.027918508739E0));
#4530=CARTESIAN_POINT('',(5.081426232008E0,2.161560029160E0,3.932717738775E0));
#4531=CARTESIAN_POINT('',(5.000272805494E0,2.192746992451E0,3.870747059256E0));
#4532=CARTESIAN_POINT('',(4.959866675906E0,2.208274919419E0,3.84015E0));
#4534=CURVE_STYLE('',#1556,POSITIVE_LENGTH_MEASURE(2.E-2),#748);
#4535=PRESENTATION_STYLE_ASSIGNMENT((#4534));
#4536=STYLED_ITEM('',(#4535),#4533);
#4537=CARTESIAN_POINT('',(5.163523591095E0,1.677730516710E0,3.84015E0));
#4538=CARTESIAN_POINT('',(5.183174406658E0,1.716261523365E0,3.870745772058E0));
#4539=CARTESIAN_POINT('',(5.222643475995E0,1.793651846855E0,3.932714627983E0));
#4540=CARTESIAN_POINT('',(5.282321156877E0,1.910666894492E0,4.027915005340E0));
#4541=CARTESIAN_POINT('',(5.322501067870E0,1.989451024997E0,4.092980399158E0));
#4542=CARTESIAN_POINT('',(5.342684462015E0,2.029026303266E0,4.125899521967E0));
#4544=CURVE_STYLE('',#1556,POSITIVE_LENGTH_MEASURE(2.E-2),#748);
#4545=PRESENTATION_STYLE_ASSIGNMENT((#4544));
#4546=STYLED_ITEM('',(#4545),#4543);
#4547=CARTESIAN_POINT('',(0.E0,0.E0,4.1259E0));
#4548=DIRECTION('',(0.E0,0.E0,1.E0));
#4549=DIRECTION('',(9.348529242371E-1,3.550352236686E-1,0.E0));
#4550=AXIS2_PLACEMENT_3D('',#4547,#4548,#4549);
#4552=CURVE_STYLE('',#1556,POSITIVE_LENGTH_MEASURE(2.E-2),#748);
#4553=PRESENTATION_STYLE_ASSIGNMENT((#4552));
#4554=STYLED_ITEM('',(#4553),#4551);
#4555=CARTESIAN_POINT('',(5.082997501815E0,2.612347870507E0,4.125899520658E0));
#4556=CARTESIAN_POINT('',(5.040066095144E0,2.623868642050E0,4.092981940631E0));
#4557=CARTESIAN_POINT('',(4.954597716240E0,2.646804337471E0,4.027918508739E0));
#4558=CARTESIAN_POINT('',(4.827645099322E0,2.680872452392E0,3.932717738775E0));
#4559=CARTESIAN_POINT('',(4.743676314422E0,2.703405727273E0,3.870747059256E0));
#4560=CARTESIAN_POINT('',(4.701868423497E0,2.714625E0,3.84015E0));
#4562=CURVE_STYLE('',#1556,POSITIVE_LENGTH_MEASURE(2.E-2),#748);
#4563=PRESENTATION_STYLE_ASSIGNMENT((#4562));
#4564=STYLED_ITEM('',(#4563),#4561);
#4565=CARTESIAN_POINT('',(4.959866675906E0,2.208274919419E0,3.84015E0));
#4566=CARTESIAN_POINT('',(4.975382255331E0,2.248648918740E0,3.870745772058E0));
#4567=CARTESIAN_POINT('',(5.006545617390E0,2.329740931105E0,3.932714627983E0));
#4568=CARTESIAN_POINT('',(5.053664974584E0,2.452352974342E0,4.027915005340E0));
#4569=CARTESIAN_POINT('',(5.085389591728E0,2.534905461488E0,4.092980399158E0));
#4570=CARTESIAN_POINT('',(5.101325676107E0,2.576373681415E0,4.125899521967E0));
#4572=CURVE_STYLE('',#1556,POSITIVE_LENGTH_MEASURE(2.E-2),#748);
#4573=PRESENTATION_STYLE_ASSIGNMENT((#4572));
#4574=STYLED_ITEM('',(#4573),#4571);
#4575=CARTESIAN_POINT('',(0.E0,0.E0,4.1259E0));
#4576=DIRECTION('',(0.E0,0.E0,1.E0));
#4577=DIRECTION('',(8.926204157668E-1,4.508090431172E-1,0.E0));
#4578=AXIS2_PLACEMENT_3D('',#4575,#4576,#4577);
#4580=CURVE_STYLE('',#1556,POSITIVE_LENGTH_MEASURE(2.E-2),#748);
#4581=PRESENTATION_STYLE_ASSIGNMENT((#4580));
#4582=STYLED_ITEM('',(#4581),#4579);
#4583=CARTESIAN_POINT('',(4.782087601232E0,3.129355073196E0,4.125899520658E0));
#4584=CARTESIAN_POINT('',(4.738187128754E0,3.136325178781E0,4.092981940631E0));
#4585=CARTESIAN_POINT('',(4.650789521576E0,3.150201351759E0,4.027918508739E0));
#4586=CARTESIAN_POINT('',(4.520971276678E0,3.170812676028E0,3.932717738775E0));
#4587=CARTESIAN_POINT('',(4.435107112972E0,3.184445383222E0,3.870747059256E0));
#4588=CARTESIAN_POINT('',(4.392355516710E0,3.191233081009E0,3.84015E0));
#4590=CURVE_STYLE('',#1556,POSITIVE_LENGTH_MEASURE(2.E-2),#748);
#4591=PRESENTATION_STYLE_ASSIGNMENT((#4590));
#4592=STYLED_ITEM('',(#4591),#4589);
#4593=CARTESIAN_POINT('',(4.701868423497E0,2.714625E0,3.84015E0));
#4594=CARTESIAN_POINT('',(4.713078774849E0,2.756399646002E0,3.870745772058E0));
#4595=CARTESIAN_POINT('',(4.735594997314E0,2.840304886185E0,3.932714627983E0));
#4596=CARTESIAN_POINT('',(4.769639781281E0,2.967170561817E0,4.027915005340E0));
#4597=CARTESIAN_POINT('',(4.792561523034E0,3.052586943279E0,4.092980399158E0));
#4598=CARTESIAN_POINT('',(4.804075698572E0,3.095493770369E0,4.125899521967E0));
#4600=CURVE_STYLE('',#1556,POSITIVE_LENGTH_MEASURE(2.E-2),#748);
#4601=PRESENTATION_STYLE_ASSIGNMENT((#4600));
#4602=STYLED_ITEM('',(#4601),#4599);
#4603=CARTESIAN_POINT('',(0.E0,0.E0,4.1259E0));
#4604=DIRECTION('',(0.E0,0.E0,1.E0));
#4605=DIRECTION('',(8.406081712286E-1,5.416437043515E-1,0.E0));
#4606=AXIS2_PLACEMENT_3D('',#4603,#4604,#4605);
#4608=CURVE_STYLE('',#1556,POSITIVE_LENGTH_MEASURE(2.E-2),#748);
#4609=PRESENTATION_STYLE_ASSIGNMENT((#4608));
#4610=STYLED_ITEM('',(#4609),#4607);
#4611=CARTESIAN_POINT('',(4.428784148175E0,3.612076406843E0,4.125899520658E0));
#4612=CARTESIAN_POINT('',(4.384395592652E0,3.614419480536E0,4.092981940631E0));
#4613=CARTESIAN_POINT('',(4.296026303674E0,3.619084100815E0,4.027918508739E0));
#4614=CARTESIAN_POINT('',(4.164764746653E0,3.626012812449E0,3.932717738775E0));
#4615=CARTESIAN_POINT('',(4.077945949886E0,3.630595589165E0,3.870747059256E0));
#4616=CARTESIAN_POINT('',(4.034719043723E0,3.632877344574E0,3.84015E0));
#4618=CURVE_STYLE('',#1556,POSITIVE_LENGTH_MEASURE(2.E-2),#748);
#4619=PRESENTATION_STYLE_ASSIGNMENT((#4618));
#4620=STYLED_ITEM('',(#4619),#4617);
#4621=CARTESIAN_POINT('',(4.392355516710E0,3.191233081009E0,3.84015E0));
#4622=CARTESIAN_POINT('',(4.399137817035E0,3.233950681929E0,3.870745772058E0));
#4623=CARTESIAN_POINT('',(4.412760207461E0,3.319749866560E0,3.932714627983E0));
#4624=CARTESIAN_POINT('',(4.433357416424E0,3.449479207697E0,4.027915005340E0));
#4625=CARTESIAN_POINT('',(4.447225147385E0,3.536823643724E0,4.092980399158E0));
#4626=CARTESIAN_POINT('',(4.454191262365E0,3.580698981801E0,4.125899521967E0));
#4628=CURVE_STYLE('',#1556,POSITIVE_LENGTH_MEASURE(2.E-2),#748);
#4629=PRESENTATION_STYLE_ASSIGNMENT((#4628));
#4630=STYLED_ITEM('',(#4629),#4627);
#4631=CARTESIAN_POINT('',(0.E0,0.E0,4.1259E0));
#4632=DIRECTION('',(0.E0,0.E0,1.E0));
#4633=DIRECTION('',(7.793860476579E-1,6.265440038147E-1,0.E0));
#4634=AXIS2_PLACEMENT_3D('',#4631,#4632,#4633);
#4636=CURVE_STYLE('',#1556,POSITIVE_LENGTH_MEASURE(2.E-2),#748);
#4637=PRESENTATION_STYLE_ASSIGNMENT((#4636));
#4638=STYLED_ITEM('',(#4637),#4635);
#4639=CARTESIAN_POINT('',(4.026958009207E0,4.055223075502E0,4.125899520658E0));
#4640=CARTESIAN_POINT('',(3.982567700944E0,4.052913446096E0,4.092981940631E0));
#4641=CARTESIAN_POINT('',(3.894194922587E0,4.048315407120E0,4.027918508739E0));
#4642=CARTESIAN_POINT('',(3.762928182530E0,4.041485593705E0,3.932717738775E0));
#4643=CARTESIAN_POINT('',(3.676105957608E0,4.036968230083E0,3.870747059256E0));
#4644=CARTESIAN_POINT('',(3.632877344574E0,4.034719043723E0,3.84015E0));
#4646=CURVE_STYLE('',#1556,POSITIVE_LENGTH_MEASURE(2.E-2),#748);
#4647=PRESENTATION_STYLE_ASSIGNMENT((#4646));
#4648=STYLED_ITEM('',(#4647),#4645);
#4649=CARTESIAN_POINT('',(4.034719043723E0,3.632877344574E0,3.84015E0));
#4650=CARTESIAN_POINT('',(4.036998984719E0,3.676069877437E0,3.870745772058E0));
#4651=CARTESIAN_POINT('',(4.041578293345E0,3.762822972694E0,3.932714627983E0));
#4652=CARTESIAN_POINT('',(4.048502259973E0,3.893994637528E0,4.027915005340E0));
#4653=CARTESIAN_POINT('',(4.053164042379E0,3.982310164201E0,4.092980399158E0));
#4654=CARTESIAN_POINT('',(4.055505774588E0,4.026673305879E0,4.125899521967E0));
#4656=CURVE_STYLE('',#1556,POSITIVE_LENGTH_MEASURE(2.E-2),#748);
#4657=PRESENTATION_STYLE_ASSIGNMENT((#4656));
#4658=STYLED_ITEM('',(#4657),#4655);
#4659=CARTESIAN_POINT('',(0.E0,0.E0,4.1259E0));
#4660=DIRECTION('',(0.E0,0.E0,1.E0));
#4661=DIRECTION('',(7.096248074520E-1,7.045797560594E-1,0.E0));
#4662=AXIS2_PLACEMENT_3D('',#4659,#4660,#4661);
#4664=CURVE_STYLE('',#1556,POSITIVE_LENGTH_MEASURE(2.E-2),#748);
#4665=PRESENTATION_STYLE_ASSIGNMENT((#4664));
#4666=STYLED_ITEM('',(#4665),#4663);
#4667=CARTESIAN_POINT('',(3.581011675595E0,4.453939871535E0,4.125899520658E0));
#4668=CARTESIAN_POINT('',(3.537105964098E0,4.447002843814E0,4.092981940631E0));
#4669=CARTESIAN_POINT('',(3.449697927016E0,4.433192522660E0,4.027918508739E0));
#4670=CARTESIAN_POINT('',(3.319864189796E0,4.412679013062E0,3.932717738775E0));
#4671=CARTESIAN_POINT('',(3.233989779184E0,4.399111002281E0,3.870747059256E0));
#4672=CARTESIAN_POINT('',(3.191233081009E0,4.392355516710E0,3.84015E0));
#4674=CURVE_STYLE('',#1556,POSITIVE_LENGTH_MEASURE(2.E-2),#748);
#4675=PRESENTATION_STYLE_ASSIGNMENT((#4674));
#4676=STYLED_ITEM('',(#4675),#4673);
#4677=CARTESIAN_POINT('',(3.632877344574E0,4.034719043723E0,3.84015E0));
#4678=CARTESIAN_POINT('',(3.630629946729E0,4.077913282101E0,3.870745772058E0));
#4679=CARTESIAN_POINT('',(3.626116001693E0,4.164669802918E0,3.932714627983E0));
#4680=CARTESIAN_POINT('',(3.619290865558E0,4.295846647238E0,4.027915005340E0));
#4681=CARTESIAN_POINT('',(3.614695623946E0,4.384165661168E0,4.092980399158E0));
#4682=CARTESIAN_POINT('',(3.612387316876E0,4.428530554583E0,4.125899521967E0));
#4684=CURVE_STYLE('',#1556,POSITIVE_LENGTH_MEASURE(2.E-2),#748);
#4685=PRESENTATION_STYLE_ASSIGNMENT((#4684));
#4686=STYLED_ITEM('',(#4685),#4683);
#4687=CARTESIAN_POINT('',(0.E0,0.E0,4.1259E0));
#4688=DIRECTION('',(0.E0,0.E0,1.E0));
#4689=DIRECTION('',(6.320887693571E-1,7.748959850538E-1,0.E0));
#4690=AXIS2_PLACEMENT_3D('',#4687,#4688,#4689);
#4692=CURVE_STYLE('',#1556,POSITIVE_LENGTH_MEASURE(2.E-2),#748);
#4693=PRESENTATION_STYLE_ASSIGNMENT((#4692));
#4694=STYLED_ITEM('',(#4693),#4691);
#4695=CARTESIAN_POINT('',(3.095831028691E0,4.803858370289E0,4.125899520658E0));
#4696=CARTESIAN_POINT('',(3.052890954122E0,4.792369947780E0,4.092981940631E0));
#4697=CARTESIAN_POINT('',(2.967405319060E0,4.769498653217E0,4.027918508739E0));
#4698=CARTESIAN_POINT('',(2.840427070272E0,4.735526197739E0,3.932717738775E0));
#4699=CARTESIAN_POINT('',(2.756441331984E0,4.713056193765E0,3.870747059256E0));
#4700=CARTESIAN_POINT('',(2.714625E0,4.701868423497E0,3.84015E0));
#4702=CURVE_STYLE('',#1556,POSITIVE_LENGTH_MEASURE(2.E-2),#748);
#4703=PRESENTATION_STYLE_ASSIGNMENT((#4702));
#4704=STYLED_ITEM('',(#4703),#4701);
#4705=CARTESIAN_POINT('',(3.191233081009E0,4.392355516710E0,3.84015E0));
#4706=CARTESIAN_POINT('',(3.184482967285E0,4.435078215487E0,3.870745772058E0));
#4707=CARTESIAN_POINT('',(3.170925224313E0,4.520887639269E0,3.932714627983E0));
#4708=CARTESIAN_POINT('',(3.150425763034E0,4.650632462118E0,4.027915005340E0));
#4709=CARTESIAN_POINT('',(3.136623843834E0,4.737987321704E0,4.092980399158E0));
#4710=CARTESIAN_POINT('',(3.129690787780E0,4.781867895801E0,4.125899521967E0));
#4712=CURVE_STYLE('',#1556,POSITIVE_LENGTH_MEASURE(2.E-2),#748);
#4713=PRESENTATION_STYLE_ASSIGNMENT((#4712));
#4714=STYLED_ITEM('',(#4713),#4711);
#4715=CARTESIAN_POINT('',(0.E0,0.E0,4.1259E0));
#4716=DIRECTION('',(0.E0,0.E0,1.E0));
#4717=DIRECTION('',(5.476274344321E-1,8.367222914787E-1,0.E0));
#4718=AXIS2_PLACEMENT_3D('',#4715,#4716,#4717);
#4720=CURVE_STYLE('',#1556,POSITIVE_LENGTH_MEASURE(2.E-2),#748);
#4721=PRESENTATION_STYLE_ASSIGNMENT((#4720));
#4722=STYLED_ITEM('',(#4721),#4719);
#4723=CARTESIAN_POINT('',(2.576731809192E0,5.101144791466E0,4.125899520658E0));
#4724=CARTESIAN_POINT('',(2.535227831995E0,5.085230843730E0,4.092981940631E0));
#4725=CARTESIAN_POINT('',(2.452601197460E0,5.053549158447E0,4.027918508739E0));
#4726=CARTESIAN_POINT('',(2.329869637369E0,5.006489966421E0,3.932717738775E0));
#4727=CARTESIAN_POINT('',(2.248692736728E0,4.975364155321E0,3.870747059256E0));
#4728=CARTESIAN_POINT('',(2.208274919419E0,4.959866675906E0,3.84015E0));
#4730=CURVE_STYLE('',#1556,POSITIVE_LENGTH_MEASURE(2.E-2),#748);
#4731=PRESENTATION_STYLE_ASSIGNMENT((#4730));
#4732=STYLED_ITEM('',(#4731),#4729);
#4733=CARTESIAN_POINT('',(2.714625E0,4.701868423497E0,3.84015E0));
#4734=CARTESIAN_POINT('',(2.703446126056E0,4.743651503845E0,3.870745772058E0));
#4735=CARTESIAN_POINT('',(2.680993126616E0,4.827573684587E0,3.932714627983E0));
#4736=CARTESIAN_POINT('',(2.647043936582E0,4.954464974536E0,4.027915005340E0));
#4737=CARTESIAN_POINT('',(2.624186556508E0,5.039898601657E0,4.092980399158E0));
#4738=CARTESIAN_POINT('',(2.612704711482E0,5.082814091682E0,4.125899521967E0));
#4740=CURVE_STYLE('',#1556,POSITIVE_LENGTH_MEASURE(2.E-2),#748);
#4741=PRESENTATION_STYLE_ASSIGNMENT((#4740));
#4742=STYLED_ITEM('',(#4741),#4739);
#4743=CARTESIAN_POINT('',(0.E0,0.E0,4.1259E0));
#4744=DIRECTION('',(0.E0,0.E0,1.E0));
#4745=DIRECTION('',(4.571661787370E-1,8.893812933826E-1,0.E0));
#4746=AXIS2_PLACEMENT_3D('',#4743,#4744,#4745);
#4748=CURVE_STYLE('',#1556,POSITIVE_LENGTH_MEASURE(2.E-2),#748);
#4749=PRESENTATION_STYLE_ASSIGNMENT((#4748));
#4750=STYLED_ITEM('',(#4749),#4747);
#4751=CARTESIAN_POINT('',(2.029401376775E0,5.342542002824E0,4.125899520658E0));
#4752=CARTESIAN_POINT('',(1.989788223209E0,5.322376886404E0,4.092981940631E0));
#4753=CARTESIAN_POINT('',(1.910925863900E0,5.282231921575E0,4.027918508739E0));
#4754=CARTESIAN_POINT('',(1.793785665163E0,5.222601583355E0,3.932717738775E0));
#4755=CARTESIAN_POINT('',(1.716306993279E0,5.183160986028E0,3.870747059256E0));
#4756=CARTESIAN_POINT('',(1.677730516710E0,5.163523591095E0,3.84015E0));
#4758=CURVE_STYLE('',#1556,POSITIVE_LENGTH_MEASURE(2.E-2),#748);
#4759=PRESENTATION_STYLE_ASSIGNMENT((#4758));
#4760=STYLED_ITEM('',(#4759),#4757);
#4761=CARTESIAN_POINT('',(2.208274919419E0,4.959866675906E0,3.84015E0));
#4762=CARTESIAN_POINT('',(2.192789763337E0,5.000252353654E0,3.870745772058E0));
#4763=CARTESIAN_POINT('',(2.161687507190E0,5.081367822381E0,3.932714627983E0));
#4764=CARTESIAN_POINT('',(2.114660542831E0,5.204015331904E0,4.027915005340E0));
#4765=CARTESIAN_POINT('',(2.082998132122E0,5.286591697863E0,4.092980399158E0));
#4766=CARTESIAN_POINT('',(2.067093295622E0,5.328071912727E0,4.125899521967E0));
#4768=CURVE_STYLE('',#1556,POSITIVE_LENGTH_MEASURE(2.E-2),#748);
#4769=PRESENTATION_STYLE_ASSIGNMENT((#4768));
#4770=STYLED_ITEM('',(#4769),#4767);
#4771=CARTESIAN_POINT('',(0.E0,0.E0,4.1259E0));
#4772=DIRECTION('',(0.E0,0.E0,1.E0));
#4773=DIRECTION('',(3.616961147195E-1,9.322960477213E-1,0.E0));
#4774=AXIS2_PLACEMENT_3D('',#4771,#4772,#4773);
#4776=CURVE_STYLE('',#1556,POSITIVE_LENGTH_MEASURE(2.E-2),#748);
#4777=PRESENTATION_STYLE_ASSIGNMENT((#4776));
#4778=STYLED_ITEM('',(#4777),#4775);
#4779=CARTESIAN_POINT('',(1.459836398196E0,5.525405206001E0,4.125899520658E0));
#4780=CARTESIAN_POINT('',(1.422548078261E0,5.501209854131E0,4.092981940631E0));
#4781=CARTESIAN_POINT('',(1.348314026689E0,5.453041446391E0,4.027918508739E0));
#4782=CARTESIAN_POINT('',(1.238048601835E0,5.381493284443E0,3.932717738775E0));
#4783=CARTESIAN_POINT('',(1.165117031251E0,5.334170020326E0,3.870747059256E0));
#4784=CARTESIAN_POINT('',(1.128804547372E0,5.310607861284E0,3.84015E0));
#4786=CURVE_STYLE('',#1556,POSITIVE_LENGTH_MEASURE(2.E-2),#748);
#4787=PRESENTATION_STYLE_ASSIGNMENT((#4786));
#4788=STYLED_ITEM('',(#4787),#4785);
#4789=CARTESIAN_POINT('',(1.677730516710E0,5.163523591095E0,3.84015E0));
#4790=CARTESIAN_POINT('',(1.658108737100E0,5.202069392307E0,3.870745772058E0));
#4791=CARTESIAN_POINT('',(1.618697987074E0,5.279489430970E0,3.932714627983E0));
#4792=CARTESIAN_POINT('',(1.559108485651E0,5.396549408286E0,4.027915005340E0));
#4793=CARTESIAN_POINT('',(1.518987944305E0,5.475363789137E0,4.092980399158E0));
#4794=CARTESIAN_POINT('',(1.498834373048E0,5.514954262926E0,4.125899521967E0));
#4796=CURVE_STYLE('',#1556,POSITIVE_LENGTH_MEASURE(2.E-2),#748);
#4797=PRESENTATION_STYLE_ASSIGNMENT((#4796));
#4798=STYLED_ITEM('',(#4797),#4795);
#4799=CARTESIAN_POINT('',(0.E0,0.E0,4.1259E0));
#4800=DIRECTION('',(0.E0,0.E0,1.E0));
#4801=DIRECTION('',(2.622632323794E-1,9.649963714657E-1,0.E0));
#4802=AXIS2_PLACEMENT_3D('',#4799,#4800,#4801);
#4804=CURVE_STYLE('',#1556,POSITIVE_LENGTH_MEASURE(2.E-2),#748);
#4805=PRESENTATION_STYLE_ASSIGNMENT((#4804));
#4806=STYLED_ITEM('',(#4805),#4803);
#4807=CARTESIAN_POINT('',(8.742771465467E-1,5.647730913475E0,4.125899520658E0));
#4808=CARTESIAN_POINT('',(8.397221988791E-1,5.619770415494E0,4.092981940631E0));
#4809=CARTESIAN_POINT('',(7.709297788480E-1,5.564106307999E0,4.027918508739E0));
#4810=CARTESIAN_POINT('',(6.687472189466E-1,5.481424218956E0,3.932717738775E0));
#4811=CARTESIAN_POINT('',(6.011618032124E-1,5.426736771635E0,3.870747059256E0));
#4812=CARTESIAN_POINT('',(5.675111591959E-1,5.399508000428E0,3.84015E0));
#4814=CURVE_STYLE('',#1556,POSITIVE_LENGTH_MEASURE(2.E-2),#748);
#4815=PRESENTATION_STYLE_ASSIGNMENT((#4814));
#4816=STYLED_ITEM('',(#4815),#4813);
#4817=CARTESIAN_POINT('',(1.128804547372E0,5.310607861284E0,3.84015E0));
#4818=CARTESIAN_POINT('',(1.105261124558E0,5.346891470094E0,3.870745772058E0));
#4819=CARTESIAN_POINT('',(1.057973673076E0,5.419767848548E0,3.932714627983E0));
#4820=CARTESIAN_POINT('',(9.864745096386E-1,5.529957760049E0,4.027915005340E0));
#4821=CARTESIAN_POINT('',(9.383354067022E-1,5.604146648944E0,4.092980399158E0));
#4822=CARTESIAN_POINT('',(9.141539074320E-1,5.641413620142E0,4.125899521967E0));
#4824=CURVE_STYLE('',#1556,POSITIVE_LENGTH_MEASURE(2.E-2),#748);
#4825=PRESENTATION_STYLE_ASSIGNMENT((#4824));
#4826=STYLED_ITEM('',(#4825),#4823);
#4827=CARTESIAN_POINT('',(0.E0,0.E0,4.1259E0));
#4828=DIRECTION('',(0.E0,0.E0,1.E0));
#4829=DIRECTION('',(1.599569391832E-1,9.871239930258E-1,0.E0));
#4830=AXIS2_PLACEMENT_3D('',#4827,#4828,#4829);
#4832=CURVE_STYLE('',#1556,POSITIVE_LENGTH_MEASURE(2.E-2),#748);
#4833=PRESENTATION_STYLE_ASSIGNMENT((#4832));
#4834=STYLED_ITEM('',(#4833),#4831);
#4835=CARTESIAN_POINT('',(2.791391315260E-1,5.708178899198E0,4.125899520658E0));
#4836=CARTESIAN_POINT('',(2.476961473635E-1,5.676759596172E0,4.092981940631E0));
#4837=CARTESIAN_POINT('',(1.850990630228E-1,5.614209656532E0,4.027918508739E0));
#4838=CARTESIAN_POINT('',(9.211890158342E-2,5.521299522665E0,3.932717738775E0));
#4839=CARTESIAN_POINT('',(3.062012065675E-2,5.459847059256E0,3.870747059256E0));
#4840=CARTESIAN_POINT('',(0.E0,5.42925E0,3.84015E0));
#4842=CURVE_STYLE('',#1556,POSITIVE_LENGTH_MEASURE(2.E-2),#748);
#4843=PRESENTATION_STYLE_ASSIGNMENT((#4842));
#4844=STYLED_ITEM('',(#4843),#4841);
#4845=CARTESIAN_POINT('',(5.675111591959E-1,5.399508000428E0,3.84015E0));
#4846=CARTESIAN_POINT('',(5.403040398441E-1,5.433131886026E0,3.870745772058E0));
#4847=CARTESIAN_POINT('',(4.856579781215E-1,5.500666155418E0,3.932714627983E0));
#4848=CARTESIAN_POINT('',(4.030325124653E-1,5.602778737376E0,4.027915005340E0));
#4849=CARTESIAN_POINT('',(3.474022700240E-1,5.671529305321E0,4.092980399158E0));
#4850=CARTESIAN_POINT('',(3.194577803069E-1,5.706064469194E0,4.125899521967E0));
#4852=CURVE_STYLE('',#1556,POSITIVE_LENGTH_MEASURE(2.E-2),#748);
#4853=PRESENTATION_STYLE_ASSIGNMENT((#4852));
#4854=STYLED_ITEM('',(#4853),#4851);
#4855=CARTESIAN_POINT('',(0.E0,0.E0,4.1259E0));
#4856=DIRECTION('',(0.E0,0.E0,1.E0));
#4857=DIRECTION('',(5.589812428817E-2,9.984364775493E-1,0.E0));
#4858=AXIS2_PLACEMENT_3D('',#4855,#4856,#4857);
#4860=CURVE_STYLE('',#1556,POSITIVE_LENGTH_MEASURE(2.E-2),#748);
#4861=PRESENTATION_STYLE_ASSIGNMENT((#4860));
#4862=STYLED_ITEM('',(#4861),#4859);
#4863=CARTESIAN_POINT('',(-3.190571902333E-1,5.706086882388E0,
4.125899520658E0));
#4864=CARTESIAN_POINT('',(-3.470437149764E-1,5.671553010776E0,
4.092981940631E0));
#4865=CARTESIAN_POINT('',(-4.027596368713E-1,5.602802549219E0,
4.027918508739E0));
#4866=CARTESIAN_POINT('',(-4.855186897426E-1,5.500682313397E0,
3.932717738775E0));
#4867=CARTESIAN_POINT('',(-5.402570423485E-1,5.433138119950E0,
3.870747059256E0));
#4868=CARTESIAN_POINT('',(-5.675111591959E-1,5.399508000428E0,3.84015E0));
#4870=CURVE_STYLE('',#1556,POSITIVE_LENGTH_MEASURE(2.E-2),#748);
#4871=PRESENTATION_STYLE_ASSIGNMENT((#4870));
#4872=STYLED_ITEM('',(#4871),#4869);
#4873=CARTESIAN_POINT('',(0.E0,5.42925E0,3.84015E0));
#4874=CARTESIAN_POINT('',(-3.057272899587E-2,5.459845772058E0,
3.870745772058E0));
#4875=CARTESIAN_POINT('',(-9.197868727215E-2,5.521298012801E0,
3.932714627983E0));
#4876=CARTESIAN_POINT('',(-1.848251932546E-1,5.614214498399E0,
4.027915005340E0));
#4877=CARTESIAN_POINT('',(-2.473370786232E-1,5.676773499786E0,
4.092980399158E0));
#4878=CARTESIAN_POINT('',(-2.787383931101E-1,5.708198481851E0,
4.125899521967E0));
#4880=CURVE_STYLE('',#1556,POSITIVE_LENGTH_MEASURE(2.E-2),#748);
#4881=PRESENTATION_STYLE_ASSIGNMENT((#4880));
#4882=STYLED_ITEM('',(#4881),#4879);
#4883=CARTESIAN_POINT('',(0.E0,0.E0,4.1259E0));
#4884=DIRECTION('',(0.E0,0.E0,1.E0));
#4885=DIRECTION('',(-4.877312215399E-2,9.988098830885E-1,0.E0));
#4886=AXIS2_PLACEMENT_3D('',#4883,#4884,#4885);
#4888=CURVE_STYLE('',#1556,POSITIVE_LENGTH_MEASURE(2.E-2),#748);
#4889=PRESENTATION_STYLE_ASSIGNMENT((#4888));
#4890=STYLED_ITEM('',(#4889),#4887);
#4891=CARTESIAN_POINT('',(-9.137578546495E-1,5.641477783619E0,
4.125899520658E0));
#4892=CARTESIAN_POINT('',(-9.379812937514E-1,5.604207703745E0,
4.092981940631E0));
#4893=CARTESIAN_POINT('',(-9.862056179010E-1,5.530009964715E0,
4.027918508739E0));
#4894=CARTESIAN_POINT('',(-1.057836836702E0,5.419798477612E0,3.932717738775E0));
#4895=CARTESIAN_POINT('',(-1.105215036142E0,5.346902582444E0,3.870747059256E0));
#4896=CARTESIAN_POINT('',(-1.128804547372E0,5.310607861284E0,3.84015E0));
#4898=CURVE_STYLE('',#1556,POSITIVE_LENGTH_MEASURE(2.E-2),#748);
#4899=PRESENTATION_STYLE_ASSIGNMENT((#4898));
#4900=STYLED_ITEM('',(#4899),#4897);
#4901=CARTESIAN_POINT('',(-5.675111591959E-1,5.399508000428E0,3.84015E0));
#4902=CARTESIAN_POINT('',(-6.011145366192E-1,5.426740445266E0,
3.870745772058E0));
#4903=CARTESIAN_POINT('',(-6.686076149203E-1,5.481437373750E0,
3.932714627983E0));
#4904=CARTESIAN_POINT('',(-7.706579154800E-1,5.564139750528E0,
4.027915005340E0));
#4905=CARTESIAN_POINT('',(-8.393665504784E-1,5.619821775846E0,
4.092980399158E0));
#4906=CARTESIAN_POINT('',(-8.738806503624E-1,5.647792277423E0,
4.125899521967E0));
#4908=CURVE_STYLE('',#1556,POSITIVE_LENGTH_MEASURE(2.E-2),#748);
#4909=PRESENTATION_STYLE_ASSIGNMENT((#4908));
#4910=STYLED_ITEM('',(#4909),#4907);
#4911=CARTESIAN_POINT('',(0.E0,0.E0,4.1259E0));
#4912=DIRECTION('',(0.E0,0.E0,1.E0));
#4913=DIRECTION('',(-1.529100000634E-1,9.882401185343E-1,0.E0));
#4914=AXIS2_PLACEMENT_3D('',#4911,#4912,#4913);
#4916=CURVE_STYLE('',#1556,POSITIVE_LENGTH_MEASURE(2.E-2),#748);
#4917=PRESENTATION_STYLE_ASSIGNMENT((#4916));
#4918=STYLED_ITEM('',(#4917),#4915);
#4919=CARTESIAN_POINT('',(-1.498447196794E0,5.515059473697E0,4.125899520658E0));
#4920=CARTESIAN_POINT('',(-1.518642153187E0,5.475461524357E0,4.092981940631E0));
#4921=CARTESIAN_POINT('',(-1.558846523804E0,5.396629433808E0,4.027918508739E0));
#4922=CARTESIAN_POINT('',(-1.618565101913E0,5.279534195540E0,3.932717738775E0));
#4923=CARTESIAN_POINT('',(-1.658064062718E0,5.202085261334E0,3.870747059256E0));
#4924=CARTESIAN_POINT('',(-1.677730516710E0,5.163523591095E0,3.84015E0));
#4926=CURVE_STYLE('',#1556,POSITIVE_LENGTH_MEASURE(2.E-2),#748);
#4927=PRESENTATION_STYLE_ASSIGNMENT((#4926));
#4928=STYLED_ITEM('',(#4927),#4925);
#4929=CARTESIAN_POINT('',(-1.128804547372E0,5.310607861284E0,3.84015E0));
#4930=CARTESIAN_POINT('',(-1.165070407588E0,5.334178614537E0,3.870745772058E0));
#4931=CARTESIAN_POINT('',(-1.237911137624E0,5.381520959768E0,3.932714627983E0));
#4932=CARTESIAN_POINT('',(-1.348047148313E0,5.453103123179E0,4.027915005340E0));
#4933=CARTESIAN_POINT('',(-1.422199746758E0,5.501298108507E0,4.092980399158E0));
#4934=CARTESIAN_POINT('',(-1.459448488338E0,5.525507678928E0,4.125899521967E0));
#4936=CURVE_STYLE('',#1556,POSITIVE_LENGTH_MEASURE(2.E-2),#748);
#4937=PRESENTATION_STYLE_ASSIGNMENT((#4936));
#4938=STYLED_ITEM('',(#4937),#4935);
#4939=CARTESIAN_POINT('',(0.E0,0.E0,4.1259E0));
#4940=DIRECTION('',(0.E0,0.E0,1.E0));
#4941=DIRECTION('',(-2.553715640137E-1,9.668429884388E-1,0.E0));
#4942=AXIS2_PLACEMENT_3D('',#4939,#4940,#4941);
#4944=CURVE_STYLE('',#1556,POSITIVE_LENGTH_MEASURE(2.E-2),#748);
#4945=PRESENTATION_STYLE_ASSIGNMENT((#4944));
#4946=STYLED_ITEM('',(#4945),#4943);
#4947=CARTESIAN_POINT('',(-2.066719237880E0,5.328217018082E0,4.125899520658E0));
#4948=CARTESIAN_POINT('',(-2.082664451396E0,5.286725042693E0,4.092981940631E0));
#4949=CARTESIAN_POINT('',(-2.114408380983E0,5.204122301508E0,4.027918508739E0));
#4950=CARTESIAN_POINT('',(-2.161560029160E0,5.081426232008E0,3.932717738775E0));
#4951=CARTESIAN_POINT('',(-2.192746992451E0,5.000272805494E0,3.870747059256E0));
#4952=CARTESIAN_POINT('',(-2.208274919419E0,4.959866675906E0,3.84015E0));
#4954=CURVE_STYLE('',#1556,POSITIVE_LENGTH_MEASURE(2.E-2),#748);
#4955=PRESENTATION_STYLE_ASSIGNMENT((#4954));
#4956=STYLED_ITEM('',(#4955),#4953);
#4957=CARTESIAN_POINT('',(-1.677730516710E0,5.163523591095E0,3.84015E0));
#4958=CARTESIAN_POINT('',(-1.716261523365E0,5.183174406658E0,3.870745772058E0));
#4959=CARTESIAN_POINT('',(-1.793651846855E0,5.222643475995E0,3.932714627983E0));
#4960=CARTESIAN_POINT('',(-1.910666894492E0,5.282321156877E0,4.027915005340E0));
#4961=CARTESIAN_POINT('',(-1.989451024997E0,5.322501067870E0,4.092980399158E0));
#4962=CARTESIAN_POINT('',(-2.029026303266E0,5.342684462015E0,4.125899521967E0));
#4964=CURVE_STYLE('',#1556,POSITIVE_LENGTH_MEASURE(2.E-2),#748);
#4965=PRESENTATION_STYLE_ASSIGNMENT((#4964));
#4966=STYLED_ITEM('',(#4965),#4963);
#4967=CARTESIAN_POINT('',(0.E0,0.E0,4.1259E0));
#4968=DIRECTION('',(0.E0,0.E0,1.E0));
#4969=DIRECTION('',(-3.550352236686E-1,9.348529242371E-1,0.E0));
#4970=AXIS2_PLACEMENT_3D('',#4967,#4968,#4969);
#4972=CURVE_STYLE('',#1556,POSITIVE_LENGTH_MEASURE(2.E-2),#748);
#4973=PRESENTATION_STYLE_ASSIGNMENT((#4972));
#4974=STYLED_ITEM('',(#4973),#4971);
#4975=CARTESIAN_POINT('',(-2.612347870507E0,5.082997501815E0,4.125899520658E0));
#4976=CARTESIAN_POINT('',(-2.623868642050E0,5.040066095144E0,4.092981940631E0));
#4977=CARTESIAN_POINT('',(-2.646804337471E0,4.954597716240E0,4.027918508739E0));
#4978=CARTESIAN_POINT('',(-2.680872452392E0,4.827645099322E0,3.932717738775E0));
#4979=CARTESIAN_POINT('',(-2.703405727273E0,4.743676314422E0,3.870747059256E0));
#4980=CARTESIAN_POINT('',(-2.714625E0,4.701868423497E0,3.84015E0));
#4982=CURVE_STYLE('',#1556,POSITIVE_LENGTH_MEASURE(2.E-2),#748);
#4983=PRESENTATION_STYLE_ASSIGNMENT((#4982));
#4984=STYLED_ITEM('',(#4983),#4981);
#4985=CARTESIAN_POINT('',(-2.208274919419E0,4.959866675906E0,3.84015E0));
#4986=CARTESIAN_POINT('',(-2.248648918740E0,4.975382255331E0,3.870745772058E0));
#4987=CARTESIAN_POINT('',(-2.329740931105E0,5.006545617390E0,3.932714627983E0));
#4988=CARTESIAN_POINT('',(-2.452352974342E0,5.053664974584E0,4.027915005340E0));
#4989=CARTESIAN_POINT('',(-2.534905461488E0,5.085389591728E0,4.092980399158E0));
#4990=CARTESIAN_POINT('',(-2.576373681415E0,5.101325676107E0,4.125899521967E0));
#4992=CURVE_STYLE('',#1556,POSITIVE_LENGTH_MEASURE(2.E-2),#748);
#4993=PRESENTATION_STYLE_ASSIGNMENT((#4992));
#4994=STYLED_ITEM('',(#4993),#4991);
#4995=CARTESIAN_POINT('',(0.E0,0.E0,4.1259E0));
#4996=DIRECTION('',(0.E0,0.E0,1.E0));
#4997=DIRECTION('',(-4.508090431172E-1,8.926204157668E-1,0.E0));
#4998=AXIS2_PLACEMENT_3D('',#4995,#4996,#4997);
#5000=CURVE_STYLE('',#1556,POSITIVE_LENGTH_MEASURE(2.E-2),#748);
#5001=PRESENTATION_STYLE_ASSIGNMENT((#5000));
#5002=STYLED_ITEM('',(#5001),#4999);
#5003=CARTESIAN_POINT('',(-3.129355073196E0,4.782087601232E0,4.125899520658E0));
#5004=CARTESIAN_POINT('',(-3.136325178781E0,4.738187128754E0,4.092981940631E0));
#5005=CARTESIAN_POINT('',(-3.150201351759E0,4.650789521576E0,4.027918508739E0));
#5006=CARTESIAN_POINT('',(-3.170812676028E0,4.520971276678E0,3.932717738775E0));
#5007=CARTESIAN_POINT('',(-3.184445383222E0,4.435107112972E0,3.870747059256E0));
#5008=CARTESIAN_POINT('',(-3.191233081009E0,4.392355516710E0,3.84015E0));
#5010=CURVE_STYLE('',#1556,POSITIVE_LENGTH_MEASURE(2.E-2),#748);
#5011=PRESENTATION_STYLE_ASSIGNMENT((#5010));
#5012=STYLED_ITEM('',(#5011),#5009);
#5013=CARTESIAN_POINT('',(-2.714625E0,4.701868423497E0,3.84015E0));
#5014=CARTESIAN_POINT('',(-2.756399646002E0,4.713078774849E0,3.870745772058E0));
#5015=CARTESIAN_POINT('',(-2.840304886185E0,4.735594997314E0,3.932714627983E0));
#5016=CARTESIAN_POINT('',(-2.967170561817E0,4.769639781281E0,4.027915005340E0));
#5017=CARTESIAN_POINT('',(-3.052586943279E0,4.792561523034E0,4.092980399158E0));
#5018=CARTESIAN_POINT('',(-3.095493770369E0,4.804075698572E0,4.125899521967E0));
#5020=CURVE_STYLE('',#1556,POSITIVE_LENGTH_MEASURE(2.E-2),#748);
#5021=PRESENTATION_STYLE_ASSIGNMENT((#5020));
#5022=STYLED_ITEM('',(#5021),#5019);
#5023=CARTESIAN_POINT('',(0.E0,0.E0,4.1259E0));
#5024=DIRECTION('',(0.E0,0.E0,1.E0));
#5025=DIRECTION('',(-5.416437043515E-1,8.406081712286E-1,0.E0));
#5026=AXIS2_PLACEMENT_3D('',#5023,#5024,#5025);
#5028=CURVE_STYLE('',#1556,POSITIVE_LENGTH_MEASURE(2.E-2),#748);
#5029=PRESENTATION_STYLE_ASSIGNMENT((#5028));
#5030=STYLED_ITEM('',(#5029),#5027);
#5031=CARTESIAN_POINT('',(-3.612076406843E0,4.428784148175E0,4.125899520658E0));
#5032=CARTESIAN_POINT('',(-3.614419480536E0,4.384395592652E0,4.092981940631E0));
#5033=CARTESIAN_POINT('',(-3.619084100815E0,4.296026303674E0,4.027918508739E0));
#5034=CARTESIAN_POINT('',(-3.626012812449E0,4.164764746653E0,3.932717738775E0));
#5035=CARTESIAN_POINT('',(-3.630595589165E0,4.077945949886E0,3.870747059256E0));
#5036=CARTESIAN_POINT('',(-3.632877344574E0,4.034719043723E0,3.84015E0));
#5038=CURVE_STYLE('',#1556,POSITIVE_LENGTH_MEASURE(2.E-2),#748);
#5039=PRESENTATION_STYLE_ASSIGNMENT((#5038));
#5040=STYLED_ITEM('',(#5039),#5037);
#5041=CARTESIAN_POINT('',(-3.191233081009E0,4.392355516710E0,3.84015E0));
#5042=CARTESIAN_POINT('',(-3.233950681929E0,4.399137817035E0,3.870745772058E0));
#5043=CARTESIAN_POINT('',(-3.319749866560E0,4.412760207461E0,3.932714627983E0));
#5044=CARTESIAN_POINT('',(-3.449479207697E0,4.433357416424E0,4.027915005340E0));
#5045=CARTESIAN_POINT('',(-3.536823643724E0,4.447225147385E0,4.092980399158E0));
#5046=CARTESIAN_POINT('',(-3.580698981801E0,4.454191262365E0,4.125899521967E0));
#5048=CURVE_STYLE('',#1556,POSITIVE_LENGTH_MEASURE(2.E-2),#748);
#5049=PRESENTATION_STYLE_ASSIGNMENT((#5048));
#5050=STYLED_ITEM('',(#5049),#5047);
#5051=CARTESIAN_POINT('',(0.E0,0.E0,4.1259E0));
#5052=DIRECTION('',(0.E0,0.E0,1.E0));
#5053=DIRECTION('',(-6.265440038147E-1,7.793860476579E-1,0.E0));
#5054=AXIS2_PLACEMENT_3D('',#5051,#5052,#5053);
#5056=CURVE_STYLE('',#1556,POSITIVE_LENGTH_MEASURE(2.E-2),#748);
#5057=PRESENTATION_STYLE_ASSIGNMENT((#5056));
#5058=STYLED_ITEM('',(#5057),#5055);
#5059=CARTESIAN_POINT('',(-4.055223075502E0,4.026958009207E0,4.125899520658E0));
#5060=CARTESIAN_POINT('',(-4.052913446096E0,3.982567700944E0,4.092981940631E0));
#5061=CARTESIAN_POINT('',(-4.048315407120E0,3.894194922587E0,4.027918508739E0));
#5062=CARTESIAN_POINT('',(-4.041485593705E0,3.762928182530E0,3.932717738775E0));
#5063=CARTESIAN_POINT('',(-4.036968230083E0,3.676105957608E0,3.870747059256E0));
#5064=CARTESIAN_POINT('',(-4.034719043723E0,3.632877344574E0,3.84015E0));
#5066=CURVE_STYLE('',#1556,POSITIVE_LENGTH_MEASURE(2.E-2),#748);
#5067=PRESENTATION_STYLE_ASSIGNMENT((#5066));
#5068=STYLED_ITEM('',(#5067),#5065);
#5069=CARTESIAN_POINT('',(-3.632877344574E0,4.034719043723E0,3.84015E0));
#5070=CARTESIAN_POINT('',(-3.676069877437E0,4.036998984719E0,3.870745772058E0));
#5071=CARTESIAN_POINT('',(-3.762822972694E0,4.041578293345E0,3.932714627983E0));
#5072=CARTESIAN_POINT('',(-3.893994637528E0,4.048502259973E0,4.027915005340E0));
#5073=CARTESIAN_POINT('',(-3.982310164201E0,4.053164042379E0,4.092980399158E0));
#5074=CARTESIAN_POINT('',(-4.026673305879E0,4.055505774588E0,4.125899521967E0));
#5076=CURVE_STYLE('',#1556,POSITIVE_LENGTH_MEASURE(2.E-2),#748);
#5077=PRESENTATION_STYLE_ASSIGNMENT((#5076));
#5078=STYLED_ITEM('',(#5077),#5075);
#5079=CARTESIAN_POINT('',(0.E0,0.E0,4.1259E0));
#5080=DIRECTION('',(0.E0,0.E0,1.E0));
#5081=DIRECTION('',(-7.045797560594E-1,7.096248074520E-1,0.E0));
#5082=AXIS2_PLACEMENT_3D('',#5079,#5080,#5081);
#5084=CURVE_STYLE('',#1556,POSITIVE_LENGTH_MEASURE(2.E-2),#748);
#5085=PRESENTATION_STYLE_ASSIGNMENT((#5084));
#5086=STYLED_ITEM('',(#5085),#5083);
#5087=CARTESIAN_POINT('',(-4.453939871535E0,3.581011675595E0,4.125899520658E0));
#5088=CARTESIAN_POINT('',(-4.447002843814E0,3.537105964098E0,4.092981940631E0));
#5089=CARTESIAN_POINT('',(-4.433192522660E0,3.449697927016E0,4.027918508739E0));
#5090=CARTESIAN_POINT('',(-4.412679013062E0,3.319864189796E0,3.932717738775E0));
#5091=CARTESIAN_POINT('',(-4.399111002281E0,3.233989779185E0,3.870747059256E0));
#5092=CARTESIAN_POINT('',(-4.392355516710E0,3.191233081009E0,3.84015E0));
#5094=CURVE_STYLE('',#1556,POSITIVE_LENGTH_MEASURE(2.E-2),#748);
#5095=PRESENTATION_STYLE_ASSIGNMENT((#5094));
#5096=STYLED_ITEM('',(#5095),#5093);
#5097=CARTESIAN_POINT('',(-4.034719043723E0,3.632877344574E0,3.84015E0));
#5098=CARTESIAN_POINT('',(-4.077913282101E0,3.630629946729E0,3.870745772058E0));
#5099=CARTESIAN_POINT('',(-4.164669802918E0,3.626116001693E0,3.932714627983E0));
#5100=CARTESIAN_POINT('',(-4.295846647238E0,3.619290865558E0,4.027915005340E0));
#5101=CARTESIAN_POINT('',(-4.384165661168E0,3.614695623946E0,4.092980399158E0));
#5102=CARTESIAN_POINT('',(-4.428530554583E0,3.612387316876E0,4.125899521967E0));
#5104=CURVE_STYLE('',#1556,POSITIVE_LENGTH_MEASURE(2.E-2),#748);
#5105=PRESENTATION_STYLE_ASSIGNMENT((#5104));
#5106=STYLED_ITEM('',(#5105),#5103);
#5107=CARTESIAN_POINT('',(0.E0,0.E0,4.1259E0));
#5108=DIRECTION('',(0.E0,0.E0,1.E0));
#5109=DIRECTION('',(-7.748959850539E-1,6.320887693571E-1,0.E0));
#5110=AXIS2_PLACEMENT_3D('',#5107,#5108,#5109);
#5112=CURVE_STYLE('',#1556,POSITIVE_LENGTH_MEASURE(2.E-2),#748);
#5113=PRESENTATION_STYLE_ASSIGNMENT((#5112));
#5114=STYLED_ITEM('',(#5113),#5111);
#5115=CARTESIAN_POINT('',(-4.803858370289E0,3.095831028691E0,4.125899520658E0));
#5116=CARTESIAN_POINT('',(-4.792369947780E0,3.052890954122E0,4.092981940631E0));
#5117=CARTESIAN_POINT('',(-4.769498653217E0,2.967405319060E0,4.027918508739E0));
#5118=CARTESIAN_POINT('',(-4.735526197739E0,2.840427070272E0,3.932717738775E0));
#5119=CARTESIAN_POINT('',(-4.713056193765E0,2.756441331984E0,3.870747059256E0));
#5120=CARTESIAN_POINT('',(-4.701868423497E0,2.714625E0,3.84015E0));
#5122=CURVE_STYLE('',#1556,POSITIVE_LENGTH_MEASURE(2.E-2),#748);
#5123=PRESENTATION_STYLE_ASSIGNMENT((#5122));
#5124=STYLED_ITEM('',(#5123),#5121);
#5125=CARTESIAN_POINT('',(-4.392355516710E0,3.191233081009E0,3.84015E0));
#5126=CARTESIAN_POINT('',(-4.435078215487E0,3.184482967285E0,3.870745772058E0));
#5127=CARTESIAN_POINT('',(-4.520887639269E0,3.170925224313E0,3.932714627983E0));
#5128=CARTESIAN_POINT('',(-4.650632462118E0,3.150425763034E0,4.027915005340E0));
#5129=CARTESIAN_POINT('',(-4.737987321704E0,3.136623843834E0,4.092980399158E0));
#5130=CARTESIAN_POINT('',(-4.781867895801E0,3.129690787780E0,4.125899521967E0));
#5132=CURVE_STYLE('',#1556,POSITIVE_LENGTH_MEASURE(2.E-2),#748);
#5133=PRESENTATION_STYLE_ASSIGNMENT((#5132));
#5134=STYLED_ITEM('',(#5133),#5131);
#5135=CARTESIAN_POINT('',(0.E0,0.E0,4.1259E0));
#5136=DIRECTION('',(0.E0,0.E0,1.E0));
#5137=DIRECTION('',(-8.367222914787E-1,5.476274344321E-1,0.E0));
#5138=AXIS2_PLACEMENT_3D('',#5135,#5136,#5137);
#5140=CURVE_STYLE('',#1556,POSITIVE_LENGTH_MEASURE(2.E-2),#748);
#5141=PRESENTATION_STYLE_ASSIGNMENT((#5140));
#5142=STYLED_ITEM('',(#5141),#5139);
#5143=CARTESIAN_POINT('',(-5.101144791466E0,2.576731809192E0,4.125899520658E0));
#5144=CARTESIAN_POINT('',(-5.085230843730E0,2.535227831995E0,4.092981940631E0));
#5145=CARTESIAN_POINT('',(-5.053549158447E0,2.452601197460E0,4.027918508739E0));
#5146=CARTESIAN_POINT('',(-5.006489966421E0,2.329869637369E0,3.932717738775E0));
#5147=CARTESIAN_POINT('',(-4.975364155321E0,2.248692736728E0,3.870747059256E0));
#5148=CARTESIAN_POINT('',(-4.959866675906E0,2.208274919419E0,3.84015E0));
#5150=CURVE_STYLE('',#1556,POSITIVE_LENGTH_MEASURE(2.E-2),#748);
#5151=PRESENTATION_STYLE_ASSIGNMENT((#5150));
#5152=STYLED_ITEM('',(#5151),#5149);
#5153=CARTESIAN_POINT('',(-4.701868423497E0,2.714625E0,3.84015E0));
#5154=CARTESIAN_POINT('',(-4.743651503845E0,2.703446126056E0,3.870745772058E0));
#5155=CARTESIAN_POINT('',(-4.827573684587E0,2.680993126616E0,3.932714627983E0));
#5156=CARTESIAN_POINT('',(-4.954464974536E0,2.647043936582E0,4.027915005340E0));
#5157=CARTESIAN_POINT('',(-5.039898601657E0,2.624186556508E0,4.092980399158E0));
#5158=CARTESIAN_POINT('',(-5.082814091682E0,2.612704711482E0,4.125899521967E0));
#5160=CURVE_STYLE('',#1556,POSITIVE_LENGTH_MEASURE(2.E-2),#748);
#5161=PRESENTATION_STYLE_ASSIGNMENT((#5160));
#5162=STYLED_ITEM('',(#5161),#5159);
#5163=CARTESIAN_POINT('',(0.E0,0.E0,4.1259E0));
#5164=DIRECTION('',(0.E0,0.E0,1.E0));
#5165=DIRECTION('',(-8.893812933826E-1,4.571661787370E-1,0.E0));
#5166=AXIS2_PLACEMENT_3D('',#5163,#5164,#5165);
#5168=CURVE_STYLE('',#1556,POSITIVE_LENGTH_MEASURE(2.E-2),#748);
#5169=PRESENTATION_STYLE_ASSIGNMENT((#5168));
#5170=STYLED_ITEM('',(#5169),#5167);
#5171=CARTESIAN_POINT('',(-5.342542002824E0,2.029401376775E0,4.125899520658E0));
#5172=CARTESIAN_POINT('',(-5.322376886404E0,1.989788223209E0,4.092981940631E0));
#5173=CARTESIAN_POINT('',(-5.282231921575E0,1.910925863900E0,4.027918508739E0));
#5174=CARTESIAN_POINT('',(-5.222601583355E0,1.793785665163E0,3.932717738775E0));
#5175=CARTESIAN_POINT('',(-5.183160986028E0,1.716306993279E0,3.870747059256E0));
#5176=CARTESIAN_POINT('',(-5.163523591095E0,1.677730516710E0,3.84015E0));
#5178=CURVE_STYLE('',#1556,POSITIVE_LENGTH_MEASURE(2.E-2),#748);
#5179=PRESENTATION_STYLE_ASSIGNMENT((#5178));
#5180=STYLED_ITEM('',(#5179),#5177);
#5181=CARTESIAN_POINT('',(-4.959866675906E0,2.208274919419E0,3.84015E0));
#5182=CARTESIAN_POINT('',(-5.000252353654E0,2.192789763337E0,3.870745772058E0));
#5183=CARTESIAN_POINT('',(-5.081367822381E0,2.161687507190E0,3.932714627983E0));
#5184=CARTESIAN_POINT('',(-5.204015331904E0,2.114660542831E0,4.027915005340E0));
#5185=CARTESIAN_POINT('',(-5.286591697863E0,2.082998132122E0,4.092980399158E0));
#5186=CARTESIAN_POINT('',(-5.328071912727E0,2.067093295622E0,4.125899521967E0));
#5188=CURVE_STYLE('',#1556,POSITIVE_LENGTH_MEASURE(2.E-2),#748);
#5189=PRESENTATION_STYLE_ASSIGNMENT((#5188));
#5190=STYLED_ITEM('',(#5189),#5187);
#5191=CARTESIAN_POINT('',(0.E0,0.E0,4.1259E0));
#5192=DIRECTION('',(0.E0,0.E0,1.E0));
#5193=DIRECTION('',(-9.322960477213E-1,3.616961147195E-1,0.E0));
#5194=AXIS2_PLACEMENT_3D('',#5191,#5192,#5193);
#5196=CURVE_STYLE('',#1556,POSITIVE_LENGTH_MEASURE(2.E-2),#748);
#5197=PRESENTATION_STYLE_ASSIGNMENT((#5196));
#5198=STYLED_ITEM('',(#5197),#5195);
#5199=CARTESIAN_POINT('',(-5.525405206001E0,1.459836398196E0,4.125899520658E0));
#5200=CARTESIAN_POINT('',(-5.501209854131E0,1.422548078261E0,4.092981940631E0));
#5201=CARTESIAN_POINT('',(-5.453041446391E0,1.348314026689E0,4.027918508739E0));
#5202=CARTESIAN_POINT('',(-5.381493284443E0,1.238048601835E0,3.932717738775E0));
#5203=CARTESIAN_POINT('',(-5.334170020326E0,1.165117031251E0,3.870747059256E0));
#5204=CARTESIAN_POINT('',(-5.310607861284E0,1.128804547372E0,3.84015E0));
#5206=CURVE_STYLE('',#1556,POSITIVE_LENGTH_MEASURE(2.E-2),#748);
#5207=PRESENTATION_STYLE_ASSIGNMENT((#5206));
#5208=STYLED_ITEM('',(#5207),#5205);
#5209=CARTESIAN_POINT('',(-5.163523591095E0,1.677730516710E0,3.84015E0));
#5210=CARTESIAN_POINT('',(-5.202069392307E0,1.658108737100E0,3.870745772058E0));
#5211=CARTESIAN_POINT('',(-5.279489430970E0,1.618697987074E0,3.932714627983E0));
#5212=CARTESIAN_POINT('',(-5.396549408286E0,1.559108485651E0,4.027915005340E0));
#5213=CARTESIAN_POINT('',(-5.475363789137E0,1.518987944305E0,4.092980399158E0));
#5214=CARTESIAN_POINT('',(-5.514954262926E0,1.498834373048E0,4.125899521967E0));
#5216=CURVE_STYLE('',#1556,POSITIVE_LENGTH_MEASURE(2.E-2),#748);
#5217=PRESENTATION_STYLE_ASSIGNMENT((#5216));
#5218=STYLED_ITEM('',(#5217),#5215);
#5219=CARTESIAN_POINT('',(0.E0,0.E0,4.1259E0));
#5220=DIRECTION('',(0.E0,0.E0,1.E0));
#5221=DIRECTION('',(-9.649963714657E-1,2.622632323794E-1,0.E0));
#5222=AXIS2_PLACEMENT_3D('',#5219,#5220,#5221);
#5224=CURVE_STYLE('',#1556,POSITIVE_LENGTH_MEASURE(2.E-2),#748);
#5225=PRESENTATION_STYLE_ASSIGNMENT((#5224));
#5226=STYLED_ITEM('',(#5225),#5223);
#5227=CARTESIAN_POINT('',(-5.647730913475E0,8.742771465467E-1,
4.125899520658E0));
#5228=CARTESIAN_POINT('',(-5.619770415567E0,8.397221989701E-1,
4.092981940718E0));
#5229=CARTESIAN_POINT('',(-5.564106308171E0,7.709297790606E-1,
4.027918508939E0));
#5230=CARTESIAN_POINT('',(-5.481424219078E0,6.687472190976E-1,
3.932717738914E0));
#5231=CARTESIAN_POINT('',(-5.426736771688E0,6.011618032771E-1,
3.870747059315E0));
#5232=CARTESIAN_POINT('',(-5.399508000428E0,5.675111591959E-1,3.84015E0));
#5234=CURVE_STYLE('',#1556,POSITIVE_LENGTH_MEASURE(2.E-2),#748);
#5235=PRESENTATION_STYLE_ASSIGNMENT((#5234));
#5236=STYLED_ITEM('',(#5235),#5233);
#5237=CARTESIAN_POINT('',(-5.310607861284E0,1.128804547372E0,3.84015E0));
#5238=CARTESIAN_POINT('',(-5.346891470094E0,1.105261124558E0,3.870745772058E0));
#5239=CARTESIAN_POINT('',(-5.419767848548E0,1.057973673076E0,3.932714627983E0));
#5240=CARTESIAN_POINT('',(-5.529957760049E0,9.864745096386E-1,
4.027915005340E0));
#5241=CARTESIAN_POINT('',(-5.604146648944E0,9.383354067022E-1,
4.092980399158E0));
#5242=CARTESIAN_POINT('',(-5.641413620142E0,9.141539074320E-1,
4.125899521967E0));
#5244=CURVE_STYLE('',#1556,POSITIVE_LENGTH_MEASURE(2.E-2),#748);
#5245=PRESENTATION_STYLE_ASSIGNMENT((#5244));
#5246=STYLED_ITEM('',(#5245),#5243);
#5247=CARTESIAN_POINT('',(0.E0,0.E0,4.1259E0));
#5248=DIRECTION('',(0.E0,0.E0,1.E0));
#5249=DIRECTION('',(-9.871239930258E-1,1.599569391832E-1,0.E0));
#5250=AXIS2_PLACEMENT_3D('',#5247,#5248,#5249);
#5252=CURVE_STYLE('',#1556,POSITIVE_LENGTH_MEASURE(2.E-2),#748);
#5253=PRESENTATION_STYLE_ASSIGNMENT((#5252));
#5254=STYLED_ITEM('',(#5253),#5251);
#5255=CARTESIAN_POINT('',(-5.708178899198E0,2.791391315260E-1,
4.125899520658E0));
#5256=CARTESIAN_POINT('',(-5.676759600159E0,2.476961513543E-1,
4.092981944809E0));
#5257=CARTESIAN_POINT('',(-5.614209665883E0,1.850990723813E-1,
4.027918518419E0));
#5258=CARTESIAN_POINT('',(-5.521299532684E0,9.211891161002E-2,
3.932717748941E0));
#5259=CARTESIAN_POINT('',(-5.459847063574E0,3.062012497797E-2,
3.870747063574E0));
#5260=CARTESIAN_POINT('',(-5.42925E0,0.E0,3.84015E0));
#5262=CURVE_STYLE('',#1556,POSITIVE_LENGTH_MEASURE(2.E-2),#748);
#5263=PRESENTATION_STYLE_ASSIGNMENT((#5262));
#5264=STYLED_ITEM('',(#5263),#5261);
#5265=CARTESIAN_POINT('',(-5.399508000428E0,5.675111591959E-1,3.84015E0));
#5266=CARTESIAN_POINT('',(-5.433131885907E0,5.403040399401E-1,
3.870745771950E0));
#5267=CARTESIAN_POINT('',(-5.500666155143E0,4.856579783441E-1,
3.932714627729E0));
#5268=CARTESIAN_POINT('',(-5.602778737137E0,4.030325126586E-1,
4.027915005115E0));
#5269=CARTESIAN_POINT('',(-5.671529305220E0,3.474022701064E-1,
4.092980399061E0));
#5270=CARTESIAN_POINT('',(-5.706064469194E0,3.194577803069E-1,
4.125899521967E0));
#5272=CURVE_STYLE('',#1556,POSITIVE_LENGTH_MEASURE(2.E-2),#748);
#5273=PRESENTATION_STYLE_ASSIGNMENT((#5272));
#5274=STYLED_ITEM('',(#5273),#5271);
#5275=CARTESIAN_POINT('',(0.E0,0.E0,4.1259E0));
#5276=DIRECTION('',(0.E0,0.E0,1.E0));
#5277=DIRECTION('',(-9.984364775493E-1,5.589812428817E-2,0.E0));
#5278=AXIS2_PLACEMENT_3D('',#5275,#5276,#5277);
#5280=CURVE_STYLE('',#1556,POSITIVE_LENGTH_MEASURE(2.E-2),#748);
#5281=PRESENTATION_STYLE_ASSIGNMENT((#5280));
#5282=STYLED_ITEM('',(#5281),#5279);
#5283=DIRECTION('',(0.E0,0.E0,-1.E0));
#5284=VECTOR('',#5283,7.0755E0);
#5285=CARTESIAN_POINT('',(5.399508000428E0,5.675111591959E-1,1.091565E1));
#5286=LINE('',#5285,#5284);
#5287=CURVE_STYLE('',#1556,POSITIVE_LENGTH_MEASURE(2.E-2),#748);
#5288=PRESENTATION_STYLE_ASSIGNMENT((#5287));
#5289=STYLED_ITEM('',(#5288),#5286);
#5290=DIRECTION('',(0.E0,0.E0,1.E0));
#5291=VECTOR('',#5290,6.504001202908E0);
#5292=CARTESIAN_POINT('',(5.706086882388E0,3.190571902333E-1,4.125899520658E0));
#5293=LINE('',#5292,#5291);
#5294=CURVE_STYLE('',#1556,POSITIVE_LENGTH_MEASURE(2.E-2),#748);
#5295=PRESENTATION_STYLE_ASSIGNMENT((#5294));
#5296=STYLED_ITEM('',(#5295),#5293);
#5297=DIRECTION('',(0.E0,0.E0,1.E0));
#5298=VECTOR('',#5297,6.504000956718E0);
#5299=CARTESIAN_POINT('',(5.708198481851E0,2.787383931101E-1,4.125899521641E0));
#5300=LINE('',#5299,#5298);
#5301=CURVE_STYLE('',#1556,POSITIVE_LENGTH_MEASURE(2.E-2),#748);
#5302=PRESENTATION_STYLE_ASSIGNMENT((#5301));
#5303=STYLED_ITEM('',(#5302),#5300);
#5304=DIRECTION('',(0.E0,0.E0,1.E0));
#5305=VECTOR('',#5304,6.504001202908E0);
#5306=CARTESIAN_POINT('',(5.641477783619E0,9.137578546495E-1,4.125899520658E0));
#5307=LINE('',#5306,#5305);
#5308=CURVE_STYLE('',#1556,POSITIVE_LENGTH_MEASURE(2.E-2),#748);
#5309=PRESENTATION_STYLE_ASSIGNMENT((#5308));
#5310=STYLED_ITEM('',(#5309),#5307);
#5311=DIRECTION('',(0.E0,0.E0,1.E0));
#5312=VECTOR('',#5311,6.504001199642E0);
#5313=CARTESIAN_POINT('',(5.647792277423E0,8.738806503624E-1,4.125899521967E0));
#5314=LINE('',#5313,#5312);
#5315=CURVE_STYLE('',#1556,POSITIVE_LENGTH_MEASURE(2.E-2),#748);
#5316=PRESENTATION_STYLE_ASSIGNMENT((#5315));
#5317=STYLED_ITEM('',(#5316),#5314);
#5318=DIRECTION('',(0.E0,0.E0,1.E0));
#5319=VECTOR('',#5318,6.504001202908E0);
#5320=CARTESIAN_POINT('',(5.515059473697E0,1.498447196794E0,4.125899520658E0));
#5321=LINE('',#5320,#5319);
#5322=CURVE_STYLE('',#1556,POSITIVE_LENGTH_MEASURE(2.E-2),#748);
#5323=PRESENTATION_STYLE_ASSIGNMENT((#5322));
#5324=STYLED_ITEM('',(#5323),#5321);
#5325=DIRECTION('',(0.E0,0.E0,1.E0));
#5326=VECTOR('',#5325,6.504001199642E0);
#5327=CARTESIAN_POINT('',(5.525507678928E0,1.459448488338E0,4.125899521967E0));
#5328=LINE('',#5327,#5326);
#5329=CURVE_STYLE('',#1556,POSITIVE_LENGTH_MEASURE(2.E-2),#748);
#5330=PRESENTATION_STYLE_ASSIGNMENT((#5329));
#5331=STYLED_ITEM('',(#5330),#5328);
#5332=DIRECTION('',(0.E0,0.E0,1.E0));
#5333=VECTOR('',#5332,6.504001202908E0);
#5334=CARTESIAN_POINT('',(5.328217018082E0,2.066719237880E0,4.125899520658E0));
#5335=LINE('',#5334,#5333);
#5336=CURVE_STYLE('',#1556,POSITIVE_LENGTH_MEASURE(2.E-2),#748);
#5337=PRESENTATION_STYLE_ASSIGNMENT((#5336));
#5338=STYLED_ITEM('',(#5337),#5335);
#5339=DIRECTION('',(0.E0,0.E0,1.E0));
#5340=VECTOR('',#5339,6.504001199642E0);
#5341=CARTESIAN_POINT('',(5.342684462015E0,2.029026303266E0,4.125899521967E0));
#5342=LINE('',#5341,#5340);
#5343=CURVE_STYLE('',#1556,POSITIVE_LENGTH_MEASURE(2.E-2),#748);
#5344=PRESENTATION_STYLE_ASSIGNMENT((#5343));
#5345=STYLED_ITEM('',(#5344),#5342);
#5346=DIRECTION('',(0.E0,0.E0,1.E0));
#5347=VECTOR('',#5346,6.504001202908E0);
#5348=CARTESIAN_POINT('',(5.082997501815E0,2.612347870507E0,4.125899520658E0));
#5349=LINE('',#5348,#5347);
#5350=CURVE_STYLE('',#1556,POSITIVE_LENGTH_MEASURE(2.E-2),#748);
#5351=PRESENTATION_STYLE_ASSIGNMENT((#5350));
#5352=STYLED_ITEM('',(#5351),#5349);
#5353=DIRECTION('',(0.E0,0.E0,1.E0));
#5354=VECTOR('',#5353,6.504001199642E0);
#5355=CARTESIAN_POINT('',(5.101325676107E0,2.576373681415E0,4.125899521967E0));
#5356=LINE('',#5355,#5354);
#5357=CURVE_STYLE('',#1556,POSITIVE_LENGTH_MEASURE(2.E-2),#748);
#5358=PRESENTATION_STYLE_ASSIGNMENT((#5357));
#5359=STYLED_ITEM('',(#5358),#5356);
#5360=DIRECTION('',(0.E0,0.E0,1.E0));
#5361=VECTOR('',#5360,6.504001202908E0);
#5362=CARTESIAN_POINT('',(4.782087601232E0,3.129355073196E0,4.125899520658E0));
#5363=LINE('',#5362,#5361);
#5364=CURVE_STYLE('',#1556,POSITIVE_LENGTH_MEASURE(2.E-2),#748);
#5365=PRESENTATION_STYLE_ASSIGNMENT((#5364));
#5366=STYLED_ITEM('',(#5365),#5363);
#5367=DIRECTION('',(0.E0,0.E0,1.E0));
#5368=VECTOR('',#5367,6.504001199642E0);
#5369=CARTESIAN_POINT('',(4.804075698572E0,3.095493770369E0,4.125899521967E0));
#5370=LINE('',#5369,#5368);
#5371=CURVE_STYLE('',#1556,POSITIVE_LENGTH_MEASURE(2.E-2),#748);
#5372=PRESENTATION_STYLE_ASSIGNMENT((#5371));
#5373=STYLED_ITEM('',(#5372),#5370);
#5374=DIRECTION('',(0.E0,0.E0,1.E0));
#5375=VECTOR('',#5374,6.504001202908E0);
#5376=CARTESIAN_POINT('',(4.428784148175E0,3.612076406843E0,4.125899520658E0));
#5377=LINE('',#5376,#5375);
#5378=CURVE_STYLE('',#1556,POSITIVE_LENGTH_MEASURE(2.E-2),#748);
#5379=PRESENTATION_STYLE_ASSIGNMENT((#5378));
#5380=STYLED_ITEM('',(#5379),#5377);
#5381=DIRECTION('',(0.E0,0.E0,1.E0));
#5382=VECTOR('',#5381,6.504001199642E0);
#5383=CARTESIAN_POINT('',(4.454191262365E0,3.580698981801E0,4.125899521967E0));
#5384=LINE('',#5383,#5382);
#5385=CURVE_STYLE('',#1556,POSITIVE_LENGTH_MEASURE(2.E-2),#748);
#5386=PRESENTATION_STYLE_ASSIGNMENT((#5385));
#5387=STYLED_ITEM('',(#5386),#5384);
#5388=DIRECTION('',(0.E0,0.E0,1.E0));
#5389=VECTOR('',#5388,6.504001202908E0);
#5390=CARTESIAN_POINT('',(4.026958009207E0,4.055223075502E0,4.125899520658E0));
#5391=LINE('',#5390,#5389);
#5392=CURVE_STYLE('',#1556,POSITIVE_LENGTH_MEASURE(2.E-2),#748);
#5393=PRESENTATION_STYLE_ASSIGNMENT((#5392));
#5394=STYLED_ITEM('',(#5393),#5391);
#5395=DIRECTION('',(0.E0,0.E0,1.E0));
#5396=VECTOR('',#5395,6.504001199642E0);
#5397=CARTESIAN_POINT('',(4.055505774588E0,4.026673305879E0,4.125899521967E0));
#5398=LINE('',#5397,#5396);
#5399=CURVE_STYLE('',#1556,POSITIVE_LENGTH_MEASURE(2.E-2),#748);
#5400=PRESENTATION_STYLE_ASSIGNMENT((#5399));
#5401=STYLED_ITEM('',(#5400),#5398);
#5402=DIRECTION('',(0.E0,0.E0,1.E0));
#5403=VECTOR('',#5402,6.504001202908E0);
#5404=CARTESIAN_POINT('',(3.581011675595E0,4.453939871535E0,4.125899520658E0));
#5405=LINE('',#5404,#5403);
#5406=CURVE_STYLE('',#1556,POSITIVE_LENGTH_MEASURE(2.E-2),#748);
#5407=PRESENTATION_STYLE_ASSIGNMENT((#5406));
#5408=STYLED_ITEM('',(#5407),#5405);
#5409=DIRECTION('',(0.E0,0.E0,1.E0));
#5410=VECTOR('',#5409,6.504001199642E0);
#5411=CARTESIAN_POINT('',(3.612387316876E0,4.428530554583E0,4.125899521967E0));
#5412=LINE('',#5411,#5410);
#5413=CURVE_STYLE('',#1556,POSITIVE_LENGTH_MEASURE(2.E-2),#748);
#5414=PRESENTATION_STYLE_ASSIGNMENT((#5413));
#5415=STYLED_ITEM('',(#5414),#5412);
#5416=DIRECTION('',(0.E0,0.E0,1.E0));
#5417=VECTOR('',#5416,6.504001202908E0);
#5418=CARTESIAN_POINT('',(3.095831028691E0,4.803858370289E0,4.125899520658E0));
#5419=LINE('',#5418,#5417);
#5420=CURVE_STYLE('',#1556,POSITIVE_LENGTH_MEASURE(2.E-2),#748);
#5421=PRESENTATION_STYLE_ASSIGNMENT((#5420));
#5422=STYLED_ITEM('',(#5421),#5419);
#5423=DIRECTION('',(0.E0,0.E0,1.E0));
#5424=VECTOR('',#5423,6.504001199642E0);
#5425=CARTESIAN_POINT('',(3.129690787780E0,4.781867895801E0,4.125899521967E0));
#5426=LINE('',#5425,#5424);
#5427=CURVE_STYLE('',#1556,POSITIVE_LENGTH_MEASURE(2.E-2),#748);
#5428=PRESENTATION_STYLE_ASSIGNMENT((#5427));
#5429=STYLED_ITEM('',(#5428),#5426);
#5430=DIRECTION('',(0.E0,0.E0,1.E0));
#5431=VECTOR('',#5430,6.504001202908E0);
#5432=CARTESIAN_POINT('',(2.576731809192E0,5.101144791466E0,4.125899520658E0));
#5433=LINE('',#5432,#5431);
#5434=CURVE_STYLE('',#1556,POSITIVE_LENGTH_MEASURE(2.E-2),#748);
#5435=PRESENTATION_STYLE_ASSIGNMENT((#5434));
#5436=STYLED_ITEM('',(#5435),#5433);
#5437=DIRECTION('',(0.E0,0.E0,1.E0));
#5438=VECTOR('',#5437,6.504001199642E0);
#5439=CARTESIAN_POINT('',(2.612704711482E0,5.082814091682E0,4.125899521967E0));
#5440=LINE('',#5439,#5438);
#5441=CURVE_STYLE('',#1556,POSITIVE_LENGTH_MEASURE(2.E-2),#748);
#5442=PRESENTATION_STYLE_ASSIGNMENT((#5441));
#5443=STYLED_ITEM('',(#5442),#5440);
#5444=DIRECTION('',(0.E0,0.E0,1.E0));
#5445=VECTOR('',#5444,6.504001202908E0);
#5446=CARTESIAN_POINT('',(2.029401376775E0,5.342542002824E0,4.125899520658E0));
#5447=LINE('',#5446,#5445);
#5448=CURVE_STYLE('',#1556,POSITIVE_LENGTH_MEASURE(2.E-2),#748);
#5449=PRESENTATION_STYLE_ASSIGNMENT((#5448));
#5450=STYLED_ITEM('',(#5449),#5447);
#5451=DIRECTION('',(0.E0,0.E0,1.E0));
#5452=VECTOR('',#5451,6.504001199642E0);
#5453=CARTESIAN_POINT('',(2.067093295622E0,5.328071912727E0,4.125899521967E0));
#5454=LINE('',#5453,#5452);
#5455=CURVE_STYLE('',#1556,POSITIVE_LENGTH_MEASURE(2.E-2),#748);
#5456=PRESENTATION_STYLE_ASSIGNMENT((#5455));
#5457=STYLED_ITEM('',(#5456),#5454);
#5458=DIRECTION('',(0.E0,0.E0,1.E0));
#5459=VECTOR('',#5458,6.504001202908E0);
#5460=CARTESIAN_POINT('',(1.459836398196E0,5.525405206001E0,4.125899520658E0));
#5461=LINE('',#5460,#5459);
#5462=CURVE_STYLE('',#1556,POSITIVE_LENGTH_MEASURE(2.E-2),#748);
#5463=PRESENTATION_STYLE_ASSIGNMENT((#5462));
#5464=STYLED_ITEM('',(#5463),#5461);
#5465=DIRECTION('',(0.E0,0.E0,1.E0));
#5466=VECTOR('',#5465,6.504001199642E0);
#5467=CARTESIAN_POINT('',(1.498834373048E0,5.514954262926E0,4.125899521967E0));
#5468=LINE('',#5467,#5466);
#5469=CURVE_STYLE('',#1556,POSITIVE_LENGTH_MEASURE(2.E-2),#748);
#5470=PRESENTATION_STYLE_ASSIGNMENT((#5469));
#5471=STYLED_ITEM('',(#5470),#5468);
#5472=DIRECTION('',(0.E0,0.E0,1.E0));
#5473=VECTOR('',#5472,6.504001202908E0);
#5474=CARTESIAN_POINT('',(8.742771465467E-1,5.647730913475E0,4.125899520658E0));
#5475=LINE('',#5474,#5473);
#5476=CURVE_STYLE('',#1556,POSITIVE_LENGTH_MEASURE(2.E-2),#748);
#5477=PRESENTATION_STYLE_ASSIGNMENT((#5476));
#5478=STYLED_ITEM('',(#5477),#5475);
#5479=DIRECTION('',(0.E0,0.E0,1.E0));
#5480=VECTOR('',#5479,6.504001199642E0);
#5481=CARTESIAN_POINT('',(9.141539074320E-1,5.641413620142E0,4.125899521967E0));
#5482=LINE('',#5481,#5480);
#5483=CURVE_STYLE('',#1556,POSITIVE_LENGTH_MEASURE(2.E-2),#748);
#5484=PRESENTATION_STYLE_ASSIGNMENT((#5483));
#5485=STYLED_ITEM('',(#5484),#5482);
#5486=DIRECTION('',(0.E0,0.E0,1.E0));
#5487=VECTOR('',#5486,6.504001202908E0);
#5488=CARTESIAN_POINT('',(2.791391315260E-1,5.708178899198E0,4.125899520658E0));
#5489=LINE('',#5488,#5487);
#5490=CURVE_STYLE('',#1556,POSITIVE_LENGTH_MEASURE(2.E-2),#748);
#5491=PRESENTATION_STYLE_ASSIGNMENT((#5490));
#5492=STYLED_ITEM('',(#5491),#5489);
#5493=DIRECTION('',(0.E0,0.E0,1.E0));
#5494=VECTOR('',#5493,6.504001199642E0);
#5495=CARTESIAN_POINT('',(3.194577803069E-1,5.706064469194E0,4.125899521967E0));
#5496=LINE('',#5495,#5494);
#5497=CURVE_STYLE('',#1556,POSITIVE_LENGTH_MEASURE(2.E-2),#748);
#5498=PRESENTATION_STYLE_ASSIGNMENT((#5497));
#5499=STYLED_ITEM('',(#5498),#5496);
#5500=DIRECTION('',(0.E0,0.E0,1.E0));
#5501=VECTOR('',#5500,6.504001202908E0);
#5502=CARTESIAN_POINT('',(-3.190571902333E-1,5.706086882388E0,
4.125899520658E0));
#5503=LINE('',#5502,#5501);
#5504=CURVE_STYLE('',#1556,POSITIVE_LENGTH_MEASURE(2.E-2),#748);
#5505=PRESENTATION_STYLE_ASSIGNMENT((#5504));
#5506=STYLED_ITEM('',(#5505),#5503);
#5507=DIRECTION('',(0.E0,0.E0,1.E0));
#5508=VECTOR('',#5507,6.504001199642E0);
#5509=CARTESIAN_POINT('',(-2.787383931101E-1,5.708198481851E0,
4.125899521967E0));
#5510=LINE('',#5509,#5508);
#5511=CURVE_STYLE('',#1556,POSITIVE_LENGTH_MEASURE(2.E-2),#748);
#5512=PRESENTATION_STYLE_ASSIGNMENT((#5511));
#5513=STYLED_ITEM('',(#5512),#5510);
#5514=DIRECTION('',(0.E0,0.E0,1.E0));
#5515=VECTOR('',#5514,6.504001202908E0);
#5516=CARTESIAN_POINT('',(-9.137578546495E-1,5.641477783619E0,
4.125899520658E0));
#5517=LINE('',#5516,#5515);
#5518=CURVE_STYLE('',#1556,POSITIVE_LENGTH_MEASURE(2.E-2),#748);
#5519=PRESENTATION_STYLE_ASSIGNMENT((#5518));
#5520=STYLED_ITEM('',(#5519),#5517);
#5521=DIRECTION('',(0.E0,0.E0,1.E0));
#5522=VECTOR('',#5521,6.504001199642E0);
#5523=CARTESIAN_POINT('',(-8.738806503624E-1,5.647792277423E0,
4.125899521967E0));
#5524=LINE('',#5523,#5522);
#5525=CURVE_STYLE('',#1556,POSITIVE_LENGTH_MEASURE(2.E-2),#748);
#5526=PRESENTATION_STYLE_ASSIGNMENT((#5525));
#5527=STYLED_ITEM('',(#5526),#5524);
#5528=DIRECTION('',(0.E0,0.E0,1.E0));
#5529=VECTOR('',#5528,6.504001202908E0);
#5530=CARTESIAN_POINT('',(-1.498447196794E0,5.515059473697E0,4.125899520658E0));
#5531=LINE('',#5530,#5529);
#5532=CURVE_STYLE('',#1556,POSITIVE_LENGTH_MEASURE(2.E-2),#748);
#5533=PRESENTATION_STYLE_ASSIGNMENT((#5532));
#5534=STYLED_ITEM('',(#5533),#5531);
#5535=DIRECTION('',(0.E0,0.E0,1.E0));
#5536=VECTOR('',#5535,6.504001199642E0);
#5537=CARTESIAN_POINT('',(-1.459448488338E0,5.525507678928E0,4.125899521967E0));
#5538=LINE('',#5537,#5536);
#5539=CURVE_STYLE('',#1556,POSITIVE_LENGTH_MEASURE(2.E-2),#748);
#5540=PRESENTATION_STYLE_ASSIGNMENT((#5539));
#5541=STYLED_ITEM('',(#5540),#5538);
#5542=DIRECTION('',(0.E0,0.E0,1.E0));
#5543=VECTOR('',#5542,6.504001202908E0);
#5544=CARTESIAN_POINT('',(-2.066719237880E0,5.328217018082E0,4.125899520658E0));
#5545=LINE('',#5544,#5543);
#5546=CURVE_STYLE('',#1556,POSITIVE_LENGTH_MEASURE(2.E-2),#748);
#5547=PRESENTATION_STYLE_ASSIGNMENT((#5546));
#5548=STYLED_ITEM('',(#5547),#5545);
#5549=DIRECTION('',(0.E0,0.E0,1.E0));
#5550=VECTOR('',#5549,6.504001199642E0);
#5551=CARTESIAN_POINT('',(-2.029026303266E0,5.342684462015E0,4.125899521967E0));
#5552=LINE('',#5551,#5550);
#5553=CURVE_STYLE('',#1556,POSITIVE_LENGTH_MEASURE(2.E-2),#748);
#5554=PRESENTATION_STYLE_ASSIGNMENT((#5553));
#5555=STYLED_ITEM('',(#5554),#5552);
#5556=DIRECTION('',(0.E0,0.E0,1.E0));
#5557=VECTOR('',#5556,6.504001202908E0);
#5558=CARTESIAN_POINT('',(-2.612347870507E0,5.082997501815E0,4.125899520658E0));
#5559=LINE('',#5558,#5557);
#5560=CURVE_STYLE('',#1556,POSITIVE_LENGTH_MEASURE(2.E-2),#748);
#5561=PRESENTATION_STYLE_ASSIGNMENT((#5560));
#5562=STYLED_ITEM('',(#5561),#5559);
#5563=DIRECTION('',(0.E0,0.E0,1.E0));
#5564=VECTOR('',#5563,6.504001199642E0);
#5565=CARTESIAN_POINT('',(-2.576373681415E0,5.101325676107E0,4.125899521967E0));
#5566=LINE('',#5565,#5564);
#5567=CURVE_STYLE('',#1556,POSITIVE_LENGTH_MEASURE(2.E-2),#748);
#5568=PRESENTATION_STYLE_ASSIGNMENT((#5567));
#5569=STYLED_ITEM('',(#5568),#5566);
#5570=DIRECTION('',(0.E0,0.E0,1.E0));
#5571=VECTOR('',#5570,6.504001202908E0);
#5572=CARTESIAN_POINT('',(-3.129355073196E0,4.782087601232E0,4.125899520658E0));
#5573=LINE('',#5572,#5571);
#5574=CURVE_STYLE('',#1556,POSITIVE_LENGTH_MEASURE(2.E-2),#748);
#5575=PRESENTATION_STYLE_ASSIGNMENT((#5574));
#5576=STYLED_ITEM('',(#5575),#5573);
#5577=DIRECTION('',(0.E0,0.E0,1.E0));
#5578=VECTOR('',#5577,6.504001199642E0);
#5579=CARTESIAN_POINT('',(-3.095493770369E0,4.804075698572E0,4.125899521967E0));
#5580=LINE('',#5579,#5578);
#5581=CURVE_STYLE('',#1556,POSITIVE_LENGTH_MEASURE(2.E-2),#748);
#5582=PRESENTATION_STYLE_ASSIGNMENT((#5581));
#5583=STYLED_ITEM('',(#5582),#5580);
#5584=DIRECTION('',(0.E0,0.E0,1.E0));
#5585=VECTOR('',#5584,6.504001202908E0);
#5586=CARTESIAN_POINT('',(-3.612076406843E0,4.428784148175E0,4.125899520658E0));
#5587=LINE('',#5586,#5585);
#5588=CURVE_STYLE('',#1556,POSITIVE_LENGTH_MEASURE(2.E-2),#748);
#5589=PRESENTATION_STYLE_ASSIGNMENT((#5588));
#5590=STYLED_ITEM('',(#5589),#5587);
#5591=DIRECTION('',(0.E0,0.E0,1.E0));
#5592=VECTOR('',#5591,6.504001199642E0);
#5593=CARTESIAN_POINT('',(-3.580698981801E0,4.454191262365E0,4.125899521967E0));
#5594=LINE('',#5593,#5592);
#5595=CURVE_STYLE('',#1556,POSITIVE_LENGTH_MEASURE(2.E-2),#748);
#5596=PRESENTATION_STYLE_ASSIGNMENT((#5595));
#5597=STYLED_ITEM('',(#5596),#5594);
#5598=DIRECTION('',(0.E0,0.E0,1.E0));
#5599=VECTOR('',#5598,6.504001202908E0);
#5600=CARTESIAN_POINT('',(-4.055223075502E0,4.026958009207E0,4.125899520658E0));
#5601=LINE('',#5600,#5599);
#5602=CURVE_STYLE('',#1556,POSITIVE_LENGTH_MEASURE(2.E-2),#748);
#5603=PRESENTATION_STYLE_ASSIGNMENT((#5602));
#5604=STYLED_ITEM('',(#5603),#5601);
#5605=DIRECTION('',(0.E0,0.E0,1.E0));
#5606=VECTOR('',#5605,6.504001199642E0);
#5607=CARTESIAN_POINT('',(-4.026673305879E0,4.055505774588E0,4.125899521967E0));
#5608=LINE('',#5607,#5606);
#5609=CURVE_STYLE('',#1556,POSITIVE_LENGTH_MEASURE(2.E-2),#748);
#5610=PRESENTATION_STYLE_ASSIGNMENT((#5609));
#5611=STYLED_ITEM('',(#5610),#5608);
#5612=DIRECTION('',(0.E0,0.E0,1.E0));
#5613=VECTOR('',#5612,6.504001202908E0);
#5614=CARTESIAN_POINT('',(-4.453939871535E0,3.581011675595E0,4.125899520658E0));
#5615=LINE('',#5614,#5613);
#5616=CURVE_STYLE('',#1556,POSITIVE_LENGTH_MEASURE(2.E-2),#748);
#5617=PRESENTATION_STYLE_ASSIGNMENT((#5616));
#5618=STYLED_ITEM('',(#5617),#5615);
#5619=DIRECTION('',(0.E0,0.E0,1.E0));
#5620=VECTOR('',#5619,6.504001199642E0);
#5621=CARTESIAN_POINT('',(-4.428530554583E0,3.612387316876E0,4.125899521967E0));
#5622=LINE('',#5621,#5620);
#5623=CURVE_STYLE('',#1556,POSITIVE_LENGTH_MEASURE(2.E-2),#748);
#5624=PRESENTATION_STYLE_ASSIGNMENT((#5623));
#5625=STYLED_ITEM('',(#5624),#5622);
#5626=DIRECTION('',(0.E0,0.E0,1.E0));
#5627=VECTOR('',#5626,6.504001202908E0);
#5628=CARTESIAN_POINT('',(-4.803858370289E0,3.095831028691E0,4.125899520658E0));
#5629=LINE('',#5628,#5627);
#5630=CURVE_STYLE('',#1556,POSITIVE_LENGTH_MEASURE(2.E-2),#748);
#5631=PRESENTATION_STYLE_ASSIGNMENT((#5630));
#5632=STYLED_ITEM('',(#5631),#5629);
#5633=DIRECTION('',(0.E0,0.E0,1.E0));
#5634=VECTOR('',#5633,6.504001199642E0);
#5635=CARTESIAN_POINT('',(-4.781867895801E0,3.129690787780E0,4.125899521967E0));
#5636=LINE('',#5635,#5634);
#5637=CURVE_STYLE('',#1556,POSITIVE_LENGTH_MEASURE(2.E-2),#748);
#5638=PRESENTATION_STYLE_ASSIGNMENT((#5637));
#5639=STYLED_ITEM('',(#5638),#5636);
#5640=DIRECTION('',(0.E0,0.E0,1.E0));
#5641=VECTOR('',#5640,6.504001202908E0);
#5642=CARTESIAN_POINT('',(-5.101144791466E0,2.576731809192E0,4.125899520658E0));
#5643=LINE('',#5642,#5641);
#5644=CURVE_STYLE('',#1556,POSITIVE_LENGTH_MEASURE(2.E-2),#748);
#5645=PRESENTATION_STYLE_ASSIGNMENT((#5644));
#5646=STYLED_ITEM('',(#5645),#5643);
#5647=DIRECTION('',(0.E0,0.E0,1.E0));
#5648=VECTOR('',#5647,6.504001199642E0);
#5649=CARTESIAN_POINT('',(-5.082814091682E0,2.612704711482E0,4.125899521967E0));
#5650=LINE('',#5649,#5648);
#5651=CURVE_STYLE('',#1556,POSITIVE_LENGTH_MEASURE(2.E-2),#748);
#5652=PRESENTATION_STYLE_ASSIGNMENT((#5651));
#5653=STYLED_ITEM('',(#5652),#5650);
#5654=DIRECTION('',(0.E0,0.E0,1.E0));
#5655=VECTOR('',#5654,6.504001202908E0);
#5656=CARTESIAN_POINT('',(-5.342542002824E0,2.029401376775E0,4.125899520658E0));
#5657=LINE('',#5656,#5655);
#5658=CURVE_STYLE('',#1556,POSITIVE_LENGTH_MEASURE(2.E-2),#748);
#5659=PRESENTATION_STYLE_ASSIGNMENT((#5658));
#5660=STYLED_ITEM('',(#5659),#5657);
#5661=DIRECTION('',(0.E0,0.E0,1.E0));
#5662=VECTOR('',#5661,6.504001199642E0);
#5663=CARTESIAN_POINT('',(-5.328071912727E0,2.067093295622E0,4.125899521967E0));
#5664=LINE('',#5663,#5662);
#5665=CURVE_STYLE('',#1556,POSITIVE_LENGTH_MEASURE(2.E-2),#748);
#5666=PRESENTATION_STYLE_ASSIGNMENT((#5665));
#5667=STYLED_ITEM('',(#5666),#5664);
#5668=DIRECTION('',(0.E0,0.E0,1.E0));
#5669=VECTOR('',#5668,6.504001202908E0);
#5670=CARTESIAN_POINT('',(-5.525405206001E0,1.459836398196E0,4.125899520658E0));
#5671=LINE('',#5670,#5669);
#5672=CURVE_STYLE('',#1556,POSITIVE_LENGTH_MEASURE(2.E-2),#748);
#5673=PRESENTATION_STYLE_ASSIGNMENT((#5672));
#5674=STYLED_ITEM('',(#5673),#5671);
#5675=DIRECTION('',(0.E0,0.E0,1.E0));
#5676=VECTOR('',#5675,6.504001199642E0);
#5677=CARTESIAN_POINT('',(-5.514954262926E0,1.498834373048E0,4.125899521967E0));
#5678=LINE('',#5677,#5676);
#5679=CURVE_STYLE('',#1556,POSITIVE_LENGTH_MEASURE(2.E-2),#748);
#5680=PRESENTATION_STYLE_ASSIGNMENT((#5679));
#5681=STYLED_ITEM('',(#5680),#5678);
#5682=DIRECTION('',(0.E0,0.E0,1.E0));
#5683=VECTOR('',#5682,6.504001202908E0);
#5684=CARTESIAN_POINT('',(-5.647730913475E0,8.742771465467E-1,
4.125899520658E0));
#5685=LINE('',#5684,#5683);
#5686=CURVE_STYLE('',#1556,POSITIVE_LENGTH_MEASURE(2.E-2),#748);
#5687=PRESENTATION_STYLE_ASSIGNMENT((#5686));
#5688=STYLED_ITEM('',(#5687),#5685);
#5689=DIRECTION('',(0.E0,0.E0,1.E0));
#5690=VECTOR('',#5689,6.504001199642E0);
#5691=CARTESIAN_POINT('',(-5.641413620142E0,9.141539074320E-1,
4.125899521967E0));
#5692=LINE('',#5691,#5690);
#5693=CURVE_STYLE('',#1556,POSITIVE_LENGTH_MEASURE(2.E-2),#748);
#5694=PRESENTATION_STYLE_ASSIGNMENT((#5693));
#5695=STYLED_ITEM('',(#5694),#5692);
#5696=DIRECTION('',(0.E0,0.E0,1.E0));
#5697=VECTOR('',#5696,6.504000958684E0);
#5698=CARTESIAN_POINT('',(-5.708178899198E0,2.791391315260E-1,
4.125899520658E0));
#5699=LINE('',#5698,#5697);
#5700=CURVE_STYLE('',#1556,POSITIVE_LENGTH_MEASURE(2.E-2),#748);
#5701=PRESENTATION_STYLE_ASSIGNMENT((#5700));
#5702=STYLED_ITEM('',(#5701),#5699);
#5703=DIRECTION('',(0.E0,0.E0,1.E0));
#5704=VECTOR('',#5703,6.504001199642E0);
#5705=CARTESIAN_POINT('',(-5.706064469194E0,3.194577803069E-1,
4.125899521967E0));
#5706=LINE('',#5705,#5704);
#5707=CURVE_STYLE('',#1556,POSITIVE_LENGTH_MEASURE(2.E-2),#748);
#5708=PRESENTATION_STYLE_ASSIGNMENT((#5707));
#5709=STYLED_ITEM('',(#5708),#5706);
#5710=DIRECTION('',(0.E0,0.E0,1.E0));
#5711=VECTOR('',#5710,6.504001202908E0);
#5712=CARTESIAN_POINT('',(-5.706086882388E0,-3.190571902333E-1,
4.125899520658E0));
#5713=LINE('',#5712,#5711);
#5714=CURVE_STYLE('',#1556,POSITIVE_LENGTH_MEASURE(2.E-2),#748);
#5715=PRESENTATION_STYLE_ASSIGNMENT((#5714));
#5716=STYLED_ITEM('',(#5715),#5713);
#5717=CARTESIAN_POINT('',(0.E0,0.E0,4.1259E0));
#5718=DIRECTION('',(0.E0,0.E0,1.E0));
#5719=DIRECTION('',(-9.988098830885E-1,-4.877312215399E-2,0.E0));
#5720=AXIS2_PLACEMENT_3D('',#5717,#5718,#5719);
#5722=CURVE_STYLE('',#1556,POSITIVE_LENGTH_MEASURE(2.E-2),#748);
#5723=PRESENTATION_STYLE_ASSIGNMENT((#5722));
#5724=STYLED_ITEM('',(#5723),#5721);
#5725=DIRECTION('',(0.E0,0.E0,1.E0));
#5726=VECTOR('',#5725,6.504000956065E0);
#5727=CARTESIAN_POINT('',(-5.708198481851E0,-2.787383931101E-1,
4.125899521967E0));
#5728=LINE('',#5727,#5726);
#5729=CURVE_STYLE('',#1556,POSITIVE_LENGTH_MEASURE(2.E-2),#748);
#5730=PRESENTATION_STYLE_ASSIGNMENT((#5729));
#5731=STYLED_ITEM('',(#5730),#5728);
#5732=DIRECTION('',(0.E0,0.E0,1.E0));
#5733=VECTOR('',#5732,6.504001202908E0);
#5734=CARTESIAN_POINT('',(-5.641477783619E0,-9.137578546495E-1,
4.125899520658E0));
#5735=LINE('',#5734,#5733);
#5736=CURVE_STYLE('',#1556,POSITIVE_LENGTH_MEASURE(2.E-2),#748);
#5737=PRESENTATION_STYLE_ASSIGNMENT((#5736));
#5738=STYLED_ITEM('',(#5737),#5735);
#5739=CARTESIAN_POINT('',(0.E0,0.E0,4.1259E0));
#5740=DIRECTION('',(0.E0,0.E0,1.E0));
#5741=DIRECTION('',(-9.882401185343E-1,-1.529100000634E-1,0.E0));
#5742=AXIS2_PLACEMENT_3D('',#5739,#5740,#5741);
#5744=CURVE_STYLE('',#1556,POSITIVE_LENGTH_MEASURE(2.E-2),#748);
#5745=PRESENTATION_STYLE_ASSIGNMENT((#5744));
#5746=STYLED_ITEM('',(#5745),#5743);
#5747=DIRECTION('',(0.E0,0.E0,1.E0));
#5748=VECTOR('',#5747,6.504001199642E0);
#5749=CARTESIAN_POINT('',(-5.647792277423E0,-8.738806503624E-1,
4.125899521967E0));
#5750=LINE('',#5749,#5748);
#5751=CURVE_STYLE('',#1556,POSITIVE_LENGTH_MEASURE(2.E-2),#748);
#5752=PRESENTATION_STYLE_ASSIGNMENT((#5751));
#5753=STYLED_ITEM('',(#5752),#5750);
#5754=DIRECTION('',(0.E0,0.E0,1.E0));
#5755=VECTOR('',#5754,6.504001202908E0);
#5756=CARTESIAN_POINT('',(-5.515059473697E0,-1.498447196794E0,
4.125899520658E0));
#5757=LINE('',#5756,#5755);
#5758=CURVE_STYLE('',#1556,POSITIVE_LENGTH_MEASURE(2.E-2),#748);
#5759=PRESENTATION_STYLE_ASSIGNMENT((#5758));
#5760=STYLED_ITEM('',(#5759),#5757);
#5761=CARTESIAN_POINT('',(0.E0,0.E0,4.1259E0));
#5762=DIRECTION('',(0.E0,0.E0,1.E0));
#5763=DIRECTION('',(-9.668429884388E-1,-2.553715640137E-1,0.E0));
#5764=AXIS2_PLACEMENT_3D('',#5761,#5762,#5763);
#5766=CURVE_STYLE('',#1556,POSITIVE_LENGTH_MEASURE(2.E-2),#748);
#5767=PRESENTATION_STYLE_ASSIGNMENT((#5766));
#5768=STYLED_ITEM('',(#5767),#5765);
#5769=DIRECTION('',(0.E0,0.E0,1.E0));
#5770=VECTOR('',#5769,6.504001199642E0);
#5771=CARTESIAN_POINT('',(-5.525507678928E0,-1.459448488338E0,
4.125899521967E0));
#5772=LINE('',#5771,#5770);
#5773=CURVE_STYLE('',#1556,POSITIVE_LENGTH_MEASURE(2.E-2),#748);
#5774=PRESENTATION_STYLE_ASSIGNMENT((#5773));
#5775=STYLED_ITEM('',(#5774),#5772);
#5776=DIRECTION('',(0.E0,0.E0,1.E0));
#5777=VECTOR('',#5776,6.504001202908E0);
#5778=CARTESIAN_POINT('',(-5.328217018082E0,-2.066719237880E0,
4.125899520658E0));
#5779=LINE('',#5778,#5777);
#5780=CURVE_STYLE('',#1556,POSITIVE_LENGTH_MEASURE(2.E-2),#748);
#5781=PRESENTATION_STYLE_ASSIGNMENT((#5780));
#5782=STYLED_ITEM('',(#5781),#5779);
#5783=CARTESIAN_POINT('',(0.E0,0.E0,4.1259E0));
#5784=DIRECTION('',(0.E0,0.E0,1.E0));
#5785=DIRECTION('',(-9.348529242371E-1,-3.550352236686E-1,0.E0));
#5786=AXIS2_PLACEMENT_3D('',#5783,#5784,#5785);
#5788=CURVE_STYLE('',#1556,POSITIVE_LENGTH_MEASURE(2.E-2),#748);
#5789=PRESENTATION_STYLE_ASSIGNMENT((#5788));
#5790=STYLED_ITEM('',(#5789),#5787);
#5791=DIRECTION('',(0.E0,0.E0,1.E0));
#5792=VECTOR('',#5791,6.504001199642E0);
#5793=CARTESIAN_POINT('',(-5.342684462015E0,-2.029026303266E0,
4.125899521967E0));
#5794=LINE('',#5793,#5792);
#5795=CURVE_STYLE('',#1556,POSITIVE_LENGTH_MEASURE(2.E-2),#748);
#5796=PRESENTATION_STYLE_ASSIGNMENT((#5795));
#5797=STYLED_ITEM('',(#5796),#5794);
#5798=DIRECTION('',(0.E0,0.E0,1.E0));
#5799=VECTOR('',#5798,6.504001202908E0);
#5800=CARTESIAN_POINT('',(-5.082997501815E0,-2.612347870507E0,
4.125899520658E0));
#5801=LINE('',#5800,#5799);
#5802=CURVE_STYLE('',#1556,POSITIVE_LENGTH_MEASURE(2.E-2),#748);
#5803=PRESENTATION_STYLE_ASSIGNMENT((#5802));
#5804=STYLED_ITEM('',(#5803),#5801);
#5805=CARTESIAN_POINT('',(0.E0,0.E0,4.1259E0));
#5806=DIRECTION('',(0.E0,0.E0,1.E0));
#5807=DIRECTION('',(-8.926204157668E-1,-4.508090431172E-1,0.E0));
#5808=AXIS2_PLACEMENT_3D('',#5805,#5806,#5807);
#5810=CURVE_STYLE('',#1556,POSITIVE_LENGTH_MEASURE(2.E-2),#748);
#5811=PRESENTATION_STYLE_ASSIGNMENT((#5810));
#5812=STYLED_ITEM('',(#5811),#5809);
#5813=DIRECTION('',(0.E0,0.E0,1.E0));
#5814=VECTOR('',#5813,6.504001199642E0);
#5815=CARTESIAN_POINT('',(-5.101325676107E0,-2.576373681415E0,
4.125899521967E0));
#5816=LINE('',#5815,#5814);
#5817=CURVE_STYLE('',#1556,POSITIVE_LENGTH_MEASURE(2.E-2),#748);
#5818=PRESENTATION_STYLE_ASSIGNMENT((#5817));
#5819=STYLED_ITEM('',(#5818),#5816);
#5820=DIRECTION('',(0.E0,0.E0,1.E0));
#5821=VECTOR('',#5820,6.504001202908E0);
#5822=CARTESIAN_POINT('',(-4.782087601232E0,-3.129355073196E0,
4.125899520658E0));
#5823=LINE('',#5822,#5821);
#5824=CURVE_STYLE('',#1556,POSITIVE_LENGTH_MEASURE(2.E-2),#748);
#5825=PRESENTATION_STYLE_ASSIGNMENT((#5824));
#5826=STYLED_ITEM('',(#5825),#5823);
#5827=CARTESIAN_POINT('',(0.E0,0.E0,4.1259E0));
#5828=DIRECTION('',(0.E0,0.E0,1.E0));
#5829=DIRECTION('',(-8.406081712286E-1,-5.416437043515E-1,0.E0));
#5830=AXIS2_PLACEMENT_3D('',#5827,#5828,#5829);
#5832=CURVE_STYLE('',#1556,POSITIVE_LENGTH_MEASURE(2.E-2),#748);
#5833=PRESENTATION_STYLE_ASSIGNMENT((#5832));
#5834=STYLED_ITEM('',(#5833),#5831);
#5835=DIRECTION('',(0.E0,0.E0,1.E0));
#5836=VECTOR('',#5835,6.504001199642E0);
#5837=CARTESIAN_POINT('',(-4.804075698572E0,-3.095493770369E0,
4.125899521967E0));
#5838=LINE('',#5837,#5836);
#5839=CURVE_STYLE('',#1556,POSITIVE_LENGTH_MEASURE(2.E-2),#748);
#5840=PRESENTATION_STYLE_ASSIGNMENT((#5839));
#5841=STYLED_ITEM('',(#5840),#5838);
#5842=DIRECTION('',(0.E0,0.E0,1.E0));
#5843=VECTOR('',#5842,6.504001202908E0);
#5844=CARTESIAN_POINT('',(-4.428784148175E0,-3.612076406843E0,
4.125899520658E0));
#5845=LINE('',#5844,#5843);
#5846=CURVE_STYLE('',#1556,POSITIVE_LENGTH_MEASURE(2.E-2),#748);
#5847=PRESENTATION_STYLE_ASSIGNMENT((#5846));
#5848=STYLED_ITEM('',(#5847),#5845);
#5849=CARTESIAN_POINT('',(0.E0,0.E0,4.1259E0));
#5850=DIRECTION('',(0.E0,0.E0,1.E0));
#5851=DIRECTION('',(-7.793860476579E-1,-6.265440038147E-1,0.E0));
#5852=AXIS2_PLACEMENT_3D('',#5849,#5850,#5851);
#5854=CURVE_STYLE('',#1556,POSITIVE_LENGTH_MEASURE(2.E-2),#748);
#5855=PRESENTATION_STYLE_ASSIGNMENT((#5854));
#5856=STYLED_ITEM('',(#5855),#5853);
#5857=DIRECTION('',(0.E0,0.E0,1.E0));
#5858=VECTOR('',#5857,6.504001199642E0);
#5859=CARTESIAN_POINT('',(-4.454191262365E0,-3.580698981801E0,
4.125899521967E0));
#5860=LINE('',#5859,#5858);
#5861=CURVE_STYLE('',#1556,POSITIVE_LENGTH_MEASURE(2.E-2),#748);
#5862=PRESENTATION_STYLE_ASSIGNMENT((#5861));
#5863=STYLED_ITEM('',(#5862),#5860);
#5864=DIRECTION('',(0.E0,0.E0,1.E0));
#5865=VECTOR('',#5864,6.504001202908E0);
#5866=CARTESIAN_POINT('',(-4.026958009207E0,-4.055223075502E0,
4.125899520658E0));
#5867=LINE('',#5866,#5865);
#5868=CURVE_STYLE('',#1556,POSITIVE_LENGTH_MEASURE(2.E-2),#748);
#5869=PRESENTATION_STYLE_ASSIGNMENT((#5868));
#5870=STYLED_ITEM('',(#5869),#5867);
#5871=CARTESIAN_POINT('',(0.E0,0.E0,4.1259E0));
#5872=DIRECTION('',(0.E0,0.E0,1.E0));
#5873=DIRECTION('',(-7.096248074520E-1,-7.045797560594E-1,0.E0));
#5874=AXIS2_PLACEMENT_3D('',#5871,#5872,#5873);
#5876=CURVE_STYLE('',#1556,POSITIVE_LENGTH_MEASURE(2.E-2),#748);
#5877=PRESENTATION_STYLE_ASSIGNMENT((#5876));
#5878=STYLED_ITEM('',(#5877),#5875);
#5879=DIRECTION('',(0.E0,0.E0,1.E0));
#5880=VECTOR('',#5879,6.504001199642E0);
#5881=CARTESIAN_POINT('',(-4.055505774588E0,-4.026673305879E0,
4.125899521967E0));
#5882=LINE('',#5881,#5880);
#5883=CURVE_STYLE('',#1556,POSITIVE_LENGTH_MEASURE(2.E-2),#748);
#5884=PRESENTATION_STYLE_ASSIGNMENT((#5883));
#5885=STYLED_ITEM('',(#5884),#5882);
#5886=DIRECTION('',(0.E0,0.E0,1.E0));
#5887=VECTOR('',#5886,6.504001202908E0);
#5888=CARTESIAN_POINT('',(-3.581011675595E0,-4.453939871535E0,
4.125899520658E0));
#5889=LINE('',#5888,#5887);
#5890=CURVE_STYLE('',#1556,POSITIVE_LENGTH_MEASURE(2.E-2),#748);
#5891=PRESENTATION_STYLE_ASSIGNMENT((#5890));
#5892=STYLED_ITEM('',(#5891),#5889);
#5893=CARTESIAN_POINT('',(0.E0,0.E0,4.1259E0));
#5894=DIRECTION('',(0.E0,0.E0,1.E0));
#5895=DIRECTION('',(-6.320887693571E-1,-7.748959850538E-1,0.E0));
#5896=AXIS2_PLACEMENT_3D('',#5893,#5894,#5895);
#5898=CURVE_STYLE('',#1556,POSITIVE_LENGTH_MEASURE(2.E-2),#748);
#5899=PRESENTATION_STYLE_ASSIGNMENT((#5898));
#5900=STYLED_ITEM('',(#5899),#5897);
#5901=DIRECTION('',(0.E0,0.E0,1.E0));
#5902=VECTOR('',#5901,6.504001199642E0);
#5903=CARTESIAN_POINT('',(-3.612387316876E0,-4.428530554583E0,
4.125899521967E0));
#5904=LINE('',#5903,#5902);
#5905=CURVE_STYLE('',#1556,POSITIVE_LENGTH_MEASURE(2.E-2),#748);
#5906=PRESENTATION_STYLE_ASSIGNMENT((#5905));
#5907=STYLED_ITEM('',(#5906),#5904);
#5908=DIRECTION('',(0.E0,0.E0,1.E0));
#5909=VECTOR('',#5908,6.504001202908E0);
#5910=CARTESIAN_POINT('',(-3.095831028691E0,-4.803858370289E0,
4.125899520658E0));
#5911=LINE('',#5910,#5909);
#5912=CURVE_STYLE('',#1556,POSITIVE_LENGTH_MEASURE(2.E-2),#748);
#5913=PRESENTATION_STYLE_ASSIGNMENT((#5912));
#5914=STYLED_ITEM('',(#5913),#5911);
#5915=CARTESIAN_POINT('',(0.E0,0.E0,4.1259E0));
#5916=DIRECTION('',(0.E0,0.E0,1.E0));
#5917=DIRECTION('',(-5.476274344321E-1,-8.367222914787E-1,0.E0));
#5918=AXIS2_PLACEMENT_3D('',#5915,#5916,#5917);
#5920=CURVE_STYLE('',#1556,POSITIVE_LENGTH_MEASURE(2.E-2),#748);
#5921=PRESENTATION_STYLE_ASSIGNMENT((#5920));
#5922=STYLED_ITEM('',(#5921),#5919);
#5923=DIRECTION('',(0.E0,0.E0,1.E0));
#5924=VECTOR('',#5923,6.504001199642E0);
#5925=CARTESIAN_POINT('',(-3.129690787780E0,-4.781867895801E0,
4.125899521967E0));
#5926=LINE('',#5925,#5924);
#5927=CURVE_STYLE('',#1556,POSITIVE_LENGTH_MEASURE(2.E-2),#748);
#5928=PRESENTATION_STYLE_ASSIGNMENT((#5927));
#5929=STYLED_ITEM('',(#5928),#5926);
#5930=DIRECTION('',(0.E0,0.E0,1.E0));
#5931=VECTOR('',#5930,6.504001202908E0);
#5932=CARTESIAN_POINT('',(-2.576731809192E0,-5.101144791466E0,
4.125899520658E0));
#5933=LINE('',#5932,#5931);
#5934=CURVE_STYLE('',#1556,POSITIVE_LENGTH_MEASURE(2.E-2),#748);
#5935=PRESENTATION_STYLE_ASSIGNMENT((#5934));
#5936=STYLED_ITEM('',(#5935),#5933);
#5937=CARTESIAN_POINT('',(0.E0,0.E0,4.1259E0));
#5938=DIRECTION('',(0.E0,0.E0,1.E0));
#5939=DIRECTION('',(-4.571661787370E-1,-8.893812933826E-1,0.E0));
#5940=AXIS2_PLACEMENT_3D('',#5937,#5938,#5939);
#5942=CURVE_STYLE('',#1556,POSITIVE_LENGTH_MEASURE(2.E-2),#748);
#5943=PRESENTATION_STYLE_ASSIGNMENT((#5942));
#5944=STYLED_ITEM('',(#5943),#5941);
#5945=DIRECTION('',(0.E0,0.E0,1.E0));
#5946=VECTOR('',#5945,6.504001199642E0);
#5947=CARTESIAN_POINT('',(-2.612704711482E0,-5.082814091682E0,
4.125899521967E0));
#5948=LINE('',#5947,#5946);
#5949=CURVE_STYLE('',#1556,POSITIVE_LENGTH_MEASURE(2.E-2),#748);
#5950=PRESENTATION_STYLE_ASSIGNMENT((#5949));
#5951=STYLED_ITEM('',(#5950),#5948);
#5952=DIRECTION('',(0.E0,0.E0,1.E0));
#5953=VECTOR('',#5952,6.504001202908E0);
#5954=CARTESIAN_POINT('',(-2.029401376775E0,-5.342542002824E0,
4.125899520658E0));
#5955=LINE('',#5954,#5953);
#5956=CURVE_STYLE('',#1556,POSITIVE_LENGTH_MEASURE(2.E-2),#748);
#5957=PRESENTATION_STYLE_ASSIGNMENT((#5956));
#5958=STYLED_ITEM('',(#5957),#5955);
#5959=CARTESIAN_POINT('',(0.E0,0.E0,4.1259E0));
#5960=DIRECTION('',(0.E0,0.E0,1.E0));
#5961=DIRECTION('',(-3.616961147195E-1,-9.322960477213E-1,0.E0));
#5962=AXIS2_PLACEMENT_3D('',#5959,#5960,#5961);
#5964=CURVE_STYLE('',#1556,POSITIVE_LENGTH_MEASURE(2.E-2),#748);
#5965=PRESENTATION_STYLE_ASSIGNMENT((#5964));
#5966=STYLED_ITEM('',(#5965),#5963);
#5967=DIRECTION('',(0.E0,0.E0,1.E0));
#5968=VECTOR('',#5967,6.504001199642E0);
#5969=CARTESIAN_POINT('',(-2.067093295622E0,-5.328071912727E0,
4.125899521967E0));
#5970=LINE('',#5969,#5968);
#5971=CURVE_STYLE('',#1556,POSITIVE_LENGTH_MEASURE(2.E-2),#748);
#5972=PRESENTATION_STYLE_ASSIGNMENT((#5971));
#5973=STYLED_ITEM('',(#5972),#5970);
#5974=DIRECTION('',(0.E0,0.E0,1.E0));
#5975=VECTOR('',#5974,6.504001202908E0);
#5976=CARTESIAN_POINT('',(-1.459836398196E0,-5.525405206001E0,
4.125899520658E0));
#5977=LINE('',#5976,#5975);
#5978=CURVE_STYLE('',#1556,POSITIVE_LENGTH_MEASURE(2.E-2),#748);
#5979=PRESENTATION_STYLE_ASSIGNMENT((#5978));
#5980=STYLED_ITEM('',(#5979),#5977);
#5981=CARTESIAN_POINT('',(0.E0,0.E0,4.1259E0));
#5982=DIRECTION('',(0.E0,0.E0,1.E0));
#5983=DIRECTION('',(-2.622632323794E-1,-9.649963714657E-1,0.E0));
#5984=AXIS2_PLACEMENT_3D('',#5981,#5982,#5983);
#5986=CURVE_STYLE('',#1556,POSITIVE_LENGTH_MEASURE(2.E-2),#748);
#5987=PRESENTATION_STYLE_ASSIGNMENT((#5986));
#5988=STYLED_ITEM('',(#5987),#5985);
#5989=DIRECTION('',(0.E0,0.E0,1.E0));
#5990=VECTOR('',#5989,6.504001199642E0);
#5991=CARTESIAN_POINT('',(-1.498834373048E0,-5.514954262926E0,
4.125899521967E0));
#5992=LINE('',#5991,#5990);
#5993=CURVE_STYLE('',#1556,POSITIVE_LENGTH_MEASURE(2.E-2),#748);
#5994=PRESENTATION_STYLE_ASSIGNMENT((#5993));
#5995=STYLED_ITEM('',(#5994),#5992);
#5996=DIRECTION('',(0.E0,0.E0,1.E0));
#5997=VECTOR('',#5996,6.504001202908E0);
#5998=CARTESIAN_POINT('',(-8.742771465467E-1,-5.647730913475E0,
4.125899520658E0));
#5999=LINE('',#5998,#5997);
#6000=CURVE_STYLE('',#1556,POSITIVE_LENGTH_MEASURE(2.E-2),#748);
#6001=PRESENTATION_STYLE_ASSIGNMENT((#6000));
#6002=STYLED_ITEM('',(#6001),#5999);
#6003=CARTESIAN_POINT('',(0.E0,0.E0,4.1259E0));
#6004=DIRECTION('',(0.E0,0.E0,1.E0));
#6005=DIRECTION('',(-1.599569391832E-1,-9.871239930258E-1,0.E0));
#6006=AXIS2_PLACEMENT_3D('',#6003,#6004,#6005);
#6008=CURVE_STYLE('',#1556,POSITIVE_LENGTH_MEASURE(2.E-2),#748);
#6009=PRESENTATION_STYLE_ASSIGNMENT((#6008));
#6010=STYLED_ITEM('',(#6009),#6007);
#6011=DIRECTION('',(0.E0,0.E0,1.E0));
#6012=VECTOR('',#6011,6.504001199642E0);
#6013=CARTESIAN_POINT('',(-9.141539074320E-1,-5.641413620142E0,
4.125899521967E0));
#6014=LINE('',#6013,#6012);
#6015=CURVE_STYLE('',#1556,POSITIVE_LENGTH_MEASURE(2.E-2),#748);
#6016=PRESENTATION_STYLE_ASSIGNMENT((#6015));
#6017=STYLED_ITEM('',(#6016),#6014);
#6018=DIRECTION('',(0.E0,0.E0,1.E0));
#6019=VECTOR('',#6018,6.504001202908E0);
#6020=CARTESIAN_POINT('',(-2.791391315260E-1,-5.708178899198E0,
4.125899520658E0));
#6021=LINE('',#6020,#6019);
#6022=CURVE_STYLE('',#1556,POSITIVE_LENGTH_MEASURE(2.E-2),#748);
#6023=PRESENTATION_STYLE_ASSIGNMENT((#6022));
#6024=STYLED_ITEM('',(#6023),#6021);
#6025=CARTESIAN_POINT('',(0.E0,0.E0,4.1259E0));
#6026=DIRECTION('',(0.E0,0.E0,1.E0));
#6027=DIRECTION('',(-5.589812428817E-2,-9.984364775493E-1,0.E0));
#6028=AXIS2_PLACEMENT_3D('',#6025,#6026,#6027);
#6030=CURVE_STYLE('',#1556,POSITIVE_LENGTH_MEASURE(2.E-2),#748);
#6031=PRESENTATION_STYLE_ASSIGNMENT((#6030));
#6032=STYLED_ITEM('',(#6031),#6029);
#6033=DIRECTION('',(0.E0,0.E0,1.E0));
#6034=VECTOR('',#6033,6.504001199642E0);
#6035=CARTESIAN_POINT('',(-3.194577803069E-1,-5.706064469194E0,
4.125899521967E0));
#6036=LINE('',#6035,#6034);
#6037=CURVE_STYLE('',#1556,POSITIVE_LENGTH_MEASURE(2.E-2),#748);
#6038=PRESENTATION_STYLE_ASSIGNMENT((#6037));
#6039=STYLED_ITEM('',(#6038),#6036);
#6040=DIRECTION('',(0.E0,0.E0,1.E0));
#6041=VECTOR('',#6040,6.504001202908E0);
#6042=CARTESIAN_POINT('',(3.190571902333E-1,-5.706086882388E0,
4.125899520658E0));
#6043=LINE('',#6042,#6041);
#6044=CURVE_STYLE('',#1556,POSITIVE_LENGTH_MEASURE(2.E-2),#748);
#6045=PRESENTATION_STYLE_ASSIGNMENT((#6044));
#6046=STYLED_ITEM('',(#6045),#6043);
#6047=CARTESIAN_POINT('',(0.E0,0.E0,4.1259E0));
#6048=DIRECTION('',(0.E0,0.E0,1.E0));
#6049=DIRECTION('',(4.877312215399E-2,-9.988098830885E-1,0.E0));
#6050=AXIS2_PLACEMENT_3D('',#6047,#6048,#6049);
#6052=CURVE_STYLE('',#1556,POSITIVE_LENGTH_MEASURE(2.E-2),#748);
#6053=PRESENTATION_STYLE_ASSIGNMENT((#6052));
#6054=STYLED_ITEM('',(#6053),#6051);
#6055=DIRECTION('',(0.E0,0.E0,1.E0));
#6056=VECTOR('',#6055,6.504001199642E0);
#6057=CARTESIAN_POINT('',(2.787383931101E-1,-5.708198481851E0,
4.125899521967E0));
#6058=LINE('',#6057,#6056);
#6059=CURVE_STYLE('',#1556,POSITIVE_LENGTH_MEASURE(2.E-2),#748);
#6060=PRESENTATION_STYLE_ASSIGNMENT((#6059));
#6061=STYLED_ITEM('',(#6060),#6058);
#6062=DIRECTION('',(0.E0,0.E0,1.E0));
#6063=VECTOR('',#6062,6.504001202908E0);
#6064=CARTESIAN_POINT('',(9.137578546495E-1,-5.641477783619E0,
4.125899520658E0));
#6065=LINE('',#6064,#6063);
#6066=CURVE_STYLE('',#1556,POSITIVE_LENGTH_MEASURE(2.E-2),#748);
#6067=PRESENTATION_STYLE_ASSIGNMENT((#6066));
#6068=STYLED_ITEM('',(#6067),#6065);
#6069=CARTESIAN_POINT('',(0.E0,0.E0,4.1259E0));
#6070=DIRECTION('',(0.E0,0.E0,1.E0));
#6071=DIRECTION('',(1.529100000634E-1,-9.882401185343E-1,0.E0));
#6072=AXIS2_PLACEMENT_3D('',#6069,#6070,#6071);
#6074=CURVE_STYLE('',#1556,POSITIVE_LENGTH_MEASURE(2.E-2),#748);
#6075=PRESENTATION_STYLE_ASSIGNMENT((#6074));
#6076=STYLED_ITEM('',(#6075),#6073);
#6077=DIRECTION('',(0.E0,0.E0,1.E0));
#6078=VECTOR('',#6077,6.504001199642E0);
#6079=CARTESIAN_POINT('',(8.738806503624E-1,-5.647792277423E0,
4.125899521967E0));
#6080=LINE('',#6079,#6078);
#6081=CURVE_STYLE('',#1556,POSITIVE_LENGTH_MEASURE(2.E-2),#748);
#6082=PRESENTATION_STYLE_ASSIGNMENT((#6081));
#6083=STYLED_ITEM('',(#6082),#6080);
#6084=DIRECTION('',(0.E0,0.E0,1.E0));
#6085=VECTOR('',#6084,6.504001202908E0);
#6086=CARTESIAN_POINT('',(1.498447196794E0,-5.515059473697E0,4.125899520658E0));
#6087=LINE('',#6086,#6085);
#6088=CURVE_STYLE('',#1556,POSITIVE_LENGTH_MEASURE(2.E-2),#748);
#6089=PRESENTATION_STYLE_ASSIGNMENT((#6088));
#6090=STYLED_ITEM('',(#6089),#6087);
#6091=CARTESIAN_POINT('',(0.E0,0.E0,4.1259E0));
#6092=DIRECTION('',(0.E0,0.E0,1.E0));
#6093=DIRECTION('',(2.553715640137E-1,-9.668429884388E-1,0.E0));
#6094=AXIS2_PLACEMENT_3D('',#6091,#6092,#6093);
#6096=CURVE_STYLE('',#1556,POSITIVE_LENGTH_MEASURE(2.E-2),#748);
#6097=PRESENTATION_STYLE_ASSIGNMENT((#6096));
#6098=STYLED_ITEM('',(#6097),#6095);
#6099=DIRECTION('',(0.E0,0.E0,1.E0));
#6100=VECTOR('',#6099,6.504001199642E0);
#6101=CARTESIAN_POINT('',(1.459448488338E0,-5.525507678928E0,4.125899521967E0));
#6102=LINE('',#6101,#6100);
#6103=CURVE_STYLE('',#1556,POSITIVE_LENGTH_MEASURE(2.E-2),#748);
#6104=PRESENTATION_STYLE_ASSIGNMENT((#6103));
#6105=STYLED_ITEM('',(#6104),#6102);
#6106=DIRECTION('',(0.E0,0.E0,1.E0));
#6107=VECTOR('',#6106,6.504001202908E0);
#6108=CARTESIAN_POINT('',(2.066719237880E0,-5.328217018082E0,4.125899520658E0));
#6109=LINE('',#6108,#6107);
#6110=CURVE_STYLE('',#1556,POSITIVE_LENGTH_MEASURE(2.E-2),#748);
#6111=PRESENTATION_STYLE_ASSIGNMENT((#6110));
#6112=STYLED_ITEM('',(#6111),#6109);
#6113=CARTESIAN_POINT('',(0.E0,0.E0,4.1259E0));
#6114=DIRECTION('',(0.E0,0.E0,1.E0));
#6115=DIRECTION('',(3.550352236686E-1,-9.348529242371E-1,0.E0));
#6116=AXIS2_PLACEMENT_3D('',#6113,#6114,#6115);
#6118=CURVE_STYLE('',#1556,POSITIVE_LENGTH_MEASURE(2.E-2),#748);
#6119=PRESENTATION_STYLE_ASSIGNMENT((#6118));
#6120=STYLED_ITEM('',(#6119),#6117);
#6121=DIRECTION('',(0.E0,0.E0,1.E0));
#6122=VECTOR('',#6121,6.504001199642E0);
#6123=CARTESIAN_POINT('',(2.029026303266E0,-5.342684462015E0,4.125899521967E0));
#6124=LINE('',#6123,#6122);
#6125=CURVE_STYLE('',#1556,POSITIVE_LENGTH_MEASURE(2.E-2),#748);
#6126=PRESENTATION_STYLE_ASSIGNMENT((#6125));
#6127=STYLED_ITEM('',(#6126),#6124);
#6128=DIRECTION('',(0.E0,0.E0,1.E0));
#6129=VECTOR('',#6128,6.504001202908E0);
#6130=CARTESIAN_POINT('',(2.612347870507E0,-5.082997501815E0,4.125899520658E0));
#6131=LINE('',#6130,#6129);
#6132=CURVE_STYLE('',#1556,POSITIVE_LENGTH_MEASURE(2.E-2),#748);
#6133=PRESENTATION_STYLE_ASSIGNMENT((#6132));
#6134=STYLED_ITEM('',(#6133),#6131);
#6135=CARTESIAN_POINT('',(0.E0,0.E0,4.1259E0));
#6136=DIRECTION('',(0.E0,0.E0,1.E0));
#6137=DIRECTION('',(4.508090431172E-1,-8.926204157668E-1,0.E0));
#6138=AXIS2_PLACEMENT_3D('',#6135,#6136,#6137);
#6140=CURVE_STYLE('',#1556,POSITIVE_LENGTH_MEASURE(2.E-2),#748);
#6141=PRESENTATION_STYLE_ASSIGNMENT((#6140));
#6142=STYLED_ITEM('',(#6141),#6139);
#6143=DIRECTION('',(0.E0,0.E0,1.E0));
#6144=VECTOR('',#6143,6.504001199642E0);
#6145=CARTESIAN_POINT('',(2.576373681415E0,-5.101325676107E0,4.125899521967E0));
#6146=LINE('',#6145,#6144);
#6147=CURVE_STYLE('',#1556,POSITIVE_LENGTH_MEASURE(2.E-2),#748);
#6148=PRESENTATION_STYLE_ASSIGNMENT((#6147));
#6149=STYLED_ITEM('',(#6148),#6146);
#6150=DIRECTION('',(0.E0,0.E0,1.E0));
#6151=VECTOR('',#6150,6.504001202908E0);
#6152=CARTESIAN_POINT('',(3.129355073196E0,-4.782087601232E0,4.125899520658E0));
#6153=LINE('',#6152,#6151);
#6154=CURVE_STYLE('',#1556,POSITIVE_LENGTH_MEASURE(2.E-2),#748);
#6155=PRESENTATION_STYLE_ASSIGNMENT((#6154));
#6156=STYLED_ITEM('',(#6155),#6153);
#6157=CARTESIAN_POINT('',(0.E0,0.E0,4.1259E0));
#6158=DIRECTION('',(0.E0,0.E0,1.E0));
#6159=DIRECTION('',(5.416437043515E-1,-8.406081712286E-1,0.E0));
#6160=AXIS2_PLACEMENT_3D('',#6157,#6158,#6159);
#6162=CURVE_STYLE('',#1556,POSITIVE_LENGTH_MEASURE(2.E-2),#748);
#6163=PRESENTATION_STYLE_ASSIGNMENT((#6162));
#6164=STYLED_ITEM('',(#6163),#6161);
#6165=DIRECTION('',(0.E0,0.E0,1.E0));
#6166=VECTOR('',#6165,6.504001199642E0);
#6167=CARTESIAN_POINT('',(3.095493770369E0,-4.804075698572E0,4.125899521967E0));
#6168=LINE('',#6167,#6166);
#6169=CURVE_STYLE('',#1556,POSITIVE_LENGTH_MEASURE(2.E-2),#748);
#6170=PRESENTATION_STYLE_ASSIGNMENT((#6169));
#6171=STYLED_ITEM('',(#6170),#6168);
#6172=DIRECTION('',(0.E0,0.E0,1.E0));
#6173=VECTOR('',#6172,6.504001202908E0);
#6174=CARTESIAN_POINT('',(3.612076406843E0,-4.428784148175E0,4.125899520658E0));
#6175=LINE('',#6174,#6173);
#6176=CURVE_STYLE('',#1556,POSITIVE_LENGTH_MEASURE(2.E-2),#748);
#6177=PRESENTATION_STYLE_ASSIGNMENT((#6176));
#6178=STYLED_ITEM('',(#6177),#6175);
#6179=CARTESIAN_POINT('',(0.E0,0.E0,4.1259E0));
#6180=DIRECTION('',(0.E0,0.E0,1.E0));
#6181=DIRECTION('',(6.265440038147E-1,-7.793860476579E-1,0.E0));
#6182=AXIS2_PLACEMENT_3D('',#6179,#6180,#6181);
#6184=CURVE_STYLE('',#1556,POSITIVE_LENGTH_MEASURE(2.E-2),#748);
#6185=PRESENTATION_STYLE_ASSIGNMENT((#6184));
#6186=STYLED_ITEM('',(#6185),#6183);
#6187=DIRECTION('',(0.E0,0.E0,1.E0));
#6188=VECTOR('',#6187,6.504001199642E0);
#6189=CARTESIAN_POINT('',(3.580698981801E0,-4.454191262365E0,4.125899521967E0));
#6190=LINE('',#6189,#6188);
#6191=CURVE_STYLE('',#1556,POSITIVE_LENGTH_MEASURE(2.E-2),#748);
#6192=PRESENTATION_STYLE_ASSIGNMENT((#6191));
#6193=STYLED_ITEM('',(#6192),#6190);
#6194=DIRECTION('',(0.E0,0.E0,1.E0));
#6195=VECTOR('',#6194,6.504001202908E0);
#6196=CARTESIAN_POINT('',(4.055223075502E0,-4.026958009207E0,4.125899520658E0));
#6197=LINE('',#6196,#6195);
#6198=CURVE_STYLE('',#1556,POSITIVE_LENGTH_MEASURE(2.E-2),#748);
#6199=PRESENTATION_STYLE_ASSIGNMENT((#6198));
#6200=STYLED_ITEM('',(#6199),#6197);
#6201=CARTESIAN_POINT('',(0.E0,0.E0,4.1259E0));
#6202=DIRECTION('',(0.E0,0.E0,1.E0));
#6203=DIRECTION('',(7.045797560594E-1,-7.096248074520E-1,0.E0));
#6204=AXIS2_PLACEMENT_3D('',#6201,#6202,#6203);
#6206=CURVE_STYLE('',#1556,POSITIVE_LENGTH_MEASURE(2.E-2),#748);
#6207=PRESENTATION_STYLE_ASSIGNMENT((#6206));
#6208=STYLED_ITEM('',(#6207),#6205);
#6209=DIRECTION('',(0.E0,0.E0,1.E0));
#6210=VECTOR('',#6209,6.504001199642E0);
#6211=CARTESIAN_POINT('',(4.026673305879E0,-4.055505774588E0,4.125899521967E0));
#6212=LINE('',#6211,#6210);
#6213=CURVE_STYLE('',#1556,POSITIVE_LENGTH_MEASURE(2.E-2),#748);
#6214=PRESENTATION_STYLE_ASSIGNMENT((#6213));
#6215=STYLED_ITEM('',(#6214),#6212);
#6216=DIRECTION('',(0.E0,0.E0,1.E0));
#6217=VECTOR('',#6216,6.504001202908E0);
#6218=CARTESIAN_POINT('',(4.453939871535E0,-3.581011675595E0,4.125899520658E0));
#6219=LINE('',#6218,#6217);
#6220=CURVE_STYLE('',#1556,POSITIVE_LENGTH_MEASURE(2.E-2),#748);
#6221=PRESENTATION_STYLE_ASSIGNMENT((#6220));
#6222=STYLED_ITEM('',(#6221),#6219);
#6223=CARTESIAN_POINT('',(0.E0,0.E0,4.1259E0));
#6224=DIRECTION('',(0.E0,0.E0,1.E0));
#6225=DIRECTION('',(7.748959850538E-1,-6.320887693571E-1,0.E0));
#6226=AXIS2_PLACEMENT_3D('',#6223,#6224,#6225);
#6228=CURVE_STYLE('',#1556,POSITIVE_LENGTH_MEASURE(2.E-2),#748);
#6229=PRESENTATION_STYLE_ASSIGNMENT((#6228));
#6230=STYLED_ITEM('',(#6229),#6227);
#6231=DIRECTION('',(0.E0,0.E0,1.E0));
#6232=VECTOR('',#6231,6.504001199642E0);
#6233=CARTESIAN_POINT('',(4.428530554583E0,-3.612387316876E0,4.125899521967E0));
#6234=LINE('',#6233,#6232);
#6235=CURVE_STYLE('',#1556,POSITIVE_LENGTH_MEASURE(2.E-2),#748);
#6236=PRESENTATION_STYLE_ASSIGNMENT((#6235));
#6237=STYLED_ITEM('',(#6236),#6234);
#6238=DIRECTION('',(0.E0,0.E0,1.E0));
#6239=VECTOR('',#6238,6.504001202908E0);
#6240=CARTESIAN_POINT('',(4.803858370289E0,-3.095831028691E0,4.125899520658E0));
#6241=LINE('',#6240,#6239);
#6242=CURVE_STYLE('',#1556,POSITIVE_LENGTH_MEASURE(2.E-2),#748);
#6243=PRESENTATION_STYLE_ASSIGNMENT((#6242));
#6244=STYLED_ITEM('',(#6243),#6241);
#6245=CARTESIAN_POINT('',(0.E0,0.E0,4.1259E0));
#6246=DIRECTION('',(0.E0,0.E0,1.E0));
#6247=DIRECTION('',(8.367222914787E-1,-5.476274344321E-1,0.E0));
#6248=AXIS2_PLACEMENT_3D('',#6245,#6246,#6247);
#6250=CURVE_STYLE('',#1556,POSITIVE_LENGTH_MEASURE(2.E-2),#748);
#6251=PRESENTATION_STYLE_ASSIGNMENT((#6250));
#6252=STYLED_ITEM('',(#6251),#6249);
#6253=DIRECTION('',(0.E0,0.E0,1.E0));
#6254=VECTOR('',#6253,6.504001199642E0);
#6255=CARTESIAN_POINT('',(4.781867895801E0,-3.129690787780E0,4.125899521967E0));
#6256=LINE('',#6255,#6254);
#6257=CURVE_STYLE('',#1556,POSITIVE_LENGTH_MEASURE(2.E-2),#748);
#6258=PRESENTATION_STYLE_ASSIGNMENT((#6257));
#6259=STYLED_ITEM('',(#6258),#6256);
#6260=DIRECTION('',(0.E0,0.E0,1.E0));
#6261=VECTOR('',#6260,6.504001202908E0);
#6262=CARTESIAN_POINT('',(5.101144791466E0,-2.576731809192E0,4.125899520658E0));
#6263=LINE('',#6262,#6261);
#6264=CURVE_STYLE('',#1556,POSITIVE_LENGTH_MEASURE(2.E-2),#748);
#6265=PRESENTATION_STYLE_ASSIGNMENT((#6264));
#6266=STYLED_ITEM('',(#6265),#6263);
#6267=CARTESIAN_POINT('',(0.E0,0.E0,4.1259E0));
#6268=DIRECTION('',(0.E0,0.E0,1.E0));
#6269=DIRECTION('',(8.893812933826E-1,-4.571661787370E-1,0.E0));
#6270=AXIS2_PLACEMENT_3D('',#6267,#6268,#6269);
#6272=CURVE_STYLE('',#1556,POSITIVE_LENGTH_MEASURE(2.E-2),#748);
#6273=PRESENTATION_STYLE_ASSIGNMENT((#6272));
#6274=STYLED_ITEM('',(#6273),#6271);
#6275=DIRECTION('',(0.E0,0.E0,1.E0));
#6276=VECTOR('',#6275,6.504001199642E0);
#6277=CARTESIAN_POINT('',(5.082814091682E0,-2.612704711482E0,4.125899521967E0));
#6278=LINE('',#6277,#6276);
#6279=CURVE_STYLE('',#1556,POSITIVE_LENGTH_MEASURE(2.E-2),#748);
#6280=PRESENTATION_STYLE_ASSIGNMENT((#6279));
#6281=STYLED_ITEM('',(#6280),#6278);
#6282=DIRECTION('',(0.E0,0.E0,1.E0));
#6283=VECTOR('',#6282,6.504001202908E0);
#6284=CARTESIAN_POINT('',(5.342542002824E0,-2.029401376775E0,4.125899520658E0));
#6285=LINE('',#6284,#6283);
#6286=CURVE_STYLE('',#1556,POSITIVE_LENGTH_MEASURE(2.E-2),#748);
#6287=PRESENTATION_STYLE_ASSIGNMENT((#6286));
#6288=STYLED_ITEM('',(#6287),#6285);
#6289=CARTESIAN_POINT('',(0.E0,0.E0,4.1259E0));
#6290=DIRECTION('',(0.E0,0.E0,1.E0));
#6291=DIRECTION('',(9.322960477213E-1,-3.616961147195E-1,0.E0));
#6292=AXIS2_PLACEMENT_3D('',#6289,#6290,#6291);
#6294=CURVE_STYLE('',#1556,POSITIVE_LENGTH_MEASURE(2.E-2),#748);
#6295=PRESENTATION_STYLE_ASSIGNMENT((#6294));
#6296=STYLED_ITEM('',(#6295),#6293);
#6297=DIRECTION('',(0.E0,0.E0,1.E0));
#6298=VECTOR('',#6297,6.504001199642E0);
#6299=CARTESIAN_POINT('',(5.328071912727E0,-2.067093295622E0,4.125899521967E0));
#6300=LINE('',#6299,#6298);
#6301=CURVE_STYLE('',#1556,POSITIVE_LENGTH_MEASURE(2.E-2),#748);
#6302=PRESENTATION_STYLE_ASSIGNMENT((#6301));
#6303=STYLED_ITEM('',(#6302),#6300);
#6304=DIRECTION('',(0.E0,0.E0,1.E0));
#6305=VECTOR('',#6304,6.504001202908E0);
#6306=CARTESIAN_POINT('',(5.525405206001E0,-1.459836398196E0,4.125899520658E0));
#6307=LINE('',#6306,#6305);
#6308=CURVE_STYLE('',#1556,POSITIVE_LENGTH_MEASURE(2.E-2),#748);
#6309=PRESENTATION_STYLE_ASSIGNMENT((#6308));
#6310=STYLED_ITEM('',(#6309),#6307);
#6311=CARTESIAN_POINT('',(0.E0,0.E0,4.1259E0));
#6312=DIRECTION('',(0.E0,0.E0,1.E0));
#6313=DIRECTION('',(9.649963714657E-1,-2.622632323794E-1,0.E0));
#6314=AXIS2_PLACEMENT_3D('',#6311,#6312,#6313);
#6316=CURVE_STYLE('',#1556,POSITIVE_LENGTH_MEASURE(2.E-2),#748);
#6317=PRESENTATION_STYLE_ASSIGNMENT((#6316));
#6318=STYLED_ITEM('',(#6317),#6315);
#6319=DIRECTION('',(0.E0,0.E0,1.E0));
#6320=VECTOR('',#6319,6.504001199642E0);
#6321=CARTESIAN_POINT('',(5.514954262926E0,-1.498834373048E0,4.125899521967E0));
#6322=LINE('',#6321,#6320);
#6323=CURVE_STYLE('',#1556,POSITIVE_LENGTH_MEASURE(2.E-2),#748);
#6324=PRESENTATION_STYLE_ASSIGNMENT((#6323));
#6325=STYLED_ITEM('',(#6324),#6322);
#6326=DIRECTION('',(0.E0,0.E0,1.E0));
#6327=VECTOR('',#6326,6.504001202908E0);
#6328=CARTESIAN_POINT('',(5.647730913475E0,-8.742771465467E-1,
4.125899520658E0));
#6329=LINE('',#6328,#6327);
#6330=CURVE_STYLE('',#1556,POSITIVE_LENGTH_MEASURE(2.E-2),#748);
#6331=PRESENTATION_STYLE_ASSIGNMENT((#6330));
#6332=STYLED_ITEM('',(#6331),#6329);
#6333=CARTESIAN_POINT('',(0.E0,0.E0,4.1259E0));
#6334=DIRECTION('',(0.E0,0.E0,1.E0));
#6335=DIRECTION('',(9.871239930258E-1,-1.599569391832E-1,0.E0));
#6336=AXIS2_PLACEMENT_3D('',#6333,#6334,#6335);
#6338=CURVE_STYLE('',#1556,POSITIVE_LENGTH_MEASURE(2.E-2),#748);
#6339=PRESENTATION_STYLE_ASSIGNMENT((#6338));
#6340=STYLED_ITEM('',(#6339),#6337);
#6341=DIRECTION('',(0.E0,0.E0,1.E0));
#6342=VECTOR('',#6341,6.504001199642E0);
#6343=CARTESIAN_POINT('',(5.641413620142E0,-9.141539074320E-1,
4.125899521967E0));
#6344=LINE('',#6343,#6342);
#6345=CURVE_STYLE('',#1556,POSITIVE_LENGTH_MEASURE(2.E-2),#748);
#6346=PRESENTATION_STYLE_ASSIGNMENT((#6345));
#6347=STYLED_ITEM('',(#6346),#6344);
#6348=DIRECTION('',(0.E0,0.E0,1.E0));
#6349=VECTOR('',#6348,6.504001199642E0);
#6350=CARTESIAN_POINT('',(5.706064469194E0,-3.194577803069E-1,
4.125899521967E0));
#6351=LINE('',#6350,#6349);
#6352=CURVE_STYLE('',#1556,POSITIVE_LENGTH_MEASURE(2.E-2),#748);
#6353=PRESENTATION_STYLE_ASSIGNMENT((#6352));
#6354=STYLED_ITEM('',(#6353),#6351);
#6355=DIRECTION('',(0.E0,0.E0,1.E0));
#6356=VECTOR('',#6355,6.504000958684E0);
#6357=CARTESIAN_POINT('',(5.708178899198E0,-2.791391315260E-1,
4.125899520658E0));
#6358=LINE('',#6357,#6356);
#6359=CURVE_STYLE('',#1556,POSITIVE_LENGTH_MEASURE(2.E-2),#748);
#6360=PRESENTATION_STYLE_ASSIGNMENT((#6359));
#6361=STYLED_ITEM('',(#6360),#6358);
#6362=CARTESIAN_POINT('',(0.E0,0.E0,4.1259E0));
#6363=DIRECTION('',(0.E0,0.E0,1.E0));
#6364=DIRECTION('',(9.984364775493E-1,-5.589812428817E-2,0.E0));
#6365=AXIS2_PLACEMENT_3D('',#6362,#6363,#6364);
#6367=CURVE_STYLE('',#1556,POSITIVE_LENGTH_MEASURE(2.E-2),#748);
#6368=PRESENTATION_STYLE_ASSIGNMENT((#6367));
#6369=STYLED_ITEM('',(#6368),#6366);
#6370=CARTESIAN_POINT('',(-5.708178899198E0,2.791391315260E-1,
1.062990047934E1));
#6371=CARTESIAN_POINT('',(-5.676759600159E0,2.476961513543E-1,
1.066281805519E1));
#6372=CARTESIAN_POINT('',(-5.614209665883E0,1.850990723814E-1,
1.072788148158E1));
#6373=CARTESIAN_POINT('',(-5.521299532684E0,9.211891161003E-2,
1.082308225106E1));
#6374=CARTESIAN_POINT('',(-5.459847063574E0,3.062012497798E-2,
1.088505293643E1));
#6375=CARTESIAN_POINT('',(-5.42925E0,0.E0,1.091565E1));
#6377=CURVE_STYLE('',#1556,POSITIVE_LENGTH_MEASURE(2.E-2),#748);
#6378=PRESENTATION_STYLE_ASSIGNMENT((#6377));
#6379=STYLED_ITEM('',(#6378),#6376);
#6380=CARTESIAN_POINT('',(0.E0,0.E0,1.06299E1));
#6381=DIRECTION('',(0.E0,0.E0,-1.E0));
#6382=DIRECTION('',(-9.988064565526E-1,4.884324261172E-2,0.E0));
#6383=AXIS2_PLACEMENT_3D('',#6380,#6381,#6382);
#6385=CURVE_STYLE('',#1556,POSITIVE_LENGTH_MEASURE(2.E-2),#748);
#6386=PRESENTATION_STYLE_ASSIGNMENT((#6385));
#6387=STYLED_ITEM('',(#6386),#6384);
#6388=CARTESIAN_POINT('',(-5.399508000428E0,5.675111591959E-1,1.091565E1));
#6389=CARTESIAN_POINT('',(-5.449912021529E0,5.267262173742E-1,
1.086978528469E1));
#6390=CARTESIAN_POINT('',(-5.551398477634E0,4.446073880124E-1,
1.077627771880E1));
#6391=CARTESIAN_POINT('',(-5.654273426219E0,3.613650454115E-1,
1.067926825061E1));
#6392=CARTESIAN_POINT('',(-5.706064469194E0,3.194577803069E-1,
1.062990072161E1));
#6394=CURVE_STYLE('',#1556,POSITIVE_LENGTH_MEASURE(2.E-2),#748);
#6395=PRESENTATION_STYLE_ASSIGNMENT((#6394));
#6396=STYLED_ITEM('',(#6395),#6393);
#6397=CARTESIAN_POINT('',(-5.647730913475E0,8.742771465467E-1,
1.062990072357E1));
#6398=CARTESIAN_POINT('',(-5.605803362515E0,8.224610333212E-1,
1.067926155809E1));
#6399=CARTESIAN_POINT('',(-5.522512628330E0,7.195262800558E-1,
1.077626466324E1));
#6400=CARTESIAN_POINT('',(-5.440329323335E0,6.179601418167E-1,
1.086977894594E1));
#6401=CARTESIAN_POINT('',(-5.399508000428E0,5.675111591959E-1,1.091565E1));
#6403=CURVE_STYLE('',#1556,POSITIVE_LENGTH_MEASURE(2.E-2),#748);
#6404=PRESENTATION_STYLE_ASSIGNMENT((#6403));
#6405=STYLED_ITEM('',(#6404),#6402);
#6406=CARTESIAN_POINT('',(0.E0,0.E0,1.06299E1));
#6407=DIRECTION('',(0.E0,0.E0,-1.E0));
#6408=DIRECTION('',(-9.882293811856E-1,1.529793782234E-1,0.E0));
#6409=AXIS2_PLACEMENT_3D('',#6406,#6407,#6408);
#6411=CURVE_STYLE('',#1556,POSITIVE_LENGTH_MEASURE(2.E-2),#748);
#6412=PRESENTATION_STYLE_ASSIGNMENT((#6411));
#6413=STYLED_ITEM('',(#6412),#6410);
#6414=CARTESIAN_POINT('',(-5.310607861284E0,1.128804547372E0,1.091565E1));
#6415=CARTESIAN_POINT('',(-5.364998951286E0,1.093511684526E0,1.086978528460E1));
#6416=CARTESIAN_POINT('',(-5.474513209113E0,1.022450933933E0,1.077627771861E1));
#6417=CARTESIAN_POINT('',(-5.585525792007E0,9.504179619503E-1,
1.067926825052E1));
#6418=CARTESIAN_POINT('',(-5.641413620142E0,9.141539074320E-1,
1.062990072161E1));
#6420=CURVE_STYLE('',#1556,POSITIVE_LENGTH_MEASURE(2.E-2),#748);
#6421=PRESENTATION_STYLE_ASSIGNMENT((#6420));
#6422=STYLED_ITEM('',(#6421),#6419);
#6423=CARTESIAN_POINT('',(-5.525405206001E0,1.459836398196E0,1.062990072357E1));
#6424=CARTESIAN_POINT('',(-5.489123597103E0,1.403921516379E0,1.067926155828E1));
#6425=CARTESIAN_POINT('',(-5.417048749712E0,1.292844397799E0,1.077626466360E1));
#6426=CARTESIAN_POINT('',(-5.345932205947E0,1.183244155126E0,1.086977894613E1));
#6427=CARTESIAN_POINT('',(-5.310607861284E0,1.128804547372E0,1.091565E1));
#6429=CURVE_STYLE('',#1556,POSITIVE_LENGTH_MEASURE(2.E-2),#748);
#6430=PRESENTATION_STYLE_ASSIGNMENT((#6429));
#6431=STYLED_ITEM('',(#6430),#6428);
#6432=CARTESIAN_POINT('',(0.E0,0.E0,1.06299E1));
#6433=DIRECTION('',(0.E0,0.E0,-1.E0));
#6434=DIRECTION('',(-9.668250579179E-1,2.554394397543E-1,0.E0));
#6435=AXIS2_PLACEMENT_3D('',#6432,#6433,#6434);
#6437=CURVE_STYLE('',#1556,POSITIVE_LENGTH_MEASURE(2.E-2),#748);
#6438=PRESENTATION_STYLE_ASSIGNMENT((#6437));
#6439=STYLED_ITEM('',(#6438),#6436);
#6440=CARTESIAN_POINT('',(-5.163523591095E0,1.677730516710E0,1.091565E1));
#6441=CARTESIAN_POINT('',(-5.221305829733E0,1.648316408913E0,1.086978528460E1));
#6442=CARTESIAN_POINT('',(-5.337648028055E0,1.589092293623E0,1.077627771861E1));
#6443=CARTESIAN_POINT('',(-5.455581968270E0,1.529057900491E0,1.067926825052E1));
#6444=CARTESIAN_POINT('',(-5.514954262926E0,1.498834373048E0,1.062990072161E1));
#6446=CURVE_STYLE('',#1556,POSITIVE_LENGTH_MEASURE(2.E-2),#748);
#6447=PRESENTATION_STYLE_ASSIGNMENT((#6446));
#6448=STYLED_ITEM('',(#6447),#6445);
#6449=CARTESIAN_POINT('',(-5.342542002824E0,2.029401376775E0,1.062990072357E1));
#6450=CARTESIAN_POINT('',(-5.312303845046E0,1.970000341709E0,1.067926155828E1));
#6451=CARTESIAN_POINT('',(-5.252234551719E0,1.851997842169E0,1.077626466360E1));
#6452=CARTESIAN_POINT('',(-5.192963936763E0,1.735564298060E0,1.086977894613E1));
#6453=CARTESIAN_POINT('',(-5.163523591095E0,1.677730516710E0,1.091565E1));
#6455=CURVE_STYLE('',#1556,POSITIVE_LENGTH_MEASURE(2.E-2),#748);
#6456=PRESENTATION_STYLE_ASSIGNMENT((#6455));
#6457=STYLED_ITEM('',(#6456),#6454);
#6458=CARTESIAN_POINT('',(0.E0,0.E0,1.06299E1));
#6459=DIRECTION('',(0.E0,0.E0,-1.E0));
#6460=DIRECTION('',(-9.348279969946E-1,3.551008533290E-1,0.E0));
#6461=AXIS2_PLACEMENT_3D('',#6458,#6459,#6460);
#6463=CURVE_STYLE('',#1556,POSITIVE_LENGTH_MEASURE(2.E-2),#748);
#6464=PRESENTATION_STYLE_ASSIGNMENT((#6463));
#6465=STYLED_ITEM('',(#6464),#6462);
#6466=CARTESIAN_POINT('',(-4.959866675906E0,2.208274919419E0,1.091565E1));
#6467=CARTESIAN_POINT('',(-5.020406988881E0,2.185061833791E0,1.086978528460E1));
#6468=CARTESIAN_POINT('',(-5.142302458227E0,2.138323225606E0,1.077627771861E1));
#6469=CARTESIAN_POINT('',(-5.265865646835E0,2.090945160698E0,1.067926825052E1));
#6470=CARTESIAN_POINT('',(-5.328071912727E0,2.067093295622E0,1.062990072161E1));
#6472=CURVE_STYLE('',#1556,POSITIVE_LENGTH_MEASURE(2.E-2),#748);
#6473=PRESENTATION_STYLE_ASSIGNMENT((#6472));
#6474=STYLED_ITEM('',(#6473),#6471);
#6475=CARTESIAN_POINT('',(-5.101144791466E0,2.576731809192E0,1.062990072357E1));
#6476=CARTESIAN_POINT('',(-5.077281380392E0,2.514495431046E0,1.067926155828E1));
#6477=CARTESIAN_POINT('',(-5.029875772878E0,2.390860410624E0,1.077626466360E1));
#6478=CARTESIAN_POINT('',(-4.983100467990E0,2.268869235354E0,1.086977894613E1));
#6479=CARTESIAN_POINT('',(-4.959866675906E0,2.208274919419E0,1.091565E1));
#6481=CURVE_STYLE('',#1556,POSITIVE_LENGTH_MEASURE(2.E-2),#748);
#6482=PRESENTATION_STYLE_ASSIGNMENT((#6481));
#6483=STYLED_ITEM('',(#6482),#6480);
#6484=CARTESIAN_POINT('',(0.E0,0.E0,1.06299E1));
#6485=DIRECTION('',(0.E0,0.E0,-1.E0));
#6486=DIRECTION('',(-8.925887649109E-1,4.508717076451E-1,0.E0));
#6487=AXIS2_PLACEMENT_3D('',#6484,#6485,#6486);
#6489=CURVE_STYLE('',#1556,POSITIVE_LENGTH_MEASURE(2.E-2),#748);
#6490=PRESENTATION_STYLE_ASSIGNMENT((#6489));
#6491=STYLED_ITEM('',(#6490),#6488);
#6492=CARTESIAN_POINT('',(-4.701868423497E0,2.714625E0,1.091565E1));
#6493=CARTESIAN_POINT('',(-4.764503518471E0,2.697867263965E0,1.086978528460E1));
#6494=CARTESIAN_POINT('',(-4.890616746571E0,2.664126240855E0,1.077627771861E1));
#6495=CARTESIAN_POINT('',(-5.018455399421E0,2.629923588166E0,1.067926825052E1));
#6496=CARTESIAN_POINT('',(-5.082814091682E0,2.612704711482E0,1.062990072161E1));
#6498=CURVE_STYLE('',#1556,POSITIVE_LENGTH_MEASURE(2.E-2),#748);
#6499=PRESENTATION_STYLE_ASSIGNMENT((#6498));
#6500=STYLED_ITEM('',(#6499),#6497);
#6501=CARTESIAN_POINT('',(-4.803858370289E0,3.095831028691E0,1.062990072357E1));
#6502=CARTESIAN_POINT('',(-4.786631158444E0,3.031441182248E0,1.067926155828E1));
#6503=CARTESIAN_POINT('',(-4.752408622499E0,2.903528212101E0,1.077626466360E1));
#6504=CARTESIAN_POINT('',(-4.718641107709E0,2.777315966514E0,1.086977894613E1));
#6505=CARTESIAN_POINT('',(-4.701868423497E0,2.714625E0,1.091565E1));
#6507=CURVE_STYLE('',#1556,POSITIVE_LENGTH_MEASURE(2.E-2),#748);
#6508=PRESENTATION_STYLE_ASSIGNMENT((#6507));
#6509=STYLED_ITEM('',(#6508),#6506);
#6510=CARTESIAN_POINT('',(0.E0,0.E0,1.06299E1));
#6511=DIRECTION('',(0.E0,0.E0,-1.E0));
#6512=DIRECTION('',(-8.405701435326E-1,5.417027171813E-1,0.E0));
#6513=AXIS2_PLACEMENT_3D('',#6510,#6511,#6512);
#6515=CURVE_STYLE('',#1556,POSITIVE_LENGTH_MEASURE(2.E-2),#748);
#6516=PRESENTATION_STYLE_ASSIGNMENT((#6515));
#6517=STYLED_ITEM('',(#6516),#6514);
#6518=CARTESIAN_POINT('',(-4.392355516710E0,3.191233081009E0,1.091565E1));
#6519=CARTESIAN_POINT('',(-4.456399150477E0,3.181114295830E0,1.086978528460E1));
#6520=CARTESIAN_POINT('',(-4.585348414412E0,3.160740531506E0,1.077627771861E1));
#6521=CARTESIAN_POINT('',(-4.716061904471E0,3.140088022456E0,1.067926825052E1));
#6522=CARTESIAN_POINT('',(-4.781867895801E0,3.129690787780E0,1.062990072161E1));
#6524=CURVE_STYLE('',#1556,POSITIVE_LENGTH_MEASURE(2.E-2),#748);
#6525=PRESENTATION_STYLE_ASSIGNMENT((#6524));
#6526=STYLED_ITEM('',(#6525),#6523);
#6527=CARTESIAN_POINT('',(-4.453939871535E0,3.581011675595E0,1.062990072357E1));
#6528=CARTESIAN_POINT('',(-4.443537603858E0,3.515173829488E0,1.067926155828E1));
#6529=CARTESIAN_POINT('',(-4.422873088747E0,3.384384350884E0,1.077626466360E1));
#6530=CARTESIAN_POINT('',(-4.402483328013E0,3.255333842755E0,1.086977894613E1));
#6531=CARTESIAN_POINT('',(-4.392355516710E0,3.191233081009E0,1.091565E1));
#6533=CURVE_STYLE('',#1556,POSITIVE_LENGTH_MEASURE(2.E-2),#748);
#6534=PRESENTATION_STYLE_ASSIGNMENT((#6533));
#6535=STYLED_ITEM('',(#6534),#6532);
#6536=CARTESIAN_POINT('',(0.E0,0.E0,1.06299E1));
#6537=DIRECTION('',(0.E0,0.E0,-1.E0));
#6538=DIRECTION('',(-7.793420597612E-1,6.265987183894E-1,0.E0));
#6539=AXIS2_PLACEMENT_3D('',#6536,#6537,#6538);
#6541=CURVE_STYLE('',#1556,POSITIVE_LENGTH_MEASURE(2.E-2),#748);
#6542=PRESENTATION_STYLE_ASSIGNMENT((#6541));
#6543=STYLED_ITEM('',(#6542),#6540);
#6544=CARTESIAN_POINT('',(-4.034719043723E0,3.632877344574E0,1.091565E1));
#6545=CARTESIAN_POINT('',(-4.099469540828E0,3.629508373778E0,1.086978528460E1));
#6546=CARTESIAN_POINT('',(-4.229842045478E0,3.622725087466E0,1.077627771861E1));
#6547=CARTESIAN_POINT('',(-4.361998248396E0,3.615848995265E0,1.067926825052E1));
#6548=CARTESIAN_POINT('',(-4.428530554583E0,3.612387316876E0,1.062990072161E1));
#6550=CURVE_STYLE('',#1556,POSITIVE_LENGTH_MEASURE(2.E-2),#748);
#6551=PRESENTATION_STYLE_ASSIGNMENT((#6550));
#6552=STYLED_ITEM('',(#6551),#6549);
#6553=CARTESIAN_POINT('',(-4.055223075502E0,4.026958009207E0,1.062990072357E1));
#6554=CARTESIAN_POINT('',(-4.051759721414E0,3.960393496655E0,1.067926155828E1));
#6555=CARTESIAN_POINT('',(-4.044879631889E0,3.828160466490E0,1.077626466360E1));
#6556=CARTESIAN_POINT('',(-4.038091019697E0,3.697685600192E0,1.086977894613E1));
#6557=CARTESIAN_POINT('',(-4.034719043723E0,3.632877344574E0,1.091565E1));
#6559=CURVE_STYLE('',#1556,POSITIVE_LENGTH_MEASURE(2.E-2),#748);
#6560=PRESENTATION_STYLE_ASSIGNMENT((#6559));
#6561=STYLED_ITEM('',(#6560),#6558);
#6562=CARTESIAN_POINT('',(0.E0,0.E0,1.06299E1));
#6563=DIRECTION('',(0.E0,0.E0,-1.E0));
#6564=DIRECTION('',(-7.095753412952E-1,7.046295729146E-1,0.E0));
#6565=AXIS2_PLACEMENT_3D('',#6562,#6563,#6564);
#6567=CURVE_STYLE('',#1556,POSITIVE_LENGTH_MEASURE(2.E-2),#748);
#6568=PRESENTATION_STYLE_ASSIGNMENT((#6567));
#6569=STYLED_ITEM('',(#6568),#6566);
#6570=CARTESIAN_POINT('',(-3.632877344574E0,4.034719043723E0,1.091565E1));
#6571=CARTESIAN_POINT('',(-3.697625285020E0,4.038136798460E0,1.086978528460E1));
#6572=CARTESIAN_POINT('',(-3.827992641944E0,4.045018309263E0,1.077627771861E1));
#6573=CARTESIAN_POINT('',(-3.960143626705E0,4.051993969818E0,1.067926825052E1));
#6574=CARTESIAN_POINT('',(-4.026673305879E0,4.055505774588E0,1.062990072161E1));
#6576=CURVE_STYLE('',#1556,POSITIVE_LENGTH_MEASURE(2.E-2),#748);
#6577=PRESENTATION_STYLE_ASSIGNMENT((#6576));
#6578=STYLED_ITEM('',(#6577),#6575);
#6579=CARTESIAN_POINT('',(-3.612076406843E0,4.428784148175E0,1.062990072357E1));
#6580=CARTESIAN_POINT('',(-3.615589911577E0,4.362222263907E0,1.067926155828E1));
#6581=CARTESIAN_POINT('',(-3.622569627339E0,4.229994454932E0,1.077626466360E1));
#6582=CARTESIAN_POINT('',(-3.629456541143E0,4.099524740402E0,1.086977894613E1));
#6583=CARTESIAN_POINT('',(-3.632877344574E0,4.034719043723E0,1.091565E1));
#6585=CURVE_STYLE('',#1556,POSITIVE_LENGTH_MEASURE(2.E-2),#748);
#6586=PRESENTATION_STYLE_ASSIGNMENT((#6585));
#6587=STYLED_ITEM('',(#6586),#6584);
#6588=CARTESIAN_POINT('',(0.E0,0.E0,1.06299E1));
#6589=DIRECTION('',(0.E0,0.E0,-1.E0));
#6590=DIRECTION('',(-6.320343669017E-1,7.749403583858E-1,0.E0));
#6591=AXIS2_PLACEMENT_3D('',#6588,#6589,#6590);
#6593=CURVE_STYLE('',#1556,POSITIVE_LENGTH_MEASURE(2.E-2),#748);
#6594=PRESENTATION_STYLE_ASSIGNMENT((#6593));
#6595=STYLED_ITEM('',(#6594),#6592);
#6596=CARTESIAN_POINT('',(-3.191233081009E0,4.392355516710E0,1.091565E1));
#6597=CARTESIAN_POINT('',(-3.255269072812E0,4.402522551344E0,1.086978528460E1));
#6598=CARTESIAN_POINT('',(-3.384202949965E0,4.422993463990E0,1.077627771861E1));
#6599=CARTESIAN_POINT('',(-3.514900842726E0,4.443744450503E0,1.067926825052E1));
#6600=CARTESIAN_POINT('',(-3.580698981801E0,4.454191262365E0,1.062990072161E1));
#6602=CURVE_STYLE('',#1556,POSITIVE_LENGTH_MEASURE(2.E-2),#748);
#6603=PRESENTATION_STYLE_ASSIGNMENT((#6602));
#6604=STYLED_ITEM('',(#6603),#6601);
#6605=CARTESIAN_POINT('',(-3.129355073196E0,4.782087601232E0,1.062990072357E1));
#6606=CARTESIAN_POINT('',(-3.139806942058E0,4.716257611181E0,1.067926155828E1));
#6607=CARTESIAN_POINT('',(-3.160569991880E0,4.585483738942E0,1.077626466360E1));
#6608=CARTESIAN_POINT('',(-3.181056977213E0,4.456448629676E0,1.086977894613E1));
#6609=CARTESIAN_POINT('',(-3.191233081009E0,4.392355516710E0,1.091565E1));
#6611=CURVE_STYLE('',#1556,POSITIVE_LENGTH_MEASURE(2.E-2),#748);
#6612=PRESENTATION_STYLE_ASSIGNMENT((#6611));
#6613=STYLED_ITEM('',(#6612),#6610);
#6614=CARTESIAN_POINT('',(0.E0,0.E0,1.06299E1));
#6615=DIRECTION('',(0.E0,0.E0,-1.E0));
#6616=DIRECTION('',(-5.475686917229E-1,8.367607351238E-1,0.E0));
#6617=AXIS2_PLACEMENT_3D('',#6614,#6615,#6616);
#6619=CURVE_STYLE('',#1556,POSITIVE_LENGTH_MEASURE(2.E-2),#748);
#6620=PRESENTATION_STYLE_ASSIGNMENT((#6619));
#6621=STYLED_ITEM('',(#6620),#6618);
#6622=CARTESIAN_POINT('',(-2.714625E0,4.701868423497E0,1.091565E1));
#6623=CARTESIAN_POINT('',(-2.777247451434E0,4.718673345868E0,1.086978528460E1));
#6624=CARTESIAN_POINT('',(-2.903335222276E0,4.752509376755E0,1.077627771861E1));
#6625=CARTESIAN_POINT('',(-3.031148069574E0,4.786808337074E0,1.067926825052E1));
#6626=CARTESIAN_POINT('',(-3.095493770369E0,4.804075698572E0,1.062990072161E1));
#6628=CURVE_STYLE('',#1556,POSITIVE_LENGTH_MEASURE(2.E-2),#748);
#6629=PRESENTATION_STYLE_ASSIGNMENT((#6628));
#6630=STYLED_ITEM('',(#6629),#6627);
#6631=CARTESIAN_POINT('',(-2.612347870507E0,5.082997501815E0,1.062990072357E1));
#6632=CARTESIAN_POINT('',(-2.629623590635E0,5.018620653127E0,1.067926155828E1));
#6633=CARTESIAN_POINT('',(-2.663942490198E0,4.890733503534E0,1.077626466360E1));
#6634=CARTESIAN_POINT('',(-2.697805087361E0,4.764546735192E0,1.086977894613E1));
#6635=CARTESIAN_POINT('',(-2.714625E0,4.701868423497E0,1.091565E1));
#6637=CURVE_STYLE('',#1556,POSITIVE_LENGTH_MEASURE(2.E-2),#748);
#6638=PRESENTATION_STYLE_ASSIGNMENT((#6637));
#6639=STYLED_ITEM('',(#6638),#6636);
#6640=CARTESIAN_POINT('',(0.E0,0.E0,1.06299E1));
#6641=DIRECTION('',(0.E0,0.E0,-1.E0));
#6642=DIRECTION('',(-4.571037393713E-1,8.894133861443E-1,0.E0));
#6643=AXIS2_PLACEMENT_3D('',#6640,#6641,#6642);
#6645=CURVE_STYLE('',#1556,POSITIVE_LENGTH_MEASURE(2.E-2),#748);
#6646=PRESENTATION_STYLE_ASSIGNMENT((#6645));
#6647=STYLED_ITEM('',(#6646),#6644);
#6648=CARTESIAN_POINT('',(-2.208274919419E0,4.959866675906E0,1.091565E1));
#6649=CARTESIAN_POINT('',(-2.268797725801E0,4.983125367768E0,1.086978528460E1));
#6650=CARTESIAN_POINT('',(-2.390657946330E0,5.029955802261E0,1.077627771861E1));
#6651=CARTESIAN_POINT('',(-2.514185403864E0,5.077426949801E0,1.067926825052E1));
#6652=CARTESIAN_POINT('',(-2.576373681415E0,5.101325676107E0,1.062990072161E1));
#6654=CURVE_STYLE('',#1556,POSITIVE_LENGTH_MEASURE(2.E-2),#748);
#6655=PRESENTATION_STYLE_ASSIGNMENT((#6654));
#6656=STYLED_ITEM('',(#6655),#6653);
#6657=CARTESIAN_POINT('',(-2.066719237880E0,5.328217018082E0,1.062990072357E1));
#6658=CARTESIAN_POINT('',(-2.090629532869E0,5.265998636984E0,1.067926155828E1));
#6659=CARTESIAN_POINT('',(-2.138128277128E0,5.142399368409E0,1.077626466360E1));
#6660=CARTESIAN_POINT('',(-2.184995480419E0,5.020443469631E0,1.086977894613E1));
#6661=CARTESIAN_POINT('',(-2.208274919419E0,4.959866675906E0,1.091565E1));
#6663=CURVE_STYLE('',#1556,POSITIVE_LENGTH_MEASURE(2.E-2),#748);
#6664=PRESENTATION_STYLE_ASSIGNMENT((#6663));
#6665=STYLED_ITEM('',(#6664),#6662);
#6666=CARTESIAN_POINT('',(0.E0,0.E0,1.06299E1));
#6667=DIRECTION('',(0.E0,0.E0,-1.E0));
#6668=DIRECTION('',(-3.616306627962E-1,9.323214379846E-1,0.E0));
#6669=AXIS2_PLACEMENT_3D('',#6666,#6667,#6668);
#6671=CURVE_STYLE('',#1556,POSITIVE_LENGTH_MEASURE(2.E-2),#748);
#6672=PRESENTATION_STYLE_ASSIGNMENT((#6671));
#6673=STYLED_ITEM('',(#6672),#6670);
#6674=CARTESIAN_POINT('',(-1.677730516710E0,5.163523591095E0,1.091565E1));
#6675=CARTESIAN_POINT('',(-1.735490577508E0,5.192981225354E0,1.086978528460E1));
#6676=CARTESIAN_POINT('',(-1.851788121647E0,5.252292979412E0,1.077627771861E1));
#6677=CARTESIAN_POINT('',(-1.969676796741E0,5.312416210346E0,1.067926825052E1));
#6678=CARTESIAN_POINT('',(-2.029026303266E0,5.342684462015E0,1.062990072161E1));
#6680=CURVE_STYLE('',#1556,POSITIVE_LENGTH_MEASURE(2.E-2),#748);
#6681=PRESENTATION_STYLE_ASSIGNMENT((#6680));
#6682=STYLED_ITEM('',(#6681),#6679);
#6683=CARTESIAN_POINT('',(-1.498447196794E0,5.515059473697E0,1.062990072357E1));
#6684=CARTESIAN_POINT('',(-1.528730100448E0,5.455681237793E0,1.067926155828E1));
#6685=CARTESIAN_POINT('',(-1.588888283221E0,5.337724029688E0,1.077626466360E1));
#6686=CARTESIAN_POINT('',(-1.648246605755E0,5.221335174822E0,1.086977894613E1));
#6687=CARTESIAN_POINT('',(-1.677730516710E0,5.163523591095E0,1.091565E1));
#6689=CURVE_STYLE('',#1556,POSITIVE_LENGTH_MEASURE(2.E-2),#748);
#6690=PRESENTATION_STYLE_ASSIGNMENT((#6689));
#6691=STYLED_ITEM('',(#6690),#6688);
#6692=CARTESIAN_POINT('',(0.E0,0.E0,1.06299E1));
#6693=DIRECTION('',(0.E0,0.E0,-1.E0));
#6694=DIRECTION('',(-2.621954850033E-1,9.650147810494E-1,0.E0));
#6695=AXIS2_PLACEMENT_3D('',#6692,#6693,#6694);
#6697=CURVE_STYLE('',#1556,POSITIVE_LENGTH_MEASURE(2.E-2),#748);
#6698=PRESENTATION_STYLE_ASSIGNMENT((#6697));
#6699=STYLED_ITEM('',(#6698),#6696);
#6700=CARTESIAN_POINT('',(-1.128804547372E0,5.310607861284E0,1.091565E1));
#6701=CARTESIAN_POINT('',(-1.183169031273E0,5.345941693933E0,1.086978528460E1));
#6702=CARTESIAN_POINT('',(-1.292629718791E0,5.417084935567E0,1.077627771861E1));
#6703=CARTESIAN_POINT('',(-1.403587998452E0,5.489201527196E0,1.067926825052E1));
#6704=CARTESIAN_POINT('',(-1.459448488338E0,5.525507678928E0,1.062990072161E1));
#6706=CURVE_STYLE('',#1556,POSITIVE_LENGTH_MEASURE(2.E-2),#748);
#6707=PRESENTATION_STYLE_ASSIGNMENT((#6706));
#6708=STYLED_ITEM('',(#6707),#6705);
#6709=CARTESIAN_POINT('',(-9.137578546495E-1,5.641477783619E0,
1.062990072357E1));
#6710=CARTESIAN_POINT('',(-9.500815811393E-1,5.585590253286E0,
1.067926155828E1));
#6711=CARTESIAN_POINT('',(-1.022240096788E0,5.474567469508E0,1.077626466360E1));
#6712=CARTESIAN_POINT('',(-1.093439196361E0,5.365020839203E0,1.086977894613E1));
#6713=CARTESIAN_POINT('',(-1.128804547372E0,5.310607861284E0,1.091565E1));
#6715=CURVE_STYLE('',#1556,POSITIVE_LENGTH_MEASURE(2.E-2),#748);
#6716=PRESENTATION_STYLE_ASSIGNMENT((#6715));
#6717=STYLED_ITEM('',(#6716),#6714);
#6718=CARTESIAN_POINT('',(0.E0,0.E0,1.06299E1));
#6719=DIRECTION('',(0.E0,0.E0,-1.E0));
#6720=DIRECTION('',(-1.598876386088E-1,9.871352202308E-1,0.E0));
#6721=AXIS2_PLACEMENT_3D('',#6718,#6719,#6720);
#6723=CURVE_STYLE('',#1556,POSITIVE_LENGTH_MEASURE(2.E-2),#748);
#6724=PRESENTATION_STYLE_ASSIGNMENT((#6723));
#6725=STYLED_ITEM('',(#6724),#6722);
#6726=CARTESIAN_POINT('',(-5.675111591959E-1,5.399508000428E0,1.091565E1));
#6727=CARTESIAN_POINT('',(-6.178844375376E-1,5.440330906604E0,
1.086978528460E1));
#6728=CARTESIAN_POINT('',(-7.193089942367E-1,5.522526175570E0,
1.077627771861E1));
#6729=CARTESIAN_POINT('',(-8.221211963329E-1,5.605846003424E0,
1.067926825052E1));
#6730=CARTESIAN_POINT('',(-8.738806503624E-1,5.647792277423E0,
1.062990072161E1));
#6732=CURVE_STYLE('',#1556,POSITIVE_LENGTH_MEASURE(2.E-2),#748);
#6733=PRESENTATION_STYLE_ASSIGNMENT((#6732));
#6734=STYLED_ITEM('',(#6733),#6731);
#6735=CARTESIAN_POINT('',(-3.190571902333E-1,5.706086882388E0,
1.062990072357E1));
#6736=CARTESIAN_POINT('',(-3.610237692104E-1,5.654302373104E0,
1.067926155828E1));
#6737=CARTESIAN_POINT('',(-4.443920339360E-1,5.551430402504E0,
1.077626466360E1));
#6738=CARTESIAN_POINT('',(-5.266518383136E-1,5.449926212566E0,
1.086977894613E1));
#6739=CARTESIAN_POINT('',(-5.675111591959E-1,5.399508000428E0,1.091565E1));
#6741=CURVE_STYLE('',#1556,POSITIVE_LENGTH_MEASURE(2.E-2),#748);
#6742=PRESENTATION_STYLE_ASSIGNMENT((#6741));
#6743=STYLED_ITEM('',(#6742),#6740);
#6744=CARTESIAN_POINT('',(0.E0,0.E0,1.06299E1));
#6745=DIRECTION('',(0.E0,0.E0,-1.E0));
#6746=DIRECTION('',(-5.582802978711E-2,9.984403993680E-1,0.E0));
#6747=AXIS2_PLACEMENT_3D('',#6744,#6745,#6746);
#6749=CURVE_STYLE('',#1556,POSITIVE_LENGTH_MEASURE(2.E-2),#748);
#6750=PRESENTATION_STYLE_ASSIGNMENT((#6749));
#6751=STYLED_ITEM('',(#6750),#6748);
#6752=CARTESIAN_POINT('',(0.E0,5.42925E0,1.091565E1));
#6753=CARTESIAN_POINT('',(-4.583017260364E-2,5.475114715399E0,
1.086978528460E1));
#6754=CARTESIAN_POINT('',(-1.381073698160E-1,5.567461463131E0,
1.077627771861E1));
#6755=CARTESIAN_POINT('',(-2.316470623464E-1,5.661071657741E0,
1.067926825052E1));
#6756=CARTESIAN_POINT('',(-2.787383931101E-1,5.708198481851E0,
1.062990072161E1));
#6758=CURVE_STYLE('',#1556,POSITIVE_LENGTH_MEASURE(2.E-2),#748);
#6759=PRESENTATION_STYLE_ASSIGNMENT((#6758));
#6760=STYLED_ITEM('',(#6759),#6757);
#6761=CARTESIAN_POINT('',(2.791391315260E-1,5.708178899198E0,1.062990072357E1));
#6762=CARTESIAN_POINT('',(2.319894946830E-1,5.661064772883E0,1.067926155828E1));
#6763=CARTESIAN_POINT('',(1.383248810345E-1,5.567470702299E0,1.077626466360E1));
#6764=CARTESIAN_POINT('',(4.590562748282E-2,5.475121053875E0,1.086977894613E1));
#6765=CARTESIAN_POINT('',(0.E0,5.42925E0,1.091565E1));
#6767=CURVE_STYLE('',#1556,POSITIVE_LENGTH_MEASURE(2.E-2),#748);
#6768=PRESENTATION_STYLE_ASSIGNMENT((#6767));
#6769=STYLED_ITEM('',(#6768),#6766);
#6770=CARTESIAN_POINT('',(0.E0,0.E0,1.06299E1));
#6771=DIRECTION('',(0.E0,0.E0,-1.E0));
#6772=DIRECTION('',(4.884324261172E-2,9.988064565526E-1,0.E0));
#6773=AXIS2_PLACEMENT_3D('',#6770,#6771,#6772);
#6775=CURVE_STYLE('',#1556,POSITIVE_LENGTH_MEASURE(2.E-2),#748);
#6776=PRESENTATION_STYLE_ASSIGNMENT((#6775));
#6777=STYLED_ITEM('',(#6776),#6774);
#6778=CARTESIAN_POINT('',(5.675111591959E-1,5.399508000428E0,1.091565E1));
#6779=CARTESIAN_POINT('',(5.267262172919E-1,5.449912021631E0,1.086978528460E1));
#6780=CARTESIAN_POINT('',(4.446073878493E-1,5.551398477836E0,1.077627771861E1));
#6781=CARTESIAN_POINT('',(3.613650453305E-1,5.654273426319E0,1.067926825052E1));
#6782=CARTESIAN_POINT('',(3.194577803069E-1,5.706064469194E0,1.062990072161E1));
#6784=CURVE_STYLE('',#1556,POSITIVE_LENGTH_MEASURE(2.E-2),#748);
#6785=PRESENTATION_STYLE_ASSIGNMENT((#6784));
#6786=STYLED_ITEM('',(#6785),#6783);
#6787=CARTESIAN_POINT('',(8.742771465467E-1,5.647730913475E0,1.062990072357E1));
#6788=CARTESIAN_POINT('',(8.224610331258E-1,5.605803362357E0,1.067926155828E1));
#6789=CARTESIAN_POINT('',(7.195262796620E-1,5.522512628012E0,1.077626466360E1));
#6790=CARTESIAN_POINT('',(6.179601416182E-1,5.440329323174E0,1.086977894613E1));
#6791=CARTESIAN_POINT('',(5.675111591959E-1,5.399508000428E0,1.091565E1));
#6793=CURVE_STYLE('',#1556,POSITIVE_LENGTH_MEASURE(2.E-2),#748);
#6794=PRESENTATION_STYLE_ASSIGNMENT((#6793));
#6795=STYLED_ITEM('',(#6794),#6792);
#6796=CARTESIAN_POINT('',(0.E0,0.E0,1.06299E1));
#6797=DIRECTION('',(0.E0,0.E0,-1.E0));
#6798=DIRECTION('',(1.529793782234E-1,9.882293811856E-1,0.E0));
#6799=AXIS2_PLACEMENT_3D('',#6796,#6797,#6798);
#6801=CURVE_STYLE('',#1556,POSITIVE_LENGTH_MEASURE(2.E-2),#748);
#6802=PRESENTATION_STYLE_ASSIGNMENT((#6801));
#6803=STYLED_ITEM('',(#6802),#6800);
#6804=CARTESIAN_POINT('',(1.128804547372E0,5.310607861284E0,1.091565E1));
#6805=CARTESIAN_POINT('',(1.093511684526E0,5.364998951286E0,1.086978528460E1));
#6806=CARTESIAN_POINT('',(1.022450933933E0,5.474513209113E0,1.077627771861E1));
#6807=CARTESIAN_POINT('',(9.504179619503E-1,5.585525792007E0,1.067926825052E1));
#6808=CARTESIAN_POINT('',(9.141539074320E-1,5.641413620142E0,1.062990072161E1));
#6810=CURVE_STYLE('',#1556,POSITIVE_LENGTH_MEASURE(2.E-2),#748);
#6811=PRESENTATION_STYLE_ASSIGNMENT((#6810));
#6812=STYLED_ITEM('',(#6811),#6809);
#6813=CARTESIAN_POINT('',(1.459836398196E0,5.525405206001E0,1.062990072357E1));
#6814=CARTESIAN_POINT('',(1.403921516379E0,5.489123597103E0,1.067926155828E1));
#6815=CARTESIAN_POINT('',(1.292844397799E0,5.417048749712E0,1.077626466360E1));
#6816=CARTESIAN_POINT('',(1.183244155126E0,5.345932205947E0,1.086977894613E1));
#6817=CARTESIAN_POINT('',(1.128804547372E0,5.310607861284E0,1.091565E1));
#6819=CURVE_STYLE('',#1556,POSITIVE_LENGTH_MEASURE(2.E-2),#748);
#6820=PRESENTATION_STYLE_ASSIGNMENT((#6819));
#6821=STYLED_ITEM('',(#6820),#6818);
#6822=CARTESIAN_POINT('',(0.E0,0.E0,1.06299E1));
#6823=DIRECTION('',(0.E0,0.E0,-1.E0));
#6824=DIRECTION('',(2.554394397543E-1,9.668250579179E-1,0.E0));
#6825=AXIS2_PLACEMENT_3D('',#6822,#6823,#6824);
#6827=CURVE_STYLE('',#1556,POSITIVE_LENGTH_MEASURE(2.E-2),#748);
#6828=PRESENTATION_STYLE_ASSIGNMENT((#6827));
#6829=STYLED_ITEM('',(#6828),#6826);
#6830=CARTESIAN_POINT('',(1.677730516710E0,5.163523591095E0,1.091565E1));
#6831=CARTESIAN_POINT('',(1.648316408913E0,5.221305829733E0,1.086978528460E1));
#6832=CARTESIAN_POINT('',(1.589092293623E0,5.337648028055E0,1.077627771861E1));
#6833=CARTESIAN_POINT('',(1.529057900491E0,5.455581968270E0,1.067926825052E1));
#6834=CARTESIAN_POINT('',(1.498834373048E0,5.514954262926E0,1.062990072161E1));
#6836=CURVE_STYLE('',#1556,POSITIVE_LENGTH_MEASURE(2.E-2),#748);
#6837=PRESENTATION_STYLE_ASSIGNMENT((#6836));
#6838=STYLED_ITEM('',(#6837),#6835);
#6839=CARTESIAN_POINT('',(2.029401376775E0,5.342542002824E0,1.062990072357E1));
#6840=CARTESIAN_POINT('',(1.970000341709E0,5.312303845046E0,1.067926155828E1));
#6841=CARTESIAN_POINT('',(1.851997842169E0,5.252234551719E0,1.077626466360E1));
#6842=CARTESIAN_POINT('',(1.735564298060E0,5.192963936763E0,1.086977894613E1));
#6843=CARTESIAN_POINT('',(1.677730516710E0,5.163523591095E0,1.091565E1));
#6845=CURVE_STYLE('',#1556,POSITIVE_LENGTH_MEASURE(2.E-2),#748);
#6846=PRESENTATION_STYLE_ASSIGNMENT((#6845));
#6847=STYLED_ITEM('',(#6846),#6844);
#6848=CARTESIAN_POINT('',(0.E0,0.E0,1.06299E1));
#6849=DIRECTION('',(0.E0,0.E0,-1.E0));
#6850=DIRECTION('',(3.551008533290E-1,9.348279969946E-1,0.E0));
#6851=AXIS2_PLACEMENT_3D('',#6848,#6849,#6850);
#6853=CURVE_STYLE('',#1556,POSITIVE_LENGTH_MEASURE(2.E-2),#748);
#6854=PRESENTATION_STYLE_ASSIGNMENT((#6853));
#6855=STYLED_ITEM('',(#6854),#6852);
#6856=CARTESIAN_POINT('',(2.208274919419E0,4.959866675906E0,1.091565E1));
#6857=CARTESIAN_POINT('',(2.185061833791E0,5.020406988881E0,1.086978528460E1));
#6858=CARTESIAN_POINT('',(2.138323225606E0,5.142302458227E0,1.077627771861E1));
#6859=CARTESIAN_POINT('',(2.090945160698E0,5.265865646835E0,1.067926825052E1));
#6860=CARTESIAN_POINT('',(2.067093295622E0,5.328071912727E0,1.062990072161E1));
#6862=CURVE_STYLE('',#1556,POSITIVE_LENGTH_MEASURE(2.E-2),#748);
#6863=PRESENTATION_STYLE_ASSIGNMENT((#6862));
#6864=STYLED_ITEM('',(#6863),#6861);
#6865=CARTESIAN_POINT('',(2.576731809192E0,5.101144791466E0,1.062990072357E1));
#6866=CARTESIAN_POINT('',(2.514495431046E0,5.077281380392E0,1.067926155828E1));
#6867=CARTESIAN_POINT('',(2.390860410624E0,5.029875772878E0,1.077626466360E1));
#6868=CARTESIAN_POINT('',(2.268869235354E0,4.983100467990E0,1.086977894613E1));
#6869=CARTESIAN_POINT('',(2.208274919419E0,4.959866675906E0,1.091565E1));
#6871=CURVE_STYLE('',#1556,POSITIVE_LENGTH_MEASURE(2.E-2),#748);
#6872=PRESENTATION_STYLE_ASSIGNMENT((#6871));
#6873=STYLED_ITEM('',(#6872),#6870);
#6874=CARTESIAN_POINT('',(0.E0,0.E0,1.06299E1));
#6875=DIRECTION('',(0.E0,0.E0,-1.E0));
#6876=DIRECTION('',(4.508717076451E-1,8.925887649109E-1,0.E0));
#6877=AXIS2_PLACEMENT_3D('',#6874,#6875,#6876);
#6879=CURVE_STYLE('',#1556,POSITIVE_LENGTH_MEASURE(2.E-2),#748);
#6880=PRESENTATION_STYLE_ASSIGNMENT((#6879));
#6881=STYLED_ITEM('',(#6880),#6878);
#6882=CARTESIAN_POINT('',(2.714625E0,4.701868423497E0,1.091565E1));
#6883=CARTESIAN_POINT('',(2.697867263965E0,4.764503518471E0,1.086978528460E1));
#6884=CARTESIAN_POINT('',(2.664126240855E0,4.890616746571E0,1.077627771861E1));
#6885=CARTESIAN_POINT('',(2.629923588166E0,5.018455399421E0,1.067926825052E1));
#6886=CARTESIAN_POINT('',(2.612704711482E0,5.082814091682E0,1.062990072161E1));
#6888=CURVE_STYLE('',#1556,POSITIVE_LENGTH_MEASURE(2.E-2),#748);
#6889=PRESENTATION_STYLE_ASSIGNMENT((#6888));
#6890=STYLED_ITEM('',(#6889),#6887);
#6891=CARTESIAN_POINT('',(3.095831028691E0,4.803858370289E0,1.062990072357E1));
#6892=CARTESIAN_POINT('',(3.031441182248E0,4.786631158444E0,1.067926155828E1));
#6893=CARTESIAN_POINT('',(2.903528212101E0,4.752408622499E0,1.077626466360E1));
#6894=CARTESIAN_POINT('',(2.777315966514E0,4.718641107709E0,1.086977894613E1));
#6895=CARTESIAN_POINT('',(2.714625E0,4.701868423497E0,1.091565E1));
#6897=CURVE_STYLE('',#1556,POSITIVE_LENGTH_MEASURE(2.E-2),#748);
#6898=PRESENTATION_STYLE_ASSIGNMENT((#6897));
#6899=STYLED_ITEM('',(#6898),#6896);
#6900=CARTESIAN_POINT('',(0.E0,0.E0,1.06299E1));
#6901=DIRECTION('',(0.E0,0.E0,-1.E0));
#6902=DIRECTION('',(5.417027171813E-1,8.405701435326E-1,0.E0));
#6903=AXIS2_PLACEMENT_3D('',#6900,#6901,#6902);
#6905=CURVE_STYLE('',#1556,POSITIVE_LENGTH_MEASURE(2.E-2),#748);
#6906=PRESENTATION_STYLE_ASSIGNMENT((#6905));
#6907=STYLED_ITEM('',(#6906),#6904);
#6908=CARTESIAN_POINT('',(3.191233081009E0,4.392355516710E0,1.091565E1));
#6909=CARTESIAN_POINT('',(3.181114295830E0,4.456399150477E0,1.086978528460E1));
#6910=CARTESIAN_POINT('',(3.160740531506E0,4.585348414412E0,1.077627771861E1));
#6911=CARTESIAN_POINT('',(3.140088022456E0,4.716061904471E0,1.067926825052E1));
#6912=CARTESIAN_POINT('',(3.129690787780E0,4.781867895801E0,1.062990072161E1));
#6914=CURVE_STYLE('',#1556,POSITIVE_LENGTH_MEASURE(2.E-2),#748);
#6915=PRESENTATION_STYLE_ASSIGNMENT((#6914));
#6916=STYLED_ITEM('',(#6915),#6913);
#6917=CARTESIAN_POINT('',(3.581011675595E0,4.453939871535E0,1.062990072357E1));
#6918=CARTESIAN_POINT('',(3.515173829488E0,4.443537603858E0,1.067926155828E1));
#6919=CARTESIAN_POINT('',(3.384384350884E0,4.422873088747E0,1.077626466360E1));
#6920=CARTESIAN_POINT('',(3.255333842755E0,4.402483328013E0,1.086977894613E1));
#6921=CARTESIAN_POINT('',(3.191233081009E0,4.392355516710E0,1.091565E1));
#6923=CURVE_STYLE('',#1556,POSITIVE_LENGTH_MEASURE(2.E-2),#748);
#6924=PRESENTATION_STYLE_ASSIGNMENT((#6923));
#6925=STYLED_ITEM('',(#6924),#6922);
#6926=CARTESIAN_POINT('',(0.E0,0.E0,1.06299E1));
#6927=DIRECTION('',(0.E0,0.E0,-1.E0));
#6928=DIRECTION('',(6.265987183894E-1,7.793420597612E-1,0.E0));
#6929=AXIS2_PLACEMENT_3D('',#6926,#6927,#6928);
#6931=CURVE_STYLE('',#1556,POSITIVE_LENGTH_MEASURE(2.E-2),#748);
#6932=PRESENTATION_STYLE_ASSIGNMENT((#6931));
#6933=STYLED_ITEM('',(#6932),#6930);
#6934=CARTESIAN_POINT('',(3.632877344574E0,4.034719043723E0,1.091565E1));
#6935=CARTESIAN_POINT('',(3.629508373778E0,4.099469540828E0,1.086978528460E1));
#6936=CARTESIAN_POINT('',(3.622725087466E0,4.229842045478E0,1.077627771861E1));
#6937=CARTESIAN_POINT('',(3.615848995265E0,4.361998248396E0,1.067926825052E1));
#6938=CARTESIAN_POINT('',(3.612387316876E0,4.428530554583E0,1.062990072161E1));
#6940=CURVE_STYLE('',#1556,POSITIVE_LENGTH_MEASURE(2.E-2),#748);
#6941=PRESENTATION_STYLE_ASSIGNMENT((#6940));
#6942=STYLED_ITEM('',(#6941),#6939);
#6943=CARTESIAN_POINT('',(4.026958009207E0,4.055223075502E0,1.062990072357E1));
#6944=CARTESIAN_POINT('',(3.960393496655E0,4.051759721414E0,1.067926155828E1));
#6945=CARTESIAN_POINT('',(3.828160466490E0,4.044879631889E0,1.077626466360E1));
#6946=CARTESIAN_POINT('',(3.697685600192E0,4.038091019697E0,1.086977894613E1));
#6947=CARTESIAN_POINT('',(3.632877344574E0,4.034719043723E0,1.091565E1));
#6949=CURVE_STYLE('',#1556,POSITIVE_LENGTH_MEASURE(2.E-2),#748);
#6950=PRESENTATION_STYLE_ASSIGNMENT((#6949));
#6951=STYLED_ITEM('',(#6950),#6948);
#6952=CARTESIAN_POINT('',(0.E0,0.E0,1.06299E1));
#6953=DIRECTION('',(0.E0,0.E0,-1.E0));
#6954=DIRECTION('',(7.046295729146E-1,7.095753412952E-1,0.E0));
#6955=AXIS2_PLACEMENT_3D('',#6952,#6953,#6954);
#6957=CURVE_STYLE('',#1556,POSITIVE_LENGTH_MEASURE(2.E-2),#748);
#6958=PRESENTATION_STYLE_ASSIGNMENT((#6957));
#6959=STYLED_ITEM('',(#6958),#6956);
#6960=CARTESIAN_POINT('',(4.034719043723E0,3.632877344574E0,1.091565E1));
#6961=CARTESIAN_POINT('',(4.038136798460E0,3.697625285020E0,1.086978528460E1));
#6962=CARTESIAN_POINT('',(4.045018309263E0,3.827992641944E0,1.077627771861E1));
#6963=CARTESIAN_POINT('',(4.051993969818E0,3.960143626705E0,1.067926825052E1));
#6964=CARTESIAN_POINT('',(4.055505774588E0,4.026673305879E0,1.062990072161E1));
#6966=CURVE_STYLE('',#1556,POSITIVE_LENGTH_MEASURE(2.E-2),#748);
#6967=PRESENTATION_STYLE_ASSIGNMENT((#6966));
#6968=STYLED_ITEM('',(#6967),#6965);
#6969=CARTESIAN_POINT('',(4.428784148175E0,3.612076406843E0,1.062990072357E1));
#6970=CARTESIAN_POINT('',(4.362222263907E0,3.615589911577E0,1.067926155828E1));
#6971=CARTESIAN_POINT('',(4.229994454932E0,3.622569627339E0,1.077626466360E1));
#6972=CARTESIAN_POINT('',(4.099524740402E0,3.629456541143E0,1.086977894613E1));
#6973=CARTESIAN_POINT('',(4.034719043723E0,3.632877344574E0,1.091565E1));
#6975=CURVE_STYLE('',#1556,POSITIVE_LENGTH_MEASURE(2.E-2),#748);
#6976=PRESENTATION_STYLE_ASSIGNMENT((#6975));
#6977=STYLED_ITEM('',(#6976),#6974);
#6978=CARTESIAN_POINT('',(0.E0,0.E0,1.06299E1));
#6979=DIRECTION('',(0.E0,0.E0,-1.E0));
#6980=DIRECTION('',(7.749403583858E-1,6.320343669017E-1,0.E0));
#6981=AXIS2_PLACEMENT_3D('',#6978,#6979,#6980);
#6983=CURVE_STYLE('',#1556,POSITIVE_LENGTH_MEASURE(2.E-2),#748);
#6984=PRESENTATION_STYLE_ASSIGNMENT((#6983));
#6985=STYLED_ITEM('',(#6984),#6982);
#6986=CARTESIAN_POINT('',(4.392355516710E0,3.191233081009E0,1.091565E1));
#6987=CARTESIAN_POINT('',(4.402522551344E0,3.255269072812E0,1.086978528460E1));
#6988=CARTESIAN_POINT('',(4.422993463990E0,3.384202949965E0,1.077627771861E1));
#6989=CARTESIAN_POINT('',(4.443744450503E0,3.514900842726E0,1.067926825052E1));
#6990=CARTESIAN_POINT('',(4.454191262365E0,3.580698981801E0,1.062990072161E1));
#6992=CURVE_STYLE('',#1556,POSITIVE_LENGTH_MEASURE(2.E-2),#748);
#6993=PRESENTATION_STYLE_ASSIGNMENT((#6992));
#6994=STYLED_ITEM('',(#6993),#6991);
#6995=CARTESIAN_POINT('',(4.782087601232E0,3.129355073196E0,1.062990072357E1));
#6996=CARTESIAN_POINT('',(4.716257611181E0,3.139806942058E0,1.067926155828E1));
#6997=CARTESIAN_POINT('',(4.585483738942E0,3.160569991880E0,1.077626466360E1));
#6998=CARTESIAN_POINT('',(4.456448629676E0,3.181056977213E0,1.086977894613E1));
#6999=CARTESIAN_POINT('',(4.392355516710E0,3.191233081009E0,1.091565E1));
#7001=CURVE_STYLE('',#1556,POSITIVE_LENGTH_MEASURE(2.E-2),#748);
#7002=PRESENTATION_STYLE_ASSIGNMENT((#7001));
#7003=STYLED_ITEM('',(#7002),#7000);
#7004=CARTESIAN_POINT('',(0.E0,0.E0,1.06299E1));
#7005=DIRECTION('',(0.E0,0.E0,-1.E0));
#7006=DIRECTION('',(8.367607351238E-1,5.475686917229E-1,0.E0));
#7007=AXIS2_PLACEMENT_3D('',#7004,#7005,#7006);
#7009=CURVE_STYLE('',#1556,POSITIVE_LENGTH_MEASURE(2.E-2),#748);
#7010=PRESENTATION_STYLE_ASSIGNMENT((#7009));
#7011=STYLED_ITEM('',(#7010),#7008);
#7012=CARTESIAN_POINT('',(4.701868423497E0,2.714625E0,1.091565E1));
#7013=CARTESIAN_POINT('',(4.718673345868E0,2.777247451434E0,1.086978528460E1));
#7014=CARTESIAN_POINT('',(4.752509376755E0,2.903335222276E0,1.077627771861E1));
#7015=CARTESIAN_POINT('',(4.786808337074E0,3.031148069574E0,1.067926825052E1));
#7016=CARTESIAN_POINT('',(4.804075698572E0,3.095493770369E0,1.062990072161E1));
#7018=CURVE_STYLE('',#1556,POSITIVE_LENGTH_MEASURE(2.E-2),#748);
#7019=PRESENTATION_STYLE_ASSIGNMENT((#7018));
#7020=STYLED_ITEM('',(#7019),#7017);
#7021=CARTESIAN_POINT('',(5.082997501815E0,2.612347870507E0,1.062990072357E1));
#7022=CARTESIAN_POINT('',(5.018620653127E0,2.629623590635E0,1.067926155828E1));
#7023=CARTESIAN_POINT('',(4.890733503534E0,2.663942490198E0,1.077626466360E1));
#7024=CARTESIAN_POINT('',(4.764546735192E0,2.697805087361E0,1.086977894613E1));
#7025=CARTESIAN_POINT('',(4.701868423497E0,2.714625E0,1.091565E1));
#7027=CURVE_STYLE('',#1556,POSITIVE_LENGTH_MEASURE(2.E-2),#748);
#7028=PRESENTATION_STYLE_ASSIGNMENT((#7027));
#7029=STYLED_ITEM('',(#7028),#7026);
#7030=CARTESIAN_POINT('',(0.E0,0.E0,1.06299E1));
#7031=DIRECTION('',(0.E0,0.E0,-1.E0));
#7032=DIRECTION('',(8.894133861443E-1,4.571037393713E-1,0.E0));
#7033=AXIS2_PLACEMENT_3D('',#7030,#7031,#7032);
#7035=CURVE_STYLE('',#1556,POSITIVE_LENGTH_MEASURE(2.E-2),#748);
#7036=PRESENTATION_STYLE_ASSIGNMENT((#7035));
#7037=STYLED_ITEM('',(#7036),#7034);
#7038=CARTESIAN_POINT('',(4.959866675906E0,2.208274919419E0,1.091565E1));
#7039=CARTESIAN_POINT('',(4.983125367768E0,2.268797725801E0,1.086978528460E1));
#7040=CARTESIAN_POINT('',(5.029955802261E0,2.390657946330E0,1.077627771861E1));
#7041=CARTESIAN_POINT('',(5.077426949801E0,2.514185403864E0,1.067926825052E1));
#7042=CARTESIAN_POINT('',(5.101325676107E0,2.576373681415E0,1.062990072161E1));
#7044=CURVE_STYLE('',#1556,POSITIVE_LENGTH_MEASURE(2.E-2),#748);
#7045=PRESENTATION_STYLE_ASSIGNMENT((#7044));
#7046=STYLED_ITEM('',(#7045),#7043);
#7047=CARTESIAN_POINT('',(5.328217018082E0,2.066719237880E0,1.062990072357E1));
#7048=CARTESIAN_POINT('',(5.265998636984E0,2.090629532869E0,1.067926155828E1));
#7049=CARTESIAN_POINT('',(5.142399368409E0,2.138128277128E0,1.077626466360E1));
#7050=CARTESIAN_POINT('',(5.020443469631E0,2.184995480419E0,1.086977894613E1));
#7051=CARTESIAN_POINT('',(4.959866675906E0,2.208274919419E0,1.091565E1));
#7053=CURVE_STYLE('',#1556,POSITIVE_LENGTH_MEASURE(2.E-2),#748);
#7054=PRESENTATION_STYLE_ASSIGNMENT((#7053));
#7055=STYLED_ITEM('',(#7054),#7052);
#7056=CARTESIAN_POINT('',(0.E0,0.E0,1.06299E1));
#7057=DIRECTION('',(0.E0,0.E0,-1.E0));
#7058=DIRECTION('',(9.323214379846E-1,3.616306627962E-1,0.E0));
#7059=AXIS2_PLACEMENT_3D('',#7056,#7057,#7058);
#7061=CURVE_STYLE('',#1556,POSITIVE_LENGTH_MEASURE(2.E-2),#748);
#7062=PRESENTATION_STYLE_ASSIGNMENT((#7061));
#7063=STYLED_ITEM('',(#7062),#7060);
#7064=CARTESIAN_POINT('',(5.163523591095E0,1.677730516710E0,1.091565E1));
#7065=CARTESIAN_POINT('',(5.192981225354E0,1.735490577508E0,1.086978528460E1));
#7066=CARTESIAN_POINT('',(5.252292979412E0,1.851788121647E0,1.077627771861E1));
#7067=CARTESIAN_POINT('',(5.312416210346E0,1.969676796741E0,1.067926825052E1));
#7068=CARTESIAN_POINT('',(5.342684462015E0,2.029026303266E0,1.062990072161E1));
#7070=CURVE_STYLE('',#1556,POSITIVE_LENGTH_MEASURE(2.E-2),#748);
#7071=PRESENTATION_STYLE_ASSIGNMENT((#7070));
#7072=STYLED_ITEM('',(#7071),#7069);
#7073=CARTESIAN_POINT('',(5.515059473697E0,1.498447196794E0,1.062990072357E1));
#7074=CARTESIAN_POINT('',(5.455681237793E0,1.528730100448E0,1.067926155828E1));
#7075=CARTESIAN_POINT('',(5.337724029688E0,1.588888283221E0,1.077626466360E1));
#7076=CARTESIAN_POINT('',(5.221335174822E0,1.648246605755E0,1.086977894613E1));
#7077=CARTESIAN_POINT('',(5.163523591095E0,1.677730516710E0,1.091565E1));
#7079=CURVE_STYLE('',#1556,POSITIVE_LENGTH_MEASURE(2.E-2),#748);
#7080=PRESENTATION_STYLE_ASSIGNMENT((#7079));
#7081=STYLED_ITEM('',(#7080),#7078);
#7082=CARTESIAN_POINT('',(0.E0,0.E0,1.06299E1));
#7083=DIRECTION('',(0.E0,0.E0,-1.E0));
#7084=DIRECTION('',(9.650147810494E-1,2.621954850033E-1,0.E0));
#7085=AXIS2_PLACEMENT_3D('',#7082,#7083,#7084);
#7087=CURVE_STYLE('',#1556,POSITIVE_LENGTH_MEASURE(2.E-2),#748);
#7088=PRESENTATION_STYLE_ASSIGNMENT((#7087));
#7089=STYLED_ITEM('',(#7088),#7086);
#7090=CARTESIAN_POINT('',(5.310607861284E0,1.128804547372E0,1.091565E1));
#7091=CARTESIAN_POINT('',(5.345941693933E0,1.183169031273E0,1.086978528460E1));
#7092=CARTESIAN_POINT('',(5.417084935567E0,1.292629718791E0,1.077627771861E1));
#7093=CARTESIAN_POINT('',(5.489201527196E0,1.403587998452E0,1.067926825052E1));
#7094=CARTESIAN_POINT('',(5.525507678928E0,1.459448488338E0,1.062990072161E1));
#7096=CURVE_STYLE('',#1556,POSITIVE_LENGTH_MEASURE(2.E-2),#748);
#7097=PRESENTATION_STYLE_ASSIGNMENT((#7096));
#7098=STYLED_ITEM('',(#7097),#7095);
#7099=CARTESIAN_POINT('',(5.641477783619E0,9.137578546495E-1,1.062990072357E1));
#7100=CARTESIAN_POINT('',(5.585590253286E0,9.500815811393E-1,1.067926155828E1));
#7101=CARTESIAN_POINT('',(5.474567469508E0,1.022240096788E0,1.077626466360E1));
#7102=CARTESIAN_POINT('',(5.365020839203E0,1.093439196361E0,1.086977894613E1));
#7103=CARTESIAN_POINT('',(5.310607861284E0,1.128804547372E0,1.091565E1));
#7105=CURVE_STYLE('',#1556,POSITIVE_LENGTH_MEASURE(2.E-2),#748);
#7106=PRESENTATION_STYLE_ASSIGNMENT((#7105));
#7107=STYLED_ITEM('',(#7106),#7104);
#7108=CARTESIAN_POINT('',(0.E0,0.E0,1.06299E1));
#7109=DIRECTION('',(0.E0,0.E0,-1.E0));
#7110=DIRECTION('',(9.871352202308E-1,1.598876386088E-1,0.E0));
#7111=AXIS2_PLACEMENT_3D('',#7108,#7109,#7110);
#7113=CURVE_STYLE('',#1556,POSITIVE_LENGTH_MEASURE(2.E-2),#748);
#7114=PRESENTATION_STYLE_ASSIGNMENT((#7113));
#7115=STYLED_ITEM('',(#7114),#7112);
#7116=CARTESIAN_POINT('',(5.399508000428E0,5.675111591959E-1,1.091565E1));
#7117=CARTESIAN_POINT('',(5.440330906604E0,6.178844375376E-1,1.086978528460E1));
#7118=CARTESIAN_POINT('',(5.522526175570E0,7.193089942367E-1,1.077627771861E1));
#7119=CARTESIAN_POINT('',(5.605846003424E0,8.221211963329E-1,1.067926825052E1));
#7120=CARTESIAN_POINT('',(5.647792277423E0,8.738806503624E-1,1.062990072161E1));
#7122=CURVE_STYLE('',#1556,POSITIVE_LENGTH_MEASURE(2.E-2),#748);
#7123=PRESENTATION_STYLE_ASSIGNMENT((#7122));
#7124=STYLED_ITEM('',(#7123),#7121);
#7125=CARTESIAN_POINT('',(5.706086882388E0,3.190571902333E-1,1.062990072357E1));
#7126=CARTESIAN_POINT('',(5.654302373104E0,3.610237692104E-1,1.067926155828E1));
#7127=CARTESIAN_POINT('',(5.551430402504E0,4.443920339360E-1,1.077626466360E1));
#7128=CARTESIAN_POINT('',(5.449926212566E0,5.266518383136E-1,1.086977894613E1));
#7129=CARTESIAN_POINT('',(5.399508000428E0,5.675111591959E-1,1.091565E1));
#7131=CURVE_STYLE('',#1556,POSITIVE_LENGTH_MEASURE(2.E-2),#748);
#7132=PRESENTATION_STYLE_ASSIGNMENT((#7131));
#7133=STYLED_ITEM('',(#7132),#7130);
#7134=CARTESIAN_POINT('',(0.E0,0.E0,1.06299E1));
#7135=DIRECTION('',(0.E0,0.E0,-1.E0));
#7136=DIRECTION('',(9.984403993680E-1,5.582802978711E-2,0.E0));
#7137=AXIS2_PLACEMENT_3D('',#7134,#7135,#7136);
#7139=CURVE_STYLE('',#1556,POSITIVE_LENGTH_MEASURE(2.E-2),#748);
#7140=PRESENTATION_STYLE_ASSIGNMENT((#7139));
#7141=STYLED_ITEM('',(#7140),#7138);
#7142=CARTESIAN_POINT('',(5.42925E0,0.E0,1.091565E1));
#7143=CARTESIAN_POINT('',(5.459835456749E0,3.056242145582E-2,1.088506454325E1));
#7144=CARTESIAN_POINT('',(5.521273263660E0,9.195395677036E-2,1.082311022946E1));
#7145=CARTESIAN_POINT('',(5.614129323759E0,1.847400827632E-1,1.072797288470E1));
#7146=CARTESIAN_POINT('',(5.676736887621E0,2.473004940321E-1,1.066285795411E1));
#7147=CARTESIAN_POINT('',(5.708198481851E0,2.787383931101E-1,1.062990047836E1));
#7149=CURVE_STYLE('',#1556,POSITIVE_LENGTH_MEASURE(2.E-2),#748);
#7150=PRESENTATION_STYLE_ASSIGNMENT((#7149));
#7151=STYLED_ITEM('',(#7150),#7148);
#7152=DIRECTION('',(-7.071067811865E-1,0.E0,7.071067811865E-1));
#7153=VECTOR('',#7152,4.042510323653E-1);
#7154=CARTESIAN_POINT('',(5.42925E0,0.E0,1.091565E1));
#7155=LINE('',#7154,#7153);
#7156=CURVE_STYLE('',#1556,POSITIVE_LENGTH_MEASURE(2.E-2),#748);
#7157=PRESENTATION_STYLE_ASSIGNMENT((#7156));
#7158=STYLED_ITEM('',(#7157),#7155);
#7159=DIRECTION('',(-7.071067811865E-1,0.E0,-7.071067811865E-1));
#7160=VECTOR('',#7159,4.042510323653E-1);
#7161=CARTESIAN_POINT('',(-5.143401353713E0,0.E0,1.120149864629E1));
#7162=LINE('',#7161,#7160);
#7163=CURVE_STYLE('',#1556,POSITIVE_LENGTH_MEASURE(2.E-2),#748);
#7164=PRESENTATION_STYLE_ASSIGNMENT((#7163));
#7165=STYLED_ITEM('',(#7164),#7162);
#7166=DIRECTION('',(0.E0,0.E0,-1.E0));
#7167=VECTOR('',#7166,7.0755E0);
#7168=CARTESIAN_POINT('',(-5.42925E0,0.E0,1.091565E1));
#7169=LINE('',#7168,#7167);
#7170=CURVE_STYLE('',#1556,POSITIVE_LENGTH_MEASURE(2.E-2),#748);
#7171=PRESENTATION_STYLE_ASSIGNMENT((#7170));
#7172=STYLED_ITEM('',(#7171),#7169);
#7173=CARTESIAN_POINT('',(-5.706086882388E0,-3.190571902333E-1,
4.125899520658E0));
#7174=CARTESIAN_POINT('',(-5.671553014936E0,-3.470437116049E-1,
4.092981944596E0));
#7175=CARTESIAN_POINT('',(-5.602802558976E0,-4.027596289636E-1,
4.027918517929E0));
#7176=CARTESIAN_POINT('',(-5.500682324038E0,-4.855186811189E-1,
3.932717748599E0));
#7177=CARTESIAN_POINT('',(-5.433138124537E0,-5.402570386311E-1,
3.870747063430E0));
#7178=CARTESIAN_POINT('',(-5.399508000428E0,-5.675111591959E-1,3.84015E0));
#7180=CURVE_STYLE('',#1556,POSITIVE_LENGTH_MEASURE(2.E-2),#748);
#7181=PRESENTATION_STYLE_ASSIGNMENT((#7180));
#7182=STYLED_ITEM('',(#7181),#7179);
#7183=CARTESIAN_POINT('',(-5.42925E0,0.E0,3.84015E0));
#7184=CARTESIAN_POINT('',(-5.459845778265E0,-3.057273519780E-2,
3.870745778265E0));
#7185=CARTESIAN_POINT('',(-5.521298027210E0,-9.197870166994E-2,
3.932714642600E0));
#7186=CARTESIAN_POINT('',(-5.614214512399E0,-1.848252072436E-1,
4.027915019827E0));
#7187=CARTESIAN_POINT('',(-5.676773505759E0,-2.473370845912E-1,
4.092980405414E0));
#7188=CARTESIAN_POINT('',(-5.708198481851E0,-2.787383931101E-1,
4.125899521967E0));
#7190=CURVE_STYLE('',#1556,POSITIVE_LENGTH_MEASURE(2.E-2),#748);
#7191=PRESENTATION_STYLE_ASSIGNMENT((#7190));
#7192=STYLED_ITEM('',(#7191),#7189);
#7193=CARTESIAN_POINT('',(-5.641477783619E0,-9.137578546495E-1,
4.125899520658E0));
#7194=CARTESIAN_POINT('',(-5.604207708235E0,-9.379812908333E-1,
4.092981944596E0));
#7195=CARTESIAN_POINT('',(-5.530009975246E0,-9.862056110566E-1,
4.027918517929E0));
#7196=CARTESIAN_POINT('',(-5.419798489096E0,-1.057836829238E0,
3.932717748599E0));
#7197=CARTESIAN_POINT('',(-5.346902587395E0,-1.105215032924E0,
3.870747063430E0));
#7198=CARTESIAN_POINT('',(-5.310607861284E0,-1.128804547372E0,3.84015E0));
#7200=CURVE_STYLE('',#1556,POSITIVE_LENGTH_MEASURE(2.E-2),#748);
#7201=PRESENTATION_STYLE_ASSIGNMENT((#7200));
#7202=STYLED_ITEM('',(#7201),#7199);
#7203=CARTESIAN_POINT('',(-5.399508000428E0,-5.675111591959E-1,3.84015E0));
#7204=CARTESIAN_POINT('',(-5.426740451069E0,-6.011145437801E-1,
3.870745778578E0));
#7205=CARTESIAN_POINT('',(-5.481437387223E0,-6.686076315446E-1,
3.932714643339E0));
#7206=CARTESIAN_POINT('',(-5.564139763640E0,-7.706579316598E-1,
4.027915020585E0));
#7207=CARTESIAN_POINT('',(-5.619821781440E0,-8.393665573811E-1,
4.092980405742E0));
#7208=CARTESIAN_POINT('',(-5.647792277423E0,-8.738806503624E-1,
4.125899521967E0));
#7210=CURVE_STYLE('',#1556,POSITIVE_LENGTH_MEASURE(2.E-2),#748);
#7211=PRESENTATION_STYLE_ASSIGNMENT((#7210));
#7212=STYLED_ITEM('',(#7211),#7209);
#7213=CARTESIAN_POINT('',(-5.515059473697E0,-1.498447196794E0,
4.125899520658E0));
#7214=CARTESIAN_POINT('',(-5.475461529127E0,-1.518642150754E0,
4.092981944596E0));
#7215=CARTESIAN_POINT('',(-5.396629444997E0,-1.558846518098E0,
4.027918517929E0));
#7216=CARTESIAN_POINT('',(-5.279534207742E0,-1.618565095690E0,
3.932717748599E0));
#7217=CARTESIAN_POINT('',(-5.202085266593E0,-1.658064060036E0,
3.870747063430E0));
#7218=CARTESIAN_POINT('',(-5.163523591095E0,-1.677730516710E0,3.84015E0));
#7220=CURVE_STYLE('',#1556,POSITIVE_LENGTH_MEASURE(2.E-2),#748);
#7221=PRESENTATION_STYLE_ASSIGNMENT((#7220));
#7222=STYLED_ITEM('',(#7221),#7219);
#7223=CARTESIAN_POINT('',(-5.310607861284E0,-1.128804547372E0,3.84015E0));
#7224=CARTESIAN_POINT('',(-5.334178619560E0,-1.165070415316E0,
3.870745778578E0));
#7225=CARTESIAN_POINT('',(-5.381520971429E0,-1.237911155566E0,
3.932714643339E0));
#7226=CARTESIAN_POINT('',(-5.453103134528E0,-1.348047165775E0,
4.027915020585E0));
#7227=CARTESIAN_POINT('',(-5.501298113349E0,-1.422199754207E0,
4.092980405742E0));
#7228=CARTESIAN_POINT('',(-5.525507678928E0,-1.459448488338E0,
4.125899521967E0));
#7230=CURVE_STYLE('',#1556,POSITIVE_LENGTH_MEASURE(2.E-2),#748);
#7231=PRESENTATION_STYLE_ASSIGNMENT((#7230));
#7232=STYLED_ITEM('',(#7231),#7229);
#7233=CARTESIAN_POINT('',(-5.328217018082E0,-2.066719237880E0,
4.125899520658E0));
#7234=CARTESIAN_POINT('',(-5.286725047692E0,-2.082664449475E0,
4.092981944596E0));
#7235=CARTESIAN_POINT('',(-5.204122313232E0,-2.114408376478E0,
4.027918517929E0));
#7236=CARTESIAN_POINT('',(-5.081426244794E0,-2.161560024247E0,
3.932717748599E0));
#7237=CARTESIAN_POINT('',(-5.000272811005E0,-2.192746990333E0,
3.870747063430E0));
#7238=CARTESIAN_POINT('',(-4.959866675906E0,-2.208274919419E0,3.84015E0));
#7240=CURVE_STYLE('',#1556,POSITIVE_LENGTH_MEASURE(2.E-2),#748);
#7241=PRESENTATION_STYLE_ASSIGNMENT((#7240));
#7242=STYLED_ITEM('',(#7241),#7239);
#7243=CARTESIAN_POINT('',(-5.163523591095E0,-1.677730516710E0,3.84015E0));
#7244=CARTESIAN_POINT('',(-5.183174410846E0,-1.716261531576E0,
3.870745778578E0));
#7245=CARTESIAN_POINT('',(-5.222643485716E0,-1.793651865917E0,
3.932714643339E0));
#7246=CARTESIAN_POINT('',(-5.282321166339E0,-1.910666913044E0,
4.027915020585E0));
#7247=CARTESIAN_POINT('',(-5.322501071906E0,-1.989451032912E0,
4.092980405742E0));
#7248=CARTESIAN_POINT('',(-5.342684462015E0,-2.029026303266E0,
4.125899521967E0));
#7250=CURVE_STYLE('',#1556,POSITIVE_LENGTH_MEASURE(2.E-2),#748);
#7251=PRESENTATION_STYLE_ASSIGNMENT((#7250));
#7252=STYLED_ITEM('',(#7251),#7249);
#7253=CARTESIAN_POINT('',(-5.082997501815E0,-2.612347870507E0,
4.125899520658E0));
#7254=CARTESIAN_POINT('',(-5.040066100315E0,-2.623868640662E0,
4.092981944596E0));
#7255=CARTESIAN_POINT('',(-4.954597728370E0,-2.646804334216E0,
4.027918517929E0));
#7256=CARTESIAN_POINT('',(-4.827645112551E0,-2.680872448842E0,
3.932717748599E0));
#7257=CARTESIAN_POINT('',(-4.743676320125E0,-2.703405725742E0,
3.870747063430E0));
#7258=CARTESIAN_POINT('',(-4.701868423497E0,-2.714625E0,3.84015E0));
#7260=CURVE_STYLE('',#1556,POSITIVE_LENGTH_MEASURE(2.E-2),#748);
#7261=PRESENTATION_STYLE_ASSIGNMENT((#7260));
#7262=STYLED_ITEM('',(#7261),#7259);
#7263=CARTESIAN_POINT('',(-4.959866675906E0,-2.208274919419E0,3.84015E0));
#7264=CARTESIAN_POINT('',(-4.975382258638E0,-2.248648927344E0,
3.870745778578E0));
#7265=CARTESIAN_POINT('',(-5.006545625066E0,-2.329740951079E0,
3.932714643339E0));
#7266=CARTESIAN_POINT('',(-5.053664982054E0,-2.452352993782E0,
4.027915020585E0));
#7267=CARTESIAN_POINT('',(-5.085389594915E0,-2.534905469781E0,
4.092980405742E0));
#7268=CARTESIAN_POINT('',(-5.101325676107E0,-2.576373681415E0,
4.125899521967E0));
#7270=CURVE_STYLE('',#1556,POSITIVE_LENGTH_MEASURE(2.E-2),#748);
#7271=PRESENTATION_STYLE_ASSIGNMENT((#7270));
#7272=STYLED_ITEM('',(#7271),#7269);
#7273=CARTESIAN_POINT('',(-4.782087601232E0,-3.129355073196E0,
4.125899520658E0));
#7274=CARTESIAN_POINT('',(-4.738187134042E0,-3.136325177942E0,
4.092981944596E0));
#7275=CARTESIAN_POINT('',(-4.650789533980E0,-3.150201349789E0,
4.027918517929E0));
#7276=CARTESIAN_POINT('',(-4.520971290206E0,-3.170812673880E0,
3.932717748599E0));
#7277=CARTESIAN_POINT('',(-4.435107118803E0,-3.184445382296E0,
3.870747063430E0));
#7278=CARTESIAN_POINT('',(-4.392355516710E0,-3.191233081009E0,3.84015E0));
#7280=CURVE_STYLE('',#1556,POSITIVE_LENGTH_MEASURE(2.E-2),#748);
#7281=PRESENTATION_STYLE_ASSIGNMENT((#7280));
#7282=STYLED_ITEM('',(#7281),#7279);
#7283=CARTESIAN_POINT('',(-4.701868423497E0,-2.714625E0,3.84015E0));
#7284=CARTESIAN_POINT('',(-4.713078777238E0,-2.756399654905E0,
3.870745778578E0));
#7285=CARTESIAN_POINT('',(-4.735595002860E0,-2.840304906852E0,
3.932714643339E0));
#7286=CARTESIAN_POINT('',(-4.769639786679E0,-2.967170581932E0,
4.027915020585E0));
#7287=CARTESIAN_POINT('',(-4.792561525336E0,-3.052586951860E0,
4.092980405742E0));
#7288=CARTESIAN_POINT('',(-4.804075698572E0,-3.095493770369E0,
4.125899521967E0));
#7290=CURVE_STYLE('',#1556,POSITIVE_LENGTH_MEASURE(2.E-2),#748);
#7291=PRESENTATION_STYLE_ASSIGNMENT((#7290));
#7292=STYLED_ITEM('',(#7291),#7289);
#7293=CARTESIAN_POINT('',(-4.428784148175E0,-3.612076406843E0,
4.125899520658E0));
#7294=CARTESIAN_POINT('',(-4.384395598E0,-3.614419480254E0,4.092981944596E0));
#7295=CARTESIAN_POINT('',(-4.296026316216E0,-3.619084100153E0,
4.027918517929E0));
#7296=CARTESIAN_POINT('',(-4.164764760330E0,-3.626012811727E0,
3.932717748599E0));
#7297=CARTESIAN_POINT('',(-4.077945955782E0,-3.630595588854E0,
3.870747063430E0));
#7298=CARTESIAN_POINT('',(-4.034719043723E0,-3.632877344574E0,3.84015E0));
#7300=CURVE_STYLE('',#1556,POSITIVE_LENGTH_MEASURE(2.E-2),#748);
#7301=PRESENTATION_STYLE_ASSIGNMENT((#7300));
#7302=STYLED_ITEM('',(#7301),#7299);
#7303=CARTESIAN_POINT('',(-4.392355516710E0,-3.191233081009E0,3.84015E0));
#7304=CARTESIAN_POINT('',(-4.399137818480E0,-3.233950691032E0,
3.870745778578E0));
#7305=CARTESIAN_POINT('',(-4.412760210816E0,-3.319749887693E0,
3.932714643339E0));
#7306=CARTESIAN_POINT('',(-4.433357419690E0,-3.449479228265E0,
4.027915020585E0));
#7307=CARTESIAN_POINT('',(-4.447225148778E0,-3.536823652499E0,
4.092980405742E0));
#7308=CARTESIAN_POINT('',(-4.454191262365E0,-3.580698981801E0,
4.125899521967E0));
#7310=CURVE_STYLE('',#1556,POSITIVE_LENGTH_MEASURE(2.E-2),#748);
#7311=PRESENTATION_STYLE_ASSIGNMENT((#7310));
#7312=STYLED_ITEM('',(#7311),#7309);
#7313=CARTESIAN_POINT('',(-4.026958009207E0,-4.055223075502E0,
4.125899520658E0));
#7314=CARTESIAN_POINT('',(-3.982567706291E0,-4.052913446374E0,
4.092981944596E0));
#7315=CARTESIAN_POINT('',(-3.894194935129E0,-4.048315407772E0,
4.027918517929E0));
#7316=CARTESIAN_POINT('',(-3.762928196208E0,-4.041485594417E0,
3.932717748599E0));
#7317=CARTESIAN_POINT('',(-3.676105963505E0,-4.036968230389E0,
3.870747063430E0));
#7318=CARTESIAN_POINT('',(-3.632877344574E0,-4.034719043723E0,3.84015E0));
#7320=CURVE_STYLE('',#1556,POSITIVE_LENGTH_MEASURE(2.E-2),#748);
#7321=PRESENTATION_STYLE_ASSIGNMENT((#7320));
#7322=STYLED_ITEM('',(#7321),#7319);
#7323=CARTESIAN_POINT('',(-4.034719043723E0,-3.632877344574E0,3.84015E0));
#7324=CARTESIAN_POINT('',(-4.036998985204E0,-3.676069886641E0,
3.870745778578E0));
#7325=CARTESIAN_POINT('',(-4.041578294473E0,-3.762822994063E0,
3.932714643339E0));
#7326=CARTESIAN_POINT('',(-4.048502261070E0,-3.893994658324E0,
4.027915020585E0));
#7327=CARTESIAN_POINT('',(-4.053164042848E0,-3.982310173074E0,
4.092980405742E0));
#7328=CARTESIAN_POINT('',(-4.055505774588E0,-4.026673305879E0,
4.125899521967E0));
#7330=CURVE_STYLE('',#1556,POSITIVE_LENGTH_MEASURE(2.E-2),#748);
#7331=PRESENTATION_STYLE_ASSIGNMENT((#7330));
#7332=STYLED_ITEM('',(#7331),#7329);
#7333=CARTESIAN_POINT('',(-3.581011675595E0,-4.453939871535E0,
4.125899520658E0));
#7334=CARTESIAN_POINT('',(-3.537105969387E0,-4.447002844650E0,
4.092981944596E0));
#7335=CARTESIAN_POINT('',(-3.449697939421E0,-4.433192524620E0,
4.027918517929E0));
#7336=CARTESIAN_POINT('',(-3.319864203325E0,-4.412679015199E0,
3.932717748599E0));
#7337=CARTESIAN_POINT('',(-3.233989785016E0,-4.399111003203E0,
3.870747063430E0));
#7338=CARTESIAN_POINT('',(-3.191233081009E0,-4.392355516710E0,3.84015E0));
#7340=CURVE_STYLE('',#1556,POSITIVE_LENGTH_MEASURE(2.E-2),#748);
#7341=PRESENTATION_STYLE_ASSIGNMENT((#7340));
#7342=STYLED_ITEM('',(#7341),#7339);
#7343=CARTESIAN_POINT('',(-3.632877344574E0,-4.034719043723E0,3.84015E0));
#7344=CARTESIAN_POINT('',(-3.630629946250E0,-4.077913291305E0,
3.870745778578E0));
#7345=CARTESIAN_POINT('',(-3.626116000581E0,-4.164669824288E0,
3.932714643339E0));
#7346=CARTESIAN_POINT('',(-3.619290864475E0,-4.295846668036E0,
4.027915020585E0));
#7347=CARTESIAN_POINT('',(-3.614695623485E0,-4.384165670040E0,
4.092980405742E0));
#7348=CARTESIAN_POINT('',(-3.612387316876E0,-4.428530554583E0,
4.125899521967E0));
#7350=CURVE_STYLE('',#1556,POSITIVE_LENGTH_MEASURE(2.E-2),#748);
#7351=PRESENTATION_STYLE_ASSIGNMENT((#7350));
#7352=STYLED_ITEM('',(#7351),#7349);
#7353=CARTESIAN_POINT('',(-3.095831028691E0,-4.803858370289E0,
4.125899520658E0));
#7354=CARTESIAN_POINT('',(-3.052890959295E0,-4.792369949164E0,
4.092981944596E0));
#7355=CARTESIAN_POINT('',(-2.967405331193E0,-4.769498656463E0,
4.027918517929E0));
#7356=CARTESIAN_POINT('',(-2.840427083504E0,-4.735526201279E0,
3.932717748599E0));
#7357=CARTESIAN_POINT('',(-2.756441337688E0,-4.713056195291E0,
3.870747063430E0));
#7358=CARTESIAN_POINT('',(-2.714625E0,-4.701868423497E0,3.84015E0));
#7360=CURVE_STYLE('',#1556,POSITIVE_LENGTH_MEASURE(2.E-2),#748);
#7361=PRESENTATION_STYLE_ASSIGNMENT((#7360));
#7362=STYLED_ITEM('',(#7361),#7359);
#7363=CARTESIAN_POINT('',(-3.191233081009E0,-4.392355516710E0,3.84015E0));
#7364=CARTESIAN_POINT('',(-3.184482965847E0,-4.435078224592E0,
3.870745778578E0));
#7365=CARTESIAN_POINT('',(-3.170925220973E0,-4.520887660405E0,
3.932714643339E0));
#7366=CARTESIAN_POINT('',(-3.150425759784E0,-4.650632482689E0,
4.027915020585E0));
#7367=CARTESIAN_POINT('',(-3.136623842447E0,-4.737987330480E0,
4.092980405742E0));
#7368=CARTESIAN_POINT('',(-3.129690787780E0,-4.781867895801E0,
4.125899521967E0));
#7370=CURVE_STYLE('',#1556,POSITIVE_LENGTH_MEASURE(2.E-2),#748);
#7371=PRESENTATION_STYLE_ASSIGNMENT((#7370));
#7372=STYLED_ITEM('',(#7371),#7369);
#7373=CARTESIAN_POINT('',(-2.576731809192E0,-5.101144791466E0,
4.125899520658E0));
#7374=CARTESIAN_POINT('',(-2.535227836995E0,-5.085230845647E0,
4.092981944596E0));
#7375=CARTESIAN_POINT('',(-2.452601209187E0,-5.053549162944E0,
4.027918517929E0));
#7376=CARTESIAN_POINT('',(-2.329869650158E0,-5.006489971324E0,
3.932717748599E0));
#7377=CARTESIAN_POINT('',(-2.248692742241E0,-4.975364157434E0,
3.870747063430E0));
#7378=CARTESIAN_POINT('',(-2.208274919419E0,-4.959866675906E0,3.84015E0));
#7380=CURVE_STYLE('',#1556,POSITIVE_LENGTH_MEASURE(2.E-2),#748);
#7381=PRESENTATION_STYLE_ASSIGNMENT((#7380));
#7382=STYLED_ITEM('',(#7381),#7379);
#7383=CARTESIAN_POINT('',(-2.714625E0,-4.701868423497E0,3.84015E0));
#7384=CARTESIAN_POINT('',(-2.703446123673E0,-4.743651512749E0,
3.870745778578E0));
#7385=CARTESIAN_POINT('',(-2.680993121086E0,-4.827573705258E0,
3.932714643339E0));
#7386=CARTESIAN_POINT('',(-2.647043931199E0,-4.954464994654E0,
4.027915020585E0));
#7387=CARTESIAN_POINT('',(-2.624186554211E0,-5.039898610240E0,
4.092980405742E0));
#7388=CARTESIAN_POINT('',(-2.612704711482E0,-5.082814091682E0,
4.125899521967E0));
#7390=CURVE_STYLE('',#1556,POSITIVE_LENGTH_MEASURE(2.E-2),#748);
#7391=PRESENTATION_STYLE_ASSIGNMENT((#7390));
#7392=STYLED_ITEM('',(#7391),#7389);
#7393=CARTESIAN_POINT('',(-2.029401376775E0,-5.342542002824E0,
4.125899520658E0));
#7394=CARTESIAN_POINT('',(-1.989788227981E0,-5.322376888833E0,
4.092981944596E0));
#7395=CARTESIAN_POINT('',(-1.910925875093E0,-5.282231927272E0,
4.027918517929E0));
#7396=CARTESIAN_POINT('',(-1.793785677369E0,-5.222601589569E0,
3.932717748599E0));
#7397=CARTESIAN_POINT('',(-1.716306998540E0,-5.183160988707E0,
3.870747063430E0));
#7398=CARTESIAN_POINT('',(-1.677730516710E0,-5.163523591095E0,3.84015E0));
#7400=CURVE_STYLE('',#1556,POSITIVE_LENGTH_MEASURE(2.E-2),#748);
#7401=PRESENTATION_STYLE_ASSIGNMENT((#7400));
#7402=STYLED_ITEM('',(#7401),#7399);
#7403=CARTESIAN_POINT('',(-2.208274919419E0,-4.959866675906E0,3.84015E0));
#7404=CARTESIAN_POINT('',(-2.192789760037E0,-5.000252362260E0,
3.870745778578E0));
#7405=CARTESIAN_POINT('',(-2.161687499530E0,-5.081367842361E0,
3.932714643339E0));
#7406=CARTESIAN_POINT('',(-2.114660535375E0,-5.204015351349E0,
4.027915020585E0));
#7407=CARTESIAN_POINT('',(-2.082998128941E0,-5.286591706159E0,
4.092980405742E0));
#7408=CARTESIAN_POINT('',(-2.067093295622E0,-5.328071912727E0,
4.125899521967E0));
#7410=CURVE_STYLE('',#1556,POSITIVE_LENGTH_MEASURE(2.E-2),#748);
#7411=PRESENTATION_STYLE_ASSIGNMENT((#7410));
#7412=STYLED_ITEM('',(#7411),#7409);
#7413=CARTESIAN_POINT('',(-1.459836398196E0,-5.525405206001E0,
4.125899520658E0));
#7414=CARTESIAN_POINT('',(-1.422548082753E0,-5.501209857045E0,
4.092981944596E0));
#7415=CARTESIAN_POINT('',(-1.348314037225E0,-5.453041453228E0,
4.027918517929E0));
#7416=CARTESIAN_POINT('',(-1.238048613325E0,-5.381493291898E0,
3.932717748599E0));
#7417=CARTESIAN_POINT('',(-1.165117036204E0,-5.334170023540E0,
3.870747063430E0));
#7418=CARTESIAN_POINT('',(-1.128804547372E0,-5.310607861284E0,3.84015E0));
#7420=CURVE_STYLE('',#1556,POSITIVE_LENGTH_MEASURE(2.E-2),#748);
#7421=PRESENTATION_STYLE_ASSIGNMENT((#7420));
#7422=STYLED_ITEM('',(#7421),#7419);
#7423=CARTESIAN_POINT('',(-1.677730516710E0,-5.163523591095E0,3.84015E0));
#7424=CARTESIAN_POINT('',(-1.658108732918E0,-5.202069400521E0,
3.870745778578E0));
#7425=CARTESIAN_POINT('',(-1.618697977366E0,-5.279489450039E0,
3.932714643339E0));
#7426=CARTESIAN_POINT('',(-1.559108476204E0,-5.396549426845E0,
4.027915020585E0));
#7427=CARTESIAN_POINT('',(-1.518987940275E0,-5.475363797055E0,
4.092980405742E0));
#7428=CARTESIAN_POINT('',(-1.498834373048E0,-5.514954262926E0,
4.125899521967E0));
#7430=CURVE_STYLE('',#1556,POSITIVE_LENGTH_MEASURE(2.E-2),#748);
#7431=PRESENTATION_STYLE_ASSIGNMENT((#7430));
#7432=STYLED_ITEM('',(#7431),#7429);
#7433=CARTESIAN_POINT('',(-8.742771465467E-1,-5.647730913475E0,
4.125899520658E0));
#7434=CARTESIAN_POINT('',(-8.397222030418E-1,-5.619770418862E0,
4.092981944596E0));
#7435=CARTESIAN_POINT('',(-7.709297886116E-1,-5.564106315899E0,
4.027918517929E0));
#7436=CARTESIAN_POINT('',(-6.687472295942E-1,-5.481424227572E0,
3.932717748599E0));
#7437=CARTESIAN_POINT('',(-6.011618078023E-1,-5.426736775349E0,
3.870747063430E0));
#7438=CARTESIAN_POINT('',(-5.675111591959E-1,-5.399508000428E0,3.84015E0));
#7440=CURVE_STYLE('',#1556,POSITIVE_LENGTH_MEASURE(2.E-2),#748);
#7441=PRESENTATION_STYLE_ASSIGNMENT((#7440));
#7442=STYLED_ITEM('',(#7441),#7439);
#7443=CARTESIAN_POINT('',(-1.128804547372E0,-5.310607861284E0,3.84015E0));
#7444=CARTESIAN_POINT('',(-1.105261119541E0,-5.346891477826E0,
3.870745778578E0));
#7445=CARTESIAN_POINT('',(-1.057973661429E0,-5.419767866498E0,
3.932714643339E0));
#7446=CARTESIAN_POINT('',(-9.864744983026E-1,-5.529957777520E0,
4.027915020585E0));
#7447=CARTESIAN_POINT('',(-9.383354018660E-1,-5.604146656397E0,
4.092980405742E0));
#7448=CARTESIAN_POINT('',(-9.141539074320E-1,-5.641413620142E0,
4.125899521967E0));
#7450=CURVE_STYLE('',#1556,POSITIVE_LENGTH_MEASURE(2.E-2),#748);
#7451=PRESENTATION_STYLE_ASSIGNMENT((#7450));
#7452=STYLED_ITEM('',(#7451),#7449);
#7453=CARTESIAN_POINT('',(-2.791391315260E-1,-5.708178899198E0,
4.125899520658E0));
#7454=CARTESIAN_POINT('',(-2.476961511513E-1,-5.676759599957E0,
4.092981944596E0));
#7455=CARTESIAN_POINT('',(-1.850990719072E-1,-5.614209665409E0,
4.027918517929E0));
#7456=CARTESIAN_POINT('',(-9.211891127220E-2,-5.521299532346E0,
3.932717748599E0));
#7457=CARTESIAN_POINT('',(-3.062012483328E-2,-5.459847063430E0,
3.870747063430E0));
#7458=CARTESIAN_POINT('',(0.E0,-5.42925E0,3.84015E0));
#7460=CURVE_STYLE('',#1556,POSITIVE_LENGTH_MEASURE(2.E-2),#748);
#7461=PRESENTATION_STYLE_ASSIGNMENT((#7460));
#7462=STYLED_ITEM('',(#7461),#7459);
#7463=CARTESIAN_POINT('',(-5.675111591959E-1,-5.399508000428E0,3.84015E0));
#7464=CARTESIAN_POINT('',(-5.403040340462E-1,-5.433131893191E0,
3.870745778578E0));
#7465=CARTESIAN_POINT('',(-4.856579646615E-1,-5.500666172053E0,
3.932714643339E0));
#7466=CARTESIAN_POINT('',(-4.030324993653E-1,-5.602778753566E0,
4.027915020585E0));
#7467=CARTESIAN_POINT('',(-3.474022644352E-1,-5.671529312228E0,
4.092980405742E0));
#7468=CARTESIAN_POINT('',(-3.194577803069E-1,-5.706064469194E0,
4.125899521967E0));
#7470=CURVE_STYLE('',#1556,POSITIVE_LENGTH_MEASURE(2.E-2),#748);
#7471=PRESENTATION_STYLE_ASSIGNMENT((#7470));
#7472=STYLED_ITEM('',(#7471),#7469);
#7473=CARTESIAN_POINT('',(3.190571902333E-1,-5.706086882388E0,
4.125899520658E0));
#7474=CARTESIAN_POINT('',(3.470437116049E-1,-5.671553014936E0,
4.092981944596E0));
#7475=CARTESIAN_POINT('',(4.027596289636E-1,-5.602802558976E0,
4.027918517929E0));
#7476=CARTESIAN_POINT('',(4.855186811189E-1,-5.500682324038E0,
3.932717748599E0));
#7477=CARTESIAN_POINT('',(5.402570386311E-1,-5.433138124537E0,
3.870747063430E0));
#7478=CARTESIAN_POINT('',(5.675111591959E-1,-5.399508000428E0,3.84015E0));
#7480=CURVE_STYLE('',#1556,POSITIVE_LENGTH_MEASURE(2.E-2),#748);
#7481=PRESENTATION_STYLE_ASSIGNMENT((#7480));
#7482=STYLED_ITEM('',(#7481),#7479);
#7483=CARTESIAN_POINT('',(0.E0,-5.42925E0,3.84015E0));
#7484=CARTESIAN_POINT('',(3.057273551091E-2,-5.459845778578E0,
3.870745778578E0));
#7485=CARTESIAN_POINT('',(9.197870239716E-2,-5.521298027938E0,
3.932714643339E0));
#7486=CARTESIAN_POINT('',(1.848252079751E-1,-5.614214513131E0,
4.027915020585E0));
#7487=CARTESIAN_POINT('',(2.473370849034E-1,-5.676773506071E0,
4.092980405742E0));
#7488=CARTESIAN_POINT('',(2.787383931101E-1,-5.708198481851E0,
4.125899521967E0));
#7490=CURVE_STYLE('',#1556,POSITIVE_LENGTH_MEASURE(2.E-2),#748);
#7491=PRESENTATION_STYLE_ASSIGNMENT((#7490));
#7492=STYLED_ITEM('',(#7491),#7489);
#7493=CARTESIAN_POINT('',(9.137578546495E-1,-5.641477783619E0,
4.125899520658E0));
#7494=CARTESIAN_POINT('',(9.379812908333E-1,-5.604207708235E0,
4.092981944596E0));
#7495=CARTESIAN_POINT('',(9.862056110566E-1,-5.530009975246E0,
4.027918517929E0));
#7496=CARTESIAN_POINT('',(1.057836829238E0,-5.419798489096E0,3.932717748599E0));
#7497=CARTESIAN_POINT('',(1.105215032924E0,-5.346902587395E0,3.870747063430E0));
#7498=CARTESIAN_POINT('',(1.128804547372E0,-5.310607861284E0,3.84015E0));
#7500=CURVE_STYLE('',#1556,POSITIVE_LENGTH_MEASURE(2.E-2),#748);
#7501=PRESENTATION_STYLE_ASSIGNMENT((#7500));
#7502=STYLED_ITEM('',(#7501),#7499);
#7503=CARTESIAN_POINT('',(5.675111591959E-1,-5.399508000428E0,3.84015E0));
#7504=CARTESIAN_POINT('',(6.011145437800E-1,-5.426740451069E0,
3.870745778578E0));
#7505=CARTESIAN_POINT('',(6.686076315446E-1,-5.481437387223E0,
3.932714643339E0));
#7506=CARTESIAN_POINT('',(7.706579316598E-1,-5.564139763640E0,
4.027915020585E0));
#7507=CARTESIAN_POINT('',(8.393665573811E-1,-5.619821781440E0,
4.092980405742E0));
#7508=CARTESIAN_POINT('',(8.738806503624E-1,-5.647792277423E0,
4.125899521967E0));
#7510=CURVE_STYLE('',#1556,POSITIVE_LENGTH_MEASURE(2.E-2),#748);
#7511=PRESENTATION_STYLE_ASSIGNMENT((#7510));
#7512=STYLED_ITEM('',(#7511),#7509);
#7513=CARTESIAN_POINT('',(1.498447196794E0,-5.515059473697E0,4.125899520658E0));
#7514=CARTESIAN_POINT('',(1.518642150754E0,-5.475461529127E0,4.092981944596E0));
#7515=CARTESIAN_POINT('',(1.558846518098E0,-5.396629444997E0,4.027918517929E0));
#7516=CARTESIAN_POINT('',(1.618565095690E0,-5.279534207742E0,3.932717748599E0));
#7517=CARTESIAN_POINT('',(1.658064060036E0,-5.202085266593E0,3.870747063430E0));
#7518=CARTESIAN_POINT('',(1.677730516710E0,-5.163523591095E0,3.84015E0));
#7520=CURVE_STYLE('',#1556,POSITIVE_LENGTH_MEASURE(2.E-2),#748);
#7521=PRESENTATION_STYLE_ASSIGNMENT((#7520));
#7522=STYLED_ITEM('',(#7521),#7519);
#7523=CARTESIAN_POINT('',(1.128804547372E0,-5.310607861284E0,3.84015E0));
#7524=CARTESIAN_POINT('',(1.165070415316E0,-5.334178619560E0,3.870745778578E0));
#7525=CARTESIAN_POINT('',(1.237911155566E0,-5.381520971429E0,3.932714643339E0));
#7526=CARTESIAN_POINT('',(1.348047165775E0,-5.453103134528E0,4.027915020585E0));
#7527=CARTESIAN_POINT('',(1.422199754207E0,-5.501298113349E0,4.092980405742E0));
#7528=CARTESIAN_POINT('',(1.459448488338E0,-5.525507678928E0,4.125899521967E0));
#7530=CURVE_STYLE('',#1556,POSITIVE_LENGTH_MEASURE(2.E-2),#748);
#7531=PRESENTATION_STYLE_ASSIGNMENT((#7530));
#7532=STYLED_ITEM('',(#7531),#7529);
#7533=CARTESIAN_POINT('',(2.066719237880E0,-5.328217018082E0,4.125899520658E0));
#7534=CARTESIAN_POINT('',(2.082664449475E0,-5.286725047692E0,4.092981944596E0));
#7535=CARTESIAN_POINT('',(2.114408376478E0,-5.204122313232E0,4.027918517929E0));
#7536=CARTESIAN_POINT('',(2.161560024247E0,-5.081426244794E0,3.932717748599E0));
#7537=CARTESIAN_POINT('',(2.192746990333E0,-5.000272811005E0,3.870747063430E0));
#7538=CARTESIAN_POINT('',(2.208274919419E0,-4.959866675906E0,3.84015E0));
#7540=CURVE_STYLE('',#1556,POSITIVE_LENGTH_MEASURE(2.E-2),#748);
#7541=PRESENTATION_STYLE_ASSIGNMENT((#7540));
#7542=STYLED_ITEM('',(#7541),#7539);
#7543=CARTESIAN_POINT('',(1.677730516710E0,-5.163523591095E0,3.84015E0));
#7544=CARTESIAN_POINT('',(1.716261531576E0,-5.183174410846E0,3.870745778578E0));
#7545=CARTESIAN_POINT('',(1.793651865917E0,-5.222643485716E0,3.932714643339E0));
#7546=CARTESIAN_POINT('',(1.910666913044E0,-5.282321166339E0,4.027915020585E0));
#7547=CARTESIAN_POINT('',(1.989451032912E0,-5.322501071906E0,4.092980405742E0));
#7548=CARTESIAN_POINT('',(2.029026303266E0,-5.342684462015E0,4.125899521967E0));
#7550=CURVE_STYLE('',#1556,POSITIVE_LENGTH_MEASURE(2.E-2),#748);
#7551=PRESENTATION_STYLE_ASSIGNMENT((#7550));
#7552=STYLED_ITEM('',(#7551),#7549);
#7553=CARTESIAN_POINT('',(2.612347870507E0,-5.082997501815E0,4.125899520658E0));
#7554=CARTESIAN_POINT('',(2.623868640662E0,-5.040066100315E0,4.092981944596E0));
#7555=CARTESIAN_POINT('',(2.646804334216E0,-4.954597728370E0,4.027918517929E0));
#7556=CARTESIAN_POINT('',(2.680872448842E0,-4.827645112551E0,3.932717748599E0));
#7557=CARTESIAN_POINT('',(2.703405725742E0,-4.743676320125E0,3.870747063430E0));
#7558=CARTESIAN_POINT('',(2.714625E0,-4.701868423497E0,3.84015E0));
#7560=CURVE_STYLE('',#1556,POSITIVE_LENGTH_MEASURE(2.E-2),#748);
#7561=PRESENTATION_STYLE_ASSIGNMENT((#7560));
#7562=STYLED_ITEM('',(#7561),#7559);
#7563=CARTESIAN_POINT('',(2.208274919419E0,-4.959866675906E0,3.84015E0));
#7564=CARTESIAN_POINT('',(2.248648927344E0,-4.975382258638E0,3.870745778578E0));
#7565=CARTESIAN_POINT('',(2.329740951079E0,-5.006545625066E0,3.932714643339E0));
#7566=CARTESIAN_POINT('',(2.452352993782E0,-5.053664982054E0,4.027915020585E0));
#7567=CARTESIAN_POINT('',(2.534905469781E0,-5.085389594915E0,4.092980405742E0));
#7568=CARTESIAN_POINT('',(2.576373681415E0,-5.101325676107E0,4.125899521967E0));
#7570=CURVE_STYLE('',#1556,POSITIVE_LENGTH_MEASURE(2.E-2),#748);
#7571=PRESENTATION_STYLE_ASSIGNMENT((#7570));
#7572=STYLED_ITEM('',(#7571),#7569);
#7573=CARTESIAN_POINT('',(3.129355073196E0,-4.782087601232E0,4.125899520658E0));
#7574=CARTESIAN_POINT('',(3.136325177942E0,-4.738187134042E0,4.092981944596E0));
#7575=CARTESIAN_POINT('',(3.150201349789E0,-4.650789533980E0,4.027918517929E0));
#7576=CARTESIAN_POINT('',(3.170812673880E0,-4.520971290206E0,3.932717748599E0));
#7577=CARTESIAN_POINT('',(3.184445382296E0,-4.435107118803E0,3.870747063430E0));
#7578=CARTESIAN_POINT('',(3.191233081009E0,-4.392355516710E0,3.84015E0));
#7580=CURVE_STYLE('',#1556,POSITIVE_LENGTH_MEASURE(2.E-2),#748);
#7581=PRESENTATION_STYLE_ASSIGNMENT((#7580));
#7582=STYLED_ITEM('',(#7581),#7579);
#7583=CARTESIAN_POINT('',(2.714625E0,-4.701868423497E0,3.84015E0));
#7584=CARTESIAN_POINT('',(2.756399654905E0,-4.713078777238E0,3.870745778578E0));
#7585=CARTESIAN_POINT('',(2.840304906852E0,-4.735595002860E0,3.932714643339E0));
#7586=CARTESIAN_POINT('',(2.967170581932E0,-4.769639786679E0,4.027915020585E0));
#7587=CARTESIAN_POINT('',(3.052586951860E0,-4.792561525336E0,4.092980405742E0));
#7588=CARTESIAN_POINT('',(3.095493770369E0,-4.804075698572E0,4.125899521967E0));
#7590=CURVE_STYLE('',#1556,POSITIVE_LENGTH_MEASURE(2.E-2),#748);
#7591=PRESENTATION_STYLE_ASSIGNMENT((#7590));
#7592=STYLED_ITEM('',(#7591),#7589);
#7593=CARTESIAN_POINT('',(3.612076406843E0,-4.428784148175E0,4.125899520658E0));
#7594=CARTESIAN_POINT('',(3.614419480254E0,-4.384395598E0,4.092981944596E0));
#7595=CARTESIAN_POINT('',(3.619084100153E0,-4.296026316216E0,4.027918517929E0));
#7596=CARTESIAN_POINT('',(3.626012811727E0,-4.164764760330E0,3.932717748599E0));
#7597=CARTESIAN_POINT('',(3.630595588854E0,-4.077945955782E0,3.870747063430E0));
#7598=CARTESIAN_POINT('',(3.632877344574E0,-4.034719043723E0,3.84015E0));
#7600=CURVE_STYLE('',#1556,POSITIVE_LENGTH_MEASURE(2.E-2),#748);
#7601=PRESENTATION_STYLE_ASSIGNMENT((#7600));
#7602=STYLED_ITEM('',(#7601),#7599);
#7603=CARTESIAN_POINT('',(3.191233081009E0,-4.392355516710E0,3.84015E0));
#7604=CARTESIAN_POINT('',(3.233950691032E0,-4.399137818480E0,3.870745778578E0));
#7605=CARTESIAN_POINT('',(3.319749887693E0,-4.412760210816E0,3.932714643339E0));
#7606=CARTESIAN_POINT('',(3.449479228265E0,-4.433357419690E0,4.027915020585E0));
#7607=CARTESIAN_POINT('',(3.536823652499E0,-4.447225148778E0,4.092980405742E0));
#7608=CARTESIAN_POINT('',(3.580698981801E0,-4.454191262365E0,4.125899521967E0));
#7610=CURVE_STYLE('',#1556,POSITIVE_LENGTH_MEASURE(2.E-2),#748);
#7611=PRESENTATION_STYLE_ASSIGNMENT((#7610));
#7612=STYLED_ITEM('',(#7611),#7609);
#7613=CARTESIAN_POINT('',(4.055223075502E0,-4.026958009207E0,4.125899520658E0));
#7614=CARTESIAN_POINT('',(4.052913446374E0,-3.982567706291E0,4.092981944596E0));
#7615=CARTESIAN_POINT('',(4.048315407772E0,-3.894194935129E0,4.027918517929E0));
#7616=CARTESIAN_POINT('',(4.041485594417E0,-3.762928196208E0,3.932717748599E0));
#7617=CARTESIAN_POINT('',(4.036968230389E0,-3.676105963505E0,3.870747063430E0));
#7618=CARTESIAN_POINT('',(4.034719043723E0,-3.632877344574E0,3.84015E0));
#7620=CURVE_STYLE('',#1556,POSITIVE_LENGTH_MEASURE(2.E-2),#748);
#7621=PRESENTATION_STYLE_ASSIGNMENT((#7620));
#7622=STYLED_ITEM('',(#7621),#7619);
#7623=CARTESIAN_POINT('',(3.632877344574E0,-4.034719043723E0,3.84015E0));
#7624=CARTESIAN_POINT('',(3.676069886641E0,-4.036998985204E0,3.870745778578E0));
#7625=CARTESIAN_POINT('',(3.762822994063E0,-4.041578294473E0,3.932714643339E0));
#7626=CARTESIAN_POINT('',(3.893994658324E0,-4.048502261070E0,4.027915020585E0));
#7627=CARTESIAN_POINT('',(3.982310173074E0,-4.053164042848E0,4.092980405742E0));
#7628=CARTESIAN_POINT('',(4.026673305879E0,-4.055505774588E0,4.125899521967E0));
#7630=CURVE_STYLE('',#1556,POSITIVE_LENGTH_MEASURE(2.E-2),#748);
#7631=PRESENTATION_STYLE_ASSIGNMENT((#7630));
#7632=STYLED_ITEM('',(#7631),#7629);
#7633=CARTESIAN_POINT('',(4.453939871535E0,-3.581011675595E0,4.125899520658E0));
#7634=CARTESIAN_POINT('',(4.447002844650E0,-3.537105969387E0,4.092981944596E0));
#7635=CARTESIAN_POINT('',(4.433192524620E0,-3.449697939421E0,4.027918517929E0));
#7636=CARTESIAN_POINT('',(4.412679015199E0,-3.319864203325E0,3.932717748599E0));
#7637=CARTESIAN_POINT('',(4.399111003203E0,-3.233989785016E0,3.870747063430E0));
#7638=CARTESIAN_POINT('',(4.392355516710E0,-3.191233081009E0,3.84015E0));
#7640=CURVE_STYLE('',#1556,POSITIVE_LENGTH_MEASURE(2.E-2),#748);
#7641=PRESENTATION_STYLE_ASSIGNMENT((#7640));
#7642=STYLED_ITEM('',(#7641),#7639);
#7643=CARTESIAN_POINT('',(4.034719043723E0,-3.632877344574E0,3.84015E0));
#7644=CARTESIAN_POINT('',(4.077913291305E0,-3.630629946250E0,3.870745778578E0));
#7645=CARTESIAN_POINT('',(4.164669824288E0,-3.626116000581E0,3.932714643339E0));
#7646=CARTESIAN_POINT('',(4.295846668036E0,-3.619290864475E0,4.027915020585E0));
#7647=CARTESIAN_POINT('',(4.384165670040E0,-3.614695623485E0,4.092980405742E0));
#7648=CARTESIAN_POINT('',(4.428530554583E0,-3.612387316876E0,4.125899521967E0));
#7650=CURVE_STYLE('',#1556,POSITIVE_LENGTH_MEASURE(2.E-2),#748);
#7651=PRESENTATION_STYLE_ASSIGNMENT((#7650));
#7652=STYLED_ITEM('',(#7651),#7649);
#7653=CARTESIAN_POINT('',(4.803858370289E0,-3.095831028691E0,4.125899520658E0));
#7654=CARTESIAN_POINT('',(4.792369949164E0,-3.052890959295E0,4.092981944596E0));
#7655=CARTESIAN_POINT('',(4.769498656463E0,-2.967405331193E0,4.027918517929E0));
#7656=CARTESIAN_POINT('',(4.735526201279E0,-2.840427083504E0,3.932717748599E0));
#7657=CARTESIAN_POINT('',(4.713056195291E0,-2.756441337688E0,3.870747063430E0));
#7658=CARTESIAN_POINT('',(4.701868423497E0,-2.714625E0,3.84015E0));
#7660=CURVE_STYLE('',#1556,POSITIVE_LENGTH_MEASURE(2.E-2),#748);
#7661=PRESENTATION_STYLE_ASSIGNMENT((#7660));
#7662=STYLED_ITEM('',(#7661),#7659);
#7663=CARTESIAN_POINT('',(4.392355516710E0,-3.191233081009E0,3.84015E0));
#7664=CARTESIAN_POINT('',(4.435078224592E0,-3.184482965847E0,3.870745778578E0));
#7665=CARTESIAN_POINT('',(4.520887660405E0,-3.170925220973E0,3.932714643339E0));
#7666=CARTESIAN_POINT('',(4.650632482689E0,-3.150425759784E0,4.027915020585E0));
#7667=CARTESIAN_POINT('',(4.737987330480E0,-3.136623842447E0,4.092980405742E0));
#7668=CARTESIAN_POINT('',(4.781867895801E0,-3.129690787780E0,4.125899521967E0));
#7670=CURVE_STYLE('',#1556,POSITIVE_LENGTH_MEASURE(2.E-2),#748);
#7671=PRESENTATION_STYLE_ASSIGNMENT((#7670));
#7672=STYLED_ITEM('',(#7671),#7669);
#7673=CARTESIAN_POINT('',(5.101144791466E0,-2.576731809192E0,4.125899520658E0));
#7674=CARTESIAN_POINT('',(5.085230845647E0,-2.535227836995E0,4.092981944596E0));
#7675=CARTESIAN_POINT('',(5.053549162944E0,-2.452601209187E0,4.027918517929E0));
#7676=CARTESIAN_POINT('',(5.006489971324E0,-2.329869650158E0,3.932717748599E0));
#7677=CARTESIAN_POINT('',(4.975364157434E0,-2.248692742241E0,3.870747063430E0));
#7678=CARTESIAN_POINT('',(4.959866675906E0,-2.208274919419E0,3.84015E0));
#7680=CURVE_STYLE('',#1556,POSITIVE_LENGTH_MEASURE(2.E-2),#748);
#7681=PRESENTATION_STYLE_ASSIGNMENT((#7680));
#7682=STYLED_ITEM('',(#7681),#7679);
#7683=CARTESIAN_POINT('',(4.701868423497E0,-2.714625E0,3.84015E0));
#7684=CARTESIAN_POINT('',(4.743651512749E0,-2.703446123673E0,3.870745778578E0));
#7685=CARTESIAN_POINT('',(4.827573705258E0,-2.680993121086E0,3.932714643339E0));
#7686=CARTESIAN_POINT('',(4.954464994654E0,-2.647043931199E0,4.027915020585E0));
#7687=CARTESIAN_POINT('',(5.039898610240E0,-2.624186554211E0,4.092980405742E0));
#7688=CARTESIAN_POINT('',(5.082814091682E0,-2.612704711482E0,4.125899521967E0));
#7690=CURVE_STYLE('',#1556,POSITIVE_LENGTH_MEASURE(2.E-2),#748);
#7691=PRESENTATION_STYLE_ASSIGNMENT((#7690));
#7692=STYLED_ITEM('',(#7691),#7689);
#7693=CARTESIAN_POINT('',(5.342542002824E0,-2.029401376775E0,4.125899520658E0));
#7694=CARTESIAN_POINT('',(5.322376888833E0,-1.989788227981E0,4.092981944596E0));
#7695=CARTESIAN_POINT('',(5.282231927272E0,-1.910925875093E0,4.027918517929E0));
#7696=CARTESIAN_POINT('',(5.222601589569E0,-1.793785677369E0,3.932717748599E0));
#7697=CARTESIAN_POINT('',(5.183160988707E0,-1.716306998540E0,3.870747063430E0));
#7698=CARTESIAN_POINT('',(5.163523591095E0,-1.677730516710E0,3.84015E0));
#7700=CURVE_STYLE('',#1556,POSITIVE_LENGTH_MEASURE(2.E-2),#748);
#7701=PRESENTATION_STYLE_ASSIGNMENT((#7700));
#7702=STYLED_ITEM('',(#7701),#7699);
#7703=CARTESIAN_POINT('',(4.959866675906E0,-2.208274919419E0,3.84015E0));
#7704=CARTESIAN_POINT('',(5.000252362260E0,-2.192789760037E0,3.870745778578E0));
#7705=CARTESIAN_POINT('',(5.081367842361E0,-2.161687499530E0,3.932714643339E0));
#7706=CARTESIAN_POINT('',(5.204015351349E0,-2.114660535375E0,4.027915020585E0));
#7707=CARTESIAN_POINT('',(5.286591706159E0,-2.082998128941E0,4.092980405742E0));
#7708=CARTESIAN_POINT('',(5.328071912727E0,-2.067093295622E0,4.125899521967E0));
#7710=CURVE_STYLE('',#1556,POSITIVE_LENGTH_MEASURE(2.E-2),#748);
#7711=PRESENTATION_STYLE_ASSIGNMENT((#7710));
#7712=STYLED_ITEM('',(#7711),#7709);
#7713=CARTESIAN_POINT('',(5.525405206001E0,-1.459836398196E0,4.125899520658E0));
#7714=CARTESIAN_POINT('',(5.501209857045E0,-1.422548082753E0,4.092981944596E0));
#7715=CARTESIAN_POINT('',(5.453041453228E0,-1.348314037225E0,4.027918517929E0));
#7716=CARTESIAN_POINT('',(5.381493291898E0,-1.238048613325E0,3.932717748599E0));
#7717=CARTESIAN_POINT('',(5.334170023540E0,-1.165117036204E0,3.870747063430E0));
#7718=CARTESIAN_POINT('',(5.310607861284E0,-1.128804547372E0,3.84015E0));
#7720=CURVE_STYLE('',#1556,POSITIVE_LENGTH_MEASURE(2.E-2),#748);
#7721=PRESENTATION_STYLE_ASSIGNMENT((#7720));
#7722=STYLED_ITEM('',(#7721),#7719);
#7723=CARTESIAN_POINT('',(5.163523591095E0,-1.677730516710E0,3.84015E0));
#7724=CARTESIAN_POINT('',(5.202069400521E0,-1.658108732918E0,3.870745778578E0));
#7725=CARTESIAN_POINT('',(5.279489450039E0,-1.618697977366E0,3.932714643339E0));
#7726=CARTESIAN_POINT('',(5.396549426845E0,-1.559108476204E0,4.027915020585E0));
#7727=CARTESIAN_POINT('',(5.475363797055E0,-1.518987940275E0,4.092980405742E0));
#7728=CARTESIAN_POINT('',(5.514954262926E0,-1.498834373048E0,4.125899521967E0));
#7730=CURVE_STYLE('',#1556,POSITIVE_LENGTH_MEASURE(2.E-2),#748);
#7731=PRESENTATION_STYLE_ASSIGNMENT((#7730));
#7732=STYLED_ITEM('',(#7731),#7729);
#7733=CARTESIAN_POINT('',(5.647730913475E0,-8.742771465467E-1,
4.125899520658E0));
#7734=CARTESIAN_POINT('',(5.619770418862E0,-8.397222030418E-1,
4.092981944596E0));
#7735=CARTESIAN_POINT('',(5.564106315899E0,-7.709297886116E-1,
4.027918517929E0));
#7736=CARTESIAN_POINT('',(5.481424227572E0,-6.687472295942E-1,
3.932717748599E0));
#7737=CARTESIAN_POINT('',(5.426736775349E0,-6.011618078023E-1,
3.870747063430E0));
#7738=CARTESIAN_POINT('',(5.399508000428E0,-5.675111591959E-1,3.84015E0));
#7740=CURVE_STYLE('',#1556,POSITIVE_LENGTH_MEASURE(2.E-2),#748);
#7741=PRESENTATION_STYLE_ASSIGNMENT((#7740));
#7742=STYLED_ITEM('',(#7741),#7739);
#7743=CARTESIAN_POINT('',(5.310607861284E0,-1.128804547372E0,3.84015E0));
#7744=CARTESIAN_POINT('',(5.346891477826E0,-1.105261119541E0,3.870745778578E0));
#7745=CARTESIAN_POINT('',(5.419767866498E0,-1.057973661429E0,3.932714643339E0));
#7746=CARTESIAN_POINT('',(5.529957777520E0,-9.864744983026E-1,
4.027915020585E0));
#7747=CARTESIAN_POINT('',(5.604146656397E0,-9.383354018660E-1,
4.092980405742E0));
#7748=CARTESIAN_POINT('',(5.641413620142E0,-9.141539074320E-1,
4.125899521967E0));
#7750=CURVE_STYLE('',#1556,POSITIVE_LENGTH_MEASURE(2.E-2),#748);
#7751=PRESENTATION_STYLE_ASSIGNMENT((#7750));
#7752=STYLED_ITEM('',(#7751),#7749);
#7753=CARTESIAN_POINT('',(5.399508000428E0,-5.675111591959E-1,3.84015E0));
#7754=CARTESIAN_POINT('',(5.433131893191E0,-5.403040340462E-1,
3.870745778578E0));
#7755=CARTESIAN_POINT('',(5.500666172053E0,-4.856579646615E-1,
3.932714643339E0));
#7756=CARTESIAN_POINT('',(5.602778753566E0,-4.030324993653E-1,
4.027915020585E0));
#7757=CARTESIAN_POINT('',(5.671529312228E0,-3.474022644352E-1,
4.092980405742E0));
#7758=CARTESIAN_POINT('',(5.706064469194E0,-3.194577803069E-1,
4.125899521967E0));
#7760=CURVE_STYLE('',#1556,POSITIVE_LENGTH_MEASURE(2.E-2),#748);
#7761=PRESENTATION_STYLE_ASSIGNMENT((#7760));
#7762=STYLED_ITEM('',(#7761),#7759);
#7763=CARTESIAN_POINT('',(5.708178899198E0,-2.791391315260E-1,
4.125899520658E0));
#7764=CARTESIAN_POINT('',(5.676759599772E0,-2.476961509669E-1,
4.092981944403E0));
#7765=CARTESIAN_POINT('',(5.614205450505E0,-1.851031773504E-1,
4.027910089211E0));
#7766=CARTESIAN_POINT('',(5.521314282570E0,-9.210454027875E-2,
3.932747247115E0));
#7767=CARTESIAN_POINT('',(5.459815454703E0,-3.065091871362E-2,
3.870683851206E0));
#7768=CARTESIAN_POINT('',(5.429218391458E0,-3.079406532461E-5,
3.840086787961E0));
#7770=CURVE_STYLE('',#1556,POSITIVE_LENGTH_MEASURE(2.E-2),#748);
#7771=PRESENTATION_STYLE_ASSIGNMENT((#7770));
#7772=STYLED_ITEM('',(#7771),#7769);
#7773=DIRECTION('',(0.E0,0.E0,-1.E0));
#7774=VECTOR('',#7773,7.0755E0);
#7775=CARTESIAN_POINT('',(-5.399508000428E0,-5.675111591959E-1,1.091565E1));
#7776=LINE('',#7775,#7774);
#7777=CURVE_STYLE('',#1556,POSITIVE_LENGTH_MEASURE(2.E-2),#748);
#7778=PRESENTATION_STYLE_ASSIGNMENT((#7777));
#7779=STYLED_ITEM('',(#7778),#7776);
#7780=CARTESIAN_POINT('',(5.647730913475E0,-8.742771465467E-1,
1.062990072357E1));
#7781=CARTESIAN_POINT('',(5.605803362127E0,-8.224610328417E-1,
1.067926155855E1));
#7782=CARTESIAN_POINT('',(5.522512627548E0,-7.195262790893E-1,
1.077626466414E1));
#7783=CARTESIAN_POINT('',(5.440329322941E0,-6.179601413295E-1,
1.086977894639E1));
#7784=CARTESIAN_POINT('',(5.399508000428E0,-5.675111591959E-1,1.091565E1));
#7786=CURVE_STYLE('',#1556,POSITIVE_LENGTH_MEASURE(2.E-2),#748);
#7787=PRESENTATION_STYLE_ASSIGNMENT((#7786));
#7788=STYLED_ITEM('',(#7787),#7785);
#7789=CARTESIAN_POINT('',(0.E0,0.E0,1.06299E1));
#7790=DIRECTION('',(0.E0,0.E0,1.E0));
#7791=DIRECTION('',(9.871239930258E-1,-1.599569391832E-1,0.E0));
#7792=AXIS2_PLACEMENT_3D('',#7789,#7790,#7791);
#7794=CURVE_STYLE('',#1556,POSITIVE_LENGTH_MEASURE(2.E-2),#748);
#7795=PRESENTATION_STYLE_ASSIGNMENT((#7794));
#7796=STYLED_ITEM('',(#7795),#7793);
#7797=CARTESIAN_POINT('',(5.310607861284E0,-1.128804547372E0,1.091565E1));
#7798=CARTESIAN_POINT('',(5.364998951446E0,-1.093511684423E0,1.086978528447E1));
#7799=CARTESIAN_POINT('',(5.474513209429E0,-1.022450933728E0,1.077627771834E1));
#7800=CARTESIAN_POINT('',(5.585525792164E0,-9.504179618484E-1,
1.067926825038E1));
#7801=CARTESIAN_POINT('',(5.641413620142E0,-9.141539074320E-1,
1.062990072161E1));
#7803=CURVE_STYLE('',#1556,POSITIVE_LENGTH_MEASURE(2.E-2),#748);
#7804=PRESENTATION_STYLE_ASSIGNMENT((#7803));
#7805=STYLED_ITEM('',(#7804),#7802);
#7806=CARTESIAN_POINT('',(5.525405206001E0,-1.459836398196E0,1.062990072357E1));
#7807=CARTESIAN_POINT('',(5.489123596904E0,-1.403921516072E0,1.067926155855E1));
#7808=CARTESIAN_POINT('',(5.417048749311E0,-1.292844397181E0,1.077626466414E1));
#7809=CARTESIAN_POINT('',(5.345932205745E0,-1.183244154814E0,1.086977894639E1));
#7810=CARTESIAN_POINT('',(5.310607861284E0,-1.128804547372E0,1.091565E1));
#7812=CURVE_STYLE('',#1556,POSITIVE_LENGTH_MEASURE(2.E-2),#748);
#7813=PRESENTATION_STYLE_ASSIGNMENT((#7812));
#7814=STYLED_ITEM('',(#7813),#7811);
#7815=CARTESIAN_POINT('',(0.E0,0.E0,1.06299E1));
#7816=DIRECTION('',(0.E0,0.E0,1.E0));
#7817=DIRECTION('',(9.649963714657E-1,-2.622632323794E-1,0.E0));
#7818=AXIS2_PLACEMENT_3D('',#7815,#7816,#7817);
#7820=CURVE_STYLE('',#1556,POSITIVE_LENGTH_MEASURE(2.E-2),#748);
#7821=PRESENTATION_STYLE_ASSIGNMENT((#7820));
#7822=STYLED_ITEM('',(#7821),#7819);
#7823=CARTESIAN_POINT('',(5.163523591095E0,-1.677730516710E0,1.091565E1));
#7824=CARTESIAN_POINT('',(5.221305829903E0,-1.648316408827E0,1.086978528447E1));
#7825=CARTESIAN_POINT('',(5.337648028391E0,-1.589092293452E0,1.077627771834E1));
#7826=CARTESIAN_POINT('',(5.455581968437E0,-1.529057900406E0,1.067926825038E1));
#7827=CARTESIAN_POINT('',(5.514954262926E0,-1.498834373048E0,1.062990072161E1));
#7829=CURVE_STYLE('',#1556,POSITIVE_LENGTH_MEASURE(2.E-2),#748);
#7830=PRESENTATION_STYLE_ASSIGNMENT((#7829));
#7831=STYLED_ITEM('',(#7830),#7828);
#7832=CARTESIAN_POINT('',(5.342542002824E0,-2.029401376775E0,1.062990072357E1));
#7833=CARTESIAN_POINT('',(5.312303844880E0,-1.970000341383E0,1.067926155855E1));
#7834=CARTESIAN_POINT('',(5.252234551385E0,-1.851997841512E0,1.077626466414E1));
#7835=CARTESIAN_POINT('',(5.192963936594E0,-1.735564297729E0,1.086977894639E1));
#7836=CARTESIAN_POINT('',(5.163523591095E0,-1.677730516710E0,1.091565E1));
#7838=CURVE_STYLE('',#1556,POSITIVE_LENGTH_MEASURE(2.E-2),#748);
#7839=PRESENTATION_STYLE_ASSIGNMENT((#7838));
#7840=STYLED_ITEM('',(#7839),#7837);
#7841=CARTESIAN_POINT('',(0.E0,0.E0,1.06299E1));
#7842=DIRECTION('',(0.E0,0.E0,1.E0));
#7843=DIRECTION('',(9.322960477213E-1,-3.616961147195E-1,0.E0));
#7844=AXIS2_PLACEMENT_3D('',#7841,#7842,#7843);
#7846=CURVE_STYLE('',#1556,POSITIVE_LENGTH_MEASURE(2.E-2),#748);
#7847=PRESENTATION_STYLE_ASSIGNMENT((#7846));
#7848=STYLED_ITEM('',(#7847),#7845);
#7849=CARTESIAN_POINT('',(4.959866675906E0,-2.208274919419E0,1.091565E1));
#7850=CARTESIAN_POINT('',(5.020406989059E0,-2.185061833723E0,1.086978528447E1));
#7851=CARTESIAN_POINT('',(5.142302458579E0,-2.138323225471E0,1.077627771834E1));
#7852=CARTESIAN_POINT('',(5.265865647010E0,-2.090945160631E0,1.067926825038E1));
#7853=CARTESIAN_POINT('',(5.328071912727E0,-2.067093295622E0,1.062990072161E1));
#7855=CURVE_STYLE('',#1556,POSITIVE_LENGTH_MEASURE(2.E-2),#748);
#7856=PRESENTATION_STYLE_ASSIGNMENT((#7855));
#7857=STYLED_ITEM('',(#7856),#7854);
#7858=CARTESIAN_POINT('',(5.101144791466E0,-2.576731809192E0,1.062990072357E1));
#7859=CARTESIAN_POINT('',(5.077281380261E0,-2.514495430704E0,1.067926155855E1));
#7860=CARTESIAN_POINT('',(5.029875772614E0,-2.390860409936E0,1.077626466414E1));
#7861=CARTESIAN_POINT('',(4.983100467857E0,-2.268869235007E0,1.086977894639E1));
#7862=CARTESIAN_POINT('',(4.959866675906E0,-2.208274919419E0,1.091565E1));
#7864=CURVE_STYLE('',#1556,POSITIVE_LENGTH_MEASURE(2.E-2),#748);
#7865=PRESENTATION_STYLE_ASSIGNMENT((#7864));
#7866=STYLED_ITEM('',(#7865),#7863);
#7867=CARTESIAN_POINT('',(0.E0,0.E0,1.06299E1));
#7868=DIRECTION('',(0.E0,0.E0,1.E0));
#7869=DIRECTION('',(8.893812933826E-1,-4.571661787370E-1,0.E0));
#7870=AXIS2_PLACEMENT_3D('',#7867,#7868,#7869);
#7872=CURVE_STYLE('',#1556,POSITIVE_LENGTH_MEASURE(2.E-2),#748);
#7873=PRESENTATION_STYLE_ASSIGNMENT((#7872));
#7874=STYLED_ITEM('',(#7873),#7871);
#7875=CARTESIAN_POINT('',(4.701868423497E0,-2.714625E0,1.091565E1));
#7876=CARTESIAN_POINT('',(4.764503518655E0,-2.697867263916E0,1.086978528447E1));
#7877=CARTESIAN_POINT('',(4.890616746935E0,-2.664126240758E0,1.077627771834E1));
#7878=CARTESIAN_POINT('',(5.018455399601E0,-2.629923588118E0,1.067926825038E1));
#7879=CARTESIAN_POINT('',(5.082814091682E0,-2.612704711482E0,1.062990072161E1));
#7881=CURVE_STYLE('',#1556,POSITIVE_LENGTH_MEASURE(2.E-2),#748);
#7882=PRESENTATION_STYLE_ASSIGNMENT((#7881));
#7883=STYLED_ITEM('',(#7882),#7880);
#7884=CARTESIAN_POINT('',(4.803858370289E0,-3.095831028691E0,1.062990072357E1));
#7885=CARTESIAN_POINT('',(4.786631158350E0,-3.031441181895E0,1.067926155855E1));
#7886=CARTESIAN_POINT('',(4.752408622309E0,-2.903528211389E0,1.077626466414E1));
#7887=CARTESIAN_POINT('',(4.718641107613E0,-2.777315966155E0,1.086977894639E1));
#7888=CARTESIAN_POINT('',(4.701868423497E0,-2.714625E0,1.091565E1));
#7890=CURVE_STYLE('',#1556,POSITIVE_LENGTH_MEASURE(2.E-2),#748);
#7891=PRESENTATION_STYLE_ASSIGNMENT((#7890));
#7892=STYLED_ITEM('',(#7891),#7889);
#7893=CARTESIAN_POINT('',(0.E0,0.E0,1.06299E1));
#7894=DIRECTION('',(0.E0,0.E0,1.E0));
#7895=DIRECTION('',(8.367222914787E-1,-5.476274344321E-1,0.E0));
#7896=AXIS2_PLACEMENT_3D('',#7893,#7894,#7895);
#7898=CURVE_STYLE('',#1556,POSITIVE_LENGTH_MEASURE(2.E-2),#748);
#7899=PRESENTATION_STYLE_ASSIGNMENT((#7898));
#7900=STYLED_ITEM('',(#7899),#7897);
#7901=CARTESIAN_POINT('',(4.392355516710E0,-3.191233081009E0,1.091565E1));
#7902=CARTESIAN_POINT('',(4.456399150664E0,-3.181114295800E0,1.086978528447E1));
#7903=CARTESIAN_POINT('',(4.585348414784E0,-3.160740531447E0,1.077627771834E1));
#7904=CARTESIAN_POINT('',(4.716061904655E0,-3.140088022426E0,1.067926825038E1));
#7905=CARTESIAN_POINT('',(4.781867895801E0,-3.129690787780E0,1.062990072161E1));
#7907=CURVE_STYLE('',#1556,POSITIVE_LENGTH_MEASURE(2.E-2),#748);
#7908=PRESENTATION_STYLE_ASSIGNMENT((#7907));
#7909=STYLED_ITEM('',(#7908),#7906);
#7910=CARTESIAN_POINT('',(4.453939871535E0,-3.581011675595E0,1.062990072357E1));
#7911=CARTESIAN_POINT('',(4.443537603801E0,-3.515173829127E0,1.067926155855E1));
#7912=CARTESIAN_POINT('',(4.422873088632E0,-3.384384350156E0,1.077626466414E1));
#7913=CARTESIAN_POINT('',(4.402483327955E0,-3.255333842388E0,1.086977894639E1));
#7914=CARTESIAN_POINT('',(4.392355516710E0,-3.191233081009E0,1.091565E1));
#7916=CURVE_STYLE('',#1556,POSITIVE_LENGTH_MEASURE(2.E-2),#748);
#7917=PRESENTATION_STYLE_ASSIGNMENT((#7916));
#7918=STYLED_ITEM('',(#7917),#7915);
#7919=CARTESIAN_POINT('',(0.E0,0.E0,1.06299E1));
#7920=DIRECTION('',(0.E0,0.E0,1.E0));
#7921=DIRECTION('',(7.748959850538E-1,-6.320887693571E-1,0.E0));
#7922=AXIS2_PLACEMENT_3D('',#7919,#7920,#7921);
#7924=CURVE_STYLE('',#1556,POSITIVE_LENGTH_MEASURE(2.E-2),#748);
#7925=PRESENTATION_STYLE_ASSIGNMENT((#7924));
#7926=STYLED_ITEM('',(#7925),#7923);
#7927=CARTESIAN_POINT('',(4.034719043723E0,-3.632877344574E0,1.091565E1));
#7928=CARTESIAN_POINT('',(4.099469541018E0,-3.629508373768E0,1.086978528447E1));
#7929=CARTESIAN_POINT('',(4.229842045855E0,-3.622725087446E0,1.077627771834E1));
#7930=CARTESIAN_POINT('',(4.361998248583E0,-3.615848995256E0,1.067926825038E1));
#7931=CARTESIAN_POINT('',(4.428530554583E0,-3.612387316876E0,1.062990072161E1));
#7933=CURVE_STYLE('',#1556,POSITIVE_LENGTH_MEASURE(2.E-2),#748);
#7934=PRESENTATION_STYLE_ASSIGNMENT((#7933));
#7935=STYLED_ITEM('',(#7934),#7932);
#7936=CARTESIAN_POINT('',(4.055223075502E0,-4.026958009207E0,1.062990072357E1));
#7937=CARTESIAN_POINT('',(4.051759721395E0,-3.960393496290E0,1.067926155855E1));
#7938=CARTESIAN_POINT('',(4.044879631851E0,-3.828160465754E0,1.077626466414E1));
#7939=CARTESIAN_POINT('',(4.038091019677E0,-3.697685599821E0,1.086977894639E1));
#7940=CARTESIAN_POINT('',(4.034719043723E0,-3.632877344574E0,1.091565E1));
#7942=CURVE_STYLE('',#1556,POSITIVE_LENGTH_MEASURE(2.E-2),#748);
#7943=PRESENTATION_STYLE_ASSIGNMENT((#7942));
#7944=STYLED_ITEM('',(#7943),#7941);
#7945=CARTESIAN_POINT('',(0.E0,0.E0,1.06299E1));
#7946=DIRECTION('',(0.E0,0.E0,1.E0));
#7947=DIRECTION('',(7.045797560594E-1,-7.096248074520E-1,0.E0));
#7948=AXIS2_PLACEMENT_3D('',#7945,#7946,#7947);
#7950=CURVE_STYLE('',#1556,POSITIVE_LENGTH_MEASURE(2.E-2),#748);
#7951=PRESENTATION_STYLE_ASSIGNMENT((#7950));
#7952=STYLED_ITEM('',(#7951),#7949);
#7953=CARTESIAN_POINT('',(3.632877344574E0,-4.034719043723E0,1.091565E1));
#7954=CARTESIAN_POINT('',(3.697625285210E0,-4.038136798470E0,1.086978528447E1));
#7955=CARTESIAN_POINT('',(3.827992642320E0,-4.045018309283E0,1.077627771834E1));
#7956=CARTESIAN_POINT('',(3.960143626892E0,-4.051993969828E0,1.067926825038E1));
#7957=CARTESIAN_POINT('',(4.026673305879E0,-4.055505774588E0,1.062990072161E1));
#7959=CURVE_STYLE('',#1556,POSITIVE_LENGTH_MEASURE(2.E-2),#748);
#7960=PRESENTATION_STYLE_ASSIGNMENT((#7959));
#7961=STYLED_ITEM('',(#7960),#7958);
#7962=CARTESIAN_POINT('',(3.612076406843E0,-4.428784148175E0,1.062990072357E1));
#7963=CARTESIAN_POINT('',(3.615589911596E0,-4.362222263542E0,1.067926155855E1));
#7964=CARTESIAN_POINT('',(3.622569627378E0,-4.229994454196E0,1.077626466414E1));
#7965=CARTESIAN_POINT('',(3.629456541163E0,-4.099524740031E0,1.086977894639E1));
#7966=CARTESIAN_POINT('',(3.632877344574E0,-4.034719043723E0,1.091565E1));
#7968=CURVE_STYLE('',#1556,POSITIVE_LENGTH_MEASURE(2.E-2),#748);
#7969=PRESENTATION_STYLE_ASSIGNMENT((#7968));
#7970=STYLED_ITEM('',(#7969),#7967);
#7971=CARTESIAN_POINT('',(0.E0,0.E0,1.06299E1));
#7972=DIRECTION('',(0.E0,0.E0,1.E0));
#7973=DIRECTION('',(6.265440038147E-1,-7.793860476579E-1,0.E0));
#7974=AXIS2_PLACEMENT_3D('',#7971,#7972,#7973);
#7976=CURVE_STYLE('',#1556,POSITIVE_LENGTH_MEASURE(2.E-2),#748);
#7977=PRESENTATION_STYLE_ASSIGNMENT((#7976));
#7978=STYLED_ITEM('',(#7977),#7975);
#7979=CARTESIAN_POINT('',(3.191233081009E0,-4.392355516710E0,1.091565E1));
#7980=CARTESIAN_POINT('',(3.255269073E0,-4.402522551373E0,1.086978528447E1));
#7981=CARTESIAN_POINT('',(3.384202950337E0,-4.422993464049E0,1.077627771834E1));
#7982=CARTESIAN_POINT('',(3.514900842911E0,-4.443744450532E0,1.067926825038E1));
#7983=CARTESIAN_POINT('',(3.580698981801E0,-4.454191262365E0,1.062990072161E1));
#7985=CURVE_STYLE('',#1556,POSITIVE_LENGTH_MEASURE(2.E-2),#748);
#7986=PRESENTATION_STYLE_ASSIGNMENT((#7985));
#7987=STYLED_ITEM('',(#7986),#7984);
#7988=CARTESIAN_POINT('',(3.129355073196E0,-4.782087601232E0,1.062990072357E1));
#7989=CARTESIAN_POINT('',(3.139806942115E0,-4.716257610820E0,1.067926155855E1));
#7990=CARTESIAN_POINT('',(3.160569991996E0,-4.585483738214E0,1.077626466414E1));
#7991=CARTESIAN_POINT('',(3.181056977271E0,-4.456448629310E0,1.086977894639E1));
#7992=CARTESIAN_POINT('',(3.191233081009E0,-4.392355516710E0,1.091565E1));
#7994=CURVE_STYLE('',#1556,POSITIVE_LENGTH_MEASURE(2.E-2),#748);
#7995=PRESENTATION_STYLE_ASSIGNMENT((#7994));
#7996=STYLED_ITEM('',(#7995),#7993);
#7997=CARTESIAN_POINT('',(0.E0,0.E0,1.06299E1));
#7998=DIRECTION('',(0.E0,0.E0,1.E0));
#7999=DIRECTION('',(5.416437043515E-1,-8.406081712286E-1,0.E0));
#8000=AXIS2_PLACEMENT_3D('',#7997,#7998,#7999);
#8002=CURVE_STYLE('',#1556,POSITIVE_LENGTH_MEASURE(2.E-2),#748);
#8003=PRESENTATION_STYLE_ASSIGNMENT((#8002));
#8004=STYLED_ITEM('',(#8003),#8001);
#8005=CARTESIAN_POINT('',(2.714625E0,-4.701868423497E0,1.091565E1));
#8006=CARTESIAN_POINT('',(2.777247451618E0,-4.718673345917E0,1.086978528447E1));
#8007=CARTESIAN_POINT('',(2.903335222640E0,-4.752509376852E0,1.077627771834E1));
#8008=CARTESIAN_POINT('',(3.031148069755E0,-4.786808337123E0,1.067926825038E1));
#8009=CARTESIAN_POINT('',(3.095493770369E0,-4.804075698572E0,1.062990072161E1));
#8011=CURVE_STYLE('',#1556,POSITIVE_LENGTH_MEASURE(2.E-2),#748);
#8012=PRESENTATION_STYLE_ASSIGNMENT((#8011));
#8013=STYLED_ITEM('',(#8012),#8010);
#8014=CARTESIAN_POINT('',(2.612347870507E0,-5.082997501815E0,1.062990072357E1));
#8015=CARTESIAN_POINT('',(2.629623590730E0,-5.018620652774E0,1.067926155855E1));
#8016=CARTESIAN_POINT('',(2.663942490389E0,-4.890733502822E0,1.077626466414E1));
#8017=CARTESIAN_POINT('',(2.697805087457E0,-4.764546734833E0,1.086977894639E1));
#8018=CARTESIAN_POINT('',(2.714625E0,-4.701868423497E0,1.091565E1));
#8020=CURVE_STYLE('',#1556,POSITIVE_LENGTH_MEASURE(2.E-2),#748);
#8021=PRESENTATION_STYLE_ASSIGNMENT((#8020));
#8022=STYLED_ITEM('',(#8021),#8019);
#8023=CARTESIAN_POINT('',(0.E0,0.E0,1.06299E1));
#8024=DIRECTION('',(0.E0,0.E0,1.E0));
#8025=DIRECTION('',(4.508090431172E-1,-8.926204157668E-1,0.E0));
#8026=AXIS2_PLACEMENT_3D('',#8023,#8024,#8025);
#8028=CURVE_STYLE('',#1556,POSITIVE_LENGTH_MEASURE(2.E-2),#748);
#8029=PRESENTATION_STYLE_ASSIGNMENT((#8028));
#8030=STYLED_ITEM('',(#8029),#8027);
#8031=CARTESIAN_POINT('',(2.208274919419E0,-4.959866675906E0,1.091565E1));
#8032=CARTESIAN_POINT('',(2.268797725979E0,-4.983125367837E0,1.086978528447E1));
#8033=CARTESIAN_POINT('',(2.390657946682E0,-5.029955802396E0,1.077627771834E1));
#8034=CARTESIAN_POINT('',(2.514185404038E0,-5.077426949868E0,1.067926825038E1));
#8035=CARTESIAN_POINT('',(2.576373681415E0,-5.101325676107E0,1.062990072161E1));
#8037=CURVE_STYLE('',#1556,POSITIVE_LENGTH_MEASURE(2.E-2),#748);
#8038=PRESENTATION_STYLE_ASSIGNMENT((#8037));
#8039=STYLED_ITEM('',(#8038),#8036);
#8040=CARTESIAN_POINT('',(2.066719237880E0,-5.328217018082E0,1.062990072357E1));
#8041=CARTESIAN_POINT('',(2.090629533E0,-5.265998636643E0,1.067926155855E1));
#8042=CARTESIAN_POINT('',(2.138128277392E0,-5.142399367722E0,1.077626466414E1));
#8043=CARTESIAN_POINT('',(2.184995480553E0,-5.020443469285E0,1.086977894639E1));
#8044=CARTESIAN_POINT('',(2.208274919419E0,-4.959866675906E0,1.091565E1));
#8046=CURVE_STYLE('',#1556,POSITIVE_LENGTH_MEASURE(2.E-2),#748);
#8047=PRESENTATION_STYLE_ASSIGNMENT((#8046));
#8048=STYLED_ITEM('',(#8047),#8045);
#8049=CARTESIAN_POINT('',(0.E0,0.E0,1.06299E1));
#8050=DIRECTION('',(0.E0,0.E0,1.E0));
#8051=DIRECTION('',(3.550352236686E-1,-9.348529242371E-1,0.E0));
#8052=AXIS2_PLACEMENT_3D('',#8049,#8050,#8051);
#8054=CURVE_STYLE('',#1556,POSITIVE_LENGTH_MEASURE(2.E-2),#748);
#8055=PRESENTATION_STYLE_ASSIGNMENT((#8054));
#8056=STYLED_ITEM('',(#8055),#8053);
#8057=CARTESIAN_POINT('',(1.677730516710E0,-5.163523591095E0,1.091565E1));
#8058=CARTESIAN_POINT('',(1.735490577678E0,-5.192981225440E0,1.086978528447E1));
#8059=CARTESIAN_POINT('',(1.851788121983E0,-5.252292979583E0,1.077627771834E1));
#8060=CARTESIAN_POINT('',(1.969676796908E0,-5.312416210431E0,1.067926825038E1));
#8061=CARTESIAN_POINT('',(2.029026303266E0,-5.342684462015E0,1.062990072161E1));
#8063=CURVE_STYLE('',#1556,POSITIVE_LENGTH_MEASURE(2.E-2),#748);
#8064=PRESENTATION_STYLE_ASSIGNMENT((#8063));
#8065=STYLED_ITEM('',(#8064),#8062);
#8066=CARTESIAN_POINT('',(1.498447196794E0,-5.515059473697E0,1.062990072357E1));
#8067=CARTESIAN_POINT('',(1.528730100614E0,-5.455681237467E0,1.067926155855E1));
#8068=CARTESIAN_POINT('',(1.588888283556E0,-5.337724029032E0,1.077626466414E1));
#8069=CARTESIAN_POINT('',(1.648246605924E0,-5.221335174491E0,1.086977894639E1));
#8070=CARTESIAN_POINT('',(1.677730516710E0,-5.163523591095E0,1.091565E1));
#8072=CURVE_STYLE('',#1556,POSITIVE_LENGTH_MEASURE(2.E-2),#748);
#8073=PRESENTATION_STYLE_ASSIGNMENT((#8072));
#8074=STYLED_ITEM('',(#8073),#8071);
#8075=CARTESIAN_POINT('',(0.E0,0.E0,1.06299E1));
#8076=DIRECTION('',(0.E0,0.E0,1.E0));
#8077=DIRECTION('',(2.553715640137E-1,-9.668429884388E-1,0.E0));
#8078=AXIS2_PLACEMENT_3D('',#8075,#8076,#8077);
#8080=CURVE_STYLE('',#1556,POSITIVE_LENGTH_MEASURE(2.E-2),#748);
#8081=PRESENTATION_STYLE_ASSIGNMENT((#8080));
#8082=STYLED_ITEM('',(#8081),#8079);
#8083=CARTESIAN_POINT('',(1.128804547372E0,-5.310607861284E0,1.091565E1));
#8084=CARTESIAN_POINT('',(1.183169031433E0,-5.345941694037E0,1.086978528447E1));
#8085=CARTESIAN_POINT('',(1.292629719108E0,-5.417084935772E0,1.077627771834E1));
#8086=CARTESIAN_POINT('',(1.403587998609E0,-5.489201527298E0,1.067926825038E1));
#8087=CARTESIAN_POINT('',(1.459448488338E0,-5.525507678928E0,1.062990072161E1));
#8089=CURVE_STYLE('',#1556,POSITIVE_LENGTH_MEASURE(2.E-2),#748);
#8090=PRESENTATION_STYLE_ASSIGNMENT((#8089));
#8091=STYLED_ITEM('',(#8090),#8088);
#8092=CARTESIAN_POINT('',(9.137578546495E-1,-5.641477783619E0,
1.062990072357E1));
#8093=CARTESIAN_POINT('',(9.500815813385E-1,-5.585590252979E0,
1.067926155855E1));
#8094=CARTESIAN_POINT('',(1.022240097189E0,-5.474567468890E0,1.077626466414E1));
#8095=CARTESIAN_POINT('',(1.093439196563E0,-5.365020838891E0,1.086977894639E1));
#8096=CARTESIAN_POINT('',(1.128804547372E0,-5.310607861284E0,1.091565E1));
#8098=CURVE_STYLE('',#1556,POSITIVE_LENGTH_MEASURE(2.E-2),#748);
#8099=PRESENTATION_STYLE_ASSIGNMENT((#8098));
#8100=STYLED_ITEM('',(#8099),#8097);
#8101=CARTESIAN_POINT('',(0.E0,0.E0,1.06299E1));
#8102=DIRECTION('',(0.E0,0.E0,1.E0));
#8103=DIRECTION('',(1.529100000634E-1,-9.882401185343E-1,0.E0));
#8104=AXIS2_PLACEMENT_3D('',#8101,#8102,#8103);
#8106=CURVE_STYLE('',#1556,POSITIVE_LENGTH_MEASURE(2.E-2),#748);
#8107=PRESENTATION_STYLE_ASSIGNMENT((#8106));
#8108=STYLED_ITEM('',(#8107),#8105);
#8109=CARTESIAN_POINT('',(5.675111591959E-1,-5.399508000428E0,1.091565E1));
#8110=CARTESIAN_POINT('',(6.178844376853E-1,-5.440330906723E0,
1.086978528447E1));
#8111=CARTESIAN_POINT('',(7.193089945297E-1,-5.522526175808E0,
1.077627771834E1));
#8112=CARTESIAN_POINT('',(8.221211964783E-1,-5.605846003542E0,
1.067926825038E1));
#8113=CARTESIAN_POINT('',(8.738806503624E-1,-5.647792277423E0,
1.062990072161E1));
#8115=CURVE_STYLE('',#1556,POSITIVE_LENGTH_MEASURE(2.E-2),#748);
#8116=PRESENTATION_STYLE_ASSIGNMENT((#8115));
#8117=STYLED_ITEM('',(#8116),#8114);
#8118=CARTESIAN_POINT('',(3.190571902333E-1,-5.706086882388E0,
1.062990072357E1));
#8119=CARTESIAN_POINT('',(3.610237694406E-1,-5.654302372820E0,
1.067926155855E1));
#8120=CARTESIAN_POINT('',(4.443920343998E-1,-5.551430401932E0,
1.077626466414E1));
#8121=CARTESIAN_POINT('',(5.266518385475E-1,-5.449926212278E0,
1.086977894639E1));
#8122=CARTESIAN_POINT('',(5.675111591959E-1,-5.399508000428E0,1.091565E1));
#8124=CURVE_STYLE('',#1556,POSITIVE_LENGTH_MEASURE(2.E-2),#748);
#8125=PRESENTATION_STYLE_ASSIGNMENT((#8124));
#8126=STYLED_ITEM('',(#8125),#8123);
#8127=CARTESIAN_POINT('',(0.E0,0.E0,1.06299E1));
#8128=DIRECTION('',(0.E0,0.E0,1.E0));
#8129=DIRECTION('',(4.877312215399E-2,-9.988098830885E-1,0.E0));
#8130=AXIS2_PLACEMENT_3D('',#8127,#8128,#8129);
#8132=CURVE_STYLE('',#1556,POSITIVE_LENGTH_MEASURE(2.E-2),#748);
#8133=PRESENTATION_STYLE_ASSIGNMENT((#8132));
#8134=STYLED_ITEM('',(#8133),#8131);
#8135=CARTESIAN_POINT('',(0.E0,-5.42925E0,1.091565E1));
#8136=CARTESIAN_POINT('',(4.583017273804E-2,-5.475114715533E0,
1.086978528447E1));
#8137=CARTESIAN_POINT('',(1.381073700826E-1,-5.567461463398E0,
1.077627771834E1));
#8138=CARTESIAN_POINT('',(2.316470624786E-1,-5.661071657873E0,
1.067926825038E1));
#8139=CARTESIAN_POINT('',(2.787383931101E-1,-5.708198481851E0,
1.062990072161E1));
#8141=CURVE_STYLE('',#1556,POSITIVE_LENGTH_MEASURE(2.E-2),#748);
#8142=PRESENTATION_STYLE_ASSIGNMENT((#8141));
#8143=STYLED_ITEM('',(#8142),#8140);
#8144=CARTESIAN_POINT('',(-2.791391315260E-1,-5.708178899198E0,
1.062990072357E1));
#8145=CARTESIAN_POINT('',(-2.319894944245E-1,-5.661064772625E0,
1.067926155855E1));
#8146=CARTESIAN_POINT('',(-1.383248805134E-1,-5.567470701778E0,
1.077626466414E1));
#8147=CARTESIAN_POINT('',(-4.590562722009E-2,-5.475121053612E0,
1.086977894639E1));
#8148=CARTESIAN_POINT('',(0.E0,-5.42925E0,1.091565E1));
#8150=CURVE_STYLE('',#1556,POSITIVE_LENGTH_MEASURE(2.E-2),#748);
#8151=PRESENTATION_STYLE_ASSIGNMENT((#8150));
#8152=STYLED_ITEM('',(#8151),#8149);
#8153=CARTESIAN_POINT('',(0.E0,0.E0,1.06299E1));
#8154=DIRECTION('',(0.E0,0.E0,1.E0));
#8155=DIRECTION('',(-5.589812428817E-2,-9.984364775493E-1,0.E0));
#8156=AXIS2_PLACEMENT_3D('',#8153,#8154,#8155);
#8158=CURVE_STYLE('',#1556,POSITIVE_LENGTH_MEASURE(2.E-2),#748);
#8159=PRESENTATION_STYLE_ASSIGNMENT((#8158));
#8160=STYLED_ITEM('',(#8159),#8157);
#8161=CARTESIAN_POINT('',(-5.675111591959E-1,-5.399508000428E0,1.091565E1));
#8162=CARTESIAN_POINT('',(-5.267262171723E-1,-5.449912021779E0,
1.086978528447E1));
#8163=CARTESIAN_POINT('',(-4.446073876120E-1,-5.551398478129E0,
1.077627771834E1));
#8164=CARTESIAN_POINT('',(-3.613650452128E-1,-5.654273426465E0,
1.067926825038E1));
#8165=CARTESIAN_POINT('',(-3.194577803069E-1,-5.706064469194E0,
1.062990072161E1));
#8167=CURVE_STYLE('',#1556,POSITIVE_LENGTH_MEASURE(2.E-2),#748);
#8168=PRESENTATION_STYLE_ASSIGNMENT((#8167));
#8169=STYLED_ITEM('',(#8168),#8166);
#8170=CARTESIAN_POINT('',(-8.742771465467E-1,-5.647730913475E0,
1.062990072357E1));
#8171=CARTESIAN_POINT('',(-8.224610328417E-1,-5.605803362127E0,
1.067926155855E1));
#8172=CARTESIAN_POINT('',(-7.195262790893E-1,-5.522512627548E0,
1.077626466414E1));
#8173=CARTESIAN_POINT('',(-6.179601413295E-1,-5.440329322941E0,
1.086977894639E1));
#8174=CARTESIAN_POINT('',(-5.675111591959E-1,-5.399508000428E0,1.091565E1));
#8176=CURVE_STYLE('',#1556,POSITIVE_LENGTH_MEASURE(2.E-2),#748);
#8177=PRESENTATION_STYLE_ASSIGNMENT((#8176));
#8178=STYLED_ITEM('',(#8177),#8175);
#8179=CARTESIAN_POINT('',(0.E0,0.E0,1.06299E1));
#8180=DIRECTION('',(0.E0,0.E0,1.E0));
#8181=DIRECTION('',(-1.599569391832E-1,-9.871239930258E-1,0.E0));
#8182=AXIS2_PLACEMENT_3D('',#8179,#8180,#8181);
#8184=CURVE_STYLE('',#1556,POSITIVE_LENGTH_MEASURE(2.E-2),#748);
#8185=PRESENTATION_STYLE_ASSIGNMENT((#8184));
#8186=STYLED_ITEM('',(#8185),#8183);
#8187=CARTESIAN_POINT('',(-1.128804547372E0,-5.310607861284E0,1.091565E1));
#8188=CARTESIAN_POINT('',(-1.093511684423E0,-5.364998951446E0,
1.086978528447E1));
#8189=CARTESIAN_POINT('',(-1.022450933728E0,-5.474513209429E0,
1.077627771834E1));
#8190=CARTESIAN_POINT('',(-9.504179618484E-1,-5.585525792164E0,
1.067926825038E1));
#8191=CARTESIAN_POINT('',(-9.141539074320E-1,-5.641413620142E0,
1.062990072161E1));
#8193=CURVE_STYLE('',#1556,POSITIVE_LENGTH_MEASURE(2.E-2),#748);
#8194=PRESENTATION_STYLE_ASSIGNMENT((#8193));
#8195=STYLED_ITEM('',(#8194),#8192);
#8196=CARTESIAN_POINT('',(-1.459836398196E0,-5.525405206001E0,
1.062990072357E1));
#8197=CARTESIAN_POINT('',(-1.403921516072E0,-5.489123596904E0,
1.067926155855E1));
#8198=CARTESIAN_POINT('',(-1.292844397181E0,-5.417048749311E0,
1.077626466414E1));
#8199=CARTESIAN_POINT('',(-1.183244154814E0,-5.345932205745E0,
1.086977894639E1));
#8200=CARTESIAN_POINT('',(-1.128804547372E0,-5.310607861284E0,1.091565E1));
#8202=CURVE_STYLE('',#1556,POSITIVE_LENGTH_MEASURE(2.E-2),#748);
#8203=PRESENTATION_STYLE_ASSIGNMENT((#8202));
#8204=STYLED_ITEM('',(#8203),#8201);
#8205=CARTESIAN_POINT('',(0.E0,0.E0,1.06299E1));
#8206=DIRECTION('',(0.E0,0.E0,1.E0));
#8207=DIRECTION('',(-2.622632323794E-1,-9.649963714657E-1,0.E0));
#8208=AXIS2_PLACEMENT_3D('',#8205,#8206,#8207);
#8210=CURVE_STYLE('',#1556,POSITIVE_LENGTH_MEASURE(2.E-2),#748);
#8211=PRESENTATION_STYLE_ASSIGNMENT((#8210));
#8212=STYLED_ITEM('',(#8211),#8209);
#8213=CARTESIAN_POINT('',(-1.677730516710E0,-5.163523591095E0,1.091565E1));
#8214=CARTESIAN_POINT('',(-1.648316408827E0,-5.221305829903E0,
1.086978528447E1));
#8215=CARTESIAN_POINT('',(-1.589092293452E0,-5.337648028391E0,
1.077627771834E1));
#8216=CARTESIAN_POINT('',(-1.529057900406E0,-5.455581968437E0,
1.067926825038E1));
#8217=CARTESIAN_POINT('',(-1.498834373048E0,-5.514954262926E0,
1.062990072161E1));
#8219=CURVE_STYLE('',#1556,POSITIVE_LENGTH_MEASURE(2.E-2),#748);
#8220=PRESENTATION_STYLE_ASSIGNMENT((#8219));
#8221=STYLED_ITEM('',(#8220),#8218);
#8222=CARTESIAN_POINT('',(-2.029401376775E0,-5.342542002824E0,
1.062990072357E1));
#8223=CARTESIAN_POINT('',(-1.970000341383E0,-5.312303844880E0,
1.067926155855E1));
#8224=CARTESIAN_POINT('',(-1.851997841512E0,-5.252234551385E0,
1.077626466414E1));
#8225=CARTESIAN_POINT('',(-1.735564297729E0,-5.192963936594E0,
1.086977894639E1));
#8226=CARTESIAN_POINT('',(-1.677730516710E0,-5.163523591095E0,1.091565E1));
#8228=CURVE_STYLE('',#1556,POSITIVE_LENGTH_MEASURE(2.E-2),#748);
#8229=PRESENTATION_STYLE_ASSIGNMENT((#8228));
#8230=STYLED_ITEM('',(#8229),#8227);
#8231=CARTESIAN_POINT('',(0.E0,0.E0,1.06299E1));
#8232=DIRECTION('',(0.E0,0.E0,1.E0));
#8233=DIRECTION('',(-3.616961147195E-1,-9.322960477213E-1,0.E0));
#8234=AXIS2_PLACEMENT_3D('',#8231,#8232,#8233);
#8236=CURVE_STYLE('',#1556,POSITIVE_LENGTH_MEASURE(2.E-2),#748);
#8237=PRESENTATION_STYLE_ASSIGNMENT((#8236));
#8238=STYLED_ITEM('',(#8237),#8235);
#8239=CARTESIAN_POINT('',(-2.208274919419E0,-4.959866675906E0,1.091565E1));
#8240=CARTESIAN_POINT('',(-2.185061833723E0,-5.020406989059E0,
1.086978528447E1));
#8241=CARTESIAN_POINT('',(-2.138323225471E0,-5.142302458579E0,
1.077627771834E1));
#8242=CARTESIAN_POINT('',(-2.090945160631E0,-5.265865647010E0,
1.067926825038E1));
#8243=CARTESIAN_POINT('',(-2.067093295622E0,-5.328071912727E0,
1.062990072161E1));
#8245=CURVE_STYLE('',#1556,POSITIVE_LENGTH_MEASURE(2.E-2),#748);
#8246=PRESENTATION_STYLE_ASSIGNMENT((#8245));
#8247=STYLED_ITEM('',(#8246),#8244);
#8248=CARTESIAN_POINT('',(-2.576731809192E0,-5.101144791466E0,
1.062990072357E1));
#8249=CARTESIAN_POINT('',(-2.514495430704E0,-5.077281380261E0,
1.067926155855E1));
#8250=CARTESIAN_POINT('',(-2.390860409936E0,-5.029875772614E0,
1.077626466414E1));
#8251=CARTESIAN_POINT('',(-2.268869235007E0,-4.983100467857E0,
1.086977894639E1));
#8252=CARTESIAN_POINT('',(-2.208274919419E0,-4.959866675906E0,1.091565E1));
#8254=CURVE_STYLE('',#1556,POSITIVE_LENGTH_MEASURE(2.E-2),#748);
#8255=PRESENTATION_STYLE_ASSIGNMENT((#8254));
#8256=STYLED_ITEM('',(#8255),#8253);
#8257=CARTESIAN_POINT('',(0.E0,0.E0,1.06299E1));
#8258=DIRECTION('',(0.E0,0.E0,1.E0));
#8259=DIRECTION('',(-4.571661787370E-1,-8.893812933826E-1,0.E0));
#8260=AXIS2_PLACEMENT_3D('',#8257,#8258,#8259);
#8262=CURVE_STYLE('',#1556,POSITIVE_LENGTH_MEASURE(2.E-2),#748);
#8263=PRESENTATION_STYLE_ASSIGNMENT((#8262));
#8264=STYLED_ITEM('',(#8263),#8261);
#8265=CARTESIAN_POINT('',(-2.714625E0,-4.701868423497E0,1.091565E1));
#8266=CARTESIAN_POINT('',(-2.697867263916E0,-4.764503518655E0,
1.086978528447E1));
#8267=CARTESIAN_POINT('',(-2.664126240758E0,-4.890616746935E0,
1.077627771834E1));
#8268=CARTESIAN_POINT('',(-2.629923588118E0,-5.018455399601E0,
1.067926825038E1));
#8269=CARTESIAN_POINT('',(-2.612704711482E0,-5.082814091682E0,
1.062990072161E1));
#8271=CURVE_STYLE('',#1556,POSITIVE_LENGTH_MEASURE(2.E-2),#748);
#8272=PRESENTATION_STYLE_ASSIGNMENT((#8271));
#8273=STYLED_ITEM('',(#8272),#8270);
#8274=CARTESIAN_POINT('',(-3.095831028691E0,-4.803858370289E0,
1.062990072357E1));
#8275=CARTESIAN_POINT('',(-3.031441181895E0,-4.786631158350E0,
1.067926155855E1));
#8276=CARTESIAN_POINT('',(-2.903528211389E0,-4.752408622309E0,
1.077626466414E1));
#8277=CARTESIAN_POINT('',(-2.777315966155E0,-4.718641107613E0,
1.086977894639E1));
#8278=CARTESIAN_POINT('',(-2.714625E0,-4.701868423497E0,1.091565E1));
#8280=CURVE_STYLE('',#1556,POSITIVE_LENGTH_MEASURE(2.E-2),#748);
#8281=PRESENTATION_STYLE_ASSIGNMENT((#8280));
#8282=STYLED_ITEM('',(#8281),#8279);
#8283=CARTESIAN_POINT('',(0.E0,0.E0,1.06299E1));
#8284=DIRECTION('',(0.E0,0.E0,1.E0));
#8285=DIRECTION('',(-5.476274344321E-1,-8.367222914787E-1,0.E0));
#8286=AXIS2_PLACEMENT_3D('',#8283,#8284,#8285);
#8288=CURVE_STYLE('',#1556,POSITIVE_LENGTH_MEASURE(2.E-2),#748);
#8289=PRESENTATION_STYLE_ASSIGNMENT((#8288));
#8290=STYLED_ITEM('',(#8289),#8287);
#8291=CARTESIAN_POINT('',(-3.191233081009E0,-4.392355516710E0,1.091565E1));
#8292=CARTESIAN_POINT('',(-3.181114295800E0,-4.456399150664E0,
1.086978528447E1));
#8293=CARTESIAN_POINT('',(-3.160740531447E0,-4.585348414784E0,
1.077627771834E1));
#8294=CARTESIAN_POINT('',(-3.140088022426E0,-4.716061904655E0,
1.067926825038E1));
#8295=CARTESIAN_POINT('',(-3.129690787780E0,-4.781867895801E0,
1.062990072161E1));
#8297=CURVE_STYLE('',#1556,POSITIVE_LENGTH_MEASURE(2.E-2),#748);
#8298=PRESENTATION_STYLE_ASSIGNMENT((#8297));
#8299=STYLED_ITEM('',(#8298),#8296);
#8300=CARTESIAN_POINT('',(-3.581011675595E0,-4.453939871535E0,
1.062990072357E1));
#8301=CARTESIAN_POINT('',(-3.515173829127E0,-4.443537603801E0,
1.067926155855E1));
#8302=CARTESIAN_POINT('',(-3.384384350156E0,-4.422873088632E0,
1.077626466414E1));
#8303=CARTESIAN_POINT('',(-3.255333842388E0,-4.402483327955E0,
1.086977894639E1));
#8304=CARTESIAN_POINT('',(-3.191233081009E0,-4.392355516710E0,1.091565E1));
#8306=CURVE_STYLE('',#1556,POSITIVE_LENGTH_MEASURE(2.E-2),#748);
#8307=PRESENTATION_STYLE_ASSIGNMENT((#8306));
#8308=STYLED_ITEM('',(#8307),#8305);
#8309=CARTESIAN_POINT('',(0.E0,0.E0,1.06299E1));
#8310=DIRECTION('',(0.E0,0.E0,1.E0));
#8311=DIRECTION('',(-6.320887693571E-1,-7.748959850538E-1,0.E0));
#8312=AXIS2_PLACEMENT_3D('',#8309,#8310,#8311);
#8314=CURVE_STYLE('',#1556,POSITIVE_LENGTH_MEASURE(2.E-2),#748);
#8315=PRESENTATION_STYLE_ASSIGNMENT((#8314));
#8316=STYLED_ITEM('',(#8315),#8313);
#8317=CARTESIAN_POINT('',(-3.632877344574E0,-4.034719043723E0,1.091565E1));
#8318=CARTESIAN_POINT('',(-3.629508373768E0,-4.099469541018E0,
1.086978528447E1));
#8319=CARTESIAN_POINT('',(-3.622725087446E0,-4.229842045855E0,
1.077627771834E1));
#8320=CARTESIAN_POINT('',(-3.615848995256E0,-4.361998248583E0,
1.067926825038E1));
#8321=CARTESIAN_POINT('',(-3.612387316876E0,-4.428530554583E0,
1.062990072161E1));
#8323=CURVE_STYLE('',#1556,POSITIVE_LENGTH_MEASURE(2.E-2),#748);
#8324=PRESENTATION_STYLE_ASSIGNMENT((#8323));
#8325=STYLED_ITEM('',(#8324),#8322);
#8326=CARTESIAN_POINT('',(-4.026958009207E0,-4.055223075502E0,
1.062990072357E1));
#8327=CARTESIAN_POINT('',(-3.960393496290E0,-4.051759721395E0,
1.067926155855E1));
#8328=CARTESIAN_POINT('',(-3.828160465754E0,-4.044879631851E0,
1.077626466414E1));
#8329=CARTESIAN_POINT('',(-3.697685599821E0,-4.038091019677E0,
1.086977894639E1));
#8330=CARTESIAN_POINT('',(-3.632877344574E0,-4.034719043723E0,1.091565E1));
#8332=CURVE_STYLE('',#1556,POSITIVE_LENGTH_MEASURE(2.E-2),#748);
#8333=PRESENTATION_STYLE_ASSIGNMENT((#8332));
#8334=STYLED_ITEM('',(#8333),#8331);
#8335=CARTESIAN_POINT('',(0.E0,0.E0,1.06299E1));
#8336=DIRECTION('',(0.E0,0.E0,1.E0));
#8337=DIRECTION('',(-7.096248074520E-1,-7.045797560594E-1,0.E0));
#8338=AXIS2_PLACEMENT_3D('',#8335,#8336,#8337);
#8340=CURVE_STYLE('',#1556,POSITIVE_LENGTH_MEASURE(2.E-2),#748);
#8341=PRESENTATION_STYLE_ASSIGNMENT((#8340));
#8342=STYLED_ITEM('',(#8341),#8339);
#8343=CARTESIAN_POINT('',(-4.034719043723E0,-3.632877344574E0,1.091565E1));
#8344=CARTESIAN_POINT('',(-4.038136798470E0,-3.697625285210E0,
1.086978528447E1));
#8345=CARTESIAN_POINT('',(-4.045018309283E0,-3.827992642320E0,
1.077627771834E1));
#8346=CARTESIAN_POINT('',(-4.051993969828E0,-3.960143626892E0,
1.067926825038E1));
#8347=CARTESIAN_POINT('',(-4.055505774588E0,-4.026673305879E0,
1.062990072161E1));
#8349=CURVE_STYLE('',#1556,POSITIVE_LENGTH_MEASURE(2.E-2),#748);
#8350=PRESENTATION_STYLE_ASSIGNMENT((#8349));
#8351=STYLED_ITEM('',(#8350),#8348);
#8352=CARTESIAN_POINT('',(-4.428784148175E0,-3.612076406843E0,
1.062990072357E1));
#8353=CARTESIAN_POINT('',(-4.362222263542E0,-3.615589911596E0,
1.067926155855E1));
#8354=CARTESIAN_POINT('',(-4.229994454196E0,-3.622569627378E0,
1.077626466414E1));
#8355=CARTESIAN_POINT('',(-4.099524740031E0,-3.629456541163E0,
1.086977894639E1));
#8356=CARTESIAN_POINT('',(-4.034719043723E0,-3.632877344574E0,1.091565E1));
#8358=CURVE_STYLE('',#1556,POSITIVE_LENGTH_MEASURE(2.E-2),#748);
#8359=PRESENTATION_STYLE_ASSIGNMENT((#8358));
#8360=STYLED_ITEM('',(#8359),#8357);
#8361=CARTESIAN_POINT('',(0.E0,0.E0,1.06299E1));
#8362=DIRECTION('',(0.E0,0.E0,1.E0));
#8363=DIRECTION('',(-7.793860476579E-1,-6.265440038147E-1,0.E0));
#8364=AXIS2_PLACEMENT_3D('',#8361,#8362,#8363);
#8366=CURVE_STYLE('',#1556,POSITIVE_LENGTH_MEASURE(2.E-2),#748);
#8367=PRESENTATION_STYLE_ASSIGNMENT((#8366));
#8368=STYLED_ITEM('',(#8367),#8365);
#8369=CARTESIAN_POINT('',(-4.392355516710E0,-3.191233081009E0,1.091565E1));
#8370=CARTESIAN_POINT('',(-4.402522551373E0,-3.255269073E0,1.086978528447E1));
#8371=CARTESIAN_POINT('',(-4.422993464049E0,-3.384202950337E0,
1.077627771834E1));
#8372=CARTESIAN_POINT('',(-4.443744450532E0,-3.514900842911E0,
1.067926825038E1));
#8373=CARTESIAN_POINT('',(-4.454191262365E0,-3.580698981801E0,
1.062990072161E1));
#8375=CURVE_STYLE('',#1556,POSITIVE_LENGTH_MEASURE(2.E-2),#748);
#8376=PRESENTATION_STYLE_ASSIGNMENT((#8375));
#8377=STYLED_ITEM('',(#8376),#8374);
#8378=CARTESIAN_POINT('',(-4.782087601232E0,-3.129355073196E0,
1.062990072357E1));
#8379=CARTESIAN_POINT('',(-4.716257610820E0,-3.139806942115E0,
1.067926155855E1));
#8380=CARTESIAN_POINT('',(-4.585483738214E0,-3.160569991996E0,
1.077626466414E1));
#8381=CARTESIAN_POINT('',(-4.456448629310E0,-3.181056977271E0,
1.086977894639E1));
#8382=CARTESIAN_POINT('',(-4.392355516710E0,-3.191233081009E0,1.091565E1));
#8384=CURVE_STYLE('',#1556,POSITIVE_LENGTH_MEASURE(2.E-2),#748);
#8385=PRESENTATION_STYLE_ASSIGNMENT((#8384));
#8386=STYLED_ITEM('',(#8385),#8383);
#8387=CARTESIAN_POINT('',(0.E0,0.E0,1.06299E1));
#8388=DIRECTION('',(0.E0,0.E0,1.E0));
#8389=DIRECTION('',(-8.406081712286E-1,-5.416437043515E-1,0.E0));
#8390=AXIS2_PLACEMENT_3D('',#8387,#8388,#8389);
#8392=CURVE_STYLE('',#1556,POSITIVE_LENGTH_MEASURE(2.E-2),#748);
#8393=PRESENTATION_STYLE_ASSIGNMENT((#8392));
#8394=STYLED_ITEM('',(#8393),#8391);
#8395=CARTESIAN_POINT('',(-4.701868423497E0,-2.714625E0,1.091565E1));
#8396=CARTESIAN_POINT('',(-4.718673345917E0,-2.777247451618E0,
1.086978528447E1));
#8397=CARTESIAN_POINT('',(-4.752509376852E0,-2.903335222640E0,
1.077627771834E1));
#8398=CARTESIAN_POINT('',(-4.786808337123E0,-3.031148069755E0,
1.067926825038E1));
#8399=CARTESIAN_POINT('',(-4.804075698572E0,-3.095493770369E0,
1.062990072161E1));
#8401=CURVE_STYLE('',#1556,POSITIVE_LENGTH_MEASURE(2.E-2),#748);
#8402=PRESENTATION_STYLE_ASSIGNMENT((#8401));
#8403=STYLED_ITEM('',(#8402),#8400);
#8404=CARTESIAN_POINT('',(-5.082997501815E0,-2.612347870507E0,
1.062990072357E1));
#8405=CARTESIAN_POINT('',(-5.018620652774E0,-2.629623590730E0,
1.067926155855E1));
#8406=CARTESIAN_POINT('',(-4.890733502822E0,-2.663942490389E0,
1.077626466414E1));
#8407=CARTESIAN_POINT('',(-4.764546734833E0,-2.697805087457E0,
1.086977894639E1));
#8408=CARTESIAN_POINT('',(-4.701868423497E0,-2.714625E0,1.091565E1));
#8410=CURVE_STYLE('',#1556,POSITIVE_LENGTH_MEASURE(2.E-2),#748);
#8411=PRESENTATION_STYLE_ASSIGNMENT((#8410));
#8412=STYLED_ITEM('',(#8411),#8409);
#8413=CARTESIAN_POINT('',(0.E0,0.E0,1.06299E1));
#8414=DIRECTION('',(0.E0,0.E0,1.E0));
#8415=DIRECTION('',(-8.926204157668E-1,-4.508090431172E-1,0.E0));
#8416=AXIS2_PLACEMENT_3D('',#8413,#8414,#8415);
#8418=CURVE_STYLE('',#1556,POSITIVE_LENGTH_MEASURE(2.E-2),#748);
#8419=PRESENTATION_STYLE_ASSIGNMENT((#8418));
#8420=STYLED_ITEM('',(#8419),#8417);
#8421=CARTESIAN_POINT('',(-4.959866675906E0,-2.208274919419E0,1.091565E1));
#8422=CARTESIAN_POINT('',(-4.983125367837E0,-2.268797725979E0,
1.086978528447E1));
#8423=CARTESIAN_POINT('',(-5.029955802396E0,-2.390657946682E0,
1.077627771834E1));
#8424=CARTESIAN_POINT('',(-5.077426949868E0,-2.514185404038E0,
1.067926825038E1));
#8425=CARTESIAN_POINT('',(-5.101325676107E0,-2.576373681415E0,
1.062990072161E1));
#8427=CURVE_STYLE('',#1556,POSITIVE_LENGTH_MEASURE(2.E-2),#748);
#8428=PRESENTATION_STYLE_ASSIGNMENT((#8427));
#8429=STYLED_ITEM('',(#8428),#8426);
#8430=CARTESIAN_POINT('',(-5.328217018082E0,-2.066719237880E0,
1.062990072357E1));
#8431=CARTESIAN_POINT('',(-5.265998636643E0,-2.090629533E0,1.067926155855E1));
#8432=CARTESIAN_POINT('',(-5.142399367722E0,-2.138128277392E0,
1.077626466414E1));
#8433=CARTESIAN_POINT('',(-5.020443469285E0,-2.184995480553E0,
1.086977894639E1));
#8434=CARTESIAN_POINT('',(-4.959866675906E0,-2.208274919419E0,1.091565E1));
#8436=CURVE_STYLE('',#1556,POSITIVE_LENGTH_MEASURE(2.E-2),#748);
#8437=PRESENTATION_STYLE_ASSIGNMENT((#8436));
#8438=STYLED_ITEM('',(#8437),#8435);
#8439=CARTESIAN_POINT('',(0.E0,0.E0,1.06299E1));
#8440=DIRECTION('',(0.E0,0.E0,1.E0));
#8441=DIRECTION('',(-9.348529242371E-1,-3.550352236686E-1,0.E0));
#8442=AXIS2_PLACEMENT_3D('',#8439,#8440,#8441);
#8444=CURVE_STYLE('',#1556,POSITIVE_LENGTH_MEASURE(2.E-2),#748);
#8445=PRESENTATION_STYLE_ASSIGNMENT((#8444));
#8446=STYLED_ITEM('',(#8445),#8443);
#8447=CARTESIAN_POINT('',(-5.163523591095E0,-1.677730516710E0,1.091565E1));
#8448=CARTESIAN_POINT('',(-5.192981225440E0,-1.735490577678E0,
1.086978528447E1));
#8449=CARTESIAN_POINT('',(-5.252292979583E0,-1.851788121983E0,
1.077627771834E1));
#8450=CARTESIAN_POINT('',(-5.312416210431E0,-1.969676796908E0,
1.067926825038E1));
#8451=CARTESIAN_POINT('',(-5.342684462015E0,-2.029026303266E0,
1.062990072161E1));
#8453=CURVE_STYLE('',#1556,POSITIVE_LENGTH_MEASURE(2.E-2),#748);
#8454=PRESENTATION_STYLE_ASSIGNMENT((#8453));
#8455=STYLED_ITEM('',(#8454),#8452);
#8456=CARTESIAN_POINT('',(-5.515059473697E0,-1.498447196794E0,
1.062990072357E1));
#8457=CARTESIAN_POINT('',(-5.455681237467E0,-1.528730100614E0,
1.067926155855E1));
#8458=CARTESIAN_POINT('',(-5.337724029032E0,-1.588888283556E0,
1.077626466414E1));
#8459=CARTESIAN_POINT('',(-5.221335174491E0,-1.648246605924E0,
1.086977894639E1));
#8460=CARTESIAN_POINT('',(-5.163523591095E0,-1.677730516710E0,1.091565E1));
#8462=CURVE_STYLE('',#1556,POSITIVE_LENGTH_MEASURE(2.E-2),#748);
#8463=PRESENTATION_STYLE_ASSIGNMENT((#8462));
#8464=STYLED_ITEM('',(#8463),#8461);
#8465=CARTESIAN_POINT('',(0.E0,0.E0,1.06299E1));
#8466=DIRECTION('',(0.E0,0.E0,1.E0));
#8467=DIRECTION('',(-9.668429884388E-1,-2.553715640137E-1,0.E0));
#8468=AXIS2_PLACEMENT_3D('',#8465,#8466,#8467);
#8470=CURVE_STYLE('',#1556,POSITIVE_LENGTH_MEASURE(2.E-2),#748);
#8471=PRESENTATION_STYLE_ASSIGNMENT((#8470));
#8472=STYLED_ITEM('',(#8471),#8469);
#8473=CARTESIAN_POINT('',(-5.310607861284E0,-1.128804547372E0,1.091565E1));
#8474=CARTESIAN_POINT('',(-5.345941694037E0,-1.183169031433E0,
1.086978528447E1));
#8475=CARTESIAN_POINT('',(-5.417084935772E0,-1.292629719108E0,
1.077627771834E1));
#8476=CARTESIAN_POINT('',(-5.489201527298E0,-1.403587998609E0,
1.067926825038E1));
#8477=CARTESIAN_POINT('',(-5.525507678928E0,-1.459448488338E0,
1.062990072161E1));
#8479=CURVE_STYLE('',#1556,POSITIVE_LENGTH_MEASURE(2.E-2),#748);
#8480=PRESENTATION_STYLE_ASSIGNMENT((#8479));
#8481=STYLED_ITEM('',(#8480),#8478);
#8482=CARTESIAN_POINT('',(-5.641477783619E0,-9.137578546495E-1,
1.062990072357E1));
#8483=CARTESIAN_POINT('',(-5.585590252979E0,-9.500815813385E-1,
1.067926155855E1));
#8484=CARTESIAN_POINT('',(-5.474567468890E0,-1.022240097189E0,
1.077626466414E1));
#8485=CARTESIAN_POINT('',(-5.365020838891E0,-1.093439196563E0,
1.086977894639E1));
#8486=CARTESIAN_POINT('',(-5.310607861284E0,-1.128804547372E0,1.091565E1));
#8488=CURVE_STYLE('',#1556,POSITIVE_LENGTH_MEASURE(2.E-2),#748);
#8489=PRESENTATION_STYLE_ASSIGNMENT((#8488));
#8490=STYLED_ITEM('',(#8489),#8487);
#8491=CARTESIAN_POINT('',(0.E0,0.E0,1.06299E1));
#8492=DIRECTION('',(0.E0,0.E0,1.E0));
#8493=DIRECTION('',(-9.882401185343E-1,-1.529100000634E-1,0.E0));
#8494=AXIS2_PLACEMENT_3D('',#8491,#8492,#8493);
#8496=CURVE_STYLE('',#1556,POSITIVE_LENGTH_MEASURE(2.E-2),#748);
#8497=PRESENTATION_STYLE_ASSIGNMENT((#8496));
#8498=STYLED_ITEM('',(#8497),#8495);
#8499=CARTESIAN_POINT('',(-5.399508000428E0,-5.675111591959E-1,1.091565E1));
#8500=CARTESIAN_POINT('',(-5.440330906723E0,-6.178844376853E-1,
1.086978528447E1));
#8501=CARTESIAN_POINT('',(-5.522526175808E0,-7.193089945297E-1,
1.077627771834E1));
#8502=CARTESIAN_POINT('',(-5.605846003542E0,-8.221211964783E-1,
1.067926825038E1));
#8503=CARTESIAN_POINT('',(-5.647792277423E0,-8.738806503624E-1,
1.062990072161E1));
#8505=CURVE_STYLE('',#1556,POSITIVE_LENGTH_MEASURE(2.E-2),#748);
#8506=PRESENTATION_STYLE_ASSIGNMENT((#8505));
#8507=STYLED_ITEM('',(#8506),#8504);
#8508=CARTESIAN_POINT('',(-5.706086882388E0,-3.190571902333E-1,
1.062990072357E1));
#8509=CARTESIAN_POINT('',(-5.654302372820E0,-3.610237694406E-1,
1.067926155855E1));
#8510=CARTESIAN_POINT('',(-5.551430401932E0,-4.443920343998E-1,
1.077626466414E1));
#8511=CARTESIAN_POINT('',(-5.449926212278E0,-5.266518385475E-1,
1.086977894639E1));
#8512=CARTESIAN_POINT('',(-5.399508000428E0,-5.675111591959E-1,1.091565E1));
#8514=CURVE_STYLE('',#1556,POSITIVE_LENGTH_MEASURE(2.E-2),#748);
#8515=PRESENTATION_STYLE_ASSIGNMENT((#8514));
#8516=STYLED_ITEM('',(#8515),#8513);
#8517=CARTESIAN_POINT('',(0.E0,0.E0,1.06299E1));
#8518=DIRECTION('',(0.E0,0.E0,1.E0));
#8519=DIRECTION('',(-9.988098830885E-1,-4.877312215399E-2,0.E0));
#8520=AXIS2_PLACEMENT_3D('',#8517,#8518,#8519);
#8522=CURVE_STYLE('',#1556,POSITIVE_LENGTH_MEASURE(2.E-2),#748);
#8523=PRESENTATION_STYLE_ASSIGNMENT((#8522));
#8524=STYLED_ITEM('',(#8523),#8521);
#8525=CARTESIAN_POINT('',(-5.42925E0,0.E0,1.091565E1));
#8526=CARTESIAN_POINT('',(-5.459845778265E0,-3.057273519780E-2,
1.088505422174E1));
#8527=CARTESIAN_POINT('',(-5.521298027210E0,-9.197870166995E-2,
1.082308535740E1));
#8528=CARTESIAN_POINT('',(-5.614214512399E0,-1.848252072436E-1,
1.072788498017E1));
#8529=CARTESIAN_POINT('',(-5.676773505759E0,-2.473370845912E-1,
1.066281959459E1));
#8530=CARTESIAN_POINT('',(-5.708198481851E0,-2.787383931101E-1,
1.062990047803E1));
#8532=CURVE_STYLE('',#1556,POSITIVE_LENGTH_MEASURE(2.E-2),#748);
#8533=PRESENTATION_STYLE_ASSIGNMENT((#8532));
#8534=STYLED_ITEM('',(#8533),#8531);
#8535=CARTESIAN_POINT('',(5.708178899198E0,-2.791391315260E-1,
1.062990047934E1));
#8536=CARTESIAN_POINT('',(5.676759602505E0,-2.476961537019E-1,
1.066281805273E1));
#8537=CARTESIAN_POINT('',(5.614209671374E0,-1.850990778765E-1,
1.072788147590E1));
#8538=CARTESIAN_POINT('',(5.521299537568E0,-9.211891649823E-2,
1.082308224611E1));
#8539=CARTESIAN_POINT('',(5.459847065674E0,-3.062012707940E-2,
1.088505293433E1));
#8540=CARTESIAN_POINT('',(5.42925E0,0.E0,1.091565E1));
#8542=CURVE_STYLE('',#1556,POSITIVE_LENGTH_MEASURE(2.E-2),#748);
#8543=PRESENTATION_STYLE_ASSIGNMENT((#8542));
#8544=STYLED_ITEM('',(#8543),#8541);
#8545=CARTESIAN_POINT('',(0.E0,0.E0,1.06299E1));
#8546=DIRECTION('',(0.E0,0.E0,1.E0));
#8547=DIRECTION('',(9.984364775493E-1,-5.589812428817E-2,0.E0));
#8548=AXIS2_PLACEMENT_3D('',#8545,#8546,#8547);
#8550=CURVE_STYLE('',#1556,POSITIVE_LENGTH_MEASURE(2.E-2),#748);
#8551=PRESENTATION_STYLE_ASSIGNMENT((#8550));
#8552=STYLED_ITEM('',(#8551),#8549);
#8553=CARTESIAN_POINT('',(5.399508000428E0,-5.675111591959E-1,1.091565E1));
#8554=CARTESIAN_POINT('',(5.449912021779E0,-5.267262171723E-1,
1.086978528447E1));
#8555=CARTESIAN_POINT('',(5.551398478129E0,-4.446073876120E-1,
1.077627771834E1));
#8556=CARTESIAN_POINT('',(5.654273426465E0,-3.613650452128E-1,
1.067926825038E1));
#8557=CARTESIAN_POINT('',(5.706064469194E0,-3.194577803069E-1,
1.062990072161E1));
#8559=CURVE_STYLE('',#1556,POSITIVE_LENGTH_MEASURE(2.E-2),#748);
#8560=PRESENTATION_STYLE_ASSIGNMENT((#8559));
#8561=STYLED_ITEM('',(#8560),#8558);
#8562=DIRECTION('',(0.E0,0.E0,-1.E0));
#8563=VECTOR('',#8562,7.0755E0);
#8564=CARTESIAN_POINT('',(5.399508000428E0,-5.675111591959E-1,1.091565E1));
#8565=LINE('',#8564,#8563);
#8566=CURVE_STYLE('',#1556,POSITIVE_LENGTH_MEASURE(2.E-2),#748);
#8567=PRESENTATION_STYLE_ASSIGNMENT((#8566));
#8568=STYLED_ITEM('',(#8567),#8565);
#8569=DIRECTION('',(0.E0,0.E0,-1.E0));
#8570=VECTOR('',#8569,7.0755E0);
#8571=CARTESIAN_POINT('',(5.310607861284E0,-1.128804547372E0,1.091565E1));
#8572=LINE('',#8571,#8570);
#8573=CURVE_STYLE('',#1556,POSITIVE_LENGTH_MEASURE(2.E-2),#748);
#8574=PRESENTATION_STYLE_ASSIGNMENT((#8573));
#8575=STYLED_ITEM('',(#8574),#8572);
#8576=DIRECTION('',(0.E0,0.E0,-1.E0));
#8577=VECTOR('',#8576,7.0755E0);
#8578=CARTESIAN_POINT('',(5.163523591095E0,-1.677730516710E0,1.091565E1));
#8579=LINE('',#8578,#8577);
#8580=CURVE_STYLE('',#1556,POSITIVE_LENGTH_MEASURE(2.E-2),#748);
#8581=PRESENTATION_STYLE_ASSIGNMENT((#8580));
#8582=STYLED_ITEM('',(#8581),#8579);
#8583=DIRECTION('',(0.E0,0.E0,-1.E0));
#8584=VECTOR('',#8583,7.0755E0);
#8585=CARTESIAN_POINT('',(4.959866675906E0,-2.208274919419E0,1.091565E1));
#8586=LINE('',#8585,#8584);
#8587=CURVE_STYLE('',#1556,POSITIVE_LENGTH_MEASURE(2.E-2),#748);
#8588=PRESENTATION_STYLE_ASSIGNMENT((#8587));
#8589=STYLED_ITEM('',(#8588),#8586);
#8590=DIRECTION('',(0.E0,0.E0,-1.E0));
#8591=VECTOR('',#8590,7.0755E0);
#8592=CARTESIAN_POINT('',(4.701868423497E0,-2.714625E0,1.091565E1));
#8593=LINE('',#8592,#8591);
#8594=CURVE_STYLE('',#1556,POSITIVE_LENGTH_MEASURE(2.E-2),#748);
#8595=PRESENTATION_STYLE_ASSIGNMENT((#8594));
#8596=STYLED_ITEM('',(#8595),#8593);
#8597=DIRECTION('',(0.E0,0.E0,-1.E0));
#8598=VECTOR('',#8597,7.0755E0);
#8599=CARTESIAN_POINT('',(4.392355516710E0,-3.191233081009E0,1.091565E1));
#8600=LINE('',#8599,#8598);
#8601=CURVE_STYLE('',#1556,POSITIVE_LENGTH_MEASURE(2.E-2),#748);
#8602=PRESENTATION_STYLE_ASSIGNMENT((#8601));
#8603=STYLED_ITEM('',(#8602),#8600);
#8604=DIRECTION('',(0.E0,0.E0,-1.E0));
#8605=VECTOR('',#8604,7.0755E0);
#8606=CARTESIAN_POINT('',(4.034719043723E0,-3.632877344574E0,1.091565E1));
#8607=LINE('',#8606,#8605);
#8608=CURVE_STYLE('',#1556,POSITIVE_LENGTH_MEASURE(2.E-2),#748);
#8609=PRESENTATION_STYLE_ASSIGNMENT((#8608));
#8610=STYLED_ITEM('',(#8609),#8607);
#8611=DIRECTION('',(0.E0,0.E0,-1.E0));
#8612=VECTOR('',#8611,7.0755E0);
#8613=CARTESIAN_POINT('',(3.632877344574E0,-4.034719043723E0,1.091565E1));
#8614=LINE('',#8613,#8612);
#8615=CURVE_STYLE('',#1556,POSITIVE_LENGTH_MEASURE(2.E-2),#748);
#8616=PRESENTATION_STYLE_ASSIGNMENT((#8615));
#8617=STYLED_ITEM('',(#8616),#8614);
#8618=DIRECTION('',(0.E0,0.E0,-1.E0));
#8619=VECTOR('',#8618,7.0755E0);
#8620=CARTESIAN_POINT('',(3.191233081009E0,-4.392355516710E0,1.091565E1));
#8621=LINE('',#8620,#8619);
#8622=CURVE_STYLE('',#1556,POSITIVE_LENGTH_MEASURE(2.E-2),#748);
#8623=PRESENTATION_STYLE_ASSIGNMENT((#8622));
#8624=STYLED_ITEM('',(#8623),#8621);
#8625=DIRECTION('',(0.E0,0.E0,-1.E0));
#8626=VECTOR('',#8625,7.0755E0);
#8627=CARTESIAN_POINT('',(2.714625E0,-4.701868423497E0,1.091565E1));
#8628=LINE('',#8627,#8626);
#8629=CURVE_STYLE('',#1556,POSITIVE_LENGTH_MEASURE(2.E-2),#748);
#8630=PRESENTATION_STYLE_ASSIGNMENT((#8629));
#8631=STYLED_ITEM('',(#8630),#8628);
#8632=DIRECTION('',(0.E0,0.E0,-1.E0));
#8633=VECTOR('',#8632,7.0755E0);
#8634=CARTESIAN_POINT('',(2.208274919419E0,-4.959866675906E0,1.091565E1));
#8635=LINE('',#8634,#8633);
#8636=CURVE_STYLE('',#1556,POSITIVE_LENGTH_MEASURE(2.E-2),#748);
#8637=PRESENTATION_STYLE_ASSIGNMENT((#8636));
#8638=STYLED_ITEM('',(#8637),#8635);
#8639=DIRECTION('',(0.E0,0.E0,-1.E0));
#8640=VECTOR('',#8639,7.0755E0);
#8641=CARTESIAN_POINT('',(1.677730516710E0,-5.163523591095E0,1.091565E1));
#8642=LINE('',#8641,#8640);
#8643=CURVE_STYLE('',#1556,POSITIVE_LENGTH_MEASURE(2.E-2),#748);
#8644=PRESENTATION_STYLE_ASSIGNMENT((#8643));
#8645=STYLED_ITEM('',(#8644),#8642);
#8646=DIRECTION('',(0.E0,0.E0,-1.E0));
#8647=VECTOR('',#8646,7.0755E0);
#8648=CARTESIAN_POINT('',(1.128804547372E0,-5.310607861284E0,1.091565E1));
#8649=LINE('',#8648,#8647);
#8650=CURVE_STYLE('',#1556,POSITIVE_LENGTH_MEASURE(2.E-2),#748);
#8651=PRESENTATION_STYLE_ASSIGNMENT((#8650));
#8652=STYLED_ITEM('',(#8651),#8649);
#8653=DIRECTION('',(0.E0,0.E0,-1.E0));
#8654=VECTOR('',#8653,7.0755E0);
#8655=CARTESIAN_POINT('',(5.675111591959E-1,-5.399508000428E0,1.091565E1));
#8656=LINE('',#8655,#8654);
#8657=CURVE_STYLE('',#1556,POSITIVE_LENGTH_MEASURE(2.E-2),#748);
#8658=PRESENTATION_STYLE_ASSIGNMENT((#8657));
#8659=STYLED_ITEM('',(#8658),#8656);
#8660=DIRECTION('',(0.E0,0.E0,-1.E0));
#8661=VECTOR('',#8660,7.0755E0);
#8662=CARTESIAN_POINT('',(0.E0,-5.42925E0,1.091565E1));
#8663=LINE('',#8662,#8661);
#8664=CURVE_STYLE('',#1556,POSITIVE_LENGTH_MEASURE(2.E-2),#748);
#8665=PRESENTATION_STYLE_ASSIGNMENT((#8664));
#8666=STYLED_ITEM('',(#8665),#8663);
#8667=DIRECTION('',(0.E0,0.E0,-1.E0));
#8668=VECTOR('',#8667,7.0755E0);
#8669=CARTESIAN_POINT('',(-5.675111591959E-1,-5.399508000428E0,1.091565E1));
#8670=LINE('',#8669,#8668);
#8671=CURVE_STYLE('',#1556,POSITIVE_LENGTH_MEASURE(2.E-2),#748);
#8672=PRESENTATION_STYLE_ASSIGNMENT((#8671));
#8673=STYLED_ITEM('',(#8672),#8670);
#8674=DIRECTION('',(0.E0,0.E0,-1.E0));
#8675=VECTOR('',#8674,7.0755E0);
#8676=CARTESIAN_POINT('',(-1.128804547372E0,-5.310607861284E0,1.091565E1));
#8677=LINE('',#8676,#8675);
#8678=CURVE_STYLE('',#1556,POSITIVE_LENGTH_MEASURE(2.E-2),#748);
#8679=PRESENTATION_STYLE_ASSIGNMENT((#8678));
#8680=STYLED_ITEM('',(#8679),#8677);
#8681=DIRECTION('',(0.E0,0.E0,-1.E0));
#8682=VECTOR('',#8681,7.0755E0);
#8683=CARTESIAN_POINT('',(-1.677730516710E0,-5.163523591095E0,1.091565E1));
#8684=LINE('',#8683,#8682);
#8685=CURVE_STYLE('',#1556,POSITIVE_LENGTH_MEASURE(2.E-2),#748);
#8686=PRESENTATION_STYLE_ASSIGNMENT((#8685));
#8687=STYLED_ITEM('',(#8686),#8684);
#8688=DIRECTION('',(0.E0,0.E0,-1.E0));
#8689=VECTOR('',#8688,7.0755E0);
#8690=CARTESIAN_POINT('',(-2.208274919419E0,-4.959866675906E0,1.091565E1));
#8691=LINE('',#8690,#8689);
#8692=CURVE_STYLE('',#1556,POSITIVE_LENGTH_MEASURE(2.E-2),#748);
#8693=PRESENTATION_STYLE_ASSIGNMENT((#8692));
#8694=STYLED_ITEM('',(#8693),#8691);
#8695=DIRECTION('',(0.E0,0.E0,-1.E0));
#8696=VECTOR('',#8695,7.0755E0);
#8697=CARTESIAN_POINT('',(-2.714625E0,-4.701868423497E0,1.091565E1));
#8698=LINE('',#8697,#8696);
#8699=CURVE_STYLE('',#1556,POSITIVE_LENGTH_MEASURE(2.E-2),#748);
#8700=PRESENTATION_STYLE_ASSIGNMENT((#8699));
#8701=STYLED_ITEM('',(#8700),#8698);
#8702=DIRECTION('',(0.E0,0.E0,-1.E0));
#8703=VECTOR('',#8702,7.0755E0);
#8704=CARTESIAN_POINT('',(-3.191233081009E0,-4.392355516710E0,1.091565E1));
#8705=LINE('',#8704,#8703);
#8706=CURVE_STYLE('',#1556,POSITIVE_LENGTH_MEASURE(2.E-2),#748);
#8707=PRESENTATION_STYLE_ASSIGNMENT((#8706));
#8708=STYLED_ITEM('',(#8707),#8705);
#8709=DIRECTION('',(0.E0,0.E0,-1.E0));
#8710=VECTOR('',#8709,7.0755E0);
#8711=CARTESIAN_POINT('',(-3.632877344574E0,-4.034719043723E0,1.091565E1));
#8712=LINE('',#8711,#8710);
#8713=CURVE_STYLE('',#1556,POSITIVE_LENGTH_MEASURE(2.E-2),#748);
#8714=PRESENTATION_STYLE_ASSIGNMENT((#8713));
#8715=STYLED_ITEM('',(#8714),#8712);
#8716=DIRECTION('',(0.E0,0.E0,-1.E0));
#8717=VECTOR('',#8716,7.0755E0);
#8718=CARTESIAN_POINT('',(-4.034719043723E0,-3.632877344574E0,1.091565E1));
#8719=LINE('',#8718,#8717);
#8720=CURVE_STYLE('',#1556,POSITIVE_LENGTH_MEASURE(2.E-2),#748);
#8721=PRESENTATION_STYLE_ASSIGNMENT((#8720));
#8722=STYLED_ITEM('',(#8721),#8719);
#8723=DIRECTION('',(0.E0,0.E0,-1.E0));
#8724=VECTOR('',#8723,7.0755E0);
#8725=CARTESIAN_POINT('',(-4.392355516710E0,-3.191233081009E0,1.091565E1));
#8726=LINE('',#8725,#8724);
#8727=CURVE_STYLE('',#1556,POSITIVE_LENGTH_MEASURE(2.E-2),#748);
#8728=PRESENTATION_STYLE_ASSIGNMENT((#8727));
#8729=STYLED_ITEM('',(#8728),#8726);
#8730=DIRECTION('',(0.E0,0.E0,-1.E0));
#8731=VECTOR('',#8730,7.0755E0);
#8732=CARTESIAN_POINT('',(-4.701868423497E0,-2.714625E0,1.091565E1));
#8733=LINE('',#8732,#8731);
#8734=CURVE_STYLE('',#1556,POSITIVE_LENGTH_MEASURE(2.E-2),#748);
#8735=PRESENTATION_STYLE_ASSIGNMENT((#8734));
#8736=STYLED_ITEM('',(#8735),#8733);
#8737=DIRECTION('',(0.E0,0.E0,-1.E0));
#8738=VECTOR('',#8737,7.0755E0);
#8739=CARTESIAN_POINT('',(-4.959866675906E0,-2.208274919419E0,1.091565E1));
#8740=LINE('',#8739,#8738);
#8741=CURVE_STYLE('',#1556,POSITIVE_LENGTH_MEASURE(2.E-2),#748);
#8742=PRESENTATION_STYLE_ASSIGNMENT((#8741));
#8743=STYLED_ITEM('',(#8742),#8740);
#8744=DIRECTION('',(0.E0,0.E0,-1.E0));
#8745=VECTOR('',#8744,7.0755E0);
#8746=CARTESIAN_POINT('',(-5.163523591095E0,-1.677730516710E0,1.091565E1));
#8747=LINE('',#8746,#8745);
#8748=CURVE_STYLE('',#1556,POSITIVE_LENGTH_MEASURE(2.E-2),#748);
#8749=PRESENTATION_STYLE_ASSIGNMENT((#8748));
#8750=STYLED_ITEM('',(#8749),#8747);
#8751=DIRECTION('',(0.E0,0.E0,-1.E0));
#8752=VECTOR('',#8751,7.0755E0);
#8753=CARTESIAN_POINT('',(-5.310607861284E0,-1.128804547372E0,1.091565E1));
#8754=LINE('',#8753,#8752);
#8755=CURVE_STYLE('',#1556,POSITIVE_LENGTH_MEASURE(2.E-2),#748);
#8756=PRESENTATION_STYLE_ASSIGNMENT((#8755));
#8757=STYLED_ITEM('',(#8756),#8754);
#8758=CARTESIAN_POINT('',(0.E0,0.E0,1.120128192266E1));
#8759=DIRECTION('',(0.E0,0.E0,-1.E0));
#8760=DIRECTION('',(1.E0,0.E0,0.E0));
#8761=AXIS2_PLACEMENT_3D('',#8758,#8759,#8760);
#8763=CURVE_STYLE('',#1556,POSITIVE_LENGTH_MEASURE(2.E-2),#748);
#8764=PRESENTATION_STYLE_ASSIGNMENT((#8763));
#8765=STYLED_ITEM('',(#8764),#8762);
#8766=CARTESIAN_POINT('',(0.E0,0.E0,1.120128192266E1));
#8767=DIRECTION('',(0.E0,0.E0,-1.E0));
#8768=DIRECTION('',(-1.E0,0.E0,0.E0));
#8769=AXIS2_PLACEMENT_3D('',#8766,#8767,#8768);
#8771=CURVE_STYLE('',#1556,POSITIVE_LENGTH_MEASURE(2.E-2),#748);
#8772=PRESENTATION_STYLE_ASSIGNMENT((#8771));
#8773=STYLED_ITEM('',(#8772),#8770);
#8774=CARTESIAN_POINT('',(0.E0,0.E0,1.120155932153E1));
#8775=DIRECTION('',(0.E0,0.E0,1.E0));
#8776=DIRECTION('',(-1.E0,0.E0,0.E0));
#8777=AXIS2_PLACEMENT_3D('',#8774,#8775,#8776);
#8779=CURVE_STYLE('',#1556,POSITIVE_LENGTH_MEASURE(2.E-2),#748);
#8780=PRESENTATION_STYLE_ASSIGNMENT((#8779));
#8781=STYLED_ITEM('',(#8780),#8778);
#8782=CARTESIAN_POINT('',(0.E0,0.E0,1.120155932153E1));
#8783=DIRECTION('',(0.E0,0.E0,1.E0));
#8784=DIRECTION('',(1.E0,0.E0,0.E0));
#8785=AXIS2_PLACEMENT_3D('',#8782,#8783,#8784);
#8787=CURVE_STYLE('',#1556,POSITIVE_LENGTH_MEASURE(2.E-2),#748);
#8788=PRESENTATION_STYLE_ASSIGNMENT((#8787));
#8789=STYLED_ITEM('',(#8788),#8786);
#8790=CARTESIAN_POINT('',(0.E0,0.E0,1.091554100554E1));
#8791=DIRECTION('',(0.E0,0.E0,-1.E0));
#8792=DIRECTION('',(1.E0,0.E0,0.E0));
#8793=AXIS2_PLACEMENT_3D('',#8790,#8791,#8792);
#8795=CURVE_STYLE('',#1556,POSITIVE_LENGTH_MEASURE(2.E-2),#748);
#8796=PRESENTATION_STYLE_ASSIGNMENT((#8795));
#8797=STYLED_ITEM('',(#8796),#8794);
#8798=DIRECTION('',(-7.071067811865E-1,0.E0,-7.071067811865E-1));
#8799=VECTOR('',#8798,4.040841825439E-1);
#8800=CARTESIAN_POINT('',(3.714678755459E0,0.E0,1.120132875546E1));
#8801=LINE('',#8800,#8799);
#8802=CURVE_STYLE('',#1556,POSITIVE_LENGTH_MEASURE(2.E-2),#748);
#8803=PRESENTATION_STYLE_ASSIGNMENT((#8802));
#8804=STYLED_ITEM('',(#8803),#8801);
#8805=CARTESIAN_POINT('',(0.E0,0.E0,1.091554100554E1));
#8806=DIRECTION('',(0.E0,0.E0,1.E0));
#8807=DIRECTION('',(1.E0,0.E0,0.E0));
#8808=AXIS2_PLACEMENT_3D('',#8805,#8806,#8807);
#8810=CURVE_STYLE('',#1556,POSITIVE_LENGTH_MEASURE(2.E-2),#748);
#8811=PRESENTATION_STYLE_ASSIGNMENT((#8810));
#8812=STYLED_ITEM('',(#8811),#8809);
#8813=DIRECTION('',(-7.071067811866E-1,0.E0,7.071067811865E-1));
#8814=VECTOR('',#8813,4.040841825439E-1);
#8815=CARTESIAN_POINT('',(-3.428948089812E0,0.E0,1.091559808981E1));
#8816=LINE('',#8815,#8814);
#8817=CURVE_STYLE('',#1556,POSITIVE_LENGTH_MEASURE(2.E-2),#748);
#8818=PRESENTATION_STYLE_ASSIGNMENT((#8817));
#8819=STYLED_ITEM('',(#8818),#8816);
#8820=DIRECTION('',(1.514087102709E-4,0.E0,-9.999999885377E-1));
#8821=VECTOR('',#8820,3.428480937421E-1);
#8822=CARTESIAN_POINT('',(3.428948089812E0,0.E0,1.091559808981E1));
#8823=LINE('',#8822,#8821);
#8824=CURVE_STYLE('',#1556,POSITIVE_LENGTH_MEASURE(2.E-2),#748);
#8825=PRESENTATION_STYLE_ASSIGNMENT((#8824));
#8826=STYLED_ITEM('',(#8825),#8823);
#8827=DIRECTION('',(-1.916629981383E-5,6.794796917219E-7,9.999999998161E-1));
#8828=VECTOR('',#8827,2.857607360708E-1);
#8829=CARTESIAN_POINT('',(3.381042831585E0,5.714808572739E-1,1.057275E1));
#8830=LINE('',#8829,#8828);
#8831=CURVE_STYLE('',#1556,POSITIVE_LENGTH_MEASURE(2.E-2),#748);
#8832=PRESENTATION_STYLE_ASSIGNMENT((#8831));
#8833=STYLED_ITEM('',(#8832),#8830);
#8834=CARTESIAN_POINT('',(0.E0,0.E0,1.08585E1));
#8835=DIRECTION('',(0.E0,0.E0,-1.E0));
#8836=DIRECTION('',(7.627752165199E-1,6.466637217774E-1,0.E0));
#8837=AXIS2_PLACEMENT_3D('',#8834,#8835,#8836);
#8839=CURVE_STYLE('',#1556,POSITIVE_LENGTH_MEASURE(2.E-2),#748);
#8840=PRESENTATION_STYLE_ASSIGNMENT((#8839));
#8841=STYLED_ITEM('',(#8840),#8838);
#8842=CARTESIAN_POINT('',(0.E0,0.E0,1.08585E1));
#8843=DIRECTION('',(0.E0,0.E0,-1.E0));
#8844=DIRECTION('',(-9.860161279305E-1,1.666499188748E-1,0.E0));
#8845=AXIS2_PLACEMENT_3D('',#8842,#8843,#8844);
#8847=CURVE_STYLE('',#1556,POSITIVE_LENGTH_MEASURE(2.E-2),#748);
#8848=PRESENTATION_STYLE_ASSIGNMENT((#8847));
#8849=STYLED_ITEM('',(#8848),#8846);
#8850=DIRECTION('',(-2.737375104841E-5,9.132031954566E-6,-9.999999995836E-1));
#8851=VECTOR('',#8850,2.857662961622E-1);
#8852=CARTESIAN_POINT('',(-3.381035009090E0,5.714782476469E-1,
1.085851629604E1));
#8853=LINE('',#8852,#8851);
#8854=CURVE_STYLE('',#1556,POSITIVE_LENGTH_MEASURE(2.E-2),#748);
#8855=PRESENTATION_STYLE_ASSIGNMENT((#8854));
#8856=STYLED_ITEM('',(#8855),#8853);
#8857=DIRECTION('',(1.514087102684E-4,-1.562450136848E-14,9.999999885377E-1));
#8858=VECTOR('',#8857,3.428480937421E-1);
#8859=CARTESIAN_POINT('',(-3.429E0,0.E0,1.057275E1));
#8860=LINE('',#8859,#8858);
#8861=CURVE_STYLE('',#1556,POSITIVE_LENGTH_MEASURE(2.E-2),#748);
#8862=PRESENTATION_STYLE_ASSIGNMENT((#8861));
#8863=STYLED_ITEM('',(#8862),#8860);
#8864=DIRECTION('',(1.916629981538E-5,-6.794796932759E-7,9.999999998161E-1));
#8865=VECTOR('',#8864,2.857607360708E-1);
#8866=CARTESIAN_POINT('',(-3.381042831585E0,-5.714808572739E-1,1.057275E1));
#8867=LINE('',#8866,#8865);
#8868=CURVE_STYLE('',#1556,POSITIVE_LENGTH_MEASURE(2.E-2),#748);
#8869=PRESENTATION_STYLE_ASSIGNMENT((#8868));
#8870=STYLED_ITEM('',(#8869),#8867);
#8871=DIRECTION('',(2.737375104220E-5,-9.132031956120E-6,-9.999999995836E-1));
#8872=VECTOR('',#8871,2.857662961622E-1);
#8873=CARTESIAN_POINT('',(3.381035009090E0,-5.714782476469E-1,
1.085851629604E1));
#8874=LINE('',#8873,#8872);
#8875=CURVE_STYLE('',#1556,POSITIVE_LENGTH_MEASURE(2.E-2),#748);
#8876=PRESENTATION_STYLE_ASSIGNMENT((#8875));
#8877=STYLED_ITEM('',(#8876),#8874);
#8878=CARTESIAN_POINT('',(-7.14375E-1,7.14375E-1,1.057275E1));
#8879=DIRECTION('',(0.E0,0.E0,1.E0));
#8880=DIRECTION('',(0.E0,-1.E0,0.E0));
#8881=AXIS2_PLACEMENT_3D('',#8878,#8879,#8880);
#8883=CURVE_STYLE('',#1556,POSITIVE_LENGTH_MEASURE(2.E-2),#748);
#8884=PRESENTATION_STYLE_ASSIGNMENT((#8883));
#8885=STYLED_ITEM('',(#8884),#8882);
#8886=DIRECTION('',(1.E0,9.390762697213E-13,0.E0));
#8887=VECTOR('',#8886,1.000124481860E0);
#8888=CARTESIAN_POINT('',(-1.7145E0,2.8575E-1,1.057275E1));
#8889=LINE('',#8888,#8887);
#8890=CURVE_STYLE('',#1556,POSITIVE_LENGTH_MEASURE(2.E-2),#748);
#8891=PRESENTATION_STYLE_ASSIGNMENT((#8890));
#8892=STYLED_ITEM('',(#8891),#8889);
#8893=DIRECTION('',(0.E0,-1.E0,0.E0));
#8894=VECTOR('',#8893,5.715E-1);
#8895=CARTESIAN_POINT('',(-1.7145E0,2.8575E-1,1.057275E1));
#8896=LINE('',#8895,#8894);
#8897=CURVE_STYLE('',#1556,POSITIVE_LENGTH_MEASURE(2.E-2),#748);
#8898=PRESENTATION_STYLE_ASSIGNMENT((#8897));
#8899=STYLED_ITEM('',(#8898),#8896);
#8900=DIRECTION('',(-1.E0,9.390197925122E-13,0.E0));
#8901=VECTOR('',#8900,1.000125518140E0);
#8902=CARTESIAN_POINT('',(-7.143744818596E-1,-2.857500000009E-1,1.057275E1));
#8903=LINE('',#8902,#8901);
#8904=CURVE_STYLE('',#1556,POSITIVE_LENGTH_MEASURE(2.E-2),#748);
#8905=PRESENTATION_STYLE_ASSIGNMENT((#8904));
#8906=STYLED_ITEM('',(#8905),#8903);
#8907=CARTESIAN_POINT('',(-7.14375E-1,-7.14375E-1,1.057275E1));
#8908=DIRECTION('',(0.E0,0.E0,1.E0));
#8909=DIRECTION('',(9.428090415821E-1,3.333333333333E-1,0.E0));
#8910=AXIS2_PLACEMENT_3D('',#8907,#8908,#8909);
#8912=CURVE_STYLE('',#1556,POSITIVE_LENGTH_MEASURE(2.E-2),#748);
#8913=PRESENTATION_STYLE_ASSIGNMENT((#8912));
#8914=STYLED_ITEM('',(#8913),#8911);
#8915=CARTESIAN_POINT('',(0.E0,0.E0,1.057275E1));
#8916=DIRECTION('',(0.E0,0.E0,1.E0));
#8917=DIRECTION('',(-1.E0,0.E0,0.E0));
#8918=AXIS2_PLACEMENT_3D('',#8915,#8916,#8917);
#8920=CURVE_STYLE('',#1556,POSITIVE_LENGTH_MEASURE(2.E-2),#748);
#8921=PRESENTATION_STYLE_ASSIGNMENT((#8920));
#8922=STYLED_ITEM('',(#8921),#8919);
#8923=CARTESIAN_POINT('',(0.E0,0.E0,1.057275E1));
#8924=DIRECTION('',(0.E0,0.E0,1.E0));
#8925=DIRECTION('',(-9.860132971833E-1,1.666666666667E-1,0.E0));
#8926=AXIS2_PLACEMENT_3D('',#8923,#8924,#8925);
#8928=CURVE_STYLE('',#1556,POSITIVE_LENGTH_MEASURE(2.E-2),#748);
#8929=PRESENTATION_STYLE_ASSIGNMENT((#8928));
#8930=STYLED_ITEM('',(#8929),#8927);
#8931=DIRECTION('',(9.999999999284E-1,1.196677664246E-5,0.E0));
#8932=VECTOR('',#8931,3.070785580153E0);
#8933=CARTESIAN_POINT('',(-3.381042831585E0,5.714808572739E-1,1.057275E1));
#8934=LINE('',#8933,#8932);
#8935=CURVE_STYLE('',#1556,POSITIVE_LENGTH_MEASURE(2.E-2),#748);
#8936=PRESENTATION_STYLE_ASSIGNMENT((#8935));
#8937=STYLED_ITEM('',(#8936),#8934);
#8938=DIRECTION('',(0.E0,0.E0,1.E0));
#8939=VECTOR('',#8938,8.5725E-1);
#8940=CARTESIAN_POINT('',(-3.102572516521E-1,5.715176046790E-1,1.057275E1));
#8941=LINE('',#8940,#8939);
#8942=CURVE_STYLE('',#1556,POSITIVE_LENGTH_MEASURE(2.E-2),#748);
#8943=PRESENTATION_STYLE_ASSIGNMENT((#8942));
#8944=STYLED_ITEM('',(#8943),#8941);
#8945=DIRECTION('',(0.E0,0.E0,-1.E0));
#8946=VECTOR('',#8945,1.7145E0);
#8947=CARTESIAN_POINT('',(-2.857500000009E-1,7.143744818596E-1,1.143E1));
#8948=LINE('',#8947,#8946);
#8949=CURVE_STYLE('',#1556,POSITIVE_LENGTH_MEASURE(2.E-2),#748);
#8950=PRESENTATION_STYLE_ASSIGNMENT((#8949));
#8951=STYLED_ITEM('',(#8950),#8948);
#8952=DIRECTION('',(0.E0,0.E0,1.E0));
#8953=VECTOR('',#8952,8.5725E-1);
#8954=CARTESIAN_POINT('',(-7.143755181404E-1,2.857500000009E-1,9.7155E0));
#8955=LINE('',#8954,#8953);
#8956=CURVE_STYLE('',#1556,POSITIVE_LENGTH_MEASURE(2.E-2),#748);
#8957=PRESENTATION_STYLE_ASSIGNMENT((#8956));
#8958=STYLED_ITEM('',(#8957),#8955);
#8959=CARTESIAN_POINT('',(-3.381035009090E0,5.714782476469E-1,
1.085851629604E1));
#8960=CARTESIAN_POINT('',(-3.348477976814E0,5.714782476469E-1,
1.092271964158E1));
#8961=CARTESIAN_POINT('',(-3.283583961710E0,5.715099024763E-1,
1.105063365065E1));
#8962=CARTESIAN_POINT('',(-3.187004791937E0,5.714979698627E-1,
1.124085212049E1));
#8963=CARTESIAN_POINT('',(-3.122844618620E0,5.714981353361E-1,
1.136709536463E1));
#8964=CARTESIAN_POINT('',(-3.090851506528E0,5.714981353361E-1,
1.143001508262E1));
#8966=CURVE_STYLE('',#1556,POSITIVE_LENGTH_MEASURE(2.E-2),#748);
#8967=PRESENTATION_STYLE_ASSIGNMENT((#8966));
#8968=STYLED_ITEM('',(#8967),#8965);
#8969=DIRECTION('',(3.411188861965E-1,2.892021879812E-1,-8.944271909702E-1));
#8970=VECTOR('',#8969,6.389528079715E-1);
#8971=CARTESIAN_POINT('',(2.397596879194E0,2.032607200224E0,1.143001836859E1));
#8972=LINE('',#8971,#8970);
#8973=CURVE_STYLE('',#1556,POSITIVE_LENGTH_MEASURE(2.E-2),#748);
#8974=PRESENTATION_STYLE_ASSIGNMENT((#8973));
#8975=STYLED_ITEM('',(#8974),#8972);
#8976=CARTESIAN_POINT('',(3.381037354610E0,5.714810514425E-1,1.085851073602E1));
#8977=CARTESIAN_POINT('',(3.348475967870E0,5.714810514425E-1,1.092272264613E1));
#8978=CARTESIAN_POINT('',(3.283571760171E0,5.715088474140E-1,1.105065474447E1));
#8979=CARTESIAN_POINT('',(3.186991893412E0,5.714974568872E-1,1.124087489389E1));
#8980=CARTESIAN_POINT('',(3.122842826968E0,5.715000356538E-1,1.136709821223E1));
#8981=CARTESIAN_POINT('',(3.090854326684E0,5.715000356538E-1,1.143000884530E1));
#8983=CURVE_STYLE('',#1556,POSITIVE_LENGTH_MEASURE(2.E-2),#748);
#8984=PRESENTATION_STYLE_ASSIGNMENT((#8983));
#8985=STYLED_ITEM('',(#8984),#8982);
#8986=DIRECTION('',(-9.999999999818E-1,6.032156604128E-6,0.E0));
#8987=VECTOR('',#8986,3.070779138130E0);
#8988=CARTESIAN_POINT('',(3.381042831585E0,5.714808572739E-1,1.057275E1));
#8989=LINE('',#8988,#8987);
#8990=CURVE_STYLE('',#1556,POSITIVE_LENGTH_MEASURE(2.E-2),#748);
#8991=PRESENTATION_STYLE_ASSIGNMENT((#8990));
#8992=STYLED_ITEM('',(#8991),#8989);
#8993=DIRECTION('',(0.E0,0.E0,-1.E0));
#8994=VECTOR('',#8993,8.5725E-1);
#8995=CARTESIAN_POINT('',(3.102636935110E-1,5.714993806945E-1,1.143E1));
#8996=LINE('',#8995,#8994);
#8997=CURVE_STYLE('',#1556,POSITIVE_LENGTH_MEASURE(2.E-2),#748);
#8998=PRESENTATION_STYLE_ASSIGNMENT((#8997));
#8999=STYLED_ITEM('',(#8998),#8996);
#9000=DIRECTION('',(0.E0,0.E0,-1.E0));
#9001=VECTOR('',#9000,8.5725E-1);
#9002=CARTESIAN_POINT('',(7.143744818596E-1,2.857500000009E-1,1.057275E1));
#9003=LINE('',#9002,#9001);
#9004=CURVE_STYLE('',#1556,POSITIVE_LENGTH_MEASURE(2.E-2),#748);
#9005=PRESENTATION_STYLE_ASSIGNMENT((#9004));
#9006=STYLED_ITEM('',(#9005),#9003);
#9007=DIRECTION('',(0.E0,0.E0,1.E0));
#9008=VECTOR('',#9007,1.7145E0);
#9009=CARTESIAN_POINT('',(2.857500000009E-1,7.143755181404E-1,9.7155E0));
#9010=LINE('',#9009,#9008);
#9011=CURVE_STYLE('',#1556,POSITIVE_LENGTH_MEASURE(2.E-2),#748);
#9012=PRESENTATION_STYLE_ASSIGNMENT((#9011));
#9013=STYLED_ITEM('',(#9012),#9010);
#9014=CARTESIAN_POINT('',(7.14375E-1,7.14375E-1,1.057275E1));
#9015=DIRECTION('',(0.E0,0.E0,1.E0));
#9016=DIRECTION('',(-9.428090415821E-1,-3.333333333333E-1,0.E0));
#9017=AXIS2_PLACEMENT_3D('',#9014,#9015,#9016);
#9019=CURVE_STYLE('',#1556,POSITIVE_LENGTH_MEASURE(2.E-2),#748);
#9020=PRESENTATION_STYLE_ASSIGNMENT((#9019));
#9021=STYLED_ITEM('',(#9020),#9018);
#9022=CARTESIAN_POINT('',(0.E0,0.E0,1.057275E1));
#9023=DIRECTION('',(0.E0,0.E0,1.E0));
#9024=DIRECTION('',(1.E0,0.E0,0.E0));
#9025=AXIS2_PLACEMENT_3D('',#9022,#9023,#9024);
#9027=CURVE_STYLE('',#1556,POSITIVE_LENGTH_MEASURE(2.E-2),#748);
#9028=PRESENTATION_STYLE_ASSIGNMENT((#9027));
#9029=STYLED_ITEM('',(#9028),#9026);
#9030=CARTESIAN_POINT('',(0.E0,0.E0,1.057275E1));
#9031=DIRECTION('',(0.E0,0.E0,1.E0));
#9032=DIRECTION('',(9.860132971833E-1,-1.666666666667E-1,0.E0));
#9033=AXIS2_PLACEMENT_3D('',#9030,#9031,#9032);
#9035=CURVE_STYLE('',#1556,POSITIVE_LENGTH_MEASURE(2.E-2),#748);
#9036=PRESENTATION_STYLE_ASSIGNMENT((#9035));
#9037=STYLED_ITEM('',(#9036),#9034);
#9038=CARTESIAN_POINT('',(7.14375E-1,-7.14375E-1,1.057275E1));
#9039=DIRECTION('',(0.E0,0.E0,1.E0));
#9040=DIRECTION('',(0.E0,1.E0,0.E0));
#9041=AXIS2_PLACEMENT_3D('',#9038,#9039,#9040);
#9043=CURVE_STYLE('',#1556,POSITIVE_LENGTH_MEASURE(2.E-2),#748);
#9044=PRESENTATION_STYLE_ASSIGNMENT((#9043));
#9045=STYLED_ITEM('',(#9044),#9042);
#9046=DIRECTION('',(-1.E0,-9.389652612374E-13,0.E0));
#9047=VECTOR('',#9046,1.000124481860E0);
#9048=CARTESIAN_POINT('',(1.7145E0,-2.8575E-1,1.057275E1));
#9049=LINE('',#9048,#9047);
#9050=CURVE_STYLE('',#1556,POSITIVE_LENGTH_MEASURE(2.E-2),#748);
#9051=PRESENTATION_STYLE_ASSIGNMENT((#9050));
#9052=STYLED_ITEM('',(#9051),#9049);
#9053=DIRECTION('',(0.E0,1.E0,0.E0));
#9054=VECTOR('',#9053,5.715E-1);
#9055=CARTESIAN_POINT('',(1.7145E0,-2.8575E-1,1.057275E1));
#9056=LINE('',#9055,#9054);
#9057=CURVE_STYLE('',#1556,POSITIVE_LENGTH_MEASURE(2.E-2),#748);
#9058=PRESENTATION_STYLE_ASSIGNMENT((#9057));
#9059=STYLED_ITEM('',(#9058),#9056);
#9060=DIRECTION('',(1.E0,-9.390197925122E-13,0.E0));
#9061=VECTOR('',#9060,1.000125518140E0);
#9062=CARTESIAN_POINT('',(7.143744818596E-1,2.857500000009E-1,1.057275E1));
#9063=LINE('',#9062,#9061);
#9064=CURVE_STYLE('',#1556,POSITIVE_LENGTH_MEASURE(2.E-2),#748);
#9065=PRESENTATION_STYLE_ASSIGNMENT((#9064));
#9066=STYLED_ITEM('',(#9065),#9063);
#9067=DIRECTION('',(9.999999999284E-1,1.196677664260E-5,0.E0));
#9068=VECTOR('',#9067,3.070785580153E0);
#9069=CARTESIAN_POINT('',(3.102572516521E-1,-5.715176046790E-1,1.057275E1));
#9070=LINE('',#9069,#9068);
#9071=CURVE_STYLE('',#1556,POSITIVE_LENGTH_MEASURE(2.E-2),#748);
#9072=PRESENTATION_STYLE_ASSIGNMENT((#9071));
#9073=STYLED_ITEM('',(#9072),#9070);
#9074=CARTESIAN_POINT('',(3.090851506528E0,-5.714981353361E-1,
1.143001508262E1));
#9075=CARTESIAN_POINT('',(3.122839151255E0,-5.714981353361E-1,
1.136710611710E1));
#9076=CARTESIAN_POINT('',(3.186990920617E0,-5.714979698627E-1,
1.124087662428E1));
#9077=CARTESIAN_POINT('',(3.283570542669E0,-5.715099024763E-1,
1.105065678424E1));
#9078=CARTESIAN_POINT('',(3.348472804561E0,-5.714782476469E-1,
1.092272984140E1));
#9079=CARTESIAN_POINT('',(3.381035009090E0,-5.714782476469E-1,
1.085851629604E1));
#9081=CURVE_STYLE('',#1556,POSITIVE_LENGTH_MEASURE(2.E-2),#748);
#9082=PRESENTATION_STYLE_ASSIGNMENT((#9081));
#9083=STYLED_ITEM('',(#9082),#9080);
#9084=DIRECTION('',(-9.999999999608E-1,-7.001864025721E-6,-5.424245023578E-6));
#9085=VECTOR('',#9084,2.780594254985E0);
#9086=CARTESIAN_POINT('',(3.090851506528E0,-5.714981353361E-1,
1.143001508262E1));
#9087=LINE('',#9086,#9085);
#9088=CURVE_STYLE('',#1556,POSITIVE_LENGTH_MEASURE(2.E-2),#748);
#9089=PRESENTATION_STYLE_ASSIGNMENT((#9088));
#9090=STYLED_ITEM('',(#9089),#9087);
#9091=DIRECTION('',(0.E0,0.E0,1.E0));
#9092=VECTOR('',#9091,8.5725E-1);
#9093=CARTESIAN_POINT('',(3.102572516521E-1,-5.715176046790E-1,1.057275E1));
#9094=LINE('',#9093,#9092);
#9095=CURVE_STYLE('',#1556,POSITIVE_LENGTH_MEASURE(2.E-2),#748);
#9096=PRESENTATION_STYLE_ASSIGNMENT((#9095));
#9097=STYLED_ITEM('',(#9096),#9094);
#9098=DIRECTION('',(0.E0,0.E0,-1.E0));
#9099=VECTOR('',#9098,1.7145E0);
#9100=CARTESIAN_POINT('',(2.857500000009E-1,-7.143744818596E-1,1.143E1));
#9101=LINE('',#9100,#9099);
#9102=CURVE_STYLE('',#1556,POSITIVE_LENGTH_MEASURE(2.E-2),#748);
#9103=PRESENTATION_STYLE_ASSIGNMENT((#9102));
#9104=STYLED_ITEM('',(#9103),#9101);
#9105=DIRECTION('',(0.E0,0.E0,1.E0));
#9106=VECTOR('',#9105,8.5725E-1);
#9107=CARTESIAN_POINT('',(7.143755181404E-1,-2.857500000009E-1,9.7155E0));
#9108=LINE('',#9107,#9106);
#9109=CURVE_STYLE('',#1556,POSITIVE_LENGTH_MEASURE(2.E-2),#748);
#9110=PRESENTATION_STYLE_ASSIGNMENT((#9109));
#9111=STYLED_ITEM('',(#9110),#9108);
#9112=CARTESIAN_POINT('',(7.14375E-1,-7.14375E-1,1.143E1));
#9113=DIRECTION('',(0.E0,0.E0,1.E0));
#9114=DIRECTION('',(-9.428090415821E-1,3.333333333333E-1,0.E0));
#9115=AXIS2_PLACEMENT_3D('',#9112,#9113,#9114);
#9117=CURVE_STYLE('',#1556,POSITIVE_LENGTH_MEASURE(2.E-2),#748);
#9118=PRESENTATION_STYLE_ASSIGNMENT((#9117));
#9119=STYLED_ITEM('',(#9118),#9116);
#9120=CARTESIAN_POINT('',(0.E0,0.E0,1.143003161974E1));
#9121=DIRECTION('',(1.010176680324E-14,1.204441426540E-13,1.E0));
#9122=DIRECTION('',(-7.627786160110E-1,-6.466597118705E-1,8.533563410318E-14));
#9123=AXIS2_PLACEMENT_3D('',#9120,#9121,#9122);
#9125=CURVE_STYLE('',#1556,POSITIVE_LENGTH_MEASURE(2.E-2),#748);
#9126=PRESENTATION_STYLE_ASSIGNMENT((#9125));
#9127=STYLED_ITEM('',(#9126),#9124);
#9128=CARTESIAN_POINT('',(5.062524220052E-14,2.220747559027E-14,
1.143002842594E1));
#9129=DIRECTION('',(-3.263647736431E-14,1.060685514340E-13,1.E0));
#9130=DIRECTION('',(-9.833321660356E-1,-1.818181818182E-1,-1.299813633923E-14));
#9131=AXIS2_PLACEMENT_3D('',#9128,#9129,#9130);
#9133=CURVE_STYLE('',#1556,POSITIVE_LENGTH_MEASURE(2.E-2),#748);
#9134=PRESENTATION_STYLE_ASSIGNMENT((#9133));
#9135=STYLED_ITEM('',(#9134),#9132);
#9136=CARTESIAN_POINT('',(-7.14375E-1,-7.14375E-1,1.143E1));
#9137=DIRECTION('',(0.E0,0.E0,1.E0));
#9138=DIRECTION('',(1.E0,0.E0,0.E0));
#9139=AXIS2_PLACEMENT_3D('',#9136,#9137,#9138);
#9141=CURVE_STYLE('',#1556,POSITIVE_LENGTH_MEASURE(2.E-2),#748);
#9142=PRESENTATION_STYLE_ASSIGNMENT((#9141));
#9143=STYLED_ITEM('',(#9142),#9140);
#9144=DIRECTION('',(-9.389652612374E-13,1.E0,0.E0));
#9145=VECTOR('',#9144,1.000124481860E0);
#9146=CARTESIAN_POINT('',(-2.8575E-1,-1.7145E0,1.143E1));
#9147=LINE('',#9146,#9145);
#9148=CURVE_STYLE('',#1556,POSITIVE_LENGTH_MEASURE(2.E-2),#748);
#9149=PRESENTATION_STYLE_ASSIGNMENT((#9148));
#9150=STYLED_ITEM('',(#9149),#9147);
#9151=DIRECTION('',(1.E0,0.E0,0.E0));
#9152=VECTOR('',#9151,5.715E-1);
#9153=CARTESIAN_POINT('',(-2.8575E-1,-1.7145E0,1.143E1));
#9154=LINE('',#9153,#9152);
#9155=CURVE_STYLE('',#1556,POSITIVE_LENGTH_MEASURE(2.E-2),#748);
#9156=PRESENTATION_STYLE_ASSIGNMENT((#9155));
#9157=STYLED_ITEM('',(#9156),#9154);
#9158=DIRECTION('',(-9.390197925122E-13,-1.E0,0.E0));
#9159=VECTOR('',#9158,1.000125518140E0);
#9160=CARTESIAN_POINT('',(2.857500000009E-1,-7.143744818596E-1,1.143E1));
#9161=LINE('',#9160,#9159);
#9162=CURVE_STYLE('',#1556,POSITIVE_LENGTH_MEASURE(2.E-2),#748);
#9163=PRESENTATION_STYLE_ASSIGNMENT((#9162));
#9164=STYLED_ITEM('',(#9163),#9161);
#9165=CARTESIAN_POINT('',(1.143E0,-1.143E0,1.143E1));
#9166=DIRECTION('',(0.E0,0.E0,1.E0));
#9167=DIRECTION('',(-1.E0,0.E0,0.E0));
#9168=AXIS2_PLACEMENT_3D('',#9165,#9166,#9167);
#9170=CURVE_STYLE('',#1556,POSITIVE_LENGTH_MEASURE(2.E-2),#748);
#9171=PRESENTATION_STYLE_ASSIGNMENT((#9170));
#9172=STYLED_ITEM('',(#9171),#9169);
#9173=CARTESIAN_POINT('',(1.143E0,-1.143E0,1.143E1));
#9174=DIRECTION('',(0.E0,0.E0,-1.E0));
#9175=DIRECTION('',(-1.E0,0.E0,0.E0));
#9176=AXIS2_PLACEMENT_3D('',#9173,#9174,#9175);
#9178=CURVE_STYLE('',#1556,POSITIVE_LENGTH_MEASURE(2.E-2),#748);
#9179=PRESENTATION_STYLE_ASSIGNMENT((#9178));
#9180=STYLED_ITEM('',(#9179),#9177);
#9181=CARTESIAN_POINT('',(-1.143E0,-1.143E0,1.143E1));
#9182=DIRECTION('',(0.E0,0.E0,-1.E0));
#9183=DIRECTION('',(0.E0,-1.E0,0.E0));
#9184=AXIS2_PLACEMENT_3D('',#9181,#9182,#9183);
#9186=CURVE_STYLE('',#1556,POSITIVE_LENGTH_MEASURE(2.E-2),#748);
#9187=PRESENTATION_STYLE_ASSIGNMENT((#9186));
#9188=STYLED_ITEM('',(#9187),#9185);
#9189=CARTESIAN_POINT('',(-1.143E0,-1.143E0,1.143E1));
#9190=DIRECTION('',(0.E0,0.E0,-1.E0));
#9191=DIRECTION('',(0.E0,1.E0,0.E0));
#9192=AXIS2_PLACEMENT_3D('',#9189,#9190,#9191);
#9194=CURVE_STYLE('',#1556,POSITIVE_LENGTH_MEASURE(2.E-2),#748);
#9195=PRESENTATION_STYLE_ASSIGNMENT((#9194));
#9196=STYLED_ITEM('',(#9195),#9193);
#9197=DIRECTION('',(3.411188861965E-1,2.892021879812E-1,8.944271909702E-1));
#9198=VECTOR('',#9197,6.389528079715E-1);
#9199=CARTESIAN_POINT('',(-2.615555749381E0,-2.217393750306E0,
1.085852160339E1));
#9200=LINE('',#9199,#9198);
#9201=CURVE_STYLE('',#1556,POSITIVE_LENGTH_MEASURE(2.E-2),#748);
#9202=PRESENTATION_STYLE_ASSIGNMENT((#9201));
#9203=STYLED_ITEM('',(#9202),#9200);
#9204=CARTESIAN_POINT('',(0.E0,-6.416657675005E-14,1.085853581804E1));
#9205=DIRECTION('',(1.010176680324E-14,1.204441426540E-13,1.E0));
#9206=DIRECTION('',(-7.627752165199E-1,-6.466637217774E-1,8.547693476502E-14));
#9207=AXIS2_PLACEMENT_3D('',#9204,#9205,#9206);
#9209=CURVE_STYLE('',#1556,POSITIVE_LENGTH_MEASURE(2.E-2),#748);
#9210=PRESENTATION_STYLE_ASSIGNMENT((#9209));
#9211=STYLED_ITEM('',(#9210),#9208);
#9212=CARTESIAN_POINT('',(6.927677860427E-14,-3.841001772192E-14,
1.085853487301E1));
#9213=DIRECTION('',(-3.263647736431E-14,1.060685514340E-13,1.E0));
#9214=DIRECTION('',(-9.860161279305E-1,-1.666499188748E-1,-1.450517480980E-14));
#9215=AXIS2_PLACEMENT_3D('',#9212,#9213,#9214);
#9217=CURVE_STYLE('',#1556,POSITIVE_LENGTH_MEASURE(2.E-2),#748);
#9218=PRESENTATION_STYLE_ASSIGNMENT((#9217));
#9219=STYLED_ITEM('',(#9218),#9216);
#9220=CARTESIAN_POINT('',(-3.090854326684E0,-5.715000356538E-1,
1.143000884530E1));
#9221=CARTESIAN_POINT('',(-3.122851766279E0,-5.715000356538E-1,
1.136708063161E1));
#9222=CARTESIAN_POINT('',(-3.187012650017E0,-5.714974568872E-1,
1.124083382695E1));
#9223=CARTESIAN_POINT('',(-3.283592253655E0,-5.715088474140E-1,
1.105061408012E1));
#9224=CARTESIAN_POINT('',(-3.348484793043E0,-5.714810514425E-1,
1.092270524266E1));
#9225=CARTESIAN_POINT('',(-3.381037354610E0,-5.714810514425E-1,
1.085851073602E1));
#9227=CURVE_STYLE('',#1556,POSITIVE_LENGTH_MEASURE(2.E-2),#748);
#9228=PRESENTATION_STYLE_ASSIGNMENT((#9227));
#9229=STYLED_ITEM('',(#9228),#9226);
#9230=DIRECTION('',(-9.999999999949E-1,-2.355468190005E-7,3.181086036743E-6));
#9231=VECTOR('',#9230,2.780590633187E0);
#9232=CARTESIAN_POINT('',(-3.102636935110E-1,-5.714993806945E-1,1.143E1));
#9233=LINE('',#9232,#9231);
#9234=CURVE_STYLE('',#1556,POSITIVE_LENGTH_MEASURE(2.E-2),#748);
#9235=PRESENTATION_STYLE_ASSIGNMENT((#9234));
#9236=STYLED_ITEM('',(#9235),#9233);
#9237=DIRECTION('',(9.999999999818E-1,-6.032156604091E-6,0.E0));
#9238=VECTOR('',#9237,3.070779138130E0);
#9239=CARTESIAN_POINT('',(-3.381042831585E0,-5.714808572739E-1,1.057275E1));
#9240=LINE('',#9239,#9238);
#9241=CURVE_STYLE('',#1556,POSITIVE_LENGTH_MEASURE(2.E-2),#748);
#9242=PRESENTATION_STYLE_ASSIGNMENT((#9241));
#9243=STYLED_ITEM('',(#9242),#9240);
#9244=DIRECTION('',(0.E0,0.E0,-1.E0));
#9245=VECTOR('',#9244,8.5725E-1);
#9246=CARTESIAN_POINT('',(-7.143744818596E-1,-2.857500000009E-1,1.057275E1));
#9247=LINE('',#9246,#9245);
#9248=CURVE_STYLE('',#1556,POSITIVE_LENGTH_MEASURE(2.E-2),#748);
#9249=PRESENTATION_STYLE_ASSIGNMENT((#9248));
#9250=STYLED_ITEM('',(#9249),#9247);
#9251=DIRECTION('',(0.E0,0.E0,1.E0));
#9252=VECTOR('',#9251,1.7145E0);
#9253=CARTESIAN_POINT('',(-2.857500000009E-1,-7.143755181404E-1,9.7155E0));
#9254=LINE('',#9253,#9252);
#9255=CURVE_STYLE('',#1556,POSITIVE_LENGTH_MEASURE(2.E-2),#748);
#9256=PRESENTATION_STYLE_ASSIGNMENT((#9255));
#9257=STYLED_ITEM('',(#9256),#9254);
#9258=DIRECTION('',(0.E0,0.E0,-1.E0));
#9259=VECTOR('',#9258,8.5725E-1);
#9260=CARTESIAN_POINT('',(-3.102636935110E-1,-5.714993806945E-1,1.143E1));
#9261=LINE('',#9260,#9259);
#9262=CURVE_STYLE('',#1556,POSITIVE_LENGTH_MEASURE(2.E-2),#748);
#9263=PRESENTATION_STYLE_ASSIGNMENT((#9262));
#9264=STYLED_ITEM('',(#9263),#9261);
#9265=DIRECTION('',(0.E0,0.E0,-1.E0));
#9266=VECTOR('',#9265,8.5725E-1);
#9267=CARTESIAN_POINT('',(-1.7145E0,-2.8575E-1,1.057275E1));
#9268=LINE('',#9267,#9266);
#9269=CURVE_STYLE('',#1556,POSITIVE_LENGTH_MEASURE(2.E-2),#748);
#9270=PRESENTATION_STYLE_ASSIGNMENT((#9269));
#9271=STYLED_ITEM('',(#9270),#9268);
#9272=DIRECTION('',(0.E0,0.E0,-1.E0));
#9273=VECTOR('',#9272,8.5725E-1);
#9274=CARTESIAN_POINT('',(-1.7145E0,2.8575E-1,1.057275E1));
#9275=LINE('',#9274,#9273);
#9276=CURVE_STYLE('',#1556,POSITIVE_LENGTH_MEASURE(2.E-2),#748);
#9277=PRESENTATION_STYLE_ASSIGNMENT((#9276));
#9278=STYLED_ITEM('',(#9277),#9275);
#9279=DIRECTION('',(9.389642883278E-13,1.E0,0.E0));
#9280=VECTOR('',#9279,1.000125518140E0);
#9281=CARTESIAN_POINT('',(2.8575E-1,-1.7145E0,9.7155E0));
#9282=LINE('',#9281,#9280);
#9283=CURVE_STYLE('',#1556,POSITIVE_LENGTH_MEASURE(2.E-2),#748);
#9284=PRESENTATION_STYLE_ASSIGNMENT((#9283));
#9285=STYLED_ITEM('',(#9284),#9282);
#9286=DIRECTION('',(-1.E0,0.E0,0.E0));
#9287=VECTOR('',#9286,5.715E-1);
#9288=CARTESIAN_POINT('',(2.8575E-1,-1.7145E0,9.7155E0));
#9289=LINE('',#9288,#9287);
#9290=CURVE_STYLE('',#1556,POSITIVE_LENGTH_MEASURE(2.E-2),#748);
#9291=PRESENTATION_STYLE_ASSIGNMENT((#9290));
#9292=STYLED_ITEM('',(#9291),#9289);
#9293=DIRECTION('',(9.389652612374E-13,-1.E0,0.E0));
#9294=VECTOR('',#9293,1.000124481860E0);
#9295=CARTESIAN_POINT('',(-2.857500000009E-1,-7.143755181404E-1,9.7155E0));
#9296=LINE('',#9295,#9294);
#9297=CURVE_STYLE('',#1556,POSITIVE_LENGTH_MEASURE(2.E-2),#748);
#9298=PRESENTATION_STYLE_ASSIGNMENT((#9297));
#9299=STYLED_ITEM('',(#9298),#9296);
#9300=CARTESIAN_POINT('',(-7.14375E-1,-7.14375E-1,9.7155E0));
#9301=DIRECTION('',(0.E0,0.E0,-1.E0));
#9302=DIRECTION('',(0.E0,1.E0,0.E0));
#9303=AXIS2_PLACEMENT_3D('',#9300,#9301,#9302);
#9305=CURVE_STYLE('',#1556,POSITIVE_LENGTH_MEASURE(2.E-2),#748);
#9306=PRESENTATION_STYLE_ASSIGNMENT((#9305));
#9307=STYLED_ITEM('',(#9306),#9304);
#9308=DIRECTION('',(1.E0,-9.389642883278E-13,0.E0));
#9309=VECTOR('',#9308,1.000125518140E0);
#9310=CARTESIAN_POINT('',(-1.7145E0,-2.8575E-1,9.7155E0));
#9311=LINE('',#9310,#9309);
#9312=CURVE_STYLE('',#1556,POSITIVE_LENGTH_MEASURE(2.E-2),#748);
#9313=PRESENTATION_STYLE_ASSIGNMENT((#9312));
#9314=STYLED_ITEM('',(#9313),#9311);
#9315=DIRECTION('',(0.E0,1.E0,0.E0));
#9316=VECTOR('',#9315,5.715E-1);
#9317=CARTESIAN_POINT('',(-1.7145E0,-2.8575E-1,9.7155E0));
#9318=LINE('',#9317,#9316);
#9319=CURVE_STYLE('',#1556,POSITIVE_LENGTH_MEASURE(2.E-2),#748);
#9320=PRESENTATION_STYLE_ASSIGNMENT((#9319));
#9321=STYLED_ITEM('',(#9320),#9318);
#9322=DIRECTION('',(-1.E0,-9.390762697213E-13,0.E0));
#9323=VECTOR('',#9322,1.000124481860E0);
#9324=CARTESIAN_POINT('',(-7.143755181404E-1,2.857500000009E-1,9.7155E0));
#9325=LINE('',#9324,#9323);
#9326=CURVE_STYLE('',#1556,POSITIVE_LENGTH_MEASURE(2.E-2),#748);
#9327=PRESENTATION_STYLE_ASSIGNMENT((#9326));
#9328=STYLED_ITEM('',(#9327),#9325);
#9329=CARTESIAN_POINT('',(-7.14375E-1,7.14375E-1,9.7155E0));
#9330=DIRECTION('',(0.E0,0.E0,-1.E0));
#9331=DIRECTION('',(1.E0,0.E0,0.E0));
#9332=AXIS2_PLACEMENT_3D('',#9329,#9330,#9331);
#9334=CURVE_STYLE('',#1556,POSITIVE_LENGTH_MEASURE(2.E-2),#748);
#9335=PRESENTATION_STYLE_ASSIGNMENT((#9334));
#9336=STYLED_ITEM('',(#9335),#9333);
#9337=DIRECTION('',(-9.390197925122E-13,-1.E0,0.E0));
#9338=VECTOR('',#9337,1.000125518140E0);
#9339=CARTESIAN_POINT('',(-2.8575E-1,1.7145E0,9.7155E0));
#9340=LINE('',#9339,#9338);
#9341=CURVE_STYLE('',#1556,POSITIVE_LENGTH_MEASURE(2.E-2),#748);
#9342=PRESENTATION_STYLE_ASSIGNMENT((#9341));
#9343=STYLED_ITEM('',(#9342),#9340);
#9344=DIRECTION('',(1.E0,0.E0,0.E0));
#9345=VECTOR('',#9344,5.715E-1);
#9346=CARTESIAN_POINT('',(-2.8575E-1,1.7145E0,9.7155E0));
#9347=LINE('',#9346,#9345);
#9348=CURVE_STYLE('',#1556,POSITIVE_LENGTH_MEASURE(2.E-2),#748);
#9349=PRESENTATION_STYLE_ASSIGNMENT((#9348));
#9350=STYLED_ITEM('',(#9349),#9347);
#9351=DIRECTION('',(-9.389652612374E-13,1.E0,0.E0));
#9352=VECTOR('',#9351,1.000124481860E0);
#9353=CARTESIAN_POINT('',(2.857500000009E-1,7.143755181404E-1,9.7155E0));
#9354=LINE('',#9353,#9352);
#9355=CURVE_STYLE('',#1556,POSITIVE_LENGTH_MEASURE(2.E-2),#748);
#9356=PRESENTATION_STYLE_ASSIGNMENT((#9355));
#9357=STYLED_ITEM('',(#9356),#9354);
#9358=CARTESIAN_POINT('',(7.14375E-1,7.14375E-1,9.7155E0));
#9359=DIRECTION('',(0.E0,0.E0,-1.E0));
#9360=DIRECTION('',(0.E0,-1.E0,0.E0));
#9361=AXIS2_PLACEMENT_3D('',#9358,#9359,#9360);
#9363=CURVE_STYLE('',#1556,POSITIVE_LENGTH_MEASURE(2.E-2),#748);
#9364=PRESENTATION_STYLE_ASSIGNMENT((#9363));
#9365=STYLED_ITEM('',(#9364),#9362);
#9366=DIRECTION('',(-1.E0,9.389642883278E-13,0.E0));
#9367=VECTOR('',#9366,1.000125518140E0);
#9368=CARTESIAN_POINT('',(1.7145E0,2.8575E-1,9.7155E0));
#9369=LINE('',#9368,#9367);
#9370=CURVE_STYLE('',#1556,POSITIVE_LENGTH_MEASURE(2.E-2),#748);
#9371=PRESENTATION_STYLE_ASSIGNMENT((#9370));
#9372=STYLED_ITEM('',(#9371),#9369);
#9373=DIRECTION('',(0.E0,-1.E0,0.E0));
#9374=VECTOR('',#9373,5.715E-1);
#9375=CARTESIAN_POINT('',(1.7145E0,2.8575E-1,9.7155E0));
#9376=LINE('',#9375,#9374);
#9377=CURVE_STYLE('',#1556,POSITIVE_LENGTH_MEASURE(2.E-2),#748);
#9378=PRESENTATION_STYLE_ASSIGNMENT((#9377));
#9379=STYLED_ITEM('',(#9378),#9376);
#9380=DIRECTION('',(1.E0,9.389652612374E-13,0.E0));
#9381=VECTOR('',#9380,1.000124481860E0);
#9382=CARTESIAN_POINT('',(7.143755181404E-1,-2.857500000009E-1,9.7155E0));
#9383=LINE('',#9382,#9381);
#9384=CURVE_STYLE('',#1556,POSITIVE_LENGTH_MEASURE(2.E-2),#748);
#9385=PRESENTATION_STYLE_ASSIGNMENT((#9384));
#9386=STYLED_ITEM('',(#9385),#9383);
#9387=CARTESIAN_POINT('',(7.14375E-1,-7.14375E-1,9.7155E0));
#9388=DIRECTION('',(0.E0,0.E0,-1.E0));
#9389=DIRECTION('',(-1.E0,0.E0,0.E0));
#9390=AXIS2_PLACEMENT_3D('',#9387,#9388,#9389);
#9392=CURVE_STYLE('',#1556,POSITIVE_LENGTH_MEASURE(2.E-2),#748);
#9393=PRESENTATION_STYLE_ASSIGNMENT((#9392));
#9394=STYLED_ITEM('',(#9393),#9391);
#9395=DIRECTION('',(0.E0,0.E0,1.E0));
#9396=VECTOR('',#9395,1.7145E0);
#9397=CARTESIAN_POINT('',(2.8575E-1,-1.7145E0,9.7155E0));
#9398=LINE('',#9397,#9396);
#9399=CURVE_STYLE('',#1556,POSITIVE_LENGTH_MEASURE(2.E-2),#748);
#9400=PRESENTATION_STYLE_ASSIGNMENT((#9399));
#9401=STYLED_ITEM('',(#9400),#9398);
#9402=DIRECTION('',(0.E0,0.E0,-1.E0));
#9403=VECTOR('',#9402,1.7145E0);
#9404=CARTESIAN_POINT('',(-2.8575E-1,-1.7145E0,1.143E1));
#9405=LINE('',#9404,#9403);
#9406=CURVE_STYLE('',#1556,POSITIVE_LENGTH_MEASURE(2.E-2),#748);
#9407=PRESENTATION_STYLE_ASSIGNMENT((#9406));
#9408=STYLED_ITEM('',(#9407),#9405);
#9409=DIRECTION('',(0.E0,0.E0,-1.E0));
#9410=VECTOR('',#9409,1.7145E0);
#9411=CARTESIAN_POINT('',(-2.8575E-1,1.7145E0,1.143E1));
#9412=LINE('',#9411,#9410);
#9413=CURVE_STYLE('',#1556,POSITIVE_LENGTH_MEASURE(2.E-2),#748);
#9414=PRESENTATION_STYLE_ASSIGNMENT((#9413));
#9415=STYLED_ITEM('',(#9414),#9412);
#9416=CARTESIAN_POINT('',(7.14375E-1,7.14375E-1,1.143E1));
#9417=DIRECTION('',(0.E0,0.E0,1.E0));
#9418=DIRECTION('',(-1.E0,3.522667398052E-14,0.E0));
#9419=AXIS2_PLACEMENT_3D('',#9416,#9417,#9418);
#9421=CURVE_STYLE('',#1556,POSITIVE_LENGTH_MEASURE(2.E-2),#748);
#9422=PRESENTATION_STYLE_ASSIGNMENT((#9421));
#9423=STYLED_ITEM('',(#9422),#9420);
#9424=DIRECTION('',(9.389652612374E-13,-1.E0,0.E0));
#9425=VECTOR('',#9424,1.000124481860E0);
#9426=CARTESIAN_POINT('',(2.8575E-1,1.7145E0,1.143E1));
#9427=LINE('',#9426,#9425);
#9428=CURVE_STYLE('',#1556,POSITIVE_LENGTH_MEASURE(2.E-2),#748);
#9429=PRESENTATION_STYLE_ASSIGNMENT((#9428));
#9430=STYLED_ITEM('',(#9429),#9427);
#9431=DIRECTION('',(-1.E0,0.E0,0.E0));
#9432=VECTOR('',#9431,5.715E-1);
#9433=CARTESIAN_POINT('',(2.8575E-1,1.7145E0,1.143E1));
#9434=LINE('',#9433,#9432);
#9435=CURVE_STYLE('',#1556,POSITIVE_LENGTH_MEASURE(2.E-2),#748);
#9436=PRESENTATION_STYLE_ASSIGNMENT((#9435));
#9437=STYLED_ITEM('',(#9436),#9434);
#9438=DIRECTION('',(9.390197925122E-13,1.E0,0.E0));
#9439=VECTOR('',#9438,1.000125518140E0);
#9440=CARTESIAN_POINT('',(-2.857500000009E-1,7.143744818596E-1,1.143E1));
#9441=LINE('',#9440,#9439);
#9442=CURVE_STYLE('',#1556,POSITIVE_LENGTH_MEASURE(2.E-2),#748);
#9443=PRESENTATION_STYLE_ASSIGNMENT((#9442));
#9444=STYLED_ITEM('',(#9443),#9441);
#9445=CARTESIAN_POINT('',(-7.14375E-1,7.14375E-1,1.143E1));
#9446=DIRECTION('',(0.E0,0.E0,1.E0));
#9447=DIRECTION('',(9.428090415821E-1,-3.333333333333E-1,0.E0));
#9448=AXIS2_PLACEMENT_3D('',#9445,#9446,#9447);
#9450=CURVE_STYLE('',#1556,POSITIVE_LENGTH_MEASURE(2.E-2),#748);
#9451=PRESENTATION_STYLE_ASSIGNMENT((#9450));
#9452=STYLED_ITEM('',(#9451),#9449);
#9453=DIRECTION('',(-9.999999999608E-1,-7.001864025881E-6,5.424245023578E-6));
#9454=VECTOR('',#9453,2.780594254985E0);
#9455=CARTESIAN_POINT('',(-3.102572516521E-1,5.715176046790E-1,1.143E1));
#9456=LINE('',#9455,#9454);
#9457=CURVE_STYLE('',#1556,POSITIVE_LENGTH_MEASURE(2.E-2),#748);
#9458=PRESENTATION_STYLE_ASSIGNMENT((#9457));
#9459=STYLED_ITEM('',(#9458),#9456);
#9460=CARTESIAN_POINT('',(0.E0,0.E0,1.143003161974E1));
#9461=DIRECTION('',(0.E0,-1.204441426540E-13,1.E0));
#9462=DIRECTION('',(7.627786160110E-1,6.466597118705E-1,8.477049745349E-14));
#9463=AXIS2_PLACEMENT_3D('',#9460,#9461,#9462);
#9465=CURVE_STYLE('',#1556,POSITIVE_LENGTH_MEASURE(2.E-2),#748);
#9466=PRESENTATION_STYLE_ASSIGNMENT((#9465));
#9467=STYLED_ITEM('',(#9466),#9464);
#9468=CARTESIAN_POINT('',(-4.396381569825E-14,-2.131933030351E-14,
1.143002842594E1));
#9469=DIRECTION('',(3.574471330377E-14,-1.072341399113E-13,1.E0));
#9470=DIRECTION('',(9.833321660356E-1,1.818181818182E-1,-1.582381815211E-14));
#9471=AXIS2_PLACEMENT_3D('',#9468,#9469,#9470);
#9473=CURVE_STYLE('',#1556,POSITIVE_LENGTH_MEASURE(2.E-2),#748);
#9474=PRESENTATION_STYLE_ASSIGNMENT((#9473));
#9475=STYLED_ITEM('',(#9474),#9472);
#9476=DIRECTION('',(-9.999999999949E-1,-2.355468192001E-7,-3.181086036104E-6));
#9477=VECTOR('',#9476,2.780590633187E0);
#9478=CARTESIAN_POINT('',(3.090854326684E0,5.715000356538E-1,1.143000884530E1));
#9479=LINE('',#9478,#9477);
#9480=CURVE_STYLE('',#1556,POSITIVE_LENGTH_MEASURE(2.E-2),#748);
#9481=PRESENTATION_STYLE_ASSIGNMENT((#9480));
#9482=STYLED_ITEM('',(#9481),#9479);
#9483=CARTESIAN_POINT('',(-1.143E0,1.143E0,1.143E1));
#9484=DIRECTION('',(0.E0,0.E0,-1.E0));
#9485=DIRECTION('',(0.E0,-1.E0,0.E0));
#9486=AXIS2_PLACEMENT_3D('',#9483,#9484,#9485);
#9488=CURVE_STYLE('',#1556,POSITIVE_LENGTH_MEASURE(2.E-2),#748);
#9489=PRESENTATION_STYLE_ASSIGNMENT((#9488));
#9490=STYLED_ITEM('',(#9489),#9487);
#9491=CARTESIAN_POINT('',(-1.143E0,1.143E0,1.143E1));
#9492=DIRECTION('',(0.E0,0.E0,-1.E0));
#9493=DIRECTION('',(1.E0,0.E0,0.E0));
#9494=AXIS2_PLACEMENT_3D('',#9491,#9492,#9493);
#9496=CURVE_STYLE('',#1556,POSITIVE_LENGTH_MEASURE(2.E-2),#748);
#9497=PRESENTATION_STYLE_ASSIGNMENT((#9496));
#9498=STYLED_ITEM('',(#9497),#9495);
#9499=CARTESIAN_POINT('',(-1.143E0,1.143E0,1.143E1));
#9500=DIRECTION('',(0.E0,0.E0,-1.E0));
#9501=DIRECTION('',(-1.E0,1.165588477297E-14,0.E0));
#9502=AXIS2_PLACEMENT_3D('',#9499,#9500,#9501);
#9504=CURVE_STYLE('',#1556,POSITIVE_LENGTH_MEASURE(2.E-2),#748);
#9505=PRESENTATION_STYLE_ASSIGNMENT((#9504));
#9506=STYLED_ITEM('',(#9505),#9503);
#9507=CARTESIAN_POINT('',(1.143E0,1.143E0,1.143E1));
#9508=DIRECTION('',(0.E0,0.E0,-1.E0));
#9509=DIRECTION('',(0.E0,-1.E0,0.E0));
#9510=AXIS2_PLACEMENT_3D('',#9507,#9508,#9509);
#9512=CURVE_STYLE('',#1556,POSITIVE_LENGTH_MEASURE(2.E-2),#748);
#9513=PRESENTATION_STYLE_ASSIGNMENT((#9512));
#9514=STYLED_ITEM('',(#9513),#9511);
#9515=CARTESIAN_POINT('',(1.143E0,1.143E0,1.143E1));
#9516=DIRECTION('',(0.E0,0.E0,-1.E0));
#9517=DIRECTION('',(0.E0,1.E0,0.E0));
#9518=AXIS2_PLACEMENT_3D('',#9515,#9516,#9517);
#9520=CURVE_STYLE('',#1556,POSITIVE_LENGTH_MEASURE(2.E-2),#748);
#9521=PRESENTATION_STYLE_ASSIGNMENT((#9520));
#9522=STYLED_ITEM('',(#9521),#9519);
#9523=DIRECTION('',(0.E0,0.E0,-1.E0));
#9524=VECTOR('',#9523,1.7145E0);
#9525=CARTESIAN_POINT('',(2.8575E-1,1.7145E0,1.143E1));
#9526=LINE('',#9525,#9524);
#9527=CURVE_STYLE('',#1556,POSITIVE_LENGTH_MEASURE(2.E-2),#748);
#9528=PRESENTATION_STYLE_ASSIGNMENT((#9527));
#9529=STYLED_ITEM('',(#9528),#9526);
#9530=CARTESIAN_POINT('',(-1.143E0,1.143E0,1.143E1));
#9531=DIRECTION('',(0.E0,-1.E0,0.E0));
#9532=DIRECTION('',(-1.E0,0.E0,0.E0));
#9533=AXIS2_PLACEMENT_3D('',#9530,#9531,#9532);
#9535=CURVE_STYLE('',#1556,POSITIVE_LENGTH_MEASURE(2.E-2),#748);
#9536=PRESENTATION_STYLE_ASSIGNMENT((#9535));
#9537=STYLED_ITEM('',(#9536),#9534);
#9538=CARTESIAN_POINT('',(-1.143E0,1.143E0,1.143E1));
#9539=DIRECTION('',(0.E0,-1.E0,0.E0));
#9540=DIRECTION('',(0.E0,0.E0,-1.E0));
#9541=AXIS2_PLACEMENT_3D('',#9538,#9539,#9540);
#9543=CURVE_STYLE('',#1556,POSITIVE_LENGTH_MEASURE(2.E-2),#748);
#9544=PRESENTATION_STYLE_ASSIGNMENT((#9543));
#9545=STYLED_ITEM('',(#9544),#9542);
#9546=CARTESIAN_POINT('',(1.143E0,1.143E0,1.143E1));
#9547=DIRECTION('',(-1.E0,0.E0,0.E0));
#9548=DIRECTION('',(0.E0,1.E0,0.E0));
#9549=AXIS2_PLACEMENT_3D('',#9546,#9547,#9548);
#9551=CURVE_STYLE('',#1556,POSITIVE_LENGTH_MEASURE(2.E-2),#748);
#9552=PRESENTATION_STYLE_ASSIGNMENT((#9551));
#9553=STYLED_ITEM('',(#9552),#9550);
#9554=CARTESIAN_POINT('',(1.143E0,1.143E0,1.143E1));
#9555=DIRECTION('',(-1.E0,0.E0,0.E0));
#9556=DIRECTION('',(0.E0,0.E0,-1.E0));
#9557=AXIS2_PLACEMENT_3D('',#9554,#9555,#9556);
#9559=CURVE_STYLE('',#1556,POSITIVE_LENGTH_MEASURE(2.E-2),#748);
#9560=PRESENTATION_STYLE_ASSIGNMENT((#9559));
#9561=STYLED_ITEM('',(#9560),#9558);
#9562=DIRECTION('',(0.E0,0.E0,1.E0));
#9563=VECTOR('',#9562,8.5725E-1);
#9564=CARTESIAN_POINT('',(1.7145E0,2.8575E-1,9.7155E0));
#9565=LINE('',#9564,#9563);
#9566=CURVE_STYLE('',#1556,POSITIVE_LENGTH_MEASURE(2.E-2),#748);
#9567=PRESENTATION_STYLE_ASSIGNMENT((#9566));
#9568=STYLED_ITEM('',(#9567),#9565);
#9569=DIRECTION('',(0.E0,0.E0,1.E0));
#9570=VECTOR('',#9569,8.5725E-1);
#9571=CARTESIAN_POINT('',(1.7145E0,-2.8575E-1,9.7155E0));
#9572=LINE('',#9571,#9570);
#9573=CURVE_STYLE('',#1556,POSITIVE_LENGTH_MEASURE(2.E-2),#748);
#9574=PRESENTATION_STYLE_ASSIGNMENT((#9573));
#9575=STYLED_ITEM('',(#9574),#9572);
#9576=CARTESIAN_POINT('',(1.143E0,-1.143E0,1.143E1));
#9577=DIRECTION('',(0.E0,1.E0,0.E0));
#9578=DIRECTION('',(1.E0,0.E0,0.E0));
#9579=AXIS2_PLACEMENT_3D('',#9576,#9577,#9578);
#9581=CURVE_STYLE('',#1556,POSITIVE_LENGTH_MEASURE(2.E-2),#748);
#9582=PRESENTATION_STYLE_ASSIGNMENT((#9581));
#9583=STYLED_ITEM('',(#9582),#9580);
#9584=CARTESIAN_POINT('',(1.143E0,-1.143E0,1.143E1));
#9585=DIRECTION('',(0.E0,1.E0,0.E0));
#9586=DIRECTION('',(0.E0,0.E0,-1.E0));
#9587=AXIS2_PLACEMENT_3D('',#9584,#9585,#9586);
#9589=CURVE_STYLE('',#1556,POSITIVE_LENGTH_MEASURE(2.E-2),#748);
#9590=PRESENTATION_STYLE_ASSIGNMENT((#9589));
#9591=STYLED_ITEM('',(#9590),#9588);
#9592=CARTESIAN_POINT('',(-1.143E0,-1.143E0,1.143E1));
#9593=DIRECTION('',(1.E0,0.E0,0.E0));
#9594=DIRECTION('',(0.E0,-1.E0,0.E0));
#9595=AXIS2_PLACEMENT_3D('',#9592,#9593,#9594);
#9597=CURVE_STYLE('',#1556,POSITIVE_LENGTH_MEASURE(2.E-2),#748);
#9598=PRESENTATION_STYLE_ASSIGNMENT((#9597));
#9599=STYLED_ITEM('',(#9598),#9596);
#9600=CARTESIAN_POINT('',(-1.143E0,-1.143E0,1.143E1));
#9601=DIRECTION('',(1.E0,0.E0,0.E0));
#9602=DIRECTION('',(0.E0,0.E0,-1.E0));
#9603=AXIS2_PLACEMENT_3D('',#9600,#9601,#9602);
#9605=CURVE_STYLE('',#1556,POSITIVE_LENGTH_MEASURE(2.E-2),#748);
#9606=PRESENTATION_STYLE_ASSIGNMENT((#9605));
#9607=STYLED_ITEM('',(#9606),#9604);
#9608=DIRECTION('',(-4.467282852607E-6,-4.352171608199E-6,-9.999999999806E-1));
#9609=VECTOR('',#9608,7.075563212176E0);
#9610=CARTESIAN_POINT('',(5.42925E0,0.E0,1.091565E1));
#9611=LINE('',#9610,#9609);
#9612=CURVE_STYLE('',#1556,POSITIVE_LENGTH_MEASURE(2.E-2),#748);
#9613=PRESENTATION_STYLE_ASSIGNMENT((#9612));
#9614=STYLED_ITEM('',(#9613),#9611);
#9615=CARTESIAN_POINT('',(0.E0,0.E0,3.84015E0));
#9616=DIRECTION('',(0.E0,0.E0,1.E0));
#9617=DIRECTION('',(9.781476007338E-1,-2.079116908178E-1,0.E0));
#9618=AXIS2_PLACEMENT_3D('',#9615,#9616,#9617);
#9620=CURVE_STYLE('',#1556,POSITIVE_LENGTH_MEASURE(2.E-2),#748);
#9621=PRESENTATION_STYLE_ASSIGNMENT((#9620));
#9622=STYLED_ITEM('',(#9621),#9619);
#9623=CARTESIAN_POINT('',(0.E0,0.E0,3.84015E0));
#9624=DIRECTION('',(0.E0,0.E0,1.E0));
#9625=DIRECTION('',(9.945218953683E-1,-1.045284632677E-1,0.E0));
#9626=AXIS2_PLACEMENT_3D('',#9623,#9624,#9625);
#9628=CURVE_STYLE('',#1556,POSITIVE_LENGTH_MEASURE(2.E-2),#748);
#9629=PRESENTATION_STYLE_ASSIGNMENT((#9628));
#9630=STYLED_ITEM('',(#9629),#9627);
#9631=CARTESIAN_POINT('',(4.28625E0,0.E0,3.84015E0));
#9632=DIRECTION('',(0.E0,1.E0,0.E0));
#9633=DIRECTION('',(1.E0,0.E0,0.E0));
#9634=AXIS2_PLACEMENT_3D('',#9631,#9632,#9633);
#9636=CURVE_STYLE('',#1556,POSITIVE_LENGTH_MEASURE(2.E-2),#748);
#9637=PRESENTATION_STYLE_ASSIGNMENT((#9636));
#9638=STYLED_ITEM('',(#9637),#9635);
#9639=CARTESIAN_POINT('',(-4.28625E0,0.E0,3.84015E0));
#9640=DIRECTION('',(0.E0,1.E0,0.E0));
#9641=DIRECTION('',(0.E0,0.E0,-1.E0));
#9642=AXIS2_PLACEMENT_3D('',#9639,#9640,#9641);
#9644=CURVE_STYLE('',#1556,POSITIVE_LENGTH_MEASURE(2.E-2),#748);
#9645=PRESENTATION_STYLE_ASSIGNMENT((#9644));
#9646=STYLED_ITEM('',(#9645),#9643);
#9647=CARTESIAN_POINT('',(0.E0,0.E0,3.84015E0));
#9648=DIRECTION('',(0.E0,0.E0,1.E0));
#9649=DIRECTION('',(-1.E0,0.E0,0.E0));
#9650=AXIS2_PLACEMENT_3D('',#9647,#9648,#9649);
#9652=CURVE_STYLE('',#1556,POSITIVE_LENGTH_MEASURE(2.E-2),#748);
#9653=PRESENTATION_STYLE_ASSIGNMENT((#9652));
#9654=STYLED_ITEM('',(#9653),#9651);
#9655=CARTESIAN_POINT('',(0.E0,0.E0,3.84015E0));
#9656=DIRECTION('',(0.E0,0.E0,1.E0));
#9657=DIRECTION('',(-9.945218953683E-1,-1.045284632677E-1,0.E0));
#9658=AXIS2_PLACEMENT_3D('',#9655,#9656,#9657);
#9660=CURVE_STYLE('',#1556,POSITIVE_LENGTH_MEASURE(2.E-2),#748);
#9661=PRESENTATION_STYLE_ASSIGNMENT((#9660));
#9662=STYLED_ITEM('',(#9661),#9659);
#9663=CARTESIAN_POINT('',(0.E0,0.E0,3.84015E0));
#9664=DIRECTION('',(0.E0,0.E0,1.E0));
#9665=DIRECTION('',(-9.781476007338E-1,-2.079116908178E-1,0.E0));
#9666=AXIS2_PLACEMENT_3D('',#9663,#9664,#9665);
#9668=CURVE_STYLE('',#1556,POSITIVE_LENGTH_MEASURE(2.E-2),#748);
#9669=PRESENTATION_STYLE_ASSIGNMENT((#9668));
#9670=STYLED_ITEM('',(#9669),#9667);
#9671=CARTESIAN_POINT('',(0.E0,0.E0,3.84015E0));
#9672=DIRECTION('',(0.E0,0.E0,1.E0));
#9673=DIRECTION('',(-9.510565162952E-1,-3.090169943749E-1,0.E0));
#9674=AXIS2_PLACEMENT_3D('',#9671,#9672,#9673);
#9676=CURVE_STYLE('',#1556,POSITIVE_LENGTH_MEASURE(2.E-2),#748);
#9677=PRESENTATION_STYLE_ASSIGNMENT((#9676));
#9678=STYLED_ITEM('',(#9677),#9675);
#9679=CARTESIAN_POINT('',(0.E0,0.E0,3.84015E0));
#9680=DIRECTION('',(0.E0,0.E0,1.E0));
#9681=DIRECTION('',(-9.135454576426E-1,-4.067366430758E-1,0.E0));
#9682=AXIS2_PLACEMENT_3D('',#9679,#9680,#9681);
#9684=CURVE_STYLE('',#1556,POSITIVE_LENGTH_MEASURE(2.E-2),#748);
#9685=PRESENTATION_STYLE_ASSIGNMENT((#9684));
#9686=STYLED_ITEM('',(#9685),#9683);
#9687=CARTESIAN_POINT('',(0.E0,0.E0,3.84015E0));
#9688=DIRECTION('',(0.E0,0.E0,1.E0));
#9689=DIRECTION('',(-8.660254037844E-1,-5.E-1,0.E0));
#9690=AXIS2_PLACEMENT_3D('',#9687,#9688,#9689);
#9692=CURVE_STYLE('',#1556,POSITIVE_LENGTH_MEASURE(2.E-2),#748);
#9693=PRESENTATION_STYLE_ASSIGNMENT((#9692));
#9694=STYLED_ITEM('',(#9693),#9691);
#9695=CARTESIAN_POINT('',(0.E0,0.E0,3.84015E0));
#9696=DIRECTION('',(0.E0,0.E0,1.E0));
#9697=DIRECTION('',(-8.090169943749E-1,-5.877852522925E-1,0.E0));
#9698=AXIS2_PLACEMENT_3D('',#9695,#9696,#9697);
#9700=CURVE_STYLE('',#1556,POSITIVE_LENGTH_MEASURE(2.E-2),#748);
#9701=PRESENTATION_STYLE_ASSIGNMENT((#9700));
#9702=STYLED_ITEM('',(#9701),#9699);
#9703=CARTESIAN_POINT('',(0.E0,0.E0,3.84015E0));
#9704=DIRECTION('',(0.E0,0.E0,1.E0));
#9705=DIRECTION('',(-7.431448254774E-1,-6.691306063589E-1,0.E0));
#9706=AXIS2_PLACEMENT_3D('',#9703,#9704,#9705);
#9708=CURVE_STYLE('',#1556,POSITIVE_LENGTH_MEASURE(2.E-2),#748);
#9709=PRESENTATION_STYLE_ASSIGNMENT((#9708));
#9710=STYLED_ITEM('',(#9709),#9707);
#9711=CARTESIAN_POINT('',(0.E0,0.E0,3.84015E0));
#9712=DIRECTION('',(0.E0,0.E0,1.E0));
#9713=DIRECTION('',(-6.691306063589E-1,-7.431448254774E-1,0.E0));
#9714=AXIS2_PLACEMENT_3D('',#9711,#9712,#9713);
#9716=CURVE_STYLE('',#1556,POSITIVE_LENGTH_MEASURE(2.E-2),#748);
#9717=PRESENTATION_STYLE_ASSIGNMENT((#9716));
#9718=STYLED_ITEM('',(#9717),#9715);
#9719=CARTESIAN_POINT('',(0.E0,0.E0,3.84015E0));
#9720=DIRECTION('',(0.E0,0.E0,1.E0));
#9721=DIRECTION('',(-5.877852522925E-1,-8.090169943749E-1,0.E0));
#9722=AXIS2_PLACEMENT_3D('',#9719,#9720,#9721);
#9724=CURVE_STYLE('',#1556,POSITIVE_LENGTH_MEASURE(2.E-2),#748);
#9725=PRESENTATION_STYLE_ASSIGNMENT((#9724));
#9726=STYLED_ITEM('',(#9725),#9723);
#9727=CARTESIAN_POINT('',(0.E0,0.E0,3.84015E0));
#9728=DIRECTION('',(0.E0,0.E0,1.E0));
#9729=DIRECTION('',(-5.E-1,-8.660254037844E-1,0.E0));
#9730=AXIS2_PLACEMENT_3D('',#9727,#9728,#9729);
#9732=CURVE_STYLE('',#1556,POSITIVE_LENGTH_MEASURE(2.E-2),#748);
#9733=PRESENTATION_STYLE_ASSIGNMENT((#9732));
#9734=STYLED_ITEM('',(#9733),#9731);
#9735=CARTESIAN_POINT('',(0.E0,0.E0,3.84015E0));
#9736=DIRECTION('',(0.E0,0.E0,1.E0));
#9737=DIRECTION('',(-4.067366430758E-1,-9.135454576426E-1,0.E0));
#9738=AXIS2_PLACEMENT_3D('',#9735,#9736,#9737);
#9740=CURVE_STYLE('',#1556,POSITIVE_LENGTH_MEASURE(2.E-2),#748);
#9741=PRESENTATION_STYLE_ASSIGNMENT((#9740));
#9742=STYLED_ITEM('',(#9741),#9739);
#9743=CARTESIAN_POINT('',(0.E0,0.E0,3.84015E0));
#9744=DIRECTION('',(0.E0,0.E0,1.E0));
#9745=DIRECTION('',(-3.090169943749E-1,-9.510565162952E-1,0.E0));
#9746=AXIS2_PLACEMENT_3D('',#9743,#9744,#9745);
#9748=CURVE_STYLE('',#1556,POSITIVE_LENGTH_MEASURE(2.E-2),#748);
#9749=PRESENTATION_STYLE_ASSIGNMENT((#9748));
#9750=STYLED_ITEM('',(#9749),#9747);
#9751=CARTESIAN_POINT('',(0.E0,0.E0,3.84015E0));
#9752=DIRECTION('',(0.E0,0.E0,1.E0));
#9753=DIRECTION('',(-2.079116908178E-1,-9.781476007338E-1,0.E0));
#9754=AXIS2_PLACEMENT_3D('',#9751,#9752,#9753);
#9756=CURVE_STYLE('',#1556,POSITIVE_LENGTH_MEASURE(2.E-2),#748);
#9757=PRESENTATION_STYLE_ASSIGNMENT((#9756));
#9758=STYLED_ITEM('',(#9757),#9755);
#9759=CARTESIAN_POINT('',(0.E0,0.E0,3.84015E0));
#9760=DIRECTION('',(0.E0,0.E0,1.E0));
#9761=DIRECTION('',(-1.045284632677E-1,-9.945218953683E-1,0.E0));
#9762=AXIS2_PLACEMENT_3D('',#9759,#9760,#9761);
#9764=CURVE_STYLE('',#1556,POSITIVE_LENGTH_MEASURE(2.E-2),#748);
#9765=PRESENTATION_STYLE_ASSIGNMENT((#9764));
#9766=STYLED_ITEM('',(#9765),#9763);
#9767=CARTESIAN_POINT('',(0.E0,0.E0,3.84015E0));
#9768=DIRECTION('',(0.E0,0.E0,1.E0));
#9769=DIRECTION('',(0.E0,-1.E0,0.E0));
#9770=AXIS2_PLACEMENT_3D('',#9767,#9768,#9769);
#9772=CURVE_STYLE('',#1556,POSITIVE_LENGTH_MEASURE(2.E-2),#748);
#9773=PRESENTATION_STYLE_ASSIGNMENT((#9772));
#9774=STYLED_ITEM('',(#9773),#9771);
#9775=CARTESIAN_POINT('',(0.E0,0.E0,3.84015E0));
#9776=DIRECTION('',(0.E0,0.E0,1.E0));
#9777=DIRECTION('',(1.045284632677E-1,-9.945218953683E-1,0.E0));
#9778=AXIS2_PLACEMENT_3D('',#9775,#9776,#9777);
#9780=CURVE_STYLE('',#1556,POSITIVE_LENGTH_MEASURE(2.E-2),#748);
#9781=PRESENTATION_STYLE_ASSIGNMENT((#9780));
#9782=STYLED_ITEM('',(#9781),#9779);
#9783=CARTESIAN_POINT('',(0.E0,0.E0,3.84015E0));
#9784=DIRECTION('',(0.E0,0.E0,1.E0));
#9785=DIRECTION('',(2.079116908178E-1,-9.781476007338E-1,0.E0));
#9786=AXIS2_PLACEMENT_3D('',#9783,#9784,#9785);
#9788=CURVE_STYLE('',#1556,POSITIVE_LENGTH_MEASURE(2.E-2),#748);
#9789=PRESENTATION_STYLE_ASSIGNMENT((#9788));
#9790=STYLED_ITEM('',(#9789),#9787);
#9791=CARTESIAN_POINT('',(0.E0,0.E0,3.84015E0));
#9792=DIRECTION('',(0.E0,0.E0,1.E0));
#9793=DIRECTION('',(3.090169943749E-1,-9.510565162952E-1,0.E0));
#9794=AXIS2_PLACEMENT_3D('',#9791,#9792,#9793);
#9796=CURVE_STYLE('',#1556,POSITIVE_LENGTH_MEASURE(2.E-2),#748);
#9797=PRESENTATION_STYLE_ASSIGNMENT((#9796));
#9798=STYLED_ITEM('',(#9797),#9795);
#9799=CARTESIAN_POINT('',(0.E0,0.E0,3.84015E0));
#9800=DIRECTION('',(0.E0,0.E0,1.E0));
#9801=DIRECTION('',(4.067366430758E-1,-9.135454576426E-1,0.E0));
#9802=AXIS2_PLACEMENT_3D('',#9799,#9800,#9801);
#9804=CURVE_STYLE('',#1556,POSITIVE_LENGTH_MEASURE(2.E-2),#748);
#9805=PRESENTATION_STYLE_ASSIGNMENT((#9804));
#9806=STYLED_ITEM('',(#9805),#9803);
#9807=CARTESIAN_POINT('',(0.E0,0.E0,3.84015E0));
#9808=DIRECTION('',(0.E0,0.E0,1.E0));
#9809=DIRECTION('',(5.E-1,-8.660254037844E-1,0.E0));
#9810=AXIS2_PLACEMENT_3D('',#9807,#9808,#9809);
#9812=CURVE_STYLE('',#1556,POSITIVE_LENGTH_MEASURE(2.E-2),#748);
#9813=PRESENTATION_STYLE_ASSIGNMENT((#9812));
#9814=STYLED_ITEM('',(#9813),#9811);
#9815=CARTESIAN_POINT('',(0.E0,0.E0,3.84015E0));
#9816=DIRECTION('',(0.E0,0.E0,1.E0));
#9817=DIRECTION('',(5.877852522925E-1,-8.090169943749E-1,0.E0));
#9818=AXIS2_PLACEMENT_3D('',#9815,#9816,#9817);
#9820=CURVE_STYLE('',#1556,POSITIVE_LENGTH_MEASURE(2.E-2),#748);
#9821=PRESENTATION_STYLE_ASSIGNMENT((#9820));
#9822=STYLED_ITEM('',(#9821),#9819);
#9823=CARTESIAN_POINT('',(0.E0,0.E0,3.84015E0));
#9824=DIRECTION('',(0.E0,0.E0,1.E0));
#9825=DIRECTION('',(6.691306063589E-1,-7.431448254774E-1,0.E0));
#9826=AXIS2_PLACEMENT_3D('',#9823,#9824,#9825);
#9828=CURVE_STYLE('',#1556,POSITIVE_LENGTH_MEASURE(2.E-2),#748);
#9829=PRESENTATION_STYLE_ASSIGNMENT((#9828));
#9830=STYLED_ITEM('',(#9829),#9827);
#9831=CARTESIAN_POINT('',(0.E0,0.E0,3.84015E0));
#9832=DIRECTION('',(0.E0,0.E0,1.E0));
#9833=DIRECTION('',(7.431448254774E-1,-6.691306063589E-1,0.E0));
#9834=AXIS2_PLACEMENT_3D('',#9831,#9832,#9833);
#9836=CURVE_STYLE('',#1556,POSITIVE_LENGTH_MEASURE(2.E-2),#748);
#9837=PRESENTATION_STYLE_ASSIGNMENT((#9836));
#9838=STYLED_ITEM('',(#9837),#9835);
#9839=CARTESIAN_POINT('',(0.E0,0.E0,3.84015E0));
#9840=DIRECTION('',(0.E0,0.E0,1.E0));
#9841=DIRECTION('',(8.090169943749E-1,-5.877852522925E-1,0.E0));
#9842=AXIS2_PLACEMENT_3D('',#9839,#9840,#9841);
#9844=CURVE_STYLE('',#1556,POSITIVE_LENGTH_MEASURE(2.E-2),#748);
#9845=PRESENTATION_STYLE_ASSIGNMENT((#9844));
#9846=STYLED_ITEM('',(#9845),#9843);
#9847=CARTESIAN_POINT('',(0.E0,0.E0,3.84015E0));
#9848=DIRECTION('',(0.E0,0.E0,1.E0));
#9849=DIRECTION('',(8.660254037844E-1,-5.E-1,0.E0));
#9850=AXIS2_PLACEMENT_3D('',#9847,#9848,#9849);
#9852=CURVE_STYLE('',#1556,POSITIVE_LENGTH_MEASURE(2.E-2),#748);
#9853=PRESENTATION_STYLE_ASSIGNMENT((#9852));
#9854=STYLED_ITEM('',(#9853),#9851);
#9855=CARTESIAN_POINT('',(0.E0,0.E0,3.84015E0));
#9856=DIRECTION('',(0.E0,0.E0,1.E0));
#9857=DIRECTION('',(9.135454576426E-1,-4.067366430758E-1,0.E0));
#9858=AXIS2_PLACEMENT_3D('',#9855,#9856,#9857);
#9860=CURVE_STYLE('',#1556,POSITIVE_LENGTH_MEASURE(2.E-2),#748);
#9861=PRESENTATION_STYLE_ASSIGNMENT((#9860));
#9862=STYLED_ITEM('',(#9861),#9859);
#9863=CARTESIAN_POINT('',(0.E0,0.E0,3.84015E0));
#9864=DIRECTION('',(0.E0,0.E0,1.E0));
#9865=DIRECTION('',(9.510565162952E-1,-3.090169943749E-1,0.E0));
#9866=AXIS2_PLACEMENT_3D('',#9863,#9864,#9865);
#9868=CURVE_STYLE('',#1556,POSITIVE_LENGTH_MEASURE(2.E-2),#748);
#9869=PRESENTATION_STYLE_ASSIGNMENT((#9868));
#9870=STYLED_ITEM('',(#9869),#9867);
#9871=CARTESIAN_POINT('',(0.E0,0.E0,2.69715E0));
#9872=DIRECTION('',(0.E0,0.E0,1.E0));
#9873=DIRECTION('',(-1.E0,-8.592052204073E-14,0.E0));
#9874=AXIS2_PLACEMENT_3D('',#9871,#9872,#9873);
#9876=CURVE_STYLE('',#1556,POSITIVE_LENGTH_MEASURE(2.E-2),#748);
#9877=PRESENTATION_STYLE_ASSIGNMENT((#9876));
#9878=STYLED_ITEM('',(#9877),#9875);
#9879=CARTESIAN_POINT('',(0.E0,0.E0,2.69715E0));
#9880=DIRECTION('',(0.E0,0.E0,1.E0));
#9881=DIRECTION('',(1.E0,8.736363158405E-14,0.E0));
#9882=AXIS2_PLACEMENT_3D('',#9879,#9880,#9881);
#9884=CURVE_STYLE('',#1556,POSITIVE_LENGTH_MEASURE(2.E-2),#748);
#9885=PRESENTATION_STYLE_ASSIGNMENT((#9884));
#9886=STYLED_ITEM('',(#9885),#9883);
#9887=CARTESIAN_POINT('',(0.E0,0.E0,2.697150033969E0));
#9888=DIRECTION('',(0.E0,0.E0,-1.E0));
#9889=DIRECTION('',(1.E0,0.E0,0.E0));
#9890=AXIS2_PLACEMENT_3D('',#9887,#9888,#9889);
#9892=CURVE_STYLE('',#1556,POSITIVE_LENGTH_MEASURE(2.E-2),#748);
#9893=PRESENTATION_STYLE_ASSIGNMENT((#9892));
#9894=STYLED_ITEM('',(#9893),#9891);
#9895=CARTESIAN_POINT('',(0.E0,0.E0,2.697150033969E0));
#9896=DIRECTION('',(0.E0,0.E0,-1.E0));
#9897=DIRECTION('',(-1.E0,0.E0,0.E0));
#9898=AXIS2_PLACEMENT_3D('',#9895,#9896,#9897);
#9900=CURVE_STYLE('',#1556,POSITIVE_LENGTH_MEASURE(2.E-2),#748);
#9901=PRESENTATION_STYLE_ASSIGNMENT((#9900));
#9902=STYLED_ITEM('',(#9901),#9899);
#9903=CARTESIAN_POINT('',(0.E0,0.E0,5.715E-1));
#9904=DIRECTION('',(0.E0,0.E0,1.E0));
#9905=DIRECTION('',(-1.E0,-8.557168406418E-14,0.E0));
#9906=AXIS2_PLACEMENT_3D('',#9903,#9904,#9905);
#9908=CURVE_STYLE('',#1556,POSITIVE_LENGTH_MEASURE(2.E-2),#748);
#9909=PRESENTATION_STYLE_ASSIGNMENT((#9908));
#9910=STYLED_ITEM('',(#9909),#9907);
#9911=DIRECTION('',(2.849180774523E-5,0.E0,9.999999995941E-1));
#9912=VECTOR('',#9911,2.125589438977E0);
#9913=CARTESIAN_POINT('',(4.000439438114E0,3.426257337517E-13,
5.715605618856E-1));
#9914=LINE('',#9913,#9912);
#9915=CURVE_STYLE('',#1556,POSITIVE_LENGTH_MEASURE(2.E-2),#748);
#9916=PRESENTATION_STYLE_ASSIGNMENT((#9915));
#9917=STYLED_ITEM('',(#9916),#9914);
#9918=DIRECTION('',(2.849180774607E-5,0.E0,-9.999999995941E-1));
#9919=VECTOR('',#9918,2.125589438977E0);
#9920=CARTESIAN_POINT('',(-4.0005E0,-3.418762519363E-13,2.69715E0));
#9921=LINE('',#9920,#9919);
#9922=CURVE_STYLE('',#1556,POSITIVE_LENGTH_MEASURE(2.E-2),#748);
#9923=PRESENTATION_STYLE_ASSIGNMENT((#9922));
#9924=STYLED_ITEM('',(#9923),#9921);
#9925=DIRECTION('',(-7.071067811865E-1,1.004924553490E-13,7.071067811865E-1));
#9926=VECTOR('',#9925,8.081846921877E-1);
#9927=CARTESIAN_POINT('',(4.571912314411E0,2.614092696582E-13,
8.768558856402E-5));
#9928=LINE('',#9927,#9926);
#9929=CURVE_STYLE('',#1556,POSITIVE_LENGTH_MEASURE(2.E-2),#748);
#9930=PRESENTATION_STYLE_ASSIGNMENT((#9929));
#9931=STYLED_ITEM('',(#9930),#9928);
#9932=CARTESIAN_POINT('',(0.E0,0.E0,5.716271602076E-1));
#9933=DIRECTION('',(0.E0,0.E0,1.E0));
#9934=DIRECTION('',(1.E0,8.556049827072E-14,0.E0));
#9935=AXIS2_PLACEMENT_3D('',#9932,#9933,#9934);
#9937=CURVE_STYLE('',#1556,POSITIVE_LENGTH_MEASURE(2.E-2),#748);
#9938=PRESENTATION_STYLE_ASSIGNMENT((#9937));
#9939=STYLED_ITEM('',(#9938),#9936);
#9940=DIRECTION('',(-7.071067811865E-1,-6.040880675687E-14,-7.071067811865E-1));
#9941=VECTOR('',#9940,8.081846921877E-1);
#9942=CARTESIAN_POINT('',(-4.000439438114E0,-3.412916968178E-13,
5.715605618856E-1));
#9943=LINE('',#9942,#9941);
#9944=CURVE_STYLE('',#1556,POSITIVE_LENGTH_MEASURE(2.E-2),#748);
#9945=PRESENTATION_STYLE_ASSIGNMENT((#9944));
#9946=STYLED_ITEM('',(#9945),#9943);
#9947=CARTESIAN_POINT('',(0.E0,0.E0,0.E0));
#9948=DIRECTION('',(0.E0,0.E0,1.E0));
#9949=DIRECTION('',(-1.E0,-8.508795884266E-14,0.E0));
#9950=AXIS2_PLACEMENT_3D('',#9947,#9948,#9949);
#9952=CURVE_STYLE('',#1556,POSITIVE_LENGTH_MEASURE(2.E-2),#748);
#9953=PRESENTATION_STYLE_ASSIGNMENT((#9952));
#9954=STYLED_ITEM('',(#9953),#9951);
#9955=CARTESIAN_POINT('',(0.E0,0.E0,0.E0));
#9956=DIRECTION('',(0.E0,0.E0,1.E0));
#9957=DIRECTION('',(1.E0,0.E0,0.E0));
#9958=AXIS2_PLACEMENT_3D('',#9955,#9956,#9957);
#9960=CURVE_STYLE('',#1556,POSITIVE_LENGTH_MEASURE(2.E-2),#748);
#9961=PRESENTATION_STYLE_ASSIGNMENT((#9960));
#9962=STYLED_ITEM('',(#9961),#9959);
#9963=CARTESIAN_POINT('',(0.E0,0.E0,1.416191355395E-4));
#9964=DIRECTION('',(0.E0,0.E0,-1.E0));
#9965=DIRECTION('',(1.E0,0.E0,0.E0));
#9966=AXIS2_PLACEMENT_3D('',#9963,#9964,#9965);
#9968=CURVE_STYLE('',#1556,POSITIVE_LENGTH_MEASURE(2.E-2),#748);
#9969=PRESENTATION_STYLE_ASSIGNMENT((#9968));
#9970=STYLED_ITEM('',(#9969),#9967);
#9971=CARTESIAN_POINT('',(0.E0,0.E0,1.416191355013E-4));
#9972=DIRECTION('',(0.E0,0.E0,-1.E0));
#9973=DIRECTION('',(-1.E0,-8.513652502922E-14,0.E0));
#9974=AXIS2_PLACEMENT_3D('',#9971,#9972,#9973);
#9976=CURVE_STYLE('',#1556,POSITIVE_LENGTH_MEASURE(2.E-2),#748);
#9977=PRESENTATION_STYLE_ASSIGNMENT((#9976));
#9978=STYLED_ITEM('',(#9977),#9975);
#9979=DIRECTION('',(0.E0,-1.592928687506E-14,1.E0));
#9980=VECTOR('',#9979,3.066666666667E-1);
#9981=CARTESIAN_POINT('',(4.0005E0,2.303404940303E-13,-3.066666666667E-1));
#9982=LINE('',#9981,#9980);
#9983=CURVE_STYLE('',#1556,POSITIVE_LENGTH_MEASURE(2.E-2),#748);
#9984=PRESENTATION_STYLE_ASSIGNMENT((#9983));
#9985=STYLED_ITEM('',(#9984),#9982);
#9986=DIRECTION('',(0.E0,0.E0,-1.E0));
#9987=VECTOR('',#9986,3.066666666667E-1);
#9988=CARTESIAN_POINT('',(-4.0005E0,-3.407660289117E-13,0.E0));
#9989=LINE('',#9988,#9987);
#9990=CURVE_STYLE('',#1556,POSITIVE_LENGTH_MEASURE(2.E-2),#748);
#9991=PRESENTATION_STYLE_ASSIGNMENT((#9990));
#9992=STYLED_ITEM('',(#9991),#9989);
#9993=CARTESIAN_POINT('',(0.E0,0.E0,-3.065595626731E-1));
#9994=DIRECTION('',(0.E0,0.E0,1.E0));
#9995=DIRECTION('',(-1.E0,-8.651256698158E-14,0.E0));
#9996=AXIS2_PLACEMENT_3D('',#9993,#9994,#9995);
#9998=CURVE_STYLE('',#1556,POSITIVE_LENGTH_MEASURE(2.E-2),#748);
#9999=PRESENTATION_STYLE_ASSIGNMENT((#9998));
#10000=STYLED_ITEM('',(#9999),#9997);
#10001=CARTESIAN_POINT('',(0.E0,0.E0,-3.065595626731E-1));
#10002=DIRECTION('',(0.E0,0.E0,1.E0));
#10003=DIRECTION('',(1.E0,0.E0,0.E0));
#10004=AXIS2_PLACEMENT_3D('',#10001,#10002,#10003);
#10006=CURVE_STYLE('',#1556,POSITIVE_LENGTH_MEASURE(2.E-2),#748);
#10007=PRESENTATION_STYLE_ASSIGNMENT((#10006));
#10008=STYLED_ITEM('',(#10007),#10005);
#10009=CARTESIAN_POINT('',(0.E0,0.E0,-3.066666666667E-1));
#10010=DIRECTION('',(0.E0,0.E0,-1.E0));
#10011=DIRECTION('',(1.E0,0.E0,0.E0));
#10012=AXIS2_PLACEMENT_3D('',#10009,#10010,#10011);
#10014=CURVE_STYLE('',#1556,POSITIVE_LENGTH_MEASURE(2.E-2),#748);
#10015=PRESENTATION_STYLE_ASSIGNMENT((#10014));
#10016=STYLED_ITEM('',(#10015),#10013);
#10017=CARTESIAN_POINT('',(0.E0,0.E0,-3.066666666667E-1));
#10018=DIRECTION('',(0.E0,0.E0,-1.E0));
#10019=DIRECTION('',(-1.E0,-8.514346305587E-14,0.E0));
#10020=AXIS2_PLACEMENT_3D('',#10017,#10018,#10019);
#10022=CURVE_STYLE('',#1556,POSITIVE_LENGTH_MEASURE(2.E-2),#748);
#10023=PRESENTATION_STYLE_ASSIGNMENT((#10022));
#10024=STYLED_ITEM('',(#10023),#10021);
#10025=DIRECTION('',(-7.790035657331E-1,-3.989182827776E-14,6.270194929786E-1));
#10026=VECTOR('',#10025,3.668147522933E-1);
#10027=CARTESIAN_POINT('',(3.429E0,1.955789477421E-13,-3.066666666667E-1));
#10028=LINE('',#10027,#10026);
#10029=CURVE_STYLE('',#1556,POSITIVE_LENGTH_MEASURE(2.E-2),#748);
#10030=PRESENTATION_STYLE_ASSIGNMENT((#10029));
#10031=STYLED_ITEM('',(#10030),#10028);
#10032=DIRECTION('',(-7.790035657331E-1,-6.973730880048E-14,
-6.270194929786E-1));
#10033=VECTOR('',#10032,3.668147522933E-1);
#10034=CARTESIAN_POINT('',(-3.14325E0,-2.685088231001E-13,-7.666666666666E-2));
#10035=LINE('',#10034,#10033);
#10036=CURVE_STYLE('',#1556,POSITIVE_LENGTH_MEASURE(2.E-2),#748);
#10037=PRESENTATION_STYLE_ASSIGNMENT((#10036));
#10038=STYLED_ITEM('',(#10037),#10035);
#10039=CARTESIAN_POINT('',(0.E0,0.E0,-7.666666666667E-2));
#10040=DIRECTION('',(0.E0,0.E0,1.E0));
#10041=DIRECTION('',(-1.E0,-8.555419423358E-14,0.E0));
#10042=AXIS2_PLACEMENT_3D('',#10039,#10040,#10041);
#10044=CURVE_STYLE('',#1556,POSITIVE_LENGTH_MEASURE(2.E-2),#748);
#10045=PRESENTATION_STYLE_ASSIGNMENT((#10044));
#10046=STYLED_ITEM('',(#10045),#10043);
#10047=CARTESIAN_POINT('',(0.E0,0.E0,-7.666666666667E-2));
#10048=DIRECTION('',(0.E0,0.E0,1.E0));
#10049=DIRECTION('',(1.E0,0.E0,0.E0));
#10050=AXIS2_PLACEMENT_3D('',#10047,#10048,#10049);
#10052=CURVE_STYLE('',#1556,POSITIVE_LENGTH_MEASURE(2.E-2),#748);
#10053=PRESENTATION_STYLE_ASSIGNMENT((#10052));
#10054=STYLED_ITEM('',(#10053),#10051);
#10055=CARTESIAN_POINT('',(0.E0,0.E0,-7.656848934270E-2));
#10056=DIRECTION('',(0.E0,0.E0,-1.E0));
#10057=DIRECTION('',(1.E0,0.E0,0.E0));
#10058=AXIS2_PLACEMENT_3D('',#10055,#10056,#10057);
#10060=CURVE_STYLE('',#1556,POSITIVE_LENGTH_MEASURE(2.E-2),#748);
#10061=PRESENTATION_STYLE_ASSIGNMENT((#10060));
#10062=STYLED_ITEM('',(#10061),#10059);
#10063=CARTESIAN_POINT('',(0.E0,0.E0,-7.656848934271E-2));
#10064=DIRECTION('',(0.E0,0.E0,-1.E0));
#10065=DIRECTION('',(-1.E0,-8.529988402035E-14,0.E0));
#10066=AXIS2_PLACEMENT_3D('',#10063,#10064,#10065);
#10068=CURVE_STYLE('',#1556,POSITIVE_LENGTH_MEASURE(2.E-2),#748);
#10069=PRESENTATION_STYLE_ASSIGNMENT((#10068));
#10070=STYLED_ITEM('',(#10069),#10067);
#10071=CARTESIAN_POINT('',(0.E0,0.E0,-1.916666666667E-1));
#10072=DIRECTION('',(0.E0,0.E0,1.E0));
#10073=DIRECTION('',(-1.E0,-8.529957296444E-14,0.E0));
#10074=AXIS2_PLACEMENT_3D('',#10071,#10072,#10073);
#10076=CURVE_STYLE('',#1556,POSITIVE_LENGTH_MEASURE(2.E-2),#748);
#10077=PRESENTATION_STYLE_ASSIGNMENT((#10076));
#10078=STYLED_ITEM('',(#10077),#10075);
#10079=DIRECTION('',(1.116241370680E-4,-6.920690022988E-13,9.999999937700E-1));
#10080=VECTOR('',#10079,1.149696040317E-1);
#10081=CARTESIAN_POINT('',(2.857487166617E0,2.435742651493E-13,
-1.916362699821E-1));
#10082=LINE('',#10081,#10080);
#10083=CURVE_STYLE('',#1556,POSITIVE_LENGTH_MEASURE(2.E-2),#748);
#10084=PRESENTATION_STYLE_ASSIGNMENT((#10083));
#10085=STYLED_ITEM('',(#10084),#10082);
#10086=DIRECTION('',(1.116241370641E-4,0.E0,-9.999999937700E-1));
#10087=VECTOR('',#10086,1.149696040317E-1);
#10088=CARTESIAN_POINT('',(-2.8575E0,-2.438324014630E-13,-7.666666666667E-2));
#10089=LINE('',#10088,#10087);
#10090=CURVE_STYLE('',#1556,POSITIVE_LENGTH_MEASURE(2.E-2),#748);
#10091=PRESENTATION_STYLE_ASSIGNMENT((#10090));
#10092=STYLED_ITEM('',(#10091),#10089);
#10093=DIRECTION('',(-3.889521571552E-1,8.031510169461E-14,9.212579548879E-1));
#10094=VECTOR('',#10093,7.905714406725E-1);
#10095=CARTESIAN_POINT('',(3.164981633852E0,1.800794394949E-13,
-9.199564986089E-1));
#10096=LINE('',#10095,#10094);
#10097=CURVE_STYLE('',#1556,POSITIVE_LENGTH_MEASURE(2.E-2),#748);
#10098=PRESENTATION_STYLE_ASSIGNMENT((#10097));
#10099=STYLED_ITEM('',(#10098),#10096);
#10100=CARTESIAN_POINT('',(0.E0,0.E0,-1.916039923574E-1));
#10101=DIRECTION('',(0.E0,0.E0,1.E0));
#10102=DIRECTION('',(1.E0,8.529957296444E-14,0.E0));
#10103=AXIS2_PLACEMENT_3D('',#10100,#10101,#10102);
#10105=CURVE_STYLE('',#1556,POSITIVE_LENGTH_MEASURE(2.E-2),#748);
#10106=PRESENTATION_STYLE_ASSIGNMENT((#10105));
#10107=STYLED_ITEM('',(#10106),#10104);
#10108=DIRECTION('',(-3.889521571552E-1,-3.299611433949E-14,
-9.212579548879E-1));
#10109=VECTOR('',#10108,7.905714406725E-1);
#10110=CARTESIAN_POINT('',(-2.857487166617E0,-2.435273910472E-13,
-1.916362699821E-1));
#10111=LINE('',#10110,#10109);
#10112=CURVE_STYLE('',#1556,POSITIVE_LENGTH_MEASURE(2.E-2),#748);
#10113=PRESENTATION_STYLE_ASSIGNMENT((#10112));
#10114=STYLED_ITEM('',(#10113),#10111);
#10115=CARTESIAN_POINT('',(0.E0,0.E0,-9.2E-1));
#10116=DIRECTION('',(0.E0,0.E0,1.E0));
#10117=DIRECTION('',(1.E0,0.E0,0.E0));
#10118=AXIS2_PLACEMENT_3D('',#10115,#10116,#10117);
#10120=CURVE_STYLE('',#1556,POSITIVE_LENGTH_MEASURE(2.E-2),#748);
#10121=PRESENTATION_STYLE_ASSIGNMENT((#10120));
#10122=STYLED_ITEM('',(#10121),#10119);
#10123=CARTESIAN_POINT('',(0.E0,0.E0,-9.2E-1));
#10124=DIRECTION('',(0.E0,0.E0,1.E0));
#10125=DIRECTION('',(-1.E0,0.E0,0.E0));
#10126=AXIS2_PLACEMENT_3D('',#10123,#10124,#10125);
#10128=CURVE_STYLE('',#1556,POSITIVE_LENGTH_MEASURE(2.E-2),#748);
#10129=PRESENTATION_STYLE_ASSIGNMENT((#10128));
#10130=STYLED_ITEM('',(#10129),#10127);
#10131=CARTESIAN_POINT('',(0.E0,0.E0,-9.199279027124E-1));
#10132=DIRECTION('',(0.E0,0.E0,-1.E0));
#10133=DIRECTION('',(1.E0,0.E0,0.E0));
#10134=AXIS2_PLACEMENT_3D('',#10131,#10132,#10133);
#10136=CURVE_STYLE('',#1556,POSITIVE_LENGTH_MEASURE(2.E-2),#748);
#10137=PRESENTATION_STYLE_ASSIGNMENT((#10136));
#10138=STYLED_ITEM('',(#10137),#10135);
#10139=CARTESIAN_POINT('',(0.E0,0.E0,-9.199279027125E-1));
#10140=DIRECTION('',(0.E0,0.E0,-1.E0));
#10141=DIRECTION('',(-1.E0,-8.538018457939E-14,0.E0));
#10142=AXIS2_PLACEMENT_3D('',#10139,#10140,#10141);
#10144=CURVE_STYLE('',#1556,POSITIVE_LENGTH_MEASURE(2.E-2),#748);
#10145=PRESENTATION_STYLE_ASSIGNMENT((#10144));
#10146=STYLED_ITEM('',(#10145),#10143);
#10147=DIRECTION('',(1.902170471768E-3,1.999902336104E-13,-9.999981908721E-1));
#10148=VECTOR('',#10147,9.200016644007E-1);
#10149=CARTESIAN_POINT('',(1.75175E0,-1.839197671800E-13,0.E0));
#10150=LINE('',#10149,#10148);
#10151=CURVE_STYLE('',#1556,POSITIVE_LENGTH_MEASURE(2.E-2),#748);
#10152=PRESENTATION_STYLE_ASSIGNMENT((#10151));
#10153=STYLED_ITEM('',(#10152),#10150);
#10154=DIRECTION('',(1.902170471768E-3,1.999924213325E-13,9.999981908721E-1));
#10155=VECTOR('',#10154,9.200016644007E-1);
#10156=CARTESIAN_POINT('',(-1.7535E0,0.E0,-9.2E-1));
#10157=LINE('',#10156,#10155);
#10158=CURVE_STYLE('',#1556,POSITIVE_LENGTH_MEASURE(2.E-2),#748);
#10159=PRESENTATION_STYLE_ASSIGNMENT((#10158));
#10160=STYLED_ITEM('',(#10159),#10157);
#10161=CARTESIAN_POINT('',(0.E0,0.E0,0.E0));
#10162=DIRECTION('',(0.E0,0.E0,1.E0));
#10163=DIRECTION('',(1.E0,0.E0,0.E0));
#10164=AXIS2_PLACEMENT_3D('',#10161,#10162,#10163);
#10166=CURVE_STYLE('',#1556,POSITIVE_LENGTH_MEASURE(2.E-2),#748);
#10167=PRESENTATION_STYLE_ASSIGNMENT((#10166));
#10168=STYLED_ITEM('',(#10167),#10165);
#10169=CARTESIAN_POINT('',(0.E0,0.E0,0.E0));
#10170=DIRECTION('',(0.E0,0.E0,1.E0));
#10171=DIRECTION('',(-1.E0,0.E0,0.E0));
#10172=AXIS2_PLACEMENT_3D('',#10169,#10170,#10171);
#10174=CURVE_STYLE('',#1556,POSITIVE_LENGTH_MEASURE(2.E-2),#748);
#10175=PRESENTATION_STYLE_ASSIGNMENT((#10174));
#10176=STYLED_ITEM('',(#10175),#10173);
#10177=CARTESIAN_POINT('',(0.E0,0.E0,-5.472E0));
#10178=DIRECTION('',(0.E0,0.E0,1.E0));
#10179=DIRECTION('',(-1.E0,2.099679733301E-13,0.E0));
#10180=AXIS2_PLACEMENT_3D('',#10177,#10178,#10179);
#10182=CURVE_STYLE('',#1556,POSITIVE_LENGTH_MEASURE(2.E-2),#748);
#10183=PRESENTATION_STYLE_ASSIGNMENT((#10182));
#10184=STYLED_ITEM('',(#10183),#10181);
#10185=DIRECTION('',(3.266899412724E-4,3.365811120038E-14,9.999999466368E-1));
#10186=VECTOR('',#10185,5.472037951762E0);
#10187=CARTESIAN_POINT('',(1.749962340243E0,-3.680982290531E-13,
-5.472037659757E0));
#10188=LINE('',#10187,#10186);
#10189=CURVE_STYLE('',#1556,POSITIVE_LENGTH_MEASURE(2.E-2),#748);
#10190=PRESENTATION_STYLE_ASSIGNMENT((#10189));
#10191=STYLED_ITEM('',(#10190),#10188);
#10192=DIRECTION('',(3.266899412724E-4,3.365811138394E-14,-9.999999466368E-1));
#10193=VECTOR('',#10192,5.472037951762E0);
#10194=CARTESIAN_POINT('',(-1.75175E0,1.839217798880E-13,0.E0));
#10195=LINE('',#10194,#10193);
#10196=CURVE_STYLE('',#1556,POSITIVE_LENGTH_MEASURE(2.E-2),#748);
#10197=PRESENTATION_STYLE_ASSIGNMENT((#10196));
#10198=STYLED_ITEM('',(#10197),#10195);
#10199=DIRECTION('',(7.071067811865E-1,-3.350514897709E-13,7.071067811865E-1));
#10200=VECTOR('',#10199,5.204315148105E-1);
#10201=CARTESIAN_POINT('',(1.381961686977E0,-1.937268746922E-13,
-5.840038313023E0));
#10202=LINE('',#10201,#10200);
#10203=CURVE_STYLE('',#1556,POSITIVE_LENGTH_MEASURE(2.E-2),#748);
#10204=PRESENTATION_STYLE_ASSIGNMENT((#10203));
#10205=STYLED_ITEM('',(#10204),#10202);
#10206=CARTESIAN_POINT('',(0.E0,0.E0,-5.472077866463E0));
#10207=DIRECTION('',(0.E0,0.E0,1.E0));
#10208=DIRECTION('',(1.E0,-2.104249113432E-13,0.E0));
#10209=AXIS2_PLACEMENT_3D('',#10206,#10207,#10208);
#10211=CURVE_STYLE('',#1556,POSITIVE_LENGTH_MEASURE(2.E-2),#748);
#10212=PRESENTATION_STYLE_ASSIGNMENT((#10211));
#10213=STYLED_ITEM('',(#10212),#10210);
#10214=DIRECTION('',(7.071067811865E-1,-1.477539009898E-13,-7.071067811865E-1));
#10215=VECTOR('',#10214,5.204315148105E-1);
#10216=CARTESIAN_POINT('',(-1.749962340243E0,3.681002427655E-13,
-5.472037659757E0));
#10217=LINE('',#10216,#10215);
#10218=CURVE_STYLE('',#1556,POSITIVE_LENGTH_MEASURE(2.E-2),#748);
#10219=PRESENTATION_STYLE_ASSIGNMENT((#10218));
#10220=STYLED_ITEM('',(#10219),#10217);
#10221=CARTESIAN_POINT('',(0.E0,0.E0,-5.839971978111E0));
#10222=DIRECTION('',(0.E0,0.E0,1.E0));
#10223=DIRECTION('',(1.E0,0.E0,0.E0));
#10224=AXIS2_PLACEMENT_3D('',#10221,#10222,#10223);
#10226=CURVE_STYLE('',#1556,POSITIVE_LENGTH_MEASURE(2.E-2),#748);
#10227=PRESENTATION_STYLE_ASSIGNMENT((#10226));
#10228=STYLED_ITEM('',(#10227),#10225);
#10229=CARTESIAN_POINT('',(0.E0,0.E0,-5.839971978111E0));
#10230=DIRECTION('',(0.E0,0.E0,1.E0));
#10231=DIRECTION('',(-1.E0,0.E0,0.E0));
#10232=AXIS2_PLACEMENT_3D('',#10229,#10230,#10231);
#10234=CURVE_STYLE('',#1556,POSITIVE_LENGTH_MEASURE(2.E-2),#748);
#10235=PRESENTATION_STYLE_ASSIGNMENT((#10234));
#10236=STYLED_ITEM('',(#10235),#10233);
#10237=CARTESIAN_POINT('',(0.E0,0.E0,-5.840061492259E0));
#10238=DIRECTION('',(0.E0,0.E0,-1.E0));
#10239=DIRECTION('',(1.E0,0.E0,0.E0));
#10240=AXIS2_PLACEMENT_3D('',#10237,#10238,#10239);
#10242=CURVE_STYLE('',#1556,POSITIVE_LENGTH_MEASURE(2.E-2),#748);
#10243=PRESENTATION_STYLE_ASSIGNMENT((#10242));
#10244=STYLED_ITEM('',(#10243),#10241);
#10245=CARTESIAN_POINT('',(0.E0,0.E0,-5.840061492259E0));
#10246=DIRECTION('',(0.E0,0.E0,-1.E0));
#10247=DIRECTION('',(-1.E0,2.112396123916E-13,0.E0));
#10248=AXIS2_PLACEMENT_3D('',#10245,#10246,#10247);
#10250=CURVE_STYLE('',#1556,POSITIVE_LENGTH_MEASURE(2.E-2),#748);
#10251=PRESENTATION_STYLE_ASSIGNMENT((#10250));
#10252=STYLED_ITEM('',(#10251),#10249);
#10253=DIRECTION('',(7.660444431190E-1,0.E0,6.427876096866E-1));
#10254=VECTOR('',#10253,7.995359494405E-1);
#10255=CARTESIAN_POINT('',(-6.124800711427E-1,0.E0,-5.839983277703E0));
#10256=LINE('',#10255,#10254);
#10257=CURVE_STYLE('',#1556,POSITIVE_LENGTH_MEASURE(2.E-2),#748);
#10258=PRESENTATION_STYLE_ASSIGNMENT((#10257));
#10259=STYLED_ITEM('',(#10258),#10256);
#10260=DIRECTION('',(7.660444431190E-1,0.E0,-6.427876096866E-1));
#10261=VECTOR('',#10260,7.995359494405E-1);
#10262=CARTESIAN_POINT('',(0.E0,0.E0,-5.326051475904E0));
#10263=LINE('',#10262,#10261);
#10264=CURVE_STYLE('',#1556,POSITIVE_LENGTH_MEASURE(2.E-2),#748);
#10265=PRESENTATION_STYLE_ASSIGNMENT((#10264));
#10266=STYLED_ITEM('',(#10265),#10263);
#10267=DIRECTION('',(0.E0,0.E0,-1.E0));
#10268=VECTOR('',#10267,7.0755E0);
#10269=CARTESIAN_POINT('',(-5.399508000428E0,5.675111591959E-1,1.091565E1));
#10270=LINE('',#10269,#10268);
#10271=CURVE_STYLE('',#1556,POSITIVE_LENGTH_MEASURE(2.E-2),#748);
#10272=PRESENTATION_STYLE_ASSIGNMENT((#10271));
#10273=STYLED_ITEM('',(#10272),#10270);
#10274=DIRECTION('',(0.E0,0.E0,-1.E0));
#10275=VECTOR('',#10274,7.0755E0);
#10276=CARTESIAN_POINT('',(-5.310607861284E0,1.128804547372E0,1.091565E1));
#10277=LINE('',#10276,#10275);
#10278=CURVE_STYLE('',#1556,POSITIVE_LENGTH_MEASURE(2.E-2),#748);
#10279=PRESENTATION_STYLE_ASSIGNMENT((#10278));
#10280=STYLED_ITEM('',(#10279),#10277);
#10281=DIRECTION('',(0.E0,0.E0,-1.E0));
#10282=VECTOR('',#10281,7.0755E0);
#10283=CARTESIAN_POINT('',(-5.163523591095E0,1.677730516710E0,1.091565E1));
#10284=LINE('',#10283,#10282);
#10285=CURVE_STYLE('',#1556,POSITIVE_LENGTH_MEASURE(2.E-2),#748);
#10286=PRESENTATION_STYLE_ASSIGNMENT((#10285));
#10287=STYLED_ITEM('',(#10286),#10284);
#10288=DIRECTION('',(0.E0,0.E0,-1.E0));
#10289=VECTOR('',#10288,7.0755E0);
#10290=CARTESIAN_POINT('',(-4.959866675906E0,2.208274919419E0,1.091565E1));
#10291=LINE('',#10290,#10289);
#10292=CURVE_STYLE('',#1556,POSITIVE_LENGTH_MEASURE(2.E-2),#748);
#10293=PRESENTATION_STYLE_ASSIGNMENT((#10292));
#10294=STYLED_ITEM('',(#10293),#10291);
#10295=DIRECTION('',(0.E0,0.E0,-1.E0));
#10296=VECTOR('',#10295,7.0755E0);
#10297=CARTESIAN_POINT('',(-4.701868423497E0,2.714625E0,1.091565E1));
#10298=LINE('',#10297,#10296);
#10299=CURVE_STYLE('',#1556,POSITIVE_LENGTH_MEASURE(2.E-2),#748);
#10300=PRESENTATION_STYLE_ASSIGNMENT((#10299));
#10301=STYLED_ITEM('',(#10300),#10298);
#10302=DIRECTION('',(0.E0,0.E0,-1.E0));
#10303=VECTOR('',#10302,7.0755E0);
#10304=CARTESIAN_POINT('',(-4.392355516710E0,3.191233081009E0,1.091565E1));
#10305=LINE('',#10304,#10303);
#10306=CURVE_STYLE('',#1556,POSITIVE_LENGTH_MEASURE(2.E-2),#748);
#10307=PRESENTATION_STYLE_ASSIGNMENT((#10306));
#10308=STYLED_ITEM('',(#10307),#10305);
#10309=DIRECTION('',(0.E0,0.E0,-1.E0));
#10310=VECTOR('',#10309,7.0755E0);
#10311=CARTESIAN_POINT('',(-4.034719043723E0,3.632877344574E0,1.091565E1));
#10312=LINE('',#10311,#10310);
#10313=CURVE_STYLE('',#1556,POSITIVE_LENGTH_MEASURE(2.E-2),#748);
#10314=PRESENTATION_STYLE_ASSIGNMENT((#10313));
#10315=STYLED_ITEM('',(#10314),#10312);
#10316=DIRECTION('',(0.E0,0.E0,-1.E0));
#10317=VECTOR('',#10316,7.0755E0);
#10318=CARTESIAN_POINT('',(-3.632877344574E0,4.034719043723E0,1.091565E1));
#10319=LINE('',#10318,#10317);
#10320=CURVE_STYLE('',#1556,POSITIVE_LENGTH_MEASURE(2.E-2),#748);
#10321=PRESENTATION_STYLE_ASSIGNMENT((#10320));
#10322=STYLED_ITEM('',(#10321),#10319);
#10323=DIRECTION('',(0.E0,0.E0,-1.E0));
#10324=VECTOR('',#10323,7.0755E0);
#10325=CARTESIAN_POINT('',(-3.191233081009E0,4.392355516710E0,1.091565E1));
#10326=LINE('',#10325,#10324);
#10327=CURVE_STYLE('',#1556,POSITIVE_LENGTH_MEASURE(2.E-2),#748);
#10328=PRESENTATION_STYLE_ASSIGNMENT((#10327));
#10329=STYLED_ITEM('',(#10328),#10326);
#10330=DIRECTION('',(0.E0,0.E0,-1.E0));
#10331=VECTOR('',#10330,7.0755E0);
#10332=CARTESIAN_POINT('',(-2.714625E0,4.701868423497E0,1.091565E1));
#10333=LINE('',#10332,#10331);
#10334=CURVE_STYLE('',#1556,POSITIVE_LENGTH_MEASURE(2.E-2),#748);
#10335=PRESENTATION_STYLE_ASSIGNMENT((#10334));
#10336=STYLED_ITEM('',(#10335),#10333);
#10337=DIRECTION('',(0.E0,0.E0,-1.E0));
#10338=VECTOR('',#10337,7.0755E0);
#10339=CARTESIAN_POINT('',(-2.208274919419E0,4.959866675906E0,1.091565E1));
#10340=LINE('',#10339,#10338);
#10341=CURVE_STYLE('',#1556,POSITIVE_LENGTH_MEASURE(2.E-2),#748);
#10342=PRESENTATION_STYLE_ASSIGNMENT((#10341));
#10343=STYLED_ITEM('',(#10342),#10340);
#10344=DIRECTION('',(0.E0,0.E0,-1.E0));
#10345=VECTOR('',#10344,7.0755E0);
#10346=CARTESIAN_POINT('',(-1.677730516710E0,5.163523591095E0,1.091565E1));
#10347=LINE('',#10346,#10345);
#10348=CURVE_STYLE('',#1556,POSITIVE_LENGTH_MEASURE(2.E-2),#748);
#10349=PRESENTATION_STYLE_ASSIGNMENT((#10348));
#10350=STYLED_ITEM('',(#10349),#10347);
#10351=DIRECTION('',(0.E0,0.E0,-1.E0));
#10352=VECTOR('',#10351,7.0755E0);
#10353=CARTESIAN_POINT('',(-1.128804547372E0,5.310607861284E0,1.091565E1));
#10354=LINE('',#10353,#10352);
#10355=CURVE_STYLE('',#1556,POSITIVE_LENGTH_MEASURE(2.E-2),#748);
#10356=PRESENTATION_STYLE_ASSIGNMENT((#10355));
#10357=STYLED_ITEM('',(#10356),#10354);
#10358=DIRECTION('',(0.E0,0.E0,-1.E0));
#10359=VECTOR('',#10358,7.0755E0);
#10360=CARTESIAN_POINT('',(-5.675111591959E-1,5.399508000428E0,1.091565E1));
#10361=LINE('',#10360,#10359);
#10362=CURVE_STYLE('',#1556,POSITIVE_LENGTH_MEASURE(2.E-2),#748);
#10363=PRESENTATION_STYLE_ASSIGNMENT((#10362));
#10364=STYLED_ITEM('',(#10363),#10361);
#10365=DIRECTION('',(0.E0,0.E0,-1.E0));
#10366=VECTOR('',#10365,7.0755E0);
#10367=CARTESIAN_POINT('',(0.E0,5.42925E0,1.091565E1));
#10368=LINE('',#10367,#10366);
#10369=CURVE_STYLE('',#1556,POSITIVE_LENGTH_MEASURE(2.E-2),#748);
#10370=PRESENTATION_STYLE_ASSIGNMENT((#10369));
#10371=STYLED_ITEM('',(#10370),#10368);
#10372=DIRECTION('',(0.E0,0.E0,-1.E0));
#10373=VECTOR('',#10372,7.0755E0);
#10374=CARTESIAN_POINT('',(5.675111591959E-1,5.399508000428E0,1.091565E1));
#10375=LINE('',#10374,#10373);
#10376=CURVE_STYLE('',#1556,POSITIVE_LENGTH_MEASURE(2.E-2),#748);
#10377=PRESENTATION_STYLE_ASSIGNMENT((#10376));
#10378=STYLED_ITEM('',(#10377),#10375);
#10379=DIRECTION('',(0.E0,0.E0,-1.E0));
#10380=VECTOR('',#10379,7.0755E0);
#10381=CARTESIAN_POINT('',(1.128804547372E0,5.310607861284E0,1.091565E1));
#10382=LINE('',#10381,#10380);
#10383=CURVE_STYLE('',#1556,POSITIVE_LENGTH_MEASURE(2.E-2),#748);
#10384=PRESENTATION_STYLE_ASSIGNMENT((#10383));
#10385=STYLED_ITEM('',(#10384),#10382);
#10386=DIRECTION('',(0.E0,0.E0,-1.E0));
#10387=VECTOR('',#10386,7.0755E0);
#10388=CARTESIAN_POINT('',(1.677730516710E0,5.163523591095E0,1.091565E1));
#10389=LINE('',#10388,#10387);
#10390=CURVE_STYLE('',#1556,POSITIVE_LENGTH_MEASURE(2.E-2),#748);
#10391=PRESENTATION_STYLE_ASSIGNMENT((#10390));
#10392=STYLED_ITEM('',(#10391),#10389);
#10393=DIRECTION('',(0.E0,0.E0,-1.E0));
#10394=VECTOR('',#10393,7.0755E0);
#10395=CARTESIAN_POINT('',(2.208274919419E0,4.959866675906E0,1.091565E1));
#10396=LINE('',#10395,#10394);
#10397=CURVE_STYLE('',#1556,POSITIVE_LENGTH_MEASURE(2.E-2),#748);
#10398=PRESENTATION_STYLE_ASSIGNMENT((#10397));
#10399=STYLED_ITEM('',(#10398),#10396);
#10400=DIRECTION('',(0.E0,0.E0,-1.E0));
#10401=VECTOR('',#10400,7.0755E0);
#10402=CARTESIAN_POINT('',(2.714625E0,4.701868423497E0,1.091565E1));
#10403=LINE('',#10402,#10401);
#10404=CURVE_STYLE('',#1556,POSITIVE_LENGTH_MEASURE(2.E-2),#748);
#10405=PRESENTATION_STYLE_ASSIGNMENT((#10404));
#10406=STYLED_ITEM('',(#10405),#10403);
#10407=DIRECTION('',(0.E0,0.E0,-1.E0));
#10408=VECTOR('',#10407,7.0755E0);
#10409=CARTESIAN_POINT('',(3.191233081009E0,4.392355516710E0,1.091565E1));
#10410=LINE('',#10409,#10408);
#10411=CURVE_STYLE('',#1556,POSITIVE_LENGTH_MEASURE(2.E-2),#748);
#10412=PRESENTATION_STYLE_ASSIGNMENT((#10411));
#10413=STYLED_ITEM('',(#10412),#10410);
#10414=DIRECTION('',(0.E0,0.E0,-1.E0));
#10415=VECTOR('',#10414,7.0755E0);
#10416=CARTESIAN_POINT('',(3.632877344574E0,4.034719043723E0,1.091565E1));
#10417=LINE('',#10416,#10415);
#10418=CURVE_STYLE('',#1556,POSITIVE_LENGTH_MEASURE(2.E-2),#748);
#10419=PRESENTATION_STYLE_ASSIGNMENT((#10418));
#10420=STYLED_ITEM('',(#10419),#10417);
#10421=DIRECTION('',(0.E0,0.E0,-1.E0));
#10422=VECTOR('',#10421,7.0755E0);
#10423=CARTESIAN_POINT('',(4.034719043723E0,3.632877344574E0,1.091565E1));
#10424=LINE('',#10423,#10422);
#10425=CURVE_STYLE('',#1556,POSITIVE_LENGTH_MEASURE(2.E-2),#748);
#10426=PRESENTATION_STYLE_ASSIGNMENT((#10425));
#10427=STYLED_ITEM('',(#10426),#10424);
#10428=DIRECTION('',(0.E0,0.E0,-1.E0));
#10429=VECTOR('',#10428,7.0755E0);
#10430=CARTESIAN_POINT('',(4.392355516710E0,3.191233081009E0,1.091565E1));
#10431=LINE('',#10430,#10429);
#10432=CURVE_STYLE('',#1556,POSITIVE_LENGTH_MEASURE(2.E-2),#748);
#10433=PRESENTATION_STYLE_ASSIGNMENT((#10432));
#10434=STYLED_ITEM('',(#10433),#10431);
#10435=DIRECTION('',(0.E0,0.E0,-1.E0));
#10436=VECTOR('',#10435,7.0755E0);
#10437=CARTESIAN_POINT('',(4.701868423497E0,2.714625E0,1.091565E1));
#10438=LINE('',#10437,#10436);
#10439=CURVE_STYLE('',#1556,POSITIVE_LENGTH_MEASURE(2.E-2),#748);
#10440=PRESENTATION_STYLE_ASSIGNMENT((#10439));
#10441=STYLED_ITEM('',(#10440),#10438);
#10442=DIRECTION('',(0.E0,0.E0,-1.E0));
#10443=VECTOR('',#10442,7.0755E0);
#10444=CARTESIAN_POINT('',(4.959866675906E0,2.208274919419E0,1.091565E1));
#10445=LINE('',#10444,#10443);
#10446=CURVE_STYLE('',#1556,POSITIVE_LENGTH_MEASURE(2.E-2),#748);
#10447=PRESENTATION_STYLE_ASSIGNMENT((#10446));
#10448=STYLED_ITEM('',(#10447),#10445);
#10449=DIRECTION('',(0.E0,0.E0,-1.E0));
#10450=VECTOR('',#10449,7.0755E0);
#10451=CARTESIAN_POINT('',(5.163523591095E0,1.677730516710E0,1.091565E1));
#10452=LINE('',#10451,#10450);
#10453=CURVE_STYLE('',#1556,POSITIVE_LENGTH_MEASURE(2.E-2),#748);
#10454=PRESENTATION_STYLE_ASSIGNMENT((#10453));
#10455=STYLED_ITEM('',(#10454),#10452);
#10456=DIRECTION('',(0.E0,0.E0,-1.E0));
#10457=VECTOR('',#10456,7.0755E0);
#10458=CARTESIAN_POINT('',(5.310607861284E0,1.128804547372E0,1.091565E1));
#10459=LINE('',#10458,#10457);
#10460=CURVE_STYLE('',#1556,POSITIVE_LENGTH_MEASURE(2.E-2),#748);
#10461=PRESENTATION_STYLE_ASSIGNMENT((#10460));
#10462=STYLED_ITEM('',(#10461),#10459);
#10463=CARTESIAN_POINT('',(-4.28625E0,0.E0,2.69715E0));
#10464=CARTESIAN_POINT('',(-5.42925E0,0.E0,3.84015E0));
#10465=VERTEX_POINT('',#10463);
#10466=VERTEX_POINT('',#10464);
#10467=CARTESIAN_POINT('',(4.285971337978E0,0.E0,2.697150033969E0));
#10468=VERTEX_POINT('',#10467);
#10469=CARTESIAN_POINT('',(5.42925E0,0.E0,3.84015E0));
#10470=VERTEX_POINT('',#10469);
#10471=CARTESIAN_POINT('',(-5.143340678473E0,0.E0,1.120155932153E1));
#10472=CARTESIAN_POINT('',(5.143340678473E0,0.E0,1.120155932153E1));
#10473=VERTEX_POINT('',#10471);
#10474=VERTEX_POINT('',#10472);
#10475=CARTESIAN_POINT('',(3.428948089812E0,0.E0,1.091559808981E1));
#10476=CARTESIAN_POINT('',(3.429E0,0.E0,1.057275E1));
#10477=VERTEX_POINT('',#10475);
#10478=VERTEX_POINT('',#10476);
#10479=CARTESIAN_POINT('',(-3.428891005536E0,0.E0,1.091554100554E1));
#10480=VERTEX_POINT('',#10479);
#10481=CARTESIAN_POINT('',(-3.429E0,0.E0,1.057275E1));
#10482=VERTEX_POINT('',#10481);
#10483=CARTESIAN_POINT('',(-3.381039596041E0,-5.715E-1,1.057275E1));
#10484=VERTEX_POINT('',#10483);
#10485=CARTESIAN_POINT('',(-3.381037354610E0,-5.714810514425E-1,
1.085851073602E1));
#10486=VERTEX_POINT('',#10485);
#10487=CARTESIAN_POINT('',(-2.615542917311E0,-2.217398626418E0,
1.085853487301E1));
#10488=VERTEX_POINT('',#10487);
#10489=CARTESIAN_POINT('',(3.381031644090E0,-5.714395872848E-1,
1.085853581804E1));
#10490=VERTEX_POINT('',#10489);
#10491=CARTESIAN_POINT('',(3.381042831585E0,-5.714808572739E-1,1.057275E1));
#10492=VERTEX_POINT('',#10491);
#10493=CARTESIAN_POINT('',(3.714678755459E0,0.E0,1.120132875546E1));
#10494=VERTEX_POINT('',#10493);
#10495=CARTESIAN_POINT('',(-3.714631922664E0,0.E0,1.120128192266E1));
#10496=VERTEX_POINT('',#10495);
#10497=CARTESIAN_POINT('',(3.164981633852E0,1.800794394949E-13,
-9.199564986089E-1));
#10498=CARTESIAN_POINT('',(2.857487166617E0,2.435742651493E-13,
-1.916362699821E-1));
#10499=VERTEX_POINT('',#10497);
#10500=VERTEX_POINT('',#10498);
#10501=CARTESIAN_POINT('',(-3.164969560756E0,-2.694720016859E-13,
-9.199279027124E-1));
#10502=VERTEX_POINT('',#10501);
#10503=CARTESIAN_POINT('',(-2.857487166617E0,-2.435273910472E-13,
-1.916362699821E-1));
#10504=VERTEX_POINT('',#10503);
#10505=CARTESIAN_POINT('',(2.8575E0,1.640073659924E-13,-7.666666666667E-2));
#10506=VERTEX_POINT('',#10505);
#10507=CARTESIAN_POINT('',(-2.8575E0,-2.438324014630E-13,-7.666666666667E-2));
#10508=VERTEX_POINT('',#10507);
#10509=CARTESIAN_POINT('',(3.429E0,1.955789477421E-13,-3.066666666667E-1));
#10510=CARTESIAN_POINT('',(3.14325E0,1.809460366338E-13,-7.666666666667E-2));
#10511=VERTEX_POINT('',#10509);
#10512=VERTEX_POINT('',#10510);
#10513=CARTESIAN_POINT('',(-3.428866934930E0,-2.947346411262E-13,
-3.065595626731E-1));
#10514=VERTEX_POINT('',#10513);
#10515=CARTESIAN_POINT('',(-3.14325E0,-2.685088231001E-13,-7.666666666666E-2));
#10516=VERTEX_POINT('',#10515);
#10517=CARTESIAN_POINT('',(4.0005E0,2.303404940303E-13,-3.066666666667E-1));
#10518=CARTESIAN_POINT('',(4.0005E0,2.254555127219E-13,0.E0));
#10519=VERTEX_POINT('',#10517);
#10520=VERTEX_POINT('',#10518);
#10521=CARTESIAN_POINT('',(-4.0005E0,-3.411483103373E-13,-3.066666666667E-1));
#10522=VERTEX_POINT('',#10521);
#10523=CARTESIAN_POINT('',(-4.0005E0,-3.407660289117E-13,0.E0));
#10524=VERTEX_POINT('',#10523);
#10525=CARTESIAN_POINT('',(4.571912314411E0,2.614092696582E-13,
8.768558856402E-5));
#10526=CARTESIAN_POINT('',(4.000439438114E0,3.426257337517E-13,
5.715605618856E-1));
#10527=VERTEX_POINT('',#10525);
#10528=VERTEX_POINT('',#10526);
#10529=CARTESIAN_POINT('',(-4.571858380864E0,-3.892377035548E-13,
1.416191355328E-4));
#10530=VERTEX_POINT('',#10529);
#10531=CARTESIAN_POINT('',(-4.000439438114E0,-3.412916968178E-13,
5.715605618856E-1));
#10532=VERTEX_POINT('',#10531);
#10533=CARTESIAN_POINT('',(4.0005E0,3.446194506984E-13,2.69715E0));
#10534=VERTEX_POINT('',#10533);
#10535=CARTESIAN_POINT('',(-4.0005E0,-3.418762519363E-13,2.69715E0));
#10536=VERTEX_POINT('',#10535);
#10537=CARTESIAN_POINT('',(1.75175E0,-1.839197671800E-13,0.E0));
#10538=CARTESIAN_POINT('',(1.7535E0,0.E0,-9.2E-1));
#10539=VERTEX_POINT('',#10537);
#10540=VERTEX_POINT('',#10538);
#10541=CARTESIAN_POINT('',(-1.7535E0,0.E0,-9.2E-1));
#10542=CARTESIAN_POINT('',(-1.75175E0,1.839217798880E-13,0.E0));
#10543=VERTEX_POINT('',#10541);
#10544=VERTEX_POINT('',#10542);
#10545=CARTESIAN_POINT('',(1.381961686977E0,-1.937268746922E-13,
-5.840038313023E0));
#10546=CARTESIAN_POINT('',(1.749962340243E0,-3.680982290531E-13,
-5.472037659757E0));
#10547=VERTEX_POINT('',#10545);
#10548=VERTEX_POINT('',#10546);
#10549=CARTESIAN_POINT('',(-1.381938507741E0,2.913987386960E-13,
-5.840061492259E0));
#10550=VERTEX_POINT('',#10549);
#10551=CARTESIAN_POINT('',(-1.749962340243E0,3.681002427655E-13,
-5.472037659757E0));
#10552=VERTEX_POINT('',#10551);
#10553=CARTESIAN_POINT('',(-6.124800711427E-1,0.E0,-5.839983277703E0));
#10554=CARTESIAN_POINT('',(0.E0,0.E0,-5.326051475904E0));
#10555=VERTEX_POINT('',#10553);
#10556=VERTEX_POINT('',#10554);
#10557=CARTESIAN_POINT('',(6.124666048131E-1,0.E0,-5.839971978111E0));
#10558=VERTEX_POINT('',#10557);
#10559=CARTESIAN_POINT('',(2.397596879194E0,2.032607200224E0,1.143001836859E1));
#10560=CARTESIAN_POINT('',(2.615555749381E0,2.217393750306E0,1.085852160339E1));
#10561=VERTEX_POINT('',#10559);
#10562=VERTEX_POINT('',#10560);
#10563=CARTESIAN_POINT('',(-3.090843284536E0,5.714971254779E-1,
1.143003161974E1));
#10564=VERTEX_POINT('',#10563);
#10565=VERTEX_POINT('',#8959);
#10566=CARTESIAN_POINT('',(-2.397596879194E0,-2.032607200224E0,
1.143001836859E1));
#10567=VERTEX_POINT('',#10566);
#10568=VERTEX_POINT('',#9220);
#10569=CARTESIAN_POINT('',(1.3335E0,-1.143E0,1.143E1));
#10570=CARTESIAN_POINT('',(1.143E0,-1.143E0,1.12395E1));
#10571=VERTEX_POINT('',#10569);
#10572=VERTEX_POINT('',#10570);
#10573=CARTESIAN_POINT('',(9.525E-1,-1.143E0,1.143E1));
#10574=VERTEX_POINT('',#10573);
#10575=CARTESIAN_POINT('',(1.143E0,1.3335E0,1.143E1));
#10576=CARTESIAN_POINT('',(1.143E0,1.143E0,1.12395E1));
#10577=VERTEX_POINT('',#10575);
#10578=VERTEX_POINT('',#10576);
#10579=CARTESIAN_POINT('',(1.143E0,9.525E-1,1.143E1));
#10580=VERTEX_POINT('',#10579);
#10581=CARTESIAN_POINT('',(-1.3335E0,1.143E0,1.143E1));
#10582=CARTESIAN_POINT('',(-1.143E0,1.143E0,1.12395E1));
#10583=VERTEX_POINT('',#10581);
#10584=VERTEX_POINT('',#10582);
#10585=CARTESIAN_POINT('',(-9.525E-1,1.143E0,1.143E1));
#10586=VERTEX_POINT('',#10585);
#10587=CARTESIAN_POINT('',(-1.143E0,9.525E-1,1.143E1));
#10588=VERTEX_POINT('',#10587);
#10589=CARTESIAN_POINT('',(-1.143E0,-1.3335E0,1.143E1));
#10590=CARTESIAN_POINT('',(-1.143E0,-1.143E0,1.12395E1));
#10591=VERTEX_POINT('',#10589);
#10592=VERTEX_POINT('',#10590);
#10593=CARTESIAN_POINT('',(-1.143E0,-9.525E-1,1.143E1));
#10594=VERTEX_POINT('',#10593);
#10595=CARTESIAN_POINT('',(3.102636935110E-1,5.714993806945E-1,1.143E1));
#10596=CARTESIAN_POINT('',(3.102636935110E-1,5.714993806945E-1,1.057275E1));
#10597=VERTEX_POINT('',#10595);
#10598=VERTEX_POINT('',#10596);
#10599=CARTESIAN_POINT('',(7.14375E-1,2.8575E-1,1.057275E1));
#10600=VERTEX_POINT('',#10599);
#10601=CARTESIAN_POINT('',(7.143744818596E-1,2.857500000009E-1,9.7155E0));
#10602=VERTEX_POINT('',#10601);
#10603=CARTESIAN_POINT('',(2.8575E-1,7.14375E-1,9.7155E0));
#10604=VERTEX_POINT('',#10603);
#10605=CARTESIAN_POINT('',(2.857500000009E-1,7.143755181404E-1,1.143E1));
#10606=VERTEX_POINT('',#10605);
#10607=CARTESIAN_POINT('',(1.7145E0,2.8575E-1,9.7155E0));
#10608=CARTESIAN_POINT('',(1.7145E0,2.8575E-1,1.057275E1));
#10609=VERTEX_POINT('',#10607);
#10610=VERTEX_POINT('',#10608);
#10611=CARTESIAN_POINT('',(1.7145E0,-2.8575E-1,9.7155E0));
#10612=CARTESIAN_POINT('',(1.7145E0,-2.8575E-1,1.057275E1));
#10613=VERTEX_POINT('',#10611);
#10614=VERTEX_POINT('',#10612);
#10615=CARTESIAN_POINT('',(7.143755181404E-1,-2.857500000009E-1,1.057275E1));
#10616=VERTEX_POINT('',#10615);
#10617=CARTESIAN_POINT('',(7.143755181404E-1,-2.857500000009E-1,9.7155E0));
#10618=VERTEX_POINT('',#10617);
#10619=CARTESIAN_POINT('',(3.102634745519E-1,-5.715E-1,1.057275E1));
#10620=VERTEX_POINT('',#10619);
#10621=CARTESIAN_POINT('',(3.102572516521E-1,-5.715176046790E-1,1.143E1));
#10622=VERTEX_POINT('',#10621);
#10623=CARTESIAN_POINT('',(2.8575E-1,-7.14375E-1,1.143E1));
#10624=VERTEX_POINT('',#10623);
#10625=CARTESIAN_POINT('',(2.857500000009E-1,-7.143744818596E-1,9.7155E0));
#10626=VERTEX_POINT('',#10625);
#10627=CARTESIAN_POINT('',(2.8575E-1,-1.7145E0,9.7155E0));
#10628=CARTESIAN_POINT('',(2.8575E-1,-1.7145E0,1.143E1));
#10629=VERTEX_POINT('',#10627);
#10630=VERTEX_POINT('',#10628);
#10631=CARTESIAN_POINT('',(2.8575E-1,1.7145E0,9.7155E0));
#10632=VERTEX_POINT('',#10631);
#10633=CARTESIAN_POINT('',(2.8575E-1,1.7145E0,1.143E1));
#10634=VERTEX_POINT('',#10633);
#10635=CARTESIAN_POINT('',(-2.8575E-1,1.7145E0,9.7155E0));
#10636=VERTEX_POINT('',#10635);
#10637=CARTESIAN_POINT('',(-2.8575E-1,1.7145E0,1.143E1));
#10638=VERTEX_POINT('',#10637);
#10639=CARTESIAN_POINT('',(-2.857500000009E-1,7.143744818596E-1,1.143E1));
#10640=CARTESIAN_POINT('',(-2.857500000009E-1,7.143744818596E-1,9.7155E0));
#10641=VERTEX_POINT('',#10639);
#10642=VERTEX_POINT('',#10640);
#10643=CARTESIAN_POINT('',(-3.102572516521E-1,5.715176046790E-1,1.057275E1));
#10644=CARTESIAN_POINT('',(-3.102572516521E-1,5.715176046790E-1,1.143E1));
#10645=VERTEX_POINT('',#10643);
#10646=VERTEX_POINT('',#10644);
#10647=CARTESIAN_POINT('',(-7.14375E-1,2.8575E-1,9.7155E0));
#10648=VERTEX_POINT('',#10647);
#10649=CARTESIAN_POINT('',(-7.143755181404E-1,2.857500000009E-1,1.057275E1));
#10650=VERTEX_POINT('',#10649);
#10651=CARTESIAN_POINT('',(-1.7145E0,2.8575E-1,9.7155E0));
#10652=VERTEX_POINT('',#10651);
#10653=CARTESIAN_POINT('',(-1.7145E0,2.8575E-1,1.057275E1));
#10654=VERTEX_POINT('',#10653);
#10655=CARTESIAN_POINT('',(-1.7145E0,-2.8575E-1,1.057275E1));
#10656=CARTESIAN_POINT('',(-1.7145E0,-2.8575E-1,9.7155E0));
#10657=VERTEX_POINT('',#10655);
#10658=VERTEX_POINT('',#10656);
#10659=CARTESIAN_POINT('',(-7.143744818596E-1,-2.857500000009E-1,1.057275E1));
#10660=CARTESIAN_POINT('',(-7.143744818596E-1,-2.857500000009E-1,9.7155E0));
#10661=VERTEX_POINT('',#10659);
#10662=VERTEX_POINT('',#10660);
#10663=CARTESIAN_POINT('',(-3.102634745519E-1,-5.715E-1,1.057275E1));
#10664=VERTEX_POINT('',#10663);
#10665=CARTESIAN_POINT('',(-2.8575E-1,-7.14375E-1,9.7155E0));
#10666=VERTEX_POINT('',#10665);
#10667=CARTESIAN_POINT('',(-2.857500000009E-1,-7.143755181404E-1,1.143E1));
#10668=VERTEX_POINT('',#10667);
#10669=CARTESIAN_POINT('',(-3.102634745519E-1,-5.715E-1,1.143E1));
#10670=VERTEX_POINT('',#10669);
#10671=CARTESIAN_POINT('',(-2.8575E-1,-1.7145E0,1.143E1));
#10672=CARTESIAN_POINT('',(-2.8575E-1,-1.7145E0,9.7155E0));
#10673=VERTEX_POINT('',#10671);
#10674=VERTEX_POINT('',#10672);
#10675=CARTESIAN_POINT('',(-3.381042831585E0,5.714808572739E-1,1.057275E1));
#10676=VERTEX_POINT('',#10675);
#10677=CARTESIAN_POINT('',(3.381042831585E0,5.714808572739E-1,1.057275E1));
#10678=VERTEX_POINT('',#10677);
#10679=CARTESIAN_POINT('',(3.090851506528E0,-5.714981353361E-1,
1.143001508262E1));
#10680=VERTEX_POINT('',#10679);
#10681=CARTESIAN_POINT('',(3.090854326684E0,5.715000356538E-1,
1.143000884530E1));
#10682=VERTEX_POINT('',#10681);
#10683=VERTEX_POINT('',#8976);
#10684=VERTEX_POINT('',#7763);
#10685=CARTESIAN_POINT('',(5.708178899198E0,-2.791391315260E-1,
1.062990047934E1));
#10686=VERTEX_POINT('',#10685);
#10687=VERTEX_POINT('',#8540);
#10688=VERTEX_POINT('',#7147);
#10689=CARTESIAN_POINT('',(5.708198481851E0,2.787383931101E-1,
4.125899521641E0));
#10690=VERTEX_POINT('',#10689);
#10691=CARTESIAN_POINT('',(5.706086882388E0,3.190571902333E-1,
4.125899520658E0));
#10692=CARTESIAN_POINT('',(5.706086882388E0,3.190571902333E-1,
1.062990072357E1));
#10693=VERTEX_POINT('',#10691);
#10694=VERTEX_POINT('',#10692);
#10695=CARTESIAN_POINT('',(5.647792277423E0,8.738806503624E-1,
4.125899521967E0));
#10696=CARTESIAN_POINT('',(5.647792277423E0,8.738806503624E-1,
1.062990072161E1));
#10697=VERTEX_POINT('',#10695);
#10698=VERTEX_POINT('',#10696);
#10699=VERTEX_POINT('',#7129);
#10700=VERTEX_POINT('',#4448);
#10701=CARTESIAN_POINT('',(5.641477783619E0,9.137578546495E-1,
4.125899520658E0));
#10702=CARTESIAN_POINT('',(5.641477783619E0,9.137578546495E-1,
1.062990072357E1));
#10703=VERTEX_POINT('',#10701);
#10704=VERTEX_POINT('',#10702);
#10705=CARTESIAN_POINT('',(5.525507678928E0,1.459448488338E0,4.125899521967E0));
#10706=CARTESIAN_POINT('',(5.525507678928E0,1.459448488338E0,1.062990072161E1));
#10707=VERTEX_POINT('',#10705);
#10708=VERTEX_POINT('',#10706);
#10709=VERTEX_POINT('',#7103);
#10710=VERTEX_POINT('',#4476);
#10711=CARTESIAN_POINT('',(5.515059473697E0,1.498447196794E0,4.125899520658E0));
#10712=CARTESIAN_POINT('',(5.515059473697E0,1.498447196794E0,1.062990072357E1));
#10713=VERTEX_POINT('',#10711);
#10714=VERTEX_POINT('',#10712);
#10715=CARTESIAN_POINT('',(5.342684462015E0,2.029026303266E0,4.125899521967E0));
#10716=CARTESIAN_POINT('',(5.342684462015E0,2.029026303266E0,1.062990072161E1));
#10717=VERTEX_POINT('',#10715);
#10718=VERTEX_POINT('',#10716);
#10719=VERTEX_POINT('',#7077);
#10720=VERTEX_POINT('',#4504);
#10721=CARTESIAN_POINT('',(5.328217018082E0,2.066719237880E0,4.125899520658E0));
#10722=CARTESIAN_POINT('',(5.328217018082E0,2.066719237880E0,1.062990072357E1));
#10723=VERTEX_POINT('',#10721);
#10724=VERTEX_POINT('',#10722);
#10725=CARTESIAN_POINT('',(5.101325676107E0,2.576373681415E0,4.125899521967E0));
#10726=CARTESIAN_POINT('',(5.101325676107E0,2.576373681415E0,1.062990072161E1));
#10727=VERTEX_POINT('',#10725);
#10728=VERTEX_POINT('',#10726);
#10729=VERTEX_POINT('',#7051);
#10730=VERTEX_POINT('',#4532);
#10731=CARTESIAN_POINT('',(5.082997501815E0,2.612347870507E0,4.125899520658E0));
#10732=CARTESIAN_POINT('',(5.082997501815E0,2.612347870507E0,1.062990072357E1));
#10733=VERTEX_POINT('',#10731);
#10734=VERTEX_POINT('',#10732);
#10735=CARTESIAN_POINT('',(4.804075698572E0,3.095493770369E0,4.125899521967E0));
#10736=CARTESIAN_POINT('',(4.804075698572E0,3.095493770369E0,1.062990072161E1));
#10737=VERTEX_POINT('',#10735);
#10738=VERTEX_POINT('',#10736);
#10739=VERTEX_POINT('',#7025);
#10740=VERTEX_POINT('',#4560);
#10741=CARTESIAN_POINT('',(4.782087601232E0,3.129355073196E0,4.125899520658E0));
#10742=CARTESIAN_POINT('',(4.782087601232E0,3.129355073196E0,1.062990072357E1));
#10743=VERTEX_POINT('',#10741);
#10744=VERTEX_POINT('',#10742);
#10745=CARTESIAN_POINT('',(4.454191262365E0,3.580698981801E0,4.125899521967E0));
#10746=CARTESIAN_POINT('',(4.454191262365E0,3.580698981801E0,1.062990072161E1));
#10747=VERTEX_POINT('',#10745);
#10748=VERTEX_POINT('',#10746);
#10749=VERTEX_POINT('',#6999);
#10750=VERTEX_POINT('',#4588);
#10751=CARTESIAN_POINT('',(4.428784148175E0,3.612076406843E0,4.125899520658E0));
#10752=CARTESIAN_POINT('',(4.428784148175E0,3.612076406843E0,1.062990072357E1));
#10753=VERTEX_POINT('',#10751);
#10754=VERTEX_POINT('',#10752);
#10755=CARTESIAN_POINT('',(4.055505774588E0,4.026673305879E0,4.125899521967E0));
#10756=CARTESIAN_POINT('',(4.055505774588E0,4.026673305879E0,1.062990072161E1));
#10757=VERTEX_POINT('',#10755);
#10758=VERTEX_POINT('',#10756);
#10759=VERTEX_POINT('',#6973);
#10760=VERTEX_POINT('',#4616);
#10761=CARTESIAN_POINT('',(4.026958009207E0,4.055223075502E0,4.125899520658E0));
#10762=CARTESIAN_POINT('',(4.026958009207E0,4.055223075502E0,1.062990072357E1));
#10763=VERTEX_POINT('',#10761);
#10764=VERTEX_POINT('',#10762);
#10765=CARTESIAN_POINT('',(3.612387316876E0,4.428530554583E0,4.125899521967E0));
#10766=CARTESIAN_POINT('',(3.612387316876E0,4.428530554583E0,1.062990072161E1));
#10767=VERTEX_POINT('',#10765);
#10768=VERTEX_POINT('',#10766);
#10769=VERTEX_POINT('',#6947);
#10770=VERTEX_POINT('',#4644);
#10771=CARTESIAN_POINT('',(3.581011675595E0,4.453939871535E0,4.125899520658E0));
#10772=CARTESIAN_POINT('',(3.581011675595E0,4.453939871535E0,1.062990072357E1));
#10773=VERTEX_POINT('',#10771);
#10774=VERTEX_POINT('',#10772);
#10775=CARTESIAN_POINT('',(3.129690787780E0,4.781867895801E0,4.125899521967E0));
#10776=CARTESIAN_POINT('',(3.129690787780E0,4.781867895801E0,1.062990072161E1));
#10777=VERTEX_POINT('',#10775);
#10778=VERTEX_POINT('',#10776);
#10779=VERTEX_POINT('',#6921);
#10780=VERTEX_POINT('',#4672);
#10781=CARTESIAN_POINT('',(3.095831028691E0,4.803858370289E0,4.125899520658E0));
#10782=CARTESIAN_POINT('',(3.095831028691E0,4.803858370289E0,1.062990072357E1));
#10783=VERTEX_POINT('',#10781);
#10784=VERTEX_POINT('',#10782);
#10785=CARTESIAN_POINT('',(2.612704711482E0,5.082814091682E0,4.125899521967E0));
#10786=CARTESIAN_POINT('',(2.612704711482E0,5.082814091682E0,1.062990072161E1));
#10787=VERTEX_POINT('',#10785);
#10788=VERTEX_POINT('',#10786);
#10789=VERTEX_POINT('',#6895);
#10790=VERTEX_POINT('',#4700);
#10791=CARTESIAN_POINT('',(2.576731809192E0,5.101144791466E0,4.125899520658E0));
#10792=CARTESIAN_POINT('',(2.576731809192E0,5.101144791466E0,1.062990072357E1));
#10793=VERTEX_POINT('',#10791);
#10794=VERTEX_POINT('',#10792);
#10795=CARTESIAN_POINT('',(2.067093295622E0,5.328071912727E0,4.125899521967E0));
#10796=CARTESIAN_POINT('',(2.067093295622E0,5.328071912727E0,1.062990072161E1));
#10797=VERTEX_POINT('',#10795);
#10798=VERTEX_POINT('',#10796);
#10799=VERTEX_POINT('',#6869);
#10800=VERTEX_POINT('',#4728);
#10801=CARTESIAN_POINT('',(2.029401376775E0,5.342542002824E0,4.125899520658E0));
#10802=CARTESIAN_POINT('',(2.029401376775E0,5.342542002824E0,1.062990072357E1));
#10803=VERTEX_POINT('',#10801);
#10804=VERTEX_POINT('',#10802);
#10805=CARTESIAN_POINT('',(1.498834373048E0,5.514954262926E0,4.125899521967E0));
#10806=CARTESIAN_POINT('',(1.498834373048E0,5.514954262926E0,1.062990072161E1));
#10807=VERTEX_POINT('',#10805);
#10808=VERTEX_POINT('',#10806);
#10809=VERTEX_POINT('',#6843);
#10810=VERTEX_POINT('',#4756);
#10811=CARTESIAN_POINT('',(1.459836398196E0,5.525405206001E0,4.125899520658E0));
#10812=CARTESIAN_POINT('',(1.459836398196E0,5.525405206001E0,1.062990072357E1));
#10813=VERTEX_POINT('',#10811);
#10814=VERTEX_POINT('',#10812);
#10815=CARTESIAN_POINT('',(9.141539074320E-1,5.641413620142E0,
4.125899521967E0));
#10816=CARTESIAN_POINT('',(9.141539074320E-1,5.641413620142E0,
1.062990072161E1));
#10817=VERTEX_POINT('',#10815);
#10818=VERTEX_POINT('',#10816);
#10819=VERTEX_POINT('',#6817);
#10820=VERTEX_POINT('',#4784);
#10821=CARTESIAN_POINT('',(8.742771465467E-1,5.647730913475E0,
4.125899520658E0));
#10822=CARTESIAN_POINT('',(8.742771465467E-1,5.647730913475E0,
1.062990072357E1));
#10823=VERTEX_POINT('',#10821);
#10824=VERTEX_POINT('',#10822);
#10825=CARTESIAN_POINT('',(3.194577803069E-1,5.706064469194E0,
4.125899521967E0));
#10826=CARTESIAN_POINT('',(3.194577803069E-1,5.706064469194E0,
1.062990072161E1));
#10827=VERTEX_POINT('',#10825);
#10828=VERTEX_POINT('',#10826);
#10829=VERTEX_POINT('',#6791);
#10830=VERTEX_POINT('',#4812);
#10831=CARTESIAN_POINT('',(2.791391315260E-1,5.708178899198E0,
4.125899520658E0));
#10832=CARTESIAN_POINT('',(2.791391315260E-1,5.708178899198E0,
1.062990072357E1));
#10833=VERTEX_POINT('',#10831);
#10834=VERTEX_POINT('',#10832);
#10835=CARTESIAN_POINT('',(-2.787383931101E-1,5.708198481851E0,
4.125899521967E0));
#10836=CARTESIAN_POINT('',(-2.787383931101E-1,5.708198481851E0,
1.062990072161E1));
#10837=VERTEX_POINT('',#10835);
#10838=VERTEX_POINT('',#10836);
#10839=VERTEX_POINT('',#6765);
#10840=VERTEX_POINT('',#4840);
#10841=CARTESIAN_POINT('',(-3.190571902333E-1,5.706086882388E0,
4.125899520658E0));
#10842=CARTESIAN_POINT('',(-3.190571902333E-1,5.706086882388E0,
1.062990072357E1));
#10843=VERTEX_POINT('',#10841);
#10844=VERTEX_POINT('',#10842);
#10845=CARTESIAN_POINT('',(-8.738806503624E-1,5.647792277423E0,
4.125899521967E0));
#10846=CARTESIAN_POINT('',(-8.738806503624E-1,5.647792277423E0,
1.062990072161E1));
#10847=VERTEX_POINT('',#10845);
#10848=VERTEX_POINT('',#10846);
#10849=VERTEX_POINT('',#6739);
#10850=VERTEX_POINT('',#4868);
#10851=CARTESIAN_POINT('',(-9.137578546495E-1,5.641477783619E0,
4.125899520658E0));
#10852=CARTESIAN_POINT('',(-9.137578546495E-1,5.641477783619E0,
1.062990072357E1));
#10853=VERTEX_POINT('',#10851);
#10854=VERTEX_POINT('',#10852);
#10855=CARTESIAN_POINT('',(-1.459448488338E0,5.525507678928E0,
4.125899521967E0));
#10856=CARTESIAN_POINT('',(-1.459448488338E0,5.525507678928E0,
1.062990072161E1));
#10857=VERTEX_POINT('',#10855);
#10858=VERTEX_POINT('',#10856);
#10859=VERTEX_POINT('',#6713);
#10860=VERTEX_POINT('',#4896);
#10861=CARTESIAN_POINT('',(-1.498447196794E0,5.515059473697E0,
4.125899520658E0));
#10862=CARTESIAN_POINT('',(-1.498447196794E0,5.515059473697E0,
1.062990072357E1));
#10863=VERTEX_POINT('',#10861);
#10864=VERTEX_POINT('',#10862);
#10865=CARTESIAN_POINT('',(-2.029026303266E0,5.342684462015E0,
4.125899521967E0));
#10866=CARTESIAN_POINT('',(-2.029026303266E0,5.342684462015E0,
1.062990072161E1));
#10867=VERTEX_POINT('',#10865);
#10868=VERTEX_POINT('',#10866);
#10869=VERTEX_POINT('',#6687);
#10870=VERTEX_POINT('',#4924);
#10871=CARTESIAN_POINT('',(-2.066719237880E0,5.328217018082E0,
4.125899520658E0));
#10872=CARTESIAN_POINT('',(-2.066719237880E0,5.328217018082E0,
1.062990072357E1));
#10873=VERTEX_POINT('',#10871);
#10874=VERTEX_POINT('',#10872);
#10875=CARTESIAN_POINT('',(-2.576373681415E0,5.101325676107E0,
4.125899521967E0));
#10876=CARTESIAN_POINT('',(-2.576373681415E0,5.101325676107E0,
1.062990072161E1));
#10877=VERTEX_POINT('',#10875);
#10878=VERTEX_POINT('',#10876);
#10879=VERTEX_POINT('',#6661);
#10880=VERTEX_POINT('',#4952);
#10881=CARTESIAN_POINT('',(-2.612347870507E0,5.082997501815E0,
4.125899520658E0));
#10882=CARTESIAN_POINT('',(-2.612347870507E0,5.082997501815E0,
1.062990072357E1));
#10883=VERTEX_POINT('',#10881);
#10884=VERTEX_POINT('',#10882);
#10885=CARTESIAN_POINT('',(-3.095493770369E0,4.804075698572E0,
4.125899521967E0));
#10886=CARTESIAN_POINT('',(-3.095493770369E0,4.804075698572E0,
1.062990072161E1));
#10887=VERTEX_POINT('',#10885);
#10888=VERTEX_POINT('',#10886);
#10889=VERTEX_POINT('',#6635);
#10890=VERTEX_POINT('',#4980);
#10891=CARTESIAN_POINT('',(-3.129355073196E0,4.782087601232E0,
4.125899520658E0));
#10892=CARTESIAN_POINT('',(-3.129355073196E0,4.782087601232E0,
1.062990072357E1));
#10893=VERTEX_POINT('',#10891);
#10894=VERTEX_POINT('',#10892);
#10895=CARTESIAN_POINT('',(-3.580698981801E0,4.454191262365E0,
4.125899521967E0));
#10896=CARTESIAN_POINT('',(-3.580698981801E0,4.454191262365E0,
1.062990072161E1));
#10897=VERTEX_POINT('',#10895);
#10898=VERTEX_POINT('',#10896);
#10899=VERTEX_POINT('',#6609);
#10900=VERTEX_POINT('',#5008);
#10901=CARTESIAN_POINT('',(-3.612076406843E0,4.428784148175E0,
4.125899520658E0));
#10902=CARTESIAN_POINT('',(-3.612076406843E0,4.428784148175E0,
1.062990072357E1));
#10903=VERTEX_POINT('',#10901);
#10904=VERTEX_POINT('',#10902);
#10905=CARTESIAN_POINT('',(-4.026673305879E0,4.055505774588E0,
4.125899521967E0));
#10906=CARTESIAN_POINT('',(-4.026673305879E0,4.055505774588E0,
1.062990072161E1));
#10907=VERTEX_POINT('',#10905);
#10908=VERTEX_POINT('',#10906);
#10909=VERTEX_POINT('',#6583);
#10910=VERTEX_POINT('',#5036);
#10911=CARTESIAN_POINT('',(-4.055223075502E0,4.026958009207E0,
4.125899520658E0));
#10912=CARTESIAN_POINT('',(-4.055223075502E0,4.026958009207E0,
1.062990072357E1));
#10913=VERTEX_POINT('',#10911);
#10914=VERTEX_POINT('',#10912);
#10915=CARTESIAN_POINT('',(-4.428530554583E0,3.612387316876E0,
4.125899521967E0));
#10916=CARTESIAN_POINT('',(-4.428530554583E0,3.612387316876E0,
1.062990072161E1));
#10917=VERTEX_POINT('',#10915);
#10918=VERTEX_POINT('',#10916);
#10919=VERTEX_POINT('',#6557);
#10920=VERTEX_POINT('',#5064);
#10921=CARTESIAN_POINT('',(-4.453939871535E0,3.581011675595E0,
4.125899520658E0));
#10922=CARTESIAN_POINT('',(-4.453939871535E0,3.581011675595E0,
1.062990072357E1));
#10923=VERTEX_POINT('',#10921);
#10924=VERTEX_POINT('',#10922);
#10925=CARTESIAN_POINT('',(-4.781867895801E0,3.129690787780E0,
4.125899521967E0));
#10926=CARTESIAN_POINT('',(-4.781867895801E0,3.129690787780E0,
1.062990072161E1));
#10927=VERTEX_POINT('',#10925);
#10928=VERTEX_POINT('',#10926);
#10929=VERTEX_POINT('',#6531);
#10930=VERTEX_POINT('',#5092);
#10931=CARTESIAN_POINT('',(-4.803858370289E0,3.095831028691E0,
4.125899520658E0));
#10932=CARTESIAN_POINT('',(-4.803858370289E0,3.095831028691E0,
1.062990072357E1));
#10933=VERTEX_POINT('',#10931);
#10934=VERTEX_POINT('',#10932);
#10935=CARTESIAN_POINT('',(-5.082814091682E0,2.612704711482E0,
4.125899521967E0));
#10936=CARTESIAN_POINT('',(-5.082814091682E0,2.612704711482E0,
1.062990072161E1));
#10937=VERTEX_POINT('',#10935);
#10938=VERTEX_POINT('',#10936);
#10939=VERTEX_POINT('',#6505);
#10940=VERTEX_POINT('',#5120);
#10941=CARTESIAN_POINT('',(-5.101144791466E0,2.576731809192E0,
4.125899520658E0));
#10942=CARTESIAN_POINT('',(-5.101144791466E0,2.576731809192E0,
1.062990072357E1));
#10943=VERTEX_POINT('',#10941);
#10944=VERTEX_POINT('',#10942);
#10945=CARTESIAN_POINT('',(-5.328071912727E0,2.067093295622E0,
4.125899521967E0));
#10946=CARTESIAN_POINT('',(-5.328071912727E0,2.067093295622E0,
1.062990072161E1));
#10947=VERTEX_POINT('',#10945);
#10948=VERTEX_POINT('',#10946);
#10949=VERTEX_POINT('',#6479);
#10950=VERTEX_POINT('',#5148);
#10951=CARTESIAN_POINT('',(-5.342542002824E0,2.029401376775E0,
4.125899520658E0));
#10952=CARTESIAN_POINT('',(-5.342542002824E0,2.029401376775E0,
1.062990072357E1));
#10953=VERTEX_POINT('',#10951);
#10954=VERTEX_POINT('',#10952);
#10955=CARTESIAN_POINT('',(-5.514954262926E0,1.498834373048E0,
4.125899521967E0));
#10956=CARTESIAN_POINT('',(-5.514954262926E0,1.498834373048E0,
1.062990072161E1));
#10957=VERTEX_POINT('',#10955);
#10958=VERTEX_POINT('',#10956);
#10959=VERTEX_POINT('',#6453);
#10960=VERTEX_POINT('',#5176);
#10961=CARTESIAN_POINT('',(-5.525405206001E0,1.459836398196E0,
4.125899520658E0));
#10962=CARTESIAN_POINT('',(-5.525405206001E0,1.459836398196E0,
1.062990072357E1));
#10963=VERTEX_POINT('',#10961);
#10964=VERTEX_POINT('',#10962);
#10965=CARTESIAN_POINT('',(-5.641413620142E0,9.141539074320E-1,
4.125899521967E0));
#10966=CARTESIAN_POINT('',(-5.641413620142E0,9.141539074320E-1,
1.062990072161E1));
#10967=VERTEX_POINT('',#10965);
#10968=VERTEX_POINT('',#10966);
#10969=VERTEX_POINT('',#6427);
#10970=VERTEX_POINT('',#5204);
#10971=CARTESIAN_POINT('',(-5.647730913475E0,8.742771465467E-1,
4.125899520658E0));
#10972=CARTESIAN_POINT('',(-5.647730913475E0,8.742771465467E-1,
1.062990072357E1));
#10973=VERTEX_POINT('',#10971);
#10974=VERTEX_POINT('',#10972);
#10975=CARTESIAN_POINT('',(-5.706064469194E0,3.194577803069E-1,
4.125899521967E0));
#10976=CARTESIAN_POINT('',(-5.706064469194E0,3.194577803069E-1,
1.062990072161E1));
#10977=VERTEX_POINT('',#10975);
#10978=VERTEX_POINT('',#10976);
#10979=VERTEX_POINT('',#6401);
#10980=VERTEX_POINT('',#5232);
#10981=VERTEX_POINT('',#7188);
#10982=CARTESIAN_POINT('',(-5.708178899198E0,2.791391315260E-1,
4.125899520658E0));
#10983=CARTESIAN_POINT('',(-5.708178899198E0,2.791391315260E-1,
1.062990047934E1));
#10984=VERTEX_POINT('',#10982);
#10985=VERTEX_POINT('',#10983);
#10986=CARTESIAN_POINT('',(-5.708198481851E0,-2.787383931101E-1,
1.062990047803E1));
#10987=VERTEX_POINT('',#10986);
#10988=VERTEX_POINT('',#8525);
#10989=VERTEX_POINT('',#7173);
#10990=VERTEX_POINT('',#7178);
#10991=VERTEX_POINT('',#7208);
#10992=CARTESIAN_POINT('',(-5.706086882388E0,-3.190571902333E-1,
1.062990072357E1));
#10993=VERTEX_POINT('',#10992);
#10994=CARTESIAN_POINT('',(-5.647792277423E0,-8.738806503624E-1,
1.062990072161E1));
#10995=VERTEX_POINT('',#10994);
#10996=VERTEX_POINT('',#8512);
#10997=VERTEX_POINT('',#7193);
#10998=VERTEX_POINT('',#7198);
#10999=VERTEX_POINT('',#7228);
#11000=CARTESIAN_POINT('',(-5.641477783619E0,-9.137578546495E-1,
1.062990072357E1));
#11001=VERTEX_POINT('',#11000);
#11002=CARTESIAN_POINT('',(-5.525507678928E0,-1.459448488338E0,
1.062990072161E1));
#11003=VERTEX_POINT('',#11002);
#11004=VERTEX_POINT('',#8486);
#11005=VERTEX_POINT('',#7213);
#11006=VERTEX_POINT('',#7218);
#11007=VERTEX_POINT('',#7248);
#11008=CARTESIAN_POINT('',(-5.515059473697E0,-1.498447196794E0,
1.062990072357E1));
#11009=VERTEX_POINT('',#11008);
#11010=CARTESIAN_POINT('',(-5.342684462015E0,-2.029026303266E0,
1.062990072161E1));
#11011=VERTEX_POINT('',#11010);
#11012=VERTEX_POINT('',#8460);
#11013=VERTEX_POINT('',#7233);
#11014=VERTEX_POINT('',#7238);
#11015=VERTEX_POINT('',#7268);
#11016=CARTESIAN_POINT('',(-5.328217018082E0,-2.066719237880E0,
1.062990072357E1));
#11017=VERTEX_POINT('',#11016);
#11018=CARTESIAN_POINT('',(-5.101325676107E0,-2.576373681415E0,
1.062990072161E1));
#11019=VERTEX_POINT('',#11018);
#11020=VERTEX_POINT('',#8434);
#11021=VERTEX_POINT('',#7253);
#11022=VERTEX_POINT('',#7258);
#11023=VERTEX_POINT('',#7288);
#11024=CARTESIAN_POINT('',(-5.082997501815E0,-2.612347870507E0,
1.062990072357E1));
#11025=VERTEX_POINT('',#11024);
#11026=CARTESIAN_POINT('',(-4.804075698572E0,-3.095493770369E0,
1.062990072161E1));
#11027=VERTEX_POINT('',#11026);
#11028=VERTEX_POINT('',#8408);
#11029=VERTEX_POINT('',#7273);
#11030=VERTEX_POINT('',#7278);
#11031=VERTEX_POINT('',#7308);
#11032=CARTESIAN_POINT('',(-4.782087601232E0,-3.129355073196E0,
1.062990072357E1));
#11033=VERTEX_POINT('',#11032);
#11034=CARTESIAN_POINT('',(-4.454191262365E0,-3.580698981801E0,
1.062990072161E1));
#11035=VERTEX_POINT('',#11034);
#11036=VERTEX_POINT('',#8382);
#11037=VERTEX_POINT('',#7293);
#11038=VERTEX_POINT('',#7298);
#11039=VERTEX_POINT('',#7328);
#11040=CARTESIAN_POINT('',(-4.428784148175E0,-3.612076406843E0,
1.062990072357E1));
#11041=VERTEX_POINT('',#11040);
#11042=CARTESIAN_POINT('',(-4.055505774588E0,-4.026673305879E0,
1.062990072161E1));
#11043=VERTEX_POINT('',#11042);
#11044=VERTEX_POINT('',#8356);
#11045=VERTEX_POINT('',#7313);
#11046=VERTEX_POINT('',#7318);
#11047=VERTEX_POINT('',#7348);
#11048=CARTESIAN_POINT('',(-4.026958009207E0,-4.055223075502E0,
1.062990072357E1));
#11049=VERTEX_POINT('',#11048);
#11050=CARTESIAN_POINT('',(-3.612387316876E0,-4.428530554583E0,
1.062990072161E1));
#11051=VERTEX_POINT('',#11050);
#11052=VERTEX_POINT('',#8330);
#11053=VERTEX_POINT('',#7333);
#11054=VERTEX_POINT('',#7338);
#11055=VERTEX_POINT('',#7368);
#11056=CARTESIAN_POINT('',(-3.581011675595E0,-4.453939871535E0,
1.062990072357E1));
#11057=VERTEX_POINT('',#11056);
#11058=CARTESIAN_POINT('',(-3.129690787780E0,-4.781867895801E0,
1.062990072161E1));
#11059=VERTEX_POINT('',#11058);
#11060=VERTEX_POINT('',#8304);
#11061=VERTEX_POINT('',#7353);
#11062=VERTEX_POINT('',#7358);
#11063=VERTEX_POINT('',#7388);
#11064=CARTESIAN_POINT('',(-3.095831028691E0,-4.803858370289E0,
1.062990072357E1));
#11065=VERTEX_POINT('',#11064);
#11066=CARTESIAN_POINT('',(-2.612704711482E0,-5.082814091682E0,
1.062990072161E1));
#11067=VERTEX_POINT('',#11066);
#11068=VERTEX_POINT('',#8278);
#11069=VERTEX_POINT('',#7373);
#11070=VERTEX_POINT('',#7378);
#11071=VERTEX_POINT('',#7408);
#11072=CARTESIAN_POINT('',(-2.576731809192E0,-5.101144791466E0,
1.062990072357E1));
#11073=VERTEX_POINT('',#11072);
#11074=CARTESIAN_POINT('',(-2.067093295622E0,-5.328071912727E0,
1.062990072161E1));
#11075=VERTEX_POINT('',#11074);
#11076=VERTEX_POINT('',#8252);
#11077=VERTEX_POINT('',#7393);
#11078=VERTEX_POINT('',#7398);
#11079=VERTEX_POINT('',#7428);
#11080=CARTESIAN_POINT('',(-2.029401376775E0,-5.342542002824E0,
1.062990072357E1));
#11081=VERTEX_POINT('',#11080);
#11082=CARTESIAN_POINT('',(-1.498834373048E0,-5.514954262926E0,
1.062990072161E1));
#11083=VERTEX_POINT('',#11082);
#11084=VERTEX_POINT('',#8226);
#11085=VERTEX_POINT('',#7413);
#11086=VERTEX_POINT('',#7418);
#11087=VERTEX_POINT('',#7448);
#11088=CARTESIAN_POINT('',(-1.459836398196E0,-5.525405206001E0,
1.062990072357E1));
#11089=VERTEX_POINT('',#11088);
#11090=CARTESIAN_POINT('',(-9.141539074320E-1,-5.641413620142E0,
1.062990072161E1));
#11091=VERTEX_POINT('',#11090);
#11092=VERTEX_POINT('',#8200);
#11093=VERTEX_POINT('',#7433);
#11094=VERTEX_POINT('',#7438);
#11095=VERTEX_POINT('',#7468);
#11096=CARTESIAN_POINT('',(-8.742771465467E-1,-5.647730913475E0,
1.062990072357E1));
#11097=VERTEX_POINT('',#11096);
#11098=CARTESIAN_POINT('',(-3.194577803069E-1,-5.706064469194E0,
1.062990072161E1));
#11099=VERTEX_POINT('',#11098);
#11100=VERTEX_POINT('',#8174);
#11101=VERTEX_POINT('',#7453);
#11102=VERTEX_POINT('',#7458);
#11103=VERTEX_POINT('',#7488);
#11104=CARTESIAN_POINT('',(-2.791391315260E-1,-5.708178899198E0,
1.062990072357E1));
#11105=VERTEX_POINT('',#11104);
#11106=CARTESIAN_POINT('',(2.787383931101E-1,-5.708198481851E0,
1.062990072161E1));
#11107=VERTEX_POINT('',#11106);
#11108=VERTEX_POINT('',#8148);
#11109=VERTEX_POINT('',#7473);
#11110=VERTEX_POINT('',#7478);
#11111=VERTEX_POINT('',#7508);
#11112=CARTESIAN_POINT('',(3.190571902333E-1,-5.706086882388E0,
1.062990072357E1));
#11113=VERTEX_POINT('',#11112);
#11114=CARTESIAN_POINT('',(8.738806503624E-1,-5.647792277423E0,
1.062990072161E1));
#11115=VERTEX_POINT('',#11114);
#11116=VERTEX_POINT('',#8122);
#11117=VERTEX_POINT('',#7493);
#11118=VERTEX_POINT('',#7498);
#11119=VERTEX_POINT('',#7528);
#11120=CARTESIAN_POINT('',(9.137578546495E-1,-5.641477783619E0,
1.062990072357E1));
#11121=VERTEX_POINT('',#11120);
#11122=CARTESIAN_POINT('',(1.459448488338E0,-5.525507678928E0,
1.062990072161E1));
#11123=VERTEX_POINT('',#11122);
#11124=VERTEX_POINT('',#8096);
#11125=VERTEX_POINT('',#7513);
#11126=VERTEX_POINT('',#7518);
#11127=VERTEX_POINT('',#7548);
#11128=CARTESIAN_POINT('',(1.498447196794E0,-5.515059473697E0,
1.062990072357E1));
#11129=VERTEX_POINT('',#11128);
#11130=CARTESIAN_POINT('',(2.029026303266E0,-5.342684462015E0,
1.062990072161E1));
#11131=VERTEX_POINT('',#11130);
#11132=VERTEX_POINT('',#8070);
#11133=VERTEX_POINT('',#7533);
#11134=VERTEX_POINT('',#7538);
#11135=VERTEX_POINT('',#7568);
#11136=CARTESIAN_POINT('',(2.066719237880E0,-5.328217018082E0,
1.062990072357E1));
#11137=VERTEX_POINT('',#11136);
#11138=CARTESIAN_POINT('',(2.576373681415E0,-5.101325676107E0,
1.062990072161E1));
#11139=VERTEX_POINT('',#11138);
#11140=VERTEX_POINT('',#8044);
#11141=VERTEX_POINT('',#7553);
#11142=VERTEX_POINT('',#7558);
#11143=VERTEX_POINT('',#7588);
#11144=CARTESIAN_POINT('',(2.612347870507E0,-5.082997501815E0,
1.062990072357E1));
#11145=VERTEX_POINT('',#11144);
#11146=CARTESIAN_POINT('',(3.095493770369E0,-4.804075698572E0,
1.062990072161E1));
#11147=VERTEX_POINT('',#11146);
#11148=VERTEX_POINT('',#8018);
#11149=VERTEX_POINT('',#7573);
#11150=VERTEX_POINT('',#7578);
#11151=VERTEX_POINT('',#7608);
#11152=CARTESIAN_POINT('',(3.129355073196E0,-4.782087601232E0,
1.062990072357E1));
#11153=VERTEX_POINT('',#11152);
#11154=CARTESIAN_POINT('',(3.580698981801E0,-4.454191262365E0,
1.062990072161E1));
#11155=VERTEX_POINT('',#11154);
#11156=VERTEX_POINT('',#7992);
#11157=VERTEX_POINT('',#7593);
#11158=VERTEX_POINT('',#7598);
#11159=VERTEX_POINT('',#7628);
#11160=CARTESIAN_POINT('',(3.612076406843E0,-4.428784148175E0,
1.062990072357E1));
#11161=VERTEX_POINT('',#11160);
#11162=CARTESIAN_POINT('',(4.026673305879E0,-4.055505774588E0,
1.062990072161E1));
#11163=VERTEX_POINT('',#11162);
#11164=VERTEX_POINT('',#7966);
#11165=VERTEX_POINT('',#7613);
#11166=VERTEX_POINT('',#7618);
#11167=VERTEX_POINT('',#7648);
#11168=CARTESIAN_POINT('',(4.055223075502E0,-4.026958009207E0,
1.062990072357E1));
#11169=VERTEX_POINT('',#11168);
#11170=CARTESIAN_POINT('',(4.428530554583E0,-3.612387316876E0,
1.062990072161E1));
#11171=VERTEX_POINT('',#11170);
#11172=VERTEX_POINT('',#7940);
#11173=VERTEX_POINT('',#7633);
#11174=VERTEX_POINT('',#7638);
#11175=VERTEX_POINT('',#7668);
#11176=CARTESIAN_POINT('',(4.453939871535E0,-3.581011675595E0,
1.062990072357E1));
#11177=VERTEX_POINT('',#11176);
#11178=CARTESIAN_POINT('',(4.781867895801E0,-3.129690787780E0,
1.062990072161E1));
#11179=VERTEX_POINT('',#11178);
#11180=VERTEX_POINT('',#7914);
#11181=VERTEX_POINT('',#7653);
#11182=VERTEX_POINT('',#7658);
#11183=VERTEX_POINT('',#7688);
#11184=CARTESIAN_POINT('',(4.803858370289E0,-3.095831028691E0,
1.062990072357E1));
#11185=VERTEX_POINT('',#11184);
#11186=CARTESIAN_POINT('',(5.082814091682E0,-2.612704711482E0,
1.062990072161E1));
#11187=VERTEX_POINT('',#11186);
#11188=VERTEX_POINT('',#7888);
#11189=VERTEX_POINT('',#7673);
#11190=VERTEX_POINT('',#7678);
#11191=VERTEX_POINT('',#7708);
#11192=CARTESIAN_POINT('',(5.101144791466E0,-2.576731809192E0,
1.062990072357E1));
#11193=VERTEX_POINT('',#11192);
#11194=CARTESIAN_POINT('',(5.328071912727E0,-2.067093295622E0,
1.062990072161E1));
#11195=VERTEX_POINT('',#11194);
#11196=VERTEX_POINT('',#7862);
#11197=VERTEX_POINT('',#7693);
#11198=VERTEX_POINT('',#7698);
#11199=VERTEX_POINT('',#7728);
#11200=CARTESIAN_POINT('',(5.342542002824E0,-2.029401376775E0,
1.062990072357E1));
#11201=VERTEX_POINT('',#11200);
#11202=CARTESIAN_POINT('',(5.514954262926E0,-1.498834373048E0,
1.062990072161E1));
#11203=VERTEX_POINT('',#11202);
#11204=VERTEX_POINT('',#7836);
#11205=VERTEX_POINT('',#7713);
#11206=VERTEX_POINT('',#7718);
#11207=VERTEX_POINT('',#7748);
#11208=CARTESIAN_POINT('',(5.525405206001E0,-1.459836398196E0,
1.062990072357E1));
#11209=VERTEX_POINT('',#11208);
#11210=CARTESIAN_POINT('',(5.641413620142E0,-9.141539074320E-1,
1.062990072161E1));
#11211=VERTEX_POINT('',#11210);
#11212=VERTEX_POINT('',#7810);
#11213=VERTEX_POINT('',#7733);
#11214=VERTEX_POINT('',#7738);
#11215=VERTEX_POINT('',#7758);
#11216=CARTESIAN_POINT('',(5.647730913475E0,-8.742771465467E-1,
1.062990072357E1));
#11217=VERTEX_POINT('',#11216);
#11218=CARTESIAN_POINT('',(5.706064469194E0,-3.194577803069E-1,
1.062990072161E1));
#11219=VERTEX_POINT('',#11218);
#11220=VERTEX_POINT('',#7784);
#11221=CARTESIAN_POINT('',(0.E0,0.E0,3.84015E0));
#11222=DIRECTION('',(0.E0,0.E0,1.E0));
#11223=DIRECTION('',(1.E0,0.E0,0.E0));
#11224=AXIS2_PLACEMENT_3D('',#11221,#11222,#11223);
#11225=TOROIDAL_SURFACE('',#11224,4.28625E0,1.143E0);
#11227=ORIENTED_EDGE('',*,*,#11226,.F.);
#11229=ORIENTED_EDGE('',*,*,#11228,.F.);
#11231=ORIENTED_EDGE('',*,*,#11230,.T.);
#11233=ORIENTED_EDGE('',*,*,#11232,.F.);
#11235=ORIENTED_EDGE('',*,*,#11234,.F.);
#11237=ORIENTED_EDGE('',*,*,#11236,.F.);
#11239=ORIENTED_EDGE('',*,*,#11238,.F.);
#11241=ORIENTED_EDGE('',*,*,#11240,.F.);
#11243=ORIENTED_EDGE('',*,*,#11242,.F.);
#11245=ORIENTED_EDGE('',*,*,#11244,.F.);
#11247=ORIENTED_EDGE('',*,*,#11246,.F.);
#11249=ORIENTED_EDGE('',*,*,#11248,.F.);
#11251=ORIENTED_EDGE('',*,*,#11250,.F.);
#11253=ORIENTED_EDGE('',*,*,#11252,.F.);
#11255=ORIENTED_EDGE('',*,*,#11254,.F.);
#11257=ORIENTED_EDGE('',*,*,#11256,.F.);
#11259=ORIENTED_EDGE('',*,*,#11258,.F.);
#11261=ORIENTED_EDGE('',*,*,#11260,.F.);
#11263=ORIENTED_EDGE('',*,*,#11262,.F.);
#11265=ORIENTED_EDGE('',*,*,#11264,.F.);
#11267=ORIENTED_EDGE('',*,*,#11266,.F.);
#11269=ORIENTED_EDGE('',*,*,#11268,.F.);
#11271=ORIENTED_EDGE('',*,*,#11270,.F.);
#11273=ORIENTED_EDGE('',*,*,#11272,.F.);
#11275=ORIENTED_EDGE('',*,*,#11274,.F.);
#11277=ORIENTED_EDGE('',*,*,#11276,.F.);
#11279=ORIENTED_EDGE('',*,*,#11278,.F.);
#11281=ORIENTED_EDGE('',*,*,#11280,.F.);
#11283=ORIENTED_EDGE('',*,*,#11282,.F.);
#11285=ORIENTED_EDGE('',*,*,#11284,.F.);
#11287=ORIENTED_EDGE('',*,*,#11286,.F.);
#11289=ORIENTED_EDGE('',*,*,#11288,.F.);
#11291=ORIENTED_EDGE('',*,*,#11290,.F.);
#11292=EDGE_LOOP('',(#11227,#11229,#11231,#11233,#11235,#11237,#11239,#11241,
#11243,#11245,#11247,#11249,#11251,#11253,#11255,#11257,#11259,#11261,#11263,
#11265,#11267,#11269,#11271,#11273,#11275,#11277,#11279,#11281,#11283,#11285,
#11287,#11289,#11291));
#11293=FACE_OUTER_BOUND('',#11292,.F.);
#11294=ADVANCED_FACE('',(#11293),#11225,.T.);
#11295=CARTESIAN_POINT('',(0.E0,0.E0,3.982930183811E0));
#11296=DIRECTION('',(0.E0,0.E0,1.E0));
#11297=DIRECTION('',(-1.E0,0.E0,0.E0));
#11298=AXIS2_PLACEMENT_3D('',#11295,#11296,#11297);
#11299=CONICAL_SURFACE('',#11298,5.572030183811E0,4.5E1);
#11301=ORIENTED_EDGE('',*,*,#11300,.T.);
#11302=ORIENTED_EDGE('',*,*,#11234,.T.);
#11304=ORIENTED_EDGE('',*,*,#11303,.T.);
#11306=ORIENTED_EDGE('',*,*,#11305,.T.);
#11307=EDGE_LOOP('',(#11301,#11302,#11304,#11306));
#11308=FACE_OUTER_BOUND('',#11307,.F.);
#11309=ADVANCED_FACE('',(#11308),#11299,.T.);
#11310=CARTESIAN_POINT('',(0.E0,0.E0,3.982930183811E0));
#11311=DIRECTION('',(0.E0,0.E0,1.E0));
#11312=DIRECTION('',(-1.E0,0.E0,0.E0));
#11313=AXIS2_PLACEMENT_3D('',#11310,#11311,#11312);
#11314=CONICAL_SURFACE('',#11313,5.572030183811E0,4.5E1);
#11316=ORIENTED_EDGE('',*,*,#11315,.T.);
#11317=ORIENTED_EDGE('',*,*,#11236,.T.);
#11319=ORIENTED_EDGE('',*,*,#11318,.T.);
#11321=ORIENTED_EDGE('',*,*,#11320,.T.);
#11322=EDGE_LOOP('',(#11316,#11317,#11319,#11321));
#11323=FACE_OUTER_BOUND('',#11322,.F.);
#11324=ADVANCED_FACE('',(#11323),#11314,.T.);
#11325=CARTESIAN_POINT('',(0.E0,0.E0,3.982930183811E0));
#11326=DIRECTION('',(0.E0,0.E0,1.E0));
#11327=DIRECTION('',(-1.E0,0.E0,0.E0));
#11328=AXIS2_PLACEMENT_3D('',#11325,#11326,#11327);
#11329=CONICAL_SURFACE('',#11328,5.572030183811E0,4.5E1);
#11331=ORIENTED_EDGE('',*,*,#11330,.T.);
#11332=ORIENTED_EDGE('',*,*,#11238,.T.);
#11334=ORIENTED_EDGE('',*,*,#11333,.T.);
#11336=ORIENTED_EDGE('',*,*,#11335,.T.);
#11337=EDGE_LOOP('',(#11331,#11332,#11334,#11336));
#11338=FACE_OUTER_BOUND('',#11337,.F.);
#11339=ADVANCED_FACE('',(#11338),#11329,.T.);
#11340=CARTESIAN_POINT('',(0.E0,0.E0,3.982930183811E0));
#11341=DIRECTION('',(0.E0,0.E0,1.E0));
#11342=DIRECTION('',(-1.E0,0.E0,0.E0));
#11343=AXIS2_PLACEMENT_3D('',#11340,#11341,#11342);
#11344=CONICAL_SURFACE('',#11343,5.572030183811E0,4.5E1);
#11346=ORIENTED_EDGE('',*,*,#11345,.T.);
#11347=ORIENTED_EDGE('',*,*,#11240,.T.);
#11349=ORIENTED_EDGE('',*,*,#11348,.T.);
#11351=ORIENTED_EDGE('',*,*,#11350,.T.);
#11352=EDGE_LOOP('',(#11346,#11347,#11349,#11351));
#11353=FACE_OUTER_BOUND('',#11352,.F.);
#11354=ADVANCED_FACE('',(#11353),#11344,.T.);
#11355=CARTESIAN_POINT('',(0.E0,0.E0,3.982930183811E0));
#11356=DIRECTION('',(0.E0,0.E0,1.E0));
#11357=DIRECTION('',(-1.E0,0.E0,0.E0));
#11358=AXIS2_PLACEMENT_3D('',#11355,#11356,#11357);
#11359=CONICAL_SURFACE('',#11358,5.572030183811E0,4.5E1);
#11361=ORIENTED_EDGE('',*,*,#11360,.T.);
#11362=ORIENTED_EDGE('',*,*,#11242,.T.);
#11364=ORIENTED_EDGE('',*,*,#11363,.T.);
#11366=ORIENTED_EDGE('',*,*,#11365,.T.);
#11367=EDGE_LOOP('',(#11361,#11362,#11364,#11366));
#11368=FACE_OUTER_BOUND('',#11367,.F.);
#11369=ADVANCED_FACE('',(#11368),#11359,.T.);
#11370=CARTESIAN_POINT('',(0.E0,0.E0,3.982930183811E0));
#11371=DIRECTION('',(0.E0,0.E0,1.E0));
#11372=DIRECTION('',(-1.E0,0.E0,0.E0));
#11373=AXIS2_PLACEMENT_3D('',#11370,#11371,#11372);
#11374=CONICAL_SURFACE('',#11373,5.572030183811E0,4.5E1);
#11376=ORIENTED_EDGE('',*,*,#11375,.T.);
#11377=ORIENTED_EDGE('',*,*,#11244,.T.);
#11379=ORIENTED_EDGE('',*,*,#11378,.T.);
#11381=ORIENTED_EDGE('',*,*,#11380,.T.);
#11382=EDGE_LOOP('',(#11376,#11377,#11379,#11381));
#11383=FACE_OUTER_BOUND('',#11382,.F.);
#11384=ADVANCED_FACE('',(#11383),#11374,.T.);
#11385=CARTESIAN_POINT('',(0.E0,0.E0,3.982930183811E0));
#11386=DIRECTION('',(0.E0,0.E0,1.E0));
#11387=DIRECTION('',(-1.E0,0.E0,0.E0));
#11388=AXIS2_PLACEMENT_3D('',#11385,#11386,#11387);
#11389=CONICAL_SURFACE('',#11388,5.572030183811E0,4.5E1);
#11391=ORIENTED_EDGE('',*,*,#11390,.T.);
#11392=ORIENTED_EDGE('',*,*,#11246,.T.);
#11394=ORIENTED_EDGE('',*,*,#11393,.T.);
#11396=ORIENTED_EDGE('',*,*,#11395,.T.);
#11397=EDGE_LOOP('',(#11391,#11392,#11394,#11396));
#11398=FACE_OUTER_BOUND('',#11397,.F.);
#11399=ADVANCED_FACE('',(#11398),#11389,.T.);
#11400=CARTESIAN_POINT('',(0.E0,0.E0,3.982930183811E0));
#11401=DIRECTION('',(0.E0,0.E0,1.E0));
#11402=DIRECTION('',(-1.E0,0.E0,0.E0));
#11403=AXIS2_PLACEMENT_3D('',#11400,#11401,#11402);
#11404=CONICAL_SURFACE('',#11403,5.572030183811E0,4.5E1);
#11406=ORIENTED_EDGE('',*,*,#11405,.T.);
#11407=ORIENTED_EDGE('',*,*,#11248,.T.);
#11409=ORIENTED_EDGE('',*,*,#11408,.T.);
#11411=ORIENTED_EDGE('',*,*,#11410,.T.);
#11412=EDGE_LOOP('',(#11406,#11407,#11409,#11411));
#11413=FACE_OUTER_BOUND('',#11412,.F.);
#11414=ADVANCED_FACE('',(#11413),#11404,.T.);
#11415=CARTESIAN_POINT('',(0.E0,0.E0,3.982930183811E0));
#11416=DIRECTION('',(0.E0,0.E0,1.E0));
#11417=DIRECTION('',(-1.E0,0.E0,0.E0));
#11418=AXIS2_PLACEMENT_3D('',#11415,#11416,#11417);
#11419=CONICAL_SURFACE('',#11418,5.572030183811E0,4.5E1);
#11421=ORIENTED_EDGE('',*,*,#11420,.T.);
#11422=ORIENTED_EDGE('',*,*,#11250,.T.);
#11424=ORIENTED_EDGE('',*,*,#11423,.T.);
#11426=ORIENTED_EDGE('',*,*,#11425,.T.);
#11427=EDGE_LOOP('',(#11421,#11422,#11424,#11426));
#11428=FACE_OUTER_BOUND('',#11427,.F.);
#11429=ADVANCED_FACE('',(#11428),#11419,.T.);
#11430=CARTESIAN_POINT('',(0.E0,0.E0,3.982930183811E0));
#11431=DIRECTION('',(0.E0,0.E0,1.E0));
#11432=DIRECTION('',(-1.E0,0.E0,0.E0));
#11433=AXIS2_PLACEMENT_3D('',#11430,#11431,#11432);
#11434=CONICAL_SURFACE('',#11433,5.572030183811E0,4.5E1);
#11436=ORIENTED_EDGE('',*,*,#11435,.T.);
#11437=ORIENTED_EDGE('',*,*,#11252,.T.);
#11439=ORIENTED_EDGE('',*,*,#11438,.T.);
#11441=ORIENTED_EDGE('',*,*,#11440,.T.);
#11442=EDGE_LOOP('',(#11436,#11437,#11439,#11441));
#11443=FACE_OUTER_BOUND('',#11442,.F.);
#11444=ADVANCED_FACE('',(#11443),#11434,.T.);
#11445=CARTESIAN_POINT('',(0.E0,0.E0,3.982930183811E0));
#11446=DIRECTION('',(0.E0,0.E0,1.E0));
#11447=DIRECTION('',(-1.E0,0.E0,0.E0));
#11448=AXIS2_PLACEMENT_3D('',#11445,#11446,#11447);
#11449=CONICAL_SURFACE('',#11448,5.572030183811E0,4.5E1);
#11451=ORIENTED_EDGE('',*,*,#11450,.T.);
#11452=ORIENTED_EDGE('',*,*,#11254,.T.);
#11454=ORIENTED_EDGE('',*,*,#11453,.T.);
#11456=ORIENTED_EDGE('',*,*,#11455,.T.);
#11457=EDGE_LOOP('',(#11451,#11452,#11454,#11456));
#11458=FACE_OUTER_BOUND('',#11457,.F.);
#11459=ADVANCED_FACE('',(#11458),#11449,.T.);
#11460=CARTESIAN_POINT('',(0.E0,0.E0,3.982930183811E0));
#11461=DIRECTION('',(0.E0,0.E0,1.E0));
#11462=DIRECTION('',(-1.E0,0.E0,0.E0));
#11463=AXIS2_PLACEMENT_3D('',#11460,#11461,#11462);
#11464=CONICAL_SURFACE('',#11463,5.572030183811E0,4.5E1);
#11466=ORIENTED_EDGE('',*,*,#11465,.T.);
#11467=ORIENTED_EDGE('',*,*,#11256,.T.);
#11469=ORIENTED_EDGE('',*,*,#11468,.T.);
#11471=ORIENTED_EDGE('',*,*,#11470,.T.);
#11472=EDGE_LOOP('',(#11466,#11467,#11469,#11471));
#11473=FACE_OUTER_BOUND('',#11472,.F.);
#11474=ADVANCED_FACE('',(#11473),#11464,.T.);
#11475=CARTESIAN_POINT('',(0.E0,0.E0,3.982930183811E0));
#11476=DIRECTION('',(0.E0,0.E0,1.E0));
#11477=DIRECTION('',(-1.E0,0.E0,0.E0));
#11478=AXIS2_PLACEMENT_3D('',#11475,#11476,#11477);
#11479=CONICAL_SURFACE('',#11478,5.572030183811E0,4.5E1);
#11481=ORIENTED_EDGE('',*,*,#11480,.T.);
#11482=ORIENTED_EDGE('',*,*,#11258,.T.);
#11484=ORIENTED_EDGE('',*,*,#11483,.T.);
#11486=ORIENTED_EDGE('',*,*,#11485,.T.);
#11487=EDGE_LOOP('',(#11481,#11482,#11484,#11486));
#11488=FACE_OUTER_BOUND('',#11487,.F.);
#11489=ADVANCED_FACE('',(#11488),#11479,.T.);
#11490=CARTESIAN_POINT('',(0.E0,0.E0,3.982930183811E0));
#11491=DIRECTION('',(0.E0,0.E0,1.E0));
#11492=DIRECTION('',(-1.E0,0.E0,0.E0));
#11493=AXIS2_PLACEMENT_3D('',#11490,#11491,#11492);
#11494=CONICAL_SURFACE('',#11493,5.572030183811E0,4.5E1);
#11496=ORIENTED_EDGE('',*,*,#11495,.T.);
#11497=ORIENTED_EDGE('',*,*,#11260,.T.);
#11499=ORIENTED_EDGE('',*,*,#11498,.T.);
#11501=ORIENTED_EDGE('',*,*,#11500,.T.);
#11502=EDGE_LOOP('',(#11496,#11497,#11499,#11501));
#11503=FACE_OUTER_BOUND('',#11502,.F.);
#11504=ADVANCED_FACE('',(#11503),#11494,.T.);
#11505=CARTESIAN_POINT('',(0.E0,0.E0,3.982930183811E0));
#11506=DIRECTION('',(0.E0,0.E0,1.E0));
#11507=DIRECTION('',(-1.E0,0.E0,0.E0));
#11508=AXIS2_PLACEMENT_3D('',#11505,#11506,#11507);
#11509=CONICAL_SURFACE('',#11508,5.572030183811E0,4.5E1);
#11511=ORIENTED_EDGE('',*,*,#11510,.T.);
#11512=ORIENTED_EDGE('',*,*,#11262,.T.);
#11514=ORIENTED_EDGE('',*,*,#11513,.T.);
#11516=ORIENTED_EDGE('',*,*,#11515,.T.);
#11517=EDGE_LOOP('',(#11511,#11512,#11514,#11516));
#11518=FACE_OUTER_BOUND('',#11517,.F.);
#11519=ADVANCED_FACE('',(#11518),#11509,.T.);
#11520=CARTESIAN_POINT('',(0.E0,0.E0,3.982930183811E0));
#11521=DIRECTION('',(0.E0,0.E0,1.E0));
#11522=DIRECTION('',(-1.E0,0.E0,0.E0));
#11523=AXIS2_PLACEMENT_3D('',#11520,#11521,#11522);
#11524=CONICAL_SURFACE('',#11523,5.572030183811E0,4.5E1);
#11526=ORIENTED_EDGE('',*,*,#11525,.T.);
#11527=ORIENTED_EDGE('',*,*,#11264,.T.);
#11529=ORIENTED_EDGE('',*,*,#11528,.T.);
#11531=ORIENTED_EDGE('',*,*,#11530,.T.);
#11532=EDGE_LOOP('',(#11526,#11527,#11529,#11531));
#11533=FACE_OUTER_BOUND('',#11532,.F.);
#11534=ADVANCED_FACE('',(#11533),#11524,.T.);
#11535=CARTESIAN_POINT('',(0.E0,0.E0,3.982930183811E0));
#11536=DIRECTION('',(0.E0,0.E0,1.E0));
#11537=DIRECTION('',(-1.E0,0.E0,0.E0));
#11538=AXIS2_PLACEMENT_3D('',#11535,#11536,#11537);
#11539=CONICAL_SURFACE('',#11538,5.572030183811E0,4.5E1);
#11541=ORIENTED_EDGE('',*,*,#11540,.T.);
#11542=ORIENTED_EDGE('',*,*,#11266,.T.);
#11544=ORIENTED_EDGE('',*,*,#11543,.T.);
#11546=ORIENTED_EDGE('',*,*,#11545,.T.);
#11547=EDGE_LOOP('',(#11541,#11542,#11544,#11546));
#11548=FACE_OUTER_BOUND('',#11547,.F.);
#11549=ADVANCED_FACE('',(#11548),#11539,.T.);
#11550=CARTESIAN_POINT('',(0.E0,0.E0,3.982930183811E0));
#11551=DIRECTION('',(0.E0,0.E0,1.E0));
#11552=DIRECTION('',(-1.E0,0.E0,0.E0));
#11553=AXIS2_PLACEMENT_3D('',#11550,#11551,#11552);
#11554=CONICAL_SURFACE('',#11553,5.572030183811E0,4.5E1);
#11556=ORIENTED_EDGE('',*,*,#11555,.T.);
#11557=ORIENTED_EDGE('',*,*,#11268,.T.);
#11559=ORIENTED_EDGE('',*,*,#11558,.T.);
#11561=ORIENTED_EDGE('',*,*,#11560,.T.);
#11562=EDGE_LOOP('',(#11556,#11557,#11559,#11561));
#11563=FACE_OUTER_BOUND('',#11562,.F.);
#11564=ADVANCED_FACE('',(#11563),#11554,.T.);
#11565=CARTESIAN_POINT('',(0.E0,0.E0,3.982930183811E0));
#11566=DIRECTION('',(0.E0,0.E0,1.E0));
#11567=DIRECTION('',(-1.E0,0.E0,0.E0));
#11568=AXIS2_PLACEMENT_3D('',#11565,#11566,#11567);
#11569=CONICAL_SURFACE('',#11568,5.572030183811E0,4.5E1);
#11571=ORIENTED_EDGE('',*,*,#11570,.T.);
#11572=ORIENTED_EDGE('',*,*,#11270,.T.);
#11574=ORIENTED_EDGE('',*,*,#11573,.T.);
#11576=ORIENTED_EDGE('',*,*,#11575,.T.);
#11577=EDGE_LOOP('',(#11571,#11572,#11574,#11576));
#11578=FACE_OUTER_BOUND('',#11577,.F.);
#11579=ADVANCED_FACE('',(#11578),#11569,.T.);
#11580=CARTESIAN_POINT('',(0.E0,0.E0,3.982930183811E0));
#11581=DIRECTION('',(0.E0,0.E0,1.E0));
#11582=DIRECTION('',(-1.E0,0.E0,0.E0));
#11583=AXIS2_PLACEMENT_3D('',#11580,#11581,#11582);
#11584=CONICAL_SURFACE('',#11583,5.572030183811E0,4.5E1);
#11586=ORIENTED_EDGE('',*,*,#11585,.T.);
#11587=ORIENTED_EDGE('',*,*,#11272,.T.);
#11589=ORIENTED_EDGE('',*,*,#11588,.T.);
#11591=ORIENTED_EDGE('',*,*,#11590,.T.);
#11592=EDGE_LOOP('',(#11586,#11587,#11589,#11591));
#11593=FACE_OUTER_BOUND('',#11592,.F.);
#11594=ADVANCED_FACE('',(#11593),#11584,.T.);
#11595=CARTESIAN_POINT('',(0.E0,0.E0,3.982930183811E0));
#11596=DIRECTION('',(0.E0,0.E0,1.E0));
#11597=DIRECTION('',(-1.E0,0.E0,0.E0));
#11598=AXIS2_PLACEMENT_3D('',#11595,#11596,#11597);
#11599=CONICAL_SURFACE('',#11598,5.572030183811E0,4.5E1);
#11601=ORIENTED_EDGE('',*,*,#11600,.T.);
#11602=ORIENTED_EDGE('',*,*,#11274,.T.);
#11604=ORIENTED_EDGE('',*,*,#11603,.T.);
#11606=ORIENTED_EDGE('',*,*,#11605,.T.);
#11607=EDGE_LOOP('',(#11601,#11602,#11604,#11606));
#11608=FACE_OUTER_BOUND('',#11607,.F.);
#11609=ADVANCED_FACE('',(#11608),#11599,.T.);
#11610=CARTESIAN_POINT('',(0.E0,0.E0,3.982930183811E0));
#11611=DIRECTION('',(0.E0,0.E0,1.E0));
#11612=DIRECTION('',(-1.E0,0.E0,0.E0));
#11613=AXIS2_PLACEMENT_3D('',#11610,#11611,#11612);
#11614=CONICAL_SURFACE('',#11613,5.572030183811E0,4.5E1);
#11616=ORIENTED_EDGE('',*,*,#11615,.T.);
#11617=ORIENTED_EDGE('',*,*,#11276,.T.);
#11619=ORIENTED_EDGE('',*,*,#11618,.T.);
#11621=ORIENTED_EDGE('',*,*,#11620,.T.);
#11622=EDGE_LOOP('',(#11616,#11617,#11619,#11621));
#11623=FACE_OUTER_BOUND('',#11622,.F.);
#11624=ADVANCED_FACE('',(#11623),#11614,.T.);
#11625=CARTESIAN_POINT('',(0.E0,0.E0,3.982930183811E0));
#11626=DIRECTION('',(0.E0,0.E0,1.E0));
#11627=DIRECTION('',(-1.E0,0.E0,0.E0));
#11628=AXIS2_PLACEMENT_3D('',#11625,#11626,#11627);
#11629=CONICAL_SURFACE('',#11628,5.572030183811E0,4.5E1);
#11631=ORIENTED_EDGE('',*,*,#11630,.T.);
#11632=ORIENTED_EDGE('',*,*,#11278,.T.);
#11634=ORIENTED_EDGE('',*,*,#11633,.T.);
#11636=ORIENTED_EDGE('',*,*,#11635,.T.);
#11637=EDGE_LOOP('',(#11631,#11632,#11634,#11636));
#11638=FACE_OUTER_BOUND('',#11637,.F.);
#11639=ADVANCED_FACE('',(#11638),#11629,.T.);
#11640=CARTESIAN_POINT('',(0.E0,0.E0,3.982930183811E0));
#11641=DIRECTION('',(0.E0,0.E0,1.E0));
#11642=DIRECTION('',(-1.E0,0.E0,0.E0));
#11643=AXIS2_PLACEMENT_3D('',#11640,#11641,#11642);
#11644=CONICAL_SURFACE('',#11643,5.572030183811E0,4.5E1);
#11646=ORIENTED_EDGE('',*,*,#11645,.T.);
#11647=ORIENTED_EDGE('',*,*,#11280,.T.);
#11649=ORIENTED_EDGE('',*,*,#11648,.T.);
#11651=ORIENTED_EDGE('',*,*,#11650,.T.);
#11652=EDGE_LOOP('',(#11646,#11647,#11649,#11651));
#11653=FACE_OUTER_BOUND('',#11652,.F.);
#11654=ADVANCED_FACE('',(#11653),#11644,.T.);
#11655=CARTESIAN_POINT('',(0.E0,0.E0,3.982930183811E0));
#11656=DIRECTION('',(0.E0,0.E0,1.E0));
#11657=DIRECTION('',(-1.E0,0.E0,0.E0));
#11658=AXIS2_PLACEMENT_3D('',#11655,#11656,#11657);
#11659=CONICAL_SURFACE('',#11658,5.572030183811E0,4.5E1);
#11661=ORIENTED_EDGE('',*,*,#11660,.T.);
#11662=ORIENTED_EDGE('',*,*,#11282,.T.);
#11664=ORIENTED_EDGE('',*,*,#11663,.T.);
#11666=ORIENTED_EDGE('',*,*,#11665,.T.);
#11667=EDGE_LOOP('',(#11661,#11662,#11664,#11666));
#11668=FACE_OUTER_BOUND('',#11667,.F.);
#11669=ADVANCED_FACE('',(#11668),#11659,.T.);
#11670=CARTESIAN_POINT('',(0.E0,0.E0,3.982930183811E0));
#11671=DIRECTION('',(0.E0,0.E0,1.E0));
#11672=DIRECTION('',(-1.E0,0.E0,0.E0));
#11673=AXIS2_PLACEMENT_3D('',#11670,#11671,#11672);
#11674=CONICAL_SURFACE('',#11673,5.572030183811E0,4.5E1);
#11676=ORIENTED_EDGE('',*,*,#11675,.T.);
#11677=ORIENTED_EDGE('',*,*,#11284,.T.);
#11679=ORIENTED_EDGE('',*,*,#11678,.T.);
#11681=ORIENTED_EDGE('',*,*,#11680,.T.);
#11682=EDGE_LOOP('',(#11676,#11677,#11679,#11681));
#11683=FACE_OUTER_BOUND('',#11682,.F.);
#11684=ADVANCED_FACE('',(#11683),#11674,.T.);
#11685=CARTESIAN_POINT('',(0.E0,0.E0,3.982930183811E0));
#11686=DIRECTION('',(0.E0,0.E0,1.E0));
#11687=DIRECTION('',(-1.E0,0.E0,0.E0));
#11688=AXIS2_PLACEMENT_3D('',#11685,#11686,#11687);
#11689=CONICAL_SURFACE('',#11688,5.572030183811E0,4.5E1);
#11691=ORIENTED_EDGE('',*,*,#11690,.T.);
#11692=ORIENTED_EDGE('',*,*,#11286,.T.);
#11694=ORIENTED_EDGE('',*,*,#11693,.T.);
#11696=ORIENTED_EDGE('',*,*,#11695,.T.);
#11697=EDGE_LOOP('',(#11691,#11692,#11694,#11696));
#11698=FACE_OUTER_BOUND('',#11697,.F.);
#11699=ADVANCED_FACE('',(#11698),#11689,.T.);
#11700=CARTESIAN_POINT('',(0.E0,0.E0,3.982930183811E0));
#11701=DIRECTION('',(0.E0,0.E0,1.E0));
#11702=DIRECTION('',(-1.E0,0.E0,0.E0));
#11703=AXIS2_PLACEMENT_3D('',#11700,#11701,#11702);
#11704=CONICAL_SURFACE('',#11703,5.572030183811E0,4.5E1);
#11706=ORIENTED_EDGE('',*,*,#11705,.T.);
#11707=ORIENTED_EDGE('',*,*,#11288,.T.);
#11709=ORIENTED_EDGE('',*,*,#11708,.T.);
#11711=ORIENTED_EDGE('',*,*,#11710,.T.);
#11712=EDGE_LOOP('',(#11706,#11707,#11709,#11711));
#11713=FACE_OUTER_BOUND('',#11712,.F.);
#11714=ADVANCED_FACE('',(#11713),#11704,.T.);
#11715=CARTESIAN_POINT('',(0.E0,0.E0,3.982930183811E0));
#11716=DIRECTION('',(0.E0,0.E0,1.E0));
#11717=DIRECTION('',(-1.E0,0.E0,0.E0));
#11718=AXIS2_PLACEMENT_3D('',#11715,#11716,#11717);
#11719=CONICAL_SURFACE('',#11718,5.572030183811E0,4.5E1);
#11721=ORIENTED_EDGE('',*,*,#11720,.T.);
#11722=ORIENTED_EDGE('',*,*,#11290,.T.);
#11724=ORIENTED_EDGE('',*,*,#11723,.T.);
#11726=ORIENTED_EDGE('',*,*,#11725,.T.);
#11727=EDGE_LOOP('',(#11721,#11722,#11724,#11726));
#11728=FACE_OUTER_BOUND('',#11727,.F.);
#11729=ADVANCED_FACE('',(#11728),#11719,.T.);
#11730=CARTESIAN_POINT('',(0.E0,0.E0,3.982930183811E0));
#11731=DIRECTION('',(0.E0,0.E0,1.E0));
#11732=DIRECTION('',(-1.E0,0.E0,0.E0));
#11733=AXIS2_PLACEMENT_3D('',#11730,#11731,#11732);
#11734=CONICAL_SURFACE('',#11733,5.572030183811E0,4.5E1);
#11736=ORIENTED_EDGE('',*,*,#11735,.T.);
#11737=ORIENTED_EDGE('',*,*,#11226,.T.);
#11739=ORIENTED_EDGE('',*,*,#11738,.T.);
#11741=ORIENTED_EDGE('',*,*,#11740,.T.);
#11742=EDGE_LOOP('',(#11736,#11737,#11739,#11741));
#11743=FACE_OUTER_BOUND('',#11742,.F.);
#11744=ADVANCED_FACE('',(#11743),#11734,.T.);
#11745=CARTESIAN_POINT('',(5.399508000428E0,5.675111591959E-1,1.12014E1));
#11746=DIRECTION('',(-6.296131085388E-1,-7.769088322037E-1,0.E0));
#11747=DIRECTION('',(7.769088322037E-1,-6.296131085388E-1,0.E0));
#11748=AXIS2_PLACEMENT_3D('',#11745,#11746,#11747);
#11749=PLANE('',#11748);
#11751=ORIENTED_EDGE('',*,*,#11750,.T.);
#11753=ORIENTED_EDGE('',*,*,#11752,.T.);
#11755=ORIENTED_EDGE('',*,*,#11754,.T.);
#11756=ORIENTED_EDGE('',*,*,#11300,.F.);
#11757=EDGE_LOOP('',(#11751,#11753,#11755,#11756));
#11758=FACE_OUTER_BOUND('',#11757,.F.);
#11759=ADVANCED_FACE('',(#11758),#11749,.F.);
#11760=CARTESIAN_POINT('',(0.E0,0.E0,7.3779E0));
#11761=DIRECTION('',(0.E0,0.E0,1.E0));
#11762=DIRECTION('',(1.E0,0.E0,0.E0));
#11763=AXIS2_PLACEMENT_3D('',#11760,#11761,#11762);
#11764=CYLINDRICAL_SURFACE('',#11763,5.715E0);
#11765=ORIENTED_EDGE('',*,*,#11750,.F.);
#11766=ORIENTED_EDGE('',*,*,#11305,.F.);
#11768=ORIENTED_EDGE('',*,*,#11767,.T.);
#11770=ORIENTED_EDGE('',*,*,#11769,.F.);
#11771=EDGE_LOOP('',(#11765,#11766,#11768,#11770));
#11772=FACE_OUTER_BOUND('',#11771,.F.);
#11773=ADVANCED_FACE('',(#11772),#11764,.T.);
#11774=CARTESIAN_POINT('',(0.E0,0.E0,7.3779E0));
#11775=DIRECTION('',(0.E0,0.E0,1.E0));
#11776=DIRECTION('',(1.E0,0.E0,0.E0));
#11777=AXIS2_PLACEMENT_3D('',#11774,#11775,#11776);
#11778=CYLINDRICAL_SURFACE('',#11777,5.715E0);
#11780=ORIENTED_EDGE('',*,*,#11779,.F.);
#11781=ORIENTED_EDGE('',*,*,#11320,.F.);
#11783=ORIENTED_EDGE('',*,*,#11782,.T.);
#11785=ORIENTED_EDGE('',*,*,#11784,.F.);
#11786=EDGE_LOOP('',(#11780,#11781,#11783,#11785));
#11787=FACE_OUTER_BOUND('',#11786,.F.);
#11788=ADVANCED_FACE('',(#11787),#11778,.T.);
#11789=CARTESIAN_POINT('',(0.E0,0.E0,7.3779E0));
#11790=DIRECTION('',(0.E0,0.E0,1.E0));
#11791=DIRECTION('',(1.E0,0.E0,0.E0));
#11792=AXIS2_PLACEMENT_3D('',#11789,#11790,#11791);
#11793=CYLINDRICAL_SURFACE('',#11792,5.715E0);
#11795=ORIENTED_EDGE('',*,*,#11794,.F.);
#11796=ORIENTED_EDGE('',*,*,#11335,.F.);
#11798=ORIENTED_EDGE('',*,*,#11797,.T.);
#11800=ORIENTED_EDGE('',*,*,#11799,.F.);
#11801=EDGE_LOOP('',(#11795,#11796,#11798,#11800));
#11802=FACE_OUTER_BOUND('',#11801,.F.);
#11803=ADVANCED_FACE('',(#11802),#11793,.T.);
#11804=CARTESIAN_POINT('',(0.E0,0.E0,7.3779E0));
#11805=DIRECTION('',(0.E0,0.E0,1.E0));
#11806=DIRECTION('',(1.E0,0.E0,0.E0));
#11807=AXIS2_PLACEMENT_3D('',#11804,#11805,#11806);
#11808=CYLINDRICAL_SURFACE('',#11807,5.715E0);
#11810=ORIENTED_EDGE('',*,*,#11809,.F.);
#11811=ORIENTED_EDGE('',*,*,#11350,.F.);
#11813=ORIENTED_EDGE('',*,*,#11812,.T.);
#11815=ORIENTED_EDGE('',*,*,#11814,.F.);
#11816=EDGE_LOOP('',(#11810,#11811,#11813,#11815));
#11817=FACE_OUTER_BOUND('',#11816,.F.);
#11818=ADVANCED_FACE('',(#11817),#11808,.T.);
#11819=CARTESIAN_POINT('',(0.E0,0.E0,7.3779E0));
#11820=DIRECTION('',(0.E0,0.E0,1.E0));
#11821=DIRECTION('',(1.E0,0.E0,0.E0));
#11822=AXIS2_PLACEMENT_3D('',#11819,#11820,#11821);
#11823=CYLINDRICAL_SURFACE('',#11822,5.715E0);
#11825=ORIENTED_EDGE('',*,*,#11824,.F.);
#11826=ORIENTED_EDGE('',*,*,#11365,.F.);
#11828=ORIENTED_EDGE('',*,*,#11827,.T.);
#11830=ORIENTED_EDGE('',*,*,#11829,.F.);
#11831=EDGE_LOOP('',(#11825,#11826,#11828,#11830));
#11832=FACE_OUTER_BOUND('',#11831,.F.);
#11833=ADVANCED_FACE('',(#11832),#11823,.T.);
#11834=CARTESIAN_POINT('',(0.E0,0.E0,7.3779E0));
#11835=DIRECTION('',(0.E0,0.E0,1.E0));
#11836=DIRECTION('',(1.E0,0.E0,0.E0));
#11837=AXIS2_PLACEMENT_3D('',#11834,#11835,#11836);
#11838=CYLINDRICAL_SURFACE('',#11837,5.715E0);
#11840=ORIENTED_EDGE('',*,*,#11839,.F.);
#11841=ORIENTED_EDGE('',*,*,#11380,.F.);
#11843=ORIENTED_EDGE('',*,*,#11842,.T.);
#11845=ORIENTED_EDGE('',*,*,#11844,.F.);
#11846=EDGE_LOOP('',(#11840,#11841,#11843,#11845));
#11847=FACE_OUTER_BOUND('',#11846,.F.);
#11848=ADVANCED_FACE('',(#11847),#11838,.T.);
#11849=CARTESIAN_POINT('',(0.E0,0.E0,7.3779E0));
#11850=DIRECTION('',(0.E0,0.E0,1.E0));
#11851=DIRECTION('',(1.E0,0.E0,0.E0));
#11852=AXIS2_PLACEMENT_3D('',#11849,#11850,#11851);
#11853=CYLINDRICAL_SURFACE('',#11852,5.715E0);
#11855=ORIENTED_EDGE('',*,*,#11854,.F.);
#11856=ORIENTED_EDGE('',*,*,#11395,.F.);
#11858=ORIENTED_EDGE('',*,*,#11857,.T.);
#11860=ORIENTED_EDGE('',*,*,#11859,.F.);
#11861=EDGE_LOOP('',(#11855,#11856,#11858,#11860));
#11862=FACE_OUTER_BOUND('',#11861,.F.);
#11863=ADVANCED_FACE('',(#11862),#11853,.T.);
#11864=CARTESIAN_POINT('',(0.E0,0.E0,7.3779E0));
#11865=DIRECTION('',(0.E0,0.E0,1.E0));
#11866=DIRECTION('',(1.E0,0.E0,0.E0));
#11867=AXIS2_PLACEMENT_3D('',#11864,#11865,#11866);
#11868=CYLINDRICAL_SURFACE('',#11867,5.715E0);
#11870=ORIENTED_EDGE('',*,*,#11869,.F.);
#11871=ORIENTED_EDGE('',*,*,#11410,.F.);
#11873=ORIENTED_EDGE('',*,*,#11872,.T.);
#11875=ORIENTED_EDGE('',*,*,#11874,.F.);
#11876=EDGE_LOOP('',(#11870,#11871,#11873,#11875));
#11877=FACE_OUTER_BOUND('',#11876,.F.);
#11878=ADVANCED_FACE('',(#11877),#11868,.T.);
#11879=CARTESIAN_POINT('',(0.E0,0.E0,7.3779E0));
#11880=DIRECTION('',(0.E0,0.E0,1.E0));
#11881=DIRECTION('',(1.E0,0.E0,0.E0));
#11882=AXIS2_PLACEMENT_3D('',#11879,#11880,#11881);
#11883=CYLINDRICAL_SURFACE('',#11882,5.715E0);
#11885=ORIENTED_EDGE('',*,*,#11884,.F.);
#11886=ORIENTED_EDGE('',*,*,#11425,.F.);
#11888=ORIENTED_EDGE('',*,*,#11887,.T.);
#11890=ORIENTED_EDGE('',*,*,#11889,.F.);
#11891=EDGE_LOOP('',(#11885,#11886,#11888,#11890));
#11892=FACE_OUTER_BOUND('',#11891,.F.);
#11893=ADVANCED_FACE('',(#11892),#11883,.T.);
#11894=CARTESIAN_POINT('',(0.E0,0.E0,7.3779E0));
#11895=DIRECTION('',(0.E0,0.E0,1.E0));
#11896=DIRECTION('',(1.E0,0.E0,0.E0));
#11897=AXIS2_PLACEMENT_3D('',#11894,#11895,#11896);
#11898=CYLINDRICAL_SURFACE('',#11897,5.715E0);
#11900=ORIENTED_EDGE('',*,*,#11899,.F.);
#11901=ORIENTED_EDGE('',*,*,#11440,.F.);
#11903=ORIENTED_EDGE('',*,*,#11902,.T.);
#11905=ORIENTED_EDGE('',*,*,#11904,.F.);
#11906=EDGE_LOOP('',(#11900,#11901,#11903,#11905));
#11907=FACE_OUTER_BOUND('',#11906,.F.);
#11908=ADVANCED_FACE('',(#11907),#11898,.T.);
#11909=CARTESIAN_POINT('',(0.E0,0.E0,7.3779E0));
#11910=DIRECTION('',(0.E0,0.E0,1.E0));
#11911=DIRECTION('',(1.E0,0.E0,0.E0));
#11912=AXIS2_PLACEMENT_3D('',#11909,#11910,#11911);
#11913=CYLINDRICAL_SURFACE('',#11912,5.715E0);
#11915=ORIENTED_EDGE('',*,*,#11914,.F.);
#11916=ORIENTED_EDGE('',*,*,#11455,.F.);
#11918=ORIENTED_EDGE('',*,*,#11917,.T.);
#11920=ORIENTED_EDGE('',*,*,#11919,.F.);
#11921=EDGE_LOOP('',(#11915,#11916,#11918,#11920));
#11922=FACE_OUTER_BOUND('',#11921,.F.);
#11923=ADVANCED_FACE('',(#11922),#11913,.T.);
#11924=CARTESIAN_POINT('',(0.E0,0.E0,7.3779E0));
#11925=DIRECTION('',(0.E0,0.E0,1.E0));
#11926=DIRECTION('',(1.E0,0.E0,0.E0));
#11927=AXIS2_PLACEMENT_3D('',#11924,#11925,#11926);
#11928=CYLINDRICAL_SURFACE('',#11927,5.715E0);
#11930=ORIENTED_EDGE('',*,*,#11929,.F.);
#11931=ORIENTED_EDGE('',*,*,#11470,.F.);
#11933=ORIENTED_EDGE('',*,*,#11932,.T.);
#11935=ORIENTED_EDGE('',*,*,#11934,.F.);
#11936=EDGE_LOOP('',(#11930,#11931,#11933,#11935));
#11937=FACE_OUTER_BOUND('',#11936,.F.);
#11938=ADVANCED_FACE('',(#11937),#11928,.T.);
#11939=CARTESIAN_POINT('',(0.E0,0.E0,7.3779E0));
#11940=DIRECTION('',(0.E0,0.E0,1.E0));
#11941=DIRECTION('',(1.E0,0.E0,0.E0));
#11942=AXIS2_PLACEMENT_3D('',#11939,#11940,#11941);
#11943=CYLINDRICAL_SURFACE('',#11942,5.715E0);
#11945=ORIENTED_EDGE('',*,*,#11944,.F.);
#11946=ORIENTED_EDGE('',*,*,#11485,.F.);
#11948=ORIENTED_EDGE('',*,*,#11947,.T.);
#11950=ORIENTED_EDGE('',*,*,#11949,.F.);
#11951=EDGE_LOOP('',(#11945,#11946,#11948,#11950));
#11952=FACE_OUTER_BOUND('',#11951,.F.);
#11953=ADVANCED_FACE('',(#11952),#11943,.T.);
#11954=CARTESIAN_POINT('',(0.E0,0.E0,7.3779E0));
#11955=DIRECTION('',(0.E0,0.E0,1.E0));
#11956=DIRECTION('',(1.E0,0.E0,0.E0));
#11957=AXIS2_PLACEMENT_3D('',#11954,#11955,#11956);
#11958=CYLINDRICAL_SURFACE('',#11957,5.715E0);
#11960=ORIENTED_EDGE('',*,*,#11959,.F.);
#11961=ORIENTED_EDGE('',*,*,#11500,.F.);
#11963=ORIENTED_EDGE('',*,*,#11962,.T.);
#11965=ORIENTED_EDGE('',*,*,#11964,.F.);
#11966=EDGE_LOOP('',(#11960,#11961,#11963,#11965));
#11967=FACE_OUTER_BOUND('',#11966,.F.);
#11968=ADVANCED_FACE('',(#11967),#11958,.T.);
#11969=CARTESIAN_POINT('',(0.E0,0.E0,7.3779E0));
#11970=DIRECTION('',(0.E0,0.E0,1.E0));
#11971=DIRECTION('',(1.E0,0.E0,0.E0));
#11972=AXIS2_PLACEMENT_3D('',#11969,#11970,#11971);
#11973=CYLINDRICAL_SURFACE('',#11972,5.715E0);
#11975=ORIENTED_EDGE('',*,*,#11974,.F.);
#11976=ORIENTED_EDGE('',*,*,#11515,.F.);
#11978=ORIENTED_EDGE('',*,*,#11977,.T.);
#11980=ORIENTED_EDGE('',*,*,#11979,.F.);
#11981=EDGE_LOOP('',(#11975,#11976,#11978,#11980));
#11982=FACE_OUTER_BOUND('',#11981,.F.);
#11983=ADVANCED_FACE('',(#11982),#11973,.T.);
#11984=CARTESIAN_POINT('',(0.E0,0.E0,7.3779E0));
#11985=DIRECTION('',(0.E0,0.E0,1.E0));
#11986=DIRECTION('',(1.E0,0.E0,0.E0));
#11987=AXIS2_PLACEMENT_3D('',#11984,#11985,#11986);
#11988=CYLINDRICAL_SURFACE('',#11987,5.715E0);
#11990=ORIENTED_EDGE('',*,*,#11989,.F.);
#11991=ORIENTED_EDGE('',*,*,#11530,.F.);
#11993=ORIENTED_EDGE('',*,*,#11992,.T.);
#11995=ORIENTED_EDGE('',*,*,#11994,.F.);
#11996=EDGE_LOOP('',(#11990,#11991,#11993,#11995));
#11997=FACE_OUTER_BOUND('',#11996,.F.);
#11998=ADVANCED_FACE('',(#11997),#11988,.T.);
#11999=CARTESIAN_POINT('',(0.E0,0.E0,7.3779E0));
#12000=DIRECTION('',(0.E0,0.E0,1.E0));
#12001=DIRECTION('',(1.E0,0.E0,0.E0));
#12002=AXIS2_PLACEMENT_3D('',#11999,#12000,#12001);
#12003=CYLINDRICAL_SURFACE('',#12002,5.715E0);
#12005=ORIENTED_EDGE('',*,*,#12004,.F.);
#12006=ORIENTED_EDGE('',*,*,#11545,.F.);
#12008=ORIENTED_EDGE('',*,*,#12007,.T.);
#12010=ORIENTED_EDGE('',*,*,#12009,.F.);
#12011=EDGE_LOOP('',(#12005,#12006,#12008,#12010));
#12012=FACE_OUTER_BOUND('',#12011,.F.);
#12013=ADVANCED_FACE('',(#12012),#12003,.T.);
#12014=CARTESIAN_POINT('',(0.E0,0.E0,7.3779E0));
#12015=DIRECTION('',(0.E0,0.E0,1.E0));
#12016=DIRECTION('',(1.E0,0.E0,0.E0));
#12017=AXIS2_PLACEMENT_3D('',#12014,#12015,#12016);
#12018=CYLINDRICAL_SURFACE('',#12017,5.715E0);
#12020=ORIENTED_EDGE('',*,*,#12019,.F.);
#12021=ORIENTED_EDGE('',*,*,#11560,.F.);
#12023=ORIENTED_EDGE('',*,*,#12022,.T.);
#12025=ORIENTED_EDGE('',*,*,#12024,.F.);
#12026=EDGE_LOOP('',(#12020,#12021,#12023,#12025));
#12027=FACE_OUTER_BOUND('',#12026,.F.);
#12028=ADVANCED_FACE('',(#12027),#12018,.T.);
#12029=CARTESIAN_POINT('',(0.E0,0.E0,7.3779E0));
#12030=DIRECTION('',(0.E0,0.E0,1.E0));
#12031=DIRECTION('',(1.E0,0.E0,0.E0));
#12032=AXIS2_PLACEMENT_3D('',#12029,#12030,#12031);
#12033=CYLINDRICAL_SURFACE('',#12032,5.715E0);
#12035=ORIENTED_EDGE('',*,*,#12034,.F.);
#12036=ORIENTED_EDGE('',*,*,#11575,.F.);
#12038=ORIENTED_EDGE('',*,*,#12037,.T.);
#12040=ORIENTED_EDGE('',*,*,#12039,.F.);
#12041=EDGE_LOOP('',(#12035,#12036,#12038,#12040));
#12042=FACE_OUTER_BOUND('',#12041,.F.);
#12043=ADVANCED_FACE('',(#12042),#12033,.T.);
#12044=CARTESIAN_POINT('',(0.E0,0.E0,7.3779E0));
#12045=DIRECTION('',(0.E0,0.E0,1.E0));
#12046=DIRECTION('',(1.E0,0.E0,0.E0));
#12047=AXIS2_PLACEMENT_3D('',#12044,#12045,#12046);
#12048=CYLINDRICAL_SURFACE('',#12047,5.715E0);
#12050=ORIENTED_EDGE('',*,*,#12049,.F.);
#12051=ORIENTED_EDGE('',*,*,#11590,.F.);
#12053=ORIENTED_EDGE('',*,*,#12052,.T.);
#12055=ORIENTED_EDGE('',*,*,#12054,.F.);
#12056=EDGE_LOOP('',(#12050,#12051,#12053,#12055));
#12057=FACE_OUTER_BOUND('',#12056,.F.);
#12058=ADVANCED_FACE('',(#12057),#12048,.T.);
#12059=CARTESIAN_POINT('',(0.E0,0.E0,7.3779E0));
#12060=DIRECTION('',(0.E0,0.E0,1.E0));
#12061=DIRECTION('',(1.E0,0.E0,0.E0));
#12062=AXIS2_PLACEMENT_3D('',#12059,#12060,#12061);
#12063=CYLINDRICAL_SURFACE('',#12062,5.715E0);
#12065=ORIENTED_EDGE('',*,*,#12064,.F.);
#12066=ORIENTED_EDGE('',*,*,#11605,.F.);
#12068=ORIENTED_EDGE('',*,*,#12067,.T.);
#12070=ORIENTED_EDGE('',*,*,#12069,.F.);
#12071=EDGE_LOOP('',(#12065,#12066,#12068,#12070));
#12072=FACE_OUTER_BOUND('',#12071,.F.);
#12073=ADVANCED_FACE('',(#12072),#12063,.T.);
#12074=CARTESIAN_POINT('',(0.E0,0.E0,7.3779E0));
#12075=DIRECTION('',(0.E0,0.E0,1.E0));
#12076=DIRECTION('',(1.E0,0.E0,0.E0));
#12077=AXIS2_PLACEMENT_3D('',#12074,#12075,#12076);
#12078=CYLINDRICAL_SURFACE('',#12077,5.715E0);
#12080=ORIENTED_EDGE('',*,*,#12079,.F.);
#12081=ORIENTED_EDGE('',*,*,#11620,.F.);
#12083=ORIENTED_EDGE('',*,*,#12082,.T.);
#12085=ORIENTED_EDGE('',*,*,#12084,.F.);
#12086=EDGE_LOOP('',(#12080,#12081,#12083,#12085));
#12087=FACE_OUTER_BOUND('',#12086,.F.);
#12088=ADVANCED_FACE('',(#12087),#12078,.T.);
#12089=CARTESIAN_POINT('',(0.E0,0.E0,7.3779E0));
#12090=DIRECTION('',(0.E0,0.E0,1.E0));
#12091=DIRECTION('',(1.E0,0.E0,0.E0));
#12092=AXIS2_PLACEMENT_3D('',#12089,#12090,#12091);
#12093=CYLINDRICAL_SURFACE('',#12092,5.715E0);
#12095=ORIENTED_EDGE('',*,*,#12094,.F.);
#12096=ORIENTED_EDGE('',*,*,#11635,.F.);
#12098=ORIENTED_EDGE('',*,*,#12097,.T.);
#12100=ORIENTED_EDGE('',*,*,#12099,.F.);
#12101=EDGE_LOOP('',(#12095,#12096,#12098,#12100));
#12102=FACE_OUTER_BOUND('',#12101,.F.);
#12103=ADVANCED_FACE('',(#12102),#12093,.T.);
#12104=CARTESIAN_POINT('',(0.E0,0.E0,7.3779E0));
#12105=DIRECTION('',(0.E0,0.E0,1.E0));
#12106=DIRECTION('',(1.E0,0.E0,0.E0));
#12107=AXIS2_PLACEMENT_3D('',#12104,#12105,#12106);
#12108=CYLINDRICAL_SURFACE('',#12107,5.715E0);
#12110=ORIENTED_EDGE('',*,*,#12109,.F.);
#12111=ORIENTED_EDGE('',*,*,#11650,.F.);
#12113=ORIENTED_EDGE('',*,*,#12112,.T.);
#12115=ORIENTED_EDGE('',*,*,#12114,.F.);
#12116=EDGE_LOOP('',(#12110,#12111,#12113,#12115));
#12117=FACE_OUTER_BOUND('',#12116,.F.);
#12118=ADVANCED_FACE('',(#12117),#12108,.T.);
#12119=CARTESIAN_POINT('',(0.E0,0.E0,7.3779E0));
#12120=DIRECTION('',(0.E0,0.E0,1.E0));
#12121=DIRECTION('',(1.E0,0.E0,0.E0));
#12122=AXIS2_PLACEMENT_3D('',#12119,#12120,#12121);
#12123=CYLINDRICAL_SURFACE('',#12122,5.715E0);
#12125=ORIENTED_EDGE('',*,*,#12124,.F.);
#12126=ORIENTED_EDGE('',*,*,#11665,.F.);
#12128=ORIENTED_EDGE('',*,*,#12127,.T.);
#12130=ORIENTED_EDGE('',*,*,#12129,.F.);
#12131=EDGE_LOOP('',(#12125,#12126,#12128,#12130));
#12132=FACE_OUTER_BOUND('',#12131,.F.);
#12133=ADVANCED_FACE('',(#12132),#12123,.T.);
#12134=CARTESIAN_POINT('',(0.E0,0.E0,7.3779E0));
#12135=DIRECTION('',(0.E0,0.E0,1.E0));
#12136=DIRECTION('',(1.E0,0.E0,0.E0));
#12137=AXIS2_PLACEMENT_3D('',#12134,#12135,#12136);
#12138=CYLINDRICAL_SURFACE('',#12137,5.715E0);
#12140=ORIENTED_EDGE('',*,*,#12139,.F.);
#12141=ORIENTED_EDGE('',*,*,#11680,.F.);
#12143=ORIENTED_EDGE('',*,*,#12142,.T.);
#12145=ORIENTED_EDGE('',*,*,#12144,.F.);
#12146=EDGE_LOOP('',(#12140,#12141,#12143,#12145));
#12147=FACE_OUTER_BOUND('',#12146,.F.);
#12148=ADVANCED_FACE('',(#12147),#12138,.T.);
#12149=CARTESIAN_POINT('',(0.E0,0.E0,7.3779E0));
#12150=DIRECTION('',(0.E0,0.E0,1.E0));
#12151=DIRECTION('',(1.E0,0.E0,0.E0));
#12152=AXIS2_PLACEMENT_3D('',#12149,#12150,#12151);
#12153=CYLINDRICAL_SURFACE('',#12152,5.715E0);
#12155=ORIENTED_EDGE('',*,*,#12154,.F.);
#12156=ORIENTED_EDGE('',*,*,#11695,.F.);
#12158=ORIENTED_EDGE('',*,*,#12157,.T.);
#12160=ORIENTED_EDGE('',*,*,#12159,.F.);
#12161=EDGE_LOOP('',(#12155,#12156,#12158,#12160));
#12162=FACE_OUTER_BOUND('',#12161,.F.);
#12163=ADVANCED_FACE('',(#12162),#12153,.T.);
#12164=CARTESIAN_POINT('',(0.E0,0.E0,7.3779E0));
#12165=DIRECTION('',(0.E0,0.E0,1.E0));
#12166=DIRECTION('',(1.E0,0.E0,0.E0));
#12167=AXIS2_PLACEMENT_3D('',#12164,#12165,#12166);
#12168=CYLINDRICAL_SURFACE('',#12167,5.715E0);
#12170=ORIENTED_EDGE('',*,*,#12169,.F.);
#12171=ORIENTED_EDGE('',*,*,#11710,.F.);
#12173=ORIENTED_EDGE('',*,*,#12172,.T.);
#12175=ORIENTED_EDGE('',*,*,#12174,.F.);
#12176=EDGE_LOOP('',(#12170,#12171,#12173,#12175));
#12177=FACE_OUTER_BOUND('',#12176,.F.);
#12178=ADVANCED_FACE('',(#12177),#12168,.T.);
#12179=CARTESIAN_POINT('',(0.E0,0.E0,7.3779E0));
#12180=DIRECTION('',(0.E0,0.E0,1.E0));
#12181=DIRECTION('',(1.E0,0.E0,0.E0));
#12182=AXIS2_PLACEMENT_3D('',#12179,#12180,#12181);
#12183=CYLINDRICAL_SURFACE('',#12182,5.715E0);
#12185=ORIENTED_EDGE('',*,*,#12184,.F.);
#12186=ORIENTED_EDGE('',*,*,#11725,.F.);
#12188=ORIENTED_EDGE('',*,*,#12187,.T.);
#12190=ORIENTED_EDGE('',*,*,#12189,.F.);
#12191=EDGE_LOOP('',(#12185,#12186,#12188,#12190));
#12192=FACE_OUTER_BOUND('',#12191,.F.);
#12193=ADVANCED_FACE('',(#12192),#12183,.T.);
#12194=CARTESIAN_POINT('',(0.E0,0.E0,7.3779E0));
#12195=DIRECTION('',(0.E0,0.E0,1.E0));
#12196=DIRECTION('',(1.E0,0.E0,0.E0));
#12197=AXIS2_PLACEMENT_3D('',#12194,#12195,#12196);
#12198=CYLINDRICAL_SURFACE('',#12197,5.715E0);
#12200=ORIENTED_EDGE('',*,*,#12199,.F.);
#12201=ORIENTED_EDGE('',*,*,#11740,.F.);
#12203=ORIENTED_EDGE('',*,*,#12202,.T.);
#12205=ORIENTED_EDGE('',*,*,#12204,.F.);
#12206=EDGE_LOOP('',(#12200,#12201,#12203,#12205));
#12207=FACE_OUTER_BOUND('',#12206,.F.);
#12208=ADVANCED_FACE('',(#12207),#12198,.T.);
#12209=CARTESIAN_POINT('',(0.E0,0.E0,7.3779E0));
#12210=DIRECTION('',(0.E0,0.E0,1.E0));
#12211=DIRECTION('',(1.E0,0.E0,0.E0));
#12212=AXIS2_PLACEMENT_3D('',#12209,#12210,#12211);
#12213=CYLINDRICAL_SURFACE('',#12212,5.715E0);
#12215=ORIENTED_EDGE('',*,*,#12214,.F.);
#12217=ORIENTED_EDGE('',*,*,#12216,.F.);
#12219=ORIENTED_EDGE('',*,*,#12218,.T.);
#12221=ORIENTED_EDGE('',*,*,#12220,.T.);
#12222=EDGE_LOOP('',(#12215,#12217,#12219,#12221));
#12223=FACE_OUTER_BOUND('',#12222,.F.);
#12224=ADVANCED_FACE('',(#12223),#12213,.T.);
#12225=CARTESIAN_POINT('',(0.E0,0.E0,7.3779E0));
#12226=DIRECTION('',(0.E0,0.E0,1.E0));
#12227=DIRECTION('',(1.E0,0.E0,0.E0));
#12228=AXIS2_PLACEMENT_3D('',#12225,#12226,#12227);
#12229=CYLINDRICAL_SURFACE('',#12228,5.715E0);
#12231=ORIENTED_EDGE('',*,*,#12230,.F.);
#12233=ORIENTED_EDGE('',*,*,#12232,.F.);
#12235=ORIENTED_EDGE('',*,*,#12234,.T.);
#12237=ORIENTED_EDGE('',*,*,#12236,.T.);
#12238=EDGE_LOOP('',(#12231,#12233,#12235,#12237));
#12239=FACE_OUTER_BOUND('',#12238,.F.);
#12240=ADVANCED_FACE('',(#12239),#12229,.T.);
#12241=CARTESIAN_POINT('',(0.E0,0.E0,7.3779E0));
#12242=DIRECTION('',(0.E0,0.E0,1.E0));
#12243=DIRECTION('',(1.E0,0.E0,0.E0));
#12244=AXIS2_PLACEMENT_3D('',#12241,#12242,#12243);
#12245=CYLINDRICAL_SURFACE('',#12244,5.715E0);
#12247=ORIENTED_EDGE('',*,*,#12246,.F.);
#12249=ORIENTED_EDGE('',*,*,#12248,.F.);
#12251=ORIENTED_EDGE('',*,*,#12250,.T.);
#12253=ORIENTED_EDGE('',*,*,#12252,.T.);
#12254=EDGE_LOOP('',(#12247,#12249,#12251,#12253));
#12255=FACE_OUTER_BOUND('',#12254,.F.);
#12256=ADVANCED_FACE('',(#12255),#12245,.T.);
#12257=CARTESIAN_POINT('',(0.E0,0.E0,7.3779E0));
#12258=DIRECTION('',(0.E0,0.E0,1.E0));
#12259=DIRECTION('',(1.E0,0.E0,0.E0));
#12260=AXIS2_PLACEMENT_3D('',#12257,#12258,#12259);
#12261=CYLINDRICAL_SURFACE('',#12260,5.715E0);
#12263=ORIENTED_EDGE('',*,*,#12262,.F.);
#12265=ORIENTED_EDGE('',*,*,#12264,.F.);
#12267=ORIENTED_EDGE('',*,*,#12266,.T.);
#12269=ORIENTED_EDGE('',*,*,#12268,.T.);
#12270=EDGE_LOOP('',(#12263,#12265,#12267,#12269));
#12271=FACE_OUTER_BOUND('',#12270,.F.);
#12272=ADVANCED_FACE('',(#12271),#12261,.T.);
#12273=CARTESIAN_POINT('',(0.E0,0.E0,7.3779E0));
#12274=DIRECTION('',(0.E0,0.E0,1.E0));
#12275=DIRECTION('',(1.E0,0.E0,0.E0));
#12276=AXIS2_PLACEMENT_3D('',#12273,#12274,#12275);
#12277=CYLINDRICAL_SURFACE('',#12276,5.715E0);
#12279=ORIENTED_EDGE('',*,*,#12278,.F.);
#12281=ORIENTED_EDGE('',*,*,#12280,.F.);
#12283=ORIENTED_EDGE('',*,*,#12282,.T.);
#12285=ORIENTED_EDGE('',*,*,#12284,.T.);
#12286=EDGE_LOOP('',(#12279,#12281,#12283,#12285));
#12287=FACE_OUTER_BOUND('',#12286,.F.);
#12288=ADVANCED_FACE('',(#12287),#12277,.T.);
#12289=CARTESIAN_POINT('',(0.E0,0.E0,7.3779E0));
#12290=DIRECTION('',(0.E0,0.E0,1.E0));
#12291=DIRECTION('',(1.E0,0.E0,0.E0));
#12292=AXIS2_PLACEMENT_3D('',#12289,#12290,#12291);
#12293=CYLINDRICAL_SURFACE('',#12292,5.715E0);
#12295=ORIENTED_EDGE('',*,*,#12294,.F.);
#12297=ORIENTED_EDGE('',*,*,#12296,.F.);
#12299=ORIENTED_EDGE('',*,*,#12298,.T.);
#12301=ORIENTED_EDGE('',*,*,#12300,.T.);
#12302=EDGE_LOOP('',(#12295,#12297,#12299,#12301));
#12303=FACE_OUTER_BOUND('',#12302,.F.);
#12304=ADVANCED_FACE('',(#12303),#12293,.T.);
#12305=CARTESIAN_POINT('',(0.E0,0.E0,7.3779E0));
#12306=DIRECTION('',(0.E0,0.E0,1.E0));
#12307=DIRECTION('',(1.E0,0.E0,0.E0));
#12308=AXIS2_PLACEMENT_3D('',#12305,#12306,#12307);
#12309=CYLINDRICAL_SURFACE('',#12308,5.715E0);
#12311=ORIENTED_EDGE('',*,*,#12310,.F.);
#12313=ORIENTED_EDGE('',*,*,#12312,.F.);
#12315=ORIENTED_EDGE('',*,*,#12314,.T.);
#12317=ORIENTED_EDGE('',*,*,#12316,.T.);
#12318=EDGE_LOOP('',(#12311,#12313,#12315,#12317));
#12319=FACE_OUTER_BOUND('',#12318,.F.);
#12320=ADVANCED_FACE('',(#12319),#12309,.T.);
#12321=CARTESIAN_POINT('',(0.E0,0.E0,7.3779E0));
#12322=DIRECTION('',(0.E0,0.E0,1.E0));
#12323=DIRECTION('',(1.E0,0.E0,0.E0));
#12324=AXIS2_PLACEMENT_3D('',#12321,#12322,#12323);
#12325=CYLINDRICAL_SURFACE('',#12324,5.715E0);
#12327=ORIENTED_EDGE('',*,*,#12326,.F.);
#12329=ORIENTED_EDGE('',*,*,#12328,.F.);
#12331=ORIENTED_EDGE('',*,*,#12330,.T.);
#12333=ORIENTED_EDGE('',*,*,#12332,.T.);
#12334=EDGE_LOOP('',(#12327,#12329,#12331,#12333));
#12335=FACE_OUTER_BOUND('',#12334,.F.);
#12336=ADVANCED_FACE('',(#12335),#12325,.T.);
#12337=CARTESIAN_POINT('',(0.E0,0.E0,7.3779E0));
#12338=DIRECTION('',(0.E0,0.E0,1.E0));
#12339=DIRECTION('',(1.E0,0.E0,0.E0));
#12340=AXIS2_PLACEMENT_3D('',#12337,#12338,#12339);
#12341=CYLINDRICAL_SURFACE('',#12340,5.715E0);
#12343=ORIENTED_EDGE('',*,*,#12342,.F.);
#12345=ORIENTED_EDGE('',*,*,#12344,.F.);
#12347=ORIENTED_EDGE('',*,*,#12346,.T.);
#12349=ORIENTED_EDGE('',*,*,#12348,.T.);
#12350=EDGE_LOOP('',(#12343,#12345,#12347,#12349));
#12351=FACE_OUTER_BOUND('',#12350,.F.);
#12352=ADVANCED_FACE('',(#12351),#12341,.T.);
#12353=CARTESIAN_POINT('',(0.E0,0.E0,7.3779E0));
#12354=DIRECTION('',(0.E0,0.E0,1.E0));
#12355=DIRECTION('',(1.E0,0.E0,0.E0));
#12356=AXIS2_PLACEMENT_3D('',#12353,#12354,#12355);
#12357=CYLINDRICAL_SURFACE('',#12356,5.715E0);
#12359=ORIENTED_EDGE('',*,*,#12358,.F.);
#12361=ORIENTED_EDGE('',*,*,#12360,.F.);
#12363=ORIENTED_EDGE('',*,*,#12362,.T.);
#12365=ORIENTED_EDGE('',*,*,#12364,.T.);
#12366=EDGE_LOOP('',(#12359,#12361,#12363,#12365));
#12367=FACE_OUTER_BOUND('',#12366,.F.);
#12368=ADVANCED_FACE('',(#12367),#12357,.T.);
#12369=CARTESIAN_POINT('',(0.E0,0.E0,7.3779E0));
#12370=DIRECTION('',(0.E0,0.E0,1.E0));
#12371=DIRECTION('',(1.E0,0.E0,0.E0));
#12372=AXIS2_PLACEMENT_3D('',#12369,#12370,#12371);
#12373=CYLINDRICAL_SURFACE('',#12372,5.715E0);
#12375=ORIENTED_EDGE('',*,*,#12374,.F.);
#12377=ORIENTED_EDGE('',*,*,#12376,.F.);
#12379=ORIENTED_EDGE('',*,*,#12378,.T.);
#12381=ORIENTED_EDGE('',*,*,#12380,.T.);
#12382=EDGE_LOOP('',(#12375,#12377,#12379,#12381));
#12383=FACE_OUTER_BOUND('',#12382,.F.);
#12384=ADVANCED_FACE('',(#12383),#12373,.T.);
#12385=CARTESIAN_POINT('',(0.E0,0.E0,7.3779E0));
#12386=DIRECTION('',(0.E0,0.E0,1.E0));
#12387=DIRECTION('',(1.E0,0.E0,0.E0));
#12388=AXIS2_PLACEMENT_3D('',#12385,#12386,#12387);
#12389=CYLINDRICAL_SURFACE('',#12388,5.715E0);
#12391=ORIENTED_EDGE('',*,*,#12390,.F.);
#12393=ORIENTED_EDGE('',*,*,#12392,.F.);
#12395=ORIENTED_EDGE('',*,*,#12394,.T.);
#12397=ORIENTED_EDGE('',*,*,#12396,.T.);
#12398=EDGE_LOOP('',(#12391,#12393,#12395,#12397));
#12399=FACE_OUTER_BOUND('',#12398,.F.);
#12400=ADVANCED_FACE('',(#12399),#12389,.T.);
#12401=CARTESIAN_POINT('',(0.E0,0.E0,7.3779E0));
#12402=DIRECTION('',(0.E0,0.E0,1.E0));
#12403=DIRECTION('',(1.E0,0.E0,0.E0));
#12404=AXIS2_PLACEMENT_3D('',#12401,#12402,#12403);
#12405=CYLINDRICAL_SURFACE('',#12404,5.715E0);
#12407=ORIENTED_EDGE('',*,*,#12406,.F.);
#12409=ORIENTED_EDGE('',*,*,#12408,.F.);
#12411=ORIENTED_EDGE('',*,*,#12410,.T.);
#12413=ORIENTED_EDGE('',*,*,#12412,.T.);
#12414=EDGE_LOOP('',(#12407,#12409,#12411,#12413));
#12415=FACE_OUTER_BOUND('',#12414,.F.);
#12416=ADVANCED_FACE('',(#12415),#12405,.T.);
#12417=CARTESIAN_POINT('',(0.E0,0.E0,7.3779E0));
#12418=DIRECTION('',(0.E0,0.E0,1.E0));
#12419=DIRECTION('',(1.E0,0.E0,0.E0));
#12420=AXIS2_PLACEMENT_3D('',#12417,#12418,#12419);
#12421=CYLINDRICAL_SURFACE('',#12420,5.715E0);
#12423=ORIENTED_EDGE('',*,*,#12422,.F.);
#12425=ORIENTED_EDGE('',*,*,#12424,.F.);
#12427=ORIENTED_EDGE('',*,*,#12426,.T.);
#12429=ORIENTED_EDGE('',*,*,#12428,.T.);
#12430=EDGE_LOOP('',(#12423,#12425,#12427,#12429));
#12431=FACE_OUTER_BOUND('',#12430,.F.);
#12432=ADVANCED_FACE('',(#12431),#12421,.T.);
#12433=CARTESIAN_POINT('',(0.E0,0.E0,7.3779E0));
#12434=DIRECTION('',(0.E0,0.E0,1.E0));
#12435=DIRECTION('',(1.E0,0.E0,0.E0));
#12436=AXIS2_PLACEMENT_3D('',#12433,#12434,#12435);
#12437=CYLINDRICAL_SURFACE('',#12436,5.715E0);
#12439=ORIENTED_EDGE('',*,*,#12438,.F.);
#12441=ORIENTED_EDGE('',*,*,#12440,.F.);
#12443=ORIENTED_EDGE('',*,*,#12442,.T.);
#12445=ORIENTED_EDGE('',*,*,#12444,.T.);
#12446=EDGE_LOOP('',(#12439,#12441,#12443,#12445));
#12447=FACE_OUTER_BOUND('',#12446,.F.);
#12448=ADVANCED_FACE('',(#12447),#12437,.T.);
#12449=CARTESIAN_POINT('',(0.E0,0.E0,7.3779E0));
#12450=DIRECTION('',(0.E0,0.E0,1.E0));
#12451=DIRECTION('',(1.E0,0.E0,0.E0));
#12452=AXIS2_PLACEMENT_3D('',#12449,#12450,#12451);
#12453=CYLINDRICAL_SURFACE('',#12452,5.715E0);
#12455=ORIENTED_EDGE('',*,*,#12454,.F.);
#12457=ORIENTED_EDGE('',*,*,#12456,.F.);
#12459=ORIENTED_EDGE('',*,*,#12458,.T.);
#12461=ORIENTED_EDGE('',*,*,#12460,.T.);
#12462=EDGE_LOOP('',(#12455,#12457,#12459,#12461));
#12463=FACE_OUTER_BOUND('',#12462,.F.);
#12464=ADVANCED_FACE('',(#12463),#12453,.T.);
#12465=CARTESIAN_POINT('',(0.E0,0.E0,7.3779E0));
#12466=DIRECTION('',(0.E0,0.E0,1.E0));
#12467=DIRECTION('',(1.E0,0.E0,0.E0));
#12468=AXIS2_PLACEMENT_3D('',#12465,#12466,#12467);
#12469=CYLINDRICAL_SURFACE('',#12468,5.715E0);
#12471=ORIENTED_EDGE('',*,*,#12470,.F.);
#12473=ORIENTED_EDGE('',*,*,#12472,.F.);
#12475=ORIENTED_EDGE('',*,*,#12474,.T.);
#12477=ORIENTED_EDGE('',*,*,#12476,.T.);
#12478=EDGE_LOOP('',(#12471,#12473,#12475,#12477));
#12479=FACE_OUTER_BOUND('',#12478,.F.);
#12480=ADVANCED_FACE('',(#12479),#12469,.T.);
#12481=CARTESIAN_POINT('',(0.E0,0.E0,7.3779E0));
#12482=DIRECTION('',(0.E0,0.E0,1.E0));
#12483=DIRECTION('',(1.E0,0.E0,0.E0));
#12484=AXIS2_PLACEMENT_3D('',#12481,#12482,#12483);
#12485=CYLINDRICAL_SURFACE('',#12484,5.715E0);
#12487=ORIENTED_EDGE('',*,*,#12486,.F.);
#12489=ORIENTED_EDGE('',*,*,#12488,.F.);
#12491=ORIENTED_EDGE('',*,*,#12490,.T.);
#12493=ORIENTED_EDGE('',*,*,#12492,.T.);
#12494=EDGE_LOOP('',(#12487,#12489,#12491,#12493));
#12495=FACE_OUTER_BOUND('',#12494,.F.);
#12496=ADVANCED_FACE('',(#12495),#12485,.T.);
#12497=CARTESIAN_POINT('',(0.E0,0.E0,7.3779E0));
#12498=DIRECTION('',(0.E0,0.E0,1.E0));
#12499=DIRECTION('',(1.E0,0.E0,0.E0));
#12500=AXIS2_PLACEMENT_3D('',#12497,#12498,#12499);
#12501=CYLINDRICAL_SURFACE('',#12500,5.715E0);
#12503=ORIENTED_EDGE('',*,*,#12502,.F.);
#12505=ORIENTED_EDGE('',*,*,#12504,.F.);
#12507=ORIENTED_EDGE('',*,*,#12506,.T.);
#12509=ORIENTED_EDGE('',*,*,#12508,.T.);
#12510=EDGE_LOOP('',(#12503,#12505,#12507,#12509));
#12511=FACE_OUTER_BOUND('',#12510,.F.);
#12512=ADVANCED_FACE('',(#12511),#12501,.T.);
#12513=CARTESIAN_POINT('',(0.E0,0.E0,7.3779E0));
#12514=DIRECTION('',(0.E0,0.E0,1.E0));
#12515=DIRECTION('',(1.E0,0.E0,0.E0));
#12516=AXIS2_PLACEMENT_3D('',#12513,#12514,#12515);
#12517=CYLINDRICAL_SURFACE('',#12516,5.715E0);
#12519=ORIENTED_EDGE('',*,*,#12518,.F.);
#12521=ORIENTED_EDGE('',*,*,#12520,.F.);
#12523=ORIENTED_EDGE('',*,*,#12522,.T.);
#12525=ORIENTED_EDGE('',*,*,#12524,.T.);
#12526=EDGE_LOOP('',(#12519,#12521,#12523,#12525));
#12527=FACE_OUTER_BOUND('',#12526,.F.);
#12528=ADVANCED_FACE('',(#12527),#12517,.T.);
#12529=CARTESIAN_POINT('',(0.E0,0.E0,7.3779E0));
#12530=DIRECTION('',(0.E0,0.E0,1.E0));
#12531=DIRECTION('',(1.E0,0.E0,0.E0));
#12532=AXIS2_PLACEMENT_3D('',#12529,#12530,#12531);
#12533=CYLINDRICAL_SURFACE('',#12532,5.715E0);
#12535=ORIENTED_EDGE('',*,*,#12534,.F.);
#12537=ORIENTED_EDGE('',*,*,#12536,.F.);
#12539=ORIENTED_EDGE('',*,*,#12538,.T.);
#12541=ORIENTED_EDGE('',*,*,#12540,.T.);
#12542=EDGE_LOOP('',(#12535,#12537,#12539,#12541));
#12543=FACE_OUTER_BOUND('',#12542,.F.);
#12544=ADVANCED_FACE('',(#12543),#12533,.T.);
#12545=CARTESIAN_POINT('',(0.E0,0.E0,7.3779E0));
#12546=DIRECTION('',(0.E0,0.E0,1.E0));
#12547=DIRECTION('',(1.E0,0.E0,0.E0));
#12548=AXIS2_PLACEMENT_3D('',#12545,#12546,#12547);
#12549=CYLINDRICAL_SURFACE('',#12548,5.715E0);
#12551=ORIENTED_EDGE('',*,*,#12550,.F.);
#12553=ORIENTED_EDGE('',*,*,#12552,.F.);
#12555=ORIENTED_EDGE('',*,*,#12554,.T.);
#12557=ORIENTED_EDGE('',*,*,#12556,.T.);
#12558=EDGE_LOOP('',(#12551,#12553,#12555,#12557));
#12559=FACE_OUTER_BOUND('',#12558,.F.);
#12560=ADVANCED_FACE('',(#12559),#12549,.T.);
#12561=CARTESIAN_POINT('',(0.E0,0.E0,7.3779E0));
#12562=DIRECTION('',(0.E0,0.E0,1.E0));
#12563=DIRECTION('',(1.E0,0.E0,0.E0));
#12564=AXIS2_PLACEMENT_3D('',#12561,#12562,#12563);
#12565=CYLINDRICAL_SURFACE('',#12564,5.715E0);
#12567=ORIENTED_EDGE('',*,*,#12566,.F.);
#12569=ORIENTED_EDGE('',*,*,#12568,.F.);
#12571=ORIENTED_EDGE('',*,*,#12570,.T.);
#12573=ORIENTED_EDGE('',*,*,#12572,.T.);
#12574=EDGE_LOOP('',(#12567,#12569,#12571,#12573));
#12575=FACE_OUTER_BOUND('',#12574,.F.);
#12576=ADVANCED_FACE('',(#12575),#12565,.T.);
#12577=CARTESIAN_POINT('',(0.E0,0.E0,7.3779E0));
#12578=DIRECTION('',(0.E0,0.E0,1.E0));
#12579=DIRECTION('',(1.E0,0.E0,0.E0));
#12580=AXIS2_PLACEMENT_3D('',#12577,#12578,#12579);
#12581=CYLINDRICAL_SURFACE('',#12580,5.715E0);
#12583=ORIENTED_EDGE('',*,*,#12582,.F.);
#12585=ORIENTED_EDGE('',*,*,#12584,.F.);
#12587=ORIENTED_EDGE('',*,*,#12586,.T.);
#12589=ORIENTED_EDGE('',*,*,#12588,.T.);
#12590=EDGE_LOOP('',(#12583,#12585,#12587,#12589));
#12591=FACE_OUTER_BOUND('',#12590,.F.);
#12592=ADVANCED_FACE('',(#12591),#12581,.T.);
#12593=CARTESIAN_POINT('',(0.E0,0.E0,7.3779E0));
#12594=DIRECTION('',(0.E0,0.E0,1.E0));
#12595=DIRECTION('',(1.E0,0.E0,0.E0));
#12596=AXIS2_PLACEMENT_3D('',#12593,#12594,#12595);
#12597=CYLINDRICAL_SURFACE('',#12596,5.715E0);
#12599=ORIENTED_EDGE('',*,*,#12598,.F.);
#12601=ORIENTED_EDGE('',*,*,#12600,.F.);
#12603=ORIENTED_EDGE('',*,*,#12602,.T.);
#12605=ORIENTED_EDGE('',*,*,#12604,.T.);
#12606=EDGE_LOOP('',(#12599,#12601,#12603,#12605));
#12607=FACE_OUTER_BOUND('',#12606,.F.);
#12608=ADVANCED_FACE('',(#12607),#12597,.T.);
#12609=CARTESIAN_POINT('',(0.E0,0.E0,7.3779E0));
#12610=DIRECTION('',(0.E0,0.E0,1.E0));
#12611=DIRECTION('',(1.E0,0.E0,0.E0));
#12612=AXIS2_PLACEMENT_3D('',#12609,#12610,#12611);
#12613=CYLINDRICAL_SURFACE('',#12612,5.715E0);
#12615=ORIENTED_EDGE('',*,*,#12614,.F.);
#12617=ORIENTED_EDGE('',*,*,#12616,.F.);
#12619=ORIENTED_EDGE('',*,*,#12618,.T.);
#12621=ORIENTED_EDGE('',*,*,#12620,.T.);
#12622=EDGE_LOOP('',(#12615,#12617,#12619,#12621));
#12623=FACE_OUTER_BOUND('',#12622,.F.);
#12624=ADVANCED_FACE('',(#12623),#12613,.T.);
#12625=CARTESIAN_POINT('',(0.E0,0.E0,7.3779E0));
#12626=DIRECTION('',(0.E0,0.E0,1.E0));
#12627=DIRECTION('',(1.E0,0.E0,0.E0));
#12628=AXIS2_PLACEMENT_3D('',#12625,#12626,#12627);
#12629=CYLINDRICAL_SURFACE('',#12628,5.715E0);
#12631=ORIENTED_EDGE('',*,*,#12630,.F.);
#12633=ORIENTED_EDGE('',*,*,#12632,.F.);
#12635=ORIENTED_EDGE('',*,*,#12634,.T.);
#12637=ORIENTED_EDGE('',*,*,#12636,.T.);
#12638=EDGE_LOOP('',(#12631,#12633,#12635,#12637));
#12639=FACE_OUTER_BOUND('',#12638,.F.);
#12640=ADVANCED_FACE('',(#12639),#12629,.T.);
#12641=CARTESIAN_POINT('',(0.E0,0.E0,7.3779E0));
#12642=DIRECTION('',(0.E0,0.E0,1.E0));
#12643=DIRECTION('',(1.E0,0.E0,0.E0));
#12644=AXIS2_PLACEMENT_3D('',#12641,#12642,#12643);
#12645=CYLINDRICAL_SURFACE('',#12644,5.715E0);
#12647=ORIENTED_EDGE('',*,*,#12646,.F.);
#12649=ORIENTED_EDGE('',*,*,#12648,.F.);
#12651=ORIENTED_EDGE('',*,*,#12650,.T.);
#12653=ORIENTED_EDGE('',*,*,#12652,.T.);
#12654=EDGE_LOOP('',(#12647,#12649,#12651,#12653));
#12655=FACE_OUTER_BOUND('',#12654,.F.);
#12656=ADVANCED_FACE('',(#12655),#12645,.T.);
#12657=CARTESIAN_POINT('',(0.E0,0.E0,7.3779E0));
#12658=DIRECTION('',(0.E0,0.E0,1.E0));
#12659=DIRECTION('',(1.E0,0.E0,0.E0));
#12660=AXIS2_PLACEMENT_3D('',#12657,#12658,#12659);
#12661=CYLINDRICAL_SURFACE('',#12660,5.715E0);
#12663=ORIENTED_EDGE('',*,*,#12662,.F.);
#12665=ORIENTED_EDGE('',*,*,#12664,.F.);
#12667=ORIENTED_EDGE('',*,*,#12666,.T.);
#12669=ORIENTED_EDGE('',*,*,#12668,.T.);
#12670=EDGE_LOOP('',(#12663,#12665,#12667,#12669));
#12671=FACE_OUTER_BOUND('',#12670,.F.);
#12672=ADVANCED_FACE('',(#12671),#12661,.T.);
#12673=CARTESIAN_POINT('',(0.E0,0.E0,7.3779E0));
#12674=DIRECTION('',(0.E0,0.E0,1.E0));
#12675=DIRECTION('',(1.E0,0.E0,0.E0));
#12676=AXIS2_PLACEMENT_3D('',#12673,#12674,#12675);
#12677=CYLINDRICAL_SURFACE('',#12676,5.715E0);
#12679=ORIENTED_EDGE('',*,*,#12678,.T.);
#12681=ORIENTED_EDGE('',*,*,#12680,.T.);
#12683=ORIENTED_EDGE('',*,*,#12682,.F.);
#12685=ORIENTED_EDGE('',*,*,#12684,.F.);
#12686=EDGE_LOOP('',(#12679,#12681,#12683,#12685));
#12687=FACE_OUTER_BOUND('',#12686,.F.);
#12688=ADVANCED_FACE('',(#12687),#12677,.T.);
#12689=CARTESIAN_POINT('',(5.708007950266E0,2.785480050234E-1,1.12014E1));
#12690=DIRECTION('',(-7.068403536428E-1,7.073731083821E-1,0.E0));
#12691=DIRECTION('',(-7.073731083821E-1,-7.068403536428E-1,0.E0));
#12692=AXIS2_PLACEMENT_3D('',#12689,#12690,#12691);
#12693=PLANE('',#12692);
#12695=ORIENTED_EDGE('',*,*,#12694,.T.);
#12696=ORIENTED_EDGE('',*,*,#11767,.F.);
#12697=ORIENTED_EDGE('',*,*,#11303,.F.);
#12699=ORIENTED_EDGE('',*,*,#12698,.F.);
#12700=EDGE_LOOP('',(#12695,#12696,#12697,#12699));
#12701=FACE_OUTER_BOUND('',#12700,.F.);
#12702=ADVANCED_FACE('',(#12701),#12693,.F.);
#12703=CARTESIAN_POINT('',(0.E0,0.E0,1.091573020735E1));
#12704=DIRECTION('',(0.E0,0.E0,-1.E0));
#12705=DIRECTION('',(1.E0,0.E0,0.E0));
#12706=AXIS2_PLACEMENT_3D('',#12703,#12704,#12705);
#12707=CONICAL_SURFACE('',#12706,5.429169792654E0,4.5E1);
#12709=ORIENTED_EDGE('',*,*,#12708,.F.);
#12710=ORIENTED_EDGE('',*,*,#12204,.T.);
#12712=ORIENTED_EDGE('',*,*,#12711,.F.);
#12714=ORIENTED_EDGE('',*,*,#12713,.F.);
#12715=ORIENTED_EDGE('',*,*,#12189,.T.);
#12717=ORIENTED_EDGE('',*,*,#12716,.F.);
#12719=ORIENTED_EDGE('',*,*,#12718,.F.);
#12720=ORIENTED_EDGE('',*,*,#12174,.T.);
#12722=ORIENTED_EDGE('',*,*,#12721,.F.);
#12724=ORIENTED_EDGE('',*,*,#12723,.F.);
#12725=ORIENTED_EDGE('',*,*,#12159,.T.);
#12727=ORIENTED_EDGE('',*,*,#12726,.F.);
#12729=ORIENTED_EDGE('',*,*,#12728,.F.);
#12730=ORIENTED_EDGE('',*,*,#12144,.T.);
#12732=ORIENTED_EDGE('',*,*,#12731,.F.);
#12734=ORIENTED_EDGE('',*,*,#12733,.F.);
#12735=ORIENTED_EDGE('',*,*,#12129,.T.);
#12737=ORIENTED_EDGE('',*,*,#12736,.F.);
#12739=ORIENTED_EDGE('',*,*,#12738,.F.);
#12740=ORIENTED_EDGE('',*,*,#12114,.T.);
#12742=ORIENTED_EDGE('',*,*,#12741,.F.);
#12744=ORIENTED_EDGE('',*,*,#12743,.F.);
#12745=ORIENTED_EDGE('',*,*,#12099,.T.);
#12747=ORIENTED_EDGE('',*,*,#12746,.F.);
#12749=ORIENTED_EDGE('',*,*,#12748,.F.);
#12750=ORIENTED_EDGE('',*,*,#12084,.T.);
#12752=ORIENTED_EDGE('',*,*,#12751,.F.);
#12754=ORIENTED_EDGE('',*,*,#12753,.F.);
#12755=ORIENTED_EDGE('',*,*,#12069,.T.);
#12757=ORIENTED_EDGE('',*,*,#12756,.F.);
#12759=ORIENTED_EDGE('',*,*,#12758,.F.);
#12760=ORIENTED_EDGE('',*,*,#12054,.T.);
#12762=ORIENTED_EDGE('',*,*,#12761,.F.);
#12764=ORIENTED_EDGE('',*,*,#12763,.F.);
#12765=ORIENTED_EDGE('',*,*,#12039,.T.);
#12767=ORIENTED_EDGE('',*,*,#12766,.F.);
#12769=ORIENTED_EDGE('',*,*,#12768,.F.);
#12770=ORIENTED_EDGE('',*,*,#12024,.T.);
#12772=ORIENTED_EDGE('',*,*,#12771,.F.);
#12774=ORIENTED_EDGE('',*,*,#12773,.F.);
#12775=ORIENTED_EDGE('',*,*,#12009,.T.);
#12777=ORIENTED_EDGE('',*,*,#12776,.F.);
#12779=ORIENTED_EDGE('',*,*,#12778,.F.);
#12780=ORIENTED_EDGE('',*,*,#11994,.T.);
#12782=ORIENTED_EDGE('',*,*,#12781,.F.);
#12784=ORIENTED_EDGE('',*,*,#12783,.F.);
#12785=ORIENTED_EDGE('',*,*,#11979,.T.);
#12787=ORIENTED_EDGE('',*,*,#12786,.F.);
#12789=ORIENTED_EDGE('',*,*,#12788,.F.);
#12790=ORIENTED_EDGE('',*,*,#11964,.T.);
#12792=ORIENTED_EDGE('',*,*,#12791,.F.);
#12794=ORIENTED_EDGE('',*,*,#12793,.F.);
#12795=ORIENTED_EDGE('',*,*,#11949,.T.);
#12797=ORIENTED_EDGE('',*,*,#12796,.F.);
#12799=ORIENTED_EDGE('',*,*,#12798,.F.);
#12800=ORIENTED_EDGE('',*,*,#11934,.T.);
#12802=ORIENTED_EDGE('',*,*,#12801,.F.);
#12804=ORIENTED_EDGE('',*,*,#12803,.F.);
#12805=ORIENTED_EDGE('',*,*,#11919,.T.);
#12807=ORIENTED_EDGE('',*,*,#12806,.F.);
#12809=ORIENTED_EDGE('',*,*,#12808,.F.);
#12810=ORIENTED_EDGE('',*,*,#11904,.T.);
#12812=ORIENTED_EDGE('',*,*,#12811,.F.);
#12814=ORIENTED_EDGE('',*,*,#12813,.F.);
#12815=ORIENTED_EDGE('',*,*,#11889,.T.);
#12817=ORIENTED_EDGE('',*,*,#12816,.F.);
#12819=ORIENTED_EDGE('',*,*,#12818,.F.);
#12820=ORIENTED_EDGE('',*,*,#11874,.T.);
#12822=ORIENTED_EDGE('',*,*,#12821,.F.);
#12824=ORIENTED_EDGE('',*,*,#12823,.F.);
#12825=ORIENTED_EDGE('',*,*,#11859,.T.);
#12827=ORIENTED_EDGE('',*,*,#12826,.F.);
#12829=ORIENTED_EDGE('',*,*,#12828,.F.);
#12830=ORIENTED_EDGE('',*,*,#11844,.T.);
#12832=ORIENTED_EDGE('',*,*,#12831,.F.);
#12834=ORIENTED_EDGE('',*,*,#12833,.F.);
#12835=ORIENTED_EDGE('',*,*,#11829,.T.);
#12837=ORIENTED_EDGE('',*,*,#12836,.F.);
#12839=ORIENTED_EDGE('',*,*,#12838,.F.);
#12840=ORIENTED_EDGE('',*,*,#11814,.T.);
#12842=ORIENTED_EDGE('',*,*,#12841,.F.);
#12844=ORIENTED_EDGE('',*,*,#12843,.F.);
#12845=ORIENTED_EDGE('',*,*,#11799,.T.);
#12847=ORIENTED_EDGE('',*,*,#12846,.F.);
#12849=ORIENTED_EDGE('',*,*,#12848,.F.);
#12850=ORIENTED_EDGE('',*,*,#11784,.T.);
#12852=ORIENTED_EDGE('',*,*,#12851,.F.);
#12853=ORIENTED_EDGE('',*,*,#11752,.F.);
#12854=ORIENTED_EDGE('',*,*,#11769,.T.);
#12855=ORIENTED_EDGE('',*,*,#12694,.F.);
#12857=ORIENTED_EDGE('',*,*,#12856,.T.);
#12859=ORIENTED_EDGE('',*,*,#12858,.T.);
#12861=ORIENTED_EDGE('',*,*,#12860,.T.);
#12862=EDGE_LOOP('',(#12709,#12710,#12712,#12714,#12715,#12717,#12719,#12720,
#12722,#12724,#12725,#12727,#12729,#12730,#12732,#12734,#12735,#12737,#12739,
#12740,#12742,#12744,#12745,#12747,#12749,#12750,#12752,#12754,#12755,#12757,
#12759,#12760,#12762,#12764,#12765,#12767,#12769,#12770,#12772,#12774,#12775,
#12777,#12779,#12780,#12782,#12784,#12785,#12787,#12789,#12790,#12792,#12794,
#12795,#12797,#12799,#12800,#12802,#12804,#12805,#12807,#12809,#12810,#12812,
#12814,#12815,#12817,#12819,#12820,#12822,#12824,#12825,#12827,#12829,#12830,
#12832,#12834,#12835,#12837,#12839,#12840,#12842,#12844,#12845,#12847,#12849,
#12850,#12852,#12853,#12854,#12855,#12857,#12859,#12861));
#12863=FACE_OUTER_BOUND('',#12862,.F.);
#12864=ADVANCED_FACE('',(#12863),#12707,.T.);
#12865=CARTESIAN_POINT('',(-5.42925E0,0.E0,1.12014E1));
#12866=DIRECTION('',(7.073731083821E-1,7.068403536428E-1,0.E0));
#12867=DIRECTION('',(-7.068403536428E-1,7.073731083821E-1,0.E0));
#12868=AXIS2_PLACEMENT_3D('',#12865,#12866,#12867);
#12869=PLANE('',#12868);
#12870=ORIENTED_EDGE('',*,*,#12199,.T.);
#12871=ORIENTED_EDGE('',*,*,#12708,.T.);
#12873=ORIENTED_EDGE('',*,*,#12872,.T.);
#12874=ORIENTED_EDGE('',*,*,#11735,.F.);
#12875=EDGE_LOOP('',(#12870,#12871,#12873,#12874));
#12876=FACE_OUTER_BOUND('',#12875,.F.);
#12877=ADVANCED_FACE('',(#12876),#12869,.F.);
#12878=CARTESIAN_POINT('',(-5.708007950266E0,-2.785480050234E-1,1.12014E1));
#12879=DIRECTION('',(7.068403536428E-1,-7.073731083821E-1,0.E0));
#12880=DIRECTION('',(7.073731083821E-1,7.068403536428E-1,0.E0));
#12881=AXIS2_PLACEMENT_3D('',#12878,#12879,#12880);
#12882=PLANE('',#12881);
#12884=ORIENTED_EDGE('',*,*,#12883,.F.);
#12885=ORIENTED_EDGE('',*,*,#12872,.F.);
#12887=ORIENTED_EDGE('',*,*,#12886,.T.);
#12888=ORIENTED_EDGE('',*,*,#12218,.F.);
#12889=EDGE_LOOP('',(#12884,#12885,#12887,#12888));
#12890=FACE_OUTER_BOUND('',#12889,.F.);
#12891=ADVANCED_FACE('',(#12890),#12882,.F.);
#12892=CARTESIAN_POINT('',(0.E0,0.E0,3.983025E0));
#12893=DIRECTION('',(0.E0,0.E0,1.E0));
#12894=DIRECTION('',(1.E0,0.E0,0.E0));
#12895=AXIS2_PLACEMENT_3D('',#12892,#12893,#12894);
#12896=CONICAL_SURFACE('',#12895,5.572125E0,4.5E1);
#12898=ORIENTED_EDGE('',*,*,#12897,.T.);
#12900=ORIENTED_EDGE('',*,*,#12899,.F.);
#12901=ORIENTED_EDGE('',*,*,#12883,.T.);
#12902=ORIENTED_EDGE('',*,*,#12216,.T.);
#12903=EDGE_LOOP('',(#12898,#12900,#12901,#12902));
#12904=FACE_OUTER_BOUND('',#12903,.F.);
#12905=ADVANCED_FACE('',(#12904),#12896,.T.);
#12906=CARTESIAN_POINT('',(0.E0,0.E0,3.983025E0));
#12907=DIRECTION('',(0.E0,0.E0,1.E0));
#12908=DIRECTION('',(1.E0,0.E0,0.E0));
#12909=AXIS2_PLACEMENT_3D('',#12906,#12907,#12908);
#12910=CONICAL_SURFACE('',#12909,5.572125E0,4.5E1);
#12912=ORIENTED_EDGE('',*,*,#12911,.T.);
#12914=ORIENTED_EDGE('',*,*,#12913,.F.);
#12916=ORIENTED_EDGE('',*,*,#12915,.T.);
#12917=ORIENTED_EDGE('',*,*,#12232,.T.);
#12918=EDGE_LOOP('',(#12912,#12914,#12916,#12917));
#12919=FACE_OUTER_BOUND('',#12918,.F.);
#12920=ADVANCED_FACE('',(#12919),#12910,.T.);
#12921=CARTESIAN_POINT('',(0.E0,0.E0,3.983025E0));
#12922=DIRECTION('',(0.E0,0.E0,1.E0));
#12923=DIRECTION('',(1.E0,0.E0,0.E0));
#12924=AXIS2_PLACEMENT_3D('',#12921,#12922,#12923);
#12925=CONICAL_SURFACE('',#12924,5.572125E0,4.5E1);
#12927=ORIENTED_EDGE('',*,*,#12926,.T.);
#12929=ORIENTED_EDGE('',*,*,#12928,.F.);
#12931=ORIENTED_EDGE('',*,*,#12930,.T.);
#12932=ORIENTED_EDGE('',*,*,#12248,.T.);
#12933=EDGE_LOOP('',(#12927,#12929,#12931,#12932));
#12934=FACE_OUTER_BOUND('',#12933,.F.);
#12935=ADVANCED_FACE('',(#12934),#12925,.T.);
#12936=CARTESIAN_POINT('',(0.E0,0.E0,3.983025E0));
#12937=DIRECTION('',(0.E0,0.E0,1.E0));
#12938=DIRECTION('',(1.E0,0.E0,0.E0));
#12939=AXIS2_PLACEMENT_3D('',#12936,#12937,#12938);
#12940=CONICAL_SURFACE('',#12939,5.572125E0,4.5E1);
#12942=ORIENTED_EDGE('',*,*,#12941,.T.);
#12944=ORIENTED_EDGE('',*,*,#12943,.F.);
#12946=ORIENTED_EDGE('',*,*,#12945,.T.);
#12947=ORIENTED_EDGE('',*,*,#12264,.T.);
#12948=EDGE_LOOP('',(#12942,#12944,#12946,#12947));
#12949=FACE_OUTER_BOUND('',#12948,.F.);
#12950=ADVANCED_FACE('',(#12949),#12940,.T.);
#12951=CARTESIAN_POINT('',(0.E0,0.E0,3.983025E0));
#12952=DIRECTION('',(0.E0,0.E0,1.E0));
#12953=DIRECTION('',(1.E0,0.E0,0.E0));
#12954=AXIS2_PLACEMENT_3D('',#12951,#12952,#12953);
#12955=CONICAL_SURFACE('',#12954,5.572125E0,4.5E1);
#12957=ORIENTED_EDGE('',*,*,#12956,.T.);
#12959=ORIENTED_EDGE('',*,*,#12958,.F.);
#12961=ORIENTED_EDGE('',*,*,#12960,.T.);
#12962=ORIENTED_EDGE('',*,*,#12280,.T.);
#12963=EDGE_LOOP('',(#12957,#12959,#12961,#12962));
#12964=FACE_OUTER_BOUND('',#12963,.F.);
#12965=ADVANCED_FACE('',(#12964),#12955,.T.);
#12966=CARTESIAN_POINT('',(0.E0,0.E0,3.983025E0));
#12967=DIRECTION('',(0.E0,0.E0,1.E0));
#12968=DIRECTION('',(1.E0,0.E0,0.E0));
#12969=AXIS2_PLACEMENT_3D('',#12966,#12967,#12968);
#12970=CONICAL_SURFACE('',#12969,5.572125E0,4.5E1);
#12972=ORIENTED_EDGE('',*,*,#12971,.T.);
#12974=ORIENTED_EDGE('',*,*,#12973,.F.);
#12976=ORIENTED_EDGE('',*,*,#12975,.T.);
#12977=ORIENTED_EDGE('',*,*,#12296,.T.);
#12978=EDGE_LOOP('',(#12972,#12974,#12976,#12977));
#12979=FACE_OUTER_BOUND('',#12978,.F.);
#12980=ADVANCED_FACE('',(#12979),#12970,.T.);
#12981=CARTESIAN_POINT('',(0.E0,0.E0,3.983025E0));
#12982=DIRECTION('',(0.E0,0.E0,1.E0));
#12983=DIRECTION('',(1.E0,0.E0,0.E0));
#12984=AXIS2_PLACEMENT_3D('',#12981,#12982,#12983);
#12985=CONICAL_SURFACE('',#12984,5.572125E0,4.5E1);
#12987=ORIENTED_EDGE('',*,*,#12986,.T.);
#12989=ORIENTED_EDGE('',*,*,#12988,.F.);
#12991=ORIENTED_EDGE('',*,*,#12990,.T.);
#12992=ORIENTED_EDGE('',*,*,#12312,.T.);
#12993=EDGE_LOOP('',(#12987,#12989,#12991,#12992));
#12994=FACE_OUTER_BOUND('',#12993,.F.);
#12995=ADVANCED_FACE('',(#12994),#12985,.T.);
#12996=CARTESIAN_POINT('',(0.E0,0.E0,3.983025E0));
#12997=DIRECTION('',(0.E0,0.E0,1.E0));
#12998=DIRECTION('',(1.E0,0.E0,0.E0));
#12999=AXIS2_PLACEMENT_3D('',#12996,#12997,#12998);
#13000=CONICAL_SURFACE('',#12999,5.572125E0,4.5E1);
#13002=ORIENTED_EDGE('',*,*,#13001,.T.);
#13004=ORIENTED_EDGE('',*,*,#13003,.F.);
#13006=ORIENTED_EDGE('',*,*,#13005,.T.);
#13007=ORIENTED_EDGE('',*,*,#12328,.T.);
#13008=EDGE_LOOP('',(#13002,#13004,#13006,#13007));
#13009=FACE_OUTER_BOUND('',#13008,.F.);
#13010=ADVANCED_FACE('',(#13009),#13000,.T.);
#13011=CARTESIAN_POINT('',(0.E0,0.E0,3.983025E0));
#13012=DIRECTION('',(0.E0,0.E0,1.E0));
#13013=DIRECTION('',(1.E0,0.E0,0.E0));
#13014=AXIS2_PLACEMENT_3D('',#13011,#13012,#13013);
#13015=CONICAL_SURFACE('',#13014,5.572125E0,4.5E1);
#13017=ORIENTED_EDGE('',*,*,#13016,.T.);
#13019=ORIENTED_EDGE('',*,*,#13018,.F.);
#13021=ORIENTED_EDGE('',*,*,#13020,.T.);
#13022=ORIENTED_EDGE('',*,*,#12344,.T.);
#13023=EDGE_LOOP('',(#13017,#13019,#13021,#13022));
#13024=FACE_OUTER_BOUND('',#13023,.F.);
#13025=ADVANCED_FACE('',(#13024),#13015,.T.);
#13026=CARTESIAN_POINT('',(0.E0,0.E0,3.983025E0));
#13027=DIRECTION('',(0.E0,0.E0,1.E0));
#13028=DIRECTION('',(1.E0,0.E0,0.E0));
#13029=AXIS2_PLACEMENT_3D('',#13026,#13027,#13028);
#13030=CONICAL_SURFACE('',#13029,5.572125E0,4.5E1);
#13032=ORIENTED_EDGE('',*,*,#13031,.T.);
#13034=ORIENTED_EDGE('',*,*,#13033,.F.);
#13036=ORIENTED_EDGE('',*,*,#13035,.T.);
#13037=ORIENTED_EDGE('',*,*,#12360,.T.);
#13038=EDGE_LOOP('',(#13032,#13034,#13036,#13037));
#13039=FACE_OUTER_BOUND('',#13038,.F.);
#13040=ADVANCED_FACE('',(#13039),#13030,.T.);
#13041=CARTESIAN_POINT('',(0.E0,0.E0,3.983025E0));
#13042=DIRECTION('',(0.E0,0.E0,1.E0));
#13043=DIRECTION('',(1.E0,0.E0,0.E0));
#13044=AXIS2_PLACEMENT_3D('',#13041,#13042,#13043);
#13045=CONICAL_SURFACE('',#13044,5.572125E0,4.5E1);
#13047=ORIENTED_EDGE('',*,*,#13046,.T.);
#13049=ORIENTED_EDGE('',*,*,#13048,.F.);
#13051=ORIENTED_EDGE('',*,*,#13050,.T.);
#13052=ORIENTED_EDGE('',*,*,#12376,.T.);
#13053=EDGE_LOOP('',(#13047,#13049,#13051,#13052));
#13054=FACE_OUTER_BOUND('',#13053,.F.);
#13055=ADVANCED_FACE('',(#13054),#13045,.T.);
#13056=CARTESIAN_POINT('',(0.E0,0.E0,3.983025E0));
#13057=DIRECTION('',(0.E0,0.E0,1.E0));
#13058=DIRECTION('',(1.E0,0.E0,0.E0));
#13059=AXIS2_PLACEMENT_3D('',#13056,#13057,#13058);
#13060=CONICAL_SURFACE('',#13059,5.572125E0,4.5E1);
#13062=ORIENTED_EDGE('',*,*,#13061,.T.);
#13064=ORIENTED_EDGE('',*,*,#13063,.F.);
#13066=ORIENTED_EDGE('',*,*,#13065,.T.);
#13067=ORIENTED_EDGE('',*,*,#12392,.T.);
#13068=EDGE_LOOP('',(#13062,#13064,#13066,#13067));
#13069=FACE_OUTER_BOUND('',#13068,.F.);
#13070=ADVANCED_FACE('',(#13069),#13060,.T.);
#13071=CARTESIAN_POINT('',(0.E0,0.E0,3.983025E0));
#13072=DIRECTION('',(0.E0,0.E0,1.E0));
#13073=DIRECTION('',(1.E0,0.E0,0.E0));
#13074=AXIS2_PLACEMENT_3D('',#13071,#13072,#13073);
#13075=CONICAL_SURFACE('',#13074,5.572125E0,4.5E1);
#13077=ORIENTED_EDGE('',*,*,#13076,.T.);
#13079=ORIENTED_EDGE('',*,*,#13078,.F.);
#13081=ORIENTED_EDGE('',*,*,#13080,.T.);
#13082=ORIENTED_EDGE('',*,*,#12408,.T.);
#13083=EDGE_LOOP('',(#13077,#13079,#13081,#13082));
#13084=FACE_OUTER_BOUND('',#13083,.F.);
#13085=ADVANCED_FACE('',(#13084),#13075,.T.);
#13086=CARTESIAN_POINT('',(0.E0,0.E0,3.983025E0));
#13087=DIRECTION('',(0.E0,0.E0,1.E0));
#13088=DIRECTION('',(1.E0,0.E0,0.E0));
#13089=AXIS2_PLACEMENT_3D('',#13086,#13087,#13088);
#13090=CONICAL_SURFACE('',#13089,5.572125E0,4.5E1);
#13092=ORIENTED_EDGE('',*,*,#13091,.T.);
#13094=ORIENTED_EDGE('',*,*,#13093,.F.);
#13096=ORIENTED_EDGE('',*,*,#13095,.T.);
#13097=ORIENTED_EDGE('',*,*,#12424,.T.);
#13098=EDGE_LOOP('',(#13092,#13094,#13096,#13097));
#13099=FACE_OUTER_BOUND('',#13098,.F.);
#13100=ADVANCED_FACE('',(#13099),#13090,.T.);
#13101=CARTESIAN_POINT('',(0.E0,0.E0,3.983025E0));
#13102=DIRECTION('',(0.E0,0.E0,1.E0));
#13103=DIRECTION('',(1.E0,0.E0,0.E0));
#13104=AXIS2_PLACEMENT_3D('',#13101,#13102,#13103);
#13105=CONICAL_SURFACE('',#13104,5.572125E0,4.5E1);
#13107=ORIENTED_EDGE('',*,*,#13106,.T.);
#13109=ORIENTED_EDGE('',*,*,#13108,.F.);
#13111=ORIENTED_EDGE('',*,*,#13110,.T.);
#13112=ORIENTED_EDGE('',*,*,#12440,.T.);
#13113=EDGE_LOOP('',(#13107,#13109,#13111,#13112));
#13114=FACE_OUTER_BOUND('',#13113,.F.);
#13115=ADVANCED_FACE('',(#13114),#13105,.T.);
#13116=CARTESIAN_POINT('',(0.E0,0.E0,3.983025E0));
#13117=DIRECTION('',(0.E0,0.E0,1.E0));
#13118=DIRECTION('',(1.E0,0.E0,0.E0));
#13119=AXIS2_PLACEMENT_3D('',#13116,#13117,#13118);
#13120=CONICAL_SURFACE('',#13119,5.572125E0,4.5E1);
#13122=ORIENTED_EDGE('',*,*,#13121,.T.);
#13124=ORIENTED_EDGE('',*,*,#13123,.F.);
#13126=ORIENTED_EDGE('',*,*,#13125,.T.);
#13127=ORIENTED_EDGE('',*,*,#12456,.T.);
#13128=EDGE_LOOP('',(#13122,#13124,#13126,#13127));
#13129=FACE_OUTER_BOUND('',#13128,.F.);
#13130=ADVANCED_FACE('',(#13129),#13120,.T.);
#13131=CARTESIAN_POINT('',(0.E0,0.E0,3.983025E0));
#13132=DIRECTION('',(0.E0,0.E0,1.E0));
#13133=DIRECTION('',(1.E0,0.E0,0.E0));
#13134=AXIS2_PLACEMENT_3D('',#13131,#13132,#13133);
#13135=CONICAL_SURFACE('',#13134,5.572125E0,4.5E1);
#13137=ORIENTED_EDGE('',*,*,#13136,.T.);
#13139=ORIENTED_EDGE('',*,*,#13138,.F.);
#13141=ORIENTED_EDGE('',*,*,#13140,.T.);
#13142=ORIENTED_EDGE('',*,*,#12472,.T.);
#13143=EDGE_LOOP('',(#13137,#13139,#13141,#13142));
#13144=FACE_OUTER_BOUND('',#13143,.F.);
#13145=ADVANCED_FACE('',(#13144),#13135,.T.);
#13146=CARTESIAN_POINT('',(0.E0,0.E0,3.983025E0));
#13147=DIRECTION('',(0.E0,0.E0,1.E0));
#13148=DIRECTION('',(1.E0,0.E0,0.E0));
#13149=AXIS2_PLACEMENT_3D('',#13146,#13147,#13148);
#13150=CONICAL_SURFACE('',#13149,5.572125E0,4.5E1);
#13152=ORIENTED_EDGE('',*,*,#13151,.T.);
#13154=ORIENTED_EDGE('',*,*,#13153,.F.);
#13156=ORIENTED_EDGE('',*,*,#13155,.T.);
#13157=ORIENTED_EDGE('',*,*,#12488,.T.);
#13158=EDGE_LOOP('',(#13152,#13154,#13156,#13157));
#13159=FACE_OUTER_BOUND('',#13158,.F.);
#13160=ADVANCED_FACE('',(#13159),#13150,.T.);
#13161=CARTESIAN_POINT('',(0.E0,0.E0,3.983025E0));
#13162=DIRECTION('',(0.E0,0.E0,1.E0));
#13163=DIRECTION('',(1.E0,0.E0,0.E0));
#13164=AXIS2_PLACEMENT_3D('',#13161,#13162,#13163);
#13165=CONICAL_SURFACE('',#13164,5.572125E0,4.5E1);
#13167=ORIENTED_EDGE('',*,*,#13166,.T.);
#13169=ORIENTED_EDGE('',*,*,#13168,.F.);
#13171=ORIENTED_EDGE('',*,*,#13170,.T.);
#13172=ORIENTED_EDGE('',*,*,#12504,.T.);
#13173=EDGE_LOOP('',(#13167,#13169,#13171,#13172));
#13174=FACE_OUTER_BOUND('',#13173,.F.);
#13175=ADVANCED_FACE('',(#13174),#13165,.T.);
#13176=CARTESIAN_POINT('',(0.E0,0.E0,3.983025E0));
#13177=DIRECTION('',(0.E0,0.E0,1.E0));
#13178=DIRECTION('',(1.E0,0.E0,0.E0));
#13179=AXIS2_PLACEMENT_3D('',#13176,#13177,#13178);
#13180=CONICAL_SURFACE('',#13179,5.572125E0,4.5E1);
#13182=ORIENTED_EDGE('',*,*,#13181,.T.);
#13184=ORIENTED_EDGE('',*,*,#13183,.F.);
#13186=ORIENTED_EDGE('',*,*,#13185,.T.);
#13187=ORIENTED_EDGE('',*,*,#12520,.T.);
#13188=EDGE_LOOP('',(#13182,#13184,#13186,#13187));
#13189=FACE_OUTER_BOUND('',#13188,.F.);
#13190=ADVANCED_FACE('',(#13189),#13180,.T.);
#13191=CARTESIAN_POINT('',(0.E0,0.E0,3.983025E0));
#13192=DIRECTION('',(0.E0,0.E0,1.E0));
#13193=DIRECTION('',(1.E0,0.E0,0.E0));
#13194=AXIS2_PLACEMENT_3D('',#13191,#13192,#13193);
#13195=CONICAL_SURFACE('',#13194,5.572125E0,4.5E1);
#13197=ORIENTED_EDGE('',*,*,#13196,.T.);
#13199=ORIENTED_EDGE('',*,*,#13198,.F.);
#13201=ORIENTED_EDGE('',*,*,#13200,.T.);
#13202=ORIENTED_EDGE('',*,*,#12536,.T.);
#13203=EDGE_LOOP('',(#13197,#13199,#13201,#13202));
#13204=FACE_OUTER_BOUND('',#13203,.F.);
#13205=ADVANCED_FACE('',(#13204),#13195,.T.);
#13206=CARTESIAN_POINT('',(0.E0,0.E0,3.983025E0));
#13207=DIRECTION('',(0.E0,0.E0,1.E0));
#13208=DIRECTION('',(1.E0,0.E0,0.E0));
#13209=AXIS2_PLACEMENT_3D('',#13206,#13207,#13208);
#13210=CONICAL_SURFACE('',#13209,5.572125E0,4.5E1);
#13212=ORIENTED_EDGE('',*,*,#13211,.T.);
#13214=ORIENTED_EDGE('',*,*,#13213,.F.);
#13216=ORIENTED_EDGE('',*,*,#13215,.T.);
#13217=ORIENTED_EDGE('',*,*,#12552,.T.);
#13218=EDGE_LOOP('',(#13212,#13214,#13216,#13217));
#13219=FACE_OUTER_BOUND('',#13218,.F.);
#13220=ADVANCED_FACE('',(#13219),#13210,.T.);
#13221=CARTESIAN_POINT('',(0.E0,0.E0,3.983025E0));
#13222=DIRECTION('',(0.E0,0.E0,1.E0));
#13223=DIRECTION('',(1.E0,0.E0,0.E0));
#13224=AXIS2_PLACEMENT_3D('',#13221,#13222,#13223);
#13225=CONICAL_SURFACE('',#13224,5.572125E0,4.5E1);
#13227=ORIENTED_EDGE('',*,*,#13226,.T.);
#13229=ORIENTED_EDGE('',*,*,#13228,.F.);
#13231=ORIENTED_EDGE('',*,*,#13230,.T.);
#13232=ORIENTED_EDGE('',*,*,#12568,.T.);
#13233=EDGE_LOOP('',(#13227,#13229,#13231,#13232));
#13234=FACE_OUTER_BOUND('',#13233,.F.);
#13235=ADVANCED_FACE('',(#13234),#13225,.T.);
#13236=CARTESIAN_POINT('',(0.E0,0.E0,3.983025E0));
#13237=DIRECTION('',(0.E0,0.E0,1.E0));
#13238=DIRECTION('',(1.E0,0.E0,0.E0));
#13239=AXIS2_PLACEMENT_3D('',#13236,#13237,#13238);
#13240=CONICAL_SURFACE('',#13239,5.572125E0,4.5E1);
#13242=ORIENTED_EDGE('',*,*,#13241,.T.);
#13244=ORIENTED_EDGE('',*,*,#13243,.F.);
#13246=ORIENTED_EDGE('',*,*,#13245,.T.);
#13247=ORIENTED_EDGE('',*,*,#12584,.T.);
#13248=EDGE_LOOP('',(#13242,#13244,#13246,#13247));
#13249=FACE_OUTER_BOUND('',#13248,.F.);
#13250=ADVANCED_FACE('',(#13249),#13240,.T.);
#13251=CARTESIAN_POINT('',(0.E0,0.E0,3.983025E0));
#13252=DIRECTION('',(0.E0,0.E0,1.E0));
#13253=DIRECTION('',(1.E0,0.E0,0.E0));
#13254=AXIS2_PLACEMENT_3D('',#13251,#13252,#13253);
#13255=CONICAL_SURFACE('',#13254,5.572125E0,4.5E1);
#13257=ORIENTED_EDGE('',*,*,#13256,.T.);
#13259=ORIENTED_EDGE('',*,*,#13258,.F.);
#13261=ORIENTED_EDGE('',*,*,#13260,.T.);
#13262=ORIENTED_EDGE('',*,*,#12600,.T.);
#13263=EDGE_LOOP('',(#13257,#13259,#13261,#13262));
#13264=FACE_OUTER_BOUND('',#13263,.F.);
#13265=ADVANCED_FACE('',(#13264),#13255,.T.);
#13266=CARTESIAN_POINT('',(0.E0,0.E0,3.983025E0));
#13267=DIRECTION('',(0.E0,0.E0,1.E0));
#13268=DIRECTION('',(1.E0,0.E0,0.E0));
#13269=AXIS2_PLACEMENT_3D('',#13266,#13267,#13268);
#13270=CONICAL_SURFACE('',#13269,5.572125E0,4.5E1);
#13272=ORIENTED_EDGE('',*,*,#13271,.T.);
#13274=ORIENTED_EDGE('',*,*,#13273,.F.);
#13276=ORIENTED_EDGE('',*,*,#13275,.T.);
#13277=ORIENTED_EDGE('',*,*,#12616,.T.);
#13278=EDGE_LOOP('',(#13272,#13274,#13276,#13277));
#13279=FACE_OUTER_BOUND('',#13278,.F.);
#13280=ADVANCED_FACE('',(#13279),#13270,.T.);
#13281=CARTESIAN_POINT('',(0.E0,0.E0,3.983025E0));
#13282=DIRECTION('',(0.E0,0.E0,1.E0));
#13283=DIRECTION('',(1.E0,0.E0,0.E0));
#13284=AXIS2_PLACEMENT_3D('',#13281,#13282,#13283);
#13285=CONICAL_SURFACE('',#13284,5.572125E0,4.5E1);
#13287=ORIENTED_EDGE('',*,*,#13286,.T.);
#13289=ORIENTED_EDGE('',*,*,#13288,.F.);
#13291=ORIENTED_EDGE('',*,*,#13290,.T.);
#13292=ORIENTED_EDGE('',*,*,#12632,.T.);
#13293=EDGE_LOOP('',(#13287,#13289,#13291,#13292));
#13294=FACE_OUTER_BOUND('',#13293,.F.);
#13295=ADVANCED_FACE('',(#13294),#13285,.T.);
#13296=CARTESIAN_POINT('',(0.E0,0.E0,3.983025E0));
#13297=DIRECTION('',(0.E0,0.E0,1.E0));
#13298=DIRECTION('',(1.E0,0.E0,0.E0));
#13299=AXIS2_PLACEMENT_3D('',#13296,#13297,#13298);
#13300=CONICAL_SURFACE('',#13299,5.572125E0,4.5E1);
#13302=ORIENTED_EDGE('',*,*,#13301,.T.);
#13304=ORIENTED_EDGE('',*,*,#13303,.F.);
#13306=ORIENTED_EDGE('',*,*,#13305,.T.);
#13307=ORIENTED_EDGE('',*,*,#12648,.T.);
#13308=EDGE_LOOP('',(#13302,#13304,#13306,#13307));
#13309=FACE_OUTER_BOUND('',#13308,.F.);
#13310=ADVANCED_FACE('',(#13309),#13300,.T.);
#13311=CARTESIAN_POINT('',(0.E0,0.E0,3.983025E0));
#13312=DIRECTION('',(0.E0,0.E0,1.E0));
#13313=DIRECTION('',(1.E0,0.E0,0.E0));
#13314=AXIS2_PLACEMENT_3D('',#13311,#13312,#13313);
#13315=CONICAL_SURFACE('',#13314,5.572125E0,4.5E1);
#13317=ORIENTED_EDGE('',*,*,#13316,.T.);
#13319=ORIENTED_EDGE('',*,*,#13318,.F.);
#13321=ORIENTED_EDGE('',*,*,#13320,.T.);
#13322=ORIENTED_EDGE('',*,*,#12664,.T.);
#13323=EDGE_LOOP('',(#13317,#13319,#13321,#13322));
#13324=FACE_OUTER_BOUND('',#13323,.F.);
#13325=ADVANCED_FACE('',(#13324),#13315,.T.);
#13326=CARTESIAN_POINT('',(0.E0,0.E0,3.983025E0));
#13327=DIRECTION('',(0.E0,0.E0,1.E0));
#13328=DIRECTION('',(1.E0,0.E0,0.E0));
#13329=AXIS2_PLACEMENT_3D('',#13326,#13327,#13328);
#13330=CONICAL_SURFACE('',#13329,5.572125E0,4.5E1);
#13332=ORIENTED_EDGE('',*,*,#13331,.T.);
#13333=ORIENTED_EDGE('',*,*,#12684,.T.);
#13335=ORIENTED_EDGE('',*,*,#13334,.T.);
#13337=ORIENTED_EDGE('',*,*,#13336,.F.);
#13338=EDGE_LOOP('',(#13332,#13333,#13335,#13337));
#13339=FACE_OUTER_BOUND('',#13338,.F.);
#13340=ADVANCED_FACE('',(#13339),#13330,.T.);
#13341=CARTESIAN_POINT('',(-5.399508000428E0,-5.675111591959E-1,1.12014E1));
#13342=DIRECTION('',(6.296131085388E-1,7.769088322037E-1,0.E0));
#13343=DIRECTION('',(-7.769088322037E-1,6.296131085388E-1,0.E0));
#13344=AXIS2_PLACEMENT_3D('',#13341,#13342,#13343);
#13345=PLANE('',#13344);
#13346=ORIENTED_EDGE('',*,*,#12897,.F.);
#13347=ORIENTED_EDGE('',*,*,#12214,.T.);
#13349=ORIENTED_EDGE('',*,*,#13348,.T.);
#13351=ORIENTED_EDGE('',*,*,#13350,.T.);
#13352=EDGE_LOOP('',(#13346,#13347,#13349,#13351));
#13353=FACE_OUTER_BOUND('',#13352,.F.);
#13354=ADVANCED_FACE('',(#13353),#13345,.F.);
#13355=CARTESIAN_POINT('',(0.E0,0.E0,1.091573020735E1));
#13356=DIRECTION('',(0.E0,0.E0,-1.E0));
#13357=DIRECTION('',(-1.E0,0.E0,0.E0));
#13358=AXIS2_PLACEMENT_3D('',#13355,#13356,#13357);
#13359=CONICAL_SURFACE('',#13358,5.429169792654E0,4.5E1);
#13361=ORIENTED_EDGE('',*,*,#13360,.F.);
#13362=ORIENTED_EDGE('',*,*,#12668,.F.);
#13364=ORIENTED_EDGE('',*,*,#13363,.F.);
#13366=ORIENTED_EDGE('',*,*,#13365,.F.);
#13367=ORIENTED_EDGE('',*,*,#12652,.F.);
#13369=ORIENTED_EDGE('',*,*,#13368,.F.);
#13371=ORIENTED_EDGE('',*,*,#13370,.F.);
#13372=ORIENTED_EDGE('',*,*,#12636,.F.);
#13374=ORIENTED_EDGE('',*,*,#13373,.F.);
#13376=ORIENTED_EDGE('',*,*,#13375,.F.);
#13377=ORIENTED_EDGE('',*,*,#12620,.F.);
#13379=ORIENTED_EDGE('',*,*,#13378,.F.);
#13381=ORIENTED_EDGE('',*,*,#13380,.F.);
#13382=ORIENTED_EDGE('',*,*,#12604,.F.);
#13384=ORIENTED_EDGE('',*,*,#13383,.F.);
#13386=ORIENTED_EDGE('',*,*,#13385,.F.);
#13387=ORIENTED_EDGE('',*,*,#12588,.F.);
#13389=ORIENTED_EDGE('',*,*,#13388,.F.);
#13391=ORIENTED_EDGE('',*,*,#13390,.F.);
#13392=ORIENTED_EDGE('',*,*,#12572,.F.);
#13394=ORIENTED_EDGE('',*,*,#13393,.F.);
#13396=ORIENTED_EDGE('',*,*,#13395,.F.);
#13397=ORIENTED_EDGE('',*,*,#12556,.F.);
#13399=ORIENTED_EDGE('',*,*,#13398,.F.);
#13401=ORIENTED_EDGE('',*,*,#13400,.F.);
#13402=ORIENTED_EDGE('',*,*,#12540,.F.);
#13404=ORIENTED_EDGE('',*,*,#13403,.F.);
#13406=ORIENTED_EDGE('',*,*,#13405,.F.);
#13407=ORIENTED_EDGE('',*,*,#12524,.F.);
#13409=ORIENTED_EDGE('',*,*,#13408,.F.);
#13411=ORIENTED_EDGE('',*,*,#13410,.F.);
#13412=ORIENTED_EDGE('',*,*,#12508,.F.);
#13414=ORIENTED_EDGE('',*,*,#13413,.F.);
#13416=ORIENTED_EDGE('',*,*,#13415,.F.);
#13417=ORIENTED_EDGE('',*,*,#12492,.F.);
#13419=ORIENTED_EDGE('',*,*,#13418,.F.);
#13421=ORIENTED_EDGE('',*,*,#13420,.F.);
#13422=ORIENTED_EDGE('',*,*,#12476,.F.);
#13424=ORIENTED_EDGE('',*,*,#13423,.F.);
#13426=ORIENTED_EDGE('',*,*,#13425,.F.);
#13427=ORIENTED_EDGE('',*,*,#12460,.F.);
#13429=ORIENTED_EDGE('',*,*,#13428,.F.);
#13431=ORIENTED_EDGE('',*,*,#13430,.F.);
#13432=ORIENTED_EDGE('',*,*,#12444,.F.);
#13434=ORIENTED_EDGE('',*,*,#13433,.F.);
#13436=ORIENTED_EDGE('',*,*,#13435,.F.);
#13437=ORIENTED_EDGE('',*,*,#12428,.F.);
#13439=ORIENTED_EDGE('',*,*,#13438,.F.);
#13441=ORIENTED_EDGE('',*,*,#13440,.F.);
#13442=ORIENTED_EDGE('',*,*,#12412,.F.);
#13444=ORIENTED_EDGE('',*,*,#13443,.F.);
#13446=ORIENTED_EDGE('',*,*,#13445,.F.);
#13447=ORIENTED_EDGE('',*,*,#12396,.F.);
#13449=ORIENTED_EDGE('',*,*,#13448,.F.);
#13451=ORIENTED_EDGE('',*,*,#13450,.F.);
#13452=ORIENTED_EDGE('',*,*,#12380,.F.);
#13454=ORIENTED_EDGE('',*,*,#13453,.F.);
#13456=ORIENTED_EDGE('',*,*,#13455,.F.);
#13457=ORIENTED_EDGE('',*,*,#12364,.F.);
#13459=ORIENTED_EDGE('',*,*,#13458,.F.);
#13461=ORIENTED_EDGE('',*,*,#13460,.F.);
#13462=ORIENTED_EDGE('',*,*,#12348,.F.);
#13464=ORIENTED_EDGE('',*,*,#13463,.F.);
#13466=ORIENTED_EDGE('',*,*,#13465,.F.);
#13467=ORIENTED_EDGE('',*,*,#12332,.F.);
#13469=ORIENTED_EDGE('',*,*,#13468,.F.);
#13471=ORIENTED_EDGE('',*,*,#13470,.F.);
#13472=ORIENTED_EDGE('',*,*,#12316,.F.);
#13474=ORIENTED_EDGE('',*,*,#13473,.F.);
#13476=ORIENTED_EDGE('',*,*,#13475,.F.);
#13477=ORIENTED_EDGE('',*,*,#12300,.F.);
#13479=ORIENTED_EDGE('',*,*,#13478,.F.);
#13481=ORIENTED_EDGE('',*,*,#13480,.F.);
#13482=ORIENTED_EDGE('',*,*,#12284,.F.);
#13484=ORIENTED_EDGE('',*,*,#13483,.F.);
#13486=ORIENTED_EDGE('',*,*,#13485,.F.);
#13487=ORIENTED_EDGE('',*,*,#12268,.F.);
#13489=ORIENTED_EDGE('',*,*,#13488,.F.);
#13491=ORIENTED_EDGE('',*,*,#13490,.F.);
#13492=ORIENTED_EDGE('',*,*,#12252,.F.);
#13494=ORIENTED_EDGE('',*,*,#13493,.F.);
#13496=ORIENTED_EDGE('',*,*,#13495,.F.);
#13497=ORIENTED_EDGE('',*,*,#12236,.F.);
#13499=ORIENTED_EDGE('',*,*,#13498,.F.);
#13500=ORIENTED_EDGE('',*,*,#13348,.F.);
#13501=ORIENTED_EDGE('',*,*,#12220,.F.);
#13502=ORIENTED_EDGE('',*,*,#12886,.F.);
#13503=ORIENTED_EDGE('',*,*,#12860,.F.);
#13505=ORIENTED_EDGE('',*,*,#13504,.T.);
#13506=ORIENTED_EDGE('',*,*,#12856,.F.);
#13508=ORIENTED_EDGE('',*,*,#13507,.F.);
#13509=ORIENTED_EDGE('',*,*,#12680,.F.);
#13511=ORIENTED_EDGE('',*,*,#13510,.F.);
#13512=EDGE_LOOP('',(#13361,#13362,#13364,#13366,#13367,#13369,#13371,#13372,
#13374,#13376,#13377,#13379,#13381,#13382,#13384,#13386,#13387,#13389,#13391,
#13392,#13394,#13396,#13397,#13399,#13401,#13402,#13404,#13406,#13407,#13409,
#13411,#13412,#13414,#13416,#13417,#13419,#13421,#13422,#13424,#13426,#13427,
#13429,#13431,#13432,#13434,#13436,#13437,#13439,#13441,#13442,#13444,#13446,
#13447,#13449,#13451,#13452,#13454,#13456,#13457,#13459,#13461,#13462,#13464,
#13466,#13467,#13469,#13471,#13472,#13474,#13476,#13477,#13479,#13481,#13482,
#13484,#13486,#13487,#13489,#13491,#13492,#13494,#13496,#13497,#13499,#13500,
#13501,#13502,#13503,#13505,#13506,#13508,#13509,#13511));
#13513=FACE_OUTER_BOUND('',#13512,.F.);
#13514=ADVANCED_FACE('',(#13513),#13359,.T.);
#13515=CARTESIAN_POINT('',(5.399508000428E0,-5.675111591959E-1,1.12014E1));
#13516=DIRECTION('',(-7.773829804225E-1,-6.290275842516E-1,0.E0));
#13517=DIRECTION('',(6.290275842516E-1,-7.773829804225E-1,0.E0));
#13518=AXIS2_PLACEMENT_3D('',#13515,#13516,#13517);
#13519=PLANE('',#13518);
#13520=ORIENTED_EDGE('',*,*,#13316,.F.);
#13521=ORIENTED_EDGE('',*,*,#12662,.T.);
#13522=ORIENTED_EDGE('',*,*,#13360,.T.);
#13524=ORIENTED_EDGE('',*,*,#13523,.T.);
#13525=EDGE_LOOP('',(#13520,#13521,#13522,#13524));
#13526=FACE_OUTER_BOUND('',#13525,.F.);
#13527=ADVANCED_FACE('',(#13526),#13519,.F.);
#13528=CARTESIAN_POINT('',(5.705855080387E0,-3.196272094540E-1,1.12014E1));
#13529=DIRECTION('',(-6.290275842516E-1,7.773829804225E-1,0.E0));
#13530=DIRECTION('',(-7.773829804225E-1,-6.290275842516E-1,0.E0));
#13531=AXIS2_PLACEMENT_3D('',#13528,#13529,#13530);
#13532=PLANE('',#13531);
#13533=ORIENTED_EDGE('',*,*,#13331,.F.);
#13534=ORIENTED_EDGE('',*,*,#13523,.F.);
#13535=ORIENTED_EDGE('',*,*,#13510,.T.);
#13536=ORIENTED_EDGE('',*,*,#12678,.F.);
#13537=EDGE_LOOP('',(#13533,#13534,#13535,#13536));
#13538=FACE_OUTER_BOUND('',#13537,.F.);
#13539=ADVANCED_FACE('',(#13538),#13532,.F.);
#13540=CARTESIAN_POINT('',(5.641187668221E0,-9.143005213383E-1,1.12014E1));
#13541=DIRECTION('',(-5.443230570148E-1,8.388756818516E-1,0.E0));
#13542=DIRECTION('',(-8.388756818516E-1,-5.443230570148E-1,0.E0));
#13543=AXIS2_PLACEMENT_3D('',#13540,#13541,#13542);
#13544=PLANE('',#13543);
#13545=ORIENTED_EDGE('',*,*,#13320,.F.);
#13547=ORIENTED_EDGE('',*,*,#13546,.F.);
#13548=ORIENTED_EDGE('',*,*,#13363,.T.);
#13549=ORIENTED_EDGE('',*,*,#12666,.F.);
#13550=EDGE_LOOP('',(#13545,#13547,#13548,#13549));
#13551=FACE_OUTER_BOUND('',#13550,.F.);
#13552=ADVANCED_FACE('',(#13551),#13544,.F.);
#13553=CARTESIAN_POINT('',(5.310607861284E0,-1.128804547372E0,1.12014E1));
#13554=DIRECTION('',(-8.388756818516E-1,-5.443230570148E-1,0.E0));
#13555=DIRECTION('',(5.443230570148E-1,-8.388756818516E-1,0.E0));
#13556=AXIS2_PLACEMENT_3D('',#13553,#13554,#13555);
#13557=PLANE('',#13556);
#13558=ORIENTED_EDGE('',*,*,#13301,.F.);
#13559=ORIENTED_EDGE('',*,*,#12646,.T.);
#13560=ORIENTED_EDGE('',*,*,#13365,.T.);
#13561=ORIENTED_EDGE('',*,*,#13546,.T.);
#13562=EDGE_LOOP('',(#13558,#13559,#13560,#13561));
#13563=FACE_OUTER_BOUND('',#13562,.F.);
#13564=ADVANCED_FACE('',(#13563),#13557,.F.);
#13565=CARTESIAN_POINT('',(5.514714223467E0,-1.498956565381E0,1.12014E1));
#13566=DIRECTION('',(-4.536548124585E-1,8.911774857644E-1,0.E0));
#13567=DIRECTION('',(-8.911774857644E-1,-4.536548124585E-1,0.E0));
#13568=AXIS2_PLACEMENT_3D('',#13565,#13566,#13567);
#13569=PLANE('',#13568);
#13570=ORIENTED_EDGE('',*,*,#13305,.F.);
#13572=ORIENTED_EDGE('',*,*,#13571,.F.);
#13573=ORIENTED_EDGE('',*,*,#13368,.T.);
#13574=ORIENTED_EDGE('',*,*,#12650,.F.);
#13575=EDGE_LOOP('',(#13570,#13572,#13573,#13574));
#13576=FACE_OUTER_BOUND('',#13575,.F.);
#13577=ADVANCED_FACE('',(#13576),#13569,.F.);
#13578=CARTESIAN_POINT('',(5.163523591095E0,-1.677730516710E0,1.12014E1));
#13579=DIRECTION('',(-8.911774857644E-1,-4.536548124585E-1,0.E0));
#13580=DIRECTION('',(4.536548124585E-1,-8.911774857644E-1,0.E0));
#13581=AXIS2_PLACEMENT_3D('',#13578,#13579,#13580);
#13582=PLANE('',#13581);
#13583=ORIENTED_EDGE('',*,*,#13286,.F.);
#13584=ORIENTED_EDGE('',*,*,#12630,.T.);
#13585=ORIENTED_EDGE('',*,*,#13370,.T.);
#13586=ORIENTED_EDGE('',*,*,#13571,.T.);
#13587=EDGE_LOOP('',(#13583,#13584,#13585,#13586));
#13588=FACE_OUTER_BOUND('',#13587,.F.);
#13589=ADVANCED_FACE('',(#13588),#13582,.F.);
#13590=CARTESIAN_POINT('',(5.327820415652E0,-2.067189727617E0,1.12014E1));
#13591=DIRECTION('',(-3.580162308434E-1,9.337153626522E-1,0.E0));
#13592=DIRECTION('',(-9.337153626522E-1,-3.580162308434E-1,0.E0));
#13593=AXIS2_PLACEMENT_3D('',#13590,#13591,#13592);
#13594=PLANE('',#13593);
#13595=ORIENTED_EDGE('',*,*,#13290,.F.);
#13597=ORIENTED_EDGE('',*,*,#13596,.F.);
#13598=ORIENTED_EDGE('',*,*,#13373,.T.);
#13599=ORIENTED_EDGE('',*,*,#12634,.F.);
#13600=EDGE_LOOP('',(#13595,#13597,#13598,#13599));
#13601=FACE_OUTER_BOUND('',#13600,.F.);
#13602=ADVANCED_FACE('',(#13601),#13594,.F.);
#13603=CARTESIAN_POINT('',(4.959866675906E0,-2.208274919419E0,1.12014E1));
#13604=DIRECTION('',(-9.337153626522E-1,-3.580162308434E-1,0.E0));
#13605=DIRECTION('',(3.580162308434E-1,-9.337153626522E-1,0.E0));
#13606=AXIS2_PLACEMENT_3D('',#13603,#13604,#13605);
#13607=PLANE('',#13606);
#13608=ORIENTED_EDGE('',*,*,#13271,.F.);
#13609=ORIENTED_EDGE('',*,*,#12614,.T.);
#13610=ORIENTED_EDGE('',*,*,#13375,.T.);
#13611=ORIENTED_EDGE('',*,*,#13596,.T.);
#13612=EDGE_LOOP('',(#13608,#13609,#13610,#13611));
#13613=FACE_OUTER_BOUND('',#13612,.F.);
#13614=ADVANCED_FACE('',(#13613),#13607,.F.);
#13615=CARTESIAN_POINT('',(5.082553892446E0,-2.612774326609E0,1.12014E1));
#13616=DIRECTION('',(-2.584551484836E-1,9.660232586342E-1,0.E0));
#13617=DIRECTION('',(-9.660232586342E-1,-2.584551484836E-1,0.E0));
#13618=AXIS2_PLACEMENT_3D('',#13615,#13616,#13617);
#13619=PLANE('',#13618);
#13620=ORIENTED_EDGE('',*,*,#13275,.F.);
#13622=ORIENTED_EDGE('',*,*,#13621,.F.);
#13623=ORIENTED_EDGE('',*,*,#13378,.T.);
#13624=ORIENTED_EDGE('',*,*,#12618,.F.);
#13625=EDGE_LOOP('',(#13620,#13622,#13623,#13624));
#13626=FACE_OUTER_BOUND('',#13625,.F.);
#13627=ADVANCED_FACE('',(#13626),#13619,.F.);
#13628=CARTESIAN_POINT('',(4.701868423497E0,-2.714625E0,1.12014E1));
#13629=DIRECTION('',(-9.660232586342E-1,-2.584551484836E-1,0.E0));
#13630=DIRECTION('',(2.584551484836E-1,-9.660232586342E-1,0.E0));
#13631=AXIS2_PLACEMENT_3D('',#13628,#13629,#13630);
#13632=PLANE('',#13631);
#13633=ORIENTED_EDGE('',*,*,#13256,.F.);
#13634=ORIENTED_EDGE('',*,*,#12598,.T.);
#13635=ORIENTED_EDGE('',*,*,#13380,.T.);
#13636=ORIENTED_EDGE('',*,*,#13621,.T.);
#13637=EDGE_LOOP('',(#13633,#13634,#13635,#13636));
#13638=FACE_OUTER_BOUND('',#13637,.F.);
#13639=ADVANCED_FACE('',(#13638),#13632,.F.);
#13640=CARTESIAN_POINT('',(4.781601845201E0,-3.129732823322E0,1.12014E1));
#13641=DIRECTION('',(-1.560623774317E-1,9.877472016414E-1,0.E0));
#13642=DIRECTION('',(-9.877472016414E-1,-1.560623774317E-1,0.E0));
#13643=AXIS2_PLACEMENT_3D('',#13640,#13641,#13642);
#13644=PLANE('',#13643);
#13645=ORIENTED_EDGE('',*,*,#13260,.F.);
#13647=ORIENTED_EDGE('',*,*,#13646,.F.);
#13648=ORIENTED_EDGE('',*,*,#13383,.T.);
#13649=ORIENTED_EDGE('',*,*,#12602,.F.);
#13650=EDGE_LOOP('',(#13645,#13647,#13648,#13649));
#13651=FACE_OUTER_BOUND('',#13650,.F.);
#13652=ADVANCED_FACE('',(#13651),#13644,.F.);
#13653=CARTESIAN_POINT('',(4.392355516710E0,-3.191233081009E0,1.12014E1));
#13654=DIRECTION('',(-9.877472016414E-1,-1.560623774317E-1,0.E0));
#13655=DIRECTION('',(1.560623774317E-1,-9.877472016414E-1,0.E0));
#13656=AXIS2_PLACEMENT_3D('',#13653,#13654,#13655);
#13657=PLANE('',#13656);
#13658=ORIENTED_EDGE('',*,*,#13241,.F.);
#13659=ORIENTED_EDGE('',*,*,#12582,.T.);
#13660=ORIENTED_EDGE('',*,*,#13385,.T.);
#13661=ORIENTED_EDGE('',*,*,#13646,.T.);
#13662=EDGE_LOOP('',(#13658,#13659,#13660,#13661));
#13663=FACE_OUTER_BOUND('',#13662,.F.);
#13664=ADVANCED_FACE('',(#13663),#13657,.F.);
#13665=CARTESIAN_POINT('',(4.428261567526E0,-3.612401312283E0,1.12014E1));
#13666=DIRECTION('',(-5.195975431460E-2,9.986491796079E-1,0.E0));
#13667=DIRECTION('',(-9.986491796079E-1,-5.195975431460E-2,0.E0));
#13668=AXIS2_PLACEMENT_3D('',#13665,#13666,#13667);
#13669=PLANE('',#13668);
#13670=ORIENTED_EDGE('',*,*,#13245,.F.);
#13672=ORIENTED_EDGE('',*,*,#13671,.F.);
#13673=ORIENTED_EDGE('',*,*,#13388,.T.);
#13674=ORIENTED_EDGE('',*,*,#12586,.F.);
#13675=EDGE_LOOP('',(#13670,#13672,#13673,#13674));
#13676=FACE_OUTER_BOUND('',#13675,.F.);
#13677=ADVANCED_FACE('',(#13676),#13669,.F.);
#13678=CARTESIAN_POINT('',(4.034719043723E0,-3.632877344574E0,1.12014E1));
#13679=DIRECTION('',(-9.986491796079E-1,-5.195975431460E-2,0.E0));
#13680=DIRECTION('',(5.195975431460E-2,-9.986491796079E-1,0.E0));
#13681=AXIS2_PLACEMENT_3D('',#13678,#13679,#13680);
#13682=PLANE('',#13681);
#13683=ORIENTED_EDGE('',*,*,#13226,.F.);
#13684=ORIENTED_EDGE('',*,*,#12566,.T.);
#13685=ORIENTED_EDGE('',*,*,#13390,.T.);
#13686=ORIENTED_EDGE('',*,*,#13671,.T.);
#13687=EDGE_LOOP('',(#13683,#13684,#13685,#13686));
#13688=FACE_OUTER_BOUND('',#13687,.F.);
#13689=ADVANCED_FACE('',(#13688),#13682,.F.);
#13690=CARTESIAN_POINT('',(4.026404329443E0,-4.055491576523E0,1.12014E1));
#13691=DIRECTION('',(5.271215074409E-2,9.986097481819E-1,0.E0));
#13692=DIRECTION('',(-9.986097481819E-1,5.271215074409E-2,0.E0));
#13693=AXIS2_PLACEMENT_3D('',#13690,#13691,#13692);
#13694=PLANE('',#13693);
#13695=ORIENTED_EDGE('',*,*,#13230,.F.);
#13697=ORIENTED_EDGE('',*,*,#13696,.F.);
#13698=ORIENTED_EDGE('',*,*,#13393,.T.);
#13699=ORIENTED_EDGE('',*,*,#12570,.F.);
#13700=EDGE_LOOP('',(#13695,#13697,#13698,#13699));
#13701=FACE_OUTER_BOUND('',#13700,.F.);
#13702=ADVANCED_FACE('',(#13701),#13694,.F.);
#13703=CARTESIAN_POINT('',(3.632877344574E0,-4.034719043723E0,1.12014E1));
#13704=DIRECTION('',(-9.986097481819E-1,5.271215074409E-2,0.E0));
#13705=DIRECTION('',(-5.271215074409E-2,-9.986097481819E-1,0.E0));
#13706=AXIS2_PLACEMENT_3D('',#13703,#13704,#13705);
#13707=PLANE('',#13706);
#13708=ORIENTED_EDGE('',*,*,#13211,.F.);
#13709=ORIENTED_EDGE('',*,*,#12550,.T.);
#13710=ORIENTED_EDGE('',*,*,#13395,.T.);
#13711=ORIENTED_EDGE('',*,*,#13696,.T.);
#13712=EDGE_LOOP('',(#13708,#13709,#13710,#13711));
#13713=FACE_OUTER_BOUND('',#13712,.F.);
#13714=ADVANCED_FACE('',(#13713),#13707,.F.);
#13715=CARTESIAN_POINT('',(3.580432962948E0,-4.454149026385E0,1.12014E1));
#13716=DIRECTION('',(1.568065304485E-1,9.876293393823E-1,0.E0));
#13717=DIRECTION('',(-9.876293393823E-1,1.568065304485E-1,0.E0));
#13718=AXIS2_PLACEMENT_3D('',#13715,#13716,#13717);
#13719=PLANE('',#13718);
#13720=ORIENTED_EDGE('',*,*,#13215,.F.);
#13722=ORIENTED_EDGE('',*,*,#13721,.F.);
#13723=ORIENTED_EDGE('',*,*,#13398,.T.);
#13724=ORIENTED_EDGE('',*,*,#12554,.F.);
#13725=EDGE_LOOP('',(#13720,#13722,#13723,#13724));
#13726=FACE_OUTER_BOUND('',#13725,.F.);
#13727=ADVANCED_FACE('',(#13726),#13719,.F.);
#13728=CARTESIAN_POINT('',(3.191233081009E0,-4.392355516710E0,1.12014E1));
#13729=DIRECTION('',(-9.876293393823E-1,1.568065304485E-1,0.E0));
#13730=DIRECTION('',(-1.568065304485E-1,-9.876293393823E-1,0.E0));
#13731=AXIS2_PLACEMENT_3D('',#13728,#13729,#13730);
#13732=PLANE('',#13731);
#13733=ORIENTED_EDGE('',*,*,#13196,.F.);
#13734=ORIENTED_EDGE('',*,*,#12534,.T.);
#13735=ORIENTED_EDGE('',*,*,#13400,.T.);
#13736=ORIENTED_EDGE('',*,*,#13721,.T.);
#13737=EDGE_LOOP('',(#13733,#13734,#13735,#13736));
#13738=FACE_OUTER_BOUND('',#13737,.F.);
#13739=ADVANCED_FACE('',(#13738),#13732,.F.);
#13740=CARTESIAN_POINT('',(3.095233623657E0,-4.804005887423E0,1.12014E1));
#13741=DIRECTION('',(2.591829049914E-1,9.658282568657E-1,0.E0));
#13742=DIRECTION('',(-9.658282568657E-1,2.591829049914E-1,0.E0));
#13743=AXIS2_PLACEMENT_3D('',#13740,#13741,#13742);
#13744=PLANE('',#13743);
#13745=ORIENTED_EDGE('',*,*,#13200,.F.);
#13747=ORIENTED_EDGE('',*,*,#13746,.F.);
#13748=ORIENTED_EDGE('',*,*,#13403,.T.);
#13749=ORIENTED_EDGE('',*,*,#12538,.F.);
#13750=EDGE_LOOP('',(#13745,#13747,#13748,#13749));
#13751=FACE_OUTER_BOUND('',#13750,.F.);
#13752=ADVANCED_FACE('',(#13751),#13744,.F.);
#13753=CARTESIAN_POINT('',(2.714625E0,-4.701868423497E0,1.12014E1));
#13754=DIRECTION('',(-9.658282568657E-1,2.591829049914E-1,0.E0));
#13755=DIRECTION('',(-2.591829049914E-1,-9.658282568657E-1,0.E0));
#13756=AXIS2_PLACEMENT_3D('',#13753,#13754,#13755);
#13757=PLANE('',#13756);
#13758=ORIENTED_EDGE('',*,*,#13181,.F.);
#13759=ORIENTED_EDGE('',*,*,#12518,.T.);
#13760=ORIENTED_EDGE('',*,*,#13405,.T.);
#13761=ORIENTED_EDGE('',*,*,#13746,.T.);
#13762=EDGE_LOOP('',(#13758,#13759,#13760,#13761));
#13763=FACE_OUTER_BOUND('',#13762,.F.);
#13764=ADVANCED_FACE('',(#13763),#13757,.F.);
#13765=CARTESIAN_POINT('',(2.576122257066E0,-5.101229054655E0,1.12014E1));
#13766=DIRECTION('',(3.587196173898E-1,9.334453578543E-1,0.E0));
#13767=DIRECTION('',(-9.334453578543E-1,3.587196173898E-1,0.E0));
#13768=AXIS2_PLACEMENT_3D('',#13765,#13766,#13767);
#13769=PLANE('',#13768);
#13770=ORIENTED_EDGE('',*,*,#13185,.F.);
#13772=ORIENTED_EDGE('',*,*,#13771,.F.);
#13773=ORIENTED_EDGE('',*,*,#13408,.T.);
#13774=ORIENTED_EDGE('',*,*,#12522,.F.);
#13775=EDGE_LOOP('',(#13770,#13772,#13773,#13774));
#13776=FACE_OUTER_BOUND('',#13775,.F.);
#13777=ADVANCED_FACE('',(#13776),#13769,.F.);
#13778=CARTESIAN_POINT('',(2.208274919419E0,-4.959866675906E0,1.12014E1));
#13779=DIRECTION('',(-9.334453578543E-1,3.587196173898E-1,0.E0));
#13780=DIRECTION('',(-3.587196173898E-1,-9.334453578543E-1,0.E0));
#13781=AXIS2_PLACEMENT_3D('',#13778,#13779,#13780);
#13782=PLANE('',#13781);
#13783=ORIENTED_EDGE('',*,*,#13166,.F.);
#13784=ORIENTED_EDGE('',*,*,#12502,.T.);
#13785=ORIENTED_EDGE('',*,*,#13410,.T.);
#13786=ORIENTED_EDGE('',*,*,#13771,.T.);
#13787=EDGE_LOOP('',(#13783,#13784,#13785,#13786));
#13788=FACE_OUTER_BOUND('',#13787,.F.);
#13789=ADVANCED_FACE('',(#13788),#13782,.F.);
#13790=CARTESIAN_POINT('',(2.028786355938E0,-5.342562088864E0,1.12014E1));
#13791=DIRECTION('',(4.543261225931E-1,8.908354361662E-1,0.E0));
#13792=DIRECTION('',(-8.908354361662E-1,4.543261225931E-1,0.E0));
#13793=AXIS2_PLACEMENT_3D('',#13790,#13791,#13792);
#13794=PLANE('',#13793);
#13795=ORIENTED_EDGE('',*,*,#13170,.F.);
#13797=ORIENTED_EDGE('',*,*,#13796,.F.);
#13798=ORIENTED_EDGE('',*,*,#13413,.T.);
#13799=ORIENTED_EDGE('',*,*,#12506,.F.);
#13800=EDGE_LOOP('',(#13795,#13797,#13798,#13799));
#13801=FACE_OUTER_BOUND('',#13800,.F.);
#13802=ADVANCED_FACE('',(#13801),#13794,.F.);
#13803=CARTESIAN_POINT('',(1.677730516710E0,-5.163523591095E0,1.12014E1));
#13804=DIRECTION('',(-8.908354361662E-1,4.543261225931E-1,0.E0));
#13805=DIRECTION('',(-4.543261225931E-1,-8.908354361662E-1,0.E0));
#13806=AXIS2_PLACEMENT_3D('',#13803,#13804,#13805);
#13807=PLANE('',#13806);
#13808=ORIENTED_EDGE('',*,*,#13151,.F.);
#13809=ORIENTED_EDGE('',*,*,#12486,.T.);
#13810=ORIENTED_EDGE('',*,*,#13415,.T.);
#13811=ORIENTED_EDGE('',*,*,#13796,.T.);
#13812=EDGE_LOOP('',(#13808,#13809,#13810,#13811));
#13813=FACE_OUTER_BOUND('',#13812,.F.);
#13814=ADVANCED_FACE('',(#13813),#13807,.F.);
#13815=CARTESIAN_POINT('',(1.459222646944E0,-5.525360894824E0,1.12014E1));
#13816=DIRECTION('',(5.449549357234E-1,8.384653350203E-1,0.E0));
#13817=DIRECTION('',(-8.384653350203E-1,5.449549357234E-1,0.E0));
#13818=AXIS2_PLACEMENT_3D('',#13815,#13816,#13817);
#13819=PLANE('',#13818);
#13820=ORIENTED_EDGE('',*,*,#13155,.F.);
#13822=ORIENTED_EDGE('',*,*,#13821,.F.);
#13823=ORIENTED_EDGE('',*,*,#13418,.T.);
#13824=ORIENTED_EDGE('',*,*,#12490,.F.);
#13825=EDGE_LOOP('',(#13820,#13822,#13823,#13824));
#13826=FACE_OUTER_BOUND('',#13825,.F.);
#13827=ADVANCED_FACE('',(#13826),#13819,.F.);
#13828=CARTESIAN_POINT('',(1.128804547372E0,-5.310607861284E0,1.12014E1));
#13829=DIRECTION('',(-8.384653350203E-1,5.449549357234E-1,0.E0));
#13830=DIRECTION('',(-5.449549357234E-1,-8.384653350203E-1,0.E0));
#13831=AXIS2_PLACEMENT_3D('',#13828,#13829,#13830);
#13832=PLANE('',#13831);
#13833=ORIENTED_EDGE('',*,*,#13136,.F.);
#13834=ORIENTED_EDGE('',*,*,#12470,.T.);
#13835=ORIENTED_EDGE('',*,*,#13420,.T.);
#13836=ORIENTED_EDGE('',*,*,#13821,.T.);
#13837=EDGE_LOOP('',(#13833,#13834,#13835,#13836));
#13838=FACE_OUTER_BOUND('',#13837,.F.);
#13839=ADVANCED_FACE('',(#13838),#13832,.F.);
#13840=CARTESIAN_POINT('',(8.736713892678E-1,-5.647622690565E0,1.12014E1));
#13841=DIRECTION('',(6.296131085388E-1,7.769088322037E-1,0.E0));
#13842=DIRECTION('',(-7.769088322037E-1,6.296131085388E-1,0.E0));
#13843=AXIS2_PLACEMENT_3D('',#13840,#13841,#13842);
#13844=PLANE('',#13843);
#13845=ORIENTED_EDGE('',*,*,#13140,.F.);
#13847=ORIENTED_EDGE('',*,*,#13846,.F.);
#13848=ORIENTED_EDGE('',*,*,#13423,.T.);
#13849=ORIENTED_EDGE('',*,*,#12474,.F.);
#13850=EDGE_LOOP('',(#13845,#13847,#13848,#13849));
#13851=FACE_OUTER_BOUND('',#13850,.F.);
#13852=ADVANCED_FACE('',(#13851),#13844,.F.);
#13853=CARTESIAN_POINT('',(5.675111591959E-1,-5.399508000428E0,1.12014E1));
#13854=DIRECTION('',(-7.769088322037E-1,6.296131085388E-1,0.E0));
#13855=DIRECTION('',(-6.296131085388E-1,-7.769088322037E-1,0.E0));
#13856=AXIS2_PLACEMENT_3D('',#13853,#13854,#13855);
#13857=PLANE('',#13856);
#13858=ORIENTED_EDGE('',*,*,#13121,.F.);
#13859=ORIENTED_EDGE('',*,*,#12454,.T.);
#13860=ORIENTED_EDGE('',*,*,#13425,.T.);
#13861=ORIENTED_EDGE('',*,*,#13846,.T.);
#13862=EDGE_LOOP('',(#13858,#13859,#13860,#13861));
#13863=FACE_OUTER_BOUND('',#13862,.F.);
#13864=ADVANCED_FACE('',(#13863),#13857,.F.);
#13865=CARTESIAN_POINT('',(2.785480050234E-1,-5.708007950266E0,1.12014E1));
#13866=DIRECTION('',(7.073731083821E-1,7.068403536428E-1,0.E0));
#13867=DIRECTION('',(-7.068403536428E-1,7.073731083821E-1,0.E0));
#13868=AXIS2_PLACEMENT_3D('',#13865,#13866,#13867);
#13869=PLANE('',#13868);
#13870=ORIENTED_EDGE('',*,*,#13125,.F.);
#13872=ORIENTED_EDGE('',*,*,#13871,.F.);
#13873=ORIENTED_EDGE('',*,*,#13428,.T.);
#13874=ORIENTED_EDGE('',*,*,#12458,.F.);
#13875=EDGE_LOOP('',(#13870,#13872,#13873,#13874));
#13876=FACE_OUTER_BOUND('',#13875,.F.);
#13877=ADVANCED_FACE('',(#13876),#13869,.F.);
#13878=CARTESIAN_POINT('',(0.E0,-5.42925E0,1.12014E1));
#13879=DIRECTION('',(-7.068403536428E-1,7.073731083821E-1,0.E0));
#13880=DIRECTION('',(-7.073731083821E-1,-7.068403536428E-1,0.E0));
#13881=AXIS2_PLACEMENT_3D('',#13878,#13879,#13880);
#13882=PLANE('',#13881);
#13883=ORIENTED_EDGE('',*,*,#13106,.F.);
#13884=ORIENTED_EDGE('',*,*,#12438,.T.);
#13885=ORIENTED_EDGE('',*,*,#13430,.T.);
#13886=ORIENTED_EDGE('',*,*,#13871,.T.);
#13887=EDGE_LOOP('',(#13883,#13884,#13885,#13886));
#13888=FACE_OUTER_BOUND('',#13887,.F.);
#13889=ADVANCED_FACE('',(#13888),#13882,.F.);
#13890=CARTESIAN_POINT('',(-3.196272094540E-1,-5.705855080387E0,1.12014E1));
#13891=DIRECTION('',(7.773829804225E-1,6.290275842516E-1,0.E0));
#13892=DIRECTION('',(-6.290275842516E-1,7.773829804225E-1,0.E0));
#13893=AXIS2_PLACEMENT_3D('',#13890,#13891,#13892);
#13894=PLANE('',#13893);
#13895=ORIENTED_EDGE('',*,*,#13110,.F.);
#13897=ORIENTED_EDGE('',*,*,#13896,.F.);
#13898=ORIENTED_EDGE('',*,*,#13433,.T.);
#13899=ORIENTED_EDGE('',*,*,#12442,.F.);
#13900=EDGE_LOOP('',(#13895,#13897,#13898,#13899));
#13901=FACE_OUTER_BOUND('',#13900,.F.);
#13902=ADVANCED_FACE('',(#13901),#13894,.F.);
#13903=CARTESIAN_POINT('',(-5.675111591959E-1,-5.399508000428E0,1.12014E1));
#13904=DIRECTION('',(-6.290275842516E-1,7.773829804225E-1,0.E0));
#13905=DIRECTION('',(-7.773829804225E-1,-6.290275842516E-1,0.E0));
#13906=AXIS2_PLACEMENT_3D('',#13903,#13904,#13905);
#13907=PLANE('',#13906);
#13908=ORIENTED_EDGE('',*,*,#13091,.F.);
#13909=ORIENTED_EDGE('',*,*,#12422,.T.);
#13910=ORIENTED_EDGE('',*,*,#13435,.T.);
#13911=ORIENTED_EDGE('',*,*,#13896,.T.);
#13912=EDGE_LOOP('',(#13908,#13909,#13910,#13911));
#13913=FACE_OUTER_BOUND('',#13912,.F.);
#13914=ADVANCED_FACE('',(#13913),#13907,.F.);
#13915=CARTESIAN_POINT('',(-9.143005213383E-1,-5.641187668221E0,1.12014E1));
#13916=DIRECTION('',(8.388756818516E-1,5.443230570148E-1,0.E0));
#13917=DIRECTION('',(-5.443230570148E-1,8.388756818516E-1,0.E0));
#13918=AXIS2_PLACEMENT_3D('',#13915,#13916,#13917);
#13919=PLANE('',#13918);
#13920=ORIENTED_EDGE('',*,*,#13095,.F.);
#13922=ORIENTED_EDGE('',*,*,#13921,.F.);
#13923=ORIENTED_EDGE('',*,*,#13438,.T.);
#13924=ORIENTED_EDGE('',*,*,#12426,.F.);
#13925=EDGE_LOOP('',(#13920,#13922,#13923,#13924));
#13926=FACE_OUTER_BOUND('',#13925,.F.);
#13927=ADVANCED_FACE('',(#13926),#13919,.F.);
#13928=CARTESIAN_POINT('',(-1.128804547372E0,-5.310607861284E0,1.12014E1));
#13929=DIRECTION('',(-5.443230570148E-1,8.388756818516E-1,0.E0));
#13930=DIRECTION('',(-8.388756818516E-1,-5.443230570148E-1,0.E0));
#13931=AXIS2_PLACEMENT_3D('',#13928,#13929,#13930);
#13932=PLANE('',#13931);
#13933=ORIENTED_EDGE('',*,*,#13076,.F.);
#13934=ORIENTED_EDGE('',*,*,#12406,.T.);
#13935=ORIENTED_EDGE('',*,*,#13440,.T.);
#13936=ORIENTED_EDGE('',*,*,#13921,.T.);
#13937=EDGE_LOOP('',(#13933,#13934,#13935,#13936));
#13938=FACE_OUTER_BOUND('',#13937,.F.);
#13939=ADVANCED_FACE('',(#13938),#13932,.F.);
#13940=CARTESIAN_POINT('',(-1.498956565381E0,-5.514714223467E0,1.12014E1));
#13941=DIRECTION('',(8.911774857644E-1,4.536548124585E-1,0.E0));
#13942=DIRECTION('',(-4.536548124585E-1,8.911774857644E-1,0.E0));
#13943=AXIS2_PLACEMENT_3D('',#13940,#13941,#13942);
#13944=PLANE('',#13943);
#13945=ORIENTED_EDGE('',*,*,#13080,.F.);
#13947=ORIENTED_EDGE('',*,*,#13946,.F.);
#13948=ORIENTED_EDGE('',*,*,#13443,.T.);
#13949=ORIENTED_EDGE('',*,*,#12410,.F.);
#13950=EDGE_LOOP('',(#13945,#13947,#13948,#13949));
#13951=FACE_OUTER_BOUND('',#13950,.F.);
#13952=ADVANCED_FACE('',(#13951),#13944,.F.);
#13953=CARTESIAN_POINT('',(-1.677730516710E0,-5.163523591095E0,1.12014E1));
#13954=DIRECTION('',(-4.536548124585E-1,8.911774857644E-1,0.E0));
#13955=DIRECTION('',(-8.911774857644E-1,-4.536548124585E-1,0.E0));
#13956=AXIS2_PLACEMENT_3D('',#13953,#13954,#13955);
#13957=PLANE('',#13956);
#13958=ORIENTED_EDGE('',*,*,#13061,.F.);
#13959=ORIENTED_EDGE('',*,*,#12390,.T.);
#13960=ORIENTED_EDGE('',*,*,#13445,.T.);
#13961=ORIENTED_EDGE('',*,*,#13946,.T.);
#13962=EDGE_LOOP('',(#13958,#13959,#13960,#13961));
#13963=FACE_OUTER_BOUND('',#13962,.F.);
#13964=ADVANCED_FACE('',(#13963),#13957,.F.);
#13965=CARTESIAN_POINT('',(-2.067189727617E0,-5.327820415652E0,1.12014E1));
#13966=DIRECTION('',(9.337153626522E-1,3.580162308434E-1,0.E0));
#13967=DIRECTION('',(-3.580162308434E-1,9.337153626522E-1,0.E0));
#13968=AXIS2_PLACEMENT_3D('',#13965,#13966,#13967);
#13969=PLANE('',#13968);
#13970=ORIENTED_EDGE('',*,*,#13065,.F.);
#13972=ORIENTED_EDGE('',*,*,#13971,.F.);
#13973=ORIENTED_EDGE('',*,*,#13448,.T.);
#13974=ORIENTED_EDGE('',*,*,#12394,.F.);
#13975=EDGE_LOOP('',(#13970,#13972,#13973,#13974));
#13976=FACE_OUTER_BOUND('',#13975,.F.);
#13977=ADVANCED_FACE('',(#13976),#13969,.F.);
#13978=CARTESIAN_POINT('',(-2.208274919419E0,-4.959866675906E0,1.12014E1));
#13979=DIRECTION('',(-3.580162308434E-1,9.337153626522E-1,0.E0));
#13980=DIRECTION('',(-9.337153626522E-1,-3.580162308434E-1,0.E0));
#13981=AXIS2_PLACEMENT_3D('',#13978,#13979,#13980);
#13982=PLANE('',#13981);
#13983=ORIENTED_EDGE('',*,*,#13046,.F.);
#13984=ORIENTED_EDGE('',*,*,#12374,.T.);
#13985=ORIENTED_EDGE('',*,*,#13450,.T.);
#13986=ORIENTED_EDGE('',*,*,#13971,.T.);
#13987=EDGE_LOOP('',(#13983,#13984,#13985,#13986));
#13988=FACE_OUTER_BOUND('',#13987,.F.);
#13989=ADVANCED_FACE('',(#13988),#13982,.F.);
#13990=CARTESIAN_POINT('',(-2.612774326609E0,-5.082553892446E0,1.12014E1));
#13991=DIRECTION('',(9.660232586342E-1,2.584551484836E-1,0.E0));
#13992=DIRECTION('',(-2.584551484836E-1,9.660232586342E-1,0.E0));
#13993=AXIS2_PLACEMENT_3D('',#13990,#13991,#13992);
#13994=PLANE('',#13993);
#13995=ORIENTED_EDGE('',*,*,#13050,.F.);
#13997=ORIENTED_EDGE('',*,*,#13996,.F.);
#13998=ORIENTED_EDGE('',*,*,#13453,.T.);
#13999=ORIENTED_EDGE('',*,*,#12378,.F.);
#14000=EDGE_LOOP('',(#13995,#13997,#13998,#13999));
#14001=FACE_OUTER_BOUND('',#14000,.F.);
#14002=ADVANCED_FACE('',(#14001),#13994,.F.);
#14003=CARTESIAN_POINT('',(-2.714625E0,-4.701868423497E0,1.12014E1));
#14004=DIRECTION('',(-2.584551484836E-1,9.660232586342E-1,0.E0));
#14005=DIRECTION('',(-9.660232586342E-1,-2.584551484836E-1,0.E0));
#14006=AXIS2_PLACEMENT_3D('',#14003,#14004,#14005);
#14007=PLANE('',#14006);
#14008=ORIENTED_EDGE('',*,*,#13031,.F.);
#14009=ORIENTED_EDGE('',*,*,#12358,.T.);
#14010=ORIENTED_EDGE('',*,*,#13455,.T.);
#14011=ORIENTED_EDGE('',*,*,#13996,.T.);
#14012=EDGE_LOOP('',(#14008,#14009,#14010,#14011));
#14013=FACE_OUTER_BOUND('',#14012,.F.);
#14014=ADVANCED_FACE('',(#14013),#14007,.F.);
#14015=CARTESIAN_POINT('',(-3.129732823322E0,-4.781601845201E0,1.12014E1));
#14016=DIRECTION('',(9.877472016414E-1,1.560623774317E-1,0.E0));
#14017=DIRECTION('',(-1.560623774317E-1,9.877472016414E-1,0.E0));
#14018=AXIS2_PLACEMENT_3D('',#14015,#14016,#14017);
#14019=PLANE('',#14018);
#14020=ORIENTED_EDGE('',*,*,#13035,.F.);
#14022=ORIENTED_EDGE('',*,*,#14021,.F.);
#14023=ORIENTED_EDGE('',*,*,#13458,.T.);
#14024=ORIENTED_EDGE('',*,*,#12362,.F.);
#14025=EDGE_LOOP('',(#14020,#14022,#14023,#14024));
#14026=FACE_OUTER_BOUND('',#14025,.F.);
#14027=ADVANCED_FACE('',(#14026),#14019,.F.);
#14028=CARTESIAN_POINT('',(-3.191233081009E0,-4.392355516710E0,1.12014E1));
#14029=DIRECTION('',(-1.560623774317E-1,9.877472016414E-1,0.E0));
#14030=DIRECTION('',(-9.877472016414E-1,-1.560623774317E-1,0.E0));
#14031=AXIS2_PLACEMENT_3D('',#14028,#14029,#14030);
#14032=PLANE('',#14031);
#14033=ORIENTED_EDGE('',*,*,#13016,.F.);
#14034=ORIENTED_EDGE('',*,*,#12342,.T.);
#14035=ORIENTED_EDGE('',*,*,#13460,.T.);
#14036=ORIENTED_EDGE('',*,*,#14021,.T.);
#14037=EDGE_LOOP('',(#14033,#14034,#14035,#14036));
#14038=FACE_OUTER_BOUND('',#14037,.F.);
#14039=ADVANCED_FACE('',(#14038),#14032,.F.);
#14040=CARTESIAN_POINT('',(-3.612401312283E0,-4.428261567526E0,1.12014E1));
#14041=DIRECTION('',(9.986491796079E-1,5.195975431460E-2,0.E0));
#14042=DIRECTION('',(-5.195975431460E-2,9.986491796079E-1,0.E0));
#14043=AXIS2_PLACEMENT_3D('',#14040,#14041,#14042);
#14044=PLANE('',#14043);
#14045=ORIENTED_EDGE('',*,*,#13020,.F.);
#14047=ORIENTED_EDGE('',*,*,#14046,.F.);
#14048=ORIENTED_EDGE('',*,*,#13463,.T.);
#14049=ORIENTED_EDGE('',*,*,#12346,.F.);
#14050=EDGE_LOOP('',(#14045,#14047,#14048,#14049));
#14051=FACE_OUTER_BOUND('',#14050,.F.);
#14052=ADVANCED_FACE('',(#14051),#14044,.F.);
#14053=CARTESIAN_POINT('',(-3.632877344574E0,-4.034719043723E0,1.12014E1));
#14054=DIRECTION('',(-5.195975431460E-2,9.986491796079E-1,0.E0));
#14055=DIRECTION('',(-9.986491796079E-1,-5.195975431460E-2,0.E0));
#14056=AXIS2_PLACEMENT_3D('',#14053,#14054,#14055);
#14057=PLANE('',#14056);
#14058=ORIENTED_EDGE('',*,*,#13001,.F.);
#14059=ORIENTED_EDGE('',*,*,#12326,.T.);
#14060=ORIENTED_EDGE('',*,*,#13465,.T.);
#14061=ORIENTED_EDGE('',*,*,#14046,.T.);
#14062=EDGE_LOOP('',(#14058,#14059,#14060,#14061));
#14063=FACE_OUTER_BOUND('',#14062,.F.);
#14064=ADVANCED_FACE('',(#14063),#14057,.F.);
#14065=CARTESIAN_POINT('',(-4.055491576523E0,-4.026404329443E0,1.12014E1));
#14066=DIRECTION('',(9.986097481819E-1,-5.271215074409E-2,0.E0));
#14067=DIRECTION('',(5.271215074409E-2,9.986097481819E-1,0.E0));
#14068=AXIS2_PLACEMENT_3D('',#14065,#14066,#14067);
#14069=PLANE('',#14068);
#14070=ORIENTED_EDGE('',*,*,#13005,.F.);
#14072=ORIENTED_EDGE('',*,*,#14071,.F.);
#14073=ORIENTED_EDGE('',*,*,#13468,.T.);
#14074=ORIENTED_EDGE('',*,*,#12330,.F.);
#14075=EDGE_LOOP('',(#14070,#14072,#14073,#14074));
#14076=FACE_OUTER_BOUND('',#14075,.F.);
#14077=ADVANCED_FACE('',(#14076),#14069,.F.);
#14078=CARTESIAN_POINT('',(-4.034719043723E0,-3.632877344574E0,1.12014E1));
#14079=DIRECTION('',(5.271215074409E-2,9.986097481819E-1,0.E0));
#14080=DIRECTION('',(-9.986097481819E-1,5.271215074409E-2,0.E0));
#14081=AXIS2_PLACEMENT_3D('',#14078,#14079,#14080);
#14082=PLANE('',#14081);
#14083=ORIENTED_EDGE('',*,*,#12986,.F.);
#14084=ORIENTED_EDGE('',*,*,#12310,.T.);
#14085=ORIENTED_EDGE('',*,*,#13470,.T.);
#14086=ORIENTED_EDGE('',*,*,#14071,.T.);
#14087=EDGE_LOOP('',(#14083,#14084,#14085,#14086));
#14088=FACE_OUTER_BOUND('',#14087,.F.);
#14089=ADVANCED_FACE('',(#14088),#14082,.F.);
#14090=CARTESIAN_POINT('',(-4.454149026385E0,-3.580432962948E0,1.12014E1));
#14091=DIRECTION('',(9.876293393823E-1,-1.568065304485E-1,0.E0));
#14092=DIRECTION('',(1.568065304485E-1,9.876293393823E-1,0.E0));
#14093=AXIS2_PLACEMENT_3D('',#14090,#14091,#14092);
#14094=PLANE('',#14093);
#14095=ORIENTED_EDGE('',*,*,#12990,.F.);
#14097=ORIENTED_EDGE('',*,*,#14096,.F.);
#14098=ORIENTED_EDGE('',*,*,#13473,.T.);
#14099=ORIENTED_EDGE('',*,*,#12314,.F.);
#14100=EDGE_LOOP('',(#14095,#14097,#14098,#14099));
#14101=FACE_OUTER_BOUND('',#14100,.F.);
#14102=ADVANCED_FACE('',(#14101),#14094,.F.);
#14103=CARTESIAN_POINT('',(-4.392355516710E0,-3.191233081009E0,1.12014E1));
#14104=DIRECTION('',(1.568065304485E-1,9.876293393823E-1,0.E0));
#14105=DIRECTION('',(-9.876293393823E-1,1.568065304485E-1,0.E0));
#14106=AXIS2_PLACEMENT_3D('',#14103,#14104,#14105);
#14107=PLANE('',#14106);
#14108=ORIENTED_EDGE('',*,*,#12971,.F.);
#14109=ORIENTED_EDGE('',*,*,#12294,.T.);
#14110=ORIENTED_EDGE('',*,*,#13475,.T.);
#14111=ORIENTED_EDGE('',*,*,#14096,.T.);
#14112=EDGE_LOOP('',(#14108,#14109,#14110,#14111));
#14113=FACE_OUTER_BOUND('',#14112,.F.);
#14114=ADVANCED_FACE('',(#14113),#14107,.F.);
#14115=CARTESIAN_POINT('',(-4.804005887423E0,-3.095233623657E0,1.12014E1));
#14116=DIRECTION('',(9.658282568657E-1,-2.591829049914E-1,0.E0));
#14117=DIRECTION('',(2.591829049914E-1,9.658282568657E-1,0.E0));
#14118=AXIS2_PLACEMENT_3D('',#14115,#14116,#14117);
#14119=PLANE('',#14118);
#14120=ORIENTED_EDGE('',*,*,#12975,.F.);
#14122=ORIENTED_EDGE('',*,*,#14121,.F.);
#14123=ORIENTED_EDGE('',*,*,#13478,.T.);
#14124=ORIENTED_EDGE('',*,*,#12298,.F.);
#14125=EDGE_LOOP('',(#14120,#14122,#14123,#14124));
#14126=FACE_OUTER_BOUND('',#14125,.F.);
#14127=ADVANCED_FACE('',(#14126),#14119,.F.);
#14128=CARTESIAN_POINT('',(-4.701868423497E0,-2.714625E0,1.12014E1));
#14129=DIRECTION('',(2.591829049914E-1,9.658282568657E-1,0.E0));
#14130=DIRECTION('',(-9.658282568657E-1,2.591829049914E-1,0.E0));
#14131=AXIS2_PLACEMENT_3D('',#14128,#14129,#14130);
#14132=PLANE('',#14131);
#14133=ORIENTED_EDGE('',*,*,#12956,.F.);
#14134=ORIENTED_EDGE('',*,*,#12278,.T.);
#14135=ORIENTED_EDGE('',*,*,#13480,.T.);
#14136=ORIENTED_EDGE('',*,*,#14121,.T.);
#14137=EDGE_LOOP('',(#14133,#14134,#14135,#14136));
#14138=FACE_OUTER_BOUND('',#14137,.F.);
#14139=ADVANCED_FACE('',(#14138),#14132,.F.);
#14140=CARTESIAN_POINT('',(-5.101229054655E0,-2.576122257066E0,1.12014E1));
#14141=DIRECTION('',(9.334453578543E-1,-3.587196173898E-1,0.E0));
#14142=DIRECTION('',(3.587196173898E-1,9.334453578543E-1,0.E0));
#14143=AXIS2_PLACEMENT_3D('',#14140,#14141,#14142);
#14144=PLANE('',#14143);
#14145=ORIENTED_EDGE('',*,*,#12960,.F.);
#14147=ORIENTED_EDGE('',*,*,#14146,.F.);
#14148=ORIENTED_EDGE('',*,*,#13483,.T.);
#14149=ORIENTED_EDGE('',*,*,#12282,.F.);
#14150=EDGE_LOOP('',(#14145,#14147,#14148,#14149));
#14151=FACE_OUTER_BOUND('',#14150,.F.);
#14152=ADVANCED_FACE('',(#14151),#14144,.F.);
#14153=CARTESIAN_POINT('',(-4.959866675906E0,-2.208274919419E0,1.12014E1));
#14154=DIRECTION('',(3.587196173898E-1,9.334453578543E-1,0.E0));
#14155=DIRECTION('',(-9.334453578543E-1,3.587196173898E-1,0.E0));
#14156=AXIS2_PLACEMENT_3D('',#14153,#14154,#14155);
#14157=PLANE('',#14156);
#14158=ORIENTED_EDGE('',*,*,#12941,.F.);
#14159=ORIENTED_EDGE('',*,*,#12262,.T.);
#14160=ORIENTED_EDGE('',*,*,#13485,.T.);
#14161=ORIENTED_EDGE('',*,*,#14146,.T.);
#14162=EDGE_LOOP('',(#14158,#14159,#14160,#14161));
#14163=FACE_OUTER_BOUND('',#14162,.F.);
#14164=ADVANCED_FACE('',(#14163),#14157,.F.);
#14165=CARTESIAN_POINT('',(-5.342562088864E0,-2.028786355938E0,1.12014E1));
#14166=DIRECTION('',(8.908354361662E-1,-4.543261225931E-1,0.E0));
#14167=DIRECTION('',(4.543261225931E-1,8.908354361662E-1,0.E0));
#14168=AXIS2_PLACEMENT_3D('',#14165,#14166,#14167);
#14169=PLANE('',#14168);
#14170=ORIENTED_EDGE('',*,*,#12945,.F.);
#14172=ORIENTED_EDGE('',*,*,#14171,.F.);
#14173=ORIENTED_EDGE('',*,*,#13488,.T.);
#14174=ORIENTED_EDGE('',*,*,#12266,.F.);
#14175=EDGE_LOOP('',(#14170,#14172,#14173,#14174));
#14176=FACE_OUTER_BOUND('',#14175,.F.);
#14177=ADVANCED_FACE('',(#14176),#14169,.F.);
#14178=CARTESIAN_POINT('',(-5.163523591095E0,-1.677730516710E0,1.12014E1));
#14179=DIRECTION('',(4.543261225931E-1,8.908354361662E-1,0.E0));
#14180=DIRECTION('',(-8.908354361662E-1,4.543261225931E-1,0.E0));
#14181=AXIS2_PLACEMENT_3D('',#14178,#14179,#14180);
#14182=PLANE('',#14181);
#14183=ORIENTED_EDGE('',*,*,#12926,.F.);
#14184=ORIENTED_EDGE('',*,*,#12246,.T.);
#14185=ORIENTED_EDGE('',*,*,#13490,.T.);
#14186=ORIENTED_EDGE('',*,*,#14171,.T.);
#14187=EDGE_LOOP('',(#14183,#14184,#14185,#14186));
#14188=FACE_OUTER_BOUND('',#14187,.F.);
#14189=ADVANCED_FACE('',(#14188),#14182,.F.);
#14190=CARTESIAN_POINT('',(-5.525360894824E0,-1.459222646944E0,1.12014E1));
#14191=DIRECTION('',(8.384653350203E-1,-5.449549357234E-1,0.E0));
#14192=DIRECTION('',(5.449549357234E-1,8.384653350203E-1,0.E0));
#14193=AXIS2_PLACEMENT_3D('',#14190,#14191,#14192);
#14194=PLANE('',#14193);
#14195=ORIENTED_EDGE('',*,*,#12930,.F.);
#14197=ORIENTED_EDGE('',*,*,#14196,.F.);
#14198=ORIENTED_EDGE('',*,*,#13493,.T.);
#14199=ORIENTED_EDGE('',*,*,#12250,.F.);
#14200=EDGE_LOOP('',(#14195,#14197,#14198,#14199));
#14201=FACE_OUTER_BOUND('',#14200,.F.);
#14202=ADVANCED_FACE('',(#14201),#14194,.F.);
#14203=CARTESIAN_POINT('',(-5.310607861284E0,-1.128804547372E0,1.12014E1));
#14204=DIRECTION('',(5.449549357234E-1,8.384653350203E-1,0.E0));
#14205=DIRECTION('',(-8.384653350203E-1,5.449549357234E-1,0.E0));
#14206=AXIS2_PLACEMENT_3D('',#14203,#14204,#14205);
#14207=PLANE('',#14206);
#14208=ORIENTED_EDGE('',*,*,#12911,.F.);
#14209=ORIENTED_EDGE('',*,*,#12230,.T.);
#14210=ORIENTED_EDGE('',*,*,#13495,.T.);
#14211=ORIENTED_EDGE('',*,*,#14196,.T.);
#14212=EDGE_LOOP('',(#14208,#14209,#14210,#14211));
#14213=FACE_OUTER_BOUND('',#14212,.F.);
#14214=ADVANCED_FACE('',(#14213),#14207,.F.);
#14215=CARTESIAN_POINT('',(-5.647622690565E0,-8.736713892678E-1,1.12014E1));
#14216=DIRECTION('',(7.769088322037E-1,-6.296131085388E-1,0.E0));
#14217=DIRECTION('',(6.296131085388E-1,7.769088322037E-1,0.E0));
#14218=AXIS2_PLACEMENT_3D('',#14215,#14216,#14217);
#14219=PLANE('',#14218);
#14220=ORIENTED_EDGE('',*,*,#12915,.F.);
#14221=ORIENTED_EDGE('',*,*,#13350,.F.);
#14222=ORIENTED_EDGE('',*,*,#13498,.T.);
#14223=ORIENTED_EDGE('',*,*,#12234,.F.);
#14224=EDGE_LOOP('',(#14220,#14221,#14222,#14223));
#14225=FACE_OUTER_BOUND('',#14224,.F.);
#14226=ADVANCED_FACE('',(#14225),#14219,.F.);
#14227=CARTESIAN_POINT('',(0.E0,0.E0,1.12014E1));
#14228=DIRECTION('',(0.E0,0.E0,1.E0));
#14229=DIRECTION('',(1.E0,0.E0,0.E0));
#14230=AXIS2_PLACEMENT_3D('',#14227,#14228,#14229);
#14231=PLANE('',#14230);
#14232=ORIENTED_EDGE('',*,*,#13504,.F.);
#14233=ORIENTED_EDGE('',*,*,#12858,.F.);
#14234=EDGE_LOOP('',(#14232,#14233));
#14235=FACE_OUTER_BOUND('',#14234,.F.);
#14237=ORIENTED_EDGE('',*,*,#14236,.F.);
#14239=ORIENTED_EDGE('',*,*,#14238,.F.);
#14240=EDGE_LOOP('',(#14237,#14239));
#14241=FACE_BOUND('',#14240,.F.);
#14242=ADVANCED_FACE('',(#14235,#14241),#14231,.T.);
#14243=CARTESIAN_POINT('',(0.E0,0.E0,1.105841001092E1));
#14244=DIRECTION('',(0.E0,0.E0,1.E0));
#14245=DIRECTION('',(-1.E0,0.E0,0.E0));
#14246=AXIS2_PLACEMENT_3D('',#14243,#14244,#14245);
#14247=CONICAL_SURFACE('',#14246,3.571760010925E0,4.5E1);
#14249=ORIENTED_EDGE('',*,*,#14248,.F.);
#14250=ORIENTED_EDGE('',*,*,#14236,.T.);
#14252=ORIENTED_EDGE('',*,*,#14251,.F.);
#14254=ORIENTED_EDGE('',*,*,#14253,.F.);
#14255=EDGE_LOOP('',(#14249,#14250,#14252,#14254));
#14256=FACE_OUTER_BOUND('',#14255,.F.);
#14257=ADVANCED_FACE('',(#14256),#14247,.F.);
#14258=CARTESIAN_POINT('',(0.E0,0.E0,1.105841706936E1));
#14259=DIRECTION('',(0.E0,0.E0,1.E0));
#14260=DIRECTION('',(1.E0,0.E0,0.E0));
#14261=AXIS2_PLACEMENT_3D('',#14258,#14259,#14260);
#14262=CONICAL_SURFACE('',#14261,3.571767069363E0,4.5E1);
#14263=ORIENTED_EDGE('',*,*,#14248,.T.);
#14265=ORIENTED_EDGE('',*,*,#14264,.T.);
#14266=ORIENTED_EDGE('',*,*,#14251,.T.);
#14267=ORIENTED_EDGE('',*,*,#14238,.T.);
#14268=EDGE_LOOP('',(#14263,#14265,#14266,#14267));
#14269=FACE_OUTER_BOUND('',#14268,.F.);
#14270=ADVANCED_FACE('',(#14269),#14262,.F.);
#14271=CARTESIAN_POINT('',(0.E0,0.E0,1.07442E1));
#14272=DIRECTION('',(0.E0,0.E0,-1.E0));
#14273=DIRECTION('',(-1.E0,0.E0,0.E0));
#14274=AXIS2_PLACEMENT_3D('',#14271,#14272,#14273);
#14275=CYLINDRICAL_SURFACE('',#14274,3.429E0);
#14277=ORIENTED_EDGE('',*,*,#14276,.T.);
#14279=ORIENTED_EDGE('',*,*,#14278,.T.);
#14281=ORIENTED_EDGE('',*,*,#14280,.T.);
#14283=ORIENTED_EDGE('',*,*,#14282,.F.);
#14285=ORIENTED_EDGE('',*,*,#14284,.F.);
#14287=ORIENTED_EDGE('',*,*,#14286,.T.);
#14289=ORIENTED_EDGE('',*,*,#14288,.T.);
#14291=ORIENTED_EDGE('',*,*,#14290,.T.);
#14292=ORIENTED_EDGE('',*,*,#14264,.F.);
#14293=EDGE_LOOP('',(#14277,#14279,#14281,#14283,#14285,#14287,#14289,#14291,
#14292));
#14294=FACE_OUTER_BOUND('',#14293,.F.);
#14295=ADVANCED_FACE('',(#14294),#14275,.F.);
#14296=CARTESIAN_POINT('',(0.E0,0.E0,1.07442E1));
#14297=DIRECTION('',(0.E0,0.E0,-1.E0));
#14298=DIRECTION('',(1.E0,0.E0,0.E0));
#14299=AXIS2_PLACEMENT_3D('',#14296,#14297,#14298);
#14300=CYLINDRICAL_SURFACE('',#14299,3.429E0);
#14301=ORIENTED_EDGE('',*,*,#14276,.F.);
#14302=ORIENTED_EDGE('',*,*,#14253,.T.);
#14303=ORIENTED_EDGE('',*,*,#14290,.F.);
#14305=ORIENTED_EDGE('',*,*,#14304,.T.);
#14307=ORIENTED_EDGE('',*,*,#14306,.T.);
#14309=ORIENTED_EDGE('',*,*,#14308,.T.);
#14311=ORIENTED_EDGE('',*,*,#14310,.T.);
#14313=ORIENTED_EDGE('',*,*,#14312,.T.);
#14315=ORIENTED_EDGE('',*,*,#14314,.T.);
#14316=EDGE_LOOP('',(#14301,#14302,#14303,#14305,#14307,#14309,#14311,#14313,
#14315));
#14317=FACE_OUTER_BOUND('',#14316,.F.);
#14318=ADVANCED_FACE('',(#14317),#14300,.F.);
#14319=CARTESIAN_POINT('',(-1.869631737276E0,0.E0,1.057275E1));
#14320=DIRECTION('',(0.E0,0.E0,1.E0));
#14321=DIRECTION('',(1.E0,0.E0,0.E0));
#14322=AXIS2_PLACEMENT_3D('',#14319,#14320,#14321);
#14323=PLANE('',#14322);
#14325=ORIENTED_EDGE('',*,*,#14324,.F.);
#14327=ORIENTED_EDGE('',*,*,#14326,.F.);
#14329=ORIENTED_EDGE('',*,*,#14328,.T.);
#14331=ORIENTED_EDGE('',*,*,#14330,.F.);
#14333=ORIENTED_EDGE('',*,*,#14332,.F.);
#14335=ORIENTED_EDGE('',*,*,#14334,.F.);
#14336=ORIENTED_EDGE('',*,*,#14304,.F.);
#14337=ORIENTED_EDGE('',*,*,#14288,.F.);
#14339=ORIENTED_EDGE('',*,*,#14338,.T.);
#14340=EDGE_LOOP('',(#14325,#14327,#14329,#14331,#14333,#14335,#14336,#14337,
#14339));
#14341=FACE_OUTER_BOUND('',#14340,.F.);
#14342=ADVANCED_FACE('',(#14341),#14323,.T.);
#14343=CARTESIAN_POINT('',(-7.14375E-1,7.14375E-1,1.057275E1));
#14344=DIRECTION('',(0.E0,0.E0,1.E0));
#14345=DIRECTION('',(1.E0,0.E0,0.E0));
#14346=AXIS2_PLACEMENT_3D('',#14343,#14344,#14345);
#14347=CYLINDRICAL_SURFACE('',#14346,4.28625E-1);
#14349=ORIENTED_EDGE('',*,*,#14348,.T.);
#14351=ORIENTED_EDGE('',*,*,#14350,.T.);
#14353=ORIENTED_EDGE('',*,*,#14352,.T.);
#14355=ORIENTED_EDGE('',*,*,#14354,.T.);
#14357=ORIENTED_EDGE('',*,*,#14356,.T.);
#14358=ORIENTED_EDGE('',*,*,#14324,.T.);
#14359=EDGE_LOOP('',(#14349,#14351,#14353,#14355,#14357,#14358));
#14360=FACE_OUTER_BOUND('',#14359,.F.);
#14361=ADVANCED_FACE('',(#14360),#14347,.T.);
#14362=CARTESIAN_POINT('',(-1.845651535297E0,5.715E-1,1.1001375E1));
#14363=DIRECTION('',(0.E0,1.E0,0.E0));
#14364=DIRECTION('',(0.E0,0.E0,-1.E0));
#14365=AXIS2_PLACEMENT_3D('',#14362,#14363,#14364);
#14366=PLANE('',#14365);
#14367=ORIENTED_EDGE('',*,*,#14348,.F.);
#14368=ORIENTED_EDGE('',*,*,#14338,.F.);
#14369=ORIENTED_EDGE('',*,*,#14286,.F.);
#14371=ORIENTED_EDGE('',*,*,#14370,.T.);
#14373=ORIENTED_EDGE('',*,*,#14372,.F.);
#14374=EDGE_LOOP('',(#14367,#14368,#14369,#14371,#14373));
#14375=FACE_OUTER_BOUND('',#14374,.F.);
#14376=ADVANCED_FACE('',(#14375),#14366,.F.);
#14377=CARTESIAN_POINT('',(0.E0,2.952740957371E-14,1.114428755169E1));
#14378=DIRECTION('',(0.E0,1.204441426540E-13,-1.E0));
#14379=DIRECTION('',(9.860132971833E-1,-1.666666666667E-1,-1.087973787440E-14));
#14380=AXIS2_PLACEMENT_3D('',#14377,#14378,#14379);
#14381=CONICAL_SURFACE('',#14380,3.286106224154E0,2.656505117708E1);
#14383=ORIENTED_EDGE('',*,*,#14382,.F.);
#14385=ORIENTED_EDGE('',*,*,#14384,.T.);
#14386=ORIENTED_EDGE('',*,*,#14370,.F.);
#14387=ORIENTED_EDGE('',*,*,#14284,.T.);
#14388=EDGE_LOOP('',(#14383,#14385,#14386,#14387));
#14389=FACE_OUTER_BOUND('',#14388,.F.);
#14390=ADVANCED_FACE('',(#14389),#14381,.T.);
#14391=CARTESIAN_POINT('',(-5.417779672849E-14,0.E0,1.114428040654E1));
#14392=DIRECTION('',(-3.574471330377E-14,1.072341399113E-13,-1.E0));
#14393=DIRECTION('',(-7.627786160110E-1,-6.466597118704E-1,
-4.207869507417E-14));
#14394=AXIS2_PLACEMENT_3D('',#14391,#14392,#14393);
#14395=CONICAL_SURFACE('',#14394,3.286109796728E0,2.656505117708E1);
#14396=ORIENTED_EDGE('',*,*,#14382,.T.);
#14397=ORIENTED_EDGE('',*,*,#14282,.T.);
#14399=ORIENTED_EDGE('',*,*,#14398,.T.);
#14401=ORIENTED_EDGE('',*,*,#14400,.T.);
#14402=EDGE_LOOP('',(#14396,#14397,#14399,#14401));
#14403=FACE_OUTER_BOUND('',#14402,.F.);
#14404=ADVANCED_FACE('',(#14403),#14395,.T.);
#14405=CARTESIAN_POINT('',(1.845651535297E0,5.715E-1,1.1001375E1));
#14406=DIRECTION('',(0.E0,1.E0,0.E0));
#14407=DIRECTION('',(0.E0,0.E0,-1.E0));
#14408=AXIS2_PLACEMENT_3D('',#14405,#14406,#14407);
#14409=PLANE('',#14408);
#14411=ORIENTED_EDGE('',*,*,#14410,.F.);
#14413=ORIENTED_EDGE('',*,*,#14412,.F.);
#14414=ORIENTED_EDGE('',*,*,#14398,.F.);
#14415=ORIENTED_EDGE('',*,*,#14280,.F.);
#14417=ORIENTED_EDGE('',*,*,#14416,.T.);
#14418=EDGE_LOOP('',(#14411,#14413,#14414,#14415,#14417));
#14419=FACE_OUTER_BOUND('',#14418,.F.);
#14420=ADVANCED_FACE('',(#14419),#14409,.F.);
#14421=CARTESIAN_POINT('',(7.14375E-1,7.14375E-1,1.057275E1));
#14422=DIRECTION('',(0.E0,0.E0,1.E0));
#14423=DIRECTION('',(0.E0,-1.E0,0.E0));
#14424=AXIS2_PLACEMENT_3D('',#14421,#14422,#14423);
#14425=CYLINDRICAL_SURFACE('',#14424,4.28625E-1);
#14426=ORIENTED_EDGE('',*,*,#14410,.T.);
#14428=ORIENTED_EDGE('',*,*,#14427,.T.);
#14430=ORIENTED_EDGE('',*,*,#14429,.T.);
#14432=ORIENTED_EDGE('',*,*,#14431,.T.);
#14434=ORIENTED_EDGE('',*,*,#14433,.T.);
#14436=ORIENTED_EDGE('',*,*,#14435,.T.);
#14437=EDGE_LOOP('',(#14426,#14428,#14430,#14432,#14434,#14436));
#14438=FACE_OUTER_BOUND('',#14437,.F.);
#14439=ADVANCED_FACE('',(#14438),#14425,.T.);
#14440=CARTESIAN_POINT('',(1.869631737276E0,0.E0,1.057275E1));
#14441=DIRECTION('',(0.E0,0.E0,1.E0));
#14442=DIRECTION('',(1.E0,0.E0,0.E0));
#14443=AXIS2_PLACEMENT_3D('',#14440,#14441,#14442);
#14444=PLANE('',#14443);
#14445=ORIENTED_EDGE('',*,*,#14427,.F.);
#14446=ORIENTED_EDGE('',*,*,#14416,.F.);
#14447=ORIENTED_EDGE('',*,*,#14278,.F.);
#14448=ORIENTED_EDGE('',*,*,#14314,.F.);
#14450=ORIENTED_EDGE('',*,*,#14449,.F.);
#14452=ORIENTED_EDGE('',*,*,#14451,.F.);
#14454=ORIENTED_EDGE('',*,*,#14453,.F.);
#14456=ORIENTED_EDGE('',*,*,#14455,.T.);
#14458=ORIENTED_EDGE('',*,*,#14457,.F.);
#14459=EDGE_LOOP('',(#14445,#14446,#14447,#14448,#14450,#14452,#14454,#14456,
#14458));
#14460=FACE_OUTER_BOUND('',#14459,.F.);
#14461=ADVANCED_FACE('',(#14460),#14444,.T.);
#14462=CARTESIAN_POINT('',(1.845651535297E0,-5.715E-1,1.1001375E1));
#14463=DIRECTION('',(0.E0,1.E0,0.E0));
#14464=DIRECTION('',(0.E0,0.E0,1.E0));
#14465=AXIS2_PLACEMENT_3D('',#14462,#14463,#14464);
#14466=PLANE('',#14465);
#14468=ORIENTED_EDGE('',*,*,#14467,.F.);
#14469=ORIENTED_EDGE('',*,*,#14449,.T.);
#14470=ORIENTED_EDGE('',*,*,#14312,.F.);
#14472=ORIENTED_EDGE('',*,*,#14471,.F.);
#14474=ORIENTED_EDGE('',*,*,#14473,.T.);
#14475=EDGE_LOOP('',(#14468,#14469,#14470,#14472,#14474));
#14476=FACE_OUTER_BOUND('',#14475,.F.);
#14477=ADVANCED_FACE('',(#14476),#14466,.T.);
#14478=CARTESIAN_POINT('',(7.14375E-1,-7.14375E-1,1.057275E1));
#14479=DIRECTION('',(0.E0,0.E0,1.E0));
#14480=DIRECTION('',(-1.E0,0.E0,0.E0));
#14481=AXIS2_PLACEMENT_3D('',#14478,#14479,#14480);
#14482=CYLINDRICAL_SURFACE('',#14481,4.28625E-1);
#14483=ORIENTED_EDGE('',*,*,#14451,.T.);
#14484=ORIENTED_EDGE('',*,*,#14467,.T.);
#14486=ORIENTED_EDGE('',*,*,#14485,.T.);
#14488=ORIENTED_EDGE('',*,*,#14487,.T.);
#14490=ORIENTED_EDGE('',*,*,#14489,.T.);
#14492=ORIENTED_EDGE('',*,*,#14491,.T.);
#14493=EDGE_LOOP('',(#14483,#14484,#14486,#14488,#14490,#14492));
#14494=FACE_OUTER_BOUND('',#14493,.F.);
#14495=ADVANCED_FACE('',(#14494),#14482,.T.);
#14496=CARTESIAN_POINT('',(0.E0,-1.857610157612E0,1.143E1));
#14497=DIRECTION('',(0.E0,0.E0,1.E0));
#14498=DIRECTION('',(1.E0,0.E0,0.E0));
#14499=AXIS2_PLACEMENT_3D('',#14496,#14497,#14498);
#14500=PLANE('',#14499);
#14501=ORIENTED_EDGE('',*,*,#14485,.F.);
#14502=ORIENTED_EDGE('',*,*,#14473,.F.);
#14504=ORIENTED_EDGE('',*,*,#14503,.F.);
#14506=ORIENTED_EDGE('',*,*,#14505,.F.);
#14508=ORIENTED_EDGE('',*,*,#14507,.F.);
#14510=ORIENTED_EDGE('',*,*,#14509,.F.);
#14512=ORIENTED_EDGE('',*,*,#14511,.F.);
#14514=ORIENTED_EDGE('',*,*,#14513,.T.);
#14516=ORIENTED_EDGE('',*,*,#14515,.F.);
#14517=EDGE_LOOP('',(#14501,#14502,#14504,#14506,#14508,#14510,#14512,#14514,
#14516));
#14518=FACE_OUTER_BOUND('',#14517,.F.);
#14520=ORIENTED_EDGE('',*,*,#14519,.T.);
#14522=ORIENTED_EDGE('',*,*,#14521,.F.);
#14523=EDGE_LOOP('',(#14520,#14522));
#14524=FACE_BOUND('',#14523,.F.);
#14526=ORIENTED_EDGE('',*,*,#14525,.F.);
#14528=ORIENTED_EDGE('',*,*,#14527,.F.);
#14529=EDGE_LOOP('',(#14526,#14528));
#14530=FACE_BOUND('',#14529,.F.);
#14531=ADVANCED_FACE('',(#14518,#14524,#14530),#14500,.T.);
#14532=CARTESIAN_POINT('',(0.E0,-2.974966193544E-14,1.114428582677E1));
#14533=DIRECTION('',(-1.010176680324E-14,-1.204441426540E-13,-1.E0));
#14534=DIRECTION('',(-9.860132971833E-1,1.666666666667E-1,-1.011354738263E-14));
#14535=AXIS2_PLACEMENT_3D('',#14532,#14533,#14534);
#14536=CONICAL_SURFACE('',#14535,3.286107086615E0,2.656505117708E1);
#14538=ORIENTED_EDGE('',*,*,#14537,.T.);
#14539=ORIENTED_EDGE('',*,*,#14503,.T.);
#14540=ORIENTED_EDGE('',*,*,#14471,.T.);
#14541=ORIENTED_EDGE('',*,*,#14310,.F.);
#14542=EDGE_LOOP('',(#14538,#14539,#14540,#14541));
#14543=FACE_OUTER_BOUND('',#14542,.F.);
#14544=ADVANCED_FACE('',(#14543),#14536,.T.);
#14545=CARTESIAN_POINT('',(5.995105096726E-14,0.E0,1.114428040654E1));
#14546=DIRECTION('',(3.263647736431E-14,-1.060685514340E-13,-1.E0));
#14547=DIRECTION('',(7.627786160110E-1,6.466597118704E-1,-4.369585187340E-14));
#14548=AXIS2_PLACEMENT_3D('',#14545,#14546,#14547);
#14549=CONICAL_SURFACE('',#14548,3.286109796728E0,2.656505117708E1);
#14550=ORIENTED_EDGE('',*,*,#14537,.F.);
#14551=ORIENTED_EDGE('',*,*,#14308,.F.);
#14553=ORIENTED_EDGE('',*,*,#14552,.F.);
#14554=ORIENTED_EDGE('',*,*,#14505,.T.);
#14555=EDGE_LOOP('',(#14550,#14551,#14553,#14554));
#14556=FACE_OUTER_BOUND('',#14555,.F.);
#14557=ADVANCED_FACE('',(#14556),#14549,.T.);
#14558=CARTESIAN_POINT('',(-1.845651535297E0,-5.715E-1,1.1001375E1));
#14559=DIRECTION('',(0.E0,1.E0,0.E0));
#14560=DIRECTION('',(0.E0,0.E0,1.E0));
#14561=AXIS2_PLACEMENT_3D('',#14558,#14559,#14560);
#14562=PLANE('',#14561);
#14564=ORIENTED_EDGE('',*,*,#14563,.F.);
#14565=ORIENTED_EDGE('',*,*,#14507,.T.);
#14566=ORIENTED_EDGE('',*,*,#14552,.T.);
#14567=ORIENTED_EDGE('',*,*,#14306,.F.);
#14568=ORIENTED_EDGE('',*,*,#14334,.T.);
#14569=EDGE_LOOP('',(#14564,#14565,#14566,#14567,#14568));
#14570=FACE_OUTER_BOUND('',#14569,.F.);
#14571=ADVANCED_FACE('',(#14570),#14562,.T.);
#14572=CARTESIAN_POINT('',(-7.14375E-1,-7.14375E-1,1.057275E1));
#14573=DIRECTION('',(0.E0,0.E0,1.E0));
#14574=DIRECTION('',(0.E0,1.E0,0.E0));
#14575=AXIS2_PLACEMENT_3D('',#14572,#14573,#14574);
#14576=CYLINDRICAL_SURFACE('',#14575,4.28625E-1);
#14577=ORIENTED_EDGE('',*,*,#14332,.T.);
#14579=ORIENTED_EDGE('',*,*,#14578,.T.);
#14581=ORIENTED_EDGE('',*,*,#14580,.T.);
#14583=ORIENTED_EDGE('',*,*,#14582,.T.);
#14584=ORIENTED_EDGE('',*,*,#14509,.T.);
#14585=ORIENTED_EDGE('',*,*,#14563,.T.);
#14586=EDGE_LOOP('',(#14577,#14579,#14581,#14583,#14584,#14585));
#14587=FACE_OUTER_BOUND('',#14586,.F.);
#14588=ADVANCED_FACE('',(#14587),#14576,.T.);
#14589=CARTESIAN_POINT('',(-1.2144375E0,-2.8575E-1,1.0144125E1));
#14590=DIRECTION('',(0.E0,1.E0,0.E0));
#14591=DIRECTION('',(0.E0,0.E0,-1.E0));
#14592=AXIS2_PLACEMENT_3D('',#14589,#14590,#14591);
#14593=PLANE('',#14592);
#14594=ORIENTED_EDGE('',*,*,#14578,.F.);
#14595=ORIENTED_EDGE('',*,*,#14330,.T.);
#14597=ORIENTED_EDGE('',*,*,#14596,.T.);
#14599=ORIENTED_EDGE('',*,*,#14598,.T.);
#14600=EDGE_LOOP('',(#14594,#14595,#14597,#14599));
#14601=FACE_OUTER_BOUND('',#14600,.F.);
#14602=ADVANCED_FACE('',(#14601),#14593,.T.);
#14603=CARTESIAN_POINT('',(-1.7145E0,0.E0,1.0144125E1));
#14604=DIRECTION('',(1.E0,0.E0,0.E0));
#14605=DIRECTION('',(0.E0,0.E0,-1.E0));
#14606=AXIS2_PLACEMENT_3D('',#14603,#14604,#14605);
#14607=PLANE('',#14606);
#14608=ORIENTED_EDGE('',*,*,#14596,.F.);
#14609=ORIENTED_EDGE('',*,*,#14328,.F.);
#14611=ORIENTED_EDGE('',*,*,#14610,.T.);
#14613=ORIENTED_EDGE('',*,*,#14612,.F.);
#14614=EDGE_LOOP('',(#14608,#14609,#14611,#14613));
#14615=FACE_OUTER_BOUND('',#14614,.F.);
#14616=ADVANCED_FACE('',(#14615),#14607,.T.);
#14617=CARTESIAN_POINT('',(-1.2144375E0,2.8575E-1,1.0144125E1));
#14618=DIRECTION('',(0.E0,1.E0,0.E0));
#14619=DIRECTION('',(0.E0,0.E0,1.E0));
#14620=AXIS2_PLACEMENT_3D('',#14617,#14618,#14619);
#14621=PLANE('',#14620);
#14622=ORIENTED_EDGE('',*,*,#14356,.F.);
#14624=ORIENTED_EDGE('',*,*,#14623,.T.);
#14625=ORIENTED_EDGE('',*,*,#14610,.F.);
#14626=ORIENTED_EDGE('',*,*,#14326,.T.);
#14627=EDGE_LOOP('',(#14622,#14624,#14625,#14626));
#14628=FACE_OUTER_BOUND('',#14627,.F.);
#14629=ADVANCED_FACE('',(#14628),#14621,.F.);
#14630=CARTESIAN_POINT('',(0.E0,0.E0,9.7155E0));
#14631=DIRECTION('',(0.E0,0.E0,1.E0));
#14632=DIRECTION('',(1.E0,0.E0,0.E0));
#14633=AXIS2_PLACEMENT_3D('',#14630,#14631,#14632);
#14634=PLANE('',#14633);
#14636=ORIENTED_EDGE('',*,*,#14635,.F.);
#14638=ORIENTED_EDGE('',*,*,#14637,.T.);
#14640=ORIENTED_EDGE('',*,*,#14639,.F.);
#14641=ORIENTED_EDGE('',*,*,#14580,.F.);
#14642=ORIENTED_EDGE('',*,*,#14598,.F.);
#14643=ORIENTED_EDGE('',*,*,#14612,.T.);
#14644=ORIENTED_EDGE('',*,*,#14623,.F.);
#14645=ORIENTED_EDGE('',*,*,#14354,.F.);
#14647=ORIENTED_EDGE('',*,*,#14646,.F.);
#14649=ORIENTED_EDGE('',*,*,#14648,.T.);
#14651=ORIENTED_EDGE('',*,*,#14650,.F.);
#14652=ORIENTED_EDGE('',*,*,#14431,.F.);
#14654=ORIENTED_EDGE('',*,*,#14653,.F.);
#14656=ORIENTED_EDGE('',*,*,#14655,.T.);
#14658=ORIENTED_EDGE('',*,*,#14657,.F.);
#14659=ORIENTED_EDGE('',*,*,#14489,.F.);
#14660=EDGE_LOOP('',(#14636,#14638,#14640,#14641,#14642,#14643,#14644,#14645,
#14647,#14649,#14651,#14652,#14654,#14656,#14658,#14659));
#14661=FACE_OUTER_BOUND('',#14660,.F.);
#14662=ADVANCED_FACE('',(#14661),#14634,.T.);
#14663=CARTESIAN_POINT('',(2.8575E-1,-1.2144375E0,1.057275E1));
#14664=DIRECTION('',(1.E0,0.E0,0.E0));
#14665=DIRECTION('',(0.E0,0.E0,1.E0));
#14666=AXIS2_PLACEMENT_3D('',#14663,#14664,#14665);
#14667=PLANE('',#14666);
#14669=ORIENTED_EDGE('',*,*,#14668,.F.);
#14670=ORIENTED_EDGE('',*,*,#14635,.T.);
#14671=ORIENTED_EDGE('',*,*,#14487,.F.);
#14672=ORIENTED_EDGE('',*,*,#14515,.T.);
#14673=EDGE_LOOP('',(#14669,#14670,#14671,#14672));
#14674=FACE_OUTER_BOUND('',#14673,.F.);
#14675=ADVANCED_FACE('',(#14674),#14667,.F.);
#14676=CARTESIAN_POINT('',(0.E0,-1.7145E0,1.057275E1));
#14677=DIRECTION('',(0.E0,1.E0,0.E0));
#14678=DIRECTION('',(0.E0,0.E0,-1.E0));
#14679=AXIS2_PLACEMENT_3D('',#14676,#14677,#14678);
#14680=PLANE('',#14679);
#14681=ORIENTED_EDGE('',*,*,#14668,.T.);
#14682=ORIENTED_EDGE('',*,*,#14513,.F.);
#14684=ORIENTED_EDGE('',*,*,#14683,.T.);
#14685=ORIENTED_EDGE('',*,*,#14637,.F.);
#14686=EDGE_LOOP('',(#14681,#14682,#14684,#14685));
#14687=FACE_OUTER_BOUND('',#14686,.F.);
#14688=ADVANCED_FACE('',(#14687),#14680,.T.);
#14689=CARTESIAN_POINT('',(-2.8575E-1,-1.2144375E0,1.057275E1));
#14690=DIRECTION('',(1.E0,0.E0,0.E0));
#14691=DIRECTION('',(0.E0,0.E0,-1.E0));
#14692=AXIS2_PLACEMENT_3D('',#14689,#14690,#14691);
#14693=PLANE('',#14692);
#14694=ORIENTED_EDGE('',*,*,#14683,.F.);
#14695=ORIENTED_EDGE('',*,*,#14511,.T.);
#14696=ORIENTED_EDGE('',*,*,#14582,.F.);
#14697=ORIENTED_EDGE('',*,*,#14639,.T.);
#14698=EDGE_LOOP('',(#14694,#14695,#14696,#14697));
#14699=FACE_OUTER_BOUND('',#14698,.F.);
#14700=ADVANCED_FACE('',(#14699),#14693,.T.);
#14701=CARTESIAN_POINT('',(-2.8575E-1,1.2144375E0,1.057275E1));
#14702=DIRECTION('',(1.E0,0.E0,0.E0));
#14703=DIRECTION('',(0.E0,0.E0,-1.E0));
#14704=AXIS2_PLACEMENT_3D('',#14701,#14702,#14703);
#14705=PLANE('',#14704);
#14706=ORIENTED_EDGE('',*,*,#14352,.F.);
#14708=ORIENTED_EDGE('',*,*,#14707,.T.);
#14710=ORIENTED_EDGE('',*,*,#14709,.T.);
#14711=ORIENTED_EDGE('',*,*,#14646,.T.);
#14712=EDGE_LOOP('',(#14706,#14708,#14710,#14711));
#14713=FACE_OUTER_BOUND('',#14712,.F.);
#14714=ADVANCED_FACE('',(#14713),#14705,.T.);
#14715=CARTESIAN_POINT('',(0.E0,1.857610157612E0,1.143E1));
#14716=DIRECTION('',(0.E0,0.E0,1.E0));
#14717=DIRECTION('',(1.E0,0.E0,0.E0));
#14718=AXIS2_PLACEMENT_3D('',#14715,#14716,#14717);
#14719=PLANE('',#14718);
#14720=ORIENTED_EDGE('',*,*,#14435,.F.);
#14722=ORIENTED_EDGE('',*,*,#14721,.F.);
#14724=ORIENTED_EDGE('',*,*,#14723,.T.);
#14725=ORIENTED_EDGE('',*,*,#14707,.F.);
#14726=ORIENTED_EDGE('',*,*,#14350,.F.);
#14727=ORIENTED_EDGE('',*,*,#14372,.T.);
#14728=ORIENTED_EDGE('',*,*,#14384,.F.);
#14729=ORIENTED_EDGE('',*,*,#14400,.F.);
#14730=ORIENTED_EDGE('',*,*,#14412,.T.);
#14731=EDGE_LOOP('',(#14720,#14722,#14724,#14725,#14726,#14727,#14728,#14729,
#14730));
#14732=FACE_OUTER_BOUND('',#14731,.F.);
#14734=ORIENTED_EDGE('',*,*,#14733,.F.);
#14736=ORIENTED_EDGE('',*,*,#14735,.F.);
#14738=ORIENTED_EDGE('',*,*,#14737,.F.);
#14739=EDGE_LOOP('',(#14734,#14736,#14738));
#14740=FACE_BOUND('',#14739,.F.);
#14742=ORIENTED_EDGE('',*,*,#14741,.F.);
#14744=ORIENTED_EDGE('',*,*,#14743,.F.);
#14745=EDGE_LOOP('',(#14742,#14744));
#14746=FACE_BOUND('',#14745,.F.);
#14747=ADVANCED_FACE('',(#14732,#14740,#14746),#14719,.T.);
#14748=CARTESIAN_POINT('',(2.8575E-1,1.2144375E0,1.057275E1));
#14749=DIRECTION('',(1.E0,0.E0,0.E0));
#14750=DIRECTION('',(0.E0,0.E0,1.E0));
#14751=AXIS2_PLACEMENT_3D('',#14748,#14749,#14750);
#14752=PLANE('',#14751);
#14753=ORIENTED_EDGE('',*,*,#14433,.F.);
#14754=ORIENTED_EDGE('',*,*,#14650,.T.);
#14756=ORIENTED_EDGE('',*,*,#14755,.F.);
#14757=ORIENTED_EDGE('',*,*,#14721,.T.);
#14758=EDGE_LOOP('',(#14753,#14754,#14756,#14757));
#14759=FACE_OUTER_BOUND('',#14758,.F.);
#14760=ADVANCED_FACE('',(#14759),#14752,.F.);
#14761=CARTESIAN_POINT('',(0.E0,1.7145E0,1.057275E1));
#14762=DIRECTION('',(0.E0,1.E0,0.E0));
#14763=DIRECTION('',(0.E0,0.E0,1.E0));
#14764=AXIS2_PLACEMENT_3D('',#14761,#14762,#14763);
#14765=PLANE('',#14764);
#14766=ORIENTED_EDGE('',*,*,#14755,.T.);
#14767=ORIENTED_EDGE('',*,*,#14648,.F.);
#14768=ORIENTED_EDGE('',*,*,#14709,.F.);
#14769=ORIENTED_EDGE('',*,*,#14723,.F.);
#14770=EDGE_LOOP('',(#14766,#14767,#14768,#14769));
#14771=FACE_OUTER_BOUND('',#14770,.F.);
#14772=ADVANCED_FACE('',(#14771),#14765,.F.);
#14773=CARTESIAN_POINT('',(-1.143E0,1.143E0,1.143E1));
#14774=DIRECTION('',(0.E0,0.E0,-1.E0));
#14775=DIRECTION('',(1.E0,0.E0,0.E0));
#14776=AXIS2_PLACEMENT_3D('',#14773,#14774,#14775);
#14777=SPHERICAL_SURFACE('',#14776,1.905E-1);
#14779=ORIENTED_EDGE('',*,*,#14778,.T.);
#14781=ORIENTED_EDGE('',*,*,#14780,.T.);
#14782=ORIENTED_EDGE('',*,*,#14735,.T.);
#14783=ORIENTED_EDGE('',*,*,#14733,.T.);
#14784=EDGE_LOOP('',(#14779,#14781,#14782,#14783));
#14785=FACE_OUTER_BOUND('',#14784,.F.);
#14786=ADVANCED_FACE('',(#14785),#14777,.F.);
#14787=CARTESIAN_POINT('',(-1.143E0,1.143E0,1.143E1));
#14788=DIRECTION('',(0.E0,0.E0,-1.E0));
#14789=DIRECTION('',(-1.E0,0.E0,0.E0));
#14790=AXIS2_PLACEMENT_3D('',#14787,#14788,#14789);
#14791=SPHERICAL_SURFACE('',#14790,1.905E-1);
#14792=ORIENTED_EDGE('',*,*,#14778,.F.);
#14793=ORIENTED_EDGE('',*,*,#14737,.T.);
#14794=ORIENTED_EDGE('',*,*,#14780,.F.);
#14795=EDGE_LOOP('',(#14792,#14793,#14794));
#14796=FACE_OUTER_BOUND('',#14795,.F.);
#14797=ADVANCED_FACE('',(#14796),#14791,.F.);
#14798=CARTESIAN_POINT('',(1.143E0,1.143E0,1.143E1));
#14799=DIRECTION('',(0.E0,0.E0,-1.E0));
#14800=DIRECTION('',(0.E0,-1.E0,0.E0));
#14801=AXIS2_PLACEMENT_3D('',#14798,#14799,#14800);
#14802=SPHERICAL_SURFACE('',#14801,1.905E-1);
#14804=ORIENTED_EDGE('',*,*,#14803,.T.);
#14806=ORIENTED_EDGE('',*,*,#14805,.T.);
#14807=ORIENTED_EDGE('',*,*,#14741,.T.);
#14808=EDGE_LOOP('',(#14804,#14806,#14807));
#14809=FACE_OUTER_BOUND('',#14808,.F.);
#14810=ADVANCED_FACE('',(#14809),#14802,.F.);
#14811=CARTESIAN_POINT('',(1.143E0,1.143E0,1.143E1));
#14812=DIRECTION('',(0.E0,0.E0,-1.E0));
#14813=DIRECTION('',(0.E0,1.E0,0.E0));
#14814=AXIS2_PLACEMENT_3D('',#14811,#14812,#14813);
#14815=SPHERICAL_SURFACE('',#14814,1.905E-1);
#14816=ORIENTED_EDGE('',*,*,#14803,.F.);
#14817=ORIENTED_EDGE('',*,*,#14743,.T.);
#14818=ORIENTED_EDGE('',*,*,#14805,.F.);
#14819=EDGE_LOOP('',(#14816,#14817,#14818));
#14820=FACE_OUTER_BOUND('',#14819,.F.);
#14821=ADVANCED_FACE('',(#14820),#14815,.F.);
#14822=CARTESIAN_POINT('',(1.2144375E0,2.8575E-1,1.0144125E1));
#14823=DIRECTION('',(0.E0,1.E0,0.E0));
#14824=DIRECTION('',(0.E0,0.E0,1.E0));
#14825=AXIS2_PLACEMENT_3D('',#14822,#14823,#14824);
#14826=PLANE('',#14825);
#14828=ORIENTED_EDGE('',*,*,#14827,.F.);
#14829=ORIENTED_EDGE('',*,*,#14653,.T.);
#14830=ORIENTED_EDGE('',*,*,#14429,.F.);
#14831=ORIENTED_EDGE('',*,*,#14457,.T.);
#14832=EDGE_LOOP('',(#14828,#14829,#14830,#14831));
#14833=FACE_OUTER_BOUND('',#14832,.F.);
#14834=ADVANCED_FACE('',(#14833),#14826,.F.);
#14835=CARTESIAN_POINT('',(1.7145E0,0.E0,1.0144125E1));
#14836=DIRECTION('',(1.E0,0.E0,0.E0));
#14837=DIRECTION('',(0.E0,0.E0,1.E0));
#14838=AXIS2_PLACEMENT_3D('',#14835,#14836,#14837);
#14839=PLANE('',#14838);
#14841=ORIENTED_EDGE('',*,*,#14840,.F.);
#14842=ORIENTED_EDGE('',*,*,#14655,.F.);
#14843=ORIENTED_EDGE('',*,*,#14827,.T.);
#14844=ORIENTED_EDGE('',*,*,#14455,.F.);
#14845=EDGE_LOOP('',(#14841,#14842,#14843,#14844));
#14846=FACE_OUTER_BOUND('',#14845,.F.);
#14847=ADVANCED_FACE('',(#14846),#14839,.F.);
#14848=CARTESIAN_POINT('',(1.2144375E0,-2.8575E-1,1.0144125E1));
#14849=DIRECTION('',(0.E0,1.E0,0.E0));
#14850=DIRECTION('',(0.E0,0.E0,-1.E0));
#14851=AXIS2_PLACEMENT_3D('',#14848,#14849,#14850);
#14852=PLANE('',#14851);
#14853=ORIENTED_EDGE('',*,*,#14840,.T.);
#14854=ORIENTED_EDGE('',*,*,#14453,.T.);
#14855=ORIENTED_EDGE('',*,*,#14491,.F.);
#14856=ORIENTED_EDGE('',*,*,#14657,.T.);
#14857=EDGE_LOOP('',(#14853,#14854,#14855,#14856));
#14858=FACE_OUTER_BOUND('',#14857,.F.);
#14859=ADVANCED_FACE('',(#14858),#14852,.T.);
#14860=CARTESIAN_POINT('',(1.143E0,-1.143E0,1.143E1));
#14861=DIRECTION('',(0.E0,0.E0,-1.E0));
#14862=DIRECTION('',(1.E0,0.E0,0.E0));
#14863=AXIS2_PLACEMENT_3D('',#14860,#14861,#14862);
#14864=SPHERICAL_SURFACE('',#14863,1.905E-1);
#14866=ORIENTED_EDGE('',*,*,#14865,.F.);
#14867=ORIENTED_EDGE('',*,*,#14519,.F.);
#14869=ORIENTED_EDGE('',*,*,#14868,.F.);
#14870=EDGE_LOOP('',(#14866,#14867,#14869));
#14871=FACE_OUTER_BOUND('',#14870,.F.);
#14872=ADVANCED_FACE('',(#14871),#14864,.F.);
#14873=CARTESIAN_POINT('',(1.143E0,-1.143E0,1.143E1));
#14874=DIRECTION('',(0.E0,0.E0,-1.E0));
#14875=DIRECTION('',(-1.E0,0.E0,0.E0));
#14876=AXIS2_PLACEMENT_3D('',#14873,#14874,#14875);
#14877=SPHERICAL_SURFACE('',#14876,1.905E-1);
#14878=ORIENTED_EDGE('',*,*,#14865,.T.);
#14879=ORIENTED_EDGE('',*,*,#14868,.T.);
#14880=ORIENTED_EDGE('',*,*,#14521,.T.);
#14881=EDGE_LOOP('',(#14878,#14879,#14880));
#14882=FACE_OUTER_BOUND('',#14881,.F.);
#14883=ADVANCED_FACE('',(#14882),#14877,.F.);
#14884=CARTESIAN_POINT('',(-1.143E0,-1.143E0,1.143E1));
#14885=DIRECTION('',(0.E0,0.E0,-1.E0));
#14886=DIRECTION('',(0.E0,-1.E0,0.E0));
#14887=AXIS2_PLACEMENT_3D('',#14884,#14885,#14886);
#14888=SPHERICAL_SURFACE('',#14887,1.905E-1);
#14890=ORIENTED_EDGE('',*,*,#14889,.F.);
#14891=ORIENTED_EDGE('',*,*,#14525,.T.);
#14893=ORIENTED_EDGE('',*,*,#14892,.F.);
#14894=EDGE_LOOP('',(#14890,#14891,#14893));
#14895=FACE_OUTER_BOUND('',#14894,.F.);
#14896=ADVANCED_FACE('',(#14895),#14888,.F.);
#14897=CARTESIAN_POINT('',(-1.143E0,-1.143E0,1.143E1));
#14898=DIRECTION('',(0.E0,0.E0,-1.E0));
#14899=DIRECTION('',(0.E0,1.E0,0.E0));
#14900=AXIS2_PLACEMENT_3D('',#14897,#14898,#14899);
#14901=SPHERICAL_SURFACE('',#14900,1.905E-1);
#14902=ORIENTED_EDGE('',*,*,#14889,.T.);
#14903=ORIENTED_EDGE('',*,*,#14892,.T.);
#14904=ORIENTED_EDGE('',*,*,#14527,.T.);
#14905=EDGE_LOOP('',(#14902,#14903,#14904));
#14906=FACE_OUTER_BOUND('',#14905,.F.);
#14907=ADVANCED_FACE('',(#14906),#14901,.F.);
#14908=CARTESIAN_POINT('',(5.42925E0,0.E0,1.12014E1));
#14909=DIRECTION('',(-7.073731083821E-1,-7.068403536428E-1,0.E0));
#14910=DIRECTION('',(7.068403536428E-1,-7.073731083821E-1,0.E0));
#14911=AXIS2_PLACEMENT_3D('',#14908,#14909,#14910);
#14912=PLANE('',#14911);
#14913=ORIENTED_EDGE('',*,*,#13334,.F.);
#14914=ORIENTED_EDGE('',*,*,#12682,.T.);
#14915=ORIENTED_EDGE('',*,*,#13507,.T.);
#14916=ORIENTED_EDGE('',*,*,#12698,.T.);
#14917=EDGE_LOOP('',(#14913,#14914,#14915,#14916));
#14918=FACE_OUTER_BOUND('',#14917,.F.);
#14919=ADVANCED_FACE('',(#14918),#14912,.F.);
#14920=CARTESIAN_POINT('',(0.E0,0.E0,3.84015E0));
#14921=DIRECTION('',(0.E0,0.E0,1.E0));
#14922=DIRECTION('',(-1.E0,0.E0,0.E0));
#14923=AXIS2_PLACEMENT_3D('',#14920,#14921,#14922);
#14924=TOROIDAL_SURFACE('',#14923,4.28625E0,1.143E0);
#14925=ORIENTED_EDGE('',*,*,#13318,.T.);
#14926=ORIENTED_EDGE('',*,*,#13336,.T.);
#14927=ORIENTED_EDGE('',*,*,#11232,.T.);
#14929=ORIENTED_EDGE('',*,*,#14928,.T.);
#14930=ORIENTED_EDGE('',*,*,#11228,.T.);
#14931=ORIENTED_EDGE('',*,*,#12899,.T.);
#14932=ORIENTED_EDGE('',*,*,#12913,.T.);
#14933=ORIENTED_EDGE('',*,*,#12928,.T.);
#14934=ORIENTED_EDGE('',*,*,#12943,.T.);
#14935=ORIENTED_EDGE('',*,*,#12958,.T.);
#14936=ORIENTED_EDGE('',*,*,#12973,.T.);
#14937=ORIENTED_EDGE('',*,*,#12988,.T.);
#14938=ORIENTED_EDGE('',*,*,#13003,.T.);
#14939=ORIENTED_EDGE('',*,*,#13018,.T.);
#14940=ORIENTED_EDGE('',*,*,#13033,.T.);
#14941=ORIENTED_EDGE('',*,*,#13048,.T.);
#14942=ORIENTED_EDGE('',*,*,#13063,.T.);
#14943=ORIENTED_EDGE('',*,*,#13078,.T.);
#14944=ORIENTED_EDGE('',*,*,#13093,.T.);
#14945=ORIENTED_EDGE('',*,*,#13108,.T.);
#14946=ORIENTED_EDGE('',*,*,#13123,.T.);
#14947=ORIENTED_EDGE('',*,*,#13138,.T.);
#14948=ORIENTED_EDGE('',*,*,#13153,.T.);
#14949=ORIENTED_EDGE('',*,*,#13168,.T.);
#14950=ORIENTED_EDGE('',*,*,#13183,.T.);
#14951=ORIENTED_EDGE('',*,*,#13198,.T.);
#14952=ORIENTED_EDGE('',*,*,#13213,.T.);
#14953=ORIENTED_EDGE('',*,*,#13228,.T.);
#14954=ORIENTED_EDGE('',*,*,#13243,.T.);
#14955=ORIENTED_EDGE('',*,*,#13258,.T.);
#14956=ORIENTED_EDGE('',*,*,#13273,.T.);
#14957=ORIENTED_EDGE('',*,*,#13288,.T.);
#14958=ORIENTED_EDGE('',*,*,#13303,.T.);
#14959=EDGE_LOOP('',(#14925,#14926,#14927,#14929,#14930,#14931,#14932,#14933,
#14934,#14935,#14936,#14937,#14938,#14939,#14940,#14941,#14942,#14943,#14944,
#14945,#14946,#14947,#14948,#14949,#14950,#14951,#14952,#14953,#14954,#14955,
#14956,#14957,#14958));
#14960=FACE_OUTER_BOUND('',#14959,.F.);
#14961=ADVANCED_FACE('',(#14960),#14924,.T.);
#14962=CARTESIAN_POINT('',(0.E0,0.E0,2.69715E0));
#14963=DIRECTION('',(0.E0,0.E0,1.E0));
#14964=DIRECTION('',(-1.E0,0.E0,0.E0));
#14965=AXIS2_PLACEMENT_3D('',#14962,#14963,#14964);
#14966=PLANE('',#14965);
#14967=ORIENTED_EDGE('',*,*,#14928,.F.);
#14968=ORIENTED_EDGE('',*,*,#11230,.F.);
#14969=EDGE_LOOP('',(#14967,#14968));
#14970=FACE_OUTER_BOUND('',#14969,.F.);
#14972=ORIENTED_EDGE('',*,*,#14971,.F.);
#14974=ORIENTED_EDGE('',*,*,#14973,.F.);
#14975=EDGE_LOOP('',(#14972,#14974));
#14976=FACE_BOUND('',#14975,.F.);
#14977=ADVANCED_FACE('',(#14970,#14976),#14966,.F.);
#14978=CARTESIAN_POINT('',(0.E0,0.E0,1.634325E0));
#14979=DIRECTION('',(0.E0,0.E0,1.E0));
#14980=DIRECTION('',(1.E0,8.544921938427E-14,0.E0));
#14981=AXIS2_PLACEMENT_3D('',#14978,#14979,#14980);
#14982=CYLINDRICAL_SURFACE('',#14981,4.0005E0);
#14984=ORIENTED_EDGE('',*,*,#14983,.F.);
#14986=ORIENTED_EDGE('',*,*,#14985,.F.);
#14988=ORIENTED_EDGE('',*,*,#14987,.F.);
#14989=ORIENTED_EDGE('',*,*,#14971,.T.);
#14990=EDGE_LOOP('',(#14984,#14986,#14988,#14989));
#14991=FACE_OUTER_BOUND('',#14990,.F.);
#14992=ADVANCED_FACE('',(#14991),#14982,.T.);
#14993=CARTESIAN_POINT('',(0.E0,0.E0,1.634325E0));
#14994=DIRECTION('',(0.E0,0.E0,1.E0));
#14995=DIRECTION('',(-1.E0,-8.510495280736E-14,0.E0));
#14996=AXIS2_PLACEMENT_3D('',#14993,#14994,#14995);
#14997=CYLINDRICAL_SURFACE('',#14996,4.0005E0);
#14998=ORIENTED_EDGE('',*,*,#14983,.T.);
#14999=ORIENTED_EDGE('',*,*,#14973,.T.);
#15000=ORIENTED_EDGE('',*,*,#14987,.T.);
#15002=ORIENTED_EDGE('',*,*,#15001,.F.);
#15003=EDGE_LOOP('',(#14998,#14999,#15000,#15002));
#15004=FACE_OUTER_BOUND('',#15003,.F.);
#15005=ADVANCED_FACE('',(#15004),#14997,.T.);
#15006=CARTESIAN_POINT('',(0.E0,0.E0,2.858793442952E-1));
#15007=DIRECTION('',(0.E0,0.E0,-1.E0));
#15008=DIRECTION('',(1.E0,8.519005926761E-14,0.E0));
#15009=AXIS2_PLACEMENT_3D('',#15006,#15007,#15008);
#15010=CONICAL_SURFACE('',#15009,4.286120655705E0,4.5E1);
#15012=ORIENTED_EDGE('',*,*,#15011,.T.);
#15013=ORIENTED_EDGE('',*,*,#15001,.T.);
#15015=ORIENTED_EDGE('',*,*,#15014,.T.);
#15017=ORIENTED_EDGE('',*,*,#15016,.T.);
#15018=EDGE_LOOP('',(#15012,#15013,#15015,#15017));
#15019=FACE_OUTER_BOUND('',#15018,.F.);
#15020=ADVANCED_FACE('',(#15019),#15010,.T.);
#15021=CARTESIAN_POINT('',(0.E0,0.E0,2.858799255816E-1));
#15022=DIRECTION('',(0.E0,0.E0,-1.E0));
#15023=DIRECTION('',(-1.E0,-8.548547277323E-14,0.E0));
#15024=AXIS2_PLACEMENT_3D('',#15021,#15022,#15023);
#15025=CONICAL_SURFACE('',#15024,4.286120074418E0,4.5E1);
#15026=ORIENTED_EDGE('',*,*,#15011,.F.);
#15028=ORIENTED_EDGE('',*,*,#15027,.T.);
#15029=ORIENTED_EDGE('',*,*,#15014,.F.);
#15030=ORIENTED_EDGE('',*,*,#14985,.T.);
#15031=EDGE_LOOP('',(#15026,#15028,#15029,#15030));
#15032=FACE_OUTER_BOUND('',#15031,.F.);
#15033=ADVANCED_FACE('',(#15032),#15025,.T.);
#15034=CARTESIAN_POINT('',(0.E0,0.E0,0.E0));
#15035=DIRECTION('',(0.E0,0.E0,1.E0));
#15036=DIRECTION('',(-1.E0,0.E0,0.E0));
#15037=AXIS2_PLACEMENT_3D('',#15034,#15035,#15036);
#15038=PLANE('',#15037);
#15039=ORIENTED_EDGE('',*,*,#15027,.F.);
#15040=ORIENTED_EDGE('',*,*,#15016,.F.);
#15041=EDGE_LOOP('',(#15039,#15040));
#15042=FACE_OUTER_BOUND('',#15041,.F.);
#15044=ORIENTED_EDGE('',*,*,#15043,.F.);
#15046=ORIENTED_EDGE('',*,*,#15045,.F.);
#15047=EDGE_LOOP('',(#15044,#15046));
#15048=FACE_BOUND('',#15047,.F.);
#15049=ADVANCED_FACE('',(#15042,#15048),#15038,.F.);
#15050=CARTESIAN_POINT('',(0.E0,0.E0,-1.533333333333E-1));
#15051=DIRECTION('',(0.E0,0.E0,1.E0));
#15052=DIRECTION('',(1.E0,8.544921938427E-14,0.E0));
#15053=AXIS2_PLACEMENT_3D('',#15050,#15051,#15052);
#15054=CYLINDRICAL_SURFACE('',#15053,4.0005E0);
#15056=ORIENTED_EDGE('',*,*,#15055,.F.);
#15058=ORIENTED_EDGE('',*,*,#15057,.T.);
#15060=ORIENTED_EDGE('',*,*,#15059,.F.);
#15061=ORIENTED_EDGE('',*,*,#15043,.T.);
#15062=EDGE_LOOP('',(#15056,#15058,#15060,#15061));
#15063=FACE_OUTER_BOUND('',#15062,.F.);
#15064=ADVANCED_FACE('',(#15063),#15054,.T.);
#15065=CARTESIAN_POINT('',(0.E0,0.E0,-1.533333333333E-1));
#15066=DIRECTION('',(0.E0,0.E0,1.E0));
#15067=DIRECTION('',(-1.E0,-8.510495280736E-14,0.E0));
#15068=AXIS2_PLACEMENT_3D('',#15065,#15066,#15067);
#15069=CYLINDRICAL_SURFACE('',#15068,4.0005E0);
#15070=ORIENTED_EDGE('',*,*,#15055,.T.);
#15071=ORIENTED_EDGE('',*,*,#15045,.T.);
#15072=ORIENTED_EDGE('',*,*,#15059,.T.);
#15074=ORIENTED_EDGE('',*,*,#15073,.T.);
#15075=EDGE_LOOP('',(#15070,#15071,#15072,#15074));
#15076=FACE_OUTER_BOUND('',#15075,.F.);
#15077=ADVANCED_FACE('',(#15076),#15069,.T.);
#15078=CARTESIAN_POINT('',(0.E0,0.E0,-3.066666666667E-1));
#15079=DIRECTION('',(0.E0,0.E0,1.E0));
#15080=DIRECTION('',(-1.E0,0.E0,0.E0));
#15081=AXIS2_PLACEMENT_3D('',#15078,#15079,#15080);
#15082=PLANE('',#15081);
#15083=ORIENTED_EDGE('',*,*,#15057,.F.);
#15084=ORIENTED_EDGE('',*,*,#15073,.F.);
#15085=EDGE_LOOP('',(#15083,#15084));
#15086=FACE_OUTER_BOUND('',#15085,.F.);
#15088=ORIENTED_EDGE('',*,*,#15087,.F.);
#15090=ORIENTED_EDGE('',*,*,#15089,.F.);
#15091=EDGE_LOOP('',(#15088,#15090));
#15092=FACE_BOUND('',#15091,.F.);
#15093=ADVANCED_FACE('',(#15086,#15092),#15082,.F.);
#15094=CARTESIAN_POINT('',(0.E0,0.E0,-1.916128509483E-1));
#15095=DIRECTION('',(0.E0,0.E0,-1.E0));
#15096=DIRECTION('',(1.E0,8.566885354413E-14,0.E0));
#15097=AXIS2_PLACEMENT_3D('',#15094,#15095,#15096);
#15098=CONICAL_SURFACE('',#15097,3.286058139820E0,5.116943314277E1);
#15100=ORIENTED_EDGE('',*,*,#15099,.T.);
#15102=ORIENTED_EDGE('',*,*,#15101,.T.);
#15104=ORIENTED_EDGE('',*,*,#15103,.T.);
#15105=ORIENTED_EDGE('',*,*,#15087,.T.);
#15106=EDGE_LOOP('',(#15100,#15102,#15104,#15105));
#15107=FACE_OUTER_BOUND('',#15106,.F.);
#15108=ADVANCED_FACE('',(#15107),#15098,.F.);
#15109=CARTESIAN_POINT('',(0.E0,0.E0,-1.916128509483E-1));
#15110=DIRECTION('',(0.E0,0.E0,-1.E0));
#15111=DIRECTION('',(-1.E0,-8.524974640703E-14,0.E0));
#15112=AXIS2_PLACEMENT_3D('',#15109,#15110,#15111);
#15113=CONICAL_SURFACE('',#15112,3.286058139820E0,5.116943314277E1);
#15114=ORIENTED_EDGE('',*,*,#15099,.F.);
#15115=ORIENTED_EDGE('',*,*,#15089,.T.);
#15116=ORIENTED_EDGE('',*,*,#15103,.F.);
#15118=ORIENTED_EDGE('',*,*,#15117,.T.);
#15119=EDGE_LOOP('',(#15114,#15115,#15116,#15118));
#15120=FACE_OUTER_BOUND('',#15119,.F.);
#15121=ADVANCED_FACE('',(#15120),#15113,.F.);
#15122=CARTESIAN_POINT('',(0.E0,0.E0,-7.666666666667E-2));
#15123=DIRECTION('',(0.E0,0.E0,1.E0));
#15124=DIRECTION('',(-1.E0,0.E0,0.E0));
#15125=AXIS2_PLACEMENT_3D('',#15122,#15123,#15124);
#15126=PLANE('',#15125);
#15127=ORIENTED_EDGE('',*,*,#15101,.F.);
#15128=ORIENTED_EDGE('',*,*,#15117,.F.);
#15129=EDGE_LOOP('',(#15127,#15128));
#15130=FACE_OUTER_BOUND('',#15129,.F.);
#15132=ORIENTED_EDGE('',*,*,#15131,.F.);
#15134=ORIENTED_EDGE('',*,*,#15133,.F.);
#15135=EDGE_LOOP('',(#15132,#15134));
#15136=FACE_BOUND('',#15135,.F.);
#15137=ADVANCED_FACE('',(#15130,#15136),#15126,.F.);
#15138=CARTESIAN_POINT('',(0.E0,0.E0,-1.341666666667E-1));
#15139=DIRECTION('',(0.E0,0.E0,1.E0));
#15140=DIRECTION('',(1.E0,8.517710828453E-14,0.E0));
#15141=AXIS2_PLACEMENT_3D('',#15138,#15139,#15140);
#15142=CYLINDRICAL_SURFACE('',#15141,2.8575E0);
#15144=ORIENTED_EDGE('',*,*,#15143,.F.);
#15146=ORIENTED_EDGE('',*,*,#15145,.F.);
#15148=ORIENTED_EDGE('',*,*,#15147,.F.);
#15149=ORIENTED_EDGE('',*,*,#15131,.T.);
#15150=EDGE_LOOP('',(#15144,#15146,#15148,#15149));
#15151=FACE_OUTER_BOUND('',#15150,.F.);
#15152=ADVANCED_FACE('',(#15151),#15142,.T.);
#15153=CARTESIAN_POINT('',(0.E0,0.E0,-1.341666666667E-1));
#15154=DIRECTION('',(0.E0,0.E0,1.E0));
#15155=DIRECTION('',(-1.E0,-8.517710828453E-14,0.E0));
#15156=AXIS2_PLACEMENT_3D('',#15153,#15154,#15155);
#15157=CYLINDRICAL_SURFACE('',#15156,2.8575E0);
#15158=ORIENTED_EDGE('',*,*,#15143,.T.);
#15159=ORIENTED_EDGE('',*,*,#15133,.T.);
#15160=ORIENTED_EDGE('',*,*,#15147,.T.);
#15162=ORIENTED_EDGE('',*,*,#15161,.F.);
#15163=EDGE_LOOP('',(#15158,#15159,#15160,#15162));
#15164=FACE_OUTER_BOUND('',#15163,.F.);
#15165=ADVANCED_FACE('',(#15164),#15157,.T.);
#15166=CARTESIAN_POINT('',(0.E0,0.E0,-5.557693701354E-1));
#15167=DIRECTION('',(0.E0,0.E0,-1.E0));
#15168=DIRECTION('',(1.E0,8.523439582115E-14,0.E0));
#15169=AXIS2_PLACEMENT_3D('',#15166,#15167,#15168);
#15170=CONICAL_SURFACE('',#15169,3.011222994943E0,2.288931526127E1);
#15172=ORIENTED_EDGE('',*,*,#15171,.T.);
#15173=ORIENTED_EDGE('',*,*,#15161,.T.);
#15175=ORIENTED_EDGE('',*,*,#15174,.T.);
#15177=ORIENTED_EDGE('',*,*,#15176,.T.);
#15178=EDGE_LOOP('',(#15172,#15173,#15175,#15177));
#15179=FACE_OUTER_BOUND('',#15178,.F.);
#15180=ADVANCED_FACE('',(#15179),#15170,.T.);
#15181=CARTESIAN_POINT('',(0.E0,0.E0,-5.557691890078E-1));
#15182=DIRECTION('',(0.E0,0.E0,-1.E0));
#15183=DIRECTION('',(-1.E0,-8.510535370953E-14,0.E0));
#15184=AXIS2_PLACEMENT_3D('',#15181,#15182,#15183);
#15185=CONICAL_SURFACE('',#15184,3.011222918471E0,2.288931526127E1);
#15186=ORIENTED_EDGE('',*,*,#15171,.F.);
#15188=ORIENTED_EDGE('',*,*,#15187,.T.);
#15189=ORIENTED_EDGE('',*,*,#15174,.F.);
#15190=ORIENTED_EDGE('',*,*,#15145,.T.);
#15191=EDGE_LOOP('',(#15186,#15188,#15189,#15190));
#15192=FACE_OUTER_BOUND('',#15191,.F.);
#15193=ADVANCED_FACE('',(#15192),#15185,.T.);
#15194=CARTESIAN_POINT('',(0.E0,0.E0,-9.2E-1));
#15195=DIRECTION('',(0.E0,0.E0,1.E0));
#15196=DIRECTION('',(-1.E0,0.E0,0.E0));
#15197=AXIS2_PLACEMENT_3D('',#15194,#15195,#15196);
#15198=PLANE('',#15197);
#15199=ORIENTED_EDGE('',*,*,#15187,.F.);
#15200=ORIENTED_EDGE('',*,*,#15176,.F.);
#15201=EDGE_LOOP('',(#15199,#15200));
#15202=FACE_OUTER_BOUND('',#15201,.F.);
#15204=ORIENTED_EDGE('',*,*,#15203,.F.);
#15206=ORIENTED_EDGE('',*,*,#15205,.F.);
#15207=EDGE_LOOP('',(#15204,#15206));
#15208=FACE_BOUND('',#15207,.F.);
#15209=ADVANCED_FACE('',(#15202,#15208),#15198,.F.);
#15210=CARTESIAN_POINT('',(0.E0,0.E0,-4.6E-1));
#15211=DIRECTION('',(0.E0,0.E0,-1.E0));
#15212=DIRECTION('',(-1.E0,0.E0,0.E0));
#15213=AXIS2_PLACEMENT_3D('',#15210,#15211,#15212);
#15214=CYLINDRICAL_SURFACE('',#15213,1.7535E0);
#15216=ORIENTED_EDGE('',*,*,#15215,.T.);
#15217=ORIENTED_EDGE('',*,*,#15203,.T.);
#15219=ORIENTED_EDGE('',*,*,#15218,.T.);
#15221=ORIENTED_EDGE('',*,*,#15220,.F.);
#15222=EDGE_LOOP('',(#15216,#15217,#15219,#15221));
#15223=FACE_OUTER_BOUND('',#15222,.F.);
#15224=ADVANCED_FACE('',(#15223),#15214,.F.);
#15225=CARTESIAN_POINT('',(0.E0,0.E0,-4.6E-1));
#15226=DIRECTION('',(0.E0,0.E0,-1.E0));
#15227=DIRECTION('',(1.E0,0.E0,0.E0));
#15228=AXIS2_PLACEMENT_3D('',#15225,#15226,#15227);
#15229=CYLINDRICAL_SURFACE('',#15228,1.7535E0);
#15230=ORIENTED_EDGE('',*,*,#15215,.F.);
#15232=ORIENTED_EDGE('',*,*,#15231,.F.);
#15233=ORIENTED_EDGE('',*,*,#15218,.F.);
#15234=ORIENTED_EDGE('',*,*,#15205,.T.);
#15235=EDGE_LOOP('',(#15230,#15232,#15233,#15234));
#15236=FACE_OUTER_BOUND('',#15235,.F.);
#15237=ADVANCED_FACE('',(#15236),#15229,.F.);
#15238=CARTESIAN_POINT('',(0.E0,0.E0,-2.736E0));
#15239=DIRECTION('',(0.E0,0.E0,1.E0));
#15240=DIRECTION('',(1.E0,-2.100904380100E-13,0.E0));
#15241=AXIS2_PLACEMENT_3D('',#15238,#15239,#15240);
#15242=CYLINDRICAL_SURFACE('',#15241,1.75E0);
#15244=ORIENTED_EDGE('',*,*,#15243,.F.);
#15246=ORIENTED_EDGE('',*,*,#15245,.F.);
#15248=ORIENTED_EDGE('',*,*,#15247,.F.);
#15249=ORIENTED_EDGE('',*,*,#15231,.T.);
#15250=EDGE_LOOP('',(#15244,#15246,#15248,#15249));
#15251=FACE_OUTER_BOUND('',#15250,.F.);
#15252=ADVANCED_FACE('',(#15251),#15242,.T.);
#15253=CARTESIAN_POINT('',(0.E0,0.E0,-2.736E0));
#15254=DIRECTION('',(0.E0,0.E0,1.E0));
#15255=DIRECTION('',(-1.E0,2.105473760231E-13,0.E0));
#15256=AXIS2_PLACEMENT_3D('',#15253,#15254,#15255);
#15257=CYLINDRICAL_SURFACE('',#15256,1.75E0);
#15258=ORIENTED_EDGE('',*,*,#15243,.T.);
#15259=ORIENTED_EDGE('',*,*,#15220,.T.);
#15260=ORIENTED_EDGE('',*,*,#15247,.T.);
#15262=ORIENTED_EDGE('',*,*,#15261,.F.);
#15263=EDGE_LOOP('',(#15258,#15259,#15260,#15262));
#15264=FACE_OUTER_BOUND('',#15263,.F.);
#15265=ADVANCED_FACE('',(#15264),#15257,.T.);
#15266=CARTESIAN_POINT('',(0.E0,0.E0,-5.656069873048E0));
#15267=DIRECTION('',(0.E0,0.E0,1.E0));
#15268=DIRECTION('',(-1.E0,2.105016585744E-13,0.E0));
#15269=AXIS2_PLACEMENT_3D('',#15266,#15267,#15268);
#15270=CONICAL_SURFACE('',#15269,1.565930126952E0,4.5E1);
#15272=ORIENTED_EDGE('',*,*,#15271,.T.);
#15273=ORIENTED_EDGE('',*,*,#15261,.T.);
#15275=ORIENTED_EDGE('',*,*,#15274,.T.);
#15277=ORIENTED_EDGE('',*,*,#15276,.T.);
#15278=EDGE_LOOP('',(#15272,#15273,#15275,#15277));
#15279=FACE_OUTER_BOUND('',#15278,.F.);
#15280=ADVANCED_FACE('',(#15279),#15270,.T.);
#15281=CARTESIAN_POINT('',(0.E0,0.E0,-5.656067326098E0));
#15282=DIRECTION('',(0.E0,0.E0,1.E0));
#15283=DIRECTION('',(1.E0,-2.105016585744E-13,0.E0));
#15284=AXIS2_PLACEMENT_3D('',#15281,#15282,#15283);
#15285=CONICAL_SURFACE('',#15284,1.565932673902E0,4.5E1);
#15286=ORIENTED_EDGE('',*,*,#15271,.F.);
#15288=ORIENTED_EDGE('',*,*,#15287,.T.);
#15289=ORIENTED_EDGE('',*,*,#15274,.F.);
#15290=ORIENTED_EDGE('',*,*,#15245,.T.);
#15291=EDGE_LOOP('',(#15286,#15288,#15289,#15290));
#15292=FACE_OUTER_BOUND('',#15291,.F.);
#15293=ADVANCED_FACE('',(#15292),#15285,.T.);
#15294=CARTESIAN_POINT('',(0.E0,0.E0,-5.84E0));
#15295=DIRECTION('',(0.E0,0.E0,1.E0));
#15296=DIRECTION('',(-1.E0,0.E0,0.E0));
#15297=AXIS2_PLACEMENT_3D('',#15294,#15295,#15296);
#15298=PLANE('',#15297);
#15299=ORIENTED_EDGE('',*,*,#15287,.F.);
#15300=ORIENTED_EDGE('',*,*,#15276,.F.);
#15301=EDGE_LOOP('',(#15299,#15300));
#15302=FACE_OUTER_BOUND('',#15301,.F.);
#15304=ORIENTED_EDGE('',*,*,#15303,.F.);
#15306=ORIENTED_EDGE('',*,*,#15305,.F.);
#15307=EDGE_LOOP('',(#15304,#15306));
#15308=FACE_BOUND('',#15307,.F.);
#15309=ADVANCED_FACE('',(#15302,#15308),#15298,.F.);
#15310=CARTESIAN_POINT('',(0.E0,0.E0,-5.611168419743E0));
#15311=DIRECTION('',(0.E0,0.E0,-1.E0));
#15312=DIRECTION('',(-1.E0,0.E0,0.E0));
#15313=AXIS2_PLACEMENT_3D('',#15310,#15311,#15312);
#15314=CONICAL_SURFACE('',#15313,3.397891421292E-1,5.E1);
#15316=ORIENTED_EDGE('',*,*,#15315,.T.);
#15318=ORIENTED_EDGE('',*,*,#15317,.T.);
#15319=ORIENTED_EDGE('',*,*,#15303,.T.);
#15320=EDGE_LOOP('',(#15316,#15318,#15319));
#15321=FACE_OUTER_BOUND('',#15320,.F.);
#15322=ADVANCED_FACE('',(#15321),#15314,.F.);
#15323=CARTESIAN_POINT('',(0.E0,0.E0,-5.611168419743E0));
#15324=DIRECTION('',(0.E0,0.E0,-1.E0));
#15325=DIRECTION('',(1.E0,0.E0,0.E0));
#15326=AXIS2_PLACEMENT_3D('',#15323,#15324,#15325);
#15327=CONICAL_SURFACE('',#15326,3.397891421292E-1,5.E1);
#15328=ORIENTED_EDGE('',*,*,#15315,.F.);
#15329=ORIENTED_EDGE('',*,*,#15305,.T.);
#15330=ORIENTED_EDGE('',*,*,#15317,.F.);
#15331=EDGE_LOOP('',(#15328,#15329,#15330));
#15332=FACE_OUTER_BOUND('',#15331,.F.);
#15333=ADVANCED_FACE('',(#15332),#15327,.F.);
#15334=CARTESIAN_POINT('',(-5.705855080387E0,3.196272094540E-1,1.12014E1));
#15335=DIRECTION('',(6.290275842516E-1,-7.773829804225E-1,0.E0));
#15336=DIRECTION('',(7.773829804225E-1,6.290275842516E-1,0.E0));
#15337=AXIS2_PLACEMENT_3D('',#15334,#15335,#15336);
#15338=PLANE('',#15337);
#15339=ORIENTED_EDGE('',*,*,#12202,.F.);
#15340=ORIENTED_EDGE('',*,*,#11738,.F.);
#15342=ORIENTED_EDGE('',*,*,#15341,.F.);
#15343=ORIENTED_EDGE('',*,*,#12711,.T.);
#15344=EDGE_LOOP('',(#15339,#15340,#15342,#15343));
#15345=FACE_OUTER_BOUND('',#15344,.F.);
#15346=ADVANCED_FACE('',(#15345),#15338,.F.);
#15347=CARTESIAN_POINT('',(-5.399508000428E0,5.675111591959E-1,1.12014E1));
#15348=DIRECTION('',(7.773829804225E-1,6.290275842516E-1,0.E0));
#15349=DIRECTION('',(-6.290275842516E-1,7.773829804225E-1,0.E0));
#15350=AXIS2_PLACEMENT_3D('',#15347,#15348,#15349);
#15351=PLANE('',#15350);
#15352=ORIENTED_EDGE('',*,*,#12184,.T.);
#15353=ORIENTED_EDGE('',*,*,#12713,.T.);
#15354=ORIENTED_EDGE('',*,*,#15341,.T.);
#15355=ORIENTED_EDGE('',*,*,#11720,.F.);
#15356=EDGE_LOOP('',(#15352,#15353,#15354,#15355));
#15357=FACE_OUTER_BOUND('',#15356,.F.);
#15358=ADVANCED_FACE('',(#15357),#15351,.F.);
#15359=CARTESIAN_POINT('',(-5.641187668221E0,9.143005213383E-1,1.12014E1));
#15360=DIRECTION('',(5.443230570148E-1,-8.388756818516E-1,0.E0));
#15361=DIRECTION('',(8.388756818516E-1,5.443230570148E-1,0.E0));
#15362=AXIS2_PLACEMENT_3D('',#15359,#15360,#15361);
#15363=PLANE('',#15362);
#15364=ORIENTED_EDGE('',*,*,#12187,.F.);
#15365=ORIENTED_EDGE('',*,*,#11723,.F.);
#15367=ORIENTED_EDGE('',*,*,#15366,.F.);
#15368=ORIENTED_EDGE('',*,*,#12716,.T.);
#15369=EDGE_LOOP('',(#15364,#15365,#15367,#15368));
#15370=FACE_OUTER_BOUND('',#15369,.F.);
#15371=ADVANCED_FACE('',(#15370),#15363,.F.);
#15372=CARTESIAN_POINT('',(-5.310607861284E0,1.128804547372E0,1.12014E1));
#15373=DIRECTION('',(8.388756818516E-1,5.443230570148E-1,0.E0));
#15374=DIRECTION('',(-5.443230570148E-1,8.388756818516E-1,0.E0));
#15375=AXIS2_PLACEMENT_3D('',#15372,#15373,#15374);
#15376=PLANE('',#15375);
#15377=ORIENTED_EDGE('',*,*,#12169,.T.);
#15378=ORIENTED_EDGE('',*,*,#12718,.T.);
#15379=ORIENTED_EDGE('',*,*,#15366,.T.);
#15380=ORIENTED_EDGE('',*,*,#11705,.F.);
#15381=EDGE_LOOP('',(#15377,#15378,#15379,#15380));
#15382=FACE_OUTER_BOUND('',#15381,.F.);
#15383=ADVANCED_FACE('',(#15382),#15376,.F.);
#15384=CARTESIAN_POINT('',(-5.514714223467E0,1.498956565381E0,1.12014E1));
#15385=DIRECTION('',(4.536548124585E-1,-8.911774857644E-1,0.E0));
#15386=DIRECTION('',(8.911774857644E-1,4.536548124585E-1,0.E0));
#15387=AXIS2_PLACEMENT_3D('',#15384,#15385,#15386);
#15388=PLANE('',#15387);
#15389=ORIENTED_EDGE('',*,*,#12172,.F.);
#15390=ORIENTED_EDGE('',*,*,#11708,.F.);
#15392=ORIENTED_EDGE('',*,*,#15391,.F.);
#15393=ORIENTED_EDGE('',*,*,#12721,.T.);
#15394=EDGE_LOOP('',(#15389,#15390,#15392,#15393));
#15395=FACE_OUTER_BOUND('',#15394,.F.);
#15396=ADVANCED_FACE('',(#15395),#15388,.F.);
#15397=CARTESIAN_POINT('',(-5.163523591095E0,1.677730516710E0,1.12014E1));
#15398=DIRECTION('',(8.911774857644E-1,4.536548124585E-1,0.E0));
#15399=DIRECTION('',(-4.536548124585E-1,8.911774857644E-1,0.E0));
#15400=AXIS2_PLACEMENT_3D('',#15397,#15398,#15399);
#15401=PLANE('',#15400);
#15402=ORIENTED_EDGE('',*,*,#12154,.T.);
#15403=ORIENTED_EDGE('',*,*,#12723,.T.);
#15404=ORIENTED_EDGE('',*,*,#15391,.T.);
#15405=ORIENTED_EDGE('',*,*,#11690,.F.);
#15406=EDGE_LOOP('',(#15402,#15403,#15404,#15405));
#15407=FACE_OUTER_BOUND('',#15406,.F.);
#15408=ADVANCED_FACE('',(#15407),#15401,.F.);
#15409=CARTESIAN_POINT('',(-5.327820415652E0,2.067189727617E0,1.12014E1));
#15410=DIRECTION('',(3.580162308434E-1,-9.337153626522E-1,0.E0));
#15411=DIRECTION('',(9.337153626522E-1,3.580162308434E-1,0.E0));
#15412=AXIS2_PLACEMENT_3D('',#15409,#15410,#15411);
#15413=PLANE('',#15412);
#15414=ORIENTED_EDGE('',*,*,#12157,.F.);
#15415=ORIENTED_EDGE('',*,*,#11693,.F.);
#15417=ORIENTED_EDGE('',*,*,#15416,.F.);
#15418=ORIENTED_EDGE('',*,*,#12726,.T.);
#15419=EDGE_LOOP('',(#15414,#15415,#15417,#15418));
#15420=FACE_OUTER_BOUND('',#15419,.F.);
#15421=ADVANCED_FACE('',(#15420),#15413,.F.);
#15422=CARTESIAN_POINT('',(-4.959866675906E0,2.208274919419E0,1.12014E1));
#15423=DIRECTION('',(9.337153626522E-1,3.580162308434E-1,0.E0));
#15424=DIRECTION('',(-3.580162308434E-1,9.337153626522E-1,0.E0));
#15425=AXIS2_PLACEMENT_3D('',#15422,#15423,#15424);
#15426=PLANE('',#15425);
#15427=ORIENTED_EDGE('',*,*,#12139,.T.);
#15428=ORIENTED_EDGE('',*,*,#12728,.T.);
#15429=ORIENTED_EDGE('',*,*,#15416,.T.);
#15430=ORIENTED_EDGE('',*,*,#11675,.F.);
#15431=EDGE_LOOP('',(#15427,#15428,#15429,#15430));
#15432=FACE_OUTER_BOUND('',#15431,.F.);
#15433=ADVANCED_FACE('',(#15432),#15426,.F.);
#15434=CARTESIAN_POINT('',(-5.082553892446E0,2.612774326609E0,1.12014E1));
#15435=DIRECTION('',(2.584551484836E-1,-9.660232586342E-1,0.E0));
#15436=DIRECTION('',(9.660232586342E-1,2.584551484836E-1,0.E0));
#15437=AXIS2_PLACEMENT_3D('',#15434,#15435,#15436);
#15438=PLANE('',#15437);
#15439=ORIENTED_EDGE('',*,*,#12142,.F.);
#15440=ORIENTED_EDGE('',*,*,#11678,.F.);
#15442=ORIENTED_EDGE('',*,*,#15441,.F.);
#15443=ORIENTED_EDGE('',*,*,#12731,.T.);
#15444=EDGE_LOOP('',(#15439,#15440,#15442,#15443));
#15445=FACE_OUTER_BOUND('',#15444,.F.);
#15446=ADVANCED_FACE('',(#15445),#15438,.F.);
#15447=CARTESIAN_POINT('',(-4.701868423497E0,2.714625E0,1.12014E1));
#15448=DIRECTION('',(9.660232586342E-1,2.584551484836E-1,0.E0));
#15449=DIRECTION('',(-2.584551484836E-1,9.660232586342E-1,0.E0));
#15450=AXIS2_PLACEMENT_3D('',#15447,#15448,#15449);
#15451=PLANE('',#15450);
#15452=ORIENTED_EDGE('',*,*,#12124,.T.);
#15453=ORIENTED_EDGE('',*,*,#12733,.T.);
#15454=ORIENTED_EDGE('',*,*,#15441,.T.);
#15455=ORIENTED_EDGE('',*,*,#11660,.F.);
#15456=EDGE_LOOP('',(#15452,#15453,#15454,#15455));
#15457=FACE_OUTER_BOUND('',#15456,.F.);
#15458=ADVANCED_FACE('',(#15457),#15451,.F.);
#15459=CARTESIAN_POINT('',(-4.781601845201E0,3.129732823322E0,1.12014E1));
#15460=DIRECTION('',(1.560623774317E-1,-9.877472016414E-1,0.E0));
#15461=DIRECTION('',(9.877472016414E-1,1.560623774317E-1,0.E0));
#15462=AXIS2_PLACEMENT_3D('',#15459,#15460,#15461);
#15463=PLANE('',#15462);
#15464=ORIENTED_EDGE('',*,*,#12127,.F.);
#15465=ORIENTED_EDGE('',*,*,#11663,.F.);
#15467=ORIENTED_EDGE('',*,*,#15466,.F.);
#15468=ORIENTED_EDGE('',*,*,#12736,.T.);
#15469=EDGE_LOOP('',(#15464,#15465,#15467,#15468));
#15470=FACE_OUTER_BOUND('',#15469,.F.);
#15471=ADVANCED_FACE('',(#15470),#15463,.F.);
#15472=CARTESIAN_POINT('',(-4.392355516710E0,3.191233081009E0,1.12014E1));
#15473=DIRECTION('',(9.877472016414E-1,1.560623774317E-1,0.E0));
#15474=DIRECTION('',(-1.560623774317E-1,9.877472016414E-1,0.E0));
#15475=AXIS2_PLACEMENT_3D('',#15472,#15473,#15474);
#15476=PLANE('',#15475);
#15477=ORIENTED_EDGE('',*,*,#12109,.T.);
#15478=ORIENTED_EDGE('',*,*,#12738,.T.);
#15479=ORIENTED_EDGE('',*,*,#15466,.T.);
#15480=ORIENTED_EDGE('',*,*,#11645,.F.);
#15481=EDGE_LOOP('',(#15477,#15478,#15479,#15480));
#15482=FACE_OUTER_BOUND('',#15481,.F.);
#15483=ADVANCED_FACE('',(#15482),#15476,.F.);
#15484=CARTESIAN_POINT('',(-4.428261567526E0,3.612401312283E0,1.12014E1));
#15485=DIRECTION('',(5.195975431460E-2,-9.986491796079E-1,0.E0));
#15486=DIRECTION('',(9.986491796079E-1,5.195975431460E-2,0.E0));
#15487=AXIS2_PLACEMENT_3D('',#15484,#15485,#15486);
#15488=PLANE('',#15487);
#15489=ORIENTED_EDGE('',*,*,#12112,.F.);
#15490=ORIENTED_EDGE('',*,*,#11648,.F.);
#15492=ORIENTED_EDGE('',*,*,#15491,.F.);
#15493=ORIENTED_EDGE('',*,*,#12741,.T.);
#15494=EDGE_LOOP('',(#15489,#15490,#15492,#15493));
#15495=FACE_OUTER_BOUND('',#15494,.F.);
#15496=ADVANCED_FACE('',(#15495),#15488,.F.);
#15497=CARTESIAN_POINT('',(-4.034719043723E0,3.632877344574E0,1.12014E1));
#15498=DIRECTION('',(9.986491796079E-1,5.195975431460E-2,0.E0));
#15499=DIRECTION('',(-5.195975431460E-2,9.986491796079E-1,0.E0));
#15500=AXIS2_PLACEMENT_3D('',#15497,#15498,#15499);
#15501=PLANE('',#15500);
#15502=ORIENTED_EDGE('',*,*,#12094,.T.);
#15503=ORIENTED_EDGE('',*,*,#12743,.T.);
#15504=ORIENTED_EDGE('',*,*,#15491,.T.);
#15505=ORIENTED_EDGE('',*,*,#11630,.F.);
#15506=EDGE_LOOP('',(#15502,#15503,#15504,#15505));
#15507=FACE_OUTER_BOUND('',#15506,.F.);
#15508=ADVANCED_FACE('',(#15507),#15501,.F.);
#15509=CARTESIAN_POINT('',(-4.026404329443E0,4.055491576523E0,1.12014E1));
#15510=DIRECTION('',(-5.271215074409E-2,-9.986097481819E-1,0.E0));
#15511=DIRECTION('',(9.986097481819E-1,-5.271215074409E-2,0.E0));
#15512=AXIS2_PLACEMENT_3D('',#15509,#15510,#15511);
#15513=PLANE('',#15512);
#15514=ORIENTED_EDGE('',*,*,#12097,.F.);
#15515=ORIENTED_EDGE('',*,*,#11633,.F.);
#15517=ORIENTED_EDGE('',*,*,#15516,.F.);
#15518=ORIENTED_EDGE('',*,*,#12746,.T.);
#15519=EDGE_LOOP('',(#15514,#15515,#15517,#15518));
#15520=FACE_OUTER_BOUND('',#15519,.F.);
#15521=ADVANCED_FACE('',(#15520),#15513,.F.);
#15522=CARTESIAN_POINT('',(-3.632877344574E0,4.034719043723E0,1.12014E1));
#15523=DIRECTION('',(9.986097481819E-1,-5.271215074409E-2,0.E0));
#15524=DIRECTION('',(5.271215074409E-2,9.986097481819E-1,0.E0));
#15525=AXIS2_PLACEMENT_3D('',#15522,#15523,#15524);
#15526=PLANE('',#15525);
#15527=ORIENTED_EDGE('',*,*,#12079,.T.);
#15528=ORIENTED_EDGE('',*,*,#12748,.T.);
#15529=ORIENTED_EDGE('',*,*,#15516,.T.);
#15530=ORIENTED_EDGE('',*,*,#11615,.F.);
#15531=EDGE_LOOP('',(#15527,#15528,#15529,#15530));
#15532=FACE_OUTER_BOUND('',#15531,.F.);
#15533=ADVANCED_FACE('',(#15532),#15526,.F.);
#15534=CARTESIAN_POINT('',(-3.580432962948E0,4.454149026385E0,1.12014E1));
#15535=DIRECTION('',(-1.568065304485E-1,-9.876293393823E-1,0.E0));
#15536=DIRECTION('',(9.876293393823E-1,-1.568065304485E-1,0.E0));
#15537=AXIS2_PLACEMENT_3D('',#15534,#15535,#15536);
#15538=PLANE('',#15537);
#15539=ORIENTED_EDGE('',*,*,#12082,.F.);
#15540=ORIENTED_EDGE('',*,*,#11618,.F.);
#15542=ORIENTED_EDGE('',*,*,#15541,.F.);
#15543=ORIENTED_EDGE('',*,*,#12751,.T.);
#15544=EDGE_LOOP('',(#15539,#15540,#15542,#15543));
#15545=FACE_OUTER_BOUND('',#15544,.F.);
#15546=ADVANCED_FACE('',(#15545),#15538,.F.);
#15547=CARTESIAN_POINT('',(-3.191233081009E0,4.392355516710E0,1.12014E1));
#15548=DIRECTION('',(9.876293393823E-1,-1.568065304485E-1,0.E0));
#15549=DIRECTION('',(1.568065304485E-1,9.876293393823E-1,0.E0));
#15550=AXIS2_PLACEMENT_3D('',#15547,#15548,#15549);
#15551=PLANE('',#15550);
#15552=ORIENTED_EDGE('',*,*,#12064,.T.);
#15553=ORIENTED_EDGE('',*,*,#12753,.T.);
#15554=ORIENTED_EDGE('',*,*,#15541,.T.);
#15555=ORIENTED_EDGE('',*,*,#11600,.F.);
#15556=EDGE_LOOP('',(#15552,#15553,#15554,#15555));
#15557=FACE_OUTER_BOUND('',#15556,.F.);
#15558=ADVANCED_FACE('',(#15557),#15551,.F.);
#15559=CARTESIAN_POINT('',(-3.095233623657E0,4.804005887423E0,1.12014E1));
#15560=DIRECTION('',(-2.591829049914E-1,-9.658282568657E-1,0.E0));
#15561=DIRECTION('',(9.658282568657E-1,-2.591829049914E-1,0.E0));
#15562=AXIS2_PLACEMENT_3D('',#15559,#15560,#15561);
#15563=PLANE('',#15562);
#15564=ORIENTED_EDGE('',*,*,#12067,.F.);
#15565=ORIENTED_EDGE('',*,*,#11603,.F.);
#15567=ORIENTED_EDGE('',*,*,#15566,.F.);
#15568=ORIENTED_EDGE('',*,*,#12756,.T.);
#15569=EDGE_LOOP('',(#15564,#15565,#15567,#15568));
#15570=FACE_OUTER_BOUND('',#15569,.F.);
#15571=ADVANCED_FACE('',(#15570),#15563,.F.);
#15572=CARTESIAN_POINT('',(-2.714625E0,4.701868423497E0,1.12014E1));
#15573=DIRECTION('',(9.658282568657E-1,-2.591829049914E-1,0.E0));
#15574=DIRECTION('',(2.591829049914E-1,9.658282568657E-1,0.E0));
#15575=AXIS2_PLACEMENT_3D('',#15572,#15573,#15574);
#15576=PLANE('',#15575);
#15577=ORIENTED_EDGE('',*,*,#12049,.T.);
#15578=ORIENTED_EDGE('',*,*,#12758,.T.);
#15579=ORIENTED_EDGE('',*,*,#15566,.T.);
#15580=ORIENTED_EDGE('',*,*,#11585,.F.);
#15581=EDGE_LOOP('',(#15577,#15578,#15579,#15580));
#15582=FACE_OUTER_BOUND('',#15581,.F.);
#15583=ADVANCED_FACE('',(#15582),#15576,.F.);
#15584=CARTESIAN_POINT('',(-2.576122257066E0,5.101229054655E0,1.12014E1));
#15585=DIRECTION('',(-3.587196173898E-1,-9.334453578543E-1,0.E0));
#15586=DIRECTION('',(9.334453578543E-1,-3.587196173898E-1,0.E0));
#15587=AXIS2_PLACEMENT_3D('',#15584,#15585,#15586);
#15588=PLANE('',#15587);
#15589=ORIENTED_EDGE('',*,*,#12052,.F.);
#15590=ORIENTED_EDGE('',*,*,#11588,.F.);
#15592=ORIENTED_EDGE('',*,*,#15591,.F.);
#15593=ORIENTED_EDGE('',*,*,#12761,.T.);
#15594=EDGE_LOOP('',(#15589,#15590,#15592,#15593));
#15595=FACE_OUTER_BOUND('',#15594,.F.);
#15596=ADVANCED_FACE('',(#15595),#15588,.F.);
#15597=CARTESIAN_POINT('',(-2.208274919419E0,4.959866675906E0,1.12014E1));
#15598=DIRECTION('',(9.334453578543E-1,-3.587196173898E-1,0.E0));
#15599=DIRECTION('',(3.587196173898E-1,9.334453578543E-1,0.E0));
#15600=AXIS2_PLACEMENT_3D('',#15597,#15598,#15599);
#15601=PLANE('',#15600);
#15602=ORIENTED_EDGE('',*,*,#12034,.T.);
#15603=ORIENTED_EDGE('',*,*,#12763,.T.);
#15604=ORIENTED_EDGE('',*,*,#15591,.T.);
#15605=ORIENTED_EDGE('',*,*,#11570,.F.);
#15606=EDGE_LOOP('',(#15602,#15603,#15604,#15605));
#15607=FACE_OUTER_BOUND('',#15606,.F.);
#15608=ADVANCED_FACE('',(#15607),#15601,.F.);
#15609=CARTESIAN_POINT('',(-2.028786355938E0,5.342562088864E0,1.12014E1));
#15610=DIRECTION('',(-4.543261225931E-1,-8.908354361662E-1,0.E0));
#15611=DIRECTION('',(8.908354361662E-1,-4.543261225931E-1,0.E0));
#15612=AXIS2_PLACEMENT_3D('',#15609,#15610,#15611);
#15613=PLANE('',#15612);
#15614=ORIENTED_EDGE('',*,*,#12037,.F.);
#15615=ORIENTED_EDGE('',*,*,#11573,.F.);
#15617=ORIENTED_EDGE('',*,*,#15616,.F.);
#15618=ORIENTED_EDGE('',*,*,#12766,.T.);
#15619=EDGE_LOOP('',(#15614,#15615,#15617,#15618));
#15620=FACE_OUTER_BOUND('',#15619,.F.);
#15621=ADVANCED_FACE('',(#15620),#15613,.F.);
#15622=CARTESIAN_POINT('',(-1.677730516710E0,5.163523591095E0,1.12014E1));
#15623=DIRECTION('',(8.908354361662E-1,-4.543261225931E-1,0.E0));
#15624=DIRECTION('',(4.543261225931E-1,8.908354361662E-1,0.E0));
#15625=AXIS2_PLACEMENT_3D('',#15622,#15623,#15624);
#15626=PLANE('',#15625);
#15627=ORIENTED_EDGE('',*,*,#12019,.T.);
#15628=ORIENTED_EDGE('',*,*,#12768,.T.);
#15629=ORIENTED_EDGE('',*,*,#15616,.T.);
#15630=ORIENTED_EDGE('',*,*,#11555,.F.);
#15631=EDGE_LOOP('',(#15627,#15628,#15629,#15630));
#15632=FACE_OUTER_BOUND('',#15631,.F.);
#15633=ADVANCED_FACE('',(#15632),#15626,.F.);
#15634=CARTESIAN_POINT('',(-1.459222646944E0,5.525360894824E0,1.12014E1));
#15635=DIRECTION('',(-5.449549357234E-1,-8.384653350203E-1,0.E0));
#15636=DIRECTION('',(8.384653350203E-1,-5.449549357234E-1,0.E0));
#15637=AXIS2_PLACEMENT_3D('',#15634,#15635,#15636);
#15638=PLANE('',#15637);
#15639=ORIENTED_EDGE('',*,*,#12022,.F.);
#15640=ORIENTED_EDGE('',*,*,#11558,.F.);
#15642=ORIENTED_EDGE('',*,*,#15641,.F.);
#15643=ORIENTED_EDGE('',*,*,#12771,.T.);
#15644=EDGE_LOOP('',(#15639,#15640,#15642,#15643));
#15645=FACE_OUTER_BOUND('',#15644,.F.);
#15646=ADVANCED_FACE('',(#15645),#15638,.F.);
#15647=CARTESIAN_POINT('',(-1.128804547372E0,5.310607861284E0,1.12014E1));
#15648=DIRECTION('',(8.384653350203E-1,-5.449549357234E-1,0.E0));
#15649=DIRECTION('',(5.449549357234E-1,8.384653350203E-1,0.E0));
#15650=AXIS2_PLACEMENT_3D('',#15647,#15648,#15649);
#15651=PLANE('',#15650);
#15652=ORIENTED_EDGE('',*,*,#12004,.T.);
#15653=ORIENTED_EDGE('',*,*,#12773,.T.);
#15654=ORIENTED_EDGE('',*,*,#15641,.T.);
#15655=ORIENTED_EDGE('',*,*,#11540,.F.);
#15656=EDGE_LOOP('',(#15652,#15653,#15654,#15655));
#15657=FACE_OUTER_BOUND('',#15656,.F.);
#15658=ADVANCED_FACE('',(#15657),#15651,.F.);
#15659=CARTESIAN_POINT('',(-8.736713892678E-1,5.647622690565E0,1.12014E1));
#15660=DIRECTION('',(-6.296131085388E-1,-7.769088322037E-1,0.E0));
#15661=DIRECTION('',(7.769088322037E-1,-6.296131085388E-1,0.E0));
#15662=AXIS2_PLACEMENT_3D('',#15659,#15660,#15661);
#15663=PLANE('',#15662);
#15664=ORIENTED_EDGE('',*,*,#12007,.F.);
#15665=ORIENTED_EDGE('',*,*,#11543,.F.);
#15667=ORIENTED_EDGE('',*,*,#15666,.F.);
#15668=ORIENTED_EDGE('',*,*,#12776,.T.);
#15669=EDGE_LOOP('',(#15664,#15665,#15667,#15668));
#15670=FACE_OUTER_BOUND('',#15669,.F.);
#15671=ADVANCED_FACE('',(#15670),#15663,.F.);
#15672=CARTESIAN_POINT('',(-5.675111591959E-1,5.399508000428E0,1.12014E1));
#15673=DIRECTION('',(7.769088322037E-1,-6.296131085388E-1,0.E0));
#15674=DIRECTION('',(6.296131085388E-1,7.769088322037E-1,0.E0));
#15675=AXIS2_PLACEMENT_3D('',#15672,#15673,#15674);
#15676=PLANE('',#15675);
#15677=ORIENTED_EDGE('',*,*,#11989,.T.);
#15678=ORIENTED_EDGE('',*,*,#12778,.T.);
#15679=ORIENTED_EDGE('',*,*,#15666,.T.);
#15680=ORIENTED_EDGE('',*,*,#11525,.F.);
#15681=EDGE_LOOP('',(#15677,#15678,#15679,#15680));
#15682=FACE_OUTER_BOUND('',#15681,.F.);
#15683=ADVANCED_FACE('',(#15682),#15676,.F.);
#15684=CARTESIAN_POINT('',(-2.785480050234E-1,5.708007950266E0,1.12014E1));
#15685=DIRECTION('',(-7.073731083821E-1,-7.068403536428E-1,0.E0));
#15686=DIRECTION('',(7.068403536428E-1,-7.073731083821E-1,0.E0));
#15687=AXIS2_PLACEMENT_3D('',#15684,#15685,#15686);
#15688=PLANE('',#15687);
#15689=ORIENTED_EDGE('',*,*,#11992,.F.);
#15690=ORIENTED_EDGE('',*,*,#11528,.F.);
#15692=ORIENTED_EDGE('',*,*,#15691,.F.);
#15693=ORIENTED_EDGE('',*,*,#12781,.T.);
#15694=EDGE_LOOP('',(#15689,#15690,#15692,#15693));
#15695=FACE_OUTER_BOUND('',#15694,.F.);
#15696=ADVANCED_FACE('',(#15695),#15688,.F.);
#15697=CARTESIAN_POINT('',(0.E0,5.42925E0,1.12014E1));
#15698=DIRECTION('',(7.068403536428E-1,-7.073731083821E-1,0.E0));
#15699=DIRECTION('',(7.073731083821E-1,7.068403536428E-1,0.E0));
#15700=AXIS2_PLACEMENT_3D('',#15697,#15698,#15699);
#15701=PLANE('',#15700);
#15702=ORIENTED_EDGE('',*,*,#11974,.T.);
#15703=ORIENTED_EDGE('',*,*,#12783,.T.);
#15704=ORIENTED_EDGE('',*,*,#15691,.T.);
#15705=ORIENTED_EDGE('',*,*,#11510,.F.);
#15706=EDGE_LOOP('',(#15702,#15703,#15704,#15705));
#15707=FACE_OUTER_BOUND('',#15706,.F.);
#15708=ADVANCED_FACE('',(#15707),#15701,.F.);
#15709=CARTESIAN_POINT('',(3.196272094540E-1,5.705855080387E0,1.12014E1));
#15710=DIRECTION('',(-7.773829804225E-1,-6.290275842516E-1,0.E0));
#15711=DIRECTION('',(6.290275842516E-1,-7.773829804225E-1,0.E0));
#15712=AXIS2_PLACEMENT_3D('',#15709,#15710,#15711);
#15713=PLANE('',#15712);
#15714=ORIENTED_EDGE('',*,*,#11977,.F.);
#15715=ORIENTED_EDGE('',*,*,#11513,.F.);
#15717=ORIENTED_EDGE('',*,*,#15716,.F.);
#15718=ORIENTED_EDGE('',*,*,#12786,.T.);
#15719=EDGE_LOOP('',(#15714,#15715,#15717,#15718));
#15720=FACE_OUTER_BOUND('',#15719,.F.);
#15721=ADVANCED_FACE('',(#15720),#15713,.F.);
#15722=CARTESIAN_POINT('',(5.675111591959E-1,5.399508000428E0,1.12014E1));
#15723=DIRECTION('',(6.290275842516E-1,-7.773829804225E-1,0.E0));
#15724=DIRECTION('',(7.773829804225E-1,6.290275842516E-1,0.E0));
#15725=AXIS2_PLACEMENT_3D('',#15722,#15723,#15724);
#15726=PLANE('',#15725);
#15727=ORIENTED_EDGE('',*,*,#11959,.T.);
#15728=ORIENTED_EDGE('',*,*,#12788,.T.);
#15729=ORIENTED_EDGE('',*,*,#15716,.T.);
#15730=ORIENTED_EDGE('',*,*,#11495,.F.);
#15731=EDGE_LOOP('',(#15727,#15728,#15729,#15730));
#15732=FACE_OUTER_BOUND('',#15731,.F.);
#15733=ADVANCED_FACE('',(#15732),#15726,.F.);
#15734=CARTESIAN_POINT('',(9.143005213383E-1,5.641187668221E0,1.12014E1));
#15735=DIRECTION('',(-8.388756818516E-1,-5.443230570148E-1,0.E0));
#15736=DIRECTION('',(5.443230570148E-1,-8.388756818516E-1,0.E0));
#15737=AXIS2_PLACEMENT_3D('',#15734,#15735,#15736);
#15738=PLANE('',#15737);
#15739=ORIENTED_EDGE('',*,*,#11962,.F.);
#15740=ORIENTED_EDGE('',*,*,#11498,.F.);
#15742=ORIENTED_EDGE('',*,*,#15741,.F.);
#15743=ORIENTED_EDGE('',*,*,#12791,.T.);
#15744=EDGE_LOOP('',(#15739,#15740,#15742,#15743));
#15745=FACE_OUTER_BOUND('',#15744,.F.);
#15746=ADVANCED_FACE('',(#15745),#15738,.F.);
#15747=CARTESIAN_POINT('',(1.128804547372E0,5.310607861284E0,1.12014E1));
#15748=DIRECTION('',(5.443230570148E-1,-8.388756818516E-1,0.E0));
#15749=DIRECTION('',(8.388756818516E-1,5.443230570148E-1,0.E0));
#15750=AXIS2_PLACEMENT_3D('',#15747,#15748,#15749);
#15751=PLANE('',#15750);
#15752=ORIENTED_EDGE('',*,*,#11944,.T.);
#15753=ORIENTED_EDGE('',*,*,#12793,.T.);
#15754=ORIENTED_EDGE('',*,*,#15741,.T.);
#15755=ORIENTED_EDGE('',*,*,#11480,.F.);
#15756=EDGE_LOOP('',(#15752,#15753,#15754,#15755));
#15757=FACE_OUTER_BOUND('',#15756,.F.);
#15758=ADVANCED_FACE('',(#15757),#15751,.F.);
#15759=CARTESIAN_POINT('',(1.498956565381E0,5.514714223467E0,1.12014E1));
#15760=DIRECTION('',(-8.911774857644E-1,-4.536548124585E-1,0.E0));
#15761=DIRECTION('',(4.536548124585E-1,-8.911774857644E-1,0.E0));
#15762=AXIS2_PLACEMENT_3D('',#15759,#15760,#15761);
#15763=PLANE('',#15762);
#15764=ORIENTED_EDGE('',*,*,#11947,.F.);
#15765=ORIENTED_EDGE('',*,*,#11483,.F.);
#15767=ORIENTED_EDGE('',*,*,#15766,.F.);
#15768=ORIENTED_EDGE('',*,*,#12796,.T.);
#15769=EDGE_LOOP('',(#15764,#15765,#15767,#15768));
#15770=FACE_OUTER_BOUND('',#15769,.F.);
#15771=ADVANCED_FACE('',(#15770),#15763,.F.);
#15772=CARTESIAN_POINT('',(1.677730516710E0,5.163523591095E0,1.12014E1));
#15773=DIRECTION('',(4.536548124585E-1,-8.911774857644E-1,0.E0));
#15774=DIRECTION('',(8.911774857644E-1,4.536548124585E-1,0.E0));
#15775=AXIS2_PLACEMENT_3D('',#15772,#15773,#15774);
#15776=PLANE('',#15775);
#15777=ORIENTED_EDGE('',*,*,#11929,.T.);
#15778=ORIENTED_EDGE('',*,*,#12798,.T.);
#15779=ORIENTED_EDGE('',*,*,#15766,.T.);
#15780=ORIENTED_EDGE('',*,*,#11465,.F.);
#15781=EDGE_LOOP('',(#15777,#15778,#15779,#15780));
#15782=FACE_OUTER_BOUND('',#15781,.F.);
#15783=ADVANCED_FACE('',(#15782),#15776,.F.);
#15784=CARTESIAN_POINT('',(2.067189727617E0,5.327820415652E0,1.12014E1));
#15785=DIRECTION('',(-9.337153626522E-1,-3.580162308434E-1,0.E0));
#15786=DIRECTION('',(3.580162308434E-1,-9.337153626522E-1,0.E0));
#15787=AXIS2_PLACEMENT_3D('',#15784,#15785,#15786);
#15788=PLANE('',#15787);
#15789=ORIENTED_EDGE('',*,*,#11932,.F.);
#15790=ORIENTED_EDGE('',*,*,#11468,.F.);
#15792=ORIENTED_EDGE('',*,*,#15791,.F.);
#15793=ORIENTED_EDGE('',*,*,#12801,.T.);
#15794=EDGE_LOOP('',(#15789,#15790,#15792,#15793));
#15795=FACE_OUTER_BOUND('',#15794,.F.);
#15796=ADVANCED_FACE('',(#15795),#15788,.F.);
#15797=CARTESIAN_POINT('',(2.208274919419E0,4.959866675906E0,1.12014E1));
#15798=DIRECTION('',(3.580162308434E-1,-9.337153626522E-1,0.E0));
#15799=DIRECTION('',(9.337153626522E-1,3.580162308434E-1,0.E0));
#15800=AXIS2_PLACEMENT_3D('',#15797,#15798,#15799);
#15801=PLANE('',#15800);
#15802=ORIENTED_EDGE('',*,*,#11914,.T.);
#15803=ORIENTED_EDGE('',*,*,#12803,.T.);
#15804=ORIENTED_EDGE('',*,*,#15791,.T.);
#15805=ORIENTED_EDGE('',*,*,#11450,.F.);
#15806=EDGE_LOOP('',(#15802,#15803,#15804,#15805));
#15807=FACE_OUTER_BOUND('',#15806,.F.);
#15808=ADVANCED_FACE('',(#15807),#15801,.F.);
#15809=CARTESIAN_POINT('',(2.612774326609E0,5.082553892446E0,1.12014E1));
#15810=DIRECTION('',(-9.660232586342E-1,-2.584551484836E-1,0.E0));
#15811=DIRECTION('',(2.584551484836E-1,-9.660232586342E-1,0.E0));
#15812=AXIS2_PLACEMENT_3D('',#15809,#15810,#15811);
#15813=PLANE('',#15812);
#15814=ORIENTED_EDGE('',*,*,#11917,.F.);
#15815=ORIENTED_EDGE('',*,*,#11453,.F.);
#15817=ORIENTED_EDGE('',*,*,#15816,.F.);
#15818=ORIENTED_EDGE('',*,*,#12806,.T.);
#15819=EDGE_LOOP('',(#15814,#15815,#15817,#15818));
#15820=FACE_OUTER_BOUND('',#15819,.F.);
#15821=ADVANCED_FACE('',(#15820),#15813,.F.);
#15822=CARTESIAN_POINT('',(2.714625E0,4.701868423497E0,1.12014E1));
#15823=DIRECTION('',(2.584551484836E-1,-9.660232586342E-1,0.E0));
#15824=DIRECTION('',(9.660232586342E-1,2.584551484836E-1,0.E0));
#15825=AXIS2_PLACEMENT_3D('',#15822,#15823,#15824);
#15826=PLANE('',#15825);
#15827=ORIENTED_EDGE('',*,*,#11899,.T.);
#15828=ORIENTED_EDGE('',*,*,#12808,.T.);
#15829=ORIENTED_EDGE('',*,*,#15816,.T.);
#15830=ORIENTED_EDGE('',*,*,#11435,.F.);
#15831=EDGE_LOOP('',(#15827,#15828,#15829,#15830));
#15832=FACE_OUTER_BOUND('',#15831,.F.);
#15833=ADVANCED_FACE('',(#15832),#15826,.F.);
#15834=CARTESIAN_POINT('',(3.129732823322E0,4.781601845201E0,1.12014E1));
#15835=DIRECTION('',(-9.877472016414E-1,-1.560623774317E-1,0.E0));
#15836=DIRECTION('',(1.560623774317E-1,-9.877472016414E-1,0.E0));
#15837=AXIS2_PLACEMENT_3D('',#15834,#15835,#15836);
#15838=PLANE('',#15837);
#15839=ORIENTED_EDGE('',*,*,#11902,.F.);
#15840=ORIENTED_EDGE('',*,*,#11438,.F.);
#15842=ORIENTED_EDGE('',*,*,#15841,.F.);
#15843=ORIENTED_EDGE('',*,*,#12811,.T.);
#15844=EDGE_LOOP('',(#15839,#15840,#15842,#15843));
#15845=FACE_OUTER_BOUND('',#15844,.F.);
#15846=ADVANCED_FACE('',(#15845),#15838,.F.);
#15847=CARTESIAN_POINT('',(3.191233081009E0,4.392355516710E0,1.12014E1));
#15848=DIRECTION('',(1.560623774317E-1,-9.877472016414E-1,0.E0));
#15849=DIRECTION('',(9.877472016414E-1,1.560623774317E-1,0.E0));
#15850=AXIS2_PLACEMENT_3D('',#15847,#15848,#15849);
#15851=PLANE('',#15850);
#15852=ORIENTED_EDGE('',*,*,#11884,.T.);
#15853=ORIENTED_EDGE('',*,*,#12813,.T.);
#15854=ORIENTED_EDGE('',*,*,#15841,.T.);
#15855=ORIENTED_EDGE('',*,*,#11420,.F.);
#15856=EDGE_LOOP('',(#15852,#15853,#15854,#15855));
#15857=FACE_OUTER_BOUND('',#15856,.F.);
#15858=ADVANCED_FACE('',(#15857),#15851,.F.);
#15859=CARTESIAN_POINT('',(3.612401312283E0,4.428261567526E0,1.12014E1));
#15860=DIRECTION('',(-9.986491796079E-1,-5.195975431460E-2,0.E0));
#15861=DIRECTION('',(5.195975431460E-2,-9.986491796079E-1,0.E0));
#15862=AXIS2_PLACEMENT_3D('',#15859,#15860,#15861);
#15863=PLANE('',#15862);
#15864=ORIENTED_EDGE('',*,*,#11887,.F.);
#15865=ORIENTED_EDGE('',*,*,#11423,.F.);
#15867=ORIENTED_EDGE('',*,*,#15866,.F.);
#15868=ORIENTED_EDGE('',*,*,#12816,.T.);
#15869=EDGE_LOOP('',(#15864,#15865,#15867,#15868));
#15870=FACE_OUTER_BOUND('',#15869,.F.);
#15871=ADVANCED_FACE('',(#15870),#15863,.F.);
#15872=CARTESIAN_POINT('',(3.632877344574E0,4.034719043723E0,1.12014E1));
#15873=DIRECTION('',(5.195975431460E-2,-9.986491796079E-1,0.E0));
#15874=DIRECTION('',(9.986491796079E-1,5.195975431460E-2,0.E0));
#15875=AXIS2_PLACEMENT_3D('',#15872,#15873,#15874);
#15876=PLANE('',#15875);
#15877=ORIENTED_EDGE('',*,*,#11869,.T.);
#15878=ORIENTED_EDGE('',*,*,#12818,.T.);
#15879=ORIENTED_EDGE('',*,*,#15866,.T.);
#15880=ORIENTED_EDGE('',*,*,#11405,.F.);
#15881=EDGE_LOOP('',(#15877,#15878,#15879,#15880));
#15882=FACE_OUTER_BOUND('',#15881,.F.);
#15883=ADVANCED_FACE('',(#15882),#15876,.F.);
#15884=CARTESIAN_POINT('',(4.055491576523E0,4.026404329443E0,1.12014E1));
#15885=DIRECTION('',(-9.986097481819E-1,5.271215074409E-2,0.E0));
#15886=DIRECTION('',(-5.271215074409E-2,-9.986097481819E-1,0.E0));
#15887=AXIS2_PLACEMENT_3D('',#15884,#15885,#15886);
#15888=PLANE('',#15887);
#15889=ORIENTED_EDGE('',*,*,#11872,.F.);
#15890=ORIENTED_EDGE('',*,*,#11408,.F.);
#15892=ORIENTED_EDGE('',*,*,#15891,.F.);
#15893=ORIENTED_EDGE('',*,*,#12821,.T.);
#15894=EDGE_LOOP('',(#15889,#15890,#15892,#15893));
#15895=FACE_OUTER_BOUND('',#15894,.F.);
#15896=ADVANCED_FACE('',(#15895),#15888,.F.);
#15897=CARTESIAN_POINT('',(4.034719043723E0,3.632877344574E0,1.12014E1));
#15898=DIRECTION('',(-5.271215074409E-2,-9.986097481819E-1,0.E0));
#15899=DIRECTION('',(9.986097481819E-1,-5.271215074409E-2,0.E0));
#15900=AXIS2_PLACEMENT_3D('',#15897,#15898,#15899);
#15901=PLANE('',#15900);
#15902=ORIENTED_EDGE('',*,*,#11854,.T.);
#15903=ORIENTED_EDGE('',*,*,#12823,.T.);
#15904=ORIENTED_EDGE('',*,*,#15891,.T.);
#15905=ORIENTED_EDGE('',*,*,#11390,.F.);
#15906=EDGE_LOOP('',(#15902,#15903,#15904,#15905));
#15907=FACE_OUTER_BOUND('',#15906,.F.);
#15908=ADVANCED_FACE('',(#15907),#15901,.F.);
#15909=CARTESIAN_POINT('',(4.454149026385E0,3.580432962948E0,1.12014E1));
#15910=DIRECTION('',(-9.876293393823E-1,1.568065304485E-1,0.E0));
#15911=DIRECTION('',(-1.568065304485E-1,-9.876293393823E-1,0.E0));
#15912=AXIS2_PLACEMENT_3D('',#15909,#15910,#15911);
#15913=PLANE('',#15912);
#15914=ORIENTED_EDGE('',*,*,#11857,.F.);
#15915=ORIENTED_EDGE('',*,*,#11393,.F.);
#15917=ORIENTED_EDGE('',*,*,#15916,.F.);
#15918=ORIENTED_EDGE('',*,*,#12826,.T.);
#15919=EDGE_LOOP('',(#15914,#15915,#15917,#15918));
#15920=FACE_OUTER_BOUND('',#15919,.F.);
#15921=ADVANCED_FACE('',(#15920),#15913,.F.);
#15922=CARTESIAN_POINT('',(4.392355516710E0,3.191233081009E0,1.12014E1));
#15923=DIRECTION('',(-1.568065304485E-1,-9.876293393823E-1,0.E0));
#15924=DIRECTION('',(9.876293393823E-1,-1.568065304485E-1,0.E0));
#15925=AXIS2_PLACEMENT_3D('',#15922,#15923,#15924);
#15926=PLANE('',#15925);
#15927=ORIENTED_EDGE('',*,*,#11839,.T.);
#15928=ORIENTED_EDGE('',*,*,#12828,.T.);
#15929=ORIENTED_EDGE('',*,*,#15916,.T.);
#15930=ORIENTED_EDGE('',*,*,#11375,.F.);
#15931=EDGE_LOOP('',(#15927,#15928,#15929,#15930));
#15932=FACE_OUTER_BOUND('',#15931,.F.);
#15933=ADVANCED_FACE('',(#15932),#15926,.F.);
#15934=CARTESIAN_POINT('',(4.804005887423E0,3.095233623657E0,1.12014E1));
#15935=DIRECTION('',(-9.658282568657E-1,2.591829049914E-1,0.E0));
#15936=DIRECTION('',(-2.591829049914E-1,-9.658282568657E-1,0.E0));
#15937=AXIS2_PLACEMENT_3D('',#15934,#15935,#15936);
#15938=PLANE('',#15937);
#15939=ORIENTED_EDGE('',*,*,#11842,.F.);
#15940=ORIENTED_EDGE('',*,*,#11378,.F.);
#15942=ORIENTED_EDGE('',*,*,#15941,.F.);
#15943=ORIENTED_EDGE('',*,*,#12831,.T.);
#15944=EDGE_LOOP('',(#15939,#15940,#15942,#15943));
#15945=FACE_OUTER_BOUND('',#15944,.F.);
#15946=ADVANCED_FACE('',(#15945),#15938,.F.);
#15947=CARTESIAN_POINT('',(4.701868423497E0,2.714625E0,1.12014E1));
#15948=DIRECTION('',(-2.591829049914E-1,-9.658282568657E-1,0.E0));
#15949=DIRECTION('',(9.658282568657E-1,-2.591829049914E-1,0.E0));
#15950=AXIS2_PLACEMENT_3D('',#15947,#15948,#15949);
#15951=PLANE('',#15950);
#15952=ORIENTED_EDGE('',*,*,#11824,.T.);
#15953=ORIENTED_EDGE('',*,*,#12833,.T.);
#15954=ORIENTED_EDGE('',*,*,#15941,.T.);
#15955=ORIENTED_EDGE('',*,*,#11360,.F.);
#15956=EDGE_LOOP('',(#15952,#15953,#15954,#15955));
#15957=FACE_OUTER_BOUND('',#15956,.F.);
#15958=ADVANCED_FACE('',(#15957),#15951,.F.);
#15959=CARTESIAN_POINT('',(5.101229054655E0,2.576122257066E0,1.12014E1));
#15960=DIRECTION('',(-9.334453578543E-1,3.587196173898E-1,0.E0));
#15961=DIRECTION('',(-3.587196173898E-1,-9.334453578543E-1,0.E0));
#15962=AXIS2_PLACEMENT_3D('',#15959,#15960,#15961);
#15963=PLANE('',#15962);
#15964=ORIENTED_EDGE('',*,*,#11827,.F.);
#15965=ORIENTED_EDGE('',*,*,#11363,.F.);
#15967=ORIENTED_EDGE('',*,*,#15966,.F.);
#15968=ORIENTED_EDGE('',*,*,#12836,.T.);
#15969=EDGE_LOOP('',(#15964,#15965,#15967,#15968));
#15970=FACE_OUTER_BOUND('',#15969,.F.);
#15971=ADVANCED_FACE('',(#15970),#15963,.F.);
#15972=CARTESIAN_POINT('',(4.959866675906E0,2.208274919419E0,1.12014E1));
#15973=DIRECTION('',(-3.587196173898E-1,-9.334453578543E-1,0.E0));
#15974=DIRECTION('',(9.334453578543E-1,-3.587196173898E-1,0.E0));
#15975=AXIS2_PLACEMENT_3D('',#15972,#15973,#15974);
#15976=PLANE('',#15975);
#15977=ORIENTED_EDGE('',*,*,#11809,.T.);
#15978=ORIENTED_EDGE('',*,*,#12838,.T.);
#15979=ORIENTED_EDGE('',*,*,#15966,.T.);
#15980=ORIENTED_EDGE('',*,*,#11345,.F.);
#15981=EDGE_LOOP('',(#15977,#15978,#15979,#15980));
#15982=FACE_OUTER_BOUND('',#15981,.F.);
#15983=ADVANCED_FACE('',(#15982),#15976,.F.);
#15984=CARTESIAN_POINT('',(5.342562088864E0,2.028786355938E0,1.12014E1));
#15985=DIRECTION('',(-8.908354361662E-1,4.543261225931E-1,0.E0));
#15986=DIRECTION('',(-4.543261225931E-1,-8.908354361662E-1,0.E0));
#15987=AXIS2_PLACEMENT_3D('',#15984,#15985,#15986);
#15988=PLANE('',#15987);
#15989=ORIENTED_EDGE('',*,*,#11812,.F.);
#15990=ORIENTED_EDGE('',*,*,#11348,.F.);
#15992=ORIENTED_EDGE('',*,*,#15991,.F.);
#15993=ORIENTED_EDGE('',*,*,#12841,.T.);
#15994=EDGE_LOOP('',(#15989,#15990,#15992,#15993));
#15995=FACE_OUTER_BOUND('',#15994,.F.);
#15996=ADVANCED_FACE('',(#15995),#15988,.F.);
#15997=CARTESIAN_POINT('',(5.163523591095E0,1.677730516710E0,1.12014E1));
#15998=DIRECTION('',(-4.543261225931E-1,-8.908354361662E-1,0.E0));
#15999=DIRECTION('',(8.908354361662E-1,-4.543261225931E-1,0.E0));
#16000=AXIS2_PLACEMENT_3D('',#15997,#15998,#15999);
#16001=PLANE('',#16000);
#16002=ORIENTED_EDGE('',*,*,#11794,.T.);
#16003=ORIENTED_EDGE('',*,*,#12843,.T.);
#16004=ORIENTED_EDGE('',*,*,#15991,.T.);
#16005=ORIENTED_EDGE('',*,*,#11330,.F.);
#16006=EDGE_LOOP('',(#16002,#16003,#16004,#16005));
#16007=FACE_OUTER_BOUND('',#16006,.F.);
#16008=ADVANCED_FACE('',(#16007),#16001,.F.);
#16009=CARTESIAN_POINT('',(5.525360894824E0,1.459222646944E0,1.12014E1));
#16010=DIRECTION('',(-8.384653350203E-1,5.449549357234E-1,0.E0));
#16011=DIRECTION('',(-5.449549357234E-1,-8.384653350203E-1,0.E0));
#16012=AXIS2_PLACEMENT_3D('',#16009,#16010,#16011);
#16013=PLANE('',#16012);
#16014=ORIENTED_EDGE('',*,*,#11797,.F.);
#16015=ORIENTED_EDGE('',*,*,#11333,.F.);
#16017=ORIENTED_EDGE('',*,*,#16016,.F.);
#16018=ORIENTED_EDGE('',*,*,#12846,.T.);
#16019=EDGE_LOOP('',(#16014,#16015,#16017,#16018));
#16020=FACE_OUTER_BOUND('',#16019,.F.);
#16021=ADVANCED_FACE('',(#16020),#16013,.F.);
#16022=CARTESIAN_POINT('',(5.310607861284E0,1.128804547372E0,1.12014E1));
#16023=DIRECTION('',(-5.449549357234E-1,-8.384653350203E-1,0.E0));
#16024=DIRECTION('',(8.384653350203E-1,-5.449549357234E-1,0.E0));
#16025=AXIS2_PLACEMENT_3D('',#16022,#16023,#16024);
#16026=PLANE('',#16025);
#16027=ORIENTED_EDGE('',*,*,#11779,.T.);
#16028=ORIENTED_EDGE('',*,*,#12848,.T.);
#16029=ORIENTED_EDGE('',*,*,#16016,.T.);
#16030=ORIENTED_EDGE('',*,*,#11315,.F.);
#16031=EDGE_LOOP('',(#16027,#16028,#16029,#16030));
#16032=FACE_OUTER_BOUND('',#16031,.F.);
#16033=ADVANCED_FACE('',(#16032),#16026,.F.);
#16034=CARTESIAN_POINT('',(5.647622690565E0,8.736713892678E-1,1.12014E1));
#16035=DIRECTION('',(-7.769088322037E-1,6.296131085388E-1,0.E0));
#16036=DIRECTION('',(-6.296131085388E-1,-7.769088322037E-1,0.E0));
#16037=AXIS2_PLACEMENT_3D('',#16034,#16035,#16036);
#16038=PLANE('',#16037);
#16039=ORIENTED_EDGE('',*,*,#11782,.F.);
#16040=ORIENTED_EDGE('',*,*,#11318,.F.);
#16041=ORIENTED_EDGE('',*,*,#11754,.F.);
#16042=ORIENTED_EDGE('',*,*,#12851,.T.);
#16043=EDGE_LOOP('',(#16039,#16040,#16041,#16042));
#16044=FACE_OUTER_BOUND('',#16043,.F.);
#16045=ADVANCED_FACE('',(#16044),#16038,.F.);
#16046=CLOSED_SHELL('',(#11294,#11309,#11324,#11339,#11354,#11369,#11384,#11399,
#11414,#11429,#11444,#11459,#11474,#11489,#11504,#11519,#11534,#11549,#11564,
#11579,#11594,#11609,#11624,#11639,#11654,#11669,#11684,#11699,#11714,#11729,
#11744,#11759,#11773,#11788,#11803,#11818,#11833,#11848,#11863,#11878,#11893,
#11908,#11923,#11938,#11953,#11968,#11983,#11998,#12013,#12028,#12043,#12058,
#12073,#12088,#12103,#12118,#12133,#12148,#12163,#12178,#12193,#12208,#12224,
#12240,#12256,#12272,#12288,#12304,#12320,#12336,#12352,#12368,#12384,#12400,
#12416,#12432,#12448,#12464,#12480,#12496,#12512,#12528,#12544,#12560,#12576,
#12592,#12608,#12624,#12640,#12656,#12672,#12688,#12702,#12864,#12877,#12891,
#12905,#12920,#12935,#12950,#12965,#12980,#12995,#13010,#13025,#13040,#13055,
#13070,#13085,#13100,#13115,#13130,#13145,#13160,#13175,#13190,#13205,#13220,
#13235,#13250,#13265,#13280,#13295,#13310,#13325,#13340,#13354,#13514,#13527,
#13539,#13552,#13564,#13577,#13589,#13602,#13614,#13627,#13639,#13652,#13664,
#13677,#13689,#13702,#13714,#13727,#13739,#13752,#13764,#13777,#13789,#13802,
#13814,#13827,#13839,#13852,#13864,#13877,#13889,#13902,#13914,#13927,#13939,
#13952,#13964,#13977,#13989,#14002,#14014,#14027,#14039,#14052,#14064,#14077,
#14089,#14102,#14114,#14127,#14139,#14152,#14164,#14177,#14189,#14202,#14214,
#14226,#14242,#14257,#14270,#14295,#14318,#14342,#14361,#14376,#14390,#14404,
#14420,#14439,#14461,#14477,#14495,#14531,#14544,#14557,#14571,#14588,#14602,
#14616,#14629,#14662,#14675,#14688,#14700,#14714,#14747,#14760,#14772,#14786,
#14797,#14810,#14821,#14834,#14847,#14859,#14872,#14883,#14896,#14907,#14919,
#14961,#14977,#14992,#15005,#15020,#15033,#15049,#15064,#15077,#15093,#15108,
#15121,#15137,#15152,#15165,#15180,#15193,#15209,#15224,#15237,#15252,#15265,
#15280,#15293,#15309,#15322,#15333,#15346,#15358,#15371,#15383,#15396,#15408,
#15421,#15433,#15446,#15458,#15471,#15483,#15496,#15508,#15521,#15533,#15546,
#15558,#15571,#15583,#15596,#15608,#15621,#15633,#15646,#15658,#15671,#15683,
#15696,#15708,#15721,#15733,#15746,#15758,#15771,#15783,#15796,#15808,#15821,
#15833,#15846,#15858,#15871,#15883,#15896,#15908,#15921,#15933,#15946,#15958,
#15971,#15983,#15996,#16008,#16021,#16033,#16045));
#16047=MANIFOLD_SOLID_BREP('',#16046);
#16048=FILL_AREA_STYLE_COLOUR('',#748);
#16049=FILL_AREA_STYLE('',(#16048));
#16050=SURFACE_STYLE_FILL_AREA(#16049);
#16051=SURFACE_SIDE_STYLE('',(#16050));
#16052=SURFACE_STYLE_USAGE(.BOTH.,#16051);
#16053=PRESENTATION_STYLE_ASSIGNMENT((#16052));
#4202=STYLED_ITEM('',(#16053),#16047);
#16054=PRESENTATION_LAYER_ASSIGNMENT('SOLID_GEOMETRY_2','',(#4202,#11294,#11309,
#11324,#11339,#11354,#11369,#11384,#11399,#11414,#11429,#11444,#11459,#11474,
#11489,#11504,#11519,#11534,#11549,#11564,#11579,#11594,#11609,#11624,#11639,
#11654,#11669,#11684,#11699,#11714,#11729,#11744,#11759,#11773,#11788,#11803,
#11818,#11833,#11848,#11863,#11878,#11893,#11908,#11923,#11938,#11953,#11968,
#11983,#11998,#12013,#12028,#12043,#12058,#12073,#12088,#12103,#12118,#12133,
#12148,#12163,#12178,#12193,#12208,#12224,#12240,#12256,#12272,#12288,#12304,
#12320,#12336,#12352,#12368,#12384,#12400,#12416,#12432,#12448,#12464,#12480,
#12496,#12512,#12528,#12544,#12560,#12576,#12592,#12608,#12624,#12640,#12656,
#12672,#12688,#12702,#12864,#12877,#12891,#12905,#12920,#12935,#12950,#12965,
#12980,#12995,#13010,#13025,#13040,#13055,#13070,#13085,#13100,#13115,#13130,
#13145,#13160,#13175,#13190,#13205,#13220,#13235,#13250,#13265,#13280,#13295,
#13310,#13325,#13340,#13354,#13514,#13527,#13539,#13552,#13564,#13577,#13589,
#13602,#13614,#13627,#13639,#13652,#13664,#13677,#13689,#13702,#13714,#13727,
#13739,#13752,#13764,#13777,#13789,#13802,#13814,#13827,#13839,#13852,#13864,
#13877,#13889,#13902,#13914,#13927,#13939,#13952,#13964,#13977,#13989,#14002,
#14014,#14027,#14039,#14052,#14064,#14077,#14089,#14102,#14114,#14127,#14139,
#14152,#14164,#14177,#14189,#14202,#14214,#14226,#14242,#14257,#14270,#14295,
#14318,#14342,#14361,#14376,#14390,#14404,#14420,#14439,#14461,#14477,#14495,
#14531,#14544,#14557,#14571,#14588,#14602,#14616,#14629,#14662,#14675,#14688,
#14700,#14714,#14747,#14760,#14772,#14786,#14797,#14810,#14821,#14834,#14847,
#14859,#14872,#14883,#14896,#14907,#14919,#14961,#14977,#14992,#15005,#15020,
#15033,#15049,#15064,#15077,#15093,#15108,#15121,#15137,#15152,#15165,#15180,
#15193,#15209,#15224,#15237,#15252,#15265,#15280,#15293,#15309,#15322,#15333,
#15346,#15358,#15371,#15383,#15396,#15408,#15421,#15433,#15446,#15458,#15471,
#15483,#15496,#15508,#15521,#15533,#15546,#15558,#15571,#15583,#15596,#15608,
#15621,#15633,#15646,#15658,#15671,#15683,#15696,#15708,#15721,#15733,#15746,
#15758,#15771,#15783,#15796,#15808,#15821,#15833,#15846,#15858,#15871,#15883,
#15896,#15908,#15921,#15933,#15946,#15958,#15971,#15983,#15996,#16008,#16021,
#16033,#16045));
#16055=PRESENTATION_LAYER_ASSIGNMENT('INTF_BLUE','',(#4202,#11294,#11309,#11324,
#11339,#11354,#11369,#11384,#11399,#11414,#11429,#11444,#11459,#11474,#11489,
#11504,#11519,#11534,#11549,#11564,#11579,#11594,#11609,#11624,#11639,#11654,
#11669,#11684,#11699,#11714,#11729,#11744,#11759,#11773,#11788,#11803,#11818,
#11833,#11848,#11863,#11878,#11893,#11908,#11923,#11938,#11953,#11968,#11983,
#11998,#12013,#12028,#12043,#12058,#12073,#12088,#12103,#12118,#12133,#12148,
#12163,#12178,#12193,#12208,#12224,#12240,#12256,#12272,#12288,#12304,#12320,
#12336,#12352,#12368,#12384,#12400,#12416,#12432,#12448,#12464,#12480,#12496,
#12512,#12528,#12544,#12560,#12576,#12592,#12608,#12624,#12640,#12656,#12672,
#12688,#12702,#12864,#12877,#12891,#12905,#12920,#12935,#12950,#12965,#12980,
#12995,#13010,#13025,#13040,#13055,#13070,#13085,#13100,#13115,#13130,#13145,
#13160,#13175,#13190,#13205,#13220,#13235,#13250,#13265,#13280,#13295,#13310,
#13325,#13340,#13354,#13514,#13527,#13539,#13552,#13564,#13577,#13589,#13602,
#13614,#13627,#13639,#13652,#13664,#13677,#13689,#13702,#13714,#13727,#13739,
#13752,#13764,#13777,#13789,#13802,#13814,#13827,#13839,#13852,#13864,#13877,
#13889,#13902,#13914,#13927,#13939,#13952,#13964,#13977,#13989,#14002,#14014,
#14027,#14039,#14052,#14064,#14077,#14089,#14102,#14114,#14127,#14139,#14152,
#14164,#14177,#14189,#14202,#14214,#14226,#14242,#14257,#14270,#14295,#14318,
#14342,#14361,#14376,#14390,#14404,#14420,#14439,#14461,#14477,#14495,#14531,
#14544,#14557,#14571,#14588,#14602,#14616,#14629,#14662,#14675,#14688,#14700,
#14714,#14747,#14760,#14772,#14786,#14797,#14810,#14821,#14834,#14847,#14859,
#14872,#14883,#14896,#14907,#14919,#14961,#14977,#14992,#15005,#15020,#15033,
#15049,#15064,#15077,#15093,#15108,#15121,#15137,#15152,#15165,#15180,#15193,
#15209,#15224,#15237,#15252,#15265,#15280,#15293,#15309,#15322,#15333,#15346,
#15358,#15371,#15383,#15396,#15408,#15421,#15433,#15446,#15458,#15471,#15483,
#15496,#15508,#15521,#15533,#15546,#15558,#15571,#15583,#15596,#15608,#15621,
#15633,#15646,#15658,#15671,#15683,#15696,#15708,#15721,#15733,#15746,#15758,
#15771,#15783,#15796,#15808,#15821,#15833,#15846,#15858,#15871,#15883,#15896,
#15908,#15921,#15933,#15946,#15958,#15971,#15983,#15996,#16008,#16021,#16033,
#16045));
#16057=DIMENSIONAL_EXPONENTS(0.E0,0.E0,0.E0,0.E0,0.E0,0.E0,0.E0);
#16059=PLANE_ANGLE_MEASURE_WITH_UNIT(PLANE_ANGLE_MEASURE(1.745329251994E-2),
#16058);
#16060=(CONVERSION_BASED_UNIT('DEGREE',#16059)NAMED_UNIT(*)PLANE_ANGLE_UNIT());
#16062=UNCERTAINTY_MEASURE_WITH_UNIT(LENGTH_MEASURE(7.3E-3),#16056,'closure',
'Maximum model space distance between geometric entities at asserted connectivities');
#16063=(GEOMETRIC_REPRESENTATION_CONTEXT(3)GLOBAL_UNCERTAINTY_ASSIGNED_CONTEXT((
#16062))GLOBAL_UNIT_ASSIGNED_CONTEXT((#16056,#16060,#16061))REPRESENTATION_CONTEXT('ID2','3'));
#16064=CARTESIAN_POINT('',(0.E0,0.E0,0.E0));
#16065=DIRECTION('',(0.E0,0.E0,1.E0));
#16066=DIRECTION('',(1.E0,0.E0,0.E0));
#16069=MECHANICAL_CONTEXT('',#4181,'mechanical');
#16070=PRODUCT('SCREW_CAPTIVE_PF11-M3_5-0_CLSD',
'SCREW_CAPTIVE_PF11-M3_5-0_CLSD','NOT SPECIFIED',(#16069));
#16071=PRODUCT_DEFINITION_FORMATION_WITH_SPECIFIED_SOURCE('2','LAST_VERSION',
#16070,.MADE.);
#16080=CARTESIAN_POINT('',(0.E0,0.E0,0.E0));
#16081=DIRECTION('',(0.E0,0.E0,1.E0));
#16082=DIRECTION('',(1.E0,0.E0,0.E0));
#16083=AXIS2_PLACEMENT_3D('',#16080,#16081,#16082);
#16084=ITEM_DEFINED_TRANSFORMATION('','',#16067,#16083);
#16085=CARTESIAN_POINT('',(0.E0,0.E0,0.E0));
#16086=DIRECTION('',(0.E0,0.E0,1.E0));
#16087=DIRECTION('',(1.E0,0.E0,0.E0));
#16089=(REPRESENTATION_RELATIONSHIP('','',#16068,#16077)REPRESENTATION_RELATIONSHIP_WITH_TRANSFORMATION(#16084)SHAPE_REPRESENTATION_RELATIONSHIP());
#16090=CONTEXT_DEPENDENT_SHAPE_REPRESENTATION(#16089,#16079);
#16091=PRESENTATION_LAYER_ASSIGNMENT('COMPONENTS','',(#4202,#11294,#11309,
#11324,#11339,#11354,#11369,#11384,#11399,#11414,#11429,#11444,#11459,#11474,
#11489,#11504,#11519,#11534,#11549,#11564,#11579,#11594,#11609,#11624,#11639,
#11654,#11669,#11684,#11699,#11714,#11729,#11744,#11759,#11773,#11788,#11803,
#11818,#11833,#11848,#11863,#11878,#11893,#11908,#11923,#11938,#11953,#11968,
#11983,#11998,#12013,#12028,#12043,#12058,#12073,#12088,#12103,#12118,#12133,
#12148,#12163,#12178,#12193,#12208,#12224,#12240,#12256,#12272,#12288,#12304,
#12320,#12336,#12352,#12368,#12384,#12400,#12416,#12432,#12448,#12464,#12480,
#12496,#12512,#12528,#12544,#12560,#12576,#12592,#12608,#12624,#12640,#12656,
#12672,#12688,#12702,#12864,#12877,#12891,#12905,#12920,#12935,#12950,#12965,
#12980,#12995,#13010,#13025,#13040,#13055,#13070,#13085,#13100,#13115,#13130,
#13145,#13160,#13175,#13190,#13205,#13220,#13235,#13250,#13265,#13280,#13295,
#13310,#13325,#13340,#13354,#13514,#13527,#13539,#13552,#13564,#13577,#13589,
#13602,#13614,#13627,#13639,#13652,#13664,#13677,#13689,#13702,#13714,#13727,
#13739,#13752,#13764,#13777,#13789,#13802,#13814,#13827,#13839,#13852,#13864,
#13877,#13889,#13902,#13914,#13927,#13939,#13952,#13964,#13977,#13989,#14002,
#14014,#14027,#14039,#14052,#14064,#14077,#14089,#14102,#14114,#14127,#14139,
#14152,#14164,#14177,#14189,#14202,#14214,#14226,#14242,#14257,#14270,#14295,
#14318,#14342,#14361,#14376,#14390,#14404,#14420,#14439,#14461,#14477,#14495,
#14531,#14544,#14557,#14571,#14588,#14602,#14616,#14629,#14662,#14675,#14688,
#14700,#14714,#14747,#14760,#14772,#14786,#14797,#14810,#14821,#14834,#14847,
#14859,#14872,#14883,#14896,#14907,#14919,#14961,#14977,#14992,#15005,#15020,
#15033,#15049,#15064,#15077,#15093,#15108,#15121,#15137,#15152,#15165,#15180,
#15193,#15209,#15224,#15237,#15252,#15265,#15280,#15293,#15309,#15322,#15333,
#15346,#15358,#15371,#15383,#15396,#15408,#15421,#15433,#15446,#15458,#15471,
#15483,#15496,#15508,#15521,#15533,#15546,#15558,#15571,#15583,#15596,#15608,
#15621,#15633,#15646,#15658,#15671,#15683,#15696,#15708,#15721,#15733,#15746,
#15758,#15771,#15783,#15796,#15808,#15821,#15833,#15846,#15858,#15871,#15883,
#15896,#15908,#15921,#15933,#15946,#15958,#15971,#15983,#15996,#16008,#16021,
#16033,#16045));
#16092=PRESENTATION_LAYER_ASSIGNMENT('SOLID_MODELS','',(#4202,#11294,#11309,
#11324,#11339,#11354,#11369,#11384,#11399,#11414,#11429,#11444,#11459,#11474,
#11489,#11504,#11519,#11534,#11549,#11564,#11579,#11594,#11609,#11624,#11639,
#11654,#11669,#11684,#11699,#11714,#11729,#11744,#11759,#11773,#11788,#11803,
#11818,#11833,#11848,#11863,#11878,#11893,#11908,#11923,#11938,#11953,#11968,
#11983,#11998,#12013,#12028,#12043,#12058,#12073,#12088,#12103,#12118,#12133,
#12148,#12163,#12178,#12193,#12208,#12224,#12240,#12256,#12272,#12288,#12304,
#12320,#12336,#12352,#12368,#12384,#12400,#12416,#12432,#12448,#12464,#12480,
#12496,#12512,#12528,#12544,#12560,#12576,#12592,#12608,#12624,#12640,#12656,
#12672,#12688,#12702,#12864,#12877,#12891,#12905,#12920,#12935,#12950,#12965,
#12980,#12995,#13010,#13025,#13040,#13055,#13070,#13085,#13100,#13115,#13130,
#13145,#13160,#13175,#13190,#13205,#13220,#13235,#13250,#13265,#13280,#13295,
#13310,#13325,#13340,#13354,#13514,#13527,#13539,#13552,#13564,#13577,#13589,
#13602,#13614,#13627,#13639,#13652,#13664,#13677,#13689,#13702,#13714,#13727,
#13739,#13752,#13764,#13777,#13789,#13802,#13814,#13827,#13839,#13852,#13864,
#13877,#13889,#13902,#13914,#13927,#13939,#13952,#13964,#13977,#13989,#14002,
#14014,#14027,#14039,#14052,#14064,#14077,#14089,#14102,#14114,#14127,#14139,
#14152,#14164,#14177,#14189,#14202,#14214,#14226,#14242,#14257,#14270,#14295,
#14318,#14342,#14361,#14376,#14390,#14404,#14420,#14439,#14461,#14477,#14495,
#14531,#14544,#14557,#14571,#14588,#14602,#14616,#14629,#14662,#14675,#14688,
#14700,#14714,#14747,#14760,#14772,#14786,#14797,#14810,#14821,#14834,#14847,
#14859,#14872,#14883,#14896,#14907,#14919,#14961,#14977,#14992,#15005,#15020,
#15033,#15049,#15064,#15077,#15093,#15108,#15121,#15137,#15152,#15165,#15180,
#15193,#15209,#15224,#15237,#15252,#15265,#15280,#15293,#15309,#15322,#15333,
#15346,#15358,#15371,#15383,#15396,#15408,#15421,#15433,#15446,#15458,#15471,
#15483,#15496,#15508,#15521,#15533,#15546,#15558,#15571,#15583,#15596,#15608,
#15621,#15633,#15646,#15658,#15671,#15683,#15696,#15708,#15721,#15733,#15746,
#15758,#15771,#15783,#15796,#15808,#15821,#15833,#15846,#15858,#15871,#15883,
#15896,#15908,#15921,#15933,#15946,#15958,#15971,#15983,#15996,#16008,#16021,
#16033,#16045));
#16094=DIMENSIONAL_EXPONENTS(0.E0,0.E0,0.E0,0.E0,0.E0,0.E0,0.E0);
#16096=PLANE_ANGLE_MEASURE_WITH_UNIT(PLANE_ANGLE_MEASURE(1.745329251994E-2),
#16095);
#16097=(CONVERSION_BASED_UNIT('DEGREE',#16096)NAMED_UNIT(*)PLANE_ANGLE_UNIT());
#16099=UNCERTAINTY_MEASURE_WITH_UNIT(LENGTH_MEASURE(7.3E-3),#16093,'closure',
'Maximum model space distance between geometric entities at asserted connectivities');
#16100=(GEOMETRIC_REPRESENTATION_CONTEXT(3)GLOBAL_UNCERTAINTY_ASSIGNED_CONTEXT((
#16099))GLOBAL_UNIT_ASSIGNED_CONTEXT((#16093,#16097,#16098))REPRESENTATION_CONTEXT('ID3','3'));
#16101=CARTESIAN_POINT('',(0.E0,0.E0,0.E0));
#16102=DIRECTION('',(0.E0,0.E0,1.E0));
#16103=DIRECTION('',(1.E0,0.E0,0.E0));
#16105=DESIGN_CONTEXT('',#4181,'design');
#16106=MECHANICAL_CONTEXT('',#4181,'mechanical');
#16107=PRODUCT('SCREW_CAPTIVE_PF11-M3_5-0_ASM','SCREW_CAPTIVE_PF11-M3_5-0_ASM',
'NOT SPECIFIED',(#16106));
#16108=PRODUCT_DEFINITION_FORMATION_WITH_SPECIFIED_SOURCE('2','LAST_VERSION',
#16107,.MADE.);
#16112=CARTESIAN_POINT('',(9.E0,2.25E1,-1.5E0));
#16113=DIRECTION('',(0.E0,0.E0,-1.E0));
#16114=DIRECTION('',(1.E0,0.E0,0.E0));
#16115=AXIS2_PLACEMENT_3D('',#16112,#16113,#16114);
#16116=ITEM_DEFINED_TRANSFORMATION('','',#16088,#16115);
#16117=(REPRESENTATION_RELATIONSHIP('','',#16077,#4192)REPRESENTATION_RELATIONSHIP_WITH_TRANSFORMATION(#16116)SHAPE_REPRESENTATION_RELATIONSHIP());
#16118=CONTEXT_DEPENDENT_SHAPE_REPRESENTATION(#16117,#16111);
#16121=CARTESIAN_POINT('',(9.E0,-2.25E1,-1.5E0));
#16122=DIRECTION('',(0.E0,0.E0,-1.E0));
#16123=DIRECTION('',(1.E0,0.E0,0.E0));
#16124=AXIS2_PLACEMENT_3D('',#16121,#16122,#16123);
#16125=ITEM_DEFINED_TRANSFORMATION('','',#16088,#16124);
#16126=(REPRESENTATION_RELATIONSHIP('','',#16077,#4192)REPRESENTATION_RELATIONSHIP_WITH_TRANSFORMATION(#16125)SHAPE_REPRESENTATION_RELATIONSHIP());
#16127=CONTEXT_DEPENDENT_SHAPE_REPRESENTATION(#16126,#16120);
#16128=PRESENTATION_LAYER_ASSIGNMENT('COMPONENTS_1','',(#1550,#3094,#3109,#3122,
#3168,#3182,#3194,#3208,#3221,#3235,#3248,#3261,#3276,#3290,#3305,#3318,#3330,
#3343,#3368,#3383,#3397,#3411,#3425,#3439,#3459,#3472,#3484,#3496,#3509,#3522,
#3535,#3550,#3564,#3579,#3592,#3604,#3617,#3662,#3677,#3691,#3706,#3750,#3765,
#3779,#3793,#3807,#3822,#3837,#3852,#3866,#3880,#3892,#3905,#3918,#3933,#3948,
#3963,#3977,#3991,#4003,#4017,#4029,#4043,#4055,#4069,#4082,#4095,#4108,#4121,
#4134,#4147,#4159));
#16129=PRESENTATION_LAYER_ASSIGNMENT('SOLID_MODELS_1','',(#1550,#3094,#3109,
#3122,#3168,#3182,#3194,#3208,#3221,#3235,#3248,#3261,#3276,#3290,#3305,#3318,
#3330,#3343,#3368,#3383,#3397,#3411,#3425,#3439,#3459,#3472,#3484,#3496,#3509,
#3522,#3535,#3550,#3564,#3579,#3592,#3604,#3617,#3662,#3677,#3691,#3706,#3750,
#3765,#3779,#3793,#3807,#3822,#3837,#3852,#3866,#3880,#3892,#3905,#3918,#3933,
#3948,#3963,#3977,#3991,#4003,#4017,#4029,#4043,#4055,#4069,#4082,#4095,#4108,
#4121,#4134,#4147,#4159));
#16131=DIMENSIONAL_EXPONENTS(0.E0,0.E0,0.E0,0.E0,0.E0,0.E0,0.E0);
#16133=PLANE_ANGLE_MEASURE_WITH_UNIT(PLANE_ANGLE_MEASURE(1.745329251994E-2),
#16132);
#16134=(CONVERSION_BASED_UNIT('DEGREE',#16133)NAMED_UNIT(*)PLANE_ANGLE_UNIT());
#16136=UNCERTAINTY_MEASURE_WITH_UNIT(LENGTH_MEASURE(7.3E-3),#16130,'closure',
'Maximum model space distance between geometric entities at asserted connectivities');
#16137=(GEOMETRIC_REPRESENTATION_CONTEXT(3)GLOBAL_UNCERTAINTY_ASSIGNED_CONTEXT((
#16136))GLOBAL_UNIT_ASSIGNED_CONTEXT((#16130,#16134,#16135))REPRESENTATION_CONTEXT('ID4','3'));
#16138=CARTESIAN_POINT('',(0.E0,0.E0,0.E0));
#16139=DIRECTION('',(0.E0,0.E0,1.E0));
#16140=DIRECTION('',(1.E0,0.E0,0.E0));
#16142=MECHANICAL_DESIGN_GEOMETRIC_PRESENTATION_REPRESENTATION('',(#1559,#1567,
#1575,#1583,#1591,#1598,#1605,#1612,#1619,#1627,#1634,#1642,#1649,#1657,#1664,
#1671,#1678,#1686,#1694,#1702,#1710,#1718,#1725,#1733,#1740,#1748,#1755,#1763,
#1770,#1777,#1784,#1791,#1798,#1805,#1812,#1819,#1826,#1833,#1840,#1847,#1854,
#1861,#1869,#1876,#1884,#1891,#1898,#1905,#1913,#1920,#1928,#1935,#1943,#1950,
#1957,#1964,#1972,#1979,#1987,#1994,#2001,#2008,#2015,#2022,#2030,#2037,#2045,
#2052,#2060,#2067,#2074,#2081,#2088,#2095,#2102,#2109,#2116,#2123,#2130,#2137,
#2145,#2152,#2160,#2167,#2174,#2181,#2188,#2196,#2203,#2211,#2218,#2225,#2233,
#2241,#2249,#2257,#2264,#2272,#2279,#2287,#2294,#2302,#2309,#2317,#2325,#2332,
#2340,#2347,#2354,#2362,#2369,#2377,#2384,#2391,#2399,#2407,#2415,#2423,#2430,
#2438,#2445,#2453,#2460,#2468,#2475,#2483,#2491,#2498,#2506,#2513,#2520,#2527,
#2535,#2542,#2550,#2557,#2564,#2571,#2578,#2586,#2593,#2600,#2607,#2614,#2622,
#2629,#2636,#2643,#2650,#2657,#2664,#2671,#2679,#2686,#2693,#2700,#2707,#2714,
#2722,#2729,#2736,#2743,#2750,#2757,#2764,#2771,#2778,#2785,#2792,#2799,#2806,
#2813,#2820,#2827,#2834,#1550,#4210,#4218,#4226,#4234,#4242,#4250,#4258,#4266,
#4274,#4282,#4290,#4298,#4306,#4314,#4322,#4330,#4338,#4346,#4354,#4362,#4370,
#4378,#4386,#4394,#4402,#4410,#4418,#4426,#4434,#4442,#4452,#4462,#4470,#4480,
#4490,#4498,#4508,#4518,#4526,#4536,#4546,#4554,#4564,#4574,#4582,#4592,#4602,
#4610,#4620,#4630,#4638,#4648,#4658,#4666,#4676,#4686,#4694,#4704,#4714,#4722,
#4732,#4742,#4750,#4760,#4770,#4778,#4788,#4798,#4806,#4816,#4826,#4834,#4844,
#4854,#4862,#4872,#4882,#4890,#4900,#4910,#4918,#4928,#4938,#4946,#4956,#4966,
#4974,#4984,#4994,#5002,#5012,#5022,#5030,#5040,#5050,#5058,#5068,#5078,#5086,
#5096,#5106,#5114,#5124,#5134,#5142,#5152,#5162,#5170,#5180,#5190,#5198,#5208,
#5218,#5226,#5236,#5246,#5254,#5264,#5274,#5282,#5289,#5296,#5303,#5310,#5317,
#5324,#5331,#5338,#5345,#5352,#5359,#5366,#5373,#5380,#5387,#5394,#5401,#5408,
#5415,#5422,#5429,#5436,#5443,#5450,#5457,#5464,#5471,#5478,#5485,#5492,#5499,
#5506,#5513,#5520,#5527,#5534,#5541,#5548,#5555,#5562,#5569,#5576,#5583,#5590,
#5597,#5604,#5611,#5618,#5625,#5632,#5639,#5646,#5653,#5660,#5667,#5674,#5681,
#5688,#5695,#5702,#5709,#5716,#5724,#5731,#5738,#5746,#5753,#5760,#5768,#5775,
#5782,#5790,#5797,#5804,#5812,#5819,#5826,#5834,#5841,#5848,#5856,#5863,#5870,
#5878,#5885,#5892,#5900,#5907,#5914,#5922,#5929,#5936,#5944,#5951,#5958,#5966,
#5973,#5980,#5988,#5995,#6002,#6010,#6017,#6024,#6032,#6039,#6046,#6054,#6061,
#6068,#6076,#6083,#6090,#6098,#6105,#6112,#6120,#6127,#6134,#6142,#6149,#6156,
#6164,#6171,#6178,#6186,#6193,#6200,#6208,#6215,#6222,#6230,#6237,#6244,#6252,
#6259,#6266,#6274,#6281,#6288,#6296,#6303,#6310,#6318,#6325,#6332,#6340,#6347,
#6354,#6361,#6369,#6379,#6387,#6396,#6405,#6413,#6422,#6431,#6439,#6448,#6457,
#6465,#6474,#6483,#6491,#6500,#6509,#6517,#6526,#6535,#6543,#6552,#6561,#6569,
#6578,#6587,#6595,#6604,#6613,#6621,#6630,#6639,#6647,#6656,#6665,#6673,#6682,
#6691,#6699,#6708,#6717,#6725,#6734,#6743,#6751,#6760,#6769,#6777,#6786,#6795,
#6803,#6812,#6821,#6829,#6838,#6847,#6855,#6864,#6873,#6881,#6890,#6899,#6907,
#6916,#6925,#6933,#6942,#6951,#6959,#6968,#6977,#6985,#6994,#7003,#7011,#7020,
#7029,#7037,#7046,#7055,#7063,#7072,#7081,#7089,#7098,#7107,#7115,#7124,#7133,
#7141,#7151,#7158,#7165,#7172,#7182,#7192,#7202,#7212,#7222,#7232,#7242,#7252,
#7262,#7272,#7282,#7292,#7302,#7312,#7322,#7332,#7342,#7352,#7362,#7372,#7382,
#7392,#7402,#7412,#7422,#7432,#7442,#7452,#7462,#7472,#7482,#7492,#7502,#7512,
#7522,#7532,#7542,#7552,#7562,#7572,#7582,#7592,#7602,#7612,#7622,#7632,#7642,
#7652,#7662,#7672,#7682,#7692,#7702,#7712,#7722,#7732,#7742,#7752,#7762,#7772,
#7779,#7788,#7796,#7805,#7814,#7822,#7831,#7840,#7848,#7857,#7866,#7874,#7883,
#7892,#7900,#7909,#7918,#7926,#7935,#7944,#7952,#7961,#7970,#7978,#7987,#7996,
#8004,#8013,#8022,#8030,#8039,#8048,#8056,#8065,#8074,#8082,#8091,#8100,#8108,
#8117,#8126,#8134,#8143,#8152,#8160,#8169,#8178,#8186,#8195,#8204,#8212,#8221,
#8230,#8238,#8247,#8256,#8264,#8273,#8282,#8290,#8299,#8308,#8316,#8325,#8334,
#8342,#8351,#8360,#8368,#8377,#8386,#8394,#8403,#8412,#8420,#8429,#8438,#8446,
#8455,#8464,#8472,#8481,#8490,#8498,#8507,#8516,#8524,#8534,#8544,#8552,#8561,
#8568,#8575,#8582,#8589,#8596,#8603,#8610,#8617,#8624,#8631,#8638,#8645,#8652,
#8659,#8666,#8673,#8680,#8687,#8694,#8701,#8708,#8715,#8722,#8729,#8736,#8743,
#8750,#8757,#8765,#8773,#8781,#8789,#8797,#8804,#8812,#8819,#8826,#8833,#8841,
#8849,#8856,#8863,#8870,#8877,#8885,#8892,#8899,#8906,#8914,#8922,#8930,#8937,
#8944,#8951,#8958,#8968,#8975,#8985,#8992,#8999,#9006,#9013,#9021,#9029,#9037,
#9045,#9052,#9059,#9066,#9073,#9083,#9090,#9097,#9104,#9111,#9119,#9127,#9135,
#9143,#9150,#9157,#9164,#9172,#9180,#9188,#9196,#9203,#9211,#9219,#9229,#9236,
#9243,#9250,#9257,#9264,#9271,#9278,#9285,#9292,#9299,#9307,#9314,#9321,#9328,
#9336,#9343,#9350,#9357,#9365,#9372,#9379,#9386,#9394,#9401,#9408,#9415,#9423,
#9430,#9437,#9444,#9452,#9459,#9467,#9475,#9482,#9490,#9498,#9506,#9514,#9522,
#9529,#9537,#9545,#9553,#9561,#9568,#9575,#9583,#9591,#9599,#9607,#9614,#9622,
#9630,#9638,#9646,#9654,#9662,#9670,#9678,#9686,#9694,#9702,#9710,#9718,#9726,
#9734,#9742,#9750,#9758,#9766,#9774,#9782,#9790,#9798,#9806,#9814,#9822,#9830,
#9838,#9846,#9854,#9862,#9870,#9878,#9886,#9894,#9902,#9910,#9917,#9924,#9931,
#9939,#9946,#9954,#9962,#9970,#9978,#9985,#9992,#10000,#10008,#10016,#10024,
#10031,#10038,#10046,#10054,#10062,#10070,#10078,#10085,#10092,#10099,#10107,
#10114,#10122,#10130,#10138,#10146,#10153,#10160,#10168,#10176,#10184,#10191,
#10198,#10205,#10213,#10220,#10228,#10236,#10244,#10252,#10259,#10266,#10273,
#10280,#10287,#10294,#10301,#10308,#10315,#10322,#10329,#10336,#10343,#10350,
#10357,#10364,#10371,#10378,#10385,#10392,#10399,#10406,#10413,#10420,#10427,
#10434,#10441,#10448,#10455,#10462,#4202),#16137);
#16143=MECHANICAL_CONTEXT('',#4181,'mechanical');
#16144=PRODUCT('O19V2_SE_BRKT_CAGE_MNFLD_LH_ASM',
'O19V2_SE_BRKT_CAGE_MNFLD_LH_ASM','NOT SPECIFIED',(#16143));
#16145=PRODUCT_DEFINITION_FORMATION_WITH_SPECIFIED_SOURCE('4','LAST_VERSION',
#16144,.MADE.);
#16147=PRODUCT_CATEGORY('part','');
#16148=PRODUCT_RELATED_PRODUCT_CATEGORY('assembly','',(#16107,#16144));
#16149=PRODUCT_CATEGORY_RELATIONSHIP('','',#16147,#16148);
#16150=PRODUCT_CATEGORY('part','');
#16151=PRODUCT_RELATED_PRODUCT_CATEGORY('detail','',(#4185,#16070));
#16152=PRODUCT_CATEGORY_RELATIONSHIP('','',#16150,#16151);
#16153=SECURITY_CLASSIFICATION_LEVEL('unclassified');
#16154=SECURITY_CLASSIFICATION('','',#16153);
#16155=CC_DESIGN_SECURITY_CLASSIFICATION(#16154,(#4186,#16071,#16108,#16145,
#4193,#16078,#16110,#16119));
#16156=APPROVAL_STATUS('approved');
#16157=APPROVAL(#16156,'');
#16158=CC_DESIGN_APPROVAL(#16157,(#16154,#4186,#16071,#16108,#16145,#4187,
#16072,#16109,#16146));
#16159=CALENDAR_DATE(122,21,6);
#16160=COORDINATED_UNIVERSAL_TIME_OFFSET(5,0,.BEHIND.);
#16161=LOCAL_TIME(9,4,3.3E1,#16160);
#16162=DATE_AND_TIME(#16159,#16161);
#16163=APPROVAL_DATE_TIME(#16162,#16157);
#16164=DATE_TIME_ROLE('creation_date');
#16165=CC_DESIGN_DATE_AND_TIME_ASSIGNMENT(#16162,#16164,(#4187,#16072,#16109,
#16146));
#16166=DATE_TIME_ROLE('classification_date');
#16167=CC_DESIGN_DATE_AND_TIME_ASSIGNMENT(#16162,#16166,(#16154));
#16168=PERSON('UNSPECIFIED','UNSPECIFIED',$,$,$,$);
#16169=ORGANIZATION('UNSPECIFIED','UNSPECIFIED','UNSPECIFIED');
#16170=PERSON_AND_ORGANIZATION(#16168,#16169);
#16171=APPROVAL_ROLE('approver');
#16172=APPROVAL_PERSON_ORGANIZATION(#16170,#16157,#16171);
#16173=PERSON_AND_ORGANIZATION_ROLE('creator');
#16174=CC_DESIGN_PERSON_AND_ORGANIZATION_ASSIGNMENT(#16170,#16173,(#4186,#16071,
#16108,#16145,#4187,#16072,#16109,#16146));
#16175=PERSON_AND_ORGANIZATION_ROLE('design_supplier');
#16176=CC_DESIGN_PERSON_AND_ORGANIZATION_ASSIGNMENT(#16170,#16175,(#4186,#16071,
#16108,#16145));
#16177=PERSON_AND_ORGANIZATION_ROLE('classification_officer');
#16178=CC_DESIGN_PERSON_AND_ORGANIZATION_ASSIGNMENT(#16170,#16177,(#16154));
#16179=PERSON_AND_ORGANIZATION_ROLE('design_owner');
#16180=CC_DESIGN_PERSON_AND_ORGANIZATION_ASSIGNMENT(#16170,#16179,(#16107,
#16144,#4185,#16070));
#1=DRAUGHTING_PRE_DEFINED_COLOUR('black');
#2=COLOUR_RGB('',0.E0,1.29E-1,3.02E-1);
#3=COLOUR_RGB('',0.E0,1.41E-1,3.02E-1);
#4=COLOUR_RGB('',0.E0,1.41E-1,4.12E-1);
#5=COLOUR_RGB('',0.E0,1.41E-1,4.9E-1);
#6=COLOUR_RGB('',0.E0,1.61E-1,1.8E-1);
#7=COLOUR_RGB('',0.E0,1.61E-1,2.51E-1);
#8=COLOUR_RGB('',0.E0,1.69E-1,2.71E-1);
#9=COLOUR_RGB('',0.E0,1.69E-1,3.69E-1);
#10=COLOUR_RGB('',0.E0,1.8E-1,3.88E-1);
#11=COLOUR_RGB('',0.E0,1.88E-1,3.61E-1);
#12=COLOUR_RGB('',0.E0,1.88E-1,5.1E-1);
#13=COLOUR_RGB('',0.E0,2.E-1,2.39E-1);
#14=COLOUR_RGB('',0.E0,2.E-1,3.22E-1);
#15=COLOUR_RGB('',0.E0,2.E-1,6.71E-1);
#16=COLOUR_RGB('',0.E0,2.12E-1,2.9E-1);
#17=COLOUR_RGB('',0.E0,2.12E-1,3.49E-1);
#18=COLOUR_RGB('',0.E0,2.2E-1,5.1E-1);
#19=COLOUR_RGB('',0.E0,2.2E-1,5.88E-1);
#20=COLOUR_RGB('',0.E0,2.31E-1,2.71E-1);
#21=COLOUR_RGB('',0.E0,2.39E-1,3.02E-1);
#22=COLOUR_RGB('',0.E0,2.39E-1,4.31E-1);
#23=COLOUR_RGB('',0.E0,2.51E-1,3.1E-1);
#24=COLOUR_RGB('',0.E0,2.51E-1,4.78E-1);
#25=COLOUR_RGB('',0.E0,2.59E-1,2.12E-1);
#26=COLOUR_RGB('',0.E0,2.71E-1,2.39E-1);
#27=COLOUR_RGB('',0.E0,2.71E-1,3.02E-1);
#28=COLOUR_RGB('',0.E0,2.71E-1,3.41E-1);
#29=COLOUR_RGB('',0.E0,2.78E-1,1.88E-1);
#30=COLOUR_RGB('',0.E0,2.78E-1,4.2E-1);
#31=COLOUR_RGB('',0.E0,2.78E-1,7.29E-1);
#32=COLOUR_RGB('',0.E0,3.02E-1,2.51E-1);
#33=COLOUR_RGB('',0.E0,3.02E-1,4.12E-1);
#34=COLOUR_RGB('',0.E0,3.22E-1,3.41E-1);
#35=COLOUR_RGB('',0.E0,3.29E-1,2.51E-1);
#36=COLOUR_RGB('',0.E0,3.29E-1,3.02E-1);
#37=COLOUR_RGB('',0.E0,3.41E-1,6.51E-1);
#38=COLOUR_RGB('',0.E0,3.49E-1,6.12E-1);
#39=COLOUR_RGB('',0.E0,3.61E-1,2.51E-1);
#40=COLOUR_RGB('',0.E0,3.61E-1,3.29E-1);
#41=COLOUR_RGB('',0.E0,3.69E-1,4.9E-1);
#42=COLOUR_RGB('',0.E0,3.69E-1,7.69E-1);
#43=COLOUR_RGB('',0.E0,3.8E-1,3.88E-1);
#44=COLOUR_RGB('',0.E0,3.8E-1,5.29E-1);
#45=COLOUR_RGB('',0.E0,3.88E-1,2.2E-1);
#46=COLOUR_RGB('',0.E0,4.E-1,2.78E-1);
#47=COLOUR_RGB('',0.E0,4.E-1,3.29E-1);
#48=COLOUR_RGB('',0.E0,4.E-1,3.61E-1);
#49=COLOUR_RGB('',0.E0,4.E-1,6.2E-1);
#50=COLOUR_RGB('',0.E0,4.12E-1,3.41E-1);
#51=COLOUR_RGB('',0.E0,4.12E-1,3.49E-1);
#52=COLOUR_RGB('',0.E0,4.12E-1,4.51E-1);
#53=COLOUR_RGB('',0.E0,4.12E-1,4.78E-1);
#54=COLOUR_RGB('',0.E0,4.12E-1,5.02E-1);
#55=COLOUR_RGB('',0.E0,4.12E-1,5.22E-1);
#56=COLOUR_RGB('',0.E0,4.2E-1,3.29E-1);
#57=COLOUR_RGB('',0.E0,4.31E-1,7.8E-1);
#58=COLOUR_RGB('',0.E0,4.39E-1,4.51E-1);
#59=COLOUR_RGB('',0.E0,4.51E-1,2.12E-1);
#60=COLOUR_RGB('',0.E0,4.51E-1,4.2E-1);
#61=COLOUR_RGB('',0.E0,4.67E-1,7.49E-1);
#62=COLOUR_RGB('',0.E0,4.71E-1,3.29E-1);
#63=COLOUR_RGB('',0.E0,4.71E-1,6.71E-1);
#64=COLOUR_RGB('',0.E0,4.71E-1,6.78E-1);
#65=COLOUR_RGB('',0.E0,4.75E-1,6.12E-1);
#66=COLOUR_RGB('',0.E0,4.78E-1,3.69E-1);
#67=COLOUR_RGB('',0.E0,4.9E-1,4.12E-1);
#68=COLOUR_RGB('',0.E0,4.9E-1,4.39E-1);
#69=COLOUR_RGB('',0.E0,4.9E-1,5.49E-1);
#70=COLOUR_RGB('',0.E0,4.9E-1,8.E-1);
#71=COLOUR_RGB('',0.E0,4.98E-1,5.1E-1);
#72=COLOUR_RGB('',0.E0,4.98E-1,8.E-1);
#73=COLOUR_RGB('',0.E0,5.02E-1,6.2E-1);
#74=COLOUR_RGB('',0.E0,5.1E-1,2.9E-1);
#75=COLOUR_RGB('',0.E0,5.1E-1,4.2E-1);
#76=COLOUR_RGB('',0.E0,5.1E-1,5.49E-1);
#77=COLOUR_RGB('',0.E0,5.22E-1,4.59E-1);
#78=COLOUR_RGB('',0.E0,5.22E-1,5.41E-1);
#79=COLOUR_RGB('',0.E0,5.22E-1,6.31E-1);
#80=COLOUR_RGB('',0.E0,5.29E-1,4.9E-1);
#81=COLOUR_RGB('',0.E0,5.37E-1,4.67E-1);
#82=COLOUR_RGB('',0.E0,5.37E-1,6.86E-1);
#83=COLOUR_RGB('',0.E0,5.41E-1,5.02E-1);
#84=COLOUR_RGB('',0.E0,5.41E-1,7.69E-1);
#85=COLOUR_RGB('',0.E0,5.49E-1,7.29E-1);
#86=COLOUR_RGB('',0.E0,5.49E-1,8.E-1);
#87=COLOUR_RGB('',0.E0,5.60784E-1,2.23529E-1);
#88=COLOUR_RGB('',0.E0,5.69E-1,8.E-1);
#89=COLOUR_RGB('',0.E0,5.8E-1,7.49E-1);
#90=COLOUR_RGB('',0.E0,5.88E-1,2.71E-1);
#91=COLOUR_RGB('',0.E0,5.88E-1,4.67E-1);
#92=COLOUR_RGB('',0.E0,5.88E-1,5.29E-1);
#93=COLOUR_RGB('',0.E0,6.E-1,2.67E-1);
#94=COLOUR_RGB('',0.E0,6.E-1,3.49E-1);
#95=COLOUR_RGB('',0.E0,6.E-1,4.39E-1);
#96=COLOUR_RGB('',0.E0,6.E-1,6.71E-1);
#97=COLOUR_RGB('',0.E0,6.E-1,7.29E-1);
#98=COLOUR_RGB('',0.E0,6.12E-1,5.1E-1);
#99=COLOUR_RGB('',0.E0,6.12E-1,6.39E-1);
#100=COLOUR_RGB('',0.E0,6.2E-1,5.9E-2);
#101=COLOUR_RGB('',0.E0,6.2E-1,5.1E-1);
#102=COLOUR_RGB('',0.E0,6.2E-1,7.29E-1);
#103=COLOUR_RGB('',0.E0,6.2E-1,7.8E-1);
#104=COLOUR_RGB('',0.E0,6.27E-1,5.29E-1);
#105=COLOUR_RGB('',0.E0,6.39E-1,6.12E-1);
#106=COLOUR_RGB('',0.E0,6.39E-1,8.2E-1);
#107=COLOUR_RGB('',0.E0,6.39E-1,8.78E-1);
#108=COLOUR_RGB('',0.E0,6.51E-1,8.39E-1);
#109=COLOUR_RGB('',0.E0,6.51E-1,8.71E-1);
#110=COLOUR_RGB('',0.E0,6.71E-1,3.49E-1);
#111=COLOUR_RGB('',0.E0,6.71E-1,4.12E-1);
#112=COLOUR_RGB('',0.E0,6.71E-1,5.88E-1);
#113=COLOUR_RGB('',0.E0,6.71E-1,7.88E-1);
#114=COLOUR_RGB('',0.E0,6.71E-1,8.2E-1);
#115=COLOUR_RGB('',0.E0,6.78E-1,7.1E-1);
#116=COLOUR_RGB('',0.E0,6.9E-1,3.22E-1);
#117=COLOUR_RGB('',0.E0,6.9E-1,4.78E-1);
#118=COLOUR_RGB('',0.E0,6.9E-1,6.E-1);
#119=COLOUR_RGB('',0.E0,6.9E-1,6.71E-1);
#120=COLOUR_RGB('',0.E0,6.9E-1,7.8E-1);
#121=COLOUR_RGB('',0.E0,7.02E-1,5.61E-1);
#122=COLOUR_RGB('',0.E0,7.02E-1,5.8E-1);
#123=COLOUR_RGB('',0.E0,7.02E-1,6.31E-1);
#124=COLOUR_RGB('',0.E0,7.1E-1,7.41E-1);
#125=COLOUR_RGB('',0.E0,7.1E-1,8.51E-1);
#126=COLOUR_RGB('',0.E0,7.22E-1,8.78E-1);
#127=COLOUR_RGB('',0.E0,7.33333E-1,1.76471E-1);
#128=COLOUR_RGB('',0.E0,7.41E-1,7.1E-1);
#129=COLOUR_RGB('',0.E0,7.49E-1,3.88E-1);
#130=COLOUR_RGB('',0.E0,7.69E-1,7.1E-1);
#131=COLOUR_RGB('',0.E0,7.8E-1,5.1E-1);
#132=COLOUR_RGB('',0.E0,7.88E-1,5.88E-1);
#133=DRAUGHTING_PRE_DEFINED_COLOUR('green');
#134=COLOUR_RGB('',3.922E-3,3.64706E-1,3.21569E-1);
#135=COLOUR_RGB('',7.843E-3,3.37255E-1,4.11765E-1);
#136=COLOUR_RGB('',1.1E-2,1.2E-2,1.E0);
#137=COLOUR_RGB('',2.E-2,1.49E-1,2.2E-1);
#138=COLOUR_RGB('',2.E-2,1.8E-1,1.29E-1);
#139=COLOUR_RGB('',2.E-2,3.29E-1,3.49E-1);
#140=COLOUR_RGB('',2.3529E-2,2.23529E-1,4.43137E-1);
#141=COLOUR_RGB('',2.7E-2,4.7E-2,5.9E-2);
#142=COLOUR_RGB('',3.1E-2,2.E-1,5.61E-1);
#143=COLOUR_RGB('',3.9216E-2,3.9216E-2,3.9216E-2);
#144=COLOUR_RGB('',3.9E-2,4.7E-2,6.7E-2);
#145=COLOUR_RGB('',3.9E-2,1.29E-1,3.1E-1);
#146=COLOUR_RGB('',3.9E-2,5.8E-1,8.39E-1);
#147=COLOUR_RGB('',5.1E-2,1.22E-1,3.8E-1);
#148=COLOUR_RGB('',5.1E-2,3.61E-1,5.69E-1);
#149=COLOUR_RGB('',5.1E-2,4.2E-1,3.02E-1);
#150=COLOUR_RGB('',5.1E-2,6.9E-1,1.69E-1);
#151=COLOUR_RGB('',5.4902E-2,1.60784E-1,2.94118E-1);
#152=COLOUR_RGB('',5.9E-2,5.9E-2,5.9E-2);
#153=COLOUR_RGB('',5.9E-2,1.22E-1,4.78E-1);
#154=COLOUR_RGB('',5.9E-2,1.88E-1,3.88E-1);
#155=COLOUR_RGB('',6.2745E-2,1.72549E-1,3.29412E-1);
#156=COLOUR_RGB('',6.7E-2,4.7E-2,5.9E-2);
#157=COLOUR_RGB('',6.7E-2,6.7E-2,6.7E-2);
#158=COLOUR_RGB('',6.7E-2,6.7E-2,7.8E-2);
#159=COLOUR_RGB('',7.1E-2,1.1E-1,1.49E-1);
#160=COLOUR_RGB('',7.1E-2,1.1E-1,3.02E-1);
#161=COLOUR_RGB('',7.1E-2,3.88E-1,4.2E-1);
#162=COLOUR_RGB('',7.8E-2,1.22E-1,4.71E-1);
#163=COLOUR_RGB('',7.8E-2,1.29E-1,2.59E-1);
#164=COLOUR_RGB('',7.8E-2,3.02E-1,1.61E-1);
#165=COLOUR_RGB('',8.6275E-2,2.07843E-1,2.15686E-1);
#166=COLOUR_RGB('',9.E-2,9.E-2,5.88E-1);
#167=COLOUR_RGB('',9.E-2,1.02E-1,3.88E-1);
#168=COLOUR_RGB('',9.E-2,2.2E-1,2.E-1);
#169=COLOUR_RGB('',9.4118E-2,9.0196E-2,1.09804E-1);
#170=COLOUR_RGB('',1.02E-1,1.88E-1,1.41E-1);
#171=COLOUR_RGB('',1.02E-1,2.78E-1,1.69E-1);
#172=COLOUR_RGB('',1.02E-1,4.59E-1,8.12E-1);
#173=COLOUR_RGB('',1.02E-1,4.71E-1,4.31E-1);
#174=COLOUR_RGB('',1.05882E-1,3.33333E-1,5.13725E-1);
#175=COLOUR_RGB('',1.1E-1,0.E0,4.78E-1);
#176=COLOUR_RGB('',1.1E-1,7.8E-2,4.59E-1);
#177=COLOUR_RGB('',1.09804E-1,1.09804E-1,1.09804E-1);
#178=COLOUR_RGB('',1.1E-1,2.71E-1,2.2E-1);
#179=COLOUR_RGB('',1.09804E-1,3.29412E-1,1.76471E-1);
#180=COLOUR_RGB('',1.1E-1,8.08E-1,1.57E-1);
#181=COLOUR_RGB('',1.13725E-1,1.17647E-1,2.E-1);
#182=COLOUR_RGB('',1.13725E-1,2.E-1,2.90196E-1);
#183=COLOUR_RGB('',1.17647E-1,1.17647E-1,1.17647E-1);
#184=COLOUR_RGB('',1.17647E-1,1.76471E-1,4.31373E-1);
#185=COLOUR_RGB('',1.17647E-1,3.4902E-1,2.70588E-1);
#186=COLOUR_RGB('',1.21569E-1,2.03922E-1,2.19608E-1);
#187=COLOUR_RGB('',1.22E-1,2.2E-1,1.8E-1);
#188=COLOUR_RGB('',1.21569E-1,2.27451E-1,2.39216E-1);
#189=COLOUR_RGB('',1.22E-1,3.8E-1,3.41E-1);
#190=COLOUR_RGB('',1.2549E-1,1.29412E-1,3.09804E-1);
#191=COLOUR_RGB('',1.2549E-1,3.76471E-1,2.39216E-1);
#192=COLOUR_RGB('',1.29E-1,1.02E-1,3.22E-1);
#193=COLOUR_RGB('',1.29E-1,1.29E-1,1.02E-1);
#194=COLOUR_RGB('',1.29E-1,1.29E-1,1.29E-1);
#195=COLOUR_RGB('',1.29E-1,1.8E-1,2.2E-1);
#196=COLOUR_RGB('',1.29E-1,2.59E-1,1.88E-1);
#197=COLOUR_RGB('',1.33333E-1,4.43137E-1,7.01961E-1);
#198=COLOUR_RGB('',1.37255E-1,1.01961E-1,1.41176E-1);
#199=COLOUR_RGB('',1.37255E-1,1.56863E-1,1.68627E-1);
#200=COLOUR_RGB('',1.41E-1,1.41E-1,1.41E-1);
#201=COLOUR_RGB('',1.41E-1,1.61E-1,1.8E-1);
#202=COLOUR_RGB('',1.41E-1,3.41E-1,2.71E-1);
#203=COLOUR_RGB('',1.41E-1,3.69E-1,2.12E-1);
#204=COLOUR_RGB('',1.41E-1,3.8E-1,2.78E-1);
#205=COLOUR_RGB('',1.45098E-1,1.33333E-1,1.05882E-1);
#206=COLOUR_RGB('',1.45098E-1,1.56863E-1,3.13725E-1);
#207=COLOUR_RGB('',1.45098E-1,1.60784E-1,2.90196E-1);
#208=COLOUR_RGB('',1.45098E-1,4.27451E-1,4.82353E-1);
#209=COLOUR_RGB('',1.49E-1,2.E-2,3.22E-1);
#210=COLOUR_RGB('',1.49E-1,5.1E-2,3.29E-1);
#211=COLOUR_RGB('',1.49E-1,1.02E-1,2.51E-1);
#212=COLOUR_RGB('',1.4902E-1,1.45098E-1,1.76471E-1);
#213=COLOUR_RGB('',1.49E-1,3.41E-1,5.29E-1);
#214=COLOUR_RGB('',1.56863E-1,1.56863E-1,1.56863E-1);
#215=COLOUR_RGB('',1.56863E-1,4.47059E-1,2.E-1);
#216=COLOUR_RGB('',1.61E-1,2.E-2,6.31E-1);
#217=COLOUR_RGB('',1.61E-1,9.E-2,4.2E-1);
#218=COLOUR_RGB('',1.61E-1,1.69E-1,2.12E-1);
#219=COLOUR_RGB('',1.61E-1,1.8E-1,1.49E-1);
#220=COLOUR_RGB('',1.60784E-1,1.92157E-1,2.E-1);
#221=COLOUR_RGB('',1.61E-1,2.E-1,3.22E-1);
#222=COLOUR_RGB('',1.61E-1,2.78E-1,2.39E-1);
#223=COLOUR_RGB('',1.61E-1,6.E-1,1.49E-1);
#224=COLOUR_RGB('',1.61E-1,7.61E-1,8.71E-1);
#225=COLOUR_RGB('',1.64706E-1,1.80392E-1,2.94118E-1);
#226=COLOUR_RGB('',1.64706E-1,3.92157E-1,4.70588E-1);
#227=COLOUR_RGB('',1.69E-1,5.1E-2,3.8E-1);
#228=COLOUR_RGB('',1.69E-1,1.61E-1,1.49E-1);
#229=COLOUR_RGB('',1.69E-1,3.41E-1,3.88E-1);
#230=COLOUR_RGB('',1.72549E-1,3.33333E-1,2.70588E-1);
#231=COLOUR_RGB('',1.76471E-1,3.41176E-1,1.72549E-1);
#232=COLOUR_RGB('',1.8E-1,0.E0,6.E-1);
#233=COLOUR_RGB('',1.8E-1,1.41E-1,2.78E-1);
#234=COLOUR_RGB('',1.80392E-1,2.27451E-1,1.37255E-1);
#235=COLOUR_RGB('',1.8E-1,2.51E-1,4.2E-1);
#236=COLOUR_RGB('',1.8E-1,7.8E-1,8.39E-1);
#237=COLOUR_RGB('',1.84314E-1,2.07843E-1,2.31373E-1);
#238=COLOUR_RGB('',1.84314E-1,2.70588E-1,2.19608E-1);
#239=COLOUR_RGB('',1.88E-1,1.8E-1,1.8E-1);
#240=COLOUR_RGB('',1.88235E-1,5.17647E-1,2.7451E-1);
#241=COLOUR_RGB('',1.92157E-1,2.15686E-1,1.68627E-1);
#242=COLOUR_RGB('',1.92157E-1,4.E-1,3.13725E-1);
#243=COLOUR_RGB('',1.92157E-1,4.98039E-1,2.62745E-1);
#244=COLOUR_RGB('',2.E-1,0.E0,3.88E-1);
#245=COLOUR_RGB('',2.E-1,5.1E-2,4.51E-1);
#246=COLOUR_RGB('',2.E-1,1.69E-1,1.41E-1);
#247=COLOUR_RGB('',2.E-1,1.84314E-1,1.72549E-1);
#248=COLOUR_RGB('',2.E-1,1.88E-1,1.69E-1);
#249=COLOUR_RGB('',2.E-1,2.59E-1,7.1E-1);
#250=COLOUR_RGB('',2.E-1,4.51E-1,1.29E-1);
#251=COLOUR_RGB('',2.E-1,5.49E-1,1.49E-1);
#252=COLOUR_RGB('',2.03922E-1,2.31373E-1,1.60784E-1);
#253=COLOUR_RGB('',2.03922E-1,2.43137E-1,2.5098E-1);
#254=COLOUR_RGB('',2.07843E-1,4.07843E-1,1.76471E-1);
#255=COLOUR_RGB('',2.12E-1,5.9E-2,5.61E-1);
#256=COLOUR_RGB('',2.12E-1,2.12E-1,1.88E-1);
#257=COLOUR_RGB('',2.12E-1,3.41E-1,5.49E-1);
#258=COLOUR_RGB('',2.12E-1,6.39E-1,5.69E-1);
#259=COLOUR_RGB('',2.2E-1,1.69E-1,1.49E-1);
#260=COLOUR_RGB('',2.19608E-1,1.72549E-1,1.17647E-1);
#261=COLOUR_RGB('',2.23529E-1,2.07843E-1,1.64706E-1);
#262=COLOUR_RGB('',2.31E-1,1.22E-1,1.8E-1);
#263=COLOUR_RGB('',2.31E-1,1.8E-1,1.61E-1);
#264=COLOUR_RGB('',2.31E-1,2.E-1,1.1E-1);
#265=COLOUR_RGB('',2.31373E-1,2.35294E-1,2.11765E-1);
#266=COLOUR_RGB('',2.31373E-1,5.13725E-1,7.41176E-1);
#267=COLOUR_RGB('',2.39E-1,0.E0,4.51E-1);
#268=COLOUR_RGB('',2.39E-1,1.02E-1,3.29E-1);
#269=COLOUR_RGB('',2.39E-1,1.8E-1,1.1E-1);
#270=COLOUR_RGB('',2.39E-1,2.78E-1,1.29E-1);
#271=COLOUR_RGB('',2.39E-1,3.02E-1,3.49E-1);
#272=COLOUR_RGB('',2.39E-1,3.61E-1,3.41E-1);
#273=COLOUR_RGB('',2.39216E-1,3.92157E-1,1.76471E-1);
#274=COLOUR_RGB('',2.39E-1,8.31E-1,5.22E-1);
#275=COLOUR_RGB('',2.43137E-1,2.31373E-1,1.96078E-1);
#276=COLOUR_RGB('',2.43137E-1,3.72549E-1,5.41176E-1);
#277=COLOUR_RGB('',2.47059E-1,5.33333E-1,5.60784E-1);
#278=COLOUR_RGB('',2.51E-1,7.1E-2,6.51E-1);
#279=COLOUR_RGB('',2.5098E-1,2.27451E-1,2.27451E-1);
#280=COLOUR_RGB('',2.51E-1,2.31E-1,2.E-1);
#281=COLOUR_RGB('',2.51E-1,2.51E-1,2.51E-1);
#282=COLOUR_RGB('',2.51E-1,2.78E-1,7.8E-2);
#283=COLOUR_RGB('',2.51E-1,3.1E-1,1.29E-1);
#284=COLOUR_RGB('',2.54902E-1,1.33333E-1,1.52941E-1);
#285=COLOUR_RGB('',2.58824E-1,2.7451E-1,1.96078E-1);
#286=COLOUR_RGB('',2.59E-1,2.9E-1,3.22E-1);
#287=COLOUR_RGB('',2.59E-1,4.2E-1,7.29E-1);
#288=COLOUR_RGB('',2.63E-1,0.E0,0.E0);
#289=COLOUR_RGB('',2.62745E-1,2.78431E-1,3.13725E-1);
#290=COLOUR_RGB('',2.62745E-1,2.94118E-1,3.01961E-1);
#291=COLOUR_RGB('',2.71E-1,1.1E-1,1.1E-1);
#292=COLOUR_RGB('',2.71E-1,1.8E-1,1.8E-1);
#293=COLOUR_RGB('',2.70588E-1,1.96078E-1,1.80392E-1);
#294=COLOUR_RGB('',2.71E-1,3.1E-1,1.41E-1);
#295=COLOUR_RGB('',2.71E-1,3.88E-1,4.78E-1);
#296=COLOUR_RGB('',2.7451E-1,2.70588E-1,1.92157E-1);
#297=COLOUR_RGB('',2.78E-1,3.9E-2,3.49E-1);
#298=COLOUR_RGB('',2.78E-1,1.49E-1,2.2E-1);
#299=COLOUR_RGB('',2.78E-1,1.61E-1,3.61E-1);
#300=COLOUR_RGB('',2.78E-1,2.E-1,2.E-1);
#301=COLOUR_RGB('',2.78E-1,2.31E-1,3.88E-1);
#302=COLOUR_RGB('',2.78E-1,2.51E-1,1.49E-1);
#303=COLOUR_RGB('',2.78431E-1,2.5098E-1,1.80392E-1);
#304=COLOUR_RGB('',2.78431E-1,2.90196E-1,3.17647E-1);
#305=COLOUR_RGB('',2.78431E-1,2.94118E-1,3.05882E-1);
#306=COLOUR_RGB('',2.78E-1,6.E-1,7.1E-1);
#307=COLOUR_RGB('',2.78E-1,8.39E-1,7.8E-1);
#308=COLOUR_RGB('',2.86275E-1,4.03922E-1,5.52941E-1);
#309=COLOUR_RGB('',2.86275E-1,4.94118E-1,4.62745E-1);
#310=COLOUR_RGB('',2.90196E-1,9.8039E-2,1.72549E-1);
#311=COLOUR_RGB('',2.9E-1,1.41E-1,3.69E-1);
#312=COLOUR_RGB('',2.9E-1,2.2E-1,1.49E-1);
#313=COLOUR_RGB('',2.9E-1,2.71E-1,7.1E-2);
#314=COLOUR_RGB('',2.9E-1,2.71E-1,1.29E-1);
#315=COLOUR_RGB('',2.9E-1,3.8E-1,1.1E-1);
#316=COLOUR_RGB('',2.9E-1,8.E-1,8.31E-1);
#317=COLOUR_RGB('',2.9E-1,8.39E-1,6.78E-1);
#318=COLOUR_RGB('',2.98039E-1,1.84314E-1,1.52941E-1);
#319=COLOUR_RGB('',2.98039E-1,3.17647E-1,2.90196E-1);
#320=COLOUR_RGB('',2.98039E-1,5.68627E-1,2.54902E-1);
#321=COLOUR_RGB('',3.02E-1,1.49E-1,7.1E-2);
#322=COLOUR_RGB('',3.02E-1,1.49E-1,2.31E-1);
#323=COLOUR_RGB('',3.02E-1,1.61E-1,2.59E-1);
#324=COLOUR_RGB('',3.01961E-1,3.37255E-1,2.70588E-1);
#325=COLOUR_RGB('',3.02E-1,3.49E-1,5.1E-2);
#326=COLOUR_RGB('',3.02E-1,3.49E-1,6.71E-1);
#327=COLOUR_RGB('',3.05882E-1,2.31373E-1,1.92157E-1);
#328=COLOUR_RGB('',3.05882E-1,3.29412E-1,3.21569E-1);
#329=COLOUR_RGB('',3.05882E-1,3.41176E-1,3.29412E-1);
#330=COLOUR_RGB('',3.1E-1,0.E0,4.9E-1);
#331=COLOUR_RGB('',3.1E-1,0.E0,5.41E-1);
#332=COLOUR_RGB('',3.1E-1,1.22E-1,1.49E-1);
#333=COLOUR_RGB('',3.1E-1,1.49E-1,3.1E-2);
#334=COLOUR_RGB('',3.1E-1,1.61E-1,1.49E-1);
#335=COLOUR_RGB('',3.1E-1,2.E-1,1.41E-1);
#336=COLOUR_RGB('',3.1E-1,2.9E-1,1.29E-1);
#337=COLOUR_RGB('',3.1E-1,4.31E-1,3.69E-1);
#338=COLOUR_RGB('',3.1E-1,4.71E-1,8.39E-1);
#339=COLOUR_RGB('',3.1E-1,5.49E-1,5.1E-2);
#340=COLOUR_RGB('',3.1E-1,6.59E-1,0.E0);
#341=COLOUR_RGB('',3.1E-1,7.8E-1,7.1E-1);
#342=COLOUR_RGB('',3.22E-1,0.E0,4.2E-1);
#343=COLOUR_RGB('',3.22E-1,1.1E-1,4.71E-1);
#344=COLOUR_RGB('',3.22E-1,1.29E-1,2.71E-1);
#345=COLOUR_RGB('',3.22E-1,1.61E-1,1.1E-1);
#346=COLOUR_RGB('',3.29E-1,1.49E-1,3.41E-1);
#347=COLOUR_RGB('',3.29E-1,2.39E-1,2.39E-1);
#348=COLOUR_RGB('',3.29E-1,2.51E-1,1.22E-1);
#349=COLOUR_RGB('',3.29E-1,3.29E-1,3.29E-1);
#350=COLOUR_RGB('',3.29E-1,3.8E-1,4.31E-1);
#351=COLOUR_RGB('',3.29E-1,4.59E-1,1.69E-1);
#352=COLOUR_RGB('',3.29E-1,7.37E-1,0.E0);
#353=COLOUR_RGB('',3.29E-1,7.61E-1,2.78E-1);
#354=COLOUR_RGB('',3.29E-1,8.59E-1,7.61E-1);
#355=COLOUR_RGB('',3.41E-1,5.1E-1,4.39E-1);
#356=COLOUR_RGB('',3.41E-1,5.41E-1,8.39E-1);
#357=COLOUR_RGB('',3.41176E-1,6.5098E-1,2.23529E-1);
#358=COLOUR_RGB('',3.41E-1,7.1E-1,8.78E-1);
#359=COLOUR_RGB('',3.41E-1,7.49E-1,8.9E-1);
#360=COLOUR_RGB('',3.41E-1,7.8E-1,7.61E-1);
#361=COLOUR_RGB('',3.41E-1,8.31E-1,8.E-1);
#362=COLOUR_RGB('',3.45098E-1,4.47059E-1,2.7451E-1);
#363=COLOUR_RGB('',3.49E-1,0.E0,4.59E-1);
#364=COLOUR_RGB('',3.49E-1,0.E0,5.57E-1);
#365=COLOUR_RGB('',3.49E-1,9.E-2,5.41E-1);
#366=COLOUR_RGB('',3.49E-1,1.29E-1,3.29E-1);
#367=COLOUR_RGB('',3.4902E-1,1.37255E-1,1.29412E-1);
#368=COLOUR_RGB('',3.49E-1,1.49E-1,1.49E-1);
#369=COLOUR_RGB('',3.4902E-1,2.07843E-1,1.21569E-1);
#370=COLOUR_RGB('',3.49E-1,2.51E-1,3.49E-1);
#371=COLOUR_RGB('',3.49E-1,3.1E-1,7.49E-1);
#372=COLOUR_RGB('',3.49E-1,3.49E-1,3.49E-1);
#373=COLOUR_RGB('',3.49E-1,5.29E-1,5.29E-1);
#374=COLOUR_RGB('',3.49E-1,5.61E-1,5.8E-1);
#375=COLOUR_RGB('',3.57E-1,0.E0,4.E-3);
#376=COLOUR_RGB('',3.56863E-1,2.27451E-1,1.60784E-1);
#377=COLOUR_RGB('',3.61E-1,7.8E-2,3.69E-1);
#378=COLOUR_RGB('',3.61E-1,1.1E-1,3.1E-1);
#379=COLOUR_RGB('',3.61E-1,1.49E-1,1.41E-1);
#380=COLOUR_RGB('',3.61E-1,1.69E-1,3.49E-1);
#381=COLOUR_RGB('',3.61E-1,1.88E-1,1.29E-1);
#382=COLOUR_RGB('',3.61E-1,2.2E-1,2.12E-1);
#383=COLOUR_RGB('',3.61E-1,2.78E-1,7.8E-2);
#384=COLOUR_RGB('',3.61E-1,2.78E-1,2.2E-1);
#385=COLOUR_RGB('',3.61E-1,3.22E-1,4.71E-1);
#386=COLOUR_RGB('',3.61E-1,3.61E-1,3.1E-1);
#387=COLOUR_RGB('',3.61E-1,4.39E-1,3.69E-1);
#388=COLOUR_RGB('',3.61E-1,4.71E-1,5.61E-1);
#389=COLOUR_RGB('',3.61E-1,7.29E-1,8.E-1);
#390=COLOUR_RGB('',3.61E-1,7.88E-1,7.29E-1);
#391=COLOUR_RGB('',3.64706E-1,6.07843E-1,6.07843E-1);
#392=COLOUR_RGB('',3.68627E-1,1.29412E-1,1.60784E-1);
#393=COLOUR_RGB('',3.69E-1,2.2E-1,7.1E-2);
#394=COLOUR_RGB('',3.69E-1,3.61E-1,5.9E-2);
#395=COLOUR_RGB('',3.69E-1,4.E-1,2.2E-1);
#396=COLOUR_RGB('',3.69E-1,4.71E-1,1.2E-2);
#397=COLOUR_RGB('',3.69E-1,5.1E-1,6.71E-1);
#398=COLOUR_RGB('',3.69E-1,8.78E-1,2.71E-1);
#399=COLOUR_RGB('',3.76471E-1,4.35294E-1,5.4902E-1);
#400=COLOUR_RGB('',3.8E-1,9.E-2,3.49E-1);
#401=COLOUR_RGB('',3.8E-1,1.29E-1,2.78E-1);
#402=COLOUR_RGB('',3.8E-1,1.88E-1,2.E-2);
#403=COLOUR_RGB('',3.8E-1,2.E-1,7.8E-2);
#404=COLOUR_RGB('',3.8E-1,2.2E-1,3.02E-1);
#405=COLOUR_RGB('',3.8E-1,5.69E-1,2.39E-1);
#406=COLOUR_RGB('',3.8E-1,7.49E-1,1.02E-1);
#407=COLOUR_RGB('',3.88235E-1,2.27451E-1,2.03922E-1);
#408=COLOUR_RGB('',3.88E-1,3.29E-1,7.1E-2);
#409=COLOUR_RGB('',3.88E-1,3.29E-1,2.9E-1);
#410=COLOUR_RGB('',3.88E-1,4.2E-1,4.39E-1);
#411=COLOUR_RGB('',3.88E-1,5.61E-1,2.2E-1);
#412=COLOUR_RGB('',3.88E-1,6.E-1,6.71E-1);
#413=COLOUR_RGB('',3.88E-1,8.E-1,5.88E-1);
#414=COLOUR_RGB('',3.92157E-1,1.41176E-1,1.41176E-1);
#415=COLOUR_RGB('',3.92157E-1,4.19608E-1,3.88235E-1);
#416=COLOUR_RGB('',4.E-1,0.E0,5.29E-1);
#417=COLOUR_RGB('',4.E-1,0.E0,6.31E-1);
#418=COLOUR_RGB('',4.E-1,5.9E-2,4.31E-1);
#419=COLOUR_RGB('',4.E-1,7.8E-2,1.61E-1);
#420=COLOUR_RGB('',4.E-1,1.1E-1,4.71E-1);
#421=COLOUR_RGB('',4.E-1,2.78E-1,4.71E-1);
#422=COLOUR_RGB('',4.E-1,2.9E-1,4.71E-1);
#423=COLOUR_RGB('',4.E-1,3.22E-1,2.39E-1);
#424=COLOUR_RGB('',4.E-1,3.49E-1,3.02E-1);
#425=COLOUR_RGB('',4.E-1,3.88E-1,4.E-1);
#426=COLOUR_RGB('',4.E-1,4.9E-1,4.71E-1);
#427=COLOUR_RGB('',4.E-1,4.9E-1,8.2E-1);
#428=COLOUR_RGB('',4.E-1,6.E-1,7.61E-1);
#429=COLOUR_RGB('',4.E-1,8.31E-1,2.39E-1);
#430=COLOUR_RGB('',4.07843E-1,4.23529E-1,3.68627E-1);
#431=COLOUR_RGB('',4.1E-1,2.61589E-1,1.12848E-1);
#432=COLOUR_RGB('',4.12E-1,1.8E-1,1.22E-1);
#433=COLOUR_RGB('',4.12E-1,2.E-1,1.69E-1);
#434=COLOUR_RGB('',4.12E-1,3.61E-1,0.E0);
#435=COLOUR_RGB('',4.12E-1,8.E-1,9.02E-1);
#436=COLOUR_RGB('',4.15686E-1,3.64706E-1,3.01961E-1);
#437=COLOUR_RGB('',4.15686E-1,3.72549E-1,1.92157E-1);
#438=COLOUR_RGB('',4.2E-1,9.E-2,2.31E-1);
#439=COLOUR_RGB('',4.2E-1,1.1E-1,2.27E-1);
#440=COLOUR_RGB('',4.2E-1,1.8E-1,4.31E-1);
#441=COLOUR_RGB('',4.2E-1,1.88E-1,5.1E-2);
#442=COLOUR_RGB('',4.2E-1,2.78E-1,5.9E-2);
#443=COLOUR_RGB('',4.2E-1,2.9E-1,1.1E-1);
#444=COLOUR_RGB('',4.2E-1,3.61E-1,3.1E-1);
#445=COLOUR_RGB('',4.2E-1,5.1E-1,5.61E-1);
#446=COLOUR_RGB('',4.2E-1,5.61E-1,0.E0);
#447=COLOUR_RGB('',4.2E-1,5.61E-1,7.1E-1);
#448=COLOUR_RGB('',4.2E-1,6.71E-1,3.02E-1);
#449=COLOUR_RGB('',4.23529E-1,2.31373E-1,1.64706E-1);
#450=COLOUR_RGB('',4.23529E-1,2.7451E-1,4.58824E-1);
#451=COLOUR_RGB('',4.23529E-1,4.07843E-1,5.05882E-1);
#452=COLOUR_RGB('',4.23529E-1,4.11765E-1,3.76471E-1);
#453=COLOUR_RGB('',4.23529E-1,4.39216E-1,3.4902E-1);
#454=COLOUR_RGB('',4.23529E-1,4.43137E-1,3.37255E-1);
#455=COLOUR_RGB('',4.27451E-1,2.47059E-1,3.56863E-1);
#456=COLOUR_RGB('',4.27451E-1,3.96078E-1,3.21569E-1);
#457=COLOUR_RGB('',4.31E-1,3.9E-2,4.71E-1);
#458=COLOUR_RGB('',4.31E-1,7.1E-2,4.51E-1);
#459=COLOUR_RGB('',4.31373E-1,1.09804E-1,2.03922E-1);
#460=COLOUR_RGB('',4.31E-1,1.29E-1,2.59E-1);
#461=COLOUR_RGB('',4.31E-1,1.49E-1,2.12E-1);
#462=COLOUR_RGB('',4.31E-1,4.2E-1,5.1E-2);
#463=COLOUR_RGB('',4.31E-1,5.1E-1,2.E-1);
#464=COLOUR_RGB('',4.31E-1,7.88E-1,8.78E-1);
#465=COLOUR_RGB('',4.35294E-1,3.09804E-1,1.56863E-1);
#466=COLOUR_RGB('',4.39E-1,7.1E-2,4.2E-1);
#467=COLOUR_RGB('',4.39E-1,2.E-1,1.22E-1);
#468=COLOUR_RGB('',4.39E-1,2.2E-1,1.41E-1);
#469=COLOUR_RGB('',4.39E-1,2.47E-1,6.86E-1);
#470=COLOUR_RGB('',4.39E-1,2.51E-1,3.69E-1);
#471=COLOUR_RGB('',4.39E-1,2.55E-1,2.24E-1);
#472=COLOUR_RGB('',4.39E-1,2.59E-1,7.8E-2);
#473=COLOUR_RGB('',4.39E-1,3.1E-1,2.71E-1);
#474=COLOUR_RGB('',4.39E-1,3.1E-1,7.49E-1);
#475=COLOUR_RGB('',4.39216E-1,3.2549E-1,2.07843E-1);
#476=COLOUR_RGB('',4.39E-1,3.49E-1,5.9E-2);
#477=COLOUR_RGB('',4.39E-1,3.49E-1,1.1E-1);
#478=COLOUR_RGB('',4.39E-1,4.31E-1,4.39E-1);
#479=COLOUR_RGB('',4.39E-1,4.39E-1,3.8E-1);
#480=COLOUR_RGB('',4.39E-1,4.59E-1,1.69E-1);
#481=COLOUR_RGB('',4.39E-1,4.71E-1,2.71E-1);
#482=COLOUR_RGB('',4.39E-1,5.1E-1,4.39E-1);
#483=COLOUR_RGB('',4.43E-1,4.E-3,4.E-3);
#484=COLOUR_RGB('',4.47E-1,0.E0,5.1E-1);
#485=COLOUR_RGB('',4.47059E-1,7.8431E-2,1.33333E-1);
#486=COLOUR_RGB('',4.51E-1,1.41E-1,4.E-1);
#487=COLOUR_RGB('',4.51E-1,1.61E-1,6.9E-1);
#488=COLOUR_RGB('',4.5098E-1,2.58824E-1,1.33333E-1);
#489=COLOUR_RGB('',4.51E-1,4.2E-1,2.9E-1);
#490=COLOUR_RGB('',4.51E-1,4.51E-1,4.51E-1);
#491=COLOUR_RGB('',4.51E-1,5.61E-1,5.02E-1);
#492=COLOUR_RGB('',4.51E-1,7.1E-1,8.78E-1);
#493=COLOUR_RGB('',4.51E-1,8.71E-1,6.2E-1);
#494=COLOUR_RGB('',4.58824E-1,8.2353E-2,1.17647E-1);
#495=COLOUR_RGB('',4.59E-1,1.49E-1,2.31E-1);
#496=COLOUR_RGB('',4.59E-1,1.61E-1,1.61E-1);
#497=COLOUR_RGB('',4.59E-1,1.61E-1,2.12E-1);
#498=COLOUR_RGB('',4.58824E-1,3.60784E-1,2.82353E-1);
#499=COLOUR_RGB('',4.59E-1,6.39E-1,5.49E-1);
#500=COLOUR_RGB('',4.59E-1,7.61E-1,7.41E-1);
#501=COLOUR_RGB('',4.59E-1,8.2E-1,8.78E-1);
#502=COLOUR_RGB('',4.62745E-1,2.35294E-1,1.56863E-1);
#503=COLOUR_RGB('',4.71E-1,7.8E-2,5.88E-1);
#504=COLOUR_RGB('',4.70588E-1,1.21569E-1,9.8039E-2);
#505=COLOUR_RGB('',4.71E-1,1.22E-1,1.1E-1);
#506=COLOUR_RGB('',4.71E-1,1.61E-1,1.1E-1);
#507=COLOUR_RGB('',4.71E-1,2.E-1,2.71E-1);
#508=COLOUR_RGB('',4.71E-1,2.2E-1,1.8E-1);
#509=COLOUR_RGB('',4.71E-1,2.51E-1,3.1E-2);
#510=COLOUR_RGB('',4.71E-1,3.41E-1,3.9E-2);
#511=COLOUR_RGB('',4.71E-1,4.71E-1,6.9E-1);
#512=COLOUR_RGB('',4.70588E-1,5.21569E-1,5.45098E-1);
#513=COLOUR_RGB('',4.71E-1,5.49E-1,7.02E-1);
#514=COLOUR_RGB('',4.71E-1,5.65E-1,5.41E-1);
#515=COLOUR_RGB('',4.71E-1,5.88E-1,8.12E-1);
#516=COLOUR_RGB('',4.71E-1,7.02E-1,8.78E-1);
#517=COLOUR_RGB('',4.7451E-1,3.33333E-1,2.39216E-1);
#518=COLOUR_RGB('',4.75E-1,8.24E-1,9.02E-1);
#519=COLOUR_RGB('',4.78E-1,7.8E-2,3.22E-1);
#520=COLOUR_RGB('',4.78E-1,1.1E-1,2.39E-1);
#521=COLOUR_RGB('',4.78E-1,1.22E-1,3.69E-1);
#522=COLOUR_RGB('',4.78E-1,4.78E-1,4.71E-1);
#523=COLOUR_RGB('',4.78E-1,6.71E-1,8.71E-1);
#524=COLOUR_RGB('',4.9E-1,1.29E-1,1.69E-1);
#525=COLOUR_RGB('',4.9E-1,1.29E-1,2.9E-1);
#526=COLOUR_RGB('',4.9E-1,3.02E-1,2.2E-1);
#527=COLOUR_RGB('',4.9E-1,4.31E-1,4.E-1);
#528=COLOUR_RGB('',4.9E-1,4.39E-1,3.8E-1);
#529=COLOUR_RGB('',4.9E-1,4.51E-1,4.E-1);
#530=COLOUR_RGB('',4.9E-1,4.71E-1,2.E-2);
#531=COLOUR_RGB('',4.9E-1,4.71E-1,1.69E-1);
#532=COLOUR_RGB('',4.90196E-1,4.98039E-1,4.70588E-1);
#533=COLOUR_RGB('',4.90196E-1,5.17647E-1,4.43137E-1);
#534=COLOUR_RGB('',4.9E-1,5.61E-1,1.61E-1);
#535=COLOUR_RGB('',4.9E-1,6.E-1,7.29E-1);
#536=COLOUR_RGB('',4.9E-1,6.31E-1,5.61E-1);
#537=COLOUR_RGB('',4.9E-1,7.29E-1,0.E0);
#538=COLOUR_RGB('',4.9E-1,7.29E-1,6.9E-1);
#539=COLOUR_RGB('',4.9E-1,8.2E-1,7.22E-1);
#540=COLOUR_RGB('',4.9E-1,8.31E-1,8.71E-1);
#541=COLOUR_RGB('',4.94118E-1,4.82353E-1,3.21569E-1);
#542=COLOUR_RGB('',4.98039E-1,4.62745E-1,4.7451E-1);
#543=COLOUR_RGB('',4.98039E-1,7.09804E-1,7.09804E-1);
#544=COLOUR_RGB('',5.02E-1,1.61E-1,2.39E-1);
#545=COLOUR_RGB('',5.02E-1,2.E-1,2.2E-1);
#546=COLOUR_RGB('',5.02E-1,2.39E-1,1.2E-2);
#547=COLOUR_RGB('',5.02E-1,3.88E-1,5.61E-1);
#548=COLOUR_RGB('',5.02E-1,4.51E-1,5.9E-2);
#549=COLOUR_RGB('',5.02E-1,7.8E-1,7.29E-1);
#550=COLOUR_RGB('',5.04854E-1,1.5455E-2,1.5455E-2);
#551=COLOUR_RGB('',5.06E-1,5.57E-1,4.43E-1);
#552=COLOUR_RGB('',5.1E-1,0.E0,3.69E-1);
#553=COLOUR_RGB('',5.1E-1,0.E0,5.61E-1);
#554=COLOUR_RGB('',5.1E-1,1.1E-1,4.2E-1);
#555=COLOUR_RGB('',5.1E-1,2.39E-1,3.9E-2);
#556=COLOUR_RGB('',5.1E-1,2.39E-1,7.8E-2);
#557=COLOUR_RGB('',5.1E-1,3.49E-1,1.22E-1);
#558=COLOUR_RGB('',5.1E-1,3.8E-1,2.31E-1);
#559=COLOUR_RGB('',5.1E-1,4.E-1,5.1E-2);
#560=COLOUR_RGB('',5.09804E-1,4.23529E-1,2.03922E-1);
#561=COLOUR_RGB('',5.1E-1,4.31E-1,3.49E-1);
#562=COLOUR_RGB('',5.1E-1,4.39E-1,1.49E-1);
#563=COLOUR_RGB('',5.1E-1,4.51E-1,7.29E-1);
#564=COLOUR_RGB('',5.09804E-1,5.09804E-1,5.09804E-1);
#565=COLOUR_RGB('',5.1E-1,5.22E-1,5.22E-1);
#566=COLOUR_RGB('',5.09804E-1,5.37255E-1,5.60784E-1);
#567=COLOUR_RGB('',5.1E-1,6.12E-1,8.31E-1);
#568=COLOUR_RGB('',5.1E-1,7.22E-1,7.88E-1);
#569=COLOUR_RGB('',5.1E-1,8.31E-1,7.69E-1);
#570=COLOUR_RGB('',5.1E-1,8.51E-1,8.31E-1);
#571=COLOUR_RGB('',5.17647E-1,7.64706E-1,7.45098E-1);
#572=COLOUR_RGB('',5.22E-1,1.41E-1,5.61E-1);
#573=COLOUR_RGB('',5.22E-1,2.12E-1,5.9E-2);
#574=COLOUR_RGB('',5.22E-1,4.71E-1,5.1E-2);
#575=COLOUR_RGB('',5.22E-1,5.29E-1,2.E-2);
#576=COLOUR_RGB('',5.22E-1,6.E-1,6.59E-1);
#577=COLOUR_RGB('',5.22E-1,7.8E-1,8.9E-1);
#578=COLOUR_RGB('',5.2549E-1,4.5098E-1,6.31373E-1);
#579=COLOUR_RGB('',5.29E-1,1.6E-2,0.E0);
#580=COLOUR_RGB('',5.29E-1,1.29E-1,1.8E-1);
#581=COLOUR_RGB('',5.29E-1,2.9E-1,3.02E-1);
#582=COLOUR_RGB('',5.29E-1,3.02E-1,7.49E-1);
#583=COLOUR_RGB('',5.29E-1,4.59E-1,7.8E-2);
#584=COLOUR_RGB('',5.29E-1,5.29E-1,5.22E-1);
#585=COLOUR_RGB('',5.29E-1,6.78E-1,6.9E-1);
#586=COLOUR_RGB('',5.29E-1,8.71E-1,8.2E-1);
#587=COLOUR_RGB('',5.37255E-1,5.05882E-1,4.62745E-1);
#588=COLOUR_RGB('',5.37255E-1,6.7451E-1,4.62745E-1);
#589=COLOUR_RGB('',5.41E-1,0.E0,3.02E-1);
#590=COLOUR_RGB('',5.41E-1,0.E0,3.1E-1);
#591=COLOUR_RGB('',5.41E-1,3.61E-1,7.69E-1);
#592=COLOUR_RGB('',5.41176E-1,4.E-1,2.58824E-1);
#593=COLOUR_RGB('',5.41E-1,4.2E-1,4.39E-1);
#594=COLOUR_RGB('',5.41E-1,5.61E-1,2.E-2);
#595=COLOUR_RGB('',5.41E-1,5.69E-1,6.E-1);
#596=COLOUR_RGB('',5.41176E-1,5.84314E-1,5.92157E-1);
#597=COLOUR_RGB('',5.41E-1,8.9E-1,7.61E-1);
#598=COLOUR_RGB('',5.45E-1,4.71E-1,2.9E-1);
#599=COLOUR_RGB('',5.45098E-1,5.4902E-1,4.78431E-1);
#600=COLOUR_RGB('',5.49E-1,1.29E-1,2.9E-1);
#601=COLOUR_RGB('',5.49E-1,2.31E-1,9.E-2);
#602=COLOUR_RGB('',5.49E-1,2.59E-1,0.E0);
#603=COLOUR_RGB('',5.49E-1,2.59E-1,6.78E-1);
#604=COLOUR_RGB('',5.49E-1,3.61E-1,4.78E-1);
#605=COLOUR_RGB('',5.49E-1,4.9E-1,4.39E-1);
#606=COLOUR_RGB('',5.49E-1,5.1E-1,6.2E-1);
#607=COLOUR_RGB('',5.49E-1,5.41E-1,4.78E-1);
#608=COLOUR_RGB('',5.49E-1,5.61E-1,5.69E-1);
#609=COLOUR_RGB('',5.49E-1,5.61E-1,8.39E-1);
#610=COLOUR_RGB('',5.49E-1,5.8E-1,3.02E-1);
#611=COLOUR_RGB('',5.49E-1,6.9E-1,7.49E-1);
#612=COLOUR_RGB('',5.49E-1,8.E-1,8.51E-1);
#613=COLOUR_RGB('',5.53E-1,4.75E-1,5.29E-1);
#614=COLOUR_RGB('',5.52941E-1,5.80392E-1,5.52941E-1);
#615=COLOUR_RGB('',5.56863E-1,2.5098E-1,1.64706E-1);
#616=COLOUR_RGB('',5.57E-1,4.67E-1,3.02E-1);
#617=COLOUR_RGB('',5.61E-1,9.E-2,2.12E-1);
#618=COLOUR_RGB('',5.61E-1,1.29E-1,2.51E-1);
#619=COLOUR_RGB('',5.61E-1,2.E-1,2.12E-1);
#620=COLOUR_RGB('',5.61E-1,3.61E-1,1.88E-1);
#621=COLOUR_RGB('',5.61E-1,4.E-1,4.71E-1);
#622=COLOUR_RGB('',5.61E-1,4.51E-1,3.1E-1);
#623=COLOUR_RGB('',5.61E-1,4.9E-1,8.12E-1);
#624=COLOUR_RGB('',5.61E-1,5.1E-1,4.47E-1);
#625=COLOUR_RGB('',5.60784E-1,5.45098E-1,4.E-1);
#626=COLOUR_RGB('',5.60784E-1,5.60784E-1,5.60784E-1);
#627=COLOUR_RGB('',5.61E-1,8.31E-1,0.E0);
#628=COLOUR_RGB('',5.61E-1,8.39E-1,6.71E-1);
#629=COLOUR_RGB('',5.61E-1,8.9E-1,6.78E-1);
#630=COLOUR_RGB('',5.64706E-1,5.64706E-1,5.64706E-1);
#631=COLOUR_RGB('',5.69E-1,0.E0,2.71E-1);
#632=COLOUR_RGB('',5.69E-1,6.31E-1,6.12E-1);
#633=COLOUR_RGB('',5.69E-1,6.51E-1,8.59E-1);
#634=COLOUR_RGB('',5.72549E-1,1.68627E-1,2.43137E-1);
#635=COLOUR_RGB('',5.72549E-1,3.05882E-1,4.90196E-1);
#636=COLOUR_RGB('',5.76E-1,4.71E-1,3.18E-1);
#637=COLOUR_RGB('',5.8E-1,1.8E-1,7.1E-1);
#638=COLOUR_RGB('',5.8E-1,2.71E-1,3.1E-1);
#639=COLOUR_RGB('',5.8E-1,3.02E-1,1.2E-2);
#640=COLOUR_RGB('',5.8E-1,3.8E-1,7.88E-1);
#641=COLOUR_RGB('',5.8E-1,4.59E-1,3.14E-1);
#642=COLOUR_RGB('',5.8E-1,5.02E-1,3.9E-2);
#643=COLOUR_RGB('',5.8E-1,5.1E-1,3.9E-2);
#644=COLOUR_RGB('',5.8E-1,5.29E-1,4.78E-1);
#645=COLOUR_RGB('',5.8E-1,5.69E-1,3.1E-2);
#646=COLOUR_RGB('',5.8E-1,5.8E-1,5.61E-1);
#647=COLOUR_RGB('',5.8E-1,6.E-1,4.31E-1);
#648=COLOUR_RGB('',5.8E-1,6.59E-1,6.E-1);
#649=COLOUR_RGB('',5.8E-1,7.1E-1,8.78E-1);
#650=COLOUR_RGB('',5.8E-1,8.71E-1,4.31E-1);
#651=COLOUR_RGB('',5.84314E-1,3.72549E-1,1.2549E-1);
#652=COLOUR_RGB('',5.88E-1,2.E-1,5.9E-2);
#653=COLOUR_RGB('',5.88E-1,2.51E-1,4.12E-1);
#654=COLOUR_RGB('',5.88E-1,2.71E-1,5.8E-1);
#655=COLOUR_RGB('',5.88E-1,3.41E-1,0.E0);
#656=COLOUR_RGB('',5.88E-1,3.88E-1,2.E-2);
#657=COLOUR_RGB('',5.88E-1,5.29E-1,4.9E-1);
#658=COLOUR_RGB('',5.88E-1,5.41E-1,3.9E-2);
#659=COLOUR_RGB('',5.88E-1,5.49E-1,3.1E-2);
#660=COLOUR_RGB('',5.88E-1,5.8E-1,5.69E-1);
#661=COLOUR_RGB('',5.88235E-1,6.E-1,5.72549E-1);
#662=COLOUR_RGB('',5.92E-1,4.78E-1,4.16E-1);
#663=COLOUR_RGB('',6.E-1,0.E0,4.39E-1);
#664=COLOUR_RGB('',6.E-1,0.E0,6.71E-1);
#665=COLOUR_RGB('',6.E-1,7.8E-2,1.49E-1);
#666=COLOUR_RGB('',6.E-1,1.02E-1,5.69E-1);
#667=COLOUR_RGB('',6.E-1,1.22E-1,2.12E-1);
#668=COLOUR_RGB('',6.E-1,3.1E-1,7.8E-2);
#669=COLOUR_RGB('',6.E-1,3.29E-1,1.49E-1);
#670=COLOUR_RGB('',6.E-1,3.49E-1,2.E-2);
#671=COLOUR_RGB('',6.E-1,3.88E-1,3.1E-2);
#672=COLOUR_RGB('',6.E-1,4.31E-1,4.59E-1);
#673=COLOUR_RGB('',6.E-1,4.39E-1,3.49E-1);
#674=COLOUR_RGB('',6.E-1,4.55E-1,3.22E-1);
#675=COLOUR_RGB('',6.E-1,5.41E-1,2.59E-1);
#676=COLOUR_RGB('',6.E-1,5.61E-1,1.41E-1);
#677=COLOUR_RGB('',6.E-1,5.61E-1,5.1E-1);
#678=COLOUR_RGB('',6.E-1,6.E-1,3.13725E-1);
#679=COLOUR_RGB('',6.E-1,8.39E-1,8.9E-1);
#680=COLOUR_RGB('',6.E-1,8.59E-1,8.71E-1);
#681=COLOUR_RGB('',6.07843E-1,6.6667E-2,1.17647E-1);
#682=COLOUR_RGB('',6.08E-1,4.16E-1,2.71E-1);
#683=COLOUR_RGB('',6.12E-1,1.02E-1,5.29E-1);
#684=COLOUR_RGB('',6.12E-1,1.22E-1,1.8E-1);
#685=COLOUR_RGB('',6.12E-1,1.88E-1,1.02E-1);
#686=COLOUR_RGB('',6.12E-1,4.39E-1,8.E-1);
#687=COLOUR_RGB('',6.12E-1,5.49E-1,7.88E-1);
#688=COLOUR_RGB('',6.12E-1,5.61E-1,7.88E-1);
#689=COLOUR_RGB('',6.11765E-1,6.11765E-1,6.11765E-1);
#690=COLOUR_RGB('',6.12E-1,6.31E-1,7.41E-1);
#691=COLOUR_RGB('',6.12E-1,6.51E-1,5.88E-1);
#692=COLOUR_RGB('',6.12E-1,7.29E-1,6.51E-1);
#693=COLOUR_RGB('',6.12E-1,7.29E-1,8.39E-1);
#694=COLOUR_RGB('',6.12E-1,8.51E-1,7.61E-1);
#695=COLOUR_RGB('',6.12E-1,8.78E-1,8.39E-1);
#696=COLOUR_RGB('',6.15686E-1,5.68627E-1,3.922E-3);
#697=COLOUR_RGB('',6.15686E-1,6.31373E-1,6.66667E-1);
#698=COLOUR_RGB('',6.2E-1,1.29E-1,2.39E-1);
#699=COLOUR_RGB('',6.2E-1,1.49E-1,1.61E-1);
#700=COLOUR_RGB('',6.2E-1,1.61E-1,1.69E-1);
#701=COLOUR_RGB('',6.2E-1,2.78E-1,4.39E-1);
#702=COLOUR_RGB('',6.2E-1,3.02E-1,3.9E-2);
#703=COLOUR_RGB('',6.2E-1,3.02E-1,6.71E-1);
#704=COLOUR_RGB('',6.2E-1,3.22E-1,2.E-2);
#705=COLOUR_RGB('',6.2E-1,4.39E-1,3.22E-1);
#706=COLOUR_RGB('',6.2E-1,4.9E-1,3.9E-2);
#707=COLOUR_RGB('',6.19608E-1,5.92157E-1,3.92157E-1);
#708=COLOUR_RGB('',6.2E-1,6.E-1,3.22E-1);
#709=COLOUR_RGB('',6.2E-1,6.12E-1,4.39E-1);
#710=COLOUR_RGB('',6.2E-1,6.31E-1,8.59E-1);
#711=COLOUR_RGB('',6.2E-1,6.71E-1,2.E-2);
#712=COLOUR_RGB('',6.2E-1,6.9E-1,7.88E-1);
#713=COLOUR_RGB('',6.2E-1,7.02E-1,5.29E-1);
#714=COLOUR_RGB('',6.2E-1,7.49E-1,8.9E-1);
#715=COLOUR_RGB('',6.2E-1,7.69E-1,0.E0);
#716=COLOUR_RGB('',6.2E-1,7.88E-1,8.9E-1);
#717=COLOUR_RGB('',6.27451E-1,2.03922E-1,4.47059E-1);
#718=COLOUR_RGB('',6.31E-1,0.E0,3.22E-1);
#719=COLOUR_RGB('',6.31E-1,0.E0,5.1E-1);
#720=COLOUR_RGB('',6.31373E-1,1.37255E-1,7.0588E-2);
#721=COLOUR_RGB('',6.31E-1,2.E-1,3.49E-1);
#722=COLOUR_RGB('',6.31E-1,4.9E-1,3.9E-2);
#723=COLOUR_RGB('',6.31E-1,6.2E-1,5.61E-1);
#724=COLOUR_RGB('',6.31E-1,6.39E-1,6.31E-1);
#725=COLOUR_RGB('',6.31E-1,6.78E-1,7.8E-1);
#726=COLOUR_RGB('',6.31E-1,8.E-1,7.69E-1);
#727=COLOUR_RGB('',6.31E-1,8.51E-1,8.39E-1);
#728=COLOUR_RGB('',6.31E-1,8.59E-1,5.29E-1);
#729=COLOUR_RGB('',6.35294E-1,1.37255E-1,1.13725E-1);
#730=COLOUR_RGB('',6.35294E-1,6.86275E-1,7.4902E-1);
#731=COLOUR_RGB('',6.39E-1,2.39E-1,2.E-2);
#732=COLOUR_RGB('',6.39E-1,2.67E-1,8.E-3);
#733=COLOUR_RGB('',6.39E-1,3.8E-1,7.41E-1);
#734=COLOUR_RGB('',6.39E-1,4.E-1,4.2E-1);
#735=COLOUR_RGB('',6.39E-1,5.25E-1,4.16E-1);
#736=COLOUR_RGB('',6.39E-1,5.8E-1,5.29E-1);
#737=COLOUR_RGB('',6.39E-1,6.31E-1,6.E-1);
#738=COLOUR_RGB('',6.39E-1,6.31E-1,6.2E-1);
#739=COLOUR_RGB('',6.39E-1,6.35E-1,6.27E-1);
#740=COLOUR_RGB('',6.40777E-1,6.40777E-1,6.40777E-1);
#741=COLOUR_RGB('',6.39E-1,6.51E-1,6.E-1);
#742=COLOUR_RGB('',6.39E-1,7.41E-1,6.78E-1);
#743=COLOUR_RGB('',6.39E-1,8.51E-1,3.88E-1);
#744=COLOUR_RGB('',6.39E-1,9.06E-1,8.39E-1);
#745=COLOUR_RGB('',6.43137E-1,3.05882E-1,4.90196E-1);
#746=COLOUR_RGB('',6.47059E-1,1.2549E-1,9.8039E-2);
#747=COLOUR_RGB('',6.47E-1,4.47E-1,3.41E-1);
#748=COLOUR_RGB('',6.47059E-1,6.47059E-1,6.47059E-1);
#749=COLOUR_RGB('',6.51E-1,0.E0,4.E-1);
#750=COLOUR_RGB('',6.51E-1,5.9E-2,2.2E-1);
#751=COLOUR_RGB('',6.5098E-1,3.68627E-1,1.80392E-1);
#752=COLOUR_RGB('',6.51E-1,4.78E-1,6.39E-1);
#753=COLOUR_RGB('',6.51E-1,4.9E-1,5.8E-1);
#754=COLOUR_RGB('',6.51E-1,5.1E-1,0.E0);
#755=COLOUR_RGB('',6.51E-1,7.61E-1,8.E-1);
#756=COLOUR_RGB('',6.51E-1,8.39E-1,7.88E-1);
#757=COLOUR_RGB('',6.59E-1,0.E0,4.9E-1);
#758=COLOUR_RGB('',6.59E-1,1.2E-2,3.1E-1);
#759=COLOUR_RGB('',6.59E-1,3.1E-2,3.02E-1);
#760=COLOUR_RGB('',6.59E-1,3.61E-1,2.9E-1);
#761=COLOUR_RGB('',6.59E-1,4.59E-1,4.24E-1);
#762=COLOUR_RGB('',6.59E-1,5.61E-1,3.9E-2);
#763=COLOUR_RGB('',6.59E-1,5.69E-1,6.9E-1);
#764=COLOUR_RGB('',6.59E-1,5.88E-1,3.9E-2);
#765=COLOUR_RGB('',6.59E-1,5.88E-1,5.1E-1);
#766=COLOUR_RGB('',6.59E-1,6.E-1,5.61E-1);
#767=COLOUR_RGB('',6.59E-1,6.78E-1,4.39E-1);
#768=COLOUR_RGB('',6.59E-1,6.78E-1,6.9E-1);
#769=COLOUR_RGB('',6.59E-1,7.1E-1,3.9E-2);
#770=COLOUR_RGB('',6.59E-1,7.69E-1,7.69E-1);
#771=COLOUR_RGB('',6.59E-1,8.71E-1,5.49E-1);
#772=COLOUR_RGB('',6.59E-1,9.02E-1,8.39E-1);
#773=COLOUR_RGB('',6.62745E-1,5.13725E-1,2.7451E-2);
#774=COLOUR_RGB('',6.67E-1,0.E0,5.88E-1);
#775=COLOUR_RGB('',6.67E-1,6.31E-1,5.88E-1);
#776=COLOUR_RGB('',6.71E-1,1.2E-2,3.61E-1);
#777=COLOUR_RGB('',6.71E-1,2.71E-1,7.49E-1);
#778=COLOUR_RGB('',6.71E-1,4.39E-1,2.2E-1);
#779=COLOUR_RGB('',6.71E-1,4.51E-1,2.E-2);
#780=COLOUR_RGB('',6.71E-1,4.51E-1,7.61E-1);
#781=COLOUR_RGB('',6.71E-1,5.1E-1,4.E-1);
#782=COLOUR_RGB('',6.71E-1,5.57E-1,3.9E-2);
#783=COLOUR_RGB('',6.71E-1,6.2E-1,4.31E-1);
#784=COLOUR_RGB('',6.71E-1,6.2E-1,7.49E-1);
#785=COLOUR_RGB('',6.71E-1,6.2E-1,8.51E-1);
#786=COLOUR_RGB('',6.71E-1,6.39E-1,3.9E-2);
#787=COLOUR_RGB('',6.71E-1,6.39E-1,5.29E-1);
#788=COLOUR_RGB('',6.69062E-1,6.69903E-1,6.55217E-1);
#789=COLOUR_RGB('',6.71E-1,6.9E-1,7.8E-1);
#790=COLOUR_RGB('',6.71E-1,7.22E-1,7.61E-1);
#791=COLOUR_RGB('',6.71E-1,7.29E-1,8.71E-1);
#792=COLOUR_RGB('',6.71E-1,7.41E-1,8.9E-1);
#793=COLOUR_RGB('',6.71E-1,8.71E-1,7.41E-1);
#794=COLOUR_RGB('',6.78E-1,0.E0,4.71E-1);
#795=COLOUR_RGB('',6.78E-1,1.2E-2,2.31E-1);
#796=COLOUR_RGB('',6.78E-1,5.1E-2,6.51E-1);
#797=COLOUR_RGB('',6.78E-1,1.49E-1,1.41E-1);
#798=COLOUR_RGB('',6.78E-1,2.78E-1,3.22E-1);
#799=COLOUR_RGB('',6.78E-1,3.92E-1,3.22E-1);
#800=COLOUR_RGB('',6.78E-1,4.2E-1,1.29E-1);
#801=COLOUR_RGB('',6.78E-1,4.51E-1,7.69E-1);
#802=COLOUR_RGB('',6.78E-1,5.8E-1,5.1E-2);
#803=COLOUR_RGB('',6.78E-1,6.31E-1,5.8E-1);
#804=COLOUR_RGB('',6.78E-1,6.71E-1,4.12E-1);
#805=COLOUR_RGB('',6.78E-1,6.71E-1,6.51E-1);
#806=COLOUR_RGB('',6.78E-1,6.78E-1,6.78E-1);
#807=COLOUR_RGB('',6.78E-1,7.29E-1,7.02E-1);
#808=COLOUR_RGB('',6.78E-1,7.49E-1,6.9E-1);
#809=COLOUR_RGB('',6.78E-1,8.12E-1,9.02E-1);
#810=COLOUR_RGB('',6.78E-1,8.59E-1,8.9E-1);
#811=COLOUR_RGB('',6.78E-1,9.1E-1,7.49E-1);
#812=COLOUR_RGB('',6.82353E-1,6.27451E-1,2.94118E-1);
#813=COLOUR_RGB('',6.86275E-1,1.68627E-1,1.17647E-1);
#814=COLOUR_RGB('',6.86275E-1,5.29412E-1,3.13725E-1);
#815=COLOUR_RGB('',6.86E-1,6.51E-1,6.E-1);
#816=COLOUR_RGB('',6.9E-1,1.1E-1,1.8E-1);
#817=COLOUR_RGB('',6.9E-1,2.59E-1,4.12E-1);
#818=COLOUR_RGB('',6.9E-1,4.E-1,3.49E-1);
#819=COLOUR_RGB('',6.9E-1,5.02E-1,3.41E-1);
#820=COLOUR_RGB('',6.9E-1,5.22E-1,7.02E-1);
#821=COLOUR_RGB('',6.9E-1,6.2E-1,5.1E-2);
#822=COLOUR_RGB('',6.9E-1,6.51E-1,7.29E-1);
#823=COLOUR_RGB('',6.9E-1,7.1E-1,5.49E-1);
#824=COLOUR_RGB('',6.9E-1,7.49E-1,7.49E-1);
#825=COLOUR_RGB('',6.9E-1,7.88E-1,7.1E-1);
#826=COLOUR_RGB('',6.9E-1,8.51E-1,9.02E-1);
#827=COLOUR_RGB('',6.9E-1,9.1E-1,7.8E-1);
#828=COLOUR_RGB('',7.02E-1,1.1E-1,2.71E-1);
#829=COLOUR_RGB('',7.01961E-1,1.41176E-1,1.56863E-1);
#830=COLOUR_RGB('',7.01961E-1,1.56863E-1,1.29412E-1);
#831=COLOUR_RGB('',7.02E-1,3.29E-1,3.1E-2);
#832=COLOUR_RGB('',7.02E-1,4.E-1,4.39E-1);
#833=COLOUR_RGB('',7.02E-1,5.49E-1,3.9E-2);
#834=COLOUR_RGB('',7.02E-1,5.61E-1,4.78E-1);
#835=COLOUR_RGB('',7.02E-1,6.71E-1,2.9E-1);
#836=COLOUR_RGB('',7.02E-1,7.8E-1,8.9E-1);
#837=COLOUR_RGB('',7.02E-1,7.88E-1,5.49E-1);
#838=COLOUR_RGB('',7.05882E-1,2.98039E-1,2.62745E-1);
#839=COLOUR_RGB('',7.1E-1,0.E0,5.8E-1);
#840=COLOUR_RGB('',7.1E-1,1.49E-1,4.39E-1);
#841=COLOUR_RGB('',7.1E-1,5.69E-1,8.39E-1);
#842=COLOUR_RGB('',7.1E-1,5.8E-1,6.31E-1);
#843=COLOUR_RGB('',7.1E-1,6.51E-1,4.2E-1);
#844=COLOUR_RGB('',7.1E-1,6.71E-1,8.31E-1);
#845=COLOUR_RGB('',7.1E-1,6.9E-1,6.78E-1);
#846=COLOUR_RGB('',7.1E-1,7.02E-1,5.49E-1);
#847=COLOUR_RGB('',7.1E-1,7.22E-1,6.71E-1);
#848=COLOUR_RGB('',7.1E-1,7.29E-1,2.E-2);
#849=COLOUR_RGB('',7.1E-1,7.49E-1,6.9E-1);
#850=COLOUR_RGB('',7.1E-1,8.43E-1,8.59E-1);
#851=COLOUR_RGB('',7.1E-1,8.51E-1,8.71E-1);
#852=COLOUR_RGB('',7.1E-1,8.71E-1,8.9E-1);
#853=COLOUR_RGB('',7.22E-1,2.2E-1,2.78E-1);
#854=COLOUR_RGB('',7.22E-1,4.12E-1,2.E-2);
#855=COLOUR_RGB('',7.22E-1,4.12E-1,5.49E-1);
#856=COLOUR_RGB('',7.22E-1,4.71E-1,7.49E-1);
#857=COLOUR_RGB('',7.22E-1,6.59E-1,5.1E-2);
#858=COLOUR_RGB('',7.22E-1,6.71E-1,6.2E-1);
#859=COLOUR_RGB('',7.22E-1,7.02E-1,6.78E-1);
#860=COLOUR_RGB('',7.21569E-1,7.17647E-1,6.E-1);
#861=COLOUR_RGB('',7.22E-1,8.E-1,8.71E-1);
#862=COLOUR_RGB('',7.22E-1,8.59E-1,8.39E-1);
#863=COLOUR_RGB('',7.25E-1,4.86E-1,4.27E-1);
#864=COLOUR_RGB('',7.25E-1,8.71E-1,8.82E-1);
#865=COLOUR_RGB('',7.29E-1,7.1E-2,1.69E-1);
#866=COLOUR_RGB('',7.29E-1,1.22E-1,7.1E-1);
#867=COLOUR_RGB('',7.29E-1,3.22E-1,2.E-2);
#868=COLOUR_RGB('',7.29E-1,3.41E-1,0.E0);
#869=COLOUR_RGB('',7.29E-1,4.24E-1,2.86E-1);
#870=COLOUR_RGB('',7.29E-1,4.51E-1,5.88E-1);
#871=COLOUR_RGB('',7.29E-1,4.71E-1,3.69E-1);
#872=COLOUR_RGB('',7.29E-1,5.1E-1,5.22E-1);
#873=COLOUR_RGB('',7.29E-1,5.69E-1,7.29E-1);
#874=COLOUR_RGB('',7.29E-1,6.2E-1,4.E-1);
#875=COLOUR_RGB('',7.29E-1,7.1E-1,6.59E-1);
#876=COLOUR_RGB('',7.29E-1,7.41E-1,7.29E-1);
#877=COLOUR_RGB('',7.29E-1,7.69E-1,5.49E-1);
#878=COLOUR_RGB('',7.29E-1,7.69E-1,8.9E-1);
#879=COLOUR_RGB('',7.29E-1,8.27E-1,8.27E-1);
#880=COLOUR_RGB('',7.29E-1,8.31E-1,2.E-2);
#881=COLOUR_RGB('',7.29E-1,8.31E-1,8.55E-1);
#882=COLOUR_RGB('',7.29E-1,9.1E-1,3.61E-1);
#883=COLOUR_RGB('',7.29E-1,9.1E-1,8.51E-1);
#884=COLOUR_RGB('',7.33E-1,8.47E-1,8.2E-1);
#885=COLOUR_RGB('',7.37E-1,8.78E-1,8.51E-1);
#886=COLOUR_RGB('',7.41E-1,2.2E-1,1.49E-1);
#887=COLOUR_RGB('',7.41E-1,4.E-1,3.9E-2);
#888=COLOUR_RGB('',7.41E-1,4.47E-1,2.35E-1);
#889=COLOUR_RGB('',7.41E-1,6.51E-1,6.51E-1);
#890=COLOUR_RGB('',7.41E-1,6.9E-1,6.51E-1);
#891=COLOUR_RGB('',7.41E-1,8.71E-1,8.31E-1);
#892=COLOUR_RGB('',7.41176E-1,9.2549E-1,7.13725E-1);
#893=COLOUR_RGB('',7.49E-1,0.E0,5.49E-1);
#894=COLOUR_RGB('',7.49E-1,7.1E-2,2.2E-1);
#895=COLOUR_RGB('',7.49E-1,3.61E-1,0.E0);
#896=COLOUR_RGB('',7.49E-1,4.51E-1,1.61E-1);
#897=COLOUR_RGB('',7.49E-1,5.8E-1,5.1E-2);
#898=COLOUR_RGB('',7.49E-1,7.22E-1,3.9E-2);
#899=COLOUR_RGB('',7.49E-1,7.29E-1,7.1E-1);
#900=COLOUR_RGB('',7.49E-1,8.2E-1,6.E-1);
#901=COLOUR_RGB('',7.49E-1,8.2E-1,8.39E-1);
#902=COLOUR_RGB('',7.49E-1,8.59E-1,8.31E-1);
#903=COLOUR_RGB('',7.49E-1,8.9E-1,5.29E-1);
#904=COLOUR_RGB('',7.53E-1,8.31E-1,8.04E-1);
#905=COLOUR_RGB('',7.56863E-1,5.29412E-1,4.19608E-1);
#906=COLOUR_RGB('',7.61E-1,1.8E-1,3.49E-1);
#907=COLOUR_RGB('',7.61E-1,3.69E-1,1.2E-2);
#908=COLOUR_RGB('',7.61E-1,4.E-1,5.22E-1);
#909=COLOUR_RGB('',7.61E-1,4.9E-1,2.E-2);
#910=COLOUR_RGB('',7.61E-1,5.8E-1,4.39E-1);
#911=COLOUR_RGB('',7.61E-1,6.E-1,8.2E-1);
#912=COLOUR_RGB('',7.61E-1,6.2E-1,7.61E-1);
#913=COLOUR_RGB('',7.61E-1,7.02E-1,6.31E-1);
#914=COLOUR_RGB('',7.61E-1,7.1E-1,5.1E-2);
#915=COLOUR_RGB('',7.61E-1,7.1E-1,6.59E-1);
#916=COLOUR_RGB('',7.61E-1,7.22E-1,6.71E-1);
#917=COLOUR_RGB('',7.61E-1,7.29E-1,8.51E-1);
#918=COLOUR_RGB('',7.61E-1,7.49E-1,7.22E-1);
#919=COLOUR_RGB('',7.61E-1,7.61E-1,8.39E-1);
#920=COLOUR_RGB('',7.61E-1,7.69E-1,5.8E-1);
#921=COLOUR_RGB('',7.61E-1,7.69E-1,6.39E-1);
#922=COLOUR_RGB('',7.61E-1,7.8E-1,7.29E-1);
#923=COLOUR_RGB('',7.61E-1,7.88E-1,8.12E-1);
#924=COLOUR_RGB('',7.61E-1,8.12E-1,5.22E-1);
#925=COLOUR_RGB('',7.61E-1,8.63E-1,8.94E-1);
#926=COLOUR_RGB('',7.64706E-1,3.45098E-1,1.92157E-1);
#927=COLOUR_RGB('',7.64706E-1,7.64706E-1,7.64706E-1);
#928=COLOUR_RGB('',7.65E-1,8.12E-1,8.31E-1);
#929=COLOUR_RGB('',7.65E-1,8.82E-1,9.1E-1);
#930=COLOUR_RGB('',7.69E-1,0.E0,5.61E-1);
#931=COLOUR_RGB('',7.69E-1,2.E-2,4.86E-1);
#932=COLOUR_RGB('',7.69E-1,5.61E-1,3.69E-1);
#933=COLOUR_RGB('',7.69E-1,6.2E-1,5.1E-2);
#934=COLOUR_RGB('',7.69E-1,6.51E-1,7.1E-1);
#935=COLOUR_RGB('',7.69E-1,6.51E-1,8.71E-1);
#936=COLOUR_RGB('',7.69E-1,6.78E-1,5.9E-2);
#937=COLOUR_RGB('',7.69E-1,7.41E-1,6.39E-1);
#938=COLOUR_RGB('',7.69E-1,7.8E-1,8.31E-1);
#939=COLOUR_RGB('',7.69E-1,8.2E-1,7.69E-1);
#940=COLOUR_RGB('',7.69E-1,8.39E-1,8.2E-1);
#941=COLOUR_RGB('',7.69E-1,8.59E-1,5.1E-2);
#942=COLOUR_RGB('',7.69E-1,8.9E-1,6.31E-1);
#943=COLOUR_RGB('',7.72549E-1,1.13725E-1,2.03922E-1);
#944=COLOUR_RGB('',7.73E-1,8.39E-1,8.63E-1);
#945=COLOUR_RGB('',7.73E-1,9.1E-1,8.86E-1);
#946=COLOUR_RGB('',7.76E-1,0.E0,2.39E-1);
#947=COLOUR_RGB('',7.76E-1,4.71E-1,3.37E-1);
#948=COLOUR_RGB('',7.76471E-1,6.5098E-1,3.92157E-1);
#949=COLOUR_RGB('',7.76E-1,8.86E-1,8.78E-1);
#950=COLOUR_RGB('',7.8E-1,0.E0,4.9E-1);
#951=COLOUR_RGB('',7.8E-1,2.E-2,2.51E-1);
#952=COLOUR_RGB('',7.8E-1,3.9E-2,5.61E-1);
#953=COLOUR_RGB('',7.8E-1,3.1E-1,3.1E-1);
#954=COLOUR_RGB('',7.8E-1,5.1E-1,8.2E-1);
#955=COLOUR_RGB('',7.8E-1,5.61E-1,2.39E-1);
#956=COLOUR_RGB('',7.8E-1,5.8E-1,5.1E-2);
#957=COLOUR_RGB('',7.8E-1,6.71E-1,6.E-1);
#958=COLOUR_RGB('',7.8E-1,6.78E-1,8.59E-1);
#959=COLOUR_RGB('',7.80392E-1,7.05882E-1,2.7451E-1);
#960=COLOUR_RGB('',7.8E-1,7.41E-1,5.41E-1);
#961=COLOUR_RGB('',7.8E-1,7.49E-1,7.88E-1);
#962=COLOUR_RGB('',7.8E-1,8.E-1,7.69E-1);
#963=COLOUR_RGB('',7.8E-1,8.12E-1,8.51E-1);
#964=COLOUR_RGB('',7.8E-1,8.2E-1,7.69E-1);
#965=COLOUR_RGB('',7.8E-1,8.2E-1,8.9E-1);
#966=COLOUR_RGB('',7.8E-1,8.2E-1,9.02E-1);
#967=COLOUR_RGB('',7.8E-1,8.31E-1,8.78E-1);
#968=COLOUR_RGB('',7.8E-1,8.39E-1,6.39E-1);
#969=COLOUR_RGB('',7.8E-1,8.39E-1,7.8E-1);
#970=COLOUR_RGB('',7.8E-1,8.51E-1,9.02E-1);
#971=COLOUR_RGB('',7.8E-1,8.9E-1,8.51E-1);
#972=COLOUR_RGB('',7.8E-1,9.02E-1,8.9E-1);
#973=COLOUR_RGB('',7.84E-1,8.39E-1,8.71E-1);
#974=COLOUR_RGB('',7.84E-1,8.55E-1,8.94E-1);
#975=COLOUR_RGB('',7.88E-1,0.E0,6.39E-1);
#976=COLOUR_RGB('',7.88235E-1,2.35294E-1,1.2549E-1);
#977=COLOUR_RGB('',7.88E-1,4.78E-1,0.E0);
#978=COLOUR_RGB('',7.88E-1,5.22E-1,6.39E-1);
#979=COLOUR_RGB('',7.88E-1,6.71E-1,5.8E-1);
#980=COLOUR_RGB('',7.88E-1,6.71E-1,6.E-1);
#981=COLOUR_RGB('',7.88E-1,7.1E-1,5.1E-1);
#982=COLOUR_RGB('',7.88E-1,7.69E-1,4.71E-1);
#983=COLOUR_RGB('',7.88E-1,7.69E-1,5.69E-1);
#984=COLOUR_RGB('',7.88E-1,7.8E-1,6.51E-1);
#985=COLOUR_RGB('',7.88E-1,7.88E-1,7.69E-1);
#986=COLOUR_RGB('',7.88E-1,8.39E-1,2.78E-1);
#987=COLOUR_RGB('',7.88E-1,8.47E-1,8.9E-1);
#988=COLOUR_RGB('',7.88E-1,8.59E-1,1.2E-2);
#989=COLOUR_RGB('',7.88E-1,8.59E-1,8.43E-1);
#990=COLOUR_RGB('',7.92157E-1,7.68627E-1,6.90196E-1);
#991=COLOUR_RGB('',7.96078E-1,1.56863E-1,1.29412E-1);
#992=COLOUR_RGB('',7.96078E-1,1.96078E-1,2.03922E-1);
#993=COLOUR_RGB('',7.96E-1,5.18E-1,2.59E-1);
#994=COLOUR_RGB('',7.96E-1,8.78E-1,9.14E-1);
#995=COLOUR_RGB('',8.E-1,1.2E-2,3.61E-1);
#996=COLOUR_RGB('',8.E-1,2.3529E-2,1.9608E-2);
#997=COLOUR_RGB('',8.E-1,4.7E-2,0.E0);
#998=COLOUR_RGB('',8.E-1,1.61E-1,1.69E-1);
#999=COLOUR_RGB('',8.E-1,5.22E-1,5.41E-1);
#1000=COLOUR_RGB('',8.E-1,5.61E-1,5.8E-1);
#1001=COLOUR_RGB('',8.E-1,5.69E-1,4.39E-1);
#1002=COLOUR_RGB('',8.E-1,6.12E-1,8.2E-1);
#1003=COLOUR_RGB('',8.E-1,6.31E-1,2.78E-1);
#1004=COLOUR_RGB('',8.E-1,6.39E-1,8.39E-1);
#1005=COLOUR_RGB('',8.E-1,6.63E-1,8.67E-1);
#1006=COLOUR_RGB('',8.E-1,6.9E-1,7.22E-1);
#1007=COLOUR_RGB('',8.E-1,7.29E-1,8.E-1);
#1008=COLOUR_RGB('',8.E-1,7.69E-1,5.9E-2);
#1009=COLOUR_RGB('',8.E-1,8.E-1,8.9E-1);
#1010=COLOUR_RGB('',8.E-1,8.31E-1,8.59E-1);
#1011=COLOUR_RGB('',8.03922E-1,6.43137E-1,2.03922E-1);
#1012=COLOUR_RGB('',8.04E-1,8.9E-1,9.1E-1);
#1013=COLOUR_RGB('',8.04E-1,9.14E-1,9.02E-1);
#1014=COLOUR_RGB('',8.08E-1,5.88E-1,4.86E-1);
#1015=COLOUR_RGB('',8.08E-1,8.16E-1,8.59E-1);
#1016=COLOUR_RGB('',8.12E-1,1.2E-2,3.61E-1);
#1017=COLOUR_RGB('',8.12E-1,2.E-2,2.71E-1);
#1018=COLOUR_RGB('',8.12E-1,7.8E-2,1.69E-1);
#1019=COLOUR_RGB('',8.12E-1,1.61E-1,1.88E-1);
#1020=COLOUR_RGB('',8.12E-1,3.88E-1,7.8E-1);
#1021=COLOUR_RGB('',8.12E-1,4.12E-1,0.E0);
#1022=COLOUR_RGB('',8.12E-1,5.88E-1,6.9E-1);
#1023=COLOUR_RGB('',8.12E-1,7.29E-1,7.29E-1);
#1024=COLOUR_RGB('',8.12E-1,7.69E-1,7.22E-1);
#1025=COLOUR_RGB('',8.12E-1,7.69E-1,7.29E-1);
#1026=COLOUR_RGB('',8.12E-1,7.88E-1,7.69E-1);
#1027=COLOUR_RGB('',8.12E-1,8.24E-1,8.82E-1);
#1028=COLOUR_RGB('',8.12E-1,9.1E-1,6.12E-1);
#1029=COLOUR_RGB('',8.12E-1,9.22E-1,5.02E-1);
#1030=COLOUR_RGB('',8.16E-1,7.69E-1,8.2E-1);
#1031=COLOUR_RGB('',8.15686E-1,8.15686E-1,8.15686E-1);
#1032=COLOUR_RGB('',8.16E-1,8.71E-1,8.35E-1);
#1033=COLOUR_RGB('',8.16E-1,9.18E-1,9.06E-1);
#1034=COLOUR_RGB('',8.2E-1,0.E0,5.18E-1);
#1035=COLOUR_RGB('',8.2E-1,1.2E-2,4.51E-1);
#1036=COLOUR_RGB('',8.2E-1,2.E-2,4.47E-1);
#1037=COLOUR_RGB('',8.2E-1,8.6E-2,0.E0);
#1038=COLOUR_RGB('',8.2E-1,1.41E-1,1.29E-1);
#1039=COLOUR_RGB('',8.2E-1,3.8E-1,1.2E-2);
#1040=COLOUR_RGB('',8.2E-1,3.8E-1,6.12E-1);
#1041=COLOUR_RGB('',8.2E-1,4.78E-1,1.61E-1);
#1042=COLOUR_RGB('',8.2E-1,6.39E-1,8.E-1);
#1043=COLOUR_RGB('',8.2E-1,6.9E-1,8.E-1);
#1044=COLOUR_RGB('',8.2E-1,7.02E-1,8.E-1);
#1045=COLOUR_RGB('',8.2E-1,7.88E-1,7.41E-1);
#1046=COLOUR_RGB('',8.2E-1,8.E-1,7.69E-1);
#1047=COLOUR_RGB('',8.2E-1,8.2E-1,8.E-1);
#1048=COLOUR_RGB('',8.2E-1,8.31E-1,7.8E-1);
#1049=COLOUR_RGB('',8.2E-1,8.31E-1,8.E-1);
#1050=COLOUR_RGB('',8.2E-1,8.71E-1,9.14E-1);
#1051=COLOUR_RGB('',8.2E-1,8.9E-1,2.2E-1);
#1052=COLOUR_RGB('',8.2E-1,8.9E-1,8.9E-1);
#1053=COLOUR_RGB('',8.27451E-1,4.31373E-1,4.39216E-1);
#1054=COLOUR_RGB('',8.27E-1,7.84E-1,8.51E-1);
#1055=COLOUR_RGB('',8.27E-1,8.63E-1,8.16E-1);
#1056=COLOUR_RGB('',8.31E-1,1.8E-1,7.1E-2);
#1057=COLOUR_RGB('',8.31E-1,2.78E-1,5.9E-2);
#1058=COLOUR_RGB('',8.31E-1,4.9E-1,9.E-2);
#1059=COLOUR_RGB('',8.31E-1,5.22E-1,0.E0);
#1060=COLOUR_RGB('',8.31E-1,5.61E-1,6.51E-1);
#1061=COLOUR_RGB('',8.31E-1,5.88E-1,8.E-1);
#1062=COLOUR_RGB('',8.31E-1,6.59E-1,6.59E-1);
#1063=COLOUR_RGB('',8.31E-1,6.78E-1,5.61E-1);
#1064=COLOUR_RGB('',8.31E-1,6.9E-1,7.1E-2);
#1065=COLOUR_RGB('',8.31E-1,6.9E-1,8.51E-1);
#1066=COLOUR_RGB('',8.31E-1,7.49E-1,7.1E-2);
#1067=COLOUR_RGB('',8.31E-1,7.88E-1,7.41E-1);
#1068=COLOUR_RGB('',8.31E-1,8.31E-1,7.22E-1);
#1069=COLOUR_RGB('',8.31E-1,8.39E-1,8.51E-1);
#1070=COLOUR_RGB('',8.31E-1,8.71E-1,7.1E-1);
#1071=COLOUR_RGB('',8.31E-1,8.9E-1,8.59E-1);
#1072=COLOUR_RGB('',8.31E-1,9.1E-1,9.14E-1);
#1073=COLOUR_RGB('',8.35294E-1,1.88235E-1,1.96078E-1);
#1074=COLOUR_RGB('',8.39E-1,0.E0,4.31E-1);
#1075=COLOUR_RGB('',8.39E-1,1.1E-1,2.2E-1);
#1076=COLOUR_RGB('',8.39E-1,1.29E-1,0.E0);
#1077=COLOUR_RGB('',8.39E-1,3.88E-1,4.51E-1);
#1078=COLOUR_RGB('',8.39E-1,5.49E-1,6.31E-1);
#1079=COLOUR_RGB('',8.39E-1,5.61E-1,3.29E-1);
#1080=COLOUR_RGB('',8.39E-1,6.39E-1,8.59E-1);
#1081=COLOUR_RGB('',8.39E-1,6.71E-1,5.1E-1);
#1082=COLOUR_RGB('',8.39216E-1,6.82353E-1,3.922E-3);
#1083=COLOUR_RGB('',8.39E-1,7.49E-1,5.69E-1);
#1084=COLOUR_RGB('',8.39E-1,7.49E-1,6.59E-1);
#1085=COLOUR_RGB('',8.39E-1,7.49E-1,6.9E-1);
#1086=COLOUR_RGB('',8.39E-1,7.69E-1,6.E-1);
#1087=COLOUR_RGB('',8.39216E-1,7.80392E-1,5.80392E-1);
#1088=COLOUR_RGB('',8.39E-1,7.8E-1,7.22E-1);
#1089=COLOUR_RGB('',8.39E-1,8.E-1,6.39E-1);
#1090=COLOUR_RGB('',8.39E-1,8.12E-1,2.51E-1);
#1091=COLOUR_RGB('',8.39E-1,8.2E-1,6.51E-1);
#1092=COLOUR_RGB('',8.39E-1,8.31E-1,6.71E-1);
#1093=COLOUR_RGB('',8.39E-1,8.39E-1,4.7E-2);
#1094=COLOUR_RGB('',8.39E-1,8.51E-1,8.71E-1);
#1095=COLOUR_RGB('',8.39E-1,8.55E-1,7.88E-1);
#1096=COLOUR_RGB('',8.39E-1,8.71E-1,4.2E-1);
#1097=COLOUR_RGB('',8.39E-1,8.71E-1,8.51E-1);
#1098=COLOUR_RGB('',8.39E-1,8.9E-1,5.9E-2);
#1099=COLOUR_RGB('',8.39E-1,8.9E-1,9.02E-1);
#1100=COLOUR_RGB('',8.43137E-1,1.76471E-1,4.27451E-1);
#1101=COLOUR_RGB('',8.43E-1,8.43E-1,8.2E-1);
#1102=COLOUR_RGB('',8.43137E-1,8.43137E-1,8.43137E-1);
#1103=COLOUR_RGB('',8.43E-1,8.51E-1,8.94E-1);
#1104=COLOUR_RGB('',8.43E-1,8.94E-1,8.59E-1);
#1105=COLOUR_RGB('',8.47059E-1,2.94118E-1,1.2549E-1);
#1106=COLOUR_RGB('',8.47E-1,8.9E-1,9.1E-1);
#1107=COLOUR_RGB('',8.51E-1,0.E0,6.51E-1);
#1108=COLOUR_RGB('',8.51E-1,1.61E-1,6.71E-1);
#1109=COLOUR_RGB('',8.51E-1,3.1E-1,0.E0);
#1110=COLOUR_RGB('',8.5098E-1,3.13725E-1,1.88235E-1);
#1111=COLOUR_RGB('',8.51E-1,3.49E-1,0.E0);
#1112=COLOUR_RGB('',8.51E-1,4.51E-1,0.E0);
#1113=COLOUR_RGB('',8.51E-1,5.1E-1,7.49E-1);
#1114=COLOUR_RGB('',8.51E-1,6.59E-1,5.41E-1);
#1115=COLOUR_RGB('',8.5098E-1,7.29412E-1,5.4902E-1);
#1116=COLOUR_RGB('',8.51E-1,7.69E-1,7.8E-1);
#1117=COLOUR_RGB('',8.51E-1,7.88E-1,7.8E-1);
#1118=COLOUR_RGB('',8.51E-1,8.E-1,3.8E-1);
#1119=COLOUR_RGB('',8.51E-1,8.31E-1,6.E-1);
#1120=COLOUR_RGB('',8.51E-1,8.31E-1,7.29E-1);
#1121=COLOUR_RGB('',8.51E-1,8.39E-1,8.2E-1);
#1122=COLOUR_RGB('',8.51E-1,8.51E-1,7.73E-1);
#1123=COLOUR_RGB('',8.51E-1,8.51E-1,8.59E-1);
#1124=COLOUR_RGB('',8.51E-1,8.71E-1,8.31E-1);
#1125=COLOUR_RGB('',8.51E-1,8.78E-1,8.31E-1);
#1126=COLOUR_RGB('',8.51E-1,9.29E-1,6.2E-1);
#1127=COLOUR_RGB('',8.55E-1,8.31E-1,7.96E-1);
#1128=COLOUR_RGB('',8.59E-1,5.65E-1,3.96E-1);
#1129=COLOUR_RGB('',8.59E-1,6.51E-1,6.59E-1);
#1130=COLOUR_RGB('',8.59E-1,6.78E-1,4.2E-1);
#1131=COLOUR_RGB('',8.59E-1,7.69E-1,8.E-1);
#1132=COLOUR_RGB('',8.59E-1,8.31E-1,7.61E-1);
#1133=COLOUR_RGB('',8.59E-1,8.31E-1,8.39E-1);
#1134=COLOUR_RGB('',8.59E-1,8.51E-1,8.2E-1);
#1135=COLOUR_RGB('',8.59E-1,8.59E-1,8.78E-1);
#1136=COLOUR_RGB('',8.59E-1,8.71E-1,9.02E-1);
#1137=COLOUR_RGB('',8.59E-1,8.86E-1,8.2E-1);
#1138=COLOUR_RGB('',8.59E-1,8.86E-1,8.39E-1);
#1139=COLOUR_RGB('',8.59E-1,9.1E-1,2.12E-1);
#1140=COLOUR_RGB('',8.62745E-1,6.11765E-1,0.E0);
#1141=COLOUR_RGB('',8.63E-1,8.12E-1,8.47E-1);
#1142=COLOUR_RGB('',8.67E-1,6.59E-1,6.27E-1);
#1143=COLOUR_RGB('',8.67E-1,8.24E-1,8.9E-1);
#1144=COLOUR_RGB('',8.67E-1,9.22E-1,8.94E-1);
#1145=COLOUR_RGB('',8.67E-1,9.33E-1,9.02E-1);
#1146=COLOUR_RGB('',8.71E-1,0.E0,5.1E-1);
#1147=COLOUR_RGB('',8.71E-1,1.22E-1,5.1E-1);
#1148=COLOUR_RGB('',8.71E-1,2.31E-1,1.29E-1);
#1149=COLOUR_RGB('',8.70588E-1,2.98039E-1,5.41176E-1);
#1150=COLOUR_RGB('',8.71E-1,3.29E-1,2.E-1);
#1151=COLOUR_RGB('',8.71E-1,4.39E-1,3.1E-2);
#1152=COLOUR_RGB('',8.71E-1,5.29E-1,1.2E-2);
#1153=COLOUR_RGB('',8.71E-1,5.29E-1,7.1E-1);
#1154=COLOUR_RGB('',8.71E-1,6.12E-1,8.51E-1);
#1155=COLOUR_RGB('',8.71E-1,6.71E-1,7.29E-1);
#1156=COLOUR_RGB('',8.71E-1,6.78E-1,7.49E-1);
#1157=COLOUR_RGB('',8.71E-1,7.49E-1,8.51E-1);
#1158=COLOUR_RGB('',8.71E-1,7.69E-1,8.71E-1);
#1159=COLOUR_RGB('',8.71E-1,8.E-1,7.1E-2);
#1160=COLOUR_RGB('',8.71E-1,8.E-1,8.9E-1);
#1161=COLOUR_RGB('',8.71E-1,8.2E-1,8.51E-1);
#1162=COLOUR_RGB('',8.71E-1,8.39E-1,8.E-1);
#1163=COLOUR_RGB('',8.71E-1,8.39E-1,8.71E-1);
#1164=COLOUR_RGB('',8.71E-1,8.47E-1,7.22E-1);
#1165=COLOUR_RGB('',8.71E-1,8.51E-1,7.02E-1);
#1166=COLOUR_RGB('',8.71E-1,8.59E-1,7.41E-1);
#1167=COLOUR_RGB('',8.71E-1,8.67E-1,8.E-1);
#1168=COLOUR_RGB('',8.71E-1,8.71E-1,5.1E-2);
#1169=COLOUR_RGB('',8.71E-1,8.71E-1,8.39E-1);
#1170=COLOUR_RGB('',8.71E-1,8.9E-1,5.22E-1);
#1171=COLOUR_RGB('',8.71E-1,9.06E-1,8.35E-1);
#1172=COLOUR_RGB('',8.71E-1,9.1E-1,4.E-1);
#1173=COLOUR_RGB('',8.78E-1,0.E0,2.78E-1);
#1174=COLOUR_RGB('',8.78E-1,1.49E-1,6.39E-1);
#1175=COLOUR_RGB('',8.78E-1,2.27E-1,0.E0);
#1176=COLOUR_RGB('',8.78E-1,2.71E-1,4.78E-1);
#1177=COLOUR_RGB('',8.78E-1,3.1E-1,4.E-1);
#1178=COLOUR_RGB('',8.78E-1,6.51E-1,3.22E-1);
#1179=COLOUR_RGB('',8.78E-1,6.78E-1,7.1E-2);
#1180=COLOUR_RGB('',8.78E-1,7.41E-1,7.29E-1);
#1181=COLOUR_RGB('',8.78E-1,7.61E-1,6.59E-1);
#1182=COLOUR_RGB('',8.78E-1,8.E-1,8.51E-1);
#1183=COLOUR_RGB('',8.78E-1,8.12E-1,7.41E-1);
#1184=COLOUR_RGB('',8.78E-1,8.12E-1,7.49E-1);
#1185=COLOUR_RGB('',8.78E-1,8.31E-1,4.71E-1);
#1186=COLOUR_RGB('',8.78E-1,8.39E-1,7.1E-1);
#1187=COLOUR_RGB('',8.78E-1,8.51E-1,7.8E-1);
#1188=COLOUR_RGB('',8.78E-1,8.59E-1,4.31E-1);
#1189=COLOUR_RGB('',8.78E-1,8.59E-1,6.71E-1);
#1190=COLOUR_RGB('',8.78E-1,8.75E-1,7.73E-1);
#1191=COLOUR_RGB('',8.78E-1,9.02E-1,7.1E-2);
#1192=COLOUR_RGB('',8.78E-1,9.18E-1,8.78E-1);
#1193=COLOUR_RGB('',8.82E-1,7.22E-1,6.E-1);
#1194=COLOUR_RGB('',8.82353E-1,8.E-1,3.09804E-1);
#1195=COLOUR_RGB('',8.82E-1,8.43E-1,9.1E-1);
#1196=COLOUR_RGB('',8.82E-1,8.82E-1,9.14E-1);
#1197=COLOUR_RGB('',8.86E-1,5.69E-1,0.E0);
#1198=COLOUR_RGB('',8.86E-1,8.12E-1,8.24E-1);
#1199=COLOUR_RGB('',8.86E-1,8.59E-1,8.27E-1);
#1200=COLOUR_RGB('',8.9E-1,5.1E-2,2.51E-1);
#1201=COLOUR_RGB('',8.9E-1,2.71E-1,3.49E-1);
#1202=COLOUR_RGB('',8.9E-1,4.2E-1,3.02E-1);
#1203=COLOUR_RGB('',8.9E-1,4.9E-1,8.E-1);
#1204=COLOUR_RGB('',8.9E-1,6.E-1,3.88E-1);
#1205=COLOUR_RGB('',8.9E-1,6.71E-1,6.9E-1);
#1206=COLOUR_RGB('',8.9E-1,7.29E-1,7.1E-2);
#1207=COLOUR_RGB('',8.9E-1,7.49E-1,6.12E-1);
#1208=COLOUR_RGB('',8.9E-1,7.49E-1,8.E-1);
#1209=COLOUR_RGB('',8.9E-1,8.12E-1,7.8E-1);
#1210=COLOUR_RGB('',8.9E-1,8.27E-1,7.8E-1);
#1211=COLOUR_RGB('',8.9E-1,8.31E-1,6.78E-1);
#1212=COLOUR_RGB('',8.9E-1,8.31E-1,8.31E-1);
#1213=COLOUR_RGB('',8.9E-1,8.31E-1,8.63E-1);
#1214=COLOUR_RGB('',8.9E-1,8.51E-1,7.29E-1);
#1215=COLOUR_RGB('',8.9E-1,8.51E-1,8.71E-1);
#1216=COLOUR_RGB('',8.9E-1,8.9E-1,8.71E-1);
#1217=COLOUR_RGB('',8.9E-1,9.02E-1,5.9E-2);
#1218=COLOUR_RGB('',8.9E-1,9.02E-1,8.2E-1);
#1219=COLOUR_RGB('',8.9E-1,9.1E-1,6.E-1);
#1220=COLOUR_RGB('',8.9E-1,9.22E-1,4.12E-1);
#1221=COLOUR_RGB('',8.94118E-1,6.27451E-1,6.2745E-2);
#1222=COLOUR_RGB('',8.94E-1,8.75E-1,8.47E-1);
#1223=COLOUR_RGB('',8.98E-1,6.27E-1,4.51E-1);
#1224=COLOUR_RGB('',8.98E-1,7.22E-1,5.61E-1);
#1225=COLOUR_RGB('',8.98039E-1,7.45098E-1,3.922E-3);
#1226=COLOUR_RGB('',8.98E-1,7.61E-1,5.96E-1);
#1227=COLOUR_RGB('',8.98E-1,8.12E-1,8.2E-1);
#1228=COLOUR_RGB('',8.98E-1,8.63E-1,8.04E-1);
#1229=COLOUR_RGB('',8.98E-1,9.37E-1,8.94E-1);
#1230=COLOUR_RGB('',9.02E-1,0.E0,5.8E-1);
#1231=COLOUR_RGB('',9.02E-1,3.1E-2,4.31E-1);
#1232=COLOUR_RGB('',9.02E-1,5.1E-2,1.8E-1);
#1233=COLOUR_RGB('',9.02E-1,9.E-2,5.8E-1);
#1234=COLOUR_RGB('',9.01961E-1,1.96078E-1,2.66667E-1);
#1235=COLOUR_RGB('',9.02E-1,2.E-1,4.59E-1);
#1236=COLOUR_RGB('',9.02E-1,4.2E-1,7.61E-1);
#1237=COLOUR_RGB('',9.02E-1,6.39E-1,8.E-1);
#1238=COLOUR_RGB('',9.02E-1,6.51E-1,7.69E-1);
#1239=COLOUR_RGB('',9.02E-1,6.9E-1,7.1E-2);
#1240=COLOUR_RGB('',9.02E-1,6.9E-1,5.02E-1);
#1241=COLOUR_RGB('',9.02E-1,7.29E-1,7.8E-1);
#1242=COLOUR_RGB('',9.02E-1,7.61E-1,5.49E-1);
#1243=COLOUR_RGB('',9.02E-1,7.69E-1,7.8E-2);
#1244=COLOUR_RGB('',9.02E-1,8.16E-1,7.92E-1);
#1245=COLOUR_RGB('',9.01961E-1,8.39216E-1,5.64706E-1);
#1246=COLOUR_RGB('',9.02E-1,8.39E-1,8.39E-1);
#1247=COLOUR_RGB('',9.02E-1,8.43E-1,7.73E-1);
#1248=COLOUR_RGB('',9.02E-1,8.59E-1,8.2E-1);
#1249=COLOUR_RGB('',9.02E-1,8.71E-1,5.9E-2);
#1250=COLOUR_RGB('',9.02E-1,8.71E-1,5.69E-1);
#1251=COLOUR_RGB('',9.06E-1,6.2E-1,4.27E-1);
#1252=COLOUR_RGB('',9.06E-1,8.31E-1,7.84E-1);
#1253=COLOUR_RGB('',9.06E-1,8.94E-1,8.67E-1);
#1254=COLOUR_RGB('',9.05882E-1,9.21569E-1,8.54902E-1);
#1255=COLOUR_RGB('',9.06E-1,9.37E-1,8.75E-1);
#1256=COLOUR_RGB('',9.1E-1,4.12E-1,5.29E-1);
#1257=COLOUR_RGB('',9.1E-1,4.31E-1,6.78E-1);
#1258=COLOUR_RGB('',9.1E-1,4.78E-1,6.39E-1);
#1259=COLOUR_RGB('',9.1E-1,4.9E-1,5.1E-2);
#1260=COLOUR_RGB('',9.1E-1,5.49E-1,6.E-1);
#1261=COLOUR_RGB('',9.1E-1,5.8E-1,4.9E-1);
#1262=COLOUR_RGB('',9.1E-1,6.2E-1,2.78E-1);
#1263=COLOUR_RGB('',9.1E-1,6.71E-1,7.29E-1);
#1264=COLOUR_RGB('',9.1E-1,6.9E-1,7.1E-2);
#1265=COLOUR_RGB('',9.1E-1,7.29E-1,6.39E-1);
#1266=COLOUR_RGB('',9.1E-1,7.49E-1,6.71E-1);
#1267=COLOUR_RGB('',9.1E-1,7.49E-1,8.71E-1);
#1268=COLOUR_RGB('',9.1E-1,7.61E-1,7.49E-1);
#1269=COLOUR_RGB('',9.1E-1,7.61E-1,8.E-1);
#1270=COLOUR_RGB('',9.1E-1,7.88E-1,8.2E-1);
#1271=COLOUR_RGB('',9.1E-1,8.E-1,7.8E-1);
#1272=COLOUR_RGB('',9.1E-1,8.27E-1,8.47E-1);
#1273=COLOUR_RGB('',9.1E-1,8.31E-1,7.49E-1);
#1274=COLOUR_RGB('',9.1E-1,8.71E-1,7.29E-1);
#1275=COLOUR_RGB('',9.1E-1,8.78E-1,7.1E-2);
#1276=COLOUR_RGB('',9.1E-1,8.78E-1,7.29E-1);
#1277=COLOUR_RGB('',9.1E-1,8.78E-1,7.96E-1);
#1278=COLOUR_RGB('',9.1E-1,8.9E-1,5.8E-1);
#1279=COLOUR_RGB('',9.1E-1,8.9E-1,7.45E-1);
#1280=COLOUR_RGB('',9.1E-1,8.9E-1,8.51E-1);
#1281=COLOUR_RGB('',9.1E-1,9.14E-1,8.35E-1);
#1282=COLOUR_RGB('',9.1E-1,9.22E-1,2.2E-1);
#1283=COLOUR_RGB('',9.14E-1,8.78E-1,8.08E-1);
#1284=COLOUR_RGB('',9.14E-1,8.9E-1,8.59E-1);
#1285=COLOUR_RGB('',9.14E-1,9.29E-1,9.18E-1);
#1286=COLOUR_RGB('',9.18E-1,3.1E-1,0.E0);
#1287=COLOUR_RGB('',9.17647E-1,5.37255E-1,6.03922E-1);
#1288=COLOUR_RGB('',9.18E-1,8.71E-1,8.98E-1);
#1289=COLOUR_RGB('',9.18E-1,8.75E-1,8.16E-1);
#1290=COLOUR_RGB('',9.17647E-1,9.01961E-1,7.92157E-1);
#1291=COLOUR_RGB('',9.18E-1,9.29E-1,9.02E-1);
#1292=COLOUR_RGB('',9.22E-1,1.49E-1,1.61E-1);
#1293=COLOUR_RGB('',9.22E-1,3.1E-1,7.02E-1);
#1294=COLOUR_RGB('',9.21569E-1,4.15686E-1,5.4902E-2);
#1295=COLOUR_RGB('',9.22E-1,6.12E-1,6.59E-1);
#1296=COLOUR_RGB('',9.22E-1,6.31E-1,8.39E-1);
#1297=COLOUR_RGB('',9.22E-1,6.51E-1,6.9E-1);
#1298=COLOUR_RGB('',9.22E-1,6.71E-1,5.8E-1);
#1299=COLOUR_RGB('',9.22E-1,6.78E-1,7.8E-2);
#1300=COLOUR_RGB('',9.21569E-1,7.05882E-1,4.70588E-1);
#1301=COLOUR_RGB('',9.22E-1,7.49E-1,7.49E-1);
#1302=COLOUR_RGB('',9.22E-1,7.61E-1,8.31E-1);
#1303=COLOUR_RGB('',9.22E-1,7.88E-1,8.2E-1);
#1304=COLOUR_RGB('',9.22E-1,8.2E-1,4.71E-1);
#1305=COLOUR_RGB('',9.22E-1,8.2E-1,8.39E-1);
#1306=COLOUR_RGB('',9.22E-1,8.2E-1,8.71E-1);
#1307=COLOUR_RGB('',9.22E-1,8.43E-1,8.12E-1);
#1308=COLOUR_RGB('',9.22E-1,9.02E-1,3.41E-1);
#1309=COLOUR_RGB('',9.22E-1,9.02E-1,6.78E-1);
#1310=COLOUR_RGB('',9.22E-1,9.06E-1,8.71E-1);
#1311=COLOUR_RGB('',9.22E-1,9.1E-1,2.63E-1);
#1312=COLOUR_RGB('',9.22E-1,9.22E-1,8.04E-1);
#1313=COLOUR_RGB('',9.2549E-1,4.86275E-1,1.4902E-1);
#1314=COLOUR_RGB('',9.25E-1,8.27E-1,8.39E-1);
#1315=COLOUR_RGB('',9.25E-1,8.31E-1,8.08E-1);
#1316=COLOUR_RGB('',9.25E-1,8.35E-1,8.63E-1);
#1317=COLOUR_RGB('',9.29E-1,0.E0,6.39E-1);
#1318=COLOUR_RGB('',9.29E-1,1.8E-1,2.2E-1);
#1319=COLOUR_RGB('',9.29E-1,4.E-1,4.78E-1);
#1320=COLOUR_RGB('',9.29E-1,4.31E-1,0.E0);
#1321=COLOUR_RGB('',9.29412E-1,4.62745E-1,5.4902E-2);
#1322=COLOUR_RGB('',9.29E-1,6.71E-1,7.61E-1);
#1323=COLOUR_RGB('',9.29E-1,7.1E-1,7.1E-2);
#1324=COLOUR_RGB('',9.29E-1,7.1E-1,8.59E-1);
#1325=COLOUR_RGB('',9.29E-1,7.29E-1,5.61E-1);
#1326=COLOUR_RGB('',9.29E-1,7.29E-1,7.61E-1);
#1327=COLOUR_RGB('',9.29E-1,7.29E-1,8.39E-1);
#1328=COLOUR_RGB('',9.29E-1,7.41E-1,2.39E-1);
#1329=COLOUR_RGB('',9.29E-1,7.41E-1,6.59E-1);
#1330=COLOUR_RGB('',9.29E-1,7.61E-1,5.1E-1);
#1331=COLOUR_RGB('',9.29E-1,7.61E-1,7.02E-1);
#1332=COLOUR_RGB('',9.29E-1,8.E-1,3.8E-1);
#1333=COLOUR_RGB('',9.29E-1,8.E-1,7.29E-1);
#1334=COLOUR_RGB('',9.29E-1,8.E-1,7.88E-1);
#1335=COLOUR_RGB('',9.29E-1,8.12E-1,2.39E-1);
#1336=COLOUR_RGB('',9.29E-1,8.12E-1,7.1E-1);
#1337=COLOUR_RGB('',9.29E-1,8.51E-1,3.49E-1);
#1338=COLOUR_RGB('',9.29E-1,8.67E-1,8.59E-1);
#1339=COLOUR_RGB('',9.29E-1,8.71E-1,6.12E-1);
#1340=COLOUR_RGB('',9.29E-1,8.82E-1,9.1E-1);
#1341=COLOUR_RGB('',9.29E-1,9.1E-1,6.78E-1);
#1342=COLOUR_RGB('',9.29E-1,9.22E-1,5.29E-1);
#1343=COLOUR_RGB('',9.29E-1,9.22E-1,7.41E-1);
#1344=COLOUR_RGB('',9.29E-1,9.25E-1,9.1E-1);
#1345=COLOUR_RGB('',9.29E-1,9.29E-1,5.29E-1);
#1346=COLOUR_RGB('',9.29E-1,9.37E-1,8.71E-1);
#1347=COLOUR_RGB('',9.29412E-1,1.E0,1.29412E-1);
#1348=COLOUR_RGB('',9.33E-1,8.08E-1,7.02E-1);
#1349=COLOUR_RGB('',9.33E-1,8.71E-1,8.04E-1);
#1350=COLOUR_RGB('',9.33E-1,8.86E-1,8.24E-1);
#1351=COLOUR_RGB('',9.33E-1,8.9E-1,8.E-1);
#1352=COLOUR_RGB('',9.37255E-1,6.62745E-1,2.90196E-1);
#1353=COLOUR_RGB('',9.37E-1,8.75E-1,8.2E-1);
#1354=COLOUR_RGB('',9.37E-1,9.18E-1,8.35E-1);
#1355=COLOUR_RGB('',9.41E-1,2.39E-1,4.12E-1);
#1356=COLOUR_RGB('',9.41E-1,6.59E-1,6.9E-1);
#1357=COLOUR_RGB('',9.41E-1,7.29E-1,8.31E-1);
#1358=COLOUR_RGB('',9.41E-1,7.61E-1,7.88E-1);
#1359=COLOUR_RGB('',9.41E-1,7.69E-1,6.2E-1);
#1360=COLOUR_RGB('',9.41E-1,7.8E-1,7.88E-1);
#1361=COLOUR_RGB('',9.41E-1,7.84E-1,7.88E-1);
#1362=COLOUR_RGB('',9.41E-1,8.E-1,7.88E-1);
#1363=COLOUR_RGB('',9.41E-1,8.31E-1,8.59E-1);
#1364=COLOUR_RGB('',9.41E-1,8.35E-1,7.45E-1);
#1365=COLOUR_RGB('',9.41E-1,8.39E-1,6.59E-1);
#1366=COLOUR_RGB('',9.41E-1,8.47E-1,8.27E-1);
#1367=COLOUR_RGB('',9.41E-1,8.51E-1,1.02E-1);
#1368=COLOUR_RGB('',9.41E-1,8.71E-1,7.29E-1);
#1369=COLOUR_RGB('',9.41E-1,8.78E-1,4.9E-1);
#1370=COLOUR_RGB('',9.41E-1,9.02E-1,9.14E-1);
#1371=COLOUR_RGB('',9.41E-1,9.14E-1,9.14E-1);
#1372=COLOUR_RGB('',9.41E-1,9.22E-1,6.2E-1);
#1373=COLOUR_RGB('',9.41E-1,9.22E-1,6.9E-1);
#1374=COLOUR_RGB('',9.41E-1,9.29E-1,4.51E-1);
#1375=COLOUR_RGB('',9.41E-1,9.33E-1,9.14E-1);
#1376=COLOUR_RGB('',9.45E-1,8.75E-1,8.71E-1);
#1377=COLOUR_RGB('',9.45E-1,9.25E-1,9.1E-1);
#1378=COLOUR_RGB('',9.45E-1,9.33E-1,8.35E-1);
#1379=COLOUR_RGB('',9.49E-1,2.2E-1,6.51E-1);
#1380=COLOUR_RGB('',9.49E-1,3.1E-1,0.E0);
#1381=COLOUR_RGB('',9.49E-1,3.29E-1,5.1E-1);
#1382=COLOUR_RGB('',9.49E-1,3.49E-1,0.E0);
#1383=COLOUR_RGB('',9.49E-1,4.E-1,7.1E-1);
#1384=COLOUR_RGB('',9.49E-1,4.9E-1,0.E0);
#1385=COLOUR_RGB('',9.49E-1,5.02E-1,0.E0);
#1386=COLOUR_RGB('',9.49E-1,5.1E-1,7.88E-1);
#1387=COLOUR_RGB('',9.49E-1,7.22E-1,7.49E-1);
#1388=COLOUR_RGB('',9.49E-1,7.22E-1,8.47E-1);
#1389=COLOUR_RGB('',9.49E-1,7.61E-1,7.69E-1);
#1390=COLOUR_RGB('',9.49E-1,7.61E-1,7.8E-1);
#1391=COLOUR_RGB('',9.49E-1,7.8E-1,6.39E-1);
#1392=COLOUR_RGB('',9.49E-1,7.88E-1,8.59E-1);
#1393=COLOUR_RGB('',9.49E-1,8.12E-1,6.9E-1);
#1394=COLOUR_RGB('',9.49E-1,8.2E-1,7.1E-1);
#1395=COLOUR_RGB('',9.49E-1,8.63E-1,8.67E-1);
#1396=COLOUR_RGB('',9.49E-1,8.86E-1,8.63E-1);
#1397=COLOUR_RGB('',9.49E-1,9.1E-1,7.8E-1);
#1398=COLOUR_RGB('',9.49E-1,9.14E-1,9.06E-1);
#1399=COLOUR_RGB('',9.49E-1,9.29E-1,5.1E-1);
#1400=COLOUR_RGB('',9.49E-1,9.37E-1,8.16E-1);
#1401=COLOUR_RGB('',9.52941E-1,6.23529E-1,9.4118E-2);
#1402=COLOUR_RGB('',9.52941E-1,6.47059E-1,1.9608E-2);
#1403=COLOUR_RGB('',9.52941E-1,8.54902E-1,4.3137E-2);
#1404=COLOUR_RGB('',9.53E-1,8.71E-1,8.9E-1);
#1405=COLOUR_RGB('',9.53E-1,9.29E-1,9.06E-1);
#1406=COLOUR_RGB('',9.53E-1,9.33E-1,8.59E-1);
#1407=COLOUR_RGB('',9.53E-1,9.37E-1,9.02E-1);
#1408=COLOUR_RGB('',9.53E-1,9.41E-1,7.76E-1);
#1409=COLOUR_RGB('',9.56863E-1,2.7451E-1,6.6667E-2);
#1410=COLOUR_RGB('',9.56863E-1,6.62745E-1,0.E0);
#1411=COLOUR_RGB('',9.57E-1,9.06E-1,8.94E-1);
#1412=COLOUR_RGB('',9.57E-1,9.18E-1,9.02E-1);
#1413=COLOUR_RGB('',9.57E-1,9.33E-1,6.94E-1);
#1414=COLOUR_RGB('',9.57E-1,9.33E-1,8.47E-1);
#1415=COLOUR_RGB('',9.56863E-1,9.56863E-1,9.56863E-1);
#1416=COLOUR_RGB('',9.60784E-1,2.5098E-1,1.29412E-1);
#1417=COLOUR_RGB('',9.61E-1,2.51E-1,1.61E-1);
#1418=COLOUR_RGB('',9.61E-1,2.59E-1,3.41E-1);
#1419=COLOUR_RGB('',9.61E-1,2.9E-1,5.69E-1);
#1420=COLOUR_RGB('',9.61E-1,4.E-1,0.E0);
#1421=COLOUR_RGB('',9.61E-1,4.39E-1,0.E0);
#1422=COLOUR_RGB('',9.61E-1,4.9E-1,0.E0);
#1423=COLOUR_RGB('',9.61E-1,5.61E-1,7.8E-1);
#1424=COLOUR_RGB('',9.61E-1,7.61E-1,8.59E-1);
#1425=COLOUR_RGB('',9.61E-1,8.12E-1,8.12E-1);
#1426=COLOUR_RGB('',9.60784E-1,8.15686E-1,2.E-1);
#1427=COLOUR_RGB('',9.61E-1,8.71E-1,5.49E-1);
#1428=COLOUR_RGB('',9.61E-1,8.86E-1,8.9E-1);
#1429=COLOUR_RGB('',9.61E-1,8.9E-1,1.49E-1);
#1430=COLOUR_RGB('',9.61E-1,8.9E-1,6.2E-1);
#1431=COLOUR_RGB('',9.61E-1,8.94E-1,8.43E-1);
#1432=COLOUR_RGB('',9.61E-1,9.02E-1,9.E-2);
#1433=COLOUR_RGB('',9.61E-1,9.02E-1,8.31E-1);
#1434=COLOUR_RGB('',9.61E-1,9.06E-1,7.41E-1);
#1435=COLOUR_RGB('',9.61E-1,9.06E-1,8.82E-1);
#1436=COLOUR_RGB('',9.61E-1,9.1E-1,7.8E-2);
#1437=COLOUR_RGB('',9.61E-1,9.1E-1,3.61E-1);
#1438=COLOUR_RGB('',9.61E-1,9.14E-1,8.55E-1);
#1439=COLOUR_RGB('',9.61E-1,9.18E-1,8.16E-1);
#1440=COLOUR_RGB('',9.61E-1,9.29E-1,3.49E-1);
#1441=COLOUR_RGB('',9.65E-1,8.94E-1,8.2E-1);
#1442=COLOUR_RGB('',9.65E-1,9.06E-1,8.43E-1);
#1443=COLOUR_RGB('',9.64706E-1,9.64706E-1,9.64706E-1);
#1444=COLOUR_RGB('',9.69E-1,8.E-3,4.86E-1);
#1445=COLOUR_RGB('',9.69E-1,2.71E-1,3.22E-1);
#1446=COLOUR_RGB('',9.69E-1,3.61E-1,4.59E-1);
#1447=COLOUR_RGB('',9.68627E-1,3.68627E-1,1.45098E-1);
#1448=COLOUR_RGB('',9.69E-1,4.59E-1,5.8E-1);
#1449=COLOUR_RGB('',9.69E-1,5.61E-1,6.2E-1);
#1450=COLOUR_RGB('',9.69E-1,5.88E-1,2.59E-1);
#1451=COLOUR_RGB('',9.69E-1,6.E-1,7.1E-1);
#1452=COLOUR_RGB('',9.69E-1,6.39E-1,3.9E-2);
#1453=COLOUR_RGB('',9.69E-1,6.78E-1,8.39E-1);
#1454=COLOUR_RGB('',9.69E-1,7.1E-1,4.7E-2);
#1455=COLOUR_RGB('',9.69E-1,7.1E-1,7.1E-2);
#1456=COLOUR_RGB('',9.69E-1,8.2E-1,9.E-2);
#1457=COLOUR_RGB('',9.69E-1,8.31E-1,9.E-2);
#1458=COLOUR_RGB('',9.69E-1,8.39E-1,4.9E-1);
#1459=COLOUR_RGB('',9.69E-1,8.39E-1,8.31E-1);
#1460=COLOUR_RGB('',9.69E-1,8.39E-1,8.39E-1);
#1461=COLOUR_RGB('',9.69E-1,8.51E-1,9.E-2);
#1462=COLOUR_RGB('',9.69E-1,8.59E-1,9.E-2);
#1463=COLOUR_RGB('',9.69E-1,8.75E-1,8.59E-1);
#1464=COLOUR_RGB('',9.69E-1,8.78E-1,9.E-2);
#1465=COLOUR_RGB('',9.69E-1,8.9E-1,2.9E-1);
#1466=COLOUR_RGB('',9.69E-1,8.9E-1,3.29E-1);
#1467=COLOUR_RGB('',9.72549E-1,0.E0,0.E0);
#1468=COLOUR_RGB('',9.72549E-1,9.52941E-1,2.07843E-1);
#1469=COLOUR_RGB('',9.76E-1,2.27E-1,1.69E-1);
#1470=COLOUR_RGB('',9.8E-1,3.61E-1,3.1E-1);
#1471=COLOUR_RGB('',9.8E-1,3.61E-1,3.49E-1);
#1472=COLOUR_RGB('',9.8E-1,3.88E-1,2.31E-1);
#1473=COLOUR_RGB('',9.8E-1,3.88E-1,4.71E-1);
#1474=COLOUR_RGB('',9.8E-1,4.31E-1,2.12E-1);
#1475=COLOUR_RGB('',9.8E-1,4.51E-1,7.49E-1);
#1476=COLOUR_RGB('',9.8E-1,5.02E-1,2.39E-1);
#1477=COLOUR_RGB('',9.8E-1,5.02E-1,5.22E-1);
#1478=COLOUR_RGB('',9.8E-1,5.1E-1,5.61E-1);
#1479=COLOUR_RGB('',9.8E-1,5.29E-1,2.39E-1);
#1480=COLOUR_RGB('',9.8E-1,5.41E-1,4.59E-1);
#1481=COLOUR_RGB('',9.8E-1,5.61E-1,4.2E-1);
#1482=COLOUR_RGB('',9.8E-1,6.12E-1,4.31E-1);
#1483=COLOUR_RGB('',9.8E-1,6.12E-1,6.51E-1);
#1484=COLOUR_RGB('',9.8E-1,6.2E-1,5.1E-2);
#1485=COLOUR_RGB('',9.8E-1,6.31E-1,7.1E-1);
#1486=COLOUR_RGB('',9.8E-1,6.39E-1,5.29E-1);
#1487=COLOUR_RGB('',9.8E-1,6.59E-1,4.71E-1);
#1488=COLOUR_RGB('',9.8E-1,6.71E-1,6.9E-1);
#1489=COLOUR_RGB('',9.8E-1,6.9E-1,7.22E-1);
#1490=COLOUR_RGB('',9.8E-1,7.1E-1,6.71E-1);
#1491=COLOUR_RGB('',9.8E-1,7.41E-1,8.E-1);
#1492=COLOUR_RGB('',9.8E-1,7.49E-1,6.2E-1);
#1493=COLOUR_RGB('',9.8E-1,7.8E-1,8.E-1);
#1494=COLOUR_RGB('',9.8E-1,7.88E-1,2.39E-1);
#1495=COLOUR_RGB('',9.8E-1,8.2E-1,5.22E-1);
#1496=COLOUR_RGB('',9.80392E-1,8.23529E-1,3.922E-3);
#1497=COLOUR_RGB('',9.8E-1,8.35E-1,6.2E-1);
#1498=COLOUR_RGB('',9.8E-1,8.71E-1,4.12E-1);
#1499=COLOUR_RGB('',9.8E-1,8.78E-1,9.E-2);
#1500=COLOUR_RGB('',9.8E-1,8.78E-1,2.59E-1);
#1501=COLOUR_RGB('',9.8E-1,8.78E-1,4.51E-1);
#1502=COLOUR_RGB('',9.80392E-1,9.56863E-1,8.90196E-1);
#1503=COLOUR_RGB('',9.88E-1,2.7E-2,3.1E-1);
#1504=COLOUR_RGB('',9.88E-1,2.E-1,4.39E-1);
#1505=COLOUR_RGB('',9.88E-1,4.78E-1,6.9E-1);
#1506=COLOUR_RGB('',9.88E-1,5.49E-1,6.31E-1);
#1507=COLOUR_RGB('',9.88E-1,6.51E-1,8.2E-1);
#1508=COLOUR_RGB('',9.88E-1,6.71E-1,3.1E-1);
#1509=COLOUR_RGB('',9.88E-1,6.9E-1,4.51E-1);
#1510=COLOUR_RGB('',9.88E-1,6.9E-1,7.29E-1);
#1511=COLOUR_RGB('',9.88E-1,7.1E-1,4.78E-1);
#1512=COLOUR_RGB('',9.88E-1,7.22E-1,3.22E-1);
#1513=COLOUR_RGB('',9.88E-1,7.22E-1,7.69E-1);
#1514=COLOUR_RGB('',9.88E-1,7.41E-1,1.88E-1);
#1515=COLOUR_RGB('',9.88E-1,7.88E-1,9.E-2);
#1516=COLOUR_RGB('',9.88E-1,7.88E-1,3.29E-1);
#1517=COLOUR_RGB('',9.88E-1,7.88E-1,4.59E-1);
#1518=COLOUR_RGB('',9.88E-1,8.12E-1,6.51E-1);
#1519=COLOUR_RGB('',9.88E-1,8.2E-1,5.8E-1);
#1520=COLOUR_RGB('',9.88E-1,8.39E-1,2.78E-1);
#1521=COLOUR_RGB('',9.88E-1,8.86E-1,8.6E-2);
#1522=COLOUR_RGB('',9.96078E-1,0.E0,0.E0);
#1523=DRAUGHTING_PRE_DEFINED_COLOUR('red');
#1524=COLOUR_RGB('',1.E0,0.E0,6.E-1);
#1525=COLOUR_RGB('',1.E0,1.37255E-1,3.922E-3);
#1526=COLOUR_RGB('',1.E0,3.29E-1,8.6E-2);
#1527=COLOUR_RGB('',1.E0,4.58824E-1,7.8431E-2);
#1528=COLOUR_RGB('',1.E0,4.71E-1,3.02E-1);
#1529=COLOUR_RGB('',1.E0,4.98E-1,1.18E-1);
#1530=COLOUR_RGB('',1.E0,6.E-1,2.31E-1);
#1531=COLOUR_RGB('',1.E0,6.E-1,2.78E-1);
#1532=COLOUR_RGB('',1.E0,6.2E-1,7.61E-1);
#1533=COLOUR_RGB('',1.E0,6.43137E-1,1.2549E-1);
#1534=COLOUR_RGB('',1.E0,6.59E-1,4.39E-1);
#1535=COLOUR_RGB('',1.E0,7.06E-1,7.49E-1);
#1536=COLOUR_RGB('',1.E0,7.37E-1,1.29E-1);
#1537=COLOUR_RGB('',1.E0,7.61E-1,5.69E-1);
#1538=COLOUR_RGB('',1.E0,7.61E-1,6.39E-1);
#1539=COLOUR_RGB('',1.E0,7.8E-1,5.1E-1);
#1540=COLOUR_RGB('',1.E0,7.88E-1,1.1E-1);
#1541=COLOUR_RGB('',1.E0,8.47E-1,8.6E-2);
#1542=COLOUR_RGB('',1.E0,8.63E-1,6.98E-1);
#1543=COLOUR_RGB('',1.E0,8.75E-1,7.69E-1);
#1544=COLOUR_RGB('',1.E0,9.1E-1,9.E-2);
#1545=DRAUGHTING_PRE_DEFINED_COLOUR('yellow');
#1546=COLOUR_RGB('',1.E0,1.E0,5.3E-1);
#1547=COLOUR_RGB('',1.E0,1.E0,9.49E-1);
#1548=DRAUGHTING_PRE_DEFINED_COLOUR('white');
#1549=COLOUR_RGB('',5.88235E-1,5.88235E-1,5.88235E-1);
#1555=CIRCLE('',#1554,3.175E0);
#1564=CIRCLE('',#1563,3.175E0);
#1572=CIRCLE('',#1571,3.175E0);
#1580=CIRCLE('',#1579,3.175E0);
#1588=CIRCLE('',#1587,2.E0);
#1624=CIRCLE('',#1623,2.E0);
#1639=CIRCLE('',#1638,2.E0);
#1654=CIRCLE('',#1653,2.E0);
#1683=CIRCLE('',#1682,3.175E0);
#1691=CIRCLE('',#1690,3.175E0);
#1699=CIRCLE('',#1698,3.175E0);
#1707=CIRCLE('',#1706,3.175E0);
#1715=CIRCLE('',#1714,2.E0);
#1730=CIRCLE('',#1729,2.E0);
#1745=CIRCLE('',#1744,2.E0);
#1760=CIRCLE('',#1759,2.E0);
#1866=CIRCLE('',#1865,5.E-1);
#1881=CIRCLE('',#1880,5.E-1);
#1910=CIRCLE('',#1909,2.E0);
#1925=CIRCLE('',#1924,2.E0);
#1940=CIRCLE('',#1939,2.E0);
#1969=CIRCLE('',#1968,1.E0);
#1984=CIRCLE('',#1983,1.E0);
#2027=CIRCLE('',#2026,2.E0);
#2042=CIRCLE('',#2041,1.E0);
#2057=CIRCLE('',#2056,1.E0);
#2142=CIRCLE('',#2141,2.E0);
#2157=CIRCLE('',#2156,2.E0);
#2193=CIRCLE('',#2192,5.E-1);
#2208=CIRCLE('',#2207,5.E-1);
#2230=CIRCLE('',#2229,2.25E0);
#2238=CIRCLE('',#2237,2.25E0);
#2246=CIRCLE('',#2245,2.25E0);
#2254=CIRCLE('',#2253,2.25E0);
#2269=CIRCLE('',#2268,4.E0);
#2284=CIRCLE('',#2283,4.E0);
#2299=CIRCLE('',#2298,4.E0);
#2314=CIRCLE('',#2313,4.E0);
#2322=CIRCLE('',#2321,5.E-1);
#2337=CIRCLE('',#2336,5.E-1);
#2359=CIRCLE('',#2358,2.E0);
#2374=CIRCLE('',#2373,2.E0);
#2396=CIRCLE('',#2395,2.25E0);
#2404=CIRCLE('',#2403,2.25E0);
#2412=CIRCLE('',#2411,2.25E0);
#2420=CIRCLE('',#2419,2.25E0);
#2435=CIRCLE('',#2434,4.E0);
#2450=CIRCLE('',#2449,4.E0);
#2465=CIRCLE('',#2464,4.E0);
#2480=CIRCLE('',#2479,4.E0);
#2488=CIRCLE('',#2487,3.E0);
#2503=CIRCLE('',#2502,3.E0);
#2532=CIRCLE('',#2531,1.5E0);
#2547=CIRCLE('',#2546,1.5E0);
#2583=CIRCLE('',#2582,2.E0);
#2619=CIRCLE('',#2618,2.E0);
#2676=CIRCLE('',#2675,2.E0);
#2719=CIRCLE('',#2718,2.E0);
#3052=EDGE_CURVE('',#2965,#2966,#1588,.T.);
#3054=EDGE_CURVE('',#2885,#2966,#1595,.T.);
#3056=EDGE_CURVE('',#2885,#2886,#1602,.T.);
#3058=EDGE_CURVE('',#2858,#2886,#2164,.T.);
#3060=EDGE_CURVE('',#2857,#2858,#1609,.T.);
#3062=EDGE_CURVE('',#3033,#2857,#1616,.T.);
#3064=EDGE_CURVE('',#3033,#3034,#1624,.T.);
#3066=EDGE_CURVE('',#3041,#3034,#1631,.T.);
#3068=EDGE_CURVE('',#3041,#3042,#1639,.T.);
#3070=EDGE_CURVE('',#3030,#3042,#1646,.T.);
#3072=EDGE_CURVE('',#3030,#2900,#1873,.T.);
#3074=EDGE_CURVE('',#2900,#3002,#1844,.T.);
#3076=EDGE_CURVE('',#3002,#2988,#1654,.T.);
#3078=EDGE_CURVE('',#2965,#2988,#1661,.T.);
#3082=EDGE_CURVE('',#3021,#3022,#1572,.T.);
#3084=EDGE_CURVE('',#3022,#3021,#1580,.T.);
#3088=EDGE_CURVE('',#2909,#2910,#1555,.T.);
#3090=EDGE_CURVE('',#2910,#2909,#1564,.T.);
#3101=EDGE_CURVE('',#2909,#2913,#1675,.T.);
#3103=EDGE_CURVE('',#2913,#2914,#1699,.T.);
#3105=EDGE_CURVE('',#2910,#2914,#1668,.T.);
#3117=EDGE_CURVE('',#2914,#2913,#1707,.T.);
#3128=EDGE_CURVE('',#2968,#2970,#1715,.T.);
#3130=EDGE_CURVE('',#2970,#2990,#1722,.T.);
#3132=EDGE_CURVE('',#2990,#3000,#1730,.T.);
#3134=EDGE_CURVE('',#3000,#2906,#1851,.T.);
#3136=EDGE_CURVE('',#3029,#2906,#1932,.T.);
#3138=EDGE_CURVE('',#3029,#3044,#1737,.T.);
#3140=EDGE_CURVE('',#3044,#3046,#1745,.T.);
#3142=EDGE_CURVE('',#3046,#3036,#1752,.T.);
#3144=EDGE_CURVE('',#3036,#3038,#1760,.T.);
#3146=EDGE_CURVE('',#3038,#2861,#1767,.T.);
#3148=EDGE_CURVE('',#2861,#2862,#1774,.T.);
#3150=EDGE_CURVE('',#2862,#2890,#2200,.T.);
#3152=EDGE_CURVE('',#2889,#2890,#1781,.T.);
#3154=EDGE_CURVE('',#2889,#2968,#1788,.T.);
#3162=EDGE_CURVE('',#3025,#3026,#1683,.T.);
#3164=EDGE_CURVE('',#3026,#3025,#1691,.T.);
#3175=EDGE_CURVE('',#3021,#3025,#1802,.T.);
#3178=EDGE_CURVE('',#3022,#3026,#1795,.T.);
#3201=EDGE_CURVE('',#2970,#2965,#1809,.T.);
#3204=EDGE_CURVE('',#2968,#2966,#2178,.T.);
#3216=EDGE_CURVE('',#2988,#2990,#1816,.T.);
#3227=EDGE_CURVE('',#3036,#3034,#1823,.T.);
#3230=EDGE_CURVE('',#3046,#3041,#1830,.T.);
#3244=EDGE_CURVE('',#3002,#3000,#1837,.T.);
#3256=EDGE_CURVE('',#2900,#2906,#1858,.T.);
#3267=EDGE_CURVE('',#2897,#2900,#1866,.T.);
#3269=EDGE_CURVE('',#2897,#2903,#2099,.T.);
#3271=EDGE_CURVE('',#2903,#2906,#1910,.T.);
#3284=EDGE_CURVE('',#3030,#2894,#1881,.T.);
#3286=EDGE_CURVE('',#2894,#2897,#1888,.T.);
#3296=EDGE_CURVE('',#3029,#3030,#1895,.T.);
#3298=EDGE_CURVE('',#3029,#2893,#1925,.T.);
#3300=EDGE_CURVE('',#2893,#2894,#2113,.T.);
#3311=EDGE_CURVE('',#3044,#3042,#1902,.T.);
#3337=EDGE_CURVE('',#2893,#2903,#1917,.T.);
#3349=EDGE_CURVE('',#2993,#2994,#1940,.T.);
#3351=EDGE_CURVE('',#2994,#2893,#1947,.T.);
#3354=EDGE_CURVE('',#2903,#2904,#1954,.T.);
#3356=EDGE_CURVE('',#3008,#2904,#1961,.T.);
#3358=EDGE_CURVE('',#3008,#3010,#1969,.T.);
#3360=EDGE_CURVE('',#3010,#3013,#1976,.T.);
#3362=EDGE_CURVE('',#3013,#3014,#1984,.T.);
#3364=EDGE_CURVE('',#3014,#2993,#1991,.T.);
#3375=EDGE_CURVE('',#2998,#2993,#1998,.T.);
#3377=EDGE_CURVE('',#2996,#2998,#2027,.T.);
#3379=EDGE_CURVE('',#2996,#2994,#2106,.T.);
#3391=EDGE_CURVE('',#3016,#3014,#2005,.T.);
#3393=EDGE_CURVE('',#3016,#2998,#2034,.T.);
#3404=EDGE_CURVE('',#3018,#3013,#2019,.T.);
#3406=EDGE_CURVE('',#3016,#3018,#2042,.T.);
#3417=EDGE_CURVE('',#3010,#3005,#2012,.T.);
#3419=EDGE_CURVE('',#3005,#3018,#2049,.T.);
#3431=EDGE_CURVE('',#3005,#3006,#2057,.T.);
#3435=EDGE_CURVE('',#3008,#3006,#2085,.T.);
#3450=EDGE_CURVE('',#3006,#2898,#2064,.T.);
#3452=EDGE_CURVE('',#2897,#2898,#2071,.T.);
#3455=EDGE_CURVE('',#2996,#2894,#2078,.T.);
#3467=EDGE_CURVE('',#2898,#2904,#2092,.T.);
#3503=EDGE_CURVE('',#3038,#3033,#2120,.T.);
#3517=EDGE_CURVE('',#2861,#2857,#2127,.T.);
#3529=EDGE_CURVE('',#2858,#2862,#2134,.T.);
#3541=EDGE_CURVE('',#2844,#2858,#2157,.T.);
#3543=EDGE_CURVE('',#2854,#2844,#2351,.T.);
#3545=EDGE_CURVE('',#2854,#2862,#2208,.T.);
#3556=EDGE_CURVE('',#2874,#2886,#2142,.T.);
#3558=EDGE_CURVE('',#2844,#2874,#2149,.T.);
#3571=EDGE_CURVE('',#2886,#2890,#2171,.T.);
#3573=EDGE_CURVE('',#2882,#2890,#2193,.T.);
#3575=EDGE_CURVE('',#2882,#2874,#2517,.T.);
#3586=EDGE_CURVE('',#2889,#2885,#2185,.T.);
#3613=EDGE_CURVE('',#2854,#2882,#2215,.T.);
#3624=EDGE_CURVE('',#2854,#2852,#2344,.T.);
#3626=EDGE_CURVE('',#2866,#2852,#2222,.T.);
#3628=EDGE_CURVE('',#2866,#2882,#2539,.T.);
#3632=EDGE_CURVE('',#2929,#2930,#2230,.T.);
#3634=EDGE_CURVE('',#2930,#2929,#2238,.T.);
#3638=EDGE_CURVE('',#2925,#2926,#2246,.T.);
#3640=EDGE_CURVE('',#2926,#2925,#2254,.T.);
#3644=EDGE_CURVE('',#2949,#2950,#2261,.T.);
#3646=EDGE_CURVE('',#2952,#2950,#2269,.T.);
#3648=EDGE_CURVE('',#2952,#2954,#2276,.T.);
#3650=EDGE_CURVE('',#2956,#2954,#2284,.T.);
#3652=EDGE_CURVE('',#2956,#2958,#2291,.T.);
#3654=EDGE_CURVE('',#2960,#2958,#2299,.T.);
#3656=EDGE_CURVE('',#2960,#2962,#2306,.T.);
#3658=EDGE_CURVE('',#2949,#2962,#2314,.T.);
#3668=EDGE_CURVE('',#2848,#2854,#2322,.T.);
#3670=EDGE_CURVE('',#2848,#2850,#2329,.T.);
#3672=EDGE_CURVE('',#2852,#2850,#2337,.T.);
#3684=EDGE_CURVE('',#2837,#2844,#2359,.T.);
#3686=EDGE_CURVE('',#2837,#2848,#2747,.T.);
#3698=EDGE_CURVE('',#2844,#2842,#2366,.T.);
#3700=EDGE_CURVE('',#2842,#2840,#2374,.T.);
#3702=EDGE_CURVE('',#2840,#2837,#2381,.T.);
#3713=EDGE_CURVE('',#2864,#2874,#2510,.T.);
#3715=EDGE_CURVE('',#2864,#2842,#2388,.T.);
#3720=EDGE_CURVE('',#2917,#2918,#2396,.T.);
#3722=EDGE_CURVE('',#2918,#2917,#2404,.T.);
#3726=EDGE_CURVE('',#2921,#2922,#2412,.T.);
#3728=EDGE_CURVE('',#2922,#2921,#2420,.T.);
#3732=EDGE_CURVE('',#2933,#2934,#2427,.T.);
#3734=EDGE_CURVE('',#2933,#2946,#2435,.T.);
#3736=EDGE_CURVE('',#2944,#2946,#2442,.T.);
#3738=EDGE_CURVE('',#2944,#2942,#2450,.T.);
#3740=EDGE_CURVE('',#2940,#2942,#2457,.T.);
#3742=EDGE_CURVE('',#2940,#2938,#2465,.T.);
#3744=EDGE_CURVE('',#2936,#2938,#2472,.T.);
#3746=EDGE_CURVE('',#2936,#2934,#2480,.T.);
#3756=EDGE_CURVE('',#2869,#2874,#2488,.T.);
#3758=EDGE_CURVE('',#2872,#2869,#2495,.T.);
#3760=EDGE_CURVE('',#2872,#2864,#2503,.T.);
#3772=EDGE_CURVE('',#2877,#2882,#2532,.T.);
#3774=EDGE_CURVE('',#2869,#2877,#2524,.T.);
#3787=EDGE_CURVE('',#2880,#2866,#2547,.T.);
#3789=EDGE_CURVE('',#2880,#2877,#2554,.T.);
#3800=EDGE_CURVE('',#2872,#2880,#2575,.T.);
#3803=EDGE_CURVE('',#2864,#2866,#2561,.T.);
#3813=EDGE_CURVE('',#2984,#2982,#2568,.T.);
#3815=EDGE_CURVE('',#2984,#2880,#2640,.T.);
#3818=EDGE_CURVE('',#2982,#2872,#2590,.T.);
#3828=EDGE_CURVE('',#2981,#2982,#2583,.T.);
#3830=EDGE_CURVE('',#2986,#2981,#2647,.T.);
#3832=EDGE_CURVE('',#2984,#2986,#2619,.T.);
#3846=EDGE_CURVE('',#2869,#2870,#2597,.T.);
#3848=EDGE_CURVE('',#2870,#2981,#2604,.T.);
#3860=EDGE_CURVE('',#2877,#2878,#2633,.T.);
#3862=EDGE_CURVE('',#2870,#2878,#2611,.T.);
#3873=EDGE_CURVE('',#2878,#2986,#2626,.T.);
#3900=EDGE_CURVE('',#2842,#2852,#2654,.T.);
#3914=EDGE_CURVE('',#2840,#2850,#2661,.T.);
#3924=EDGE_CURVE('',#2978,#2973,#2668,.T.);
#3926=EDGE_CURVE('',#2840,#2973,#2697,.T.);
#3929=EDGE_CURVE('',#2850,#2978,#2726,.T.);
#3939=EDGE_CURVE('',#2973,#2974,#2676,.T.);
#3942=EDGE_CURVE('',#2976,#2978,#2719,.T.);
#3944=EDGE_CURVE('',#2976,#2974,#2704,.T.);
#3955=EDGE_CURVE('',#2838,#2974,#2683,.T.);
#3957=EDGE_CURVE('',#2837,#2838,#2690,.T.);
#3970=EDGE_CURVE('',#2976,#2847,#2740,.T.);
#3972=EDGE_CURVE('',#2838,#2847,#2711,.T.);
#3986=EDGE_CURVE('',#2847,#2848,#2733,.T.);
#4010=EDGE_CURVE('',#2917,#2925,#2761,.T.);
#4013=EDGE_CURVE('',#2918,#2926,#2754,.T.);
#4036=EDGE_CURVE('',#2921,#2929,#2775,.T.);
#4039=EDGE_CURVE('',#2922,#2930,#2768,.T.);
#4062=EDGE_CURVE('',#2934,#2950,#2789,.T.);
#4065=EDGE_CURVE('',#2933,#2949,#2782,.T.);
#4076=EDGE_CURVE('',#2936,#2952,#2796,.T.);
#4089=EDGE_CURVE('',#2938,#2954,#2803,.T.);
#4102=EDGE_CURVE('',#2940,#2956,#2810,.T.);
#4115=EDGE_CURVE('',#2942,#2958,#2817,.T.);
#4128=EDGE_CURVE('',#2944,#2960,#2824,.T.);
#4141=EDGE_CURVE('',#2946,#2962,#2831,.T.);
#4168=(LENGTH_UNIT()NAMED_UNIT(*)SI_UNIT(.MILLI.,.METRE.));
#4170=(NAMED_UNIT(*)PLANE_ANGLE_UNIT()SI_UNIT($,.RADIAN.));
#4173=(NAMED_UNIT(*)SI_UNIT($,.STERADIAN.)SOLID_ANGLE_UNIT());
#4179=AXIS2_PLACEMENT_3D('',#4176,#4177,#4178);
#4180=ADVANCED_BREP_SHAPE_REPRESENTATION('',(#4179,#4161),#4175);
#4187=PRODUCT_DEFINITION('design','',#4186,#4183);
#4188=PRODUCT_DEFINITION_SHAPE('','SHAPE FOR O19V2_SE_BRKT_MNFLD_CAGE_LH.',
#4187);
#4189=SHAPE_DEFINITION_REPRESENTATION(#4188,#4180);
#4190=SHAPE_DEFINITION_REPRESENTATION(#4191,#4192);
#4191=PRODUCT_DEFINITION_SHAPE('','SHAPE FOR O19V2_SE_BRKT_CAGE_MNFLD_LH_ASM.',
#16146);
#4192=SHAPE_REPRESENTATION('',(#4198,#16115,#16124,#16141),#16137);
#4193=NEXT_ASSEMBLY_USAGE_OCCURRENCE('3181','Next assembly relationship',
'O19V2_SE_BRKT_MNFLD_CAGE_LH',#16146,#4187,$);
#4194=PRODUCT_DEFINITION_SHAPE('Placement #3181',
'Placement of O19V2_SE_BRKT_MNFLD_CAGE_LH with respect to O19V2_SE_BRKT_CAGE_MNFLD_LH_ASM',#4193);
#4207=CIRCLE('',#4206,5.42925E0);
#4215=CIRCLE('',#4214,5.42925E0);
#4223=CIRCLE('',#4222,5.42925E0);
#4231=CIRCLE('',#4230,5.42925E0);
#4239=CIRCLE('',#4238,5.42925E0);
#4247=CIRCLE('',#4246,5.42925E0);
#4255=CIRCLE('',#4254,5.42925E0);
#4263=CIRCLE('',#4262,5.42925E0);
#4271=CIRCLE('',#4270,5.42925E0);
#4279=CIRCLE('',#4278,5.42925E0);
#4287=CIRCLE('',#4286,5.42925E0);
#4295=CIRCLE('',#4294,5.42925E0);
#4303=CIRCLE('',#4302,5.42925E0);
#4311=CIRCLE('',#4310,5.42925E0);
#4319=CIRCLE('',#4318,5.42925E0);
#4327=CIRCLE('',#4326,5.42925E0);
#4335=CIRCLE('',#4334,5.42925E0);
#4343=CIRCLE('',#4342,5.42925E0);
#4351=CIRCLE('',#4350,5.42925E0);
#4359=CIRCLE('',#4358,5.42925E0);
#4367=CIRCLE('',#4366,5.42925E0);
#4375=CIRCLE('',#4374,5.42925E0);
#4383=CIRCLE('',#4382,5.42925E0);
#4391=CIRCLE('',#4390,5.42925E0);
#4399=CIRCLE('',#4398,5.42925E0);
#4407=CIRCLE('',#4406,5.42925E0);
#4415=CIRCLE('',#4414,5.42925E0);
#4423=CIRCLE('',#4422,5.42925E0);
#4431=CIRCLE('',#4430,5.42925E0);
#4439=CIRCLE('',#4438,5.42925E0);
#4449=B_SPLINE_CURVE_WITH_KNOTS('',3,(#4443,#4444,#4445,#4446,#4447,#4448),
.UNSPECIFIED.,.F.,.F.,(4,1,1,4),(0.E0,3.333333333333E-1,6.666666666667E-1,1.E0),
.UNSPECIFIED.);
#4459=B_SPLINE_CURVE_WITH_KNOTS('',3,(#4453,#4454,#4455,#4456,#4457,#4458),
.UNSPECIFIED.,.F.,.F.,(4,1,1,4),(0.E0,3.333333333333E-1,6.666666666667E-1,1.E0),
.UNSPECIFIED.);
#4467=CIRCLE('',#4466,5.715E0);
#4477=B_SPLINE_CURVE_WITH_KNOTS('',3,(#4471,#4472,#4473,#4474,#4475,#4476),
.UNSPECIFIED.,.F.,.F.,(4,1,1,4),(0.E0,3.333333333333E-1,6.666666666667E-1,1.E0),
.UNSPECIFIED.);
#4487=B_SPLINE_CURVE_WITH_KNOTS('',3,(#4481,#4482,#4483,#4484,#4485,#4486),
.UNSPECIFIED.,.F.,.F.,(4,1,1,4),(0.E0,3.333333333333E-1,6.666666666667E-1,1.E0),
.UNSPECIFIED.);
#4495=CIRCLE('',#4494,5.715E0);
#4505=B_SPLINE_CURVE_WITH_KNOTS('',3,(#4499,#4500,#4501,#4502,#4503,#4504),
.UNSPECIFIED.,.F.,.F.,(4,1,1,4),(0.E0,3.333333333333E-1,6.666666666667E-1,1.E0),
.UNSPECIFIED.);
#4515=B_SPLINE_CURVE_WITH_KNOTS('',3,(#4509,#4510,#4511,#4512,#4513,#4514),
.UNSPECIFIED.,.F.,.F.,(4,1,1,4),(0.E0,3.333333333333E-1,6.666666666667E-1,1.E0),
.UNSPECIFIED.);
#4523=CIRCLE('',#4522,5.715E0);
#4533=B_SPLINE_CURVE_WITH_KNOTS('',3,(#4527,#4528,#4529,#4530,#4531,#4532),
.UNSPECIFIED.,.F.,.F.,(4,1,1,4),(0.E0,3.333333333333E-1,6.666666666667E-1,1.E0),
.UNSPECIFIED.);
#4543=B_SPLINE_CURVE_WITH_KNOTS('',3,(#4537,#4538,#4539,#4540,#4541,#4542),
.UNSPECIFIED.,.F.,.F.,(4,1,1,4),(0.E0,3.333333333333E-1,6.666666666667E-1,1.E0),
.UNSPECIFIED.);
#4551=CIRCLE('',#4550,5.715E0);
#4561=B_SPLINE_CURVE_WITH_KNOTS('',3,(#4555,#4556,#4557,#4558,#4559,#4560),
.UNSPECIFIED.,.F.,.F.,(4,1,1,4),(0.E0,3.333333333333E-1,6.666666666667E-1,1.E0),
.UNSPECIFIED.);
#4571=B_SPLINE_CURVE_WITH_KNOTS('',3,(#4565,#4566,#4567,#4568,#4569,#4570),
.UNSPECIFIED.,.F.,.F.,(4,1,1,4),(0.E0,3.333333333333E-1,6.666666666667E-1,1.E0),
.UNSPECIFIED.);
#4579=CIRCLE('',#4578,5.715E0);
#4589=B_SPLINE_CURVE_WITH_KNOTS('',3,(#4583,#4584,#4585,#4586,#4587,#4588),
.UNSPECIFIED.,.F.,.F.,(4,1,1,4),(0.E0,3.333333333333E-1,6.666666666667E-1,1.E0),
.UNSPECIFIED.);
#4599=B_SPLINE_CURVE_WITH_KNOTS('',3,(#4593,#4594,#4595,#4596,#4597,#4598),
.UNSPECIFIED.,.F.,.F.,(4,1,1,4),(0.E0,3.333333333333E-1,6.666666666667E-1,1.E0),
.UNSPECIFIED.);
#4607=CIRCLE('',#4606,5.715E0);
#4617=B_SPLINE_CURVE_WITH_KNOTS('',3,(#4611,#4612,#4613,#4614,#4615,#4616),
.UNSPECIFIED.,.F.,.F.,(4,1,1,4),(0.E0,3.333333333333E-1,6.666666666667E-1,1.E0),
.UNSPECIFIED.);
#4627=B_SPLINE_CURVE_WITH_KNOTS('',3,(#4621,#4622,#4623,#4624,#4625,#4626),
.UNSPECIFIED.,.F.,.F.,(4,1,1,4),(0.E0,3.333333333333E-1,6.666666666667E-1,1.E0),
.UNSPECIFIED.);
#4635=CIRCLE('',#4634,5.715E0);
#4645=B_SPLINE_CURVE_WITH_KNOTS('',3,(#4639,#4640,#4641,#4642,#4643,#4644),
.UNSPECIFIED.,.F.,.F.,(4,1,1,4),(0.E0,3.333333333333E-1,6.666666666667E-1,1.E0),
.UNSPECIFIED.);
#4655=B_SPLINE_CURVE_WITH_KNOTS('',3,(#4649,#4650,#4651,#4652,#4653,#4654),
.UNSPECIFIED.,.F.,.F.,(4,1,1,4),(0.E0,3.333333333333E-1,6.666666666667E-1,1.E0),
.UNSPECIFIED.);
#4663=CIRCLE('',#4662,5.715E0);
#4673=B_SPLINE_CURVE_WITH_KNOTS('',3,(#4667,#4668,#4669,#4670,#4671,#4672),
.UNSPECIFIED.,.F.,.F.,(4,1,1,4),(0.E0,3.333333333333E-1,6.666666666667E-1,1.E0),
.UNSPECIFIED.);
#4683=B_SPLINE_CURVE_WITH_KNOTS('',3,(#4677,#4678,#4679,#4680,#4681,#4682),
.UNSPECIFIED.,.F.,.F.,(4,1,1,4),(0.E0,3.333333333333E-1,6.666666666667E-1,1.E0),
.UNSPECIFIED.);
#4691=CIRCLE('',#4690,5.715E0);
#4701=B_SPLINE_CURVE_WITH_KNOTS('',3,(#4695,#4696,#4697,#4698,#4699,#4700),
.UNSPECIFIED.,.F.,.F.,(4,1,1,4),(0.E0,3.333333333333E-1,6.666666666667E-1,1.E0),
.UNSPECIFIED.);
#4711=B_SPLINE_CURVE_WITH_KNOTS('',3,(#4705,#4706,#4707,#4708,#4709,#4710),
.UNSPECIFIED.,.F.,.F.,(4,1,1,4),(0.E0,3.333333333333E-1,6.666666666667E-1,1.E0),
.UNSPECIFIED.);
#4719=CIRCLE('',#4718,5.715E0);
#4729=B_SPLINE_CURVE_WITH_KNOTS('',3,(#4723,#4724,#4725,#4726,#4727,#4728),
.UNSPECIFIED.,.F.,.F.,(4,1,1,4),(0.E0,3.333333333333E-1,6.666666666667E-1,1.E0),
.UNSPECIFIED.);
#4739=B_SPLINE_CURVE_WITH_KNOTS('',3,(#4733,#4734,#4735,#4736,#4737,#4738),
.UNSPECIFIED.,.F.,.F.,(4,1,1,4),(0.E0,3.333333333333E-1,6.666666666667E-1,1.E0),
.UNSPECIFIED.);
#4747=CIRCLE('',#4746,5.715E0);
#4757=B_SPLINE_CURVE_WITH_KNOTS('',3,(#4751,#4752,#4753,#4754,#4755,#4756),
.UNSPECIFIED.,.F.,.F.,(4,1,1,4),(0.E0,3.333333333333E-1,6.666666666667E-1,1.E0),
.UNSPECIFIED.);
#4767=B_SPLINE_CURVE_WITH_KNOTS('',3,(#4761,#4762,#4763,#4764,#4765,#4766),
.UNSPECIFIED.,.F.,.F.,(4,1,1,4),(0.E0,3.333333333333E-1,6.666666666667E-1,1.E0),
.UNSPECIFIED.);
#4775=CIRCLE('',#4774,5.715E0);
#4785=B_SPLINE_CURVE_WITH_KNOTS('',3,(#4779,#4780,#4781,#4782,#4783,#4784),
.UNSPECIFIED.,.F.,.F.,(4,1,1,4),(0.E0,3.333333333333E-1,6.666666666667E-1,1.E0),
.UNSPECIFIED.);
#4795=B_SPLINE_CURVE_WITH_KNOTS('',3,(#4789,#4790,#4791,#4792,#4793,#4794),
.UNSPECIFIED.,.F.,.F.,(4,1,1,4),(0.E0,3.333333333333E-1,6.666666666667E-1,1.E0),
.UNSPECIFIED.);
#4803=CIRCLE('',#4802,5.715E0);
#4813=B_SPLINE_CURVE_WITH_KNOTS('',3,(#4807,#4808,#4809,#4810,#4811,#4812),
.UNSPECIFIED.,.F.,.F.,(4,1,1,4),(0.E0,3.333333333333E-1,6.666666666667E-1,1.E0),
.UNSPECIFIED.);
#4823=B_SPLINE_CURVE_WITH_KNOTS('',3,(#4817,#4818,#4819,#4820,#4821,#4822),
.UNSPECIFIED.,.F.,.F.,(4,1,1,4),(0.E0,3.333333333333E-1,6.666666666667E-1,1.E0),
.UNSPECIFIED.);
#4831=CIRCLE('',#4830,5.715E0);
#4841=B_SPLINE_CURVE_WITH_KNOTS('',3,(#4835,#4836,#4837,#4838,#4839,#4840),
.UNSPECIFIED.,.F.,.F.,(4,1,1,4),(0.E0,3.333333333333E-1,6.666666666667E-1,1.E0),
.UNSPECIFIED.);
#4851=B_SPLINE_CURVE_WITH_KNOTS('',3,(#4845,#4846,#4847,#4848,#4849,#4850),
.UNSPECIFIED.,.F.,.F.,(4,1,1,4),(0.E0,3.333333333333E-1,6.666666666667E-1,1.E0),
.UNSPECIFIED.);
#4859=CIRCLE('',#4858,5.715E0);
#4869=B_SPLINE_CURVE_WITH_KNOTS('',3,(#4863,#4864,#4865,#4866,#4867,#4868),
.UNSPECIFIED.,.F.,.F.,(4,1,1,4),(0.E0,3.333333333333E-1,6.666666666667E-1,1.E0),
.UNSPECIFIED.);
#4879=B_SPLINE_CURVE_WITH_KNOTS('',3,(#4873,#4874,#4875,#4876,#4877,#4878),
.UNSPECIFIED.,.F.,.F.,(4,1,1,4),(0.E0,3.333333333333E-1,6.666666666667E-1,1.E0),
.UNSPECIFIED.);
#4887=CIRCLE('',#4886,5.715E0);
#4897=B_SPLINE_CURVE_WITH_KNOTS('',3,(#4891,#4892,#4893,#4894,#4895,#4896),
.UNSPECIFIED.,.F.,.F.,(4,1,1,4),(0.E0,3.333333333333E-1,6.666666666667E-1,1.E0),
.UNSPECIFIED.);
#4907=B_SPLINE_CURVE_WITH_KNOTS('',3,(#4901,#4902,#4903,#4904,#4905,#4906),
.UNSPECIFIED.,.F.,.F.,(4,1,1,4),(0.E0,3.333333333333E-1,6.666666666667E-1,1.E0),
.UNSPECIFIED.);
#4915=CIRCLE('',#4914,5.715E0);
#4925=B_SPLINE_CURVE_WITH_KNOTS('',3,(#4919,#4920,#4921,#4922,#4923,#4924),
.UNSPECIFIED.,.F.,.F.,(4,1,1,4),(0.E0,3.333333333333E-1,6.666666666667E-1,1.E0),
.UNSPECIFIED.);
#4935=B_SPLINE_CURVE_WITH_KNOTS('',3,(#4929,#4930,#4931,#4932,#4933,#4934),
.UNSPECIFIED.,.F.,.F.,(4,1,1,4),(0.E0,3.333333333333E-1,6.666666666667E-1,1.E0),
.UNSPECIFIED.);
#4943=CIRCLE('',#4942,5.715E0);
#4953=B_SPLINE_CURVE_WITH_KNOTS('',3,(#4947,#4948,#4949,#4950,#4951,#4952),
.UNSPECIFIED.,.F.,.F.,(4,1,1,4),(0.E0,3.333333333333E-1,6.666666666667E-1,1.E0),
.UNSPECIFIED.);
#4963=B_SPLINE_CURVE_WITH_KNOTS('',3,(#4957,#4958,#4959,#4960,#4961,#4962),
.UNSPECIFIED.,.F.,.F.,(4,1,1,4),(0.E0,3.333333333333E-1,6.666666666667E-1,1.E0),
.UNSPECIFIED.);
#4971=CIRCLE('',#4970,5.715E0);
#4981=B_SPLINE_CURVE_WITH_KNOTS('',3,(#4975,#4976,#4977,#4978,#4979,#4980),
.UNSPECIFIED.,.F.,.F.,(4,1,1,4),(0.E0,3.333333333333E-1,6.666666666667E-1,1.E0),
.UNSPECIFIED.);
#4991=B_SPLINE_CURVE_WITH_KNOTS('',3,(#4985,#4986,#4987,#4988,#4989,#4990),
.UNSPECIFIED.,.F.,.F.,(4,1,1,4),(0.E0,3.333333333333E-1,6.666666666667E-1,1.E0),
.UNSPECIFIED.);
#4999=CIRCLE('',#4998,5.715E0);
#5009=B_SPLINE_CURVE_WITH_KNOTS('',3,(#5003,#5004,#5005,#5006,#5007,#5008),
.UNSPECIFIED.,.F.,.F.,(4,1,1,4),(0.E0,3.333333333333E-1,6.666666666667E-1,1.E0),
.UNSPECIFIED.);
#5019=B_SPLINE_CURVE_WITH_KNOTS('',3,(#5013,#5014,#5015,#5016,#5017,#5018),
.UNSPECIFIED.,.F.,.F.,(4,1,1,4),(0.E0,3.333333333333E-1,6.666666666667E-1,1.E0),
.UNSPECIFIED.);
#5027=CIRCLE('',#5026,5.715E0);
#5037=B_SPLINE_CURVE_WITH_KNOTS('',3,(#5031,#5032,#5033,#5034,#5035,#5036),
.UNSPECIFIED.,.F.,.F.,(4,1,1,4),(0.E0,3.333333333333E-1,6.666666666667E-1,1.E0),
.UNSPECIFIED.);
#5047=B_SPLINE_CURVE_WITH_KNOTS('',3,(#5041,#5042,#5043,#5044,#5045,#5046),
.UNSPECIFIED.,.F.,.F.,(4,1,1,4),(0.E0,3.333333333333E-1,6.666666666667E-1,1.E0),
.UNSPECIFIED.);
#5055=CIRCLE('',#5054,5.715E0);
#5065=B_SPLINE_CURVE_WITH_KNOTS('',3,(#5059,#5060,#5061,#5062,#5063,#5064),
.UNSPECIFIED.,.F.,.F.,(4,1,1,4),(0.E0,3.333333333333E-1,6.666666666667E-1,1.E0),
.UNSPECIFIED.);
#5075=B_SPLINE_CURVE_WITH_KNOTS('',3,(#5069,#5070,#5071,#5072,#5073,#5074),
.UNSPECIFIED.,.F.,.F.,(4,1,1,4),(0.E0,3.333333333333E-1,6.666666666667E-1,1.E0),
.UNSPECIFIED.);
#5083=CIRCLE('',#5082,5.715E0);
#5093=B_SPLINE_CURVE_WITH_KNOTS('',3,(#5087,#5088,#5089,#5090,#5091,#5092),
.UNSPECIFIED.,.F.,.F.,(4,1,1,4),(0.E0,3.333333333333E-1,6.666666666667E-1,1.E0),
.UNSPECIFIED.);
#5103=B_SPLINE_CURVE_WITH_KNOTS('',3,(#5097,#5098,#5099,#5100,#5101,#5102),
.UNSPECIFIED.,.F.,.F.,(4,1,1,4),(0.E0,3.333333333333E-1,6.666666666667E-1,1.E0),
.UNSPECIFIED.);
#5111=CIRCLE('',#5110,5.715E0);
#5121=B_SPLINE_CURVE_WITH_KNOTS('',3,(#5115,#5116,#5117,#5118,#5119,#5120),
.UNSPECIFIED.,.F.,.F.,(4,1,1,4),(0.E0,3.333333333333E-1,6.666666666667E-1,1.E0),
.UNSPECIFIED.);
#5131=B_SPLINE_CURVE_WITH_KNOTS('',3,(#5125,#5126,#5127,#5128,#5129,#5130),
.UNSPECIFIED.,.F.,.F.,(4,1,1,4),(0.E0,3.333333333333E-1,6.666666666667E-1,1.E0),
.UNSPECIFIED.);
#5139=CIRCLE('',#5138,5.715E0);
#5149=B_SPLINE_CURVE_WITH_KNOTS('',3,(#5143,#5144,#5145,#5146,#5147,#5148),
.UNSPECIFIED.,.F.,.F.,(4,1,1,4),(0.E0,3.333333333333E-1,6.666666666667E-1,1.E0),
.UNSPECIFIED.);
#5159=B_SPLINE_CURVE_WITH_KNOTS('',3,(#5153,#5154,#5155,#5156,#5157,#5158),
.UNSPECIFIED.,.F.,.F.,(4,1,1,4),(0.E0,3.333333333333E-1,6.666666666667E-1,1.E0),
.UNSPECIFIED.);
#5167=CIRCLE('',#5166,5.715E0);
#5177=B_SPLINE_CURVE_WITH_KNOTS('',3,(#5171,#5172,#5173,#5174,#5175,#5176),
.UNSPECIFIED.,.F.,.F.,(4,1,1,4),(0.E0,3.333333333333E-1,6.666666666667E-1,1.E0),
.UNSPECIFIED.);
#5187=B_SPLINE_CURVE_WITH_KNOTS('',3,(#5181,#5182,#5183,#5184,#5185,#5186),
.UNSPECIFIED.,.F.,.F.,(4,1,1,4),(0.E0,3.333333333333E-1,6.666666666667E-1,1.E0),
.UNSPECIFIED.);
#5195=CIRCLE('',#5194,5.715E0);
#5205=B_SPLINE_CURVE_WITH_KNOTS('',3,(#5199,#5200,#5201,#5202,#5203,#5204),
.UNSPECIFIED.,.F.,.F.,(4,1,1,4),(0.E0,3.333333333333E-1,6.666666666667E-1,1.E0),
.UNSPECIFIED.);
#5215=B_SPLINE_CURVE_WITH_KNOTS('',3,(#5209,#5210,#5211,#5212,#5213,#5214),
.UNSPECIFIED.,.F.,.F.,(4,1,1,4),(0.E0,3.333333333333E-1,6.666666666667E-1,1.E0),
.UNSPECIFIED.);
#5223=CIRCLE('',#5222,5.715E0);
#5233=B_SPLINE_CURVE_WITH_KNOTS('',3,(#5227,#5228,#5229,#5230,#5231,#5232),
.UNSPECIFIED.,.F.,.F.,(4,1,1,4),(0.E0,3.333333333333E-1,6.666666666667E-1,1.E0),
.UNSPECIFIED.);
#5243=B_SPLINE_CURVE_WITH_KNOTS('',3,(#5237,#5238,#5239,#5240,#5241,#5242),
.UNSPECIFIED.,.F.,.F.,(4,1,1,4),(0.E0,3.333333333333E-1,6.666666666667E-1,1.E0),
.UNSPECIFIED.);
#5251=CIRCLE('',#5250,5.715E0);
#5261=B_SPLINE_CURVE_WITH_KNOTS('',3,(#5255,#5256,#5257,#5258,#5259,#5260),
.UNSPECIFIED.,.F.,.F.,(4,1,1,4),(0.E0,3.333333333333E-1,6.666666666667E-1,1.E0),
.UNSPECIFIED.);
#5271=B_SPLINE_CURVE_WITH_KNOTS('',3,(#5265,#5266,#5267,#5268,#5269,#5270),
.UNSPECIFIED.,.F.,.F.,(4,1,1,4),(0.E0,3.333333333333E-1,6.666666666667E-1,1.E0),
.UNSPECIFIED.);
#5279=CIRCLE('',#5278,5.715E0);
#5721=CIRCLE('',#5720,5.715E0);
#5743=CIRCLE('',#5742,5.715E0);
#5765=CIRCLE('',#5764,5.715E0);
#5787=CIRCLE('',#5786,5.715E0);
#5809=CIRCLE('',#5808,5.715E0);
#5831=CIRCLE('',#5830,5.715E0);
#5853=CIRCLE('',#5852,5.715E0);
#5875=CIRCLE('',#5874,5.715E0);
#5897=CIRCLE('',#5896,5.715E0);
#5919=CIRCLE('',#5918,5.715E0);
#5941=CIRCLE('',#5940,5.715E0);
#5963=CIRCLE('',#5962,5.715E0);
#5985=CIRCLE('',#5984,5.715E0);
#6007=CIRCLE('',#6006,5.715E0);
#6029=CIRCLE('',#6028,5.715E0);
#6051=CIRCLE('',#6050,5.715E0);
#6073=CIRCLE('',#6072,5.715E0);
#6095=CIRCLE('',#6094,5.715E0);
#6117=CIRCLE('',#6116,5.715E0);
#6139=CIRCLE('',#6138,5.715E0);
#6161=CIRCLE('',#6160,5.715E0);
#6183=CIRCLE('',#6182,5.715E0);
#6205=CIRCLE('',#6204,5.715E0);
#6227=CIRCLE('',#6226,5.715E0);
#6249=CIRCLE('',#6248,5.715E0);
#6271=CIRCLE('',#6270,5.715E0);
#6293=CIRCLE('',#6292,5.715E0);
#6315=CIRCLE('',#6314,5.715E0);
#6337=CIRCLE('',#6336,5.715E0);
#6366=CIRCLE('',#6365,5.715E0);
#6376=B_SPLINE_CURVE_WITH_KNOTS('',3,(#6370,#6371,#6372,#6373,#6374,#6375),
.UNSPECIFIED.,.F.,.F.,(4,1,1,4),(0.E0,3.333333333333E-1,6.666666666667E-1,1.E0),
.UNSPECIFIED.);
#6384=CIRCLE('',#6383,5.715E0);
#6393=B_SPLINE_CURVE_WITH_KNOTS('',3,(#6388,#6389,#6390,#6391,#6392),
.UNSPECIFIED.,.F.,.F.,(4,1,4),(0.E0,5.E-1,1.E0),.UNSPECIFIED.);
#6402=B_SPLINE_CURVE_WITH_KNOTS('',3,(#6397,#6398,#6399,#6400,#6401),
.UNSPECIFIED.,.F.,.F.,(4,1,4),(0.E0,5.E-1,1.E0),.UNSPECIFIED.);
#6410=CIRCLE('',#6409,5.715E0);
#6419=B_SPLINE_CURVE_WITH_KNOTS('',3,(#6414,#6415,#6416,#6417,#6418),
.UNSPECIFIED.,.F.,.F.,(4,1,4),(0.E0,5.E-1,1.E0),.UNSPECIFIED.);
#6428=B_SPLINE_CURVE_WITH_KNOTS('',3,(#6423,#6424,#6425,#6426,#6427),
.UNSPECIFIED.,.F.,.F.,(4,1,4),(0.E0,5.E-1,1.E0),.UNSPECIFIED.);
#6436=CIRCLE('',#6435,5.715E0);
#6445=B_SPLINE_CURVE_WITH_KNOTS('',3,(#6440,#6441,#6442,#6443,#6444),
.UNSPECIFIED.,.F.,.F.,(4,1,4),(0.E0,5.E-1,1.E0),.UNSPECIFIED.);
#6454=B_SPLINE_CURVE_WITH_KNOTS('',3,(#6449,#6450,#6451,#6452,#6453),
.UNSPECIFIED.,.F.,.F.,(4,1,4),(0.E0,5.E-1,1.E0),.UNSPECIFIED.);
#6462=CIRCLE('',#6461,5.715E0);
#6471=B_SPLINE_CURVE_WITH_KNOTS('',3,(#6466,#6467,#6468,#6469,#6470),
.UNSPECIFIED.,.F.,.F.,(4,1,4),(0.E0,5.E-1,1.E0),.UNSPECIFIED.);
#6480=B_SPLINE_CURVE_WITH_KNOTS('',3,(#6475,#6476,#6477,#6478,#6479),
.UNSPECIFIED.,.F.,.F.,(4,1,4),(0.E0,5.E-1,1.E0),.UNSPECIFIED.);
#6488=CIRCLE('',#6487,5.715E0);
#6497=B_SPLINE_CURVE_WITH_KNOTS('',3,(#6492,#6493,#6494,#6495,#6496),
.UNSPECIFIED.,.F.,.F.,(4,1,4),(0.E0,5.E-1,1.E0),.UNSPECIFIED.);
#6506=B_SPLINE_CURVE_WITH_KNOTS('',3,(#6501,#6502,#6503,#6504,#6505),
.UNSPECIFIED.,.F.,.F.,(4,1,4),(0.E0,5.E-1,1.E0),.UNSPECIFIED.);
#6514=CIRCLE('',#6513,5.715E0);
#6523=B_SPLINE_CURVE_WITH_KNOTS('',3,(#6518,#6519,#6520,#6521,#6522),
.UNSPECIFIED.,.F.,.F.,(4,1,4),(0.E0,5.E-1,1.E0),.UNSPECIFIED.);
#6532=B_SPLINE_CURVE_WITH_KNOTS('',3,(#6527,#6528,#6529,#6530,#6531),
.UNSPECIFIED.,.F.,.F.,(4,1,4),(0.E0,5.E-1,1.E0),.UNSPECIFIED.);
#6540=CIRCLE('',#6539,5.715E0);
#6549=B_SPLINE_CURVE_WITH_KNOTS('',3,(#6544,#6545,#6546,#6547,#6548),
.UNSPECIFIED.,.F.,.F.,(4,1,4),(0.E0,5.E-1,1.E0),.UNSPECIFIED.);
#6558=B_SPLINE_CURVE_WITH_KNOTS('',3,(#6553,#6554,#6555,#6556,#6557),
.UNSPECIFIED.,.F.,.F.,(4,1,4),(0.E0,5.E-1,1.E0),.UNSPECIFIED.);
#6566=CIRCLE('',#6565,5.715E0);
#6575=B_SPLINE_CURVE_WITH_KNOTS('',3,(#6570,#6571,#6572,#6573,#6574),
.UNSPECIFIED.,.F.,.F.,(4,1,4),(0.E0,5.E-1,1.E0),.UNSPECIFIED.);
#6584=B_SPLINE_CURVE_WITH_KNOTS('',3,(#6579,#6580,#6581,#6582,#6583),
.UNSPECIFIED.,.F.,.F.,(4,1,4),(0.E0,5.E-1,1.E0),.UNSPECIFIED.);
#6592=CIRCLE('',#6591,5.715E0);
#6601=B_SPLINE_CURVE_WITH_KNOTS('',3,(#6596,#6597,#6598,#6599,#6600),
.UNSPECIFIED.,.F.,.F.,(4,1,4),(0.E0,5.E-1,1.E0),.UNSPECIFIED.);
#6610=B_SPLINE_CURVE_WITH_KNOTS('',3,(#6605,#6606,#6607,#6608,#6609),
.UNSPECIFIED.,.F.,.F.,(4,1,4),(0.E0,5.E-1,1.E0),.UNSPECIFIED.);
#6618=CIRCLE('',#6617,5.715E0);
#6627=B_SPLINE_CURVE_WITH_KNOTS('',3,(#6622,#6623,#6624,#6625,#6626),
.UNSPECIFIED.,.F.,.F.,(4,1,4),(0.E0,5.E-1,1.E0),.UNSPECIFIED.);
#6636=B_SPLINE_CURVE_WITH_KNOTS('',3,(#6631,#6632,#6633,#6634,#6635),
.UNSPECIFIED.,.F.,.F.,(4,1,4),(0.E0,5.E-1,1.E0),.UNSPECIFIED.);
#6644=CIRCLE('',#6643,5.715E0);
#6653=B_SPLINE_CURVE_WITH_KNOTS('',3,(#6648,#6649,#6650,#6651,#6652),
.UNSPECIFIED.,.F.,.F.,(4,1,4),(0.E0,5.E-1,1.E0),.UNSPECIFIED.);
#6662=B_SPLINE_CURVE_WITH_KNOTS('',3,(#6657,#6658,#6659,#6660,#6661),
.UNSPECIFIED.,.F.,.F.,(4,1,4),(0.E0,5.E-1,1.E0),.UNSPECIFIED.);
#6670=CIRCLE('',#6669,5.715E0);
#6679=B_SPLINE_CURVE_WITH_KNOTS('',3,(#6674,#6675,#6676,#6677,#6678),
.UNSPECIFIED.,.F.,.F.,(4,1,4),(0.E0,5.E-1,1.E0),.UNSPECIFIED.);
#6688=B_SPLINE_CURVE_WITH_KNOTS('',3,(#6683,#6684,#6685,#6686,#6687),
.UNSPECIFIED.,.F.,.F.,(4,1,4),(0.E0,5.E-1,1.E0),.UNSPECIFIED.);
#6696=CIRCLE('',#6695,5.715E0);
#6705=B_SPLINE_CURVE_WITH_KNOTS('',3,(#6700,#6701,#6702,#6703,#6704),
.UNSPECIFIED.,.F.,.F.,(4,1,4),(0.E0,5.E-1,1.E0),.UNSPECIFIED.);
#6714=B_SPLINE_CURVE_WITH_KNOTS('',3,(#6709,#6710,#6711,#6712,#6713),
.UNSPECIFIED.,.F.,.F.,(4,1,4),(0.E0,5.E-1,1.E0),.UNSPECIFIED.);
#6722=CIRCLE('',#6721,5.715E0);
#6731=B_SPLINE_CURVE_WITH_KNOTS('',3,(#6726,#6727,#6728,#6729,#6730),
.UNSPECIFIED.,.F.,.F.,(4,1,4),(0.E0,5.E-1,1.E0),.UNSPECIFIED.);
#6740=B_SPLINE_CURVE_WITH_KNOTS('',3,(#6735,#6736,#6737,#6738,#6739),
.UNSPECIFIED.,.F.,.F.,(4,1,4),(0.E0,5.E-1,1.E0),.UNSPECIFIED.);
#6748=CIRCLE('',#6747,5.715E0);
#6757=B_SPLINE_CURVE_WITH_KNOTS('',3,(#6752,#6753,#6754,#6755,#6756),
.UNSPECIFIED.,.F.,.F.,(4,1,4),(0.E0,5.E-1,1.E0),.UNSPECIFIED.);
#6766=B_SPLINE_CURVE_WITH_KNOTS('',3,(#6761,#6762,#6763,#6764,#6765),
.UNSPECIFIED.,.F.,.F.,(4,1,4),(0.E0,5.E-1,1.E0),.UNSPECIFIED.);
#6774=CIRCLE('',#6773,5.715E0);
#6783=B_SPLINE_CURVE_WITH_KNOTS('',3,(#6778,#6779,#6780,#6781,#6782),
.UNSPECIFIED.,.F.,.F.,(4,1,4),(0.E0,5.E-1,1.E0),.UNSPECIFIED.);
#6792=B_SPLINE_CURVE_WITH_KNOTS('',3,(#6787,#6788,#6789,#6790,#6791),
.UNSPECIFIED.,.F.,.F.,(4,1,4),(0.E0,5.E-1,1.E0),.UNSPECIFIED.);
#6800=CIRCLE('',#6799,5.715E0);
#6809=B_SPLINE_CURVE_WITH_KNOTS('',3,(#6804,#6805,#6806,#6807,#6808),
.UNSPECIFIED.,.F.,.F.,(4,1,4),(0.E0,5.E-1,1.E0),.UNSPECIFIED.);
#6818=B_SPLINE_CURVE_WITH_KNOTS('',3,(#6813,#6814,#6815,#6816,#6817),
.UNSPECIFIED.,.F.,.F.,(4,1,4),(0.E0,5.E-1,1.E0),.UNSPECIFIED.);
#6826=CIRCLE('',#6825,5.715E0);
#6835=B_SPLINE_CURVE_WITH_KNOTS('',3,(#6830,#6831,#6832,#6833,#6834),
.UNSPECIFIED.,.F.,.F.,(4,1,4),(0.E0,5.E-1,1.E0),.UNSPECIFIED.);
#6844=B_SPLINE_CURVE_WITH_KNOTS('',3,(#6839,#6840,#6841,#6842,#6843),
.UNSPECIFIED.,.F.,.F.,(4,1,4),(0.E0,5.E-1,1.E0),.UNSPECIFIED.);
#6852=CIRCLE('',#6851,5.715E0);
#6861=B_SPLINE_CURVE_WITH_KNOTS('',3,(#6856,#6857,#6858,#6859,#6860),
.UNSPECIFIED.,.F.,.F.,(4,1,4),(0.E0,5.E-1,1.E0),.UNSPECIFIED.);
#6870=B_SPLINE_CURVE_WITH_KNOTS('',3,(#6865,#6866,#6867,#6868,#6869),
.UNSPECIFIED.,.F.,.F.,(4,1,4),(0.E0,5.E-1,1.E0),.UNSPECIFIED.);
#6878=CIRCLE('',#6877,5.715E0);
#6887=B_SPLINE_CURVE_WITH_KNOTS('',3,(#6882,#6883,#6884,#6885,#6886),
.UNSPECIFIED.,.F.,.F.,(4,1,4),(0.E0,5.E-1,1.E0),.UNSPECIFIED.);
#6896=B_SPLINE_CURVE_WITH_KNOTS('',3,(#6891,#6892,#6893,#6894,#6895),
.UNSPECIFIED.,.F.,.F.,(4,1,4),(0.E0,5.E-1,1.E0),.UNSPECIFIED.);
#6904=CIRCLE('',#6903,5.715E0);
#6913=B_SPLINE_CURVE_WITH_KNOTS('',3,(#6908,#6909,#6910,#6911,#6912),
.UNSPECIFIED.,.F.,.F.,(4,1,4),(0.E0,5.E-1,1.E0),.UNSPECIFIED.);
#6922=B_SPLINE_CURVE_WITH_KNOTS('',3,(#6917,#6918,#6919,#6920,#6921),
.UNSPECIFIED.,.F.,.F.,(4,1,4),(0.E0,5.E-1,1.E0),.UNSPECIFIED.);
#6930=CIRCLE('',#6929,5.715E0);
#6939=B_SPLINE_CURVE_WITH_KNOTS('',3,(#6934,#6935,#6936,#6937,#6938),
.UNSPECIFIED.,.F.,.F.,(4,1,4),(0.E0,5.E-1,1.E0),.UNSPECIFIED.);
#6948=B_SPLINE_CURVE_WITH_KNOTS('',3,(#6943,#6944,#6945,#6946,#6947),
.UNSPECIFIED.,.F.,.F.,(4,1,4),(0.E0,5.E-1,1.E0),.UNSPECIFIED.);
#6956=CIRCLE('',#6955,5.715E0);
#6965=B_SPLINE_CURVE_WITH_KNOTS('',3,(#6960,#6961,#6962,#6963,#6964),
.UNSPECIFIED.,.F.,.F.,(4,1,4),(0.E0,5.E-1,1.E0),.UNSPECIFIED.);
#6974=B_SPLINE_CURVE_WITH_KNOTS('',3,(#6969,#6970,#6971,#6972,#6973),
.UNSPECIFIED.,.F.,.F.,(4,1,4),(0.E0,5.E-1,1.E0),.UNSPECIFIED.);
#6982=CIRCLE('',#6981,5.715E0);
#6991=B_SPLINE_CURVE_WITH_KNOTS('',3,(#6986,#6987,#6988,#6989,#6990),
.UNSPECIFIED.,.F.,.F.,(4,1,4),(0.E0,5.E-1,1.E0),.UNSPECIFIED.);
#7000=B_SPLINE_CURVE_WITH_KNOTS('',3,(#6995,#6996,#6997,#6998,#6999),
.UNSPECIFIED.,.F.,.F.,(4,1,4),(0.E0,5.E-1,1.E0),.UNSPECIFIED.);
#7008=CIRCLE('',#7007,5.715E0);
#7017=B_SPLINE_CURVE_WITH_KNOTS('',3,(#7012,#7013,#7014,#7015,#7016),
.UNSPECIFIED.,.F.,.F.,(4,1,4),(0.E0,5.E-1,1.E0),.UNSPECIFIED.);
#7026=B_SPLINE_CURVE_WITH_KNOTS('',3,(#7021,#7022,#7023,#7024,#7025),
.UNSPECIFIED.,.F.,.F.,(4,1,4),(0.E0,5.E-1,1.E0),.UNSPECIFIED.);
#7034=CIRCLE('',#7033,5.715E0);
#7043=B_SPLINE_CURVE_WITH_KNOTS('',3,(#7038,#7039,#7040,#7041,#7042),
.UNSPECIFIED.,.F.,.F.,(4,1,4),(0.E0,5.E-1,1.E0),.UNSPECIFIED.);
#7052=B_SPLINE_CURVE_WITH_KNOTS('',3,(#7047,#7048,#7049,#7050,#7051),
.UNSPECIFIED.,.F.,.F.,(4,1,4),(0.E0,5.E-1,1.E0),.UNSPECIFIED.);
#7060=CIRCLE('',#7059,5.715E0);
#7069=B_SPLINE_CURVE_WITH_KNOTS('',3,(#7064,#7065,#7066,#7067,#7068),
.UNSPECIFIED.,.F.,.F.,(4,1,4),(0.E0,5.E-1,1.E0),.UNSPECIFIED.);
#7078=B_SPLINE_CURVE_WITH_KNOTS('',3,(#7073,#7074,#7075,#7076,#7077),
.UNSPECIFIED.,.F.,.F.,(4,1,4),(0.E0,5.E-1,1.E0),.UNSPECIFIED.);
#7086=CIRCLE('',#7085,5.715E0);
#7095=B_SPLINE_CURVE_WITH_KNOTS('',3,(#7090,#7091,#7092,#7093,#7094),
.UNSPECIFIED.,.F.,.F.,(4,1,4),(0.E0,5.E-1,1.E0),.UNSPECIFIED.);
#7104=B_SPLINE_CURVE_WITH_KNOTS('',3,(#7099,#7100,#7101,#7102,#7103),
.UNSPECIFIED.,.F.,.F.,(4,1,4),(0.E0,5.E-1,1.E0),.UNSPECIFIED.);
#7112=CIRCLE('',#7111,5.715E0);
#7121=B_SPLINE_CURVE_WITH_KNOTS('',3,(#7116,#7117,#7118,#7119,#7120),
.UNSPECIFIED.,.F.,.F.,(4,1,4),(0.E0,5.E-1,1.E0),.UNSPECIFIED.);
#7130=B_SPLINE_CURVE_WITH_KNOTS('',3,(#7125,#7126,#7127,#7128,#7129),
.UNSPECIFIED.,.F.,.F.,(4,1,4),(0.E0,5.E-1,1.E0),.UNSPECIFIED.);
#7138=CIRCLE('',#7137,5.715E0);
#7148=B_SPLINE_CURVE_WITH_KNOTS('',3,(#7142,#7143,#7144,#7145,#7146,#7147),
.UNSPECIFIED.,.F.,.F.,(4,1,1,4),(0.E0,3.333333333333E-1,6.666666666667E-1,1.E0),
.UNSPECIFIED.);
#7179=B_SPLINE_CURVE_WITH_KNOTS('',3,(#7173,#7174,#7175,#7176,#7177,#7178),
.UNSPECIFIED.,.F.,.F.,(4,1,1,4),(0.E0,3.333333333333E-1,6.666666666667E-1,1.E0),
.UNSPECIFIED.);
#7189=B_SPLINE_CURVE_WITH_KNOTS('',3,(#7183,#7184,#7185,#7186,#7187,#7188),
.UNSPECIFIED.,.F.,.F.,(4,1,1,4),(0.E0,3.333333333333E-1,6.666666666667E-1,1.E0),
.UNSPECIFIED.);
#7199=B_SPLINE_CURVE_WITH_KNOTS('',3,(#7193,#7194,#7195,#7196,#7197,#7198),
.UNSPECIFIED.,.F.,.F.,(4,1,1,4),(0.E0,3.333333333333E-1,6.666666666667E-1,1.E0),
.UNSPECIFIED.);
#7209=B_SPLINE_CURVE_WITH_KNOTS('',3,(#7203,#7204,#7205,#7206,#7207,#7208),
.UNSPECIFIED.,.F.,.F.,(4,1,1,4),(0.E0,3.333333333333E-1,6.666666666667E-1,1.E0),
.UNSPECIFIED.);
#7219=B_SPLINE_CURVE_WITH_KNOTS('',3,(#7213,#7214,#7215,#7216,#7217,#7218),
.UNSPECIFIED.,.F.,.F.,(4,1,1,4),(0.E0,3.333333333333E-1,6.666666666667E-1,1.E0),
.UNSPECIFIED.);
#7229=B_SPLINE_CURVE_WITH_KNOTS('',3,(#7223,#7224,#7225,#7226,#7227,#7228),
.UNSPECIFIED.,.F.,.F.,(4,1,1,4),(0.E0,3.333333333333E-1,6.666666666667E-1,1.E0),
.UNSPECIFIED.);
#7239=B_SPLINE_CURVE_WITH_KNOTS('',3,(#7233,#7234,#7235,#7236,#7237,#7238),
.UNSPECIFIED.,.F.,.F.,(4,1,1,4),(0.E0,3.333333333333E-1,6.666666666667E-1,1.E0),
.UNSPECIFIED.);
#7249=B_SPLINE_CURVE_WITH_KNOTS('',3,(#7243,#7244,#7245,#7246,#7247,#7248),
.UNSPECIFIED.,.F.,.F.,(4,1,1,4),(0.E0,3.333333333333E-1,6.666666666667E-1,1.E0),
.UNSPECIFIED.);
#7259=B_SPLINE_CURVE_WITH_KNOTS('',3,(#7253,#7254,#7255,#7256,#7257,#7258),
.UNSPECIFIED.,.F.,.F.,(4,1,1,4),(0.E0,3.333333333333E-1,6.666666666667E-1,1.E0),
.UNSPECIFIED.);
#7269=B_SPLINE_CURVE_WITH_KNOTS('',3,(#7263,#7264,#7265,#7266,#7267,#7268),
.UNSPECIFIED.,.F.,.F.,(4,1,1,4),(0.E0,3.333333333333E-1,6.666666666667E-1,1.E0),
.UNSPECIFIED.);
#7279=B_SPLINE_CURVE_WITH_KNOTS('',3,(#7273,#7274,#7275,#7276,#7277,#7278),
.UNSPECIFIED.,.F.,.F.,(4,1,1,4),(0.E0,3.333333333333E-1,6.666666666667E-1,1.E0),
.UNSPECIFIED.);
#7289=B_SPLINE_CURVE_WITH_KNOTS('',3,(#7283,#7284,#7285,#7286,#7287,#7288),
.UNSPECIFIED.,.F.,.F.,(4,1,1,4),(0.E0,3.333333333333E-1,6.666666666667E-1,1.E0),
.UNSPECIFIED.);
#7299=B_SPLINE_CURVE_WITH_KNOTS('',3,(#7293,#7294,#7295,#7296,#7297,#7298),
.UNSPECIFIED.,.F.,.F.,(4,1,1,4),(0.E0,3.333333333333E-1,6.666666666667E-1,1.E0),
.UNSPECIFIED.);
#7309=B_SPLINE_CURVE_WITH_KNOTS('',3,(#7303,#7304,#7305,#7306,#7307,#7308),
.UNSPECIFIED.,.F.,.F.,(4,1,1,4),(0.E0,3.333333333333E-1,6.666666666667E-1,1.E0),
.UNSPECIFIED.);
#7319=B_SPLINE_CURVE_WITH_KNOTS('',3,(#7313,#7314,#7315,#7316,#7317,#7318),
.UNSPECIFIED.,.F.,.F.,(4,1,1,4),(0.E0,3.333333333333E-1,6.666666666667E-1,1.E0),
.UNSPECIFIED.);
#7329=B_SPLINE_CURVE_WITH_KNOTS('',3,(#7323,#7324,#7325,#7326,#7327,#7328),
.UNSPECIFIED.,.F.,.F.,(4,1,1,4),(0.E0,3.333333333333E-1,6.666666666667E-1,1.E0),
.UNSPECIFIED.);
#7339=B_SPLINE_CURVE_WITH_KNOTS('',3,(#7333,#7334,#7335,#7336,#7337,#7338),
.UNSPECIFIED.,.F.,.F.,(4,1,1,4),(0.E0,3.333333333333E-1,6.666666666667E-1,1.E0),
.UNSPECIFIED.);
#7349=B_SPLINE_CURVE_WITH_KNOTS('',3,(#7343,#7344,#7345,#7346,#7347,#7348),
.UNSPECIFIED.,.F.,.F.,(4,1,1,4),(0.E0,3.333333333333E-1,6.666666666667E-1,1.E0),
.UNSPECIFIED.);
#7359=B_SPLINE_CURVE_WITH_KNOTS('',3,(#7353,#7354,#7355,#7356,#7357,#7358),
.UNSPECIFIED.,.F.,.F.,(4,1,1,4),(0.E0,3.333333333333E-1,6.666666666667E-1,1.E0),
.UNSPECIFIED.);
#7369=B_SPLINE_CURVE_WITH_KNOTS('',3,(#7363,#7364,#7365,#7366,#7367,#7368),
.UNSPECIFIED.,.F.,.F.,(4,1,1,4),(0.E0,3.333333333333E-1,6.666666666667E-1,1.E0),
.UNSPECIFIED.);
#7379=B_SPLINE_CURVE_WITH_KNOTS('',3,(#7373,#7374,#7375,#7376,#7377,#7378),
.UNSPECIFIED.,.F.,.F.,(4,1,1,4),(0.E0,3.333333333333E-1,6.666666666667E-1,1.E0),
.UNSPECIFIED.);
#7389=B_SPLINE_CURVE_WITH_KNOTS('',3,(#7383,#7384,#7385,#7386,#7387,#7388),
.UNSPECIFIED.,.F.,.F.,(4,1,1,4),(0.E0,3.333333333333E-1,6.666666666667E-1,1.E0),
.UNSPECIFIED.);
#7399=B_SPLINE_CURVE_WITH_KNOTS('',3,(#7393,#7394,#7395,#7396,#7397,#7398),
.UNSPECIFIED.,.F.,.F.,(4,1,1,4),(0.E0,3.333333333333E-1,6.666666666667E-1,1.E0),
.UNSPECIFIED.);
#7409=B_SPLINE_CURVE_WITH_KNOTS('',3,(#7403,#7404,#7405,#7406,#7407,#7408),
.UNSPECIFIED.,.F.,.F.,(4,1,1,4),(0.E0,3.333333333333E-1,6.666666666667E-1,1.E0),
.UNSPECIFIED.);
#7419=B_SPLINE_CURVE_WITH_KNOTS('',3,(#7413,#7414,#7415,#7416,#7417,#7418),
.UNSPECIFIED.,.F.,.F.,(4,1,1,4),(0.E0,3.333333333333E-1,6.666666666667E-1,1.E0),
.UNSPECIFIED.);
#7429=B_SPLINE_CURVE_WITH_KNOTS('',3,(#7423,#7424,#7425,#7426,#7427,#7428),
.UNSPECIFIED.,.F.,.F.,(4,1,1,4),(0.E0,3.333333333333E-1,6.666666666667E-1,1.E0),
.UNSPECIFIED.);
#7439=B_SPLINE_CURVE_WITH_KNOTS('',3,(#7433,#7434,#7435,#7436,#7437,#7438),
.UNSPECIFIED.,.F.,.F.,(4,1,1,4),(0.E0,3.333333333333E-1,6.666666666667E-1,1.E0),
.UNSPECIFIED.);
#7449=B_SPLINE_CURVE_WITH_KNOTS('',3,(#7443,#7444,#7445,#7446,#7447,#7448),
.UNSPECIFIED.,.F.,.F.,(4,1,1,4),(0.E0,3.333333333333E-1,6.666666666667E-1,1.E0),
.UNSPECIFIED.);
#7459=B_SPLINE_CURVE_WITH_KNOTS('',3,(#7453,#7454,#7455,#7456,#7457,#7458),
.UNSPECIFIED.,.F.,.F.,(4,1,1,4),(0.E0,3.333333333333E-1,6.666666666667E-1,1.E0),
.UNSPECIFIED.);
#7469=B_SPLINE_CURVE_WITH_KNOTS('',3,(#7463,#7464,#7465,#7466,#7467,#7468),
.UNSPECIFIED.,.F.,.F.,(4,1,1,4),(0.E0,3.333333333333E-1,6.666666666667E-1,1.E0),
.UNSPECIFIED.);
#7479=B_SPLINE_CURVE_WITH_KNOTS('',3,(#7473,#7474,#7475,#7476,#7477,#7478),
.UNSPECIFIED.,.F.,.F.,(4,1,1,4),(0.E0,3.333333333333E-1,6.666666666667E-1,1.E0),
.UNSPECIFIED.);
#7489=B_SPLINE_CURVE_WITH_KNOTS('',3,(#7483,#7484,#7485,#7486,#7487,#7488),
.UNSPECIFIED.,.F.,.F.,(4,1,1,4),(0.E0,3.333333333333E-1,6.666666666667E-1,1.E0),
.UNSPECIFIED.);
#7499=B_SPLINE_CURVE_WITH_KNOTS('',3,(#7493,#7494,#7495,#7496,#7497,#7498),
.UNSPECIFIED.,.F.,.F.,(4,1,1,4),(0.E0,3.333333333333E-1,6.666666666667E-1,1.E0),
.UNSPECIFIED.);
#7509=B_SPLINE_CURVE_WITH_KNOTS('',3,(#7503,#7504,#7505,#7506,#7507,#7508),
.UNSPECIFIED.,.F.,.F.,(4,1,1,4),(0.E0,3.333333333333E-1,6.666666666667E-1,1.E0),
.UNSPECIFIED.);
#7519=B_SPLINE_CURVE_WITH_KNOTS('',3,(#7513,#7514,#7515,#7516,#7517,#7518),
.UNSPECIFIED.,.F.,.F.,(4,1,1,4),(0.E0,3.333333333333E-1,6.666666666667E-1,1.E0),
.UNSPECIFIED.);
#7529=B_SPLINE_CURVE_WITH_KNOTS('',3,(#7523,#7524,#7525,#7526,#7527,#7528),
.UNSPECIFIED.,.F.,.F.,(4,1,1,4),(0.E0,3.333333333333E-1,6.666666666667E-1,1.E0),
.UNSPECIFIED.);
#7539=B_SPLINE_CURVE_WITH_KNOTS('',3,(#7533,#7534,#7535,#7536,#7537,#7538),
.UNSPECIFIED.,.F.,.F.,(4,1,1,4),(0.E0,3.333333333333E-1,6.666666666667E-1,1.E0),
.UNSPECIFIED.);
#7549=B_SPLINE_CURVE_WITH_KNOTS('',3,(#7543,#7544,#7545,#7546,#7547,#7548),
.UNSPECIFIED.,.F.,.F.,(4,1,1,4),(0.E0,3.333333333333E-1,6.666666666667E-1,1.E0),
.UNSPECIFIED.);
#7559=B_SPLINE_CURVE_WITH_KNOTS('',3,(#7553,#7554,#7555,#7556,#7557,#7558),
.UNSPECIFIED.,.F.,.F.,(4,1,1,4),(0.E0,3.333333333333E-1,6.666666666667E-1,1.E0),
.UNSPECIFIED.);
#7569=B_SPLINE_CURVE_WITH_KNOTS('',3,(#7563,#7564,#7565,#7566,#7567,#7568),
.UNSPECIFIED.,.F.,.F.,(4,1,1,4),(0.E0,3.333333333333E-1,6.666666666667E-1,1.E0),
.UNSPECIFIED.);
#7579=B_SPLINE_CURVE_WITH_KNOTS('',3,(#7573,#7574,#7575,#7576,#7577,#7578),
.UNSPECIFIED.,.F.,.F.,(4,1,1,4),(0.E0,3.333333333333E-1,6.666666666667E-1,1.E0),
.UNSPECIFIED.);
#7589=B_SPLINE_CURVE_WITH_KNOTS('',3,(#7583,#7584,#7585,#7586,#7587,#7588),
.UNSPECIFIED.,.F.,.F.,(4,1,1,4),(0.E0,3.333333333333E-1,6.666666666667E-1,1.E0),
.UNSPECIFIED.);
#7599=B_SPLINE_CURVE_WITH_KNOTS('',3,(#7593,#7594,#7595,#7596,#7597,#7598),
.UNSPECIFIED.,.F.,.F.,(4,1,1,4),(0.E0,3.333333333333E-1,6.666666666667E-1,1.E0),
.UNSPECIFIED.);
#7609=B_SPLINE_CURVE_WITH_KNOTS('',3,(#7603,#7604,#7605,#7606,#7607,#7608),
.UNSPECIFIED.,.F.,.F.,(4,1,1,4),(0.E0,3.333333333333E-1,6.666666666667E-1,1.E0),
.UNSPECIFIED.);
#7619=B_SPLINE_CURVE_WITH_KNOTS('',3,(#7613,#7614,#7615,#7616,#7617,#7618),
.UNSPECIFIED.,.F.,.F.,(4,1,1,4),(0.E0,3.333333333333E-1,6.666666666667E-1,1.E0),
.UNSPECIFIED.);
#7629=B_SPLINE_CURVE_WITH_KNOTS('',3,(#7623,#7624,#7625,#7626,#7627,#7628),
.UNSPECIFIED.,.F.,.F.,(4,1,1,4),(0.E0,3.333333333333E-1,6.666666666667E-1,1.E0),
.UNSPECIFIED.);
#7639=B_SPLINE_CURVE_WITH_KNOTS('',3,(#7633,#7634,#7635,#7636,#7637,#7638),
.UNSPECIFIED.,.F.,.F.,(4,1,1,4),(0.E0,3.333333333333E-1,6.666666666667E-1,1.E0),
.UNSPECIFIED.);
#7649=B_SPLINE_CURVE_WITH_KNOTS('',3,(#7643,#7644,#7645,#7646,#7647,#7648),
.UNSPECIFIED.,.F.,.F.,(4,1,1,4),(0.E0,3.333333333333E-1,6.666666666667E-1,1.E0),
.UNSPECIFIED.);
#7659=B_SPLINE_CURVE_WITH_KNOTS('',3,(#7653,#7654,#7655,#7656,#7657,#7658),
.UNSPECIFIED.,.F.,.F.,(4,1,1,4),(0.E0,3.333333333333E-1,6.666666666667E-1,1.E0),
.UNSPECIFIED.);
#7669=B_SPLINE_CURVE_WITH_KNOTS('',3,(#7663,#7664,#7665,#7666,#7667,#7668),
.UNSPECIFIED.,.F.,.F.,(4,1,1,4),(0.E0,3.333333333333E-1,6.666666666667E-1,1.E0),
.UNSPECIFIED.);
#7679=B_SPLINE_CURVE_WITH_KNOTS('',3,(#7673,#7674,#7675,#7676,#7677,#7678),
.UNSPECIFIED.,.F.,.F.,(4,1,1,4),(0.E0,3.333333333333E-1,6.666666666667E-1,1.E0),
.UNSPECIFIED.);
#7689=B_SPLINE_CURVE_WITH_KNOTS('',3,(#7683,#7684,#7685,#7686,#7687,#7688),
.UNSPECIFIED.,.F.,.F.,(4,1,1,4),(0.E0,3.333333333333E-1,6.666666666667E-1,1.E0),
.UNSPECIFIED.);
#7699=B_SPLINE_CURVE_WITH_KNOTS('',3,(#7693,#7694,#7695,#7696,#7697,#7698),
.UNSPECIFIED.,.F.,.F.,(4,1,1,4),(0.E0,3.333333333333E-1,6.666666666667E-1,1.E0),
.UNSPECIFIED.);
#7709=B_SPLINE_CURVE_WITH_KNOTS('',3,(#7703,#7704,#7705,#7706,#7707,#7708),
.UNSPECIFIED.,.F.,.F.,(4,1,1,4),(0.E0,3.333333333333E-1,6.666666666667E-1,1.E0),
.UNSPECIFIED.);
#7719=B_SPLINE_CURVE_WITH_KNOTS('',3,(#7713,#7714,#7715,#7716,#7717,#7718),
.UNSPECIFIED.,.F.,.F.,(4,1,1,4),(0.E0,3.333333333333E-1,6.666666666667E-1,1.E0),
.UNSPECIFIED.);
#7729=B_SPLINE_CURVE_WITH_KNOTS('',3,(#7723,#7724,#7725,#7726,#7727,#7728),
.UNSPECIFIED.,.F.,.F.,(4,1,1,4),(0.E0,3.333333333333E-1,6.666666666667E-1,1.E0),
.UNSPECIFIED.);
#7739=B_SPLINE_CURVE_WITH_KNOTS('',3,(#7733,#7734,#7735,#7736,#7737,#7738),
.UNSPECIFIED.,.F.,.F.,(4,1,1,4),(0.E0,3.333333333333E-1,6.666666666667E-1,1.E0),
.UNSPECIFIED.);
#7749=B_SPLINE_CURVE_WITH_KNOTS('',3,(#7743,#7744,#7745,#7746,#7747,#7748),
.UNSPECIFIED.,.F.,.F.,(4,1,1,4),(0.E0,3.333333333333E-1,6.666666666667E-1,1.E0),
.UNSPECIFIED.);
#7759=B_SPLINE_CURVE_WITH_KNOTS('',3,(#7753,#7754,#7755,#7756,#7757,#7758),
.UNSPECIFIED.,.F.,.F.,(4,1,1,4),(0.E0,3.333333333333E-1,6.666666666667E-1,1.E0),
.UNSPECIFIED.);
#7769=B_SPLINE_CURVE_WITH_KNOTS('',3,(#7763,#7764,#7765,#7766,#7767,#7768),
.UNSPECIFIED.,.F.,.F.,(4,1,1,4),(0.E0,3.333333333333E-1,6.666666666667E-1,1.E0),
.UNSPECIFIED.);
#7785=B_SPLINE_CURVE_WITH_KNOTS('',3,(#7780,#7781,#7782,#7783,#7784),
.UNSPECIFIED.,.F.,.F.,(4,1,4),(0.E0,5.E-1,1.E0),.UNSPECIFIED.);
#7793=CIRCLE('',#7792,5.715E0);
#7802=B_SPLINE_CURVE_WITH_KNOTS('',3,(#7797,#7798,#7799,#7800,#7801),
.UNSPECIFIED.,.F.,.F.,(4,1,4),(0.E0,5.E-1,1.E0),.UNSPECIFIED.);
#7811=B_SPLINE_CURVE_WITH_KNOTS('',3,(#7806,#7807,#7808,#7809,#7810),
.UNSPECIFIED.,.F.,.F.,(4,1,4),(0.E0,5.E-1,1.E0),.UNSPECIFIED.);
#7819=CIRCLE('',#7818,5.715E0);
#7828=B_SPLINE_CURVE_WITH_KNOTS('',3,(#7823,#7824,#7825,#7826,#7827),
.UNSPECIFIED.,.F.,.F.,(4,1,4),(0.E0,5.E-1,1.E0),.UNSPECIFIED.);
#7837=B_SPLINE_CURVE_WITH_KNOTS('',3,(#7832,#7833,#7834,#7835,#7836),
.UNSPECIFIED.,.F.,.F.,(4,1,4),(0.E0,5.E-1,1.E0),.UNSPECIFIED.);
#7845=CIRCLE('',#7844,5.715E0);
#7854=B_SPLINE_CURVE_WITH_KNOTS('',3,(#7849,#7850,#7851,#7852,#7853),
.UNSPECIFIED.,.F.,.F.,(4,1,4),(0.E0,5.E-1,1.E0),.UNSPECIFIED.);
#7863=B_SPLINE_CURVE_WITH_KNOTS('',3,(#7858,#7859,#7860,#7861,#7862),
.UNSPECIFIED.,.F.,.F.,(4,1,4),(0.E0,5.E-1,1.E0),.UNSPECIFIED.);
#7871=CIRCLE('',#7870,5.715E0);
#7880=B_SPLINE_CURVE_WITH_KNOTS('',3,(#7875,#7876,#7877,#7878,#7879),
.UNSPECIFIED.,.F.,.F.,(4,1,4),(0.E0,5.E-1,1.E0),.UNSPECIFIED.);
#7889=B_SPLINE_CURVE_WITH_KNOTS('',3,(#7884,#7885,#7886,#7887,#7888),
.UNSPECIFIED.,.F.,.F.,(4,1,4),(0.E0,5.E-1,1.E0),.UNSPECIFIED.);
#7897=CIRCLE('',#7896,5.715E0);
#7906=B_SPLINE_CURVE_WITH_KNOTS('',3,(#7901,#7902,#7903,#7904,#7905),
.UNSPECIFIED.,.F.,.F.,(4,1,4),(0.E0,5.E-1,1.E0),.UNSPECIFIED.);
#7915=B_SPLINE_CURVE_WITH_KNOTS('',3,(#7910,#7911,#7912,#7913,#7914),
.UNSPECIFIED.,.F.,.F.,(4,1,4),(0.E0,5.E-1,1.E0),.UNSPECIFIED.);
#7923=CIRCLE('',#7922,5.715E0);
#7932=B_SPLINE_CURVE_WITH_KNOTS('',3,(#7927,#7928,#7929,#7930,#7931),
.UNSPECIFIED.,.F.,.F.,(4,1,4),(0.E0,5.E-1,1.E0),.UNSPECIFIED.);
#7941=B_SPLINE_CURVE_WITH_KNOTS('',3,(#7936,#7937,#7938,#7939,#7940),
.UNSPECIFIED.,.F.,.F.,(4,1,4),(0.E0,5.E-1,1.E0),.UNSPECIFIED.);
#7949=CIRCLE('',#7948,5.715E0);
#7958=B_SPLINE_CURVE_WITH_KNOTS('',3,(#7953,#7954,#7955,#7956,#7957),
.UNSPECIFIED.,.F.,.F.,(4,1,4),(0.E0,5.E-1,1.E0),.UNSPECIFIED.);
#7967=B_SPLINE_CURVE_WITH_KNOTS('',3,(#7962,#7963,#7964,#7965,#7966),
.UNSPECIFIED.,.F.,.F.,(4,1,4),(0.E0,5.E-1,1.E0),.UNSPECIFIED.);
#7975=CIRCLE('',#7974,5.715E0);
#7984=B_SPLINE_CURVE_WITH_KNOTS('',3,(#7979,#7980,#7981,#7982,#7983),
.UNSPECIFIED.,.F.,.F.,(4,1,4),(0.E0,5.E-1,1.E0),.UNSPECIFIED.);
#7993=B_SPLINE_CURVE_WITH_KNOTS('',3,(#7988,#7989,#7990,#7991,#7992),
.UNSPECIFIED.,.F.,.F.,(4,1,4),(0.E0,5.E-1,1.E0),.UNSPECIFIED.);
#8001=CIRCLE('',#8000,5.715E0);
#8010=B_SPLINE_CURVE_WITH_KNOTS('',3,(#8005,#8006,#8007,#8008,#8009),
.UNSPECIFIED.,.F.,.F.,(4,1,4),(0.E0,5.E-1,1.E0),.UNSPECIFIED.);
#8019=B_SPLINE_CURVE_WITH_KNOTS('',3,(#8014,#8015,#8016,#8017,#8018),
.UNSPECIFIED.,.F.,.F.,(4,1,4),(0.E0,5.E-1,1.E0),.UNSPECIFIED.);
#8027=CIRCLE('',#8026,5.715E0);
#8036=B_SPLINE_CURVE_WITH_KNOTS('',3,(#8031,#8032,#8033,#8034,#8035),
.UNSPECIFIED.,.F.,.F.,(4,1,4),(0.E0,5.E-1,1.E0),.UNSPECIFIED.);
#8045=B_SPLINE_CURVE_WITH_KNOTS('',3,(#8040,#8041,#8042,#8043,#8044),
.UNSPECIFIED.,.F.,.F.,(4,1,4),(0.E0,5.E-1,1.E0),.UNSPECIFIED.);
#8053=CIRCLE('',#8052,5.715E0);
#8062=B_SPLINE_CURVE_WITH_KNOTS('',3,(#8057,#8058,#8059,#8060,#8061),
.UNSPECIFIED.,.F.,.F.,(4,1,4),(0.E0,5.E-1,1.E0),.UNSPECIFIED.);
#8071=B_SPLINE_CURVE_WITH_KNOTS('',3,(#8066,#8067,#8068,#8069,#8070),
.UNSPECIFIED.,.F.,.F.,(4,1,4),(0.E0,5.E-1,1.E0),.UNSPECIFIED.);
#8079=CIRCLE('',#8078,5.715E0);
#8088=B_SPLINE_CURVE_WITH_KNOTS('',3,(#8083,#8084,#8085,#8086,#8087),
.UNSPECIFIED.,.F.,.F.,(4,1,4),(0.E0,5.E-1,1.E0),.UNSPECIFIED.);
#8097=B_SPLINE_CURVE_WITH_KNOTS('',3,(#8092,#8093,#8094,#8095,#8096),
.UNSPECIFIED.,.F.,.F.,(4,1,4),(0.E0,5.E-1,1.E0),.UNSPECIFIED.);
#8105=CIRCLE('',#8104,5.715E0);
#8114=B_SPLINE_CURVE_WITH_KNOTS('',3,(#8109,#8110,#8111,#8112,#8113),
.UNSPECIFIED.,.F.,.F.,(4,1,4),(0.E0,5.E-1,1.E0),.UNSPECIFIED.);
#8123=B_SPLINE_CURVE_WITH_KNOTS('',3,(#8118,#8119,#8120,#8121,#8122),
.UNSPECIFIED.,.F.,.F.,(4,1,4),(0.E0,5.E-1,1.E0),.UNSPECIFIED.);
#8131=CIRCLE('',#8130,5.715E0);
#8140=B_SPLINE_CURVE_WITH_KNOTS('',3,(#8135,#8136,#8137,#8138,#8139),
.UNSPECIFIED.,.F.,.F.,(4,1,4),(0.E0,5.E-1,1.E0),.UNSPECIFIED.);
#8149=B_SPLINE_CURVE_WITH_KNOTS('',3,(#8144,#8145,#8146,#8147,#8148),
.UNSPECIFIED.,.F.,.F.,(4,1,4),(0.E0,5.E-1,1.E0),.UNSPECIFIED.);
#8157=CIRCLE('',#8156,5.715E0);
#8166=B_SPLINE_CURVE_WITH_KNOTS('',3,(#8161,#8162,#8163,#8164,#8165),
.UNSPECIFIED.,.F.,.F.,(4,1,4),(0.E0,5.E-1,1.E0),.UNSPECIFIED.);
#8175=B_SPLINE_CURVE_WITH_KNOTS('',3,(#8170,#8171,#8172,#8173,#8174),
.UNSPECIFIED.,.F.,.F.,(4,1,4),(0.E0,5.E-1,1.E0),.UNSPECIFIED.);
#8183=CIRCLE('',#8182,5.715E0);
#8192=B_SPLINE_CURVE_WITH_KNOTS('',3,(#8187,#8188,#8189,#8190,#8191),
.UNSPECIFIED.,.F.,.F.,(4,1,4),(0.E0,5.E-1,1.E0),.UNSPECIFIED.);
#8201=B_SPLINE_CURVE_WITH_KNOTS('',3,(#8196,#8197,#8198,#8199,#8200),
.UNSPECIFIED.,.F.,.F.,(4,1,4),(0.E0,5.E-1,1.E0),.UNSPECIFIED.);
#8209=CIRCLE('',#8208,5.715E0);
#8218=B_SPLINE_CURVE_WITH_KNOTS('',3,(#8213,#8214,#8215,#8216,#8217),
.UNSPECIFIED.,.F.,.F.,(4,1,4),(0.E0,5.E-1,1.E0),.UNSPECIFIED.);
#8227=B_SPLINE_CURVE_WITH_KNOTS('',3,(#8222,#8223,#8224,#8225,#8226),
.UNSPECIFIED.,.F.,.F.,(4,1,4),(0.E0,5.E-1,1.E0),.UNSPECIFIED.);
#8235=CIRCLE('',#8234,5.715E0);
#8244=B_SPLINE_CURVE_WITH_KNOTS('',3,(#8239,#8240,#8241,#8242,#8243),
.UNSPECIFIED.,.F.,.F.,(4,1,4),(0.E0,5.E-1,1.E0),.UNSPECIFIED.);
#8253=B_SPLINE_CURVE_WITH_KNOTS('',3,(#8248,#8249,#8250,#8251,#8252),
.UNSPECIFIED.,.F.,.F.,(4,1,4),(0.E0,5.E-1,1.E0),.UNSPECIFIED.);
#8261=CIRCLE('',#8260,5.715E0);
#8270=B_SPLINE_CURVE_WITH_KNOTS('',3,(#8265,#8266,#8267,#8268,#8269),
.UNSPECIFIED.,.F.,.F.,(4,1,4),(0.E0,5.E-1,1.E0),.UNSPECIFIED.);
#8279=B_SPLINE_CURVE_WITH_KNOTS('',3,(#8274,#8275,#8276,#8277,#8278),
.UNSPECIFIED.,.F.,.F.,(4,1,4),(0.E0,5.E-1,1.E0),.UNSPECIFIED.);
#8287=CIRCLE('',#8286,5.715E0);
#8296=B_SPLINE_CURVE_WITH_KNOTS('',3,(#8291,#8292,#8293,#8294,#8295),
.UNSPECIFIED.,.F.,.F.,(4,1,4),(0.E0,5.E-1,1.E0),.UNSPECIFIED.);
#8305=B_SPLINE_CURVE_WITH_KNOTS('',3,(#8300,#8301,#8302,#8303,#8304),
.UNSPECIFIED.,.F.,.F.,(4,1,4),(0.E0,5.E-1,1.E0),.UNSPECIFIED.);
#8313=CIRCLE('',#8312,5.715E0);
#8322=B_SPLINE_CURVE_WITH_KNOTS('',3,(#8317,#8318,#8319,#8320,#8321),
.UNSPECIFIED.,.F.,.F.,(4,1,4),(0.E0,5.E-1,1.E0),.UNSPECIFIED.);
#8331=B_SPLINE_CURVE_WITH_KNOTS('',3,(#8326,#8327,#8328,#8329,#8330),
.UNSPECIFIED.,.F.,.F.,(4,1,4),(0.E0,5.E-1,1.E0),.UNSPECIFIED.);
#8339=CIRCLE('',#8338,5.715E0);
#8348=B_SPLINE_CURVE_WITH_KNOTS('',3,(#8343,#8344,#8345,#8346,#8347),
.UNSPECIFIED.,.F.,.F.,(4,1,4),(0.E0,5.E-1,1.E0),.UNSPECIFIED.);
#8357=B_SPLINE_CURVE_WITH_KNOTS('',3,(#8352,#8353,#8354,#8355,#8356),
.UNSPECIFIED.,.F.,.F.,(4,1,4),(0.E0,5.E-1,1.E0),.UNSPECIFIED.);
#8365=CIRCLE('',#8364,5.715E0);
#8374=B_SPLINE_CURVE_WITH_KNOTS('',3,(#8369,#8370,#8371,#8372,#8373),
.UNSPECIFIED.,.F.,.F.,(4,1,4),(0.E0,5.E-1,1.E0),.UNSPECIFIED.);
#8383=B_SPLINE_CURVE_WITH_KNOTS('',3,(#8378,#8379,#8380,#8381,#8382),
.UNSPECIFIED.,.F.,.F.,(4,1,4),(0.E0,5.E-1,1.E0),.UNSPECIFIED.);
#8391=CIRCLE('',#8390,5.715E0);
#8400=B_SPLINE_CURVE_WITH_KNOTS('',3,(#8395,#8396,#8397,#8398,#8399),
.UNSPECIFIED.,.F.,.F.,(4,1,4),(0.E0,5.E-1,1.E0),.UNSPECIFIED.);
#8409=B_SPLINE_CURVE_WITH_KNOTS('',3,(#8404,#8405,#8406,#8407,#8408),
.UNSPECIFIED.,.F.,.F.,(4,1,4),(0.E0,5.E-1,1.E0),.UNSPECIFIED.);
#8417=CIRCLE('',#8416,5.715E0);
#8426=B_SPLINE_CURVE_WITH_KNOTS('',3,(#8421,#8422,#8423,#8424,#8425),
.UNSPECIFIED.,.F.,.F.,(4,1,4),(0.E0,5.E-1,1.E0),.UNSPECIFIED.);
#8435=B_SPLINE_CURVE_WITH_KNOTS('',3,(#8430,#8431,#8432,#8433,#8434),
.UNSPECIFIED.,.F.,.F.,(4,1,4),(0.E0,5.E-1,1.E0),.UNSPECIFIED.);
#8443=CIRCLE('',#8442,5.715E0);
#8452=B_SPLINE_CURVE_WITH_KNOTS('',3,(#8447,#8448,#8449,#8450,#8451),
.UNSPECIFIED.,.F.,.F.,(4,1,4),(0.E0,5.E-1,1.E0),.UNSPECIFIED.);
#8461=B_SPLINE_CURVE_WITH_KNOTS('',3,(#8456,#8457,#8458,#8459,#8460),
.UNSPECIFIED.,.F.,.F.,(4,1,4),(0.E0,5.E-1,1.E0),.UNSPECIFIED.);
#8469=CIRCLE('',#8468,5.715E0);
#8478=B_SPLINE_CURVE_WITH_KNOTS('',3,(#8473,#8474,#8475,#8476,#8477),
.UNSPECIFIED.,.F.,.F.,(4,1,4),(0.E0,5.E-1,1.E0),.UNSPECIFIED.);
#8487=B_SPLINE_CURVE_WITH_KNOTS('',3,(#8482,#8483,#8484,#8485,#8486),
.UNSPECIFIED.,.F.,.F.,(4,1,4),(0.E0,5.E-1,1.E0),.UNSPECIFIED.);
#8495=CIRCLE('',#8494,5.715E0);
#8504=B_SPLINE_CURVE_WITH_KNOTS('',3,(#8499,#8500,#8501,#8502,#8503),
.UNSPECIFIED.,.F.,.F.,(4,1,4),(0.E0,5.E-1,1.E0),.UNSPECIFIED.);
#8513=B_SPLINE_CURVE_WITH_KNOTS('',3,(#8508,#8509,#8510,#8511,#8512),
.UNSPECIFIED.,.F.,.F.,(4,1,4),(0.E0,5.E-1,1.E0),.UNSPECIFIED.);
#8521=CIRCLE('',#8520,5.715E0);
#8531=B_SPLINE_CURVE_WITH_KNOTS('',3,(#8525,#8526,#8527,#8528,#8529,#8530),
.UNSPECIFIED.,.F.,.F.,(4,1,1,4),(0.E0,3.333333333333E-1,6.666666666667E-1,1.E0),
.UNSPECIFIED.);
#8541=B_SPLINE_CURVE_WITH_KNOTS('',3,(#8535,#8536,#8537,#8538,#8539,#8540),
.UNSPECIFIED.,.F.,.F.,(4,1,1,4),(0.E0,3.333333333333E-1,6.666666666667E-1,1.E0),
.UNSPECIFIED.);
#8549=CIRCLE('',#8548,5.715E0);
#8558=B_SPLINE_CURVE_WITH_KNOTS('',3,(#8553,#8554,#8555,#8556,#8557),
.UNSPECIFIED.,.F.,.F.,(4,1,4),(0.E0,5.E-1,1.E0),.UNSPECIFIED.);
#8762=CIRCLE('',#8761,3.714631922664E0);
#8770=CIRCLE('',#8769,3.714631922664E0);
#8778=CIRCLE('',#8777,5.143340678473E0);
#8786=CIRCLE('',#8785,5.143340678472E0);
#8794=CIRCLE('',#8793,3.428891005536E0);
#8809=CIRCLE('',#8808,3.428891005536E0);
#8838=CIRCLE('',#8837,3.429E0);
#8846=CIRCLE('',#8845,3.429E0);
#8882=CIRCLE('',#8881,4.28625E-1);
#8911=CIRCLE('',#8910,4.28625E-1);
#8919=CIRCLE('',#8918,3.429E0);
#8927=CIRCLE('',#8926,3.429E0);
#8965=B_SPLINE_CURVE_WITH_KNOTS('',3,(#8959,#8960,#8961,#8962,#8963,#8964),
.UNSPECIFIED.,.F.,.F.,(4,1,1,4),(0.E0,3.333333333333E-1,6.666666666667E-1,1.E0),
.UNSPECIFIED.);
#8982=B_SPLINE_CURVE_WITH_KNOTS('',3,(#8976,#8977,#8978,#8979,#8980,#8981),
.UNSPECIFIED.,.F.,.F.,(4,1,1,4),(0.E0,3.333333333333E-1,6.666666666667E-1,1.E0),
.UNSPECIFIED.);
#9018=CIRCLE('',#9017,4.28625E-1);
#9026=CIRCLE('',#9025,3.429E0);
#9034=CIRCLE('',#9033,3.429E0);
#9042=CIRCLE('',#9041,4.28625E-1);
#9080=B_SPLINE_CURVE_WITH_KNOTS('',3,(#9074,#9075,#9076,#9077,#9078,#9079),
.UNSPECIFIED.,.F.,.F.,(4,1,1,4),(0.E0,3.333333333333E-1,6.666666666667E-1,1.E0),
.UNSPECIFIED.);
#9116=CIRCLE('',#9115,4.28625E-1);
#9124=CIRCLE('',#9123,3.143234190129E0);
#9132=CIRCLE('',#9131,3.143235787032E0);
#9140=CIRCLE('',#9139,4.28625E-1);
#9169=CIRCLE('',#9168,1.905E-1);
#9177=CIRCLE('',#9176,1.905E-1);
#9185=CIRCLE('',#9184,1.905E-1);
#9193=CIRCLE('',#9192,1.905E-1);
#9208=CIRCLE('',#9207,3.428982090979E0);
#9216=CIRCLE('',#9215,3.428982563493E0);
#9226=B_SPLINE_CURVE_WITH_KNOTS('',3,(#9220,#9221,#9222,#9223,#9224,#9225),
.UNSPECIFIED.,.F.,.F.,(4,1,1,4),(0.E0,3.333333333333E-1,6.666666666667E-1,1.E0),
.UNSPECIFIED.);
#9304=CIRCLE('',#9303,4.28625E-1);
#9333=CIRCLE('',#9332,4.28625E-1);
#9362=CIRCLE('',#9361,4.28625E-1);
#9391=CIRCLE('',#9390,4.28625E-1);
#9420=CIRCLE('',#9419,4.28625E-1);
#9449=CIRCLE('',#9448,4.28625E-1);
#9464=CIRCLE('',#9463,3.143234190129E0);
#9472=CIRCLE('',#9471,3.143235787032E0);
#9487=CIRCLE('',#9486,1.905E-1);
#9495=CIRCLE('',#9494,1.905E-1);
#9503=CIRCLE('',#9502,1.905E-1);
#9511=CIRCLE('',#9510,1.905E-1);
#9519=CIRCLE('',#9518,1.905E-1);
#9534=CIRCLE('',#9533,1.905E-1);
#9542=CIRCLE('',#9541,1.905E-1);
#9550=CIRCLE('',#9549,1.905E-1);
#9558=CIRCLE('',#9557,1.905E-1);
#9580=CIRCLE('',#9579,1.905E-1);
#9588=CIRCLE('',#9587,1.905E-1);
#9596=CIRCLE('',#9595,1.905E-1);
#9604=CIRCLE('',#9603,1.905E-1);
#9619=CIRCLE('',#9618,5.42925E0);
#9627=CIRCLE('',#9626,5.42925E0);
#9635=CIRCLE('',#9634,1.143E0);
#9643=CIRCLE('',#9642,1.143E0);
#9651=CIRCLE('',#9650,5.42925E0);
#9659=CIRCLE('',#9658,5.42925E0);
#9667=CIRCLE('',#9666,5.42925E0);
#9675=CIRCLE('',#9674,5.42925E0);
#9683=CIRCLE('',#9682,5.42925E0);
#9691=CIRCLE('',#9690,5.42925E0);
#9699=CIRCLE('',#9698,5.42925E0);
#9707=CIRCLE('',#9706,5.42925E0);
#9715=CIRCLE('',#9714,5.42925E0);
#9723=CIRCLE('',#9722,5.42925E0);
#9731=CIRCLE('',#9730,5.42925E0);
#9739=CIRCLE('',#9738,5.42925E0);
#9747=CIRCLE('',#9746,5.42925E0);
#9755=CIRCLE('',#9754,5.42925E0);
#9763=CIRCLE('',#9762,5.42925E0);
#9771=CIRCLE('',#9770,5.42925E0);
#9779=CIRCLE('',#9778,5.42925E0);
#9787=CIRCLE('',#9786,5.42925E0);
#9795=CIRCLE('',#9794,5.42925E0);
#9803=CIRCLE('',#9802,5.42925E0);
#9811=CIRCLE('',#9810,5.42925E0);
#9819=CIRCLE('',#9818,5.42925E0);
#9827=CIRCLE('',#9826,5.42925E0);
#9835=CIRCLE('',#9834,5.42925E0);
#9843=CIRCLE('',#9842,5.42925E0);
#9851=CIRCLE('',#9850,5.42925E0);
#9859=CIRCLE('',#9858,5.42925E0);
#9867=CIRCLE('',#9866,5.42925E0);
#9875=CIRCLE('',#9874,4.0005E0);
#9883=CIRCLE('',#9882,4.0005E0);
#9891=CIRCLE('',#9890,4.285971337978E0);
#9899=CIRCLE('',#9898,4.285971337978E0);
#9907=CIRCLE('',#9906,4.0005E0);
#9936=CIRCLE('',#9935,4.000372839792E0);
#9951=CIRCLE('',#9950,4.0005E0);
#9959=CIRCLE('',#9958,4.0005E0);
#9967=CIRCLE('',#9966,4.571858380864E0);
#9975=CIRCLE('',#9974,4.571858380865E0);
#9997=CIRCLE('',#9996,3.428866934930E0);
#10005=CIRCLE('',#10004,3.428866934930E0);
#10013=CIRCLE('',#10012,4.0005E0);
#10021=CIRCLE('',#10020,4.0005E0);
#10043=CIRCLE('',#10042,2.8575E0);
#10051=CIRCLE('',#10050,2.8575E0);
#10059=CIRCLE('',#10058,3.143128025346E0);
#10067=CIRCLE('',#10066,3.143128025346E0);
#10075=CIRCLE('',#10074,2.8575E0);
#10104=CIRCLE('',#10103,2.857473539107E0);
#10119=CIRCLE('',#10118,1.7535E0);
#10127=CIRCLE('',#10126,1.7535E0);
#10135=CIRCLE('',#10134,3.164969560756E0);
#10143=CIRCLE('',#10142,3.164969560756E0);
#10165=CIRCLE('',#10164,1.7535E0);
#10173=CIRCLE('',#10172,1.7535E0);
#10181=CIRCLE('',#10180,1.75E0);
#10210=CIRCLE('',#10209,1.749922133537E0);
#10225=CIRCLE('',#10224,6.124666048132E-1);
#10233=CIRCLE('',#10232,6.124666048131E-1);
#10241=CIRCLE('',#10240,1.381938507741E0);
#10249=CIRCLE('',#10248,1.381938507741E0);
#11226=EDGE_CURVE('',#10466,#10980,#4207,.T.);
#11228=EDGE_CURVE('',#10465,#10466,#9643,.T.);
#11230=EDGE_CURVE('',#10465,#10468,#9899,.T.);
#11232=EDGE_CURVE('',#10470,#10468,#9635,.T.);
#11234=EDGE_CURVE('',#10700,#10470,#4215,.T.);
#11236=EDGE_CURVE('',#10710,#10700,#4223,.T.);
#11238=EDGE_CURVE('',#10720,#10710,#4231,.T.);
#11240=EDGE_CURVE('',#10730,#10720,#4239,.T.);
#11242=EDGE_CURVE('',#10740,#10730,#4247,.T.);
#11244=EDGE_CURVE('',#10750,#10740,#4255,.T.);
#11246=EDGE_CURVE('',#10760,#10750,#4263,.T.);
#11248=EDGE_CURVE('',#10770,#10760,#4271,.T.);
#11250=EDGE_CURVE('',#10780,#10770,#4279,.T.);
#11252=EDGE_CURVE('',#10790,#10780,#4287,.T.);
#11254=EDGE_CURVE('',#10800,#10790,#4295,.T.);
#11256=EDGE_CURVE('',#10810,#10800,#4303,.T.);
#11258=EDGE_CURVE('',#10820,#10810,#4311,.T.);
#11260=EDGE_CURVE('',#10830,#10820,#4319,.T.);
#11262=EDGE_CURVE('',#10840,#10830,#4327,.T.);
#11264=EDGE_CURVE('',#10850,#10840,#4335,.T.);
#11266=EDGE_CURVE('',#10860,#10850,#4343,.T.);
#11268=EDGE_CURVE('',#10870,#10860,#4351,.T.);
#11270=EDGE_CURVE('',#10880,#10870,#4359,.T.);
#11272=EDGE_CURVE('',#10890,#10880,#4367,.T.);
#11274=EDGE_CURVE('',#10900,#10890,#4375,.T.);
#11276=EDGE_CURVE('',#10910,#10900,#4383,.T.);
#11278=EDGE_CURVE('',#10920,#10910,#4391,.T.);
#11280=EDGE_CURVE('',#10930,#10920,#4399,.T.);
#11282=EDGE_CURVE('',#10940,#10930,#4407,.T.);
#11284=EDGE_CURVE('',#10950,#10940,#4415,.T.);
#11286=EDGE_CURVE('',#10960,#10950,#4423,.T.);
#11288=EDGE_CURVE('',#10970,#10960,#4431,.T.);
#11290=EDGE_CURVE('',#10980,#10970,#4439,.T.);
#11300=EDGE_CURVE('',#10693,#10700,#4449,.T.);
#11303=EDGE_CURVE('',#10470,#10690,#4459,.T.);
#11305=EDGE_CURVE('',#10690,#10693,#4467,.T.);
#11315=EDGE_CURVE('',#10703,#10710,#4477,.T.);
#11318=EDGE_CURVE('',#10700,#10697,#4487,.T.);
#11320=EDGE_CURVE('',#10697,#10703,#4495,.T.);
#11330=EDGE_CURVE('',#10713,#10720,#4505,.T.);
#11333=EDGE_CURVE('',#10710,#10707,#4515,.T.);
#11335=EDGE_CURVE('',#10707,#10713,#4523,.T.);
#11345=EDGE_CURVE('',#10723,#10730,#4533,.T.);
#11348=EDGE_CURVE('',#10720,#10717,#4543,.T.);
#11350=EDGE_CURVE('',#10717,#10723,#4551,.T.);
#11360=EDGE_CURVE('',#10733,#10740,#4561,.T.);
#11363=EDGE_CURVE('',#10730,#10727,#4571,.T.);
#11365=EDGE_CURVE('',#10727,#10733,#4579,.T.);
#11375=EDGE_CURVE('',#10743,#10750,#4589,.T.);
#11378=EDGE_CURVE('',#10740,#10737,#4599,.T.);
#11380=EDGE_CURVE('',#10737,#10743,#4607,.T.);
#11390=EDGE_CURVE('',#10753,#10760,#4617,.T.);
#11393=EDGE_CURVE('',#10750,#10747,#4627,.T.);
#11395=EDGE_CURVE('',#10747,#10753,#4635,.T.);
#11405=EDGE_CURVE('',#10763,#10770,#4645,.T.);
#11408=EDGE_CURVE('',#10760,#10757,#4655,.T.);
#11410=EDGE_CURVE('',#10757,#10763,#4663,.T.);
#11420=EDGE_CURVE('',#10773,#10780,#4673,.T.);
#11423=EDGE_CURVE('',#10770,#10767,#4683,.T.);
#11425=EDGE_CURVE('',#10767,#10773,#4691,.T.);
#11435=EDGE_CURVE('',#10783,#10790,#4701,.T.);
#11438=EDGE_CURVE('',#10780,#10777,#4711,.T.);
#11440=EDGE_CURVE('',#10777,#10783,#4719,.T.);
#11450=EDGE_CURVE('',#10793,#10800,#4729,.T.);
#11453=EDGE_CURVE('',#10790,#10787,#4739,.T.);
#11455=EDGE_CURVE('',#10787,#10793,#4747,.T.);
#11465=EDGE_CURVE('',#10803,#10810,#4757,.T.);
#11468=EDGE_CURVE('',#10800,#10797,#4767,.T.);
#11470=EDGE_CURVE('',#10797,#10803,#4775,.T.);
#11480=EDGE_CURVE('',#10813,#10820,#4785,.T.);
#11483=EDGE_CURVE('',#10810,#10807,#4795,.T.);
#11485=EDGE_CURVE('',#10807,#10813,#4803,.T.);
#11495=EDGE_CURVE('',#10823,#10830,#4813,.T.);
#11498=EDGE_CURVE('',#10820,#10817,#4823,.T.);
#11500=EDGE_CURVE('',#10817,#10823,#4831,.T.);
#11510=EDGE_CURVE('',#10833,#10840,#4841,.T.);
#11513=EDGE_CURVE('',#10830,#10827,#4851,.T.);
#11515=EDGE_CURVE('',#10827,#10833,#4859,.T.);
#11525=EDGE_CURVE('',#10843,#10850,#4869,.T.);
#11528=EDGE_CURVE('',#10840,#10837,#4879,.T.);
#11530=EDGE_CURVE('',#10837,#10843,#4887,.T.);
#11540=EDGE_CURVE('',#10853,#10860,#4897,.T.);
#11543=EDGE_CURVE('',#10850,#10847,#4907,.T.);
#11545=EDGE_CURVE('',#10847,#10853,#4915,.T.);
#11555=EDGE_CURVE('',#10863,#10870,#4925,.T.);
#11558=EDGE_CURVE('',#10860,#10857,#4935,.T.);
#11560=EDGE_CURVE('',#10857,#10863,#4943,.T.);
#11570=EDGE_CURVE('',#10873,#10880,#4953,.T.);
#11573=EDGE_CURVE('',#10870,#10867,#4963,.T.);
#11575=EDGE_CURVE('',#10867,#10873,#4971,.T.);
#11585=EDGE_CURVE('',#10883,#10890,#4981,.T.);
#11588=EDGE_CURVE('',#10880,#10877,#4991,.T.);
#11590=EDGE_CURVE('',#10877,#10883,#4999,.T.);
#11600=EDGE_CURVE('',#10893,#10900,#5009,.T.);
#11603=EDGE_CURVE('',#10890,#10887,#5019,.T.);
#11605=EDGE_CURVE('',#10887,#10893,#5027,.T.);
#11615=EDGE_CURVE('',#10903,#10910,#5037,.T.);
#11618=EDGE_CURVE('',#10900,#10897,#5047,.T.);
#11620=EDGE_CURVE('',#10897,#10903,#5055,.T.);
#11630=EDGE_CURVE('',#10913,#10920,#5065,.T.);
#11633=EDGE_CURVE('',#10910,#10907,#5075,.T.);
#11635=EDGE_CURVE('',#10907,#10913,#5083,.T.);
#11645=EDGE_CURVE('',#10923,#10930,#5093,.T.);
#11648=EDGE_CURVE('',#10920,#10917,#5103,.T.);
#11650=EDGE_CURVE('',#10917,#10923,#5111,.T.);
#11660=EDGE_CURVE('',#10933,#10940,#5121,.T.);
#11663=EDGE_CURVE('',#10930,#10927,#5131,.T.);
#11665=EDGE_CURVE('',#10927,#10933,#5139,.T.);
#11675=EDGE_CURVE('',#10943,#10950,#5149,.T.);
#11678=EDGE_CURVE('',#10940,#10937,#5159,.T.);
#11680=EDGE_CURVE('',#10937,#10943,#5167,.T.);
#11690=EDGE_CURVE('',#10953,#10960,#5177,.T.);
#11693=EDGE_CURVE('',#10950,#10947,#5187,.T.);
#11695=EDGE_CURVE('',#10947,#10953,#5195,.T.);
#11705=EDGE_CURVE('',#10963,#10970,#5205,.T.);
#11708=EDGE_CURVE('',#10960,#10957,#5215,.T.);
#11710=EDGE_CURVE('',#10957,#10963,#5223,.T.);
#11720=EDGE_CURVE('',#10973,#10980,#5233,.T.);
#11723=EDGE_CURVE('',#10970,#10967,#5243,.T.);
#11725=EDGE_CURVE('',#10967,#10973,#5251,.T.);
#11735=EDGE_CURVE('',#10984,#10466,#5261,.T.);
#11738=EDGE_CURVE('',#10980,#10977,#5271,.T.);
#11740=EDGE_CURVE('',#10977,#10984,#5279,.T.);
#11750=EDGE_CURVE('',#10693,#10694,#5293,.T.);
#11752=EDGE_CURVE('',#10694,#10699,#7130,.T.);
#11754=EDGE_CURVE('',#10699,#10700,#5286,.T.);
#11767=EDGE_CURVE('',#10690,#10688,#5300,.T.);
#11769=EDGE_CURVE('',#10694,#10688,#7138,.T.);
#11779=EDGE_CURVE('',#10703,#10704,#5307,.T.);
#11782=EDGE_CURVE('',#10697,#10698,#5314,.T.);
#11784=EDGE_CURVE('',#10704,#10698,#7112,.T.);
#11794=EDGE_CURVE('',#10713,#10714,#5321,.T.);
#11797=EDGE_CURVE('',#10707,#10708,#5328,.T.);
#11799=EDGE_CURVE('',#10714,#10708,#7086,.T.);
#11809=EDGE_CURVE('',#10723,#10724,#5335,.T.);
#11812=EDGE_CURVE('',#10717,#10718,#5342,.T.);
#11814=EDGE_CURVE('',#10724,#10718,#7060,.T.);
#11824=EDGE_CURVE('',#10733,#10734,#5349,.T.);
#11827=EDGE_CURVE('',#10727,#10728,#5356,.T.);
#11829=EDGE_CURVE('',#10734,#10728,#7034,.T.);
#11839=EDGE_CURVE('',#10743,#10744,#5363,.T.);
#11842=EDGE_CURVE('',#10737,#10738,#5370,.T.);
#11844=EDGE_CURVE('',#10744,#10738,#7008,.T.);
#11854=EDGE_CURVE('',#10753,#10754,#5377,.T.);
#11857=EDGE_CURVE('',#10747,#10748,#5384,.T.);
#11859=EDGE_CURVE('',#10754,#10748,#6982,.T.);
#11869=EDGE_CURVE('',#10763,#10764,#5391,.T.);
#11872=EDGE_CURVE('',#10757,#10758,#5398,.T.);
#11874=EDGE_CURVE('',#10764,#10758,#6956,.T.);
#11884=EDGE_CURVE('',#10773,#10774,#5405,.T.);
#11887=EDGE_CURVE('',#10767,#10768,#5412,.T.);
#11889=EDGE_CURVE('',#10774,#10768,#6930,.T.);
#11899=EDGE_CURVE('',#10783,#10784,#5419,.T.);
#11902=EDGE_CURVE('',#10777,#10778,#5426,.T.);
#11904=EDGE_CURVE('',#10784,#10778,#6904,.T.);
#11914=EDGE_CURVE('',#10793,#10794,#5433,.T.);
#11917=EDGE_CURVE('',#10787,#10788,#5440,.T.);
#11919=EDGE_CURVE('',#10794,#10788,#6878,.T.);
#11929=EDGE_CURVE('',#10803,#10804,#5447,.T.);
#11932=EDGE_CURVE('',#10797,#10798,#5454,.T.);
#11934=EDGE_CURVE('',#10804,#10798,#6852,.T.);
#11944=EDGE_CURVE('',#10813,#10814,#5461,.T.);
#11947=EDGE_CURVE('',#10807,#10808,#5468,.T.);
#11949=EDGE_CURVE('',#10814,#10808,#6826,.T.);
#11959=EDGE_CURVE('',#10823,#10824,#5475,.T.);
#11962=EDGE_CURVE('',#10817,#10818,#5482,.T.);
#11964=EDGE_CURVE('',#10824,#10818,#6800,.T.);
#11974=EDGE_CURVE('',#10833,#10834,#5489,.T.);
#11977=EDGE_CURVE('',#10827,#10828,#5496,.T.);
#11979=EDGE_CURVE('',#10834,#10828,#6774,.T.);
#11989=EDGE_CURVE('',#10843,#10844,#5503,.T.);
#11992=EDGE_CURVE('',#10837,#10838,#5510,.T.);
#11994=EDGE_CURVE('',#10844,#10838,#6748,.T.);
#12004=EDGE_CURVE('',#10853,#10854,#5517,.T.);
#12007=EDGE_CURVE('',#10847,#10848,#5524,.T.);
#12009=EDGE_CURVE('',#10854,#10848,#6722,.T.);
#12019=EDGE_CURVE('',#10863,#10864,#5531,.T.);
#12022=EDGE_CURVE('',#10857,#10858,#5538,.T.);
#12024=EDGE_CURVE('',#10864,#10858,#6696,.T.);
#12034=EDGE_CURVE('',#10873,#10874,#5545,.T.);
#12037=EDGE_CURVE('',#10867,#10868,#5552,.T.);
#12039=EDGE_CURVE('',#10874,#10868,#6670,.T.);
#12049=EDGE_CURVE('',#10883,#10884,#5559,.T.);
#12052=EDGE_CURVE('',#10877,#10878,#5566,.T.);
#12054=EDGE_CURVE('',#10884,#10878,#6644,.T.);
#12064=EDGE_CURVE('',#10893,#10894,#5573,.T.);
#12067=EDGE_CURVE('',#10887,#10888,#5580,.T.);
#12069=EDGE_CURVE('',#10894,#10888,#6618,.T.);
#12079=EDGE_CURVE('',#10903,#10904,#5587,.T.);
#12082=EDGE_CURVE('',#10897,#10898,#5594,.T.);
#12084=EDGE_CURVE('',#10904,#10898,#6592,.T.);
#12094=EDGE_CURVE('',#10913,#10914,#5601,.T.);
#12097=EDGE_CURVE('',#10907,#10908,#5608,.T.);
#12099=EDGE_CURVE('',#10914,#10908,#6566,.T.);
#12109=EDGE_CURVE('',#10923,#10924,#5615,.T.);
#12112=EDGE_CURVE('',#10917,#10918,#5622,.T.);
#12114=EDGE_CURVE('',#10924,#10918,#6540,.T.);
#12124=EDGE_CURVE('',#10933,#10934,#5629,.T.);
#12127=EDGE_CURVE('',#10927,#10928,#5636,.T.);
#12129=EDGE_CURVE('',#10934,#10928,#6514,.T.);
#12139=EDGE_CURVE('',#10943,#10944,#5643,.T.);
#12142=EDGE_CURVE('',#10937,#10938,#5650,.T.);
#12144=EDGE_CURVE('',#10944,#10938,#6488,.T.);
#12154=EDGE_CURVE('',#10953,#10954,#5657,.T.);
#12157=EDGE_CURVE('',#10947,#10948,#5664,.T.);
#12159=EDGE_CURVE('',#10954,#10948,#6462,.T.);
#12169=EDGE_CURVE('',#10963,#10964,#5671,.T.);
#12172=EDGE_CURVE('',#10957,#10958,#5678,.T.);
#12174=EDGE_CURVE('',#10964,#10958,#6436,.T.);
#12184=EDGE_CURVE('',#10973,#10974,#5685,.T.);
#12187=EDGE_CURVE('',#10967,#10968,#5692,.T.);
#12189=EDGE_CURVE('',#10974,#10968,#6410,.T.);
#12199=EDGE_CURVE('',#10984,#10985,#5699,.T.);
#12202=EDGE_CURVE('',#10977,#10978,#5706,.T.);
#12204=EDGE_CURVE('',#10985,#10978,#6384,.T.);
#12214=EDGE_CURVE('',#10989,#10993,#5713,.T.);
#12216=EDGE_CURVE('',#10981,#10989,#5721,.T.);
#12218=EDGE_CURVE('',#10981,#10987,#5728,.T.);
#12220=EDGE_CURVE('',#10987,#10993,#8521,.T.);
#12230=EDGE_CURVE('',#10997,#11001,#5735,.T.);
#12232=EDGE_CURVE('',#10991,#10997,#5743,.T.);
#12234=EDGE_CURVE('',#10991,#10995,#5750,.T.);
#12236=EDGE_CURVE('',#10995,#11001,#8495,.T.);
#12246=EDGE_CURVE('',#11005,#11009,#5757,.T.);
#12248=EDGE_CURVE('',#10999,#11005,#5765,.T.);
#12250=EDGE_CURVE('',#10999,#11003,#5772,.T.);
#12252=EDGE_CURVE('',#11003,#11009,#8469,.T.);
#12262=EDGE_CURVE('',#11013,#11017,#5779,.T.);
#12264=EDGE_CURVE('',#11007,#11013,#5787,.T.);
#12266=EDGE_CURVE('',#11007,#11011,#5794,.T.);
#12268=EDGE_CURVE('',#11011,#11017,#8443,.T.);
#12278=EDGE_CURVE('',#11021,#11025,#5801,.T.);
#12280=EDGE_CURVE('',#11015,#11021,#5809,.T.);
#12282=EDGE_CURVE('',#11015,#11019,#5816,.T.);
#12284=EDGE_CURVE('',#11019,#11025,#8417,.T.);
#12294=EDGE_CURVE('',#11029,#11033,#5823,.T.);
#12296=EDGE_CURVE('',#11023,#11029,#5831,.T.);
#12298=EDGE_CURVE('',#11023,#11027,#5838,.T.);
#12300=EDGE_CURVE('',#11027,#11033,#8391,.T.);
#12310=EDGE_CURVE('',#11037,#11041,#5845,.T.);
#12312=EDGE_CURVE('',#11031,#11037,#5853,.T.);
#12314=EDGE_CURVE('',#11031,#11035,#5860,.T.);
#12316=EDGE_CURVE('',#11035,#11041,#8365,.T.);
#12326=EDGE_CURVE('',#11045,#11049,#5867,.T.);
#12328=EDGE_CURVE('',#11039,#11045,#5875,.T.);
#12330=EDGE_CURVE('',#11039,#11043,#5882,.T.);
#12332=EDGE_CURVE('',#11043,#11049,#8339,.T.);
#12342=EDGE_CURVE('',#11053,#11057,#5889,.T.);
#12344=EDGE_CURVE('',#11047,#11053,#5897,.T.);
#12346=EDGE_CURVE('',#11047,#11051,#5904,.T.);
#12348=EDGE_CURVE('',#11051,#11057,#8313,.T.);
#12358=EDGE_CURVE('',#11061,#11065,#5911,.T.);
#12360=EDGE_CURVE('',#11055,#11061,#5919,.T.);
#12362=EDGE_CURVE('',#11055,#11059,#5926,.T.);
#12364=EDGE_CURVE('',#11059,#11065,#8287,.T.);
#12374=EDGE_CURVE('',#11069,#11073,#5933,.T.);
#12376=EDGE_CURVE('',#11063,#11069,#5941,.T.);
#12378=EDGE_CURVE('',#11063,#11067,#5948,.T.);
#12380=EDGE_CURVE('',#11067,#11073,#8261,.T.);
#12390=EDGE_CURVE('',#11077,#11081,#5955,.T.);
#12392=EDGE_CURVE('',#11071,#11077,#5963,.T.);
#12394=EDGE_CURVE('',#11071,#11075,#5970,.T.);
#12396=EDGE_CURVE('',#11075,#11081,#8235,.T.);
#12406=EDGE_CURVE('',#11085,#11089,#5977,.T.);
#12408=EDGE_CURVE('',#11079,#11085,#5985,.T.);
#12410=EDGE_CURVE('',#11079,#11083,#5992,.T.);
#12412=EDGE_CURVE('',#11083,#11089,#8209,.T.);
#12422=EDGE_CURVE('',#11093,#11097,#5999,.T.);
#12424=EDGE_CURVE('',#11087,#11093,#6007,.T.);
#12426=EDGE_CURVE('',#11087,#11091,#6014,.T.);
#12428=EDGE_CURVE('',#11091,#11097,#8183,.T.);
#12438=EDGE_CURVE('',#11101,#11105,#6021,.T.);
#12440=EDGE_CURVE('',#11095,#11101,#6029,.T.);
#12442=EDGE_CURVE('',#11095,#11099,#6036,.T.);
#12444=EDGE_CURVE('',#11099,#11105,#8157,.T.);
#12454=EDGE_CURVE('',#11109,#11113,#6043,.T.);
#12456=EDGE_CURVE('',#11103,#11109,#6051,.T.);
#12458=EDGE_CURVE('',#11103,#11107,#6058,.T.);
#12460=EDGE_CURVE('',#11107,#11113,#8131,.T.);
#12470=EDGE_CURVE('',#11117,#11121,#6065,.T.);
#12472=EDGE_CURVE('',#11111,#11117,#6073,.T.);
#12474=EDGE_CURVE('',#11111,#11115,#6080,.T.);
#12476=EDGE_CURVE('',#11115,#11121,#8105,.T.);
#12486=EDGE_CURVE('',#11125,#11129,#6087,.T.);
#12488=EDGE_CURVE('',#11119,#11125,#6095,.T.);
#12490=EDGE_CURVE('',#11119,#11123,#6102,.T.);
#12492=EDGE_CURVE('',#11123,#11129,#8079,.T.);
#12502=EDGE_CURVE('',#11133,#11137,#6109,.T.);
#12504=EDGE_CURVE('',#11127,#11133,#6117,.T.);
#12506=EDGE_CURVE('',#11127,#11131,#6124,.T.);
#12508=EDGE_CURVE('',#11131,#11137,#8053,.T.);
#12518=EDGE_CURVE('',#11141,#11145,#6131,.T.);
#12520=EDGE_CURVE('',#11135,#11141,#6139,.T.);
#12522=EDGE_CURVE('',#11135,#11139,#6146,.T.);
#12524=EDGE_CURVE('',#11139,#11145,#8027,.T.);
#12534=EDGE_CURVE('',#11149,#11153,#6153,.T.);
#12536=EDGE_CURVE('',#11143,#11149,#6161,.T.);
#12538=EDGE_CURVE('',#11143,#11147,#6168,.T.);
#12540=EDGE_CURVE('',#11147,#11153,#8001,.T.);
#12550=EDGE_CURVE('',#11157,#11161,#6175,.T.);
#12552=EDGE_CURVE('',#11151,#11157,#6183,.T.);
#12554=EDGE_CURVE('',#11151,#11155,#6190,.T.);
#12556=EDGE_CURVE('',#11155,#11161,#7975,.T.);
#12566=EDGE_CURVE('',#11165,#11169,#6197,.T.);
#12568=EDGE_CURVE('',#11159,#11165,#6205,.T.);
#12570=EDGE_CURVE('',#11159,#11163,#6212,.T.);
#12572=EDGE_CURVE('',#11163,#11169,#7949,.T.);
#12582=EDGE_CURVE('',#11173,#11177,#6219,.T.);
#12584=EDGE_CURVE('',#11167,#11173,#6227,.T.);
#12586=EDGE_CURVE('',#11167,#11171,#6234,.T.);
#12588=EDGE_CURVE('',#11171,#11177,#7923,.T.);
#12598=EDGE_CURVE('',#11181,#11185,#6241,.T.);
#12600=EDGE_CURVE('',#11175,#11181,#6249,.T.);
#12602=EDGE_CURVE('',#11175,#11179,#6256,.T.);
#12604=EDGE_CURVE('',#11179,#11185,#7897,.T.);
#12614=EDGE_CURVE('',#11189,#11193,#6263,.T.);
#12616=EDGE_CURVE('',#11183,#11189,#6271,.T.);
#12618=EDGE_CURVE('',#11183,#11187,#6278,.T.);
#12620=EDGE_CURVE('',#11187,#11193,#7871,.T.);
#12630=EDGE_CURVE('',#11197,#11201,#6285,.T.);
#12632=EDGE_CURVE('',#11191,#11197,#6293,.T.);
#12634=EDGE_CURVE('',#11191,#11195,#6300,.T.);
#12636=EDGE_CURVE('',#11195,#11201,#7845,.T.);
#12646=EDGE_CURVE('',#11205,#11209,#6307,.T.);
#12648=EDGE_CURVE('',#11199,#11205,#6315,.T.);
#12650=EDGE_CURVE('',#11199,#11203,#6322,.T.);
#12652=EDGE_CURVE('',#11203,#11209,#7819,.T.);
#12662=EDGE_CURVE('',#11213,#11217,#6329,.T.);
#12664=EDGE_CURVE('',#11207,#11213,#6337,.T.);
#12666=EDGE_CURVE('',#11207,#11211,#6344,.T.);
#12668=EDGE_CURVE('',#11211,#11217,#7793,.T.);
#12678=EDGE_CURVE('',#11215,#11219,#6351,.T.);
#12680=EDGE_CURVE('',#11219,#10686,#8549,.T.);
#12682=EDGE_CURVE('',#10684,#10686,#6358,.T.);
#12684=EDGE_CURVE('',#11215,#10684,#6366,.T.);
#12694=EDGE_CURVE('',#10687,#10688,#7148,.T.);
#12698=EDGE_CURVE('',#10687,#10470,#9611,.T.);
#12708=EDGE_CURVE('',#10985,#10988,#6376,.T.);
#12711=EDGE_CURVE('',#10979,#10978,#6393,.T.);
#12713=EDGE_CURVE('',#10974,#10979,#6402,.T.);
#12716=EDGE_CURVE('',#10969,#10968,#6419,.T.);
#12718=EDGE_CURVE('',#10964,#10969,#6428,.T.);
#12721=EDGE_CURVE('',#10959,#10958,#6445,.T.);
#12723=EDGE_CURVE('',#10954,#10959,#6454,.T.);
#12726=EDGE_CURVE('',#10949,#10948,#6471,.T.);
#12728=EDGE_CURVE('',#10944,#10949,#6480,.T.);
#12731=EDGE_CURVE('',#10939,#10938,#6497,.T.);
#12733=EDGE_CURVE('',#10934,#10939,#6506,.T.);
#12736=EDGE_CURVE('',#10929,#10928,#6523,.T.);
#12738=EDGE_CURVE('',#10924,#10929,#6532,.T.);
#12741=EDGE_CURVE('',#10919,#10918,#6549,.T.);
#12743=EDGE_CURVE('',#10914,#10919,#6558,.T.);
#12746=EDGE_CURVE('',#10909,#10908,#6575,.T.);
#12748=EDGE_CURVE('',#10904,#10909,#6584,.T.);
#12751=EDGE_CURVE('',#10899,#10898,#6601,.T.);
#12753=EDGE_CURVE('',#10894,#10899,#6610,.T.);
#12756=EDGE_CURVE('',#10889,#10888,#6627,.T.);
#12758=EDGE_CURVE('',#10884,#10889,#6636,.T.);
#12761=EDGE_CURVE('',#10879,#10878,#6653,.T.);
#12763=EDGE_CURVE('',#10874,#10879,#6662,.T.);
#12766=EDGE_CURVE('',#10869,#10868,#6679,.T.);
#12768=EDGE_CURVE('',#10864,#10869,#6688,.T.);
#12771=EDGE_CURVE('',#10859,#10858,#6705,.T.);
#12773=EDGE_CURVE('',#10854,#10859,#6714,.T.);
#12776=EDGE_CURVE('',#10849,#10848,#6731,.T.);
#12778=EDGE_CURVE('',#10844,#10849,#6740,.T.);
#12781=EDGE_CURVE('',#10839,#10838,#6757,.T.);
#12783=EDGE_CURVE('',#10834,#10839,#6766,.T.);
#12786=EDGE_CURVE('',#10829,#10828,#6783,.T.);
#12788=EDGE_CURVE('',#10824,#10829,#6792,.T.);
#12791=EDGE_CURVE('',#10819,#10818,#6809,.T.);
#12793=EDGE_CURVE('',#10814,#10819,#6818,.T.);
#12796=EDGE_CURVE('',#10809,#10808,#6835,.T.);
#12798=EDGE_CURVE('',#10804,#10809,#6844,.T.);
#12801=EDGE_CURVE('',#10799,#10798,#6861,.T.);
#12803=EDGE_CURVE('',#10794,#10799,#6870,.T.);
#12806=EDGE_CURVE('',#10789,#10788,#6887,.T.);
#12808=EDGE_CURVE('',#10784,#10789,#6896,.T.);
#12811=EDGE_CURVE('',#10779,#10778,#6913,.T.);
#12813=EDGE_CURVE('',#10774,#10779,#6922,.T.);
#12816=EDGE_CURVE('',#10769,#10768,#6939,.T.);
#12818=EDGE_CURVE('',#10764,#10769,#6948,.T.);
#12821=EDGE_CURVE('',#10759,#10758,#6965,.T.);
#12823=EDGE_CURVE('',#10754,#10759,#6974,.T.);
#12826=EDGE_CURVE('',#10749,#10748,#6991,.T.);
#12828=EDGE_CURVE('',#10744,#10749,#7000,.T.);
#12831=EDGE_CURVE('',#10739,#10738,#7017,.T.);
#12833=EDGE_CURVE('',#10734,#10739,#7026,.T.);
#12836=EDGE_CURVE('',#10729,#10728,#7043,.T.);
#12838=EDGE_CURVE('',#10724,#10729,#7052,.T.);
#12841=EDGE_CURVE('',#10719,#10718,#7069,.T.);
#12843=EDGE_CURVE('',#10714,#10719,#7078,.T.);
#12846=EDGE_CURVE('',#10709,#10708,#7095,.T.);
#12848=EDGE_CURVE('',#10704,#10709,#7104,.T.);
#12851=EDGE_CURVE('',#10699,#10698,#7121,.T.);
#12856=EDGE_CURVE('',#10687,#10474,#7155,.T.);
#12858=EDGE_CURVE('',#10474,#10473,#8786,.T.);
#12860=EDGE_CURVE('',#10473,#10988,#7162,.T.);
#12872=EDGE_CURVE('',#10988,#10466,#7169,.T.);
#12883=EDGE_CURVE('',#10466,#10981,#7189,.T.);
#12886=EDGE_CURVE('',#10988,#10987,#8531,.T.);
#12897=EDGE_CURVE('',#10989,#10990,#7179,.T.);
#12899=EDGE_CURVE('',#10466,#10990,#9651,.T.);
#12911=EDGE_CURVE('',#10997,#10998,#7199,.T.);
#12913=EDGE_CURVE('',#10990,#10998,#9659,.T.);
#12915=EDGE_CURVE('',#10990,#10991,#7209,.T.);
#12926=EDGE_CURVE('',#11005,#11006,#7219,.T.);
#12928=EDGE_CURVE('',#10998,#11006,#9667,.T.);
#12930=EDGE_CURVE('',#10998,#10999,#7229,.T.);
#12941=EDGE_CURVE('',#11013,#11014,#7239,.T.);
#12943=EDGE_CURVE('',#11006,#11014,#9675,.T.);
#12945=EDGE_CURVE('',#11006,#11007,#7249,.T.);
#12956=EDGE_CURVE('',#11021,#11022,#7259,.T.);
#12958=EDGE_CURVE('',#11014,#11022,#9683,.T.);
#12960=EDGE_CURVE('',#11014,#11015,#7269,.T.);
#12971=EDGE_CURVE('',#11029,#11030,#7279,.T.);
#12973=EDGE_CURVE('',#11022,#11030,#9691,.T.);
#12975=EDGE_CURVE('',#11022,#11023,#7289,.T.);
#12986=EDGE_CURVE('',#11037,#11038,#7299,.T.);
#12988=EDGE_CURVE('',#11030,#11038,#9699,.T.);
#12990=EDGE_CURVE('',#11030,#11031,#7309,.T.);
#13001=EDGE_CURVE('',#11045,#11046,#7319,.T.);
#13003=EDGE_CURVE('',#11038,#11046,#9707,.T.);
#13005=EDGE_CURVE('',#11038,#11039,#7329,.T.);
#13016=EDGE_CURVE('',#11053,#11054,#7339,.T.);
#13018=EDGE_CURVE('',#11046,#11054,#9715,.T.);
#13020=EDGE_CURVE('',#11046,#11047,#7349,.T.);
#13031=EDGE_CURVE('',#11061,#11062,#7359,.T.);
#13033=EDGE_CURVE('',#11054,#11062,#9723,.T.);
#13035=EDGE_CURVE('',#11054,#11055,#7369,.T.);
#13046=EDGE_CURVE('',#11069,#11070,#7379,.T.);
#13048=EDGE_CURVE('',#11062,#11070,#9731,.T.);
#13050=EDGE_CURVE('',#11062,#11063,#7389,.T.);
#13061=EDGE_CURVE('',#11077,#11078,#7399,.T.);
#13063=EDGE_CURVE('',#11070,#11078,#9739,.T.);
#13065=EDGE_CURVE('',#11070,#11071,#7409,.T.);
#13076=EDGE_CURVE('',#11085,#11086,#7419,.T.);
#13078=EDGE_CURVE('',#11078,#11086,#9747,.T.);
#13080=EDGE_CURVE('',#11078,#11079,#7429,.T.);
#13091=EDGE_CURVE('',#11093,#11094,#7439,.T.);
#13093=EDGE_CURVE('',#11086,#11094,#9755,.T.);
#13095=EDGE_CURVE('',#11086,#11087,#7449,.T.);
#13106=EDGE_CURVE('',#11101,#11102,#7459,.T.);
#13108=EDGE_CURVE('',#11094,#11102,#9763,.T.);
#13110=EDGE_CURVE('',#11094,#11095,#7469,.T.);
#13121=EDGE_CURVE('',#11109,#11110,#7479,.T.);
#13123=EDGE_CURVE('',#11102,#11110,#9771,.T.);
#13125=EDGE_CURVE('',#11102,#11103,#7489,.T.);
#13136=EDGE_CURVE('',#11117,#11118,#7499,.T.);
#13138=EDGE_CURVE('',#11110,#11118,#9779,.T.);
#13140=EDGE_CURVE('',#11110,#11111,#7509,.T.);
#13151=EDGE_CURVE('',#11125,#11126,#7519,.T.);
#13153=EDGE_CURVE('',#11118,#11126,#9787,.T.);
#13155=EDGE_CURVE('',#11118,#11119,#7529,.T.);
#13166=EDGE_CURVE('',#11133,#11134,#7539,.T.);
#13168=EDGE_CURVE('',#11126,#11134,#9795,.T.);
#13170=EDGE_CURVE('',#11126,#11127,#7549,.T.);
#13181=EDGE_CURVE('',#11141,#11142,#7559,.T.);
#13183=EDGE_CURVE('',#11134,#11142,#9803,.T.);
#13185=EDGE_CURVE('',#11134,#11135,#7569,.T.);
#13196=EDGE_CURVE('',#11149,#11150,#7579,.T.);
#13198=EDGE_CURVE('',#11142,#11150,#9811,.T.);
#13200=EDGE_CURVE('',#11142,#11143,#7589,.T.);
#13211=EDGE_CURVE('',#11157,#11158,#7599,.T.);
#13213=EDGE_CURVE('',#11150,#11158,#9819,.T.);
#13215=EDGE_CURVE('',#11150,#11151,#7609,.T.);
#13226=EDGE_CURVE('',#11165,#11166,#7619,.T.);
#13228=EDGE_CURVE('',#11158,#11166,#9827,.T.);
#13230=EDGE_CURVE('',#11158,#11159,#7629,.T.);
#13241=EDGE_CURVE('',#11173,#11174,#7639,.T.);
#13243=EDGE_CURVE('',#11166,#11174,#9835,.T.);
#13245=EDGE_CURVE('',#11166,#11167,#7649,.T.);
#13256=EDGE_CURVE('',#11181,#11182,#7659,.T.);
#13258=EDGE_CURVE('',#11174,#11182,#9843,.T.);
#13260=EDGE_CURVE('',#11174,#11175,#7669,.T.);
#13271=EDGE_CURVE('',#11189,#11190,#7679,.T.);
#13273=EDGE_CURVE('',#11182,#11190,#9851,.T.);
#13275=EDGE_CURVE('',#11182,#11183,#7689,.T.);
#13286=EDGE_CURVE('',#11197,#11198,#7699,.T.);
#13288=EDGE_CURVE('',#11190,#11198,#9859,.T.);
#13290=EDGE_CURVE('',#11190,#11191,#7709,.T.);
#13301=EDGE_CURVE('',#11205,#11206,#7719,.T.);
#13303=EDGE_CURVE('',#11198,#11206,#9867,.T.);
#13305=EDGE_CURVE('',#11198,#11199,#7729,.T.);
#13316=EDGE_CURVE('',#11213,#11214,#7739,.T.);
#13318=EDGE_CURVE('',#11206,#11214,#9619,.T.);
#13320=EDGE_CURVE('',#11206,#11207,#7749,.T.);
#13331=EDGE_CURVE('',#11214,#11215,#7759,.T.);
#13334=EDGE_CURVE('',#10684,#10470,#7769,.T.);
#13336=EDGE_CURVE('',#11214,#10470,#9627,.T.);
#13348=EDGE_CURVE('',#10993,#10996,#8513,.T.);
#13350=EDGE_CURVE('',#10996,#10990,#7776,.T.);
#13360=EDGE_CURVE('',#11217,#11220,#7785,.T.);
#13363=EDGE_CURVE('',#11212,#11211,#7802,.T.);
#13365=EDGE_CURVE('',#11209,#11212,#7811,.T.);
#13368=EDGE_CURVE('',#11204,#11203,#7828,.T.);
#13370=EDGE_CURVE('',#11201,#11204,#7837,.T.);
#13373=EDGE_CURVE('',#11196,#11195,#7854,.T.);
#13375=EDGE_CURVE('',#11193,#11196,#7863,.T.);
#13378=EDGE_CURVE('',#11188,#11187,#7880,.T.);
#13380=EDGE_CURVE('',#11185,#11188,#7889,.T.);
#13383=EDGE_CURVE('',#11180,#11179,#7906,.T.);
#13385=EDGE_CURVE('',#11177,#11180,#7915,.T.);
#13388=EDGE_CURVE('',#11172,#11171,#7932,.T.);
#13390=EDGE_CURVE('',#11169,#11172,#7941,.T.);
#13393=EDGE_CURVE('',#11164,#11163,#7958,.T.);
#13395=EDGE_CURVE('',#11161,#11164,#7967,.T.);
#13398=EDGE_CURVE('',#11156,#11155,#7984,.T.);
#13400=EDGE_CURVE('',#11153,#11156,#7993,.T.);
#13403=EDGE_CURVE('',#11148,#11147,#8010,.T.);
#13405=EDGE_CURVE('',#11145,#11148,#8019,.T.);
#13408=EDGE_CURVE('',#11140,#11139,#8036,.T.);
#13410=EDGE_CURVE('',#11137,#11140,#8045,.T.);
#13413=EDGE_CURVE('',#11132,#11131,#8062,.T.);
#13415=EDGE_CURVE('',#11129,#11132,#8071,.T.);
#13418=EDGE_CURVE('',#11124,#11123,#8088,.T.);
#13420=EDGE_CURVE('',#11121,#11124,#8097,.T.);
#13423=EDGE_CURVE('',#11116,#11115,#8114,.T.);
#13425=EDGE_CURVE('',#11113,#11116,#8123,.T.);
#13428=EDGE_CURVE('',#11108,#11107,#8140,.T.);
#13430=EDGE_CURVE('',#11105,#11108,#8149,.T.);
#13433=EDGE_CURVE('',#11100,#11099,#8166,.T.);
#13435=EDGE_CURVE('',#11097,#11100,#8175,.T.);
#13438=EDGE_CURVE('',#11092,#11091,#8192,.T.);
#13440=EDGE_CURVE('',#11089,#11092,#8201,.T.);
#13443=EDGE_CURVE('',#11084,#11083,#8218,.T.);
#13445=EDGE_CURVE('',#11081,#11084,#8227,.T.);
#13448=EDGE_CURVE('',#11076,#11075,#8244,.T.);
#13450=EDGE_CURVE('',#11073,#11076,#8253,.T.);
#13453=EDGE_CURVE('',#11068,#11067,#8270,.T.);
#13455=EDGE_CURVE('',#11065,#11068,#8279,.T.);
#13458=EDGE_CURVE('',#11060,#11059,#8296,.T.);
#13460=EDGE_CURVE('',#11057,#11060,#8305,.T.);
#13463=EDGE_CURVE('',#11052,#11051,#8322,.T.);
#13465=EDGE_CURVE('',#11049,#11052,#8331,.T.);
#13468=EDGE_CURVE('',#11044,#11043,#8348,.T.);
#13470=EDGE_CURVE('',#11041,#11044,#8357,.T.);
#13473=EDGE_CURVE('',#11036,#11035,#8374,.T.);
#13475=EDGE_CURVE('',#11033,#11036,#8383,.T.);
#13478=EDGE_CURVE('',#11028,#11027,#8400,.T.);
#13480=EDGE_CURVE('',#11025,#11028,#8409,.T.);
#13483=EDGE_CURVE('',#11020,#11019,#8426,.T.);
#13485=EDGE_CURVE('',#11017,#11020,#8435,.T.);
#13488=EDGE_CURVE('',#11012,#11011,#8452,.T.);
#13490=EDGE_CURVE('',#11009,#11012,#8461,.T.);
#13493=EDGE_CURVE('',#11004,#11003,#8478,.T.);
#13495=EDGE_CURVE('',#11001,#11004,#8487,.T.);
#13498=EDGE_CURVE('',#10996,#10995,#8504,.T.);
#13504=EDGE_CURVE('',#10473,#10474,#8778,.T.);
#13507=EDGE_CURVE('',#10686,#10687,#8541,.T.);
#13510=EDGE_CURVE('',#11220,#11219,#8558,.T.);
#13523=EDGE_CURVE('',#11220,#11214,#8565,.T.);
#13546=EDGE_CURVE('',#11212,#11206,#8572,.T.);
#13571=EDGE_CURVE('',#11204,#11198,#8579,.T.);
#13596=EDGE_CURVE('',#11196,#11190,#8586,.T.);
#13621=EDGE_CURVE('',#11188,#11182,#8593,.T.);
#13646=EDGE_CURVE('',#11180,#11174,#8600,.T.);
#13671=EDGE_CURVE('',#11172,#11166,#8607,.T.);
#13696=EDGE_CURVE('',#11164,#11158,#8614,.T.);
#13721=EDGE_CURVE('',#11156,#11150,#8621,.T.);
#13746=EDGE_CURVE('',#11148,#11142,#8628,.T.);
#13771=EDGE_CURVE('',#11140,#11134,#8635,.T.);
#13796=EDGE_CURVE('',#11132,#11126,#8642,.T.);
#13821=EDGE_CURVE('',#11124,#11118,#8649,.T.);
#13846=EDGE_CURVE('',#11116,#11110,#8656,.T.);
#13871=EDGE_CURVE('',#11108,#11102,#8663,.T.);
#13896=EDGE_CURVE('',#11100,#11094,#8670,.T.);
#13921=EDGE_CURVE('',#11092,#11086,#8677,.T.);
#13946=EDGE_CURVE('',#11084,#11078,#8684,.T.);
#13971=EDGE_CURVE('',#11076,#11070,#8691,.T.);
#13996=EDGE_CURVE('',#11068,#11062,#8698,.T.);
#14021=EDGE_CURVE('',#11060,#11054,#8705,.T.);
#14046=EDGE_CURVE('',#11052,#11046,#8712,.T.);
#14071=EDGE_CURVE('',#11044,#11038,#8719,.T.);
#14096=EDGE_CURVE('',#11036,#11030,#8726,.T.);
#14121=EDGE_CURVE('',#11028,#11022,#8733,.T.);
#14146=EDGE_CURVE('',#11020,#11014,#8740,.T.);
#14171=EDGE_CURVE('',#11012,#11006,#8747,.T.);
#14196=EDGE_CURVE('',#11004,#10998,#8754,.T.);
#14236=EDGE_CURVE('',#10494,#10496,#8762,.T.);
#14238=EDGE_CURVE('',#10496,#10494,#8770,.T.);
#14248=EDGE_CURVE('',#10494,#10477,#8801,.T.);
#14251=EDGE_CURVE('',#10480,#10496,#8816,.T.);
#14253=EDGE_CURVE('',#10477,#10480,#8794,.T.);
#14264=EDGE_CURVE('',#10477,#10480,#8809,.T.);
#14276=EDGE_CURVE('',#10477,#10478,#8823,.T.);
#14278=EDGE_CURVE('',#10478,#10678,#9026,.T.);
#14280=EDGE_CURVE('',#10678,#10683,#8830,.T.);
#14282=EDGE_CURVE('',#10562,#10683,#8838,.T.);
#14284=EDGE_CURVE('',#10565,#10562,#8846,.T.);
#14286=EDGE_CURVE('',#10565,#10676,#8853,.T.);
#14288=EDGE_CURVE('',#10676,#10482,#8927,.T.);
#14290=EDGE_CURVE('',#10482,#10480,#8860,.T.);
#14304=EDGE_CURVE('',#10482,#10484,#8919,.T.);
#14306=EDGE_CURVE('',#10484,#10486,#8867,.T.);
#14308=EDGE_CURVE('',#10486,#10488,#9216,.T.);
#14310=EDGE_CURVE('',#10488,#10490,#9208,.T.);
#14312=EDGE_CURVE('',#10490,#10492,#8874,.T.);
#14314=EDGE_CURVE('',#10492,#10478,#9034,.T.);
#14324=EDGE_CURVE('',#10650,#10645,#8882,.T.);
#14326=EDGE_CURVE('',#10654,#10650,#8889,.T.);
#14328=EDGE_CURVE('',#10654,#10657,#8896,.T.);
#14330=EDGE_CURVE('',#10661,#10657,#8903,.T.);
#14332=EDGE_CURVE('',#10664,#10661,#8911,.T.);
#14334=EDGE_CURVE('',#10484,#10664,#9240,.T.);
#14338=EDGE_CURVE('',#10676,#10645,#8934,.T.);
#14348=EDGE_CURVE('',#10645,#10646,#8941,.T.);
#14350=EDGE_CURVE('',#10646,#10641,#9449,.T.);
#14352=EDGE_CURVE('',#10641,#10642,#8948,.T.);
#14354=EDGE_CURVE('',#10642,#10648,#9333,.T.);
#14356=EDGE_CURVE('',#10648,#10650,#8955,.T.);
#14370=EDGE_CURVE('',#10565,#10564,#8965,.T.);
#14372=EDGE_CURVE('',#10646,#10564,#9456,.T.);
#14382=EDGE_CURVE('',#10561,#10562,#8972,.T.);
#14384=EDGE_CURVE('',#10561,#10564,#9464,.T.);
#14398=EDGE_CURVE('',#10683,#10682,#8982,.T.);
#14400=EDGE_CURVE('',#10682,#10561,#9472,.T.);
#14410=EDGE_CURVE('',#10597,#10598,#8996,.T.);
#14412=EDGE_CURVE('',#10682,#10597,#9479,.T.);
#14416=EDGE_CURVE('',#10678,#10598,#8989,.T.);
#14427=EDGE_CURVE('',#10598,#10600,#9018,.T.);
#14429=EDGE_CURVE('',#10600,#10602,#9003,.T.);
#14431=EDGE_CURVE('',#10602,#10604,#9362,.T.);
#14433=EDGE_CURVE('',#10604,#10606,#9010,.T.);
#14435=EDGE_CURVE('',#10606,#10597,#9420,.T.);
#14449=EDGE_CURVE('',#10620,#10492,#9070,.T.);
#14451=EDGE_CURVE('',#10616,#10620,#9042,.T.);
#14453=EDGE_CURVE('',#10614,#10616,#9049,.T.);
#14455=EDGE_CURVE('',#10614,#10610,#9056,.T.);
#14457=EDGE_CURVE('',#10600,#10610,#9063,.T.);
#14467=EDGE_CURVE('',#10620,#10622,#9094,.T.);
#14471=EDGE_CURVE('',#10680,#10490,#9080,.T.);
#14473=EDGE_CURVE('',#10680,#10622,#9087,.T.);
#14485=EDGE_CURVE('',#10622,#10624,#9116,.T.);
#14487=EDGE_CURVE('',#10624,#10626,#9101,.T.);
#14489=EDGE_CURVE('',#10626,#10618,#9391,.T.);
#14491=EDGE_CURVE('',#10618,#10616,#9108,.T.);
#14503=EDGE_CURVE('',#10567,#10680,#9124,.T.);
#14505=EDGE_CURVE('',#10568,#10567,#9132,.T.);
#14507=EDGE_CURVE('',#10670,#10568,#9233,.T.);
#14509=EDGE_CURVE('',#10668,#10670,#9140,.T.);
#14511=EDGE_CURVE('',#10673,#10668,#9147,.T.);
#14513=EDGE_CURVE('',#10673,#10630,#9154,.T.);
#14515=EDGE_CURVE('',#10624,#10630,#9161,.T.);
#14519=EDGE_CURVE('',#10574,#10571,#9169,.T.);
#14521=EDGE_CURVE('',#10574,#10571,#9177,.T.);
#14525=EDGE_CURVE('',#10591,#10594,#9185,.T.);
#14527=EDGE_CURVE('',#10594,#10591,#9193,.T.);
#14537=EDGE_CURVE('',#10488,#10567,#9200,.T.);
#14552=EDGE_CURVE('',#10568,#10486,#9226,.T.);
#14563=EDGE_CURVE('',#10670,#10664,#9261,.T.);
#14578=EDGE_CURVE('',#10661,#10662,#9247,.T.);
#14580=EDGE_CURVE('',#10662,#10666,#9304,.T.);
#14582=EDGE_CURVE('',#10666,#10668,#9254,.T.);
#14596=EDGE_CURVE('',#10657,#10658,#9268,.T.);
#14598=EDGE_CURVE('',#10658,#10662,#9311,.T.);
#14610=EDGE_CURVE('',#10654,#10652,#9275,.T.);
#14612=EDGE_CURVE('',#10658,#10652,#9318,.T.);
#14623=EDGE_CURVE('',#10648,#10652,#9325,.T.);
#14635=EDGE_CURVE('',#10629,#10626,#9282,.T.);
#14637=EDGE_CURVE('',#10629,#10674,#9289,.T.);
#14639=EDGE_CURVE('',#10666,#10674,#9296,.T.);
#14646=EDGE_CURVE('',#10636,#10642,#9340,.T.);
#14648=EDGE_CURVE('',#10636,#10632,#9347,.T.);
#14650=EDGE_CURVE('',#10604,#10632,#9354,.T.);
#14653=EDGE_CURVE('',#10609,#10602,#9369,.T.);
#14655=EDGE_CURVE('',#10609,#10613,#9376,.T.);
#14657=EDGE_CURVE('',#10618,#10613,#9383,.T.);
#14668=EDGE_CURVE('',#10629,#10630,#9398,.T.);
#14683=EDGE_CURVE('',#10673,#10674,#9405,.T.);
#14707=EDGE_CURVE('',#10641,#10638,#9441,.T.);
#14709=EDGE_CURVE('',#10638,#10636,#9412,.T.);
#14721=EDGE_CURVE('',#10634,#10606,#9427,.T.);
#14723=EDGE_CURVE('',#10634,#10638,#9434,.T.);
#14733=EDGE_CURVE('',#10588,#10583,#9487,.T.);
#14735=EDGE_CURVE('',#10586,#10588,#9495,.T.);
#14737=EDGE_CURVE('',#10583,#10586,#9503,.T.);
#14741=EDGE_CURVE('',#10580,#10577,#9511,.T.);
#14743=EDGE_CURVE('',#10577,#10580,#9519,.T.);
#14755=EDGE_CURVE('',#10634,#10632,#9526,.T.);
#14778=EDGE_CURVE('',#10583,#10584,#9534,.T.);
#14780=EDGE_CURVE('',#10584,#10586,#9542,.T.);
#14803=EDGE_CURVE('',#10577,#10578,#9550,.T.);
#14805=EDGE_CURVE('',#10578,#10580,#9558,.T.);
#14827=EDGE_CURVE('',#10609,#10610,#9565,.T.);
#14840=EDGE_CURVE('',#10613,#10614,#9572,.T.);
#14865=EDGE_CURVE('',#10571,#10572,#9580,.T.);
#14868=EDGE_CURVE('',#10572,#10574,#9588,.T.);
#14889=EDGE_CURVE('',#10591,#10592,#9596,.T.);
#14892=EDGE_CURVE('',#10592,#10594,#9604,.T.);
#14928=EDGE_CURVE('',#10468,#10465,#9891,.T.);
#14971=EDGE_CURVE('',#10536,#10534,#9875,.T.);
#14973=EDGE_CURVE('',#10534,#10536,#9883,.T.);
#14983=EDGE_CURVE('',#10528,#10534,#9914,.T.);
#14985=EDGE_CURVE('',#10532,#10528,#9907,.T.);
#14987=EDGE_CURVE('',#10536,#10532,#9921,.T.);
#15001=EDGE_CURVE('',#10528,#10532,#9936,.T.);
#15011=EDGE_CURVE('',#10527,#10528,#9928,.T.);
#15014=EDGE_CURVE('',#10532,#10530,#9943,.T.);
#15016=EDGE_CURVE('',#10530,#10527,#9975,.T.);
#15027=EDGE_CURVE('',#10527,#10530,#9967,.T.);
#15043=EDGE_CURVE('',#10524,#10520,#9951,.T.);
#15045=EDGE_CURVE('',#10520,#10524,#9959,.T.);
#15055=EDGE_CURVE('',#10519,#10520,#9982,.T.);
#15057=EDGE_CURVE('',#10519,#10522,#10013,.T.);
#15059=EDGE_CURVE('',#10524,#10522,#9989,.T.);
#15073=EDGE_CURVE('',#10522,#10519,#10021,.T.);
#15087=EDGE_CURVE('',#10514,#10511,#9997,.T.);
#15089=EDGE_CURVE('',#10511,#10514,#10005,.T.);
#15099=EDGE_CURVE('',#10511,#10512,#10028,.T.);
#15101=EDGE_CURVE('',#10512,#10516,#10059,.T.);
#15103=EDGE_CURVE('',#10516,#10514,#10035,.T.);
#15117=EDGE_CURVE('',#10516,#10512,#10067,.T.);
#15131=EDGE_CURVE('',#10508,#10506,#10043,.T.);
#15133=EDGE_CURVE('',#10506,#10508,#10051,.T.);
#15143=EDGE_CURVE('',#10500,#10506,#10082,.T.);
#15145=EDGE_CURVE('',#10504,#10500,#10075,.T.);
#15147=EDGE_CURVE('',#10508,#10504,#10089,.T.);
#15161=EDGE_CURVE('',#10500,#10504,#10104,.T.);
#15171=EDGE_CURVE('',#10499,#10500,#10096,.T.);
#15174=EDGE_CURVE('',#10504,#10502,#10111,.T.);
#15176=EDGE_CURVE('',#10502,#10499,#10143,.T.);
#15187=EDGE_CURVE('',#10499,#10502,#10135,.T.);
#15203=EDGE_CURVE('',#10540,#10543,#10119,.T.);
#15205=EDGE_CURVE('',#10543,#10540,#10127,.T.);
#15215=EDGE_CURVE('',#10539,#10540,#10150,.T.);
#15218=EDGE_CURVE('',#10543,#10544,#10157,.T.);
#15220=EDGE_CURVE('',#10539,#10544,#10165,.T.);
#15231=EDGE_CURVE('',#10544,#10539,#10173,.T.);
#15243=EDGE_CURVE('',#10548,#10539,#10188,.T.);
#15245=EDGE_CURVE('',#10552,#10548,#10181,.T.);
#15247=EDGE_CURVE('',#10544,#10552,#10195,.T.);
#15261=EDGE_CURVE('',#10548,#10552,#10210,.T.);
#15271=EDGE_CURVE('',#10547,#10548,#10202,.T.);
#15274=EDGE_CURVE('',#10552,#10550,#10217,.T.);
#15276=EDGE_CURVE('',#10550,#10547,#10249,.T.);
#15287=EDGE_CURVE('',#10547,#10550,#10241,.T.);
#15303=EDGE_CURVE('',#10558,#10555,#10225,.T.);
#15305=EDGE_CURVE('',#10555,#10558,#10233,.T.);
#15315=EDGE_CURVE('',#10555,#10556,#10256,.T.);
#15317=EDGE_CURVE('',#10556,#10558,#10263,.T.);
#15341=EDGE_CURVE('',#10979,#10980,#10270,.T.);
#15366=EDGE_CURVE('',#10969,#10970,#10277,.T.);
#15391=EDGE_CURVE('',#10959,#10960,#10284,.T.);
#15416=EDGE_CURVE('',#10949,#10950,#10291,.T.);
#15441=EDGE_CURVE('',#10939,#10940,#10298,.T.);
#15466=EDGE_CURVE('',#10929,#10930,#10305,.T.);
#15491=EDGE_CURVE('',#10919,#10920,#10312,.T.);
#15516=EDGE_CURVE('',#10909,#10910,#10319,.T.);
#15541=EDGE_CURVE('',#10899,#10900,#10326,.T.);
#15566=EDGE_CURVE('',#10889,#10890,#10333,.T.);
#15591=EDGE_CURVE('',#10879,#10880,#10340,.T.);
#15616=EDGE_CURVE('',#10869,#10870,#10347,.T.);
#15641=EDGE_CURVE('',#10859,#10860,#10354,.T.);
#15666=EDGE_CURVE('',#10849,#10850,#10361,.T.);
#15691=EDGE_CURVE('',#10839,#10840,#10368,.T.);
#15716=EDGE_CURVE('',#10829,#10830,#10375,.T.);
#15741=EDGE_CURVE('',#10819,#10820,#10382,.T.);
#15766=EDGE_CURVE('',#10809,#10810,#10389,.T.);
#15791=EDGE_CURVE('',#10799,#10800,#10396,.T.);
#15816=EDGE_CURVE('',#10789,#10790,#10403,.T.);
#15841=EDGE_CURVE('',#10779,#10780,#10410,.T.);
#15866=EDGE_CURVE('',#10769,#10770,#10417,.T.);
#15891=EDGE_CURVE('',#10759,#10760,#10424,.T.);
#15916=EDGE_CURVE('',#10749,#10750,#10431,.T.);
#15941=EDGE_CURVE('',#10739,#10740,#10438,.T.);
#15966=EDGE_CURVE('',#10729,#10730,#10445,.T.);
#15991=EDGE_CURVE('',#10719,#10720,#10452,.T.);
#16016=EDGE_CURVE('',#10709,#10710,#10459,.T.);
#16056=(LENGTH_UNIT()NAMED_UNIT(*)SI_UNIT(.MILLI.,.METRE.));
#16058=(NAMED_UNIT(*)PLANE_ANGLE_UNIT()SI_UNIT($,.RADIAN.));
#16061=(NAMED_UNIT(*)SI_UNIT($,.STERADIAN.)SOLID_ANGLE_UNIT());
#16067=AXIS2_PLACEMENT_3D('',#16064,#16065,#16066);
#16068=ADVANCED_BREP_SHAPE_REPRESENTATION('',(#16067,#16047),#16063);
#16072=PRODUCT_DEFINITION('design','',#16071,#4183);
#16073=PRODUCT_DEFINITION_SHAPE('','SHAPE FOR SCREW_CAPTIVE_PF11-M3_5-0_CLSD.',
#16072);
#16074=SHAPE_DEFINITION_REPRESENTATION(#16073,#16068);
#16075=SHAPE_DEFINITION_REPRESENTATION(#16076,#16077);
#16076=PRODUCT_DEFINITION_SHAPE('','SHAPE FOR SCREW_CAPTIVE_PF11-M3_5-0_ASM.',
#16109);
#16077=SHAPE_REPRESENTATION('',(#16088,#16083,#16104),#16100);
#16078=NEXT_ASSEMBLY_USAGE_OCCURRENCE('3182','Next assembly relationship',
'SCREW_CAPTIVE_PF11-M3_5-0_CLSD',#16109,#16072,$);
#16079=PRODUCT_DEFINITION_SHAPE('Placement #3182',
'Placement of SCREW_CAPTIVE_PF11-M3_5-0_CLSD with respect to SCREW_CAPTIVE_PF11-M3_5-0_ASM',#16078);
#16088=AXIS2_PLACEMENT_3D('',#16085,#16086,#16087);
#16093=(LENGTH_UNIT()NAMED_UNIT(*)SI_UNIT(.MILLI.,.METRE.));
#16095=(NAMED_UNIT(*)PLANE_ANGLE_UNIT()SI_UNIT($,.RADIAN.));
#16098=(NAMED_UNIT(*)SI_UNIT($,.STERADIAN.)SOLID_ANGLE_UNIT());
#16104=AXIS2_PLACEMENT_3D('',#16101,#16102,#16103);
#16109=PRODUCT_DEFINITION('design','',#16108,#16105);
#16110=NEXT_ASSEMBLY_USAGE_OCCURRENCE('3183','Next assembly relationship',
'SCREW_CAPTIVE_PF11-M3_5-0',#16146,#16109,$);
#16111=PRODUCT_DEFINITION_SHAPE('Placement #3183',
'Placement of SCREW_CAPTIVE_PF11-M3_5-0_ASM with respect to O19V2_SE_BRKT_CAGE_MNFLD_LH_ASM',#16110);
#16119=NEXT_ASSEMBLY_USAGE_OCCURRENCE('3184','Next assembly relationship',
'SCREW_CAPTIVE_PF11-M3_5-0',#16146,#16109,$);
#16120=PRODUCT_DEFINITION_SHAPE('Placement #3184',
'Placement of SCREW_CAPTIVE_PF11-M3_5-0_ASM with respect to O19V2_SE_BRKT_CAGE_MNFLD_LH_ASM',#16119);
#16130=(LENGTH_UNIT()NAMED_UNIT(*)SI_UNIT(.MILLI.,.METRE.));
#16132=(NAMED_UNIT(*)PLANE_ANGLE_UNIT()SI_UNIT($,.RADIAN.));
#16135=(NAMED_UNIT(*)SI_UNIT($,.STERADIAN.)SOLID_ANGLE_UNIT());
#16141=AXIS2_PLACEMENT_3D('',#16138,#16139,#16140);
#16146=PRODUCT_DEFINITION('design','',#16145,#16105);
ENDSEC;
END-ISO-10303-21;
